session,run,position,transit_us,pulse_top_us,pulse_bot_us,v_mmps,V_est_calibrated_uL,V_true_chamber_uL,n_in_run
A_morning_V50,V_50_01,A_morning_V50_mount,13315,4164,7936,700.7432483195645,57.38306712673012,73.81692307692308,65
A_morning_V50,V_50_01,A_morning_V50_mount,13151,3925,8215,711.1007627629077,60.47859271639626,73.81692307692308,65
A_morning_V50,V_50_01,A_morning_V50_mount,13176,3927,8142,709.5065105282331,58.99917395017584,73.81692307692308,65
A_morning_V50,V_50_01,A_morning_V50_mount,13190,4001,8187,708.6161659969674,60.61414140154282,73.81692307692308,65
A_morning_V50,V_50_01,A_morning_V50_mount,13121,3903,8086,713.0212678831643,58.616212704760244,73.81692307692308,65
A_morning_V50,V_50_01,A_morning_V50_mount,13186,3991,8181,708.8703721082967,60.428476179708674,73.81692307692308,65
A_morning_V50,V_50_01,A_morning_V50_mount,13192,4047,8087,708.4891162886598,59.74901174705647,73.81692307692308,65
A_morning_V50,V_50_01,A_morning_V50_mount,13196,3951,8071,708.2351234859049,57.98498810932327,73.81692307692308,65
A_morning_V50,V_50_01,A_morning_V50_mount,13263,4076,8040,704.0017594854105,58.39485206233865,73.81692307692308,65
A_morning_V50,V_50_01,A_morning_V50_mount,13075,3759,8123,715.9818477533461,57.68513999251639,73.81692307692308,65
A_morning_V50,V_50_01,A_morning_V50_mount,13209,3992,8086,707.4106272007721,58.63491867796908,73.81692307692308,65
A_morning_V50,V_50_01,A_morning_V50_mount,13128,3900,8023,712.5724250822669,57.51131939704505,73.81692307692308,65
A_morning_V50,V_50_01,A_morning_V50_mount,13069,3688,8061,716.3694297417553,55.78345045794862,73.81692307692308,65
A_morning_V50,V_50_01,A_morning_V50_mount,13182,3934,8087,709.1247205871643,58.17990866131451,73.81692307692308,65
A_morning_V50,V_50_01,A_morning_V50_mount,13227,4032,8041,706.27148561692,58.28809672063154,73.81692307692308,65
A_morning_V50,V_50_01,A_morning_V50_mount,13169,3860,8056,709.9523379372009,56.79995484698617,73.81692307692308,65
A_morning_V50,V_50_01,A_morning_V50_mount,13186,3974,8064,708.8703721082967,58.37663893060097,73.81692307692308,65
A_morning_V50,V_50_01,A_morning_V50_mount,13156,3859,8081,710.7814648768623,57.35004026175728,73.81692307692308,65
A_morning_V50,V_50_01,A_morning_V50_mount,13192,3946,8058,708.4891162886598,57.774197360728486,73.81692307692308,65
A_morning_V50,V_50_01,A_morning_V50_mount,13153,3969,8047,710.973016715198,58.54175025136645,73.81692307692308,65
A_morning_V50,V_50_01,A_morning_V50_mount,13224,3994,8017,706.4611438838476,57.40349680653069,73.81692307692308,65
A_morning_V50,V_50_01,A_morning_V50_mount,13223,3986,8072,706.5243809464569,58.12228451312405,73.81692307692308,65
A_morning_V50,V_50_01,A_morning_V50_mount,13159,3907,8047,710.5899936693518,57.51535881558135,73.81692307692308,65
A_morning_V50,V_50_01,A_morning_V50_mount,13170,3970,8037,709.888621526196,58.14884287566994,73.81692307692308,65
A_morning_V50,V_50_01,A_morning_V50_mount,13152,3896,8054,711.0368852554745,57.5595265893067,73.81692307692308,65
A_morning_V50,V_50_01,A_morning_V50_mount,13137,3833,8061,711.9959905651974,56.943304856315756,73.81692307692308,65
A_morning_V50,V_50_01,A_morning_V50_mount,13183,3888,8079,709.0611201134037,57.35367737543066,73.81692307692308,65
A_morning_V50,V_50_01,A_morning_V50_mount,13127,3823,8006,712.6365184166223,56.12397624943327,73.81692307692308,65
A_morning_V50,V_50_01,A_morning_V50_mount,13121,3837,8012,713.0212678831643,56.50817567220003,73.81692307692308,65
A_morning_V50,V_50_01,A_morning_V50_mount,13142,3832,8055,711.6760641896211,56.765301395843686,73.81692307692308,65
A_morning_V50,V_50_01,A_morning_V50_mount,13258,4071,8057,704.3163194735255,58.65094639513559,73.81692307692308,65
A_morning_V50,V_50_01,A_morning_V50_mount,13075,3714,7987,715.9818477533461,54.99052020495255,73.81692307692308,65
A_morning_V50,V_50_01,A_morning_V50_mount,13168,3860,8054,710.0160632806804,56.784913378844614,73.81692307692308,65
A_morning_V50,V_50_01,A_morning_V50_mount,13166,3790,8039,710.1435407732038,55.559910037760524,73.81692307692308,65
A_morning_V50,V_50_01,A_morning_V50_mount,13192,3834,7942,708.4891162886598,54.42039748495635,73.81692307692308,65
A_morning_V50,V_50_01,A_morning_V50_mount,13143,3830,8059,711.6121058856424,56.780378200708256,73.81692307692308,65
A_morning_V50,V_50_01,A_morning_V50_mount,13186,3866,8122,708.8703721082967,57.6235333396823,73.81692307692308,65
A_morning_V50,V_50_01,A_morning_V50_mount,13284,3937,8007,702.6829917434508,55.54585364601476,73.81692307692308,65
A_morning_V50,V_50_01,A_morning_V50_mount,13130,3863,8077,712.4442654607768,57.73747727517697,73.81692307692308,65
A_morning_V50,V_50_01,A_morning_V50_mount,13168,3866,8080,710.0160632806804,57.26193547824292,73.81692307692308,65
A_morning_V50,V_50_01,A_morning_V50_mount,13141,3798,8117,711.7400314812419,57.1980925500143,73.81692307692308,65
A_morning_V50,V_50_01,A_morning_V50_mount,13301,4015,8007,701.6182296139389,56.43867015233702,73.81692307692308,65
A_morning_V50,V_50_01,A_morning_V50_mount,13168,3922,8199,710.0160632806804,59.9197479988722,73.81692307692308,65
A_morning_V50,V_50_01,A_morning_V50_mount,13052,3676,8149,717.4693669077535,57.16802556739962,73.81692307692308,65
A_morning_V50,V_50_01,A_morning_V50_mount,13216,4013,8108,706.9672875544794,59.18193751115586,73.81692307692308,65
A_morning_V50,V_50_01,A_morning_V50_mount,13192,3956,8090,708.4891162886598,58.407200315626675,73.81692307692308,65
A_morning_V50,V_50_01,A_morning_V50_mount,13114,3858,8104,713.4705531965839,58.311248749251455,73.81692307692308,65
A_morning_V50,V_50_01,A_morning_V50_mount,13121,3826,8104,713.0212678831643,57.72131943155777,73.81692307692308,65
A_morning_V50,V_50_01,A_morning_V50_mount,13156,3914,8074,710.7814648768623,58.07218663891526,73.81692307692308,65
A_morning_V50,V_50_01,A_morning_V50_mount,13123,3898,8147,712.8929819595367,59.44360995330098,73.81692307692308,65
A_morning_V50,V_50_01,A_morning_V50_mount,13127,3833,8076,712.6365184166223,57.31586485343341,73.81692307692308,65
A_morning_V50,V_50_01,A_morning_V50_mount,13198,3943,8073,708.1081803591453,57.86486636778134,73.81692307692308,65
A_morning_V50,V_50_01,A_morning_V50_mount,13123,3880,8150,712.8929819595367,59.213002799795326,73.81692307692308,65
A_morning_V50,V_50_01,A_morning_V50_mount,13147,3935,8055,711.3563625051343,58.23790001818956,73.81692307692308,65
A_morning_V50,V_50_01,A_morning_V50_mount,13070,3760,8064,716.3048099081867,56.885885724555955,73.81692307692308,65
A_morning_V50,V_50_01,A_morning_V50_mount,13092,3753,8059,714.8854815215398,56.38278192334789,73.81692307692308,65
A_morning_V50,V_50_01,A_morning_V50_mount,13075,3752,8126,715.9818477533461,57.62462554016211,73.81692307692308,65
A_morning_V50,V_50_01,A_morning_V50_mount,13148,3899,8127,711.2924491086096,58.76985641188591,73.81692307692308,65
A_morning_V50,V_50_01,A_morning_V50_mount,13046,3755,8450,717.8582125571056,63.192620584698545,73.81692307692308,65
A_morning_V50,V_50_01,A_morning_V50_mount,13003,3726,8422,720.6546463012381,62.977853366903126,73.81692307692308,65
A_morning_V50,V_50_01,A_morning_V50_mount,13076,3828,8442,715.917282710309,63.74983199686819,73.81692307692308,65
A_morning_V50,V_50_01,A_morning_V50_mount,13118,3951,8435,713.2137645052599,64.9392035267233,73.81692307692308,65
A_morning_V50,V_50_01,A_morning_V50_mount,13092,3870,8448,714.8854815215398,64.26411943312218,73.81692307692308,65
A_morning_V50,V_50_01,A_morning_V50_mount,13110,3824,8323,713.7274866132723,61.234181723388595,73.81692307692308,65
A_morning_V50,V_50_01,A_morning_V50_mount,13064,3772,8446,716.6926660379669,63.10687640241429,73.81692307692308,65
A_morning_V50,V_50_02,A_morning_V50_mount,12816,2971,8225,733.0176698127341,51.30472019019334,39.25250737463127,339
A_morning_V50,V_50_02,A_morning_V50_mount,12927,3347,8241,725.6392474089116,55.45663115227865,39.25250737463127,339
A_morning_V50,V_50_02,A_morning_V50_mount,12827,3237,8370,732.2811949992204,57.22603756597652,39.25250737463127,339
A_morning_V50,V_50_02,A_morning_V50_mount,12906,3328,8295,727.0261490330079,56.289176466905694,39.25250737463127,339
A_morning_V50,V_50_02,A_morning_V50_mount,12825,3127,8228,732.4150124269006,53.476822455326186,39.25250737463127,339
A_morning_V50,V_50_02,A_morning_V50_mount,12914,3296,8276,726.4973131965309,55.40734256137528,39.25250737463127,339
A_morning_V50,V_50_02,A_morning_V50_mount,12979,3454,8257,722.2228959777332,56.534970306070264,39.25250737463127,339
A_morning_V50,V_50_02,A_morning_V50_mount,12829,3181,8230,732.1474162362615,54.24404302189651,39.25250737463127,339
A_morning_V50,V_50_02,A_morning_V50_mount,12962,3372,8230,723.3369894445301,55.15718883255416,39.25250737463127,339
A_morning_V50,V_50_02,A_morning_V50_mount,12862,3261,8227,729.9456328082723,54.911008196480275,39.25250737463127,339
A_morning_V50,V_50_02,A_morning_V50_mount,12889,3279,8281,728.1519431682054,55.59267248975344,39.25250737463127,339
A_morning_V50,V_50_02,A_morning_V50_mount,12942,3402,8264,724.6511543486324,56.404854475874906,39.25250737463127,339
A_morning_V50,V_50_02,A_morning_V50_mount,12830,3183,8295,732.0805413484021,55.22638355456,39.25250737463127,339
A_morning_V50,V_50_02,A_morning_V50_mount,12842,3248,8289,731.2787954820121,55.93711769780496,39.25250737463127,339
A_morning_V50,V_50_02,A_morning_V50_mount,12936,3359,8251,725.0461370686455,55.65353856242356,39.25250737463127,339
A_morning_V50,V_50_02,A_morning_V50_mount,12802,3176,8252,733.9566977331667,54.88584841658032,39.25250737463127,339
A_morning_V50,V_50_02,A_morning_V50_mount,12869,3299,8188,729.4799328071334,54.79503366034552,39.25250737463127,339
A_morning_V50,V_50_02,A_morning_V50_mount,12858,3255,8133,730.2119579701352,53.49395783798355,39.25250737463127,339
A_morning_V50,V_50_02,A_morning_V50_mount,12713,3038,8078,739.97106033627,51.56320205059302,39.25250737463127,339
A_morning_V50,V_50_02,A_morning_V50_mount,12919,3255,8227,726.1670987146837,54.0061764293805,39.25250737463127,339
A_morning_V50,V_50_02,A_morning_V50_mount,12662,3022,8322,743.4528331369452,55.67203188597621,39.25250737463127,339
A_morning_V50,V_50_02,A_morning_V50_mount,12713,3033,8204,739.97106033627,53.32725666463882,39.25250737463127,339
A_morning_V50,V_50_02,A_morning_V50_mount,12910,3313,8086,726.7616552672347,52.925653381090896,39.25250737463127,339
A_morning_V50,V_50_02,A_morning_V50_mount,12840,3215,8145,731.412323364486,53.33849349276097,39.25250737463127,339
A_morning_V50,V_50_02,A_morning_V50_mount,12836,3113,8086,731.679494789654,51.076881160756386,39.25250737463127,339
A_morning_V50,V_50_02,A_morning_V50_mount,12897,3241,8146,727.6218153721796,52.93308983600198,39.25250737463127,339
A_morning_V50,V_50_02,A_morning_V50_mount,12758,3090,8164,736.920363973977,52.94208045825348,39.25250737463127,339
A_morning_V50,V_50_02,A_morning_V50_mount,12772,3108,8090,735.9753255934858,51.93447943105953,39.25250737463127,339
A_morning_V50,V_50_02,A_morning_V50_mount,12891,3230,8214,728.0193540993716,53.84669927871447,39.25250737463127,339
A_morning_V50,V_50_02,A_morning_V50_mount,12897,3253,8083,727.6218153721796,52.199109152260206,39.25250737463127,339
A_morning_V50,V_50_02,A_morning_V50_mount,12856,3184,8067,730.3451781207218,51.545079521807644,39.25250737463127,339
A_morning_V50,V_50_02,A_morning_V50_mount,12845,3183,8091,731.07857589529,52.02413725734081,39.25250737463127,339
A_morning_V50,V_50_02,A_morning_V50_mount,12844,3181,8208,731.1453061289318,53.70643665916557,39.25250737463127,339
A_morning_V50,V_50_02,A_morning_V50_mount,12948,3300,8089,724.2565104170528,52.257471704075726,39.25250737463127,339
A_morning_V50,V_50_02,A_morning_V50_mount,12830,3159,8085,732.0805413484021,51.799618156475155,39.25250737463127,339
A_morning_V50,V_50_02,A_morning_V50_mount,12894,3240,8036,727.8205419125175,51.38516228737068,39.25250737463127,339
A_morning_V50,V_50_02,A_morning_V50_mount,12876,3158,8157,729.0147018266542,52.18656312125463,39.25250737463127,339
A_morning_V50,V_50_02,A_morning_V50_mount,12827,3110,8088,732.2811949992204,51.18421888633689,39.25250737463127,339
A_morning_V50,V_50_02,A_morning_V50_mount,12951,3349,8086,724.05931534978,52.87543545843003,39.25250737463127,339
A_morning_V50,V_50_02,A_morning_V50_mount,12916,3253,8139,726.3651990027872,52.741400006285055,39.25250737463127,339
A_morning_V50,V_50_02,A_morning_V50_mount,12772,3111,8136,735.9753255934858,52.6440810279532,39.25250737463127,339
A_morning_V50,V_50_02,A_morning_V50_mount,12863,3235,8053,729.8790754921091,51.977985594248466,39.25250737463127,339
A_morning_V50,V_50_02,A_morning_V50_mount,12857,3261,8123,730.2785632460916,53.449619423620796,39.25250737463127,339
A_morning_V50,V_50_02,A_morning_V50_mount,12903,3251,8085,727.2246189920949,52.11681464466602,39.25250737463127,339
A_morning_V50,V_50_02,A_morning_V50_mount,12951,3348,8078,724.05931534978,52.746041510898706,39.25250737463127,339
A_morning_V50,V_50_02,A_morning_V50_mount,12908,3242,8073,726.8938831794237,51.74903605403971,39.25250737463127,339
A_morning_V50,V_50_02,A_morning_V50_mount,12930,3318,8132,725.4414590487239,53.38480195656084,39.25250737463127,339
A_morning_V50,V_50_02,A_morning_V50_mount,12840,3216,8071,731.412323364486,52.27981919438615,39.25250737463127,339
A_morning_V50,V_50_02,A_morning_V50_mount,12841,3172,8060,731.3455546059497,51.478232141921715,39.25250737463127,339
A_morning_V50,V_50_02,A_morning_V50_mount,12939,3335,8026,724.8486033306284,51.98135704605157,39.25250737463127,339
A_morning_V50,V_50_02,A_morning_V50_mount,12941,3287,8069,724.7169612622672,51.8829873358587,39.25250737463127,339
A_morning_V50,V_50_02,A_morning_V50_mount,12909,3295,8023,726.827764481757,51.77811120923344,39.25250737463127,339
A_morning_V50,V_50_02,A_morning_V50_mount,12863,3224,8118,729.8790754921091,52.755181012363664,39.25250737463127,339
A_morning_V50,V_50_02,A_morning_V50_mount,12870,3234,8114,729.4134425407925,52.744668865562986,39.25250737463127,339
A_morning_V50,V_50_02,A_morning_V50_mount,12966,3254,7793,723.0746066496993,47.30640381923576,39.25250737463127,339
A_morning_V50,V_50_02,A_morning_V50_mount,12960,3299,8139,723.468237037037,52.793948398510864,39.25250737463127,339
A_morning_V50,V_50_02,A_morning_V50_mount,12838,3181,8004,731.5458897943606,50.85180148741647,39.25250737463127,339
A_morning_V50,V_50_02,A_morning_V50_mount,12960,3334,8061,723.468237037037,52.17879131574457,39.25250737463127,339
A_morning_V50,V_50_02,A_morning_V50_mount,12839,3168,8012,731.4791017598723,50.767769232385746,39.25250737463127,339
A_morning_V50,V_50_02,A_morning_V50_mount,12857,3208,8128,730.2785632460916,52.751785341743286,39.25250737463127,339
A_morning_V50,V_50_02,A_morning_V50_mount,12911,3328,8006,726.6955555336535,51.97879747747979,39.25250737463127,339
A_morning_V50,V_50_02,A_morning_V50_mount,12990,3399,8063,721.5034495381062,52.7237926526175,39.25250737463127,339
A_morning_V50,V_50_02,A_morning_V50_mount,13032,3385,8014,718.7668061141804,51.26145711037469,39.25250737463127,339
A_morning_V50,V_50_02,A_morning_V50_mount,12930,3274,8001,725.4414590487239,50.887196657049515,39.25250737463127,339
A_morning_V50,V_50_02,A_morning_V50_mount,12939,3245,7931,724.8486033306284,49.39369731716963,39.25250737463127,339
A_morning_V50,V_50_02,A_morning_V50_mount,12879,3252,8105,728.815460508968,52.74972537912064,39.25250737463127,339
A_morning_V50,V_50_02,A_morning_V50_mount,12857,3173,8054,730.2785632460916,51.19049165828983,39.25250737463127,339
A_morning_V50,V_50_02,A_morning_V50_mount,12916,3222,7867,726.3651990027872,48.500330576016694,39.25250737463127,339
A_morning_V50,V_50_02,A_morning_V50_mount,12844,3169,8065,731.1453061289318,51.46597265179231,39.25250737463127,339
A_morning_V50,V_50_02,A_morning_V50_mount,12975,3307,8041,722.4847926300578,51.31006304231,39.25250737463127,339
A_morning_V50,V_50_02,A_morning_V50_mount,12943,3271,8002,724.5853568457853,50.68587693947042,39.25250737463127,339
A_morning_V50,V_50_02,A_morning_V50_mount,12904,3255,8006,727.1584528456293,51.038461423149165,39.25250737463127,339
A_morning_V50,V_50_02,A_morning_V50_mount,12903,3251,7946,727.2246189920949,50.155087990885285,39.25250737463127,339
A_morning_V50,V_50_02,A_morning_V50_mount,12900,3170,7880,727.4231744186046,48.17449334971817,39.25250737463127,339
A_morning_V50,V_50_02,A_morning_V50_mount,12859,3180,7909,730.1453622906135,49.233889305328525,39.25250737463127,339
A_morning_V50,V_50_02,A_morning_V50_mount,12976,3302,7939,722.419304463625,49.806943945006246,39.25250737463127,339
A_morning_V50,V_50_02,A_morning_V50_mount,12946,3209,7917,724.3880207801637,48.620457070986525,39.25250737463127,339
A_morning_V50,V_50_02,A_morning_V50_mount,12896,3212,7924,727.6880480397023,49.40140540600027,39.25250737463127,339
A_morning_V50,V_50_02,A_morning_V50_mount,12910,3233,7860,726.7616552672347,48.63140532031798,39.25250737463127,339
A_morning_V50,V_50_02,A_morning_V50_mount,12851,3130,7988,730.6783965524085,49.74001863251857,39.25250737463127,339
A_morning_V50,V_50_02,A_morning_V50_mount,12862,3176,7983,729.9456328082723,50.166587872423996,39.25250737463127,339
A_morning_V50,V_50_02,A_morning_V50_mount,12968,3303,7962,722.9434714127083,50.24363874124649,39.25250737463127,339
A_morning_V50,V_50_02,A_morning_V50_mount,12960,3243,7937,723.468237037037,49.17697922680866,39.25250737463127,339
A_morning_V50,V_50_02,A_morning_V50_mount,12961,3287,7869,723.4026085560528,48.8366576103041,39.25250737463127,339
A_morning_V50,V_50_02,A_morning_V50_mount,12999,3334,7835,720.9156492880221,48.52837345895171,39.25250737463127,339
A_morning_V50,V_50_02,A_morning_V50_mount,12917,3184,7922,726.2991561086166,48.71900993169895,39.25250737463127,339
A_morning_V50,V_50_02,A_morning_V50_mount,12845,3162,7873,731.07857589529,48.67219022930438,39.25250737463127,339
A_morning_V50,V_50_02,A_morning_V50_mount,12915,3252,7929,726.4312513646922,49.775278985256975,39.25250737463127,339
A_morning_V50,V_50_02,A_morning_V50_mount,12919,3257,7853,726.1670987146837,48.747936582716605,39.25250737463127,339
A_morning_V50,V_50_02,A_morning_V50_mount,12774,3068,7918,735.8404769234382,48.914233579998125,39.25250737463127,339
A_morning_V50,V_50_02,A_morning_V50_mount,12902,3215,7940,727.2907946349402,49.585546304460664,39.25250737463127,339
A_morning_V50,V_50_02,A_morning_V50_mount,12903,3173,7939,727.2246189920949,48.98089565522368,39.25250737463127,339
A_morning_V50,V_50_02,A_morning_V50_mount,12921,3228,7778,726.0350791653121,47.31872514026017,39.25250737463127,339
A_morning_V50,V_50_02,A_morning_V50_mount,12934,3238,7869,725.1778733431266,48.51542491376239,39.25250737463127,339
A_morning_V50,V_50_02,A_morning_V50_mount,12832,3088,7874,731.9468205486284,47.842862767341245,39.25250737463127,339
A_morning_V50,V_50_02,A_morning_V50_mount,12931,3254,7841,725.3755484722759,48.39079348783698,39.25250737463127,339
A_morning_V50,V_50_02,A_morning_V50_mount,12879,3178,7544,728.815460508968,44.11359392264664,39.25250737463127,339
A_morning_V50,V_50_02,A_morning_V50_mount,12909,3170,7917,726.827764481757,48.56246592709192,39.25250737463127,339
A_morning_V50,V_50_02,A_morning_V50_mount,12904,3220,7794,727.1584528456293,47.63825316243253,39.25250737463127,339
A_morning_V50,V_50_02,A_morning_V50_mount,12903,3183,7723,727.2246189920949,46.21402247594547,39.25250737463127,339
A_morning_V50,V_50_02,A_morning_V50_mount,12911,3182,7861,726.6955555336535,47.94075100243421,39.25250737463127,339
A_morning_V50,V_50_02,A_morning_V50_mount,12937,3211,7747,724.9802830683312,46.48449708134631,39.25250737463127,339
A_morning_V50,V_50_02,A_morning_V50_mount,12891,3152,7778,728.0193540993716,46.67797190720829,39.25250737463127,339
A_morning_V50,V_50_02,A_morning_V50_mount,12846,3099,7853,731.0118552872489,47.5312921654233,39.25250737463127,339
A_morning_V50,V_50_02,A_morning_V50_mount,12971,3241,7784,722.7468387090432,46.952586954898464,39.25250737463127,339
A_morning_V50,V_50_02,A_morning_V50_mount,12889,3231,7835,728.1519431682054,48.5319581703455,39.25250737463127,339
A_morning_V50,V_50_02,A_morning_V50_mount,12928,3172,7736,725.5733085148514,45.93720152703025,39.25250737463127,339
A_morning_V50,V_50_02,A_morning_V50_mount,12963,3244,7793,723.2713797003008,47.21055704270481,39.25250737463127,339
A_morning_V50,V_50_02,A_morning_V50_mount,12844,3109,7855,731.1453061289318,47.71845569817483,39.25250737463127,339
A_morning_V50,V_50_02,A_morning_V50_mount,12797,3038,7755,734.292526362038,46.0135707284665,39.25250737463127,339
A_morning_V50,V_50_02,A_morning_V50_mount,12856,3155,7914,730.3451781207218,48.997226717433655,39.25250737463127,339
A_morning_V50,V_50_02,A_morning_V50_mount,12951,3255,7961,724.05931534978,49.788460244253166,39.25250737463127,339
A_morning_V50,V_50_02,A_morning_V50_mount,12940,3256,7940,724.7827775888717,49.65602726354969,39.25250737463127,339
A_morning_V50,V_50_02,A_morning_V50_mount,12845,3110,7853,731.07857589529,47.6923395905443,39.25250737463127,339
A_morning_V50,V_50_02,A_morning_V50_mount,12930,3233,7913,725.4414590487239,49.098535494028496,39.25250737463127,339
A_morning_V50,V_50_02,A_morning_V50_mount,12975,3242,7710,722.4847926300578,45.944905231852516,39.25250737463127,339
A_morning_V50,V_50_02,A_morning_V50_mount,12916,3182,7715,726.3651990027872,45.93820375394154,39.25250737463127,339
A_morning_V50,V_50_02,A_morning_V50_mount,12962,3282,7776,723.3369894445301,47.50278702472853,39.25250737463127,339
A_morning_V50,V_50_02,A_morning_V50_mount,12977,3280,7675,722.353825634199,45.959919902718404,39.25250737463127,339
A_morning_V50,V_50_02,A_morning_V50_mount,12857,3158,7715,730.2785632460916,46.33965523484385,39.25250737463127,339
A_morning_V50,V_50_02,A_morning_V50_mount,12918,3209,7781,726.2331226799814,47.1424684574049,39.25250737463127,339
A_morning_V50,V_50_02,A_morning_V50_mount,12878,3158,7814,728.8818647289952,47.39956705320027,39.25250737463127,339
A_morning_V50,V_50_02,A_morning_V50_mount,12855,3163,7907,730.411802596266,49.023916775504205,39.25250737463127,339
A_morning_V50,V_50_02,A_morning_V50_mount,12878,3180,7889,728.8818647289952,48.713818216566885,39.25250737463127,339
A_morning_V50,V_50_02,A_morning_V50_mount,12806,3027,7888,733.6882098563173,47.53439666754153,39.25250737463127,339
A_morning_V50,V_50_02,A_morning_V50_mount,12850,3056,7896,730.7450690661478,47.48111389026782,39.25250737463127,339
A_morning_V50,V_50_02,A_morning_V50_mount,12903,3160,7795,727.2246189920949,46.86213617215197,39.25250737463127,339
A_morning_V50,V_50_02,A_morning_V50_mount,12839,3111,7927,731.4791017598723,48.7905613065521,39.25250737463127,339
A_morning_V50,V_50_02,A_morning_V50_mount,12910,3190,7750,726.7616552672347,46.5771777307825,39.25250737463127,339
A_morning_V50,V_50_02,A_morning_V50_mount,12951,3225,7815,724.05931534978,47.39946353023561,39.25250737463127,339
A_morning_V50,V_50_02,A_morning_V50_mount,12984,3216,7823,721.8957350831794,46.977822173139316,39.25250737463127,339
A_morning_V50,V_50_02,A_morning_V50_mount,12859,3113,7841,730.1453622906135,47.395324051407776,39.25250737463127,339
A_morning_V50,V_50_02,A_morning_V50_mount,12929,3243,7843,725.5073790621858,48.29425232668688,39.25250737463127,339
A_morning_V50,V_50_02,A_morning_V50_mount,12952,3252,7820,723.9936024459543,47.815266702172046,39.25250737463127,339
A_morning_V50,V_50_02,A_morning_V50_mount,12858,3111,7776,730.2119579701352,46.51293631142267,39.25250737463127,339
A_morning_V50,V_50_02,A_morning_V50_mount,13032,3348,7732,718.7668061141804,46.929314457935064,39.25250737463127,339
A_morning_V50,V_50_02,A_morning_V50_mount,12853,3108,7702,730.5450803590602,45.559032975412954,39.25250737463127,339
A_morning_V50,V_50_02,A_morning_V50_mount,12979,3253,7857,722.2228959777332,47.986336012958716,39.25250737463127,339
A_morning_V50,V_50_02,A_morning_V50_mount,12910,3151,7788,726.7616552672347,46.56395174520861,39.25250737463127,339
A_morning_V50,V_50_02,A_morning_V50_mount,12963,3230,7708,723.2713797003008,45.90691349974122,39.25250737463127,339
A_morning_V50,V_50_02,A_morning_V50_mount,12897,3149,7797,727.6218153721796,46.816530669174135,39.25250737463127,339
A_morning_V50,V_50_02,A_morning_V50_mount,12903,3161,7722,727.2246189920949,45.9119460431825,39.25250737463127,339
A_morning_V50,V_50_02,A_morning_V50_mount,12969,3272,7760,722.8779178267407,47.06998605649845,39.25250737463127,339
A_morning_V50,V_50_02,A_morning_V50_mount,13003,3330,7716,720.6546463012381,46.83688014742163,39.25250737463127,339
A_morning_V50,V_50_02,A_morning_V50_mount,13023,3285,7645,719.351855582815,45.08838537514648,39.25250737463127,339
A_morning_V50,V_50_02,A_morning_V50_mount,13004,3200,7649,720.5894187573053,44.27780973482139,39.25250737463127,339
A_morning_V50,V_50_02,A_morning_V50_mount,13010,3307,7758,720.1982482321292,47.00162330581646,39.25250737463127,339
A_morning_V50,V_50_02,A_morning_V50_mount,12919,3186,7781,726.1670987146837,46.82426505951188,39.25250737463127,339
A_morning_V50,V_50_02,A_morning_V50_mount,12975,3232,7651,722.4847926300578,45.051440536162254,39.25250737463127,339
A_morning_V50,V_50_02,A_morning_V50_mount,12960,3222,7715,723.468237037037,45.930016572122454,39.25250737463127,339
A_morning_V50,V_50_02,A_morning_V50_mount,12997,3282,7678,721.046206498038,45.784579049621335,39.25250737463127,339
A_morning_V50,V_50_02,A_morning_V50_mount,12918,3176,7775,726.2331226799814,46.62459951271838,39.25250737463127,339
A_morning_V50,V_50_02,A_morning_V50_mount,12903,3168,7730,727.2246189920949,46.10879764971708,39.25250737463127,339
A_morning_V50,V_50_02,A_morning_V50_mount,12997,3278,7797,721.046206498038,47.294428667114815,39.25250737463127,339
A_morning_V50,V_50_02,A_morning_V50_mount,12942,3220,7756,724.6511543486324,46.660845469073614,39.25250737463127,339
A_morning_V50,V_50_02,A_morning_V50_mount,12922,3184,7705,725.9690835768456,45.76123206438311,39.25250737463127,339
A_morning_V50,V_50_02,A_morning_V50_mount,12949,3165,7708,724.1907693331531,45.2305509866676,39.25250737463127,339
A_morning_V50,V_50_02,A_morning_V50_mount,13077,3225,7577,715.8527267916952,42.85895641193651,39.25250737463127,339
A_morning_V50,V_50_02,A_morning_V50_mount,12963,3215,7694,723.2713797003008,45.52978717490468,39.25250737463127,339
A_morning_V50,V_50_02,A_morning_V50_mount,12952,3256,7682,723.9936024459543,46.03964416551823,39.25250737463127,339
A_morning_V50,V_50_02,A_morning_V50_mount,13034,3312,7650,718.6368965643701,45.36926520382831,39.25250737463127,339
A_morning_V50,V_50_02,A_morning_V50_mount,12917,3182,7709,726.2991561086166,45.84761076853338,39.25250737463127,339
A_morning_V50,V_50_02,A_morning_V50_mount,12900,3109,7722,727.4231744186046,45.26976276644459,39.25250737463127,339
A_morning_V50,V_50_02,A_morning_V50_mount,13001,3202,7645,720.7851292281364,44.2872370532746,39.25250737463127,339
A_morning_V50,V_50_02,A_morning_V50_mount,13038,3251,7525,718.3771880027612,42.97475689707111,39.25250737463127,339
A_morning_V50,V_50_02,A_morning_V50_mount,12981,3280,7636,722.0920036434019,45.405756551313644,39.25250737463127,339
A_morning_V50,V_50_02,A_morning_V50_mount,12969,3231,7646,722.8779178267407,45.045156863707184,39.25250737463127,339
A_morning_V50,V_50_02,A_morning_V50_mount,12996,3228,7677,721.1114990397045,45.086168843005176,39.25250737463127,339
A_morning_V50,V_50_02,A_morning_V50_mount,13006,3209,7572,720.4589914977702,43.398609575178895,39.25250737463127,339
A_morning_V50,V_50_02,A_morning_V50_mount,12912,3151,7632,726.6294652788104,44.50875744345978,39.25250737463127,339
A_morning_V50,V_50_02,A_morning_V50_mount,12928,3184,7626,725.5733085148514,44.667323560623615,39.25250737463127,339
A_morning_V50,V_50_02,A_morning_V50_mount,13022,3293,7781,719.4169072323759,46.972946111428826,39.25250737463127,339
A_morning_V50,V_50_02,A_morning_V50_mount,12951,3182,7711,724.05931534978,45.465631763298575,39.25250737463127,339
A_morning_V50,V_50_02,A_morning_V50_mount,13088,3341,7580,715.1432133007335,44.21636593446986,39.25250737463127,339
A_morning_V50,V_50_02,A_morning_V50_mount,12929,3179,7645,725.5073790621858,44.835443011193284,39.25250737463127,339
A_morning_V50,V_50_02,A_morning_V50_mount,12998,3249,7695,720.9809232481921,45.56524653885469,39.25250737463127,339
A_morning_V50,V_50_02,A_morning_V50_mount,12941,3176,7752,724.7169612622672,46.04180812352137,39.25250737463127,339
A_morning_V50,V_50_02,A_morning_V50_mount,12974,3254,7723,722.5502901356559,46.28374720613278,39.25250737463127,339
A_morning_V50,V_50_02,A_morning_V50_mount,13004,3176,7653,720.5894187573053,44.02471287348713,39.25250737463127,339
A_morning_V50,V_50_02,A_morning_V50_mount,12918,3183,7636,726.2331226799814,44.900890131822244,39.25250737463127,339
A_morning_V50,V_50_02,A_morning_V50_mount,12965,3104,7502,723.1401883050521,41.694235659383416,39.25250737463127,339
A_morning_V50,V_50_02,A_morning_V50_mount,12969,3221,7642,722.8779178267407,44.86527909854926,39.25250737463127,339
A_morning_V50,V_50_02,A_morning_V50_mount,12973,3169,7654,722.6157969825791,44.307545388765284,39.25250737463127,339
A_morning_V50,V_50_02,A_morning_V50_mount,13010,3276,7722,720.1982482321292,46.1225436651919,39.25250737463127,339
A_morning_V50,V_50_02,A_morning_V50_mount,12975,3184,7577,722.4847926300578,43.50110015656986,39.25250737463127,339
A_morning_V50,V_50_02,A_morning_V50_mount,13020,3275,7693,719.5470382488479,45.61313985435788,39.25250737463127,339
A_morning_V50,V_50_02,A_morning_V50_mount,12806,3111,8256,733.6882098563173,53.92277025408988,39.25250737463127,339
A_morning_V50,V_50_02,A_morning_V50_mount,12784,3142,8276,735.1668204255319,54.99781423439208,39.25250737463127,339
A_morning_V50,V_50_02,A_morning_V50_mount,12878,3234,8256,728.8818647289952,54.70981157024084,39.25250737463127,339
A_morning_V50,V_50_02,A_morning_V50_mount,12805,3101,8256,733.7553172491214,53.78960323801884,39.25250737463127,339
A_morning_V50,V_50_02,A_morning_V50_mount,12832,3158,8224,731.9468205486284,53.77381709127214,39.25250737463127,339
A_morning_V50,V_50_02,A_morning_V50_mount,12891,3220,8286,728.0193540993716,54.75964735147445,39.25250737463127,339
A_morning_V50,V_50_02,A_morning_V50_mount,12916,3243,8271,726.3651990027872,54.51890246320761,39.25250737463127,339
A_morning_V50,V_50_02,A_morning_V50_mount,12901,3180,8179,727.3569797763739,52.4740217905006,39.25250737463127,339
A_morning_V50,V_50_02,A_morning_V50_mount,12948,3196,8143,724.2565104170528,51.54700798633384,39.25250737463127,339
A_morning_V50,V_50_02,A_morning_V50_mount,12930,3258,8204,725.4414590487239,53.559100352709955,39.25250737463127,339
A_morning_V50,V_50_02,A_morning_V50_mount,12912,3252,8141,726.6294652788104,52.81127223012006,39.25250737463127,339
A_morning_V50,V_50_02,A_morning_V50_mount,12852,3140,8200,730.6117336507937,52.87935492946521,39.25250737463127,339
A_morning_V50,V_50_02,A_morning_V50_mount,12857,3129,8215,730.2785632460916,52.867652179311264,39.25250737463127,339
A_morning_V50,V_50_02,A_morning_V50_mount,12831,3107,8164,732.0136761199439,52.17353773498922,39.25250737463127,339
A_morning_V50,V_50_02,A_morning_V50_mount,12917,3251,8211,726.2991561086166,53.742192381579684,39.25250737463127,339
A_morning_V50,V_50_02,A_morning_V50_mount,12878,3179,8183,728.8818647289952,52.83590214201706,39.25250737463127,339
A_morning_V50,V_50_02,A_morning_V50_mount,12935,3250,8142,725.1120004928489,52.47896329496504,39.25250737463127,339
A_morning_V50,V_50_02,A_morning_V50_mount,12771,3037,8080,736.0427646147522,50.78942103938003,39.25250737463127,339
A_morning_V50,V_50_02,A_morning_V50_mount,12899,3167,8154,727.4893785638421,51.957237936774554,39.25250737463127,339
A_morning_V50,V_50_02,A_morning_V50_mount,12936,3217,8156,725.0461370686455,52.19343115751337,39.25250737463127,339
A_morning_V50,V_50_02,A_morning_V50_mount,12826,3076,8221,732.3480988788399,52.61808941421358,39.25250737463127,339
A_morning_V50,V_50_02,A_morning_V50_mount,12942,3267,8176,724.6511543486324,53.11582798016043,39.25250737463127,339
A_morning_V50,V_50_02,A_morning_V50_mount,12924,3225,8121,725.8371207613742,51.97237929691258,39.25250737463127,339
A_morning_V50,V_50_02,A_morning_V50_mount,12909,3172,8140,726.827764481757,51.692783354621454,39.25250737463127,339
A_morning_V50,V_50_02,A_morning_V50_mount,12981,3324,8143,722.0920036434019,52.91986322916975,39.25250737463127,339
A_morning_V50,V_50_02,A_morning_V50_mount,12878,3157,8178,728.8818647289952,52.446357955577184,39.25250737463127,339
A_morning_V50,V_50_02,A_morning_V50_mount,12926,3239,8131,725.7051957465573,52.28767601440346,39.25250737463127,339
A_morning_V50,V_50_02,A_morning_V50_mount,12786,3066,8203,735.0322063679024,52.768835206702654,39.25250737463127,339
A_morning_V50,V_50_02,A_morning_V50_mount,12805,3027,8130,733.7553172491214,50.89913408920859,39.25250737463127,339
A_morning_V50,V_50_02,A_morning_V50_mount,12903,3181,8152,727.2246189920949,52.07392608415238,39.25250737463127,339
A_morning_V50,V_50_02,A_morning_V50_mount,12994,3214,8079,721.2421120070803,50.28961130016919,39.25250737463127,339
A_morning_V50,V_50_02,A_morning_V50_mount,12925,3257,8084,725.7711535299807,51.887538363505364,39.25250737463127,339
A_morning_V50,V_50_02,A_morning_V50_mount,12869,3120,8226,729.4799328071334,52.72964933962459,39.25250737463127,339
A_morning_V50,V_50_02,A_morning_V50_mount,12798,3040,8192,734.2253411767464,52.06649600723804,39.25250737463127,339
A_morning_V50,V_50_02,A_morning_V50_mount,12780,3012,8204,735.4361657276995,52.08387994660562,39.25250737463127,339
A_morning_V50,V_50_02,A_morning_V50_mount,12877,3136,8224,728.9482785008154,52.820883505468935,39.25250737463127,339
A_morning_V50,V_50_02,A_morning_V50_mount,12921,3199,8102,726.0350791653121,51.37434615512824,39.25250737463127,339
A_morning_V50,V_50_02,A_morning_V50_mount,12929,3227,8169,725.5073790621858,52.61910832718545,39.25250737463127,339
A_morning_V50,V_50_02,A_morning_V50_mount,12869,3110,8114,729.4799328071334,50.986436533670066,39.25250737463127,339
A_morning_V50,V_50_02,A_morning_V50_mount,12870,3167,8121,729.4134425407925,51.88220032034206,39.25250737463127,339
A_morning_V50,V_50_02,A_morning_V50_mount,12904,3168,8157,727.1584528456293,51.94601593985524,39.25250737463127,339
A_morning_V50,V_50_02,A_morning_V50_mount,12804,3040,8185,733.8224343580131,51.88328322695967,39.25250737463127,339
A_morning_V50,V_50_02,A_morning_V50_mount,12784,2965,8194,735.1668204255319,51.21135716707304,39.25250737463127,339
A_morning_V50,V_50_02,A_morning_V50_mount,12830,3038,8151,732.0805413484021,51.01601169894437,39.25250737463127,339
A_morning_V50,V_50_02,A_morning_V50_mount,12970,3282,8123,722.8123735929067,52.18452710326716,39.25250737463127,339
A_morning_V50,V_50_02,A_morning_V50_mount,12858,3111,8054,730.2119579701352,50.30351410933266,39.25250737463127,339
A_morning_V50,V_50_02,A_morning_V50_mount,12935,3169,8059,725.1120004928489,50.16449730895591,39.25250737463127,339
A_morning_V50,V_50_02,A_morning_V50_mount,12869,3109,8114,729.4799328071334,50.972314455889425,39.25250737463127,339
A_morning_V50,V_50_02,A_morning_V50_mount,12907,3174,8069,726.9600113624389,50.74514688302221,39.25250737463127,339
A_morning_V50,V_50_02,A_morning_V50_mount,13000,3215,8079,720.8503846153847,50.224574962255375,39.25250737463127,339
A_morning_V50,V_50_02,A_morning_V50_mount,13000,3317,8150,720.8503846153847,52.65754786763152,39.25250737463127,339
A_morning_V50,V_50_02,A_morning_V50_mount,12850,3110,8134,730.7450690661478,51.526907725286186,39.25250737463127,339
A_morning_V50,V_50_02,A_morning_V50_mount,12909,3224,8076,726.827764481757,51.52241858414125,39.25250737463127,339
A_morning_V50,V_50_02,A_morning_V50_mount,12915,3208,8058,726.4312513646922,50.96138670917552,39.25250737463127,339
A_morning_V50,V_50_02,A_morning_V50_mount,12926,3169,8066,725.7051957465573,50.38075043352575,39.25250737463127,339
A_morning_V50,V_50_02,A_morning_V50_mount,12841,3102,8138,731.3455546059497,51.592308043142296,39.25250737463127,339
A_morning_V50,V_50_02,A_morning_V50_mount,12879,3113,8110,728.815460508968,50.83820702144172,39.25250737463127,339
A_morning_V50,V_50_02,A_morning_V50_mount,12915,3159,8118,726.4312513646922,51.11629279902397,39.25250737463127,339
A_morning_V50,V_50_02,A_morning_V50_mount,12911,3182,8086,726.6955555336535,51.04316244752981,39.25250737463127,339
A_morning_V50,V_50_02,A_morning_V50_mount,12911,3170,8037,726.6955555336535,50.18879339848442,39.25250737463127,339
A_morning_V50,V_50_02,A_morning_V50_mount,12943,3151,8147,724.5853568457853,51.03631923694592,39.25250737463127,339
A_morning_V50,V_50_02,A_morning_V50_mount,12961,3172,8080,723.4026085560528,50.1554473562506,39.25250737463127,339
A_morning_V50,V_50_02,A_morning_V50_mount,12864,3110,8116,729.812527761194,51.08195861293174,39.25250737463127,339
A_morning_V50,V_50_02,A_morning_V50_mount,12857,3111,8128,730.2785632460916,51.36079572065303,39.25250737463127,339
A_morning_V50,V_50_02,A_morning_V50_mount,12906,3143,8077,727.0261490330079,50.436304038391135,39.25250737463127,339
A_morning_V50,V_50_02,A_morning_V50_mount,12852,3087,8064,730.6117336507937,50.18707798262301,39.25250737463127,339
A_morning_V50,V_50_02,A_morning_V50_mount,12885,3119,8127,728.4172356519209,51.08208563548735,39.25250737463127,339
A_morning_V50,V_50_02,A_morning_V50_mount,13012,3260,8012,720.0679321918229,49.76445372645112,39.25250737463127,339
A_morning_V50,V_50_02,A_morning_V50_mount,12851,3083,8064,730.6783965524085,50.14437116757805,39.25250737463127,339
A_morning_V50,V_50_02,A_morning_V50_mount,12925,3182,8011,725.7711535299807,49.81049210822408,39.25250737463127,339
A_morning_V50,V_50_02,A_morning_V50_mount,12905,3172,8078,727.0922961933359,50.87020515416322,39.25250737463127,339
A_morning_V50,V_50_02,A_morning_V50_mount,12945,3222,8081,724.4537900637312,51.079799004487896,39.25250737463127,339
A_morning_V50,V_50_02,A_morning_V50_mount,12964,3238,8004,723.205779321197,49.97762379407793,39.25250737463127,339
A_morning_V50,V_50_02,A_morning_V50_mount,12907,3184,8077,726.9600113624389,50.9982157689167,39.25250737463127,339
A_morning_V50,V_50_02,A_morning_V50_mount,12850,3039,8064,730.7450690661478,49.54482791610011,39.25250737463127,339
A_morning_V50,V_50_02,A_morning_V50_mount,12919,3107,8036,726.1670987146837,49.19946743121478,39.25250737463127,339
A_morning_V50,V_50_02,A_morning_V50_mount,12946,3202,8062,724.3880207801637,50.52034331791948,39.25250737463127,339
A_morning_V50,V_50_02,A_morning_V50_mount,12977,3243,8031,722.353825634199,50.24999108581154,39.25250737463127,339
A_morning_V50,V_50_02,A_morning_V50_mount,12902,3129,7961,727.2907946349402,48.69291404544793,39.25250737463127,339
A_morning_V50,V_50_02,A_morning_V50_mount,12942,3209,8069,724.6511543486324,50.769151979431356,39.25250737463127,339
A_morning_V50,V_50_02,A_morning_V50_mount,12951,3097,8012,724.05931534978,48.32641720018816,39.25250737463127,339
A_morning_V50,V_50_02,A_morning_V50_mount,12846,3039,8071,731.0118552872489,49.694403080969025,39.25250737463127,339
A_morning_V50,V_50_02,A_morning_V50_mount,12906,3163,8074,727.0261490330079,50.67430664039224,39.25250737463127,339
A_morning_V50,V_50_02,A_morning_V50_mount,12905,3177,8078,727.0922961933359,50.94054529279711,39.25250737463127,339
A_morning_V50,V_50_02,A_morning_V50_mount,13018,3317,8001,719.6772062359809,50.320045116458594,39.25250737463127,339
A_morning_V50,V_50_02,A_morning_V50_mount,12904,3164,8083,727.1584528456293,50.84140151563425,39.25250737463127,339
A_morning_V50,V_50_02,A_morning_V50_mount,13039,3232,7941,718.3122838787483,48.07715480661487,39.25250737463127,339
A_morning_V50,V_50_02,A_morning_V50_mount,12967,3193,8032,723.009034352973,49.70385392590079,39.25250737463127,339
A_morning_V50,V_50_02,A_morning_V50_mount,12879,3109,8032,728.815460508968,49.69233294825606,39.25250737463127,339
A_morning_V50,V_50_02,A_morning_V50_mount,12966,3219,8071,723.0746066496993,50.61780877222527,39.25250737463127,339
A_morning_V50,V_50_02,A_morning_V50_mount,12935,3185,8007,725.1120004928489,49.66603754609193,39.25250737463127,339
A_morning_V50,V_50_02,A_morning_V50_mount,12942,3181,7993,724.6511543486324,49.327356386805,39.25250737463127,339
A_morning_V50,V_50_02,A_morning_V50_mount,12897,3107,8011,727.6218153721796,49.140679398460406,39.25250737463127,339
A_morning_V50,V_50_02,A_morning_V50_mount,12837,3040,8008,731.6126874702034,48.95388736493109,39.25250737463127,339
A_morning_V50,V_50_02,A_morning_V50_mount,12890,3106,8042,728.085643871218,49.645423208714156,39.25250737463127,339
A_morning_V50,V_50_02,A_morning_V50_mount,12807,3012,8033,733.6211121773249,49.302068059686206,39.25250737463127,339
A_morning_V50,V_50_02,A_morning_V50_mount,12858,3111,7933,730.2119579701352,48.628502119926054,39.25250737463127,339
A_morning_V50,V_50_02,A_morning_V50_mount,12941,3183,7971,724.7169612622672,49.066241276240056,39.25250737463127,339
A_morning_V50,V_50_02,A_morning_V50_mount,12857,3037,8055,730.2785632460916,49.3012990699627,39.25250737463127,339
A_morning_V50,V_50_02,A_morning_V50_mount,12905,3167,8079,727.0922961933359,50.81398127326803,39.25250737463127,339
A_morning_V50,V_50_02,A_morning_V50_mount,12898,3104,7962,727.5555922142968,48.41709162697682,39.25250737463127,339
A_morning_V50,V_50_02,A_morning_V50_mount,12911,3151,8006,726.6955555336535,49.4958834605029,39.25250737463127,339
A_morning_V50,V_50_02,A_morning_V50_mount,12902,3183,8013,727.2907946349402,50.154353654089654,39.25250737463127,339
A_morning_V50,V_50_02,A_morning_V50_mount,12784,2965,8123,735.1668204255319,50.205645152024466,39.25250737463127,339
A_morning_V50,V_50_02,A_morning_V50_mount,13039,3186,7935,718.3122838787483,47.384690642482774,39.25250737463127,339
A_morning_V50,V_50_02,A_morning_V50_mount,12976,3185,8005,722.419304463625,49.1075206270358,39.25250737463127,339
A_morning_V50,V_50_02,A_morning_V50_mount,12924,3215,8059,725.8371207613742,50.95338693283903,39.25250737463127,339
A_morning_V50,V_50_02,A_morning_V50_mount,12964,3257,8045,723.205779321197,50.81197851967278,39.25250737463127,339
A_morning_V50,V_50_02,A_morning_V50_mount,13048,3329,7748,717.7285606131207,46.694295931222385,39.25250737463127,339
A_morning_V50,V_50_02,A_morning_V50_mount,13040,3373,8064,718.2473889570553,51.68721874253492,39.25250737463127,339
A_morning_V50,V_50_02,A_morning_V50_mount,12925,3183,7992,725.7711535299807,49.56185521158614,39.25250737463127,339
A_morning_V50,V_50_02,A_morning_V50_mount,12952,3207,7990,723.9936024459543,49.51365852999102,39.25250737463127,339
A_morning_V50,V_50_02,A_morning_V50_mount,12988,3222,8032,721.6341741361256,49.82950579261357,39.25250737463127,339
A_morning_V50,V_50_02,A_morning_V50_mount,13025,3347,7988,719.2217799904031,50.46323996609281,39.25250737463127,339
A_morning_V50,V_50_02,A_morning_V50_mount,13002,3283,8007,720.7198831241348,50.143021995327025,39.25250737463127,339
A_morning_V50,V_50_02,A_morning_V50_mount,13004,3272,8000,720.5894187573053,49.86864991490203,39.25250737463127,339
A_morning_V50,V_50_02,A_morning_V50_mount,13007,3283,8002,720.3937917778887,50.00854338141892,39.25250737463127,339
A_morning_V50,V_50_02,A_morning_V50_mount,13004,3278,8010,720.5894187573053,50.0891888456406,39.25250737463127,339
A_morning_V50,V_50_02,A_morning_V50_mount,12971,3254,7942,722.7468387090432,49.253935633961504,39.25250737463127,339
A_morning_V50,V_50_02,A_morning_V50_mount,13023,3252,7943,719.351855582815,48.57477804564427,39.25250737463127,339
A_morning_V50,V_50_02,A_morning_V50_mount,12965,3211,7935,723.1401883050521,48.64962183360981,39.25250737463127,339
A_morning_V50,V_50_02,A_morning_V50_mount,13010,3280,8000,720.1982482321292,49.90049295938935,39.25250737463127,339
A_morning_V50,V_50_02,A_morning_V50_mount,12912,3177,7995,726.6294652788104,49.68999249736753,39.25250737463127,339
A_morning_V50,V_50_02,A_morning_V50_mount,13012,3309,8000,720.0679321918229,50.27441450795373,39.25250737463127,339
A_morning_V50,V_50_02,A_morning_V50_mount,12929,3183,7986,725.5073790621858,49.42719881351565,39.25250737463127,339
A_morning_V50,V_50_02,A_morning_V50_mount,13027,3333,7982,719.091741326092,50.16049864758777,39.25250737463127,339
A_morning_V50,V_50_02,A_morning_V50_mount,12942,3256,8018,724.6511543486324,50.7131678973774,39.25250737463127,339
A_morning_V50,V_50_02,A_morning_V50_mount,12842,3111,7997,731.2787954820121,49.719079618391355,39.25250737463127,339
A_morning_V50,V_50_02,A_morning_V50_mount,12937,3173,7980,724.9802830683312,49.10410792852859,39.25250737463127,339
A_morning_V50,V_50_02,A_morning_V50_mount,12925,3181,7935,725.7711535299807,48.75287648561618,39.25250737463127,339
A_morning_V50,V_50_02,A_morning_V50_mount,12946,3142,8063,724.3880207801637,49.70192776665164,39.25250737463127,339
A_morning_V50,V_50_02,A_morning_V50_mount,12989,3241,8079,721.5688071826161,50.73094154283444,39.25250737463127,339
A_morning_V50,V_50_02,A_morning_V50_mount,12862,3037,8063,729.9456328082723,49.346767025527136,39.25250737463127,339
A_morning_V50,V_50_02,A_morning_V50_mount,13045,3281,8056,717.9230523093139,50.22806841876487,39.25250737463127,339
A_morning_V50,V_50_02,A_morning_V50_mount,13037,3222,7935,718.442101331211,47.88835347684829,39.25250737463127,339
A_morning_V50,V_50_02,A_morning_V50_mount,12864,3076,7980,729.812527761194,48.71571381350289,39.25250737463127,339
A_morning_V50,V_50_02,A_morning_V50_mount,12948,3178,8033,724.2565104170528,49.758617236701774,39.25250737463127,339
A_morning_V50,V_50_02,A_morning_V50_mount,12996,3277,8066,721.1114990397045,50.95891756447617,39.25250737463127,339
A_morning_V50,V_50_02,A_morning_V50_mount,12956,3198,8068,723.7308446989812,50.41584380155882,39.25250737463127,339
A_morning_V50,V_50_02,A_morning_V50_mount,12987,3175,8003,721.6995504007855,48.80313366845831,39.25250737463127,339
A_morning_V50,V_50_02,A_morning_V50_mount,12978,3183,8010,722.2883561396208,49.122730954483885,39.25250737463127,339
A_morning_V50,V_50_02,A_morning_V50_mount,12945,3132,8032,724.4537900637312,49.15150935729945,39.25250737463127,339
A_morning_V50,V_50_02,A_morning_V50_mount,12977,3237,8017,722.353825634199,49.97322979996738,39.25250737463127,339
A_morning_V50,V_50_02,A_morning_V50_mount,12902,3060,7958,727.2907946349402,47.717147070737305,39.25250737463127,339
A_morning_V50,V_50_02,A_morning_V50_mount,12901,3098,8001,727.3569797763739,48.82869075357796,39.25250737463127,339
A_morning_V50,V_50_02,A_morning_V50_mount,12877,3101,8038,728.9482785008154,49.69078533065974,39.25250737463127,339
A_morning_V50,V_50_02,A_morning_V50_mount,12942,3174,8048,724.6511543486324,49.989242817542156,39.25250737463127,339
A_morning_V50,V_50_02,A_morning_V50_mount,12917,3155,8000,726.2991561086166,49.390330817319715,39.25250737463127,339
A_morning_V50,V_50_02,A_morning_V50_mount,13137,3284,7814,711.9959905651974,45.89409159986487,39.25250737463127,339
A_morning_V50,V_50_02,A_morning_V50_mount,12919,3150,7945,726.1670987146837,48.54364263788806,39.25250737463127,339
A_morning_V50,V_50_02,A_morning_V50_mount,12984,3252,8013,721.8957350831794,50.033524133059515,39.25250737463127,339
A_morning_V50,V_50_02,A_morning_V50_mount,12987,3245,7995,721.6995504007855,49.649943576497,39.25250737463127,339
A_morning_V50,V_50_02,A_morning_V50_mount,12936,3182,8047,725.0461370686455,50.16522046216009,39.25250737463127,339
A_morning_V50,V_50_03,A_morning_V50_mount,10209,3239,5852,949.0432799191889,57.234744900084245,59.32222222222221,180
A_morning_V50,V_50_03,A_morning_V50_mount,10083,3138,5866,962.1465743781612,57.85050226724415,59.32222222222221,180
A_morning_V50,V_50_03,A_morning_V50_mount,10097,3160,5880,960.6752648167771,58.30071648161201,59.32222222222221,180
A_morning_V50,V_50_03,A_morning_V50_mount,10094,3141,5882,960.9902178937983,58.02079336325443,59.32222222222221,180
A_morning_V50,V_50_03,A_morning_V50_mount,10107,3106,5835,959.6267084847135,56.1841624129671,59.32222222222221,180
A_morning_V50,V_50_03,A_morning_V50_mount,10006,3123,5858,970.3089369798121,58.83844177190362,59.32222222222221,180
A_morning_V50,V_50_03,A_morning_V50_mount,10056,3124,5807,964.9951290692125,56.91542296984557,59.32222222222221,180
A_morning_V50,V_50_03,A_morning_V50_mount,10068,3062,5849,963.7273062455304,56.30790388468539,59.32222222222221,180
A_morning_V50,V_50_03,A_morning_V50_mount,10093,3058,5812,961.0952419156841,55.07360507813511,59.32222222222221,180
A_morning_V50,V_50_03,A_morning_V50_mount,10129,3072,5757,957.3268314636193,53.67453664303436,59.32222222222221,180
A_morning_V50,V_50_03,A_morning_V50_mount,10076,3067,5797,962.8836908217546,55.26002351117162,59.32222222222221,180
A_morning_V50,V_50_03,A_morning_V50_mount,10103,3138,5838,960.0458935816094,56.93434596750945,59.32222222222221,180
A_morning_V50,V_50_03,A_morning_V50_mount,10037,3057,5897,967.0084273243997,57.71789616171227,59.32222222222221,180
A_morning_V50,V_50_03,A_morning_V50_mount,9966,3052,5810,974.5966014268513,57.21607654414899,59.32222222222221,180
A_morning_V50,V_50_03,A_morning_V50_mount,10122,3123,5777,958.057576959099,55.132473177320875,59.32222222222221,180
A_morning_V50,V_50_03,A_morning_V50_mount,10111,3192,5816,959.207839530709,57.41202054571143,59.32222222222221,180
A_morning_V50,V_50_03,A_morning_V50_mount,10093,3109,5848,961.0952419156841,56.74703600729684,59.32222222222221,180
A_morning_V50,V_50_03,A_morning_V50_mount,10134,3105,5799,956.8054594256957,54.99713328796025,59.32222222222221,180
A_morning_V50,V_50_03,A_morning_V50_mount,10020,3007,5814,968.8159718562874,55.4322874023624,59.32222222222221,180
A_morning_V50,V_50_03,A_morning_V50_mount,10089,3098,5846,961.5155364748737,56.5673071070751,59.32222222222221,180
A_morning_V50,V_50_03,A_morning_V50_mount,10040,3066,5837,966.6900549800795,56.660969740267774,59.32222222222221,180
A_morning_V50,V_50_03,A_morning_V50_mount,10068,3100,5871,963.7273062455304,57.478722771308234,59.32222222222221,180
A_morning_V50,V_50_03,A_morning_V50_mount,10045,3014,5822,966.1598374688899,55.27468548673418,59.32222222222221,180
A_morning_V50,V_50_03,A_morning_V50_mount,10039,3121,5824,966.7961589296742,57.503131462168135,59.32222222222221,180
A_morning_V50,V_50_03,A_morning_V50_mount,10077,3122,5829,962.778328694552,56.92190194437337,59.32222222222221,180
A_morning_V50,V_50_03,A_morning_V50_mount,10039,3123,5823,966.7961589296742,57.522847229691756,59.32222222222221,180
A_morning_V50,V_50_03,A_morning_V50_mount,10072,3084,5852,963.3053388085783,56.72084042525955,59.32222222222221,180
A_morning_V50,V_50_03,A_morning_V50_mount,10037,3121,5826,967.0084273243997,57.57963631452084,59.32222222222221,180
A_morning_V50,V_50_03,A_morning_V50_mount,10093,3137,5880,961.0952419156841,57.92108342836148,59.32222222222221,180
A_morning_V50,V_50_03,A_morning_V50_mount,10168,3265,5837,953.273088245476,58.201280522178116,59.32222222222221,180
A_morning_V50,V_50_03,A_morning_V50_mount,10207,3160,5793,949.248861139904,54.64523596704224,59.32222222222221,180
A_morning_V50,V_50_03,A_morning_V50_mount,10196,3185,5826,950.3809307100822,55.93374619725484,59.32222222222221,180
A_morning_V50,V_50_03,A_morning_V50_mount,10093,3087,5846,961.0952419156841,56.2819907552932,59.32222222222221,180
A_morning_V50,V_50_03,A_morning_V50_mount,10019,3075,5897,968.9224802170875,58.412289602437255,59.32222222222221,180
A_morning_V50,V_50_03,A_morning_V50_mount,10092,3098,5854,961.2002857788347,56.66809857717041,59.32222222222221,180
A_morning_V50,V_50_03,A_morning_V50_mount,10077,3124,5825,962.778328694552,56.88290477860902,59.32222222222221,180
A_morning_V50,V_50_03,A_morning_V50_mount,10021,3038,5851,968.7094837735754,56.73451513414771,59.32222222222221,180
A_morning_V50,V_50_03,A_morning_V50_mount,10039,3123,5881,966.7961589296742,58.67425422995432,59.32222222222221,180
A_morning_V50,V_50_03,A_morning_V50_mount,10092,3086,5831,961.2002857788347,55.99135307644987,59.32222222222221,180
A_morning_V50,V_50_03,A_morning_V50_mount,10090,3098,5828,961.4104330525272,56.20087017827882,59.32222222222221,180
A_morning_V50,V_50_03,A_morning_V50_mount,10209,3200,5835,949.0432799191889,56.15973087848488,59.32222222222221,180
A_morning_V50,V_50_03,A_morning_V50_mount,10051,3073,5823,965.524240582529,56.324726602271674,59.32222222222221,180
A_morning_V50,V_50_03,A_morning_V50_mount,10046,3085,5828,966.0538543718893,56.74664102463793,59.32222222222221,180
A_morning_V50,V_50_03,A_morning_V50_mount,10077,3120,5784,962.778328694552,56.01027018901672,59.32222222222221,180
A_morning_V50,V_50_03,A_morning_V50_mount,10087,3084,5850,961.7258029200952,56.409730635464314,59.32222222222221,180
A_morning_V50,V_50_03,A_morning_V50_mount,10019,3067,5852,968.9224802170875,57.36064323328808,59.32222222222221,180
A_morning_V50,V_50_03,A_morning_V50_mount,10124,3147,5866,957.8486942631371,57.27120381520646,59.32222222222221,180
A_morning_V50,V_50_03,A_morning_V50_mount,10047,2986,5817,965.947891395939,54.609087427141866,59.32222222222221,180
A_morning_V50,V_50_03,A_morning_V50_mount,10054,3060,5816,965.2067134493734,55.88340114066713,59.32222222222221,180
A_morning_V50,V_50_03,A_morning_V50_mount,10092,3086,5853,961.2002857788347,56.416089604821224,59.32222222222221,180
A_morning_V50,V_50_03,A_morning_V50_mount,10052,3073,5863,965.4183781217668,57.08657750804314,59.32222222222221,180
A_morning_V50,V_50_03,A_morning_V50_mount,10067,3027,5805,963.8328480634747,54.808838994665095,59.32222222222221,180
A_morning_V50,V_50_03,A_morning_V50_mount,10078,3125,5788,962.6729865032744,56.16603195803702,59.32222222222221,180
A_morning_V50,V_50_03,A_morning_V50_mount,10026,3027,5839,968.1773473189705,56.194968070036886,59.32222222222221,180
A_morning_V50,V_50_03,A_morning_V50_mount,10093,3069,5814,961.0952419156841,55.321493510674046,59.32222222222221,180
A_morning_V50,V_50_03,A_morning_V50_mount,10040,3125,5826,966.6900549800795,57.60294677200379,59.32222222222221,180
A_morning_V50,V_50_03,A_morning_V50_mount,10042,3013,5760,966.4779075463056,54.12766057898977,59.32222222222221,180
A_morning_V50,V_50_03,A_morning_V50_mount,10046,3054,5825,966.0538543718893,56.08550481868854,59.32222222222221,180
A_morning_V50,V_50_03,A_morning_V50_mount,10092,3098,5852,961.2002857788347,56.629278177100986,59.32222222222221,180
A_morning_V50,V_50_03,A_morning_V50_mount,10075,3124,5826,962.9890728908189,56.93894239027392,59.32222222222221,180
A_morning_V50,V_50_03,A_morning_V50_mount,10087,3064,5826,961.7258029200952,55.56208359271709,59.32222222222221,180
A_morning_V50,V_50_03,A_morning_V50_mount,10093,3100,5841,961.0952419156841,56.43671637088707,59.32222222222221,180
A_morning_V50,V_50_03,A_morning_V50_mount,10032,3124,5828,967.5394514832536,57.77133147470331,59.32222222222221,180
A_morning_V50,V_50_03,A_morning_V50_mount,10039,3025,5827,966.7961589296742,55.68959906425104,59.32222222222221,180
A_morning_V50,V_50_03,A_morning_V50_mount,10017,2953,5783,969.1355577972447,53.86335223678712,59.32222222222221,180
A_morning_V50,V_50_03,A_morning_V50_mount,10020,3086,5885,968.8159718562874,58.373500012412805,59.32222222222221,180
A_morning_V50,V_50_03,A_morning_V50_mount,10077,3122,5787,962.778328694552,56.106776335052054,59.32222222222221,180
A_morning_V50,V_50_03,A_morning_V50_mount,10121,3107,5828,958.162047810987,55.817983171797096,59.32222222222221,180
A_morning_V50,V_50_03,A_morning_V50_mount,10048,3057,5821,965.8419485350319,56.030065721215905,59.32222222222221,180
A_morning_V50,V_50_03,A_morning_V50_mount,10018,2990,5848,969.0290088620484,55.79642395335066,59.32222222222221,180
A_morning_V50,V_50_03,A_morning_V50_mount,10092,3100,5847,961.2002857788347,56.57108153542573,59.32222222222221,180
A_morning_V50,V_50_03,A_morning_V50_mount,10029,3028,5776,967.858308395154,54.94575841748108,59.32222222222221,180
A_morning_V50,V_50_03,A_morning_V50_mount,10000,2989,5826,970.9499999999999,55.6751183242624,59.32222222222221,180
A_morning_V50,V_50_03,A_morning_V50_mount,10063,3121,5800,964.2552153488026,56.59274113393755,59.32222222222221,180
A_morning_V50,V_50_03,A_morning_V50_mount,10040,3034,5835,966.6900549800795,56.00011784628555,59.32222222222221,180
A_morning_V50,V_50_03,A_morning_V50_mount,10038,3025,5832,966.9022830424386,55.80406522245478,59.32222222222221,180
A_morning_V50,V_50_03,A_morning_V50_mount,10090,3160,5822,961.4104330525272,57.28929906405407,59.32222222222221,180
A_morning_V50,V_50_03,A_morning_V50_mount,10062,3096,5809,964.3608572033393,56.3001576145819,59.32222222222221,180
A_morning_V50,V_50_03,A_morning_V50_mount,10043,3097,5828,966.3718640500846,57.03628700372309,59.32222222222221,180
A_morning_V50,V_50_03,A_morning_V50_mount,10041,3069,5823,966.5839711876306,56.428415743186804,59.32222222222221,180
A_morning_V50,V_50_03,A_morning_V50_mount,10090,3135,5826,961.4104330525272,56.87947182327741,59.32222222222221,180
A_morning_V50,V_50_03,A_morning_V50_mount,10087,3130,5831,961.7258029200952,56.93421269211905,59.32222222222221,180
A_morning_V50,V_50_03,A_morning_V50_mount,10066,3138,5810,963.9384098768129,57.0646185334544,59.32222222222221,180
A_morning_V50,V_50_03,A_morning_V50_mount,10136,3100,5762,956.5970478610892,54.170790795352886,59.32222222222221,180
A_morning_V50,V_50_03,A_morning_V50_mount,10046,3096,5826,966.0538543718893,56.92253151540073,59.32222222222221,180
A_morning_V50,V_50_03,A_morning_V50_mount,10025,3124,5830,968.2837341022444,57.94147157537447,59.32222222222221,180
A_morning_V50,V_50_03,A_morning_V50_mount,10089,3169,5846,961.5155364748737,57.955944951782364,59.32222222222221,180
A_morning_V50,V_50_03,A_morning_V50_mount,10090,3152,5809,961.4104330525272,56.87947182327741,59.32222222222221,180
A_morning_V50,V_50_03,A_morning_V50_mount,10109,3172,5828,959.4172345133048,57.292420330530135,59.32222222222221,180
A_morning_V50,V_50_03,A_morning_V50_mount,10052,3107,5823,965.4183781217668,56.96911659236379,59.32222222222221,180
A_morning_V50,V_50_03,A_morning_V50_mount,10040,3195,5821,966.6900549800795,58.89545804629567,59.32222222222221,180
A_morning_V50,V_50_03,A_morning_V50_mount,10038,3098,5821,966.9022830424386,57.01048944661802,59.32222222222221,180
A_morning_V50,V_50_03,A_morning_V50_mount,10041,3087,5833,966.5839711876306,56.97503164914613,59.32222222222221,180
A_morning_V50,V_50_03,A_morning_V50_mount,10077,3195,5843,962.778328694552,58.635956695419395,59.32222222222221,180
A_morning_V50,V_50_03,A_morning_V50_mount,10039,3124,5796,966.7961589296742,57.01173114742872,59.32222222222221,180
A_morning_V50,V_50_03,A_morning_V50_mount,10019,3098,5852,968.9224802170875,57.97417781766532,59.32222222222221,180
A_morning_V50,V_50_03,A_morning_V50_mount,10087,3156,5847,961.7258029200952,57.756658286791975,59.32222222222221,180
A_morning_V50,V_50_03,A_morning_V50_mount,10028,3086,5838,967.9646344714799,57.2928179102492,59.32222222222221,180
A_morning_V50,V_50_03,A_morning_V50_mount,10048,3057,5813,965.8419485350319,55.875405242529595,59.32222222222221,180
A_morning_V50,V_50_03,A_morning_V50_mount,10093,3160,5846,961.0952419156841,57.704614819083226,59.32222222222221,180
A_morning_V50,V_50_03,A_morning_V50_mount,10120,3194,5732,958.266538339921,55.663521349993815,59.32222222222221,180
A_morning_V50,V_50_03,A_morning_V50_mount,10126,3172,5821,957.6398902054117,56.84589485241433,59.32222222222221,180
A_morning_V50,V_50_03,A_morning_V50_mount,10091,3158,5851,961.3053494891487,57.80063711820762,59.32222222222221,180
A_morning_V50,V_50_03,A_morning_V50_mount,10110,3158,5834,959.3125271513353,57.11806501174079,59.32222222222221,180
A_morning_V50,V_50_03,A_morning_V50_mount,10093,3172,5855,961.0952419156841,58.11835236347108,59.32222222222221,180
A_morning_V50,V_50_03,A_morning_V50_mount,10053,3135,5823,965.3125357460459,57.500183205404795,59.32222222222221,180
A_morning_V50,V_50_03,A_morning_V50_mount,10020,3087,5856,968.8159718562874,57.816600819180536,59.32222222222221,180
A_morning_V50,V_50_03,A_morning_V50_mount,10092,3158,5846,961.2002857788347,57.68380124226142,59.32222222222221,180
A_morning_V50,V_50_03,A_morning_V50_mount,10072,3129,5862,963.3053388085783,57.79836277382882,59.32222222222221,180
A_morning_V50,V_50_03,A_morning_V50_mount,10051,3145,5854,965.524240582529,58.34865104223413,59.32222222222221,180
A_morning_V50,V_50_03,A_morning_V50_mount,10092,3160,5849,961.2002857788347,57.78211331984488,59.32222222222221,180
A_morning_V50,V_50_03,A_morning_V50_mount,10077,3192,5846,962.778328694552,58.635956695419395,59.32222222222221,180
A_morning_V50,V_50_03,A_morning_V50_mount,10076,3196,5846,962.8836908217546,58.73444282768175,59.32222222222221,180
A_morning_V50,V_50_03,A_morning_V50_mount,10014,3084,5850,969.4553264050329,57.750029524463145,59.32222222222221,180
A_morning_V50,V_50_03,A_morning_V50_mount,10194,3269,5775,950.5870115185403,56.60060450697133,59.32222222222221,180
A_morning_V50,V_50_03,A_morning_V50_mount,10040,3130,5839,966.6900549800795,57.958919018601364,59.32222222222221,180
A_morning_V50,V_50_03,A_morning_V50_mount,10013,3066,5834,969.5619565619695,57.09721629434718,59.32222222222221,180
A_morning_V50,V_50_03,A_morning_V50_mount,10021,3041,5824,968.7094837735754,56.26617907432381,59.32222222222221,180
A_morning_V50,V_50_03,A_morning_V50_mount,10092,3160,5852,961.2002857788347,57.84115530238715,59.32222222222221,180
A_morning_V50,V_50_03,A_morning_V50_mount,10021,3063,5850,968.7094837735754,57.20549774954817,59.32222222222221,180
A_morning_V50,V_50_03,A_morning_V50_mount,10089,3129,5856,961.5155364748737,57.36639821114329,59.32222222222221,180
A_morning_V50,V_50_03,A_morning_V50_mount,10053,3109,5825,965.3125357460459,57.029060965740904,59.32222222222221,180
A_morning_V50,V_50_03,A_morning_V50_mount,10117,3148,5826,958.5801280473461,56.641066391002994,59.32222222222221,180
A_morning_V50,V_50_03,A_morning_V50_mount,10097,3160,5849,960.6752648167771,57.68960609692524,59.32222222222221,180
A_morning_V50,V_50_03,A_morning_V50_mount,10090,3158,5846,961.4104330525272,57.720793713823085,59.32222222222221,180
A_morning_V50,V_50_03,A_morning_V50_mount,10052,3109,5864,965.4183781217668,57.81456571287675,59.32222222222221,180
A_morning_V50,V_50_03,A_morning_V50_mount,10166,3268,5833,953.4802516053511,58.21873263311615,59.32222222222221,180
A_morning_V50,V_50_03,A_morning_V50_mount,10115,3170,5828,958.7892863445379,57.143554673258585,59.32222222222221,180
A_morning_V50,V_50_03,A_morning_V50_mount,10045,3196,5863,966.1598374688899,59.66519621364405,59.32222222222221,180
A_morning_V50,V_50_03,A_morning_V50_mount,10049,3130,5863,965.7360257831625,58.266885375116615,59.32222222222221,180
A_morning_V50,V_50_03,A_morning_V50_mount,10136,3160,5773,956.5970478610892,55.51288683055317,59.32222222222221,180
A_morning_V50,V_50_03,A_morning_V50_mount,10125,3159,5823,957.7442824074072,56.650980126853774,59.32222222222221,180
A_morning_V50,V_50_03,A_morning_V50_mount,10094,3141,5822,960.9902178937983,56.845482129584276,59.32222222222221,180
A_morning_V50,V_50_03,A_morning_V50_mount,10116,3171,5829,958.6846973428233,57.16423505177267,59.32222222222221,180
A_morning_V50,V_50_03,A_morning_V50_mount,10079,3196,5855,962.5676642419883,58.85727959624693,59.32222222222221,180
A_morning_V50,V_50_03,A_morning_V50_mount,10084,3145,5850,962.0413516779056,57.65482505903487,59.32222222222221,180
A_morning_V50,V_50_03,A_morning_V50_mount,10058,3098,5817,964.7836249333864,56.56693824901062,59.32222222222221,180
A_morning_V50,V_50_03,A_morning_V50_mount,10021,3105,5855,968.7094837735754,58.13553579222192,59.32222222222221,180
A_morning_V50,V_50_03,A_morning_V50_mount,10040,3099,5838,966.6900549800795,57.32711076120177,59.32222222222221,180
A_morning_V50,V_50_03,A_morning_V50_mount,10089,3159,5856,961.5155364748737,57.955944951782364,59.32222222222221,180
A_morning_V50,V_50_03,A_morning_V50_mount,10044,3128,5830,966.2658406929511,57.66690807179857,59.32222222222221,180
A_morning_V50,V_50_03,A_morning_V50_mount,10043,3130,5882,966.3718640500846,58.75859266634637,59.32222222222221,180
A_morning_V50,V_50_03,A_morning_V50_mount,10091,3140,5846,961.3053494891487,57.34920110996657,59.32222222222221,180
A_morning_V50,V_50_03,A_morning_V50_mount,10053,3100,5860,965.3125357460459,57.53956258141048,59.32222222222221,180
A_morning_V50,V_50_03,A_morning_V50_mount,10052,3159,5878,965.4183781217668,59.088667968582925,59.32222222222221,180
A_morning_V50,V_50_03,A_morning_V50_mount,10089,3136,5857,961.5155364748737,57.523209437568354,59.32222222222221,180
A_morning_V50,V_50_03,A_morning_V50_mount,10094,3160,5852,960.9902178937983,57.80409251528856,59.32222222222221,180
A_morning_V50,V_50_03,A_morning_V50_mount,10041,3100,5834,966.5839711876306,57.24968643802047,59.32222222222221,180
A_morning_V50,V_50_03,A_morning_V50_mount,10020,3100,5855,968.8159718562874,58.0548268985386,59.32222222222221,180
A_morning_V50,V_50_03,A_morning_V50_mount,10041,3158,5894,966.5839711876306,59.60055233600419,59.32222222222221,180
A_morning_V50,V_50_03,A_morning_V50_mount,10055,3100,5825,965.1009112257583,56.816515246031585,59.32222222222221,180
A_morning_V50,V_50_03,A_morning_V50_mount,10090,3172,5858,961.4104330525272,58.23358892287921,59.32222222222221,180
A_morning_V50,V_50_03,A_morning_V50_mount,10020,3093,5852,968.8159718562874,57.85625886182279,59.32222222222221,180
A_morning_V50,V_50_03,A_morning_V50_mount,10203,3202,5797,949.6602538326962,55.58176685458575,59.32222222222221,180
A_morning_V50,V_50_03,A_morning_V50_mount,10194,3196,5646,950.5870115185403,52.81134725531775,59.32222222222221,180
A_morning_V50,V_50_03,A_morning_V50_mount,10180,3201,5692,952.0317365422396,53.99113955232457,59.32222222222221,180
A_morning_V50,V_50_03,A_morning_V50_mount,10111,3086,5691,959.207839530709,53.01558912030296,59.32222222222221,180
A_morning_V50,V_50_03,A_morning_V50_mount,10124,3108,5678,957.8486942631371,52.96163804322929,59.32222222222221,180
A_morning_V50,V_50_03,A_morning_V50_mount,10237,3170,5636,946.1731748612874,51.447552272104055,59.32222222222221,180
A_morning_V50,V_50_03,A_morning_V50_mount,10167,3171,5695,953.3766602198289,53.71188957366366,59.32222222222221,180
A_morning_V50,V_50_03,A_morning_V50_mount,10219,3194,5616,948.0165232698895,51.81420897169311,59.32222222222221,180
A_morning_V50,V_50_03,A_morning_V50_mount,10125,3138,5730,957.7442824074072,54.47452966369332,59.32222222222221,180
A_morning_V50,V_50_03,A_morning_V50_mount,9936,3196,5888,977.8339683091787,62.329016021078594,59.32222222222221,180
A_morning_V50,V_50_03,A_morning_V50_mount,10027,3196,5828,968.070980777401,59.303655206599394,59.32222222222221,180
A_morning_V50,V_50_03,A_morning_V50_mount,9960,3146,5902,975.2425855421685,61.097167446419704,59.32222222222221,180
A_morning_V50,V_50_03,A_morning_V50_mount,9995,2995,5719,971.4847801275637,53.82990831256615,59.32222222222221,180
A_morning_V50,V_50_03,A_morning_V50_mount,9980,3109,5860,973.0921881763527,59.092145756661445,59.32222222222221,180
A_morning_V50,V_50_03,A_morning_V50_mount,10009,3195,5841,969.9886804570887,59.89248569031063,59.32222222222221,180
A_morning_V50,V_50_03,A_morning_V50_mount,10033,3342,6408,967.433206264826,75.05865392688871,59.32222222222221,180
A_morning_V50,V_50_03,A_morning_V50_mount,10266,3376,5826,943.2162811046172,58.34441810937504,59.32222222222221,180
A_morning_V50,V_50_03,A_morning_V50_mount,10095,3317,5883,960.8852137072807,61.56449562516426,59.32222222222221,180
A_morning_V50,V_50_03,A_morning_V50_mount,10351,3426,5799,934.6403824843011,57.24105196790863,59.32222222222221,180
A_morning_V50,V_50_03,A_morning_V50_mount,10184,3303,5907,951.6185719088766,60.04042758751459,59.32222222222221,180
A_morning_V50,V_50_03,A_morning_V50_mount,10366,3524,5871,933.1408784314103,60.25936616426721,59.32222222222221,180
A_morning_V50,V_50_03,A_morning_V50_mount,10387,3631,5909,931.0484916775779,62.74955760986793,59.32222222222221,180
A_morning_V50,V_50_03,A_morning_V50_mount,10339,3505,6046,935.8429647446561,63.92593997040048,59.32222222222221,180
A_morning_V50,V_50_03,A_morning_V50_mount,10442,3631,6071,925.606353148822,64.95978018398748,59.32222222222221,180
A_morning_V50,V_50_03,A_morning_V50_mount,10296,3560,6004,940.1741106759906,65.06714518076575,59.32222222222221,180
A_morning_V50,V_50_03,A_morning_V50_mount,10311,3524,6072,938.6593427887693,65.4290138738383,59.32222222222221,180
A_morning_V50,V_50_03,A_morning_V50_mount,10281,3452,6086,941.6930839699445,64.8307500903741,59.32222222222221,180
A_morning_V50,V_50_05,A_morning_V50_mount,9408,2234,5175,1038.0374334693877,39.83267802950035,51.948366013071876,153
A_morning_V50,V_50_05,A_morning_V50_mount,9406,2233,5169,1038.2777736997662,39.74506659707992,51.948366013071876,153
A_morning_V50,V_50_05,A_morning_V50_mount,9435,2240,5172,1034.802406081081,39.51658183275087,51.948366013071876,153
A_morning_V50,V_50_05,A_morning_V50_mount,9400,2214,5184,1038.9993829787234,39.7609292112595,51.948366013071876,153
A_morning_V50,V_50_05,A_morning_V50_mount,9389,2219,5179,1040.3246310038344,39.91065118365466,51.948366013071876,153
A_morning_V50,V_50_05,A_morning_V50_mount,9355,2200,5201,1044.4397538615713,40.4279396185229,51.948366013071876,153
A_morning_V50,V_50_05,A_morning_V50_mount,9392,2305,5181,1039.96290439523,41.33478569549958,51.948366013071876,153
A_morning_V50,V_50_05,A_morning_V50_mount,9344,2184,5201,1045.777269041096,40.31371194347546,51.948366013071876,153
A_morning_V50,V_50_05,A_morning_V50_mount,9395,2228,5196,1039.6013994012774,40.2575853909954,51.948366013071876,153
A_morning_V50,V_50_05,A_morning_V50_mount,9410,2226,5183,1037.797191232731,39.805503509551855,51.948366013071876,153
A_morning_V50,V_50_05,A_morning_V50_mount,9316,2180,5236,1049.1955309489051,41.227091315273945,51.948366013071876,153
A_morning_V50,V_50_05,A_morning_V50_mount,9354,2196,5201,1044.5612214047464,40.37515032314436,51.948366013071876,153
A_morning_V50,V_50_05,A_morning_V50_mount,9370,2212,5193,1042.6207263073638,40.28703837491073,51.948366013071876,153
A_morning_V50,V_50_05,A_morning_V50_mount,9372,2223,5213,1042.378611446863,40.77596873051753,51.948366013071876,153
A_morning_V50,V_50_05,A_morning_V50_mount,9374,2212,5194,1042.1365957136761,40.24848438685492,51.948366013071876,153
A_morning_V50,V_50_05,A_morning_V50_mount,9296,2171,5241,1051.6492473666092,41.443790258178474,51.948366013071876,153
A_morning_V50,V_50_05,A_morning_V50_mount,9377,2221,5199,1041.773757838861,40.43955806765887,51.948366013071876,153
A_morning_V50,V_50_05,A_morning_V50_mount,9312,2180,5216,1049.685464742268,40.94513294276999,51.948366013071876,153
A_morning_V50,V_50_05,A_morning_V50_mount,9308,2185,5253,1050.175802758917,41.71611482873851,51.948366013071876,153
A_morning_V50,V_50_05,A_morning_V50_mount,9316,2148,5202,1049.1955309489051,40.11787827263058,51.948366013071876,153
A_morning_V50,V_50_05,A_morning_V50_mount,9368,2196,5203,1042.8629403586679,40.21505127556928,51.948366013071876,153
A_morning_V50,V_50_05,A_morning_V50_mount,9384,2184,5162,1040.9280017391302,39.127688498405185,51.948366013071876,153
A_morning_V50,V_50_05,A_morning_V50_mount,9308,2179,5236,1050.175802758917,41.323777093174165,51.948366013071876,153
A_morning_V50,V_50_05,A_morning_V50_mount,9287,2173,5270,1052.7567298433294,42.10540285611596,51.948366013071876,153
A_morning_V50,V_50_05,A_morning_V50_mount,9293,2171,5230,1052.0181793452061,41.299122940777806,51.948366013071876,153
A_morning_V50,V_50_05,A_morning_V50_mount,9293,2169,5230,1052.0181793452061,41.26508333003957,51.948366013071876,153
A_morning_V50,V_50_05,A_morning_V50_mount,9358,2174,5248,1044.0755007031414,40.73706290893409,51.948366013071876,153
A_morning_V50,V_50_05,A_morning_V50_mount,9305,2244,5206,1050.543821856529,41.965145211100186,51.948366013071876,153
A_morning_V50,V_50_05,A_morning_V50_mount,9239,2138,5255,1058.698291102392,41.93874771451685,51.948366013071876,153
A_morning_V50,V_50_05,A_morning_V50_mount,9243,2090,5208,1058.200897398572,40.2606618733855,51.948366013071876,153
A_morning_V50,V_50_05,A_morning_V50_mount,9365,2213,5201,1043.2264475573945,40.5059428528245,51.948366013071876,153
A_morning_V50,V_50_05,A_morning_V50_mount,9578,2182,4843,1017.9603986197535,31.967638337223374,51.948366013071876,153
A_morning_V50,V_50_05,A_morning_V50_mount,9214,2057,5204,1061.816400110701,40.04232264861765,51.948366013071876,153
A_morning_V50,V_50_05,A_morning_V50_mount,9337,2195,5219,1046.6299897242154,40.8968558677848,51.948366013071876,153
A_morning_V50,V_50_05,A_morning_V50_mount,9303,2174,5244,1050.7892945130602,41.446126367047086,51.948366013071876,153
A_morning_V50,V_50_05,A_morning_V50_mount,9278,2158,5236,1053.8662752726882,41.3937835423449,51.948366013071876,153
A_morning_V50,V_50_05,A_morning_V50_mount,9256,2118,5234,1056.5872197407086,40.99125202199436,51.948366013071876,153
A_morning_V50,V_50_05,A_morning_V50_mount,9302,2174,5216,1050.9120688432595,40.98479018397327,51.948366013071876,153
A_morning_V50,V_50_05,A_morning_V50_mount,9234,2181,5215,1059.3206153151398,42.06352769879995,51.948366013071876,153
A_morning_V50,V_50_05,A_morning_V50_mount,9306,2179,5240,1050.421123513862,41.420349230376935,51.948366013071876,153
A_morning_V50,V_50_05,A_morning_V50_mount,9210,2083,5237,1062.3168066775243,41.09996657220601,51.948366013071876,153
A_morning_V50,V_50_05,A_morning_V50_mount,9185,2059,5262,1065.453835206859,41.47633733475996,51.948366013071876,153
A_morning_V50,V_50_05,A_morning_V50_mount,9282,2167,5254,1053.3728889010988,41.79889549206482,51.948366013071876,153
A_morning_V50,V_50_05,A_morning_V50_mount,9288,2153,5250,1052.6335744702842,41.40452754275152,51.948366013071876,153
A_morning_V50,V_50_05,A_morning_V50_mount,9300,2194,5226,1051.157693548387,41.52312990714135,51.948366013071876,153
A_morning_V50,V_50_05,A_morning_V50_mount,9271,2180,5240,1054.7306851359076,41.94074059878206,51.948366013071876,153
A_morning_V50,V_50_05,A_morning_V50_mount,9207,2096,5242,1062.6923857559464,41.452188778156795,51.948366013071876,153
A_morning_V50,V_50_05,A_morning_V50_mount,9317,2188,5215,1049.0731105994419,40.99287886054956,51.948366013071876,153
A_morning_V50,V_50_05,A_morning_V50_mount,9233,2114,5226,1059.4451578528106,41.113806699923856,51.948366013071876,153
A_morning_V50,V_50_05,A_morning_V50_mount,9277,2157,5235,1053.9896857017357,41.373921009177835,51.948366013071876,153
A_morning_V50,V_50_05,A_morning_V50_mount,9277,2161,5236,1053.9896857017357,41.45935718953302,51.948366013071876,153
A_morning_V50,V_50_05,A_morning_V50_mount,9282,2247,5233,1053.3728889010988,42.821139989163655,51.948366013071876,153
A_morning_V50,V_50_05,A_morning_V50_mount,9287,2183,5239,1052.7567298433294,41.74399077379221,51.948366013071876,153
A_morning_V50,V_50_05,A_morning_V50_mount,9278,2150,5239,1053.8662752726882,41.308448307816086,51.948366013071876,153
A_morning_V50,V_50_05,A_morning_V50_mount,9243,2113,5249,1058.200897398572,41.34726594396613,51.948366013071876,153
A_morning_V50,V_50_05,A_morning_V50_mount,9316,2187,5243,1049.1955309489051,41.465020349153335,51.948366013071876,153
A_morning_V50,V_50_05,A_morning_V50_mount,9252,2148,5242,1057.0832720363164,41.69867163868156,51.948366013071876,153
A_morning_V50,V_50_05,A_morning_V50_mount,9206,2115,5252,1062.817631047143,41.96846402241087,51.948366013071876,153
A_morning_V50,V_50_05,A_morning_V50_mount,9223,2113,5232,1060.6920101111352,41.34248561657906,51.948366013071876,153
A_morning_V50,V_50_05,A_morning_V50_mount,9289,2201,5268,1052.510444557541,42.5264463962316,51.948366013071876,153
A_morning_V50,V_50_05,A_morning_V50_mount,9272,2147,5242,1054.6071212769627,41.394151765100375,51.948366013071876,153
A_morning_V50,V_50_05,A_morning_V50_mount,9284,2165,5242,1053.126348806549,41.53010177412901,51.948366013071876,153
A_morning_V50,V_50_05,A_morning_V50_mount,9284,2168,5251,1053.126348806549,41.735715797056365,51.948366013071876,153
A_morning_V50,V_50_05,A_morning_V50_mount,9265,2139,5243,1055.4726061926606,41.3746209391235,51.948366013071876,153
A_morning_V50,V_50_05,A_morning_V50_mount,9184,2081,5264,1065.5796577003484,41.907007908797816,51.948366013071876,153
A_morning_V50,V_50_05,A_morning_V50_mount,9298,2161,5250,1051.403419701011,41.39818235089817,51.948366013071876,153
A_morning_V50,V_50_05,A_morning_V50_mount,9270,2168,5242,1054.8542745954692,41.78296874591263,51.948366013071876,153
A_morning_V50,V_50_05,A_morning_V50_mount,9278,2183,5247,1053.8662752726882,42.01172635554656,51.948366013071876,153
A_morning_V50,V_50_05,A_morning_V50_mount,9246,2125,5250,1057.8281234068788,41.52720422665641,51.948366013071876,153
A_morning_V50,V_50_05,A_morning_V50_mount,9253,2148,5245,1056.9592203452935,41.73588352031625,51.948366013071876,153
A_morning_V50,V_50_05,A_morning_V50_mount,9250,2154,5249,1057.3314527027028,41.95188464296546,51.948366013071876,153
A_morning_V50,V_50_05,A_morning_V50_mount,9220,2115,5238,1061.0665724511932,41.52320775587057,51.948366013071876,153
A_morning_V50,V_50_05,A_morning_V50_mount,9182,2060,5243,1065.8313817011544,41.20917869327047,51.948366013071876,153
A_morning_V50,V_50_05,A_morning_V50_mount,9182,2088,5258,1065.8313817011544,41.95363590348607,51.948366013071876,153
A_morning_V50,V_50_05,A_morning_V50_mount,9280,2196,5266,1053.6195310344826,42.53684917113185,51.948366013071876,153
A_morning_V50,V_50_05,A_morning_V50_mount,9252,2165,5268,1057.0832720363164,42.44329434432453,51.948366013071876,153
A_morning_V50,V_50_05,A_morning_V50_mount,9211,2115,5259,1062.1916658880684,42.01713369728854,51.948366013071876,153
A_morning_V50,V_50_05,A_morning_V50_mount,9283,2158,5238,1053.2496061030918,41.35649808193024,51.948366013071876,153
A_morning_V50,V_50_05,A_morning_V50_mount,9282,2177,5253,1053.3728889010988,41.953750325571676,51.948366013071876,153
A_morning_V50,V_50_05,A_morning_V50_mount,9184,2098,5266,1065.5796577003484,42.23851290258694,51.948366013071876,153
A_morning_V50,V_50_05,A_morning_V50_mount,9240,2126,5254,1058.5739038961037,41.699739010230175,51.948366013071876,153
A_morning_V50,V_50_05,A_morning_V50_mount,9318,2194,5238,1048.9507154732776,41.47053884143386,51.948366013071876,153
A_morning_V50,V_50_05,A_morning_V50_mount,9372,2235,5202,1042.378611446863,40.79270468840985,51.948366013071876,153
A_morning_V50,V_50_05,A_morning_V50_mount,9327,2201,5235,1047.8502930476036,41.410315913796076,51.948366013071876,153
A_morning_V50,V_50_05,A_morning_V50_mount,9344,2196,5221,1045.777269041096,40.84907557290372,51.948366013071876,153
A_morning_V50,V_50_05,A_morning_V50_mount,9345,2232,5239,1045.6555518860353,41.749062678604936,51.948366013071876,153
A_morning_V50,V_50_05,A_morning_V50_mount,9198,2059,5230,1063.8205353750816,40.741109433935335,51.948366013071876,153
A_morning_V50,V_50_05,A_morning_V50_mount,9306,2180,5217,1050.421123513862,41.0467441357271,51.948366013071876,153
A_morning_V50,V_50_05,A_morning_V50_mount,9324,2199,5244,1048.216873951094,41.5722335571786,51.948366013071876,153
A_morning_V50,V_50_05,A_morning_V50_mount,9289,2201,5264,1052.510444557541,42.45699137380327,51.948366013071876,153
A_morning_V50,V_50_05,A_morning_V50_mount,9326,2201,5239,1047.9724615290586,41.49258479788463,51.948366013071876,153
A_morning_V50,V_50_05,A_morning_V50_mount,9231,2126,5255,1059.6943206906078,41.84734837685672,51.948366013071876,153
A_morning_V50,V_50_05,A_morning_V50_mount,9273,2162,5230,1054.4835830103525,41.43112704206691,51.948366013071876,153
A_morning_V50,V_50_05,A_morning_V50_mount,9180,2059,5267,1066.083211111111,41.63526299991649,51.948366013071876,153
A_morning_V50,V_50_05,A_morning_V50_mount,9270,2149,5258,1054.8542745954692,41.731382304994085,51.948366013071876,153
A_morning_V50,V_50_05,A_morning_V50_mount,9282,2179,5242,1053.3728889010988,41.79889549206482,51.948366013071876,153
A_morning_V50,V_50_05,A_morning_V50_mount,9349,2264,5266,1045.1689331580917,42.7047993280747,51.948366013071876,153
A_morning_V50,V_50_05,A_morning_V50_mount,9269,2178,5248,1054.9778896639334,42.07336330350773,51.948366013071876,153
A_morning_V50,V_50_05,A_morning_V50_mount,9278,2188,5256,1053.8662752726882,42.25371570868909,51.948366013071876,153
A_morning_V50,V_50_05,A_morning_V50_mount,9306,2210,5254,1050.421123513862,42.1917058820786,51.948366013071876,153
A_morning_V50,V_50_05,A_morning_V50_mount,9279,2197,5265,1053.7428903863563,42.55153661503103,51.948366013071876,153
A_morning_V50,V_50_05,A_morning_V50_mount,9275,2168,5250,1054.2365832210244,41.8483913834106,51.948366013071876,153
A_morning_V50,V_50_05,A_morning_V50_mount,9185,2115,5272,1065.453835206859,42.62732844919331,51.948366013071876,153
A_morning_V50,V_50_05,A_morning_V50_mount,9252,2148,5270,1057.0832720363164,42.18252769257922,51.948366013071876,153
A_morning_V50,V_50_05,A_morning_V50_mount,9282,2189,5274,1053.3728889010988,42.524877360021584,51.948366013071876,153
A_morning_V50,V_50_05,A_morning_V50_mount,9280,2185,5270,1053.6195310344826,42.415213739894845,51.948366013071876,153
A_morning_V50,V_50_05,A_morning_V50_mount,9290,2184,5265,1052.3873400968782,42.16539371518832,51.948366013071876,153
A_morning_V50,V_50_05,A_morning_V50_mount,9264,2167,5253,1055.5963494300518,42.04233892008688,51.948366013071876,153
A_morning_V50,V_50_05,A_morning_V50_mount,9262,2172,5249,1055.8439128892248,42.08872486196624,51.948366013071876,153
A_morning_V50,V_50_05,A_morning_V50_mount,9184,2058,5262,1065.5796577003484,41.473508277551225,51.948366013071876,153
A_morning_V50,V_50_05,A_morning_V50_mount,9283,2168,5255,1053.2496061030918,41.818837315106606,51.948366013071876,153
A_morning_V50,V_50_05,A_morning_V50_mount,9279,2167,5255,1053.7428903863563,41.8594130855527,51.948366013071876,153
A_morning_V50,V_50_05,A_morning_V50_mount,9189,2126,5325,1064.950808411688,43.70300820710752,51.948366013071876,153
A_morning_V50,V_50_05,A_morning_V50_mount,9252,2163,5359,1057.0832720363164,44.01301434899574,51.948366013071876,153
A_morning_V50,V_50_05,A_morning_V50_mount,9146,2042,5259,1070.3805056877322,41.695460799114116,51.948366013071876,153
A_morning_V50,V_50_05,A_morning_V50_mount,9250,2167,5272,1057.3314527027028,42.57737249338962,51.948366013071876,153
A_morning_V50,V_50_05,A_morning_V50_mount,9158,2094,5290,1068.860311375846,42.97734475173042,51.948366013071876,153
A_morning_V50,V_50_05,A_morning_V50_mount,9416,2152,5072,1037.0770518606626,36.774638436686914,51.948366013071876,153
A_morning_V50,V_50_05,A_morning_V50_mount,9279,2165,5243,1053.7428903863563,41.61898390126027,51.948366013071876,153
A_morning_V50,V_50_05,A_morning_V50_mount,9291,2167,5223,1052.2642610800776,41.140508346845564,51.948366013071876,153
A_morning_V50,V_50_05,A_morning_V50_mount,9250,2149,5266,1057.3314527027028,42.159683880792414,51.948366013071876,153
A_morning_V50,V_50_05,A_morning_V50_mount,9182,2059,5243,1065.8313817011544,41.19197303644539,51.948366013071876,153
A_morning_V50,V_50_05,A_morning_V50_mount,9175,2097,5283,1066.713246253406,42.65262062608976,51.948366013071876,153
A_morning_V50,V_50_05,A_morning_V50_mount,9242,2223,5356,1058.325207052586,45.194915508599294,51.948366013071876,153
A_morning_V50,V_50_05,A_morning_V50_mount,9321,2193,5236,1048.5836813533956,41.37676067250612,51.948366013071876,153
A_morning_V50,V_50_05,A_morning_V50_mount,9173,2042,5250,1066.96544513845,41.14909664085336,51.948366013071876,153
A_morning_V50,V_50_05,A_morning_V50_mount,9231,2180,5315,1059.6943206906078,43.850562611862486,51.948366013071876,153
A_morning_V50,V_50_05,A_morning_V50_mount,9107,2047,5328,1075.3477339030417,43.58903457179469,51.948366013071876,153
A_morning_V50,V_50_05,A_morning_V50_mount,9200,2162,5322,1063.569652173913,44.126974552359556,51.948366013071876,153
A_morning_V50,V_50_05,A_morning_V50_mount,9211,2098,5238,1062.1916658880684,41.360195863561835,51.948366013071876,153
A_morning_V50,V_50_05,A_morning_V50_mount,9254,2160,5243,1056.8351944045817,41.89383830694993,51.948366013071876,153
A_morning_V50,V_50_05,A_morning_V50_mount,9241,2167,5284,1058.4495425489665,42.920834990365975,51.948366013071876,153
A_morning_V50,V_50_05,A_morning_V50_mount,9217,2154,5310,1061.4413690414453,43.51039844987118,51.948366013071876,153
A_morning_V50,V_50_05,A_morning_V50_mount,9280,2175,5264,1053.6195310344826,42.13807541374106,51.948366013071876,153
A_morning_V50,V_50_05,A_morning_V50_mount,9263,2156,5267,1055.7201183261361,42.10877687081163,51.948366013071876,153
A_morning_V50,V_50_05,A_morning_V50_mount,9316,2184,5200,1049.1955309489051,40.68673094744288,51.948366013071876,153
A_morning_V50,V_50_05,A_morning_V50_mount,9276,2184,5248,1054.1131216817594,42.07528838144128,51.948366013071876,153
A_morning_V50,V_50_05,A_morning_V50_mount,9274,2153,5320,1054.360070327798,42.817084049539325,51.948366013071876,153
A_morning_V50,V_50_05,A_morning_V50_mount,9217,2157,5296,1061.4413690414453,43.315065841746225,51.948366013071876,153
A_morning_V50,V_50_05,A_morning_V50_mount,9247,2152,5284,1057.703917038499,42.569202708184676,51.948366013071876,153
A_morning_V50,V_50_05,A_morning_V50_mount,9221,2079,5226,1060.9416923213319,40.68786629981656,51.948366013071876,153
A_morning_V50,V_50_05,A_morning_V50_mount,9306,2179,5194,1050.421123513862,40.64178655163654,51.948366013071876,153
A_morning_V50,V_50_05,A_morning_V50_mount,9205,2181,5246,1062.9429024850624,43.03478808419434,51.948366013071876,153
A_morning_V50,V_50_05,A_morning_V50_mount,9242,2147,5265,1058.325207052586,42.224497264048054,51.948366013071876,153
A_morning_V50,V_50_05,A_morning_V50_mount,9254,2166,5259,1056.8351944045817,42.274810501354885,51.948366013071876,153
A_morning_V50,V_50_05,A_morning_V50_mount,9309,2212,5249,1050.0531803303256,42.096472339810646,51.948366013071876,153
A_morning_V50,V_50_05,A_morning_V50_mount,9114,2012,5264,1074.4531703554972,41.72663072610703,51.948366013071876,153
A_morning_V50,V_50_05,A_morning_V50_mount,9294,2209,5270,1051.8951766107164,42.626861307816796,51.948366013071876,153
A_morning_V50,V_50_05,A_morning_V50_mount,9240,2156,5281,1058.5739038961037,42.690058297346766,51.948366013071876,153
A_morning_V50,V_50_05,A_morning_V50_mount,9280,2182,5330,1053.6195310344826,43.41255625279099,51.948366013071876,153
A_morning_V50,V_50_05,A_morning_V50_mount,9278,2194,5269,1053.8662752726882,42.58363819241308,51.948366013071876,153
A_morning_V50,V_50_05,A_morning_V50_mount,9069,2041,5344,1080.2271074313596,44.35809188929487,51.948366013071876,153
A_morning_V50,V_50_05,A_morning_V50_mount,9246,2167,5277,1057.8281234068788,42.723873213432476,51.948366013071876,153
B_position_drift,baseline_k127,B_low_pm,10790,6387,7612,892.3947905004634,181.49276661516552,53.39473684210526,19
B_position_drift,baseline_k127,B_low_pm,11832,7434,7531,804.0330055172413,165.54626548476298,53.39473684210526,19
B_position_drift,baseline_k127,B_low_pm,11825,7499,7484,804.5776561839324,166.493659153814,53.39473684210526,19
B_position_drift,baseline_k127,B_low_pm,11814,7506,7541,805.4347576282377,169.2468383299515,53.39473684210526,19
B_position_drift,baseline_k127,B_low_pm,11826,7558,7529,804.4998119583967,170.0922163750068,53.39473684210526,19
B_position_drift,baseline_k127,B_low_pm,11841,7629,7355,803.3336269483152,165.7908324808639,53.39473684210526,19
B_position_drift,baseline_k127,B_low_pm,11877,7575,7478,800.5460429616065,166.52492406312044,53.39473684210526,19
B_position_drift,baseline_k127,B_low_pm,11911,7519,7416,797.9278169335068,160.95124461432073,53.39473684210526,19
B_position_drift,baseline_k127,B_low_pm,11885,7604,7514,799.9287279238536,168.41489774679815,53.39473684210526,19
B_position_drift,baseline_k127,B_low_pm,11892,7625,7453,799.3892152774974,166.70008198166127,53.39473684210526,19
B_position_drift,baseline_k127,B_low_pm,12026,7445,7151,789.1747849842009,145.12115192388188,53.39473684210526,19
B_position_drift,baseline_k127,B_low_pm,12025,7552,7195,789.2502232328483,149.91462565544197,53.39473684210526,19
B_position_drift,baseline_k127,B_low_pm,11950,7556,7327,794.9417353556486,157.4998473930999,53.39473684210526,19
B_position_drift,baseline_k127,B_low_pm,12011,7624,7210,790.3075919153276,153.28937186278026,53.39473684210526,19
B_position_drift,baseline_k127,B_low_pm,12027,7625,7212,789.0993584647044,152.7149381025023,53.39473684210526,19
B_position_drift,baseline_k127,B_low_pm,12023,7515,7224,789.4011349293022,149.74221119551507,53.39473684210526,19
B_position_drift,baseline_k127,B_low_pm,12043,7573,7308,787.894126933073,153.46399617053208,53.39473684210526,19
B_position_drift,baseline_k127,B_low_pm,12032,7516,7324,788.7224017021276,152.6024325135662,53.39473684210526,19
B_position_drift,baseline_k127,B_low_pm,12013,7567,7225,790.1563981565804,151.850850622631,53.39473684210526,19
B_position_drift,iter1_k041,B_low_pm,11881,7093,6838,800.2372881318913,130.55301504771782,53.978947368421046,19
B_position_drift,iter1_k041,B_low_pm,11893,7164,6819,799.3121905873203,131.64220265592976,53.978947368421046,19
B_position_drift,iter1_k041,B_low_pm,11942,6996,6822,795.5527767191425,125.14257329973906,53.978947368421046,19
B_position_drift,iter1_k041,B_low_pm,11898,7055,6875,798.9272489813414,129.90993561823169,53.978947368421046,19
B_position_drift,iter1_k041,B_low_pm,11908,7044,6852,798.1582737722539,128.56558570186832,53.978947368421046,19
B_position_drift,iter1_k041,B_low_pm,11881,6973,6822,800.2372881318913,126.61472957889265,53.978947368421046,19
B_position_drift,iter1_k041,B_low_pm,11883,7011,6844,800.0829837124463,128.27071981032645,53.978947368421046,19
B_position_drift,iter1_k041,B_low_pm,11896,6989,6837,799.0811892669805,126.97567306792077,53.978947368421046,19
B_position_drift,iter1_k041,B_low_pm,11897,7023,6869,799.0042130667395,128.84214846856366,53.978947368421046,19
B_position_drift,iter1_k041,B_low_pm,11839,6960,6920,803.4889583153139,130.5814058189339,53.978947368421046,19
B_position_drift,iter1_k041,B_low_pm,11904,7032,6868,798.4657187096774,128.82385485496505,53.978947368421046,19
B_position_drift,iter1_k041,B_low_pm,11855,7013,6864,802.2476821910586,129.91396845093325,53.978947368421046,19
B_position_drift,iter1_k041,B_low_pm,11843,6972,6920,803.178344731487,130.78856515631531,53.978947368421046,19
B_position_drift,iter1_k041,B_low_pm,11832,6981,6840,804.0330055172413,129.1077859006787,53.978947368421046,19
B_position_drift,iter1_k041,B_low_pm,11928,6967,6794,796.6239447082495,124.01713120709026,53.978947368421046,19
B_position_drift,iter1_k041,B_low_pm,11843,7103,6864,803.178344731487,133.00594511360347,53.978947368421046,19
B_position_drift,iter1_k041,B_low_pm,11860,6971,6773,801.8604268128162,125.8915409355579,53.978947368421046,19
B_position_drift,iter1_k041,B_low_pm,11883,7070,6855,800.0829837124463,130.30518520835048,53.978947368421046,19
B_position_drift,iter1_k041,B_low_pm,11845,6906,6916,803.0231116399324,128.67059232313693,53.978947368421046,19
B_position_drift,iter2_k0566,B_low_pm,11804,6831,6710,806.2152397085732,122.07017243614335,52.44999999999993,18
B_position_drift,iter2_k0566,B_low_pm,11862,6910,6719,801.7056102832576,122.56535540302596,52.44999999999993,18
B_position_drift,iter2_k0566,B_low_pm,11724,6825,6715,812.5040154145343,124.80560222379988,52.44999999999993,18
B_position_drift,iter2_k0566,B_low_pm,11789,6854,6662,807.3882894643311,121.87827408078175,52.44999999999993,18
B_position_drift,iter2_k0566,B_low_pm,11844,6865,6724,803.1007220466059,122.05628361434138,52.44999999999993,18
B_position_drift,iter2_k0566,B_low_pm,11875,6909,6714,800.7004934210526,121.9556757932545,52.44999999999993,18
B_position_drift,iter2_k0566,B_low_pm,11781,6842,6870,808.0150608008657,127.76140053565491,52.44999999999993,18
B_position_drift,iter2_k0566,B_low_pm,11822,6896,6931,804.8112628979868,129.64337216856367,52.44999999999993,18
B_position_drift,iter2_k0566,B_low_pm,11757,6827,6937,809.9001722084714,130.14968967910264,52.44999999999993,18
B_position_drift,iter2_k0566,B_low_pm,11623,6688,6875,820.5595196812354,129.0871017106888,52.44999999999993,18
B_position_drift,iter2_k0566,B_low_pm,11813,6836,6858,805.5127501104715,126.10731373087552,52.44999999999993,18
B_position_drift,iter2_k0566,B_low_pm,11807,6881,6855,805.9809649915304,127.5313020000699,52.44999999999993,18
B_position_drift,iter2_k0566,B_low_pm,11794,6840,6870,806.996962134984,127.24039793618854,52.44999999999993,18
B_position_drift,iter2_k0566,B_low_pm,11780,6946,6875,808.093463327674,130.9937971582343,52.44999999999993,18
B_position_drift,iter2_k0566,B_low_pm,11757,6895,6887,809.9001722084714,130.6814830541835,52.44999999999993,18
B_position_drift,iter2_k0566,B_low_pm,11495,6563,6943,830.9593477490213,132.1169967220839,52.44999999999993,18
B_position_drift,iter2_k0566,B_low_pm,11800,6836,6851,806.5277796610169,126.36377339044274,52.44999999999993,18
B_position_drift,iter2_k0566,B_low_pm,11767,6912,6901,809.1138329612476,131.23328290278317,52.44999999999993,18
B_position_drift,iter2_confirm,B_low_pm,11790,6967,6857,807.3099991094147,130.71698271524608,52.6944444444445,18
B_position_drift,iter2_confirm,B_low_pm,11820,6894,6881,804.9670624365483,128.19915617939455,52.6944444444445,18
B_position_drift,iter2_confirm,B_low_pm,11762,6806,6888,809.5068458748513,127.91670831031864,52.6944444444445,18
B_position_drift,iter2_confirm,B_low_pm,11728,6828,6858,812.1876661391542,128.9056517136117,52.6944444444445,18
B_position_drift,iter2_confirm,B_low_pm,11758,6840,6881,809.8214818489539,128.8492877117603,52.6944444444445,18
B_position_drift,iter2_confirm,B_low_pm,11754,6894,6880,810.1363186166411,130.55451069412447,52.6944444444445,18
B_position_drift,iter2_confirm,B_low_pm,11733,6842,6911,811.7925140590643,130.701036365957,52.6944444444445,18
B_position_drift,iter2_confirm,B_low_pm,11782,6956,6884,807.936670750297,131.48314246250413,52.6944444444445,18
B_position_drift,iter2_confirm,B_low_pm,11790,6909,6931,807.3099991094147,131.18974372643353,52.6944444444445,18
B_position_drift,iter2_confirm,B_low_pm,11733,6838,6917,811.7925140590643,130.7603410524519,52.6944444444445,18
B_position_drift,iter2_confirm,B_low_pm,11728,6840,6869,812.1876661391542,129.58256556620006,52.6944444444445,18
B_position_drift,iter2_confirm,B_low_pm,11664,6798,6914,817.2736767078189,132.0243231080346,52.6944444444445,18
B_position_drift,iter2_confirm,B_low_pm,11779,6844,6884,808.1718783338994,128.2987803496304,52.6944444444445,18
B_position_drift,iter2_confirm,B_low_pm,11748,6815,6893,810.6089507048008,128.82899621836418,52.6944444444445,18
B_position_drift,iter2_confirm,B_low_pm,11780,6956,6924,808.093463327674,132.74696866634432,52.6944444444445,18
B_position_drift,iter2_confirm,B_low_pm,11817,6900,6878,805.2008544008631,128.39361417587665,52.6944444444445,18
B_position_drift,iter2_confirm,B_low_pm,11792,6957,6959,807.1534557394845,133.3770468976396,52.6944444444445,18
B_position_drift,iter2_confirm,B_low_pm,11653,6822,6864,818.1531136921822,131.6526132197382,52.6944444444445,18
B_position_drift,iter3_repos_k0283,B_new_remount,12397,8193,7787,761.9724197672824,174.42387675161348,51.73749999999977,16
B_position_drift,iter3_repos_k0283,B_new_remount,12378,8163,7590,763.3285663257391,167.59646103748543,51.73749999999977,16
B_position_drift,iter3_repos_k0283,B_new_remount,12405,8117,7644,761.4025681076179,166.65774759092548,51.73749999999977,16
B_position_drift,iter3_repos_k0283,B_new_remount,12384,8023,7519,762.8998908527132,160.38276401639567,51.73749999999977,16
B_position_drift,iter3_repos_k0283,B_new_remount,12417,8089,7660,760.5490725984537,165.7274778384583,51.73749999999977,16
B_position_drift,iter3_repos_k0283,B_new_remount,12399,8127,7663,761.8298926602951,167.89279298989197,51.73749999999977,16
B_position_drift,iter3_repos_k0283,B_new_remount,12472,8167,7617,756.65678355356,164.46229578258394,51.73749999999977,16
B_position_drift,iter3_repos_k0283,B_new_remount,12405,8150,7609,761.4025681076179,166.59124722675116,51.73749999999977,16
B_position_drift,iter3_repos_k0283,B_new_remount,12401,8149,7567,761.6874083618256,165.34244881258616,51.73749999999977,16
B_position_drift,iter3_repos_k0283,B_new_remount,12401,8242,7607,761.6874083618256,169.78325758695735,51.73749999999977,16
B_position_drift,iter3_repos_k0283,B_new_remount,12412,8117,7576,760.9045089977441,164.1001612537468,51.73749999999977,16
B_position_drift,iter3_repos_k0283,B_new_remount,12408,8141,7659,761.1890501353965,167.82377922867641,51.73749999999977,16
B_position_drift,iter3_repos_k0283,B_new_remount,12407,8121,7640,761.2602121105022,166.56880195630964,51.73749999999977,16
B_position_drift,iter3_repos_k0283,B_new_remount,12352,8016,7524,765.1906420725388,161.69729043311048,51.73749999999977,16
B_position_drift,iter3_repos_k0283,B_new_remount,12403,8003,7501,761.544966851165,158.34731648604864,51.73749999999977,16
B_position_drift,iter3_repos_k0283,B_new_remount,12411,8071,7585,760.975628272903,162.93018038710986,51.73749999999977,16
B_position_drift,iter5_bot_core_only,B_low_bot_core,12551,6354,7179,751.1215932670704,99.39395636512283,53.757142857142426,14
B_position_drift,iter5_bot_core_only,B_low_bot_core,12593,6535,7170,748.205129965457,102.25021005363921,53.757142857142426,14
B_position_drift,iter5_bot_core_only,B_low_bot_core,12563,6268,7180,750.2864687618403,97.14402459363625,53.757142857142426,14
B_position_drift,iter5_bot_core_only,B_low_bot_core,12469,6113,7159,756.8682662037854,95.5965668645722,53.757142857142426,14
B_position_drift,iter5_bot_core_only,B_low_bot_core,12505,6269,7124,754.3367055077969,97.40318209158784,53.757142857142426,14
B_position_drift,iter5_bot_core_only,B_low_bot_core,12517,6196,7103,753.4958622237757,94.97778298449144,53.757142857142426,14
B_position_drift,iter5_bot_core_only,B_low_bot_core,12560,6354,7134,750.4951108280254,98.12864360508861,53.757142857142426,14
B_position_drift,iter5_bot_core_only,B_low_bot_core,12539,6200,7148,751.9582035644788,95.51294454787399,53.757142857142426,14
B_position_drift,iter5_bot_core_only,B_low_bot_core,12529,6210,7068,752.6565168724559,94.20755980499659,53.757142857142426,14
B_position_drift,iter5_bot_core_only,B_low_bot_core,12557,6185,7083,750.7038455566617,93.28661517213777,53.757142857142426,14
B_position_drift,iter5_bot_core_only,B_low_bot_core,12540,6168,7115,751.8884291866029,94.04193730528505,53.757142857142426,14
B_position_drift,iter5_bot_core_only,B_low_bot_core,12554,6174,7067,750.9126730141787,92.76892111381272,53.757142857142426,14
B_position_drift,iter5_bot_core_only,B_low_bot_core,12520,6169,7150,753.2858856230031,95.34835026425252,53.757142857142426,14
B_position_drift,iter5_bot_core_only,B_low_bot_core,12548,6219,7059,751.3306063818934,93.73113335360483,53.757142857142426,14
B_position_drift,iter5b_top_low_highpos,B_high_splash,7543,3146,7169,1315.2487015318839,219.76850248101735,78.79999999999951,9
B_position_drift,iter5b_top_low_highpos,B_high_splash,7628,3182,7122,1299.7634748925013,211.54901498122734,78.79999999999951,9
B_position_drift,iter5b_top_low_highpos,B_high_splash,7573,3079,7066,1309.744703057573,206.3224972171854,78.79999999999951,9
B_position_drift,iter5b_top_low_highpos,B_high_splash,7534,3079,7126,1316.9082200451287,213.47487993618978,78.79999999999951,9
B_position_drift,iter5b_top_low_highpos,B_high_splash,7711,3090,7110,1284.963175916872,198.2921629859924,78.79999999999951,9
B_position_drift,iter5b_top_low_highpos,B_high_splash,7144,3169,138212,1392.7302365509518,1236329.3800038972,78.79999999999951,9
B_position_drift,iter5b_top_low_highpos,B_high_splash,7308,3193,8974,1359.8849660755336,401.83619581618797,78.79999999999951,9
B_position_drift,iter5b_top_low_highpos,B_high_splash,7335,3147,8488,1354.6148720347649,346.43286764192294,78.79999999999951,9
B_position_drift,iter5b_top_low_highpos,B_high_splash,7254,3592,8568,1370.5398909594705,410.4254695456327,78.79999999999951,9
B_position_drift,iter5b_pos3_top_low,B_mid_low_remount,12377,7022,6546,763.4000498711318,104.97946618713404,51.27142857142835,14
B_position_drift,iter5b_pos3_top_low,B_mid_low_remount,12468,7001,6557,756.9387814629451,102.21001789692606,51.27142857142835,14
B_position_drift,iter5b_pos3_top_low,B_mid_low_remount,12474,7176,6573,756.5158477008177,106.60925795475691,51.27142857142835,14
B_position_drift,iter5b_pos3_top_low,B_mid_low_remount,12439,7032,6547,758.98831284629,103.50696562995634,51.27142857142835,14
B_position_drift,iter5b_pos3_top_low,B_mid_low_remount,12322,6886,6523,767.3482868024671,102.69570914566357,51.27142857142835,14
B_position_drift,iter5b_pos3_top_low,B_mid_low_remount,12395,7117,6600,762.1149897035094,108.10092915456705,51.27142857142835,14
B_position_drift,iter5b_pos3_top_low,B_mid_low_remount,12456,6989,6604,757.7857862813102,103.368856369597,51.27142857142835,14
B_position_drift,iter5b_pos3_top_low,B_mid_low_remount,12527,7187,6607,752.7963039239243,106.19108521547196,51.27142857142835,14
B_position_drift,iter5b_pos3_top_low,B_mid_low_remount,12351,6846,6568,765.2624062096187,102.01347311613921,51.27142857142835,14
B_position_drift,iter5b_pos3_top_low,B_mid_low_remount,12460,7112,6651,757.5032826645265,107.35059289099914,51.27142857142835,14
B_position_drift,iter5b_pos3_top_low,B_mid_low_remount,12419,6998,6596,760.4069726463483,104.42373553726604,51.27142857142835,14
B_position_drift,iter5b_pos3_top_low,B_mid_low_remount,12365,7119,6550,764.2586923877882,107.78917493957452,51.27142857142835,14
B_position_drift,iter5b_pos3_top_low,B_mid_low_remount,12451,7175,6648,758.1391533286483,109.08391736259554,51.27142857142835,14
B_position_drift,iter5b_pos3_top_low,B_mid_low_remount,12471,7315,6681,756.7272672516237,112.808028547994,51.27142857142835,14
B_position_drift,iter7_hybrid_pos3,B_mid_low_remount,12360,7404,6742,764.6169184466019,120.15975375212393,51.97692307692301,13
B_position_drift,iter7_hybrid_pos3,B_mid_low_remount,12357,7413,6750,764.8319837059965,120.70973164554307,51.97692307692301,13
B_position_drift,iter7_hybrid_pos3,B_mid_low_remount,12369,7354,6680,763.972305788261,116.92386590651603,51.97692307692301,13
B_position_drift,iter7_hybrid_pos3,B_mid_low_remount,12353,7285,6762,765.1188887602202,117.76905806989633,51.97692307692301,13
B_position_drift,iter7_hybrid_pos3,B_mid_low_remount,12381,7361,6797,763.1141802192876,119.80089675581176,51.97692307692301,13
B_position_drift,iter7_hybrid_pos3,B_mid_low_remount,12373,7220,6635,763.6860916717853,112.20038281664874,51.97692307692301,13
B_position_drift,iter7_hybrid_pos3,B_mid_low_remount,12285,6857,6608,770.0229052808303,105.08782498618018,51.97692307692301,13
B_position_drift,iter7_hybrid_pos3,B_mid_low_remount,12347,7357,6766,765.5495710581517,119.96828540403968,51.97692307692301,13
B_position_drift,iter7_hybrid_pos3,B_mid_low_remount,12360,7254,6804,764.6169184466019,117.8356899521014,51.97692307692301,13
B_position_drift,iter7_hybrid_pos3,B_mid_low_remount,12362,7385,6722,764.4735956301569,119.06181127318924,51.97692307692301,13
B_position_drift,iter7_hybrid_pos3,B_mid_low_remount,12403,7115,6689,761.544966851165,110.02282288029208,51.97692307692301,13
B_position_drift,iter7_hybrid_pos3,B_mid_low_remount,12365,7321,6724,764.2586923877882,117.33707415733215,51.97692307692301,13
B_position_drift,iter7_hybrid_pos3,B_mid_low_remount,12404,7053,6625,761.4737621347952,106.88401807118565,51.97692307692301,13
B_position_drift,iter7b_stable,B_mid_low_remount,12392,6910,6562,762.3289249580373,102.26206707932957,61.70000000000057,11
B_position_drift,iter7b_stable,B_mid_low_remount,12363,7310,6695,764.4019504210144,116.35713663478194,61.70000000000057,11
B_position_drift,iter7b_stable,B_mid_low_remount,12349,7193,6680,765.4059669685805,113.38719846290917,61.70000000000057,11
B_position_drift,iter7b_stable,B_mid_low_remount,12507,7213,6530,754.1964607543775,105.52909872338725,61.70000000000057,11
B_position_drift,iter7b_stable,B_mid_low_remount,12402,7138,6609,761.616182259313,108.63740768778334,61.70000000000057,11
B_position_drift,iter7b_stable,B_mid_low_remount,12373,7114,6652,763.6860916717853,109.96170757202394,61.70000000000057,11
B_position_drift,iter7b_stable,B_mid_low_remount,12308,7326,6767,768.3585417679558,120.43207676303223,61.70000000000057,11
B_position_drift,iter7b_stable,B_mid_low_remount,12346,7480,6882,765.6213893584967,126.4739894773524,61.70000000000057,11
B_position_drift,iter7b_stable,B_mid_low_remount,12235,7231,6778,773.6612113914998,120.5583586253857,61.70000000000057,11
B_position_drift,iter7b_stable,B_mid_low_remount,12346,7426,6891,765.6213893584967,125.23708948821563,61.70000000000057,11
B_position_drift,iter7b_stable,B_mid_low_remount,12347,7431,6855,765.5495710581517,124.35642964977897,61.70000000000057,11
C_raw_waveform,p1_high_run02,P1_high,11504,5870,6889,830.2210023922114,110.3943742996374,51.19375000000004,16
C_raw_waveform,p1_high_run02,P1_high,11523,5871,6886,828.6658344402499,109.74411145247117,51.19375000000004,16
C_raw_waveform,p1_high_run02,P1_high,11448,5853,6878,834.832884947589,111.41337423155747,51.19375000000004,16
C_raw_waveform,p1_high_run02,P1_high,9933,5674,7614,978.1587316475385,201.38137815421246,51.19375000000004,16
C_raw_waveform,p1_high_run02,P1_high,10057,5769,7435,964.8893669737496,189.78855165923497,51.19375000000004,16
C_raw_waveform,p1_high_run02,P1_high,10034,5723,7545,967.3269812457644,194.06853420346252,51.19375000000004,16
C_raw_waveform,p1_high_run02,P1_high,10101,5754,7459,960.2556048010099,187.55077661915664,51.19375000000004,16
C_raw_waveform,p1_high_run02,P1_high,10023,5743,7522,968.4965684181383,194.61399692731177,51.19375000000004,16
C_raw_waveform,p1_high_run02,P1_high,9843,5551,7593,987.9895150518136,200.43940988275259,51.19375000000004,16
C_raw_waveform,p1_high_run02,P1_high,10030,5774,7518,967.7520025423729,195.40699554991983,51.19375000000004,16
C_raw_waveform,p1_high_run02,P1_high,9968,5692,7603,974.381438330658,199.4571108852309,51.19375000000004,16
C_raw_waveform,p1_high_run02,P1_high,10075,5806,7529,962.9890728908189,194.5664648034071,51.19375000000004,16
C_raw_waveform,p1_high_run02,P1_high,10054,5773,7566,965.2067134493734,196.0514919864152,51.19375000000004,16
C_raw_waveform,p1_high_run02,P1_high,10026,5766,7518,968.1773473189705,195.29180974823635,51.19375000000004,16
C_raw_waveform,p1_high_run02,P1_high,10021,5745,7584,968.7094837735754,197.6634327290495,51.19375000000004,16
C_raw_waveform,p1_high_run02,P1_high,10053,5728,7573,965.3125357460459,194.3881114697921,51.19375000000004,16
C_raw_waveform,p2_minus1mm_run02,P2_minus1mm,10020,3603,5898,968.8159718562874,69.61602367093666,44.7090909090909,11
C_raw_waveform,p2_minus1mm_run02,P2_minus1mm,9436,3169,5963,1034.6829312335735,74.77089842376903,44.7090909090909,11
C_raw_waveform,p2_minus1mm_run02,P2_minus1mm,10257,3813,5723,944.1322345378767,65.28147527313179,44.7090909090909,11
C_raw_waveform,p2_minus1mm_run02,P2_minus1mm,9812,3372,5819,991.4155562250305,67.27575875161503,44.7090909090909,11
C_raw_waveform,p2_minus1mm_run02,P2_minus1mm,9742,3337,5850,999.228423689181,68.75109363190967,44.7090909090909,11
C_raw_waveform,p2_minus1mm_run02,P2_minus1mm,9558,3193,5897,1020.2868737790333,70.75095362857215,44.7090909090909,11
C_raw_waveform,p2_minus1mm_run02,P2_minus1mm,10115,3650,5790,958.7892863445379,66.2040213754009,44.7090909090909,11
C_raw_waveform,p2_minus1mm_run02,P2_minus1mm,11279,5321,5503,849.0119957349942,70.75062065072717,44.7090909090909,11
C_raw_waveform,p2_minus1mm_run02,P2_minus1mm,8695,3817,7942,1130.4390065986197,210.56503573955828,44.7090909090909,11
C_raw_waveform,p2_minus1mm_run02,P2_minus1mm,8643,3845,8026,1137.751867714335,220.92082909696865,44.7090909090909,11
C_raw_waveform,p2_minus1mm_run02,P2_minus1mm,8691,3825,8028,1130.998535921643,216.09641970648093,44.7090909090909,11
C_raw_waveform,p3_minus4mm_run01,P3_minus4mm,8634,3854,8092,1139.02618552467,225.97973957167207,49.73333333333333,24
C_raw_waveform,p3_minus4mm_run01,P3_minus4mm,8738,3873,8031,1124.4552850972764,215.2846905754172,49.73333333333333,24
C_raw_waveform,p3_minus4mm_run01,P3_minus4mm,8639,3848,8134,1138.3179147464984,227.66608994974476,49.73333333333333,24
C_raw_waveform,p3_minus4mm_run01,P3_minus4mm,8801,3902,8029,1115.790304180775,211.942219202394,49.73333333333333,24
C_raw_waveform,p3_minus4mm_run01,P3_minus4mm,8590,3855,8218,1145.2932909778813,237.22652445073064,49.73333333333333,24
C_raw_waveform,p3_minus4mm_run01,P3_minus4mm,8601,3884,8207,1143.7207102772934,237.36040668804102,49.73333333333333,24
C_raw_waveform,p3_minus4mm_run01,P3_minus4mm,8677,4091,8314,1132.9608086037802,249.8457703817503,49.73333333333333,24
C_raw_waveform,p3_minus4mm_run01,P3_minus4mm,8510,3875,8427,1156.8483442420682,258.82876202804147,49.73333333333333,24
C_raw_waveform,p3_minus4mm_run01,P3_minus4mm,8714,3883,8176,1127.7880113174203,225.97203492094795,49.73333333333333,24
C_raw_waveform,p3_minus4mm_run01,P3_minus4mm,8514,3868,8397,1156.2656094221284,256.0640438474257,49.73333333333333,24
C_raw_waveform,p3_minus4mm_run01,P3_minus4mm,8574,3900,8396,1147.5876370678795,252.43882678015714,49.73333333333333,24
C_raw_waveform,p3_minus4mm_run01,P3_minus4mm,8616,3883,8307,1141.5825311420613,242.06190528198542,49.73333333333333,24
C_raw_waveform,p3_minus4mm_run01,P3_minus4mm,8626,3900,8396,1140.1610674959425,247.69341961231623,49.73333333333333,24
C_raw_waveform,p3_minus4mm_run01,P3_minus4mm,8623,3855,8315,1140.5871723593875,240.22875291838196,49.73333333333333,24
C_raw_waveform,p3_minus4mm_run01,P3_minus4mm,8595,3924,8400,1144.5779996945898,252.26798192533852,49.73333333333333,24
C_raw_waveform,p3_minus4mm_run01,P3_minus4mm,8623,3919,8452,1140.5871723593875,252.6482495041976,49.73333333333333,24
C_raw_waveform,p3_minus4mm_run01,P3_minus4mm,8574,3949,8556,1147.5876370678795,265.87811421753776,49.73333333333333,24
C_raw_waveform,p3_minus4mm_run01,P3_minus4mm,8710,3947,8413,1128.3451882319175,244.13703255608075,49.73333333333333,24
C_raw_waveform,p3_minus4mm_run01,P3_minus4mm,8548,3856,8491,1151.3336416565278,258.1215779315075,49.73333333333333,24
C_raw_waveform,p3_minus4mm_run01,P3_minus4mm,8574,3952,8448,1147.5876370678795,259.0668089283292,49.73333333333333,24
C_raw_waveform,p3_minus4mm_run01,P3_minus4mm,8663,3871,8469,1134.9292016685906,247.08790882243207,49.73333333333333,24
C_raw_waveform,p3_minus4mm_run01,P3_minus4mm,8636,3932,8552,1138.7427822047243,258.59379910403953,49.73333333333333,24
C_raw_waveform,p3_minus4mm_run01,P3_minus4mm,8621,3923,8569,1140.871401333372,260.5218141680135,49.73333333333333,24
C_raw_waveform,p3_minus4mm_run01,P3_minus4mm,8552,3904,8643,1150.7559011786716,270.8092306564979,49.73333333333333,24
