EVT,238776,DROP dt=9 tau=5 V=189.6
DROP,238776,29,9933,5674,7614,96,66,1896,2,6601,3807,3493
DROP_RAW_BEGIN,238776,29,880,238552371,238576896,238559404
RAW,238552371,3702,3393
RAW,238552399,3703,3393
RAW,238552426,3702,3393
RAW,238552454,3702,3392
RAW,238552481,3702,3394
RAW,238552509,3702,3392
RAW,238552536,3702,3393
RAW,238552563,3699,3392
RAW,238552591,3703,3393
RAW,238552618,3702,3393
RAW,238552646,3704,3394
RAW,238552673,3703,3394
RAW,238552701,3703,3393
RAW,238552728,3701,3392
RAW,238552756,3702,3393
RAW,238552783,3702,3391
RAW,238552811,3702,3393
RAW,238552838,3702,3393
RAW,238552865,3702,3390
RAW,238552893,3701,3394
RAW,238552920,3702,3393
RAW,238552948,3702,3393
RAW,238552975,3699,3393
RAW,238553003,3702,3390
RAW,238553030,3703,3391
RAW,238553058,3702,3393
RAW,238553085,3701,3392
RAW,238553113,3701,3391
RAW,238553140,3701,3391
RAW,238553167,3701,3391
RAW,238553195,3702,3391
RAW,238553222,3702,3392
RAW,238553250,3702,3394
RAW,238553277,3702,3394
RAW,238553305,3702,3395
RAW,238553332,3702,3393
RAW,238553360,3702,3394
RAW,238553387,3699,3393
RAW,238553414,3702,3395
RAW,238553442,3702,3390
RAW,238553469,3702,3393
RAW,238553497,3703,3394
RAW,238553524,3701,3393
RAW,238553552,3701,3393
RAW,238553579,3699,3393
RAW,238553608,3701,3391
RAW,238553635,3701,3393
RAW,238553663,3701,3393
RAW,238553690,3701,3391
RAW,238553718,3699,3393
RAW,238553745,3702,3393
RAW,238553773,3702,3391
RAW,238553800,3699,3393
RAW,238553828,3701,3393
RAW,238553855,3699,3393
RAW,238553882,3699,3391
RAW,238553910,3700,3394
RAW,238553937,3701,3392
RAW,238553965,3701,3391
RAW,238553992,3702,3393
RAW,238554020,3701,3393
RAW,238554047,3699,3393
RAW,238554075,3699,3392
RAW,238554102,3701,3390
RAW,238554130,3701,3393
RAW,238554157,3699,3392
RAW,238554184,3699,3393
RAW,238554212,3702,3391
RAW,238554239,3698,3393
RAW,238554267,3699,3391
RAW,238554294,3699,3391
RAW,238554322,3699,3393
RAW,238554349,3701,3392
RAW,238554377,3699,3391
RAW,238554404,3699,3394
RAW,238554432,3699,3394
RAW,238554459,3701,3394
RAW,238554486,3701,3393
RAW,238554514,3699,3391
RAW,238554541,3699,3394
RAW,238554569,3701,3393
RAW,238554597,3701,3392
RAW,238554625,3701,3391
RAW,238554652,3699,3391
RAW,238554680,3699,3391
RAW,238554707,3701,3394
RAW,238554735,3701,3394
RAW,238554762,3701,3390
RAW,238554790,3701,3393
RAW,238554817,3699,3391
RAW,238554845,3701,3393
RAW,238554872,3699,3394
RAW,238554899,3698,3393
RAW,238554927,3699,3392
RAW,238554954,3701,3391
RAW,238554982,3699,3393
RAW,238555009,3701,3393
RAW,238555037,3700,3393
RAW,238555064,3699,3393
RAW,238555092,3701,3394
RAW,238555119,3701,3392
RAW,238555147,3699,3393
RAW,238555174,3701,3392
RAW,238555201,3699,3393
RAW,238555229,3699,3393
RAW,238555256,3701,3393
RAW,238555284,3700,3394
RAW,238555311,3701,3394
RAW,238555339,3701,3392
RAW,238555366,3701,3393
RAW,238555394,3701,3394
RAW,238555421,3699,3392
RAW,238555449,3699,3391
RAW,238555476,3698,3394
RAW,238555503,3699,3393
RAW,238555531,3701,3393
RAW,238555558,3700,3392
RAW,238555586,3700,3393
RAW,238555613,3699,3393
RAW,238555641,3699,3393
RAW,238555668,3699,3392
RAW,238555696,3699,3393
RAW,238555723,3699,3392
RAW,238555751,3699,3393
RAW,238555778,3701,3393
RAW,238555805,3701,3393
RAW,238555833,3695,3391
RAW,238555860,3701,3393
RAW,238555888,3695,3393
RAW,238555915,3699,3393
RAW,238555943,3701,3393
RAW,238555970,3695,3394
RAW,238555998,3699,3392
RAW,238556025,3699,3392
RAW,238556052,3695,3391
RAW,238556080,3697,3391
RAW,238556107,3695,3393
RAW,238556135,3695,3394
RAW,238556162,3695,3393
RAW,238556190,3694,3392
RAW,238556217,3695,3394
RAW,238556245,3695,3393
RAW,238556272,3694,3393
RAW,238556300,3693,3393
RAW,238556327,3691,3393
RAW,238556354,3694,3393
RAW,238556382,3693,3393
RAW,238556409,3693,3394
RAW,238556437,3691,3393
RAW,238556464,3691,3391
RAW,238556492,3690,3392
RAW,238556519,3691,3390
RAW,238556547,3690,3391
RAW,238556574,3691,3391
RAW,238556603,3689,3394
RAW,238556630,3687,3393
RAW,238556658,3688,3393
RAW,238556685,3686,3392
RAW,238556713,3687,3394
RAW,238556740,3686,3391
RAW,238556768,3685,3393
RAW,238556795,3683,3393
RAW,238556822,3682,3393
RAW,238556850,3682,3393
RAW,238556877,3682,3393
RAW,238556905,3679,3391
RAW,238556932,3680,3393
RAW,238556960,3679,3394
RAW,238556987,3679,3392
RAW,238557015,3677,3392
RAW,238557042,3674,3393
RAW,238557070,3677,3391
RAW,238557097,3677,3393
RAW,238557124,3675,3393
RAW,238557152,3677,3394
RAW,238557179,3677,3393
RAW,238557207,3675,3390
RAW,238557234,3675,3391
RAW,238557262,3675,3393
RAW,238557289,3678,3393
RAW,238557317,3679,3390
RAW,238557344,3677,3392
RAW,238557372,3678,3394
RAW,238557399,3679,3390
RAW,238557426,3679,3392
RAW,238557454,3679,3391
RAW,238557481,3682,3394
RAW,238557509,3683,3394
RAW,238557536,3684,3393
RAW,238557564,3683,3393
RAW,238557591,3686,3394
RAW,238557619,3687,3391
RAW,238557646,3689,3392
RAW,238557674,3689,3393
RAW,238557701,3690,3393
RAW,238557728,3694,3393
RAW,238557756,3695,3393
RAW,238557783,3695,3393
RAW,238557811,3695,3391
RAW,238557838,3695,3393
RAW,238557866,3702,3393
RAW,238557893,3703,3392
RAW,238557921,3705,3393
RAW,238557948,3707,3391
RAW,238557976,3707,3392
RAW,238558003,3711,3394
RAW,238558030,3711,3393
RAW,238558058,3715,3392
RAW,238558085,3717,3391
RAW,238558113,3717,3393
RAW,238558140,3719,3391
RAW,238558168,3721,3392
RAW,238558195,3725,3391
RAW,238558223,3727,3390
RAW,238558250,3727,3393
RAW,238558277,3727,3395
RAW,238558305,3733,3394
RAW,238558332,3733,3393
RAW,238558360,3735,3393
RAW,238558387,3738,3393
RAW,238558415,3739,3391
RAW,238558442,3741,3393
RAW,238558470,3743,3391
RAW,238558497,3747,3393
RAW,238558525,3749,3394
RAW,238558552,3751,3393
RAW,238558579,3751,3391
RAW,238558608,3755,3391
RAW,238558636,3757,3394
RAW,238558663,3758,3393
RAW,238558691,3761,3393
RAW,238558718,3764,3391
RAW,238558745,3767,3393
RAW,238558773,3767,3393
RAW,238558800,3769,3394
RAW,238558828,3771,3393
RAW,238558855,3774,3393
RAW,238558883,3775,3391
RAW,238558910,3779,3391
RAW,238558938,3781,3393
RAW,238558965,3783,3391
RAW,238558993,3783,3392
RAW,238559020,3786,3393
RAW,238559047,3789,3394
RAW,238559075,3790,3393
RAW,238559102,3789,3390
RAW,238559130,3791,3391
RAW,238559157,3791,3391
RAW,238559185,3795,3392
RAW,238559212,3797,3392
RAW,238559240,3798,3391
RAW,238559267,3799,3394
RAW,238559295,3801,3394
RAW,238559322,3803,3393
RAW,238559349,3803,3394
RAW,238559377,3803,3392
RAW,238559404,3807,3393
RAW,238559446,3807,3392
RAW,238559474,3810,3394
RAW,238559502,3810,3392
RAW,238559530,3811,3393
RAW,238559558,3811,3392
RAW,238559586,3814,3393
RAW,238559614,3814,3393
RAW,238559642,3816,3391
RAW,238559670,3816,3392
RAW,238559698,3817,3391
RAW,238559726,3817,3393
RAW,238559754,3818,3392
RAW,238559782,3819,3393
RAW,238559810,3819,3391
RAW,238559838,3819,3392
RAW,238559866,3819,3393
RAW,238559893,3818,3394
RAW,238559921,3821,3393
RAW,238559949,3819,3393
RAW,238559977,3821,3391
RAW,238560005,3819,3393
RAW,238560033,3821,3393
RAW,238560061,3819,3393
RAW,238560089,3821,3390
RAW,238560117,3821,3391
RAW,238560145,3819,3393
RAW,238560173,3819,3393
RAW,238560201,3821,3391
RAW,238560229,3822,3393
RAW,238560257,3822,3393
RAW,238560285,3823,3393
RAW,238560313,3823,3391
RAW,238560341,3823,3391
RAW,238560369,3827,3392
RAW,238560397,3827,3391
RAW,238560425,3831,3393
RAW,238560453,3830,3393
RAW,238560481,3833,3393
RAW,238560509,3835,3393
RAW,238560537,3838,3393
RAW,238560565,3839,3395
RAW,238560593,3843,3391
RAW,238560622,3846,3392
RAW,238560650,3847,3391
RAW,238560678,3851,3391
RAW,238560706,3854,3390
RAW,238560734,3857,3390
RAW,238560762,3861,3391
RAW,238560790,3863,3393
RAW,238560818,3866,3391
RAW,238560846,3867,3392
RAW,238560874,3870,3393
RAW,238560902,3874,3393
RAW,238560930,3875,3393
RAW,238560958,3875,3393
RAW,238560986,3878,3390
RAW,238561014,3879,3392
RAW,238561042,3882,3393
RAW,238561069,3883,3393
RAW,238561097,3886,3390
RAW,238561125,3887,3393
RAW,238561153,3887,3391
RAW,238561181,3893,3390
RAW,238561209,3898,3391
RAW,238561237,3898,3393
RAW,238561265,3902,3390
RAW,238561293,3899,3395
RAW,238561321,3907,3393
RAW,238561349,3910,3391
RAW,238561377,3911,3393
RAW,238561405,3915,3393
RAW,238561433,3919,3393
RAW,238561461,3919,3393
RAW,238561489,3923,3390
RAW,238561517,3923,3393
RAW,238561545,3927,3394
RAW,238561573,3929,3392
RAW,238561602,3931,3391
RAW,238561630,3934,3393
RAW,238561658,3935,3391
RAW,238561686,3937,3393
RAW,238561714,3939,3390
RAW,238561742,3941,3391
RAW,238561770,3943,3393
RAW,238561798,3943,3392
RAW,238561826,3946,3390
RAW,238561854,3947,3391
RAW,238561882,3949,3393
RAW,238561910,3951,3392
RAW,238561938,3950,3391
RAW,238561966,3955,3390
RAW,238561994,3955,3393
RAW,238562022,3955,3391
RAW,238562050,3955,3391
RAW,238562078,3958,3391
RAW,238562106,3958,3392
RAW,238562134,3959,3393
RAW,238562162,3960,3391
RAW,238562190,3959,3392
RAW,238562217,3961,3391
RAW,238562245,3961,3393
RAW,238562273,3960,3391
RAW,238562301,3959,3394
RAW,238562329,3961,3393
RAW,238562357,3961,3393
RAW,238562385,3960,3393
RAW,238562413,3959,3391
RAW,238562441,3959,3392
RAW,238562469,3959,3393
RAW,238562497,3958,3394
RAW,238562525,3958,3393
RAW,238562553,3957,3391
RAW,238562581,3955,3393
RAW,238562610,3951,3391
RAW,238562638,3951,3393
RAW,238562666,3951,3391
RAW,238562694,3949,3390
RAW,238562721,3947,3393
RAW,238562749,3945,3390
RAW,238562777,3944,3391
RAW,238562805,3939,3390
RAW,238562833,3938,3393
RAW,238562861,3935,3392
RAW,238562889,3935,3393
RAW,238562917,3931,3393
RAW,238562945,3930,3393
RAW,238562973,3927,3393
RAW,238563001,3919,3393
RAW,238563029,3923,3391
RAW,238563057,3918,3391
RAW,238563085,3918,3394
RAW,238563113,3915,3392
RAW,238563141,3909,3393
RAW,238563169,3907,3392
RAW,238563197,3905,3393
RAW,238563225,3901,3393
RAW,238563253,3899,3394
RAW,238563281,3894,3393
RAW,238563309,3892,3392
RAW,238563337,3887,3393
RAW,238563365,3885,3393
RAW,238563393,3884,3393
RAW,238563421,3880,3391
RAW,238563449,3874,3394
RAW,238563477,3871,3393
RAW,238563505,3869,3392
RAW,238563533,3866,3393
RAW,238563561,3863,3391
RAW,238563589,3861,3393
RAW,238563616,3855,3394
RAW,238563644,3855,3390
RAW,238563672,3851,3394
RAW,238563700,3847,3391
RAW,238563728,3845,3392
RAW,238563756,3839,3394
RAW,238563784,3839,3393
RAW,238563812,3838,3393
RAW,238563840,3834,3393
RAW,238563868,3832,3393
RAW,238563896,3827,3392
RAW,238563924,3823,3393
RAW,238563952,3823,3393
RAW,238563980,3819,3392
RAW,238564008,3820,3393
RAW,238564036,3815,3393
RAW,238564064,3813,3391
RAW,238564092,3812,3391
RAW,238564120,3807,3393
RAW,238564148,3807,3392
RAW,238564176,3803,3391
RAW,238564204,3802,3393
RAW,238564232,3797,3393
RAW,238564260,3795,3393
RAW,238564288,3791,3391
RAW,238564316,3791,3391
RAW,238564344,3789,3393
RAW,238564372,3787,3393
RAW,238564400,3785,3393
RAW,238564428,3781,3393
RAW,238564456,3779,3393
RAW,238564483,3778,3393
RAW,238564511,3774,3390
RAW,238564539,3771,3390
RAW,238564567,3770,3392
RAW,238564597,3766,3392
RAW,238564625,3766,3393
RAW,238564653,3763,3393
RAW,238564681,3759,3391
RAW,238564709,3757,3394
RAW,238564736,3755,3391
RAW,238564764,3754,3391
RAW,238564792,3751,3393
RAW,238564820,3750,3394
RAW,238564848,3750,3394
RAW,238564876,3746,3390
RAW,238564904,3743,3391
RAW,238564932,3743,3392
RAW,238564960,3741,3390
RAW,238564988,3739,3394
RAW,238565016,3737,3390
RAW,238565044,3735,3393
RAW,238565072,3733,3391
RAW,238565114,3731,3390
RAW,238565142,3727,3391
RAW,238565170,3727,3391
RAW,238565198,3725,3394
RAW,238565226,3723,3392
RAW,238565253,3722,3391
RAW,238565281,3721,3394
RAW,238565309,3719,3392
RAW,238565337,3714,3391
RAW,238565365,3714,3390
RAW,238565393,3712,3391
RAW,238565421,3711,3393
RAW,238565449,3709,3393
RAW,238565477,3706,3393
RAW,238565505,3707,3392
RAW,238565533,3703,3391
RAW,238565561,3702,3392
RAW,238565589,3699,3394
RAW,238565617,3699,3392
RAW,238565645,3695,3394
RAW,238565673,3695,3393
RAW,238565701,3695,3392
RAW,238565729,3694,3393
RAW,238565757,3690,3393
RAW,238565785,3690,3393
RAW,238565813,3689,3392
RAW,238565841,3690,3394
RAW,238565869,3687,3394
RAW,238565897,3683,3391
RAW,238565925,3685,3390
RAW,238565953,3685,3392
RAW,238565981,3683,3391
RAW,238566009,3682,3393
RAW,238566037,3679,3393
RAW,238566065,3680,3393
RAW,238566093,3679,3393
RAW,238566121,3679,3390
RAW,238566149,3678,3393
RAW,238566177,3678,3392
RAW,238566205,3679,3393
RAW,238566233,3677,3393
RAW,238566261,3676,3390
RAW,238566289,3678,3392
RAW,238566317,3675,3393
RAW,238566345,3675,3394
RAW,238566373,3677,3391
RAW,238566401,3675,3393
RAW,238566429,3674,3391
RAW,238566457,3674,3390
RAW,238566485,3675,3393
RAW,238566513,3675,3393
RAW,238566541,3675,3391
RAW,238566569,3675,3394
RAW,238566598,3675,3394
RAW,238566626,3677,3394
RAW,238566654,3677,3391
RAW,238566682,3677,3390
RAW,238566710,3679,3393
RAW,238566738,3675,3394
RAW,238566766,3679,3394
RAW,238566794,3679,3395
RAW,238566822,3681,3393
RAW,238566850,3679,3393
RAW,238566878,3682,3395
RAW,238566906,3684,3394
RAW,238566934,3683,3394
RAW,238566962,3682,3395
RAW,238566990,3683,3394
RAW,238567018,3687,3395
RAW,238567046,3687,3394
RAW,238567074,3687,3394
RAW,238567102,3689,3394
RAW,238567130,3690,3395
RAW,238567158,3691,3395
RAW,238567186,3691,3395
RAW,238567214,3694,3395
RAW,238567242,3694,3393
RAW,238567270,3695,3396
RAW,238567298,3697,3395
RAW,238567326,3701,3394
RAW,238567354,3702,3395
RAW,238567382,3702,3394
RAW,238567410,3703,3397
RAW,238567438,3703,3395
RAW,238567466,3705,3397
RAW,238567494,3707,3395
RAW,238567522,3706,3395
RAW,238567550,3707,3395
RAW,238567577,3707,3395
RAW,238567607,3707,3395
RAW,238567635,3707,3395
RAW,238567663,3709,3397
RAW,238567691,3707,3394
RAW,238567719,3709,3398
RAW,238567747,3709,3395
RAW,238567775,3707,3395
RAW,238567803,3707,3397
RAW,238567831,3707,3395
RAW,238567859,3709,3398
RAW,238567887,3709,3395
RAW,238567915,3707,3397
RAW,238567943,3707,3397
RAW,238567971,3707,3399
RAW,238567999,3710,3399
RAW,238568027,3710,3397
RAW,238568054,3711,3397
RAW,238568082,3710,3399
RAW,238568110,3709,3400
RAW,238568138,3711,3399
RAW,238568166,3711,3401
RAW,238568194,3710,3400
RAW,238568222,3709,3401
RAW,238568250,3709,3402
RAW,238568278,3709,3403
RAW,238568306,3709,3405
RAW,238568334,3710,3406
RAW,238568362,3707,3407
RAW,238568390,3707,3407
RAW,238568418,3707,3407
RAW,238568446,3709,3411
RAW,238568474,3709,3411
RAW,238568502,3707,3413
RAW,238568530,3707,3415
RAW,238568558,3706,3418
RAW,238568586,3706,3419
RAW,238568615,3705,3421
RAW,238568643,3705,3422
RAW,238568671,3705,3426
RAW,238568699,3706,3427
RAW,238568727,3703,3431
RAW,238568755,3706,3434
RAW,238568783,3703,3435
RAW,238568811,3704,3438
RAW,238568839,3704,3441
RAW,238568867,3703,3439
RAW,238568895,3703,3446
RAW,238568923,3703,3449
RAW,238568951,3703,3450
RAW,238568979,3702,3451
RAW,238569007,3703,3455
RAW,238569035,3703,3459
RAW,238569063,3702,3461
RAW,238569091,3703,3466
RAW,238569119,3702,3467
RAW,238569147,3703,3471
RAW,238569175,3701,3471
RAW,238569203,3702,3477
RAW,238569231,3703,3482
RAW,238569259,3703,3485
RAW,238569287,3701,3487
RAW,238569315,3702,3493
RAW,238569357,3702,3498
RAW,238569385,3702,3503
RAW,238569413,3702,3507
RAW,238569441,3702,3511
RAW,238569469,3702,3518
RAW,238569497,3702,3521
RAW,238569525,3704,3523
RAW,238569553,3702,3531
RAW,238569581,3702,3534
RAW,238569610,3703,3540
RAW,238569638,3702,3545
RAW,238569666,3701,3547
RAW,238569694,3703,3555
RAW,238569722,3703,3561
RAW,238569750,3703,3566
RAW,238569778,3702,3571
RAW,238569806,3701,3575
RAW,238569834,3701,3582
RAW,238569862,3701,3587
RAW,238569890,3702,3591
RAW,238569918,3703,3597
RAW,238569946,3703,3604
RAW,238569974,3702,3608
RAW,238570002,3703,3615
RAW,238570030,3703,3621
RAW,238570058,3702,3627
RAW,238570086,3699,3631
RAW,238570114,3703,3639
RAW,238570142,3699,3643
RAW,238570170,3703,3649
RAW,238570198,3702,3655
RAW,238570226,3702,3658
RAW,238570254,3703,3663
RAW,238570282,3702,3671
RAW,238570310,3701,3675
RAW,238570338,3699,3679
RAW,238570366,3701,3686
RAW,238570394,3703,3691
RAW,238570422,3702,3697
RAW,238570450,3702,3702
RAW,238570478,3703,3707
RAW,238570506,3699,3713
RAW,238570534,3702,3717
RAW,238570562,3703,3721
RAW,238570590,3703,3727
RAW,238570618,3702,3733
RAW,238570646,3702,3737
RAW,238570674,3703,3743
RAW,238570702,3702,3748
RAW,238570730,3702,3751
RAW,238570758,3702,3757
RAW,238570786,3702,3759
RAW,238570814,3702,3763
RAW,238570842,3703,3766
RAW,238570870,3701,3767
RAW,238570898,3702,3773
RAW,238570926,3699,3777
RAW,238570954,3702,3779
RAW,238570982,3702,3782
RAW,238571010,3702,3783
RAW,238571038,3701,3786
RAW,238571066,3701,3787
RAW,238571094,3699,3789
RAW,238571122,3703,3790
RAW,238571150,3701,3791
RAW,238571178,3704,3791
RAW,238571206,3702,3791
RAW,238571234,3699,3791
RAW,238571262,3702,3794
RAW,238571290,3703,3795
RAW,238571318,3702,3795
RAW,238571346,3702,3795
RAW,238571374,3702,3795
RAW,238571402,3703,3798
RAW,238571430,3703,3799
RAW,238571458,3703,3798
RAW,238571486,3699,3799
RAW,238571514,3699,3801
RAW,238571542,3703,3802
RAW,238571570,3702,3803
RAW,238571599,3699,3803
RAW,238571627,3699,3803
RAW,238571655,3702,3803
RAW,238571683,3702,3806
RAW,238571711,3703,3807
RAW,238571739,3703,3807
RAW,238571767,3703,3807
RAW,238571795,3702,3810
RAW,238571823,3703,3810
RAW,238571851,3702,3810
RAW,238571879,3703,3810
RAW,238571907,3702,3810
RAW,238571935,3703,3811
RAW,238571963,3701,3811
RAW,238571991,3702,3810
RAW,238572019,3702,3810
RAW,238572047,3703,3810
RAW,238572075,3702,3809
RAW,238572103,3699,3807
RAW,238572131,3699,3807
RAW,238572159,3702,3807
RAW,238572187,3703,3806
RAW,238572215,3699,3803
RAW,238572243,3703,3804
RAW,238572271,3702,3800
RAW,238572299,3702,3798
RAW,238572327,3702,3797
RAW,238572355,3703,3791
RAW,238572383,3702,3791
RAW,238572411,3703,3787
RAW,238572439,3699,3785
RAW,238572467,3703,3782
RAW,238572495,3703,3778
RAW,238572523,3702,3775
RAW,238572551,3703,3769
RAW,238572579,3702,3766
RAW,238572608,3701,3759
RAW,238572636,3703,3758
RAW,238572664,3702,3751
RAW,238572692,3703,3750
RAW,238572720,3703,3743
RAW,238572748,3701,3738
RAW,238572776,3702,3731
RAW,238572804,3702,3727
RAW,238572832,3703,3723
RAW,238572860,3701,3719
RAW,238572888,3699,3715
RAW,238572916,3703,3709
RAW,238572944,3703,3706
RAW,238572972,3703,3699
RAW,238573000,3702,3694
RAW,238573028,3703,3691
RAW,238573056,3703,3687
RAW,238573084,3702,3683
RAW,238573112,3702,3679
RAW,238573140,3701,3677
RAW,238573168,3702,3677
RAW,238573196,3702,3674
RAW,238573224,3703,3671
RAW,238573252,3703,3671
RAW,238573280,3701,3671
RAW,238573308,3703,3667
RAW,238573336,3702,3669
RAW,238573364,3702,3667
RAW,238573392,3702,3670
RAW,238573420,3703,3670
RAW,238573448,3703,3671
RAW,238573476,3702,3670
RAW,238573504,3701,3674
RAW,238573532,3703,3671
RAW,238573560,3703,3675
RAW,238573588,3704,3676
RAW,238573616,3702,3675
RAW,238573644,3703,3677
RAW,238573672,3703,3679
RAW,238573700,3703,3679
RAW,238573728,3703,3681
RAW,238573756,3703,3685
RAW,238573784,3703,3687
RAW,238573812,3701,3687
RAW,238573840,3702,3691
RAW,238573868,3699,3693
RAW,238573896,3701,3694
RAW,238573924,3702,3695
RAW,238573952,3702,3701
RAW,238573980,3703,3699
RAW,238574008,3701,3704
RAW,238574036,3703,3703
RAW,238574064,3702,3707
RAW,238574092,3703,3709
RAW,238574120,3702,3710
RAW,238574148,3703,3711
RAW,238574176,3702,3713
RAW,238574204,3702,3715
RAW,238574232,3703,3715
RAW,238574260,3703,3718
RAW,238574288,3703,3719
RAW,238574316,3703,3721
RAW,238574344,3699,3723
RAW,238574372,3703,3723
RAW,238574400,3703,3723
RAW,238574428,3703,3723
RAW,238574456,3703,3726
RAW,238574484,3703,3726
RAW,238574512,3701,3727
RAW,238574540,3703,3727
RAW,238574568,3702,3725
RAW,238574597,3703,3723
RAW,238574625,3703,3723
RAW,238574653,3701,3723
RAW,238574681,3702,3721
RAW,238574709,3702,3719
RAW,238574737,3703,3718
RAW,238574765,3702,3715
RAW,238574793,3701,3714
RAW,238574821,3702,3711
RAW,238574849,3703,3706
RAW,238574877,3702,3703
RAW,238574905,3702,3701
RAW,238574933,3703,3695
RAW,238574961,3702,3695
RAW,238574989,3702,3690
RAW,238575017,3703,3686
RAW,238575045,3703,3682
RAW,238575073,3703,3677
RAW,238575101,3702,3674
RAW,238575129,3704,3671
RAW,238575157,3703,3667
RAW,238575185,3703,3662
RAW,238575213,3703,3659
RAW,238575241,3703,3653
RAW,238575269,3702,3651
RAW,238575297,3703,3646
RAW,238575325,3703,3643
RAW,238575353,3702,3637
RAW,238575381,3701,3633
RAW,238575409,3699,3629
RAW,238575437,3704,3625
RAW,238575465,3702,3621
RAW,238575493,3702,3615
RAW,238575521,3702,3612
RAW,238575549,3703,3606
RAW,238575577,3703,3599
RAW,238575607,3702,3595
RAW,238575635,3703,3593
RAW,238575663,3703,3587
RAW,238575691,3703,3582
RAW,238575719,3702,3574
RAW,238575747,3702,3571
RAW,238575775,3703,3566
RAW,238575803,3699,3562
RAW,238575831,3703,3557
RAW,238575859,3701,3547
RAW,238575887,3702,3543
RAW,238575915,3703,3539
RAW,238575943,3703,3533
RAW,238575971,3702,3530
RAW,238575999,3702,3525
RAW,238576027,3702,3521
RAW,238576055,3703,3514
RAW,238576083,3702,3511
RAW,238576111,3703,3506
RAW,238576139,3702,3501
RAW,238576167,3702,3498
RAW,238576195,3703,3493
RAW,238576223,3702,3491
RAW,238576251,3703,3483
RAW,238576279,3703,3482
RAW,238576307,3704,3475
RAW,238576335,3702,3471
RAW,238576363,3701,3471
RAW,238576391,3703,3467
RAW,238576419,3702,3463
RAW,238576447,3703,3459
RAW,238576475,3702,3455
RAW,238576503,3703,3454
RAW,238576531,3703,3451
RAW,238576559,3702,3447
RAW,238576587,3703,3446
RAW,238576616,3703,3439
RAW,238576644,3703,3439
RAW,238576672,3703,3435
RAW,238576700,3702,3434
RAW,238576728,3702,3433
RAW,238576756,3703,3430
RAW,238576784,3702,3429
RAW,238576812,3702,3426
RAW,238576840,3702,3424
RAW,238576868,3703,3422
RAW,238576896,3702,3422
DROP_RAW_END,29
EVT,247017,DROP dt=10 tau=5 V=178.7
DROP,247017,30,10057,5769,7435,95,65,1787,2,6601,3806,3493
DROP_RAW_BEGIN,247017,30,879,246793697,246818185,246800732
RAW,246793697,3703,3393
RAW,246793725,3701,3393
RAW,246793752,3702,3391
RAW,246793780,3703,3393
RAW,246793807,3702,3393
RAW,246793834,3702,3393
RAW,246793862,3702,3393
RAW,246793889,3703,3392
RAW,246793917,3703,3394
RAW,246793944,3704,3393
RAW,246793972,3703,3393
RAW,246793999,3702,3393
RAW,246794027,3702,3393
RAW,246794054,3703,3393
RAW,246794082,3703,3391
RAW,246794109,3702,3394
RAW,246794136,3701,3393
RAW,246794164,3702,3392
RAW,246794191,3703,3394
RAW,246794219,3703,3394
RAW,246794246,3699,3393
RAW,246794274,3702,3393
RAW,246794301,3702,3392
RAW,246794329,3701,3391
RAW,246794356,3702,3393
RAW,246794384,3703,3393
RAW,246794411,3703,3395
RAW,246794438,3703,3394
RAW,246794466,3703,3391
RAW,246794493,3701,3394
RAW,246794521,3699,3393
RAW,246794548,3702,3393
RAW,246794576,3701,3392
RAW,246794604,3702,3393
RAW,246794632,3701,3392
RAW,246794659,3702,3393
RAW,246794687,3702,3393
RAW,246794714,3702,3393
RAW,246794742,3703,3391
RAW,246794769,3699,3393
RAW,246794797,3702,3393
RAW,246794824,3702,3393
RAW,246794852,3699,3394
RAW,246794879,3701,3393
RAW,246794906,3702,3393
RAW,246794934,3703,3393
RAW,246794961,3699,3393
RAW,246794989,3703,3393
RAW,246795016,3701,3393
RAW,246795044,3703,3391
RAW,246795071,3701,3391
RAW,246795099,3702,3391
RAW,246795126,3703,3392
RAW,246795153,3703,3393
RAW,246795181,3703,3393
RAW,246795208,3702,3394
RAW,246795236,3702,3393
RAW,246795263,3701,3391
RAW,246795291,3702,3393
RAW,246795318,3702,3393
RAW,246795346,3702,3393
RAW,246795373,3702,3393
RAW,246795401,3701,3393
RAW,246795428,3702,3393
RAW,246795455,3702,3394
RAW,246795483,3702,3393
RAW,246795510,3699,3393
RAW,246795538,3699,3393
RAW,246795565,3702,3391
RAW,246795593,3702,3394
RAW,246795621,3699,3393
RAW,246795649,3699,3395
RAW,246795676,3702,3394
RAW,246795704,3701,3395
RAW,246795731,3699,3393
RAW,246795759,3701,3394
RAW,246795786,3701,3393
RAW,246795814,3702,3393
RAW,246795841,3701,3392
RAW,246795869,3699,3395
RAW,246795896,3701,3391
RAW,246795923,3702,3393
RAW,246795951,3701,3393
RAW,246795978,3701,3394
RAW,246796006,3699,3393
RAW,246796033,3701,3393
RAW,246796061,3701,3394
RAW,246796088,3700,3392
RAW,246796116,3701,3393
RAW,246796143,3701,3393
RAW,246796171,3699,3393
RAW,246796198,3699,3394
RAW,246796225,3699,3393
RAW,246796253,3701,3393
RAW,246796280,3699,3393
RAW,246796308,3701,3391
RAW,246796335,3701,3394
RAW,246796363,3701,3393
RAW,246796390,3701,3394
RAW,246796418,3701,3394
RAW,246796445,3701,3393
RAW,246796473,3699,3394
RAW,246796500,3699,3393
RAW,246796527,3695,3393
RAW,246796555,3699,3394
RAW,246796582,3699,3390
RAW,246796610,3701,3393
RAW,246796637,3701,3390
RAW,246796665,3700,3392
RAW,246796692,3701,3392
RAW,246796720,3698,3393
RAW,246796747,3699,3391
RAW,246796775,3701,3394
RAW,246796802,3701,3394
RAW,246796829,3701,3394
RAW,246796857,3701,3394
RAW,246796884,3699,3391
RAW,246796912,3699,3393
RAW,246796939,3699,3394
RAW,246796967,3698,3393
RAW,246796994,3699,3393
RAW,246797022,3701,3393
RAW,246797049,3699,3393
RAW,246797077,3698,3393
RAW,246797104,3702,3393
RAW,246797131,3701,3393
RAW,246797159,3701,3392
RAW,246797186,3699,3394
RAW,246797214,3701,3394
RAW,246797241,3698,3394
RAW,246797269,3699,3392
RAW,246797296,3701,3393
RAW,246797324,3699,3393
RAW,246797351,3699,3393
RAW,246797378,3699,3393
RAW,246797406,3698,3393
RAW,246797433,3699,3391
RAW,246797461,3699,3393
RAW,246797488,3699,3393
RAW,246797516,3695,3391
RAW,246797543,3699,3393
RAW,246797571,3695,3394
RAW,246797599,3695,3393
RAW,246797627,3699,3393
RAW,246797654,3695,3393
RAW,246797682,3695,3393
RAW,246797709,3695,3394
RAW,246797737,3695,3393
RAW,246797764,3695,3394
RAW,246797792,3695,3393
RAW,246797819,3695,3393
RAW,246797846,3694,3392
RAW,246797874,3695,3391
RAW,246797901,3694,3393
RAW,246797929,3694,3392
RAW,246797956,3693,3393
RAW,246797984,3693,3392
RAW,246798011,3691,3393
RAW,246798039,3691,3393
RAW,246798066,3691,3393
RAW,246798094,3691,3392
RAW,246798121,3690,3394
RAW,246798148,3690,3393
RAW,246798176,3691,3394
RAW,246798203,3687,3393
RAW,246798231,3687,3391
RAW,246798258,3687,3394
RAW,246798286,3686,3393
RAW,246798313,3687,3393
RAW,246798341,3683,3391
RAW,246798368,3683,3392
RAW,246798396,3683,3393
RAW,246798423,3682,3393
RAW,246798450,3679,3394
RAW,246798478,3679,3393
RAW,246798505,3679,3393
RAW,246798533,3679,3393
RAW,246798560,3679,3391
RAW,246798588,3679,3393
RAW,246798616,3679,3391
RAW,246798643,3681,3393
RAW,246798671,3682,3393
RAW,246798698,3682,3393
RAW,246798726,3685,3391
RAW,246798753,3685,3393
RAW,246798780,3687,3391
RAW,246798808,3686,3391
RAW,246798835,3687,3393
RAW,246798863,3690,3393
RAW,246798890,3688,3393
RAW,246798918,3687,3393
RAW,246798945,3688,3393
RAW,246798973,3690,3393
RAW,246799000,3691,3393
RAW,246799028,3690,3393
RAW,246799055,3693,3392
RAW,246799082,3695,3394
RAW,246799110,3695,3393
RAW,246799137,3699,3391
RAW,246799165,3699,3393
RAW,246799192,3699,3392
RAW,246799220,3703,3395
RAW,246799247,3703,3393
RAW,246799275,3705,3393
RAW,246799302,3706,3392
RAW,246799330,3709,3390
RAW,246799357,3710,3393
RAW,246799384,3711,3393
RAW,246799412,3714,3391
RAW,246799439,3715,3394
RAW,246799467,3717,3394
RAW,246799494,3719,3394
RAW,246799522,3722,3393
RAW,246799549,3721,3393
RAW,246799577,3723,3393
RAW,246799605,3725,3394
RAW,246799633,3727,3393
RAW,246799660,3729,3391
RAW,246799688,3730,3394
RAW,246799715,3734,3392
RAW,246799743,3737,3395
RAW,246799770,3738,3392
RAW,246799797,3740,3391
RAW,246799825,3739,3394
RAW,246799852,3743,3393
RAW,246799880,3746,3393
RAW,246799907,3747,3391
RAW,246799935,3751,3394
RAW,246799962,3753,3393
RAW,246799990,3754,3393
RAW,246800017,3755,3391
RAW,246800045,3759,3391
RAW,246800072,3761,3393
RAW,246800099,3763,3393
RAW,246800127,3766,3392
RAW,246800154,3767,3393
RAW,246800182,3769,3393
RAW,246800209,3771,3395
RAW,246800237,3776,3393
RAW,246800264,3777,3392
RAW,246800292,3777,3391
RAW,246800319,3779,3393
RAW,246800347,3783,3391
RAW,246800374,3783,3391
RAW,246800401,3786,3391
RAW,246800429,3789,3393
RAW,246800456,3789,3392
RAW,246800484,3791,3393
RAW,246800511,3791,3393
RAW,246800539,3795,3393
RAW,246800566,3798,3393
RAW,246800595,3799,3392
RAW,246800622,3800,3391
RAW,246800650,3802,3393
RAW,246800677,3803,3393
RAW,246800705,3803,3392
RAW,246800732,3806,3391
RAW,246800774,3807,3393
RAW,246800802,3810,3392
RAW,246800830,3810,3393
RAW,246800858,3811,3391
RAW,246800886,3811,3393
RAW,246800914,3814,3391
RAW,246800942,3814,3394
RAW,246800970,3814,3394
RAW,246800998,3815,3391
RAW,246801026,3816,3391
RAW,246801054,3817,3394
RAW,246801082,3817,3392
RAW,246801110,3818,3393
RAW,246801138,3819,3390
RAW,246801166,3819,3393
RAW,246801194,3819,3393
RAW,246801222,3819,3393
RAW,246801250,3821,3393
RAW,246801277,3821,3392
RAW,246801305,3819,3393
RAW,246801333,3821,3393
RAW,246801361,3819,3394
RAW,246801389,3821,3393
RAW,246801417,3819,3393
RAW,246801445,3819,3393
RAW,246801473,3822,3393
RAW,246801501,3822,3393
RAW,246801529,3823,3394
RAW,246801557,3822,3392
RAW,246801585,3823,3394
RAW,246801613,3823,3391
RAW,246801641,3823,3391
RAW,246801669,3823,3394
RAW,246801697,3828,3393
RAW,246801725,3827,3394
RAW,246801753,3827,3393
RAW,246801781,3830,3393
RAW,246801809,3830,3392
RAW,246801837,3834,3393
RAW,246801865,3835,3394
RAW,246801893,3838,3393
RAW,246801921,3839,3393
RAW,246801949,3839,3393
RAW,246801977,3845,3393
RAW,246802005,3845,3393
RAW,246802033,3850,3393
RAW,246802061,3851,3391
RAW,246802089,3855,3394
RAW,246802117,3857,3391
RAW,246802144,3861,3394
RAW,246802172,3862,3393
RAW,246802200,3863,3393
RAW,246802228,3867,3393
RAW,246802256,3870,3391
RAW,246802284,3874,3390
RAW,246802312,3874,3393
RAW,246802340,3877,3392
RAW,246802368,3879,3390
RAW,246802396,3881,3394
RAW,246802424,3883,3394
RAW,246802452,3886,3393
RAW,246802480,3887,3393
RAW,246802508,3887,3391
RAW,246802536,3893,3391
RAW,246802564,3896,3391
RAW,246802592,3897,3393
RAW,246802620,3904,3393
RAW,246802648,3905,3390
RAW,246802676,3906,3393
RAW,246802704,3910,3393
RAW,246802732,3914,3394
RAW,246802760,3917,3393
RAW,246802788,3919,3393
RAW,246802816,3919,3393
RAW,246802844,3923,3393
RAW,246802872,3925,3394
RAW,246802900,3927,3394
RAW,246802928,3930,3393
RAW,246802956,3931,3393
RAW,246802984,3931,3391
RAW,246803011,3935,3393
RAW,246803039,3935,3391
RAW,246803067,3939,3391
RAW,246803095,3941,3393
RAW,246803123,3939,3393
RAW,246803151,3943,3393
RAW,246803179,3946,3393
RAW,246803207,3943,3391
RAW,246803235,3947,3392
RAW,246803263,3947,3393
RAW,246803291,3950,3394
RAW,246803319,3950,3390
RAW,246803347,3951,3390
RAW,246803375,3951,3391
RAW,246803403,3951,3391
RAW,246803431,3953,3391
RAW,246803459,3951,3391
RAW,246803487,3955,3394
RAW,246803515,3951,3391
RAW,246803543,3955,3393
RAW,246803571,3954,3391
RAW,246803600,3951,3393
RAW,246803628,3951,3393
RAW,246803656,3951,3393
RAW,246803684,3955,3392
RAW,246803712,3951,3394
RAW,246803740,3955,3391
RAW,246803768,3951,3394
RAW,246803796,3951,3391
RAW,246803824,3951,3393
RAW,246803852,3950,3390
RAW,246803880,3947,3393
RAW,246803908,3949,3393
RAW,246803936,3947,3393
RAW,246803964,3946,3393
RAW,246803992,3943,3393
RAW,246804020,3942,3393
RAW,246804048,3941,3393
RAW,246804076,3939,3394
RAW,246804104,3938,3394
RAW,246804132,3935,3390
RAW,246804159,3933,3393
RAW,246804187,3930,3393
RAW,246804215,3931,3394
RAW,246804243,3927,3394
RAW,246804271,3925,3393
RAW,246804299,3919,3393
RAW,246804327,3919,3391
RAW,246804355,3917,3393
RAW,246804383,3914,3391
RAW,246804411,3911,3391
RAW,246804439,3909,3394
RAW,246804467,3907,3391
RAW,246804495,3899,3393
RAW,246804523,3899,3393
RAW,246804551,3897,3390
RAW,246804579,3894,3391
RAW,246804608,3887,3393
RAW,246804636,3887,3393
RAW,246804664,3883,3391
RAW,246804692,3883,3392
RAW,246804720,3878,3392
RAW,246804748,3875,3392
RAW,246804776,3872,3393
RAW,246804804,3870,3391
RAW,246804832,3866,3393
RAW,246804860,3863,3394
RAW,246804888,3859,3393
RAW,246804916,3855,3392
RAW,246804944,3854,3391
RAW,246804972,3851,3392
RAW,246805000,3850,3393
RAW,246805028,3843,3391
RAW,246805056,3841,3391
RAW,246805084,3839,3391
RAW,246805112,3835,3393
RAW,246805140,3833,3392
RAW,246805168,3831,3393
RAW,246805196,3829,3394
RAW,246805224,3825,3393
RAW,246805252,3823,3393
RAW,246805280,3821,3394
RAW,246805307,3818,3393
RAW,246805335,3814,3393
RAW,246805363,3813,3393
RAW,246805391,3810,3394
RAW,246805419,3807,3391
RAW,246805447,3805,3392
RAW,246805475,3802,3393
RAW,246805503,3802,3394
RAW,246805531,3798,3393
RAW,246805559,3794,3391
RAW,246805587,3793,3391
RAW,246805616,3791,3394
RAW,246805644,3787,3391
RAW,246805672,3786,3391
RAW,246805700,3782,3393
RAW,246805728,3782,3393
RAW,246805756,3781,3391
RAW,246805784,3777,3390
RAW,246805812,3774,3393
RAW,246805840,3773,3394
RAW,246805868,3771,3395
RAW,246805896,3768,3393
RAW,246805924,3766,3393
RAW,246805952,3763,3393
RAW,246805980,3763,3392
RAW,246806008,3759,3392
RAW,246806036,3758,3391
RAW,246806064,3757,3393
RAW,246806092,3755,3391
RAW,246806120,3753,3393
RAW,246806148,3754,3393
RAW,246806176,3751,3394
RAW,246806204,3747,3393
RAW,246806232,3747,3391
RAW,246806260,3746,3394
RAW,246806288,3743,3391
RAW,246806315,3741,3390
RAW,246806343,3739,3391
RAW,246806371,3737,3392
RAW,246806399,3737,3393
RAW,246806427,3735,3391
RAW,246806455,3734,3393
RAW,246806483,3731,3391
RAW,246806514,3731,3394
RAW,246806542,3727,3394
RAW,246806570,3727,3392
RAW,246806599,3725,3394
RAW,246806627,3723,3391
RAW,246806655,3723,3394
RAW,246806683,3722,3393
RAW,246806711,3721,3393
RAW,246806739,3717,3394
RAW,246806767,3714,3392
RAW,246806795,3715,3393
RAW,246806823,3714,3391
RAW,246806851,3712,3393
RAW,246806879,3709,3393
RAW,246806907,3707,3393
RAW,246806935,3707,3393
RAW,246806963,3704,3393
RAW,246806991,3703,3391
RAW,246807019,3703,3393
RAW,246807047,3703,3391
RAW,246807075,3699,3394
RAW,246807103,3698,3393
RAW,246807131,3695,3393
RAW,246807159,3695,3393
RAW,246807187,3697,3392
RAW,246807215,3695,3393
RAW,246807243,3695,3392
RAW,246807271,3695,3394
RAW,246807299,3695,3394
RAW,246807327,3694,3391
RAW,246807355,3691,3393
RAW,246807383,3691,3393
RAW,246807411,3690,3393
RAW,246807439,3689,3393
RAW,246807467,3690,3392
RAW,246807495,3690,3393
RAW,246807523,3690,3393
RAW,246807551,3689,3393
RAW,246807579,3691,3394
RAW,246807608,3688,3392
RAW,246807636,3689,3392
RAW,246807664,3688,3394
RAW,246807692,3690,3393
RAW,246807720,3687,3393
RAW,246807748,3687,3392
RAW,246807776,3686,3393
RAW,246807804,3687,3393
RAW,246807832,3687,3393
RAW,246807860,3687,3392
RAW,246807888,3687,3394
RAW,246807916,3687,3394
RAW,246807944,3689,3394
RAW,246807972,3689,3393
RAW,246808000,3689,3393
RAW,246808028,3690,3394
RAW,246808056,3691,3393
RAW,246808084,3690,3394
RAW,246808112,3689,3394
RAW,246808140,3690,3393
RAW,246808168,3691,3393
RAW,246808196,3691,3393
RAW,246808224,3693,3394
RAW,246808252,3694,3395
RAW,246808280,3695,3394
RAW,246808308,3695,3394
RAW,246808335,3695,3395
RAW,246808363,3695,3393
RAW,246808391,3695,3393
RAW,246808419,3695,3394
RAW,246808447,3699,3394
RAW,246808475,3699,3395
RAW,246808503,3699,3395
RAW,246808531,3701,3394
RAW,246808559,3701,3395
RAW,246808587,3699,3395
RAW,246808616,3703,3394
RAW,246808644,3706,3395
RAW,246808672,3705,3394
RAW,246808700,3707,3395
RAW,246808728,3705,3397
RAW,246808756,3706,3395
RAW,246808784,3707,3395
RAW,246808812,3709,3395
RAW,246808840,3709,3395
RAW,246808868,3709,3397
RAW,246808896,3710,3397
RAW,246808924,3709,3395
RAW,246808952,3710,3397
RAW,246808980,3709,3395
RAW,246809008,3707,3396
RAW,246809036,3709,3395
RAW,246809064,3707,3397
RAW,246809092,3707,3394
RAW,246809120,3710,3397
RAW,246809148,3710,3395
RAW,246809176,3710,3395
RAW,246809204,3711,3397
RAW,246809232,3707,3395
RAW,246809260,3709,3395
RAW,246809288,3707,3397
RAW,246809316,3709,3397
RAW,246809344,3710,3395
RAW,246809372,3711,3396
RAW,246809400,3710,3397
RAW,246809428,3711,3397
RAW,246809456,3711,3398
RAW,246809484,3710,3398
RAW,246809512,3709,3399
RAW,246809540,3707,3398
RAW,246809568,3711,3399
RAW,246809597,3710,3399
RAW,246809625,3709,3401
RAW,246809653,3711,3401
RAW,246809681,3707,3403
RAW,246809709,3709,3402
RAW,246809737,3710,3403
RAW,246809765,3709,3405
RAW,246809793,3707,3406
RAW,246809821,3707,3407
RAW,246809849,3707,3407
RAW,246809877,3707,3407
RAW,246809905,3707,3411
RAW,246809933,3705,3411
RAW,246809961,3706,3414
RAW,246809989,3705,3418
RAW,246810017,3706,3417
RAW,246810045,3705,3421
RAW,246810073,3707,3423
RAW,246810101,3703,3423
RAW,246810129,3704,3425
RAW,246810157,3705,3430
RAW,246810185,3705,3430
RAW,246810213,3703,3433
RAW,246810241,3703,3435
RAW,246810269,3704,3438
RAW,246810297,3703,3439
RAW,246810325,3703,3442
RAW,246810353,3703,3446
RAW,246810381,3703,3448
RAW,246810408,3702,3453
RAW,246810436,3704,3453
RAW,246810464,3703,3456
RAW,246810492,3703,3458
RAW,246810520,3703,3463
RAW,246810548,3703,3466
RAW,246810576,3704,3468
RAW,246810606,3703,3471
RAW,246810634,3703,3475
RAW,246810662,3703,3477
RAW,246810690,3703,3480
RAW,246810718,3703,3485
RAW,246810745,3703,3490
RAW,246810773,3702,3493
RAW,246810815,3703,3498
RAW,246810843,3703,3502
RAW,246810871,3702,3503
RAW,246810899,3703,3510
RAW,246810927,3702,3515
RAW,246810955,3703,3518
RAW,246810983,3703,3523
RAW,246811011,3703,3528
RAW,246811039,3703,3531
RAW,246811067,3703,3539
RAW,246811095,3703,3544
RAW,246811123,3703,3548
RAW,246811151,3703,3552
RAW,246811179,3703,3557
RAW,246811207,3703,3561
RAW,246811235,3702,3567
RAW,246811263,3703,3571
RAW,246811291,3703,3578
RAW,246811319,3702,3583
RAW,246811347,3703,3586
RAW,246811375,3703,3592
RAW,246811403,3702,3599
RAW,246811431,3702,3605
RAW,246811459,3702,3607
RAW,246811487,3703,3613
RAW,246811515,3703,3618
RAW,246811543,3703,3624
RAW,246811571,3702,3627
RAW,246811601,3702,3631
RAW,246811629,3703,3635
RAW,246811657,3702,3642
RAW,246811685,3702,3649
RAW,246811713,3703,3652
RAW,246811741,3703,3658
RAW,246811769,3703,3663
RAW,246811797,3702,3667
RAW,246811825,3702,3674
RAW,246811853,3703,3675
RAW,246811881,3703,3683
RAW,246811909,3702,3688
RAW,246811937,3701,3693
RAW,246811965,3702,3695
RAW,246811993,3702,3702
RAW,246812021,3699,3707
RAW,246812049,3703,3711
RAW,246812077,3702,3715
RAW,246812105,3703,3719
RAW,246812133,3702,3723
RAW,246812161,3703,3727
RAW,246812189,3701,3731
RAW,246812217,3701,3735
RAW,246812245,3703,3739
RAW,246812273,3703,3743
RAW,246812301,3702,3746
RAW,246812329,3699,3749
RAW,246812357,3701,3751
RAW,246812385,3703,3755
RAW,246812413,3702,3754
RAW,246812441,3702,3757
RAW,246812469,3703,3759
RAW,246812497,3702,3764
RAW,246812525,3702,3763
RAW,246812553,3702,3767
RAW,246812581,3702,3766
RAW,246812610,3703,3770
RAW,246812638,3699,3769
RAW,246812666,3702,3771
RAW,246812694,3702,3773
RAW,246812722,3702,3774
RAW,246812750,3701,3775
RAW,246812778,3702,3777
RAW,246812806,3702,3777
RAW,246812834,3701,3778
RAW,246812862,3701,3777
RAW,246812890,3701,3778
RAW,246812918,3702,3780
RAW,246812946,3699,3778
RAW,246812974,3703,3782
RAW,246813002,3702,3783
RAW,246813030,3702,3782
RAW,246813058,3701,3783
RAW,246813086,3703,3783
RAW,246813114,3702,3785
RAW,246813142,3701,3787
RAW,246813170,3703,3787
RAW,246813198,3704,3787
RAW,246813226,3702,3787
RAW,246813254,3701,3789
RAW,246813282,3702,3790
RAW,246813310,3701,3787
RAW,246813338,3703,3787
RAW,246813366,3702,3787
RAW,246813394,3703,3787
RAW,246813422,3701,3786
RAW,246813450,3703,3789
RAW,246813478,3702,3787
RAW,246813506,3703,3787
RAW,246813534,3702,3786
RAW,246813562,3702,3786
RAW,246813590,3704,3786
RAW,246813617,3704,3782
RAW,246813645,3702,3781
RAW,246813673,3702,3780
RAW,246813701,3703,3777
RAW,246813729,3703,3776
RAW,246813757,3702,3774
RAW,246813785,3702,3771
RAW,246813813,3703,3767
RAW,246813841,3702,3763
RAW,246813869,3703,3759
RAW,246813897,3702,3758
RAW,246813925,3702,3755
RAW,246813953,3703,3751
RAW,246813981,3703,3747
RAW,246814009,3703,3746
RAW,246814037,3701,3742
RAW,246814065,3702,3738
RAW,246814093,3702,3735
RAW,246814121,3703,3730
RAW,246814149,3702,3726
RAW,246814177,3703,3722
RAW,246814205,3702,3718
RAW,246814233,3703,3715
RAW,246814261,3703,3710
RAW,246814289,3703,3706
RAW,246814317,3703,3702
RAW,246814345,3702,3698
RAW,246814373,3703,3694
RAW,246814401,3702,3691
RAW,246814429,3702,3690
RAW,246814457,3703,3687
RAW,246814485,3703,3683
RAW,246814513,3702,3679
RAW,246814541,3703,3682
RAW,246814569,3702,3679
RAW,246814599,3702,3678
RAW,246814627,3702,3675
RAW,246814655,3703,3675
RAW,246814683,3703,3678
RAW,246814711,3702,3678
RAW,246814739,3702,3678
RAW,246814767,3703,3679
RAW,246814795,3701,3679
RAW,246814823,3703,3680
RAW,246814851,3702,3682
RAW,246814879,3702,3683
RAW,246814907,3701,3686
RAW,246814935,3703,3686
RAW,246814963,3701,3688
RAW,246814991,3702,3687
RAW,246815019,3702,3690
RAW,246815047,3702,3690
RAW,246815075,3699,3691
RAW,246815103,3703,3691
RAW,246815131,3702,3693
RAW,246815159,3703,3695
RAW,246815187,3702,3697
RAW,246815215,3701,3695
RAW,246815243,3702,3698
RAW,246815271,3703,3701
RAW,246815299,3703,3703
RAW,246815327,3703,3704
RAW,246815355,3702,3703
RAW,246815383,3702,3706
RAW,246815411,3703,3708
RAW,246815439,3703,3706
RAW,246815467,3702,3711
RAW,246815495,3702,3710
RAW,246815523,3702,3710
RAW,246815551,3699,3712
RAW,246815579,3702,3713
RAW,246815608,3703,3714
RAW,246815636,3702,3713
RAW,246815664,3702,3713
RAW,246815692,3703,3714
RAW,246815720,3703,3714
RAW,246815748,3703,3717
RAW,246815776,3703,3715
RAW,246815804,3701,3714
RAW,246815832,3703,3714
RAW,246815860,3702,3711
RAW,246815888,3702,3711
RAW,246815916,3703,3711
RAW,246815944,3703,3707
RAW,246815972,3702,3707
RAW,246816000,3702,3705
RAW,246816028,3701,3702
RAW,246816056,3702,3699
RAW,246816084,3701,3695
RAW,246816112,3703,3694
RAW,246816140,3702,3690
RAW,246816168,3703,3690
RAW,246816196,3702,3683
RAW,246816224,3703,3679
RAW,246816252,3703,3675
RAW,246816280,3702,3675
RAW,246816308,3701,3671
RAW,246816336,3703,3667
RAW,246816364,3701,3662
RAW,246816392,3702,3659
RAW,246816420,3702,3658
RAW,246816448,3703,3654
RAW,246816476,3702,3650
RAW,246816504,3702,3646
RAW,246816532,3702,3645
RAW,246816560,3703,3642
RAW,246816588,3706,3635
RAW,246816616,3703,3633
RAW,246816644,3703,3629
RAW,246816672,3703,3627
RAW,246816700,3704,3621
RAW,246816728,3703,3615
RAW,246816756,3702,3611
RAW,246816784,3703,3606
RAW,246816812,3703,3602
RAW,246816840,3703,3598
RAW,246816868,3702,3594
RAW,246816896,3701,3590
RAW,246816924,3701,3583
RAW,246816952,3703,3579
RAW,246816980,3703,3577
RAW,246817008,3702,3571
RAW,246817036,3703,3566
RAW,246817064,3703,3562
RAW,246817092,3702,3557
RAW,246817120,3703,3551
RAW,246817148,3703,3547
RAW,246817176,3704,3543
RAW,246817204,3702,3535
RAW,246817232,3703,3534
RAW,246817260,3702,3527
RAW,246817288,3703,3525
RAW,246817316,3703,3518
RAW,246817344,3699,3513
RAW,246817372,3703,3511
RAW,246817400,3703,3503
RAW,246817428,3702,3501
RAW,246817456,3703,3498
RAW,246817484,3702,3494
RAW,246817512,3701,3490
RAW,246817540,3703,3486
RAW,246817568,3702,3483
RAW,246817597,3702,3477
RAW,246817625,3703,3471
RAW,246817653,3702,3471
RAW,246817681,3703,3470
RAW,246817709,3703,3464
RAW,246817737,3703,3461
RAW,246817765,3701,3459
RAW,246817793,3703,3456
RAW,246817821,3703,3454
RAW,246817849,3702,3450
RAW,246817877,3702,3447
RAW,246817905,3703,3446
RAW,246817933,3702,3443
RAW,246817961,3703,3438
RAW,246817989,3703,3438
RAW,246818017,3702,3434
RAW,246818045,3703,3431
RAW,246818073,3703,3431
RAW,246818101,3699,3427
RAW,246818129,3703,3427
RAW,246818157,3703,3426
RAW,246818185,3703,3423
DROP_RAW_END,30
EVT,255282,DROP dt=10 tau=5 V=182.7
DROP,255282,31,10034,5723,7545,95,65,1827,2,6601,3805,3494
DROP_RAW_BEGIN,255282,31,882,255058616,255083195,255065650
RAW,255058616,3702,3394
RAW,255058643,3702,3394
RAW,255058671,3702,3391
RAW,255058698,3701,3391
RAW,255058726,3702,3394
RAW,255058753,3702,3394
RAW,255058780,3702,3394
RAW,255058808,3702,3392
RAW,255058835,3702,3392
RAW,255058863,3704,3393
RAW,255058890,3702,3394
RAW,255058918,3703,3393
RAW,255058945,3702,3392
RAW,255058973,3703,3393
RAW,255059000,3703,3391
RAW,255059028,3702,3393
RAW,255059055,3703,3395
RAW,255059082,3703,3393
RAW,255059110,3702,3394
RAW,255059137,3704,3393
RAW,255059165,3703,3394
RAW,255059192,3703,3393
RAW,255059220,3703,3393
RAW,255059247,3704,3391
RAW,255059275,3703,3394
RAW,255059302,3703,3393
RAW,255059330,3703,3391
RAW,255059357,3703,3394
RAW,255059384,3702,3393
RAW,255059412,3703,3393
RAW,255059439,3702,3393
RAW,255059467,3699,3391
RAW,255059494,3702,3392
RAW,255059522,3701,3391
RAW,255059549,3699,3394
RAW,255059577,3703,3394
RAW,255059605,3701,3393
RAW,255059633,3702,3394
RAW,255059660,3703,3393
RAW,255059688,3702,3391
RAW,255059715,3703,3394
RAW,255059743,3702,3395
RAW,255059770,3699,3391
RAW,255059797,3702,3394
RAW,255059825,3699,3393
RAW,255059852,3702,3393
RAW,255059880,3703,3393
RAW,255059907,3699,3394
RAW,255059935,3703,3391
RAW,255059962,3702,3394
RAW,255059990,3701,3394
RAW,255060017,3701,3394
RAW,255060045,3699,3391
RAW,255060072,3702,3393
RAW,255060099,3701,3393
RAW,255060127,3699,3393
RAW,255060154,3702,3395
RAW,255060182,3702,3393
RAW,255060209,3702,3393
RAW,255060237,3699,3393
RAW,255060264,3701,3392
RAW,255060292,3699,3393
RAW,255060319,3703,3394
RAW,255060347,3702,3393
RAW,255060374,3703,3394
RAW,255060401,3701,3394
RAW,255060429,3699,3393
RAW,255060456,3701,3393
RAW,255060484,3701,3394
RAW,255060511,3702,3393
RAW,255060539,3699,3391
RAW,255060566,3702,3393
RAW,255060595,3699,3394
RAW,255060622,3699,3393
RAW,255060650,3702,3394
RAW,255060677,3701,3393
RAW,255060705,3701,3393
RAW,255060732,3701,3392
RAW,255060760,3701,3394
RAW,255060787,3699,3392
RAW,255060815,3701,3392
RAW,255060842,3699,3394
RAW,255060869,3699,3393
RAW,255060897,3701,3393
RAW,255060924,3701,3392
RAW,255060952,3699,3393
RAW,255060979,3701,3394
RAW,255061007,3699,3391
RAW,255061034,3699,3394
RAW,255061062,3699,3393
RAW,255061089,3702,3392
RAW,255061117,3699,3393
RAW,255061144,3699,3391
RAW,255061171,3701,3391
RAW,255061199,3701,3391
RAW,255061226,3699,3393
RAW,255061254,3700,3393
RAW,255061281,3699,3393
RAW,255061309,3699,3393
RAW,255061336,3699,3393
RAW,255061364,3699,3392
RAW,255061391,3695,3393
RAW,255061419,3701,3394
RAW,255061446,3701,3394
RAW,255061473,3699,3392
RAW,255061501,3699,3391
RAW,255061528,3699,3393
RAW,255061556,3701,3393
RAW,255061583,3701,3394
RAW,255061611,3699,3393
RAW,255061638,3701,3393
RAW,255061666,3699,3391
RAW,255061693,3699,3393
RAW,255061720,3700,3393
RAW,255061748,3699,3391
RAW,255061775,3699,3393
RAW,255061803,3699,3391
RAW,255061830,3699,3393
RAW,255061858,3700,3393
RAW,255061885,3701,3394
RAW,255061913,3698,3393
RAW,255061940,3699,3393
RAW,255061968,3701,3393
RAW,255061995,3699,3393
RAW,255062022,3701,3393
RAW,255062050,3699,3393
RAW,255062077,3700,3393
RAW,255062105,3701,3392
RAW,255062132,3700,3391
RAW,255062160,3698,3394
RAW,255062187,3701,3394
RAW,255062215,3701,3392
RAW,255062242,3699,3394
RAW,255062270,3701,3393
RAW,255062297,3698,3391
RAW,255062324,3699,3394
RAW,255062352,3699,3393
RAW,255062379,3695,3393
RAW,255062407,3699,3391
RAW,255062434,3698,3394
RAW,255062462,3698,3393
RAW,255062489,3695,3391
RAW,255062517,3695,3391
RAW,255062544,3695,3391
RAW,255062572,3695,3394
RAW,255062600,3695,3391
RAW,255062628,3695,3393
RAW,255062655,3694,3394
RAW,255062683,3695,3393
RAW,255062710,3694,3393
RAW,255062737,3694,3393
RAW,255062765,3693,3393
RAW,255062792,3693,3392
RAW,255062820,3691,3393
RAW,255062847,3691,3393
RAW,255062875,3690,3390
RAW,255062902,3690,3393
RAW,255062930,3691,3393
RAW,255062957,3690,3393
RAW,255062985,3691,3393
RAW,255063012,3689,3391
RAW,255063039,3687,3393
RAW,255063067,3686,3394
RAW,255063094,3687,3392
RAW,255063122,3686,3392
RAW,255063149,3683,3391
RAW,255063177,3683,3394
RAW,255063204,3683,3392
RAW,255063232,3685,3393
RAW,255063259,3683,3390
RAW,255063287,3679,3392
RAW,255063314,3679,3393
RAW,255063341,3679,3393
RAW,255063369,3678,3393
RAW,255063396,3678,3394
RAW,255063424,3675,3394
RAW,255063451,3675,3393
RAW,255063479,3675,3393
RAW,255063506,3678,3393
RAW,255063534,3675,3393
RAW,255063561,3678,3393
RAW,255063589,3680,3393
RAW,255063616,3679,3393
RAW,255063643,3680,3393
RAW,255063671,3682,3393
RAW,255063698,3683,3392
RAW,255063726,3683,3394
RAW,255063753,3683,3392
RAW,255063781,3683,3393
RAW,255063808,3683,3393
RAW,255063836,3685,3393
RAW,255063863,3686,3393
RAW,255063891,3687,3391
RAW,255063918,3688,3394
RAW,255063945,3689,3393
RAW,255063973,3691,3391
RAW,255064000,3691,3392
RAW,255064028,3691,3394
RAW,255064055,3695,3393
RAW,255064083,3695,3392
RAW,255064110,3695,3393
RAW,255064138,3699,3394
RAW,255064165,3702,3394
RAW,255064192,3703,3393
RAW,255064220,3705,3394
RAW,255064247,3703,3391
RAW,255064275,3707,3391
RAW,255064302,3711,3394
RAW,255064330,3713,3393
RAW,255064357,3714,3394
RAW,255064385,3714,3393
RAW,255064412,3717,3393
RAW,255064440,3718,3394
RAW,255064467,3721,3394
RAW,255064494,3722,3391
RAW,255064522,3723,3394
RAW,255064549,3727,3391
RAW,255064577,3731,3393
RAW,255064606,3733,3393
RAW,255064633,3731,3393
RAW,255064660,3735,3390
RAW,255064688,3739,3393
RAW,255064715,3739,3392
RAW,255064743,3742,3393
RAW,255064770,3743,3393
RAW,255064798,3746,3392
RAW,255064825,3747,3391
RAW,255064853,3749,3393
RAW,255064880,3751,3392
RAW,255064908,3753,3390
RAW,255064935,3755,3390
RAW,255064962,3758,3392
RAW,255064990,3759,3393
RAW,255065017,3759,3393
RAW,255065045,3765,3393
RAW,255065072,3767,3392
RAW,255065100,3771,3392
RAW,255065127,3771,3393
RAW,255065155,3775,3392
RAW,255065182,3774,3390
RAW,255065210,3779,3393
RAW,255065237,3781,3394
RAW,255065264,3781,3391
RAW,255065292,3783,3391
RAW,255065319,3786,3393
RAW,255065347,3787,3394
RAW,255065374,3789,3392
RAW,255065402,3791,3390
RAW,255065429,3791,3393
RAW,255065457,3791,3392
RAW,255065484,3795,3393
RAW,255065512,3798,3394
RAW,255065539,3801,3391
RAW,255065566,3799,3391
RAW,255065595,3802,3393
RAW,255065623,3803,3393
RAW,255065650,3805,3393
RAW,255065692,3807,3393
RAW,255065720,3807,3391
RAW,255065748,3807,3392
RAW,255065776,3810,3391
RAW,255065804,3810,3391
RAW,255065832,3811,3393
RAW,255065860,3815,3393
RAW,255065888,3814,3393
RAW,255065916,3815,3394
RAW,255065944,3815,3394
RAW,255065972,3815,3393
RAW,255066000,3818,3392
RAW,255066028,3818,3393
RAW,255066056,3818,3393
RAW,255066084,3819,3392
RAW,255066112,3819,3390
RAW,255066139,3821,3393
RAW,255066167,3821,3391
RAW,255066195,3821,3394
RAW,255066223,3819,3390
RAW,255066251,3819,3393
RAW,255066279,3821,3391
RAW,255066307,3819,3393
RAW,255066335,3819,3391
RAW,255066363,3819,3391
RAW,255066391,3821,3393
RAW,255066419,3821,3393
RAW,255066447,3821,3393
RAW,255066475,3821,3393
RAW,255066503,3819,3393
RAW,255066531,3822,3393
RAW,255066559,3823,3393
RAW,255066587,3823,3390
RAW,255066616,3823,3391
RAW,255066644,3827,3392
RAW,255066672,3827,3394
RAW,255066700,3827,3392
RAW,255066728,3830,3393
RAW,255066756,3830,3391
RAW,255066784,3831,3391
RAW,255066812,3835,3394
RAW,255066840,3837,3393
RAW,255066868,3839,3391
RAW,255066896,3839,3390
RAW,255066924,3843,3392
RAW,255066952,3846,3392
RAW,255066980,3847,3391
RAW,255067008,3851,3392
RAW,255067036,3855,3392
RAW,255067064,3857,3391
RAW,255067092,3862,3393
RAW,255067120,3863,3391
RAW,255067148,3865,3393
RAW,255067176,3869,3393
RAW,255067204,3871,3394
RAW,255067232,3871,3393
RAW,255067260,3875,3393
RAW,255067288,3877,3393
RAW,255067315,3878,3394
RAW,255067343,3880,3393
RAW,255067371,3883,3393
RAW,255067399,3885,3393
RAW,255067427,3886,3391
RAW,255067455,3891,3393
RAW,255067483,3893,3393
RAW,255067511,3895,3392
RAW,255067539,3898,3393
RAW,255067567,3902,3391
RAW,255067596,3903,3392
RAW,255067624,3907,3393
RAW,255067652,3909,3392
RAW,255067680,3913,3393
RAW,255067708,3915,3394
RAW,255067736,3918,3392
RAW,255067764,3919,3393
RAW,255067792,3923,3393
RAW,255067820,3926,3394
RAW,255067848,3927,3393
RAW,255067876,3930,3393
RAW,255067904,3931,3394
RAW,255067932,3931,3392
RAW,255067960,3935,3390
RAW,255067988,3935,3392
RAW,255068016,3939,3393
RAW,255068044,3941,3391
RAW,255068072,3942,3393
RAW,255068100,3942,3393
RAW,255068128,3945,3393
RAW,255068156,3947,3391
RAW,255068184,3947,3392
RAW,255068212,3947,3391
RAW,255068240,3950,3394
RAW,255068268,3951,3393
RAW,255068296,3951,3392
RAW,255068324,3955,3392
RAW,255068352,3954,3391
RAW,255068380,3955,3393
RAW,255068408,3955,3394
RAW,255068436,3959,3390
RAW,255068463,3955,3393
RAW,255068491,3955,3391
RAW,255068519,3957,3391
RAW,255068547,3955,3393
RAW,255068575,3958,3393
RAW,255068605,3957,3393
RAW,255068633,3955,3393
RAW,255068661,3958,3391
RAW,255068688,3955,3392
RAW,255068716,3957,3394
RAW,255068744,3951,3394
RAW,255068772,3955,3393
RAW,255068800,3951,3391
RAW,255068828,3951,3393
RAW,255068856,3951,3393
RAW,255068884,3950,3393
RAW,255068912,3951,3393
RAW,255068940,3946,3394
RAW,255068968,3946,3393
RAW,255068996,3943,3391
RAW,255069024,3942,3393
RAW,255069052,3939,3393
RAW,255069080,3940,3391
RAW,255069108,3935,3390
RAW,255069136,3935,3393
RAW,255069164,3933,3391
RAW,255069192,3931,3393
RAW,255069220,3928,3393
RAW,255069248,3923,3391
RAW,255069276,3919,3391
RAW,255069304,3919,3393
RAW,255069332,3917,3393
RAW,255069360,3914,3393
RAW,255069388,3912,3393
RAW,255069416,3907,3391
RAW,255069444,3905,3392
RAW,255069472,3904,3391
RAW,255069500,3899,3393
RAW,255069528,3898,3391
RAW,255069556,3895,3391
RAW,255069583,3887,3393
RAW,255069611,3887,3391
RAW,255069639,3884,3394
RAW,255069667,3879,3391
RAW,255069695,3879,3390
RAW,255069723,3874,3390
RAW,255069751,3871,3392
RAW,255069779,3867,3391
RAW,255069807,3865,3393
RAW,255069835,3863,3391
RAW,255069863,3855,3394
RAW,255069891,3855,3392
RAW,255069919,3855,3393
RAW,255069947,3851,3393
RAW,255069975,3847,3393
RAW,255070003,3843,3393
RAW,255070031,3839,3394
RAW,255070059,3839,3394
RAW,255070087,3837,3391
RAW,255070115,3835,3391
RAW,255070143,3831,3393
RAW,255070171,3829,3391
RAW,255070199,3823,3392
RAW,255070227,3823,3393
RAW,255070255,3819,3391
RAW,255070283,3819,3394
RAW,255070311,3815,3394
RAW,255070339,3814,3393
RAW,255070367,3810,3393
RAW,255070395,3807,3393
RAW,255070423,3806,3393
RAW,255070451,3803,3393
RAW,255070478,3799,3393
RAW,255070506,3799,3392
RAW,255070534,3794,3391
RAW,255070562,3791,3393
RAW,255070590,3791,3393
RAW,255070618,3789,3393
RAW,255070646,3787,3392
RAW,255070674,3783,3394
RAW,255070702,3781,3391
RAW,255070730,3779,3394
RAW,255070758,3777,3391
RAW,255070786,3774,3393
RAW,255070814,3773,3393
RAW,255070842,3771,3391
RAW,255070870,3767,3393
RAW,255070898,3767,3391
RAW,255070926,3763,3392
RAW,255070954,3759,3391
RAW,255070982,3758,3391
RAW,255071010,3758,3394
RAW,255071038,3755,3394
RAW,255071066,3754,3393
RAW,255071094,3751,3393
RAW,255071122,3750,3392
RAW,255071150,3749,3392
RAW,255071178,3747,3394
RAW,255071206,3745,3393
RAW,255071234,3742,3392
RAW,255071262,3742,3393
RAW,255071290,3739,3391
RAW,255071318,3739,3391
RAW,255071346,3735,3393
RAW,255071373,3733,3391
RAW,255071415,3733,3394
RAW,255071443,3727,3393
RAW,255071471,3727,3393
RAW,255071499,3725,3393
RAW,255071527,3725,3391
RAW,255071555,3723,3393
RAW,255071583,3722,3394
RAW,255071611,3719,3391
RAW,255071639,3718,3393
RAW,255071667,3718,3394
RAW,255071695,3715,3393
RAW,255071723,3713,3394
RAW,255071751,3711,3393
RAW,255071779,3709,3394
RAW,255071807,3708,3391
RAW,255071835,3705,3393
RAW,255071863,3706,3392
RAW,255071891,3702,3391
RAW,255071919,3702,3393
RAW,255071947,3699,3391
RAW,255071975,3699,3393
RAW,255072003,3699,3393
RAW,255072031,3695,3391
RAW,255072059,3695,3393
RAW,255072087,3694,3393
RAW,255072115,3691,3391
RAW,255072143,3691,3393
RAW,255072171,3691,3392
RAW,255072199,3690,3393
RAW,255072226,3689,3393
RAW,255072254,3690,3394
RAW,255072282,3688,3391
RAW,255072310,3686,3393
RAW,255072338,3687,3392
RAW,255072366,3687,3392
RAW,255072394,3685,3392
RAW,255072422,3683,3392
RAW,255072450,3685,3391
RAW,255072478,3685,3390
RAW,255072506,3683,3392
RAW,255072534,3683,3393
RAW,255072562,3685,3394
RAW,255072590,3685,3393
RAW,255072618,3683,3394
RAW,255072646,3683,3393
RAW,255072674,3682,3392
RAW,255072702,3683,3393
RAW,255072730,3679,3393
RAW,255072758,3682,3391
RAW,255072786,3683,3393
RAW,255072814,3683,3394
RAW,255072842,3683,3392
RAW,255072870,3682,3391
RAW,255072898,3682,3393
RAW,255072926,3684,3393
RAW,255072954,3683,3393
RAW,255072982,3685,3394
RAW,255073010,3685,3391
RAW,255073038,3683,3393
RAW,255073066,3685,3394
RAW,255073094,3687,3394
RAW,255073122,3686,3395
RAW,255073150,3687,3391
RAW,255073178,3688,3393
RAW,255073206,3687,3394
RAW,255073234,3689,3394
RAW,255073262,3689,3394
RAW,255073290,3690,3391
RAW,255073318,3691,3394
RAW,255073346,3693,3394
RAW,255073374,3695,3394
RAW,255073402,3694,3394
RAW,255073430,3695,3394
RAW,255073458,3694,3395
RAW,255073486,3699,3394
RAW,255073514,3698,3395
RAW,255073542,3699,3395
RAW,255073570,3701,3395
RAW,255073599,3702,3397
RAW,255073627,3702,3395
RAW,255073655,3706,3396
RAW,255073683,3706,3395
RAW,255073711,3707,3396
RAW,255073739,3706,3394
RAW,255073767,3709,3394
RAW,255073795,3707,3395
RAW,255073823,3708,3395
RAW,255073851,3709,3395
RAW,255073879,3707,3395
RAW,255073907,3707,3396
RAW,255073935,3707,3395
RAW,255073963,3709,3395
RAW,255073991,3709,3395
RAW,255074019,3709,3395
RAW,255074047,3707,3397
RAW,255074075,3709,3395
RAW,255074103,3710,3397
RAW,255074131,3710,3395
RAW,255074159,3709,3395
RAW,255074187,3710,3397
RAW,255074215,3707,3395
RAW,255074243,3710,3395
RAW,255074271,3709,3398
RAW,255074299,3711,3395
RAW,255074327,3711,3395
RAW,255074355,3709,3399
RAW,255074383,3711,3398
RAW,255074411,3711,3398
RAW,255074439,3711,3399
RAW,255074466,3707,3401
RAW,255074494,3711,3399
RAW,255074522,3709,3399
RAW,255074550,3711,3402
RAW,255074578,3707,3402
RAW,255074608,3707,3401
RAW,255074636,3707,3403
RAW,255074664,3707,3405
RAW,255074692,3709,3405
RAW,255074720,3706,3407
RAW,255074748,3708,3407
RAW,255074776,3707,3409
RAW,255074804,3709,3407
RAW,255074832,3706,3413
RAW,255074860,3707,3414
RAW,255074888,3706,3415
RAW,255074916,3706,3418
RAW,255074943,3706,3420
RAW,255074971,3705,3422
RAW,255074999,3703,3423
RAW,255075027,3704,3427
RAW,255075055,3706,3427
RAW,255075083,3705,3431
RAW,255075111,3704,3433
RAW,255075139,3703,3435
RAW,255075167,3703,3438
RAW,255075195,3703,3439
RAW,255075223,3704,3443
RAW,255075251,3704,3445
RAW,255075279,3703,3448
RAW,255075307,3703,3451
RAW,255075335,3702,3453
RAW,255075363,3703,3456
RAW,255075391,3703,3459
RAW,255075419,3703,3459
RAW,255075447,3704,3463
RAW,255075475,3704,3467
RAW,255075503,3703,3470
RAW,255075531,3702,3471
RAW,255075559,3703,3478
RAW,255075587,3701,3483
RAW,255075616,3703,3483
RAW,255075644,3703,3487
RAW,255075672,3703,3494
RAW,255075714,3703,3499
RAW,255075742,3703,3501
RAW,255075770,3703,3505
RAW,255075798,3703,3510
RAW,255075826,3704,3515
RAW,255075854,3703,3521
RAW,255075882,3703,3526
RAW,255075910,3702,3530
RAW,255075938,3703,3535
RAW,255075966,3703,3539
RAW,255075994,3704,3543
RAW,255076022,3703,3547
RAW,255076050,3702,3554
RAW,255076078,3703,3558
RAW,255076106,3702,3564
RAW,255076134,3703,3567
RAW,255076162,3702,3574
RAW,255076190,3703,3579
RAW,255076218,3703,3583
RAW,255076246,3702,3591
RAW,255076274,3703,3595
RAW,255076302,3704,3601
RAW,255076330,3702,3607
RAW,255076358,3703,3611
RAW,255076386,3703,3617
RAW,255076414,3703,3624
RAW,255076442,3703,3629
RAW,255076470,3702,3631
RAW,255076498,3703,3640
RAW,255076526,3703,3645
RAW,255076554,3702,3650
RAW,255076582,3699,3655
RAW,255076610,3703,3661
RAW,255076638,3703,3663
RAW,255076666,3703,3671
RAW,255076694,3703,3675
RAW,255076722,3703,3679
RAW,255076750,3703,3686
RAW,255076778,3703,3691
RAW,255076806,3702,3695
RAW,255076834,3703,3701
RAW,255076862,3703,3707
RAW,255076890,3702,3711
RAW,255076918,3703,3715
RAW,255076946,3702,3722
RAW,255076974,3703,3725
RAW,255077002,3702,3729
RAW,255077030,3703,3734
RAW,255077058,3703,3737
RAW,255077086,3703,3741
RAW,255077114,3703,3747
RAW,255077142,3702,3751
RAW,255077170,3703,3751
RAW,255077198,3703,3758
RAW,255077226,3702,3759
RAW,255077254,3702,3764
RAW,255077282,3702,3767
RAW,255077310,3702,3769
RAW,255077338,3702,3770
RAW,255077366,3702,3773
RAW,255077394,3702,3775
RAW,255077422,3702,3775
RAW,255077450,3702,3779
RAW,255077478,3702,3778
RAW,255077506,3703,3778
RAW,255077534,3702,3783
RAW,255077562,3702,3783
RAW,255077590,3702,3784
RAW,255077618,3702,3784
RAW,255077646,3703,3786
RAW,255077674,3702,3787
RAW,255077702,3703,3787
RAW,255077730,3702,3789
RAW,255077758,3703,3789
RAW,255077786,3702,3789
RAW,255077814,3703,3789
RAW,255077842,3702,3790
RAW,255077870,3703,3789
RAW,255077898,3703,3791
RAW,255077926,3702,3791
RAW,255077954,3703,3791
RAW,255077982,3702,3795
RAW,255078010,3703,3791
RAW,255078038,3701,3797
RAW,255078066,3703,3797
RAW,255078094,3703,3799
RAW,255078122,3703,3800
RAW,255078150,3702,3802
RAW,255078178,3703,3799
RAW,255078206,3703,3801
RAW,255078234,3703,3802
RAW,255078262,3702,3801
RAW,255078290,3702,3803
RAW,255078318,3703,3802
RAW,255078346,3703,3802
RAW,255078374,3703,3801
RAW,255078402,3703,3802
RAW,255078430,3703,3799
RAW,255078458,3703,3798
RAW,255078486,3703,3798
RAW,255078514,3703,3795
RAW,255078542,3703,3795
RAW,255078570,3701,3791
RAW,255078599,3703,3789
RAW,255078627,3702,3789
RAW,255078655,3702,3787
RAW,255078683,3703,3784
RAW,255078711,3703,3782
RAW,255078739,3702,3778
RAW,255078767,3703,3775
RAW,255078795,3703,3773
RAW,255078823,3702,3769
RAW,255078851,3702,3766
RAW,255078879,3703,3759
RAW,255078907,3703,3759
RAW,255078935,3702,3754
RAW,255078963,3705,3751
RAW,255078991,3703,3746
RAW,255079019,3702,3741
RAW,255079047,3704,3739
RAW,255079075,3703,3734
RAW,255079103,3702,3727
RAW,255079131,3702,3723
RAW,255079159,3702,3719
RAW,255079187,3699,3715
RAW,255079215,3702,3711
RAW,255079243,3702,3707
RAW,255079271,3702,3702
RAW,255079299,3703,3697
RAW,255079327,3702,3694
RAW,255079355,3703,3691
RAW,255079383,3702,3688
RAW,255079411,3702,3683
RAW,255079439,3702,3683
RAW,255079467,3699,3679
RAW,255079495,3703,3675
RAW,255079523,3703,3675
RAW,255079551,3701,3674
RAW,255079579,3703,3675
RAW,255079608,3702,3674
RAW,255079636,3703,3674
RAW,255079664,3703,3673
RAW,255079692,3702,3675
RAW,255079720,3702,3675
RAW,255079748,3702,3675
RAW,255079776,3703,3675
RAW,255079804,3699,3677
RAW,255079832,3703,3677
RAW,255079860,3701,3679
RAW,255079888,3704,3678
RAW,255079916,3703,3681
RAW,255079944,3699,3683
RAW,255079972,3702,3685
RAW,255080000,3702,3685
RAW,255080028,3703,3687
RAW,255080056,3703,3688
RAW,255080084,3702,3690
RAW,255080112,3703,3691
RAW,255080140,3703,3694
RAW,255080168,3701,3695
RAW,255080196,3702,3699
RAW,255080224,3706,3701
RAW,255080252,3703,3701
RAW,255080280,3703,3703
RAW,255080308,3703,3703
RAW,255080336,3705,3707
RAW,255080364,3702,3707
RAW,255080392,3703,3709
RAW,255080420,3703,3711
RAW,255080448,3702,3714
RAW,255080476,3702,3714
RAW,255080504,3703,3714
RAW,255080532,3703,3715
RAW,255080560,3703,3715
RAW,255080588,3699,3715
RAW,255080616,3704,3715
RAW,255080644,3702,3719
RAW,255080672,3703,3718
RAW,255080700,3703,3719
RAW,255080728,3702,3719
RAW,255080756,3702,3717
RAW,255080784,3703,3719
RAW,255080812,3704,3720
RAW,255080840,3703,3717
RAW,255080868,3703,3718
RAW,255080896,3703,3718
RAW,255080924,3703,3714
RAW,255080952,3703,3714
RAW,255080980,3703,3710
RAW,255081008,3703,3707
RAW,255081036,3703,3706
RAW,255081064,3703,3706
RAW,255081092,3703,3701
RAW,255081120,3703,3695
RAW,255081148,3703,3695
RAW,255081176,3703,3691
RAW,255081204,3703,3687
RAW,255081232,3703,3685
RAW,255081260,3703,3679
RAW,255081288,3702,3679
RAW,255081316,3703,3674
RAW,255081344,3702,3671
RAW,255081372,3703,3663
RAW,255081400,3704,3661
RAW,255081428,3702,3659
RAW,255081456,3703,3655
RAW,255081484,3702,3653
RAW,255081512,3703,3650
RAW,255081540,3702,3646
RAW,255081568,3703,3639
RAW,255081598,3704,3635
RAW,255081626,3702,3631
RAW,255081654,3703,3626
RAW,255081682,3703,3624
RAW,255081710,3703,3619
RAW,255081738,3701,3615
RAW,255081766,3702,3610
RAW,255081794,3703,3607
RAW,255081822,3702,3601
RAW,255081850,3704,3595
RAW,255081878,3701,3592
RAW,255081906,3703,3587
RAW,255081934,3703,3583
RAW,255081962,3702,3580
RAW,255081990,3702,3575
RAW,255082018,3703,3569
RAW,255082046,3703,3563
RAW,255082074,3702,3561
RAW,255082102,3704,3556
RAW,255082130,3702,3549
RAW,255082158,3703,3546
RAW,255082186,3703,3539
RAW,255082214,3703,3531
RAW,255082242,3703,3530
RAW,255082270,3702,3524
RAW,255082298,3702,3522
RAW,255082326,3703,3514
RAW,255082354,3702,3511
RAW,255082382,3704,3503
RAW,255082410,3704,3503
RAW,255082438,3702,3498
RAW,255082466,3703,3494
RAW,255082494,3699,3487
RAW,255082522,3703,3486
RAW,255082550,3702,3483
RAW,255082578,3702,3478
RAW,255082607,3702,3475
RAW,255082635,3703,3470
RAW,255082663,3703,3467
RAW,255082691,3703,3465
RAW,255082719,3704,3459
RAW,255082747,3703,3459
RAW,255082775,3703,3455
RAW,255082803,3704,3453
RAW,255082831,3702,3449
RAW,255082859,3703,3447
RAW,255082887,3702,3444
RAW,255082915,3703,3439
RAW,255082943,3699,3439
RAW,255082971,3703,3435
RAW,255082999,3703,3434
RAW,255083027,3703,3431
RAW,255083055,3703,3431
RAW,255083083,3703,3427
RAW,255083111,3705,3425
RAW,255083139,3702,3423
RAW,255083167,3702,3422
RAW,255083195,3703,3423
DROP_RAW_END,31
EVT,263522,DROP dt=10 tau=5 V=176.5
DROP,263522,32,10101,5754,7459,94,64,1765,2,6601,3805,3495
DROP_RAW_BEGIN,263522,32,881,263298755,263323307,263305790
RAW,263298755,3702,3391
RAW,263298782,3702,3393
RAW,263298810,3703,3393
RAW,263298837,3702,3391
RAW,263298865,3702,3393
RAW,263298892,3703,3394
RAW,263298920,3702,3392
RAW,263298947,3702,3393
RAW,263298974,3703,3393
RAW,263299002,3702,3391
RAW,263299029,3703,3394
RAW,263299057,3702,3393
RAW,263299084,3702,3393
RAW,263299112,3702,3392
RAW,263299139,3701,3392
RAW,263299167,3702,3393
RAW,263299194,3701,3392
RAW,263299222,3702,3393
RAW,263299249,3703,3392
RAW,263299276,3703,3393
RAW,263299304,3701,3392
RAW,263299331,3702,3393
RAW,263299359,3703,3391
RAW,263299386,3701,3394
RAW,263299414,3702,3393
RAW,263299441,3702,3393
RAW,263299469,3701,3392
RAW,263299496,3703,3391
RAW,263299523,3703,3391
RAW,263299551,3702,3394
RAW,263299578,3702,3393
RAW,263299607,3702,3394
RAW,263299635,3703,3391
RAW,263299662,3703,3393
RAW,263299690,3702,3393
RAW,263299717,3702,3391
RAW,263299745,3702,3393
RAW,263299772,3703,3392
RAW,263299800,3701,3393
RAW,263299827,3701,3390
RAW,263299855,3702,3391
RAW,263299882,3701,3393
RAW,263299909,3702,3394
RAW,263299937,3702,3392
RAW,263299964,3703,3395
RAW,263299992,3703,3393
RAW,263300019,3699,3391
RAW,263300047,3699,3393
RAW,263300074,3702,3394
RAW,263300102,3702,3394
RAW,263300129,3702,3393
RAW,263300157,3701,3394
RAW,263300184,3703,3393
RAW,263300211,3699,3393
RAW,263300239,3703,3393
RAW,263300266,3702,3393
RAW,263300294,3702,3391
RAW,263300321,3702,3394
RAW,263300349,3702,3393
RAW,263300376,3701,3392
RAW,263300404,3703,3394
RAW,263300431,3703,3393
RAW,263300459,3699,3393
RAW,263300486,3699,3393
RAW,263300513,3703,3394
RAW,263300541,3702,3393
RAW,263300568,3701,3393
RAW,263300597,3699,3393
RAW,263300625,3699,3391
RAW,263300652,3699,3394
RAW,263300679,3701,3393
RAW,263300707,3701,3393
RAW,263300734,3699,3391
RAW,263300762,3702,3394
RAW,263300789,3699,3394
RAW,263300817,3701,3393
RAW,263300844,3699,3394
RAW,263300872,3702,3394
RAW,263300899,3702,3391
RAW,263300927,3701,3394
RAW,263300954,3701,3393
RAW,263300981,3701,3394
RAW,263301009,3702,3393
RAW,263301036,3699,3393
RAW,263301064,3701,3391
RAW,263301091,3700,3390
RAW,263301119,3701,3394
RAW,263301146,3702,3393
RAW,263301174,3701,3394
RAW,263301201,3701,3394
RAW,263301229,3701,3393
RAW,263301256,3699,3391
RAW,263301283,3701,3391
RAW,263301311,3701,3394
RAW,263301338,3699,3391
RAW,263301366,3699,3393
RAW,263301393,3699,3393
RAW,263301421,3701,3391
RAW,263301448,3701,3393
RAW,263301476,3699,3393
RAW,263301503,3699,3392
RAW,263301531,3701,3393
RAW,263301558,3701,3393
RAW,263301585,3699,3393
RAW,263301613,3699,3393
RAW,263301640,3699,3393
RAW,263301668,3699,3393
RAW,263301695,3699,3394
RAW,263301723,3699,3393
RAW,263301750,3701,3393
RAW,263301778,3699,3393
RAW,263301805,3698,3394
RAW,263301832,3699,3393
RAW,263301860,3699,3393
RAW,263301887,3699,3392
RAW,263301915,3701,3393
RAW,263301942,3699,3394
RAW,263301970,3699,3394
RAW,263301997,3700,3394
RAW,263302025,3701,3393
RAW,263302052,3699,3393
RAW,263302080,3699,3393
RAW,263302107,3701,3391
RAW,263302134,3699,3393
RAW,263302162,3702,3393
RAW,263302189,3699,3391
RAW,263302217,3699,3395
RAW,263302244,3695,3393
RAW,263302272,3699,3394
RAW,263302299,3701,3394
RAW,263302327,3698,3393
RAW,263302354,3701,3391
RAW,263302382,3701,3392
RAW,263302409,3699,3393
RAW,263302436,3699,3393
RAW,263302464,3701,3393
RAW,263302491,3699,3393
RAW,263302519,3701,3393
RAW,263302546,3699,3394
RAW,263302574,3699,3392
RAW,263302602,3699,3394
RAW,263302630,3699,3393
RAW,263302657,3697,3393
RAW,263302685,3695,3393
RAW,263302712,3695,3394
RAW,263302740,3695,3393
RAW,263302767,3695,3393
RAW,263302795,3694,3395
RAW,263302822,3695,3392
RAW,263302850,3694,3393
RAW,263302877,3695,3393
RAW,263302904,3695,3393
RAW,263302932,3694,3393
RAW,263302959,3694,3391
RAW,263302987,3693,3392
RAW,263303014,3691,3393
RAW,263303042,3691,3392
RAW,263303069,3693,3393
RAW,263303097,3691,3393
RAW,263303124,3691,3394
RAW,263303152,3691,3393
RAW,263303179,3690,3393
RAW,263303206,3690,3393
RAW,263303234,3687,3395
RAW,263303261,3688,3393
RAW,263303289,3687,3393
RAW,263303316,3686,3393
RAW,263303344,3686,3393
RAW,263303371,3684,3393
RAW,263303399,3683,3394
RAW,263303426,3682,3393
RAW,263303454,3681,3393
RAW,263303481,3681,3395
RAW,263303508,3681,3391
RAW,263303536,3678,3393
RAW,263303563,3679,3393
RAW,263303591,3679,3393
RAW,263303618,3678,3393
RAW,263303646,3678,3391
RAW,263303673,3678,3393
RAW,263303701,3677,3393
RAW,263303728,3679,3393
RAW,263303755,3679,3393
RAW,263303783,3679,3393
RAW,263303810,3682,3393
RAW,263303838,3679,3393
RAW,263303865,3683,3391
RAW,263303893,3685,3394
RAW,263303920,3686,3393
RAW,263303948,3686,3394
RAW,263303975,3687,3393
RAW,263304003,3686,3394
RAW,263304030,3687,3391
RAW,263304057,3689,3393
RAW,263304085,3687,3393
RAW,263304112,3690,3392
RAW,263304140,3691,3394
RAW,263304167,3691,3392
RAW,263304195,3691,3393
RAW,263304222,3691,3394
RAW,263304250,3695,3391
RAW,263304277,3695,3393
RAW,263304305,3699,3391
RAW,263304332,3698,3393
RAW,263304359,3701,3394
RAW,263304387,3703,3393
RAW,263304414,3705,3393
RAW,263304442,3706,3393
RAW,263304469,3709,3394
RAW,263304497,3711,3393
RAW,263304524,3712,3393
RAW,263304552,3714,3394
RAW,263304579,3717,3394
RAW,263304608,3717,3393
RAW,263304635,3719,3393
RAW,263304663,3723,3394
RAW,263304690,3722,3393
RAW,263304718,3725,3394
RAW,263304745,3727,3393
RAW,263304773,3727,3394
RAW,263304800,3731,3391
RAW,263304827,3735,3392
RAW,263304855,3737,3393
RAW,263304882,3737,3391
RAW,263304910,3739,3391
RAW,263304937,3743,3395
RAW,263304965,3743,3394
RAW,263304992,3746,3393
RAW,263305020,3747,3393
RAW,263305047,3751,3394
RAW,263305075,3753,3393
RAW,263305102,3755,3393
RAW,263305129,3757,3393
RAW,263305157,3758,3393
RAW,263305184,3762,3393
RAW,263305212,3763,3392
RAW,263305239,3766,3393
RAW,263305267,3767,3393
RAW,263305294,3771,3393
RAW,263305322,3771,3393
RAW,263305349,3777,3392
RAW,263305377,3779,3393
RAW,263305404,3781,3394
RAW,263305431,3782,3394
RAW,263305459,3783,3393
RAW,263305486,3786,3391
RAW,263305514,3789,3395
RAW,263305541,3789,3393
RAW,263305569,3791,3393
RAW,263305597,3794,3393
RAW,263305625,3795,3393
RAW,263305652,3795,3391
RAW,263305680,3798,3395
RAW,263305707,3799,3393
RAW,263305735,3802,3392
RAW,263305762,3802,3393
RAW,263305790,3805,3394
RAW,263305832,3807,3391
RAW,263305860,3807,3394
RAW,263305888,3811,3391
RAW,263305916,3810,3392
RAW,263305944,3813,3394
RAW,263305972,3813,3393
RAW,263306000,3813,3393
RAW,263306028,3815,3394
RAW,263306056,3816,3393
RAW,263306084,3816,3393
RAW,263306112,3818,3393
RAW,263306140,3818,3393
RAW,263306168,3818,3394
RAW,263306195,3821,3394
RAW,263306223,3821,3391
RAW,263306251,3822,3395
RAW,263306279,3821,3393
RAW,263306307,3823,3393
RAW,263306335,3822,3391
RAW,263306363,3822,3394
RAW,263306391,3823,3394
RAW,263306419,3823,3394
RAW,263306447,3823,3393
RAW,263306475,3822,3393
RAW,263306503,3823,3393
RAW,263306531,3823,3393
RAW,263306559,3823,3394
RAW,263306587,3823,3394
RAW,263306616,3823,3394
RAW,263306644,3823,3394
RAW,263306672,3823,3393
RAW,263306700,3823,3393
RAW,263306728,3827,3393
RAW,263306756,3823,3393
RAW,263306784,3827,3391
RAW,263306812,3827,3394
RAW,263306840,3829,3393
RAW,263306868,3832,3394
RAW,263306896,3834,3394
RAW,263306924,3834,3395
RAW,263306952,3835,3393
RAW,263306980,3838,3393
RAW,263307008,3839,3394
RAW,263307036,3842,3393
RAW,263307064,3843,3393
RAW,263307092,3847,3393
RAW,263307120,3849,3394
RAW,263307148,3850,3393
RAW,263307176,3854,3394
RAW,263307203,3857,3393
RAW,263307231,3859,3394
RAW,263307259,3861,3393
RAW,263307287,3865,3391
RAW,263307315,3867,3394
RAW,263307343,3870,3393
RAW,263307371,3871,3393
RAW,263307399,3875,3393
RAW,263307427,3876,3391
RAW,263307455,3878,3391
RAW,263307483,3880,3394
RAW,263307511,3882,3394
RAW,263307539,3886,3393
RAW,263307567,3885,3393
RAW,263307596,3891,3393
RAW,263307624,3894,3393
RAW,263307652,3896,3393
RAW,263307680,3898,3394
RAW,263307708,3898,3393
RAW,263307736,3905,3391
RAW,263307764,3907,3391
RAW,263307792,3911,3393
RAW,263307820,3914,3393
RAW,263307848,3914,3393
RAW,263307876,3918,3393
RAW,263307904,3919,3393
RAW,263307932,3919,3393
RAW,263307960,3923,3391
RAW,263307988,3927,3393
RAW,263308016,3927,3391
RAW,263308044,3931,3393
RAW,263308072,3931,3391
RAW,263308100,3935,3394
RAW,263308128,3935,3393
RAW,263308156,3938,3394
RAW,263308184,3939,3393
RAW,263308212,3942,3393
RAW,263308240,3944,3391
RAW,263308268,3944,3393
RAW,263308296,3947,3394
RAW,263308324,3947,3391
RAW,263308351,3947,3393
RAW,263308379,3951,3394
RAW,263308407,3950,3392
RAW,263308435,3951,3391
RAW,263308463,3955,3394
RAW,263308491,3955,3393
RAW,263308519,3951,3393
RAW,263308547,3951,3393
RAW,263308575,3956,3393
RAW,263308605,3955,3394
RAW,263308632,3955,3394
RAW,263308660,3955,3394
RAW,263308688,3955,3393
RAW,263308716,3957,3393
RAW,263308744,3957,3393
RAW,263308772,3956,3391
RAW,263308800,3955,3393
RAW,263308828,3957,3391
RAW,263308856,3955,3394
RAW,263308884,3955,3393
RAW,263308912,3951,3391
RAW,263308940,3951,3392
RAW,263308968,3951,3391
RAW,263308996,3951,3393
RAW,263309024,3949,3393
RAW,263309052,3947,3393
RAW,263309080,3947,3395
RAW,263309108,3945,3391
RAW,263309136,3944,3393
RAW,263309164,3939,3394
RAW,263309192,3941,3393
RAW,263309220,3939,3392
RAW,263309248,3935,3392
RAW,263309276,3935,3391
RAW,263309304,3933,3391
RAW,263309332,3930,3393
RAW,263309360,3927,3394
RAW,263309388,3925,3391
RAW,263309416,3923,3394
RAW,263309444,3919,3393
RAW,263309472,3917,3390
RAW,263309500,3915,3393
RAW,263309527,3911,3391
RAW,263309555,3907,3393
RAW,263309583,3907,3393
RAW,263309611,3902,3394
RAW,263309639,3899,3391
RAW,263309667,3897,3393
RAW,263309695,3894,3391
RAW,263309723,3887,3392
RAW,263309751,3887,3393
RAW,263309779,3885,3394
RAW,263309807,3882,3393
RAW,263309835,3878,3391
RAW,263309863,3877,3392
RAW,263309891,3872,3393
RAW,263309919,3869,3393
RAW,263309947,3866,3393
RAW,263309975,3863,3392
RAW,263310003,3855,3391
RAW,263310031,3857,3393
RAW,263310059,3854,3394
RAW,263310087,3851,3393
RAW,263310115,3847,3393
RAW,263310143,3843,3392
RAW,263310171,3841,3394
RAW,263310199,3839,3391
RAW,263310227,3835,3392
RAW,263310255,3834,3393
RAW,263310283,3831,3391
RAW,263310311,3827,3391
RAW,263310339,3823,3393
RAW,263310367,3822,3392
RAW,263310395,3818,3392
RAW,263310422,3818,3391
RAW,263310450,3815,3393
RAW,263310478,3810,3391
RAW,263310506,3810,3390
RAW,263310534,3807,3394
RAW,263310562,3805,3392
RAW,263310590,3801,3392
RAW,263310618,3800,3393
RAW,263310646,3798,3393
RAW,263310674,3796,3391
RAW,263310702,3791,3391
RAW,263310730,3791,3391
RAW,263310758,3787,3392
RAW,263310786,3787,3391
RAW,263310814,3784,3393
RAW,263310842,3782,3393
RAW,263310870,3779,3393
RAW,263310898,3778,3390
RAW,263310926,3777,3391
RAW,263310954,3771,3393
RAW,263310982,3773,3391
RAW,263311010,3770,3393
RAW,263311038,3767,3392
RAW,263311066,3765,3391
RAW,263311094,3763,3393
RAW,263311122,3761,3392
RAW,263311150,3759,3391
RAW,263311178,3758,3393
RAW,263311206,3755,3392
RAW,263311234,3754,3393
RAW,263311262,3753,3392
RAW,263311289,3749,3392
RAW,263311317,3748,3393
RAW,263311345,3746,3393
RAW,263311373,3743,3392
RAW,263311401,3743,3390
RAW,263311429,3739,3393
RAW,263311457,3739,3393
RAW,263311485,3738,3393
RAW,263311513,3738,3393
RAW,263311541,3733,3391
RAW,263311583,3731,3393
RAW,263311611,3731,3392
RAW,263311639,3730,3393
RAW,263311667,3727,3391
RAW,263311695,3725,3393
RAW,263311723,3723,3393
RAW,263311751,3723,3392
RAW,263311779,3721,3393
RAW,263311807,3720,3391
RAW,263311835,3719,3392
RAW,263311863,3715,3393
RAW,263311891,3715,3392
RAW,263311919,3713,3392
RAW,263311947,3712,3391
RAW,263311975,3710,3391
RAW,263312003,3711,3393
RAW,263312031,3708,3394
RAW,263312059,3706,3391
RAW,263312087,3705,3390
RAW,263312115,3703,3390
RAW,263312143,3703,3393
RAW,263312171,3699,3393
RAW,263312199,3699,3393
RAW,263312227,3698,3393
RAW,263312255,3695,3393
RAW,263312283,3695,3393
RAW,263312311,3695,3391
RAW,263312339,3695,3394
RAW,263312366,3691,3393
RAW,263312394,3694,3393
RAW,263312422,3693,3393
RAW,263312450,3690,3393
RAW,263312478,3691,3393
RAW,263312506,3691,3392
RAW,263312534,3690,3393
RAW,263312562,3690,3393
RAW,263312590,3689,3394
RAW,263312618,3689,3391
RAW,263312646,3688,3393
RAW,263312674,3687,3390
RAW,263312702,3686,3391
RAW,263312730,3686,3393
RAW,263312758,3686,3393
RAW,263312786,3688,3390
RAW,263312814,3687,3393
RAW,263312842,3686,3393
RAW,263312870,3686,3392
RAW,263312898,3686,3391
RAW,263312926,3687,3393
RAW,263312954,3686,3391
RAW,263312982,3686,3393
RAW,263313010,3687,3393
RAW,263313038,3687,3394
RAW,263313066,3685,3393
RAW,263313094,3686,3393
RAW,263313122,3687,3393
RAW,263313150,3687,3393
RAW,263313178,3688,3392
RAW,263313206,3687,3393
RAW,263313234,3687,3393
RAW,263313262,3689,3392
RAW,263313290,3690,3393
RAW,263313318,3689,3391
RAW,263313346,3691,3394
RAW,263313374,3690,3393
RAW,263313402,3691,3394
RAW,263313430,3693,3394
RAW,263313458,3693,3393
RAW,263313486,3693,3395
RAW,263313514,3691,3393
RAW,263313542,3695,3395
RAW,263313570,3695,3394
RAW,263313599,3695,3394
RAW,263313627,3697,3394
RAW,263313655,3699,3395
RAW,263313683,3699,3394
RAW,263313711,3701,3395
RAW,263313739,3702,3395
RAW,263313767,3699,3395
RAW,263313795,3703,3395
RAW,263313823,3703,3394
RAW,263313851,3705,3395
RAW,263313879,3707,3397
RAW,263313907,3707,3395
RAW,263313935,3707,3397
RAW,263313963,3707,3395
RAW,263313991,3707,3395
RAW,263314019,3707,3395
RAW,263314047,3709,3395
RAW,263314075,3707,3395
RAW,263314103,3707,3395
RAW,263314131,3711,3397
RAW,263314159,3709,3395
RAW,263314187,3709,3397
RAW,263314215,3709,3395
RAW,263314243,3710,3397
RAW,263314271,3709,3397
RAW,263314299,3707,3397
RAW,263314327,3709,3397
RAW,263314355,3712,3397
RAW,263314383,3710,3397
RAW,263314411,3710,3399
RAW,263314439,3710,3397
RAW,263314467,3710,3398
RAW,263314495,3711,3398
RAW,263314523,3711,3399
RAW,263314551,3710,3398
RAW,263314579,3707,3399
RAW,263314608,3710,3399
RAW,263314636,3711,3400
RAW,263314664,3709,3402
RAW,263314692,3710,3399
RAW,263314720,3711,3401
RAW,263314748,3710,3402
RAW,263314776,3707,3403
RAW,263314804,3709,3403
RAW,263314832,3709,3403
RAW,263314860,3707,3405
RAW,263314888,3707,3406
RAW,263314916,3707,3407
RAW,263314944,3709,3409
RAW,263314972,3707,3407
RAW,263315000,3707,3412
RAW,263315028,3707,3411
RAW,263315056,3707,3413
RAW,263315084,3705,3415
RAW,263315112,3705,3418
RAW,263315139,3707,3419
RAW,263315167,3706,3421
RAW,263315195,3707,3423
RAW,263315223,3703,3425
RAW,263315251,3703,3429
RAW,263315279,3704,3430
RAW,263315307,3703,3431
RAW,263315335,3703,3435
RAW,263315363,3703,3437
RAW,263315391,3704,3439
RAW,263315419,3703,3442
RAW,263315447,3706,3445
RAW,263315475,3703,3448
RAW,263315503,3704,3451
RAW,263315531,3704,3453
RAW,263315559,3702,3455
RAW,263315587,3702,3458
RAW,263315616,3705,3461
RAW,263315644,3706,3463
RAW,263315672,3703,3467
RAW,263315700,3704,3470
RAW,263315728,3703,3471
RAW,263315756,3703,3478
RAW,263315784,3703,3482
RAW,263315812,3703,3483
RAW,263315840,3703,3489
RAW,263315868,3703,3491
RAW,263315896,3703,3495
RAW,263315937,3703,3503
RAW,263315965,3703,3506
RAW,263315993,3703,3511
RAW,263316021,3703,3517
RAW,263316049,3705,3519
RAW,263316077,3703,3523
RAW,263316105,3703,3528
RAW,263316133,3703,3531
RAW,263316161,3704,3535
RAW,263316189,3703,3542
RAW,263316217,3702,3547
RAW,263316245,3702,3551
RAW,263316273,3703,3558
RAW,263316301,3703,3562
RAW,263316329,3704,3566
RAW,263316357,3703,3571
RAW,263316385,3703,3575
RAW,263316413,3702,3583
RAW,263316441,3703,3587
RAW,263316469,3703,3594
RAW,263316497,3703,3597
RAW,263316525,3703,3599
RAW,263316553,3703,3607
RAW,263316581,3703,3614
RAW,263316609,3703,3615
RAW,263316637,3703,3624
RAW,263316665,3702,3627
RAW,263316693,3702,3634
RAW,263316721,3702,3635
RAW,263316749,3703,3643
RAW,263316777,3702,3650
RAW,263316805,3702,3655
RAW,263316833,3704,3658
RAW,263316861,3702,3663
RAW,263316889,3703,3667
RAW,263316917,3702,3674
RAW,263316945,3702,3679
RAW,263316973,3702,3686
RAW,263317001,3703,3690
RAW,263317029,3702,3695
RAW,263317057,3703,3700
RAW,263317085,3702,3706
RAW,263317113,3701,3710
RAW,263317141,3706,3714
RAW,263317169,3703,3719
RAW,263317197,3703,3723
RAW,263317225,3702,3726
RAW,263317253,3702,3731
RAW,263317281,3702,3735
RAW,263317309,3703,3738
RAW,263317337,3702,3742
RAW,263317365,3703,3746
RAW,263317393,3702,3750
RAW,263317421,3702,3752
RAW,263317449,3703,3754
RAW,263317477,3702,3758
RAW,263317505,3703,3759
RAW,263317533,3703,3759
RAW,263317561,3703,3765
RAW,263317589,3703,3766
RAW,263317617,3703,3768
RAW,263317645,3702,3770
RAW,263317673,3702,3773
RAW,263317701,3703,3774
RAW,263317729,3702,3774
RAW,263317757,3703,3775
RAW,263317785,3702,3778
RAW,263317813,3703,3779
RAW,263317841,3703,3779
RAW,263317869,3702,3781
RAW,263317897,3702,3782
RAW,263317925,3703,3783
RAW,263317953,3701,3784
RAW,263317981,3702,3783
RAW,263318009,3703,3785
RAW,263318037,3703,3785
RAW,263318065,3702,3785
RAW,263318093,3706,3787
RAW,263318121,3703,3789
RAW,263318149,3703,3787
RAW,263318177,3703,3787
RAW,263318205,3702,3791
RAW,263318233,3703,3791
RAW,263318261,3702,3793
RAW,263318289,3703,3791
RAW,263318317,3703,3794
RAW,263318345,3703,3791
RAW,263318373,3702,3791
RAW,263318401,3702,3796
RAW,263318429,3703,3795
RAW,263318457,3701,3791
RAW,263318485,3703,3791
RAW,263318513,3703,3795
RAW,263318541,3702,3795
RAW,263318569,3702,3793
RAW,263318599,3703,3793
RAW,263318627,3702,3791
RAW,263318655,3702,3791
RAW,263318683,3702,3791
RAW,263318711,3702,3789
RAW,263318739,3702,3787
RAW,263318767,3705,3783
RAW,263318795,3703,3784
RAW,263318823,3702,3783
RAW,263318851,3703,3778
RAW,263318879,3702,3780
RAW,263318907,3702,3777
RAW,263318935,3704,3771
RAW,263318963,3703,3769
RAW,263318991,3703,3768
RAW,263319019,3703,3763
RAW,263319047,3703,3759
RAW,263319075,3701,3757
RAW,263319103,3703,3755
RAW,263319131,3703,3751
RAW,263319159,3703,3746
RAW,263319187,3703,3743
RAW,263319215,3704,3738
RAW,263319243,3703,3735
RAW,263319271,3702,3731
RAW,263319299,3703,3727
RAW,263319327,3703,3723
RAW,263319355,3703,3719
RAW,263319383,3701,3715
RAW,263319411,3703,3712
RAW,263319439,3703,3707
RAW,263319467,3701,3703
RAW,263319495,3702,3700
RAW,263319523,3703,3695
RAW,263319551,3704,3693
RAW,263319579,3703,3691
RAW,263319608,3702,3687
RAW,263319636,3703,3683
RAW,263319664,3703,3685
RAW,263319692,3703,3685
RAW,263319720,3703,3683
RAW,263319748,3704,3682
RAW,263319776,3703,3682
RAW,263319804,3703,3682
RAW,263319832,3703,3682
RAW,263319860,3703,3681
RAW,263319888,3703,3682
RAW,263319916,3703,3683
RAW,263319944,3703,3683
RAW,263319972,3703,3685
RAW,263320000,3702,3683
RAW,263320028,3704,3687
RAW,263320056,3702,3687
RAW,263320084,3703,3688
RAW,263320112,3703,3690
RAW,263320140,3702,3691
RAW,263320168,3702,3691
RAW,263320196,3703,3694
RAW,263320224,3704,3695
RAW,263320252,3703,3695
RAW,263320280,3703,3700
RAW,263320308,3703,3701
RAW,263320336,3702,3700
RAW,263320364,3703,3701
RAW,263320392,3703,3705
RAW,263320420,3702,3705
RAW,263320448,3703,3707
RAW,263320476,3703,3706
RAW,263320504,3703,3709
RAW,263320532,3704,3711
RAW,263320560,3703,3712
RAW,263320588,3704,3712
RAW,263320616,3703,3712
RAW,263320644,3703,3715
RAW,263320672,3703,3715
RAW,263320700,3704,3715
RAW,263320728,3702,3717
RAW,263320756,3702,3715
RAW,263320784,3703,3718
RAW,263320812,3703,3717
RAW,263320840,3703,3715
RAW,263320868,3703,3715
RAW,263320896,3702,3715
RAW,263320924,3703,3715
RAW,263320952,3704,3715
RAW,263320980,3704,3716
RAW,263321008,3703,3713
RAW,263321036,3702,3712
RAW,263321064,3702,3710
RAW,263321092,3703,3709
RAW,263321120,3702,3706
RAW,263321148,3702,3706
RAW,263321176,3704,3701
RAW,263321204,3703,3699
RAW,263321232,3703,3695
RAW,263321260,3703,3693
RAW,263321288,3702,3690
RAW,263321316,3702,3685
RAW,263321344,3704,3683
RAW,263321372,3704,3679
RAW,263321400,3701,3674
RAW,263321428,3703,3671
RAW,263321456,3703,3667
RAW,263321484,3703,3663
RAW,263321512,3702,3661
RAW,263321540,3702,3659
RAW,263321568,3703,3656
RAW,263321597,3704,3651
RAW,263321625,3703,3649
RAW,263321653,3703,3645
RAW,263321681,3703,3641
RAW,263321709,3703,3637
RAW,263321737,3702,3631
RAW,263321765,3703,3629
RAW,263321793,3703,3623
RAW,263321821,3703,3621
RAW,263321849,3703,3615
RAW,263321877,3703,3611
RAW,263321905,3701,3607
RAW,263321933,3703,3602
RAW,263321961,3703,3599
RAW,263321989,3702,3595
RAW,263322017,3702,3590
RAW,263322045,3703,3583
RAW,263322073,3703,3581
RAW,263322101,3702,3575
RAW,263322129,3701,3571
RAW,263322157,3703,3567
RAW,263322185,3703,3563
RAW,263322213,3703,3558
RAW,263322241,3703,3551
RAW,263322269,3702,3547
RAW,263322297,3703,3541
RAW,263322325,3703,3539
RAW,263322353,3702,3533
RAW,263322381,3703,3527
RAW,263322409,3703,3523
RAW,263322437,3703,3519
RAW,263322465,3701,3515
RAW,263322493,3703,3510
RAW,263322521,3703,3506
RAW,263322549,3702,3501
RAW,263322577,3703,3496
RAW,263322607,3702,3492
RAW,263322635,3702,3487
RAW,263322663,3703,3485
RAW,263322691,3702,3482
RAW,263322719,3701,3475
RAW,263322747,3699,3473
RAW,263322775,3702,3471
RAW,263322803,3702,3467
RAW,263322831,3702,3466
RAW,263322859,3703,3461
RAW,263322887,3703,3458
RAW,263322915,3703,3456
RAW,263322943,3703,3453
RAW,263322971,3703,3450
RAW,263322999,3703,3447
RAW,263323027,3703,3443
RAW,263323055,3704,3439
RAW,263323083,3703,3439
RAW,263323111,3702,3435
RAW,263323139,3702,3434
RAW,263323167,3703,3432
RAW,263323195,3702,3431
RAW,263323223,3702,3429
RAW,263323251,3702,3426
RAW,263323279,3703,3423
RAW,263323307,3704,3422
DROP_RAW_END,32
EVT,271738,DROP dt=10 tau=5 V=183.2
DROP,271738,33,10023,5743,7522,95,65,1832,2,6601,3805,3494
DROP_RAW_BEGIN,271738,33,881,271514803,271539354,271521836
RAW,271514803,3703,3393
RAW,271514831,3702,3393
RAW,271514858,3702,3391
RAW,271514885,3702,3393
RAW,271514913,3703,3391
RAW,271514940,3703,3394
RAW,271514968,3702,3393
RAW,271514995,3703,3393
RAW,271515023,3702,3393
RAW,271515050,3702,3393
RAW,271515078,3703,3393
RAW,271515105,3702,3391
RAW,271515133,3699,3393
RAW,271515160,3702,3392
RAW,271515187,3701,3392
RAW,271515215,3703,3391
RAW,271515242,3702,3393
RAW,271515270,3702,3391
RAW,271515297,3703,3392
RAW,271515325,3703,3393
RAW,271515352,3704,3393
RAW,271515380,3703,3393
RAW,271515407,3703,3393
RAW,271515435,3702,3391
RAW,271515462,3702,3393
RAW,271515489,3702,3395
RAW,271515517,3702,3393
RAW,271515544,3702,3393
RAW,271515572,3703,3394
RAW,271515601,3702,3393
RAW,271515628,3699,3394
RAW,271515655,3702,3393
RAW,271515683,3702,3393
RAW,271515710,3702,3391
RAW,271515738,3703,3394
RAW,271515765,3701,3392
RAW,271515793,3702,3391
RAW,271515820,3699,3391
RAW,271515848,3703,3391
RAW,271515875,3701,3391
RAW,271515903,3702,3393
RAW,271515930,3701,3391
RAW,271515957,3702,3393
RAW,271515985,3702,3393
RAW,271516012,3701,3393
RAW,271516040,3702,3393
RAW,271516067,3699,3393
RAW,271516095,3699,3394
RAW,271516122,3699,3391
RAW,271516150,3699,3391
RAW,271516177,3701,3392
RAW,271516205,3699,3392
RAW,271516232,3703,3391
RAW,271516259,3701,3393
RAW,271516287,3703,3393
RAW,271516314,3701,3393
RAW,271516342,3703,3392
RAW,271516369,3702,3393
RAW,271516397,3702,3394
RAW,271516424,3699,3393
RAW,271516452,3699,3393
RAW,271516479,3701,3391
RAW,271516507,3703,3391
RAW,271516534,3699,3393
RAW,271516561,3701,3392
RAW,271516589,3702,3392
RAW,271516616,3701,3394
RAW,271516644,3701,3394
RAW,271516671,3701,3393
RAW,271516699,3701,3391
RAW,271516726,3701,3393
RAW,271516754,3701,3393
RAW,271516781,3702,3391
RAW,271516808,3701,3392
RAW,271516836,3701,3393
RAW,271516863,3699,3391
RAW,271516891,3699,3393
RAW,271516918,3699,3393
RAW,271516946,3701,3393
RAW,271516973,3699,3391
RAW,271517001,3702,3391
RAW,271517028,3700,3393
RAW,271517056,3699,3391
RAW,271517083,3701,3391
RAW,271517110,3702,3393
RAW,271517138,3701,3392
RAW,271517165,3699,3393
RAW,271517193,3701,3391
RAW,271517220,3695,3394
RAW,271517248,3699,3393
RAW,271517275,3695,3393
RAW,271517303,3699,3391
RAW,271517330,3701,3392
RAW,271517358,3701,3392
RAW,271517385,3701,3393
RAW,271517412,3699,3393
RAW,271517440,3699,3393
RAW,271517467,3699,3390
RAW,271517495,3699,3393
RAW,271517522,3699,3391
RAW,271517550,3701,3391
RAW,271517577,3699,3393
RAW,271517606,3701,3393
RAW,271517633,3698,3393
RAW,271517661,3699,3393
RAW,271517688,3699,3394
RAW,271517716,3699,3391
RAW,271517743,3699,3391
RAW,271517771,3700,3393
RAW,271517798,3699,3392
RAW,271517826,3699,3393
RAW,271517853,3701,3393
RAW,271517880,3699,3393
RAW,271517908,3699,3393
RAW,271517935,3699,3391
RAW,271517963,3699,3393
RAW,271517990,3699,3391
RAW,271518018,3701,3393
RAW,271518045,3701,3393
RAW,271518073,3699,3392
RAW,271518100,3699,3390
RAW,271518128,3701,3392
RAW,271518155,3699,3393
RAW,271518182,3699,3393
RAW,271518210,3699,3391
RAW,271518237,3699,3394
RAW,271518265,3701,3393
RAW,271518292,3699,3392
RAW,271518320,3699,3393
RAW,271518347,3699,3391
RAW,271518375,3699,3393
RAW,271518402,3698,3392
RAW,271518429,3698,3392
RAW,271518457,3699,3391
RAW,271518484,3699,3393
RAW,271518512,3695,3391
RAW,271518539,3695,3391
RAW,271518567,3695,3391
RAW,271518596,3695,3393
RAW,271518623,3698,3393
RAW,271518650,3695,3393
RAW,271518678,3696,3391
RAW,271518705,3697,3393
RAW,271518733,3695,3393
RAW,271518760,3695,3391
RAW,271518788,3695,3393
RAW,271518815,3695,3391
RAW,271518843,3694,3391
RAW,271518870,3694,3391
RAW,271518897,3693,3391
RAW,271518925,3694,3393
RAW,271518952,3693,3393
RAW,271518980,3691,3393
RAW,271519007,3691,3393
RAW,271519035,3691,3391
RAW,271519062,3693,3393
RAW,271519090,3691,3390
RAW,271519117,3690,3393
RAW,271519145,3691,3390
RAW,271519172,3689,3393
RAW,271519199,3689,3393
RAW,271519227,3690,3392
RAW,271519254,3687,3393
RAW,271519282,3687,3391
RAW,271519309,3687,3392
RAW,271519337,3683,3391
RAW,271519364,3683,3393
RAW,271519392,3682,3390
RAW,271519419,3682,3391
RAW,271519447,3681,3391
RAW,271519474,3681,3393
RAW,271519501,3679,3393
RAW,271519529,3679,3393
RAW,271519556,3679,3394
RAW,271519584,3678,3392
RAW,271519611,3678,3394
RAW,271519639,3678,3392
RAW,271519666,3677,3394
RAW,271519694,3677,3393
RAW,271519721,3678,3393
RAW,271519749,3679,3392
RAW,271519776,3679,3393
RAW,271519803,3679,3391
RAW,271519831,3679,3393
RAW,271519858,3679,3392
RAW,271519886,3682,3393
RAW,271519913,3682,3393
RAW,271519941,3682,3393
RAW,271519968,3685,3393
RAW,271519996,3684,3394
RAW,271520023,3685,3394
RAW,271520050,3687,3390
RAW,271520078,3688,3393
RAW,271520105,3687,3393
RAW,271520133,3690,3392
RAW,271520160,3690,3392
RAW,271520188,3691,3392
RAW,271520215,3694,3391
RAW,271520243,3695,3392
RAW,271520270,3698,3393
RAW,271520298,3699,3393
RAW,271520325,3701,3392
RAW,271520352,3703,3393
RAW,271520380,3703,3391
RAW,271520407,3706,3393
RAW,271520435,3707,3392
RAW,271520462,3707,3392
RAW,271520490,3711,3393
RAW,271520517,3711,3390
RAW,271520545,3714,3391
RAW,271520572,3716,3392
RAW,271520601,3719,3391
RAW,271520628,3721,3392
RAW,271520656,3722,3391
RAW,271520683,3723,3390
RAW,271520711,3725,3392
RAW,271520738,3727,3393
RAW,271520766,3727,3391
RAW,271520793,3731,3393
RAW,271520820,3735,3393
RAW,271520848,3733,3391
RAW,271520875,3737,3393
RAW,271520903,3739,3391
RAW,271520930,3741,3393
RAW,271520958,3743,3391
RAW,271520985,3747,3392
RAW,271521013,3749,3391
RAW,271521040,3747,3391
RAW,271521068,3751,3393
RAW,271521095,3754,3390
RAW,271521122,3757,3393
RAW,271521150,3759,3391
RAW,271521177,3759,3393
RAW,271521205,3759,3392
RAW,271521232,3765,3391
RAW,271521260,3767,3393
RAW,271521287,3770,3391
RAW,271521315,3773,3391
RAW,271521342,3771,3390
RAW,271521370,3776,3390
RAW,271521397,3778,3392
RAW,271521424,3779,3393
RAW,271521452,3783,3392
RAW,271521479,3783,3393
RAW,271521507,3787,3393
RAW,271521534,3787,3393
RAW,271521562,3789,3393
RAW,271521589,3789,3390
RAW,271521617,3791,3391
RAW,271521644,3791,3394
RAW,271521671,3795,3391
RAW,271521699,3797,3392
RAW,271521726,3799,3390
RAW,271521754,3799,3391
RAW,271521781,3801,3391
RAW,271521809,3803,3393
RAW,271521836,3805,3392
RAW,271521878,3805,3393
RAW,271521906,3806,3392
RAW,271521934,3807,3393
RAW,271521962,3810,3393
RAW,271521990,3811,3393
RAW,271522018,3811,3390
RAW,271522046,3813,3391
RAW,271522074,3811,3393
RAW,271522102,3811,3391
RAW,271522130,3814,3393
RAW,271522158,3815,3393
RAW,271522186,3815,3391
RAW,271522214,3815,3392
RAW,271522242,3818,3393
RAW,271522270,3818,3390
RAW,271522298,3819,3393
RAW,271522326,3819,3393
RAW,271522354,3819,3393
RAW,271522382,3819,3391
RAW,271522409,3819,3391
RAW,271522437,3820,3393
RAW,271522465,3821,3392
RAW,271522493,3821,3392
RAW,271522521,3819,3393
RAW,271522549,3819,3390
RAW,271522577,3821,3390
RAW,271522607,3819,3393
RAW,271522635,3819,3393
RAW,271522662,3819,3393
RAW,271522690,3819,3390
RAW,271522718,3822,3391
RAW,271522746,3821,3392
RAW,271522774,3822,3393
RAW,271522802,3823,3393
RAW,271522830,3822,3392
RAW,271522858,3827,3395
RAW,271522886,3827,3393
RAW,271522914,3827,3393
RAW,271522942,3830,3393
RAW,271522970,3833,3393
RAW,271522998,3835,3393
RAW,271523026,3835,3393
RAW,271523054,3839,3393
RAW,271523082,3839,3391
RAW,271523110,3843,3394
RAW,271523138,3847,3391
RAW,271523166,3850,3392
RAW,271523194,3851,3392
RAW,271523222,3855,3393
RAW,271523250,3855,3393
RAW,271523278,3859,3394
RAW,271523306,3862,3391
RAW,271523334,3866,3393
RAW,271523362,3867,3393
RAW,271523390,3871,3393
RAW,271523418,3870,3393
RAW,271523446,3874,3393
RAW,271523474,3875,3393
RAW,271523502,3879,3392
RAW,271523530,3881,3393
RAW,271523557,3883,3394
RAW,271523585,3885,3392
RAW,271523613,3887,3393
RAW,271523641,3890,3392
RAW,271523669,3893,3391
RAW,271523697,3895,3391
RAW,271523725,3899,3393
RAW,271523753,3901,3393
RAW,271523781,3905,3392
RAW,271523809,3907,3391
RAW,271523837,3907,3393
RAW,271523865,3914,3390
RAW,271523893,3914,3393
RAW,271523921,3917,3394
RAW,271523949,3919,3394
RAW,271523977,3923,3393
RAW,271524005,3925,3392
RAW,271524033,3927,3391
RAW,271524061,3930,3393
RAW,271524089,3932,3392
RAW,271524117,3933,3390
RAW,271524145,3934,3392
RAW,271524173,3935,3391
RAW,271524201,3938,3391
RAW,271524229,3939,3393
RAW,271524257,3939,3391
RAW,271524285,3942,3393
RAW,271524313,3944,3393
RAW,271524341,3946,3391
RAW,271524369,3947,3393
RAW,271524397,3951,3391
RAW,271524425,3951,3393
RAW,271524452,3951,3391
RAW,271524480,3951,3395
RAW,271524508,3954,3393
RAW,271524536,3951,3393
RAW,271524564,3957,3391
RAW,271524592,3957,3393
RAW,271524620,3955,3390
RAW,271524648,3957,3392
RAW,271524676,3958,3392
RAW,271524704,3958,3393
RAW,271524732,3958,3391
RAW,271524760,3959,3391
RAW,271524788,3955,3391
RAW,271524816,3958,3391
RAW,271524844,3957,3391
RAW,271524872,3957,3390
RAW,271524900,3955,3391
RAW,271524928,3955,3392
RAW,271524956,3955,3394
RAW,271524984,3955,3393
RAW,271525012,3951,3393
RAW,271525040,3950,3392
RAW,271525068,3950,3391
RAW,271525096,3951,3393
RAW,271525124,3947,3391
RAW,271525152,3947,3394
RAW,271525180,3947,3391
RAW,271525208,3943,3392
RAW,271525236,3942,3393
RAW,271525264,3939,3391
RAW,271525292,3939,3393
RAW,271525319,3935,3392
RAW,271525347,3935,3394
RAW,271525375,3933,3393
RAW,271525403,3930,3394
RAW,271525431,3927,3393
RAW,271525459,3925,3392
RAW,271525487,3919,3393
RAW,271525515,3919,3392
RAW,271525543,3917,3390
RAW,271525571,3915,3391
RAW,271525600,3910,3393
RAW,271525628,3908,3392
RAW,271525656,3906,3393
RAW,271525684,3901,3393
RAW,271525712,3899,3393
RAW,271525740,3894,3393
RAW,271525768,3891,3393
RAW,271525796,3887,3393
RAW,271525824,3886,3393
RAW,271525852,3883,3394
RAW,271525880,3879,3393
RAW,271525908,3877,3394
RAW,271525936,3871,3391
RAW,271525964,3870,3394
RAW,271525992,3867,3394
RAW,271526020,3866,3391
RAW,271526048,3862,3391
RAW,271526076,3855,3391
RAW,271526104,3855,3392
RAW,271526132,3854,3393
RAW,271526160,3850,3393
RAW,271526188,3847,3393
RAW,271526216,3843,3392
RAW,271526244,3839,3393
RAW,271526272,3838,3394
RAW,271526300,3834,3393
RAW,271526328,3833,3393
RAW,271526356,3829,3393
RAW,271526384,3827,3391
RAW,271526412,3825,3391
RAW,271526440,3823,3393
RAW,271526467,3819,3392
RAW,271526495,3815,3393
RAW,271526523,3815,3393
RAW,271526551,3813,3391
RAW,271526579,3810,3391
RAW,271526609,3806,3393
RAW,271526637,3805,3393
RAW,271526665,3803,3393
RAW,271526693,3799,3395
RAW,271526721,3798,3393
RAW,271526748,3795,3393
RAW,271526776,3791,3393
RAW,271526804,3791,3393
RAW,271526832,3787,3393
RAW,271526860,3785,3392
RAW,271526888,3783,3393
RAW,271526916,3781,3393
RAW,271526944,3779,3393
RAW,271526972,3777,3391
RAW,271527000,3773,3394
RAW,271527028,3771,3391
RAW,271527056,3770,3394
RAW,271527084,3767,3393
RAW,271527112,3763,3391
RAW,271527140,3759,3391
RAW,271527168,3759,3393
RAW,271527196,3759,3393
RAW,271527224,3757,3393
RAW,271527252,3755,3395
RAW,271527280,3751,3393
RAW,271527308,3749,3393
RAW,271527336,3750,3393
RAW,271527364,3746,3394
RAW,271527392,3745,3392
RAW,271527420,3742,3391
RAW,271527448,3741,3391
RAW,271527476,3738,3394
RAW,271527504,3738,3393
RAW,271527532,3735,3391
RAW,271527560,3735,3395
RAW,271527588,3730,3393
RAW,271527629,3727,3393
RAW,271527657,3727,3393
RAW,271527685,3725,3394
RAW,271527713,3723,3392
RAW,271527741,3722,3393
RAW,271527769,3720,3394
RAW,271527797,3718,3394
RAW,271527825,3717,3393
RAW,271527853,3715,3394
RAW,271527881,3714,3393
RAW,271527909,3713,3394
RAW,271527937,3711,3392
RAW,271527965,3710,3393
RAW,271527993,3706,3392
RAW,271528021,3706,3393
RAW,271528049,3703,3395
RAW,271528077,3703,3393
RAW,271528105,3701,3393
RAW,271528133,3699,3392
RAW,271528161,3695,3392
RAW,271528189,3695,3391
RAW,271528217,3695,3391
RAW,271528245,3694,3393
RAW,271528273,3692,3394
RAW,271528301,3690,3393
RAW,271528329,3690,3391
RAW,271528357,3690,3394
RAW,271528385,3689,3391
RAW,271528413,3690,3393
RAW,271528441,3687,3394
RAW,271528469,3688,3393
RAW,271528497,3686,3392
RAW,271528525,3683,3392
RAW,271528553,3683,3390
RAW,271528581,3684,3394
RAW,271528610,3683,3393
RAW,271528638,3683,3392
RAW,271528666,3682,3392
RAW,271528694,3682,3393
RAW,271528722,3682,3393
RAW,271528750,3679,3392
RAW,271528778,3681,3393
RAW,271528805,3679,3393
RAW,271528833,3681,3393
RAW,271528861,3679,3393
RAW,271528889,3682,3394
RAW,271528917,3679,3393
RAW,271528945,3679,3395
RAW,271528973,3679,3393
RAW,271529001,3679,3391
RAW,271529029,3680,3393
RAW,271529057,3679,3394
RAW,271529085,3682,3391
RAW,271529113,3682,3393
RAW,271529141,3683,3391
RAW,271529169,3683,3391
RAW,271529197,3682,3395
RAW,271529225,3683,3394
RAW,271529253,3683,3394
RAW,271529281,3683,3394
RAW,271529309,3685,3393
RAW,271529337,3686,3395
RAW,271529365,3686,3393
RAW,271529393,3688,3395
RAW,271529421,3687,3394
RAW,271529449,3687,3394
RAW,271529477,3689,3393
RAW,271529505,3691,3394
RAW,271529533,3691,3395
RAW,271529561,3693,3393
RAW,271529589,3691,3394
RAW,271529617,3695,3394
RAW,271529645,3695,3395
RAW,271529673,3699,3394
RAW,271529701,3695,3394
RAW,271529729,3699,3397
RAW,271529757,3701,3395
RAW,271529785,3703,3395
RAW,271529813,3702,3394
RAW,271529841,3703,3397
RAW,271529869,3704,3395
RAW,271529897,3705,3397
RAW,271529925,3706,3396
RAW,271529953,3709,3397
RAW,271529981,3707,3395
RAW,271530009,3709,3395
RAW,271530037,3709,3395
RAW,271530065,3709,3395
RAW,271530093,3710,3395
RAW,271530121,3707,3395
RAW,271530149,3709,3397
RAW,271530177,3710,3395
RAW,271530205,3710,3398
RAW,271530233,3709,3397
RAW,271530261,3709,3398
RAW,271530289,3707,3395
RAW,271530317,3707,3397
RAW,271530345,3710,3397
RAW,271530373,3711,3397
RAW,271530401,3711,3397
RAW,271530429,3711,3399
RAW,271530457,3711,3399
RAW,271530485,3711,3399
RAW,271530513,3711,3398
RAW,271530541,3710,3398
RAW,271530569,3711,3398
RAW,271530598,3711,3400
RAW,271530626,3711,3401
RAW,271530654,3712,3399
RAW,271530682,3709,3402
RAW,271530710,3710,3402
RAW,271530738,3711,3402
RAW,271530766,3710,3403
RAW,271530794,3711,3402
RAW,271530822,3707,3403
RAW,271530850,3707,3406
RAW,271530878,3709,3406
RAW,271530906,3709,3407
RAW,271530934,3707,3407
RAW,271530962,3709,3410
RAW,271530990,3707,3411
RAW,271531018,3706,3411
RAW,271531046,3707,3416
RAW,271531074,3707,3417
RAW,271531102,3706,3419
RAW,271531130,3706,3421
RAW,271531157,3707,3423
RAW,271531185,3707,3426
RAW,271531213,3706,3427
RAW,271531241,3705,3430
RAW,271531269,3706,3431
RAW,271531297,3705,3433
RAW,271531325,3704,3435
RAW,271531353,3704,3439
RAW,271531381,3704,3439
RAW,271531409,3702,3443
RAW,271531437,3703,3446
RAW,271531465,3703,3450
RAW,271531493,3704,3451
RAW,271531521,3702,3455
RAW,271531549,3703,3458
RAW,271531577,3701,3459
RAW,271531607,3703,3463
RAW,271531635,3704,3466
RAW,271531662,3702,3469
RAW,271531690,3706,3471
RAW,271531718,3703,3475
RAW,271531746,3703,3479
RAW,271531774,3702,3483
RAW,271531802,3704,3487
RAW,271531830,3703,3491
RAW,271531858,3702,3494
RAW,271531900,3703,3501
RAW,271531928,3702,3505
RAW,271531956,3703,3509
RAW,271531984,3703,3514
RAW,271532012,3702,3515
RAW,271532040,3703,3522
RAW,271532068,3703,3527
RAW,271532096,3703,3533
RAW,271532124,3701,3535
RAW,271532152,3703,3542
RAW,271532180,3703,3547
RAW,271532208,3703,3551
RAW,271532236,3703,3557
RAW,271532264,3702,3561
RAW,271532292,3703,3567
RAW,271532320,3702,3573
RAW,271532348,3703,3577
RAW,271532376,3703,3583
RAW,271532404,3703,3586
RAW,271532432,3702,3592
RAW,271532460,3702,3599
RAW,271532488,3703,3605
RAW,271532516,3703,3610
RAW,271532544,3703,3614
RAW,271532572,3699,3619
RAW,271532601,3703,3626
RAW,271532629,3702,3631
RAW,271532657,3704,3637
RAW,271532685,3703,3642
RAW,271532713,3702,3647
RAW,271532741,3703,3654
RAW,271532769,3703,3658
RAW,271532797,3701,3663
RAW,271532825,3703,3667
RAW,271532853,3701,3671
RAW,271532881,3703,3679
RAW,271532909,3703,3684
RAW,271532937,3702,3689
RAW,271532965,3702,3691
RAW,271532993,3703,3698
RAW,271533021,3702,3703
RAW,271533049,3703,3707
RAW,271533077,3701,3715
RAW,271533105,3704,3720
RAW,271533133,3703,3722
RAW,271533161,3702,3727
RAW,271533189,3703,3734
RAW,271533217,3701,3738
RAW,271533245,3702,3742
RAW,271533273,3702,3743
RAW,271533301,3703,3749
RAW,271533329,3702,3753
RAW,271533357,3699,3755
RAW,271533385,3701,3759
RAW,271533413,3703,3763
RAW,271533441,3701,3766
RAW,271533469,3701,3771
RAW,271533497,3703,3771
RAW,271533525,3702,3774
RAW,271533553,3702,3775
RAW,271533581,3703,3778
RAW,271533610,3702,3779
RAW,271533638,3703,3781
RAW,271533666,3703,3783
RAW,271533694,3702,3783
RAW,271533722,3702,3785
RAW,271533750,3703,3787
RAW,271533778,3702,3787
RAW,271533806,3702,3787
RAW,271533834,3703,3787
RAW,271533862,3702,3789
RAW,271533890,3703,3787
RAW,271533918,3702,3790
RAW,271533946,3702,3791
RAW,271533974,3702,3790
RAW,271534002,3703,3791
RAW,271534030,3703,3791
RAW,271534058,3703,3791
RAW,271534086,3702,3795
RAW,271534114,3703,3795
RAW,271534142,3701,3797
RAW,271534170,3703,3798
RAW,271534198,3701,3799
RAW,271534226,3701,3799
RAW,271534254,3703,3801
RAW,271534282,3702,3801
RAW,271534310,3701,3803
RAW,271534338,3702,3803
RAW,271534366,3702,3803
RAW,271534394,3703,3802
RAW,271534422,3703,3803
RAW,271534450,3702,3803
RAW,271534478,3703,3803
RAW,271534506,3703,3803
RAW,271534534,3702,3803
RAW,271534562,3703,3803
RAW,271534590,3701,3803
RAW,271534617,3703,3802
RAW,271534645,3704,3799
RAW,271534673,3703,3799
RAW,271534701,3702,3798
RAW,271534729,3702,3795
RAW,271534757,3699,3791
RAW,271534785,3699,3791
RAW,271534813,3702,3790
RAW,271534841,3702,3787
RAW,271534869,3703,3785
RAW,271534897,3701,3782
RAW,271534925,3702,3781
RAW,271534953,3701,3777
RAW,271534981,3702,3771
RAW,271535009,3702,3770
RAW,271535037,3702,3767
RAW,271535065,3702,3765
RAW,271535093,3703,3758
RAW,271535121,3703,3755
RAW,271535149,3702,3751
RAW,271535177,3703,3746
RAW,271535205,3701,3739
RAW,271535233,3699,3737
RAW,271535261,3703,3733
RAW,271535289,3702,3727
RAW,271535317,3703,3723
RAW,271535345,3703,3718
RAW,271535373,3702,3715
RAW,271535401,3702,3710
RAW,271535429,3702,3706
RAW,271535457,3699,3702
RAW,271535485,3702,3695
RAW,271535513,3703,3695
RAW,271535541,3703,3690
RAW,271535569,3702,3687
RAW,271535599,3703,3683
RAW,271535627,3702,3679
RAW,271535655,3703,3678
RAW,271535683,3703,3674
RAW,271535711,3702,3674
RAW,271535739,3703,3671
RAW,271535767,3703,3672
RAW,271535795,3702,3671
RAW,271535823,3703,3671
RAW,271535851,3701,3673
RAW,271535879,3702,3671
RAW,271535907,3702,3671
RAW,271535935,3701,3674
RAW,271535963,3702,3674
RAW,271535991,3703,3675
RAW,271536019,3702,3677
RAW,271536047,3703,3678
RAW,271536075,3702,3677
RAW,271536103,3702,3679
RAW,271536131,3703,3679
RAW,271536159,3702,3682
RAW,271536187,3703,3682
RAW,271536215,3703,3686
RAW,271536243,3702,3687
RAW,271536271,3703,3687
RAW,271536299,3701,3690
RAW,271536327,3702,3691
RAW,271536355,3702,3695
RAW,271536383,3702,3694
RAW,271536411,3703,3695
RAW,271536439,3703,3699
RAW,271536467,3703,3701
RAW,271536495,3703,3703
RAW,271536523,3703,3705
RAW,271536551,3704,3706
RAW,271536579,3702,3707
RAW,271536608,3702,3710
RAW,271536636,3702,3712
RAW,271536664,3703,3713
RAW,271536692,3702,3715
RAW,271536720,3703,3717
RAW,271536748,3702,3717
RAW,271536776,3702,3717
RAW,271536804,3702,3719
RAW,271536832,3701,3719
RAW,271536860,3703,3719
RAW,271536888,3701,3719
RAW,271536916,3703,3722
RAW,271536944,3703,3720
RAW,271536972,3702,3720
RAW,271537000,3701,3721
RAW,271537028,3703,3720
RAW,271537056,3703,3719
RAW,271537084,3703,3718
RAW,271537112,3699,3715
RAW,271537140,3703,3715
RAW,271537168,3702,3714
RAW,271537196,3701,3711
RAW,271537224,3703,3711
RAW,271537252,3699,3709
RAW,271537280,3703,3704
RAW,271537308,3702,3701
RAW,271537336,3703,3697
RAW,271537364,3703,3695
RAW,271537392,3702,3691
RAW,271537420,3703,3689
RAW,271537448,3702,3683
RAW,271537476,3704,3679
RAW,271537504,3703,3677
RAW,271537532,3702,3674
RAW,271537560,3702,3670
RAW,271537588,3704,3667
RAW,271537616,3703,3662
RAW,271537645,3702,3658
RAW,271537673,3703,3654
RAW,271537701,3703,3651
RAW,271537729,3703,3646
RAW,271537757,3702,3642
RAW,271537785,3703,3639
RAW,271537813,3703,3635
RAW,271537841,3702,3631
RAW,271537869,3703,3627
RAW,271537897,3703,3623
RAW,271537925,3702,3615
RAW,271537953,3703,3611
RAW,271537981,3702,3609
RAW,271538009,3703,3605
RAW,271538037,3703,3599
RAW,271538065,3702,3595
RAW,271538093,3703,3591
RAW,271538121,3703,3586
RAW,271538149,3702,3581
RAW,271538177,3703,3578
RAW,271538205,3702,3573
RAW,271538233,3703,3565
RAW,271538261,3704,3562
RAW,271538289,3703,3555
RAW,271538317,3702,3550
RAW,271538345,3702,3547
RAW,271538373,3702,3542
RAW,271538401,3703,3535
RAW,271538429,3702,3531
RAW,271538457,3702,3525
RAW,271538485,3702,3522
RAW,271538513,3702,3515
RAW,271538541,3702,3513
RAW,271538569,3703,3509
RAW,271538598,3703,3503
RAW,271538626,3703,3499
RAW,271538654,3702,3495
RAW,271538682,3702,3491
RAW,271538710,3702,3487
RAW,271538738,3703,3483
RAW,271538766,3702,3478
RAW,271538794,3703,3475
RAW,271538822,3703,3473
RAW,271538850,3703,3469
RAW,271538878,3702,3465
RAW,271538906,3703,3461
RAW,271538934,3703,3458
RAW,271538962,3702,3455
RAW,271538990,3702,3451
RAW,271539018,3703,3451
RAW,271539046,3703,3447
RAW,271539074,3701,3445
RAW,271539102,3702,3442
RAW,271539130,3703,3438
RAW,271539158,3702,3437
RAW,271539186,3703,3435
RAW,271539214,3703,3433
RAW,271539242,3702,3430
RAW,271539270,3703,3429
RAW,271539298,3702,3427
RAW,271539326,3704,3423
RAW,271539354,3701,3423
DROP_RAW_END,33
EVT,279950,DROP dt=9 tau=5 V=188.7
DROP,279950,34,9843,5551,7593,97,66,1887,2,6601,3807,3493
DROP_RAW_BEGIN,279950,34,877,279726513,279750952,279733547
RAW,279726513,3702,3392
RAW,279726541,3702,3394
RAW,279726568,3699,3391
RAW,279726597,3703,3393
RAW,279726625,3702,3394
RAW,279726652,3702,3391
RAW,279726679,3703,3392
RAW,279726707,3703,3394
RAW,279726734,3702,3393
RAW,279726762,3703,3394
RAW,279726789,3702,3393
RAW,279726817,3703,3391
RAW,279726844,3701,3393
RAW,279726872,3702,3394
RAW,279726899,3703,3393
RAW,279726927,3703,3394
RAW,279726954,3703,3393
RAW,279726981,3703,3393
RAW,279727009,3702,3393
RAW,279727036,3701,3394
RAW,279727064,3702,3393
RAW,279727091,3703,3394
RAW,279727119,3701,3394
RAW,279727146,3701,3394
RAW,279727174,3702,3395
RAW,279727201,3699,3393
RAW,279727229,3703,3394
RAW,279727256,3703,3393
RAW,279727283,3703,3391
RAW,279727311,3702,3393
RAW,279727338,3702,3391
RAW,279727366,3702,3394
RAW,279727393,3702,3393
RAW,279727421,3703,3393
RAW,279727448,3701,3393
RAW,279727476,3702,3393
RAW,279727503,3702,3394
RAW,279727530,3699,3394
RAW,279727558,3701,3393
RAW,279727585,3702,3393
RAW,279727613,3699,3394
RAW,279727640,3699,3391
RAW,279727668,3703,3393
RAW,279727695,3699,3393
RAW,279727723,3702,3394
RAW,279727750,3701,3394
RAW,279727778,3702,3393
RAW,279727805,3702,3393
RAW,279727832,3699,3390
RAW,279727860,3701,3392
RAW,279727887,3699,3394
RAW,279727915,3701,3391
RAW,279727942,3699,3391
RAW,279727970,3701,3393
RAW,279727997,3701,3393
RAW,279728025,3699,3390
RAW,279728052,3701,3393
RAW,279728080,3700,3393
RAW,279728107,3699,3394
RAW,279728134,3702,3393
RAW,279728162,3701,3392
RAW,279728189,3699,3393
RAW,279728217,3701,3394
RAW,279728244,3699,3394
RAW,279728272,3699,3393
RAW,279728299,3702,3393
RAW,279728327,3703,3394
RAW,279728354,3701,3393
RAW,279728382,3701,3391
RAW,279728409,3702,3393
RAW,279728436,3701,3393
RAW,279728464,3701,3393
RAW,279728491,3699,3394
RAW,279728519,3702,3392
RAW,279728546,3699,3393
RAW,279728574,3701,3392
RAW,279728602,3699,3394
RAW,279728630,3699,3390
RAW,279728657,3699,3393
RAW,279728685,3699,3393
RAW,279728712,3701,3391
RAW,279728740,3701,3393
RAW,279728767,3699,3392
RAW,279728795,3699,3393
RAW,279728822,3699,3393
RAW,279728849,3699,3391
RAW,279728877,3699,3391
RAW,279728904,3699,3391
RAW,279728932,3695,3392
RAW,279728959,3699,3393
RAW,279728987,3701,3393
RAW,279729014,3698,3394
RAW,279729042,3699,3391
RAW,279729069,3698,3391
RAW,279729097,3699,3393
RAW,279729124,3700,3393
RAW,279729151,3695,3392
RAW,279729179,3699,3391
RAW,279729206,3699,3393
RAW,279729234,3701,3393
RAW,279729261,3699,3391
RAW,279729289,3699,3394
RAW,279729316,3701,3392
RAW,279729344,3700,3393
RAW,279729371,3699,3393
RAW,279729399,3698,3391
RAW,279729426,3701,3391
RAW,279729453,3699,3393
RAW,279729481,3701,3390
RAW,279729508,3702,3393
RAW,279729536,3699,3391
RAW,279729563,3699,3393
RAW,279729591,3699,3393
RAW,279729618,3699,3391
RAW,279729646,3699,3391
RAW,279729673,3699,3393
RAW,279729701,3695,3391
RAW,279729728,3699,3393
RAW,279729755,3695,3391
RAW,279729783,3701,3392
RAW,279729810,3699,3391
RAW,279729838,3695,3392
RAW,279729865,3699,3391
RAW,279729893,3695,3392
RAW,279729920,3695,3393
RAW,279729948,3695,3393
RAW,279729975,3699,3391
RAW,279730003,3699,3393
RAW,279730030,3700,3391
RAW,279730057,3699,3393
RAW,279730085,3698,3391
RAW,279730112,3699,3393
RAW,279730140,3695,3391
RAW,279730167,3695,3391
RAW,279730195,3695,3393
RAW,279730222,3695,3393
RAW,279730250,3698,3392
RAW,279730277,3695,3392
RAW,279730305,3695,3391
RAW,279730332,3695,3391
RAW,279730359,3695,3392
RAW,279730387,3695,3393
RAW,279730414,3695,3391
RAW,279730442,3695,3391
RAW,279730469,3695,3391
RAW,279730497,3695,3391
RAW,279730524,3693,3390
RAW,279730552,3695,3391
RAW,279730579,3693,3393
RAW,279730608,3693,3393
RAW,279730635,3691,3393
RAW,279730663,3691,3390
RAW,279730690,3691,3393
RAW,279730718,3691,3394
RAW,279730745,3691,3391
RAW,279730773,3690,3393
RAW,279730800,3687,3393
RAW,279730827,3687,3391
RAW,279730855,3689,3392
RAW,279730882,3687,3391
RAW,279730910,3686,3391
RAW,279730937,3686,3391
RAW,279730965,3683,3391
RAW,279730992,3683,3391
RAW,279731020,3682,3391
RAW,279731047,3679,3392
RAW,279731074,3679,3391
RAW,279731102,3680,3393
RAW,279731129,3678,3392
RAW,279731157,3678,3393
RAW,279731184,3678,3392
RAW,279731212,3678,3393
RAW,279731239,3677,3394
RAW,279731267,3678,3394
RAW,279731294,3675,3393
RAW,279731322,3677,3391
RAW,279731349,3679,3393
RAW,279731376,3675,3393
RAW,279731404,3679,3394
RAW,279731431,3679,3392
RAW,279731459,3678,3393
RAW,279731486,3679,3393
RAW,279731514,3682,3391
RAW,279731541,3684,3393
RAW,279731569,3685,3391
RAW,279731597,3686,3393
RAW,279731625,3687,3393
RAW,279731652,3689,3390
RAW,279731680,3691,3393
RAW,279731707,3691,3393
RAW,279731735,3694,3393
RAW,279731762,3695,3391
RAW,279731790,3695,3391
RAW,279731817,3695,3393
RAW,279731845,3699,3392
RAW,279731872,3699,3393
RAW,279731899,3702,3393
RAW,279731927,3702,3393
RAW,279731954,3706,3391
RAW,279731982,3709,3393
RAW,279732009,3707,3393
RAW,279732037,3712,3393
RAW,279732064,3713,3391
RAW,279732092,3715,3390
RAW,279732119,3715,3392
RAW,279732146,3718,3393
RAW,279732174,3721,3391
RAW,279732201,3723,3393
RAW,279732229,3723,3390
RAW,279732256,3726,3393
RAW,279732284,3727,3393
RAW,279732311,3727,3393
RAW,279732339,3731,3393
RAW,279732366,3733,3393
RAW,279732394,3735,3393
RAW,279732421,3735,3393
RAW,279732448,3738,3391
RAW,279732476,3741,3393
RAW,279732503,3742,3391
RAW,279732531,3746,3393
RAW,279732558,3747,3392
RAW,279732586,3747,3390
RAW,279732613,3751,3391
RAW,279732641,3754,3393
RAW,279732668,3755,3391
RAW,279732696,3755,3391
RAW,279732723,3759,3392
RAW,279732750,3759,3393
RAW,279732778,3762,3392
RAW,279732805,3767,3391
RAW,279732833,3767,3392
RAW,279732860,3767,3391
RAW,279732888,3771,3393
RAW,279732915,3771,3390
RAW,279732943,3777,3393
RAW,279732970,3779,3392
RAW,279732998,3779,3393
RAW,279733025,3781,3392
RAW,279733052,3783,3392
RAW,279733080,3784,3393
RAW,279733107,3786,3392
RAW,279733135,3786,3391
RAW,279733162,3787,3394
RAW,279733190,3791,3393
RAW,279733217,3791,3393
RAW,279733245,3791,3393
RAW,279733272,3795,3391
RAW,279733300,3795,3392
RAW,279733327,3795,3393
RAW,279733354,3800,3393
RAW,279733382,3801,3393
RAW,279733409,3804,3391
RAW,279733437,3802,3395
RAW,279733464,3803,3393
RAW,279733492,3803,3391
RAW,279733519,3802,3391
RAW,279733547,3807,3391
RAW,279733589,3808,3393
RAW,279733617,3806,3391
RAW,279733644,3810,3393
RAW,279733672,3811,3390
RAW,279733700,3810,3392
RAW,279733728,3810,3393
RAW,279733756,3813,3391
RAW,279733784,3813,3392
RAW,279733812,3813,3393
RAW,279733840,3814,3391
RAW,279733868,3811,3393
RAW,279733896,3811,3394
RAW,279733924,3813,3393
RAW,279733952,3811,3393
RAW,279733980,3813,3392
RAW,279734008,3813,3392
RAW,279734036,3814,3393
RAW,279734064,3811,3391
RAW,279734092,3814,3391
RAW,279734120,3814,3392
RAW,279734148,3814,3392
RAW,279734176,3814,3393
RAW,279734204,3815,3393
RAW,279734232,3813,3392
RAW,279734260,3814,3391
RAW,279734288,3815,3393
RAW,279734316,3814,3393
RAW,279734344,3815,3392
RAW,279734372,3817,3391
RAW,279734400,3818,3390
RAW,279734428,3821,3390
RAW,279734456,3822,3392
RAW,279734484,3823,3394
RAW,279734512,3825,3392
RAW,279734539,3829,3391
RAW,279734567,3831,3391
RAW,279734597,3833,3392
RAW,279734625,3834,3391
RAW,279734653,3838,3393
RAW,279734681,3839,3392
RAW,279734709,3843,3391
RAW,279734737,3846,3392
RAW,279734765,3851,3393
RAW,279734792,3854,3394
RAW,279734820,3855,3393
RAW,279734848,3859,3393
RAW,279734876,3861,3392
RAW,279734904,3863,3393
RAW,279734932,3866,3391
RAW,279734960,3866,3390
RAW,279734988,3867,3391
RAW,279735016,3872,3393
RAW,279735044,3874,3394
RAW,279735072,3876,3393
RAW,279735100,3877,3391
RAW,279735128,3879,3393
RAW,279735156,3882,3390
RAW,279735184,3883,3393
RAW,279735212,3887,3390
RAW,279735240,3887,3392
RAW,279735268,3893,3393
RAW,279735296,3895,3390
RAW,279735324,3898,3393
RAW,279735352,3899,3393
RAW,279735380,3905,3390
RAW,279735408,3907,3394
RAW,279735436,3909,3393
RAW,279735464,3911,3393
RAW,279735492,3915,3393
RAW,279735520,3917,3393
RAW,279735548,3919,3394
RAW,279735576,3919,3393
RAW,279735605,3923,3391
RAW,279735633,3926,3393
RAW,279735661,3926,3392
RAW,279735689,3930,3391
RAW,279735717,3931,3393
RAW,279735745,3935,3390
RAW,279735773,3935,3393
RAW,279735801,3938,3393
RAW,279735829,3939,3393
RAW,279735857,3941,3391
RAW,279735885,3943,3392
RAW,279735913,3945,3391
RAW,279735940,3947,3391
RAW,279735968,3947,3390
RAW,279735996,3949,3393
RAW,279736024,3951,3391
RAW,279736052,3951,3391
RAW,279736080,3954,3391
RAW,279736108,3955,3394
RAW,279736136,3951,3393
RAW,279736164,3955,3392
RAW,279736192,3957,3393
RAW,279736220,3958,3391
RAW,279736248,3955,3390
RAW,279736276,3955,3394
RAW,279736304,3957,3392
RAW,279736332,3955,3391
RAW,279736360,3957,3393
RAW,279736388,3957,3391
RAW,279736416,3957,3392
RAW,279736444,3955,3390
RAW,279736472,3955,3393
RAW,279736500,3955,3391
RAW,279736528,3955,3391
RAW,279736556,3955,3394
RAW,279736584,3951,3391
RAW,279736612,3951,3393
RAW,279736640,3951,3394
RAW,279736668,3951,3393
RAW,279736696,3949,3393
RAW,279736724,3947,3390
RAW,279736752,3945,3393
RAW,279736780,3945,3393
RAW,279736808,3944,3392
RAW,279736835,3941,3392
RAW,279736863,3939,3392
RAW,279736891,3937,3393
RAW,279736919,3934,3391
RAW,279736947,3931,3393
RAW,279736975,3931,3394
RAW,279737003,3927,3394
RAW,279737031,3925,3391
RAW,279737059,3923,3393
RAW,279737087,3919,3394
RAW,279737115,3917,3393
RAW,279737143,3914,3392
RAW,279737171,3912,3393
RAW,279737199,3909,3391
RAW,279737227,3907,3393
RAW,279737255,3902,3393
RAW,279737283,3900,3392
RAW,279737311,3897,3392
RAW,279737339,3893,3393
RAW,279737367,3891,3394
RAW,279737395,3887,3393
RAW,279737423,3883,3393
RAW,279737451,3879,3393
RAW,279737479,3878,3391
RAW,279737507,3874,3392
RAW,279737535,3871,3393
RAW,279737563,3869,3393
RAW,279737591,3865,3394
RAW,279737619,3864,3393
RAW,279737647,3861,3394
RAW,279737675,3858,3393
RAW,279737702,3854,3392
RAW,279737730,3850,3391
RAW,279737758,3847,3393
RAW,279737786,3845,3393
RAW,279737814,3842,3393
RAW,279737842,3839,3393
RAW,279737870,3837,3393
RAW,279737898,3835,3393
RAW,279737926,3832,3391
RAW,279737954,3829,3392
RAW,279737982,3823,3392
RAW,279738010,3823,3394
RAW,279738038,3823,3393
RAW,279738066,3819,3393
RAW,279738094,3816,3391
RAW,279738122,3814,3394
RAW,279738150,3811,3393
RAW,279738178,3807,3393
RAW,279738206,3807,3392
RAW,279738234,3803,3392
RAW,279738262,3799,3392
RAW,279738290,3798,3393
RAW,279738318,3795,3391
RAW,279738346,3791,3393
RAW,279738374,3790,3391
RAW,279738402,3787,3391
RAW,279738430,3787,3390
RAW,279738458,3785,3393
RAW,279738486,3779,3393
RAW,279738514,3778,3391
RAW,279738542,3777,3393
RAW,279738570,3774,3393
RAW,279738599,3771,3393
RAW,279738627,3770,3391
RAW,279738655,3767,3394
RAW,279738683,3759,3391
RAW,279738711,3759,3393
RAW,279738739,3758,3393
RAW,279738767,3757,3394
RAW,279738794,3757,3391
RAW,279738822,3753,3393
RAW,279738850,3751,3391
RAW,279738878,3747,3394
RAW,279738906,3747,3391
RAW,279738934,3743,3393
RAW,279738962,3743,3393
RAW,279738990,3741,3393
RAW,279739018,3739,3393
RAW,279739046,3737,3393
RAW,279739074,3735,3393
RAW,279739102,3731,3394
RAW,279739143,3727,3394
RAW,279739171,3729,3391
RAW,279739199,3727,3394
RAW,279739227,3723,3393
RAW,279739255,3723,3393
RAW,279739283,3718,3393
RAW,279739311,3718,3393
RAW,279739339,3715,3393
RAW,279739367,3714,3392
RAW,279739395,3714,3393
RAW,279739423,3711,3392
RAW,279739451,3710,3393
RAW,279739479,3706,3393
RAW,279739507,3707,3393
RAW,279739535,3705,3391
RAW,279739563,3703,3393
RAW,279739591,3701,3393
RAW,279739619,3699,3391
RAW,279739647,3695,3391
RAW,279739675,3695,3394
RAW,279739703,3691,3392
RAW,279739731,3693,3394
RAW,279739759,3691,3392
RAW,279739787,3690,3393
RAW,279739815,3687,3393
RAW,279739843,3687,3393
RAW,279739871,3687,3391
RAW,279739899,3683,3391
RAW,279739927,3683,3391
RAW,279739955,3683,3394
RAW,279739983,3683,3393
RAW,279740011,3681,3391
RAW,279740039,3681,3393
RAW,279740067,3679,3394
RAW,279740095,3679,3393
RAW,279740123,3678,3392
RAW,279740151,3679,3392
RAW,279740179,3679,3393
RAW,279740207,3679,3391
RAW,279740235,3677,3394
RAW,279740263,3678,3391
RAW,279740291,3677,3392
RAW,279740319,3676,3391
RAW,279740347,3677,3391
RAW,279740375,3677,3393
RAW,279740403,3675,3393
RAW,279740431,3677,3394
RAW,279740459,3678,3394
RAW,279740487,3675,3391
RAW,279740515,3677,3393
RAW,279740543,3675,3394
RAW,279740571,3677,3393
RAW,279740600,3677,3392
RAW,279740628,3677,3394
RAW,279740656,3678,3393
RAW,279740684,3678,3393
RAW,279740712,3678,3394
RAW,279740740,3679,3393
RAW,279740768,3679,3393
RAW,279740796,3679,3393
RAW,279740824,3682,3393
RAW,279740852,3683,3395
RAW,279740880,3685,3393
RAW,279740908,3683,3395
RAW,279740936,3683,3394
RAW,279740964,3687,3395
RAW,279740992,3688,3394
RAW,279741020,3687,3395
RAW,279741048,3689,3394
RAW,279741076,3691,3394
RAW,279741104,3691,3395
RAW,279741132,3694,3395
RAW,279741160,3695,3395
RAW,279741188,3695,3395
RAW,279741215,3694,3395
RAW,279741243,3699,3393
RAW,279741271,3699,3395
RAW,279741299,3702,3394
RAW,279741327,3703,3391
RAW,279741355,3703,3395
RAW,279741383,3703,3394
RAW,279741411,3704,3395
RAW,279741439,3706,3394
RAW,279741467,3707,3394
RAW,279741495,3709,3394
RAW,279741523,3709,3395
RAW,279741551,3709,3395
RAW,279741579,3710,3395
RAW,279741609,3707,3395
RAW,279741637,3710,3397
RAW,279741665,3710,3398
RAW,279741693,3710,3396
RAW,279741720,3710,3397
RAW,279741748,3710,3395
RAW,279741776,3710,3397
RAW,279741804,3711,3395
RAW,279741832,3712,3397
RAW,279741860,3710,3395
RAW,279741888,3712,3395
RAW,279741916,3710,3397
RAW,279741944,3711,3397
RAW,279741972,3710,3398
RAW,279742000,3711,3397
RAW,279742028,3711,3397
RAW,279742056,3711,3398
RAW,279742084,3711,3399
RAW,279742112,3711,3398
RAW,279742140,3712,3401
RAW,279742168,3712,3400
RAW,279742196,3711,3400
RAW,279742224,3710,3402
RAW,279742252,3710,3402
RAW,279742280,3712,3401
RAW,279742308,3710,3402
RAW,279742336,3710,3403
RAW,279742364,3710,3405
RAW,279742392,3707,3406
RAW,279742420,3709,3406
RAW,279742448,3709,3407
RAW,279742476,3707,3407
RAW,279742504,3709,3407
RAW,279742532,3707,3411
RAW,279742560,3708,3415
RAW,279742588,3706,3415
RAW,279742616,3706,3417
RAW,279742644,3706,3419
RAW,279742672,3706,3421
RAW,279742700,3705,3423
RAW,279742728,3706,3425
RAW,279742756,3705,3427
RAW,279742784,3706,3431
RAW,279742812,3703,3431
RAW,279742840,3706,3435
RAW,279742868,3703,3438
RAW,279742896,3703,3439
RAW,279742924,3702,3443
RAW,279742952,3703,3443
RAW,279742980,3702,3446
RAW,279743008,3703,3450
RAW,279743036,3705,3453
RAW,279743064,3703,3455
RAW,279743092,3703,3458
RAW,279743120,3704,3459
RAW,279743148,3703,3463
RAW,279743176,3703,3467
RAW,279743204,3703,3470
RAW,279743232,3702,3474
RAW,279743260,3702,3476
RAW,279743288,3703,3481
RAW,279743316,3702,3485
RAW,279743344,3702,3487
RAW,279743372,3703,3493
RAW,279743414,3703,3497
RAW,279743442,3703,3499
RAW,279743470,3703,3503
RAW,279743498,3702,3507
RAW,279743526,3703,3514
RAW,279743554,3702,3519
RAW,279743582,3703,3523
RAW,279743610,3702,3527
RAW,279743638,3703,3533
RAW,279743666,3702,3535
RAW,279743694,3702,3543
RAW,279743722,3702,3547
RAW,279743750,3702,3551
RAW,279743778,3703,3558
RAW,279743806,3703,3563
RAW,279743834,3704,3567
RAW,279743862,3703,3574
RAW,279743890,3699,3579
RAW,279743918,3702,3583
RAW,279743946,3703,3589
RAW,279743974,3703,3595
RAW,279744002,3701,3599
RAW,279744030,3701,3607
RAW,279744058,3703,3611
RAW,279744086,3702,3618
RAW,279744114,3702,3623
RAW,279744142,3702,3629
RAW,279744170,3703,3635
RAW,279744198,3702,3640
RAW,279744226,3702,3646
RAW,279744254,3703,3653
RAW,279744282,3701,3655
RAW,279744310,3703,3662
RAW,279744338,3702,3668
RAW,279744366,3703,3674
RAW,279744394,3699,3678
RAW,279744422,3702,3683
RAW,279744450,3703,3689
RAW,279744478,3703,3694
RAW,279744506,3702,3699
RAW,279744534,3703,3703
RAW,279744562,3703,3710
RAW,279744590,3701,3714
RAW,279744618,3703,3720
RAW,279744646,3703,3725
RAW,279744674,3702,3727
RAW,279744702,3699,3735
RAW,279744730,3703,3738
RAW,279744758,3702,3742
RAW,279744786,3702,3747
RAW,279744814,3703,3752
RAW,279744842,3702,3755
RAW,279744870,3702,3759
RAW,279744898,3701,3763
RAW,279744926,3701,3766
RAW,279744954,3703,3770
RAW,279744982,3703,3771
RAW,279745010,3701,3776
RAW,279745038,3701,3777
RAW,279745066,3703,3778
RAW,279745094,3702,3782
RAW,279745122,3701,3782
RAW,279745150,3702,3785
RAW,279745178,3702,3787
RAW,279745206,3702,3787
RAW,279745234,3702,3789
RAW,279745262,3699,3787
RAW,279745290,3702,3787
RAW,279745318,3702,3789
RAW,279745346,3702,3789
RAW,279745374,3702,3790
RAW,279745402,3699,3790
RAW,279745430,3701,3791
RAW,279745458,3702,3790
RAW,279745486,3703,3791
RAW,279745514,3702,3793
RAW,279745542,3703,3791
RAW,279745570,3702,3795
RAW,279745599,3702,3795
RAW,279745627,3703,3795
RAW,279745655,3702,3795
RAW,279745683,3699,3799
RAW,279745711,3702,3799
RAW,279745739,3699,3800
RAW,279745767,3702,3802
RAW,279745795,3703,3802
RAW,279745823,3702,3803
RAW,279745851,3703,3803
RAW,279745879,3702,3803
RAW,279745907,3702,3806
RAW,279745935,3702,3806
RAW,279745963,3702,3805
RAW,279745991,3702,3805
RAW,279746019,3702,3803
RAW,279746047,3702,3806
RAW,279746075,3702,3803
RAW,279746103,3703,3803
RAW,279746131,3702,3803
RAW,279746159,3702,3805
RAW,279746187,3703,3801
RAW,279746215,3701,3799
RAW,279746243,3702,3798
RAW,279746271,3699,3795
RAW,279746299,3699,3795
RAW,279746327,3703,3791
RAW,279746355,3699,3791
RAW,279746383,3703,3789
RAW,279746411,3702,3787
RAW,279746439,3702,3783
RAW,279746467,3702,3779
RAW,279746495,3703,3779
RAW,279746523,3702,3774
RAW,279746551,3703,3771
RAW,279746579,3703,3765
RAW,279746608,3703,3759
RAW,279746636,3703,3757
RAW,279746664,3702,3751
RAW,279746692,3703,3748
RAW,279746720,3701,3742
RAW,279746748,3702,3738
RAW,279746776,3703,3731
RAW,279746804,3702,3727
RAW,279746832,3703,3722
RAW,279746860,3702,3715
RAW,279746888,3702,3714
RAW,279746916,3702,3709
RAW,279746944,3702,3703
RAW,279746972,3703,3699
RAW,279747000,3702,3694
RAW,279747028,3702,3689
RAW,279747056,3703,3685
RAW,279747084,3703,3680
RAW,279747112,3703,3678
RAW,279747140,3702,3673
RAW,279747168,3702,3669
RAW,279747196,3703,3663
RAW,279747224,3703,3662
RAW,279747252,3702,3659
RAW,279747280,3703,3660
RAW,279747308,3703,3659
RAW,279747336,3702,3659
RAW,279747364,3703,3658
RAW,279747392,3703,3659
RAW,279747420,3702,3658
RAW,279747448,3703,3659
RAW,279747476,3703,3659
RAW,279747504,3703,3660
RAW,279747532,3702,3662
RAW,279747560,3702,3662
RAW,279747588,3705,3663
RAW,279747616,3703,3663
RAW,279747644,3703,3667
RAW,279747672,3701,3670
RAW,279747700,3702,3671
RAW,279747728,3703,3672
RAW,279747756,3702,3673
RAW,279747784,3702,3677
RAW,279747812,3703,3677
RAW,279747840,3701,3679
RAW,279747868,3703,3682
RAW,279747896,3701,3684
RAW,279747924,3702,3687
RAW,279747952,3703,3690
RAW,279747980,3703,3691
RAW,279748008,3703,3691
RAW,279748036,3703,3695
RAW,279748064,3703,3698
RAW,279748092,3702,3699
RAW,279748120,3699,3702
RAW,279748148,3699,3704
RAW,279748176,3703,3705
RAW,279748204,3703,3707
RAW,279748232,3701,3707
RAW,279748260,3702,3711
RAW,279748288,3703,3711
RAW,279748316,3702,3714
RAW,279748344,3701,3715
RAW,279748372,3702,3717
RAW,279748400,3704,3717
RAW,279748428,3703,3719
RAW,279748456,3702,3719
RAW,279748484,3702,3719
RAW,279748512,3703,3720
RAW,279748540,3699,3723
RAW,279748568,3703,3722
RAW,279748598,3701,3723
RAW,279748626,3699,3721
RAW,279748654,3703,3722
RAW,279748682,3701,3719
RAW,279748710,3703,3720
RAW,279748738,3703,3718
RAW,279748766,3703,3717
RAW,279748794,3703,3713
RAW,279748822,3702,3712
RAW,279748850,3703,3710
RAW,279748878,3703,3707
RAW,279748906,3703,3705
RAW,279748934,3703,3702
RAW,279748962,3703,3695
RAW,279748990,3704,3695
RAW,279749018,3703,3691
RAW,279749046,3703,3687
RAW,279749074,3703,3683
RAW,279749102,3703,3679
RAW,279749130,3703,3675
RAW,279749158,3703,3671
RAW,279749186,3702,3669
RAW,279749214,3703,3665
RAW,279749242,3703,3661
RAW,279749270,3702,3655
RAW,279749298,3702,3651
RAW,279749326,3703,3649
RAW,279749354,3703,3643
RAW,279749382,3703,3641
RAW,279749410,3702,3637
RAW,279749438,3703,3631
RAW,279749466,3702,3628
RAW,279749494,3702,3623
RAW,279749522,3702,3618
RAW,279749550,3703,3611
RAW,279749578,3703,3609
RAW,279749607,3702,3603
RAW,279749635,3703,3599
RAW,279749663,3702,3594
RAW,279749691,3703,3591
RAW,279749719,3701,3586
RAW,279749747,3702,3582
RAW,279749775,3703,3575
RAW,279749803,3703,3571
RAW,279749831,3703,3566
RAW,279749859,3703,3559
RAW,279749887,3702,3556
RAW,279749915,3701,3551
RAW,279749943,3703,3546
RAW,279749971,3703,3541
RAW,279749999,3702,3535
RAW,279750027,3703,3530
RAW,279750055,3703,3525
RAW,279750083,3701,3520
RAW,279750111,3703,3515
RAW,279750139,3702,3511
RAW,279750167,3702,3507
RAW,279750195,3703,3503
RAW,279750223,3703,3495
RAW,279750251,3703,3495
RAW,279750279,3703,3489
RAW,279750307,3703,3485
RAW,279750335,3703,3481
RAW,279750363,3701,3477
RAW,279750391,3702,3471
RAW,279750419,3702,3471
RAW,279750447,3702,3467
RAW,279750475,3703,3463
RAW,279750503,3702,3461
RAW,279750531,3703,3457
RAW,279750559,3703,3454
RAW,279750587,3703,3451
RAW,279750616,3702,3450
RAW,279750644,3702,3446
RAW,279750672,3703,3442
RAW,279750700,3704,3439
RAW,279750728,3703,3437
RAW,279750756,3702,3436
RAW,279750784,3703,3431
RAW,279750812,3703,3431
RAW,279750840,3701,3427
RAW,279750868,3703,3427
RAW,279750896,3702,3427
RAW,279750924,3702,3423
RAW,279750952,3703,3423
DROP_RAW_END,34
EVT,288198,DROP dt=10 tau=5 V=184.0
DROP,288198,35,10030,5774,7518,95,65,1840,2,6601,3807,3493
DROP_RAW_BEGIN,288198,35,881,287974712,287999252,287981745
RAW,287974712,3701,3390
RAW,287974739,3702,3393
RAW,287974767,3703,3394
RAW,287974794,3699,3393
RAW,287974822,3703,3394
RAW,287974849,3702,3391
RAW,287974877,3702,3393
RAW,287974904,3702,3392
RAW,287974932,3703,3394
RAW,287974959,3702,3393
RAW,287974986,3702,3393
RAW,287975014,3702,3393
RAW,287975041,3702,3392
RAW,287975069,3703,3392
RAW,287975096,3703,3394
RAW,287975124,3703,3395
RAW,287975151,3703,3393
RAW,287975179,3703,3394
RAW,287975206,3702,3394
RAW,287975234,3703,3393
RAW,287975261,3702,3394
RAW,287975288,3702,3392
RAW,287975316,3701,3393
RAW,287975343,3699,3393
RAW,287975371,3703,3393
RAW,287975398,3703,3391
RAW,287975426,3702,3394
RAW,287975453,3703,3393
RAW,287975481,3703,3395
RAW,287975508,3702,3393
RAW,287975536,3702,3394
RAW,287975563,3701,3394
RAW,287975590,3702,3394
RAW,287975618,3702,3393
RAW,287975645,3701,3394
RAW,287975673,3701,3392
RAW,287975700,3699,3393
RAW,287975728,3702,3394
RAW,287975755,3701,3393
RAW,287975783,3702,3394
RAW,287975810,3701,3393
RAW,287975837,3702,3394
RAW,287975865,3702,3394
RAW,287975892,3701,3393
RAW,287975920,3702,3394
RAW,287975947,3702,3391
RAW,287975975,3701,3391
RAW,287976002,3701,3393
RAW,287976030,3702,3394
RAW,287976057,3703,3393
RAW,287976085,3701,3393
RAW,287976112,3702,3393
RAW,287976139,3701,3393
RAW,287976167,3701,3393
RAW,287976194,3702,3393
RAW,287976222,3701,3392
RAW,287976249,3701,3394
RAW,287976277,3702,3393
RAW,287976304,3701,3393
RAW,287976332,3702,3394
RAW,287976359,3699,3394
RAW,287976387,3702,3393
RAW,287976414,3701,3391
RAW,287976441,3702,3394
RAW,287976469,3701,3392
RAW,287976496,3702,3393
RAW,287976524,3702,3393
RAW,287976551,3699,3394
RAW,287976579,3702,3393
RAW,287976607,3702,3393
RAW,287976635,3699,3393
RAW,287976662,3702,3393
RAW,287976690,3702,3393
RAW,287976717,3701,3391
RAW,287976745,3702,3394
RAW,287976772,3699,3394
RAW,287976800,3702,3394
RAW,287976827,3701,3394
RAW,287976855,3702,3391
RAW,287976882,3702,3394
RAW,287976909,3701,3393
RAW,287976937,3701,3393
RAW,287976964,3701,3394
RAW,287976992,3701,3391
RAW,287977019,3701,3394
RAW,287977047,3702,3394
RAW,287977074,3703,3394
RAW,287977102,3699,3393
RAW,287977129,3701,3394
RAW,287977157,3702,3394
RAW,287977184,3701,3394
RAW,287977211,3699,3393
RAW,287977239,3699,3395
RAW,287977266,3699,3393
RAW,287977294,3699,3393
RAW,287977321,3701,3392
RAW,287977349,3699,3393
RAW,287977376,3698,3394
RAW,287977404,3699,3393
RAW,287977431,3699,3393
RAW,287977459,3699,3393
RAW,287977486,3702,3393
RAW,287977513,3699,3393
RAW,287977541,3699,3393
RAW,287977568,3701,3394
RAW,287977597,3701,3391
RAW,287977625,3699,3393
RAW,287977652,3699,3394
RAW,287977679,3701,3394
RAW,287977707,3701,3393
RAW,287977734,3699,3393
RAW,287977762,3699,3394
RAW,287977789,3701,3394
RAW,287977817,3701,3393
RAW,287977844,3701,3394
RAW,287977872,3699,3390
RAW,287977899,3699,3391
RAW,287977927,3699,3393
RAW,287977954,3701,3393
RAW,287977981,3699,3395
RAW,287978009,3699,3394
RAW,287978036,3699,3393
RAW,287978064,3701,3392
RAW,287978091,3699,3393
RAW,287978119,3699,3393
RAW,287978146,3701,3392
RAW,287978174,3701,3391
RAW,287978201,3699,3394
RAW,287978229,3701,3392
RAW,287978256,3701,3392
RAW,287978283,3701,3394
RAW,287978311,3699,3393
RAW,287978338,3699,3393
RAW,287978366,3701,3394
RAW,287978393,3702,3393
RAW,287978421,3699,3393
RAW,287978448,3695,3393
RAW,287978476,3699,3391
RAW,287978503,3698,3394
RAW,287978530,3697,3393
RAW,287978558,3695,3393
RAW,287978585,3695,3393
RAW,287978613,3695,3394
RAW,287978640,3695,3394
RAW,287978668,3695,3394
RAW,287978695,3695,3391
RAW,287978723,3695,3393
RAW,287978750,3694,3395
RAW,287978778,3694,3394
RAW,287978805,3694,3393
RAW,287978832,3695,3393
RAW,287978860,3693,3393
RAW,287978887,3690,3393
RAW,287978915,3693,3391
RAW,287978942,3693,3393
RAW,287978970,3690,3392
RAW,287978997,3689,3391
RAW,287979025,3691,3395
RAW,287979052,3689,3393
RAW,287979080,3689,3393
RAW,287979107,3686,3391
RAW,287979134,3687,3394
RAW,287979162,3687,3394
RAW,287979189,3686,3393
RAW,287979217,3686,3393
RAW,287979244,3687,3394
RAW,287979272,3685,3393
RAW,287979299,3683,3394
RAW,287979327,3681,3393
RAW,287979354,3679,3393
RAW,287979382,3679,3393
RAW,287979409,3679,3393
RAW,287979436,3678,3391
RAW,287979464,3678,3395
RAW,287979491,3675,3391
RAW,287979519,3674,3393
RAW,287979546,3675,3393
RAW,287979574,3674,3391
RAW,287979602,3677,3393
RAW,287979630,3675,3392
RAW,287979657,3678,3391
RAW,287979685,3679,3393
RAW,287979712,3679,3393
RAW,287979740,3681,3393
RAW,287979767,3679,3390
RAW,287979795,3683,3394
RAW,287979822,3683,3394
RAW,287979849,3683,3394
RAW,287979877,3685,3394
RAW,287979904,3683,3394
RAW,287979932,3683,3393
RAW,287979959,3685,3394
RAW,287979987,3687,3391
RAW,287980014,3687,3393
RAW,287980042,3690,3393
RAW,287980069,3687,3395
RAW,287980097,3690,3394
RAW,287980124,3691,3394
RAW,287980151,3695,3393
RAW,287980179,3695,3392
RAW,287980206,3697,3394
RAW,287980234,3695,3393
RAW,287980261,3701,3393
RAW,287980289,3702,3393
RAW,287980316,3703,3393
RAW,287980344,3707,3393
RAW,287980371,3707,3393
RAW,287980399,3711,3393
RAW,287980426,3714,3394
RAW,287980453,3713,3392
RAW,287980481,3715,3391
RAW,287980508,3718,3391
RAW,287980536,3719,3391
RAW,287980563,3721,3393
RAW,287980591,3723,3391
RAW,287980618,3726,3391
RAW,287980646,3727,3391
RAW,287980673,3727,3395
RAW,287980701,3733,3391
RAW,287980728,3735,3393
RAW,287980755,3735,3394
RAW,287980783,3738,3393
RAW,287980810,3741,3393
RAW,287980838,3742,3394
RAW,287980865,3746,3393
RAW,287980893,3747,3393
RAW,287980920,3749,3393
RAW,287980948,3751,3393
RAW,287980975,3753,3393
RAW,287981003,3755,3393
RAW,287981030,3759,3393
RAW,287981057,3759,3393
RAW,287981085,3759,3393
RAW,287981112,3763,3394
RAW,287981140,3767,3394
RAW,287981167,3769,3394
RAW,287981195,3771,3394
RAW,287981222,3774,3393
RAW,287981250,3775,3394
RAW,287981277,3777,3393
RAW,287981305,3781,3394
RAW,287981332,3783,3393
RAW,287981359,3784,3393
RAW,287981387,3787,3394
RAW,287981414,3787,3393
RAW,287981442,3787,3393
RAW,287981469,3791,3393
RAW,287981497,3791,3391
RAW,287981524,3794,3394
RAW,287981552,3797,3394
RAW,287981579,3799,3394
RAW,287981608,3798,3394
RAW,287981635,3801,3393
RAW,287981663,3802,3393
RAW,287981690,3803,3391
RAW,287981718,3803,3392
RAW,287981745,3807,3395
RAW,287981787,3807,3394
RAW,287981815,3807,3395
RAW,287981843,3810,3391
RAW,287981871,3811,3393
RAW,287981899,3811,3393
RAW,287981927,3811,3394
RAW,287981955,3815,3394
RAW,287981982,3815,3393
RAW,287982010,3815,3394
RAW,287982038,3817,3391
RAW,287982066,3818,3393
RAW,287982094,3819,3392
RAW,287982122,3819,3394
RAW,287982150,3818,3391
RAW,287982178,3819,3391
RAW,287982206,3821,3394
RAW,287982234,3819,3391
RAW,287982262,3822,3391
RAW,287982290,3819,3391
RAW,287982318,3821,3392
RAW,287982346,3822,3393
RAW,287982374,3822,3393
RAW,287982402,3819,3391
RAW,287982430,3820,3393
RAW,287982458,3823,3392
RAW,287982486,3823,3394
RAW,287982514,3821,3393
RAW,287982542,3822,3392
RAW,287982570,3822,3393
RAW,287982599,3822,3393
RAW,287982627,3823,3394
RAW,287982655,3823,3392
RAW,287982683,3823,3393
RAW,287982711,3823,3393
RAW,287982739,3823,3393
RAW,287982767,3827,3390
RAW,287982795,3829,3393
RAW,287982823,3830,3393
RAW,287982851,3831,3393
RAW,287982879,3835,3391
RAW,287982907,3837,3393
RAW,287982935,3839,3391
RAW,287982963,3841,3394
RAW,287982991,3843,3393
RAW,287983019,3846,3392
RAW,287983047,3847,3392
RAW,287983075,3851,3393
RAW,287983103,3854,3391
RAW,287983130,3855,3393
RAW,287983158,3859,3390
RAW,287983186,3863,3393
RAW,287983214,3863,3393
RAW,287983242,3867,3392
RAW,287983270,3871,3393
RAW,287983298,3871,3393
RAW,287983326,3875,3393
RAW,287983354,3877,3393
RAW,287983382,3878,3393
RAW,287983410,3882,3391
RAW,287983438,3882,3391
RAW,287983466,3885,3393
RAW,287983494,3887,3394
RAW,287983522,3887,3392
RAW,287983550,3891,3393
RAW,287983578,3895,3394
RAW,287983607,3897,3393
RAW,287983635,3899,3393
RAW,287983663,3903,3393
RAW,287983691,3907,3393
RAW,287983719,3907,3393
RAW,287983747,3910,3393
RAW,287983775,3914,3390
RAW,287983803,3918,3394
RAW,287983831,3919,3393
RAW,287983859,3923,3394
RAW,287983887,3925,3394
RAW,287983915,3927,3392
RAW,287983943,3929,3393
RAW,287983971,3931,3391
RAW,287983999,3931,3392
RAW,287984027,3935,3392
RAW,287984055,3935,3392
RAW,287984083,3937,3393
RAW,287984111,3939,3393
RAW,287984139,3942,3391
RAW,287984167,3943,3393
RAW,287984195,3945,3393
RAW,287984223,3947,3393
RAW,287984251,3947,3393
RAW,287984278,3947,3392
RAW,287984306,3950,3391
RAW,287984334,3951,3393
RAW,287984362,3951,3391
RAW,287984390,3951,3392
RAW,287984418,3953,3390
RAW,287984446,3955,3393
RAW,287984474,3955,3390
RAW,287984502,3957,3393
RAW,287984530,3957,3393
RAW,287984558,3957,3393
RAW,287984586,3957,3393
RAW,287984615,3958,3391
RAW,287984643,3957,3393
RAW,287984671,3959,3393
RAW,287984699,3959,3393
RAW,287984727,3959,3391
RAW,287984755,3958,3391
RAW,287984783,3955,3394
RAW,287984811,3955,3394
RAW,287984839,3954,3393
RAW,287984867,3951,3393
RAW,287984895,3955,3393
RAW,287984923,3951,3391
RAW,287984951,3951,3391
RAW,287984979,3950,3393
RAW,287985007,3951,3391
RAW,287985035,3947,3393
RAW,287985063,3946,3394
RAW,287985091,3947,3393
RAW,287985119,3943,3391
RAW,287985147,3941,3390
RAW,287985175,3939,3394
RAW,287985203,3935,3393
RAW,287985231,3935,3393
RAW,287985259,3933,3393
RAW,287985287,3929,3393
RAW,287985315,3927,3391
RAW,287985343,3926,3394
RAW,287985371,3922,3393
RAW,287985398,3919,3393
RAW,287985426,3915,3393
RAW,287985454,3914,3394
RAW,287985482,3911,3391
RAW,287985510,3909,3393
RAW,287985538,3907,3392
RAW,287985566,3903,3391
RAW,287985596,3900,3391
RAW,287985624,3896,3393
RAW,287985651,3893,3391
RAW,287985679,3887,3393
RAW,287985707,3887,3393
RAW,287985735,3883,3392
RAW,287985763,3880,3393
RAW,287985791,3879,3393
RAW,287985819,3874,3390
RAW,287985847,3871,3394
RAW,287985875,3866,3393
RAW,287985903,3866,3391
RAW,287985931,3863,3392
RAW,287985959,3858,3392
RAW,287985987,3855,3393
RAW,287986015,3854,3394
RAW,287986043,3851,3393
RAW,287986071,3848,3393
RAW,287986099,3845,3392
RAW,287986127,3839,3391
RAW,287986155,3838,3393
RAW,287986183,3835,3393
RAW,287986211,3834,3393
RAW,287986239,3831,3393
RAW,287986267,3827,3393
RAW,287986295,3823,3391
RAW,287986323,3822,3393
RAW,287986351,3818,3393
RAW,287986379,3818,3393
RAW,287986407,3814,3391
RAW,287986435,3814,3391
RAW,287986463,3807,3393
RAW,287986491,3807,3392
RAW,287986519,3806,3393
RAW,287986546,3803,3391
RAW,287986574,3799,3393
RAW,287986604,3797,3391
RAW,287986632,3795,3393
RAW,287986660,3791,3393
RAW,287986688,3787,3394
RAW,287986716,3787,3392
RAW,287986744,3786,3394
RAW,287986772,3783,3391
RAW,287986799,3781,3394
RAW,287986827,3779,3391
RAW,287986855,3775,3391
RAW,287986883,3771,3390
RAW,287986911,3770,3392
RAW,287986939,3770,3391
RAW,287986967,3768,3393
RAW,287986995,3767,3393
RAW,287987023,3762,3392
RAW,287987051,3759,3393
RAW,287987079,3759,3393
RAW,287987107,3758,3392
RAW,287987135,3754,3393
RAW,287987163,3751,3392
RAW,287987191,3750,3391
RAW,287987219,3747,3393
RAW,287987247,3747,3393
RAW,287987275,3747,3391
RAW,287987303,3743,3393
RAW,287987331,3743,3393
RAW,287987359,3739,3391
RAW,287987387,3738,3391
RAW,287987415,3738,3393
RAW,287987443,3736,3391
RAW,287987471,3734,3393
RAW,287987499,3733,3392
RAW,287987529,3727,3390
RAW,287987557,3727,3393
RAW,287987585,3727,3394
RAW,287987613,3725,3391
RAW,287987641,3723,3393
RAW,287987669,3722,3391
RAW,287987697,3719,3394
RAW,287987725,3720,3393
RAW,287987753,3715,3392
RAW,287987781,3715,3393
RAW,287987809,3714,3393
RAW,287987837,3711,3394
RAW,287987865,3711,3391
RAW,287987893,3709,3393
RAW,287987921,3706,3394
RAW,287987949,3706,3391
RAW,287987977,3703,3393
RAW,287988005,3702,3392
RAW,287988033,3701,3392
RAW,287988061,3699,3394
RAW,287988089,3695,3393
RAW,287988117,3695,3393
RAW,287988145,3695,3393
RAW,287988173,3694,3393
RAW,287988201,3693,3393
RAW,287988229,3691,3391
RAW,287988257,3690,3393
RAW,287988285,3690,3392
RAW,287988313,3687,3393
RAW,287988341,3689,3393
RAW,287988369,3690,3393
RAW,287988397,3687,3393
RAW,287988425,3686,3394
RAW,287988453,3685,3393
RAW,287988481,3685,3391
RAW,287988509,3685,3391
RAW,287988537,3683,3393
RAW,287988565,3683,3394
RAW,287988593,3683,3393
RAW,287988622,3682,3393
RAW,287988650,3683,3393
RAW,287988678,3679,3392
RAW,287988706,3683,3390
RAW,287988734,3682,3392
RAW,287988762,3682,3391
RAW,287988790,3679,3393
RAW,287988818,3679,3393
RAW,287988846,3679,3393
RAW,287988874,3680,3393
RAW,287988902,3679,3393
RAW,287988930,3679,3393
RAW,287988958,3681,3393
RAW,287988986,3682,3394
RAW,287989014,3682,3394
RAW,287989042,3682,3392
RAW,287989070,3682,3394
RAW,287989098,3682,3394
RAW,287989126,3683,3395
RAW,287989154,3683,3395
RAW,287989182,3683,3393
RAW,287989210,3686,3393
RAW,287989238,3686,3394
RAW,287989266,3687,3393
RAW,287989294,3686,3393
RAW,287989322,3686,3394
RAW,287989350,3689,3393
RAW,287989378,3687,3393
RAW,287989406,3691,3395
RAW,287989434,3691,3393
RAW,287989462,3691,3395
RAW,287989490,3694,3394
RAW,287989517,3694,3395
RAW,287989545,3695,3395
RAW,287989573,3694,3395
RAW,287989603,3697,3395
RAW,287989631,3695,3395
RAW,287989659,3699,3395
RAW,287989687,3699,3395
RAW,287989715,3702,3395
RAW,287989743,3703,3395
RAW,287989771,3703,3395
RAW,287989799,3705,3397
RAW,287989827,3707,3395
RAW,287989855,3706,3395
RAW,287989883,3707,3395
RAW,287989911,3707,3395
RAW,287989939,3707,3396
RAW,287989967,3709,3395
RAW,287989995,3709,3395
RAW,287990023,3709,3397
RAW,287990050,3707,3397
RAW,287990078,3707,3398
RAW,287990106,3707,3396
RAW,287990134,3709,3395
RAW,287990162,3709,3395
RAW,287990190,3710,3397
RAW,287990218,3711,3398
RAW,287990246,3710,3395
RAW,287990274,3709,3397
RAW,287990302,3710,3398
RAW,287990330,3710,3398
RAW,287990358,3707,3395
RAW,287990386,3711,3398
RAW,287990414,3710,3399
RAW,287990442,3709,3399
RAW,287990470,3709,3399
RAW,287990498,3711,3399
RAW,287990526,3710,3400
RAW,287990554,3709,3399
RAW,287990582,3710,3399
RAW,287990610,3711,3402
RAW,287990638,3711,3401
RAW,287990666,3710,3403
RAW,287990694,3711,3403
RAW,287990722,3709,3405
RAW,287990750,3707,3405
RAW,287990778,3709,3407
RAW,287990806,3707,3406
RAW,287990834,3707,3407
RAW,287990862,3709,3409
RAW,287990890,3709,3413
RAW,287990918,3707,3413
RAW,287990946,3708,3413
RAW,287990974,3706,3417
RAW,287991002,3708,3417
RAW,287991030,3707,3420
RAW,287991058,3706,3422
RAW,287991086,3706,3426
RAW,287991114,3705,3427
RAW,287991142,3706,3430
RAW,287991170,3705,3431
RAW,287991198,3706,3434
RAW,287991226,3703,3435
RAW,287991254,3703,3438
RAW,287991282,3705,3439
RAW,287991310,3703,3445
RAW,287991338,3703,3446
RAW,287991366,3703,3449
RAW,287991394,3703,3451
RAW,287991422,3703,3453
RAW,287991450,3703,3457
RAW,287991478,3703,3459
RAW,287991506,3703,3463
RAW,287991534,3703,3466
RAW,287991562,3704,3469
RAW,287991590,3705,3471
RAW,287991618,3703,3475
RAW,287991646,3703,3478
RAW,287991674,3703,3482
RAW,287991702,3703,3485
RAW,287991730,3703,3490
RAW,287991758,3703,3493
RAW,287991799,3704,3499
RAW,287991827,3704,3503
RAW,287991855,3702,3509
RAW,287991883,3702,3511
RAW,287991911,3703,3515
RAW,287991939,3703,3522
RAW,287991967,3703,3526
RAW,287991995,3702,3531
RAW,287992023,3701,3535
RAW,287992051,3702,3539
RAW,287992079,3702,3543
RAW,287992107,3703,3551
RAW,287992135,3703,3555
RAW,287992163,3703,3559
RAW,287992191,3704,3563
RAW,287992219,3703,3567
RAW,287992247,3703,3575
RAW,287992275,3703,3580
RAW,287992303,3701,3583
RAW,287992331,3702,3587
RAW,287992359,3703,3597
RAW,287992387,3703,3602
RAW,287992415,3702,3607
RAW,287992443,3703,3611
RAW,287992471,3704,3618
RAW,287992499,3701,3623
RAW,287992527,3701,3630
RAW,287992555,3702,3635
RAW,287992583,3703,3639
RAW,287992611,3703,3645
RAW,287992639,3702,3651
RAW,287992667,3702,3655
RAW,287992695,3701,3658
RAW,287992723,3703,3665
RAW,287992751,3703,3671
RAW,287992779,3703,3677
RAW,287992807,3702,3679
RAW,287992835,3703,3687
RAW,287992863,3703,3691
RAW,287992891,3702,3695
RAW,287992919,3702,3702
RAW,287992947,3703,3707
RAW,287992975,3702,3713
RAW,287993003,3703,3718
RAW,287993031,3702,3723
RAW,287993059,3703,3726
RAW,287993087,3703,3732
RAW,287993115,3702,3735
RAW,287993143,3703,3742
RAW,287993171,3702,3743
RAW,287993199,3703,3747
RAW,287993227,3703,3751
RAW,287993255,3702,3755
RAW,287993283,3702,3759
RAW,287993311,3701,3759
RAW,287993339,3702,3765
RAW,287993367,3702,3768
RAW,287993395,3702,3769
RAW,287993423,3703,3774
RAW,287993451,3703,3774
RAW,287993479,3699,3778
RAW,287993507,3702,3778
RAW,287993535,3703,3779
RAW,287993563,3703,3779
RAW,287993591,3701,3783
RAW,287993619,3702,3783
RAW,287993647,3702,3784
RAW,287993675,3699,3787
RAW,287993703,3703,3787
RAW,287993731,3703,3787
RAW,287993759,3702,3789
RAW,287993787,3699,3789
RAW,287993815,3702,3789
RAW,287993843,3699,3791
RAW,287993871,3702,3791
RAW,287993899,3703,3791
RAW,287993927,3701,3791
RAW,287993955,3701,3791
RAW,287993983,3703,3791
RAW,287994011,3699,3795
RAW,287994039,3703,3795
RAW,287994067,3701,3795
RAW,287994095,3702,3795
RAW,287994123,3703,3799
RAW,287994151,3703,3801
RAW,287994179,3703,3802
RAW,287994207,3703,3801
RAW,287994235,3701,3803
RAW,287994263,3702,3803
RAW,287994291,3703,3803
RAW,287994319,3699,3803
RAW,287994347,3703,3803
RAW,287994375,3702,3805
RAW,287994403,3703,3803
RAW,287994431,3702,3804
RAW,287994459,3701,3803
RAW,287994487,3703,3803
RAW,287994515,3703,3799
RAW,287994543,3703,3800
RAW,287994571,3703,3799
RAW,287994601,3702,3799
RAW,287994629,3703,3797
RAW,287994657,3702,3794
RAW,287994685,3703,3795
RAW,287994713,3703,3791
RAW,287994741,3703,3787
RAW,287994769,3701,3786
RAW,287994797,3702,3785
RAW,287994825,3702,3782
RAW,287994853,3701,3779
RAW,287994881,3702,3777
RAW,287994909,3701,3771
RAW,287994937,3701,3768
RAW,287994965,3702,3765
RAW,287994993,3702,3759
RAW,287995021,3702,3758
RAW,287995049,3702,3754
RAW,287995077,3703,3749
RAW,287995105,3703,3745
RAW,287995133,3702,3742
RAW,287995161,3701,3735
RAW,287995189,3704,3734
RAW,287995217,3702,3729
RAW,287995245,3704,3725
RAW,287995273,3701,3719
RAW,287995301,3702,3714
RAW,287995329,3702,3711
RAW,287995357,3704,3706
RAW,287995385,3703,3703
RAW,287995413,3702,3695
RAW,287995441,3702,3694
RAW,287995469,3703,3690
RAW,287995497,3703,3687
RAW,287995525,3703,3686
RAW,287995553,3701,3682
RAW,287995581,3702,3676
RAW,287995610,3702,3675
RAW,287995638,3702,3675
RAW,287995666,3703,3675
RAW,287995694,3703,3674
RAW,287995722,3703,3677
RAW,287995750,3702,3675
RAW,287995778,3703,3675
RAW,287995806,3703,3675
RAW,287995834,3699,3677
RAW,287995862,3702,3677
RAW,287995890,3703,3678
RAW,287995918,3702,3679
RAW,287995946,3703,3679
RAW,287995974,3702,3681
RAW,287996002,3702,3682
RAW,287996030,3703,3684
RAW,287996058,3703,3683
RAW,287996086,3702,3683
RAW,287996114,3703,3686
RAW,287996142,3704,3690
RAW,287996170,3703,3690
RAW,287996198,3703,3693
RAW,287996226,3702,3691
RAW,287996254,3702,3695
RAW,287996282,3703,3695
RAW,287996310,3702,3699
RAW,287996338,3702,3702
RAW,287996366,3703,3703
RAW,287996394,3701,3703
RAW,287996422,3702,3707
RAW,287996450,3699,3707
RAW,287996478,3702,3710
RAW,287996506,3703,3709
RAW,287996534,3702,3714
RAW,287996562,3703,3714
RAW,287996590,3703,3714
RAW,287996618,3701,3715
RAW,287996646,3703,3715
RAW,287996674,3703,3718
RAW,287996702,3701,3715
RAW,287996730,3702,3718
RAW,287996758,3702,3719
RAW,287996786,3702,3719
RAW,287996814,3703,3719
RAW,287996842,3703,3720
RAW,287996870,3703,3719
RAW,287996898,3703,3719
RAW,287996926,3703,3718
RAW,287996954,3699,3718
RAW,287996982,3703,3715
RAW,287997010,3702,3715
RAW,287997038,3702,3715
RAW,287997066,3703,3711
RAW,287997094,3703,3710
RAW,287997122,3699,3707
RAW,287997150,3702,3706
RAW,287997178,3703,3702
RAW,287997206,3703,3700
RAW,287997234,3703,3695
RAW,287997262,3703,3694
RAW,287997290,3702,3690
RAW,287997318,3704,3687
RAW,287997346,3703,3683
RAW,287997374,3703,3679
RAW,287997402,3703,3675
RAW,287997430,3703,3673
RAW,287997458,3703,3667
RAW,287997486,3703,3663
RAW,287997514,3703,3662
RAW,287997542,3702,3657
RAW,287997570,3703,3653
RAW,287997599,3703,3650
RAW,287997627,3701,3645
RAW,287997655,3703,3643
RAW,287997683,3703,3638
RAW,287997711,3703,3631
RAW,287997739,3703,3630
RAW,287997767,3703,3625
RAW,287997795,3702,3621
RAW,287997823,3703,3617
RAW,287997851,3704,3611
RAW,287997879,3704,3609
RAW,287997907,3703,3604
RAW,287997935,3703,3599
RAW,287997963,3703,3595
RAW,287997991,3703,3591
RAW,287998019,3703,3587
RAW,287998047,3702,3583
RAW,287998075,3702,3577
RAW,287998103,3703,3571
RAW,287998131,3704,3563
RAW,287998159,3703,3562
RAW,287998187,3703,3557
RAW,287998215,3703,3549
RAW,287998243,3703,3546
RAW,287998271,3703,3539
RAW,287998299,3703,3535
RAW,287998327,3703,3531
RAW,287998355,3703,3527
RAW,287998383,3703,3522
RAW,287998411,3703,3515
RAW,287998439,3703,3511
RAW,287998467,3703,3507
RAW,287998495,3703,3501
RAW,287998523,3702,3501
RAW,287998551,3703,3495
RAW,287998579,3703,3491
RAW,287998608,3703,3487
RAW,287998636,3703,3483
RAW,287998664,3703,3480
RAW,287998692,3703,3475
RAW,287998720,3703,3471
RAW,287998748,3703,3467
RAW,287998776,3703,3463
RAW,287998804,3703,3461
RAW,287998832,3703,3457
RAW,287998860,3703,3455
RAW,287998888,3703,3451
RAW,287998916,3703,3450
RAW,287998944,3703,3447
RAW,287998972,3703,3443
RAW,287999000,3702,3443
RAW,287999028,3703,3439
RAW,287999056,3703,3435
RAW,287999084,3703,3433
RAW,287999112,3703,3433
RAW,287999140,3703,3431
RAW,287999168,3704,3427
RAW,287999196,3702,3427
RAW,287999224,3703,3424
RAW,287999252,3703,3423
DROP_RAW_END,35
EVT,296424,DROP dt=9 tau=5 V=187.7
DROP,296424,36,9968,5692,7603,95,66,1877,2,6601,3805,3494
DROP_RAW_BEGIN,296424,36,881,296200106,296224662,296207139
RAW,296200106,3703,3394
RAW,296200133,3703,3393
RAW,296200161,3701,3393
RAW,296200188,3703,3393
RAW,296200216,3702,3391
RAW,296200243,3703,3394
RAW,296200271,3701,3393
RAW,296200298,3702,3393
RAW,296200326,3703,3393
RAW,296200353,3701,3393
RAW,296200381,3699,3393
RAW,296200408,3701,3394
RAW,296200435,3702,3393
RAW,296200463,3703,3392
RAW,296200490,3703,3393
RAW,296200518,3703,3394
RAW,296200545,3703,3393
RAW,296200573,3703,3393
RAW,296200601,3702,3393
RAW,296200629,3703,3391
RAW,296200656,3701,3393
RAW,296200684,3703,3391
RAW,296200711,3701,3392
RAW,296200739,3702,3393
RAW,296200766,3703,3393
RAW,296200794,3702,3393
RAW,296200821,3702,3394
RAW,296200849,3701,3394
RAW,296200876,3702,3393
RAW,296200903,3701,3393
RAW,296200931,3701,3394
RAW,296200958,3702,3391
RAW,296200986,3701,3392
RAW,296201013,3703,3394
RAW,296201041,3699,3393
RAW,296201068,3701,3395
RAW,296201096,3702,3394
RAW,296201123,3701,3393
RAW,296201151,3701,3394
RAW,296201178,3702,3393
RAW,296201205,3703,3393
RAW,296201233,3702,3393
RAW,296201260,3699,3394
RAW,296201288,3702,3394
RAW,296201315,3699,3393
RAW,296201343,3701,3394
RAW,296201370,3699,3393
RAW,296201398,3703,3394
RAW,296201425,3701,3394
RAW,296201453,3703,3393
RAW,296201480,3701,3393
RAW,296201507,3701,3391
RAW,296201535,3702,3394
RAW,296201562,3699,3393
RAW,296201590,3701,3393
RAW,296201617,3701,3394
RAW,296201645,3702,3391
RAW,296201672,3701,3394
RAW,296201700,3701,3393
RAW,296201727,3701,3395
RAW,296201755,3702,3393
RAW,296201782,3702,3394
RAW,296201809,3699,3393
RAW,296201837,3699,3394
RAW,296201864,3702,3394
RAW,296201892,3701,3393
RAW,296201919,3703,3392
RAW,296201947,3701,3392
RAW,296201974,3699,3394
RAW,296202002,3701,3394
RAW,296202029,3701,3393
RAW,296202057,3701,3394
RAW,296202084,3699,3391
RAW,296202111,3701,3393
RAW,296202139,3699,3394
RAW,296202166,3701,3393
RAW,296202194,3701,3394
RAW,296202221,3702,3393
RAW,296202249,3702,3394
RAW,296202276,3701,3393
RAW,296202304,3702,3393
RAW,296202331,3701,3393
RAW,296202358,3700,3391
RAW,296202386,3701,3393
RAW,296202413,3701,3391
RAW,296202441,3701,3393
RAW,296202468,3699,3394
RAW,296202496,3701,3394
RAW,296202523,3699,3392
RAW,296202551,3699,3393
RAW,296202578,3701,3393
RAW,296202607,3701,3393
RAW,296202634,3699,3393
RAW,296202662,3702,3394
RAW,296202689,3699,3393
RAW,296202717,3699,3393
RAW,296202744,3701,3394
RAW,296202772,3701,3393
RAW,296202799,3701,3394
RAW,296202826,3699,3391
RAW,296202854,3699,3393
RAW,296202881,3701,3394
RAW,296202909,3701,3393
RAW,296202936,3701,3393
RAW,296202964,3701,3393
RAW,296202991,3699,3393
RAW,296203019,3699,3395
RAW,296203046,3699,3394
RAW,296203074,3700,3393
RAW,296203101,3701,3393
RAW,296203128,3701,3393
RAW,296203156,3699,3393
RAW,296203183,3699,3391
RAW,296203211,3699,3393
RAW,296203238,3695,3394
RAW,296203266,3699,3391
RAW,296203293,3699,3394
RAW,296203321,3699,3395
RAW,296203348,3699,3393
RAW,296203376,3699,3391
RAW,296203403,3701,3393
RAW,296203430,3699,3393
RAW,296203458,3699,3393
RAW,296203485,3700,3391
RAW,296203513,3701,3393
RAW,296203540,3699,3393
RAW,296203568,3701,3393
RAW,296203596,3699,3393
RAW,296203624,3699,3393
RAW,296203651,3701,3393
RAW,296203679,3699,3391
RAW,296203706,3699,3393
RAW,296203734,3699,3393
RAW,296203761,3699,3394
RAW,296203789,3699,3393
RAW,296203816,3698,3393
RAW,296203844,3698,3393
RAW,296203871,3695,3394
RAW,296203898,3698,3393
RAW,296203926,3695,3392
RAW,296203953,3697,3393
RAW,296203981,3695,3393
RAW,296204008,3694,3393
RAW,296204036,3695,3393
RAW,296204063,3695,3393
RAW,296204091,3695,3393
RAW,296204118,3695,3392
RAW,296204146,3695,3394
RAW,296204173,3694,3394
RAW,296204200,3693,3394
RAW,296204228,3694,3393
RAW,296204255,3695,3394
RAW,296204283,3693,3391
RAW,296204310,3692,3393
RAW,296204338,3690,3393
RAW,296204365,3691,3391
RAW,296204393,3690,3394
RAW,296204420,3691,3394
RAW,296204447,3687,3393
RAW,296204475,3690,3395
RAW,296204502,3687,3393
RAW,296204530,3686,3393
RAW,296204557,3687,3393
RAW,296204585,3685,3394
RAW,296204612,3683,3393
RAW,296204640,3685,3393
RAW,296204667,3684,3393
RAW,296204695,3683,3393
RAW,296204722,3682,3392
RAW,296204749,3682,3393
RAW,296204777,3679,3393
RAW,296204804,3678,3393
RAW,296204832,3678,3394
RAW,296204859,3677,3394
RAW,296204887,3677,3393
RAW,296204914,3677,3392
RAW,296204942,3677,3393
RAW,296204969,3675,3393
RAW,296204997,3677,3392
RAW,296205024,3675,3393
RAW,296205051,3679,3394
RAW,296205079,3679,3393
RAW,296205106,3679,3394
RAW,296205134,3681,3393
RAW,296205161,3679,3393
RAW,296205189,3681,3393
RAW,296205216,3681,3393
RAW,296205244,3683,3394
RAW,296205271,3684,3393
RAW,296205299,3686,3392
RAW,296205326,3686,3394
RAW,296205353,3687,3392
RAW,296205381,3689,3394
RAW,296205408,3690,3391
RAW,296205436,3690,3391
RAW,296205463,3693,3392
RAW,296205491,3695,3393
RAW,296205518,3693,3393
RAW,296205546,3695,3393
RAW,296205573,3695,3391
RAW,296205602,3700,3393
RAW,296205629,3701,3390
RAW,296205657,3702,3393
RAW,296205684,3706,3394
RAW,296205712,3709,3393
RAW,296205739,3711,3393
RAW,296205766,3712,3391
RAW,296205794,3714,3393
RAW,296205821,3715,3393
RAW,296205849,3717,3394
RAW,296205876,3718,3394
RAW,296205904,3720,3394
RAW,296205931,3722,3393
RAW,296205959,3725,3393
RAW,296205986,3727,3393
RAW,296206014,3727,3393
RAW,296206041,3731,3393
RAW,296206068,3731,3394
RAW,296206096,3735,3393
RAW,296206123,3735,3393
RAW,296206151,3738,3393
RAW,296206178,3738,3393
RAW,296206206,3742,3394
RAW,296206233,3743,3393
RAW,296206261,3747,3393
RAW,296206288,3749,3393
RAW,296206316,3751,3394
RAW,296206343,3754,3391
RAW,296206370,3755,3391
RAW,296206398,3756,3394
RAW,296206425,3759,3394
RAW,296206453,3763,3394
RAW,296206480,3763,3393
RAW,296206508,3765,3393
RAW,296206535,3768,3394
RAW,296206563,3771,3393
RAW,296206590,3773,3393
RAW,296206618,3771,3393
RAW,296206645,3777,3391
RAW,296206672,3777,3391
RAW,296206700,3781,3393
RAW,296206727,3783,3393
RAW,296206755,3783,3394
RAW,296206782,3785,3395
RAW,296206810,3787,3393
RAW,296206837,3790,3394
RAW,296206865,3791,3395
RAW,296206892,3791,3393
RAW,296206920,3795,3393
RAW,296206947,3795,3395
RAW,296206974,3797,3391
RAW,296207002,3798,3393
RAW,296207029,3802,3391
RAW,296207057,3802,3393
RAW,296207084,3803,3393
RAW,296207112,3803,3394
RAW,296207139,3805,3393
RAW,296207181,3807,3393
RAW,296207209,3807,3394
RAW,296207237,3809,3394
RAW,296207265,3811,3394
RAW,296207293,3811,3393
RAW,296207321,3813,3392
RAW,296207349,3815,3394
RAW,296207377,3814,3393
RAW,296207405,3815,3395
RAW,296207433,3817,3394
RAW,296207461,3818,3395
RAW,296207489,3817,3394
RAW,296207517,3818,3391
RAW,296207545,3818,3394
RAW,296207573,3818,3393
RAW,296207602,3819,3393
RAW,296207630,3819,3395
RAW,296207658,3819,3394
RAW,296207686,3821,3393
RAW,296207714,3819,3394
RAW,296207742,3819,3395
RAW,296207770,3821,3394
RAW,296207798,3818,3393
RAW,296207826,3819,3394
RAW,296207854,3819,3394
RAW,296207882,3821,3394
RAW,296207910,3819,3391
RAW,296207938,3821,3393
RAW,296207965,3819,3395
RAW,296207993,3821,3395
RAW,296208021,3822,3393
RAW,296208049,3821,3391
RAW,296208077,3823,3391
RAW,296208105,3823,3394
RAW,296208133,3823,3393
RAW,296208161,3825,3392
RAW,296208189,3827,3395
RAW,296208217,3831,3394
RAW,296208245,3831,3391
RAW,296208273,3834,3393
RAW,296208301,3838,3393
RAW,296208329,3838,3391
RAW,296208357,3839,3393
RAW,296208385,3843,3393
RAW,296208413,3847,3393
RAW,296208441,3851,3393
RAW,296208469,3853,3393
RAW,296208497,3855,3394
RAW,296208525,3855,3393
RAW,296208553,3861,3393
RAW,296208581,3864,3391
RAW,296208610,3866,3393
RAW,296208637,3869,3393
RAW,296208665,3872,3391
RAW,296208693,3873,3393
RAW,296208721,3875,3393
RAW,296208749,3875,3393
RAW,296208777,3877,3391
RAW,296208805,3882,3393
RAW,296208833,3883,3393
RAW,296208861,3883,3394
RAW,296208889,3887,3393
RAW,296208917,3891,3393
RAW,296208945,3893,3393
RAW,296208973,3896,3393
RAW,296209001,3897,3393
RAW,296209029,3899,3394
RAW,296209057,3905,3391
RAW,296209085,3907,3392
RAW,296209113,3911,3393
RAW,296209141,3911,3393
RAW,296209169,3913,3394
RAW,296209197,3919,3393
RAW,296209225,3919,3391
RAW,296209253,3922,3393
RAW,296209281,3923,3394
RAW,296209309,3926,3391
RAW,296209337,3927,3393
RAW,296209365,3931,3394
RAW,296209393,3931,3393
RAW,296209421,3935,3393
RAW,296209449,3935,3393
RAW,296209477,3939,3391
RAW,296209505,3939,3394
RAW,296209532,3942,3393
RAW,296209560,3943,3394
RAW,296209588,3945,3393
RAW,296209616,3946,3393
RAW,296209644,3949,3393
RAW,296209672,3949,3394
RAW,296209700,3951,3393
RAW,296209728,3951,3394
RAW,296209756,3951,3391
RAW,296209784,3953,3393
RAW,296209812,3955,3391
RAW,296209840,3957,3394
RAW,296209868,3958,3393
RAW,296209896,3959,3394
RAW,296209924,3958,3393
RAW,296209952,3959,3393
RAW,296209980,3959,3393
RAW,296210008,3959,3393
RAW,296210036,3959,3393
RAW,296210064,3959,3394
RAW,296210092,3959,3394
RAW,296210120,3958,3395
RAW,296210148,3958,3392
RAW,296210176,3958,3392
RAW,296210204,3959,3391
RAW,296210232,3957,3394
RAW,296210260,3957,3394
RAW,296210288,3955,3393
RAW,296210316,3957,3394
RAW,296210344,3951,3393
RAW,296210372,3951,3391
RAW,296210399,3950,3394
RAW,296210427,3951,3393
RAW,296210455,3947,3393
RAW,296210483,3947,3393
RAW,296210511,3943,3391
RAW,296210539,3942,3393
RAW,296210567,3939,3394
RAW,296210597,3938,3391
RAW,296210625,3934,3394
RAW,296210653,3935,3391
RAW,296210680,3931,3394
RAW,296210708,3928,3393
RAW,296210736,3923,3394
RAW,296210764,3923,3394
RAW,296210792,3919,3393
RAW,296210820,3919,3394
RAW,296210848,3916,3393
RAW,296210876,3914,3391
RAW,296210904,3910,3395
RAW,296210932,3907,3391
RAW,296210960,3903,3394
RAW,296210988,3901,3393
RAW,296211016,3897,3394
RAW,296211044,3893,3391
RAW,296211072,3887,3392
RAW,296211100,3887,3393
RAW,296211128,3885,3394
RAW,296211156,3882,3394
RAW,296211184,3878,3394
RAW,296211212,3875,3394
RAW,296211240,3871,3392
RAW,296211268,3867,3393
RAW,296211296,3865,3391
RAW,296211324,3862,3394
RAW,296211352,3859,3393
RAW,296211380,3855,3394
RAW,296211408,3855,3393
RAW,296211436,3851,3390
RAW,296211464,3850,3393
RAW,296211492,3843,3391
RAW,296211520,3839,3391
RAW,296211548,3839,3393
RAW,296211575,3835,3393
RAW,296211605,3835,3391
RAW,296211633,3832,3393
RAW,296211661,3830,3394
RAW,296211689,3827,3393
RAW,296211717,3823,3394
RAW,296211745,3822,3394
RAW,296211773,3818,3393
RAW,296211800,3815,3393
RAW,296211828,3815,3391
RAW,296211856,3810,3391
RAW,296211884,3807,3393
RAW,296211912,3806,3393
RAW,296211940,3805,3394
RAW,296211968,3802,3393
RAW,296211996,3798,3392
RAW,296212024,3794,3393
RAW,296212052,3791,3393
RAW,296212080,3791,3393
RAW,296212108,3788,3394
RAW,296212136,3786,3393
RAW,296212164,3783,3392
RAW,296212192,3781,3391
RAW,296212220,3779,3394
RAW,296212248,3778,3393
RAW,296212276,3776,3393
RAW,296212304,3770,3393
RAW,296212332,3770,3392
RAW,296212360,3768,3394
RAW,296212388,3763,3393
RAW,296212416,3763,3394
RAW,296212444,3759,3393
RAW,296212472,3759,3393
RAW,296212500,3754,3392
RAW,296212528,3755,3393
RAW,296212556,3752,3393
RAW,296212584,3751,3393
RAW,296212612,3749,3391
RAW,296212640,3746,3393
RAW,296212668,3746,3393
RAW,296212695,3743,3391
RAW,296212723,3741,3392
RAW,296212751,3739,3394
RAW,296212779,3735,3394
RAW,296212807,3736,3393
RAW,296212835,3731,3394
RAW,296212877,3731,3394
RAW,296212905,3727,3393
RAW,296212933,3727,3391
RAW,296212961,3725,3393
RAW,296212989,3722,3393
RAW,296213017,3721,3393
RAW,296213045,3719,3394
RAW,296213073,3719,3393
RAW,296213101,3715,3394
RAW,296213129,3715,3391
RAW,296213157,3711,3391
RAW,296213185,3711,3393
RAW,296213213,3709,3393
RAW,296213241,3706,3392
RAW,296213269,3706,3395
RAW,296213297,3703,3393
RAW,296213325,3702,3393
RAW,296213353,3701,3393
RAW,296213381,3699,3393
RAW,296213408,3699,3390
RAW,296213436,3695,3391
RAW,296213464,3695,3393
RAW,296213492,3691,3392
RAW,296213520,3691,3393
RAW,296213548,3691,3394
RAW,296213576,3689,3393
RAW,296213606,3689,3394
RAW,296213634,3687,3394
RAW,296213662,3687,3394
RAW,296213690,3683,3393
RAW,296213718,3685,3393
RAW,296213746,3684,3393
RAW,296213774,3682,3393
RAW,296213802,3683,3393
RAW,296213830,3681,3393
RAW,296213858,3682,3394
RAW,296213886,3679,3393
RAW,296213914,3679,3393
RAW,296213942,3679,3391
RAW,296213970,3679,3393
RAW,296213998,3678,3393
RAW,296214026,3679,3390
RAW,296214054,3678,3394
RAW,296214082,3678,3391
RAW,296214110,3677,3394
RAW,296214138,3674,3393
RAW,296214166,3675,3394
RAW,296214194,3676,3391
RAW,296214222,3677,3391
RAW,296214250,3677,3394
RAW,296214278,3678,3394
RAW,296214306,3677,3393
RAW,296214334,3675,3391
RAW,296214362,3679,3393
RAW,296214390,3678,3394
RAW,296214417,3679,3394
RAW,296214445,3678,3394
RAW,296214473,3678,3394
RAW,296214501,3682,3391
RAW,296214529,3681,3394
RAW,296214557,3679,3393
RAW,296214585,3679,3393
RAW,296214613,3682,3393
RAW,296214641,3684,3394
RAW,296214669,3685,3394
RAW,296214697,3685,3394
RAW,296214725,3683,3395
RAW,296214753,3688,3395
RAW,296214781,3687,3394
RAW,296214809,3689,3394
RAW,296214837,3690,3394
RAW,296214865,3690,3396
RAW,296214893,3693,3395
RAW,296214921,3694,3395
RAW,296214949,3695,3394
RAW,296214977,3695,3396
RAW,296215005,3695,3394
RAW,296215033,3699,3395
RAW,296215061,3699,3397
RAW,296215089,3699,3397
RAW,296215117,3702,3397
RAW,296215145,3704,3395
RAW,296215173,3704,3397
RAW,296215201,3706,3397
RAW,296215229,3706,3397
RAW,296215257,3706,3396
RAW,296215285,3707,3397
RAW,296215313,3706,3397
RAW,296215341,3707,3397
RAW,296215369,3709,3397
RAW,296215397,3707,3397
RAW,296215425,3709,3397
RAW,296215453,3707,3397
RAW,296215481,3710,3397
RAW,296215509,3709,3397
RAW,296215537,3709,3397
RAW,296215565,3709,3395
RAW,296215593,3710,3395
RAW,296215622,3707,3395
RAW,296215650,3710,3397
RAW,296215678,3710,3398
RAW,296215706,3709,3398
RAW,296215734,3709,3399
RAW,296215762,3710,3399
RAW,296215790,3711,3399
RAW,296215818,3711,3399
RAW,296215846,3711,3400
RAW,296215874,3709,3400
RAW,296215902,3710,3401
RAW,296215930,3710,3399
RAW,296215958,3711,3401
RAW,296215986,3710,3402
RAW,296216014,3711,3402
RAW,296216042,3709,3405
RAW,296216070,3707,3405
RAW,296216098,3711,3405
RAW,296216126,3707,3406
RAW,296216154,3709,3409
RAW,296216182,3707,3407
RAW,296216210,3709,3407
RAW,296216238,3708,3411
RAW,296216266,3707,3414
RAW,296216294,3709,3415
RAW,296216322,3706,3415
RAW,296216350,3707,3417
RAW,296216378,3706,3421
RAW,296216406,3706,3423
RAW,296216434,3707,3423
RAW,296216462,3706,3427
RAW,296216490,3706,3429
RAW,296216518,3703,3432
RAW,296216546,3703,3433
RAW,296216574,3704,3437
RAW,296216603,3704,3439
RAW,296216631,3703,3439
RAW,296216659,3703,3443
RAW,296216687,3704,3447
RAW,296216715,3704,3449
RAW,296216743,3703,3451
RAW,296216771,3703,3455
RAW,296216799,3703,3459
RAW,296216827,3703,3459
RAW,296216855,3703,3463
RAW,296216883,3703,3466
RAW,296216911,3702,3470
RAW,296216939,3702,3471
RAW,296216967,3703,3475
RAW,296216995,3702,3479
RAW,296217023,3703,3483
RAW,296217051,3704,3486
RAW,296217079,3703,3491
RAW,296217107,3702,3494
RAW,296217148,3703,3501
RAW,296217176,3703,3503
RAW,296217204,3703,3509
RAW,296217232,3703,3513
RAW,296217260,3704,3515
RAW,296217288,3703,3522
RAW,296217316,3701,3527
RAW,296217344,3704,3531
RAW,296217372,3704,3537
RAW,296217400,3703,3543
RAW,296217428,3703,3547
RAW,296217456,3703,3551
RAW,296217484,3702,3558
RAW,296217512,3702,3562
RAW,296217540,3703,3567
RAW,296217568,3703,3573
RAW,296217597,3703,3577
RAW,296217625,3703,3583
RAW,296217653,3703,3589
RAW,296217681,3702,3593
RAW,296217709,3701,3599
RAW,296217737,3703,3603
RAW,296217765,3702,3610
RAW,296217793,3703,3615
RAW,296217821,3701,3623
RAW,296217849,3703,3627
RAW,296217877,3703,3634
RAW,296217905,3703,3639
RAW,296217933,3702,3643
RAW,296217961,3702,3651
RAW,296217989,3703,3655
RAW,296218017,3703,3659
RAW,296218045,3702,3667
RAW,296218073,3702,3671
RAW,296218101,3703,3675
RAW,296218129,3703,3682
RAW,296218157,3699,3687
RAW,296218185,3703,3691
RAW,296218213,3702,3695
RAW,296218241,3702,3703
RAW,296218269,3703,3707
RAW,296218297,3699,3711
RAW,296218325,3701,3718
RAW,296218353,3702,3723
RAW,296218381,3702,3727
RAW,296218409,3703,3734
RAW,296218437,3703,3739
RAW,296218465,3703,3743
RAW,296218493,3703,3747
RAW,296218521,3703,3751
RAW,296218549,3704,3755
RAW,296218577,3703,3759
RAW,296218607,3703,3763
RAW,296218635,3703,3766
RAW,296218663,3702,3771
RAW,296218691,3703,3774
RAW,296218719,3702,3775
RAW,296218747,3703,3778
RAW,296218775,3703,3779
RAW,296218803,3702,3783
RAW,296218831,3703,3784
RAW,296218859,3703,3785
RAW,296218887,3701,3787
RAW,296218915,3703,3787
RAW,296218943,3702,3789
RAW,296218971,3703,3790
RAW,296218999,3702,3790
RAW,296219027,3701,3791
RAW,296219055,3702,3791
RAW,296219083,3703,3791
RAW,296219111,3703,3791
RAW,296219139,3703,3791
RAW,296219167,3701,3794
RAW,296219195,3703,3795
RAW,296219223,3704,3795
RAW,296219251,3702,3797
RAW,296219279,3702,3797
RAW,296219307,3703,3798
RAW,296219335,3702,3799
RAW,296219363,3703,3799
RAW,296219391,3702,3801
RAW,296219419,3703,3802
RAW,296219447,3703,3803
RAW,296219475,3699,3805
RAW,296219503,3703,3805
RAW,296219531,3701,3805
RAW,296219559,3703,3806
RAW,296219587,3703,3807
RAW,296219616,3702,3807
RAW,296219644,3703,3807
RAW,296219672,3703,3810
RAW,296219700,3703,3807
RAW,296219728,3703,3810
RAW,296219756,3703,3807
RAW,296219784,3703,3807
RAW,296219812,3703,3806
RAW,296219840,3704,3807
RAW,296219868,3702,3807
RAW,296219896,3703,3806
RAW,296219924,3703,3804
RAW,296219952,3701,3803
RAW,296219980,3701,3802
RAW,296220008,3702,3800
RAW,296220036,3703,3795
RAW,296220064,3703,3795
RAW,296220092,3703,3795
RAW,296220120,3703,3791
RAW,296220148,3701,3790
RAW,296220176,3702,3787
RAW,296220204,3702,3783
RAW,296220232,3702,3781
RAW,296220260,3703,3775
RAW,296220288,3703,3771
RAW,296220316,3703,3767
RAW,296220344,3701,3765
RAW,296220372,3703,3759
RAW,296220400,3703,3755
RAW,296220428,3703,3751
RAW,296220456,3703,3746
RAW,296220484,3703,3743
RAW,296220512,3703,3739
RAW,296220540,3703,3734
RAW,296220568,3703,3727
RAW,296220597,3703,3723
RAW,296220625,3702,3719
RAW,296220653,3703,3714
RAW,296220681,3703,3709
RAW,296220709,3704,3704
RAW,296220737,3703,3699
RAW,296220765,3703,3695
RAW,296220793,3703,3690
RAW,296220821,3703,3687
RAW,296220849,3703,3683
RAW,296220877,3702,3679
RAW,296220905,3703,3677
RAW,296220933,3702,3674
RAW,296220961,3703,3672
RAW,296220989,3703,3669
RAW,296221017,3703,3670
RAW,296221045,3704,3669
RAW,296221073,3704,3667
RAW,296221101,3703,3666
RAW,296221129,3702,3667
RAW,296221157,3702,3667
RAW,296221185,3703,3667
RAW,296221213,3702,3669
RAW,296221241,3703,3672
RAW,296221269,3702,3670
RAW,296221297,3703,3671
RAW,296221325,3701,3673
RAW,296221353,3703,3675
RAW,296221381,3703,3675
RAW,296221409,3702,3677
RAW,296221437,3703,3679
RAW,296221465,3704,3682
RAW,296221493,3703,3682
RAW,296221521,3703,3683
RAW,296221549,3702,3686
RAW,296221577,3703,3686
RAW,296221607,3702,3688
RAW,296221635,3702,3691
RAW,296221663,3704,3695
RAW,296221691,3703,3695
RAW,296221719,3702,3698
RAW,296221747,3703,3699
RAW,296221775,3703,3703
RAW,296221803,3703,3706
RAW,296221831,3702,3705
RAW,296221859,3703,3709
RAW,296221887,3702,3711
RAW,296221915,3702,3711
RAW,296221943,3702,3712
RAW,296221971,3703,3713
RAW,296221999,3703,3717
RAW,296222027,3703,3715
RAW,296222055,3703,3719
RAW,296222083,3704,3719
RAW,296222111,3703,3721
RAW,296222139,3703,3722
RAW,296222167,3702,3723
RAW,296222195,3703,3723
RAW,296222223,3702,3723
RAW,296222251,3701,3723
RAW,296222279,3703,3725
RAW,296222307,3703,3723
RAW,296222335,3704,3723
RAW,296222363,3703,3723
RAW,296222391,3704,3723
RAW,296222419,3703,3721
RAW,296222447,3702,3719
RAW,296222475,3703,3717
RAW,296222503,3703,3715
RAW,296222531,3703,3712
RAW,296222559,3703,3711
RAW,296222587,3703,3709
RAW,296222616,3703,3705
RAW,296222644,3703,3702
RAW,296222672,3702,3699
RAW,296222700,3703,3695
RAW,296222728,3703,3690
RAW,296222756,3701,3688
RAW,296222784,3703,3685
RAW,296222812,3703,3680
RAW,296222840,3704,3675
RAW,296222868,3703,3674
RAW,296222896,3703,3669
RAW,296222924,3703,3665
RAW,296222952,3703,3660
RAW,296222980,3703,3655
RAW,296223008,3702,3653
RAW,296223036,3702,3649
RAW,296223064,3702,3643
RAW,296223092,3703,3639
RAW,296223120,3702,3635
RAW,296223148,3703,3630
RAW,296223176,3701,3629
RAW,296223204,3703,3622
RAW,296223232,3703,3618
RAW,296223260,3702,3613
RAW,296223288,3703,3611
RAW,296223316,3702,3603
RAW,296223344,3702,3599
RAW,296223372,3701,3597
RAW,296223400,3702,3591
RAW,296223428,3703,3587
RAW,296223456,3702,3579
RAW,296223484,3703,3575
RAW,296223512,3703,3573
RAW,296223540,3703,3566
RAW,296223568,3704,3559
RAW,296223597,3703,3555
RAW,296223625,3703,3550
RAW,296223653,3703,3546
RAW,296223681,3704,3538
RAW,296223709,3703,3535
RAW,296223737,3702,3530
RAW,296223765,3704,3524
RAW,296223793,3703,3518
RAW,296223821,3703,3515
RAW,296223849,3702,3509
RAW,296223877,3703,3507
RAW,296223905,3703,3503
RAW,296223933,3703,3496
RAW,296223961,3702,3491
RAW,296223989,3702,3490
RAW,296224017,3703,3483
RAW,296224045,3702,3481
RAW,296224073,3703,3479
RAW,296224101,3703,3475
RAW,296224129,3703,3471
RAW,296224157,3702,3467
RAW,296224185,3702,3463
RAW,296224213,3703,3461
RAW,296224241,3702,3457
RAW,296224269,3703,3454
RAW,296224297,3703,3451
RAW,296224325,3703,3450
RAW,296224353,3702,3445
RAW,296224381,3703,3442
RAW,296224409,3703,3439
RAW,296224437,3702,3437
RAW,296224465,3703,3437
RAW,296224493,3703,3434
RAW,296224521,3703,3431
RAW,296224549,3703,3429
RAW,296224577,3702,3429
RAW,296224606,3703,3426
RAW,296224634,3703,3423
RAW,296224662,3703,3422
DROP_RAW_END,36
EVT,304685,DROP dt=10 tau=5 V=183.1
DROP,304684,37,10075,5806,7529,94,65,1831,2,6601,3807,3493
DROP_RAW_BEGIN,304684,37,882,304460931,304485512,304467964
RAW,304460931,3703,3395
RAW,304460958,3703,3394
RAW,304460985,3703,3395
RAW,304461013,3704,3394
RAW,304461040,3703,3393
RAW,304461068,3704,3395
RAW,304461095,3704,3395
RAW,304461123,3703,3394
RAW,304461150,3704,3394
RAW,304461178,3704,3394
RAW,304461205,3703,3395
RAW,304461233,3703,3395
RAW,304461260,3703,3394
RAW,304461287,3703,3394
RAW,304461315,3703,3394
RAW,304461342,3703,3394
RAW,304461370,3704,3394
RAW,304461397,3703,3395
RAW,304461425,3704,3394
RAW,304461452,3703,3394
RAW,304461480,3703,3394
RAW,304461507,3703,3394
RAW,304461535,3703,3395
RAW,304461562,3702,3394
RAW,304461589,3704,3394
RAW,304461617,3702,3393
RAW,304461644,3703,3394
RAW,304461672,3703,3393
RAW,304461699,3703,3395
RAW,304461727,3703,3394
RAW,304461754,3703,3395
RAW,304461782,3703,3394
RAW,304461809,3703,3394
RAW,304461837,3703,3395
RAW,304461864,3703,3394
RAW,304461891,3702,3394
RAW,304461919,3703,3395
RAW,304461946,3703,3395
RAW,304461974,3701,3394
RAW,304462001,3702,3395
RAW,304462029,3703,3394
RAW,304462056,3702,3394
RAW,304462084,3702,3395
RAW,304462111,3703,3394
RAW,304462138,3704,3394
RAW,304462166,3703,3395
RAW,304462193,3702,3394
RAW,304462221,3703,3394
RAW,304462248,3703,3394
RAW,304462276,3699,3394
RAW,304462303,3703,3395
RAW,304462331,3703,3394
RAW,304462358,3702,3394
RAW,304462386,3703,3394
RAW,304462413,3701,3395
RAW,304462440,3703,3395
RAW,304462468,3703,3395
RAW,304462495,3702,3395
RAW,304462523,3701,3395
RAW,304462550,3703,3393
RAW,304462578,3702,3393
RAW,304462606,3702,3394
RAW,304462634,3701,3395
RAW,304462661,3702,3395
RAW,304462689,3703,3395
RAW,304462716,3701,3394
RAW,304462744,3702,3394
RAW,304462771,3699,3394
RAW,304462799,3703,3395
RAW,304462826,3699,3393
RAW,304462854,3703,3395
RAW,304462881,3701,3394
RAW,304462908,3703,3393
RAW,304462936,3702,3394
RAW,304462963,3702,3395
RAW,304462991,3702,3395
RAW,304463018,3701,3394
RAW,304463046,3699,3394
RAW,304463073,3701,3395
RAW,304463101,3701,3395
RAW,304463128,3699,3394
RAW,304463156,3703,3394
RAW,304463183,3699,3394
RAW,304463210,3701,3394
RAW,304463238,3699,3393
RAW,304463265,3701,3393
RAW,304463293,3701,3395
RAW,304463320,3701,3393
RAW,304463348,3701,3393
RAW,304463375,3703,3394
RAW,304463403,3699,3395
RAW,304463430,3699,3394
RAW,304463458,3699,3394
RAW,304463485,3701,3394
RAW,304463512,3701,3394
RAW,304463540,3699,3395
RAW,304463567,3699,3393
RAW,304463596,3699,3394
RAW,304463624,3699,3394
RAW,304463651,3699,3394
RAW,304463678,3701,3395
RAW,304463706,3701,3394
RAW,304463733,3699,3393
RAW,304463761,3701,3394
RAW,304463788,3699,3394
RAW,304463816,3699,3394
RAW,304463843,3699,3394
RAW,304463871,3699,3394
RAW,304463898,3701,3393
RAW,304463926,3701,3395
RAW,304463953,3699,3394
RAW,304463980,3700,3395
RAW,304464008,3699,3391
RAW,304464035,3699,3393
RAW,304464063,3701,3394
RAW,304464090,3701,3394
RAW,304464118,3699,3395
RAW,304464145,3701,3394
RAW,304464173,3702,3392
RAW,304464200,3699,3395
RAW,304464228,3702,3393
RAW,304464255,3699,3395
RAW,304464282,3701,3395
RAW,304464310,3701,3394
RAW,304464337,3699,3394
RAW,304464365,3701,3394
RAW,304464392,3699,3394
RAW,304464420,3699,3394
RAW,304464447,3699,3396
RAW,304464475,3699,3394
RAW,304464502,3699,3395
RAW,304464530,3701,3394
RAW,304464557,3701,3395
RAW,304464584,3699,3395
RAW,304464612,3699,3395
RAW,304464639,3699,3395
RAW,304464667,3699,3395
RAW,304464694,3699,3393
RAW,304464722,3699,3393
RAW,304464749,3698,3394
RAW,304464777,3695,3393
RAW,304464804,3698,3395
RAW,304464832,3695,3393
RAW,304464859,3695,3393
RAW,304464886,3695,3395
RAW,304464914,3695,3393
RAW,304464941,3695,3393
RAW,304464969,3695,3392
RAW,304464996,3695,3393
RAW,304465024,3695,3394
RAW,304465051,3695,3394
RAW,304465079,3694,3394
RAW,304465106,3691,3393
RAW,304465133,3691,3393
RAW,304465161,3693,3394
RAW,304465188,3691,3395
RAW,304465216,3690,3393
RAW,304465243,3691,3394
RAW,304465271,3690,3394
RAW,304465298,3689,3393
RAW,304465326,3690,3394
RAW,304465353,3688,3394
RAW,304465381,3687,3393
RAW,304465408,3686,3391
RAW,304465435,3686,3395
RAW,304465463,3686,3391
RAW,304465490,3683,3394
RAW,304465518,3683,3394
RAW,304465545,3683,3393
RAW,304465573,3683,3393
RAW,304465601,3682,3394
RAW,304465629,3679,3393
RAW,304465656,3677,3394
RAW,304465684,3678,3391
RAW,304465711,3679,3395
RAW,304465739,3678,3395
RAW,304465766,3677,3390
RAW,304465794,3675,3394
RAW,304465821,3675,3394
RAW,304465849,3678,3394
RAW,304465876,3675,3393
RAW,304465903,3675,3393
RAW,304465931,3678,3394
RAW,304465958,3680,3393
RAW,304465986,3682,3394
RAW,304466013,3681,3395
RAW,304466041,3683,3394
RAW,304466068,3683,3394
RAW,304466096,3684,3393
RAW,304466123,3685,3395
RAW,304466151,3685,3394
RAW,304466178,3683,3393
RAW,304466205,3685,3394
RAW,304466233,3688,3394
RAW,304466260,3687,3393
RAW,304466288,3688,3394
RAW,304466315,3690,3394
RAW,304466343,3690,3394
RAW,304466370,3691,3393
RAW,304466398,3691,3394
RAW,304466425,3694,3394
RAW,304466453,3694,3393
RAW,304466480,3695,3393
RAW,304466507,3702,3393
RAW,304466535,3702,3393
RAW,304466562,3703,3394
RAW,304466590,3707,3393
RAW,304466617,3707,3394
RAW,304466645,3707,3394
RAW,304466672,3709,3393
RAW,304466700,3712,3393
RAW,304466727,3716,3394
RAW,304466755,3717,3394
RAW,304466782,3719,3394
RAW,304466809,3720,3393
RAW,304466837,3723,3394
RAW,304466864,3725,3393
RAW,304466892,3725,3394
RAW,304466919,3727,3394
RAW,304466947,3730,3393
RAW,304466974,3733,3395
RAW,304467002,3735,3394
RAW,304467029,3737,3393
RAW,304467057,3738,3393
RAW,304467084,3739,3394
RAW,304467111,3743,3395
RAW,304467139,3746,3393
RAW,304467166,3747,3393
RAW,304467194,3751,3393
RAW,304467221,3751,3393
RAW,304467249,3755,3391
RAW,304467276,3755,3393
RAW,304467304,3758,3393
RAW,304467331,3763,3394
RAW,304467358,3763,3394
RAW,304467386,3763,3393
RAW,304467413,3767,3391
RAW,304467441,3771,3391
RAW,304467468,3770,3393
RAW,304467496,3774,3394
RAW,304467523,3778,3394
RAW,304467551,3779,3395
RAW,304467578,3779,3394
RAW,304467607,3784,3394
RAW,304467634,3785,3395
RAW,304467662,3787,3393
RAW,304467689,3789,3395
RAW,304467717,3790,3393
RAW,304467744,3791,3393
RAW,304467772,3793,3395
RAW,304467799,3795,3394
RAW,304467826,3798,3394
RAW,304467854,3799,3394
RAW,304467881,3801,3394
RAW,304467909,3803,3393
RAW,304467936,3803,3395
RAW,304467964,3807,3393
RAW,304468005,3807,3394
RAW,304468033,3807,3393
RAW,304468061,3809,3393
RAW,304468089,3811,3394
RAW,304468117,3813,3394
RAW,304468145,3811,3393
RAW,304468173,3811,3394
RAW,304468201,3814,3394
RAW,304468229,3815,3393
RAW,304468257,3818,3394
RAW,304468285,3818,3394
RAW,304468313,3819,3393
RAW,304468341,3818,3391
RAW,304468369,3819,3395
RAW,304468397,3819,3394
RAW,304468425,3821,3393
RAW,304468453,3822,3394
RAW,304468481,3822,3392
RAW,304468509,3823,3394
RAW,304468537,3823,3393
RAW,304468565,3823,3394
RAW,304468593,3823,3391
RAW,304468622,3823,3394
RAW,304468650,3823,3394
RAW,304468678,3823,3393
RAW,304468706,3823,3395
RAW,304468734,3823,3391
RAW,304468762,3823,3393
RAW,304468790,3823,3394
RAW,304468818,3823,3395
RAW,304468846,3823,3393
RAW,304468874,3823,3395
RAW,304468902,3823,3395
RAW,304468930,3827,3393
RAW,304468958,3827,3393
RAW,304468986,3830,3393
RAW,304469014,3831,3394
RAW,304469042,3831,3394
RAW,304469069,3833,3393
RAW,304469097,3835,3394
RAW,304469125,3837,3395
RAW,304469153,3839,3393
RAW,304469181,3839,3391
RAW,304469209,3845,3393
RAW,304469237,3847,3393
RAW,304469265,3848,3393
RAW,304469293,3850,3393
RAW,304469321,3851,3393
RAW,304469349,3855,3393
RAW,304469377,3859,3394
RAW,304469405,3859,3393
RAW,304469433,3864,3393
RAW,304469461,3866,3394
RAW,304469489,3867,3393
RAW,304469517,3871,3394
RAW,304469545,3871,3395
RAW,304469573,3876,3394
RAW,304469602,3878,3395
RAW,304469630,3882,3394
RAW,304469658,3883,3394
RAW,304469686,3885,3394
RAW,304469714,3887,3394
RAW,304469742,3889,3394
RAW,304469770,3891,3393
RAW,304469798,3894,3393
RAW,304469826,3895,3394
RAW,304469854,3899,3394
RAW,304469882,3903,3394
RAW,304469910,3903,3395
RAW,304469938,3906,3394
RAW,304469966,3911,3393
RAW,304469994,3914,3394
RAW,304470022,3915,3394
RAW,304470050,3919,3394
RAW,304470078,3919,3394
RAW,304470106,3923,3394
RAW,304470134,3923,3395
RAW,304470162,3927,3393
RAW,304470190,3930,3395
RAW,304470217,3931,3394
RAW,304470245,3935,3393
RAW,304470273,3935,3394
RAW,304470301,3935,3393
RAW,304470329,3939,3393
RAW,304470357,3939,3394
RAW,304470385,3943,3392
RAW,304470413,3943,3393
RAW,304470441,3945,3394
RAW,304470469,3947,3394
RAW,304470497,3947,3394
RAW,304470525,3947,3394
RAW,304470553,3951,3393
RAW,304470581,3951,3395
RAW,304470610,3951,3393
RAW,304470638,3951,3394
RAW,304470666,3954,3394
RAW,304470694,3956,3394
RAW,304470721,3958,3393
RAW,304470749,3955,3394
RAW,304470777,3958,3393
RAW,304470805,3959,3394
RAW,304470833,3958,3394
RAW,304470861,3959,3394
RAW,304470889,3959,3393
RAW,304470917,3958,3395
RAW,304470945,3959,3394
RAW,304470973,3959,3394
RAW,304471001,3959,3394
RAW,304471029,3955,3394
RAW,304471057,3955,3393
RAW,304471085,3955,3394
RAW,304471113,3955,3393
RAW,304471141,3951,3393
RAW,304471169,3951,3393
RAW,304471197,3951,3394
RAW,304471225,3951,3394
RAW,304471253,3950,3393
RAW,304471281,3947,3393
RAW,304471309,3947,3394
RAW,304471337,3943,3393
RAW,304471365,3944,3395
RAW,304471393,3942,3393
RAW,304471421,3939,3395
RAW,304471449,3935,3394
RAW,304471477,3935,3394
RAW,304471505,3931,3393
RAW,304471533,3930,3393
RAW,304471561,3926,3395
RAW,304471589,3925,3394
RAW,304471616,3923,3395
RAW,304471644,3919,3394
RAW,304471672,3918,3394
RAW,304471700,3915,3395
RAW,304471728,3911,3394
RAW,304471756,3907,3393
RAW,304471784,3906,3394
RAW,304471812,3903,3392
RAW,304471840,3898,3394
RAW,304471868,3897,3394
RAW,304471896,3893,3394
RAW,304471924,3887,3394
RAW,304471952,3886,3393
RAW,304471980,3885,3393
RAW,304472008,3879,3391
RAW,304472036,3879,3395
RAW,304472064,3873,3394
RAW,304472092,3870,3391
RAW,304472120,3867,3393
RAW,304472148,3863,3393
RAW,304472176,3861,3394
RAW,304472204,3855,3394
RAW,304472232,3854,3394
RAW,304472260,3851,3394
RAW,304472288,3850,3394
RAW,304472316,3846,3394
RAW,304472344,3845,3395
RAW,304472372,3839,3394
RAW,304472400,3839,3394
RAW,304472428,3835,3394
RAW,304472456,3831,3394
RAW,304472483,3831,3394
RAW,304472511,3823,3395
RAW,304472539,3823,3393
RAW,304472567,3822,3393
RAW,304472597,3818,3394
RAW,304472625,3817,3395
RAW,304472653,3814,3394
RAW,304472681,3811,3394
RAW,304472709,3807,3394
RAW,304472736,3807,3394
RAW,304472764,3803,3393
RAW,304472792,3802,3394
RAW,304472820,3799,3392
RAW,304472848,3795,3394
RAW,304472876,3795,3394
RAW,304472904,3793,3394
RAW,304472932,3790,3393
RAW,304472960,3786,3394
RAW,304472988,3786,3394
RAW,304473016,3784,3394
RAW,304473044,3781,3393
RAW,304473072,3778,3394
RAW,304473100,3777,3394
RAW,304473128,3775,3394
RAW,304473156,3773,3394
RAW,304473184,3770,3394
RAW,304473212,3767,3395
RAW,304473240,3766,3394
RAW,304473268,3763,3394
RAW,304473296,3759,3393
RAW,304473324,3759,3394
RAW,304473352,3758,3393
RAW,304473380,3755,3394
RAW,304473408,3754,3393
RAW,304473436,3751,3395
RAW,304473464,3751,3394
RAW,304473492,3750,3393
RAW,304473520,3747,3395
RAW,304473548,3743,3394
RAW,304473576,3743,3394
RAW,304473605,3742,3395
RAW,304473633,3741,3394
RAW,304473661,3738,3393
RAW,304473689,3737,3394
RAW,304473717,3736,3393
RAW,304473745,3735,3395
RAW,304473773,3727,3394
RAW,304473814,3727,3392
RAW,304473842,3727,3393
RAW,304473870,3727,3394
RAW,304473898,3725,3394
RAW,304473926,3723,3394
RAW,304473953,3721,3393
RAW,304473981,3721,3395
RAW,304474009,3719,3391
RAW,304474037,3717,3395
RAW,304474065,3715,3395
RAW,304474093,3714,3393
RAW,304474121,3712,3393
RAW,304474149,3714,3393
RAW,304474177,3709,3391
RAW,304474205,3709,3394
RAW,304474233,3707,3394
RAW,304474261,3706,3393
RAW,304474289,3704,3393
RAW,304474317,3703,3395
RAW,304474345,3701,3395
RAW,304474373,3698,3394
RAW,304474401,3695,3393
RAW,304474429,3699,3393
RAW,304474457,3695,3394
RAW,304474485,3695,3394
RAW,304474513,3695,3393
RAW,304474541,3691,3394
RAW,304474569,3693,3391
RAW,304474598,3691,3393
RAW,304474626,3691,3393
RAW,304474654,3690,3393
RAW,304474682,3690,3394
RAW,304474710,3687,3394
RAW,304474738,3687,3393
RAW,304474766,3687,3393
RAW,304474794,3687,3394
RAW,304474822,3687,3394
RAW,304474850,3686,3393
RAW,304474878,3683,3391
RAW,304474906,3686,3392
RAW,304474934,3686,3391
RAW,304474962,3686,3393
RAW,304474990,3683,3394
RAW,304475018,3685,3394
RAW,304475046,3683,3394
RAW,304475074,3683,3393
RAW,304475102,3683,3394
RAW,304475130,3682,3393
RAW,304475158,3685,3395
RAW,304475186,3683,3391
RAW,304475214,3683,3393
RAW,304475242,3683,3394
RAW,304475270,3683,3394
RAW,304475298,3685,3394
RAW,304475326,3686,3394
RAW,304475354,3687,3394
RAW,304475382,3687,3394
RAW,304475410,3686,3395
RAW,304475438,3687,3395
RAW,304475466,3686,3394
RAW,304475494,3689,3395
RAW,304475522,3687,3394
RAW,304475550,3689,3395
RAW,304475578,3689,3394
RAW,304475607,3690,3395
RAW,304475635,3691,3394
RAW,304475663,3691,3395
RAW,304475691,3691,3396
RAW,304475719,3694,3397
RAW,304475747,3694,3396
RAW,304475775,3695,3394
RAW,304475803,3697,3395
RAW,304475831,3695,3395
RAW,304475859,3699,3395
RAW,304475887,3695,3397
RAW,304475915,3701,3395
RAW,304475943,3703,3395
RAW,304475971,3703,3397
RAW,304475999,3704,3395
RAW,304476027,3705,3397
RAW,304476055,3706,3395
RAW,304476083,3707,3395
RAW,304476111,3706,3397
RAW,304476139,3706,3397
RAW,304476167,3709,3397
RAW,304476195,3709,3397
RAW,304476223,3709,3397
RAW,304476251,3707,3397
RAW,304476279,3707,3397
RAW,304476307,3709,3397
RAW,304476335,3707,3399
RAW,304476363,3707,3398
RAW,304476391,3709,3398
RAW,304476419,3707,3397
RAW,304476447,3709,3397
RAW,304476475,3709,3398
RAW,304476503,3710,3399
RAW,304476531,3709,3397
RAW,304476559,3710,3398
RAW,304476587,3710,3398
RAW,304476616,3710,3398
RAW,304476644,3711,3398
RAW,304476672,3711,3399
RAW,304476700,3710,3399
RAW,304476728,3710,3397
RAW,304476756,3711,3399
RAW,304476784,3711,3402
RAW,304476812,3711,3399
RAW,304476840,3710,3401
RAW,304476868,3711,3403
RAW,304476896,3710,3402
RAW,304476924,3710,3403
RAW,304476952,3710,3402
RAW,304476980,3709,3406
RAW,304477008,3711,3405
RAW,304477036,3707,3403
RAW,304477064,3707,3407
RAW,304477092,3707,3407
RAW,304477120,3709,3410
RAW,304477148,3707,3411
RAW,304477176,3707,3413
RAW,304477204,3706,3415
RAW,304477232,3706,3415
RAW,304477259,3707,3418
RAW,304477287,3707,3419
RAW,304477315,3707,3423
RAW,304477343,3707,3422
RAW,304477371,3703,3427
RAW,304477399,3705,3428
RAW,304477427,3706,3430
RAW,304477455,3704,3432
RAW,304477483,3704,3435
RAW,304477511,3706,3438
RAW,304477539,3703,3439
RAW,304477567,3704,3442
RAW,304477597,3703,3445
RAW,304477625,3706,3447
RAW,304477653,3703,3451
RAW,304477681,3702,3451
RAW,304477709,3703,3455
RAW,304477737,3704,3457
RAW,304477765,3705,3459
RAW,304477792,3702,3464
RAW,304477820,3703,3467
RAW,304477848,3703,3471
RAW,304477876,3703,3473
RAW,304477904,3704,3477
RAW,304477932,3704,3479
RAW,304477960,3702,3485
RAW,304477988,3703,3487
RAW,304478016,3703,3493
RAW,304478058,3703,3497
RAW,304478086,3704,3502
RAW,304478114,3703,3507
RAW,304478142,3703,3507
RAW,304478170,3703,3514
RAW,304478198,3703,3519
RAW,304478226,3703,3525
RAW,304478254,3704,3529
RAW,304478282,3703,3531
RAW,304478310,3704,3535
RAW,304478338,3703,3542
RAW,304478366,3703,3547
RAW,304478394,3703,3551
RAW,304478422,3702,3555
RAW,304478450,3703,3563
RAW,304478478,3703,3567
RAW,304478506,3702,3573
RAW,304478534,3703,3578
RAW,304478562,3703,3583
RAW,304478590,3701,3587
RAW,304478618,3703,3594
RAW,304478646,3703,3599
RAW,304478674,3703,3605
RAW,304478702,3703,3610
RAW,304478730,3702,3615
RAW,304478758,3702,3621
RAW,304478786,3703,3626
RAW,304478814,3702,3631
RAW,304478842,3703,3635
RAW,304478870,3702,3642
RAW,304478898,3703,3648
RAW,304478926,3702,3651
RAW,304478954,3703,3658
RAW,304478982,3703,3661
RAW,304479010,3702,3663
RAW,304479038,3703,3672
RAW,304479066,3703,3677
RAW,304479094,3703,3681
RAW,304479122,3702,3688
RAW,304479150,3702,3691
RAW,304479178,3702,3695
RAW,304479206,3703,3703
RAW,304479234,3703,3707
RAW,304479262,3702,3713
RAW,304479290,3703,3717
RAW,304479318,3703,3721
RAW,304479346,3702,3726
RAW,304479374,3703,3730
RAW,304479402,3699,3735
RAW,304479430,3703,3739
RAW,304479458,3703,3742
RAW,304479486,3703,3746
RAW,304479514,3701,3752
RAW,304479542,3702,3755
RAW,304479570,3703,3757
RAW,304479599,3703,3759
RAW,304479627,3703,3762
RAW,304479655,3702,3765
RAW,304479683,3702,3767
RAW,304479711,3703,3770
RAW,304479739,3703,3773
RAW,304479767,3703,3774
RAW,304479795,3702,3776
RAW,304479823,3703,3778
RAW,304479851,3702,3779
RAW,304479879,3703,3779
RAW,304479907,3703,3781
RAW,304479935,3702,3782
RAW,304479963,3703,3783
RAW,304479991,3703,3783
RAW,304480019,3702,3783
RAW,304480047,3702,3786
RAW,304480075,3702,3786
RAW,304480103,3703,3787
RAW,304480131,3704,3789
RAW,304480159,3702,3790
RAW,304480187,3703,3789
RAW,304480215,3703,3791
RAW,304480243,3702,3791
RAW,304480271,3703,3791
RAW,304480299,3702,3791
RAW,304480327,3703,3796
RAW,304480355,3703,3795
RAW,304480383,3703,3797
RAW,304480411,3702,3797
RAW,304480439,3703,3799
RAW,304480467,3702,3799
RAW,304480495,3703,3799
RAW,304480523,3703,3799
RAW,304480551,3702,3802
RAW,304480579,3702,3801
RAW,304480609,3703,3799
RAW,304480637,3703,3800
RAW,304480665,3702,3799
RAW,304480693,3702,3799
RAW,304480721,3703,3799
RAW,304480749,3703,3799
RAW,304480777,3704,3799
RAW,304480805,3702,3799
RAW,304480833,3702,3797
RAW,304480861,3703,3796
RAW,304480889,3702,3791
RAW,304480917,3702,3791
RAW,304480945,3703,3791
RAW,304480973,3703,3789
RAW,304481001,3703,3787
RAW,304481029,3703,3787
RAW,304481057,3702,3783
RAW,304481085,3702,3779
RAW,304481113,3702,3775
RAW,304481141,3703,3777
RAW,304481169,3702,3771
RAW,304481197,3704,3770
RAW,304481225,3701,3765
RAW,304481253,3703,3759
RAW,304481281,3702,3759
RAW,304481309,3702,3754
RAW,304481337,3703,3750
RAW,304481365,3703,3746
RAW,304481393,3703,3743
RAW,304481421,3703,3739
RAW,304481449,3703,3734
RAW,304481477,3703,3729
RAW,304481505,3703,3726
RAW,304481533,3703,3721
RAW,304481561,3703,3715
RAW,304481589,3705,3713
RAW,304481617,3703,3709
RAW,304481645,3702,3706
RAW,304481673,3703,3701
RAW,304481701,3702,3697
RAW,304481729,3701,3694
RAW,304481757,3702,3691
RAW,304481785,3702,3689
RAW,304481813,3702,3687
RAW,304481841,3702,3683
RAW,304481869,3701,3683
RAW,304481897,3703,3683
RAW,304481925,3703,3683
RAW,304481953,3703,3683
RAW,304481981,3704,3681
RAW,304482009,3702,3679
RAW,304482037,3703,3681
RAW,304482065,3703,3683
RAW,304482093,3704,3683
RAW,304482121,3703,3683
RAW,304482149,3703,3686
RAW,304482177,3701,3685
RAW,304482205,3704,3687
RAW,304482233,3702,3687
RAW,304482261,3703,3688
RAW,304482289,3703,3690
RAW,304482317,3703,3692
RAW,304482345,3703,3691
RAW,304482373,3703,3691
RAW,304482401,3702,3694
RAW,304482429,3702,3695
RAW,304482457,3703,3695
RAW,304482485,3703,3699
RAW,304482513,3703,3702
RAW,304482541,3703,3702
RAW,304482569,3702,3703
RAW,304482598,3702,3706
RAW,304482626,3702,3706
RAW,304482654,3703,3709
RAW,304482682,3702,3710
RAW,304482710,3703,3712
RAW,304482738,3703,3712
RAW,304482766,3702,3714
RAW,304482794,3702,3715
RAW,304482822,3702,3715
RAW,304482850,3705,3715
RAW,304482878,3703,3717
RAW,304482906,3704,3718
RAW,304482934,3703,3719
RAW,304482962,3702,3719
RAW,304482990,3703,3719
RAW,304483018,3703,3719
RAW,304483046,3702,3719
RAW,304483074,3702,3719
RAW,304483102,3704,3718
RAW,304483130,3703,3719
RAW,304483158,3702,3719
RAW,304483186,3703,3718
RAW,304483214,3702,3715
RAW,304483242,3703,3714
RAW,304483270,3703,3714
RAW,304483298,3703,3711
RAW,304483326,3703,3708
RAW,304483354,3702,3707
RAW,304483382,3703,3703
RAW,304483410,3703,3699
RAW,304483438,3703,3695
RAW,304483466,3703,3695
RAW,304483494,3702,3693
RAW,304483522,3703,3690
RAW,304483550,3703,3683
RAW,304483578,3703,3679
RAW,304483607,3702,3678
RAW,304483635,3702,3674
RAW,304483663,3704,3671
RAW,304483691,3703,3663
RAW,304483719,3702,3663
RAW,304483747,3703,3661
RAW,304483775,3703,3658
RAW,304483803,3703,3654
RAW,304483831,3703,3650
RAW,304483859,3703,3645
RAW,304483887,3703,3642
RAW,304483915,3703,3638
RAW,304483943,3701,3634
RAW,304483971,3703,3631
RAW,304483999,3703,3625
RAW,304484027,3703,3622
RAW,304484055,3702,3617
RAW,304484083,3703,3613
RAW,304484111,3702,3608
RAW,304484139,3703,3603
RAW,304484167,3704,3599
RAW,304484195,3703,3594
RAW,304484223,3703,3592
RAW,304484251,3702,3587
RAW,304484279,3704,3582
RAW,304484307,3703,3576
RAW,304484335,3703,3571
RAW,304484363,3703,3567
RAW,304484391,3703,3562
RAW,304484419,3702,3557
RAW,304484447,3703,3550
RAW,304484475,3703,3546
RAW,304484503,3702,3539
RAW,304484531,3703,3535
RAW,304484559,3703,3533
RAW,304484587,3705,3527
RAW,304484616,3701,3523
RAW,304484644,3702,3515
RAW,304484672,3703,3513
RAW,304484700,3704,3503
RAW,304484728,3703,3503
RAW,304484756,3703,3499
RAW,304484784,3703,3495
RAW,304484812,3703,3490
RAW,304484840,3703,3487
RAW,304484868,3703,3484
RAW,304484896,3703,3479
RAW,304484924,3703,3477
RAW,304484952,3702,3471
RAW,304484980,3703,3469
RAW,304485008,3703,3467
RAW,304485036,3702,3463
RAW,304485064,3703,3459
RAW,304485092,3703,3456
RAW,304485120,3703,3455
RAW,304485148,3704,3451
RAW,304485176,3704,3448
RAW,304485204,3702,3443
RAW,304485232,3706,3443
RAW,304485260,3703,3439
RAW,304485288,3702,3435
RAW,304485316,3703,3434
RAW,304485344,3703,3433
RAW,304485372,3702,3431
RAW,304485400,3703,3429
RAW,304485428,3703,3427
RAW,304485456,3703,3425
RAW,304485484,3702,3423
RAW,304485512,3704,3422
DROP_RAW_END,37
EVT,312979,DROP dt=10 tau=5 V=184.5
DROP,312979,38,10054,5773,7566,95,65,1845,2,6601,3805,3495
DROP_RAW_BEGIN,312979,38,883,312755524,312780131,312762558
RAW,312755524,3703,3394
RAW,312755551,3704,3394
RAW,312755579,3703,3394
RAW,312755607,3703,3394
RAW,312755635,3703,3395
RAW,312755662,3703,3394
RAW,312755690,3703,3394
RAW,312755717,3702,3393
RAW,312755745,3703,3396
RAW,312755772,3704,3395
RAW,312755800,3703,3394
RAW,312755827,3703,3393
RAW,312755855,3703,3393
RAW,312755882,3702,3393
RAW,312755909,3702,3393
RAW,312755937,3703,3393
RAW,312755964,3704,3394
RAW,312755992,3703,3394
RAW,312756019,3702,3394
RAW,312756047,3703,3394
RAW,312756074,3702,3394
RAW,312756102,3703,3393
RAW,312756129,3702,3394
RAW,312756157,3702,3394
RAW,312756184,3702,3395
RAW,312756211,3702,3394
RAW,312756239,3703,3393
RAW,312756266,3702,3394
RAW,312756294,3703,3394
RAW,312756321,3703,3395
RAW,312756349,3702,3394
RAW,312756376,3703,3394
RAW,312756404,3703,3394
RAW,312756431,3702,3394
RAW,312756459,3701,3394
RAW,312756486,3703,3394
RAW,312756513,3702,3393
RAW,312756541,3703,3395
RAW,312756568,3702,3393
RAW,312756597,3702,3393
RAW,312756625,3702,3393
RAW,312756652,3703,3394
RAW,312756679,3702,3395
RAW,312756707,3703,3395
RAW,312756734,3703,3395
RAW,312756762,3703,3393
RAW,312756789,3703,3395
RAW,312756817,3702,3395
RAW,312756844,3702,3393
RAW,312756872,3701,3394
RAW,312756899,3702,3394
RAW,312756927,3703,3394
RAW,312756954,3702,3394
RAW,312756981,3701,3394
RAW,312757009,3702,3394
RAW,312757036,3703,3395
RAW,312757064,3702,3394
RAW,312757091,3701,3394
RAW,312757119,3702,3394
RAW,312757146,3702,3395
RAW,312757174,3701,3395
RAW,312757201,3699,3395
RAW,312757229,3699,3395
RAW,312757256,3699,3395
RAW,312757283,3702,3394
RAW,312757311,3702,3395
RAW,312757338,3703,3393
RAW,312757366,3701,3394
RAW,312757393,3703,3395
RAW,312757421,3702,3394
RAW,312757448,3703,3395
RAW,312757476,3703,3393
RAW,312757503,3701,3394
RAW,312757530,3703,3393
RAW,312757558,3703,3396
RAW,312757585,3703,3393
RAW,312757613,3702,3394
RAW,312757640,3701,3394
RAW,312757668,3703,3395
RAW,312757695,3702,3394
RAW,312757723,3701,3394
RAW,312757750,3699,3394
RAW,312757778,3702,3394
RAW,312757805,3701,3394
RAW,312757832,3702,3394
RAW,312757860,3701,3394
RAW,312757887,3701,3394
RAW,312757915,3702,3394
RAW,312757942,3702,3395
RAW,312757970,3699,3394
RAW,312757997,3701,3394
RAW,312758025,3699,3395
RAW,312758052,3699,3393
RAW,312758080,3702,3395
RAW,312758107,3703,3395
RAW,312758134,3702,3394
RAW,312758162,3701,3394
RAW,312758189,3701,3394
RAW,312758217,3699,3394
RAW,312758244,3701,3394
RAW,312758272,3699,3395
RAW,312758299,3699,3393
RAW,312758327,3702,3395
RAW,312758354,3703,3395
RAW,312758382,3701,3395
RAW,312758409,3699,3393
RAW,312758436,3699,3395
RAW,312758464,3699,3395
RAW,312758491,3701,3395
RAW,312758519,3699,3393
RAW,312758546,3701,3394
RAW,312758574,3702,3395
RAW,312758602,3701,3394
RAW,312758630,3699,3391
RAW,312758657,3699,3393
RAW,312758685,3703,3394
RAW,312758712,3702,3394
RAW,312758740,3701,3394
RAW,312758767,3702,3395
RAW,312758795,3699,3394
RAW,312758822,3699,3395
RAW,312758849,3702,3393
RAW,312758877,3701,3394
RAW,312758904,3699,3394
RAW,312758932,3701,3394
RAW,312758959,3699,3395
RAW,312758987,3700,3393
RAW,312759014,3701,3394
RAW,312759042,3699,3393
RAW,312759069,3699,3393
RAW,312759097,3699,3393
RAW,312759124,3700,3394
RAW,312759151,3701,3393
RAW,312759179,3701,3394
RAW,312759206,3701,3394
RAW,312759234,3699,3394
RAW,312759261,3701,3395
RAW,312759289,3701,3395
RAW,312759316,3701,3394
RAW,312759344,3701,3395
RAW,312759371,3699,3393
RAW,312759399,3699,3391
RAW,312759426,3695,3394
RAW,312759453,3695,3394
RAW,312759481,3699,3395
RAW,312759508,3695,3395
RAW,312759536,3695,3394
RAW,312759563,3697,3395
RAW,312759591,3695,3394
RAW,312759618,3695,3395
RAW,312759646,3694,3394
RAW,312759673,3695,3394
RAW,312759701,3694,3395
RAW,312759728,3694,3393
RAW,312759755,3694,3394
RAW,312759783,3693,3394
RAW,312759810,3693,3391
RAW,312759838,3694,3394
RAW,312759865,3691,3394
RAW,312759893,3692,3394
RAW,312759920,3691,3394
RAW,312759948,3691,3395
RAW,312759975,3689,3395
RAW,312760003,3689,3393
RAW,312760030,3688,3392
RAW,312760057,3687,3395
RAW,312760085,3687,3394
RAW,312760112,3686,3394
RAW,312760140,3683,3395
RAW,312760167,3685,3394
RAW,312760195,3683,3395
RAW,312760222,3683,3394
RAW,312760250,3681,3394
RAW,312760277,3679,3393
RAW,312760305,3679,3393
RAW,312760332,3679,3393
RAW,312760359,3678,3394
RAW,312760387,3677,3394
RAW,312760414,3678,3395
RAW,312760442,3678,3395
RAW,312760469,3679,3394
RAW,312760497,3680,3393
RAW,312760524,3679,3394
RAW,312760552,3682,3394
RAW,312760579,3679,3394
RAW,312760608,3682,3394
RAW,312760635,3683,3394
RAW,312760663,3683,3393
RAW,312760690,3685,3394
RAW,312760718,3685,3394
RAW,312760745,3686,3394
RAW,312760773,3687,3394
RAW,312760800,3687,3394
RAW,312760827,3690,3395
RAW,312760855,3690,3394
RAW,312760882,3691,3394
RAW,312760910,3693,3395
RAW,312760937,3694,3394
RAW,312760965,3695,3394
RAW,312760992,3697,3391
RAW,312761020,3699,3395
RAW,312761047,3701,3393
RAW,312761074,3702,3395
RAW,312761102,3702,3395
RAW,312761129,3703,3394
RAW,312761157,3706,3394
RAW,312761184,3707,3395
RAW,312761212,3711,3394
RAW,312761239,3711,3395
RAW,312761267,3714,3394
RAW,312761294,3717,3395
RAW,312761322,3717,3393
RAW,312761349,3720,3394
RAW,312761376,3722,3395
RAW,312761404,3723,3394
RAW,312761431,3726,3393
RAW,312761459,3727,3395
RAW,312761486,3731,3393
RAW,312761514,3731,3394
RAW,312761541,3733,3395
RAW,312761569,3735,3395
RAW,312761597,3738,3394
RAW,312761625,3741,3394
RAW,312761652,3742,3395
RAW,312761680,3743,3394
RAW,312761707,3743,3394
RAW,312761735,3746,3395
RAW,312761762,3749,3395
RAW,312761790,3751,3393
RAW,312761817,3754,3395
RAW,312761845,3758,3395
RAW,312761872,3757,3395
RAW,312761899,3759,3394
RAW,312761927,3762,3393
RAW,312761954,3763,3395
RAW,312761982,3768,3395
RAW,312762009,3770,3394
RAW,312762037,3773,3393
RAW,312762064,3773,3394
RAW,312762092,3775,3393
RAW,312762119,3778,3395
RAW,312762146,3779,3394
RAW,312762174,3782,3395
RAW,312762201,3783,3394
RAW,312762229,3785,3395
RAW,312762256,3788,3394
RAW,312762284,3789,3394
RAW,312762311,3791,3394
RAW,312762339,3791,3393
RAW,312762366,3791,3394
RAW,312762394,3795,3394
RAW,312762421,3799,3394
RAW,312762448,3799,3394
RAW,312762476,3801,3395
RAW,312762503,3801,3394
RAW,312762531,3803,3394
RAW,312762558,3805,3393
RAW,312762601,3806,3394
RAW,312762629,3808,3394
RAW,312762657,3807,3394
RAW,312762685,3810,3394
RAW,312762713,3811,3391
RAW,312762741,3811,3393
RAW,312762769,3814,3395
RAW,312762797,3814,3393
RAW,312762825,3815,3394
RAW,312762853,3815,3395
RAW,312762881,3815,3394
RAW,312762909,3818,3394
RAW,312762937,3818,3395
RAW,312762965,3819,3393
RAW,312762993,3819,3394
RAW,312763021,3818,3393
RAW,312763049,3819,3393
RAW,312763077,3821,3393
RAW,312763105,3819,3394
RAW,312763133,3821,3394
RAW,312763161,3822,3394
RAW,312763189,3822,3394
RAW,312763217,3821,3394
RAW,312763245,3822,3394
RAW,312763273,3822,3393
RAW,312763301,3821,3395
RAW,312763329,3823,3393
RAW,312763357,3823,3395
RAW,312763385,3823,3393
RAW,312763413,3823,3393
RAW,312763441,3822,3393
RAW,312763468,3823,3394
RAW,312763496,3823,3393
RAW,312763524,3823,3393
RAW,312763552,3823,3394
RAW,312763580,3827,3395
RAW,312763609,3829,3394
RAW,312763637,3831,3394
RAW,312763665,3831,3394
RAW,312763693,3834,3392
RAW,312763721,3834,3394
RAW,312763749,3835,3394
RAW,312763777,3839,3395
RAW,312763805,3841,3394
RAW,312763833,3843,3395
RAW,312763861,3846,3394
RAW,312763889,3850,3394
RAW,312763917,3850,3394
RAW,312763945,3854,3393
RAW,312763973,3855,3393
RAW,312764001,3859,3393
RAW,312764029,3861,3394
RAW,312764057,3866,3395
RAW,312764085,3868,3394
RAW,312764113,3869,3394
RAW,312764141,3872,3394
RAW,312764169,3873,3394
RAW,312764197,3875,3393
RAW,312764225,3879,3394
RAW,312764253,3879,3395
RAW,312764281,3882,3392
RAW,312764309,3883,3394
RAW,312764337,3886,3394
RAW,312764365,3887,3394
RAW,312764393,3891,3395
RAW,312764421,3895,3395
RAW,312764449,3898,3394
RAW,312764476,3899,3395
RAW,312764504,3903,3395
RAW,312764532,3907,3393
RAW,312764560,3910,3393
RAW,312764588,3912,3393
RAW,312764616,3917,3395
RAW,312764644,3918,3394
RAW,312764672,3919,3395
RAW,312764700,3919,3393
RAW,312764728,3926,3394
RAW,312764756,3927,3393
RAW,312764784,3930,3395
RAW,312764812,3931,3393
RAW,312764840,3933,3394
RAW,312764868,3931,3395
RAW,312764896,3934,3394
RAW,312764924,3938,3395
RAW,312764952,3941,3393
RAW,312764980,3939,3393
RAW,312765008,3942,3394
RAW,312765036,3943,3395
RAW,312765064,3946,3394
RAW,312765092,3947,3394
RAW,312765120,3949,3393
RAW,312765148,3951,3393
RAW,312765176,3951,3394
RAW,312765204,3951,3394
RAW,312765232,3951,3394
RAW,312765260,3955,3395
RAW,312765288,3955,3393
RAW,312765316,3955,3391
RAW,312765344,3957,3395
RAW,312765371,3957,3393
RAW,312765399,3955,3395
RAW,312765427,3958,3395
RAW,312765455,3959,3393
RAW,312765483,3959,3395
RAW,312765511,3955,3393
RAW,312765539,3958,3393
RAW,312765567,3955,3394
RAW,312765597,3957,3394
RAW,312765625,3957,3393
RAW,312765652,3951,3394
RAW,312765680,3954,3394
RAW,312765708,3951,3394
RAW,312765736,3951,3394
RAW,312765764,3951,3394
RAW,312765792,3951,3395
RAW,312765820,3950,3394
RAW,312765848,3949,3395
RAW,312765876,3946,3393
RAW,312765904,3947,3394
RAW,312765932,3947,3394
RAW,312765960,3941,3393
RAW,312765988,3939,3395
RAW,312766016,3939,3395
RAW,312766044,3936,3393
RAW,312766072,3934,3394
RAW,312766100,3931,3395
RAW,312766128,3930,3394
RAW,312766156,3927,3395
RAW,312766184,3923,3394
RAW,312766212,3922,3394
RAW,312766240,3919,3395
RAW,312766268,3915,3394
RAW,312766296,3914,3394
RAW,312766324,3911,3394
RAW,312766352,3909,3394
RAW,312766380,3906,3393
RAW,312766408,3902,3394
RAW,312766436,3898,3394
RAW,312766464,3897,3395
RAW,312766492,3893,3395
RAW,312766520,3887,3394
RAW,312766547,3886,3393
RAW,312766575,3883,3394
RAW,312766605,3882,3394
RAW,312766633,3878,3395
RAW,312766661,3874,3394
RAW,312766689,3871,3395
RAW,312766717,3867,3393
RAW,312766745,3865,3395
RAW,312766772,3863,3393
RAW,312766800,3860,3395
RAW,312766828,3855,3395
RAW,312766856,3854,3394
RAW,312766884,3850,3394
RAW,312766912,3847,3394
RAW,312766940,3845,3394
RAW,312766968,3843,3393
RAW,312766996,3838,3394
RAW,312767024,3835,3393
RAW,312767052,3831,3393
RAW,312767080,3829,3395
RAW,312767108,3823,3394
RAW,312767136,3823,3395
RAW,312767164,3823,3395
RAW,312767192,3819,3394
RAW,312767220,3818,3394
RAW,312767248,3815,3395
RAW,312767276,3811,3393
RAW,312767304,3809,3391
RAW,312767332,3807,3394
RAW,312767360,3803,3393
RAW,312767388,3803,3394
RAW,312767416,3799,3394
RAW,312767444,3797,3394
RAW,312767472,3795,3395
RAW,312767500,3791,3394
RAW,312767528,3791,3394
RAW,312767556,3787,3394
RAW,312767584,3786,3393
RAW,312767612,3784,3394
RAW,312767640,3783,3394
RAW,312767667,3779,3395
RAW,312767695,3774,3394
RAW,312767723,3774,3395
RAW,312767751,3772,3394
RAW,312767779,3770,3394
RAW,312767807,3767,3395
RAW,312767835,3765,3394
RAW,312767863,3763,3394
RAW,312767891,3759,3395
RAW,312767919,3759,3394
RAW,312767947,3758,3394
RAW,312767975,3755,3394
RAW,312768003,3755,3395
RAW,312768031,3752,3394
RAW,312768059,3750,3394
RAW,312768087,3747,3394
RAW,312768115,3747,3395
RAW,312768143,3743,3394
RAW,312768171,3743,3393
RAW,312768199,3739,3394
RAW,312768227,3739,3394
RAW,312768255,3738,3394
RAW,312768283,3735,3393
RAW,312768311,3735,3395
RAW,312768339,3731,3395
RAW,312768380,3731,3394
RAW,312768408,3727,3395
RAW,312768436,3727,3394
RAW,312768464,3725,3395
RAW,312768492,3723,3395
RAW,312768520,3722,3394
RAW,312768548,3720,3393
RAW,312768576,3719,3394
RAW,312768605,3717,3394
RAW,312768633,3714,3395
RAW,312768661,3713,3394
RAW,312768689,3712,3394
RAW,312768717,3711,3395
RAW,312768745,3707,3394
RAW,312768773,3706,3394
RAW,312768801,3707,3394
RAW,312768829,3703,3394
RAW,312768857,3703,3395
RAW,312768885,3702,3393
RAW,312768913,3701,3393
RAW,312768941,3699,3394
RAW,312768969,3695,3395
RAW,312768997,3695,3395
RAW,312769025,3695,3393
RAW,312769053,3694,3394
RAW,312769081,3690,3393
RAW,312769109,3691,3393
RAW,312769137,3693,3394
RAW,312769165,3690,3394
RAW,312769193,3690,3393
RAW,312769221,3687,3394
RAW,312769249,3688,3394
RAW,312769277,3686,3393
RAW,312769305,3686,3394
RAW,312769333,3687,3393
RAW,312769361,3686,3393
RAW,312769389,3683,3393
RAW,312769417,3686,3393
RAW,312769445,3685,3393
RAW,312769473,3685,3391
RAW,312769501,3683,3394
RAW,312769529,3683,3394
RAW,312769557,3683,3394
RAW,312769585,3683,3390
RAW,312769613,3683,3392
RAW,312769641,3683,3394
RAW,312769669,3683,3394
RAW,312769697,3683,3394
RAW,312769725,3683,3394
RAW,312769753,3683,3392
RAW,312769780,3683,3393
RAW,312769808,3683,3394
RAW,312769836,3685,3395
RAW,312769864,3685,3394
RAW,312769892,3683,3395
RAW,312769920,3685,3395
RAW,312769948,3687,3395
RAW,312769976,3686,3395
RAW,312770004,3685,3395
RAW,312770032,3686,3395
RAW,312770060,3687,3396
RAW,312770088,3687,3395
RAW,312770116,3687,3394
RAW,312770144,3687,3394
RAW,312770172,3689,3394
RAW,312770200,3691,3395
RAW,312770228,3690,3394
RAW,312770256,3692,3395
RAW,312770284,3693,3395
RAW,312770312,3695,3397
RAW,312770340,3695,3395
RAW,312770368,3697,3395
RAW,312770396,3695,3395
RAW,312770424,3695,3395
RAW,312770452,3701,3397
RAW,312770480,3699,3397
RAW,312770508,3703,3395
RAW,312770536,3703,3394
RAW,312770564,3703,3398
RAW,312770592,3706,3395
RAW,312770620,3706,3397
RAW,312770648,3707,3395
RAW,312770676,3707,3397
RAW,312770704,3707,3398
RAW,312770732,3709,3395
RAW,312770760,3707,3398
RAW,312770788,3709,3397
RAW,312770816,3710,3395
RAW,312770844,3710,3397
RAW,312770872,3709,3397
RAW,312770900,3710,3395
RAW,312770928,3709,3398
RAW,312770956,3710,3397
RAW,312770984,3710,3398
RAW,312771012,3709,3397
RAW,312771040,3710,3397
RAW,312771068,3710,3399
RAW,312771096,3711,3399
RAW,312771124,3711,3399
RAW,312771152,3710,3399
RAW,312771180,3711,3398
RAW,312771208,3712,3400
RAW,312771236,3711,3398
RAW,312771264,3711,3400
RAW,312771292,3711,3399
RAW,312771320,3711,3399
RAW,312771348,3711,3400
RAW,312771376,3712,3402
RAW,312771404,3711,3401
RAW,312771432,3711,3402
RAW,312771460,3711,3404
RAW,312771488,3711,3402
RAW,312771516,3711,3405
RAW,312771544,3711,3405
RAW,312771571,3707,3405
RAW,312771601,3711,3405
RAW,312771629,3710,3407
RAW,312771657,3707,3407
RAW,312771685,3709,3407
RAW,312771713,3709,3411
RAW,312771741,3708,3411
RAW,312771769,3707,3414
RAW,312771797,3706,3415
RAW,312771825,3706,3417
RAW,312771853,3706,3419
RAW,312771881,3707,3421
RAW,312771909,3707,3422
RAW,312771937,3706,3426
RAW,312771965,3706,3427
RAW,312771993,3706,3429
RAW,312772021,3705,3431
RAW,312772048,3706,3435
RAW,312772076,3704,3435
RAW,312772104,3704,3439
RAW,312772132,3704,3439
RAW,312772160,3705,3445
RAW,312772188,3703,3447
RAW,312772216,3704,3450
RAW,312772244,3703,3450
RAW,312772272,3704,3455
RAW,312772300,3703,3459
RAW,312772328,3704,3459
RAW,312772356,3705,3463
RAW,312772384,3703,3466
RAW,312772412,3703,3470
RAW,312772440,3703,3471
RAW,312772468,3703,3475
RAW,312772496,3703,3479
RAW,312772524,3704,3483
RAW,312772552,3703,3487
RAW,312772580,3703,3490
RAW,312772609,3703,3495
RAW,312772651,3703,3501
RAW,312772679,3703,3503
RAW,312772707,3704,3509
RAW,312772735,3703,3513
RAW,312772763,3703,3517
RAW,312772791,3702,3523
RAW,312772819,3703,3528
RAW,312772847,3703,3533
RAW,312772875,3703,3534
RAW,312772903,3703,3541
RAW,312772931,3703,3546
RAW,312772959,3703,3551
RAW,312772987,3703,3556
RAW,312773015,3703,3559
RAW,312773043,3703,3566
RAW,312773071,3704,3571
RAW,312773099,3703,3575
RAW,312773127,3703,3579
RAW,312773155,3703,3583
RAW,312773183,3703,3591
RAW,312773211,3703,3595
RAW,312773239,3702,3603
RAW,312773267,3703,3608
RAW,312773295,3703,3614
RAW,312773323,3704,3620
RAW,312773351,3703,3624
RAW,312773379,3704,3629
RAW,312773407,3705,3635
RAW,312773435,3704,3639
RAW,312773463,3703,3643
RAW,312773491,3702,3650
RAW,312773519,3705,3655
RAW,312773547,3702,3658
RAW,312773575,3702,3663
RAW,312773604,3704,3670
RAW,312773632,3703,3675
RAW,312773660,3702,3681
RAW,312773688,3703,3686
RAW,312773716,3703,3693
RAW,312773744,3704,3695
RAW,312773772,3703,3703
RAW,312773800,3702,3709
RAW,312773828,3702,3711
RAW,312773856,3702,3717
RAW,312773884,3704,3719
RAW,312773912,3703,3727
RAW,312773940,3704,3730
RAW,312773968,3703,3733
RAW,312773996,3703,3741
RAW,312774024,3704,3743
RAW,312774052,3703,3749
RAW,312774080,3703,3751
RAW,312774108,3703,3754
RAW,312774136,3704,3758
RAW,312774164,3703,3759
RAW,312774192,3703,3763
RAW,312774220,3703,3766
RAW,312774248,3703,3767
RAW,312774276,3702,3771
RAW,312774304,3703,3771
RAW,312774332,3703,3774
RAW,312774360,3702,3776
RAW,312774388,3703,3777
RAW,312774416,3703,3779
RAW,312774444,3703,3779
RAW,312774472,3703,3783
RAW,312774500,3702,3783
RAW,312774528,3702,3784
RAW,312774556,3702,3785
RAW,312774584,3702,3785
RAW,312774612,3703,3787
RAW,312774640,3703,3787
RAW,312774668,3703,3787
RAW,312774696,3702,3789
RAW,312774724,3703,3789
RAW,312774752,3703,3789
RAW,312774780,3703,3791
RAW,312774808,3702,3790
RAW,312774836,3702,3791
RAW,312774864,3703,3793
RAW,312774892,3702,3791
RAW,312774920,3702,3794
RAW,312774948,3703,3795
RAW,312774976,3705,3797
RAW,312775004,3703,3795
RAW,312775032,3703,3799
RAW,312775060,3702,3799
RAW,312775088,3703,3800
RAW,312775116,3703,3800
RAW,312775144,3703,3803
RAW,312775172,3703,3802
RAW,312775200,3704,3802
RAW,312775228,3703,3802
RAW,312775256,3703,3801
RAW,312775284,3703,3801
RAW,312775312,3703,3799
RAW,312775340,3703,3799
RAW,312775368,3704,3799
RAW,312775396,3702,3797
RAW,312775424,3703,3797
RAW,312775452,3704,3795
RAW,312775480,3702,3795
RAW,312775508,3703,3790
RAW,312775536,3703,3791
RAW,312775564,3701,3789
RAW,312775592,3703,3786
RAW,312775620,3703,3784
RAW,312775648,3703,3779
RAW,312775676,3704,3777
RAW,312775704,3703,3777
RAW,312775732,3706,3771
RAW,312775760,3703,3767
RAW,312775788,3703,3765
RAW,312775816,3703,3761
RAW,312775844,3703,3759
RAW,312775872,3703,3753
RAW,312775900,3703,3750
RAW,312775928,3703,3746
RAW,312775956,3703,3742
RAW,312775984,3703,3738
RAW,312776012,3703,3733
RAW,312776040,3704,3729
RAW,312776068,3703,3725
RAW,312776096,3703,3720
RAW,312776124,3703,3715
RAW,312776152,3703,3711
RAW,312776180,3703,3707
RAW,312776208,3703,3703
RAW,312776236,3703,3699
RAW,312776264,3703,3695
RAW,312776292,3703,3693
RAW,312776320,3703,3689
RAW,312776348,3703,3685
RAW,312776376,3702,3683
RAW,312776404,3703,3682
RAW,312776432,3702,3679
RAW,312776460,3702,3675
RAW,312776488,3702,3675
RAW,312776516,3703,3677
RAW,312776544,3704,3674
RAW,312776572,3703,3675
RAW,312776602,3703,3675
RAW,312776630,3702,3677
RAW,312776658,3703,3677
RAW,312776686,3703,3678
RAW,312776714,3703,3679
RAW,312776742,3703,3679
RAW,312776770,3704,3679
RAW,312776798,3703,3683
RAW,312776826,3703,3682
RAW,312776854,3703,3685
RAW,312776882,3703,3686
RAW,312776910,3702,3687
RAW,312776938,3702,3688
RAW,312776966,3702,3690
RAW,312776994,3703,3691
RAW,312777022,3702,3691
RAW,312777050,3702,3695
RAW,312777078,3703,3695
RAW,312777106,3703,3699
RAW,312777134,3702,3699
RAW,312777162,3702,3701
RAW,312777190,3704,3703
RAW,312777218,3702,3704
RAW,312777246,3704,3707
RAW,312777274,3703,3707
RAW,312777302,3702,3711
RAW,312777330,3703,3711
RAW,312777358,3703,3712
RAW,312777386,3704,3713
RAW,312777414,3703,3714
RAW,312777442,3703,3714
RAW,312777470,3703,3715
RAW,312777498,3703,3715
RAW,312777526,3703,3717
RAW,312777554,3703,3719
RAW,312777582,3704,3720
RAW,312777610,3703,3719
RAW,312777638,3703,3719
RAW,312777666,3702,3720
RAW,312777694,3703,3719
RAW,312777722,3704,3719
RAW,312777750,3703,3718
RAW,312777778,3703,3719
RAW,312777806,3703,3715
RAW,312777834,3703,3717
RAW,312777862,3702,3714
RAW,312777890,3702,3714
RAW,312777918,3703,3710
RAW,312777946,3702,3707
RAW,312777974,3703,3705
RAW,312778002,3703,3702
RAW,312778030,3704,3699
RAW,312778058,3703,3695
RAW,312778086,3702,3691
RAW,312778114,3703,3690
RAW,312778142,3703,3686
RAW,312778170,3703,3682
RAW,312778198,3703,3679
RAW,312778226,3703,3675
RAW,312778254,3703,3671
RAW,312778282,3703,3669
RAW,312778310,3703,3663
RAW,312778338,3703,3659
RAW,312778366,3703,3659
RAW,312778394,3703,3654
RAW,312778422,3704,3651
RAW,312778450,3703,3648
RAW,312778478,3703,3643
RAW,312778506,3703,3638
RAW,312778534,3703,3635
RAW,312778562,3703,3631
RAW,312778590,3701,3627
RAW,312778617,3702,3621
RAW,312778645,3703,3618
RAW,312778673,3703,3615
RAW,312778701,3703,3609
RAW,312778729,3703,3603
RAW,312778757,3703,3599
RAW,312778785,3703,3595
RAW,312778813,3703,3591
RAW,312778841,3703,3587
RAW,312778869,3702,3583
RAW,312778897,3701,3577
RAW,312778925,3704,3575
RAW,312778953,3702,3567
RAW,312778981,3703,3563
RAW,312779009,3703,3558
RAW,312779037,3704,3552
RAW,312779065,3703,3549
RAW,312779093,3703,3543
RAW,312779121,3703,3535
RAW,312779149,3703,3533
RAW,312779177,3703,3530
RAW,312779205,3703,3523
RAW,312779233,3704,3519
RAW,312779261,3704,3515
RAW,312779289,3703,3510
RAW,312779317,3704,3503
RAW,312779345,3703,3500
RAW,312779373,3703,3496
RAW,312779401,3704,3491
RAW,312779429,3702,3490
RAW,312779457,3703,3483
RAW,312779485,3702,3482
RAW,312779513,3702,3477
RAW,312779541,3702,3471
RAW,312779569,3702,3467
RAW,312779599,3702,3467
RAW,312779627,3703,3463
RAW,312779655,3703,3461
RAW,312779683,3703,3458
RAW,312779711,3703,3455
RAW,312779739,3703,3453
RAW,312779767,3703,3448
RAW,312779795,3703,3445
RAW,312779823,3704,3443
RAW,312779851,3703,3441
RAW,312779879,3704,3439
RAW,312779907,3703,3437
RAW,312779935,3702,3434
RAW,312779963,3703,3432
RAW,312779991,3703,3431
RAW,312780019,3706,3429
RAW,312780047,3703,3426
RAW,312780075,3703,3425
RAW,312780103,3703,3423
RAW,312780131,3703,3422
DROP_RAW_END,38
EVT,321245,DROP dt=10 tau=5 V=183.8
DROP,321245,39,10026,5766,7518,95,65,1838,2,6601,3805,3493
DROP_RAW_BEGIN,321245,39,881,321021539,321046083,321028572
RAW,321021539,3703,3395
RAW,321021567,3703,3394
RAW,321021596,3703,3394
RAW,321021623,3703,3395
RAW,321021650,3702,3394
RAW,321021678,3703,3394
RAW,321021705,3702,3395
RAW,321021733,3703,3394
RAW,321021760,3704,3395
RAW,321021788,3703,3395
RAW,321021815,3703,3395
RAW,321021843,3704,3395
RAW,321021870,3702,3395
RAW,321021897,3703,3395
RAW,321021925,3703,3395
RAW,321021952,3703,3394
RAW,321021980,3703,3395
RAW,321022007,3702,3395
RAW,321022035,3703,3395
RAW,321022062,3703,3394
RAW,321022090,3703,3395
RAW,321022117,3702,3394
RAW,321022145,3703,3395
RAW,321022172,3703,3393
RAW,321022199,3703,3394
RAW,321022227,3704,3395
RAW,321022254,3702,3394
RAW,321022282,3703,3394
RAW,321022309,3703,3395
RAW,321022337,3703,3394
RAW,321022364,3702,3395
RAW,321022392,3701,3393
RAW,321022419,3702,3393
RAW,321022447,3703,3393
RAW,321022474,3703,3395
RAW,321022501,3703,3395
RAW,321022529,3703,3395
RAW,321022556,3703,3395
RAW,321022584,3703,3394
RAW,321022611,3703,3395
RAW,321022639,3703,3395
RAW,321022666,3702,3395
RAW,321022694,3703,3395
RAW,321022721,3703,3395
RAW,321022749,3703,3395
RAW,321022776,3702,3395
RAW,321022803,3703,3394
RAW,321022831,3703,3394
RAW,321022858,3703,3395
RAW,321022886,3703,3394
RAW,321022913,3702,3394
RAW,321022941,3702,3394
RAW,321022968,3702,3395
RAW,321022996,3703,3395
RAW,321023023,3703,3395
RAW,321023050,3703,3395
RAW,321023078,3702,3395
RAW,321023105,3703,3395
RAW,321023133,3702,3395
RAW,321023160,3702,3395
RAW,321023188,3702,3394
RAW,321023215,3702,3395
RAW,321023243,3703,3395
RAW,321023270,3702,3394
RAW,321023298,3703,3394
RAW,321023325,3703,3395
RAW,321023352,3703,3395
RAW,321023380,3702,3394
RAW,321023407,3702,3395
RAW,321023435,3702,3395
RAW,321023462,3702,3395
RAW,321023490,3703,3394
RAW,321023517,3702,3394
RAW,321023545,3702,3395
RAW,321023572,3702,3393
RAW,321023601,3703,3394
RAW,321023628,3702,3394
RAW,321023656,3702,3393
RAW,321023683,3703,3395
RAW,321023711,3703,3395
RAW,321023738,3701,3395
RAW,321023766,3702,3395
RAW,321023793,3702,3395
RAW,321023820,3702,3395
RAW,321023848,3702,3395
RAW,321023875,3703,3397
RAW,321023903,3702,3395
RAW,321023930,3703,3395
RAW,321023958,3702,3395
RAW,321023985,3699,3395
RAW,321024013,3703,3395
RAW,321024040,3702,3395
RAW,321024068,3702,3395
RAW,321024095,3699,3394
RAW,321024122,3702,3394
RAW,321024150,3701,3395
RAW,321024177,3701,3393
RAW,321024205,3701,3396
RAW,321024232,3702,3394
RAW,321024260,3703,3394
RAW,321024287,3702,3395
RAW,321024315,3701,3393
RAW,321024342,3702,3395
RAW,321024370,3702,3395
RAW,321024397,3701,3394
RAW,321024424,3701,3395
RAW,321024452,3699,3393
RAW,321024479,3699,3394
RAW,321024507,3701,3394
RAW,321024534,3703,3395
RAW,321024562,3701,3395
RAW,321024589,3701,3396
RAW,321024617,3702,3394
RAW,321024644,3699,3394
RAW,321024671,3703,3395
RAW,321024699,3703,3395
RAW,321024726,3702,3395
RAW,321024754,3699,3395
RAW,321024781,3701,3394
RAW,321024809,3702,3395
RAW,321024836,3701,3395
RAW,321024864,3699,3394
RAW,321024891,3701,3397
RAW,321024919,3702,3395
RAW,321024946,3703,3394
RAW,321024973,3699,3394
RAW,321025001,3702,3395
RAW,321025028,3703,3395
RAW,321025056,3701,3395
RAW,321025083,3701,3395
RAW,321025111,3701,3395
RAW,321025138,3701,3395
RAW,321025166,3701,3395
RAW,321025193,3699,3395
RAW,321025221,3701,3394
RAW,321025248,3701,3394
RAW,321025275,3699,3394
RAW,321025303,3699,3394
RAW,321025330,3699,3396
RAW,321025358,3695,3393
RAW,321025385,3699,3394
RAW,321025413,3695,3395
RAW,321025440,3695,3394
RAW,321025468,3695,3395
RAW,321025495,3695,3394
RAW,321025523,3695,3395
RAW,321025550,3695,3394
RAW,321025577,3695,3394
RAW,321025606,3695,3394
RAW,321025634,3695,3395
RAW,321025661,3694,3395
RAW,321025689,3694,3393
RAW,321025716,3695,3395
RAW,321025743,3695,3394
RAW,321025771,3693,3394
RAW,321025798,3693,3394
RAW,321025826,3690,3394
RAW,321025853,3692,3395
RAW,321025881,3690,3393
RAW,321025908,3691,3394
RAW,321025936,3690,3395
RAW,321025963,3690,3395
RAW,321025991,3690,3395
RAW,321026018,3687,3394
RAW,321026045,3687,3394
RAW,321026073,3686,3394
RAW,321026100,3686,3394
RAW,321026128,3683,3394
RAW,321026155,3683,3395
RAW,321026183,3683,3395
RAW,321026210,3679,3395
RAW,321026238,3679,3394
RAW,321026265,3682,3395
RAW,321026293,3679,3395
RAW,321026320,3678,3394
RAW,321026347,3677,3394
RAW,321026375,3679,3393
RAW,321026402,3675,3394
RAW,321026430,3675,3395
RAW,321026457,3678,3391
RAW,321026485,3679,3395
RAW,321026512,3679,3395
RAW,321026540,3679,3395
RAW,321026567,3679,3395
RAW,321026596,3683,3394
RAW,321026623,3682,3393
RAW,321026651,3685,3395
RAW,321026678,3683,3394
RAW,321026706,3686,3395
RAW,321026733,3687,3395
RAW,321026761,3687,3395
RAW,321026788,3687,3394
RAW,321026815,3687,3393
RAW,321026843,3690,3395
RAW,321026870,3689,3395
RAW,321026898,3691,3395
RAW,321026925,3691,3394
RAW,321026953,3694,3394
RAW,321026980,3694,3395
RAW,321027008,3695,3395
RAW,321027035,3698,3394
RAW,321027062,3701,3394
RAW,321027090,3703,3394
RAW,321027117,3704,3395
RAW,321027145,3706,3396
RAW,321027172,3706,3393
RAW,321027200,3709,3395
RAW,321027227,3712,3393
RAW,321027255,3714,3395
RAW,321027282,3715,3394
RAW,321027310,3718,3395
RAW,321027337,3719,3394
RAW,321027364,3721,3394
RAW,321027392,3722,3394
RAW,321027419,3723,3394
RAW,321027447,3727,3394
RAW,321027474,3727,3393
RAW,321027502,3731,3395
RAW,321027529,3731,3394
RAW,321027557,3735,3395
RAW,321027584,3735,3395
RAW,321027612,3739,3393
RAW,321027639,3739,3394
RAW,321027666,3742,3394
RAW,321027694,3743,3393
RAW,321027721,3746,3394
RAW,321027749,3749,3394
RAW,321027776,3751,3395
RAW,321027804,3751,3394
RAW,321027831,3755,3394
RAW,321027859,3759,3393
RAW,321027886,3759,3395
RAW,321027914,3761,3395
RAW,321027941,3763,3394
RAW,321027968,3763,3395
RAW,321027996,3769,3395
RAW,321028023,3770,3393
RAW,321028051,3773,3395
RAW,321028078,3775,3395
RAW,321028106,3779,3396
RAW,321028133,3781,3395
RAW,321028161,3779,3395
RAW,321028188,3783,3393
RAW,321028216,3785,3395
RAW,321028243,3787,3394
RAW,321028270,3787,3393
RAW,321028298,3789,3394
RAW,321028325,3791,3395
RAW,321028353,3796,3394
RAW,321028380,3791,3394
RAW,321028408,3797,3395
RAW,321028435,3799,3395
RAW,321028463,3799,3393
RAW,321028490,3802,3394
RAW,321028518,3803,3395
RAW,321028545,3803,3393
RAW,321028572,3805,3396
RAW,321028616,3807,3395
RAW,321028644,3807,3393
RAW,321028672,3810,3394
RAW,321028699,3810,3393
RAW,321028727,3811,3394
RAW,321028755,3815,3395
RAW,321028783,3814,3394
RAW,321028811,3815,3395
RAW,321028839,3815,3394
RAW,321028867,3818,3395
RAW,321028895,3818,3395
RAW,321028923,3817,3395
RAW,321028951,3819,3393
RAW,321028979,3821,3396
RAW,321029007,3821,3395
RAW,321029035,3821,3395
RAW,321029063,3823,3395
RAW,321029091,3821,3393
RAW,321029119,3821,3394
RAW,321029147,3823,3394
RAW,321029175,3823,3394
RAW,321029203,3823,3395
RAW,321029231,3821,3394
RAW,321029259,3823,3394
RAW,321029287,3823,3394
RAW,321029315,3822,3395
RAW,321029343,3822,3395
RAW,321029371,3823,3394
RAW,321029399,3822,3395
RAW,321029427,3823,3395
RAW,321029455,3823,3394
RAW,321029483,3822,3394
RAW,321029511,3823,3395
RAW,321029539,3823,3395
RAW,321029567,3823,3395
RAW,321029596,3823,3393
RAW,321029624,3827,3393
RAW,321029652,3831,3394
RAW,321029680,3833,3394
RAW,321029708,3834,3395
RAW,321029736,3837,3395
RAW,321029764,3838,3394
RAW,321029792,3839,3395
RAW,321029820,3843,3393
RAW,321029847,3845,3395
RAW,321029875,3847,3394
RAW,321029903,3850,3394
RAW,321029931,3853,3394
RAW,321029959,3855,3395
RAW,321029987,3859,3396
RAW,321030015,3861,3395
RAW,321030043,3864,3393
RAW,321030071,3867,3394
RAW,321030099,3869,3393
RAW,321030127,3871,3393
RAW,321030155,3875,3395
RAW,321030183,3875,3394
RAW,321030211,3875,3394
RAW,321030239,3878,3395
RAW,321030267,3880,3393
RAW,321030295,3883,3394
RAW,321030323,3887,3394
RAW,321030351,3887,3394
RAW,321030379,3891,3395
RAW,321030407,3891,3395
RAW,321030435,3897,3394
RAW,321030463,3898,3394
RAW,321030491,3899,3394
RAW,321030519,3906,3394
RAW,321030547,3909,3394
RAW,321030575,3910,3393
RAW,321030604,3913,3394
RAW,321030632,3915,3394
RAW,321030660,3919,3395
RAW,321030688,3919,3393
RAW,321030716,3925,3395
RAW,321030744,3926,3395
RAW,321030772,3927,3394
RAW,321030800,3930,3394
RAW,321030828,3930,3395
RAW,321030856,3935,3394
RAW,321030884,3934,3395
RAW,321030912,3935,3394
RAW,321030940,3938,3394
RAW,321030968,3939,3394
RAW,321030995,3941,3393
RAW,321031023,3943,3395
RAW,321031051,3945,3395
RAW,321031079,3949,3395
RAW,321031107,3949,3395
RAW,321031135,3951,3394
RAW,321031163,3950,3395
RAW,321031191,3951,3394
RAW,321031219,3951,3393
RAW,321031247,3951,3394
RAW,321031275,3957,3391
RAW,321031303,3957,3393
RAW,321031331,3955,3394
RAW,321031359,3958,3395
RAW,321031387,3958,3395
RAW,321031415,3955,3395
RAW,321031443,3959,3394
RAW,321031471,3959,3395
RAW,321031499,3957,3393
RAW,321031527,3958,3394
RAW,321031555,3959,3395
RAW,321031583,3958,3395
RAW,321031611,3955,3395
RAW,321031639,3957,3394
RAW,321031667,3957,3395
RAW,321031695,3951,3394
RAW,321031723,3951,3394
RAW,321031751,3951,3394
RAW,321031779,3951,3395
RAW,321031807,3951,3395
RAW,321031835,3950,3395
RAW,321031863,3950,3395
RAW,321031890,3949,3394
RAW,321031918,3946,3396
RAW,321031946,3943,3394
RAW,321031974,3943,3395
RAW,321032002,3940,3394
RAW,321032030,3938,3395
RAW,321032058,3935,3394
RAW,321032086,3935,3394
RAW,321032114,3933,3394
RAW,321032142,3929,3394
RAW,321032170,3926,3394
RAW,321032198,3925,3394
RAW,321032226,3922,3395
RAW,321032254,3919,3395
RAW,321032282,3915,3394
RAW,321032310,3914,3394
RAW,321032338,3907,3394
RAW,321032366,3908,3396
RAW,321032394,3906,3394
RAW,321032422,3899,3394
RAW,321032450,3899,3395
RAW,321032478,3895,3394
RAW,321032506,3893,3396
RAW,321032534,3889,3394
RAW,321032562,3886,3393
RAW,321032590,3881,3395
RAW,321032618,3879,3394
RAW,321032646,3875,3395
RAW,321032674,3871,3393
RAW,321032702,3871,3395
RAW,321032730,3866,3395
RAW,321032757,3863,3394
RAW,321032785,3859,3395
RAW,321032813,3855,3394
RAW,321032841,3855,3394
RAW,321032869,3851,3395
RAW,321032897,3847,3394
RAW,321032925,3846,3395
RAW,321032953,3842,3393
RAW,321032981,3839,3394
RAW,321033009,3837,3395
RAW,321033037,3834,3394
RAW,321033065,3832,3395
RAW,321033093,3830,3393
RAW,321033121,3823,3395
RAW,321033149,3825,3394
RAW,321033177,3822,3394
RAW,321033205,3819,3395
RAW,321033233,3818,3395
RAW,321033261,3815,3395
RAW,321033289,3813,3395
RAW,321033317,3807,3393
RAW,321033345,3807,3395
RAW,321033373,3803,3395
RAW,321033401,3802,3395
RAW,321033429,3799,3394
RAW,321033457,3797,3394
RAW,321033485,3794,3395
RAW,321033513,3791,3395
RAW,321033541,3790,3395
RAW,321033569,3787,3395
RAW,321033598,3786,3394
RAW,321033626,3782,3393
RAW,321033654,3781,3395
RAW,321033682,3779,3395
RAW,321033710,3771,3395
RAW,321033738,3774,3394
RAW,321033766,3772,3393
RAW,321033794,3770,3394
RAW,321033822,3766,3394
RAW,321033850,3766,3395
RAW,321033878,3763,3395
RAW,321033906,3759,3394
RAW,321033933,3759,3395
RAW,321033961,3755,3393
RAW,321033989,3755,3397
RAW,321034017,3753,3394
RAW,321034045,3751,3394
RAW,321034073,3749,3393
RAW,321034101,3746,3395
RAW,321034129,3746,3395
RAW,321034157,3743,3394
RAW,321034185,3741,3395
RAW,321034213,3739,3394
RAW,321034241,3739,3394
RAW,321034269,3735,3395
RAW,321034297,3734,3394
RAW,321034325,3733,3394
RAW,321034356,3731,3394
RAW,321034384,3727,3394
RAW,321034412,3727,3395
RAW,321034440,3726,3394
RAW,321034468,3723,3394
RAW,321034496,3723,3395
RAW,321034524,3722,3397
RAW,321034552,3719,3394
RAW,321034580,3718,3395
RAW,321034609,3715,3394
RAW,321034637,3714,3394
RAW,321034665,3712,3395
RAW,321034693,3711,3396
RAW,321034721,3709,3394
RAW,321034749,3709,3394
RAW,321034777,3706,3393
RAW,321034805,3703,3394
RAW,321034833,3704,3394
RAW,321034861,3703,3394
RAW,321034889,3701,3395
RAW,321034917,3699,3395
RAW,321034945,3695,3394
RAW,321034973,3695,3394
RAW,321035001,3694,3394
RAW,321035029,3693,3394
RAW,321035057,3691,3393
RAW,321035085,3691,3395
RAW,321035113,3691,3394
RAW,321035141,3689,3394
RAW,321035169,3690,3394
RAW,321035196,3689,3395
RAW,321035224,3687,3395
RAW,321035252,3687,3393
RAW,321035280,3686,3393
RAW,321035308,3683,3395
RAW,321035336,3685,3394
RAW,321035364,3683,3394
RAW,321035392,3683,3395
RAW,321035420,3685,3391
RAW,321035448,3682,3395
RAW,321035476,3683,3393
RAW,321035504,3683,3394
RAW,321035532,3683,3393
RAW,321035560,3679,3393
RAW,321035588,3684,3395
RAW,321035616,3679,3395
RAW,321035644,3679,3395
RAW,321035672,3683,3395
RAW,321035700,3683,3394
RAW,321035728,3682,3395
RAW,321035756,3679,3394
RAW,321035784,3679,3394
RAW,321035812,3682,3393
RAW,321035840,3683,3395
RAW,321035868,3683,3395
RAW,321035896,3683,3395
RAW,321035924,3683,3395
RAW,321035952,3683,3395
RAW,321035980,3685,3395
RAW,321036008,3683,3395
RAW,321036036,3686,3395
RAW,321036064,3687,3395
RAW,321036092,3687,3395
RAW,321036120,3687,3395
RAW,321036148,3687,3395
RAW,321036176,3690,3393
RAW,321036204,3690,3394
RAW,321036232,3691,3397
RAW,321036260,3691,3395
RAW,321036288,3691,3395
RAW,321036316,3694,3394
RAW,321036344,3695,3395
RAW,321036372,3695,3395
RAW,321036400,3695,3395
RAW,321036428,3698,3395
RAW,321036456,3698,3395
RAW,321036484,3699,3395
RAW,321036512,3703,3397
RAW,321036540,3702,3397
RAW,321036568,3703,3397
RAW,321036597,3704,3397
RAW,321036625,3706,3395
RAW,321036653,3707,3395
RAW,321036681,3707,3397
RAW,321036709,3709,3398
RAW,321036737,3709,3398
RAW,321036765,3709,3398
RAW,321036793,3707,3395
RAW,321036821,3709,3397
RAW,321036849,3709,3398
RAW,321036877,3710,3399
RAW,321036905,3711,3398
RAW,321036933,3710,3398
RAW,321036961,3711,3397
RAW,321036989,3710,3395
RAW,321037017,3711,3398
RAW,321037045,3709,3399
RAW,321037073,3710,3398
RAW,321037101,3711,3399
RAW,321037129,3711,3401
RAW,321037157,3710,3398
RAW,321037185,3711,3399
RAW,321037213,3712,3399
RAW,321037241,3711,3399
RAW,321037269,3711,3400
RAW,321037297,3711,3399
RAW,321037325,3711,3399
RAW,321037353,3712,3401
RAW,321037381,3711,3402
RAW,321037409,3711,3401
RAW,321037437,3711,3402
RAW,321037464,3711,3403
RAW,321037492,3711,3403
RAW,321037520,3711,3402
RAW,321037548,3710,3405
RAW,321037576,3707,3407
RAW,321037606,3710,3406
RAW,321037634,3710,3407
RAW,321037662,3709,3407
RAW,321037690,3707,3411
RAW,321037718,3707,3413
RAW,321037746,3707,3413
RAW,321037774,3709,3415
RAW,321037802,3707,3416
RAW,321037830,3707,3418
RAW,321037858,3707,3421
RAW,321037886,3706,3423
RAW,321037913,3707,3423
RAW,321037941,3707,3426
RAW,321037969,3706,3427
RAW,321037997,3705,3431
RAW,321038025,3705,3434
RAW,321038053,3705,3434
RAW,321038081,3706,3439
RAW,321038109,3706,3439
RAW,321038137,3706,3443
RAW,321038165,3703,3446
RAW,321038193,3703,3448
RAW,321038221,3705,3450
RAW,321038249,3705,3455
RAW,321038277,3704,3457
RAW,321038305,3703,3459
RAW,321038333,3706,3461
RAW,321038361,3703,3465
RAW,321038389,3706,3467
RAW,321038417,3703,3471
RAW,321038445,3703,3476
RAW,321038473,3704,3477
RAW,321038501,3704,3483
RAW,321038529,3703,3485
RAW,321038557,3703,3489
RAW,321038585,3703,3493
RAW,321038627,3703,3499
RAW,321038655,3703,3502
RAW,321038683,3703,3507
RAW,321038711,3703,3511
RAW,321038739,3703,3515
RAW,321038767,3703,3521
RAW,321038795,3703,3527
RAW,321038823,3703,3531
RAW,321038851,3704,3534
RAW,321038879,3706,3539
RAW,321038907,3703,3543
RAW,321038935,3706,3549
RAW,321038963,3704,3551
RAW,321038991,3703,3559
RAW,321039019,3703,3563
RAW,321039047,3703,3567
RAW,321039075,3703,3575
RAW,321039103,3702,3579
RAW,321039131,3706,3583
RAW,321039159,3703,3589
RAW,321039187,3704,3595
RAW,321039215,3702,3601
RAW,321039243,3703,3607
RAW,321039271,3703,3611
RAW,321039299,3703,3618
RAW,321039327,3703,3623
RAW,321039355,3703,3630
RAW,321039383,3703,3631
RAW,321039411,3702,3639
RAW,321039439,3704,3643
RAW,321039467,3705,3649
RAW,321039495,3702,3655
RAW,321039523,3703,3661
RAW,321039551,3703,3663
RAW,321039579,3703,3670
RAW,321039608,3706,3677
RAW,321039636,3703,3679
RAW,321039664,3703,3686
RAW,321039692,3703,3693
RAW,321039720,3704,3695
RAW,321039748,3703,3701
RAW,321039776,3703,3707
RAW,321039804,3703,3711
RAW,321039832,3704,3715
RAW,321039860,3703,3722
RAW,321039888,3704,3726
RAW,321039916,3702,3727
RAW,321039944,3703,3736
RAW,321039972,3703,3739
RAW,321040000,3703,3743
RAW,321040028,3702,3747
RAW,321040056,3703,3751
RAW,321040084,3703,3755
RAW,321040112,3703,3758
RAW,321040140,3703,3759
RAW,321040168,3703,3765
RAW,321040196,3703,3767
RAW,321040224,3703,3770
RAW,321040252,3702,3773
RAW,321040280,3702,3776
RAW,321040308,3703,3777
RAW,321040336,3704,3779
RAW,321040364,3703,3779
RAW,321040392,3703,3779
RAW,321040420,3703,3781
RAW,321040448,3703,3784
RAW,321040476,3702,3784
RAW,321040504,3703,3787
RAW,321040532,3703,3789
RAW,321040560,3703,3789
RAW,321040588,3703,3789
RAW,321040616,3703,3787
RAW,321040644,3702,3791
RAW,321040672,3703,3790
RAW,321040700,3703,3791
RAW,321040728,3703,3791
RAW,321040756,3701,3791
RAW,321040784,3701,3791
RAW,321040812,3703,3795
RAW,321040840,3703,3797
RAW,321040868,3703,3797
RAW,321040896,3704,3797
RAW,321040924,3702,3799
RAW,321040952,3703,3799
RAW,321040980,3703,3799
RAW,321041008,3702,3802
RAW,321041036,3703,3801
RAW,321041064,3702,3803
RAW,321041092,3704,3803
RAW,321041120,3705,3803
RAW,321041148,3703,3805
RAW,321041176,3703,3805
RAW,321041204,3703,3803
RAW,321041232,3704,3803
RAW,321041260,3705,3805
RAW,321041288,3704,3805
RAW,321041316,3702,3802
RAW,321041344,3704,3803
RAW,321041372,3703,3802
RAW,321041400,3704,3799
RAW,321041428,3703,3799
RAW,321041456,3703,3797
RAW,321041484,3703,3797
RAW,321041512,3704,3793
RAW,321041540,3702,3791
RAW,321041568,3704,3790
RAW,321041598,3704,3787
RAW,321041626,3705,3785
RAW,321041654,3703,3782
RAW,321041682,3704,3782
RAW,321041710,3703,3778
RAW,321041738,3702,3773
RAW,321041766,3702,3770
RAW,321041794,3703,3766
RAW,321041822,3703,3763
RAW,321041850,3703,3759
RAW,321041878,3703,3755
RAW,321041906,3704,3750
RAW,321041934,3703,3747
RAW,321041962,3702,3743
RAW,321041990,3703,3738
RAW,321042018,3704,3735
RAW,321042046,3703,3727
RAW,321042074,3704,3723
RAW,321042102,3703,3720
RAW,321042130,3703,3715
RAW,321042158,3703,3711
RAW,321042186,3703,3707
RAW,321042214,3706,3703
RAW,321042242,3703,3699
RAW,321042270,3704,3695
RAW,321042298,3703,3691
RAW,321042326,3704,3687
RAW,321042354,3703,3686
RAW,321042382,3703,3682
RAW,321042410,3703,3678
RAW,321042438,3703,3677
RAW,321042466,3703,3675
RAW,321042494,3702,3675
RAW,321042522,3704,3673
RAW,321042550,3704,3673
RAW,321042578,3703,3673
RAW,321042607,3703,3675
RAW,321042635,3699,3673
RAW,321042663,3703,3675
RAW,321042691,3703,3677
RAW,321042719,3703,3675
RAW,321042747,3703,3678
RAW,321042775,3702,3679
RAW,321042803,3703,3679
RAW,321042831,3703,3682
RAW,321042859,3703,3682
RAW,321042887,3703,3683
RAW,321042915,3703,3683
RAW,321042943,3703,3687
RAW,321042971,3703,3688
RAW,321042999,3703,3690
RAW,321043027,3703,3690
RAW,321043055,3703,3693
RAW,321043083,3703,3695
RAW,321043111,3703,3695
RAW,321043139,3703,3695
RAW,321043167,3701,3701
RAW,321043195,3703,3703
RAW,321043223,3703,3703
RAW,321043251,3703,3706
RAW,321043279,3703,3709
RAW,321043307,3703,3709
RAW,321043335,3703,3711
RAW,321043363,3702,3713
RAW,321043391,3704,3713
RAW,321043419,3703,3713
RAW,321043447,3703,3715
RAW,321043475,3703,3718
RAW,321043503,3705,3718
RAW,321043531,3702,3719
RAW,321043559,3703,3719
RAW,321043587,3703,3721
RAW,321043616,3703,3719
RAW,321043644,3703,3720
RAW,321043672,3704,3722
RAW,321043700,3703,3721
RAW,321043728,3703,3721
RAW,321043756,3703,3719
RAW,321043784,3703,3721
RAW,321043812,3703,3718
RAW,321043840,3703,3719
RAW,321043868,3703,3716
RAW,321043896,3703,3715
RAW,321043924,3703,3713
RAW,321043952,3702,3710
RAW,321043980,3703,3708
RAW,321044008,3703,3705
RAW,321044036,3705,3702
RAW,321044064,3703,3699
RAW,321044092,3703,3695
RAW,321044120,3703,3693
RAW,321044148,3702,3691
RAW,321044176,3704,3686
RAW,321044204,3703,3681
RAW,321044232,3703,3678
RAW,321044260,3704,3675
RAW,321044288,3703,3671
RAW,321044316,3703,3667
RAW,321044344,3703,3663
RAW,321044372,3702,3661
RAW,321044400,3703,3658
RAW,321044428,3703,3655
RAW,321044456,3703,3650
RAW,321044484,3703,3645
RAW,321044512,3703,3641
RAW,321044540,3703,3638
RAW,321044568,3703,3634
RAW,321044597,3703,3629
RAW,321044625,3703,3626
RAW,321044653,3703,3622
RAW,321044681,3704,3618
RAW,321044709,3706,3613
RAW,321044737,3703,3607
RAW,321044765,3703,3605
RAW,321044793,3703,3599
RAW,321044821,3702,3594
RAW,321044849,3701,3589
RAW,321044877,3702,3583
RAW,321044905,3703,3581
RAW,321044933,3705,3575
RAW,321044961,3703,3567
RAW,321044989,3703,3567
RAW,321045017,3705,3560
RAW,321045045,3704,3555
RAW,321045073,3703,3550
RAW,321045101,3703,3546
RAW,321045129,3704,3539
RAW,321045157,3704,3534
RAW,321045185,3703,3531
RAW,321045213,3702,3526
RAW,321045241,3702,3521
RAW,321045269,3704,3515
RAW,321045297,3705,3511
RAW,321045325,3703,3506
RAW,321045353,3703,3503
RAW,321045381,3704,3498
RAW,321045409,3704,3494
RAW,321045437,3703,3492
RAW,321045465,3703,3486
RAW,321045493,3703,3483
RAW,321045521,3702,3478
RAW,321045549,3704,3475
RAW,321045577,3704,3471
RAW,321045607,3704,3466
RAW,321045635,3703,3465
RAW,321045663,3703,3462
RAW,321045691,3705,3459
RAW,321045719,3703,3455
RAW,321045747,3702,3453
RAW,321045775,3703,3451
RAW,321045803,3703,3447
RAW,321045831,3703,3443
RAW,321045859,3703,3442
RAW,321045887,3705,3439
RAW,321045915,3703,3437
RAW,321045943,3703,3434
RAW,321045971,3704,3433
RAW,321045999,3706,3427
RAW,321046027,3703,3429
RAW,321046055,3703,3427
RAW,321046083,3706,3423
DROP_RAW_END,39
EVT,329481,DROP dt=10 tau=5 V=186.0
DROP,329480,40,10021,5745,7584,95,65,1860,2,6601,3805,3495
DROP_RAW_BEGIN,329480,40,883,329256908,329281514,329263942
RAW,329256908,3703,3395
RAW,329256936,3706,3395
RAW,329256963,3703,3394
RAW,329256991,3703,3395
RAW,329257018,3706,3395
RAW,329257046,3702,3395
RAW,329257073,3703,3395
RAW,329257101,3703,3395
RAW,329257128,3703,3397
RAW,329257156,3704,3395
RAW,329257183,3703,3394
RAW,329257210,3702,3395
RAW,329257238,3706,3395
RAW,329257265,3703,3394
RAW,329257293,3703,3395
RAW,329257320,3705,3395
RAW,329257348,3703,3397
RAW,329257375,3703,3395
RAW,329257403,3704,3395
RAW,329257430,3703,3395
RAW,329257458,3703,3395
RAW,329257485,3703,3395
RAW,329257512,3704,3394
RAW,329257540,3703,3394
RAW,329257567,3703,3394
RAW,329257596,3704,3395
RAW,329257624,3704,3394
RAW,329257651,3703,3395
RAW,329257678,3703,3395
RAW,329257706,3703,3396
RAW,329257733,3703,3396
RAW,329257761,3703,3395
RAW,329257788,3703,3395
RAW,329257816,3702,3396
RAW,329257843,3702,3394
RAW,329257871,3703,3395
RAW,329257898,3703,3395
RAW,329257926,3703,3395
RAW,329257953,3703,3395
RAW,329257980,3703,3395
RAW,329258008,3704,3394
RAW,329258035,3703,3394
RAW,329258063,3703,3394
RAW,329258090,3702,3395
RAW,329258118,3703,3396
RAW,329258145,3699,3395
RAW,329258173,3702,3395
RAW,329258200,3703,3395
RAW,329258228,3703,3394
RAW,329258255,3702,3395
RAW,329258282,3704,3395
RAW,329258310,3703,3394
RAW,329258337,3703,3393
RAW,329258365,3703,3395
RAW,329258392,3702,3394
RAW,329258420,3703,3395
RAW,329258447,3703,3397
RAW,329258475,3703,3395
RAW,329258502,3701,3394
RAW,329258530,3703,3394
RAW,329258557,3702,3397
RAW,329258584,3703,3395
RAW,329258612,3703,3395
RAW,329258639,3703,3395
RAW,329258667,3703,3395
RAW,329258694,3701,3395
RAW,329258722,3703,3394
RAW,329258749,3702,3395
RAW,329258777,3702,3397
RAW,329258804,3702,3395
RAW,329258832,3703,3394
RAW,329258859,3703,3395
RAW,329258886,3703,3395
RAW,329258914,3703,3393
RAW,329258941,3703,3395
RAW,329258969,3703,3393
RAW,329258996,3702,3395
RAW,329259024,3702,3395
RAW,329259051,3702,3394
RAW,329259079,3702,3395
RAW,329259106,3701,3394
RAW,329259133,3702,3395
RAW,329259161,3702,3393
RAW,329259188,3703,3395
RAW,329259216,3702,3395
RAW,329259243,3703,3395
RAW,329259271,3703,3395
RAW,329259298,3703,3394
RAW,329259326,3701,3395
RAW,329259353,3702,3395
RAW,329259381,3702,3395
RAW,329259408,3703,3395
RAW,329259435,3702,3395
RAW,329259463,3699,3396
RAW,329259490,3701,3394
RAW,329259518,3703,3394
RAW,329259545,3702,3395
RAW,329259573,3702,3395
RAW,329259601,3702,3396
RAW,329259629,3701,3395
RAW,329259656,3702,3396
RAW,329259684,3701,3394
RAW,329259711,3699,3395
RAW,329259739,3703,3394
RAW,329259766,3702,3393
RAW,329259794,3701,3394
RAW,329259821,3699,3395
RAW,329259849,3703,3395
RAW,329259876,3701,3395
RAW,329259903,3701,3394
RAW,329259931,3701,3395
RAW,329259958,3701,3395
RAW,329259986,3703,3394
RAW,329260013,3702,3395
RAW,329260041,3700,3397
RAW,329260068,3699,3395
RAW,329260096,3699,3395
RAW,329260123,3702,3397
RAW,329260151,3702,3396
RAW,329260178,3699,3395
RAW,329260205,3701,3395
RAW,329260233,3701,3396
RAW,329260260,3702,3395
RAW,329260288,3701,3396
RAW,329260315,3702,3395
RAW,329260343,3701,3394
RAW,329260370,3701,3396
RAW,329260398,3701,3395
RAW,329260425,3702,3395
RAW,329260453,3701,3397
RAW,329260480,3701,3395
RAW,329260507,3701,3393
RAW,329260535,3701,3394
RAW,329260562,3699,3395
RAW,329260590,3699,3395
RAW,329260617,3701,3395
RAW,329260645,3702,3395
RAW,329260673,3699,3397
RAW,329260700,3699,3395
RAW,329260727,3699,3395
RAW,329260755,3701,3395
RAW,329260782,3699,3394
RAW,329260810,3698,3395
RAW,329260837,3695,3397
RAW,329260865,3698,3394
RAW,329260892,3695,3395
RAW,329260920,3695,3395
RAW,329260947,3695,3397
RAW,329260975,3697,3395
RAW,329261002,3695,3395
RAW,329261029,3695,3395
RAW,329261057,3695,3395
RAW,329261084,3694,3395
RAW,329261112,3694,3393
RAW,329261139,3694,3395
RAW,329261167,3693,3395
RAW,329261194,3693,3397
RAW,329261222,3693,3396
RAW,329261249,3691,3394
RAW,329261277,3690,3394
RAW,329261304,3690,3393
RAW,329261331,3690,3396
RAW,329261359,3689,3394
RAW,329261386,3687,3395
RAW,329261414,3687,3394
RAW,329261441,3687,3395
RAW,329261469,3688,3396
RAW,329261496,3686,3395
RAW,329261524,3682,3395
RAW,329261551,3685,3395
RAW,329261578,3684,3396
RAW,329261607,3683,3395
RAW,329261635,3682,3395
RAW,329261662,3682,3397
RAW,329261690,3679,3395
RAW,329261717,3679,3394
RAW,329261745,3677,3395
RAW,329261772,3677,3395
RAW,329261799,3679,3395
RAW,329261827,3678,3395
RAW,329261854,3679,3395
RAW,329261882,3679,3395
RAW,329261909,3678,3394
RAW,329261937,3679,3394
RAW,329261964,3682,3395
RAW,329261992,3682,3395
RAW,329262019,3683,3394
RAW,329262047,3683,3395
RAW,329262074,3685,3394
RAW,329262101,3686,3395
RAW,329262129,3687,3395
RAW,329262156,3687,3396
RAW,329262184,3689,3395
RAW,329262211,3690,3396
RAW,329262239,3693,3395
RAW,329262266,3693,3394
RAW,329262294,3693,3395
RAW,329262321,3695,3395
RAW,329262348,3695,3395
RAW,329262376,3697,3395
RAW,329262403,3701,3394
RAW,329262431,3702,3395
RAW,329262458,3704,3396
RAW,329262486,3703,3395
RAW,329262513,3703,3394
RAW,329262541,3706,3395
RAW,329262568,3710,3394
RAW,329262597,3714,3395
RAW,329262624,3714,3395
RAW,329262652,3715,3395
RAW,329262679,3718,3393
RAW,329262707,3719,3394
RAW,329262734,3721,3395
RAW,329262762,3724,3396
RAW,329262789,3725,3395
RAW,329262816,3723,3395
RAW,329262844,3727,3394
RAW,329262871,3731,3395
RAW,329262899,3731,3396
RAW,329262926,3731,3394
RAW,329262954,3737,3394
RAW,329262981,3738,3393
RAW,329263009,3739,3395
RAW,329263036,3743,3394
RAW,329263064,3743,3395
RAW,329263091,3746,3396
RAW,329263118,3750,3395
RAW,329263146,3751,3395
RAW,329263173,3754,3395
RAW,329263201,3755,3395
RAW,329263228,3757,3394
RAW,329263256,3758,3394
RAW,329263283,3759,3395
RAW,329263311,3762,3395
RAW,329263338,3767,3396
RAW,329263366,3767,3393
RAW,329263393,3770,3396
RAW,329263420,3771,3394
RAW,329263448,3775,3396
RAW,329263475,3777,3395
RAW,329263503,3778,3394
RAW,329263530,3781,3394
RAW,329263558,3783,3395
RAW,329263585,3786,3395
RAW,329263613,3785,3395
RAW,329263640,3789,3394
RAW,329263668,3790,3395
RAW,329263695,3791,3395
RAW,329263722,3791,3395
RAW,329263750,3795,3395
RAW,329263777,3797,3395
RAW,329263805,3799,3395
RAW,329263832,3799,3395
RAW,329263860,3801,3394
RAW,329263887,3802,3395
RAW,329263915,3803,3393
RAW,329263942,3805,3395
RAW,329263984,3807,3395
RAW,329264012,3807,3395
RAW,329264040,3810,3396
RAW,329264068,3810,3395
RAW,329264096,3810,3394
RAW,329264124,3811,3396
RAW,329264152,3811,3395
RAW,329264180,3815,3395
RAW,329264208,3816,3395
RAW,329264236,3816,3395
RAW,329264264,3815,3395
RAW,329264292,3816,3395
RAW,329264320,3818,3395
RAW,329264348,3818,3397
RAW,329264376,3818,3395
RAW,329264403,3819,3394
RAW,329264431,3819,3394
RAW,329264459,3819,3394
RAW,329264487,3823,3395
RAW,329264515,3821,3394
RAW,329264543,3819,3394
RAW,329264571,3821,3395
RAW,329264601,3821,3395
RAW,329264629,3819,3395
RAW,329264656,3821,3395
RAW,329264684,3819,3395
RAW,329264712,3819,3395
RAW,329264740,3821,3394
RAW,329264768,3819,3395
RAW,329264796,3821,3395
RAW,329264824,3822,3395
RAW,329264852,3821,3394
RAW,329264880,3819,3395
RAW,329264908,3823,3396
RAW,329264936,3823,3394
RAW,329264964,3825,3395
RAW,329264992,3823,3395
RAW,329265020,3827,3395
RAW,329265048,3831,3395
RAW,329265076,3831,3394
RAW,329265104,3834,3394
RAW,329265132,3835,3395
RAW,329265160,3839,3395
RAW,329265188,3839,3395
RAW,329265216,3839,3395
RAW,329265244,3845,3395
RAW,329265272,3847,3395
RAW,329265300,3851,3394
RAW,329265328,3855,3395
RAW,329265356,3857,3395
RAW,329265384,3858,3394
RAW,329265412,3863,3394
RAW,329265440,3866,3395
RAW,329265468,3868,3393
RAW,329265496,3870,3394
RAW,329265524,3871,3394
RAW,329265551,3875,3395
RAW,329265579,3875,3394
RAW,329265609,3879,3396
RAW,329265637,3879,3394
RAW,329265665,3883,3394
RAW,329265693,3885,3395
RAW,329265721,3887,3394
RAW,329265749,3887,3395
RAW,329265777,3891,3397
RAW,329265804,3895,3395
RAW,329265832,3895,3395
RAW,329265860,3899,3394
RAW,329265888,3899,3395
RAW,329265916,3906,3395
RAW,329265944,3910,3394
RAW,329265972,3913,3394
RAW,329266000,3914,3395
RAW,329266028,3917,3394
RAW,329266056,3919,3394
RAW,329266084,3923,3394
RAW,329266112,3925,3394
RAW,329266140,3923,3394
RAW,329266168,3929,3395
RAW,329266196,3930,3395
RAW,329266224,3931,3395
RAW,329266252,3931,3395
RAW,329266280,3935,3394
RAW,329266308,3939,3395
RAW,329266336,3939,3395
RAW,329266364,3942,3395
RAW,329266392,3943,3394
RAW,329266420,3944,3395
RAW,329266448,3946,3394
RAW,329266476,3947,3395
RAW,329266504,3949,3395
RAW,329266532,3947,3396
RAW,329266560,3951,3396
RAW,329266588,3951,3395
RAW,329266616,3951,3394
RAW,329266644,3951,3395
RAW,329266672,3955,3394
RAW,329266700,3957,3393
RAW,329266728,3958,3393
RAW,329266756,3959,3395
RAW,329266784,3957,3394
RAW,329266812,3959,3393
RAW,329266840,3959,3395
RAW,329266868,3957,3395
RAW,329266896,3957,3395
RAW,329266924,3959,3395
RAW,329266952,3959,3395
RAW,329266980,3958,3394
RAW,329267008,3957,3395
RAW,329267036,3957,3395
RAW,329267064,3958,3395
RAW,329267092,3955,3393
RAW,329267120,3955,3394
RAW,329267148,3955,3394
RAW,329267176,3953,3397
RAW,329267203,3951,3394
RAW,329267231,3951,3395
RAW,329267259,3950,3393
RAW,329267287,3949,3395
RAW,329267315,3946,3394
RAW,329267343,3946,3393
RAW,329267371,3942,3395
RAW,329267399,3941,3393
RAW,329267427,3939,3393
RAW,329267455,3935,3394
RAW,329267483,3935,3395
RAW,329267511,3931,3396
RAW,329267539,3930,3395
RAW,329267567,3927,3394
RAW,329267596,3923,3394
RAW,329267624,3919,3395
RAW,329267652,3919,3395
RAW,329267680,3915,3395
RAW,329267708,3915,3395
RAW,329267736,3911,3395
RAW,329267764,3906,3395
RAW,329267792,3905,3395
RAW,329267820,3899,3395
RAW,329267848,3901,3395
RAW,329267876,3895,3394
RAW,329267904,3891,3394
RAW,329267932,3887,3395
RAW,329267960,3885,3395
RAW,329267988,3883,3393
RAW,329268016,3881,3395
RAW,329268044,3875,3394
RAW,329268072,3875,3395
RAW,329268100,3870,3395
RAW,329268128,3867,3395
RAW,329268156,3866,3394
RAW,329268184,3859,3395
RAW,329268212,3858,3395
RAW,329268240,3855,3395
RAW,329268268,3851,3395
RAW,329268296,3849,3395
RAW,329268324,3845,3393
RAW,329268351,3845,3394
RAW,329268379,3839,3395
RAW,329268407,3837,3395
RAW,329268435,3836,3395
RAW,329268463,3831,3395
RAW,329268491,3830,3395
RAW,329268519,3823,3394
RAW,329268547,3823,3395
RAW,329268575,3822,3394
RAW,329268605,3819,3395
RAW,329268632,3818,3395
RAW,329268660,3814,3394
RAW,329268688,3812,3397
RAW,329268716,3810,3395
RAW,329268744,3806,3395
RAW,329268772,3803,3395
RAW,329268800,3802,3394
RAW,329268828,3799,3394
RAW,329268856,3795,3393
RAW,329268884,3791,3395
RAW,329268912,3791,3397
RAW,329268940,3789,3396
RAW,329268968,3787,3395
RAW,329268996,3785,3396
RAW,329269024,3782,3394
RAW,329269052,3782,3395
RAW,329269080,3779,3395
RAW,329269108,3777,3396
RAW,329269136,3771,3395
RAW,329269164,3770,3395
RAW,329269192,3768,3394
RAW,329269220,3767,3395
RAW,329269248,3765,3395
RAW,329269276,3759,3395
RAW,329269304,3759,3395
RAW,329269332,3758,3394
RAW,329269360,3756,3395
RAW,329269388,3755,3395
RAW,329269416,3751,3395
RAW,329269444,3750,3394
RAW,329269472,3747,3394
RAW,329269500,3746,3395
RAW,329269527,3743,3394
RAW,329269555,3742,3395
RAW,329269583,3739,3394
RAW,329269611,3738,3395
RAW,329269639,3736,3394
RAW,329269667,3735,3394
RAW,329269695,3731,3395
RAW,329269737,3731,3395
RAW,329269764,3727,3395
RAW,329269792,3726,3394
RAW,329269820,3723,3394
RAW,329269848,3723,3395
RAW,329269876,3721,3395
RAW,329269904,3722,3395
RAW,329269932,3719,3395
RAW,329269960,3715,3395
RAW,329269988,3714,3394
RAW,329270016,3713,3395
RAW,329270044,3711,3394
RAW,329270072,3710,3396
RAW,329270100,3707,3394
RAW,329270128,3706,3394
RAW,329270156,3703,3397
RAW,329270184,3703,3394
RAW,329270212,3699,3395
RAW,329270240,3699,3396
RAW,329270268,3699,3395
RAW,329270296,3697,3394
RAW,329270324,3695,3395
RAW,329270352,3694,3393
RAW,329270380,3691,3394
RAW,329270408,3691,3395
RAW,329270436,3691,3395
RAW,329270464,3689,3395
RAW,329270492,3688,3395
RAW,329270520,3687,3395
RAW,329270548,3687,3395
RAW,329270576,3687,3396
RAW,329270605,3686,3395
RAW,329270633,3686,3394
RAW,329270661,3683,3395
RAW,329270689,3682,3393
RAW,329270717,3683,3397
RAW,329270745,3682,3395
RAW,329270773,3683,3394
RAW,329270801,3683,3394
RAW,329270829,3682,3395
RAW,329270857,3679,3394
RAW,329270885,3682,3395
RAW,329270913,3679,3395
RAW,329270941,3682,3395
RAW,329270969,3679,3394
RAW,329270997,3679,3395
RAW,329271025,3679,3393
RAW,329271053,3679,3395
RAW,329271081,3679,3395
RAW,329271109,3679,3395
RAW,329271137,3679,3395
RAW,329271165,3679,3395
RAW,329271193,3679,3396
RAW,329271221,3682,3395
RAW,329271249,3682,3394
RAW,329271277,3680,3395
RAW,329271305,3681,3394
RAW,329271333,3682,3395
RAW,329271361,3683,3394
RAW,329271389,3685,3394
RAW,329271417,3685,3395
RAW,329271445,3686,3396
RAW,329271473,3687,3397
RAW,329271501,3685,3395
RAW,329271529,3686,3397
RAW,329271557,3687,3397
RAW,329271585,3688,3395
RAW,329271613,3689,3397
RAW,329271641,3691,3395
RAW,329271669,3691,3397
RAW,329271697,3693,3397
RAW,329271725,3693,3397
RAW,329271753,3694,3398
RAW,329271781,3695,3397
RAW,329271809,3699,3398
RAW,329271837,3699,3397
RAW,329271865,3701,3398
RAW,329271893,3703,3397
RAW,329271921,3702,3400
RAW,329271949,3703,3398
RAW,329271977,3706,3398
RAW,329272004,3707,3397
RAW,329272032,3707,3398
RAW,329272060,3707,3398
RAW,329272088,3709,3399
RAW,329272116,3709,3398
RAW,329272144,3711,3398
RAW,329272172,3710,3399
RAW,329272200,3711,3397
RAW,329272228,3710,3399
RAW,329272256,3711,3398
RAW,329272284,3711,3399
RAW,329272312,3710,3399
RAW,329272340,3711,3399
RAW,329272368,3710,3399
RAW,329272396,3711,3400
RAW,329272424,3711,3400
RAW,329272452,3712,3400
RAW,329272480,3710,3399
RAW,329272508,3712,3399
RAW,329272536,3711,3399
RAW,329272564,3710,3399
RAW,329272592,3711,3401
RAW,329272620,3714,3399
RAW,329272648,3712,3401
RAW,329272676,3712,3401
RAW,329272704,3712,3401
RAW,329272732,3711,3402
RAW,329272760,3711,3403
RAW,329272788,3712,3402
RAW,329272816,3711,3404
RAW,329272844,3711,3405
RAW,329272872,3710,3405
RAW,329272900,3710,3405
RAW,329272928,3710,3405
RAW,329272956,3709,3403
RAW,329272984,3710,3407
RAW,329273012,3709,3407
RAW,329273040,3707,3407
RAW,329273068,3707,3410
RAW,329273096,3707,3413
RAW,329273124,3709,3415
RAW,329273152,3707,3417
RAW,329273180,3707,3419
RAW,329273208,3707,3419
RAW,329273236,3707,3422
RAW,329273264,3707,3423
RAW,329273292,3705,3426
RAW,329273320,3706,3426
RAW,329273348,3705,3430
RAW,329273376,3706,3433
RAW,329273404,3705,3435
RAW,329273432,3703,3435
RAW,329273460,3703,3439
RAW,329273488,3703,3443
RAW,329273516,3705,3443
RAW,329273544,3706,3448
RAW,329273572,3704,3451
RAW,329273601,3705,3454
RAW,329273629,3705,3456
RAW,329273657,3705,3458
RAW,329273685,3706,3463
RAW,329273713,3703,3465
RAW,329273741,3704,3467
RAW,329273769,3705,3470
RAW,329273797,3705,3471
RAW,329273825,3703,3478
RAW,329273853,3703,3482
RAW,329273881,3705,3485
RAW,329273909,3705,3488
RAW,329273937,3703,3491
RAW,329273965,3703,3495
RAW,329274006,3703,3501
RAW,329274034,3705,3507
RAW,329274062,3703,3510
RAW,329274090,3703,3515
RAW,329274118,3703,3518
RAW,329274146,3704,3525
RAW,329274174,3705,3528
RAW,329274202,3706,3533
RAW,329274230,3703,3535
RAW,329274258,3703,3543
RAW,329274286,3703,3548
RAW,329274314,3703,3554
RAW,329274342,3702,3559
RAW,329274370,3705,3563
RAW,329274398,3703,3567
RAW,329274426,3703,3571
RAW,329274454,3703,3578
RAW,329274482,3703,3583
RAW,329274510,3703,3587
RAW,329274538,3702,3594
RAW,329274566,3703,3599
RAW,329274595,3703,3605
RAW,329274623,3702,3612
RAW,329274651,3704,3616
RAW,329274679,3706,3623
RAW,329274707,3703,3629
RAW,329274735,3703,3631
RAW,329274763,3703,3638
RAW,329274791,3702,3645
RAW,329274819,3703,3650
RAW,329274847,3703,3655
RAW,329274875,3704,3659
RAW,329274903,3702,3666
RAW,329274931,3703,3671
RAW,329274959,3703,3677
RAW,329274987,3703,3679
RAW,329275015,3702,3689
RAW,329275043,3704,3691
RAW,329275071,3703,3695
RAW,329275099,3702,3702
RAW,329275127,3704,3709
RAW,329275155,3704,3711
RAW,329275183,3703,3719
RAW,329275211,3704,3722
RAW,329275239,3703,3727
RAW,329275267,3704,3731
RAW,329275295,3702,3738
RAW,329275323,3703,3741
RAW,329275351,3705,3746
RAW,329275379,3703,3749
RAW,329275407,3703,3754
RAW,329275435,3702,3757
RAW,329275463,3704,3759
RAW,329275491,3702,3763
RAW,329275519,3703,3766
RAW,329275547,3703,3771
RAW,329275575,3703,3771
RAW,329275605,3703,3775
RAW,329275633,3703,3777
RAW,329275661,3703,3780
RAW,329275689,3703,3781
RAW,329275717,3702,3783
RAW,329275745,3703,3785
RAW,329275773,3703,3786
RAW,329275801,3703,3786
RAW,329275829,3703,3787
RAW,329275857,3703,3787
RAW,329275885,3703,3790
RAW,329275913,3704,3791
RAW,329275941,3704,3790
RAW,329275969,3703,3791
RAW,329275997,3703,3791
RAW,329276025,3703,3791
RAW,329276053,3703,3793
RAW,329276081,3703,3791
RAW,329276109,3703,3795
RAW,329276137,3702,3791
RAW,329276165,3703,3797
RAW,329276193,3703,3799
RAW,329276221,3703,3798
RAW,329276249,3704,3799
RAW,329276277,3703,3799
RAW,329276305,3703,3802
RAW,329276333,3702,3803
RAW,329276361,3702,3805
RAW,329276389,3703,3803
RAW,329276417,3702,3803
RAW,329276445,3703,3806
RAW,329276473,3704,3806
RAW,329276501,3704,3806
RAW,329276529,3703,3806
RAW,329276557,3703,3806
RAW,329276585,3704,3807
RAW,329276613,3703,3806
RAW,329276641,3703,3806
RAW,329276669,3703,3807
RAW,329276697,3703,3803
RAW,329276725,3702,3805
RAW,329276753,3702,3804
RAW,329276781,3703,3802
RAW,329276809,3703,3801
RAW,329276837,3703,3799
RAW,329276865,3703,3797
RAW,329276893,3703,3796
RAW,329276921,3703,3794
RAW,329276949,3703,3793
RAW,329276977,3704,3789
RAW,329277005,3703,3787
RAW,329277033,3703,3785
RAW,329277061,3703,3781
RAW,329277089,3703,3778
RAW,329277117,3704,3774
RAW,329277145,3702,3771
RAW,329277173,3703,3766
RAW,329277201,3703,3763
RAW,329277229,3703,3758
RAW,329277257,3703,3754
RAW,329277285,3704,3749
RAW,329277313,3703,3743
RAW,329277341,3704,3739
RAW,329277369,3704,3735
RAW,329277397,3704,3731
RAW,329277425,3703,3727
RAW,329277453,3703,3720
RAW,329277481,3704,3717
RAW,329277509,3704,3714
RAW,329277537,3703,3707
RAW,329277565,3704,3703
RAW,329277593,3705,3701
RAW,329277621,3704,3695
RAW,329277649,3703,3690
RAW,329277677,3704,3687
RAW,329277705,3703,3685
RAW,329277733,3703,3679
RAW,329277761,3703,3675
RAW,329277789,3704,3674
RAW,329277817,3703,3674
RAW,329277845,3703,3671
RAW,329277873,3703,3671
RAW,329277901,3704,3669
RAW,329277929,3703,3670
RAW,329277957,3703,3671
RAW,329277985,3703,3671
RAW,329278013,3703,3669
RAW,329278041,3703,3671
RAW,329278069,3703,3671
RAW,329278097,3706,3674
RAW,329278125,3703,3674
RAW,329278153,3703,3675
RAW,329278181,3704,3675
RAW,329278209,3703,3677
RAW,329278237,3704,3678
RAW,329278265,3704,3679
RAW,329278293,3704,3682
RAW,329278321,3703,3685
RAW,329278349,3703,3685
RAW,329278377,3703,3687
RAW,329278405,3703,3688
RAW,329278433,3703,3689
RAW,329278461,3705,3691
RAW,329278489,3703,3693
RAW,329278517,3704,3694
RAW,329278545,3703,3699
RAW,329278573,3703,3699
RAW,329278602,3703,3703
RAW,329278630,3705,3703
RAW,329278658,3703,3707
RAW,329278686,3703,3707
RAW,329278714,3703,3711
RAW,329278742,3703,3711
RAW,329278770,3703,3711
RAW,329278798,3706,3715
RAW,329278826,3703,3714
RAW,329278854,3703,3714
RAW,329278882,3706,3717
RAW,329278910,3703,3717
RAW,329278938,3703,3719
RAW,329278966,3703,3719
RAW,329278994,3703,3721
RAW,329279022,3703,3722
RAW,329279050,3706,3722
RAW,329279078,3703,3722
RAW,329279106,3703,3722
RAW,329279134,3702,3723
RAW,329279162,3703,3723
RAW,329279190,3703,3719
RAW,329279218,3703,3721
RAW,329279246,3703,3719
RAW,329279274,3703,3717
RAW,329279302,3703,3716
RAW,329279330,3703,3713
RAW,329279358,3704,3711
RAW,329279386,3703,3709
RAW,329279414,3704,3706
RAW,329279442,3704,3702
RAW,329279470,3703,3701
RAW,329279498,3703,3695
RAW,329279526,3703,3694
RAW,329279554,3703,3691
RAW,329279582,3703,3685
RAW,329279610,3703,3683
RAW,329279638,3704,3679
RAW,329279666,3703,3675
RAW,329279694,3706,3671
RAW,329279722,3703,3667
RAW,329279750,3703,3663
RAW,329279778,3703,3661
RAW,329279806,3703,3658
RAW,329279834,3707,3653
RAW,329279862,3705,3649
RAW,329279890,3705,3643
RAW,329279918,3703,3642
RAW,329279946,3703,3637
RAW,329279974,3703,3631
RAW,329280002,3704,3627
RAW,329280030,3705,3625
RAW,329280058,3703,3619
RAW,329280086,3704,3614
RAW,329280114,3706,3609
RAW,329280142,3703,3606
RAW,329280170,3705,3599
RAW,329280198,3703,3597
RAW,329280226,3703,3591
RAW,329280254,3703,3587
RAW,329280282,3703,3583
RAW,329280310,3705,3578
RAW,329280338,3703,3571
RAW,329280366,3703,3567
RAW,329280394,3703,3562
RAW,329280422,3704,3559
RAW,329280450,3703,3551
RAW,329280478,3703,3547
RAW,329280506,3703,3541
RAW,329280534,3703,3537
RAW,329280562,3703,3531
RAW,329280590,3705,3528
RAW,329280618,3703,3523
RAW,329280646,3703,3519
RAW,329280674,3703,3515
RAW,329280702,3703,3509
RAW,329280730,3704,3503
RAW,329280758,3704,3501
RAW,329280786,3703,3495
RAW,329280814,3702,3491
RAW,329280842,3703,3487
RAW,329280870,3703,3485
RAW,329280898,3703,3481
RAW,329280926,3706,3478
RAW,329280954,3704,3471
RAW,329280982,3704,3469
RAW,329281010,3703,3466
RAW,329281038,3703,3463
RAW,329281066,3706,3458
RAW,329281094,3703,3458
RAW,329281122,3703,3454
RAW,329281150,3702,3451
RAW,329281178,3706,3447
RAW,329281206,3703,3443
RAW,329281234,3705,3443
RAW,329281262,3703,3439
RAW,329281290,3703,3438
RAW,329281318,3703,3435
RAW,329281346,3703,3434
RAW,329281374,3703,3431
RAW,329281402,3703,3431
RAW,329281430,3705,3427
RAW,329281458,3703,3426
RAW,329281486,3706,3423
RAW,329281514,3704,3423
DROP_RAW_END,40
EVT,337744,DROP dt=10 tau=5 V=182.9
DROP,337744,41,10053,5728,7573,95,65,1829,2,6601,3806,3495
DROP_RAW_BEGIN,337744,41,883,337520281,337544887,337527314
RAW,337520281,3702,3395
RAW,337520309,3703,3394
RAW,337520336,3703,3397
RAW,337520364,3703,3394
RAW,337520391,3703,3394
RAW,337520419,3703,3394
RAW,337520446,3704,3393
RAW,337520473,3703,3394
RAW,337520501,3703,3395
RAW,337520528,3702,3394
RAW,337520556,3703,3395
RAW,337520583,3702,3395
RAW,337520611,3705,3395
RAW,337520638,3703,3394
RAW,337520666,3702,3395
RAW,337520693,3704,3396
RAW,337520720,3702,3396
RAW,337520748,3703,3394
RAW,337520775,3703,3394
RAW,337520803,3703,3395
RAW,337520830,3702,3395
RAW,337520858,3703,3395
RAW,337520885,3703,3394
RAW,337520913,3703,3395
RAW,337520940,3699,3394
RAW,337520968,3704,3394
RAW,337520995,3703,3395
RAW,337521022,3706,3393
RAW,337521050,3706,3395
RAW,337521077,3704,3395
RAW,337521105,3703,3393
RAW,337521132,3702,3395
RAW,337521160,3703,3395
RAW,337521187,3703,3395
RAW,337521215,3703,3393
RAW,337521242,3704,3395
RAW,337521270,3703,3394
RAW,337521297,3702,3395
RAW,337521324,3703,3396
RAW,337521352,3702,3395
RAW,337521379,3702,3394
RAW,337521407,3703,3396
RAW,337521434,3702,3395
RAW,337521462,3703,3395
RAW,337521489,3699,3395
RAW,337521517,3703,3394
RAW,337521544,3703,3395
RAW,337521572,3702,3393
RAW,337521600,3703,3394
RAW,337521628,3703,3395
RAW,337521655,3703,3396
RAW,337521683,3702,3395
RAW,337521710,3703,3397
RAW,337521737,3702,3395
RAW,337521765,3704,3394
RAW,337521792,3702,3395
RAW,337521820,3703,3395
RAW,337521847,3702,3395
RAW,337521875,3701,3395
RAW,337521902,3699,3395
RAW,337521930,3703,3394
RAW,337521957,3699,3395
RAW,337521985,3701,3395
RAW,337522012,3702,3394
RAW,337522039,3701,3395
RAW,337522067,3703,3395
RAW,337522094,3703,3395
RAW,337522122,3703,3396
RAW,337522149,3703,3395
RAW,337522177,3702,3395
RAW,337522204,3702,3395
RAW,337522232,3702,3395
RAW,337522259,3703,3395
RAW,337522287,3703,3395
RAW,337522314,3702,3394
RAW,337522341,3702,3395
RAW,337522369,3703,3394
RAW,337522396,3699,3394
RAW,337522424,3701,3395
RAW,337522451,3702,3395
RAW,337522479,3703,3395
RAW,337522506,3699,3395
RAW,337522534,3702,3395
RAW,337522561,3703,3394
RAW,337522589,3699,3395
RAW,337522616,3702,3395
RAW,337522643,3701,3395
RAW,337522671,3702,3395
RAW,337522698,3701,3395
RAW,337522726,3701,3395
RAW,337522753,3702,3395
RAW,337522781,3701,3395
RAW,337522808,3702,3394
RAW,337522836,3699,3395
RAW,337522863,3703,3395
RAW,337522891,3703,3395
RAW,337522918,3702,3395
RAW,337522945,3702,3395
RAW,337522973,3703,3393
RAW,337523000,3701,3395
RAW,337523028,3703,3395
RAW,337523055,3701,3395
RAW,337523083,3702,3395
RAW,337523110,3703,3395
RAW,337523138,3702,3396
RAW,337523165,3701,3394
RAW,337523192,3702,3395
RAW,337523220,3699,3395
RAW,337523247,3699,3393
RAW,337523275,3702,3395
RAW,337523302,3702,3394
RAW,337523330,3699,3394
RAW,337523357,3702,3395
RAW,337523385,3701,3397
RAW,337523412,3701,3395
RAW,337523440,3701,3395
RAW,337523467,3701,3395
RAW,337523494,3699,3395
RAW,337523522,3702,3394
RAW,337523549,3701,3394
RAW,337523577,3701,3395
RAW,337523606,3699,3395
RAW,337523633,3702,3395
RAW,337523660,3699,3394
RAW,337523688,3699,3395
RAW,337523715,3702,3394
RAW,337523743,3702,3395
RAW,337523770,3700,3395
RAW,337523798,3702,3394
RAW,337523825,3701,3395
RAW,337523853,3701,3394
RAW,337523880,3699,3395
RAW,337523908,3698,3394
RAW,337523935,3701,3394
RAW,337523962,3701,3396
RAW,337523990,3699,3397
RAW,337524017,3701,3395
RAW,337524045,3701,3395
RAW,337524072,3699,3394
RAW,337524100,3699,3395
RAW,337524127,3699,3395
RAW,337524155,3698,3395
RAW,337524182,3695,3395
RAW,337524210,3695,3394
RAW,337524237,3698,3394
RAW,337524264,3695,3393
RAW,337524292,3697,3394
RAW,337524319,3697,3394
RAW,337524347,3695,3394
RAW,337524374,3697,3395
RAW,337524402,3695,3396
RAW,337524429,3695,3396
RAW,337524457,3695,3395
RAW,337524484,3695,3396
RAW,337524512,3695,3395
RAW,337524539,3691,3394
RAW,337524566,3693,3395
RAW,337524595,3694,3395
RAW,337524623,3691,3396
RAW,337524650,3691,3395
RAW,337524678,3691,3394
RAW,337524705,3690,3394
RAW,337524732,3689,3396
RAW,337524760,3690,3396
RAW,337524787,3690,3395
RAW,337524815,3689,3396
RAW,337524842,3687,3395
RAW,337524870,3686,3395
RAW,337524897,3687,3394
RAW,337524925,3685,3395
RAW,337524952,3685,3395
RAW,337524980,3685,3395
RAW,337525007,3685,3395
RAW,337525034,3679,3395
RAW,337525062,3681,3394
RAW,337525089,3679,3394
RAW,337525117,3681,3395
RAW,337525144,3679,3395
RAW,337525172,3681,3394
RAW,337525199,3679,3395
RAW,337525227,3681,3395
RAW,337525254,3684,3395
RAW,337525282,3683,3397
RAW,337525309,3685,3393
RAW,337525336,3686,3396
RAW,337525364,3683,3395
RAW,337525391,3685,3395
RAW,337525419,3687,3394
RAW,337525446,3688,3396
RAW,337525474,3687,3395
RAW,337525501,3690,3395
RAW,337525529,3689,3394
RAW,337525556,3691,3395
RAW,337525583,3693,3395
RAW,337525611,3691,3395
RAW,337525638,3695,3395
RAW,337525666,3695,3395
RAW,337525693,3695,3395
RAW,337525721,3699,3391
RAW,337525748,3701,3395
RAW,337525776,3702,3396
RAW,337525803,3703,3394
RAW,337525831,3703,3394
RAW,337525858,3705,3394
RAW,337525885,3707,3394
RAW,337525913,3709,3395
RAW,337525940,3710,3395
RAW,337525968,3711,3395
RAW,337525995,3714,3395
RAW,337526023,3715,3394
RAW,337526050,3715,3395
RAW,337526078,3718,3395
RAW,337526105,3722,3395
RAW,337526133,3723,3394
RAW,337526160,3723,3393
RAW,337526187,3727,3394
RAW,337526215,3727,3394
RAW,337526242,3731,3395
RAW,337526270,3733,3395
RAW,337526297,3734,3394
RAW,337526325,3735,3395
RAW,337526352,3737,3396
RAW,337526380,3739,3396
RAW,337526407,3739,3396
RAW,337526435,3744,3394
RAW,337526462,3746,3395
RAW,337526489,3748,3394
RAW,337526517,3749,3395
RAW,337526544,3754,3395
RAW,337526572,3755,3395
RAW,337526601,3755,3395
RAW,337526628,3759,3395
RAW,337526655,3761,3395
RAW,337526683,3761,3395
RAW,337526710,3765,3394
RAW,337526738,3768,3394
RAW,337526765,3771,3395
RAW,337526793,3771,3394
RAW,337526820,3775,3397
RAW,337526848,3777,3395
RAW,337526875,3779,3394
RAW,337526903,3779,3395
RAW,337526930,3783,3394
RAW,337526957,3783,3395
RAW,337526985,3786,3394
RAW,337527012,3787,3395
RAW,337527040,3790,3397
RAW,337527067,3791,3395
RAW,337527095,3791,3393
RAW,337527122,3795,3395
RAW,337527150,3797,3397
RAW,337527177,3799,3395
RAW,337527205,3799,3395
RAW,337527232,3803,3394
RAW,337527259,3803,3395
RAW,337527287,3803,3394
RAW,337527314,3806,3394
RAW,337527356,3806,3395
RAW,337527384,3807,3395
RAW,337527412,3807,3394
RAW,337527440,3810,3394
RAW,337527468,3813,3395
RAW,337527496,3811,3395
RAW,337527524,3815,3395
RAW,337527552,3814,3394
RAW,337527580,3815,3397
RAW,337527609,3815,3395
RAW,337527637,3815,3395
RAW,337527665,3818,3394
RAW,337527693,3819,3394
RAW,337527721,3818,3394
RAW,337527749,3819,3394
RAW,337527777,3819,3395
RAW,337527805,3819,3393
RAW,337527833,3818,3395
RAW,337527861,3819,3394
RAW,337527889,3819,3395
RAW,337527917,3819,3394
RAW,337527945,3819,3394
RAW,337527973,3821,3395
RAW,337528001,3819,3395
RAW,337528029,3822,3395
RAW,337528057,3819,3394
RAW,337528085,3822,3393
RAW,337528113,3819,3395
RAW,337528141,3821,3394
RAW,337528169,3823,3395
RAW,337528197,3823,3395
RAW,337528224,3823,3395
RAW,337528252,3823,3394
RAW,337528280,3823,3395
RAW,337528308,3825,3395
RAW,337528336,3827,3395
RAW,337528364,3827,3393
RAW,337528392,3831,3395
RAW,337528420,3832,3394
RAW,337528448,3834,3395
RAW,337528476,3837,3395
RAW,337528504,3835,3395
RAW,337528532,3839,3395
RAW,337528560,3843,3395
RAW,337528588,3843,3394
RAW,337528616,3847,3393
RAW,337528644,3849,3395
RAW,337528672,3853,3394
RAW,337528700,3855,3393
RAW,337528728,3855,3397
RAW,337528756,3861,3395
RAW,337528784,3863,3395
RAW,337528812,3863,3393
RAW,337528840,3867,3394
RAW,337528868,3869,3395
RAW,337528896,3874,3394
RAW,337528924,3876,3394
RAW,337528952,3878,3393
RAW,337528980,3880,3395
RAW,337529008,3881,3394
RAW,337529036,3883,3394
RAW,337529064,3887,3394
RAW,337529092,3887,3395
RAW,337529120,3890,3394
RAW,337529148,3895,3393
RAW,337529176,3898,3394
RAW,337529204,3901,3395
RAW,337529232,3902,3394
RAW,337529260,3906,3395
RAW,337529287,3909,3395
RAW,337529315,3912,3395
RAW,337529343,3915,3394
RAW,337529371,3915,3394
RAW,337529399,3919,3394
RAW,337529427,3919,3395
RAW,337529455,3927,3395
RAW,337529483,3926,3395
RAW,337529511,3930,3396
RAW,337529539,3931,3394
RAW,337529567,3931,3395
RAW,337529596,3931,3394
RAW,337529624,3935,3395
RAW,337529652,3938,3395
RAW,337529680,3939,3394
RAW,337529708,3941,3395
RAW,337529736,3943,3394
RAW,337529764,3945,3394
RAW,337529792,3946,3395
RAW,337529820,3947,3395
RAW,337529848,3947,3397
RAW,337529876,3951,3395
RAW,337529904,3951,3395
RAW,337529932,3951,3394
RAW,337529960,3951,3394
RAW,337529988,3954,3394
RAW,337530016,3955,3395
RAW,337530044,3954,3395
RAW,337530072,3951,3394
RAW,337530100,3955,3394
RAW,337530128,3957,3395
RAW,337530156,3955,3394
RAW,337530184,3955,3395
RAW,337530212,3955,3394
RAW,337530240,3955,3394
RAW,337530268,3957,3394
RAW,337530296,3955,3393
RAW,337530324,3957,3395
RAW,337530352,3955,3394
RAW,337530380,3951,3394
RAW,337530408,3951,3393
RAW,337530436,3951,3394
RAW,337530463,3951,3395
RAW,337530491,3950,3394
RAW,337530519,3949,3395
RAW,337530547,3949,3394
RAW,337530575,3946,3395
RAW,337530605,3946,3396
RAW,337530633,3944,3394
RAW,337530661,3942,3394
RAW,337530688,3941,3393
RAW,337530716,3939,3395
RAW,337530744,3935,3395
RAW,337530772,3935,3395
RAW,337530800,3933,3395
RAW,337530828,3930,3396
RAW,337530856,3927,3395
RAW,337530884,3923,3395
RAW,337530912,3923,3395
RAW,337530940,3919,3396
RAW,337530968,3915,3395
RAW,337530996,3915,3395
RAW,337531024,3911,3395
RAW,337531052,3910,3395
RAW,337531080,3906,3395
RAW,337531108,3903,3394
RAW,337531136,3899,3395
RAW,337531164,3897,3394
RAW,337531192,3895,3395
RAW,337531220,3887,3395
RAW,337531248,3887,3394
RAW,337531276,3886,3395
RAW,337531304,3883,3395
RAW,337531332,3880,3394
RAW,337531360,3875,3395
RAW,337531388,3871,3394
RAW,337531416,3870,3395
RAW,337531444,3867,3395
RAW,337531472,3864,3395
RAW,337531500,3859,3395
RAW,337531528,3857,3395
RAW,337531556,3855,3394
RAW,337531583,3851,3395
RAW,337531611,3849,3394
RAW,337531639,3846,3395
RAW,337531667,3843,3395
RAW,337531695,3839,3395
RAW,337531723,3835,3395
RAW,337531751,3834,3395
RAW,337531779,3832,3395
RAW,337531807,3831,3395
RAW,337531835,3823,3394
RAW,337531863,3823,3395
RAW,337531891,3821,3395
RAW,337531919,3818,3395
RAW,337531947,3815,3395
RAW,337531975,3814,3395
RAW,337532003,3812,3395
RAW,337532031,3807,3396
RAW,337532059,3807,3395
RAW,337532087,3805,3395
RAW,337532115,3802,3395
RAW,337532143,3798,3395
RAW,337532171,3797,3394
RAW,337532199,3795,3395
RAW,337532227,3791,3394
RAW,337532255,3790,3395
RAW,337532283,3787,3393
RAW,337532311,3786,3395
RAW,337532339,3782,3394
RAW,337532367,3781,3394
RAW,337532395,3779,3395
RAW,337532423,3775,3394
RAW,337532451,3776,3394
RAW,337532478,3771,3393
RAW,337532506,3771,3395
RAW,337532534,3767,3395
RAW,337532562,3766,3394
RAW,337532590,3763,3393
RAW,337532618,3759,3396
RAW,337532646,3759,3395
RAW,337532674,3757,3394
RAW,337532702,3757,3395
RAW,337532730,3754,3394
RAW,337532758,3751,3394
RAW,337532786,3751,3395
RAW,337532814,3747,3395
RAW,337532842,3746,3395
RAW,337532870,3743,3395
RAW,337532898,3743,3395
RAW,337532926,3742,3395
RAW,337532954,3739,3394
RAW,337532982,3738,3395
RAW,337533010,3735,3395
RAW,337533038,3733,3394
RAW,337533079,3733,3394
RAW,337533107,3731,3395
RAW,337533135,3727,3394
RAW,337533163,3727,3395
RAW,337533191,3725,3394
RAW,337533219,3723,3394
RAW,337533247,3722,3395
RAW,337533275,3722,3395
RAW,337533303,3719,3395
RAW,337533331,3718,3394
RAW,337533359,3715,3395
RAW,337533387,3714,3394
RAW,337533415,3714,3395
RAW,337533443,3712,3395
RAW,337533471,3709,3394
RAW,337533499,3709,3395
RAW,337533527,3706,3395
RAW,337533555,3707,3395
RAW,337533583,3703,3397
RAW,337533611,3703,3394
RAW,337533639,3701,3395
RAW,337533667,3699,3395
RAW,337533695,3699,3394
RAW,337533723,3698,3395
RAW,337533751,3695,3395
RAW,337533779,3695,3395
RAW,337533807,3695,3396
RAW,337533835,3695,3393
RAW,337533863,3694,3395
RAW,337533891,3693,3394
RAW,337533919,3691,3395
RAW,337533947,3691,3393
RAW,337533975,3690,3394
RAW,337534003,3690,3393
RAW,337534031,3689,3394
RAW,337534059,3690,3394
RAW,337534087,3689,3394
RAW,337534115,3687,3394
RAW,337534143,3690,3395
RAW,337534171,3687,3394
RAW,337534199,3687,3394
RAW,337534227,3686,3396
RAW,337534255,3687,3394
RAW,337534283,3688,3394
RAW,337534311,3687,3395
RAW,337534339,3683,3394
RAW,337534367,3687,3394
RAW,337534395,3685,3395
RAW,337534423,3686,3395
RAW,337534451,3687,3394
RAW,337534479,3686,3395
RAW,337534507,3686,3395
RAW,337534535,3687,3395
RAW,337534562,3687,3396
RAW,337534590,3689,3395
RAW,337534618,3687,3395
RAW,337534646,3687,3395
RAW,337534674,3690,3394
RAW,337534702,3690,3395
RAW,337534730,3691,3395
RAW,337534758,3691,3396
RAW,337534786,3691,3395
RAW,337534814,3691,3397
RAW,337534842,3691,3397
RAW,337534870,3693,3397
RAW,337534898,3693,3397
RAW,337534926,3691,3397
RAW,337534954,3694,3395
RAW,337534982,3695,3395
RAW,337535010,3695,3397
RAW,337535038,3695,3397
RAW,337535066,3699,3397
RAW,337535094,3699,3398
RAW,337535122,3699,3395
RAW,337535150,3701,3397
RAW,337535178,3702,3397
RAW,337535206,3702,3397
RAW,337535234,3703,3397
RAW,337535262,3706,3397
RAW,337535290,3706,3397
RAW,337535318,3707,3395
RAW,337535346,3707,3397
RAW,337535374,3709,3398
RAW,337535402,3707,3395
RAW,337535430,3707,3398
RAW,337535458,3709,3395
RAW,337535486,3711,3397
RAW,337535514,3710,3398
RAW,337535542,3710,3399
RAW,337535570,3710,3398
RAW,337535599,3710,3398
RAW,337535627,3711,3398
RAW,337535655,3710,3398
RAW,337535683,3711,3398
RAW,337535711,3710,3399
RAW,337535739,3710,3398
RAW,337535767,3711,3399
RAW,337535795,3712,3399
RAW,337535823,3711,3400
RAW,337535851,3711,3398
RAW,337535879,3712,3399
RAW,337535907,3712,3399
RAW,337535935,3711,3400
RAW,337535963,3711,3399
RAW,337535991,3714,3399
RAW,337536019,3712,3399
RAW,337536047,3711,3399
RAW,337536075,3712,3401
RAW,337536103,3712,3402
RAW,337536131,3713,3403
RAW,337536159,3712,3402
RAW,337536187,3712,3402
RAW,337536215,3714,3403
RAW,337536243,3712,3403
RAW,337536271,3711,3405
RAW,337536299,3710,3403
RAW,337536327,3710,3407
RAW,337536355,3710,3407
RAW,337536383,3710,3407
RAW,337536411,3707,3407
RAW,337536439,3709,3413
RAW,337536467,3707,3411
RAW,337536495,3707,3415
RAW,337536523,3706,3416
RAW,337536551,3706,3417
RAW,337536579,3709,3419
RAW,337536608,3706,3421
RAW,337536636,3707,3423
RAW,337536664,3709,3425
RAW,337536692,3707,3427
RAW,337536720,3706,3431
RAW,337536748,3707,3432
RAW,337536776,3707,3434
RAW,337536804,3706,3437
RAW,337536832,3707,3438
RAW,337536860,3707,3441
RAW,337536888,3706,3445
RAW,337536916,3705,3447
RAW,337536944,3705,3449
RAW,337536972,3705,3453
RAW,337537000,3706,3455
RAW,337537028,3706,3455
RAW,337537056,3703,3458
RAW,337537084,3704,3462
RAW,337537112,3707,3465
RAW,337537140,3705,3467
RAW,337537168,3705,3471
RAW,337537196,3704,3471
RAW,337537224,3705,3478
RAW,337537252,3705,3482
RAW,337537280,3705,3485
RAW,337537308,3705,3488
RAW,337537335,3705,3491
RAW,337537363,3706,3495
RAW,337537405,3705,3499
RAW,337537433,3703,3503
RAW,337537461,3707,3509
RAW,337537489,3706,3514
RAW,337537517,3703,3519
RAW,337537545,3703,3523
RAW,337537573,3703,3527
RAW,337537602,3705,3532
RAW,337537630,3706,3535
RAW,337537658,3704,3541
RAW,337537686,3703,3545
RAW,337537714,3706,3547
RAW,337537742,3703,3555
RAW,337537770,3705,3561
RAW,337537798,3706,3566
RAW,337537826,3706,3571
RAW,337537854,3704,3575
RAW,337537882,3703,3579
RAW,337537910,3703,3587
RAW,337537938,3703,3591
RAW,337537966,3704,3597
RAW,337537994,3703,3599
RAW,337538022,3703,3606
RAW,337538050,3703,3611
RAW,337538078,3706,3617
RAW,337538106,3703,3622
RAW,337538134,3704,3627
RAW,337538162,3704,3631
RAW,337538190,3703,3635
RAW,337538218,3705,3643
RAW,337538246,3703,3646
RAW,337538274,3704,3653
RAW,337538302,3706,3657
RAW,337538330,3705,3663
RAW,337538358,3703,3667
RAW,337538386,3703,3673
RAW,337538414,3704,3678
RAW,337538442,3703,3683
RAW,337538470,3703,3687
RAW,337538498,3703,3693
RAW,337538526,3703,3698
RAW,337538554,3703,3704
RAW,337538582,3706,3708
RAW,337538610,3704,3713
RAW,337538638,3703,3716
RAW,337538666,3704,3722
RAW,337538694,3703,3726
RAW,337538722,3703,3731
RAW,337538750,3706,3734
RAW,337538778,3702,3739
RAW,337538806,3703,3742
RAW,337538834,3703,3746
RAW,337538862,3704,3749
RAW,337538890,3702,3751
RAW,337538918,3704,3755
RAW,337538946,3703,3758
RAW,337538974,3703,3759
RAW,337539002,3703,3762
RAW,337539030,3703,3765
RAW,337539058,3703,3767
RAW,337539086,3704,3770
RAW,337539114,3702,3770
RAW,337539142,3703,3771
RAW,337539170,3704,3771
RAW,337539198,3703,3773
RAW,337539226,3704,3775
RAW,337539254,3703,3778
RAW,337539282,3703,3777
RAW,337539310,3703,3781
RAW,337539338,3706,3779
RAW,337539366,3704,3783
RAW,337539394,3702,3783
RAW,337539422,3703,3783
RAW,337539450,3703,3786
RAW,337539478,3703,3784
RAW,337539506,3703,3786
RAW,337539534,3703,3785
RAW,337539562,3702,3786
RAW,337539590,3703,3787
RAW,337539618,3703,3789
RAW,337539646,3704,3789
RAW,337539674,3703,3790
RAW,337539702,3703,3791
RAW,337539730,3703,3791
RAW,337539758,3703,3791
RAW,337539786,3703,3791
RAW,337539814,3702,3791
RAW,337539842,3703,3795
RAW,337539870,3703,3795
RAW,337539898,3703,3795
RAW,337539926,3703,3795
RAW,337539954,3702,3795
RAW,337539982,3703,3794
RAW,337540010,3703,3791
RAW,337540038,3703,3791
RAW,337540066,3703,3795
RAW,337540094,3702,3791
RAW,337540122,3704,3791
RAW,337540150,3703,3791
RAW,337540178,3704,3791
RAW,337540206,3702,3789
RAW,337540234,3702,3787
RAW,337540262,3703,3786
RAW,337540290,3703,3783
RAW,337540318,3704,3781
RAW,337540346,3703,3779
RAW,337540374,3702,3778
RAW,337540402,3702,3776
RAW,337540430,3703,3773
RAW,337540458,3703,3770
RAW,337540486,3703,3767
RAW,337540514,3705,3762
RAW,337540542,3703,3759
RAW,337540570,3703,3755
RAW,337540599,3703,3752
RAW,337540627,3703,3747
RAW,337540655,3703,3743
RAW,337540683,3703,3741
RAW,337540711,3703,3736
RAW,337540739,3703,3731
RAW,337540767,3704,3727
RAW,337540795,3703,3725
RAW,337540823,3705,3719
RAW,337540851,3704,3715
RAW,337540879,3703,3712
RAW,337540907,3703,3709
RAW,337540935,3703,3706
RAW,337540963,3706,3701
RAW,337540991,3705,3695
RAW,337541019,3703,3693
RAW,337541047,3703,3691
RAW,337541075,3703,3690
RAW,337541103,3703,3686
RAW,337541131,3703,3682
RAW,337541159,3703,3683
RAW,337541187,3703,3682
RAW,337541215,3703,3679
RAW,337541243,3704,3679
RAW,337541271,3703,3678
RAW,337541299,3703,3678
RAW,337541327,3703,3678
RAW,337541355,3703,3678
RAW,337541383,3703,3680
RAW,337541411,3706,3679
RAW,337541439,3703,3681
RAW,337541467,3703,3682
RAW,337541495,3703,3683
RAW,337541523,3703,3683
RAW,337541551,3703,3687
RAW,337541579,3703,3689
RAW,337541609,3703,3688
RAW,337541637,3705,3691
RAW,337541665,3703,3693
RAW,337541693,3705,3693
RAW,337541721,3703,3694
RAW,337541749,3703,3695
RAW,337541777,3706,3695
RAW,337541805,3705,3695
RAW,337541833,3705,3699
RAW,337541861,3705,3701
RAW,337541889,3705,3703
RAW,337541917,3703,3703
RAW,337541945,3706,3707
RAW,337541973,3704,3707
RAW,337542001,3705,3709
RAW,337542029,3706,3711
RAW,337542057,3704,3711
RAW,337542085,3703,3714
RAW,337542113,3703,3713
RAW,337542141,3703,3715
RAW,337542169,3705,3717
RAW,337542197,3702,3715
RAW,337542225,3703,3717
RAW,337542253,3704,3717
RAW,337542281,3704,3719
RAW,337542309,3705,3719
RAW,337542337,3703,3718
RAW,337542365,3706,3718
RAW,337542393,3703,3717
RAW,337542421,3705,3719
RAW,337542449,3703,3717
RAW,337542477,3703,3717
RAW,337542505,3706,3715
RAW,337542533,3704,3715
RAW,337542561,3703,3713
RAW,337542589,3706,3714
RAW,337542617,3703,3712
RAW,337542645,3703,3707
RAW,337542673,3703,3705
RAW,337542701,3704,3703
RAW,337542729,3705,3701
RAW,337542757,3703,3697
RAW,337542785,3703,3694
RAW,337542813,3703,3691
RAW,337542841,3704,3687
RAW,337542869,3705,3683
RAW,337542897,3707,3679
RAW,337542925,3705,3675
RAW,337542953,3705,3675
RAW,337542981,3706,3667
RAW,337543009,3706,3663
RAW,337543037,3705,3663
RAW,337543065,3704,3659
RAW,337543093,3703,3655
RAW,337543121,3704,3651
RAW,337543149,3706,3650
RAW,337543177,3705,3645
RAW,337543205,3705,3641
RAW,337543233,3703,3639
RAW,337543261,3706,3635
RAW,337543289,3703,3630
RAW,337543317,3705,3625
RAW,337543345,3704,3621
RAW,337543373,3706,3615
RAW,337543401,3704,3611
RAW,337543429,3703,3608
RAW,337543457,3705,3605
RAW,337543485,3703,3599
RAW,337543513,3703,3593
RAW,337543541,3703,3592
RAW,337543569,3704,3583
RAW,337543598,3706,3579
RAW,337543626,3703,3575
RAW,337543654,3704,3571
RAW,337543682,3706,3566
RAW,337543710,3704,3562
RAW,337543738,3706,3558
RAW,337543766,3704,3551
RAW,337543794,3705,3549
RAW,337543822,3704,3543
RAW,337543850,3704,3538
RAW,337543878,3704,3533
RAW,337543906,3705,3527
RAW,337543934,3704,3523
RAW,337543962,3704,3518
RAW,337543990,3703,3513
RAW,337544018,3704,3510
RAW,337544046,3706,3507
RAW,337544074,3704,3501
RAW,337544102,3703,3497
RAW,337544130,3703,3494
RAW,337544158,3703,3489
RAW,337544186,3703,3483
RAW,337544214,3703,3482
RAW,337544242,3706,3478
RAW,337544270,3705,3475
RAW,337544298,3703,3471
RAW,337544326,3705,3470
RAW,337544354,3703,3463
RAW,337544382,3706,3461
RAW,337544410,3703,3459
RAW,337544438,3703,3455
RAW,337544466,3704,3453
RAW,337544494,3703,3451
RAW,337544522,3706,3447
RAW,337544550,3703,3443
RAW,337544578,3706,3442
RAW,337544607,3704,3439
RAW,337544635,3706,3437
RAW,337544663,3706,3437
RAW,337544691,3705,3434
RAW,337544719,3706,3431
RAW,337544747,3705,3429
RAW,337544775,3705,3427
RAW,337544803,3703,3427
RAW,337544831,3705,3423
RAW,337544859,3703,3423
RAW,337544887,3704,3422
DROP_RAW_END,41

# Dripito Rev-B UART log v1; t_ms = ms since boot
# EVT,<t_ms>,<message>
# DROP,<t_ms>,<drop_N>,<transit_us>,<pulse_top_us>,<pulse_bot_us>,<v_centi_mps>,<d_0.1mm>,<V_0.1uL>,<state>,<Q_0.01mLph>,<top_raw>,<bot_raw>
# EVT,<t_ms>,DROP_REJECT,reason=<r>,dt_us=...,tau_us=...,v_mmps_tenths=...,d_mm_tenths=...,V_uL_tenths=...
# DROP_RAW_BEGIN,<t_ms>,<drop_N>,<sample_count>,<t_first_us>,<t_last_us>,<t_trigger_us>
# RAW,<t_us>,<top_adc>,<bot_adc>  (x sample_count)
# DROP_RAW_END,<drop_N>
EVT,6275,BOOT done
EVT,6276,thresh T_hi=3822 B_hi=3396
EVT,12144,DROP dt=11 tau=5 V=103.8
DROP,12144,1,11504,5870,6889,81,54,1038,1,0,3823,3402
DROP_RAW_BEGIN,12144,1,912,11990183,12015588,11997216
RAW,11990183,3717,3291
RAW,11990210,3717,3291
RAW,11990238,3715,3290
RAW,11990265,3719,3293
RAW,11990293,3715,3291
RAW,11990320,3718,3291
RAW,11990348,3715,3291
RAW,11990375,3718,3293
RAW,11990403,3715,3293
RAW,11990430,3717,3291
RAW,11990458,3717,3293
RAW,11990485,3715,3293
RAW,11990512,3717,3291
RAW,11990540,3717,3291
RAW,11990567,3719,3291
RAW,11990596,3718,3291
RAW,11990624,3717,3291
RAW,11990651,3715,3291
RAW,11990678,3715,3292
RAW,11990706,3718,3293
RAW,11990733,3717,3291
RAW,11990761,3717,3295
RAW,11990788,3719,3293
RAW,11990816,3717,3293
RAW,11990843,3718,3291
RAW,11990871,3718,3291
RAW,11990898,3718,3293
RAW,11990926,3715,3291
RAW,11990953,3717,3291
RAW,11990980,3718,3292
RAW,11991008,3717,3290
RAW,11991035,3715,3293
RAW,11991063,3717,3293
RAW,11991090,3717,3291
RAW,11991118,3718,3293
RAW,11991145,3715,3293
RAW,11991173,3718,3291
RAW,11991200,3718,3292
RAW,11991228,3717,3292
RAW,11991255,3718,3291
RAW,11991282,3715,3291
RAW,11991310,3717,3293
RAW,11991337,3717,3291
RAW,11991365,3717,3291
RAW,11991392,3715,3291
RAW,11991420,3715,3293
RAW,11991447,3717,3292
RAW,11991475,3718,3293
RAW,11991502,3717,3293
RAW,11991530,3719,3291
RAW,11991557,3718,3291
RAW,11991584,3718,3291
RAW,11991612,3718,3294
RAW,11991639,3718,3293
RAW,11991667,3715,3292
RAW,11991694,3717,3291
RAW,11991722,3716,3291
RAW,11991749,3717,3291
RAW,11991777,3718,3293
RAW,11991804,3715,3291
RAW,11991832,3718,3291
RAW,11991859,3719,3291
RAW,11991886,3718,3292
RAW,11991914,3717,3291
RAW,11991941,3715,3291
RAW,11991969,3717,3291
RAW,11991996,3718,3293
RAW,11992024,3717,3291
RAW,11992051,3717,3291
RAW,11992079,3715,3291
RAW,11992106,3715,3293
RAW,11992133,3715,3291
RAW,11992161,3717,3291
RAW,11992188,3717,3290
RAW,11992216,3714,3293
RAW,11992243,3718,3293
RAW,11992271,3717,3291
RAW,11992298,3718,3291
RAW,11992326,3715,3292
RAW,11992353,3717,3291
RAW,11992381,3715,3291
RAW,11992408,3717,3291
RAW,11992435,3715,3291
RAW,11992463,3717,3291
RAW,11992490,3716,3291
RAW,11992518,3718,3294
RAW,11992545,3718,3292
RAW,11992573,3715,3291
RAW,11992601,3717,3292
RAW,11992629,3715,3291
RAW,11992656,3717,3291
RAW,11992684,3717,3291
RAW,11992711,3717,3293
RAW,11992739,3715,3291
RAW,11992766,3717,3291
RAW,11992794,3715,3291
RAW,11992821,3715,3293
RAW,11992849,3715,3293
RAW,11992876,3717,3291
RAW,11992903,3715,3293
RAW,11992931,3714,3291
RAW,11992958,3715,3291
RAW,11992986,3717,3291
RAW,11993013,3715,3291
RAW,11993041,3715,3291
RAW,11993068,3715,3291
RAW,11993096,3715,3293
RAW,11993123,3717,3291
RAW,11993151,3718,3293
RAW,11993178,3718,3290
RAW,11993205,3715,3293
RAW,11993233,3717,3291
RAW,11993260,3715,3291
RAW,11993288,3715,3291
RAW,11993315,3719,3293
RAW,11993343,3717,3293
RAW,11993370,3715,3291
RAW,11993398,3715,3294
RAW,11993425,3717,3293
RAW,11993453,3717,3293
RAW,11993480,3715,3290
RAW,11993507,3715,3293
RAW,11993535,3716,3291
RAW,11993562,3714,3293
RAW,11993590,3715,3291
RAW,11993617,3717,3291
RAW,11993645,3717,3293
RAW,11993672,3714,3291
RAW,11993700,3715,3291
RAW,11993727,3717,3291
RAW,11993755,3716,3291
RAW,11993782,3714,3291
RAW,11993809,3715,3291
RAW,11993837,3716,3293
RAW,11993864,3717,3293
RAW,11993892,3715,3293
RAW,11993919,3715,3291
RAW,11993947,3715,3293
RAW,11993974,3715,3291
RAW,11994002,3715,3291
RAW,11994029,3714,3291
RAW,11994057,3715,3293
RAW,11994084,3717,3291
RAW,11994111,3715,3291
RAW,11994139,3714,3293
RAW,11994166,3714,3291
RAW,11994194,3714,3291
RAW,11994221,3715,3293
RAW,11994249,3714,3291
RAW,11994276,3714,3293
RAW,11994304,3714,3291
RAW,11994331,3715,3293
RAW,11994358,3714,3293
RAW,11994386,3713,3291
RAW,11994413,3714,3290
RAW,11994441,3714,3291
RAW,11994468,3714,3290
RAW,11994496,3715,3291
RAW,11994523,3713,3291
RAW,11994551,3714,3293
RAW,11994578,3714,3291
RAW,11994607,3715,3291
RAW,11994634,3713,3292
RAW,11994662,3714,3292
RAW,11994689,3714,3291
RAW,11994717,3715,3293
RAW,11994744,3714,3291
RAW,11994772,3713,3291
RAW,11994799,3713,3291
RAW,11994826,3714,3291
RAW,11994854,3714,3290
RAW,11994881,3713,3291
RAW,11994909,3715,3291
RAW,11994936,3715,3293
RAW,11994964,3714,3291
RAW,11994991,3714,3291
RAW,11995019,3714,3291
RAW,11995046,3714,3291
RAW,11995074,3714,3291
RAW,11995101,3715,3291
RAW,11995128,3715,3291
RAW,11995156,3715,3291
RAW,11995183,3715,3291
RAW,11995211,3717,3293
RAW,11995238,3717,3293
RAW,11995266,3715,3291
RAW,11995293,3718,3291
RAW,11995321,3720,3291
RAW,11995348,3722,3291
RAW,11995376,3721,3291
RAW,11995403,3722,3293
RAW,11995430,3723,3290
RAW,11995458,3723,3291
RAW,11995485,3727,3293
RAW,11995513,3726,3292
RAW,11995540,3727,3291
RAW,11995568,3727,3291
RAW,11995596,3731,3291
RAW,11995624,3730,3291
RAW,11995651,3735,3292
RAW,11995679,3735,3291
RAW,11995706,3737,3291
RAW,11995734,3739,3292
RAW,11995761,3738,3293
RAW,11995789,3739,3291
RAW,11995816,3742,3291
RAW,11995844,3743,3291
RAW,11995871,3746,3291
RAW,11995898,3749,3291
RAW,11995926,3747,3291
RAW,11995953,3750,3291
RAW,11995981,3753,3291
RAW,11996008,3754,3292
RAW,11996036,3757,3290
RAW,11996063,3755,3291
RAW,11996091,3758,3291
RAW,11996118,3759,3291
RAW,11996146,3763,3291
RAW,11996173,3764,3293
RAW,11996200,3766,3291
RAW,11996228,3767,3294
RAW,11996255,3769,3292
RAW,11996283,3771,3291
RAW,11996310,3774,3291
RAW,11996338,3775,3291
RAW,11996365,3778,3293
RAW,11996393,3779,3291
RAW,11996420,3779,3291
RAW,11996447,3782,3291
RAW,11996475,3786,3291
RAW,11996502,3787,3293
RAW,11996530,3789,3293
RAW,11996557,3789,3292
RAW,11996585,3791,3292
RAW,11996612,3791,3291
RAW,11996640,3794,3291
RAW,11996667,3795,3291
RAW,11996695,3797,3291
RAW,11996722,3798,3291
RAW,11996749,3799,3291
RAW,11996777,3802,3290
RAW,11996804,3802,3290
RAW,11996832,3804,3291
RAW,11996859,3805,3291
RAW,11996887,3807,3290
RAW,11996914,3807,3293
RAW,11996942,3810,3293
RAW,11996969,3811,3293
RAW,11996997,3814,3291
RAW,11997024,3815,3291
RAW,11997051,3815,3293
RAW,11997079,3815,3293
RAW,11997106,3818,3291
RAW,11997134,3819,3291
RAW,11997161,3819,3293
RAW,11997189,3822,3291
RAW,11997216,3823,3293
RAW,11997247,3823,3291
RAW,11997275,3823,3293
RAW,11997303,3823,3291
RAW,11997331,3829,3293
RAW,11997359,3830,3294
RAW,11997387,3827,3291
RAW,11997415,3830,3293
RAW,11997443,3830,3293
RAW,11997471,3831,3291
RAW,11997499,3831,3290
RAW,11997527,3834,3291
RAW,11997555,3831,3293
RAW,11997583,3832,3290
RAW,11997611,3831,3292
RAW,11997639,3830,3291
RAW,11997667,3831,3291
RAW,11997695,3829,3291
RAW,11997723,3830,3292
RAW,11997751,3827,3291
RAW,11997779,3829,3291
RAW,11997807,3829,3291
RAW,11997835,3827,3291
RAW,11997862,3827,3291
RAW,11997890,3826,3293
RAW,11997918,3823,3293
RAW,11997946,3823,3293
RAW,11997974,3823,3291
RAW,11998002,3821,3293
RAW,11998030,3819,3291
RAW,11998058,3818,3292
RAW,11998086,3819,3291
RAW,11998114,3818,3293
RAW,11998142,3815,3291
RAW,11998170,3815,3293
RAW,11998198,3811,3291
RAW,11998226,3811,3291
RAW,11998254,3810,3291
RAW,11998282,3807,3293
RAW,11998310,3806,3291
RAW,11998338,3805,3293
RAW,11998366,3805,3291
RAW,11998394,3805,3293
RAW,11998422,3805,3293
RAW,11998450,3803,3293
RAW,11998478,3803,3291
RAW,11998506,3805,3291
RAW,11998534,3803,3292
RAW,11998562,3805,3291
RAW,11998590,3807,3291
RAW,11998618,3807,3292
RAW,11998646,3807,3291
RAW,11998674,3811,3293
RAW,11998702,3811,3293
RAW,11998730,3813,3291
RAW,11998757,3815,3291
RAW,11998785,3817,3290
RAW,11998813,3819,3293
RAW,11998841,3821,3291
RAW,11998869,3823,3291
RAW,11998897,3823,3291
RAW,11998925,3830,3291
RAW,11998953,3831,3291
RAW,11998981,3835,3291
RAW,11999009,3838,3291
RAW,11999037,3841,3291
RAW,11999065,3845,3291
RAW,11999093,3848,3292
RAW,11999121,3851,3291
RAW,11999149,3854,3293
RAW,11999177,3855,3292
RAW,11999205,3861,3291
RAW,11999233,3863,3293
RAW,11999261,3866,3293
RAW,11999289,3869,3293
RAW,11999317,3871,3291
RAW,11999345,3875,3291
RAW,11999373,3879,3293
RAW,11999401,3880,3291
RAW,11999429,3883,3291
RAW,11999457,3887,3291
RAW,11999485,3887,3291
RAW,11999513,3894,3291
RAW,11999541,3895,3291
RAW,11999569,3897,3293
RAW,11999598,3899,3291
RAW,11999626,3905,3291
RAW,11999654,3906,3293
RAW,11999682,3907,3291
RAW,11999710,3911,3294
RAW,11999738,3911,3291
RAW,11999766,3915,3291
RAW,11999794,3916,3293
RAW,11999822,3915,3291
RAW,11999850,3919,3291
RAW,11999878,3921,3291
RAW,11999906,3925,3291
RAW,11999933,3926,3293
RAW,11999961,3930,3291
RAW,11999989,3930,3292
RAW,12000017,3931,3291
RAW,12000045,3934,3293
RAW,12000073,3935,3291
RAW,12000101,3937,3291
RAW,12000129,3939,3291
RAW,12000157,3941,3294
RAW,12000185,3939,3290
RAW,12000213,3942,3293
RAW,12000241,3943,3293
RAW,12000269,3943,3293
RAW,12000297,3946,3291
RAW,12000325,3946,3293
RAW,12000353,3947,3291
RAW,12000381,3946,3292
RAW,12000409,3946,3291
RAW,12000437,3947,3291
RAW,12000465,3946,3291
RAW,12000493,3946,3291
RAW,12000521,3945,3291
RAW,12000549,3946,3291
RAW,12000577,3943,3291
RAW,12000606,3943,3293
RAW,12000634,3941,3293
RAW,12000662,3939,3291
RAW,12000690,3941,3293
RAW,12000718,3938,3293
RAW,12000746,3935,3293
RAW,12000774,3935,3293
RAW,12000802,3935,3291
RAW,12000830,3933,3293
RAW,12000858,3933,3293
RAW,12000886,3930,3291
RAW,12000914,3929,3293
RAW,12000942,3928,3291
RAW,12000970,3923,3293
RAW,12000998,3925,3293
RAW,12001026,3923,3291
RAW,12001054,3919,3293
RAW,12001081,3919,3293
RAW,12001109,3918,3291
RAW,12001137,3915,3292
RAW,12001165,3913,3291
RAW,12001193,3912,3293
RAW,12001221,3909,3291
RAW,12001249,3906,3291
RAW,12001277,3904,3293
RAW,12001305,3899,3291
RAW,12001333,3898,3291
RAW,12001361,3895,3292
RAW,12001389,3892,3291
RAW,12001417,3887,3291
RAW,12001445,3886,3292
RAW,12001473,3883,3293
RAW,12001501,3882,3293
RAW,12001529,3880,3293
RAW,12001557,3875,3293
RAW,12001585,3874,3292
RAW,12001613,3869,3291
RAW,12001641,3867,3293
RAW,12001669,3863,3291
RAW,12001697,3859,3291
RAW,12001725,3855,3293
RAW,12001753,3855,3291
RAW,12001781,3851,3291
RAW,12001809,3851,3293
RAW,12001837,3846,3291
RAW,12001865,3845,3293
RAW,12001893,3843,3293
RAW,12001921,3838,3291
RAW,12001949,3837,3293
RAW,12001976,3833,3291
RAW,12002004,3830,3291
RAW,12002032,3827,3291
RAW,12002060,3823,3293
RAW,12002088,3823,3291
RAW,12002116,3819,3293
RAW,12002144,3817,3291
RAW,12002172,3815,3291
RAW,12002200,3814,3291
RAW,12002228,3810,3290
RAW,12002256,3806,3291
RAW,12002284,3803,3291
RAW,12002312,3803,3291
RAW,12002340,3799,3291
RAW,12002368,3797,3291
RAW,12002396,3795,3291
RAW,12002424,3793,3293
RAW,12002452,3791,3293
RAW,12002480,3790,3293
RAW,12002508,3787,3291
RAW,12002536,3786,3293
RAW,12002564,3782,3293
RAW,12002592,3781,3293
RAW,12002620,3778,3291
RAW,12002648,3775,3293
RAW,12002676,3777,3293
RAW,12002704,3773,3291
RAW,12002732,3771,3293
RAW,12002760,3769,3293
RAW,12002788,3768,3293
RAW,12002816,3767,3293
RAW,12002843,3766,3291
RAW,12002871,3763,3294
RAW,12002899,3759,3293
RAW,12002927,3761,3292
RAW,12002955,3759,3291
RAW,12002983,3755,3291
RAW,12003011,3757,3293
RAW,12003039,3755,3291
RAW,12003067,3754,3293
RAW,12003095,3751,3294
RAW,12003137,3750,3292
RAW,12003165,3746,3291
RAW,12003193,3746,3291
RAW,12003221,3744,3293
RAW,12003249,3743,3291
RAW,12003277,3743,3292
RAW,12003305,3739,3293
RAW,12003333,3741,3293
RAW,12003361,3739,3293
RAW,12003389,3735,3291
RAW,12003417,3734,3291
RAW,12003445,3734,3291
RAW,12003473,3733,3291
RAW,12003501,3727,3291
RAW,12003529,3727,3291
RAW,12003557,3726,3293
RAW,12003585,3726,3290
RAW,12003613,3725,3292
RAW,12003641,3723,3291
RAW,12003669,3722,3291
RAW,12003697,3719,3291
RAW,12003725,3719,3291
RAW,12003753,3717,3291
RAW,12003781,3715,3290
RAW,12003809,3714,3293
RAW,12003837,3713,3291
RAW,12003865,3711,3291
RAW,12003893,3709,3290
RAW,12003921,3707,3293
RAW,12003949,3706,3292
RAW,12003977,3704,3293
RAW,12004004,3703,3290
RAW,12004032,3702,3291
RAW,12004060,3701,3291
RAW,12004088,3699,3291
RAW,12004116,3695,3293
RAW,12004144,3695,3291
RAW,12004172,3697,3291
RAW,12004200,3695,3290
RAW,12004228,3695,3291
RAW,12004256,3693,3291
RAW,12004284,3691,3291
RAW,12004312,3691,3290
RAW,12004340,3690,3291
RAW,12004368,3690,3291
RAW,12004396,3688,3291
RAW,12004424,3686,3290
RAW,12004452,3685,3290
RAW,12004480,3683,3291
RAW,12004508,3683,3291
RAW,12004536,3683,3291
RAW,12004564,3683,3291
RAW,12004592,3685,3291
RAW,12004620,3684,3293
RAW,12004648,3683,3291
RAW,12004676,3682,3291
RAW,12004704,3682,3291
RAW,12004732,3679,3291
RAW,12004760,3682,3291
RAW,12004788,3679,3291
RAW,12004816,3679,3291
RAW,12004844,3679,3294
RAW,12004872,3679,3293
RAW,12004900,3679,3293
RAW,12004928,3679,3291
RAW,12004956,3679,3294
RAW,12004984,3679,3293
RAW,12005012,3682,3293
RAW,12005040,3682,3294
RAW,12005068,3683,3291
RAW,12005096,3683,3293
RAW,12005124,3685,3291
RAW,12005152,3687,3291
RAW,12005180,3690,3294
RAW,12005208,3690,3294
RAW,12005236,3691,3293
RAW,12005264,3694,3294
RAW,12005292,3695,3295
RAW,12005320,3695,3293
RAW,12005348,3695,3294
RAW,12005376,3701,3293
RAW,12005404,3701,3295
RAW,12005432,3702,3293
RAW,12005460,3705,3294
RAW,12005488,3705,3295
RAW,12005516,3706,3295
RAW,12005544,3707,3294
RAW,12005572,3711,3294
RAW,12005601,3711,3294
RAW,12005629,3711,3295
RAW,12005657,3710,3295
RAW,12005685,3711,3295
RAW,12005713,3713,3293
RAW,12005741,3711,3295
RAW,12005769,3711,3294
RAW,12005797,3713,3295
RAW,12005825,3713,3293
RAW,12005853,3713,3295
RAW,12005881,3714,3295
RAW,12005909,3714,3295
RAW,12005937,3714,3294
RAW,12005965,3715,3294
RAW,12005993,3715,3295
RAW,12006021,3715,3296
RAW,12006049,3715,3291
RAW,12006077,3716,3291
RAW,12006105,3717,3295
RAW,12006133,3715,3295
RAW,12006161,3717,3295
RAW,12006189,3718,3295
RAW,12006217,3718,3294
RAW,12006244,3718,3295
RAW,12006272,3715,3295
RAW,12006300,3717,3294
RAW,12006328,3715,3291
RAW,12006356,3717,3294
RAW,12006384,3717,3294
RAW,12006412,3718,3294
RAW,12006440,3717,3294
RAW,12006468,3717,3295
RAW,12006496,3719,3295
RAW,12006524,3718,3293
RAW,12006552,3714,3295
RAW,12006580,3716,3294
RAW,12006610,3716,3294
RAW,12006638,3715,3294
RAW,12006666,3715,3294
RAW,12006694,3715,3293
RAW,12006722,3713,3290
RAW,12006750,3715,3291
RAW,12006778,3714,3290
RAW,12006805,3713,3291
RAW,12006833,3713,3290
RAW,12006861,3713,3291
RAW,12006889,3714,3291
RAW,12006917,3714,3293
RAW,12006945,3712,3291
RAW,12006973,3713,3291
RAW,12007001,3713,3291
RAW,12007029,3713,3291
RAW,12007057,3714,3291
RAW,12007085,3714,3291
RAW,12007113,3714,3291
RAW,12007141,3711,3293
RAW,12007169,3711,3293
RAW,12007197,3711,3293
RAW,12007225,3714,3291
RAW,12007253,3711,3294
RAW,12007281,3713,3294
RAW,12007309,3713,3294
RAW,12007337,3711,3294
RAW,12007365,3711,3295
RAW,12007393,3714,3295
RAW,12007421,3713,3298
RAW,12007449,3712,3297
RAW,12007477,3712,3298
RAW,12007505,3712,3299
RAW,12007533,3711,3302
RAW,12007561,3714,3303
RAW,12007589,3711,3303
RAW,12007617,3711,3306
RAW,12007645,3712,3306
RAW,12007673,3711,3307
RAW,12007701,3711,3307
RAW,12007729,3711,3307
RAW,12007757,3713,3310
RAW,12007785,3712,3311
RAW,12007813,3711,3311
RAW,12007841,3711,3311
RAW,12007869,3712,3313
RAW,12007897,3713,3315
RAW,12007925,3711,3317
RAW,12007953,3711,3316
RAW,12007981,3714,3318
RAW,12008009,3714,3318
RAW,12008037,3712,3320
RAW,12008065,3711,3321
RAW,12008093,3711,3322
RAW,12008121,3712,3323
RAW,12008149,3713,3326
RAW,12008177,3714,3330
RAW,12008205,3712,3327
RAW,12008233,3714,3331
RAW,12008261,3714,3334
RAW,12008289,3711,3337
RAW,12008317,3715,3339
RAW,12008345,3714,3343
RAW,12008373,3713,3343
RAW,12008401,3713,3350
RAW,12008429,3714,3354
RAW,12008457,3715,3357
RAW,12008485,3714,3361
RAW,12008513,3714,3365
RAW,12008541,3714,3369
RAW,12008569,3715,3373
RAW,12008598,3715,3377
RAW,12008626,3715,3384
RAW,12008654,3715,3387
RAW,12008682,3715,3390
RAW,12008710,3716,3395
RAW,12008738,3715,3402
RAW,12008779,3714,3407
RAW,12008807,3717,3415
RAW,12008835,3715,3419
RAW,12008863,3717,3427
RAW,12008891,3715,3431
RAW,12008919,3715,3438
RAW,12008947,3715,3443
RAW,12008975,3715,3449
RAW,12009003,3714,3456
RAW,12009031,3714,3463
RAW,12009059,3715,3471
RAW,12009087,3716,3478
RAW,12009115,3715,3485
RAW,12009143,3715,3491
RAW,12009171,3716,3499
RAW,12009199,3715,3507
RAW,12009227,3715,3515
RAW,12009255,3714,3522
RAW,12009283,3715,3530
RAW,12009311,3713,3540
RAW,12009339,3715,3547
RAW,12009367,3714,3554
RAW,12009395,3714,3563
RAW,12009423,3714,3570
RAW,12009451,3715,3578
RAW,12009479,3713,3586
RAW,12009507,3715,3593
RAW,12009535,3714,3599
RAW,12009563,3714,3611
RAW,12009591,3713,3616
RAW,12009619,3713,3624
RAW,12009647,3715,3631
RAW,12009675,3714,3638
RAW,12009703,3715,3645
RAW,12009731,3713,3653
RAW,12009759,3715,3659
RAW,12009787,3713,3666
RAW,12009815,3715,3674
RAW,12009843,3713,3679
RAW,12009871,3714,3688
RAW,12009899,3714,3691
RAW,12009927,3715,3701
RAW,12009955,3715,3706
RAW,12009983,3715,3714
RAW,12010011,3715,3715
RAW,12010039,3714,3723
RAW,12010067,3714,3727
RAW,12010095,3714,3727
RAW,12010123,3714,3735
RAW,12010151,3716,3741
RAW,12010179,3715,3743
RAW,12010207,3714,3747
RAW,12010235,3715,3751
RAW,12010263,3715,3751
RAW,12010291,3715,3757
RAW,12010319,3715,3758
RAW,12010347,3715,3762
RAW,12010375,3718,3764
RAW,12010403,3715,3767
RAW,12010431,3717,3767
RAW,12010459,3715,3769
RAW,12010487,3715,3769
RAW,12010515,3717,3770
RAW,12010543,3718,3771
RAW,12010571,3715,3771
RAW,12010600,3718,3773
RAW,12010628,3718,3774
RAW,12010656,3718,3776
RAW,12010684,3715,3776
RAW,12010712,3717,3777
RAW,12010740,3715,3775
RAW,12010768,3718,3777
RAW,12010796,3718,3776
RAW,12010824,3719,3775
RAW,12010852,3718,3775
RAW,12010880,3718,3775
RAW,12010908,3715,3773
RAW,12010936,3718,3771
RAW,12010964,3718,3771
RAW,12010992,3718,3771
RAW,12011020,3715,3770
RAW,12011048,3718,3770
RAW,12011076,3718,3767
RAW,12011104,3718,3766
RAW,12011132,3718,3767
RAW,12011160,3715,3766
RAW,12011188,3715,3763
RAW,12011216,3718,3763
RAW,12011244,3718,3763
RAW,12011272,3718,3763
RAW,12011300,3719,3762
RAW,12011328,3718,3759
RAW,12011356,3718,3759
RAW,12011384,3718,3759
RAW,12011412,3717,3759
RAW,12011440,3715,3759
RAW,12011468,3715,3759
RAW,12011496,3718,3758
RAW,12011524,3715,3755
RAW,12011552,3715,3757
RAW,12011580,3717,3757
RAW,12011609,3718,3755
RAW,12011637,3717,3755
RAW,12011665,3719,3753
RAW,12011693,3719,3754
RAW,12011721,3718,3752
RAW,12011749,3718,3751
RAW,12011777,3719,3751
RAW,12011805,3719,3751
RAW,12011833,3718,3751
RAW,12011861,3717,3752
RAW,12011889,3717,3754
RAW,12011917,3718,3754
RAW,12011945,3718,3756
RAW,12011973,3718,3755
RAW,12012001,3718,3758
RAW,12012029,3718,3755
RAW,12012057,3718,3757
RAW,12012085,3718,3757
RAW,12012113,3718,3755
RAW,12012141,3718,3754
RAW,12012169,3718,3755
RAW,12012197,3718,3756
RAW,12012225,3718,3755
RAW,12012253,3715,3758
RAW,12012281,3718,3758
RAW,12012309,3718,3759
RAW,12012337,3718,3761
RAW,12012365,3715,3759
RAW,12012393,3717,3762
RAW,12012421,3719,3759
RAW,12012449,3717,3763
RAW,12012477,3719,3759
RAW,12012505,3717,3763
RAW,12012533,3717,3765
RAW,12012561,3718,3763
RAW,12012589,3717,3765
RAW,12012617,3717,3765
RAW,12012645,3719,3766
RAW,12012673,3719,3763
RAW,12012701,3717,3763
RAW,12012729,3718,3766
RAW,12012757,3718,3766
RAW,12012785,3717,3766
RAW,12012813,3717,3768
RAW,12012841,3719,3769
RAW,12012869,3718,3770
RAW,12012897,3718,3770
RAW,12012925,3718,3771
RAW,12012953,3719,3770
RAW,12012981,3715,3771
RAW,12013009,3717,3771
RAW,12013037,3718,3771
RAW,12013065,3718,3771
RAW,12013093,3719,3773
RAW,12013121,3718,3771
RAW,12013149,3718,3773
RAW,12013177,3718,3773
RAW,12013205,3718,3771
RAW,12013233,3718,3770
RAW,12013261,3719,3767
RAW,12013289,3719,3766
RAW,12013317,3719,3762
RAW,12013345,3718,3759
RAW,12013373,3718,3756
RAW,12013401,3719,3755
RAW,12013429,3718,3751
RAW,12013457,3719,3747
RAW,12013485,3718,3743
RAW,12013513,3718,3741
RAW,12013541,3717,3735
RAW,12013569,3719,3731
RAW,12013599,3717,3727
RAW,12013627,3718,3723
RAW,12013655,3719,3717
RAW,12013683,3717,3711
RAW,12013711,3718,3707
RAW,12013739,3719,3703
RAW,12013767,3718,3695
RAW,12013795,3718,3690
RAW,12013823,3719,3685
RAW,12013851,3720,3678
RAW,12013879,3718,3671
RAW,12013907,3718,3665
RAW,12013935,3720,3659
RAW,12013963,3718,3651
RAW,12013991,3715,3645
RAW,12014019,3715,3638
RAW,12014047,3718,3631
RAW,12014075,3718,3625
RAW,12014103,3718,3615
RAW,12014131,3719,3610
RAW,12014159,3717,3603
RAW,12014187,3718,3597
RAW,12014215,3719,3589
RAW,12014243,3715,3581
RAW,12014271,3719,3575
RAW,12014299,3719,3567
RAW,12014327,3718,3563
RAW,12014355,3718,3558
RAW,12014383,3718,3551
RAW,12014411,3718,3547
RAW,12014439,3719,3541
RAW,12014467,3718,3534
RAW,12014495,3720,3529
RAW,12014523,3719,3522
RAW,12014551,3715,3515
RAW,12014579,3719,3508
RAW,12014608,3717,3499
RAW,12014636,3718,3495
RAW,12014664,3719,3487
RAW,12014692,3719,3479
RAW,12014720,3717,3474
RAW,12014748,3717,3467
RAW,12014776,3719,3459
RAW,12014804,3718,3454
RAW,12014832,3715,3449
RAW,12014860,3718,3443
RAW,12014888,3718,3435
RAW,12014916,3719,3431
RAW,12014944,3719,3425
RAW,12014972,3717,3419
RAW,12015000,3718,3413
RAW,12015028,3718,3407
RAW,12015056,3717,3402
RAW,12015084,3719,3395
RAW,12015112,3715,3393
RAW,12015140,3718,3386
RAW,12015168,3715,3381
RAW,12015196,3718,3375
RAW,12015224,3718,3371
RAW,12015252,3717,3366
RAW,12015280,3718,3363
RAW,12015308,3719,3358
RAW,12015336,3719,3354
RAW,12015364,3718,3351
RAW,12015392,3719,3347
RAW,12015420,3719,3343
RAW,12015448,3718,3341
RAW,12015476,3718,3337
RAW,12015504,3717,3334
RAW,12015532,3719,3331
RAW,12015560,3720,3329
RAW,12015588,3722,3327
DROP_RAW_END,1
EVT,20469,DROP dt=11 tau=5 V=103.2
DROP,20469,2,11523,5871,6886,81,54,1032,1,0,3823,3397
DROP_RAW_BEGIN,20469,2,912,20315237,20340644,20322270
RAW,20315237,3718,3292
RAW,20315264,3717,3291
RAW,20315292,3717,3291
RAW,20315319,3717,3291
RAW,20315347,3717,3291
RAW,20315374,3715,3291
RAW,20315401,3717,3293
RAW,20315429,3715,3291
RAW,20315456,3717,3291
RAW,20315484,3717,3291
RAW,20315511,3717,3293
RAW,20315539,3718,3292
RAW,20315566,3715,3291
RAW,20315595,3718,3291
RAW,20315622,3717,3290
RAW,20315650,3717,3291
RAW,20315677,3718,3291
RAW,20315705,3715,3291
RAW,20315732,3717,3291
RAW,20315760,3717,3292
RAW,20315787,3717,3293
RAW,20315815,3718,3291
RAW,20315842,3716,3291
RAW,20315869,3715,3290
RAW,20315897,3718,3291
RAW,20315924,3717,3292
RAW,20315952,3715,3293
RAW,20315979,3718,3292
RAW,20316007,3717,3291
RAW,20316034,3716,3291
RAW,20316062,3718,3291
RAW,20316089,3717,3291
RAW,20316117,3715,3291
RAW,20316144,3715,3291
RAW,20316171,3715,3291
RAW,20316199,3717,3293
RAW,20316226,3717,3290
RAW,20316254,3718,3293
RAW,20316281,3715,3291
RAW,20316309,3718,3291
RAW,20316336,3715,3291
RAW,20316364,3718,3293
RAW,20316391,3719,3292
RAW,20316419,3719,3290
RAW,20316446,3718,3294
RAW,20316473,3717,3293
RAW,20316501,3718,3291
RAW,20316528,3715,3291
RAW,20316556,3717,3291
RAW,20316583,3717,3293
RAW,20316611,3719,3291
RAW,20316638,3718,3293
RAW,20316666,3717,3291
RAW,20316693,3717,3293
RAW,20316720,3718,3291
RAW,20316748,3718,3293
RAW,20316775,3717,3291
RAW,20316803,3718,3291
RAW,20316830,3719,3291
RAW,20316858,3717,3291
RAW,20316885,3717,3290
RAW,20316913,3718,3291
RAW,20316940,3717,3291
RAW,20316968,3718,3291
RAW,20316995,3717,3294
RAW,20317022,3717,3293
RAW,20317050,3717,3291
RAW,20317077,3719,3291
RAW,20317105,3715,3294
RAW,20317132,3716,3291
RAW,20317160,3717,3291
RAW,20317187,3716,3291
RAW,20317215,3717,3291
RAW,20317242,3717,3291
RAW,20317270,3717,3291
RAW,20317297,3717,3293
RAW,20317324,3717,3291
RAW,20317352,3716,3291
RAW,20317379,3718,3293
RAW,20317407,3715,3290
RAW,20317434,3718,3291
RAW,20317462,3715,3293
RAW,20317489,3715,3293
RAW,20317517,3717,3291
RAW,20317544,3715,3291
RAW,20317572,3717,3291
RAW,20317600,3716,3291
RAW,20317628,3717,3292
RAW,20317655,3718,3290
RAW,20317683,3717,3291
RAW,20317710,3718,3291
RAW,20317737,3717,3290
RAW,20317765,3717,3291
RAW,20317792,3717,3290
RAW,20317820,3715,3291
RAW,20317847,3715,3291
RAW,20317875,3717,3291
RAW,20317902,3716,3293
RAW,20317930,3714,3291
RAW,20317957,3717,3293
RAW,20317985,3717,3293
RAW,20318012,3717,3291
RAW,20318039,3715,3291
RAW,20318067,3715,3291
RAW,20318094,3715,3291
RAW,20318122,3715,3291
RAW,20318149,3715,3293
RAW,20318177,3715,3291
RAW,20318204,3717,3293
RAW,20318232,3714,3291
RAW,20318259,3715,3291
RAW,20318287,3715,3291
RAW,20318314,3714,3292
RAW,20318341,3716,3291
RAW,20318369,3715,3293
RAW,20318396,3717,3291
RAW,20318424,3715,3291
RAW,20318451,3715,3290
RAW,20318479,3715,3293
RAW,20318506,3715,3291
RAW,20318534,3714,3291
RAW,20318561,3715,3291
RAW,20318589,3715,3293
RAW,20318616,3715,3292
RAW,20318643,3716,3291
RAW,20318671,3715,3291
RAW,20318698,3715,3291
RAW,20318726,3715,3292
RAW,20318753,3715,3291
RAW,20318781,3717,3291
RAW,20318808,3717,3291
RAW,20318836,3715,3291
RAW,20318863,3715,3293
RAW,20318891,3715,3291
RAW,20318918,3715,3291
RAW,20318945,3715,3291
RAW,20318973,3714,3290
RAW,20319000,3715,3291
RAW,20319028,3715,3289
RAW,20319055,3714,3291
RAW,20319083,3715,3290
RAW,20319110,3714,3291
RAW,20319138,3714,3291
RAW,20319165,3714,3290
RAW,20319192,3714,3290
RAW,20319220,3715,3291
RAW,20319247,3715,3291
RAW,20319275,3714,3290
RAW,20319302,3715,3290
RAW,20319330,3713,3291
RAW,20319357,3715,3292
RAW,20319385,3713,3291
RAW,20319412,3715,3291
RAW,20319440,3715,3291
RAW,20319467,3715,3290
RAW,20319494,3714,3293
RAW,20319522,3715,3293
RAW,20319549,3715,3291
RAW,20319577,3713,3290
RAW,20319606,3715,3291
RAW,20319633,3714,3291
RAW,20319660,3714,3291
RAW,20319688,3713,3291
RAW,20319715,3714,3291
RAW,20319743,3714,3290
RAW,20319770,3714,3291
RAW,20319798,3713,3291
RAW,20319825,3714,3291
RAW,20319853,3711,3291
RAW,20319880,3715,3291
RAW,20319908,3715,3291
RAW,20319935,3713,3290
RAW,20319962,3714,3290
RAW,20319990,3714,3291
RAW,20320017,3714,3291
RAW,20320045,3713,3291
RAW,20320072,3714,3291
RAW,20320100,3715,3291
RAW,20320127,3714,3290
RAW,20320155,3714,3291
RAW,20320182,3714,3290
RAW,20320210,3715,3291
RAW,20320237,3715,3291
RAW,20320264,3717,3290
RAW,20320292,3715,3291
RAW,20320319,3719,3290
RAW,20320347,3719,3291
RAW,20320374,3718,3291
RAW,20320402,3719,3293
RAW,20320429,3721,3291
RAW,20320457,3721,3293
RAW,20320484,3723,3291
RAW,20320512,3723,3291
RAW,20320539,3725,3291
RAW,20320566,3726,3291
RAW,20320595,3726,3291
RAW,20320623,3727,3290
RAW,20320650,3731,3290
RAW,20320678,3731,3291
RAW,20320705,3733,3293
RAW,20320732,3735,3291
RAW,20320760,3736,3291
RAW,20320787,3737,3291
RAW,20320815,3739,3291
RAW,20320842,3739,3291
RAW,20320870,3743,3291
RAW,20320897,3743,3291
RAW,20320925,3743,3292
RAW,20320952,3746,3291
RAW,20320980,3746,3291
RAW,20321007,3747,3290
RAW,20321034,3752,3293
RAW,20321062,3752,3290
RAW,20321089,3754,3291
RAW,20321117,3755,3291
RAW,20321144,3757,3291
RAW,20321172,3759,3290
RAW,20321199,3759,3291
RAW,20321227,3763,3291
RAW,20321254,3763,3293
RAW,20321282,3767,3290
RAW,20321309,3768,3291
RAW,20321336,3770,3292
RAW,20321364,3770,3291
RAW,20321391,3773,3291
RAW,20321419,3777,3291
RAW,20321446,3778,3291
RAW,20321474,3779,3291
RAW,20321501,3779,3291
RAW,20321529,3782,3291
RAW,20321556,3784,3291
RAW,20321583,3786,3293
RAW,20321611,3787,3293
RAW,20321638,3791,3291
RAW,20321666,3790,3291
RAW,20321693,3791,3291
RAW,20321721,3795,3291
RAW,20321748,3795,3291
RAW,20321776,3797,3292
RAW,20321803,3799,3291
RAW,20321831,3801,3291
RAW,20321858,3799,3291
RAW,20321885,3802,3293
RAW,20321913,3805,3292
RAW,20321940,3805,3291
RAW,20321968,3807,3293
RAW,20321995,3810,3291
RAW,20322023,3810,3293
RAW,20322050,3812,3293
RAW,20322078,3814,3291
RAW,20322105,3815,3291
RAW,20322133,3815,3291
RAW,20322160,3818,3291
RAW,20322187,3819,3291
RAW,20322215,3819,3291
RAW,20322242,3822,3291
RAW,20322270,3823,3291
RAW,20322301,3823,3291
RAW,20322329,3823,3291
RAW,20322357,3826,3293
RAW,20322385,3827,3291
RAW,20322413,3827,3292
RAW,20322441,3827,3291
RAW,20322469,3827,3291
RAW,20322497,3831,3291
RAW,20322525,3830,3291
RAW,20322553,3830,3291
RAW,20322581,3832,3292
RAW,20322609,3830,3291
RAW,20322637,3831,3293
RAW,20322665,3831,3291
RAW,20322693,3830,3292
RAW,20322721,3830,3293
RAW,20322749,3830,3291
RAW,20322777,3827,3293
RAW,20322805,3829,3291
RAW,20322833,3827,3293
RAW,20322861,3829,3291
RAW,20322889,3827,3291
RAW,20322917,3823,3290
RAW,20322945,3823,3291
RAW,20322973,3823,3293
RAW,20323001,3823,3291
RAW,20323029,3823,3291
RAW,20323057,3823,3293
RAW,20323085,3819,3291
RAW,20323113,3821,3291
RAW,20323141,3821,3291
RAW,20323169,3817,3293
RAW,20323197,3817,3291
RAW,20323225,3813,3291
RAW,20323253,3811,3291
RAW,20323281,3813,3293
RAW,20323309,3810,3291
RAW,20323337,3809,3292
RAW,20323365,3807,3291
RAW,20323393,3807,3291
RAW,20323421,3803,3293
RAW,20323449,3804,3292
RAW,20323476,3802,3293
RAW,20323504,3802,3291
RAW,20323532,3803,3293
RAW,20323560,3803,3291
RAW,20323588,3802,3291
RAW,20323616,3803,3291
RAW,20323644,3805,3293
RAW,20323672,3806,3291
RAW,20323700,3807,3291
RAW,20323728,3807,3292
RAW,20323756,3810,3291
RAW,20323784,3810,3291
RAW,20323812,3813,3291
RAW,20323840,3814,3291
RAW,20323868,3815,3291
RAW,20323896,3821,3291
RAW,20323924,3821,3291
RAW,20323952,3823,3291
RAW,20323980,3823,3293
RAW,20324008,3827,3291
RAW,20324036,3832,3291
RAW,20324064,3833,3291
RAW,20324092,3838,3291
RAW,20324120,3839,3291
RAW,20324148,3842,3293
RAW,20324176,3846,3291
RAW,20324204,3851,3293
RAW,20324232,3853,3293
RAW,20324260,3855,3293
RAW,20324288,3859,3291
RAW,20324316,3863,3291
RAW,20324344,3867,3291
RAW,20324371,3870,3290
RAW,20324399,3871,3291
RAW,20324427,3875,3291
RAW,20324455,3879,3293
RAW,20324483,3882,3291
RAW,20324511,3883,3291
RAW,20324539,3887,3293
RAW,20324567,3887,3290
RAW,20324597,3893,3291
RAW,20324625,3897,3290
RAW,20324652,3899,3291
RAW,20324680,3899,3291
RAW,20324708,3904,3293
RAW,20324736,3906,3294
RAW,20324764,3907,3292
RAW,20324792,3910,3291
RAW,20324820,3912,3291
RAW,20324848,3913,3291
RAW,20324876,3916,3291
RAW,20324904,3915,3293
RAW,20324932,3919,3291
RAW,20324960,3919,3291
RAW,20324988,3924,3293
RAW,20325016,3926,3293
RAW,20325044,3928,3290
RAW,20325072,3931,3292
RAW,20325100,3930,3294
RAW,20325128,3933,3291
RAW,20325156,3935,3290
RAW,20325184,3935,3293
RAW,20325212,3938,3291
RAW,20325240,3939,3293
RAW,20325268,3941,3292
RAW,20325296,3943,3291
RAW,20325324,3943,3291
RAW,20325352,3945,3291
RAW,20325380,3947,3291
RAW,20325408,3946,3292
RAW,20325436,3946,3291
RAW,20325464,3947,3291
RAW,20325492,3946,3291
RAW,20325520,3946,3291
RAW,20325547,3947,3292
RAW,20325575,3947,3291
RAW,20325605,3946,3291
RAW,20325633,3946,3293
RAW,20325661,3944,3291
RAW,20325689,3943,3291
RAW,20325717,3942,3291
RAW,20325745,3941,3293
RAW,20325772,3939,3291
RAW,20325800,3939,3293
RAW,20325828,3938,3291
RAW,20325856,3935,3291
RAW,20325884,3935,3291
RAW,20325912,3934,3292
RAW,20325940,3931,3292
RAW,20325968,3931,3291
RAW,20325996,3930,3290
RAW,20326024,3928,3292
RAW,20326052,3928,3291
RAW,20326080,3926,3291
RAW,20326108,3923,3293
RAW,20326136,3919,3291
RAW,20326164,3919,3293
RAW,20326192,3917,3291
RAW,20326220,3915,3291
RAW,20326248,3911,3291
RAW,20326276,3911,3291
RAW,20326304,3907,3291
RAW,20326332,3905,3291
RAW,20326360,3904,3293
RAW,20326388,3901,3291
RAW,20326416,3898,3291
RAW,20326444,3895,3291
RAW,20326472,3893,3291
RAW,20326500,3887,3293
RAW,20326528,3887,3291
RAW,20326556,3885,3291
RAW,20326584,3882,3289
RAW,20326612,3879,3291
RAW,20326640,3875,3291
RAW,20326667,3874,3291
RAW,20326695,3869,3291
RAW,20326723,3867,3293
RAW,20326751,3864,3291
RAW,20326779,3861,3291
RAW,20326807,3858,3291
RAW,20326835,3855,3291
RAW,20326863,3853,3291
RAW,20326891,3850,3291
RAW,20326919,3847,3292
RAW,20326947,3843,3291
RAW,20326975,3843,3291
RAW,20327003,3838,3291
RAW,20327031,3836,3290
RAW,20327059,3833,3291
RAW,20327087,3831,3291
RAW,20327115,3827,3293
RAW,20327143,3823,3291
RAW,20327171,3822,3291
RAW,20327199,3820,3291
RAW,20327227,3818,3293
RAW,20327255,3815,3291
RAW,20327283,3811,3293
RAW,20327311,3811,3291
RAW,20327339,3807,3291
RAW,20327367,3806,3291
RAW,20327395,3802,3291
RAW,20327423,3798,3291
RAW,20327451,3799,3293
RAW,20327479,3795,3291
RAW,20327507,3791,3292
RAW,20327535,3791,3291
RAW,20327562,3787,3293
RAW,20327590,3785,3293
RAW,20327618,3786,3291
RAW,20327646,3782,3291
RAW,20327674,3781,3294
RAW,20327702,3779,3291
RAW,20327730,3775,3291
RAW,20327758,3776,3292
RAW,20327786,3773,3290
RAW,20327814,3771,3291
RAW,20327842,3770,3293
RAW,20327870,3767,3291
RAW,20327898,3766,3291
RAW,20327926,3766,3293
RAW,20327954,3759,3293
RAW,20327982,3762,3291
RAW,20328010,3761,3290
RAW,20328038,3758,3293
RAW,20328066,3755,3293
RAW,20328094,3755,3292
RAW,20328122,3754,3291
RAW,20328150,3751,3291
RAW,20328192,3751,3291
RAW,20328220,3750,3291
RAW,20328248,3747,3291
RAW,20328276,3745,3291
RAW,20328304,3743,3290
RAW,20328331,3743,3293
RAW,20328359,3741,3291
RAW,20328387,3739,3293
RAW,20328415,3739,3291
RAW,20328443,3737,3290
RAW,20328471,3735,3293
RAW,20328499,3735,3291
RAW,20328527,3735,3291
RAW,20328555,3732,3292
RAW,20328583,3727,3293
RAW,20328611,3727,3291
RAW,20328639,3727,3293
RAW,20328667,3727,3291
RAW,20328695,3725,3293
RAW,20328723,3723,3293
RAW,20328751,3722,3292
RAW,20328779,3719,3291
RAW,20328807,3715,3291
RAW,20328835,3718,3291
RAW,20328863,3714,3293
RAW,20328891,3714,3291
RAW,20328919,3711,3293
RAW,20328947,3710,3291
RAW,20328975,3707,3291
RAW,20329003,3706,3291
RAW,20329031,3706,3291
RAW,20329059,3704,3291
RAW,20329087,3704,3291
RAW,20329115,3702,3291
RAW,20329143,3699,3291
RAW,20329171,3700,3291
RAW,20329199,3699,3290
RAW,20329227,3695,3291
RAW,20329255,3695,3291
RAW,20329283,3694,3291
RAW,20329311,3693,3290
RAW,20329339,3691,3291
RAW,20329367,3691,3290
RAW,20329395,3691,3291
RAW,20329423,3690,3293
RAW,20329451,3687,3292
RAW,20329479,3687,3291
RAW,20329507,3686,3291
RAW,20329535,3686,3291
RAW,20329563,3683,3290
RAW,20329591,3684,3291
RAW,20329619,3683,3292
RAW,20329647,3683,3291
RAW,20329675,3682,3291
RAW,20329703,3683,3291
RAW,20329731,3683,3289
RAW,20329759,3681,3291
RAW,20329787,3679,3292
RAW,20329815,3682,3291
RAW,20329843,3679,3290
RAW,20329871,3679,3291
RAW,20329899,3679,3291
RAW,20329927,3678,3293
RAW,20329955,3678,3291
RAW,20329983,3679,3291
RAW,20330011,3678,3291
RAW,20330039,3679,3291
RAW,20330067,3679,3293
RAW,20330095,3681,3291
RAW,20330122,3681,3293
RAW,20330150,3683,3293
RAW,20330178,3683,3293
RAW,20330206,3686,3291
RAW,20330234,3687,3291
RAW,20330262,3689,3291
RAW,20330290,3691,3293
RAW,20330318,3691,3291
RAW,20330346,3694,3294
RAW,20330374,3695,3293
RAW,20330402,3695,3291
RAW,20330430,3699,3291
RAW,20330458,3699,3293
RAW,20330486,3702,3293
RAW,20330514,3703,3293
RAW,20330542,3706,3291
RAW,20330570,3706,3291
RAW,20330599,3706,3294
RAW,20330627,3709,3292
RAW,20330655,3709,3294
RAW,20330683,3710,3293
RAW,20330711,3711,3294
RAW,20330739,3711,3295
RAW,20330767,3711,3294
RAW,20330795,3711,3293
RAW,20330823,3712,3294
RAW,20330851,3714,3294
RAW,20330879,3714,3294
RAW,20330907,3711,3294
RAW,20330935,3714,3295
RAW,20330963,3714,3294
RAW,20330991,3713,3295
RAW,20331019,3715,3294
RAW,20331047,3714,3295
RAW,20331075,3715,3293
RAW,20331103,3715,3295
RAW,20331131,3717,3293
RAW,20331159,3715,3295
RAW,20331187,3718,3296
RAW,20331215,3717,3295
RAW,20331243,3717,3294
RAW,20331271,3715,3293
RAW,20331299,3717,3295
RAW,20331327,3717,3293
RAW,20331355,3717,3294
RAW,20331383,3715,3295
RAW,20331411,3715,3293
RAW,20331439,3715,3294
RAW,20331467,3718,3294
RAW,20331495,3715,3291
RAW,20331523,3715,3295
RAW,20331551,3714,3291
RAW,20331579,3717,3291
RAW,20331608,3715,3293
RAW,20331636,3716,3293
RAW,20331664,3714,3291
RAW,20331692,3714,3291
RAW,20331720,3714,3293
RAW,20331748,3715,3293
RAW,20331776,3714,3291
RAW,20331804,3714,3291
RAW,20331832,3714,3292
RAW,20331860,3715,3291
RAW,20331888,3715,3291
RAW,20331916,3713,3290
RAW,20331944,3714,3290
RAW,20331972,3713,3291
RAW,20332000,3714,3291
RAW,20332028,3712,3291
RAW,20332056,3713,3291
RAW,20332084,3714,3292
RAW,20332112,3713,3291
RAW,20332140,3714,3291
RAW,20332168,3713,3291
RAW,20332196,3713,3291
RAW,20332224,3714,3293
RAW,20332252,3713,3291
RAW,20332280,3713,3293
RAW,20332308,3712,3293
RAW,20332336,3711,3294
RAW,20332364,3712,3295
RAW,20332392,3713,3295
RAW,20332420,3712,3294
RAW,20332448,3712,3295
RAW,20332476,3714,3295
RAW,20332504,3711,3298
RAW,20332532,3711,3297
RAW,20332560,3711,3299
RAW,20332588,3710,3299
RAW,20332616,3713,3300
RAW,20332644,3711,3302
RAW,20332672,3712,3303
RAW,20332700,3712,3303
RAW,20332728,3712,3304
RAW,20332756,3714,3306
RAW,20332784,3713,3307
RAW,20332812,3711,3309
RAW,20332840,3711,3309
RAW,20332868,3712,3311
RAW,20332896,3712,3311
RAW,20332924,3711,3311
RAW,20332952,3714,3311
RAW,20332980,3712,3314
RAW,20333008,3714,3315
RAW,20333036,3712,3317
RAW,20333064,3712,3318
RAW,20333092,3711,3318
RAW,20333120,3712,3321
RAW,20333148,3714,3322
RAW,20333176,3713,3323
RAW,20333204,3711,3325
RAW,20333232,3712,3327
RAW,20333260,3712,3329
RAW,20333288,3712,3331
RAW,20333316,3711,3333
RAW,20333344,3713,3336
RAW,20333372,3713,3337
RAW,20333400,3714,3339
RAW,20333428,3711,3343
RAW,20333456,3713,3345
RAW,20333484,3714,3350
RAW,20333512,3714,3355
RAW,20333540,3715,3355
RAW,20333568,3714,3359
RAW,20333597,3713,3363
RAW,20333625,3714,3369
RAW,20333653,3715,3375
RAW,20333681,3715,3378
RAW,20333709,3716,3382
RAW,20333737,3714,3386
RAW,20333765,3715,3392
RAW,20333793,3715,3397
RAW,20333835,3715,3403
RAW,20333863,3715,3407
RAW,20333891,3717,3414
RAW,20333919,3715,3419
RAW,20333947,3716,3423
RAW,20333975,3715,3429
RAW,20334003,3717,3438
RAW,20334031,3715,3443
RAW,20334059,3717,3449
RAW,20334087,3714,3455
RAW,20334115,3714,3461
RAW,20334143,3715,3469
RAW,20334171,3715,3477
RAW,20334199,3715,3483
RAW,20334227,3715,3491
RAW,20334255,3715,3499
RAW,20334283,3715,3506
RAW,20334311,3715,3514
RAW,20334339,3715,3521
RAW,20334367,3713,3531
RAW,20334395,3714,3539
RAW,20334423,3716,3547
RAW,20334451,3716,3555
RAW,20334479,3715,3563
RAW,20334507,3715,3567
RAW,20334535,3715,3578
RAW,20334563,3715,3583
RAW,20334591,3717,3593
RAW,20334619,3714,3599
RAW,20334647,3715,3609
RAW,20334675,3714,3615
RAW,20334703,3714,3623
RAW,20334731,3714,3631
RAW,20334759,3714,3639
RAW,20334787,3713,3645
RAW,20334815,3714,3654
RAW,20334843,3714,3659
RAW,20334871,3713,3667
RAW,20334899,3717,3671
RAW,20334927,3714,3681
RAW,20334955,3714,3687
RAW,20334983,3714,3694
RAW,20335011,3714,3699
RAW,20335039,3715,3705
RAW,20335067,3715,3711
RAW,20335095,3715,3717
RAW,20335123,3716,3723
RAW,20335151,3715,3727
RAW,20335179,3714,3731
RAW,20335207,3714,3735
RAW,20335235,3714,3739
RAW,20335263,3714,3743
RAW,20335291,3715,3746
RAW,20335319,3715,3750
RAW,20335347,3715,3752
RAW,20335375,3716,3755
RAW,20335403,3715,3758
RAW,20335431,3715,3759
RAW,20335459,3717,3763
RAW,20335487,3717,3766
RAW,20335515,3715,3767
RAW,20335543,3715,3769
RAW,20335571,3715,3771
RAW,20335600,3717,3771
RAW,20335628,3715,3773
RAW,20335656,3718,3771
RAW,20335684,3715,3774
RAW,20335712,3718,3773
RAW,20335740,3715,3774
RAW,20335768,3718,3774
RAW,20335796,3718,3774
RAW,20335824,3715,3776
RAW,20335852,3715,3774
RAW,20335880,3719,3777
RAW,20335908,3718,3774
RAW,20335936,3715,3775
RAW,20335964,3715,3774
RAW,20335992,3717,3773
RAW,20336020,3718,3771
RAW,20336048,3715,3769
RAW,20336076,3719,3771
RAW,20336104,3719,3767
RAW,20336132,3718,3770
RAW,20336160,3719,3768
RAW,20336188,3718,3767
RAW,20336216,3717,3766
RAW,20336244,3715,3767
RAW,20336272,3719,3765
RAW,20336300,3718,3762
RAW,20336328,3717,3759
RAW,20336356,3719,3759
RAW,20336384,3717,3759
RAW,20336412,3717,3759
RAW,20336440,3718,3759
RAW,20336468,3715,3759
RAW,20336496,3718,3759
RAW,20336524,3719,3758
RAW,20336552,3717,3758
RAW,20336580,3718,3758
RAW,20336609,3718,3758
RAW,20336637,3718,3757
RAW,20336665,3718,3755
RAW,20336693,3717,3754
RAW,20336721,3718,3754
RAW,20336749,3717,3754
RAW,20336777,3719,3751
RAW,20336805,3718,3751
RAW,20336833,3715,3751
RAW,20336861,3718,3754
RAW,20336889,3718,3754
RAW,20336917,3719,3754
RAW,20336945,3717,3755
RAW,20336973,3718,3755
RAW,20337001,3719,3758
RAW,20337029,3719,3758
RAW,20337057,3718,3759
RAW,20337085,3717,3759
RAW,20337113,3719,3759
RAW,20337141,3718,3759
RAW,20337169,3719,3759
RAW,20337197,3718,3755
RAW,20337225,3718,3755
RAW,20337253,3719,3757
RAW,20337281,3717,3757
RAW,20337309,3719,3759
RAW,20337337,3719,3759
RAW,20337365,3719,3759
RAW,20337393,3715,3759
RAW,20337421,3717,3763
RAW,20337449,3718,3763
RAW,20337477,3717,3763
RAW,20337505,3715,3765
RAW,20337533,3718,3765
RAW,20337561,3718,3766
RAW,20337589,3717,3766
RAW,20337617,3719,3766
RAW,20337645,3718,3767
RAW,20337673,3718,3766
RAW,20337701,3717,3766
RAW,20337729,3718,3763
RAW,20337757,3715,3765
RAW,20337785,3715,3765
RAW,20337813,3718,3767
RAW,20337841,3717,3767
RAW,20337869,3717,3767
RAW,20337897,3715,3770
RAW,20337925,3717,3770
RAW,20337953,3718,3770
RAW,20337981,3718,3771
RAW,20338009,3718,3770
RAW,20338037,3719,3771
RAW,20338065,3718,3771
RAW,20338093,3718,3771
RAW,20338121,3715,3771
RAW,20338149,3718,3771
RAW,20338177,3718,3771
RAW,20338205,3717,3771
RAW,20338233,3715,3773
RAW,20338261,3717,3771
RAW,20338289,3717,3769
RAW,20338317,3717,3767
RAW,20338345,3717,3766
RAW,20338373,3718,3763
RAW,20338401,3718,3759
RAW,20338429,3718,3758
RAW,20338457,3718,3755
RAW,20338485,3718,3754
RAW,20338513,3718,3750
RAW,20338541,3719,3746
RAW,20338569,3717,3743
RAW,20338598,3715,3739
RAW,20338626,3717,3735
RAW,20338654,3717,3727
RAW,20338682,3718,3725
RAW,20338710,3718,3719
RAW,20338738,3718,3715
RAW,20338766,3718,3712
RAW,20338794,3718,3706
RAW,20338822,3718,3699
RAW,20338850,3715,3691
RAW,20338878,3717,3688
RAW,20338906,3717,3681
RAW,20338934,3715,3675
RAW,20338962,3718,3669
RAW,20338990,3717,3662
RAW,20339018,3719,3658
RAW,20339046,3718,3650
RAW,20339074,3719,3643
RAW,20339102,3715,3636
RAW,20339130,3715,3627
RAW,20339158,3717,3623
RAW,20339186,3718,3613
RAW,20339214,3717,3607
RAW,20339242,3715,3599
RAW,20339270,3715,3594
RAW,20339298,3717,3586
RAW,20339326,3719,3578
RAW,20339354,3717,3573
RAW,20339382,3715,3566
RAW,20339410,3718,3561
RAW,20339438,3719,3557
RAW,20339466,3718,3550
RAW,20339494,3717,3544
RAW,20339522,3718,3535
RAW,20339550,3717,3530
RAW,20339578,3719,3528
RAW,20339608,3715,3521
RAW,20339636,3717,3513
RAW,20339664,3719,3503
RAW,20339692,3717,3499
RAW,20339720,3717,3490
RAW,20339748,3717,3483
RAW,20339776,3719,3478
RAW,20339804,3719,3471
RAW,20339832,3718,3463
RAW,20339860,3717,3459
RAW,20339888,3717,3451
RAW,20339916,3717,3446
RAW,20339944,3718,3439
RAW,20339972,3718,3433
RAW,20340000,3717,3426
RAW,20340028,3718,3421
RAW,20340056,3715,3415
RAW,20340084,3718,3409
RAW,20340112,3718,3405
RAW,20340140,3715,3399
RAW,20340168,3717,3394
RAW,20340196,3718,3388
RAW,20340224,3717,3383
RAW,20340252,3718,3378
RAW,20340280,3715,3374
RAW,20340308,3718,3369
RAW,20340336,3718,3363
RAW,20340364,3718,3359
RAW,20340392,3717,3357
RAW,20340420,3715,3351
RAW,20340448,3717,3347
RAW,20340476,3719,3343
RAW,20340504,3718,3342
RAW,20340532,3718,3339
RAW,20340560,3717,3334
RAW,20340588,3716,3331
RAW,20340616,3715,3329
RAW,20340644,3717,3326
DROP_RAW_END,2
EVT,28736,DROP dt=11 tau=5 V=104.8
DROP,28736,3,11448,5853,6878,82,54,1048,1,0,3823,3399
DROP_RAW_BEGIN,28736,3,910,28582253,28607597,28589287
RAW,28582253,3717,3291
RAW,28582280,3715,3290
RAW,28582308,3715,3291
RAW,28582335,3717,3291
RAW,28582363,3718,3291
RAW,28582390,3717,3291
RAW,28582418,3717,3291
RAW,28582445,3718,3291
RAW,28582473,3718,3293
RAW,28582500,3719,3292
RAW,28582527,3718,3293
RAW,28582555,3719,3291
RAW,28582582,3718,3290
RAW,28582610,3717,3291
RAW,28582637,3715,3291
RAW,28582665,3717,3293
RAW,28582692,3715,3293
RAW,28582720,3717,3292
RAW,28582747,3717,3291
RAW,28582775,3715,3291
RAW,28582802,3717,3290
RAW,28582829,3718,3291
RAW,28582857,3717,3291
RAW,28582884,3714,3291
RAW,28582912,3715,3293
RAW,28582939,3718,3291
RAW,28582967,3715,3291
RAW,28582994,3716,3292
RAW,28583022,3715,3291
RAW,28583049,3718,3291
RAW,28583077,3717,3291
RAW,28583104,3715,3291
RAW,28583131,3718,3293
RAW,28583159,3717,3291
RAW,28583186,3718,3291
RAW,28583214,3715,3293
RAW,28583241,3716,3293
RAW,28583269,3718,3292
RAW,28583296,3715,3293
RAW,28583324,3715,3291
RAW,28583351,3715,3292
RAW,28583378,3715,3290
RAW,28583406,3717,3291
RAW,28583433,3715,3293
RAW,28583461,3714,3291
RAW,28583488,3717,3293
RAW,28583516,3717,3291
RAW,28583543,3718,3290
RAW,28583571,3717,3290
RAW,28583599,3717,3290
RAW,28583627,3717,3291
RAW,28583654,3715,3291
RAW,28583682,3718,3291
RAW,28583709,3717,3293
RAW,28583737,3717,3291
RAW,28583764,3715,3291
RAW,28583792,3717,3293
RAW,28583819,3716,3290
RAW,28583846,3715,3291
RAW,28583874,3715,3291
RAW,28583901,3717,3291
RAW,28583929,3716,3291
RAW,28583956,3717,3291
RAW,28583984,3715,3291
RAW,28584011,3717,3291
RAW,28584039,3717,3291
RAW,28584066,3718,3293
RAW,28584094,3717,3292
RAW,28584121,3715,3291
RAW,28584148,3717,3293
RAW,28584176,3715,3293
RAW,28584203,3715,3291
RAW,28584231,3717,3291
RAW,28584258,3715,3291
RAW,28584286,3715,3291
RAW,28584313,3715,3292
RAW,28584341,3715,3291
RAW,28584368,3715,3291
RAW,28584396,3718,3291
RAW,28584423,3718,3290
RAW,28584450,3717,3291
RAW,28584478,3718,3293
RAW,28584505,3717,3291
RAW,28584533,3718,3291
RAW,28584560,3718,3293
RAW,28584588,3715,3292
RAW,28584616,3717,3290
RAW,28584643,3717,3291
RAW,28584671,3716,3291
RAW,28584698,3717,3291
RAW,28584726,3719,3291
RAW,28584753,3715,3291
RAW,28584780,3717,3291
RAW,28584808,3715,3291
RAW,28584835,3715,3293
RAW,28584863,3715,3291
RAW,28584890,3715,3291
RAW,28584918,3717,3291
RAW,28584945,3715,3293
RAW,28584973,3717,3291
RAW,28585000,3715,3291
RAW,28585028,3715,3293
RAW,28585055,3715,3293
RAW,28585082,3714,3291
RAW,28585110,3714,3291
RAW,28585137,3717,3291
RAW,28585165,3717,3293
RAW,28585192,3715,3291
RAW,28585220,3717,3293
RAW,28585247,3717,3293
RAW,28585275,3717,3291
RAW,28585302,3715,3291
RAW,28585330,3717,3291
RAW,28585357,3715,3291
RAW,28585384,3717,3291
RAW,28585412,3717,3291
RAW,28585439,3715,3290
RAW,28585467,3715,3290
RAW,28585494,3716,3291
RAW,28585522,3716,3291
RAW,28585549,3717,3292
RAW,28585577,3715,3292
RAW,28585605,3717,3293
RAW,28585633,3714,3291
RAW,28585660,3715,3290
RAW,28585688,3717,3291
RAW,28585715,3715,3291
RAW,28585743,3715,3290
RAW,28585770,3715,3291
RAW,28585797,3715,3292
RAW,28585825,3715,3290
RAW,28585852,3715,3291
RAW,28585880,3715,3293
RAW,28585907,3714,3291
RAW,28585935,3714,3291
RAW,28585962,3717,3291
RAW,28585990,3714,3291
RAW,28586017,3715,3291
RAW,28586045,3714,3291
RAW,28586072,3715,3291
RAW,28586099,3714,3293
RAW,28586127,3715,3291
RAW,28586154,3715,3291
RAW,28586182,3715,3291
RAW,28586209,3713,3291
RAW,28586237,3714,3291
RAW,28586264,3715,3291
RAW,28586292,3715,3291
RAW,28586319,3715,3292
RAW,28586347,3714,3291
RAW,28586374,3715,3291
RAW,28586401,3714,3291
RAW,28586429,3714,3291
RAW,28586456,3715,3291
RAW,28586484,3714,3291
RAW,28586511,3715,3293
RAW,28586539,3715,3293
RAW,28586566,3714,3291
RAW,28586595,3714,3291
RAW,28586622,3714,3291
RAW,28586650,3715,3291
RAW,28586677,3713,3291
RAW,28586705,3713,3290
RAW,28586732,3712,3292
RAW,28586760,3713,3293
RAW,28586787,3714,3291
RAW,28586815,3711,3293
RAW,28586842,3713,3291
RAW,28586869,3714,3291
RAW,28586897,3711,3290
RAW,28586924,3713,3291
RAW,28586952,3714,3291
RAW,28586979,3711,3291
RAW,28587007,3712,3291
RAW,28587034,3711,3291
RAW,28587062,3711,3290
RAW,28587089,3713,3291
RAW,28587117,3714,3293
RAW,28587144,3714,3293
RAW,28587171,3714,3291
RAW,28587199,3713,3291
RAW,28587226,3713,3292
RAW,28587254,3713,3292
RAW,28587281,3714,3291
RAW,28587309,3715,3291
RAW,28587336,3715,3291
RAW,28587364,3715,3291
RAW,28587391,3715,3291
RAW,28587419,3715,3291
RAW,28587446,3718,3291
RAW,28587473,3719,3291
RAW,28587501,3721,3291
RAW,28587528,3722,3291
RAW,28587556,3722,3291
RAW,28587583,3725,3292
RAW,28587611,3726,3291
RAW,28587638,3725,3291
RAW,28587666,3727,3292
RAW,28587693,3727,3291
RAW,28587720,3730,3291
RAW,28587748,3731,3290
RAW,28587775,3731,3293
RAW,28587803,3736,3290
RAW,28587830,3737,3291
RAW,28587858,3738,3291
RAW,28587885,3739,3293
RAW,28587913,3742,3293
RAW,28587940,3743,3290
RAW,28587968,3743,3291
RAW,28587995,3746,3289
RAW,28588022,3747,3291
RAW,28588050,3750,3291
RAW,28588077,3750,3291
RAW,28588105,3753,3291
RAW,28588132,3755,3291
RAW,28588160,3755,3291
RAW,28588187,3758,3291
RAW,28588215,3758,3291
RAW,28588242,3761,3291
RAW,28588270,3759,3291
RAW,28588297,3765,3291
RAW,28588324,3766,3292
RAW,28588352,3767,3292
RAW,28588379,3770,3293
RAW,28588407,3771,3292
RAW,28588434,3773,3290
RAW,28588462,3775,3293
RAW,28588489,3779,3292
RAW,28588517,3779,3291
RAW,28588544,3781,3291
RAW,28588572,3783,3291
RAW,28588600,3783,3291
RAW,28588628,3785,3291
RAW,28588655,3788,3291
RAW,28588683,3790,3291
RAW,28588710,3791,3291
RAW,28588737,3791,3291
RAW,28588765,3791,3291
RAW,28588792,3797,3293
RAW,28588820,3798,3291
RAW,28588847,3799,3292
RAW,28588875,3803,3291
RAW,28588902,3803,3291
RAW,28588930,3803,3291
RAW,28588957,3803,3291
RAW,28588985,3807,3291
RAW,28589012,3807,3291
RAW,28589039,3811,3290
RAW,28589067,3811,3291
RAW,28589094,3815,3291
RAW,28589122,3815,3291
RAW,28589149,3817,3292
RAW,28589177,3817,3290
RAW,28589204,3821,3291
RAW,28589232,3822,3291
RAW,28589259,3822,3291
RAW,28589287,3823,3292
RAW,28589318,3823,3292
RAW,28589346,3823,3291
RAW,28589374,3823,3291
RAW,28589401,3827,3293
RAW,28589429,3829,3291
RAW,28589457,3830,3292
RAW,28589485,3829,3291
RAW,28589513,3831,3291
RAW,28589541,3830,3291
RAW,28589569,3831,3291
RAW,28589599,3831,3291
RAW,28589627,3831,3291
RAW,28589654,3831,3292
RAW,28589682,3831,3291
RAW,28589710,3831,3291
RAW,28589738,3832,3291
RAW,28589766,3831,3291
RAW,28589794,3830,3291
RAW,28589822,3827,3291
RAW,28589850,3829,3291
RAW,28589878,3829,3292
RAW,28589906,3829,3291
RAW,28589934,3828,3291
RAW,28589962,3829,3289
RAW,28589990,3827,3290
RAW,28590018,3825,3291
RAW,28590046,3823,3291
RAW,28590074,3823,3290
RAW,28590102,3823,3291
RAW,28590130,3823,3290
RAW,28590158,3819,3290
RAW,28590186,3819,3291
RAW,28590214,3819,3291
RAW,28590242,3817,3290
RAW,28590270,3815,3291
RAW,28590298,3815,3291
RAW,28590326,3815,3290
RAW,28590354,3814,3291
RAW,28590382,3811,3291
RAW,28590410,3814,3291
RAW,28590438,3811,3291
RAW,28590466,3811,3291
RAW,28590494,3811,3291
RAW,28590522,3812,3291
RAW,28590549,3811,3291
RAW,28590577,3811,3291
RAW,28590607,3811,3292
RAW,28590635,3814,3291
RAW,28590663,3815,3291
RAW,28590691,3815,3291
RAW,28590719,3818,3293
RAW,28590747,3819,3291
RAW,28590774,3821,3291
RAW,28590802,3821,3291
RAW,28590830,3823,3291
RAW,28590858,3823,3291
RAW,28590886,3827,3291
RAW,28590914,3827,3293
RAW,28590942,3831,3291
RAW,28590970,3834,3291
RAW,28590998,3838,3291
RAW,28591026,3839,3291
RAW,28591054,3842,3291
RAW,28591082,3843,3290
RAW,28591110,3849,3291
RAW,28591138,3853,3291
RAW,28591166,3856,3291
RAW,28591194,3859,3292
RAW,28591222,3862,3293
RAW,28591250,3866,3291
RAW,28591278,3867,3291
RAW,28591306,3871,3292
RAW,28591334,3875,3291
RAW,28591362,3877,3291
RAW,28591390,3882,3292
RAW,28591418,3883,3292
RAW,28591446,3887,3290
RAW,28591474,3890,3291
RAW,28591502,3894,3291
RAW,28591530,3895,3290
RAW,28591558,3899,3291
RAW,28591586,3900,3291
RAW,28591614,3902,3293
RAW,28591642,3906,3292
RAW,28591669,3907,3292
RAW,28591697,3910,3291
RAW,28591725,3913,3293
RAW,28591753,3914,3291
RAW,28591781,3917,3291
RAW,28591809,3919,3290
RAW,28591837,3919,3291
RAW,28591865,3923,3292
RAW,28591893,3926,3293
RAW,28591921,3928,3291
RAW,28591949,3931,3290
RAW,28591977,3931,3292
RAW,28592005,3931,3291
RAW,28592033,3935,3290
RAW,28592061,3935,3290
RAW,28592089,3939,3291
RAW,28592117,3939,3291
RAW,28592145,3939,3291
RAW,28592173,3942,3291
RAW,28592201,3943,3290
RAW,28592229,3943,3291
RAW,28592257,3945,3290
RAW,28592285,3947,3293
RAW,28592313,3949,3291
RAW,28592341,3947,3293
RAW,28592369,3947,3292
RAW,28592397,3949,3293
RAW,28592425,3948,3290
RAW,28592453,3947,3291
RAW,28592481,3949,3291
RAW,28592509,3947,3293
RAW,28592537,3949,3291
RAW,28592564,3947,3292
RAW,28592592,3945,3291
RAW,28592620,3946,3291
RAW,28592648,3944,3293
RAW,28592676,3943,3291
RAW,28592704,3943,3291
RAW,28592732,3941,3291
RAW,28592760,3939,3293
RAW,28592788,3938,3290
RAW,28592816,3938,3290
RAW,28592844,3935,3293
RAW,28592872,3935,3291
RAW,28592900,3933,3291
RAW,28592928,3931,3290
RAW,28592956,3931,3291
RAW,28592984,3927,3291
RAW,28593012,3927,3291
RAW,28593040,3925,3291
RAW,28593068,3921,3291
RAW,28593096,3919,3291
RAW,28593124,3915,3291
RAW,28593152,3915,3291
RAW,28593180,3915,3290
RAW,28593208,3911,3291
RAW,28593236,3910,3293
RAW,28593264,3905,3291
RAW,28593292,3903,3293
RAW,28593320,3901,3292
RAW,28593348,3899,3291
RAW,28593376,3894,3291
RAW,28593404,3891,3293
RAW,28593431,3891,3293
RAW,28593459,3887,3290
RAW,28593487,3883,3292
RAW,28593515,3882,3291
RAW,28593543,3878,3291
RAW,28593571,3874,3293
RAW,28593601,3871,3291
RAW,28593629,3871,3291
RAW,28593657,3868,3290
RAW,28593684,3863,3291
RAW,28593712,3862,3291
RAW,28593740,3855,3292
RAW,28593768,3855,3290
RAW,28593796,3851,3291
RAW,28593824,3849,3293
RAW,28593852,3846,3293
RAW,28593880,3842,3291
RAW,28593908,3838,3291
RAW,28593936,3839,3290
RAW,28593964,3835,3291
RAW,28593992,3831,3291
RAW,28594020,3830,3290
RAW,28594048,3827,3291
RAW,28594076,3823,3290
RAW,28594104,3821,3291
RAW,28594132,3819,3291
RAW,28594160,3818,3291
RAW,28594188,3811,3291
RAW,28594216,3811,3291
RAW,28594244,3808,3291
RAW,28594272,3805,3293
RAW,28594300,3804,3291
RAW,28594328,3800,3291
RAW,28594356,3798,3291
RAW,28594384,3795,3291
RAW,28594412,3795,3291
RAW,28594440,3791,3291
RAW,28594468,3787,3291
RAW,28594496,3787,3291
RAW,28594524,3785,3293
RAW,28594552,3782,3291
RAW,28594579,3779,3291
RAW,28594609,3779,3291
RAW,28594637,3778,3293
RAW,28594665,3775,3291
RAW,28594693,3774,3292
RAW,28594721,3771,3291
RAW,28594749,3771,3292
RAW,28594777,3770,3293
RAW,28594804,3767,3291
RAW,28594832,3767,3291
RAW,28594860,3765,3291
RAW,28594888,3763,3293
RAW,28594916,3759,3291
RAW,28594944,3759,3291
RAW,28594972,3758,3291
RAW,28595000,3758,3291
RAW,28595028,3755,3291
RAW,28595056,3755,3291
RAW,28595084,3753,3293
RAW,28595112,3752,3291
RAW,28595140,3749,3291
RAW,28595171,3747,3291
RAW,28595199,3749,3291
RAW,28595227,3745,3292
RAW,28595255,3745,3291
RAW,28595283,3743,3291
RAW,28595311,3742,3291
RAW,28595339,3741,3291
RAW,28595367,3743,3291
RAW,28595395,3739,3291
RAW,28595423,3738,3293
RAW,28595451,3738,3293
RAW,28595479,3735,3293
RAW,28595507,3735,3291
RAW,28595535,3733,3291
RAW,28595563,3731,3291
RAW,28595591,3730,3292
RAW,28595619,3727,3293
RAW,28595646,3727,3290
RAW,28595674,3726,3291
RAW,28595702,3725,3290
RAW,28595730,3723,3291
RAW,28595758,3725,3291
RAW,28595786,3721,3290
RAW,28595814,3721,3291
RAW,28595842,3720,3292
RAW,28595870,3715,3291
RAW,28595898,3715,3291
RAW,28595926,3714,3291
RAW,28595954,3713,3291
RAW,28595982,3713,3294
RAW,28596010,3710,3290
RAW,28596038,3709,3291
RAW,28596066,3707,3293
RAW,28596094,3706,3291
RAW,28596122,3703,3291
RAW,28596150,3703,3291
RAW,28596178,3699,3291
RAW,28596206,3701,3290
RAW,28596234,3695,3292
RAW,28596262,3698,3291
RAW,28596290,3697,3290
RAW,28596318,3695,3291
RAW,28596346,3693,3290
RAW,28596374,3693,3291
RAW,28596402,3691,3291
RAW,28596430,3690,3293
RAW,28596458,3690,3291
RAW,28596486,3690,3290
RAW,28596514,3688,3290
RAW,28596542,3687,3291
RAW,28596570,3687,3291
RAW,28596599,3687,3290
RAW,28596627,3686,3290
RAW,28596655,3685,3293
RAW,28596683,3683,3289
RAW,28596711,3683,3292
RAW,28596739,3683,3290
RAW,28596767,3683,3291
RAW,28596795,3683,3291
RAW,28596823,3682,3293
RAW,28596851,3682,3291
RAW,28596879,3681,3291
RAW,28596907,3682,3290
RAW,28596935,3679,3291
RAW,28596963,3679,3291
RAW,28596991,3680,3291
RAW,28597019,3680,3291
RAW,28597047,3679,3293
RAW,28597075,3682,3291
RAW,28597103,3683,3293
RAW,28597131,3683,3291
RAW,28597159,3683,3291
RAW,28597187,3687,3293
RAW,28597215,3688,3291
RAW,28597243,3690,3292
RAW,28597271,3690,3293
RAW,28597299,3691,3293
RAW,28597327,3691,3291
RAW,28597355,3694,3293
RAW,28597383,3695,3294
RAW,28597411,3695,3293
RAW,28597439,3698,3294
RAW,28597467,3699,3293
RAW,28597495,3699,3294
RAW,28597523,3703,3293
RAW,28597551,3703,3291
RAW,28597579,3705,3293
RAW,28597608,3706,3292
RAW,28597636,3706,3291
RAW,28597664,3707,3294
RAW,28597692,3710,3291
RAW,28597720,3707,3293
RAW,28597748,3710,3293
RAW,28597776,3710,3293
RAW,28597804,3711,3294
RAW,28597832,3712,3295
RAW,28597860,3711,3294
RAW,28597888,3711,3293
RAW,28597916,3714,3294
RAW,28597944,3715,3294
RAW,28597972,3712,3295
RAW,28598000,3714,3295
RAW,28598028,3714,3295
RAW,28598056,3715,3291
RAW,28598084,3715,3295
RAW,28598112,3715,3295
RAW,28598140,3715,3295
RAW,28598168,3717,3294
RAW,28598196,3717,3295
RAW,28598224,3717,3295
RAW,28598252,3719,3293
RAW,28598280,3719,3293
RAW,28598308,3717,3294
RAW,28598336,3719,3293
RAW,28598364,3718,3294
RAW,28598392,3718,3295
RAW,28598419,3715,3293
RAW,28598447,3718,3293
RAW,28598475,3719,3294
RAW,28598503,3718,3293
RAW,28598531,3715,3291
RAW,28598559,3715,3293
RAW,28598587,3720,3293
RAW,28598616,3715,3291
RAW,28598644,3715,3291
RAW,28598672,3716,3291
RAW,28598700,3714,3291
RAW,28598728,3715,3290
RAW,28598756,3714,3290
RAW,28598784,3714,3291
RAW,28598812,3714,3290
RAW,28598840,3714,3291
RAW,28598868,3714,3291
RAW,28598896,3714,3291
RAW,28598924,3711,3290
RAW,28598952,3711,3290
RAW,28598980,3712,3290
RAW,28599008,3712,3291
RAW,28599036,3711,3290
RAW,28599064,3711,3291
RAW,28599092,3712,3290
RAW,28599120,3711,3290
RAW,28599148,3711,3290
RAW,28599176,3709,3290
RAW,28599204,3709,3291
RAW,28599232,3710,3293
RAW,28599260,3711,3291
RAW,28599288,3709,3293
RAW,28599316,3710,3294
RAW,28599344,3711,3294
RAW,28599372,3710,3294
RAW,28599400,3711,3295
RAW,28599428,3710,3294
RAW,28599456,3711,3295
RAW,28599484,3711,3299
RAW,28599512,3711,3299
RAW,28599540,3710,3299
RAW,28599568,3711,3299
RAW,28599597,3711,3299
RAW,28599625,3709,3299
RAW,28599653,3711,3303
RAW,28599681,3711,3302
RAW,28599709,3711,3303
RAW,28599737,3710,3305
RAW,28599765,3711,3306
RAW,28599793,3709,3307
RAW,28599821,3710,3308
RAW,28599849,3710,3308
RAW,28599877,3709,3310
RAW,28599905,3711,3310
RAW,28599933,3711,3311
RAW,28599961,3709,3311
RAW,28599989,3711,3311
RAW,28600017,3710,3314
RAW,28600045,3711,3315
RAW,28600073,3710,3315
RAW,28600101,3712,3315
RAW,28600129,3711,3318
RAW,28600157,3711,3320
RAW,28600185,3712,3323
RAW,28600213,3711,3323
RAW,28600241,3711,3326
RAW,28600268,3713,3329
RAW,28600296,3713,3331
RAW,28600324,3712,3333
RAW,28600352,3714,3337
RAW,28600380,3711,3339
RAW,28600408,3714,3343
RAW,28600436,3713,3347
RAW,28600464,3713,3350
RAW,28600492,3713,3355
RAW,28600520,3713,3359
RAW,28600548,3713,3363
RAW,28600576,3715,3370
RAW,28600606,3715,3373
RAW,28600634,3711,3378
RAW,28600662,3715,3382
RAW,28600690,3713,3387
RAW,28600718,3714,3394
RAW,28600745,3715,3399
RAW,28600787,3714,3407
RAW,28600815,3714,3412
RAW,28600843,3714,3417
RAW,28600871,3714,3423
RAW,28600899,3715,3431
RAW,28600927,3714,3437
RAW,28600955,3715,3445
RAW,28600983,3715,3451
RAW,28601011,3715,3457
RAW,28601039,3715,3463
RAW,28601067,3715,3467
RAW,28601095,3714,3477
RAW,28601123,3713,3483
RAW,28601151,3715,3492
RAW,28601179,3713,3498
RAW,28601207,3714,3502
RAW,28601235,3714,3509
RAW,28601263,3713,3515
RAW,28601291,3714,3525
RAW,28601319,3715,3530
RAW,28601347,3714,3539
RAW,28601375,3713,3545
RAW,28601403,3714,3551
RAW,28601431,3715,3561
RAW,28601459,3714,3567
RAW,28601487,3714,3575
RAW,28601515,3714,3583
RAW,28601543,3713,3592
RAW,28601571,3714,3599
RAW,28601600,3713,3606
RAW,28601628,3714,3614
RAW,28601656,3714,3622
RAW,28601684,3714,3629
RAW,28601712,3713,3635
RAW,28601740,3713,3642
RAW,28601768,3714,3651
RAW,28601796,3715,3658
RAW,28601824,3714,3665
RAW,28601852,3713,3672
RAW,28601880,3714,3679
RAW,28601908,3715,3686
RAW,28601936,3714,3693
RAW,28601964,3715,3698
RAW,28601992,3714,3705
RAW,28602020,3714,3712
RAW,28602048,3714,3717
RAW,28602076,3715,3723
RAW,28602104,3715,3727
RAW,28602132,3715,3735
RAW,28602160,3715,3738
RAW,28602188,3714,3741
RAW,28602216,3714,3747
RAW,28602244,3714,3750
RAW,28602272,3715,3751
RAW,28602300,3715,3755
RAW,28602328,3715,3755
RAW,28602356,3717,3759
RAW,28602384,3717,3758
RAW,28602412,3715,3763
RAW,28602440,3717,3765
RAW,28602468,3717,3768
RAW,28602496,3718,3769
RAW,28602524,3715,3770
RAW,28602552,3717,3771
RAW,28602580,3719,3774
RAW,28602610,3717,3775
RAW,28602638,3718,3777
RAW,28602666,3718,3775
RAW,28602694,3715,3777
RAW,28602722,3719,3777
RAW,28602750,3715,3778
RAW,28602778,3717,3779
RAW,28602806,3717,3778
RAW,28602834,3718,3779
RAW,28602862,3717,3778
RAW,28602890,3719,3779
RAW,28602918,3718,3779
RAW,28602946,3715,3777
RAW,28602974,3717,3777
RAW,28603002,3718,3775
RAW,28603030,3719,3777
RAW,28603058,3717,3771
RAW,28603086,3717,3773
RAW,28603114,3718,3771
RAW,28603142,3717,3770
RAW,28603170,3718,3770
RAW,28603198,3717,3769
RAW,28603226,3717,3767
RAW,28603254,3717,3763
RAW,28603282,3715,3763
RAW,28603310,3718,3763
RAW,28603338,3717,3759
RAW,28603366,3718,3763
RAW,28603394,3718,3759
RAW,28603422,3718,3759
RAW,28603450,3715,3759
RAW,28603478,3719,3759
RAW,28603506,3717,3759
RAW,28603534,3717,3759
RAW,28603562,3717,3759
RAW,28603590,3719,3758
RAW,28603618,3718,3755
RAW,28603646,3718,3755
RAW,28603674,3717,3754
RAW,28603702,3718,3753
RAW,28603730,3718,3751
RAW,28603758,3719,3751
RAW,28603786,3718,3749
RAW,28603814,3715,3750
RAW,28603842,3717,3750
RAW,28603870,3718,3750
RAW,28603898,3716,3749
RAW,28603926,3717,3751
RAW,28603954,3715,3749
RAW,28603982,3717,3750
RAW,28604010,3719,3751
RAW,28604038,3718,3752
RAW,28604066,3717,3752
RAW,28604094,3719,3750
RAW,28604122,3718,3747
RAW,28604150,3718,3747
RAW,28604178,3715,3747
RAW,28604206,3718,3746
RAW,28604234,3718,3743
RAW,28604262,3718,3747
RAW,28604290,3719,3746
RAW,28604318,3718,3747
RAW,28604346,3718,3747
RAW,28604374,3717,3747
RAW,28604402,3719,3751
RAW,28604430,3715,3750
RAW,28604458,3719,3751
RAW,28604486,3718,3753
RAW,28604514,3715,3754
RAW,28604542,3718,3754
RAW,28604570,3718,3755
RAW,28604599,3718,3754
RAW,28604627,3715,3755
RAW,28604655,3717,3754
RAW,28604683,3717,3755
RAW,28604711,3718,3755
RAW,28604739,3717,3757
RAW,28604767,3719,3759
RAW,28604795,3715,3758
RAW,28604823,3718,3759
RAW,28604851,3717,3759
RAW,28604879,3715,3761
RAW,28604907,3717,3763
RAW,28604935,3718,3759
RAW,28604963,3717,3765
RAW,28604991,3719,3765
RAW,28605019,3719,3766
RAW,28605047,3718,3766
RAW,28605075,3718,3769
RAW,28605103,3718,3769
RAW,28605131,3718,3769
RAW,28605159,3719,3768
RAW,28605187,3718,3767
RAW,28605215,3718,3768
RAW,28605243,3718,3765
RAW,28605271,3717,3759
RAW,28605299,3719,3763
RAW,28605327,3717,3759
RAW,28605355,3718,3759
RAW,28605383,3718,3756
RAW,28605411,3718,3752
RAW,28605439,3718,3750
RAW,28605467,3718,3746
RAW,28605495,3719,3743
RAW,28605523,3719,3739
RAW,28605551,3718,3735
RAW,28605579,3719,3730
RAW,28605608,3717,3727
RAW,28605636,3718,3723
RAW,28605664,3718,3718
RAW,28605692,3718,3714
RAW,28605720,3718,3710
RAW,28605748,3718,3704
RAW,28605776,3718,3695
RAW,28605804,3719,3691
RAW,28605832,3717,3687
RAW,28605860,3719,3680
RAW,28605888,3715,3675
RAW,28605916,3715,3666
RAW,28605944,3718,3659
RAW,28605972,3717,3655
RAW,28606000,3719,3649
RAW,28606028,3718,3643
RAW,28606056,3715,3636
RAW,28606084,3719,3629
RAW,28606112,3719,3624
RAW,28606140,3715,3615
RAW,28606168,3715,3610
RAW,28606196,3715,3603
RAW,28606224,3718,3594
RAW,28606252,3717,3589
RAW,28606280,3717,3582
RAW,28606308,3719,3577
RAW,28606336,3718,3567
RAW,28606364,3718,3563
RAW,28606392,3717,3557
RAW,28606420,3717,3551
RAW,28606448,3719,3549
RAW,28606476,3718,3539
RAW,28606504,3718,3535
RAW,28606532,3718,3530
RAW,28606560,3717,3522
RAW,28606588,3720,3514
RAW,28606616,3715,3509
RAW,28606644,3717,3503
RAW,28606672,3717,3495
RAW,28606700,3717,3489
RAW,28606728,3717,3482
RAW,28606756,3718,3471
RAW,28606784,3717,3469
RAW,28606812,3718,3462
RAW,28606840,3719,3455
RAW,28606868,3717,3449
RAW,28606896,3719,3439
RAW,28606924,3717,3437
RAW,28606952,3718,3431
RAW,28606980,3715,3423
RAW,28607008,3717,3419
RAW,28607036,3718,3413
RAW,28607064,3718,3407
RAW,28607092,3719,3401
RAW,28607120,3715,3395
RAW,28607148,3715,3391
RAW,28607176,3719,3386
RAW,28607204,3715,3379
RAW,28607232,3717,3374
RAW,28607260,3717,3370
RAW,28607288,3719,3366
RAW,28607316,3718,3362
RAW,28607344,3719,3359
RAW,28607372,3717,3354
RAW,28607400,3718,3350
RAW,28607428,3718,3343
RAW,28607456,3719,3339
RAW,28607484,3715,3339
RAW,28607512,3717,3336
RAW,28607540,3717,3333
RAW,28607568,3718,3329
RAW,28607597,3719,3327
DROP_RAW_END,3
