EVT,487578,DROP dt=10 tau=3 V=65.5
DROP,487578,63,10020,3603,5898,95,46,655,2,3520,3839,3443
DROP_RAW_BEGIN,487578,63,822,487553937,487576840,487560970
RAW,487553937,3683,3275
RAW,487553964,3684,3275
RAW,487553992,3685,3277
RAW,487554019,3683,3278
RAW,487554047,3685,3278
RAW,487554074,3683,3278
RAW,487554102,3683,3277
RAW,487554129,3685,3277
RAW,487554157,3683,3278
RAW,487554184,3683,3279
RAW,487554211,3684,3278
RAW,487554239,3685,3278
RAW,487554266,3684,3277
RAW,487554294,3685,3277
RAW,487554321,3685,3278
RAW,487554349,3683,3278
RAW,487554376,3683,3277
RAW,487554404,3683,3275
RAW,487554431,3683,3275
RAW,487554459,3683,3277
RAW,487554486,3685,3275
RAW,487554513,3683,3277
RAW,487554541,3683,3276
RAW,487554568,3682,3275
RAW,487554597,3683,3277
RAW,487554625,3682,3277
RAW,487554652,3683,3278
RAW,487554679,3682,3275
RAW,487554707,3681,3275
RAW,487554734,3682,3277
RAW,487554762,3683,3277
RAW,487554789,3682,3277
RAW,487554817,3683,3277
RAW,487554844,3683,3275
RAW,487554872,3679,3277
RAW,487554899,3682,3277
RAW,487554927,3682,3275
RAW,487554954,3682,3275
RAW,487554981,3681,3277
RAW,487555009,3683,3278
RAW,487555036,3682,3275
RAW,487555064,3683,3277
RAW,487555091,3682,3278
RAW,487555119,3679,3278
RAW,487555146,3682,3277
RAW,487555174,3682,3275
RAW,487555201,3682,3278
RAW,487555229,3683,3278
RAW,487555256,3682,3277
RAW,487555283,3682,3275
RAW,487555311,3682,3277
RAW,487555338,3681,3275
RAW,487555366,3679,3278
RAW,487555393,3682,3279
RAW,487555421,3679,3277
RAW,487555448,3683,3278
RAW,487555476,3679,3277
RAW,487555503,3682,3277
RAW,487555530,3682,3275
RAW,487555558,3681,3277
RAW,487555585,3679,3277
RAW,487555613,3679,3277
RAW,487555640,3679,3277
RAW,487555668,3682,3277
RAW,487555695,3682,3278
RAW,487555723,3679,3275
RAW,487555750,3680,3278
RAW,487555778,3679,3277
RAW,487555805,3679,3275
RAW,487555832,3682,3275
RAW,487555860,3679,3277
RAW,487555887,3681,3277
RAW,487555915,3679,3277
RAW,487555942,3679,3277
RAW,487555970,3679,3278
RAW,487555997,3679,3275
RAW,487556025,3679,3278
RAW,487556052,3679,3277
RAW,487556080,3682,3278
RAW,487556107,3679,3277
RAW,487556134,3679,3275
RAW,487556162,3679,3275
RAW,487556189,3679,3277
RAW,487556217,3679,3277
RAW,487556244,3679,3275
RAW,487556272,3677,3277
RAW,487556299,3679,3277
RAW,487556327,3678,3278
RAW,487556354,3675,3277
RAW,487556382,3678,3276
RAW,487556409,3677,3276
RAW,487556436,3677,3277
RAW,487556464,3675,3275
RAW,487556491,3677,3277
RAW,487556519,3677,3278
RAW,487556546,3675,3278
RAW,487556574,3677,3278
RAW,487556602,3675,3277
RAW,487556630,3675,3275
RAW,487556657,3675,3277
RAW,487556685,3677,3277
RAW,487556712,3675,3275
RAW,487556740,3675,3278
RAW,487556767,3675,3277
RAW,487556795,3675,3275
RAW,487556822,3677,3277
RAW,487556849,3675,3275
RAW,487556877,3677,3277
RAW,487556904,3675,3277
RAW,487556932,3675,3277
RAW,487556959,3675,3278
RAW,487556987,3675,3278
RAW,487557014,3675,3277
RAW,487557042,3675,3276
RAW,487557069,3677,3278
RAW,487557097,3675,3277
RAW,487557124,3675,3277
RAW,487557151,3675,3277
RAW,487557179,3674,3277
RAW,487557206,3675,3278
RAW,487557234,3677,3275
RAW,487557261,3675,3275
RAW,487557289,3675,3277
RAW,487557316,3674,3275
RAW,487557344,3675,3277
RAW,487557371,3675,3275
RAW,487557399,3675,3277
RAW,487557426,3677,3275
RAW,487557453,3676,3275
RAW,487557481,3678,3277
RAW,487557508,3679,3277
RAW,487557536,3679,3278
RAW,487557563,3680,3277
RAW,487557591,3679,3276
RAW,487557618,3681,3277
RAW,487557646,3682,3278
RAW,487557673,3682,3278
RAW,487557701,3685,3278
RAW,487557728,3685,3277
RAW,487557755,3687,3278
RAW,487557783,3688,3278
RAW,487557810,3689,3277
RAW,487557838,3691,3279
RAW,487557865,3691,3275
RAW,487557893,3694,3275
RAW,487557920,3695,3277
RAW,487557948,3695,3279
RAW,487557975,3698,3275
RAW,487558003,3699,3277
RAW,487558030,3703,3278
RAW,487558057,3703,3275
RAW,487558085,3703,3279
RAW,487558112,3708,3277
RAW,487558140,3707,3275
RAW,487558167,3710,3278
RAW,487558195,3711,3277
RAW,487558222,3713,3277
RAW,487558250,3715,3278
RAW,487558277,3715,3275
RAW,487558305,3718,3278
RAW,487558332,3719,3277
RAW,487558359,3722,3275
RAW,487558387,3725,3277
RAW,487558414,3723,3275
RAW,487558442,3727,3278
RAW,487558469,3727,3275
RAW,487558497,3731,3277
RAW,487558524,3734,3277
RAW,487558552,3736,3278
RAW,487558579,3737,3278
RAW,487558608,3738,3277
RAW,487558635,3739,3277
RAW,487558663,3743,3279
RAW,487558690,3746,3277
RAW,487558718,3747,3277
RAW,487558745,3747,3277
RAW,487558773,3750,3277
RAW,487558800,3751,3277
RAW,487558827,3753,3275
RAW,487558855,3755,3278
RAW,487558882,3757,3277
RAW,487558910,3758,3278
RAW,487558937,3759,3277
RAW,487558965,3759,3278
RAW,487558992,3762,3275
RAW,487559020,3766,3275
RAW,487559047,3766,3277
RAW,487559074,3769,3278
RAW,487559102,3771,3278
RAW,487559129,3771,3276
RAW,487559157,3774,3275
RAW,487559184,3776,3275
RAW,487559212,3777,3278
RAW,487559239,3780,3278
RAW,487559267,3781,3277
RAW,487559294,3779,3277
RAW,487559322,3784,3277
RAW,487559349,3785,3278
RAW,487559376,3786,3277
RAW,487559404,3787,3275
RAW,487559431,3787,3278
RAW,487559459,3789,3277
RAW,487559486,3790,3277
RAW,487559514,3791,3277
RAW,487559541,3791,3277
RAW,487559569,3791,3275
RAW,487559597,3795,3277
RAW,487559625,3795,3277
RAW,487559652,3795,3278
RAW,487559680,3795,3277
RAW,487559707,3795,3277
RAW,487559735,3799,3277
RAW,487559762,3798,3277
RAW,487559790,3799,3277
RAW,487559817,3800,3275
RAW,487559845,3799,3275
RAW,487559872,3802,3277
RAW,487559899,3802,3278
RAW,487559927,3803,3277
RAW,487559954,3802,3277
RAW,487559982,3802,3278
RAW,487560009,3805,3277
RAW,487560037,3803,3277
RAW,487560064,3806,3277
RAW,487560092,3803,3275
RAW,487560119,3807,3278
RAW,487560146,3810,3276
RAW,487560174,3809,3277
RAW,487560201,3811,3277
RAW,487560229,3814,3277
RAW,487560256,3815,3275
RAW,487560284,3816,3277
RAW,487560311,3815,3275
RAW,487560339,3819,3277
RAW,487560366,3819,3277
RAW,487560394,3822,3277
RAW,487560421,3822,3277
RAW,487560448,3823,3278
RAW,487560476,3823,3276
RAW,487560503,3827,3277
RAW,487560531,3830,3278
RAW,487560558,3831,3279
RAW,487560586,3831,3275
RAW,487560613,3829,3275
RAW,487560641,3831,3275
RAW,487560668,3831,3275
RAW,487560696,3834,3275
RAW,487560723,3831,3275
RAW,487560750,3831,3278
RAW,487560778,3831,3275
RAW,487560805,3834,3276
RAW,487560833,3831,3275
RAW,487560860,3833,3276
RAW,487560888,3833,3277
RAW,487560915,3835,3277
RAW,487560943,3835,3275
RAW,487560970,3839,3277
RAW,487561012,3839,3275
RAW,487561040,3842,3277
RAW,487561068,3845,3277
RAW,487561096,3847,3277
RAW,487561124,3849,3277
RAW,487561152,3854,3277
RAW,487561180,3855,3278
RAW,487561208,3855,3275
RAW,487561235,3862,3277
RAW,487561263,3866,3275
RAW,487561291,3867,3277
RAW,487561319,3870,3278
RAW,487561347,3871,3278
RAW,487561375,3877,3278
RAW,487561403,3879,3278
RAW,487561431,3881,3275
RAW,487561459,3883,3277
RAW,487561487,3886,3278
RAW,487561515,3887,3277
RAW,487561543,3894,3277
RAW,487561571,3894,3279
RAW,487561600,3898,3277
RAW,487561628,3902,3277
RAW,487561656,3906,3277
RAW,487561684,3907,3278
RAW,487561712,3911,3275
RAW,487561740,3914,3277
RAW,487561768,3915,3277
RAW,487561796,3915,3275
RAW,487561824,3919,3277
RAW,487561852,3918,3275
RAW,487561880,3919,3277
RAW,487561908,3918,3275
RAW,487561936,3917,3278
RAW,487561964,3918,3275
RAW,487561992,3915,3277
RAW,487562020,3915,3275
RAW,487562048,3915,3275
RAW,487562076,3915,3278
RAW,487562104,3915,3278
RAW,487562132,3915,3277
RAW,487562160,3914,3278
RAW,487562188,3915,3277
RAW,487562216,3915,3275
RAW,487562244,3915,3275
RAW,487562272,3916,3278
RAW,487562300,3914,3277
RAW,487562328,3917,3277
RAW,487562355,3917,3275
RAW,487562383,3918,3275
RAW,487562411,3915,3278
RAW,487562439,3919,3278
RAW,487562467,3918,3278
RAW,487562495,3919,3277
RAW,487562523,3919,3277
RAW,487562551,3918,3277
RAW,487562579,3919,3277
RAW,487562608,3919,3277
RAW,487562636,3919,3275
RAW,487562664,3919,3278
RAW,487562692,3917,3279
RAW,487562720,3918,3277
RAW,487562748,3915,3278
RAW,487562776,3915,3275
RAW,487562804,3915,3277
RAW,487562832,3917,3277
RAW,487562860,3914,3277
RAW,487562888,3913,3277
RAW,487562916,3913,3278
RAW,487562944,3913,3277
RAW,487562972,3912,3278
RAW,487563000,3910,3275
RAW,487563028,3909,3276
RAW,487563056,3909,3276
RAW,487563084,3906,3275
RAW,487563112,3906,3277
RAW,487563140,3903,3277
RAW,487563168,3904,3278
RAW,487563196,3899,3278
RAW,487563224,3899,3275
RAW,487563252,3898,3277
RAW,487563280,3897,3275
RAW,487563308,3894,3277
RAW,487563336,3891,3275
RAW,487563364,3887,3278
RAW,487563392,3887,3278
RAW,487563420,3883,3278
RAW,487563448,3883,3278
RAW,487563475,3879,3277
RAW,487563503,3875,3275
RAW,487563531,3875,3279
RAW,487563559,3870,3275
RAW,487563587,3867,3275
RAW,487563616,3865,3277
RAW,487563644,3862,3278
RAW,487563672,3859,3277
RAW,487563700,3855,3275
RAW,487563728,3853,3275
RAW,487563756,3849,3275
RAW,487563784,3846,3278
RAW,487563812,3843,3275
RAW,487563840,3839,3278
RAW,487563868,3835,3276
RAW,487563896,3833,3277
RAW,487563924,3830,3277
RAW,487563952,3827,3277
RAW,487563980,3825,3277
RAW,487564008,3823,3278
RAW,487564036,3819,3277
RAW,487564064,3815,3275
RAW,487564092,3814,3275
RAW,487564120,3810,3278
RAW,487564148,3806,3277
RAW,487564176,3803,3277
RAW,487564204,3802,3276
RAW,487564232,3798,3277
RAW,487564260,3797,3277
RAW,487564288,3791,3277
RAW,487564315,3790,3277
RAW,487564343,3787,3275
RAW,487564371,3784,3277
RAW,487564399,3781,3276
RAW,487564427,3778,3277
RAW,487564455,3777,3275
RAW,487564483,3771,3277
RAW,487564511,3769,3277
RAW,487564539,3767,3277
RAW,487564567,3765,3275
RAW,487564610,3762,3279
RAW,487564638,3759,3277
RAW,487564666,3755,3278
RAW,487564694,3755,3277
RAW,487564722,3751,3277
RAW,487564750,3750,3277
RAW,487564778,3748,3275
RAW,487564806,3745,3277
RAW,487564834,3743,3275
RAW,487564862,3743,3277
RAW,487564890,3743,3278
RAW,487564918,3739,3279
RAW,487564946,3739,3278
RAW,487564974,3738,3277
RAW,487565002,3735,3275
RAW,487565030,3734,3277
RAW,487565058,3733,3277
RAW,487565086,3732,3277
RAW,487565114,3731,3278
RAW,487565142,3727,3275
RAW,487565170,3727,3277
RAW,487565198,3727,3278
RAW,487565226,3727,3277
RAW,487565254,3725,3277
RAW,487565282,3725,3275
RAW,487565310,3725,3279
RAW,487565338,3723,3277
RAW,487565366,3723,3277
RAW,487565393,3723,3277
RAW,487565421,3723,3277
RAW,487565449,3722,3277
RAW,487565477,3722,3277
RAW,487565505,3722,3277
RAW,487565533,3719,3275
RAW,487565561,3719,3278
RAW,487565589,3717,3278
RAW,487565617,3719,3278
RAW,487565645,3720,3277
RAW,487565673,3719,3277
RAW,487565701,3719,3278
RAW,487565729,3720,3277
RAW,487565757,3718,3277
RAW,487565785,3717,3275
RAW,487565813,3718,3278
RAW,487565841,3717,3279
RAW,487565869,3715,3277
RAW,487565897,3715,3278
RAW,487565925,3715,3275
RAW,487565953,3714,3277
RAW,487565981,3715,3278
RAW,487566009,3711,3277
RAW,487566037,3714,3275
RAW,487566065,3713,3279
RAW,487566093,3711,3279
RAW,487566121,3711,3275
RAW,487566149,3711,3277
RAW,487566177,3710,3275
RAW,487566205,3707,3275
RAW,487566233,3709,3277
RAW,487566261,3709,3276
RAW,487566289,3707,3278
RAW,487566317,3706,3278
RAW,487566345,3707,3277
RAW,487566373,3706,3275
RAW,487566401,3706,3278
RAW,487566429,3699,3275
RAW,487566457,3702,3275
RAW,487566485,3701,3278
RAW,487566513,3701,3277
RAW,487566541,3699,3274
RAW,487566569,3700,3277
RAW,487566598,3695,3275
RAW,487566626,3698,3277
RAW,487566654,3695,3277
RAW,487566682,3695,3275
RAW,487566710,3695,3275
RAW,487566738,3694,3275
RAW,487566766,3694,3275
RAW,487566794,3693,3277
RAW,487566822,3693,3275
RAW,487566850,3691,3276
RAW,487566878,3691,3275
RAW,487566906,3690,3275
RAW,487566934,3691,3276
RAW,487566962,3689,3277
RAW,487566990,3691,3277
RAW,487567018,3689,3277
RAW,487567046,3690,3275
RAW,487567074,3690,3275
RAW,487567102,3690,3275
RAW,487567130,3690,3277
RAW,487567158,3690,3276
RAW,487567186,3691,3275
RAW,487567214,3689,3275
RAW,487567242,3691,3277
RAW,487567270,3689,3277
RAW,487567298,3691,3277
RAW,487567326,3691,3278
RAW,487567354,3691,3275
RAW,487567382,3690,3275
RAW,487567410,3689,3277
RAW,487567438,3689,3277
RAW,487567466,3688,3277
RAW,487567494,3687,3278
RAW,487567522,3690,3277
RAW,487567550,3687,3277
RAW,487567578,3690,3278
RAW,487567607,3687,3277
RAW,487567635,3687,3275
RAW,487567663,3686,3277
RAW,487567691,3686,3278
RAW,487567719,3686,3278
RAW,487567747,3685,3277
RAW,487567775,3687,3279
RAW,487567803,3687,3279
RAW,487567831,3687,3279
RAW,487567859,3686,3279
RAW,487567887,3686,3279
RAW,487567915,3685,3277
RAW,487567943,3686,3279
RAW,487567971,3685,3278
RAW,487567999,3686,3278
RAW,487568027,3683,3277
RAW,487568055,3683,3279
RAW,487568083,3683,3279
RAW,487568111,3683,3279
RAW,487568139,3683,3279
RAW,487568167,3683,3279
RAW,487568195,3682,3279
RAW,487568223,3682,3278
RAW,487568251,3682,3279
RAW,487568279,3680,3278
RAW,487568306,3679,3278
RAW,487568334,3679,3279
RAW,487568362,3679,3279
RAW,487568390,3679,3279
RAW,487568418,3680,3277
RAW,487568446,3679,3277
RAW,487568474,3679,3278
RAW,487568502,3679,3279
RAW,487568530,3681,3278
RAW,487568558,3679,3278
RAW,487568586,3679,3279
RAW,487568616,3680,3279
RAW,487568644,3679,3277
RAW,487568672,3678,3279
RAW,487568700,3679,3277
RAW,487568728,3679,3277
RAW,487568756,3679,3279
RAW,487568784,3675,3276
RAW,487568811,3678,3278
RAW,487568839,3677,3277
RAW,487568867,3678,3277
RAW,487568895,3678,3278
RAW,487568923,3675,3277
RAW,487568951,3679,3278
RAW,487568979,3677,3278
RAW,487569007,3678,3278
RAW,487569035,3677,3279
RAW,487569063,3677,3279
RAW,487569091,3679,3278
RAW,487569119,3678,3279
RAW,487569147,3679,3278
RAW,487569175,3678,3279
RAW,487569203,3679,3279
RAW,487569231,3675,3279
RAW,487569259,3679,3279
RAW,487569287,3678,3281
RAW,487569315,3679,3283
RAW,487569343,3679,3283
RAW,487569371,3679,3282
RAW,487569399,3679,3285
RAW,487569427,3679,3287
RAW,487569455,3679,3287
RAW,487569483,3679,3287
RAW,487569511,3679,3289
RAW,487569539,3679,3291
RAW,487569567,3679,3291
RAW,487569596,3679,3293
RAW,487569624,3679,3298
RAW,487569652,3679,3295
RAW,487569680,3679,3299
RAW,487569708,3679,3299
RAW,487569736,3678,3299
RAW,487569764,3679,3306
RAW,487569792,3679,3307
RAW,487569820,3680,3309
RAW,487569848,3679,3311
RAW,487569876,3679,3313
RAW,487569904,3679,3317
RAW,487569932,3679,3319
RAW,487569960,3681,3322
RAW,487569988,3680,3323
RAW,487570016,3680,3327
RAW,487570044,3679,3329
RAW,487570072,3681,3331
RAW,487570100,3679,3336
RAW,487570128,3681,3339
RAW,487570156,3679,3341
RAW,487570184,3681,3343
RAW,487570212,3679,3348
RAW,487570240,3682,3351
RAW,487570268,3682,3354
RAW,487570296,3682,3355
RAW,487570324,3682,3358
RAW,487570352,3679,3361
RAW,487570380,3679,3363
RAW,487570408,3681,3367
RAW,487570436,3681,3370
RAW,487570464,3683,3372
RAW,487570492,3683,3374
RAW,487570520,3679,3378
RAW,487570548,3683,3382
RAW,487570576,3681,3386
RAW,487570605,3683,3387
RAW,487570633,3683,3392
RAW,487570661,3681,3394
RAW,487570689,3683,3398
RAW,487570717,3683,3403
RAW,487570745,3683,3406
RAW,487570773,3682,3407
RAW,487570801,3683,3414
RAW,487570829,3682,3419
RAW,487570857,3683,3423
RAW,487570885,3683,3427
RAW,487570913,3683,3433
RAW,487570941,3682,3438
RAW,487570969,3683,3443
RAW,487571011,3683,3450
RAW,487571039,3685,3456
RAW,487571067,3683,3459
RAW,487571095,3685,3469
RAW,487571123,3683,3471
RAW,487571151,3683,3478
RAW,487571179,3685,3483
RAW,487571207,3683,3492
RAW,487571235,3685,3495
RAW,487571263,3685,3503
RAW,487571291,3683,3507
RAW,487571319,3683,3513
RAW,487571347,3684,3517
RAW,487571375,3683,3522
RAW,487571403,3683,3527
RAW,487571431,3685,3535
RAW,487571459,3685,3535
RAW,487571487,3685,3544
RAW,487571515,3685,3549
RAW,487571543,3683,3555
RAW,487571571,3686,3560
RAW,487571600,3685,3563
RAW,487571628,3685,3567
RAW,487571656,3683,3575
RAW,487571684,3685,3581
RAW,487571712,3683,3583
RAW,487571740,3685,3589
RAW,487571768,3685,3594
RAW,487571796,3687,3599
RAW,487571824,3685,3603
RAW,487571852,3682,3608
RAW,487571880,3685,3612
RAW,487571908,3683,3615
RAW,487571936,3685,3623
RAW,487571964,3687,3626
RAW,487571992,3686,3631
RAW,487572020,3685,3637
RAW,487572048,3685,3639
RAW,487572076,3686,3642
RAW,487572104,3685,3649
RAW,487572132,3685,3650
RAW,487572160,3683,3654
RAW,487572188,3683,3658
RAW,487572216,3683,3663
RAW,487572244,3683,3667
RAW,487572272,3683,3672
RAW,487572300,3686,3675
RAW,487572328,3685,3679
RAW,487572356,3685,3683
RAW,487572384,3685,3688
RAW,487572412,3685,3690
RAW,487572440,3683,3694
RAW,487572468,3683,3697
RAW,487572496,3685,3701
RAW,487572524,3685,3706
RAW,487572552,3683,3709
RAW,487572580,3686,3711
RAW,487572609,3685,3713
RAW,487572637,3685,3717
RAW,487572665,3685,3719
RAW,487572693,3684,3723
RAW,487572721,3687,3723
RAW,487572749,3685,3725
RAW,487572777,3685,3727
RAW,487572805,3685,3730
RAW,487572833,3683,3735
RAW,487572861,3683,3737
RAW,487572889,3685,3738
RAW,487572917,3683,3739
RAW,487572945,3685,3742
RAW,487572973,3685,3743
RAW,487573001,3685,3747
RAW,487573029,3683,3746
RAW,487573057,3686,3749
RAW,487573085,3683,3751
RAW,487573113,3685,3750
RAW,487573141,3683,3751
RAW,487573169,3683,3752
RAW,487573197,3684,3753
RAW,487573225,3685,3751
RAW,487573253,3683,3751
RAW,487573281,3685,3749
RAW,487573309,3683,3747
RAW,487573337,3683,3747
RAW,487573365,3686,3743
RAW,487573393,3686,3743
RAW,487573421,3685,3742
RAW,487573449,3685,3743
RAW,487573477,3683,3738
RAW,487573505,3683,3738
RAW,487573533,3685,3735
RAW,487573561,3683,3738
RAW,487573589,3684,3731
RAW,487573617,3683,3730
RAW,487573645,3683,3727
RAW,487573673,3683,3727
RAW,487573701,3687,3727
RAW,487573729,3683,3725
RAW,487573757,3685,3723
RAW,487573785,3683,3723
RAW,487573813,3685,3721
RAW,487573841,3685,3721
RAW,487573869,3685,3719
RAW,487573897,3685,3717
RAW,487573925,3683,3715
RAW,487573953,3683,3715
RAW,487573981,3685,3715
RAW,487574009,3685,3713
RAW,487574037,3685,3711
RAW,487574065,3685,3707
RAW,487574093,3683,3707
RAW,487574121,3683,3705
RAW,487574149,3683,3703
RAW,487574177,3683,3701
RAW,487574205,3683,3699
RAW,487574233,3685,3695
RAW,487574261,3684,3695
RAW,487574289,3683,3694
RAW,487574317,3684,3693
RAW,487574345,3685,3690
RAW,487574373,3684,3687
RAW,487574401,3685,3687
RAW,487574429,3684,3687
RAW,487574457,3685,3685
RAW,487574485,3683,3682
RAW,487574513,3683,3682
RAW,487574541,3683,3682
RAW,487574569,3686,3679
RAW,487574598,3685,3678
RAW,487574626,3683,3678
RAW,487574654,3683,3675
RAW,487574682,3683,3676
RAW,487574710,3683,3674
RAW,487574738,3683,3673
RAW,487574766,3685,3672
RAW,487574794,3683,3670
RAW,487574822,3686,3670
RAW,487574850,3686,3666
RAW,487574878,3683,3663
RAW,487574906,3683,3663
RAW,487574934,3685,3661
RAW,487574962,3683,3659
RAW,487574990,3686,3658
RAW,487575018,3685,3655
RAW,487575046,3685,3650
RAW,487575074,3685,3649
RAW,487575102,3685,3646
RAW,487575130,3686,3643
RAW,487575158,3683,3639
RAW,487575186,3685,3637
RAW,487575214,3685,3634
RAW,487575242,3683,3630
RAW,487575270,3685,3627
RAW,487575298,3685,3624
RAW,487575326,3683,3620
RAW,487575354,3684,3616
RAW,487575382,3685,3610
RAW,487575410,3685,3610
RAW,487575438,3686,3605
RAW,487575466,3683,3599
RAW,487575494,3686,3595
RAW,487575522,3685,3593
RAW,487575550,3685,3588
RAW,487575578,3683,3583
RAW,487575608,3685,3578
RAW,487575636,3683,3575
RAW,487575664,3685,3571
RAW,487575692,3685,3566
RAW,487575720,3683,3561
RAW,487575748,3685,3557
RAW,487575776,3683,3552
RAW,487575804,3684,3549
RAW,487575832,3687,3543
RAW,487575860,3683,3539
RAW,487575888,3685,3534
RAW,487575916,3685,3531
RAW,487575944,3685,3527
RAW,487575972,3683,3523
RAW,487576000,3683,3517
RAW,487576028,3683,3511
RAW,487576056,3686,3510
RAW,487576084,3685,3503
RAW,487576112,3686,3498
RAW,487576140,3685,3496
RAW,487576168,3685,3490
RAW,487576196,3683,3486
RAW,487576224,3683,3482
RAW,487576252,3685,3477
RAW,487576280,3683,3473
RAW,487576308,3686,3466
RAW,487576336,3686,3461
RAW,487576364,3685,3458
RAW,487576392,3686,3453
RAW,487576420,3683,3446
RAW,487576448,3685,3442
RAW,487576476,3685,3437
RAW,487576504,3683,3431
RAW,487576532,3687,3427
RAW,487576560,3685,3423
RAW,487576588,3688,3417
RAW,487576616,3685,3413
RAW,487576644,3685,3407
RAW,487576672,3686,3402
RAW,487576700,3687,3398
RAW,487576728,3685,3391
RAW,487576756,3686,3387
RAW,487576784,3685,3384
RAW,487576812,3684,3378
RAW,487576840,3685,3375
DROP_RAW_END,63
EVT,495184,DROP dt=9 tau=3 V=70.4
DROP,495184,64,9436,3169,5963,101,47,704,2,3520,3839,3446
DROP_RAW_BEGIN,495184,64,804,495160409,495182793,495167442
RAW,495160409,3683,3266
RAW,495160436,3683,3264
RAW,495160464,3683,3263
RAW,495160491,3685,3265
RAW,495160519,3683,3266
RAW,495160546,3682,3264
RAW,495160574,3683,3262
RAW,495160602,3683,3262
RAW,495160630,3682,3265
RAW,495160657,3682,3266
RAW,495160685,3683,3263
RAW,495160712,3679,3263
RAW,495160740,3683,3266
RAW,495160767,3683,3264
RAW,495160795,3681,3264
RAW,495160822,3683,3265
RAW,495160849,3682,3262
RAW,495160877,3679,3265
RAW,495160904,3679,3265
RAW,495160932,3682,3263
RAW,495160959,3682,3263
RAW,495160987,3682,3265
RAW,495161014,3682,3265
RAW,495161042,3682,3265
RAW,495161069,3682,3265
RAW,495161097,3682,3263
RAW,495161124,3682,3265
RAW,495161151,3682,3265
RAW,495161179,3682,3265
RAW,495161206,3679,3265
RAW,495161234,3682,3263
RAW,495161261,3682,3265
RAW,495161289,3682,3265
RAW,495161316,3679,3263
RAW,495161344,3679,3264
RAW,495161371,3679,3265
RAW,495161399,3682,3265
RAW,495161426,3682,3265
RAW,495161453,3681,3265
RAW,495161481,3681,3265
RAW,495161508,3679,3266
RAW,495161536,3679,3265
RAW,495161563,3679,3263
RAW,495161591,3678,3265
RAW,495161618,3679,3264
RAW,495161646,3679,3264
RAW,495161673,3679,3266
RAW,495161701,3679,3263
RAW,495161728,3679,3263
RAW,495161755,3678,3265
RAW,495161783,3679,3263
RAW,495161810,3678,3265
RAW,495161838,3679,3263
RAW,495161865,3679,3263
RAW,495161893,3679,3262
RAW,495161920,3679,3263
RAW,495161948,3679,3265
RAW,495161975,3679,3263
RAW,495162003,3679,3265
RAW,495162030,3679,3266
RAW,495162057,3675,3266
RAW,495162085,3679,3265
RAW,495162112,3678,3265
RAW,495162140,3678,3265
RAW,495162167,3679,3265
RAW,495162195,3679,3265
RAW,495162222,3679,3265
RAW,495162250,3675,3265
RAW,495162277,3679,3266
RAW,495162305,3677,3264
RAW,495162332,3678,3264
RAW,495162359,3679,3265
RAW,495162387,3675,3266
RAW,495162414,3677,3265
RAW,495162442,3678,3265
RAW,495162469,3677,3263
RAW,495162497,3677,3262
RAW,495162524,3677,3265
RAW,495162552,3675,3266
RAW,495162579,3675,3264
RAW,495162608,3677,3265
RAW,495162635,3675,3263
RAW,495162663,3675,3262
RAW,495162690,3675,3265
RAW,495162718,3677,3263
RAW,495162745,3675,3263
RAW,495162773,3677,3266
RAW,495162800,3675,3265
RAW,495162827,3676,3266
RAW,495162855,3677,3264
RAW,495162882,3675,3263
RAW,495162910,3675,3265
RAW,495162937,3675,3266
RAW,495162965,3675,3265
RAW,495162992,3677,3263
RAW,495163020,3677,3266
RAW,495163047,3675,3265
RAW,495163074,3675,3265
RAW,495163102,3677,3266
RAW,495163129,3675,3263
RAW,495163157,3677,3265
RAW,495163184,3675,3266
RAW,495163212,3678,3265
RAW,495163239,3677,3265
RAW,495163267,3679,3265
RAW,495163294,3678,3265
RAW,495163322,3679,3266
RAW,495163349,3679,3264
RAW,495163376,3679,3263
RAW,495163404,3681,3265
RAW,495163431,3679,3264
RAW,495163459,3682,3266
RAW,495163486,3682,3265
RAW,495163514,3683,3265
RAW,495163541,3683,3266
RAW,495163569,3683,3266
RAW,495163597,3687,3265
RAW,495163625,3687,3265
RAW,495163652,3689,3263
RAW,495163680,3691,3266
RAW,495163707,3691,3266
RAW,495163735,3691,3265
RAW,495163762,3695,3264
RAW,495163790,3695,3266
RAW,495163817,3695,3263
RAW,495163845,3701,3265
RAW,495163872,3699,3265
RAW,495163899,3703,3265
RAW,495163927,3706,3266
RAW,495163954,3707,3264
RAW,495163982,3709,3263
RAW,495164009,3710,3263
RAW,495164037,3711,3265
RAW,495164064,3712,3264
RAW,495164092,3714,3265
RAW,495164119,3715,3265
RAW,495164146,3718,3264
RAW,495164174,3719,3264
RAW,495164201,3719,3266
RAW,495164229,3722,3265
RAW,495164256,3724,3263
RAW,495164284,3726,3262
RAW,495164311,3727,3262
RAW,495164339,3727,3264
RAW,495164366,3731,3266
RAW,495164394,3732,3265
RAW,495164421,3734,3265
RAW,495164448,3738,3265
RAW,495164476,3738,3263
RAW,495164503,3741,3266
RAW,495164531,3742,3265
RAW,495164558,3746,3266
RAW,495164586,3746,3263
RAW,495164613,3749,3265
RAW,495164641,3749,3266
RAW,495164668,3752,3265
RAW,495164696,3754,3265
RAW,495164723,3754,3265
RAW,495164750,3755,3265
RAW,495164778,3755,3264
RAW,495164805,3758,3265
RAW,495164833,3759,3265
RAW,495164860,3759,3265
RAW,495164888,3763,3265
RAW,495164915,3764,3265
RAW,495164943,3767,3265
RAW,495164970,3767,3264
RAW,495164998,3769,3265
RAW,495165025,3770,3263
RAW,495165052,3771,3267
RAW,495165080,3771,3264
RAW,495165107,3774,3265
RAW,495165135,3775,3265
RAW,495165162,3777,3264
RAW,495165190,3779,3266
RAW,495165217,3779,3263
RAW,495165245,3779,3265
RAW,495165272,3779,3265
RAW,495165300,3783,3265
RAW,495165327,3783,3265
RAW,495165354,3786,3262
RAW,495165382,3785,3264
RAW,495165409,3786,3266
RAW,495165437,3786,3265
RAW,495165464,3788,3264
RAW,495165492,3789,3265
RAW,495165519,3787,3265
RAW,495165547,3787,3264
RAW,495165574,3789,3265
RAW,495165603,3791,3265
RAW,495165630,3790,3265
RAW,495165658,3791,3265
RAW,495165685,3790,3265
RAW,495165713,3791,3264
RAW,495165740,3791,3266
RAW,495165768,3791,3265
RAW,495165795,3791,3263
RAW,495165822,3791,3265
RAW,495165850,3791,3264
RAW,495165877,3797,3266
RAW,495165905,3797,3262
RAW,495165932,3797,3264
RAW,495165960,3798,3265
RAW,495165987,3800,3265
RAW,495166015,3802,3265
RAW,495166042,3802,3263
RAW,495166070,3803,3265
RAW,495166097,3803,3265
RAW,495166124,3806,3265
RAW,495166152,3806,3263
RAW,495166179,3807,3263
RAW,495166207,3810,3264
RAW,495166234,3811,3263
RAW,495166262,3811,3265
RAW,495166289,3813,3264
RAW,495166317,3813,3265
RAW,495166344,3814,3264
RAW,495166372,3817,3265
RAW,495166399,3818,3265
RAW,495166426,3818,3265
RAW,495166454,3818,3265
RAW,495166481,3818,3265
RAW,495166509,3819,3265
RAW,495166536,3822,3264
RAW,495166564,3823,3265
RAW,495166591,3825,3265
RAW,495166619,3823,3265
RAW,495166646,3823,3263
RAW,495166673,3826,3264
RAW,495166701,3823,3263
RAW,495166728,3823,3265
RAW,495166756,3825,3263
RAW,495166783,3823,3264
RAW,495166811,3823,3265
RAW,495166838,3821,3264
RAW,495166866,3819,3265
RAW,495166893,3820,3263
RAW,495166921,3818,3265
RAW,495166948,3819,3265
RAW,495166975,3817,3265
RAW,495167003,3818,3265
RAW,495167030,3815,3262
RAW,495167058,3819,3266
RAW,495167085,3818,3263
RAW,495167113,3818,3265
RAW,495167140,3819,3263
RAW,495167168,3819,3263
RAW,495167195,3819,3264
RAW,495167223,3821,3263
RAW,495167250,3823,3265
RAW,495167277,3822,3265
RAW,495167305,3823,3265
RAW,495167332,3823,3266
RAW,495167360,3829,3265
RAW,495167387,3832,3265
RAW,495167415,3835,3263
RAW,495167442,3839,3265
RAW,495167484,3847,3263
RAW,495167512,3855,3264
RAW,495167540,3862,3265
RAW,495167568,3871,3265
RAW,495167597,3881,3265
RAW,495167625,3887,3263
RAW,495167653,3898,3264
RAW,495167681,3906,3265
RAW,495167709,3913,3266
RAW,495167737,3919,3265
RAW,495167765,3919,3263
RAW,495167793,3922,3265
RAW,495167821,3926,3266
RAW,495167849,3926,3264
RAW,495167877,3923,3264
RAW,495167905,3925,3265
RAW,495167933,3919,3265
RAW,495167961,3919,3265
RAW,495167989,3919,3263
RAW,495168016,3919,3265
RAW,495168044,3915,3264
RAW,495168072,3915,3263
RAW,495168100,3914,3265
RAW,495168128,3914,3264
RAW,495168156,3914,3265
RAW,495168184,3911,3266
RAW,495168212,3914,3264
RAW,495168240,3914,3266
RAW,495168268,3917,3266
RAW,495168296,3914,3265
RAW,495168324,3915,3263
RAW,495168352,3917,3265
RAW,495168380,3915,3265
RAW,495168408,3918,3265
RAW,495168436,3917,3265
RAW,495168464,3915,3263
RAW,495168492,3919,3264
RAW,495168520,3915,3264
RAW,495168548,3915,3264
RAW,495168576,3919,3263
RAW,495168605,3917,3263
RAW,495168633,3917,3265
RAW,495168661,3917,3265
RAW,495168689,3915,3266
RAW,495168717,3917,3259
RAW,495168745,3915,3265
RAW,495168773,3917,3265
RAW,495168801,3915,3265
RAW,495168829,3916,3264
RAW,495168857,3914,3265
RAW,495168885,3914,3265
RAW,495168913,3914,3265
RAW,495168941,3911,3266
RAW,495168969,3911,3265
RAW,495168997,3911,3265
RAW,495169025,3911,3263
RAW,495169053,3909,3263
RAW,495169081,3906,3263
RAW,495169109,3907,3264
RAW,495169137,3906,3265
RAW,495169165,3903,3265
RAW,495169192,3899,3266
RAW,495169220,3897,3264
RAW,495169248,3897,3266
RAW,495169276,3894,3265
RAW,495169304,3892,3264
RAW,495169332,3889,3263
RAW,495169360,3886,3265
RAW,495169388,3887,3264
RAW,495169416,3882,3265
RAW,495169444,3879,3263
RAW,495169472,3877,3265
RAW,495169500,3875,3265
RAW,495169528,3871,3265
RAW,495169556,3867,3265
RAW,495169584,3867,3265
RAW,495169612,3861,3265
RAW,495169640,3859,3264
RAW,495169668,3855,3263
RAW,495169696,3851,3265
RAW,495169724,3849,3265
RAW,495169752,3847,3266
RAW,495169780,3842,3263
RAW,495169808,3839,3263
RAW,495169836,3838,3263
RAW,495169864,3834,3264
RAW,495169892,3831,3263
RAW,495169920,3831,3265
RAW,495169948,3823,3264
RAW,495169976,3823,3264
RAW,495170004,3823,3265
RAW,495170032,3819,3264
RAW,495170060,3815,3263
RAW,495170087,3814,3265
RAW,495170115,3811,3265
RAW,495170143,3807,3263
RAW,495170171,3803,3265
RAW,495170199,3801,3265
RAW,495170227,3799,3263
RAW,495170255,3795,3266
RAW,495170283,3791,3265
RAW,495170311,3791,3264
RAW,495170339,3787,3263
RAW,495170367,3785,3265
RAW,495170395,3781,3265
RAW,495170423,3778,3265
RAW,495170451,3777,3265
RAW,495170479,3773,3263
RAW,495170507,3770,3266
RAW,495170535,3767,3265
RAW,495170563,3766,3263
RAW,495170591,3764,3263
RAW,495170622,3761,3265
RAW,495170650,3759,3265
RAW,495170678,3758,3265
RAW,495170706,3755,3266
RAW,495170733,3754,3265
RAW,495170761,3750,3264
RAW,495170789,3749,3265
RAW,495170817,3749,3263
RAW,495170845,3746,3265
RAW,495170873,3746,3263
RAW,495170901,3743,3263
RAW,495170929,3741,3265
RAW,495170957,3739,3265
RAW,495170985,3740,3263
RAW,495171013,3737,3263
RAW,495171041,3738,3265
RAW,495171069,3735,3263
RAW,495171097,3735,3264
RAW,495171125,3734,3262
RAW,495171153,3734,3266
RAW,495171181,3731,3265
RAW,495171209,3733,3263
RAW,495171237,3731,3263
RAW,495171265,3731,3266
RAW,495171293,3727,3263
RAW,495171321,3729,3264
RAW,495171349,3729,3266
RAW,495171377,3727,3265
RAW,495171405,3726,3264
RAW,495171433,3723,3265
RAW,495171461,3723,3265
RAW,495171489,3725,3265
RAW,495171517,3726,3265
RAW,495171545,3724,3265
RAW,495171573,3724,3265
RAW,495171602,3723,3265
RAW,495171630,3721,3265
RAW,495171658,3719,3263
RAW,495171686,3719,3264
RAW,495171714,3719,3265
RAW,495171742,3719,3264
RAW,495171770,3719,3262
RAW,495171798,3719,3265
RAW,495171826,3717,3264
RAW,495171854,3717,3266
RAW,495171882,3715,3265
RAW,495171910,3714,3265
RAW,495171938,3715,3265
RAW,495171966,3711,3266
RAW,495171994,3711,3265
RAW,495172022,3712,3264
RAW,495172050,3711,3265
RAW,495172078,3710,3266
RAW,495172106,3709,3263
RAW,495172134,3709,3262
RAW,495172162,3709,3265
RAW,495172190,3709,3265
RAW,495172218,3709,3263
RAW,495172246,3706,3262
RAW,495172274,3706,3263
RAW,495172302,3705,3265
RAW,495172330,3703,3265
RAW,495172358,3702,3265
RAW,495172386,3703,3266
RAW,495172414,3702,3263
RAW,495172442,3699,3263
RAW,495172470,3701,3263
RAW,495172498,3699,3265
RAW,495172526,3698,3265
RAW,495172554,3697,3265
RAW,495172582,3695,3264
RAW,495172610,3695,3265
RAW,495172638,3695,3263
RAW,495172666,3695,3262
RAW,495172694,3694,3264
RAW,495172722,3693,3265
RAW,495172750,3693,3263
RAW,495172778,3690,3264
RAW,495172806,3690,3263
RAW,495172834,3689,3259
RAW,495172862,3691,3262
RAW,495172890,3687,3262
RAW,495172918,3688,3263
RAW,495172946,3689,3264
RAW,495172974,3690,3262
RAW,495173001,3687,3262
RAW,495173029,3688,3265
RAW,495173057,3687,3263
RAW,495173085,3688,3264
RAW,495173113,3687,3264
RAW,495173141,3690,3265
RAW,495173169,3687,3262
RAW,495173197,3688,3262
RAW,495173225,3688,3262
RAW,495173253,3687,3265
RAW,495173281,3689,3263
RAW,495173309,3690,3265
RAW,495173337,3689,3265
RAW,495173365,3689,3266
RAW,495173393,3689,3265
RAW,495173421,3690,3264
RAW,495173449,3689,3263
RAW,495173477,3687,3265
RAW,495173505,3688,3265
RAW,495173533,3687,3266
RAW,495173561,3687,3266
RAW,495173589,3688,3266
RAW,495173617,3688,3266
RAW,495173645,3687,3263
RAW,495173673,3686,3266
RAW,495173701,3687,3266
RAW,495173729,3688,3267
RAW,495173757,3687,3265
RAW,495173785,3687,3266
RAW,495173813,3687,3266
RAW,495173841,3683,3266
RAW,495173869,3686,3266
RAW,495173897,3686,3266
RAW,495173925,3686,3266
RAW,495173953,3683,3266
RAW,495173981,3685,3265
RAW,495174009,3683,3267
RAW,495174037,3683,3265
RAW,495174065,3682,3267
RAW,495174093,3682,3266
RAW,495174121,3682,3266
RAW,495174149,3681,3266
RAW,495174177,3679,3266
RAW,495174205,3679,3267
RAW,495174233,3678,3266
RAW,495174261,3675,3265
RAW,495174289,3678,3266
RAW,495174317,3678,3263
RAW,495174345,3675,3266
RAW,495174373,3675,3265
RAW,495174401,3675,3265
RAW,495174429,3677,3266
RAW,495174457,3678,3266
RAW,495174485,3675,3265
RAW,495174513,3676,3263
RAW,495174541,3678,3265
RAW,495174569,3676,3264
RAW,495174598,3676,3266
RAW,495174626,3675,3263
RAW,495174654,3675,3265
RAW,495174682,3677,3263
RAW,495174710,3679,3266
RAW,495174738,3678,3265
RAW,495174766,3678,3266
RAW,495174794,3677,3265
RAW,495174822,3677,3265
RAW,495174850,3677,3266
RAW,495174878,3678,3265
RAW,495174906,3678,3265
RAW,495174934,3678,3266
RAW,495174962,3678,3265
RAW,495174990,3677,3267
RAW,495175018,3677,3267
RAW,495175046,3677,3267
RAW,495175074,3679,3266
RAW,495175102,3679,3267
RAW,495175130,3678,3269
RAW,495175158,3678,3269
RAW,495175186,3679,3271
RAW,495175214,3679,3271
RAW,495175242,3678,3272
RAW,495175270,3679,3273
RAW,495175297,3679,3275
RAW,495175325,3679,3275
RAW,495175353,3678,3275
RAW,495175381,3679,3275
RAW,495175409,3678,3278
RAW,495175437,3678,3279
RAW,495175465,3679,3283
RAW,495175493,3679,3279
RAW,495175521,3679,3286
RAW,495175549,3679,3287
RAW,495175577,3679,3290
RAW,495175607,3677,3291
RAW,495175635,3679,3294
RAW,495175663,3678,3295
RAW,495175691,3678,3298
RAW,495175719,3678,3299
RAW,495175747,3677,3303
RAW,495175775,3679,3306
RAW,495175803,3680,3309
RAW,495175831,3679,3311
RAW,495175858,3678,3313
RAW,495175886,3679,3317
RAW,495175914,3679,3320
RAW,495175942,3679,3323
RAW,495175970,3679,3323
RAW,495175998,3679,3325
RAW,495176026,3679,3331
RAW,495176054,3682,3331
RAW,495176082,3680,3337
RAW,495176110,3679,3339
RAW,495176138,3679,3342
RAW,495176166,3679,3343
RAW,495176194,3680,3347
RAW,495176222,3682,3347
RAW,495176250,3680,3352
RAW,495176278,3683,3355
RAW,495176306,3679,3359
RAW,495176334,3682,3362
RAW,495176362,3682,3364
RAW,495176390,3683,3367
RAW,495176418,3683,3371
RAW,495176446,3683,3375
RAW,495176474,3683,3379
RAW,495176502,3683,3383
RAW,495176530,3683,3386
RAW,495176558,3682,3389
RAW,495176586,3683,3394
RAW,495176615,3682,3400
RAW,495176643,3683,3405
RAW,495176671,3683,3407
RAW,495176699,3683,3415
RAW,495176727,3683,3419
RAW,495176755,3682,3423
RAW,495176783,3682,3427
RAW,495176811,3682,3434
RAW,495176839,3682,3439
RAW,495176867,3682,3446
RAW,495176909,3683,3455
RAW,495176937,3683,3461
RAW,495176965,3682,3467
RAW,495176993,3682,3471
RAW,495177021,3682,3479
RAW,495177049,3684,3488
RAW,495177077,3682,3493
RAW,495177105,3683,3498
RAW,495177133,3685,3506
RAW,495177161,3683,3509
RAW,495177189,3682,3517
RAW,495177217,3683,3523
RAW,495177245,3683,3530
RAW,495177273,3685,3535
RAW,495177301,3685,3541
RAW,495177329,3683,3547
RAW,495177357,3683,3551
RAW,495177385,3683,3557
RAW,495177413,3685,3563
RAW,495177441,3683,3567
RAW,495177469,3685,3574
RAW,495177497,3683,3578
RAW,495177525,3682,3583
RAW,495177553,3685,3588
RAW,495177581,3683,3592
RAW,495177609,3686,3595
RAW,495177637,3683,3601
RAW,495177665,3685,3606
RAW,495177693,3685,3611
RAW,495177721,3683,3616
RAW,495177749,3683,3621
RAW,495177777,3683,3625
RAW,495177805,3683,3629
RAW,495177833,3683,3633
RAW,495177861,3683,3639
RAW,495177889,3683,3643
RAW,495177917,3687,3646
RAW,495177945,3685,3650
RAW,495177973,3683,3654
RAW,495178001,3685,3658
RAW,495178029,3685,3659
RAW,495178057,3685,3663
RAW,495178085,3685,3668
RAW,495178113,3684,3671
RAW,495178141,3683,3673
RAW,495178169,3683,3677
RAW,495178197,3683,3680
RAW,495178225,3685,3683
RAW,495178253,3683,3688
RAW,495178281,3685,3690
RAW,495178309,3683,3695
RAW,495178337,3683,3695
RAW,495178365,3683,3701
RAW,495178393,3685,3703
RAW,495178421,3685,3707
RAW,495178449,3683,3707
RAW,495178477,3686,3710
RAW,495178505,3683,3715
RAW,495178533,3683,3715
RAW,495178561,3685,3718
RAW,495178589,3684,3719
RAW,495178617,3685,3723
RAW,495178645,3685,3725
RAW,495178673,3683,3727
RAW,495178701,3685,3727
RAW,495178729,3683,3729
RAW,495178757,3683,3731
RAW,495178785,3683,3732
RAW,495178813,3683,3733
RAW,495178841,3683,3734
RAW,495178869,3683,3735
RAW,495178897,3683,3737
RAW,495178925,3683,3737
RAW,495178953,3683,3739
RAW,495178981,3683,3741
RAW,495179009,3683,3739
RAW,495179037,3685,3739
RAW,495179065,3685,3739
RAW,495179093,3683,3739
RAW,495179121,3683,3738
RAW,495179149,3683,3738
RAW,495179177,3683,3738
RAW,495179205,3685,3736
RAW,495179233,3683,3735
RAW,495179261,3683,3735
RAW,495179289,3683,3733
RAW,495179317,3683,3727
RAW,495179345,3683,3727
RAW,495179373,3683,3727
RAW,495179401,3683,3725
RAW,495179429,3685,3721
RAW,495179457,3683,3719
RAW,495179485,3683,3718
RAW,495179513,3683,3715
RAW,495179541,3685,3714
RAW,495179569,3683,3711
RAW,495179599,3685,3707
RAW,495179627,3683,3707
RAW,495179655,3685,3707
RAW,495179683,3683,3703
RAW,495179711,3683,3703
RAW,495179739,3683,3703
RAW,495179767,3683,3703
RAW,495179795,3685,3699
RAW,495179823,3685,3699
RAW,495179851,3685,3695
RAW,495179879,3683,3695
RAW,495179907,3683,3697
RAW,495179935,3684,3695
RAW,495179963,3683,3693
RAW,495179991,3686,3693
RAW,495180019,3682,3690
RAW,495180047,3683,3690
RAW,495180075,3683,3687
RAW,495180103,3683,3685
RAW,495180131,3683,3681
RAW,495180159,3686,3679
RAW,495180187,3683,3678
RAW,495180215,3683,3675
RAW,495180243,3685,3674
RAW,495180271,3683,3671
RAW,495180299,3685,3669
RAW,495180327,3685,3669
RAW,495180355,3685,3667
RAW,495180383,3683,3663
RAW,495180411,3683,3665
RAW,495180439,3685,3663
RAW,495180467,3683,3663
RAW,495180495,3685,3661
RAW,495180523,3683,3659
RAW,495180551,3683,3661
RAW,495180579,3685,3659
RAW,495180608,3683,3659
RAW,495180636,3685,3659
RAW,495180664,3683,3659
RAW,495180692,3685,3657
RAW,495180720,3685,3659
RAW,495180748,3685,3655
RAW,495180776,3685,3656
RAW,495180804,3683,3656
RAW,495180832,3683,3653
RAW,495180860,3683,3651
RAW,495180888,3683,3649
RAW,495180916,3685,3649
RAW,495180944,3683,3647
RAW,495180972,3686,3648
RAW,495181000,3685,3645
RAW,495181028,3684,3643
RAW,495181056,3686,3641
RAW,495181084,3683,3639
RAW,495181112,3683,3639
RAW,495181140,3683,3635
RAW,495181168,3683,3631
RAW,495181196,3683,3631
RAW,495181224,3685,3630
RAW,495181252,3683,3629
RAW,495181280,3685,3625
RAW,495181308,3683,3624
RAW,495181336,3682,3619
RAW,495181364,3685,3619
RAW,495181392,3683,3615
RAW,495181420,3683,3613
RAW,495181448,3685,3609
RAW,495181476,3685,3606
RAW,495181504,3683,3603
RAW,495181532,3686,3599
RAW,495181560,3683,3595
RAW,495181588,3683,3590
RAW,495181616,3685,3587
RAW,495181644,3683,3581
RAW,495181672,3686,3578
RAW,495181700,3685,3573
RAW,495181728,3683,3569
RAW,495181756,3685,3565
RAW,495181784,3683,3559
RAW,495181812,3686,3555
RAW,495181840,3685,3547
RAW,495181868,3683,3545
RAW,495181896,3686,3539
RAW,495181924,3685,3534
RAW,495181952,3685,3529
RAW,495181980,3685,3523
RAW,495182008,3684,3517
RAW,495182036,3683,3511
RAW,495182064,3686,3509
RAW,495182092,3685,3502
RAW,495182120,3685,3495
RAW,495182148,3685,3493
RAW,495182176,3684,3487
RAW,495182204,3685,3483
RAW,495182232,3685,3475
RAW,495182260,3683,3471
RAW,495182288,3683,3469
RAW,495182316,3685,3464
RAW,495182344,3683,3459
RAW,495182372,3685,3454
RAW,495182400,3684,3450
RAW,495182428,3685,3443
RAW,495182456,3683,3439
RAW,495182484,3683,3434
RAW,495182512,3683,3427
RAW,495182540,3685,3422
RAW,495182568,3685,3418
RAW,495182597,3685,3411
RAW,495182625,3685,3407
RAW,495182653,3682,3400
RAW,495182681,3685,3395
RAW,495182709,3683,3391
RAW,495182737,3685,3385
RAW,495182765,3683,3381
RAW,495182793,3686,3375
DROP_RAW_END,64
EVT,502872,DROP dt=10 tau=3 V=61.4
DROP,502872,65,10257,3813,5723,92,45,614,2,3520,3839,3444
DROP_RAW_BEGIN,502872,65,825,502848370,502871344,502855403
RAW,502848370,3683,3266
RAW,502848397,3685,3265
RAW,502848424,3683,3264
RAW,502848452,3685,3264
RAW,502848479,3683,3264
RAW,502848507,3682,3265
RAW,502848534,3685,3265
RAW,502848562,3683,3264
RAW,502848589,3681,3265
RAW,502848617,3683,3265
RAW,502848644,3683,3263
RAW,502848671,3685,3263
RAW,502848699,3685,3266
RAW,502848726,3683,3265
RAW,502848754,3683,3266
RAW,502848781,3682,3265
RAW,502848809,3684,3265
RAW,502848836,3683,3265
RAW,502848864,3683,3264
RAW,502848891,3682,3265
RAW,502848919,3683,3263
RAW,502848946,3683,3265
RAW,502848973,3683,3264
RAW,502849001,3683,3263
RAW,502849028,3685,3265
RAW,502849056,3683,3264
RAW,502849083,3683,3266
RAW,502849111,3682,3263
RAW,502849138,3683,3265
RAW,502849166,3683,3263
RAW,502849193,3682,3263
RAW,502849221,3682,3263
RAW,502849248,3683,3263
RAW,502849275,3682,3263
RAW,502849303,3683,3262
RAW,502849330,3682,3265
RAW,502849358,3683,3263
RAW,502849385,3683,3265
RAW,502849413,3683,3265
RAW,502849440,3682,3265
RAW,502849468,3682,3264
RAW,502849495,3682,3265
RAW,502849523,3682,3265
RAW,502849550,3679,3265
RAW,502849577,3682,3263
RAW,502849606,3682,3263
RAW,502849634,3683,3265
RAW,502849661,3682,3265
RAW,502849689,3680,3263
RAW,502849716,3681,3265
RAW,502849743,3682,3264
RAW,502849771,3681,3265
RAW,502849798,3682,3262
RAW,502849826,3679,3262
RAW,502849853,3683,3262
RAW,502849881,3682,3262
RAW,502849908,3679,3265
RAW,502849936,3680,3265
RAW,502849963,3682,3265
RAW,502849991,3683,3265
RAW,502850018,3682,3265
RAW,502850045,3681,3263
RAW,502850073,3683,3263
RAW,502850100,3679,3263
RAW,502850128,3679,3264
RAW,502850155,3679,3263
RAW,502850183,3679,3263
RAW,502850210,3679,3263
RAW,502850238,3682,3265
RAW,502850265,3679,3266
RAW,502850293,3680,3265
RAW,502850320,3679,3262
RAW,502850347,3682,3265
RAW,502850375,3682,3262
RAW,502850402,3681,3265
RAW,502850430,3682,3265
RAW,502850457,3681,3263
RAW,502850485,3679,3265
RAW,502850512,3679,3265
RAW,502850540,3679,3265
RAW,502850567,3679,3265
RAW,502850596,3679,3263
RAW,502850623,3679,3262
RAW,502850651,3679,3266
RAW,502850678,3679,3264
RAW,502850706,3679,3264
RAW,502850733,3678,3265
RAW,502850761,3678,3263
RAW,502850788,3679,3262
RAW,502850815,3679,3264
RAW,502850843,3678,3265
RAW,502850870,3679,3265
RAW,502850898,3679,3263
RAW,502850925,3679,3265
RAW,502850953,3678,3265
RAW,502850980,3678,3266
RAW,502851008,3678,3264
RAW,502851035,3679,3264
RAW,502851062,3677,3263
RAW,502851090,3678,3262
RAW,502851117,3677,3266
RAW,502851145,3679,3262
RAW,502851172,3678,3265
RAW,502851200,3677,3263
RAW,502851227,3677,3265
RAW,502851255,3678,3263
RAW,502851282,3678,3264
RAW,502851310,3677,3264
RAW,502851337,3675,3265
RAW,502851364,3674,3264
RAW,502851392,3675,3265
RAW,502851419,3675,3265
RAW,502851447,3675,3263
RAW,502851474,3675,3264
RAW,502851502,3675,3265
RAW,502851529,3677,3265
RAW,502851557,3676,3265
RAW,502851584,3675,3265
RAW,502851612,3677,3265
RAW,502851639,3675,3266
RAW,502851666,3675,3264
RAW,502851694,3678,3264
RAW,502851721,3675,3264
RAW,502851749,3675,3265
RAW,502851776,3675,3265
RAW,502851804,3675,3265
RAW,502851831,3675,3263
RAW,502851859,3677,3262
RAW,502851886,3675,3262
RAW,502851914,3678,3265
RAW,502851941,3675,3265
RAW,502851968,3677,3265
RAW,502851996,3675,3263
RAW,502852023,3675,3262
RAW,502852051,3678,3265
RAW,502852078,3679,3266
RAW,502852106,3678,3265
RAW,502852133,3679,3265
RAW,502852161,3681,3264
RAW,502852188,3679,3265
RAW,502852216,3682,3264
RAW,502852243,3683,3263
RAW,502852270,3684,3264
RAW,502852298,3686,3263
RAW,502852325,3687,3265
RAW,502852353,3690,3263
RAW,502852380,3690,3265
RAW,502852408,3690,3265
RAW,502852435,3690,3265
RAW,502852463,3695,3265
RAW,502852490,3695,3264
RAW,502852518,3695,3267
RAW,502852545,3695,3263
RAW,502852572,3701,3266
RAW,502852601,3701,3265
RAW,502852629,3703,3265
RAW,502852656,3706,3265
RAW,502852683,3707,3265
RAW,502852711,3708,3265
RAW,502852738,3710,3265
RAW,502852766,3710,3264
RAW,502852793,3712,3265
RAW,502852821,3715,3263
RAW,502852848,3715,3263
RAW,502852876,3717,3265
RAW,502852903,3719,3264
RAW,502852931,3721,3264
RAW,502852958,3723,3264
RAW,502852985,3723,3264
RAW,502853013,3726,3263
RAW,502853040,3727,3263
RAW,502853068,3731,3265
RAW,502853095,3731,3265
RAW,502853123,3734,3264
RAW,502853150,3735,3266
RAW,502853178,3739,3263
RAW,502853205,3741,3265
RAW,502853233,3743,3265
RAW,502853260,3743,3265
RAW,502853287,3747,3265
RAW,502853315,3746,3265
RAW,502853342,3750,3266
RAW,502853370,3751,3265
RAW,502853397,3751,3264
RAW,502853425,3753,3265
RAW,502853452,3755,3263
RAW,502853480,3757,3265
RAW,502853507,3757,3264
RAW,502853535,3759,3266
RAW,502853562,3759,3264
RAW,502853589,3765,3264
RAW,502853617,3763,3265
RAW,502853644,3766,3263
RAW,502853672,3767,3265
RAW,502853699,3767,3265
RAW,502853727,3771,3264
RAW,502853754,3771,3265
RAW,502853782,3776,3265
RAW,502853809,3776,3262
RAW,502853837,3778,3266
RAW,502853864,3779,3266
RAW,502853891,3782,3265
RAW,502853919,3781,3263
RAW,502853946,3783,3263
RAW,502853974,3786,3265
RAW,502854001,3786,3264
RAW,502854029,3786,3266
RAW,502854056,3787,3263
RAW,502854084,3789,3265
RAW,502854111,3787,3265
RAW,502854138,3789,3264
RAW,502854166,3790,3265
RAW,502854193,3791,3264
RAW,502854221,3791,3265
RAW,502854248,3791,3265
RAW,502854276,3791,3266
RAW,502854303,3795,3265
RAW,502854331,3793,3265
RAW,502854358,3795,3263
RAW,502854386,3797,3265
RAW,502854413,3795,3263
RAW,502854440,3795,3265
RAW,502854468,3796,3265
RAW,502854495,3795,3265
RAW,502854523,3795,3264
RAW,502854550,3795,3263
RAW,502854578,3797,3263
RAW,502854606,3795,3265
RAW,502854634,3797,3264
RAW,502854661,3799,3263
RAW,502854689,3795,3265
RAW,502854716,3799,3264
RAW,502854744,3798,3263
RAW,502854771,3802,3262
RAW,502854799,3801,3264
RAW,502854826,3803,3265
RAW,502854854,3803,3265
RAW,502854881,3805,3264
RAW,502854908,3807,3265
RAW,502854936,3807,3264
RAW,502854963,3807,3263
RAW,502854991,3811,3265
RAW,502855018,3811,3265
RAW,502855046,3815,3263
RAW,502855073,3817,3263
RAW,502855101,3818,3264
RAW,502855128,3821,3265
RAW,502855156,3823,3266
RAW,502855183,3823,3263
RAW,502855210,3823,3265
RAW,502855238,3830,3263
RAW,502855265,3830,3263
RAW,502855293,3834,3263
RAW,502855320,3835,3265
RAW,502855348,3835,3264
RAW,502855375,3835,3263
RAW,502855403,3839,3265
RAW,502855444,3839,3265
RAW,502855472,3839,3264
RAW,502855500,3839,3264
RAW,502855528,3843,3265
RAW,502855556,3843,3266
RAW,502855584,3845,3263
RAW,502855612,3847,3266
RAW,502855640,3850,3265
RAW,502855668,3853,3263
RAW,502855696,3855,3263
RAW,502855724,3857,3263
RAW,502855752,3861,3265
RAW,502855780,3863,3263
RAW,502855808,3866,3265
RAW,502855836,3867,3265
RAW,502855864,3872,3263
RAW,502855892,3871,3265
RAW,502855920,3875,3263
RAW,502855948,3878,3264
RAW,502855976,3882,3263
RAW,502856004,3883,3263
RAW,502856032,3885,3265
RAW,502856060,3887,3265
RAW,502856088,3889,3265
RAW,502856116,3893,3265
RAW,502856143,3895,3264
RAW,502856171,3898,3265
RAW,502856199,3899,3265
RAW,502856227,3903,3265
RAW,502856255,3907,3265
RAW,502856283,3909,3265
RAW,502856311,3911,3265
RAW,502856339,3911,3265
RAW,502856367,3913,3265
RAW,502856395,3915,3265
RAW,502856423,3914,3263
RAW,502856451,3914,3264
RAW,502856479,3915,3262
RAW,502856507,3915,3266
RAW,502856535,3911,3265
RAW,502856563,3912,3262
RAW,502856591,3911,3266
RAW,502856619,3910,3265
RAW,502856647,3910,3265
RAW,502856675,3909,3266
RAW,502856703,3909,3266
RAW,502856731,3909,3265
RAW,502856759,3907,3265
RAW,502856787,3910,3266
RAW,502856815,3911,3265
RAW,502856843,3913,3264
RAW,502856871,3914,3264
RAW,502856899,3911,3265
RAW,502856927,3913,3264
RAW,502856955,3914,3264
RAW,502856983,3915,3265
RAW,502857011,3914,3264
RAW,502857038,3915,3263
RAW,502857066,3917,3265
RAW,502857094,3915,3263
RAW,502857122,3915,3263
RAW,502857150,3917,3263
RAW,502857178,3915,3266
RAW,502857206,3917,3266
RAW,502857234,3915,3265
RAW,502857262,3915,3265
RAW,502857290,3914,3265
RAW,502857318,3915,3265
RAW,502857346,3914,3264
RAW,502857374,3911,3265
RAW,502857402,3911,3265
RAW,502857430,3913,3265
RAW,502857458,3911,3265
RAW,502857486,3912,3265
RAW,502857514,3909,3267
RAW,502857542,3909,3265
RAW,502857570,3907,3265
RAW,502857599,3906,3265
RAW,502857627,3907,3264
RAW,502857655,3905,3265
RAW,502857683,3905,3265
RAW,502857711,3901,3265
RAW,502857739,3899,3265
RAW,502857767,3899,3265
RAW,502857795,3898,3265
RAW,502857823,3895,3265
RAW,502857851,3893,3265
RAW,502857879,3890,3263
RAW,502857907,3887,3264
RAW,502857935,3887,3263
RAW,502857963,3885,3265
RAW,502857991,3882,3263
RAW,502858019,3879,3265
RAW,502858047,3875,3264
RAW,502858075,3875,3266
RAW,502858103,3871,3263
RAW,502858131,3867,3265
RAW,502858159,3866,3265
RAW,502858186,3863,3265
RAW,502858214,3860,3265
RAW,502858242,3855,3265
RAW,502858270,3854,3265
RAW,502858298,3853,3266
RAW,502858326,3848,3265
RAW,502858354,3846,3265
RAW,502858382,3843,3265
RAW,502858410,3839,3264
RAW,502858438,3838,3266
RAW,502858466,3835,3265
RAW,502858494,3832,3263
RAW,502858522,3827,3263
RAW,502858550,3825,3263
RAW,502858578,3823,3265
RAW,502858607,3819,3264
RAW,502858635,3819,3265
RAW,502858663,3814,3265
RAW,502858691,3811,3264
RAW,502858719,3807,3265
RAW,502858747,3806,3265
RAW,502858775,3805,3265
RAW,502858803,3799,3264
RAW,502858831,3797,3264
RAW,502858859,3791,3265
RAW,502858887,3791,3265
RAW,502858915,3789,3263
RAW,502858943,3786,3265
RAW,502858971,3783,3263
RAW,502858999,3778,3265
RAW,502859027,3778,3265
RAW,502859055,3775,3265
RAW,502859083,3771,3265
RAW,502859111,3770,3266
RAW,502859139,3767,3265
RAW,502859167,3766,3265
RAW,502859195,3759,3265
RAW,502859225,3759,3263
RAW,502859253,3759,3265
RAW,502859281,3755,3265
RAW,502859309,3753,3263
RAW,502859337,3751,3263
RAW,502859365,3749,3263
RAW,502859393,3747,3263
RAW,502859421,3745,3265
RAW,502859449,3743,3265
RAW,502859477,3742,3262
RAW,502859505,3739,3266
RAW,502859533,3739,3265
RAW,502859561,3738,3265
RAW,502859589,3737,3266
RAW,502859617,3735,3262
RAW,502859645,3735,3265
RAW,502859673,3731,3263
RAW,502859701,3731,3266
RAW,502859729,3731,3264
RAW,502859757,3731,3263
RAW,502859785,3727,3263
RAW,502859813,3727,3265
RAW,502859841,3727,3266
RAW,502859869,3727,3265
RAW,502859897,3726,3265
RAW,502859925,3723,3266
RAW,502859953,3723,3266
RAW,502859981,3723,3265
RAW,502860009,3723,3266
RAW,502860037,3723,3266
RAW,502860065,3722,3265
RAW,502860093,3721,3265
RAW,502860121,3719,3266
RAW,502860149,3721,3265
RAW,502860177,3719,3264
RAW,502860205,3721,3265
RAW,502860233,3720,3265
RAW,502860261,3719,3264
RAW,502860289,3719,3265
RAW,502860317,3718,3266
RAW,502860345,3718,3266
RAW,502860373,3717,3265
RAW,502860401,3715,3265
RAW,502860429,3714,3265
RAW,502860457,3713,3265
RAW,502860485,3714,3265
RAW,502860513,3714,3263
RAW,502860541,3713,3264
RAW,502860569,3711,3267
RAW,502860598,3711,3265
RAW,502860626,3711,3264
RAW,502860654,3711,3265
RAW,502860682,3709,3265
RAW,502860710,3709,3265
RAW,502860738,3709,3265
RAW,502860766,3707,3265
RAW,502860794,3707,3265
RAW,502860822,3705,3266
RAW,502860850,3706,3263
RAW,502860878,3705,3263
RAW,502860906,3703,3266
RAW,502860934,3702,3266
RAW,502860962,3699,3265
RAW,502860990,3701,3264
RAW,502861018,3701,3266
RAW,502861046,3699,3266
RAW,502861074,3699,3265
RAW,502861102,3697,3265
RAW,502861130,3695,3266
RAW,502861157,3698,3265
RAW,502861185,3695,3265
RAW,502861213,3695,3265
RAW,502861241,3694,3263
RAW,502861269,3695,3265
RAW,502861297,3694,3265
RAW,502861325,3693,3266
RAW,502861353,3691,3263
RAW,502861381,3692,3264
RAW,502861409,3691,3265
RAW,502861437,3691,3265
RAW,502861465,3691,3266
RAW,502861493,3690,3265
RAW,502861521,3690,3264
RAW,502861549,3691,3265
RAW,502861577,3691,3263
RAW,502861607,3690,3263
RAW,502861635,3690,3264
RAW,502861662,3691,3263
RAW,502861690,3691,3264
RAW,502861718,3691,3263
RAW,502861746,3691,3265
RAW,502861774,3691,3265
RAW,502861802,3690,3265
RAW,502861830,3691,3263
RAW,502861858,3691,3265
RAW,502861886,3691,3263
RAW,502861914,3693,3263
RAW,502861942,3693,3262
RAW,502861970,3691,3264
RAW,502861998,3691,3263
RAW,502862026,3689,3265
RAW,502862054,3690,3265
RAW,502862082,3688,3265
RAW,502862110,3690,3266
RAW,502862138,3688,3265
RAW,502862166,3688,3265
RAW,502862194,3687,3266
RAW,502862222,3687,3265
RAW,502862250,3686,3265
RAW,502862278,3686,3266
RAW,502862306,3688,3263
RAW,502862334,3687,3265
RAW,502862362,3686,3265
RAW,502862390,3688,3265
RAW,502862418,3686,3263
RAW,502862446,3687,3265
RAW,502862474,3687,3266
RAW,502862502,3686,3264
RAW,502862530,3683,3266
RAW,502862558,3686,3266
RAW,502862586,3687,3266
RAW,502862615,3687,3266
RAW,502862643,3683,3265
RAW,502862671,3684,3267
RAW,502862699,3685,3266
RAW,502862727,3684,3266
RAW,502862755,3683,3268
RAW,502862783,3685,3266
RAW,502862811,3683,3266
RAW,502862839,3683,3265
RAW,502862867,3683,3265
RAW,502862895,3683,3263
RAW,502862923,3683,3266
RAW,502862951,3683,3268
RAW,502862979,3683,3267
RAW,502863007,3683,3267
RAW,502863035,3683,3267
RAW,502863063,3682,3266
RAW,502863091,3682,3267
RAW,502863119,3683,3267
RAW,502863147,3682,3265
RAW,502863175,3683,3266
RAW,502863203,3681,3267
RAW,502863231,3682,3266
RAW,502863259,3682,3267
RAW,502863287,3681,3266
RAW,502863315,3682,3266
RAW,502863343,3679,3265
RAW,502863371,3679,3265
RAW,502863399,3679,3266
RAW,502863427,3679,3264
RAW,502863455,3679,3266
RAW,502863483,3682,3265
RAW,502863511,3679,3265
RAW,502863539,3681,3263
RAW,502863567,3679,3265
RAW,502863596,3679,3267
RAW,502863624,3679,3264
RAW,502863652,3680,3267
RAW,502863680,3679,3266
RAW,502863708,3679,3267
RAW,502863736,3679,3266
RAW,502863764,3679,3266
RAW,502863792,3681,3267
RAW,502863820,3681,3267
RAW,502863848,3679,3266
RAW,502863876,3679,3267
RAW,502863904,3679,3270
RAW,502863932,3679,3271
RAW,502863960,3682,3271
RAW,502863988,3681,3272
RAW,502864016,3682,3272
RAW,502864044,3682,3273
RAW,502864072,3682,3275
RAW,502864100,3679,3275
RAW,502864128,3681,3279
RAW,502864156,3682,3278
RAW,502864184,3679,3281
RAW,502864212,3679,3279
RAW,502864240,3682,3283
RAW,502864268,3679,3285
RAW,502864296,3682,3287
RAW,502864324,3682,3290
RAW,502864352,3681,3291
RAW,502864380,3682,3294
RAW,502864408,3682,3295
RAW,502864436,3682,3298
RAW,502864463,3682,3303
RAW,502864491,3682,3303
RAW,502864519,3682,3307
RAW,502864547,3682,3309
RAW,502864575,3682,3310
RAW,502864605,3683,3315
RAW,502864633,3683,3315
RAW,502864661,3683,3317
RAW,502864689,3682,3323
RAW,502864717,3682,3323
RAW,502864745,3682,3327
RAW,502864773,3681,3331
RAW,502864801,3682,3334
RAW,502864829,3683,3338
RAW,502864857,3682,3339
RAW,502864885,3683,3343
RAW,502864913,3682,3343
RAW,502864940,3682,3347
RAW,502864968,3682,3351
RAW,502864996,3681,3354
RAW,502865024,3679,3357
RAW,502865052,3683,3360
RAW,502865080,3682,3365
RAW,502865108,3681,3368
RAW,502865136,3683,3369
RAW,502865164,3682,3371
RAW,502865192,3683,3375
RAW,502865220,3679,3379
RAW,502865248,3682,3382
RAW,502865276,3682,3386
RAW,502865304,3683,3392
RAW,502865332,3683,3395
RAW,502865360,3685,3400
RAW,502865388,3682,3403
RAW,502865416,3683,3407
RAW,502865444,3683,3407
RAW,502865472,3682,3415
RAW,502865500,3682,3419
RAW,502865528,3683,3423
RAW,502865556,3682,3427
RAW,502865584,3683,3434
RAW,502865612,3683,3437
RAW,502865640,3683,3444
RAW,502865682,3683,3451
RAW,502865710,3683,3459
RAW,502865738,3683,3463
RAW,502865766,3683,3469
RAW,502865794,3683,3475
RAW,502865822,3682,3479
RAW,502865850,3684,3485
RAW,502865878,3683,3491
RAW,502865906,3683,3496
RAW,502865934,3683,3503
RAW,502865962,3683,3507
RAW,502865990,3685,3511
RAW,502866018,3685,3517
RAW,502866046,3683,3522
RAW,502866074,3685,3525
RAW,502866102,3683,3530
RAW,502866130,3685,3535
RAW,502866158,3685,3540
RAW,502866186,3685,3547
RAW,502866214,3685,3549
RAW,502866242,3683,3555
RAW,502866270,3685,3559
RAW,502866298,3683,3563
RAW,502866326,3683,3567
RAW,502866354,3685,3575
RAW,502866382,3685,3579
RAW,502866410,3683,3583
RAW,502866438,3685,3587
RAW,502866466,3685,3594
RAW,502866494,3685,3597
RAW,502866522,3685,3603
RAW,502866550,3686,3606
RAW,502866578,3687,3610
RAW,502866607,3684,3615
RAW,502866635,3686,3619
RAW,502866663,3685,3624
RAW,502866691,3686,3627
RAW,502866719,3683,3631
RAW,502866747,3685,3637
RAW,502866775,3685,3641
RAW,502866803,3683,3642
RAW,502866831,3685,3649
RAW,502866859,3683,3650
RAW,502866887,3685,3658
RAW,502866915,3685,3659
RAW,502866943,3683,3663
RAW,502866971,3683,3667
RAW,502866999,3683,3671
RAW,502867027,3684,3677
RAW,502867055,3682,3680
RAW,502867083,3683,3682
RAW,502867111,3683,3687
RAW,502867139,3686,3689
RAW,502867167,3685,3691
RAW,502867195,3685,3695
RAW,502867223,3686,3698
RAW,502867251,3683,3702
RAW,502867279,3683,3703
RAW,502867307,3683,3707
RAW,502867335,3685,3709
RAW,502867363,3683,3711
RAW,502867391,3685,3714
RAW,502867419,3683,3715
RAW,502867447,3683,3718
RAW,502867475,3685,3720
RAW,502867503,3685,3721
RAW,502867531,3684,3723
RAW,502867559,3686,3726
RAW,502867587,3685,3727
RAW,502867616,3683,3727
RAW,502867644,3683,3727
RAW,502867672,3685,3731
RAW,502867700,3683,3729
RAW,502867728,3683,3730
RAW,502867756,3683,3731
RAW,502867784,3683,3731
RAW,502867812,3683,3730
RAW,502867840,3683,3731
RAW,502867868,3683,3727
RAW,502867896,3683,3727
RAW,502867924,3685,3726
RAW,502867952,3685,3726
RAW,502867980,3683,3723
RAW,502868008,3685,3719
RAW,502868036,3683,3719
RAW,502868064,3683,3718
RAW,502868092,3685,3715
RAW,502868120,3683,3715
RAW,502868148,3685,3714
RAW,502868176,3683,3711
RAW,502868204,3683,3710
RAW,502868232,3686,3708
RAW,502868260,3683,3706
RAW,502868288,3685,3705
RAW,502868316,3683,3704
RAW,502868344,3683,3704
RAW,502868372,3685,3701
RAW,502868400,3685,3702
RAW,502868428,3685,3701
RAW,502868456,3685,3699
RAW,502868484,3686,3698
RAW,502868512,3685,3697
RAW,502868540,3683,3695
RAW,502868568,3683,3695
RAW,502868598,3685,3695
RAW,502868626,3685,3693
RAW,502868654,3685,3691
RAW,502868682,3685,3691
RAW,502868710,3685,3690
RAW,502868738,3686,3687
RAW,502868766,3685,3685
RAW,502868794,3685,3683
RAW,502868822,3685,3683
RAW,502868850,3683,3682
RAW,502868878,3683,3679
RAW,502868906,3683,3678
RAW,502868934,3685,3678
RAW,502868962,3683,3675
RAW,502868990,3683,3675
RAW,502869018,3683,3673
RAW,502869046,3685,3672
RAW,502869074,3683,3671
RAW,502869102,3685,3670
RAW,502869130,3683,3669
RAW,502869158,3683,3668
RAW,502869186,3683,3667
RAW,502869214,3685,3666
RAW,502869242,3683,3663
RAW,502869270,3683,3663
RAW,502869298,3683,3663
RAW,502869326,3683,3661
RAW,502869354,3683,3661
RAW,502869382,3684,3659
RAW,502869410,3683,3658
RAW,502869438,3685,3657
RAW,502869466,3685,3653
RAW,502869494,3685,3654
RAW,502869522,3685,3650
RAW,502869550,3685,3646
RAW,502869578,3685,3645
RAW,502869607,3685,3642
RAW,502869635,3685,3639
RAW,502869663,3683,3637
RAW,502869691,3683,3635
RAW,502869719,3683,3631
RAW,502869747,3683,3629
RAW,502869775,3685,3625
RAW,502869803,3683,3622
RAW,502869831,3685,3618
RAW,502869859,3685,3615
RAW,502869887,3686,3611
RAW,502869915,3685,3608
RAW,502869943,3683,3605
RAW,502869971,3685,3599
RAW,502869999,3683,3598
RAW,502870027,3685,3594
RAW,502870055,3685,3590
RAW,502870083,3684,3583
RAW,502870111,3685,3581
RAW,502870139,3685,3575
RAW,502870167,3682,3570
RAW,502870195,3683,3567
RAW,502870223,3683,3562
RAW,502870251,3685,3557
RAW,502870279,3682,3551
RAW,502870307,3683,3549
RAW,502870335,3685,3543
RAW,502870363,3685,3539
RAW,502870391,3683,3535
RAW,502870419,3683,3531
RAW,502870447,3683,3527
RAW,502870475,3686,3521
RAW,502870503,3685,3517
RAW,502870531,3685,3511
RAW,502870559,3683,3509
RAW,502870587,3685,3503
RAW,502870616,3685,3499
RAW,502870644,3683,3495
RAW,502870672,3683,3491
RAW,502870700,3685,3486
RAW,502870728,3683,3482
RAW,502870756,3685,3478
RAW,502870784,3683,3471
RAW,502870812,3683,3469
RAW,502870840,3683,3463
RAW,502870868,3685,3459
RAW,502870896,3683,3455
RAW,502870924,3683,3450
RAW,502870952,3685,3445
RAW,502870980,3683,3438
RAW,502871008,3683,3433
RAW,502871036,3685,3429
RAW,502871064,3685,3422
RAW,502871092,3686,3419
RAW,502871120,3685,3414
RAW,502871148,3685,3407
RAW,502871176,3683,3403
RAW,502871204,3683,3399
RAW,502871232,3685,3395
RAW,502871260,3685,3389
RAW,502871288,3683,3385
RAW,502871316,3683,3381
RAW,502871344,3683,3374
DROP_RAW_END,65
EVT,510523,DROP dt=9 tau=3 V=63.3
DROP,510523,66,9812,3372,5819,97,46,633,2,3520,3839,3447
DROP_RAW_BEGIN,510523,66,812,510499256,510521878,510506291
RAW,510499256,3683,3261
RAW,510499284,3682,3262
RAW,510499311,3682,3262
RAW,510499339,3682,3263
RAW,510499366,3682,3261
RAW,510499394,3682,3262
RAW,510499421,3684,3262
RAW,510499448,3682,3261
RAW,510499476,3683,3263
RAW,510499503,3682,3259
RAW,510499531,3683,3262
RAW,510499558,3682,3261
RAW,510499586,3682,3261
RAW,510499613,3682,3261
RAW,510499641,3682,3262
RAW,510499668,3679,3263
RAW,510499696,3682,3264
RAW,510499723,3679,3263
RAW,510499750,3682,3263
RAW,510499778,3681,3259
RAW,510499805,3679,3261
RAW,510499833,3682,3262
RAW,510499860,3679,3264
RAW,510499888,3681,3262
RAW,510499915,3682,3264
RAW,510499943,3682,3259
RAW,510499970,3682,3261
RAW,510499998,3679,3264
RAW,510500025,3682,3259
RAW,510500052,3679,3263
RAW,510500080,3682,3264
RAW,510500107,3682,3259
RAW,510500135,3679,3263
RAW,510500162,3679,3263
RAW,510500190,3679,3262
RAW,510500217,3679,3262
RAW,510500245,3682,3263
RAW,510500272,3679,3262
RAW,510500300,3681,3262
RAW,510500327,3679,3261
RAW,510500354,3679,3263
RAW,510500382,3679,3263
RAW,510500409,3679,3261
RAW,510500437,3679,3263
RAW,510500464,3679,3263
RAW,510500492,3682,3264
RAW,510500519,3679,3262
RAW,510500547,3680,3261
RAW,510500574,3679,3262
RAW,510500603,3679,3262
RAW,510500630,3679,3262
RAW,510500658,3679,3262
RAW,510500685,3679,3263
RAW,510500713,3679,3259
RAW,510500740,3678,3262
RAW,510500768,3678,3262
RAW,510500795,3679,3261
RAW,510500822,3679,3262
RAW,510500850,3679,3262
RAW,510500877,3679,3263
RAW,510500905,3679,3264
RAW,510500932,3678,3262
RAW,510500960,3679,3262
RAW,510500987,3677,3262
RAW,510501015,3678,3261
RAW,510501042,3677,3264
RAW,510501070,3678,3263
RAW,510501097,3677,3262
RAW,510501124,3678,3261
RAW,510501152,3675,3261
RAW,510501179,3678,3261
RAW,510501207,3677,3262
RAW,510501234,3677,3263
RAW,510501262,3679,3263
RAW,510501289,3678,3264
RAW,510501317,3675,3259
RAW,510501344,3678,3262
RAW,510501372,3677,3263
RAW,510501399,3677,3261
RAW,510501426,3676,3263
RAW,510501454,3675,3262
RAW,510501481,3675,3263
RAW,510501509,3675,3262
RAW,510501536,3675,3264
RAW,510501564,3677,3262
RAW,510501591,3675,3262
RAW,510501619,3675,3262
RAW,510501646,3674,3262
RAW,510501673,3675,3262
RAW,510501701,3675,3262
RAW,510501728,3675,3261
RAW,510501756,3674,3262
RAW,510501783,3674,3262
RAW,510501811,3675,3263
RAW,510501838,3675,3259
RAW,510501866,3674,3262
RAW,510501893,3675,3261
RAW,510501921,3675,3262
RAW,510501948,3675,3262
RAW,510501975,3674,3263
RAW,510502003,3674,3261
RAW,510502030,3673,3262
RAW,510502058,3674,3263
RAW,510502085,3674,3259
RAW,510502113,3674,3262
RAW,510502140,3672,3262
RAW,510502168,3673,3259
RAW,510502195,3674,3264
RAW,510502223,3675,3265
RAW,510502250,3673,3263
RAW,510502277,3675,3263
RAW,510502305,3673,3263
RAW,510502332,3674,3259
RAW,510502360,3674,3259
RAW,510502387,3674,3261
RAW,510502415,3674,3262
RAW,510502442,3675,3264
RAW,510502470,3674,3262
RAW,510502497,3676,3261
RAW,510502525,3675,3264
RAW,510502552,3675,3261
RAW,510502579,3675,3259
RAW,510502608,3679,3262
RAW,510502636,3678,3262
RAW,510502663,3679,3264
RAW,510502691,3679,3262
RAW,510502718,3682,3262
RAW,510502745,3681,3264
RAW,510502773,3683,3262
RAW,510502800,3685,3261
RAW,510502828,3687,3261
RAW,510502855,3687,3262
RAW,510502883,3690,3264
RAW,510502910,3690,3261
RAW,510502938,3691,3263
RAW,510502965,3691,3263
RAW,510502993,3695,3262
RAW,510503020,3695,3263
RAW,510503047,3699,3262
RAW,510503075,3699,3261
RAW,510503102,3701,3262
RAW,510503130,3702,3262
RAW,510503157,3706,3262
RAW,510503185,3706,3262
RAW,510503212,3706,3262
RAW,510503240,3707,3259
RAW,510503267,3711,3264
RAW,510503295,3713,3262
RAW,510503322,3714,3262
RAW,510503349,3715,3264
RAW,510503377,3719,3262
RAW,510503404,3719,3261
RAW,510503432,3722,3262
RAW,510503459,3722,3262
RAW,510503487,3723,3263
RAW,510503514,3727,3262
RAW,510503542,3727,3262
RAW,510503569,3731,3263
RAW,510503598,3735,3264
RAW,510503625,3735,3263
RAW,510503653,3738,3262
RAW,510503680,3738,3262
RAW,510503708,3741,3261
RAW,510503735,3743,3262
RAW,510503763,3746,3263
RAW,510503790,3747,3262
RAW,510503817,3750,3262
RAW,510503845,3751,3261
RAW,510503872,3751,3262
RAW,510503900,3753,3261
RAW,510503927,3755,3264
RAW,510503955,3759,3263
RAW,510503982,3758,3263
RAW,510504010,3759,3262
RAW,510504037,3759,3262
RAW,510504065,3763,3263
RAW,510504092,3765,3262
RAW,510504119,3767,3263
RAW,510504147,3770,3263
RAW,510504174,3771,3263
RAW,510504202,3771,3263
RAW,510504229,3775,3262
RAW,510504257,3777,3263
RAW,510504284,3778,3262
RAW,510504312,3781,3263
RAW,510504339,3782,3262
RAW,510504366,3782,3263
RAW,510504394,3783,3259
RAW,510504421,3786,3262
RAW,510504449,3786,3261
RAW,510504476,3788,3262
RAW,510504504,3787,3262
RAW,510504531,3789,3264
RAW,510504559,3790,3262
RAW,510504586,3791,3261
RAW,510504615,3791,3261
RAW,510504642,3794,3262
RAW,510504670,3793,3264
RAW,510504697,3795,3261
RAW,510504725,3791,3261
RAW,510504752,3795,3263
RAW,510504780,3795,3263
RAW,510504807,3795,3263
RAW,510504834,3798,3263
RAW,510504862,3798,3262
RAW,510504889,3798,3262
RAW,510504917,3799,3262
RAW,510504944,3799,3263
RAW,510504972,3801,3264
RAW,510504999,3799,3262
RAW,510505027,3801,3262
RAW,510505054,3802,3262
RAW,510505082,3803,3263
RAW,510505109,3805,3263
RAW,510505136,3803,3262
RAW,510505164,3807,3262
RAW,510505191,3807,3259
RAW,510505219,3808,3262
RAW,510505246,3807,3262
RAW,510505274,3810,3264
RAW,510505301,3813,3263
RAW,510505329,3811,3259
RAW,510505356,3815,3262
RAW,510505384,3814,3261
RAW,510505411,3816,3262
RAW,510505438,3819,3263
RAW,510505466,3819,3264
RAW,510505493,3819,3261
RAW,510505521,3823,3262
RAW,510505548,3823,3262
RAW,510505576,3823,3262
RAW,510505604,3827,3262
RAW,510505632,3827,3262
RAW,510505659,3827,3262
RAW,510505687,3827,3264
RAW,510505714,3827,3263
RAW,510505742,3827,3261
RAW,510505769,3829,3263
RAW,510505797,3829,3263
RAW,510505824,3827,3264
RAW,510505852,3826,3259
RAW,510505879,3823,3263
RAW,510505906,3823,3262
RAW,510505934,3823,3261
RAW,510505961,3823,3263
RAW,510505989,3823,3262
RAW,510506016,3819,3264
RAW,510506044,3823,3262
RAW,510506071,3823,3263
RAW,510506099,3823,3261
RAW,510506126,3825,3262
RAW,510506153,3825,3261
RAW,510506181,3827,3261
RAW,510506208,3831,3262
RAW,510506236,3835,3262
RAW,510506263,3835,3259
RAW,510506291,3839,3262
RAW,510506332,3842,3262
RAW,510506360,3845,3261
RAW,510506388,3847,3262
RAW,510506416,3850,3262
RAW,510506444,3853,3259
RAW,510506472,3855,3262
RAW,510506500,3859,3262
RAW,510506528,3863,3262
RAW,510506556,3867,3263
RAW,510506584,3871,3261
RAW,510506612,3875,3262
RAW,510506640,3880,3261
RAW,510506668,3885,3264
RAW,510506696,3887,3259
RAW,510506724,3895,3262
RAW,510506752,3899,3262
RAW,510506780,3903,3262
RAW,510506808,3909,3262
RAW,510506836,3914,3259
RAW,510506864,3914,3263
RAW,510506892,3918,3262
RAW,510506920,3919,3261
RAW,510506948,3919,3262
RAW,510506976,3919,3261
RAW,510507004,3919,3261
RAW,510507032,3919,3262
RAW,510507060,3919,3262
RAW,510507088,3918,3263
RAW,510507116,3918,3264
RAW,510507143,3915,3263
RAW,510507171,3917,3263
RAW,510507199,3917,3263
RAW,510507227,3915,3262
RAW,510507255,3914,3262
RAW,510507283,3914,3260
RAW,510507311,3915,3259
RAW,510507339,3917,3263
RAW,510507367,3915,3263
RAW,510507395,3915,3263
RAW,510507423,3917,3262
RAW,510507451,3917,3262
RAW,510507479,3917,3262
RAW,510507507,3917,3259
RAW,510507535,3915,3262
RAW,510507563,3919,3261
RAW,510507591,3918,3261
RAW,510507619,3918,3261
RAW,510507647,3919,3261
RAW,510507675,3919,3262
RAW,510507703,3918,3261
RAW,510507731,3917,3263
RAW,510507759,3915,3262
RAW,510507787,3915,3262
RAW,510507815,3917,3264
RAW,510507843,3915,3262
RAW,510507871,3916,3262
RAW,510507899,3915,3259
RAW,510507927,3915,3262
RAW,510507955,3914,3262
RAW,510507983,3912,3261
RAW,510508011,3911,3261
RAW,510508038,3913,3262
RAW,510508066,3910,3260
RAW,510508094,3911,3261
RAW,510508122,3910,3262
RAW,510508150,3907,3262
RAW,510508178,3907,3263
RAW,510508206,3906,3264
RAW,510508234,3903,3263
RAW,510508262,3903,3262
RAW,510508290,3901,3263
RAW,510508318,3898,3263
RAW,510508346,3899,3264
RAW,510508374,3895,3262
RAW,510508402,3895,3261
RAW,510508430,3892,3262
RAW,510508458,3887,3261
RAW,510508486,3887,3261
RAW,510508514,3885,3262
RAW,510508542,3883,3263
RAW,510508570,3879,3262
RAW,510508599,3875,3262
RAW,510508627,3874,3262
RAW,510508655,3867,3264
RAW,510508683,3866,3259
RAW,510508711,3863,3261
RAW,510508739,3861,3260
RAW,510508767,3855,3261
RAW,510508795,3855,3262
RAW,510508823,3851,3262
RAW,510508851,3850,3262
RAW,510508879,3845,3259
RAW,510508907,3843,3263
RAW,510508935,3839,3262
RAW,510508963,3837,3264
RAW,510508991,3834,3262
RAW,510509019,3831,3262
RAW,510509047,3829,3259
RAW,510509075,3823,3261
RAW,510509103,3823,3261
RAW,510509131,3819,3262
RAW,510509159,3815,3262
RAW,510509186,3815,3261
RAW,510509214,3810,3259
RAW,510509242,3806,3263
RAW,510509270,3805,3262
RAW,510509298,3802,3261
RAW,510509326,3800,3262
RAW,510509354,3795,3262
RAW,510509382,3795,3261
RAW,510509410,3789,3261
RAW,510509438,3787,3262
RAW,510509466,3783,3261
RAW,510509494,3782,3263
RAW,510509522,3778,3263
RAW,510509550,3774,3261
RAW,510509578,3771,3262
RAW,510509607,3770,3262
RAW,510509635,3767,3264
RAW,510509663,3763,3264
RAW,510509704,3759,3265
RAW,510509732,3759,3263
RAW,510509760,3755,3263
RAW,510509788,3755,3262
RAW,510509816,3752,3261
RAW,510509844,3752,3261
RAW,510509872,3747,3262
RAW,510509900,3746,3261
RAW,510509928,3746,3261
RAW,510509956,3743,3264
RAW,510509984,3741,3263
RAW,510510012,3739,3262
RAW,510510040,3738,3263
RAW,510510068,3738,3262
RAW,510510096,3736,3264
RAW,510510124,3735,3264
RAW,510510152,3731,3262
RAW,510510180,3731,3259
RAW,510510208,3731,3262
RAW,510510236,3727,3261
RAW,510510264,3727,3259
RAW,510510292,3727,3259
RAW,510510320,3726,3262
RAW,510510348,3727,3262
RAW,510510376,3726,3261
RAW,510510404,3725,3263
RAW,510510432,3723,3262
RAW,510510460,3725,3261
RAW,510510488,3724,3261
RAW,510510516,3723,3262
RAW,510510544,3723,3262
RAW,510510572,3721,3264
RAW,510510601,3723,3262
RAW,510510629,3719,3261
RAW,510510657,3720,3262
RAW,510510685,3720,3265
RAW,510510713,3720,3262
RAW,510510741,3719,3263
RAW,510510769,3718,3264
RAW,510510797,3719,3262
RAW,510510825,3718,3262
RAW,510510853,3718,3264
RAW,510510881,3717,3263
RAW,510510909,3715,3262
RAW,510510937,3718,3263
RAW,510510965,3715,3261
RAW,510510993,3714,3262
RAW,510511021,3714,3263
RAW,510511049,3714,3261
RAW,510511077,3714,3262
RAW,510511105,3712,3263
RAW,510511133,3712,3262
RAW,510511161,3711,3265
RAW,510511189,3711,3262
RAW,510511217,3710,3261
RAW,510511245,3709,3264
RAW,510511273,3707,3262
RAW,510511301,3707,3259
RAW,510511329,3706,3261
RAW,510511357,3707,3262
RAW,510511385,3705,3264
RAW,510511413,3706,3263
RAW,510511441,3703,3259
RAW,510511469,3703,3261
RAW,510511497,3703,3261
RAW,510511525,3702,3262
RAW,510511553,3699,3262
RAW,510511581,3701,3259
RAW,510511610,3698,3259
RAW,510511638,3699,3261
RAW,510511666,3697,3262
RAW,510511694,3697,3261
RAW,510511722,3695,3262
RAW,510511750,3695,3262
RAW,510511778,3694,3261
RAW,510511805,3694,3262
RAW,510511833,3694,3262
RAW,510511861,3691,3261
RAW,510511889,3691,3261
RAW,510511917,3690,3262
RAW,510511945,3690,3261
RAW,510511973,3690,3259
RAW,510512001,3689,3261
RAW,510512029,3689,3262
RAW,510512057,3687,3263
RAW,510512085,3686,3262
RAW,510512113,3687,3263
RAW,510512141,3687,3259
RAW,510512169,3687,3259
RAW,510512197,3686,3260
RAW,510512225,3687,3259
RAW,510512253,3687,3261
RAW,510512281,3687,3259
RAW,510512309,3687,3259
RAW,510512337,3687,3259
RAW,510512365,3686,3262
RAW,510512393,3687,3261
RAW,510512421,3687,3261
RAW,510512449,3687,3259
RAW,510512477,3687,3262
RAW,510512505,3687,3261
RAW,510512533,3686,3262
RAW,510512561,3687,3261
RAW,510512589,3686,3260
RAW,510512617,3683,3261
RAW,510512645,3685,3262
RAW,510512673,3685,3261
RAW,510512701,3687,3262
RAW,510512729,3685,3264
RAW,510512757,3686,3264
RAW,510512785,3683,3259
RAW,510512813,3686,3264
RAW,510512841,3683,3262
RAW,510512869,3683,3263
RAW,510512897,3686,3262
RAW,510512925,3683,3262
RAW,510512953,3686,3264
RAW,510512981,3683,3263
RAW,510513009,3685,3262
RAW,510513037,3683,3263
RAW,510513065,3682,3262
RAW,510513093,3682,3264
RAW,510513121,3682,3264
RAW,510513149,3682,3263
RAW,510513177,3682,3265
RAW,510513205,3679,3265
RAW,510513233,3679,3262
RAW,510513261,3682,3263
RAW,510513289,3681,3263
RAW,510513317,3680,3262
RAW,510513345,3679,3265
RAW,510513373,3679,3265
RAW,510513401,3678,3264
RAW,510513429,3679,3263
RAW,510513457,3679,3264
RAW,510513485,3678,3263
RAW,510513513,3678,3263
RAW,510513541,3678,3262
RAW,510513569,3678,3262
RAW,510513598,3675,3265
RAW,510513626,3677,3262
RAW,510513654,3675,3262
RAW,510513682,3677,3263
RAW,510513710,3678,3265
RAW,510513738,3678,3262
RAW,510513766,3678,3262
RAW,510513794,3678,3263
RAW,510513822,3675,3262
RAW,510513850,3677,3262
RAW,510513878,3677,3261
RAW,510513906,3675,3261
RAW,510513934,3675,3262
RAW,510513962,3675,3263
RAW,510513990,3675,3261
RAW,510514018,3675,3264
RAW,510514046,3675,3262
RAW,510514074,3675,3265
RAW,510514102,3677,3265
RAW,510514130,3677,3264
RAW,510514157,3675,3264
RAW,510514185,3677,3264
RAW,510514213,3675,3264
RAW,510514241,3677,3266
RAW,510514269,3675,3265
RAW,510514297,3675,3266
RAW,510514325,3677,3267
RAW,510514353,3678,3268
RAW,510514381,3675,3267
RAW,510514409,3677,3269
RAW,510514437,3675,3269
RAW,510514465,3678,3271
RAW,510514493,3679,3270
RAW,510514521,3678,3271
RAW,510514549,3675,3271
RAW,510514577,3679,3275
RAW,510514607,3675,3277
RAW,510514635,3677,3277
RAW,510514662,3678,3279
RAW,510514690,3677,3279
RAW,510514718,3677,3282
RAW,510514746,3678,3285
RAW,510514774,3679,3283
RAW,510514802,3677,3287
RAW,510514830,3679,3289
RAW,510514858,3678,3291
RAW,510514886,3678,3295
RAW,510514914,3677,3297
RAW,510514942,3678,3299
RAW,510514970,3678,3302
RAW,510514998,3678,3305
RAW,510515026,3678,3308
RAW,510515054,3679,3310
RAW,510515082,3675,3311
RAW,510515110,3678,3317
RAW,510515138,3678,3319
RAW,510515166,3679,3320
RAW,510515194,3679,3323
RAW,510515222,3679,3327
RAW,510515250,3682,3327
RAW,510515278,3679,3334
RAW,510515306,3679,3335
RAW,510515334,3679,3339
RAW,510515362,3679,3342
RAW,510515390,3678,3343
RAW,510515418,3679,3348
RAW,510515446,3679,3350
RAW,510515474,3679,3355
RAW,510515502,3679,3355
RAW,510515530,3682,3359
RAW,510515558,3678,3363
RAW,510515586,3679,3365
RAW,510515615,3680,3368
RAW,510515643,3679,3372
RAW,510515671,3680,3375
RAW,510515699,3679,3379
RAW,510515727,3682,3383
RAW,510515755,3679,3387
RAW,510515783,3681,3393
RAW,510515811,3682,3394
RAW,510515839,3682,3400
RAW,510515867,3682,3403
RAW,510515895,3679,3407
RAW,510515923,3679,3414
RAW,510515951,3682,3418
RAW,510515979,3683,3423
RAW,510516007,3681,3427
RAW,510516035,3682,3435
RAW,510516063,3682,3438
RAW,510516091,3682,3447
RAW,510516132,3682,3456
RAW,510516160,3682,3461
RAW,510516188,3682,3468
RAW,510516216,3683,3473
RAW,510516244,3682,3479
RAW,510516272,3679,3483
RAW,510516300,3679,3491
RAW,510516328,3683,3498
RAW,510516356,3683,3503
RAW,510516384,3683,3507
RAW,510516412,3682,3514
RAW,510516440,3682,3519
RAW,510516468,3683,3526
RAW,510516496,3683,3531
RAW,510516524,3683,3535
RAW,510516552,3683,3542
RAW,510516580,3683,3546
RAW,510516610,3684,3551
RAW,510516638,3683,3557
RAW,510516666,3683,3563
RAW,510516694,3683,3567
RAW,510516722,3683,3573
RAW,510516750,3683,3578
RAW,510516778,3683,3582
RAW,510516806,3685,3589
RAW,510516834,3683,3593
RAW,510516862,3685,3599
RAW,510516890,3683,3605
RAW,510516918,3683,3610
RAW,510516946,3683,3613
RAW,510516974,3685,3617
RAW,510517002,3682,3623
RAW,510517030,3683,3627
RAW,510517058,3685,3631
RAW,510517086,3685,3635
RAW,510517114,3683,3639
RAW,510517142,3685,3643
RAW,510517170,3683,3647
RAW,510517198,3683,3653
RAW,510517226,3683,3655
RAW,510517254,3683,3659
RAW,510517282,3683,3663
RAW,510517310,3682,3669
RAW,510517338,3684,3672
RAW,510517366,3683,3675
RAW,510517394,3683,3679
RAW,510517422,3683,3683
RAW,510517450,3682,3686
RAW,510517478,3683,3690
RAW,510517506,3683,3693
RAW,510517534,3682,3695
RAW,510517562,3684,3699
RAW,510517590,3685,3703
RAW,510517618,3685,3706
RAW,510517646,3684,3709
RAW,510517674,3683,3711
RAW,510517702,3683,3714
RAW,510517730,3683,3717
RAW,510517758,3685,3719
RAW,510517786,3683,3722
RAW,510517814,3682,3723
RAW,510517842,3685,3726
RAW,510517870,3682,3727
RAW,510517898,3683,3727
RAW,510517926,3683,3731
RAW,510517954,3683,3735
RAW,510517982,3684,3738
RAW,510518010,3683,3738
RAW,510518038,3683,3740
RAW,510518066,3683,3739
RAW,510518094,3685,3741
RAW,510518122,3682,3743
RAW,510518150,3683,3745
RAW,510518178,3683,3746
RAW,510518206,3685,3747
RAW,510518234,3683,3747
RAW,510518262,3683,3747
RAW,510518290,3683,3747
RAW,510518318,3683,3746
RAW,510518346,3683,3743
RAW,510518374,3683,3743
RAW,510518402,3683,3743
RAW,510518430,3683,3742
RAW,510518458,3683,3741
RAW,510518486,3685,3741
RAW,510518514,3683,3739
RAW,510518542,3683,3737
RAW,510518570,3683,3735
RAW,510518599,3683,3733
RAW,510518627,3683,3733
RAW,510518655,3683,3727
RAW,510518683,3683,3731
RAW,510518711,3684,3727
RAW,510518739,3683,3726
RAW,510518767,3684,3725
RAW,510518795,3683,3723
RAW,510518823,3682,3721
RAW,510518851,3683,3722
RAW,510518879,3682,3718
RAW,510518907,3683,3718
RAW,510518935,3685,3718
RAW,510518963,3684,3718
RAW,510518991,3683,3714
RAW,510519019,3683,3714
RAW,510519047,3683,3713
RAW,510519075,3683,3711
RAW,510519103,3684,3711
RAW,510519131,3683,3709
RAW,510519159,3683,3707
RAW,510519187,3683,3705
RAW,510519215,3683,3704
RAW,510519243,3682,3702
RAW,510519271,3683,3699
RAW,510519299,3683,3695
RAW,510519327,3685,3695
RAW,510519355,3682,3693
RAW,510519383,3684,3691
RAW,510519411,3682,3691
RAW,510519439,3685,3689
RAW,510519467,3682,3687
RAW,510519495,3683,3683
RAW,510519523,3682,3683
RAW,510519551,3685,3683
RAW,510519579,3685,3679
RAW,510519608,3683,3679
RAW,510519636,3685,3678
RAW,510519664,3683,3677
RAW,510519692,3683,3675
RAW,510519720,3683,3675
RAW,510519748,3683,3674
RAW,510519776,3684,3674
RAW,510519804,3683,3671
RAW,510519832,3683,3671
RAW,510519860,3683,3667
RAW,510519888,3683,3667
RAW,510519916,3683,3663
RAW,510519944,3685,3663
RAW,510519972,3683,3662
RAW,510520000,3683,3663
RAW,510520028,3683,3659
RAW,510520056,3683,3657
RAW,510520084,3683,3655
RAW,510520112,3683,3654
RAW,510520140,3683,3650
RAW,510520168,3683,3649
RAW,510520196,3683,3646
RAW,510520224,3683,3642
RAW,510520252,3683,3641
RAW,510520280,3682,3638
RAW,510520308,3684,3634
RAW,510520336,3683,3631
RAW,510520364,3683,3627
RAW,510520392,3683,3625
RAW,510520420,3682,3623
RAW,510520448,3683,3618
RAW,510520476,3683,3615
RAW,510520504,3685,3611
RAW,510520532,3685,3608
RAW,510520560,3682,3605
RAW,510520588,3683,3601
RAW,510520616,3683,3597
RAW,510520644,3685,3591
RAW,510520672,3685,3587
RAW,510520700,3685,3582
RAW,510520728,3685,3578
RAW,510520756,3683,3574
RAW,510520784,3683,3567
RAW,510520812,3685,3563
RAW,510520840,3685,3559
RAW,510520868,3683,3553
RAW,510520896,3683,3550
RAW,510520924,3685,3545
RAW,510520952,3683,3539
RAW,510520980,3682,3535
RAW,510521008,3683,3531
RAW,510521036,3685,3525
RAW,510521064,3685,3519
RAW,510521092,3683,3515
RAW,510521120,3682,3511
RAW,510521148,3683,3503
RAW,510521176,3683,3503
RAW,510521204,3683,3495
RAW,510521232,3685,3491
RAW,510521260,3685,3487
RAW,510521288,3683,3483
RAW,510521316,3684,3477
RAW,510521344,3683,3473
RAW,510521372,3685,3469
RAW,510521400,3685,3463
RAW,510521428,3685,3457
RAW,510521456,3683,3454
RAW,510521484,3685,3450
RAW,510521512,3682,3443
RAW,510521540,3685,3435
RAW,510521568,3685,3432
RAW,510521598,3685,3427
RAW,510521626,3683,3422
RAW,510521654,3683,3416
RAW,510521682,3683,3410
RAW,510521710,3685,3403
RAW,510521738,3685,3400
RAW,510521766,3685,3395
RAW,510521794,3685,3390
RAW,510521822,3683,3386
RAW,510521850,3683,3380
RAW,510521878,3685,3375
DROP_RAW_END,66
EVT,518176,DROP dt=9 tau=3 V=64.7
DROP,518175,67,9742,3337,5850,98,46,647,2,3520,3837,3447
DROP_RAW_BEGIN,518175,67,811,518151826,518174419,518158859
RAW,518151826,3683,3263
RAW,518151854,3683,3263
RAW,518151881,3683,3265
RAW,518151908,3681,3264
RAW,518151936,3683,3262
RAW,518151963,3682,3265
RAW,518151991,3682,3263
RAW,518152018,3683,3263
RAW,518152046,3683,3264
RAW,518152073,3683,3262
RAW,518152101,3682,3264
RAW,518152128,3682,3262
RAW,518152156,3683,3264
RAW,518152183,3682,3263
RAW,518152210,3682,3265
RAW,518152238,3682,3265
RAW,518152265,3683,3262
RAW,518152293,3679,3262
RAW,518152320,3679,3262
RAW,518152348,3682,3263
RAW,518152375,3679,3262
RAW,518152403,3683,3264
RAW,518152430,3682,3265
RAW,518152458,3679,3262
RAW,518152485,3682,3263
RAW,518152512,3682,3262
RAW,518152540,3679,3262
RAW,518152567,3682,3264
RAW,518152596,3681,3262
RAW,518152624,3682,3262
RAW,518152651,3679,3262
RAW,518152678,3679,3262
RAW,518152706,3679,3262
RAW,518152733,3679,3263
RAW,518152761,3679,3262
RAW,518152788,3679,3264
RAW,518152816,3680,3263
RAW,518152843,3679,3262
RAW,518152871,3679,3262
RAW,518152898,3679,3262
RAW,518152926,3679,3264
RAW,518152953,3679,3264
RAW,518152980,3679,3265
RAW,518153008,3682,3263
RAW,518153035,3679,3262
RAW,518153063,3680,3262
RAW,518153090,3679,3262
RAW,518153118,3679,3264
RAW,518153145,3679,3263
RAW,518153173,3679,3265
RAW,518153200,3679,3263
RAW,518153228,3679,3265
RAW,518153255,3679,3262
RAW,518153282,3679,3263
RAW,518153310,3679,3262
RAW,518153337,3679,3263
RAW,518153365,3679,3262
RAW,518153392,3679,3261
RAW,518153420,3679,3261
RAW,518153447,3679,3262
RAW,518153475,3678,3262
RAW,518153502,3677,3264
RAW,518153530,3679,3261
RAW,518153557,3678,3263
RAW,518153584,3678,3263
RAW,518153612,3677,3263
RAW,518153639,3679,3262
RAW,518153667,3677,3262
RAW,518153694,3679,3262
RAW,518153722,3678,3264
RAW,518153749,3675,3264
RAW,518153777,3675,3264
RAW,518153804,3678,3264
RAW,518153832,3678,3263
RAW,518153859,3677,3264
RAW,518153886,3678,3263
RAW,518153914,3677,3262
RAW,518153941,3677,3262
RAW,518153969,3675,3263
RAW,518153996,3677,3262
RAW,518154024,3677,3264
RAW,518154051,3675,3263
RAW,518154079,3676,3261
RAW,518154106,3675,3265
RAW,518154133,3675,3265
RAW,518154161,3677,3263
RAW,518154188,3677,3261
RAW,518154216,3675,3265
RAW,518154243,3675,3263
RAW,518154271,3675,3263
RAW,518154298,3675,3263
RAW,518154326,3675,3265
RAW,518154353,3674,3262
RAW,518154381,3675,3260
RAW,518154408,3674,3262
RAW,518154435,3675,3262
RAW,518154463,3675,3263
RAW,518154490,3674,3265
RAW,518154518,3674,3263
RAW,518154545,3674,3264
RAW,518154573,3674,3262
RAW,518154601,3673,3263
RAW,518154629,3675,3264
RAW,518154656,3674,3264
RAW,518154684,3673,3262
RAW,518154711,3674,3264
RAW,518154739,3674,3265
RAW,518154766,3673,3262
RAW,518154794,3674,3263
RAW,518154821,3673,3261
RAW,518154849,3674,3262
RAW,518154876,3675,3264
RAW,518154903,3673,3263
RAW,518154931,3674,3263
RAW,518154958,3677,3262
RAW,518154986,3674,3263
RAW,518155013,3677,3263
RAW,518155041,3675,3262
RAW,518155068,3675,3263
RAW,518155096,3675,3262
RAW,518155123,3679,3261
RAW,518155151,3679,3264
RAW,518155178,3679,3264
RAW,518155205,3680,3262
RAW,518155233,3682,3262
RAW,518155260,3682,3262
RAW,518155288,3683,3263
RAW,518155315,3685,3263
RAW,518155343,3687,3262
RAW,518155370,3687,3262
RAW,518155398,3690,3262
RAW,518155425,3689,3262
RAW,518155453,3691,3263
RAW,518155480,3693,3262
RAW,518155507,3695,3262
RAW,518155535,3695,3262
RAW,518155562,3695,3262
RAW,518155590,3699,3259
RAW,518155617,3703,3264
RAW,518155645,3703,3262
RAW,518155672,3703,3263
RAW,518155700,3706,3263
RAW,518155727,3708,3263
RAW,518155755,3707,3263
RAW,518155782,3711,3263
RAW,518155809,3713,3263
RAW,518155837,3714,3262
RAW,518155864,3715,3263
RAW,518155892,3715,3263
RAW,518155919,3719,3263
RAW,518155947,3721,3264
RAW,518155974,3722,3265
RAW,518156002,3723,3263
RAW,518156029,3726,3264
RAW,518156057,3727,3264
RAW,518156084,3731,3263
RAW,518156111,3731,3263
RAW,518156139,3737,3262
RAW,518156166,3737,3265
RAW,518156194,3739,3262
RAW,518156221,3742,3262
RAW,518156249,3743,3261
RAW,518156276,3745,3259
RAW,518156304,3745,3262
RAW,518156331,3747,3262
RAW,518156358,3750,3262
RAW,518156386,3751,3263
RAW,518156413,3754,3262
RAW,518156441,3755,3263
RAW,518156468,3757,3263
RAW,518156496,3758,3265
RAW,518156523,3759,3261
RAW,518156551,3759,3263
RAW,518156578,3763,3262
RAW,518156607,3763,3261
RAW,518156634,3767,3262
RAW,518156662,3767,3262
RAW,518156689,3769,3262
RAW,518156717,3771,3263
RAW,518156744,3774,3263
RAW,518156772,3775,3263
RAW,518156799,3778,3263
RAW,518156826,3778,3261
RAW,518156854,3779,3262
RAW,518156881,3782,3261
RAW,518156909,3783,3262
RAW,518156936,3783,3264
RAW,518156964,3786,3264
RAW,518156991,3786,3261
RAW,518157019,3787,3265
RAW,518157046,3786,3259
RAW,518157074,3790,3263
RAW,518157101,3789,3264
RAW,518157128,3791,3265
RAW,518157156,3791,3265
RAW,518157183,3791,3262
RAW,518157211,3794,3262
RAW,518157238,3791,3259
RAW,518157266,3795,3262
RAW,518157293,3795,3261
RAW,518157321,3795,3262
RAW,518157348,3797,3259
RAW,518157376,3795,3263
RAW,518157403,3798,3262
RAW,518157430,3799,3264
RAW,518157458,3799,3264
RAW,518157485,3799,3262
RAW,518157513,3799,3263
RAW,518157540,3802,3262
RAW,518157568,3803,3263
RAW,518157596,3803,3263
RAW,518157624,3803,3261
RAW,518157651,3806,3261
RAW,518157679,3807,3264
RAW,518157706,3807,3259
RAW,518157734,3807,3264
RAW,518157761,3812,3261
RAW,518157789,3810,3261
RAW,518157816,3811,3263
RAW,518157844,3814,3261
RAW,518157871,3815,3264
RAW,518157898,3815,3262
RAW,518157926,3818,3263
RAW,518157953,3819,3262
RAW,518157981,3821,3264
RAW,518158008,3823,3259
RAW,518158036,3823,3262
RAW,518158063,3823,3262
RAW,518158091,3823,3263
RAW,518158118,3827,3262
RAW,518158146,3823,3261
RAW,518158173,3827,3261
RAW,518158200,3827,3264
RAW,518158228,3823,3263
RAW,518158255,3827,3262
RAW,518158283,3827,3259
RAW,518158310,3827,3259
RAW,518158338,3823,3262
RAW,518158365,3823,3262
RAW,518158393,3823,3259
RAW,518158420,3823,3263
RAW,518158447,3823,3262
RAW,518158475,3822,3261
RAW,518158502,3821,3262
RAW,518158530,3821,3264
RAW,518158557,3823,3264
RAW,518158585,3822,3262
RAW,518158612,3823,3262
RAW,518158640,3823,3263
RAW,518158667,3823,3264
RAW,518158695,3827,3263
RAW,518158722,3827,3259
RAW,518158749,3827,3263
RAW,518158777,3830,3262
RAW,518158804,3831,3263
RAW,518158832,3834,3262
RAW,518158859,3837,3263
RAW,518158901,3839,3262
RAW,518158929,3842,3264
RAW,518158957,3845,3262
RAW,518158985,3849,3260
RAW,518159013,3851,3264
RAW,518159041,3855,3264
RAW,518159069,3859,3265
RAW,518159097,3862,3261
RAW,518159125,3866,3264
RAW,518159153,3872,3262
RAW,518159181,3877,3262
RAW,518159209,3882,3261
RAW,518159237,3886,3264
RAW,518159265,3894,3265
RAW,518159293,3898,3262
RAW,518159321,3903,3263
RAW,518159349,3909,3262
RAW,518159377,3913,3263
RAW,518159405,3915,3265
RAW,518159433,3918,3262
RAW,518159461,3919,3261
RAW,518159489,3919,3261
RAW,518159517,3919,3264
RAW,518159545,3919,3262
RAW,518159573,3919,3264
RAW,518159602,3919,3263
RAW,518159630,3919,3264
RAW,518159658,3919,3262
RAW,518159686,3915,3264
RAW,518159714,3917,3262
RAW,518159742,3915,3265
RAW,518159770,3915,3262
RAW,518159798,3914,3262
RAW,518159826,3917,3263
RAW,518159854,3914,3263
RAW,518159882,3915,3263
RAW,518159910,3915,3262
RAW,518159938,3915,3262
RAW,518159965,3917,3264
RAW,518159993,3915,3264
RAW,518160021,3918,3262
RAW,518160049,3919,3262
RAW,518160077,3918,3261
RAW,518160105,3919,3263
RAW,518160133,3919,3263
RAW,518160161,3919,3262
RAW,518160189,3919,3262
RAW,518160217,3919,3264
RAW,518160245,3919,3260
RAW,518160273,3919,3263
RAW,518160301,3919,3263
RAW,518160329,3919,3262
RAW,518160357,3919,3262
RAW,518160385,3919,3264
RAW,518160413,3918,3263
RAW,518160441,3915,3261
RAW,518160469,3915,3264
RAW,518160497,3916,3265
RAW,518160525,3914,3263
RAW,518160553,3915,3262
RAW,518160581,3914,3260
RAW,518160610,3913,3263
RAW,518160637,3911,3262
RAW,518160665,3910,3265
RAW,518160693,3907,3262
RAW,518160721,3907,3264
RAW,518160749,3906,3264
RAW,518160777,3905,3262
RAW,518160805,3905,3264
RAW,518160833,3902,3262
RAW,518160861,3901,3262
RAW,518160889,3897,3263
RAW,518160917,3896,3264
RAW,518160945,3894,3264
RAW,518160973,3893,3264
RAW,518161001,3887,3262
RAW,518161029,3887,3265
RAW,518161057,3883,3262
RAW,518161085,3881,3263
RAW,518161113,3878,3264
RAW,518161141,3877,3263
RAW,518161169,3874,3264
RAW,518161197,3870,3262
RAW,518161225,3869,3261
RAW,518161253,3863,3265
RAW,518161281,3863,3264
RAW,518161309,3859,3264
RAW,518161337,3855,3262
RAW,518161365,3851,3262
RAW,518161393,3848,3263
RAW,518161421,3843,3265
RAW,518161449,3844,3262
RAW,518161477,3839,3262
RAW,518161505,3835,3263
RAW,518161532,3833,3262
RAW,518161560,3831,3262
RAW,518161588,3823,3262
RAW,518161616,3825,3263
RAW,518161644,3819,3263
RAW,518161672,3819,3262
RAW,518161700,3815,3262
RAW,518161728,3815,3263
RAW,518161756,3809,3263
RAW,518161784,3807,3264
RAW,518161812,3805,3265
RAW,518161840,3802,3265
RAW,518161868,3795,3264
RAW,518161896,3791,3264
RAW,518161924,3790,3265
RAW,518161952,3787,3263
RAW,518161980,3786,3263
RAW,518162008,3783,3262
RAW,518162036,3781,3263
RAW,518162064,3777,3262
RAW,518162092,3777,3263
RAW,518162120,3773,3263
RAW,518162148,3769,3264
RAW,518162176,3768,3262
RAW,518162204,3763,3263
RAW,518162245,3759,3262
RAW,518162273,3759,3263
RAW,518162301,3755,3263
RAW,518162329,3754,3263
RAW,518162357,3754,3263
RAW,518162385,3751,3263
RAW,518162413,3747,3261
RAW,518162441,3747,3262
RAW,518162469,3743,3262
RAW,518162497,3742,3262
RAW,518162525,3741,3262
RAW,518162553,3739,3262
RAW,518162581,3737,3262
RAW,518162610,3735,3259
RAW,518162638,3735,3262
RAW,518162665,3734,3262
RAW,518162693,3734,3264
RAW,518162721,3731,3261
RAW,518162749,3727,3264
RAW,518162777,3727,3262
RAW,518162805,3727,3262
RAW,518162833,3727,3263
RAW,518162861,3727,3263
RAW,518162889,3727,3262
RAW,518162917,3726,3262
RAW,518162945,3725,3261
RAW,518162973,3725,3264
RAW,518163001,3723,3262
RAW,518163029,3723,3263
RAW,518163057,3723,3263
RAW,518163085,3723,3264
RAW,518163113,3723,3264
RAW,518163141,3722,3259
RAW,518163169,3722,3262
RAW,518163197,3719,3262
RAW,518163225,3721,3262
RAW,518163253,3721,3264
RAW,518163281,3719,3262
RAW,518163309,3720,3262
RAW,518163337,3720,3262
RAW,518163365,3719,3262
RAW,518163393,3717,3262
RAW,518163421,3718,3262
RAW,518163449,3719,3263
RAW,518163477,3715,3264
RAW,518163505,3715,3261
RAW,518163533,3715,3261
RAW,518163561,3715,3263
RAW,518163589,3711,3265
RAW,518163617,3714,3262
RAW,518163645,3714,3262
RAW,518163673,3713,3265
RAW,518163701,3711,3261
RAW,518163729,3710,3262
RAW,518163757,3710,3264
RAW,518163785,3707,3261
RAW,518163813,3707,3260
RAW,518163841,3707,3262
RAW,518163869,3707,3262
RAW,518163897,3707,3264
RAW,518163925,3707,3262
RAW,518163953,3706,3262
RAW,518163981,3704,3262
RAW,518164009,3705,3263
RAW,518164037,3703,3263
RAW,518164065,3702,3263
RAW,518164093,3702,3262
RAW,518164121,3701,3262
RAW,518164149,3700,3263
RAW,518164177,3699,3262
RAW,518164205,3695,3264
RAW,518164233,3697,3262
RAW,518164261,3695,3262
RAW,518164289,3695,3262
RAW,518164317,3695,3262
RAW,518164345,3694,3262
RAW,518164373,3693,3262
RAW,518164401,3691,3261
RAW,518164428,3691,3262
RAW,518164456,3690,3262
RAW,518164484,3689,3264
RAW,518164512,3690,3264
RAW,518164540,3690,3261
RAW,518164568,3689,3261
RAW,518164598,3687,3261
RAW,518164626,3690,3262
RAW,518164654,3687,3262
RAW,518164682,3688,3262
RAW,518164710,3689,3262
RAW,518164738,3688,3262
RAW,518164766,3688,3262
RAW,518164794,3690,3261
RAW,518164822,3687,3259
RAW,518164850,3687,3264
RAW,518164878,3689,3262
RAW,518164905,3687,3262
RAW,518164933,3687,3262
RAW,518164961,3688,3264
RAW,518164989,3686,3262
RAW,518165017,3687,3262
RAW,518165045,3687,3264
RAW,518165073,3687,3262
RAW,518165101,3685,3262
RAW,518165129,3687,3262
RAW,518165157,3686,3264
RAW,518165185,3685,3264
RAW,518165213,3685,3262
RAW,518165241,3685,3263
RAW,518165269,3686,3264
RAW,518165297,3685,3264
RAW,518165325,3686,3264
RAW,518165353,3683,3263
RAW,518165381,3685,3263
RAW,518165409,3684,3265
RAW,518165437,3686,3265
RAW,518165465,3686,3265
RAW,518165493,3683,3265
RAW,518165521,3685,3265
RAW,518165549,3683,3264
RAW,518165577,3683,3263
RAW,518165606,3685,3263
RAW,518165634,3685,3264
RAW,518165662,3682,3263
RAW,518165690,3683,3265
RAW,518165718,3683,3263
RAW,518165746,3682,3264
RAW,518165774,3682,3265
RAW,518165802,3682,3263
RAW,518165830,3679,3264
RAW,518165858,3679,3263
RAW,518165886,3678,3265
RAW,518165914,3678,3262
RAW,518165942,3675,3265
RAW,518165970,3678,3264
RAW,518165998,3675,3265
RAW,518166026,3677,3262
RAW,518166054,3675,3262
RAW,518166082,3677,3262
RAW,518166110,3677,3262
RAW,518166138,3677,3262
RAW,518166166,3674,3265
RAW,518166194,3678,3264
RAW,518166222,3677,3262
RAW,518166250,3675,3262
RAW,518166278,3675,3263
RAW,518166306,3676,3262
RAW,518166334,3675,3262
RAW,518166362,3675,3262
RAW,518166390,3675,3262
RAW,518166418,3675,3265
RAW,518166446,3675,3262
RAW,518166474,3675,3263
RAW,518166502,3675,3264
RAW,518166530,3677,3263
RAW,518166558,3675,3264
RAW,518166586,3675,3263
RAW,518166614,3675,3265
RAW,518166642,3676,3265
RAW,518166670,3674,3265
RAW,518166698,3675,3266
RAW,518166726,3674,3263
RAW,518166754,3675,3266
RAW,518166782,3675,3266
RAW,518166810,3675,3267
RAW,518166838,3674,3266
RAW,518166866,3675,3266
RAW,518166894,3675,3268
RAW,518166922,3675,3269
RAW,518166950,3675,3269
RAW,518166978,3675,3270
RAW,518167006,3675,3271
RAW,518167034,3677,3272
RAW,518167062,3675,3274
RAW,518167090,3675,3275
RAW,518167118,3675,3277
RAW,518167146,3678,3277
RAW,518167173,3675,3278
RAW,518167201,3679,3279
RAW,518167229,3675,3283
RAW,518167257,3675,3283
RAW,518167285,3675,3286
RAW,518167313,3675,3287
RAW,518167341,3677,3290
RAW,518167369,3675,3291
RAW,518167397,3677,3294
RAW,518167425,3677,3298
RAW,518167453,3675,3298
RAW,518167481,3678,3302
RAW,518167509,3678,3305
RAW,518167537,3679,3309
RAW,518167565,3677,3307
RAW,518167595,3677,3311
RAW,518167623,3679,3317
RAW,518167651,3679,3318
RAW,518167679,3678,3319
RAW,518167706,3679,3325
RAW,518167734,3679,3327
RAW,518167762,3678,3330
RAW,518167790,3678,3333
RAW,518167818,3679,3335
RAW,518167846,3679,3340
RAW,518167874,3679,3342
RAW,518167902,3679,3343
RAW,518167930,3675,3347
RAW,518167958,3678,3351
RAW,518167986,3679,3351
RAW,518168014,3678,3355
RAW,518168042,3679,3360
RAW,518168070,3680,3359
RAW,518168098,3682,3366
RAW,518168126,3678,3367
RAW,518168154,3679,3371
RAW,518168182,3679,3375
RAW,518168210,3680,3379
RAW,518168238,3679,3383
RAW,518168266,3680,3386
RAW,518168294,3679,3392
RAW,518168322,3679,3395
RAW,518168350,3679,3400
RAW,518168378,3683,3405
RAW,518168406,3683,3407
RAW,518168434,3681,3413
RAW,518168462,3681,3419
RAW,518168490,3683,3423
RAW,518168518,3682,3427
RAW,518168546,3682,3435
RAW,518168574,3679,3439
RAW,518168603,3679,3447
RAW,518168645,3682,3455
RAW,518168673,3682,3461
RAW,518168701,3683,3468
RAW,518168729,3683,3474
RAW,518168757,3682,3479
RAW,518168785,3682,3487
RAW,518168813,3679,3494
RAW,518168841,3682,3498
RAW,518168869,3682,3503
RAW,518168897,3682,3511
RAW,518168925,3682,3517
RAW,518168953,3682,3523
RAW,518168981,3683,3527
RAW,518169009,3682,3534
RAW,518169037,3683,3541
RAW,518169065,3683,3546
RAW,518169093,3683,3550
RAW,518169121,3683,3555
RAW,518169149,3684,3559
RAW,518169177,3683,3566
RAW,518169205,3682,3571
RAW,518169233,3683,3576
RAW,518169261,3682,3583
RAW,518169289,3683,3587
RAW,518169317,3683,3591
RAW,518169345,3683,3597
RAW,518169373,3683,3602
RAW,518169401,3683,3607
RAW,518169429,3683,3613
RAW,518169457,3683,3618
RAW,518169485,3683,3622
RAW,518169513,3685,3627
RAW,518169541,3681,3630
RAW,518169569,3683,3635
RAW,518169598,3683,3640
RAW,518169626,3683,3645
RAW,518169654,3682,3646
RAW,518169682,3683,3653
RAW,518169710,3683,3658
RAW,518169738,3683,3661
RAW,518169766,3683,3663
RAW,518169794,3684,3667
RAW,518169822,3682,3671
RAW,518169850,3683,3677
RAW,518169878,3683,3679
RAW,518169906,3682,3683
RAW,518169934,3683,3687
RAW,518169962,3682,3690
RAW,518169990,3682,3693
RAW,518170018,3683,3695
RAW,518170046,3683,3699
RAW,518170074,3683,3703
RAW,518170102,3682,3705
RAW,518170130,3685,3707
RAW,518170158,3683,3711
RAW,518170186,3685,3715
RAW,518170214,3683,3715
RAW,518170242,3685,3719
RAW,518170270,3683,3722
RAW,518170298,3682,3723
RAW,518170326,3682,3726
RAW,518170354,3682,3727
RAW,518170382,3683,3731
RAW,518170410,3683,3734
RAW,518170438,3682,3734
RAW,518170466,3683,3735
RAW,518170494,3683,3738
RAW,518170522,3683,3739
RAW,518170550,3685,3739
RAW,518170578,3682,3741
RAW,518170607,3683,3743
RAW,518170635,3683,3746
RAW,518170663,3682,3747
RAW,518170691,3683,3747
RAW,518170719,3683,3749
RAW,518170747,3683,3747
RAW,518170775,3683,3747
RAW,518170803,3685,3749
RAW,518170831,3683,3747
RAW,518170859,3685,3747
RAW,518170887,3682,3747
RAW,518170915,3683,3745
RAW,518170943,3683,3744
RAW,518170971,3683,3743
RAW,518170999,3683,3741
RAW,518171027,3682,3741
RAW,518171055,3682,3738
RAW,518171083,3683,3738
RAW,518171111,3683,3735
RAW,518171139,3682,3734
RAW,518171167,3683,3733
RAW,518171195,3684,3731
RAW,518171223,3679,3727
RAW,518171251,3679,3727
RAW,518171279,3683,3727
RAW,518171307,3683,3724
RAW,518171335,3682,3723
RAW,518171363,3683,3721
RAW,518171391,3684,3721
RAW,518171419,3683,3719
RAW,518171447,3682,3719
RAW,518171475,3683,3718
RAW,518171503,3682,3717
RAW,518171531,3682,3716
RAW,518171559,3679,3713
RAW,518171587,3682,3714
RAW,518171616,3682,3711
RAW,518171644,3684,3710
RAW,518171672,3681,3707
RAW,518171700,3682,3706
RAW,518171728,3683,3705
RAW,518171756,3684,3702
RAW,518171784,3682,3702
RAW,518171812,3683,3701
RAW,518171840,3682,3695
RAW,518171868,3682,3695
RAW,518171896,3685,3694
RAW,518171924,3682,3691
RAW,518171952,3683,3689
RAW,518171980,3685,3686
RAW,518172008,3685,3685
RAW,518172036,3682,3684
RAW,518172064,3683,3680
RAW,518172092,3683,3679
RAW,518172120,3683,3678
RAW,518172148,3683,3678
RAW,518172176,3685,3675
RAW,518172204,3683,3675
RAW,518172232,3681,3675
RAW,518172260,3683,3675
RAW,518172288,3683,3674
RAW,518172316,3681,3671
RAW,518172344,3683,3671
RAW,518172372,3682,3669
RAW,518172400,3683,3667
RAW,518172428,3683,3667
RAW,518172456,3683,3663
RAW,518172484,3683,3663
RAW,518172512,3682,3662
RAW,518172540,3683,3659
RAW,518172568,3683,3660
RAW,518172597,3682,3658
RAW,518172625,3683,3651
RAW,518172653,3684,3651
RAW,518172681,3683,3650
RAW,518172709,3683,3646
RAW,518172737,3683,3645
RAW,518172765,3683,3642
RAW,518172793,3682,3642
RAW,518172821,3682,3638
RAW,518172849,3683,3635
RAW,518172877,3682,3629
RAW,518172905,3683,3630
RAW,518172933,3682,3626
RAW,518172961,3681,3623
RAW,518172989,3683,3621
RAW,518173017,3683,3616
RAW,518173045,3685,3611
RAW,518173073,3682,3607
RAW,518173101,3683,3603
RAW,518173129,3682,3599
RAW,518173157,3683,3595
RAW,518173185,3683,3591
RAW,518173213,3682,3589
RAW,518173241,3683,3583
RAW,518173269,3684,3579
RAW,518173297,3685,3574
RAW,518173325,3683,3567
RAW,518173353,3683,3566
RAW,518173381,3682,3562
RAW,518173409,3683,3556
RAW,518173437,3682,3551
RAW,518173465,3683,3546
RAW,518173493,3683,3541
RAW,518173521,3683,3535
RAW,518173549,3683,3531
RAW,518173577,3683,3527
RAW,518173607,3683,3522
RAW,518173635,3683,3517
RAW,518173663,3683,3511
RAW,518173691,3682,3507
RAW,518173719,3682,3502
RAW,518173747,3683,3497
RAW,518173775,3683,3491
RAW,518173803,3683,3487
RAW,518173831,3683,3483
RAW,518173859,3683,3479
RAW,518173887,3682,3471
RAW,518173915,3685,3469
RAW,518173943,3685,3463
RAW,518173971,3683,3459
RAW,518173999,3684,3451
RAW,518174027,3682,3447
RAW,518174055,3682,3443
RAW,518174083,3683,3435
RAW,518174111,3683,3432
RAW,518174139,3682,3427
RAW,518174167,3682,3421
RAW,518174195,3682,3415
RAW,518174223,3683,3411
RAW,518174251,3685,3406
RAW,518174279,3682,3399
RAW,518174307,3682,3397
RAW,518174335,3683,3390
RAW,518174363,3684,3386
RAW,518174391,3685,3378
RAW,518174419,3683,3375
DROP_RAW_END,67
EVT,525820,DROP dt=9 tau=3 V=66.6
DROP,525820,68,9558,3193,5897,100,46,666,2,3520,3838,3443
DROP_RAW_BEGIN,525820,68,806,525796297,525818748,525803330
RAW,525796297,3683,3262
RAW,525796324,3681,3263
RAW,525796352,3683,3265
RAW,525796379,3682,3264
RAW,525796407,3679,3259
RAW,525796434,3682,3263
RAW,525796462,3679,3262
RAW,525796489,3682,3262
RAW,525796517,3682,3262
RAW,525796544,3682,3264
RAW,525796572,3679,3263
RAW,525796600,3682,3261
RAW,525796628,3682,3263
RAW,525796655,3679,3262
RAW,525796683,3682,3259
RAW,525796710,3680,3262
RAW,525796737,3679,3264
RAW,525796765,3679,3265
RAW,525796792,3681,3262
RAW,525796820,3682,3263
RAW,525796847,3682,3264
RAW,525796875,3679,3262
RAW,525796902,3679,3262
RAW,525796930,3679,3263
RAW,525796957,3679,3262
RAW,525796985,3679,3263
RAW,525797012,3682,3259
RAW,525797039,3679,3262
RAW,525797067,3679,3263
RAW,525797094,3679,3263
RAW,525797122,3679,3265
RAW,525797149,3680,3261
RAW,525797177,3680,3261
RAW,525797204,3680,3263
RAW,525797232,3679,3262
RAW,525797259,3679,3262
RAW,525797287,3679,3262
RAW,525797314,3682,3264
RAW,525797341,3679,3262
RAW,525797369,3681,3263
RAW,525797396,3679,3264
RAW,525797424,3680,3262
RAW,525797451,3679,3262
RAW,525797479,3679,3262
RAW,525797506,3679,3262
RAW,525797534,3678,3262
RAW,525797561,3679,3262
RAW,525797589,3680,3265
RAW,525797616,3679,3263
RAW,525797643,3680,3261
RAW,525797671,3678,3263
RAW,525797698,3679,3262
RAW,525797726,3679,3263
RAW,525797753,3679,3263
RAW,525797781,3679,3263
RAW,525797808,3679,3262
RAW,525797836,3679,3265
RAW,525797863,3678,3262
RAW,525797891,3678,3265
RAW,525797918,3679,3264
RAW,525797945,3675,3262
RAW,525797973,3679,3261
RAW,525798000,3679,3262
RAW,525798028,3678,3262
RAW,525798055,3675,3263
RAW,525798083,3675,3263
RAW,525798110,3675,3263
RAW,525798138,3677,3262
RAW,525798165,3677,3262
RAW,525798192,3676,3262
RAW,525798220,3675,3262
RAW,525798247,3675,3261
RAW,525798275,3675,3261
RAW,525798302,3675,3261
RAW,525798330,3675,3264
RAW,525798357,3675,3265
RAW,525798385,3675,3263
RAW,525798412,3678,3265
RAW,525798440,3675,3264
RAW,525798467,3674,3263
RAW,525798494,3675,3264
RAW,525798522,3675,3262
RAW,525798549,3677,3263
RAW,525798577,3675,3265
RAW,525798606,3677,3263
RAW,525798633,3675,3262
RAW,525798660,3674,3259
RAW,525798688,3674,3262
RAW,525798715,3675,3263
RAW,525798743,3675,3262
RAW,525798770,3675,3263
RAW,525798798,3674,3262
RAW,525798825,3675,3263
RAW,525798853,3675,3262
RAW,525798880,3675,3262
RAW,525798908,3675,3262
RAW,525798935,3674,3263
RAW,525798962,3675,3262
RAW,525798990,3675,3261
RAW,525799017,3675,3264
RAW,525799045,3674,3261
RAW,525799072,3674,3264
RAW,525799100,3675,3262
RAW,525799127,3675,3262
RAW,525799155,3674,3262
RAW,525799182,3675,3261
RAW,525799210,3675,3262
RAW,525799237,3675,3263
RAW,525799264,3674,3263
RAW,525799292,3679,3262
RAW,525799319,3677,3263
RAW,525799347,3678,3262
RAW,525799374,3677,3262
RAW,525799402,3678,3262
RAW,525799429,3678,3263
RAW,525799457,3679,3264
RAW,525799484,3680,3263
RAW,525799512,3681,3265
RAW,525799539,3682,3261
RAW,525799566,3683,3262
RAW,525799595,3684,3262
RAW,525799623,3685,3262
RAW,525799650,3687,3265
RAW,525799678,3687,3262
RAW,525799705,3691,3263
RAW,525799732,3691,3264
RAW,525799760,3694,3263
RAW,525799787,3695,3264
RAW,525799815,3695,3264
RAW,525799842,3699,3262
RAW,525799870,3698,3262
RAW,525799897,3702,3264
RAW,525799925,3704,3265
RAW,525799952,3706,3262
RAW,525799980,3707,3259
RAW,525800007,3707,3262
RAW,525800034,3710,3261
RAW,525800062,3711,3263
RAW,525800089,3713,3264
RAW,525800117,3715,3264
RAW,525800144,3717,3264
RAW,525800172,3716,3262
RAW,525800199,3722,3264
RAW,525800227,3719,3264
RAW,525800254,3722,3262
RAW,525800282,3725,3262
RAW,525800309,3726,3259
RAW,525800336,3727,3265
RAW,525800364,3730,3262
RAW,525800391,3733,3263
RAW,525800419,3735,3264
RAW,525800446,3738,3265
RAW,525800474,3739,3263
RAW,525800501,3739,3262
RAW,525800529,3743,3261
RAW,525800556,3746,3262
RAW,525800583,3747,3264
RAW,525800611,3748,3262
RAW,525800638,3750,3264
RAW,525800666,3751,3265
RAW,525800693,3754,3262
RAW,525800721,3754,3262
RAW,525800748,3755,3263
RAW,525800776,3759,3262
RAW,525800803,3759,3264
RAW,525800831,3759,3262
RAW,525800858,3759,3262
RAW,525800885,3764,3263
RAW,525800913,3763,3263
RAW,525800940,3766,3262
RAW,525800968,3767,3262
RAW,525800995,3770,3264
RAW,525801023,3773,3264
RAW,525801050,3775,3263
RAW,525801078,3775,3263
RAW,525801105,3777,3262
RAW,525801133,3779,3264
RAW,525801160,3779,3263
RAW,525801187,3781,3261
RAW,525801215,3781,3263
RAW,525801242,3782,3261
RAW,525801270,3785,3264
RAW,525801297,3786,3264
RAW,525801325,3787,3264
RAW,525801352,3786,3261
RAW,525801380,3789,3264
RAW,525801407,3787,3262
RAW,525801435,3787,3262
RAW,525801462,3791,3262
RAW,525801489,3791,3262
RAW,525801517,3790,3262
RAW,525801544,3791,3261
RAW,525801572,3791,3262
RAW,525801601,3791,3264
RAW,525801628,3791,3262
RAW,525801655,3793,3261
RAW,525801683,3790,3264
RAW,525801710,3793,3262
RAW,525801738,3793,3263
RAW,525801765,3793,3262
RAW,525801793,3795,3262
RAW,525801820,3795,3262
RAW,525801848,3797,3262
RAW,525801875,3797,3264
RAW,525801903,3795,3262
RAW,525801930,3797,3263
RAW,525801957,3797,3262
RAW,525801985,3798,3264
RAW,525802012,3798,3264
RAW,525802040,3800,3264
RAW,525802067,3800,3262
RAW,525802095,3799,3262
RAW,525802122,3801,3264
RAW,525802150,3803,3263
RAW,525802177,3805,3262
RAW,525802205,3805,3262
RAW,525802232,3807,3262
RAW,525802259,3810,3262
RAW,525802287,3810,3262
RAW,525802314,3812,3262
RAW,525802342,3815,3262
RAW,525802369,3814,3262
RAW,525802397,3815,3262
RAW,525802424,3821,3262
RAW,525802452,3821,3262
RAW,525802479,3820,3261
RAW,525802507,3819,3262
RAW,525802534,3822,3262
RAW,525802561,3823,3263
RAW,525802589,3823,3261
RAW,525802616,3823,3263
RAW,525802644,3823,3262
RAW,525802671,3823,3263
RAW,525802699,3823,3261
RAW,525802726,3823,3264
RAW,525802754,3822,3264
RAW,525802781,3818,3262
RAW,525802808,3817,3264
RAW,525802836,3815,3262
RAW,525802863,3813,3262
RAW,525802891,3810,3262
RAW,525802918,3809,3262
RAW,525802946,3807,3264
RAW,525802973,3807,3262
RAW,525803001,3810,3262
RAW,525803028,3807,3259
RAW,525803056,3811,3263
RAW,525803083,3814,3264
RAW,525803110,3815,3262
RAW,525803138,3818,3264
RAW,525803165,3819,3262
RAW,525803193,3821,3261
RAW,525803220,3823,3259
RAW,525803248,3823,3265
RAW,525803275,3830,3264
RAW,525803303,3832,3261
RAW,525803330,3838,3262
RAW,525803372,3843,3262
RAW,525803400,3847,3261
RAW,525803428,3854,3261
RAW,525803456,3858,3263
RAW,525803484,3869,3262
RAW,525803512,3875,3263
RAW,525803540,3883,3261
RAW,525803568,3891,3261
RAW,525803597,3897,3261
RAW,525803625,3906,3259
RAW,525803653,3911,3262
RAW,525803681,3915,3262
RAW,525803709,3919,3262
RAW,525803737,3923,3263
RAW,525803765,3923,3262
RAW,525803793,3925,3261
RAW,525803821,3923,3263
RAW,525803849,3922,3264
RAW,525803877,3919,3262
RAW,525803905,3919,3262
RAW,525803933,3918,3263
RAW,525803961,3918,3262
RAW,525803989,3917,3261
RAW,525804017,3913,3262
RAW,525804045,3913,3264
RAW,525804073,3912,3262
RAW,525804101,3914,3262
RAW,525804129,3912,3262
RAW,525804157,3911,3264
RAW,525804185,3914,3263
RAW,525804213,3911,3262
RAW,525804241,3915,3264
RAW,525804269,3915,3264
RAW,525804296,3915,3265
RAW,525804324,3915,3262
RAW,525804352,3914,3262
RAW,525804380,3917,3265
RAW,525804408,3914,3261
RAW,525804436,3914,3262
RAW,525804464,3915,3262
RAW,525804492,3915,3264
RAW,525804520,3915,3265
RAW,525804548,3917,3262
RAW,525804576,3915,3264
RAW,525804605,3914,3262
RAW,525804633,3915,3263
RAW,525804661,3914,3262
RAW,525804689,3911,3264
RAW,525804717,3911,3262
RAW,525804745,3911,3262
RAW,525804773,3911,3262
RAW,525804801,3910,3262
RAW,525804829,3911,3264
RAW,525804857,3911,3264
RAW,525804885,3909,3265
RAW,525804913,3909,3261
RAW,525804941,3907,3262
RAW,525804969,3907,3263
RAW,525804997,3906,3262
RAW,525805025,3905,3262
RAW,525805053,3905,3265
RAW,525805081,3903,3265
RAW,525805109,3899,3262
RAW,525805137,3899,3263
RAW,525805165,3898,3263
RAW,525805193,3894,3263
RAW,525805221,3893,3262
RAW,525805249,3887,3262
RAW,525805277,3887,3263
RAW,525805305,3887,3262
RAW,525805333,3885,3265
RAW,525805361,3882,3264
RAW,525805389,3880,3263
RAW,525805417,3875,3262
RAW,525805444,3875,3264
RAW,525805472,3871,3262
RAW,525805500,3869,3264
RAW,525805528,3867,3262
RAW,525805556,3863,3263
RAW,525805584,3859,3262
RAW,525805612,3855,3262
RAW,525805640,3855,3263
RAW,525805668,3851,3265
RAW,525805696,3846,3262
RAW,525805724,3843,3262
RAW,525805752,3839,3263
RAW,525805780,3838,3259
RAW,525805808,3835,3262
RAW,525805836,3833,3263
RAW,525805864,3831,3263
RAW,525805892,3828,3263
RAW,525805920,3823,3264
RAW,525805948,3823,3265
RAW,525805976,3819,3263
RAW,525806004,3818,3262
RAW,525806032,3814,3262
RAW,525806060,3810,3263
RAW,525806088,3807,3264
RAW,525806116,3806,3263
RAW,525806144,3804,3262
RAW,525806172,3800,3264
RAW,525806200,3797,3264
RAW,525806228,3794,3259
RAW,525806256,3791,3262
RAW,525806284,3787,3262
RAW,525806312,3786,3262
RAW,525806339,3782,3263
RAW,525806367,3779,3263
RAW,525806395,3778,3262
RAW,525806423,3775,3263
RAW,525806451,3771,3265
RAW,525806479,3769,3262
RAW,525806507,3767,3264
RAW,525806535,3763,3263
RAW,525806576,3759,3264
RAW,525806606,3758,3262
RAW,525806634,3757,3259
RAW,525806662,3755,3262
RAW,525806690,3753,3261
RAW,525806718,3750,3265
RAW,525806746,3749,3263
RAW,525806774,3745,3262
RAW,525806802,3746,3265
RAW,525806830,3744,3263
RAW,525806858,3742,3262
RAW,525806886,3739,3263
RAW,525806914,3738,3265
RAW,525806942,3738,3262
RAW,525806970,3735,3262
RAW,525806998,3734,3262
RAW,525807025,3735,3262
RAW,525807053,3734,3265
RAW,525807081,3731,3263
RAW,525807109,3731,3264
RAW,525807137,3731,3262
RAW,525807165,3729,3264
RAW,525807193,3729,3264
RAW,525807221,3727,3263
RAW,525807249,3727,3263
RAW,525807277,3726,3263
RAW,525807305,3727,3263
RAW,525807333,3724,3263
RAW,525807361,3725,3262
RAW,525807389,3723,3265
RAW,525807417,3723,3262
RAW,525807445,3722,3264
RAW,525807473,3721,3262
RAW,525807501,3719,3263
RAW,525807529,3721,3264
RAW,525807557,3719,3263
RAW,525807585,3718,3263
RAW,525807613,3718,3262
RAW,525807641,3719,3263
RAW,525807669,3717,3262
RAW,525807697,3718,3264
RAW,525807725,3715,3263
RAW,525807753,3715,3263
RAW,525807781,3714,3264
RAW,525807809,3715,3262
RAW,525807837,3715,3262
RAW,525807865,3711,3265
RAW,525807893,3711,3262
RAW,525807921,3711,3262
RAW,525807949,3710,3262
RAW,525807977,3709,3262
RAW,525808005,3707,3262
RAW,525808033,3707,3261
RAW,525808061,3706,3261
RAW,525808089,3706,3262
RAW,525808117,3707,3263
RAW,525808145,3706,3264
RAW,525808173,3704,3263
RAW,525808201,3704,3262
RAW,525808229,3703,3263
RAW,525808257,3702,3262
RAW,525808285,3702,3262
RAW,525808313,3700,3261
RAW,525808341,3702,3264
RAW,525808369,3699,3262
RAW,525808397,3699,3263
RAW,525808425,3695,3263
RAW,525808453,3695,3262
RAW,525808481,3695,3261
RAW,525808509,3694,3262
RAW,525808537,3691,3261
RAW,525808565,3694,3262
RAW,525808593,3691,3263
RAW,525808622,3691,3262
RAW,525808650,3691,3263
RAW,525808678,3691,3264
RAW,525808706,3687,3263
RAW,525808734,3690,3264
RAW,525808762,3687,3262
RAW,525808790,3688,3263
RAW,525808818,3687,3262
RAW,525808846,3687,3263
RAW,525808874,3683,3262
RAW,525808902,3686,3262
RAW,525808930,3683,3262
RAW,525808958,3686,3262
RAW,525808986,3687,3259
RAW,525809014,3687,3261
RAW,525809042,3685,3259
RAW,525809070,3685,3259
RAW,525809098,3686,3259
RAW,525809126,3687,3262
RAW,525809154,3686,3262
RAW,525809182,3687,3261
RAW,525809210,3686,3263
RAW,525809238,3687,3262
RAW,525809266,3688,3261
RAW,525809294,3687,3261
RAW,525809322,3686,3261
RAW,525809349,3687,3262
RAW,525809377,3687,3263
RAW,525809405,3687,3262
RAW,525809433,3683,3261
RAW,525809461,3685,3262
RAW,525809489,3687,3263
RAW,525809517,3686,3265
RAW,525809545,3683,3262
RAW,525809573,3686,3264
RAW,525809603,3685,3261
RAW,525809631,3686,3265
RAW,525809659,3686,3263
RAW,525809687,3687,3262
RAW,525809715,3685,3261
RAW,525809743,3685,3263
RAW,525809771,3687,3265
RAW,525809799,3686,3265
RAW,525809827,3685,3265
RAW,525809855,3686,3265
RAW,525809882,3686,3265
RAW,525809910,3686,3263
RAW,525809938,3683,3263
RAW,525809966,3683,3266
RAW,525809994,3682,3266
RAW,525810022,3685,3266
RAW,525810050,3683,3264
RAW,525810078,3683,3266
RAW,525810106,3683,3265
RAW,525810134,3685,3265
RAW,525810162,3682,3263
RAW,525810190,3681,3263
RAW,525810218,3682,3265
RAW,525810246,3678,3263
RAW,525810274,3679,3265
RAW,525810302,3678,3265
RAW,525810330,3679,3263
RAW,525810358,3679,3266
RAW,525810386,3679,3264
RAW,525810414,3678,3265
RAW,525810442,3679,3264
RAW,525810470,3678,3265
RAW,525810498,3679,3263
RAW,525810526,3679,3265
RAW,525810554,3679,3263
RAW,525810582,3679,3259
RAW,525810610,3675,3263
RAW,525810638,3675,3263
RAW,525810666,3675,3263
RAW,525810694,3678,3265
RAW,525810722,3678,3265
RAW,525810750,3678,3264
RAW,525810778,3678,3265
RAW,525810806,3677,3265
RAW,525810834,3677,3264
RAW,525810862,3677,3265
RAW,525810890,3677,3265
RAW,525810918,3677,3264
RAW,525810946,3678,3265
RAW,525810974,3675,3263
RAW,525811002,3678,3265
RAW,525811030,3678,3264
RAW,525811058,3677,3267
RAW,525811086,3678,3267
RAW,525811114,3678,3268
RAW,525811142,3679,3266
RAW,525811170,3678,3269
RAW,525811198,3678,3267
RAW,525811226,3678,3270
RAW,525811254,3679,3271
RAW,525811282,3678,3271
RAW,525811310,3678,3274
RAW,525811338,3678,3274
RAW,525811366,3678,3276
RAW,525811394,3678,3274
RAW,525811422,3678,3278
RAW,525811450,3679,3279
RAW,525811478,3679,3281
RAW,525811506,3679,3279
RAW,525811534,3677,3285
RAW,525811562,3675,3286
RAW,525811590,3677,3287
RAW,525811618,3677,3290
RAW,525811645,3675,3291
RAW,525811673,3678,3295
RAW,525811701,3677,3295
RAW,525811729,3678,3298
RAW,525811757,3679,3301
RAW,525811785,3678,3303
RAW,525811813,3679,3307
RAW,525811841,3677,3310
RAW,525811869,3679,3311
RAW,525811897,3678,3314
RAW,525811925,3679,3317
RAW,525811953,3677,3319
RAW,525811981,3679,3323
RAW,525812009,3679,3326
RAW,525812037,3680,3331
RAW,525812065,3678,3333
RAW,525812093,3679,3335
RAW,525812121,3679,3337
RAW,525812149,3680,3341
RAW,525812177,3678,3343
RAW,525812205,3678,3346
RAW,525812233,3678,3350
RAW,525812261,3679,3354
RAW,525812289,3679,3355
RAW,525812317,3679,3358
RAW,525812345,3678,3362
RAW,525812373,3679,3366
RAW,525812401,3679,3370
RAW,525812429,3679,3372
RAW,525812457,3679,3375
RAW,525812485,3681,3381
RAW,525812513,3679,3383
RAW,525812541,3679,3386
RAW,525812569,3679,3393
RAW,525812598,3679,3397
RAW,525812626,3682,3401
RAW,525812654,3679,3403
RAW,525812682,3679,3407
RAW,525812710,3682,3414
RAW,525812738,3682,3415
RAW,525812766,3682,3422
RAW,525812794,3680,3427
RAW,525812822,3683,3434
RAW,525812850,3683,3438
RAW,525812878,3679,3443
RAW,525812920,3679,3453
RAW,525812948,3682,3459
RAW,525812976,3682,3464
RAW,525813004,3679,3470
RAW,525813032,3682,3475
RAW,525813060,3681,3482
RAW,525813088,3682,3487
RAW,525813116,3682,3494
RAW,525813144,3683,3499
RAW,525813172,3682,3503
RAW,525813200,3682,3511
RAW,525813228,3682,3515
RAW,525813256,3682,3523
RAW,525813284,3683,3528
RAW,525813312,3681,3534
RAW,525813340,3682,3539
RAW,525813368,3683,3546
RAW,525813396,3682,3549
RAW,525813424,3683,3555
RAW,525813452,3682,3559
RAW,525813480,3682,3563
RAW,525813508,3682,3569
RAW,525813536,3682,3574
RAW,525813564,3679,3579
RAW,525813592,3683,3583
RAW,525813620,3683,3587
RAW,525813648,3681,3593
RAW,525813676,3683,3598
RAW,525813704,3683,3603
RAW,525813732,3682,3609
RAW,525813760,3684,3613
RAW,525813788,3682,3619
RAW,525813816,3684,3623
RAW,525813844,3682,3627
RAW,525813872,3683,3631
RAW,525813900,3683,3635
RAW,525813928,3683,3639
RAW,525813956,3683,3639
RAW,525813984,3685,3646
RAW,525814012,3683,3651
RAW,525814040,3682,3654
RAW,525814068,3682,3659
RAW,525814096,3683,3662
RAW,525814124,3682,3667
RAW,525814152,3683,3669
RAW,525814180,3682,3673
RAW,525814208,3683,3675
RAW,525814236,3683,3679
RAW,525814264,3679,3682
RAW,525814292,3682,3687
RAW,525814320,3683,3690
RAW,525814348,3683,3691
RAW,525814376,3682,3695
RAW,525814404,3683,3695
RAW,525814432,3683,3702
RAW,525814460,3682,3706
RAW,525814488,3683,3707
RAW,525814516,3682,3710
RAW,525814544,3683,3713
RAW,525814572,3683,3715
RAW,525814601,3682,3720
RAW,525814629,3682,3722
RAW,525814657,3682,3723
RAW,525814685,3682,3726
RAW,525814713,3683,3726
RAW,525814741,3683,3727
RAW,525814769,3683,3727
RAW,525814797,3683,3731
RAW,525814825,3683,3734
RAW,525814853,3682,3734
RAW,525814881,3682,3737
RAW,525814909,3683,3738
RAW,525814937,3683,3739
RAW,525814965,3683,3741
RAW,525814993,3685,3739
RAW,525815021,3683,3739
RAW,525815049,3683,3741
RAW,525815077,3684,3739
RAW,525815105,3683,3741
RAW,525815133,3683,3739
RAW,525815161,3683,3738
RAW,525815189,3682,3738
RAW,525815217,3682,3736
RAW,525815245,3683,3736
RAW,525815273,3685,3733
RAW,525815301,3683,3734
RAW,525815329,3683,3730
RAW,525815357,3683,3727
RAW,525815385,3683,3727
RAW,525815413,3683,3725
RAW,525815441,3683,3722
RAW,525815469,3682,3719
RAW,525815497,3683,3718
RAW,525815525,3682,3715
RAW,525815553,3682,3715
RAW,525815581,3682,3714
RAW,525815610,3683,3712
RAW,525815638,3683,3711
RAW,525815666,3683,3711
RAW,525815694,3685,3711
RAW,525815722,3682,3709
RAW,525815750,3684,3707
RAW,525815778,3683,3707
RAW,525815806,3683,3706
RAW,525815834,3683,3706
RAW,525815862,3683,3703
RAW,525815890,3683,3703
RAW,525815918,3683,3699
RAW,525815946,3683,3699
RAW,525815974,3683,3699
RAW,525816002,3682,3699
RAW,525816030,3683,3695
RAW,525816058,3682,3694
RAW,525816086,3682,3691
RAW,525816114,3682,3690
RAW,525816142,3683,3687
RAW,525816170,3683,3685
RAW,525816198,3683,3683
RAW,525816226,3682,3679
RAW,525816254,3683,3679
RAW,525816282,3683,3678
RAW,525816310,3683,3677
RAW,525816338,3683,3675
RAW,525816366,3683,3673
RAW,525816394,3682,3672
RAW,525816422,3682,3670
RAW,525816450,3683,3671
RAW,525816478,3683,3668
RAW,525816506,3683,3667
RAW,525816534,3683,3667
RAW,525816562,3683,3666
RAW,525816590,3681,3663
RAW,525816617,3683,3663
RAW,525816645,3683,3663
RAW,525816673,3683,3663
RAW,525816701,3684,3662
RAW,525816729,3683,3661
RAW,525816757,3683,3659
RAW,525816785,3683,3659
RAW,525816813,3682,3657
RAW,525816841,3683,3656
RAW,525816869,3682,3655
RAW,525816897,3684,3653
RAW,525816925,3682,3653
RAW,525816953,3683,3647
RAW,525816981,3684,3649
RAW,525817009,3682,3643
RAW,525817037,3685,3642
RAW,525817065,3683,3641
RAW,525817093,3682,3638
RAW,525817121,3683,3635
RAW,525817149,3683,3635
RAW,525817177,3683,3631
RAW,525817205,3683,3630
RAW,525817233,3683,3627
RAW,525817261,3682,3623
RAW,525817289,3683,3622
RAW,525817317,3682,3618
RAW,525817345,3683,3618
RAW,525817373,3683,3611
RAW,525817401,3682,3610
RAW,525817429,3683,3606
RAW,525817457,3682,3599
RAW,525817485,3683,3599
RAW,525817513,3684,3593
RAW,525817541,3683,3588
RAW,525817569,3683,3583
RAW,525817599,3683,3581
RAW,525817627,3684,3575
RAW,525817655,3683,3570
RAW,525817683,3683,3566
RAW,525817711,3682,3562
RAW,525817739,3683,3555
RAW,525817767,3683,3551
RAW,525817795,3683,3547
RAW,525817823,3683,3541
RAW,525817851,3684,3535
RAW,525817879,3682,3531
RAW,525817907,3683,3527
RAW,525817935,3683,3522
RAW,525817963,3683,3514
RAW,525817991,3685,3511
RAW,525818019,3683,3507
RAW,525818047,3682,3499
RAW,525818075,3682,3496
RAW,525818103,3683,3491
RAW,525818131,3683,3486
RAW,525818159,3683,3483
RAW,525818187,3683,3478
RAW,525818215,3683,3471
RAW,525818243,3683,3467
RAW,525818271,3685,3463
RAW,525818299,3683,3458
RAW,525818327,3682,3453
RAW,525818355,3683,3448
RAW,525818383,3685,3439
RAW,525818411,3683,3439
RAW,525818439,3685,3433
RAW,525818467,3685,3427
RAW,525818495,3683,3419
RAW,525818523,3683,3417
RAW,525818551,3683,3407
RAW,525818579,3683,3406
RAW,525818608,3683,3401
RAW,525818636,3683,3395
RAW,525818664,3685,3390
RAW,525818692,3683,3386
RAW,525818720,3684,3379
RAW,525818748,3682,3375
DROP_RAW_END,68
EVT,533475,DROP dt=10 tau=3 V=62.3
DROP,533475,69,10115,3650,5790,94,45,623,2,3520,3837,3445
DROP_RAW_BEGIN,533475,69,822,533451124,533474027,533458159
RAW,533451124,3682,3263
RAW,533451152,3683,3262
RAW,533451179,3683,3263
RAW,533451207,3683,3263
RAW,533451234,3683,3262
RAW,533451262,3682,3262
RAW,533451289,3685,3264
RAW,533451317,3683,3263
RAW,533451344,3684,3265
RAW,533451372,3683,3262
RAW,533451399,3683,3262
RAW,533451426,3683,3265
RAW,533451454,3683,3264
RAW,533451481,3682,3262
RAW,533451509,3683,3264
RAW,533451536,3679,3263
RAW,533451564,3683,3263
RAW,533451591,3681,3263
RAW,533451619,3683,3265
RAW,533451646,3682,3263
RAW,533451673,3681,3265
RAW,533451701,3682,3262
RAW,533451728,3682,3264
RAW,533451756,3683,3263
RAW,533451783,3682,3262
RAW,533451811,3683,3262
RAW,533451838,3682,3263
RAW,533451866,3682,3265
RAW,533451893,3681,3264
RAW,533451921,3681,3263
RAW,533451948,3682,3263
RAW,533451975,3679,3262
RAW,533452003,3683,3262
RAW,533452030,3679,3263
RAW,533452058,3679,3263
RAW,533452085,3682,3264
RAW,533452113,3681,3262
RAW,533452140,3682,3265
RAW,533452168,3682,3263
RAW,533452195,3681,3263
RAW,533452223,3679,3263
RAW,533452250,3682,3263
RAW,533452277,3679,3263
RAW,533452305,3679,3263
RAW,533452332,3679,3262
RAW,533452360,3679,3264
RAW,533452387,3679,3263
RAW,533452415,3679,3265
RAW,533452442,3679,3264
RAW,533452470,3679,3263
RAW,533452497,3679,3264
RAW,533452525,3682,3265
RAW,533452552,3679,3264
RAW,533452579,3679,3264
RAW,533452608,3679,3262
RAW,533452636,3680,3264
RAW,533452663,3682,3264
RAW,533452691,3679,3262
RAW,533452718,3679,3262
RAW,533452745,3679,3263
RAW,533452773,3679,3264
RAW,533452800,3679,3264
RAW,533452828,3679,3263
RAW,533452855,3679,3265
RAW,533452883,3680,3261
RAW,533452910,3682,3264
RAW,533452938,3679,3264
RAW,533452965,3679,3262
RAW,533452993,3679,3263
RAW,533453020,3678,3262
RAW,533453047,3679,3263
RAW,533453075,3679,3263
RAW,533453102,3679,3265
RAW,533453130,3678,3262
RAW,533453157,3679,3264
RAW,533453185,3678,3265
RAW,533453212,3679,3265
RAW,533453240,3678,3261
RAW,533453267,3678,3263
RAW,533453295,3679,3262
RAW,533453322,3678,3262
RAW,533453349,3678,3263
RAW,533453377,3677,3264
RAW,533453404,3679,3265
RAW,533453432,3678,3263
RAW,533453459,3675,3262
RAW,533453487,3678,3263
RAW,533453514,3679,3264
RAW,533453542,3675,3263
RAW,533453569,3678,3263
RAW,533453598,3677,3262
RAW,533453625,3678,3262
RAW,533453653,3675,3262
RAW,533453680,3678,3259
RAW,533453708,3678,3262
RAW,533453735,3675,3262
RAW,533453763,3678,3262
RAW,533453790,3677,3264
RAW,533453817,3675,3265
RAW,533453845,3677,3259
RAW,533453872,3677,3262
RAW,533453900,3677,3263
RAW,533453927,3675,3264
RAW,533453955,3675,3262
RAW,533453982,3675,3264
RAW,533454010,3675,3261
RAW,533454037,3675,3263
RAW,533454065,3675,3263
RAW,533454092,3675,3265
RAW,533454119,3675,3262
RAW,533454147,3675,3264
RAW,533454174,3675,3261
RAW,533454202,3675,3263
RAW,533454229,3676,3263
RAW,533454257,3675,3262
RAW,533454284,3674,3263
RAW,533454312,3673,3263
RAW,533454339,3675,3263
RAW,533454366,3675,3263
RAW,533454394,3674,3262
RAW,533454421,3675,3265
RAW,533454449,3674,3262
RAW,533454476,3674,3264
RAW,533454504,3677,3263
RAW,533454531,3674,3262
RAW,533454559,3674,3262
RAW,533454586,3677,3263
RAW,533454615,3677,3264
RAW,533454642,3677,3263
RAW,533454670,3675,3262
RAW,533454697,3678,3265
RAW,533454725,3678,3265
RAW,533454752,3678,3264
RAW,533454780,3678,3262
RAW,533454807,3679,3263
RAW,533454834,3679,3263
RAW,533454862,3682,3262
RAW,533454889,3683,3264
RAW,533454917,3683,3265
RAW,533454944,3683,3262
RAW,533454972,3686,3262
RAW,533454999,3687,3261
RAW,533455027,3687,3265
RAW,533455054,3689,3263
RAW,533455082,3691,3262
RAW,533455109,3691,3262
RAW,533455136,3694,3264
RAW,533455164,3694,3263
RAW,533455191,3695,3262
RAW,533455219,3699,3263
RAW,533455246,3699,3264
RAW,533455274,3699,3263
RAW,533455301,3704,3262
RAW,533455329,3705,3264
RAW,533455356,3707,3265
RAW,533455384,3707,3262
RAW,533455411,3711,3264
RAW,533455438,3711,3262
RAW,533455466,3714,3262
RAW,533455493,3715,3264
RAW,533455521,3717,3262
RAW,533455548,3717,3262
RAW,533455576,3719,3265
RAW,533455604,3722,3262
RAW,533455632,3724,3263
RAW,533455659,3725,3262
RAW,533455687,3727,3264
RAW,533455714,3727,3262
RAW,533455742,3731,3262
RAW,533455769,3731,3263
RAW,533455797,3736,3262
RAW,533455824,3736,3262
RAW,533455852,3739,3263
RAW,533455879,3741,3264
RAW,533455906,3744,3264
RAW,533455934,3744,3265
RAW,533455961,3747,3263
RAW,533455989,3748,3263
RAW,533456016,3750,3265
RAW,533456044,3750,3264
RAW,533456071,3754,3265
RAW,533456099,3754,3263
RAW,533456126,3755,3264
RAW,533456153,3755,3262
RAW,533456181,3759,3263
RAW,533456208,3759,3265
RAW,533456236,3759,3265
RAW,533456263,3763,3263
RAW,533456291,3763,3262
RAW,533456318,3767,3263
RAW,533456346,3767,3265
RAW,533456373,3769,3262
RAW,533456401,3771,3263
RAW,533456428,3773,3265
RAW,533456455,3775,3262
RAW,533456483,3778,3263
RAW,533456510,3779,3265
RAW,533456538,3778,3263
RAW,533456565,3780,3262
RAW,533456593,3779,3265
RAW,533456621,3783,3264
RAW,533456649,3783,3263
RAW,533456676,3786,3262
RAW,533456704,3786,3264
RAW,533456731,3788,3262
RAW,533456759,3787,3265
RAW,533456786,3787,3263
RAW,533456814,3790,3262
RAW,533456841,3791,3265
RAW,533456869,3791,3264
RAW,533456896,3791,3264
RAW,533456923,3791,3262
RAW,533456951,3791,3264
RAW,533456978,3793,3265
RAW,533457006,3791,3262
RAW,533457033,3793,3263
RAW,533457061,3795,3264
RAW,533457088,3791,3262
RAW,533457116,3793,3263
RAW,533457143,3791,3265
RAW,533457171,3794,3262
RAW,533457198,3791,3262
RAW,533457225,3795,3264
RAW,533457253,3795,3263
RAW,533457280,3795,3265
RAW,533457308,3795,3263
RAW,533457335,3797,3263
RAW,533457363,3795,3262
RAW,533457390,3799,3262
RAW,533457418,3800,3264
RAW,533457445,3800,3263
RAW,533457473,3803,3262
RAW,533457500,3803,3263
RAW,533457527,3803,3261
RAW,533457555,3806,3263
RAW,533457582,3806,3260
RAW,533457610,3807,3262
RAW,533457637,3809,3262
RAW,533457665,3811,3262
RAW,533457692,3815,3262
RAW,533457720,3817,3262
RAW,533457747,3819,3262
RAW,533457775,3821,3262
RAW,533457802,3822,3262
RAW,533457829,3823,3263
RAW,533457857,3828,3263
RAW,533457884,3829,3263
RAW,533457912,3829,3265
RAW,533457939,3827,3264
RAW,533457967,3832,3265
RAW,533457994,3831,3262
RAW,533458022,3834,3264
RAW,533458049,3834,3263
RAW,533458077,3835,3263
RAW,533458104,3835,3264
RAW,533458131,3835,3265
RAW,533458159,3837,3262
RAW,533458201,3835,3262
RAW,533458229,3839,3262
RAW,533458257,3838,3263
RAW,533458285,3841,3266
RAW,533458313,3839,3265
RAW,533458341,3843,3262
RAW,533458369,3848,3263
RAW,533458397,3850,3264
RAW,533458425,3854,3262
RAW,533458452,3855,3263
RAW,533458480,3859,3262
RAW,533458508,3863,3263
RAW,533458536,3863,3264
RAW,533458564,3867,3263
RAW,533458592,3869,3262
RAW,533458620,3871,3264
RAW,533458648,3877,3265
RAW,533458676,3878,3263
RAW,533458704,3882,3262
RAW,533458732,3883,3264
RAW,533458760,3886,3265
RAW,533458788,3887,3263
RAW,533458816,3893,3265
RAW,533458844,3899,3263
RAW,533458872,3899,3264
RAW,533458900,3905,3264
RAW,533458928,3909,3265
RAW,533458956,3911,3262
RAW,533458984,3914,3264
RAW,533459012,3917,3263
RAW,533459040,3917,3262
RAW,533459068,3918,3263
RAW,533459096,3918,3263
RAW,533459124,3915,3265
RAW,533459152,3915,3263
RAW,533459180,3915,3262
RAW,533459208,3914,3261
RAW,533459236,3914,3265
RAW,533459264,3914,3264
RAW,533459292,3911,3264
RAW,533459319,3911,3263
RAW,533459347,3909,3265
RAW,533459375,3911,3263
RAW,533459403,3910,3265
RAW,533459431,3910,3265
RAW,533459459,3910,3263
RAW,533459487,3910,3262
RAW,533459515,3912,3265
RAW,533459543,3911,3262
RAW,533459571,3913,3263
RAW,533459600,3914,3266
RAW,533459628,3914,3262
RAW,533459656,3915,3262
RAW,533459684,3915,3263
RAW,533459712,3914,3264
RAW,533459740,3915,3264
RAW,533459768,3915,3262
RAW,533459796,3913,3266
RAW,533459824,3915,3265
RAW,533459852,3915,3263
RAW,533459880,3914,3262
RAW,533459908,3914,3262
RAW,533459936,3915,3263
RAW,533459964,3911,3262
RAW,533459992,3914,3265
RAW,533460020,3911,3264
RAW,533460048,3912,3264
RAW,533460076,3912,3265
RAW,533460104,3911,3262
RAW,533460132,3911,3263
RAW,533460160,3910,3261
RAW,533460188,3911,3263
RAW,533460216,3909,3265
RAW,533460244,3907,3264
RAW,533460272,3906,3264
RAW,533460300,3906,3263
RAW,533460328,3903,3262
RAW,533460356,3903,3264
RAW,533460384,3903,3262
RAW,533460412,3898,3263
RAW,533460440,3895,3262
RAW,533460467,3895,3262
RAW,533460495,3895,3262
RAW,533460523,3891,3259
RAW,533460551,3887,3259
RAW,533460579,3887,3263
RAW,533460609,3887,3265
RAW,533460637,3882,3264
RAW,533460665,3879,3264
RAW,533460693,3878,3262
RAW,533460721,3875,3265
RAW,533460748,3875,3263
RAW,533460776,3870,3262
RAW,533460804,3867,3265
RAW,533460832,3865,3259
RAW,533460860,3862,3265
RAW,533460888,3860,3262
RAW,533460916,3855,3262
RAW,533460944,3854,3264
RAW,533460972,3851,3263
RAW,533461000,3846,3264
RAW,533461028,3843,3263
RAW,533461056,3839,3263
RAW,533461084,3835,3262
RAW,533461112,3835,3263
RAW,533461140,3833,3265
RAW,533461168,3827,3264
RAW,533461196,3827,3266
RAW,533461224,3822,3262
RAW,533461252,3819,3262
RAW,533461280,3818,3262
RAW,533461308,3816,3265
RAW,533461336,3813,3265
RAW,533461364,3810,3263
RAW,533461392,3807,3263
RAW,533461420,3803,3264
RAW,533461448,3801,3259
RAW,533461476,3798,3263
RAW,533461504,3795,3263
RAW,533461532,3793,3262
RAW,533461560,3790,3262
RAW,533461588,3786,3261
RAW,533461616,3782,3262
RAW,533461644,3779,3264
RAW,533461672,3778,3262
RAW,533461700,3774,3261
RAW,533461728,3773,3262
RAW,533461756,3770,3263
RAW,533461784,3768,3265
RAW,533461812,3763,3263
RAW,533461854,3762,3263
RAW,533461882,3759,3264
RAW,533461909,3757,3264
RAW,533461937,3755,3265
RAW,533461965,3753,3262
RAW,533461993,3751,3262
RAW,533462021,3749,3265
RAW,533462049,3747,3263
RAW,533462077,3745,3263
RAW,533462105,3743,3262
RAW,533462133,3739,3262
RAW,533462161,3739,3261
RAW,533462189,3738,3265
RAW,533462217,3737,3263
RAW,533462245,3736,3262
RAW,533462273,3733,3263
RAW,533462301,3733,3262
RAW,533462329,3733,3263
RAW,533462357,3727,3264
RAW,533462385,3730,3263
RAW,533462413,3727,3262
RAW,533462441,3727,3262
RAW,533462469,3726,3263
RAW,533462497,3726,3263
RAW,533462525,3723,3262
RAW,533462553,3723,3263
RAW,533462581,3723,3266
RAW,533462609,3723,3264
RAW,533462637,3723,3263
RAW,533462665,3722,3264
RAW,533462693,3722,3262
RAW,533462721,3722,3263
RAW,533462749,3721,3264
RAW,533462777,3719,3263
RAW,533462805,3718,3262
RAW,533462833,3719,3265
RAW,533462861,3719,3263
RAW,533462889,3718,3262
RAW,533462917,3719,3264
RAW,533462945,3717,3264
RAW,533462973,3715,3265
RAW,533463001,3715,3264
RAW,533463029,3715,3262
RAW,533463057,3715,3264
RAW,533463085,3711,3263
RAW,533463113,3714,3262
RAW,533463141,3714,3264
RAW,533463169,3712,3265
RAW,533463197,3712,3264
RAW,533463225,3711,3263
RAW,533463253,3711,3264
RAW,533463281,3709,3264
RAW,533463309,3709,3265
RAW,533463337,3707,3262
RAW,533463365,3706,3262
RAW,533463393,3707,3264
RAW,533463421,3705,3262
RAW,533463449,3707,3262
RAW,533463477,3705,3262
RAW,533463505,3704,3262
RAW,533463533,3703,3261
RAW,533463561,3699,3262
RAW,533463589,3699,3264
RAW,533463617,3702,3264
RAW,533463645,3699,3262
RAW,533463673,3699,3262
RAW,533463701,3695,3262
RAW,533463729,3699,3262
RAW,533463757,3695,3264
RAW,533463785,3695,3262
RAW,533463813,3695,3259
RAW,533463841,3694,3262
RAW,533463869,3695,3261
RAW,533463897,3694,3262
RAW,533463925,3691,3261
RAW,533463953,3691,3263
RAW,533463981,3693,3264
RAW,533464009,3691,3264
RAW,533464037,3690,3259
RAW,533464065,3691,3264
RAW,533464093,3688,3261
RAW,533464121,3687,3262
RAW,533464149,3688,3262
RAW,533464177,3690,3264
RAW,533464205,3689,3263
RAW,533464233,3688,3263
RAW,533464261,3687,3261
RAW,533464289,3690,3262
RAW,533464317,3689,3262
RAW,533464345,3689,3263
RAW,533464373,3689,3263
RAW,533464401,3689,3261
RAW,533464429,3689,3261
RAW,533464457,3687,3259
RAW,533464485,3687,3264
RAW,533464513,3690,3263
RAW,533464541,3690,3262
RAW,533464569,3690,3261
RAW,533464598,3689,3264
RAW,533464626,3688,3264
RAW,533464654,3687,3264
RAW,533464682,3686,3261
RAW,533464710,3686,3265
RAW,533464738,3688,3261
RAW,533464766,3688,3263
RAW,533464794,3688,3262
RAW,533464822,3687,3262
RAW,533464850,3686,3262
RAW,533464878,3686,3262
RAW,533464906,3685,3262
RAW,533464934,3685,3262
RAW,533464962,3687,3265
RAW,533464990,3687,3263
RAW,533465018,3683,3262
RAW,533465046,3686,3263
RAW,533465074,3685,3263
RAW,533465102,3683,3262
RAW,533465130,3685,3265
RAW,533465158,3686,3262
RAW,533465186,3683,3264
RAW,533465214,3683,3265
RAW,533465242,3687,3263
RAW,533465270,3684,3265
RAW,533465298,3683,3265
RAW,533465326,3682,3265
RAW,533465354,3683,3265
RAW,533465382,3683,3264
RAW,533465410,3682,3264
RAW,533465438,3682,3265
RAW,533465466,3681,3263
RAW,533465494,3681,3264
RAW,533465522,3679,3265
RAW,533465550,3682,3263
RAW,533465577,3679,3265
RAW,533465607,3679,3266
RAW,533465635,3679,3264
RAW,533465663,3679,3265
RAW,533465691,3679,3263
RAW,533465719,3679,3265
RAW,533465747,3679,3266
RAW,533465775,3679,3263
RAW,533465803,3679,3263
RAW,533465831,3679,3262
RAW,533465859,3679,3265
RAW,533465887,3679,3265
RAW,533465915,3678,3264
RAW,533465943,3679,3264
RAW,533465971,3678,3263
RAW,533465999,3679,3262
RAW,533466027,3679,3263
RAW,533466054,3679,3262
RAW,533466082,3678,3264
RAW,533466110,3678,3262
RAW,533466138,3677,3262
RAW,533466166,3679,3265
RAW,533466194,3679,3265
RAW,533466222,3679,3265
RAW,533466250,3678,3263
RAW,533466278,3679,3264
RAW,533466306,3679,3265
RAW,533466334,3678,3265
RAW,533466362,3677,3266
RAW,533466390,3682,3266
RAW,533466418,3679,3265
RAW,533466446,3678,3266
RAW,533466474,3675,3267
RAW,533466502,3679,3265
RAW,533466530,3679,3267
RAW,533466558,3678,3269
RAW,533466586,3679,3267
RAW,533466615,3678,3271
RAW,533466643,3679,3271
RAW,533466671,3679,3272
RAW,533466699,3679,3274
RAW,533466727,3679,3275
RAW,533466755,3679,3276
RAW,533466783,3679,3277
RAW,533466811,3678,3279
RAW,533466839,3678,3279
RAW,533466867,3679,3282
RAW,533466895,3679,3283
RAW,533466923,3680,3286
RAW,533466951,3679,3289
RAW,533466979,3677,3291
RAW,533467007,3679,3293
RAW,533467035,3679,3294
RAW,533467063,3679,3295
RAW,533467091,3679,3299
RAW,533467119,3679,3301
RAW,533467147,3679,3304
RAW,533467175,3679,3305
RAW,533467203,3679,3307
RAW,533467231,3679,3311
RAW,533467259,3679,3314
RAW,533467287,3679,3315
RAW,533467315,3679,3322
RAW,533467343,3679,3323
RAW,533467371,3678,3326
RAW,533467399,3679,3327
RAW,533467427,3679,3331
RAW,533467455,3679,3334
RAW,533467483,3679,3338
RAW,533467511,3679,3339
RAW,533467539,3679,3343
RAW,533467567,3679,3346
RAW,533467596,3679,3350
RAW,533467624,3679,3351
RAW,533467652,3681,3355
RAW,533467680,3679,3359
RAW,533467708,3679,3363
RAW,533467736,3679,3363
RAW,533467764,3679,3368
RAW,533467792,3682,3371
RAW,533467820,3679,3375
RAW,533467848,3679,3379
RAW,533467876,3679,3381
RAW,533467904,3679,3385
RAW,533467932,3679,3390
RAW,533467960,3679,3394
RAW,533467988,3682,3399
RAW,533468016,3682,3399
RAW,533468044,3682,3407
RAW,533468072,3679,3411
RAW,533468100,3681,3415
RAW,533468128,3682,3419
RAW,533468156,3682,3423
RAW,533468184,3682,3430
RAW,533468212,3682,3434
RAW,533468240,3683,3439
RAW,533468268,3682,3445
RAW,533468309,3682,3453
RAW,533468337,3682,3457
RAW,533468365,3683,3463
RAW,533468393,3683,3471
RAW,533468421,3683,3476
RAW,533468449,3681,3481
RAW,533468477,3683,3485
RAW,533468505,3682,3493
RAW,533468533,3681,3495
RAW,533468561,3683,3503
RAW,533468589,3683,3507
RAW,533468617,3682,3514
RAW,533468645,3683,3517
RAW,533468673,3684,3523
RAW,533468701,3682,3527
RAW,533468729,3683,3535
RAW,533468757,3683,3539
RAW,533468785,3682,3542
RAW,533468813,3682,3546
RAW,533468841,3683,3551
RAW,533468869,3683,3557
RAW,533468897,3684,3562
RAW,533468925,3682,3567
RAW,533468953,3683,3573
RAW,533468981,3684,3578
RAW,533469009,3682,3581
RAW,533469037,3682,3586
RAW,533469065,3683,3591
RAW,533469093,3682,3596
RAW,533469121,3683,3599
RAW,533469149,3685,3605
RAW,533469177,3683,3608
RAW,533469205,3682,3613
RAW,533469233,3683,3615
RAW,533469261,3685,3622
RAW,533469289,3682,3625
RAW,533469317,3684,3627
RAW,533469345,3683,3631
RAW,533469373,3683,3637
RAW,533469401,3683,3639
RAW,533469429,3683,3645
RAW,533469457,3682,3649
RAW,533469485,3681,3653
RAW,533469513,3683,3657
RAW,533469541,3683,3662
RAW,533469569,3683,3665
RAW,533469598,3683,3670
RAW,533469626,3682,3674
RAW,533469654,3683,3675
RAW,533469682,3683,3679
RAW,533469710,3683,3683
RAW,533469738,3683,3687
RAW,533469766,3683,3691
RAW,533469794,3682,3691
RAW,533469822,3683,3695
RAW,533469850,3682,3699
RAW,533469878,3685,3702
RAW,533469906,3683,3705
RAW,533469934,3683,3707
RAW,533469962,3683,3709
RAW,533469990,3683,3712
RAW,533470018,3682,3714
RAW,533470046,3683,3715
RAW,533470074,3683,3719
RAW,533470102,3683,3721
RAW,533470130,3682,3722
RAW,533470158,3682,3723
RAW,533470186,3682,3726
RAW,533470214,3683,3727
RAW,533470242,3683,3727
RAW,533470270,3683,3727
RAW,533470298,3682,3734
RAW,533470326,3683,3732
RAW,533470354,3683,3733
RAW,533470382,3683,3735
RAW,533470410,3682,3734
RAW,533470438,3679,3734
RAW,533470466,3683,3733
RAW,533470494,3682,3734
RAW,533470522,3683,3734
RAW,533470550,3683,3730
RAW,533470578,3683,3727
RAW,533470608,3685,3727
RAW,533470636,3683,3726
RAW,533470664,3682,3723
RAW,533470692,3683,3723
RAW,533470720,3683,3724
RAW,533470748,3683,3719
RAW,533470776,3683,3719
RAW,533470804,3683,3717
RAW,533470832,3683,3714
RAW,533470860,3682,3713
RAW,533470888,3683,3712
RAW,533470916,3683,3711
RAW,533470944,3683,3709
RAW,533470972,3685,3709
RAW,533471000,3683,3707
RAW,533471028,3683,3707
RAW,533471056,3683,3706
RAW,533471084,3683,3703
RAW,533471112,3683,3703
RAW,533471140,3683,3703
RAW,533471168,3683,3699
RAW,533471196,3683,3701
RAW,533471224,3683,3699
RAW,533471252,3683,3699
RAW,533471280,3685,3695
RAW,533471308,3683,3695
RAW,533471336,3683,3694
RAW,533471364,3683,3691
RAW,533471392,3685,3691
RAW,533471420,3683,3689
RAW,533471448,3684,3687
RAW,533471476,3682,3686
RAW,533471504,3683,3685
RAW,533471532,3683,3681
RAW,533471560,3682,3681
RAW,533471588,3682,3679
RAW,533471616,3683,3677
RAW,533471644,3685,3677
RAW,533471672,3683,3675
RAW,533471700,3685,3674
RAW,533471728,3685,3673
RAW,533471756,3683,3671
RAW,533471784,3682,3670
RAW,533471812,3682,3670
RAW,533471840,3683,3670
RAW,533471868,3683,3669
RAW,533471896,3682,3667
RAW,533471924,3683,3667
RAW,533471952,3682,3667
RAW,533471980,3682,3663
RAW,533472008,3684,3663
RAW,533472036,3683,3661
RAW,533472064,3683,3658
RAW,533472092,3683,3659
RAW,533472120,3683,3658
RAW,533472148,3683,3655
RAW,533472176,3683,3654
RAW,533472204,3682,3651
RAW,533472232,3683,3650
RAW,533472260,3683,3647
RAW,533472288,3683,3643
RAW,533472316,3683,3641
RAW,533472344,3683,3639
RAW,533472372,3683,3635
RAW,533472400,3683,3631
RAW,533472428,3683,3630
RAW,533472456,3682,3627
RAW,533472484,3685,3623
RAW,533472512,3679,3619
RAW,533472540,3682,3615
RAW,533472568,3685,3613
RAW,533472597,3682,3610
RAW,533472625,3683,3606
RAW,533472653,3682,3603
RAW,533472681,3683,3598
RAW,533472709,3683,3594
RAW,533472737,3685,3590
RAW,533472765,3683,3586
RAW,533472793,3682,3583
RAW,533472821,3682,3579
RAW,533472849,3683,3573
RAW,533472877,3683,3567
RAW,533472905,3681,3564
RAW,533472933,3682,3561
RAW,533472961,3683,3555
RAW,533472989,3683,3551
RAW,533473017,3683,3546
RAW,533473045,3682,3543
RAW,533473073,3683,3535
RAW,533473101,3682,3531
RAW,533473129,3683,3528
RAW,533473157,3683,3523
RAW,533473185,3682,3517
RAW,533473213,3683,3515
RAW,533473241,3683,3510
RAW,533473269,3683,3503
RAW,533473297,3683,3499
RAW,533473325,3684,3495
RAW,533473353,3682,3492
RAW,533473381,3682,3487
RAW,533473409,3682,3483
RAW,533473437,3683,3479
RAW,533473465,3682,3471
RAW,533473493,3683,3467
RAW,533473521,3683,3463
RAW,533473549,3685,3459
RAW,533473577,3682,3455
RAW,533473607,3685,3449
RAW,533473635,3683,3443
RAW,533473663,3684,3439
RAW,533473691,3682,3433
RAW,533473719,3685,3429
RAW,533473747,3682,3423
RAW,533473775,3682,3417
RAW,533473803,3683,3411
RAW,533473831,3683,3406
RAW,533473859,3682,3403
RAW,533473887,3683,3397
RAW,533473915,3683,3394
RAW,533473943,3685,3387
RAW,533473971,3683,3385
RAW,533473999,3683,3381
RAW,533474027,3684,3375
DROP_RAW_END,69
EVT,537787,DROP dt=11 tau=5 V=66.5
DROP,537786,70,11279,5321,5503,83,46,665,2,4694,3839,3447
DROP_RAW_BEGIN,537786,70,855,537761655,537785456,537768688
RAW,537761655,3718,3242
RAW,537761683,3719,3242
RAW,537761710,3719,3242
RAW,537761737,3718,3242
RAW,537761765,3718,3242
RAW,537761792,3715,3241
RAW,537761820,3718,3242
RAW,537761847,3718,3241
RAW,537761875,3717,3241
RAW,537761902,3717,3242
RAW,537761930,3717,3242
RAW,537761957,3718,3242
RAW,537761985,3717,3242
RAW,537762012,3717,3242
RAW,537762039,3718,3241
RAW,537762067,3718,3243
RAW,537762094,3718,3243
RAW,537762122,3717,3242
RAW,537762149,3718,3242
RAW,537762177,3718,3242
RAW,537762204,3719,3243
RAW,537762232,3720,3242
RAW,537762259,3718,3241
RAW,537762287,3719,3241
RAW,537762314,3718,3242
RAW,537762341,3719,3242
RAW,537762369,3718,3242
RAW,537762396,3718,3241
RAW,537762424,3719,3242
RAW,537762451,3718,3242
RAW,537762479,3719,3243
RAW,537762506,3718,3242
RAW,537762534,3717,3242
RAW,537762561,3719,3241
RAW,537762589,3719,3242
RAW,537762616,3715,3242
RAW,537762643,3719,3243
RAW,537762671,3717,3241
RAW,537762698,3718,3242
RAW,537762726,3719,3242
RAW,537762753,3719,3243
RAW,537762781,3718,3242
RAW,537762808,3715,3242
RAW,537762836,3715,3241
RAW,537762863,3715,3243
RAW,537762891,3717,3243
RAW,537762918,3718,3241
RAW,537762945,3718,3243
RAW,537762973,3715,3241
RAW,537763000,3718,3241
RAW,537763028,3715,3243
RAW,537763055,3717,3242
RAW,537763083,3718,3241
RAW,537763110,3718,3242
RAW,537763138,3718,3241
RAW,537763165,3718,3241
RAW,537763192,3718,3243
RAW,537763220,3717,3242
RAW,537763247,3715,3241
RAW,537763275,3719,3243
RAW,537763302,3718,3242
RAW,537763330,3715,3242
RAW,537763357,3718,3243
RAW,537763385,3718,3242
RAW,537763412,3717,3242
RAW,537763440,3718,3241
RAW,537763467,3718,3241
RAW,537763494,3715,3243
RAW,537763522,3718,3242
RAW,537763549,3717,3242
RAW,537763577,3718,3243
RAW,537763606,3718,3242
RAW,537763633,3715,3243
RAW,537763660,3715,3243
RAW,537763688,3717,3241
RAW,537763715,3718,3243
RAW,537763743,3717,3243
RAW,537763770,3717,3243
RAW,537763798,3717,3243
RAW,537763825,3718,3243
RAW,537763853,3718,3242
RAW,537763880,3717,3242
RAW,537763908,3718,3241
RAW,537763935,3719,3242
RAW,537763962,3715,3245
RAW,537763990,3717,3242
RAW,537764017,3717,3243
RAW,537764045,3715,3243
RAW,537764072,3715,3242
RAW,537764100,3715,3241
RAW,537764127,3718,3243
RAW,537764155,3718,3242
RAW,537764182,3717,3241
RAW,537764210,3717,3242
RAW,537764237,3715,3243
RAW,537764264,3715,3242
RAW,537764292,3717,3241
RAW,537764319,3717,3243
RAW,537764347,3717,3243
RAW,537764374,3717,3241
RAW,537764402,3715,3243
RAW,537764429,3715,3241
RAW,537764457,3715,3243
RAW,537764484,3714,3242
RAW,537764512,3713,3241
RAW,537764539,3715,3242
RAW,537764566,3715,3244
RAW,537764595,3714,3242
RAW,537764623,3715,3244
RAW,537764650,3714,3242
RAW,537764678,3713,3241
RAW,537764705,3714,3243
RAW,537764732,3714,3243
RAW,537764760,3714,3242
RAW,537764787,3714,3244
RAW,537764815,3715,3241
RAW,537764842,3713,3245
RAW,537764870,3715,3243
RAW,537764897,3715,3243
RAW,537764925,3714,3242
RAW,537764952,3715,3243
RAW,537764980,3715,3243
RAW,537765007,3716,3241
RAW,537765034,3713,3243
RAW,537765062,3714,3241
RAW,537765089,3714,3243
RAW,537765117,3714,3243
RAW,537765144,3714,3243
RAW,537765172,3711,3243
RAW,537765199,3713,3241
RAW,537765227,3714,3241
RAW,537765254,3712,3243
RAW,537765282,3713,3242
RAW,537765309,3711,3242
RAW,537765336,3711,3242
RAW,537765364,3711,3243
RAW,537765391,3712,3241
RAW,537765419,3711,3243
RAW,537765446,3710,3243
RAW,537765474,3711,3243
RAW,537765501,3709,3242
RAW,537765529,3709,3243
RAW,537765556,3708,3243
RAW,537765583,3707,3243
RAW,537765611,3707,3242
RAW,537765638,3707,3243
RAW,537765666,3707,3243
RAW,537765693,3709,3242
RAW,537765721,3707,3242
RAW,537765748,3707,3243
RAW,537765776,3709,3242
RAW,537765803,3706,3243
RAW,537765831,3706,3242
RAW,537765858,3706,3242
RAW,537765885,3706,3242
RAW,537765913,3706,3241
RAW,537765940,3707,3243
RAW,537765968,3705,3242
RAW,537765995,3707,3243
RAW,537766023,3704,3241
RAW,537766050,3703,3243
RAW,537766078,3705,3241
RAW,537766105,3703,3242
RAW,537766133,3706,3243
RAW,537766160,3704,3243
RAW,537766187,3703,3241
RAW,537766215,3703,3243
RAW,537766242,3703,3243
RAW,537766270,3706,3243
RAW,537766297,3703,3243
RAW,537766325,3703,3243
RAW,537766352,3703,3245
RAW,537766380,3706,3242
RAW,537766407,3704,3242
RAW,537766435,3704,3242
RAW,537766462,3703,3243
RAW,537766489,3703,3243
RAW,537766517,3703,3243
RAW,537766544,3703,3242
RAW,537766572,3704,3242
RAW,537766601,3703,3243
RAW,537766628,3705,3243
RAW,537766655,3703,3243
RAW,537766683,3703,3243
RAW,537766710,3703,3243
RAW,537766738,3706,3243
RAW,537766765,3705,3243
RAW,537766793,3706,3242
RAW,537766820,3707,3242
RAW,537766848,3709,3242
RAW,537766875,3707,3243
RAW,537766903,3710,3243
RAW,537766930,3714,3243
RAW,537766957,3713,3243
RAW,537766985,3715,3243
RAW,537767012,3717,3243
RAW,537767040,3716,3242
RAW,537767067,3718,3242
RAW,537767095,3718,3242
RAW,537767122,3720,3243
RAW,537767150,3720,3243
RAW,537767177,3722,3243
RAW,537767205,3723,3243
RAW,537767232,3723,3243
RAW,537767259,3725,3243
RAW,537767287,3726,3242
RAW,537767314,3727,3243
RAW,537767342,3729,3243
RAW,537767369,3727,3243
RAW,537767397,3731,3243
RAW,537767424,3731,3241
RAW,537767452,3733,3243
RAW,537767479,3738,3243
RAW,537767507,3739,3243
RAW,537767534,3739,3243
RAW,537767561,3743,3243
RAW,537767589,3743,3242
RAW,537767616,3746,3243
RAW,537767644,3747,3242
RAW,537767671,3747,3244
RAW,537767699,3749,3245
RAW,537767726,3751,3243
RAW,537767754,3753,3243
RAW,537767781,3754,3243
RAW,537767808,3754,3242
RAW,537767836,3755,3243
RAW,537767863,3755,3243
RAW,537767891,3757,3242
RAW,537767918,3759,3242
RAW,537767946,3759,3243
RAW,537767973,3763,3242
RAW,537768001,3765,3243
RAW,537768028,3767,3242
RAW,537768056,3767,3244
RAW,537768083,3771,3243
RAW,537768110,3774,3245
RAW,537768138,3778,3242
RAW,537768165,3779,3242
RAW,537768193,3783,3243
RAW,537768220,3787,3242
RAW,537768248,3787,3242
RAW,537768275,3791,3242
RAW,537768303,3791,3243
RAW,537768330,3797,3243
RAW,537768358,3802,3243
RAW,537768385,3802,3243
RAW,537768412,3806,3244
RAW,537768440,3810,3243
RAW,537768467,3811,3243
RAW,537768495,3815,3243
RAW,537768522,3819,3242
RAW,537768550,3823,3243
RAW,537768577,3823,3243
RAW,537768606,3827,3243
RAW,537768633,3832,3244
RAW,537768661,3836,3243
RAW,537768688,3839,3243
RAW,537768719,3839,3243
RAW,537768747,3839,3243
RAW,537768775,3839,3243
RAW,537768803,3839,3242
RAW,537768831,3841,3242
RAW,537768859,3843,3243
RAW,537768887,3839,3243
RAW,537768915,3845,3244
RAW,537768943,3843,3243
RAW,537768971,3847,3243
RAW,537768999,3845,3245
RAW,537769027,3849,3244
RAW,537769055,3850,3243
RAW,537769083,3851,3243
RAW,537769111,3854,3244
RAW,537769139,3855,3243
RAW,537769167,3861,3242
RAW,537769195,3862,3243
RAW,537769223,3865,3243
RAW,537769251,3867,3243
RAW,537769279,3871,3243
RAW,537769307,3871,3244
RAW,537769335,3875,3245
RAW,537769363,3875,3245
RAW,537769391,3879,3243
RAW,537769419,3881,3243
RAW,537769446,3883,3243
RAW,537769474,3885,3243
RAW,537769502,3887,3243
RAW,537769530,3887,3243
RAW,537769558,3887,3245
RAW,537769586,3889,3243
RAW,537769616,3891,3243
RAW,537769644,3887,3243
RAW,537769672,3887,3245
RAW,537769699,3891,3245
RAW,537769727,3893,3245
RAW,537769755,3890,3242
RAW,537769783,3892,3243
RAW,537769811,3893,3244
RAW,537769839,3893,3242
RAW,537769867,3894,3243
RAW,537769895,3895,3243
RAW,537769923,3895,3243
RAW,537769951,3897,3243
RAW,537769979,3901,3245
RAW,537770007,3903,3243
RAW,537770035,3906,3243
RAW,537770063,3909,3245
RAW,537770091,3911,3244
RAW,537770119,3914,3243
RAW,537770147,3914,3242
RAW,537770175,3919,3245
RAW,537770203,3919,3245
RAW,537770231,3925,3244
RAW,537770259,3929,3243
RAW,537770287,3933,3243
RAW,537770315,3938,3245
RAW,537770343,3939,3243
RAW,537770371,3939,3243
RAW,537770399,3943,3243
RAW,537770427,3946,3242
RAW,537770455,3947,3243
RAW,537770483,3949,3244
RAW,537770511,3951,3243
RAW,537770539,3950,3243
RAW,537770567,3951,3243
RAW,537770596,3951,3243
RAW,537770624,3951,3245
RAW,537770652,3951,3245
RAW,537770680,3954,3245
RAW,537770708,3953,3243
RAW,537770736,3951,3243
RAW,537770764,3951,3245
RAW,537770792,3951,3245
RAW,537770820,3951,3243
RAW,537770847,3951,3243
RAW,537770875,3950,3243
RAW,537770903,3951,3242
RAW,537770931,3951,3245
RAW,537770959,3950,3244
RAW,537770987,3951,3242
RAW,537771015,3951,3243
RAW,537771043,3951,3243
RAW,537771071,3953,3243
RAW,537771099,3951,3243
RAW,537771127,3957,3244
RAW,537771155,3957,3245
RAW,537771183,3960,3243
RAW,537771211,3959,3245
RAW,537771239,3962,3243
RAW,537771267,3963,3243
RAW,537771295,3965,3243
RAW,537771323,3966,3243
RAW,537771351,3967,3244
RAW,537771379,3970,3243
RAW,537771407,3970,3243
RAW,537771435,3971,3243
RAW,537771463,3975,3242
RAW,537771491,3975,3243
RAW,537771519,3976,3242
RAW,537771547,3978,3243
RAW,537771575,3978,3243
RAW,537771604,3978,3245
RAW,537771632,3979,3245
RAW,537771660,3981,3243
RAW,537771688,3981,3245
RAW,537771716,3979,3243
RAW,537771744,3979,3245
RAW,537771772,3979,3243
RAW,537771800,3979,3246
RAW,537771828,3978,3245
RAW,537771856,3979,3245
RAW,537771884,3978,3245
RAW,537771912,3977,3245
RAW,537771940,3975,3245
RAW,537771968,3974,3243
RAW,537771995,3971,3243
RAW,537772023,3971,3245
RAW,537772051,3970,3245
RAW,537772079,3966,3243
RAW,537772107,3966,3243
RAW,537772135,3963,3245
RAW,537772163,3961,3245
RAW,537772191,3958,3243
RAW,537772219,3958,3243
RAW,537772247,3951,3243
RAW,537772275,3951,3245
RAW,537772303,3951,3243
RAW,537772331,3947,3243
RAW,537772359,3945,3244
RAW,537772387,3942,3243
RAW,537772415,3938,3243
RAW,537772443,3935,3243
RAW,537772471,3932,3244
RAW,537772499,3931,3243
RAW,537772527,3925,3243
RAW,537772555,3919,3244
RAW,537772583,3919,3242
RAW,537772611,3915,3245
RAW,537772639,3911,3245
RAW,537772667,3907,3243
RAW,537772695,3902,3243
RAW,537772723,3899,3243
RAW,537772751,3895,3242
RAW,537772779,3893,3243
RAW,537772807,3889,3243
RAW,537772835,3887,3244
RAW,537772863,3883,3242
RAW,537772890,3879,3245
RAW,537772918,3875,3243
RAW,537772946,3871,3243
RAW,537772974,3867,3244
RAW,537773002,3866,3243
RAW,537773030,3865,3245
RAW,537773058,3859,3243
RAW,537773086,3858,3242
RAW,537773114,3854,3243
RAW,537773142,3851,3243
RAW,537773170,3847,3243
RAW,537773198,3845,3243
RAW,537773226,3842,3243
RAW,537773254,3839,3245
RAW,537773282,3835,3243
RAW,537773310,3831,3243
RAW,537773338,3827,3243
RAW,537773366,3823,3243
RAW,537773394,3821,3245
RAW,537773422,3819,3245
RAW,537773450,3815,3245
RAW,537773478,3810,3243
RAW,537773506,3807,3243
RAW,537773534,3806,3243
RAW,537773562,3803,3245
RAW,537773590,3801,3245
RAW,537773618,3797,3243
RAW,537773646,3791,3243
RAW,537773674,3791,3243
RAW,537773702,3787,3245
RAW,537773730,3786,3245
RAW,537773757,3783,3245
RAW,537773785,3781,3243
RAW,537773813,3779,3243
RAW,537773841,3778,3244
RAW,537773869,3774,3245
RAW,537773897,3770,3243
RAW,537773925,3770,3245
RAW,537773953,3768,3245
RAW,537773981,3766,3243
RAW,537774009,3765,3245
RAW,537774040,3759,3243
RAW,537774068,3759,3244
RAW,537774096,3759,3244
RAW,537774124,3757,3243
RAW,537774152,3755,3245
RAW,537774180,3754,3245
RAW,537774208,3754,3243
RAW,537774236,3752,3246
RAW,537774264,3750,3246
RAW,537774292,3750,3245
RAW,537774320,3749,3243
RAW,537774348,3747,3245
RAW,537774376,3746,3243
RAW,537774404,3746,3243
RAW,537774432,3743,3242
RAW,537774460,3743,3245
RAW,537774488,3742,3243
RAW,537774516,3741,3243
RAW,537774544,3741,3243
RAW,537774572,3739,3243
RAW,537774601,3739,3242
RAW,537774629,3739,3242
RAW,537774657,3738,3243
RAW,537774685,3737,3245
RAW,537774713,3738,3243
RAW,537774741,3735,3245
RAW,537774769,3735,3243
RAW,537774797,3734,3243
RAW,537774825,3735,3243
RAW,537774853,3735,3245
RAW,537774881,3735,3244
RAW,537774909,3734,3243
RAW,537774937,3733,3245
RAW,537774965,3734,3244
RAW,537774993,3731,3244
RAW,537775021,3734,3243
RAW,537775049,3731,3243
RAW,537775077,3733,3243
RAW,537775105,3731,3245
RAW,537775132,3731,3245
RAW,537775160,3731,3245
RAW,537775188,3731,3243
RAW,537775216,3731,3244
RAW,537775244,3727,3245
RAW,537775272,3730,3245
RAW,537775300,3729,3244
RAW,537775328,3727,3243
RAW,537775356,3727,3245
RAW,537775384,3727,3243
RAW,537775412,3730,3243
RAW,537775440,3727,3245
RAW,537775468,3727,3243
RAW,537775496,3727,3243
RAW,537775524,3726,3245
RAW,537775552,3725,3245
RAW,537775580,3724,3243
RAW,537775610,3725,3245
RAW,537775638,3722,3245
RAW,537775665,3722,3244
RAW,537775693,3721,3244
RAW,537775721,3719,3245
RAW,537775749,3719,3243
RAW,537775777,3718,3245
RAW,537775805,3717,3245
RAW,537775833,3717,3245
RAW,537775861,3715,3245
RAW,537775889,3713,3245
RAW,537775917,3713,3245
RAW,537775945,3712,3245
RAW,537775973,3711,3246
RAW,537776001,3711,3245
RAW,537776029,3710,3243
RAW,537776057,3709,3245
RAW,537776085,3707,3246
RAW,537776113,3707,3245
RAW,537776141,3707,3247
RAW,537776169,3706,3246
RAW,537776197,3706,3247
RAW,537776225,3706,3246
RAW,537776253,3703,3246
RAW,537776281,3703,3246
RAW,537776309,3703,3246
RAW,537776337,3704,3247
RAW,537776365,3706,3247
RAW,537776393,3703,3246
RAW,537776421,3702,3246
RAW,537776449,3703,3247
RAW,537776477,3703,3246
RAW,537776505,3702,3247
RAW,537776533,3702,3247
RAW,537776561,3702,3247
RAW,537776589,3701,3247
RAW,537776617,3701,3245
RAW,537776645,3701,3246
RAW,537776673,3701,3247
RAW,537776701,3702,3247
RAW,537776729,3701,3247
RAW,537776757,3699,3247
RAW,537776785,3695,3247
RAW,537776813,3699,3247
RAW,537776841,3699,3247
RAW,537776869,3699,3247
RAW,537776897,3699,3247
RAW,537776925,3699,3247
RAW,537776953,3698,3247
RAW,537776981,3701,3247
RAW,537777009,3701,3247
RAW,537777037,3699,3247
RAW,537777065,3699,3246
RAW,537777093,3702,3247
RAW,537777121,3701,3247
RAW,537777149,3702,3246
RAW,537777177,3703,3247
RAW,537777205,3703,3246
RAW,537777233,3703,3247
RAW,537777261,3703,3246
RAW,537777289,3703,3247
RAW,537777317,3703,3247
RAW,537777345,3703,3247
RAW,537777373,3705,3247
RAW,537777401,3706,3247
RAW,537777428,3704,3247
RAW,537777456,3704,3247
RAW,537777484,3703,3246
RAW,537777512,3706,3247
RAW,537777540,3704,3246
RAW,537777568,3707,3246
RAW,537777598,3707,3247
RAW,537777626,3707,3247
RAW,537777654,3709,3247
RAW,537777682,3709,3247
RAW,537777710,3709,3247
RAW,537777738,3707,3249
RAW,537777766,3710,3247
RAW,537777794,3709,3247
RAW,537777822,3709,3247
RAW,537777850,3709,3247
RAW,537777878,3709,3247
RAW,537777905,3709,3250
RAW,537777933,3709,3252
RAW,537777961,3707,3250
RAW,537777989,3707,3251
RAW,537778017,3709,3253
RAW,537778045,3707,3255
RAW,537778073,3709,3254
RAW,537778101,3707,3254
RAW,537778129,3707,3257
RAW,537778157,3709,3257
RAW,537778185,3707,3259
RAW,537778213,3707,3258
RAW,537778241,3709,3261
RAW,537778269,3707,3261
RAW,537778297,3709,3265
RAW,537778325,3707,3264
RAW,537778353,3709,3266
RAW,537778381,3710,3266
RAW,537778409,3710,3267
RAW,537778437,3711,3267
RAW,537778465,3711,3272
RAW,537778493,3712,3271
RAW,537778521,3712,3274
RAW,537778549,3714,3277
RAW,537778577,3715,3277
RAW,537778606,3715,3279
RAW,537778634,3715,3281
RAW,537778662,3715,3283
RAW,537778690,3715,3286
RAW,537778718,3717,3289
RAW,537778746,3717,3290
RAW,537778774,3716,3292
RAW,537778802,3717,3295
RAW,537778830,3718,3296
RAW,537778858,3717,3299
RAW,537778886,3715,3302
RAW,537778914,3717,3306
RAW,537778942,3719,3306
RAW,537778970,3718,3309
RAW,537778998,3717,3310
RAW,537779026,3717,3314
RAW,537779054,3715,3319
RAW,537779082,3715,3322
RAW,537779110,3715,3325
RAW,537779138,3717,3327
RAW,537779166,3715,3330
RAW,537779194,3717,3335
RAW,537779222,3718,3337
RAW,537779250,3718,3341
RAW,537779278,3718,3343
RAW,537779306,3715,3349
RAW,537779334,3715,3351
RAW,537779362,3715,3355
RAW,537779390,3717,3359
RAW,537779418,3718,3365
RAW,537779446,3718,3367
RAW,537779474,3715,3371
RAW,537779502,3717,3375
RAW,537779530,3719,3379
RAW,537779558,3718,3383
RAW,537779586,3717,3387
RAW,537779614,3719,3391
RAW,537779642,3719,3395
RAW,537779670,3718,3400
RAW,537779698,3717,3403
RAW,537779726,3717,3407
RAW,537779754,3718,3414
RAW,537779782,3719,3418
RAW,537779810,3717,3422
RAW,537779838,3715,3423
RAW,537779866,3718,3429
RAW,537779894,3718,3433
RAW,537779922,3719,3437
RAW,537779950,3718,3439
RAW,537779978,3719,3447
RAW,537780019,3718,3452
RAW,537780047,3718,3458
RAW,537780075,3718,3462
RAW,537780103,3717,3465
RAW,537780131,3715,3471
RAW,537780159,3718,3475
RAW,537780187,3718,3479
RAW,537780215,3717,3483
RAW,537780243,3718,3487
RAW,537780271,3719,3491
RAW,537780299,3719,3497
RAW,537780327,3719,3499
RAW,537780355,3719,3503
RAW,537780383,3717,3509
RAW,537780411,3718,3512
RAW,537780439,3719,3515
RAW,537780467,3719,3522
RAW,537780495,3719,3523
RAW,537780523,3719,3530
RAW,537780551,3719,3533
RAW,537780579,3718,3535
RAW,537780608,3718,3539
RAW,537780636,3718,3543
RAW,537780664,3720,3547
RAW,537780692,3719,3550
RAW,537780720,3719,3551
RAW,537780748,3719,3557
RAW,537780776,3719,3560
RAW,537780804,3718,3564
RAW,537780832,3719,3567
RAW,537780860,3719,3571
RAW,537780888,3719,3573
RAW,537780916,3719,3576
RAW,537780944,3722,3576
RAW,537780972,3719,3580
RAW,537781000,3719,3582
RAW,537781028,3719,3583
RAW,537781056,3722,3583
RAW,537781084,3719,3589
RAW,537781112,3718,3591
RAW,537781140,3721,3593
RAW,537781168,3719,3594
RAW,537781196,3721,3599
RAW,537781224,3720,3599
RAW,537781252,3720,3599
RAW,537781280,3718,3605
RAW,537781308,3720,3605
RAW,537781336,3722,3607
RAW,537781364,3719,3610
RAW,537781392,3719,3611
RAW,537781420,3720,3613
RAW,537781448,3719,3615
RAW,537781476,3720,3619
RAW,537781504,3719,3619
RAW,537781532,3718,3623
RAW,537781560,3720,3626
RAW,537781588,3721,3629
RAW,537781616,3721,3631
RAW,537781644,3719,3631
RAW,537781672,3718,3637
RAW,537781700,3720,3639
RAW,537781728,3719,3642
RAW,537781756,3719,3642
RAW,537781784,3719,3646
RAW,537781812,3720,3647
RAW,537781840,3718,3650
RAW,537781868,3719,3651
RAW,537781896,3719,3653
RAW,537781924,3719,3655
RAW,537781952,3719,3656
RAW,537781980,3719,3657
RAW,537782008,3720,3660
RAW,537782036,3720,3659
RAW,537782064,3719,3659
RAW,537782092,3719,3658
RAW,537782120,3719,3658
RAW,537782148,3720,3658
RAW,537782176,3719,3657
RAW,537782204,3719,3656
RAW,537782232,3719,3654
RAW,537782260,3719,3652
RAW,537782288,3719,3649
RAW,537782316,3719,3647
RAW,537782344,3720,3646
RAW,537782372,3718,3642
RAW,537782400,3719,3639
RAW,537782428,3719,3634
RAW,537782456,3719,3631
RAW,537782484,3720,3627
RAW,537782512,3718,3626
RAW,537782540,3718,3621
RAW,537782568,3719,3619
RAW,537782598,3720,3615
RAW,537782626,3720,3611
RAW,537782654,3719,3607
RAW,537782682,3720,3605
RAW,537782710,3718,3603
RAW,537782738,3718,3599
RAW,537782766,3719,3598
RAW,537782794,3719,3595
RAW,537782822,3719,3594
RAW,537782850,3720,3591
RAW,537782878,3719,3589
RAW,537782906,3719,3589
RAW,537782934,3720,3586
RAW,537782962,3719,3585
RAW,537782990,3719,3583
RAW,537783018,3720,3583
RAW,537783046,3720,3582
RAW,537783074,3720,3579
RAW,537783102,3719,3579
RAW,537783130,3720,3575
RAW,537783158,3719,3574
RAW,537783186,3719,3571
RAW,537783214,3717,3571
RAW,537783242,3720,3567
RAW,537783270,3720,3570
RAW,537783298,3719,3567
RAW,537783326,3720,3567
RAW,537783354,3718,3567
RAW,537783382,3719,3566
RAW,537783410,3719,3567
RAW,537783438,3718,3563
RAW,537783466,3720,3566
RAW,537783494,3719,3565
RAW,537783522,3719,3563
RAW,537783550,3718,3563
RAW,537783578,3719,3565
RAW,537783607,3718,3562
RAW,537783635,3719,3563
RAW,537783663,3718,3562
RAW,537783691,3719,3563
RAW,537783719,3719,3562
RAW,537783747,3719,3559
RAW,537783775,3719,3560
RAW,537783803,3720,3559
RAW,537783831,3719,3559
RAW,537783859,3720,3559
RAW,537783887,3718,3558
RAW,537783915,3720,3557
RAW,537783943,3719,3554
RAW,537783971,3718,3554
RAW,537783999,3719,3551
RAW,537784027,3719,3551
RAW,537784055,3719,3547
RAW,537784083,3719,3547
RAW,537784111,3718,3546
RAW,537784139,3718,3543
RAW,537784167,3719,3539
RAW,537784195,3719,3539
RAW,537784223,3718,3535
RAW,537784251,3718,3533
RAW,537784279,3718,3531
RAW,537784307,3719,3530
RAW,537784335,3719,3525
RAW,537784363,3718,3524
RAW,537784391,3717,3521
RAW,537784419,3719,3517
RAW,537784447,3719,3514
RAW,537784475,3718,3512
RAW,537784503,3719,3509
RAW,537784531,3719,3506
RAW,537784559,3719,3501
RAW,537784587,3719,3499
RAW,537784616,3719,3494
RAW,537784644,3719,3491
RAW,537784672,3719,3488
RAW,537784700,3718,3483
RAW,537784728,3719,3482
RAW,537784756,3719,3475
RAW,537784784,3719,3471
RAW,537784812,3718,3470
RAW,537784840,3719,3467
RAW,537784868,3719,3459
RAW,537784896,3719,3458
RAW,537784924,3719,3455
RAW,537784952,3719,3451
RAW,537784980,3719,3446
RAW,537785008,3718,3439
RAW,537785036,3719,3439
RAW,537785064,3719,3434
RAW,537785092,3719,3430
RAW,537785120,3719,3425
RAW,537785148,3719,3421
RAW,537785176,3719,3417
RAW,537785204,3719,3413
RAW,537785232,3719,3407
RAW,537785260,3718,3403
RAW,537785288,3719,3399
RAW,537785316,3719,3395
RAW,537785344,3718,3390
RAW,537785372,3719,3387
RAW,537785400,3718,3381
RAW,537785428,3719,3379
RAW,537785456,3719,3373
DROP_RAW_END,70
EVT,548258,DROP dt=8 tau=3 V=198.2
DROP,548257,71,8695,3817,7942,111,67,1982,2,3520,3838,3443
DROP_RAW_BEGIN,548257,71,848,548232793,548256420,548239826
RAW,548232793,3691,3359
RAW,548232820,3693,3359
RAW,548232848,3691,3357
RAW,548232875,3691,3358
RAW,548232903,3690,3357
RAW,548232930,3691,3359
RAW,548232958,3691,3358
RAW,548232985,3691,3358
RAW,548233013,3690,3358
RAW,548233040,3691,3358
RAW,548233068,3690,3359
RAW,548233095,3692,3357
RAW,548233122,3690,3358
RAW,548233150,3691,3357
RAW,548233177,3691,3359
RAW,548233205,3690,3359
RAW,548233232,3690,3359
RAW,548233260,3690,3358
RAW,548233287,3693,3359
RAW,548233315,3691,3359
RAW,548233342,3691,3359
RAW,548233370,3691,3359
RAW,548233397,3690,3359
RAW,548233424,3691,3358
RAW,548233452,3691,3358
RAW,548233479,3690,3359
RAW,548233507,3689,3359
RAW,548233534,3690,3358
RAW,548233562,3690,3358
RAW,548233589,3693,3358
RAW,548233617,3690,3358
RAW,548233644,3693,3358
RAW,548233671,3691,3359
RAW,548233699,3690,3359
RAW,548233726,3690,3359
RAW,548233754,3691,3359
RAW,548233781,3691,3359
RAW,548233809,3690,3357
RAW,548233836,3691,3359
RAW,548233864,3691,3358
RAW,548233891,3691,3358
RAW,548233919,3691,3359
RAW,548233946,3693,3359
RAW,548233973,3691,3359
RAW,548234001,3690,3359
RAW,548234028,3691,3358
RAW,548234056,3690,3358
RAW,548234083,3690,3358
RAW,548234111,3691,3358
RAW,548234138,3690,3359
RAW,548234166,3690,3359
RAW,548234193,3691,3359
RAW,548234221,3690,3359
RAW,548234248,3691,3358
RAW,548234275,3691,3359
RAW,548234303,3691,3359
RAW,548234330,3690,3358
RAW,548234358,3690,3358
RAW,548234385,3690,3359
RAW,548234413,3690,3359
RAW,548234440,3691,3358
RAW,548234468,3691,3359
RAW,548234495,3691,3359
RAW,548234523,3690,3360
RAW,548234550,3689,3359
RAW,548234577,3691,3359
RAW,548234606,3690,3359
RAW,548234634,3691,3359
RAW,548234661,3691,3359
RAW,548234689,3693,3359
RAW,548234716,3689,3359
RAW,548234743,3691,3359
RAW,548234771,3692,3359
RAW,548234798,3690,3358
RAW,548234826,3690,3359
RAW,548234853,3691,3359
RAW,548234881,3691,3359
RAW,548234908,3690,3359
RAW,548234936,3691,3359
RAW,548234963,3691,3359
RAW,548234991,3690,3359
RAW,548235018,3691,3358
RAW,548235045,3691,3359
RAW,548235073,3691,3358
RAW,548235100,3690,3359
RAW,548235128,3691,3358
RAW,548235155,3691,3358
RAW,548235183,3690,3359
RAW,548235210,3691,3359
RAW,548235238,3691,3359
RAW,548235265,3691,3359
RAW,548235293,3691,3360
RAW,548235320,3691,3358
RAW,548235347,3690,3359
RAW,548235375,3690,3359
RAW,548235402,3689,3359
RAW,548235430,3686,3359
RAW,548235457,3687,3359
RAW,548235485,3687,3359
RAW,548235512,3687,3358
RAW,548235540,3686,3359
RAW,548235567,3686,3359
RAW,548235596,3686,3358
RAW,548235623,3687,3359
RAW,548235651,3687,3358
RAW,548235678,3687,3359
RAW,548235706,3686,3359
RAW,548235733,3683,3359
RAW,548235761,3686,3359
RAW,548235788,3685,3359
RAW,548235815,3685,3359
RAW,548235843,3683,3359
RAW,548235870,3683,3359
RAW,548235898,3683,3359
RAW,548235925,3684,3359
RAW,548235953,3681,3359
RAW,548235980,3682,3358
RAW,548236008,3680,3359
RAW,548236035,3681,3359
RAW,548236062,3679,3358
RAW,548236090,3679,3359
RAW,548236117,3679,3359
RAW,548236145,3679,3359
RAW,548236172,3679,3359
RAW,548236200,3675,3359
RAW,548236227,3678,3359
RAW,548236255,3677,3358
RAW,548236282,3678,3359
RAW,548236310,3677,3359
RAW,548236337,3675,3359
RAW,548236364,3675,3359
RAW,548236392,3674,3358
RAW,548236419,3675,3360
RAW,548236447,3675,3358
RAW,548236474,3677,3359
RAW,548236502,3675,3355
RAW,548236529,3678,3359
RAW,548236557,3679,3359
RAW,548236584,3679,3359
RAW,548236612,3679,3359
RAW,548236639,3682,3359
RAW,548236666,3683,3359
RAW,548236694,3683,3358
RAW,548236721,3684,3358
RAW,548236749,3683,3358
RAW,548236776,3686,3359
RAW,548236804,3684,3359
RAW,548236831,3686,3359
RAW,548236859,3686,3359
RAW,548236886,3687,3358
RAW,548236914,3690,3359
RAW,548236941,3690,3359
RAW,548236968,3693,3359
RAW,548236996,3691,3359
RAW,548237023,3694,3359
RAW,548237051,3695,3359
RAW,548237078,3695,3360
RAW,548237106,3695,3359
RAW,548237133,3701,3359
RAW,548237161,3699,3359
RAW,548237188,3703,3359
RAW,548237216,3707,3359
RAW,548237243,3707,3359
RAW,548237270,3709,3358
RAW,548237298,3710,3359
RAW,548237325,3714,3359
RAW,548237353,3713,3360
RAW,548237380,3714,3358
RAW,548237408,3717,3359
RAW,548237435,3718,3359
RAW,548237463,3719,3359
RAW,548237490,3722,3358
RAW,548237518,3723,3359
RAW,548237545,3727,3359
RAW,548237572,3727,3358
RAW,548237601,3727,3359
RAW,548237629,3727,3358
RAW,548237656,3734,3358
RAW,548237683,3735,3358
RAW,548237711,3737,3359
RAW,548237738,3739,3359
RAW,548237766,3742,3358
RAW,548237793,3743,3359
RAW,548237821,3743,3358
RAW,548237848,3749,3359
RAW,548237876,3747,3358
RAW,548237903,3751,3358
RAW,548237931,3755,3359
RAW,548237958,3755,3359
RAW,548237985,3759,3359
RAW,548238013,3759,3359
RAW,548238040,3759,3358
RAW,548238068,3766,3359
RAW,548238095,3766,3359
RAW,548238123,3769,3357
RAW,548238150,3770,3358
RAW,548238178,3773,3357
RAW,548238205,3775,3358
RAW,548238233,3777,3359
RAW,548238260,3778,3361
RAW,548238287,3782,3359
RAW,548238315,3783,3359
RAW,548238342,3786,3359
RAW,548238370,3786,3359
RAW,548238397,3789,3359
RAW,548238425,3790,3359
RAW,548238452,3790,3359
RAW,548238480,3791,3359
RAW,548238507,3795,3359
RAW,548238535,3795,3358
RAW,548238562,3797,3359
RAW,548238589,3801,3359
RAW,548238617,3799,3360
RAW,548238644,3799,3359
RAW,548238672,3802,3358
RAW,548238699,3803,3359
RAW,548238727,3802,3359
RAW,548238754,3803,3358
RAW,548238782,3805,3357
RAW,548238809,3807,3358
RAW,548238837,3807,3359
RAW,548238864,3807,3355
RAW,548238891,3806,3359
RAW,548238919,3807,3358
RAW,548238946,3807,3358
RAW,548238974,3810,3358
RAW,548239001,3810,3359
RAW,548239029,3810,3359
RAW,548239056,3811,3358
RAW,548239084,3811,3359
RAW,548239111,3811,3359
RAW,548239138,3810,3359
RAW,548239166,3811,3360
RAW,548239193,3811,3359
RAW,548239221,3813,3359
RAW,548239248,3813,3359
RAW,548239276,3811,3358
RAW,548239303,3813,3359
RAW,548239331,3813,3359
RAW,548239358,3813,3358
RAW,548239386,3813,3359
RAW,548239413,3814,3357
RAW,548239440,3815,3355
RAW,548239468,3816,3358
RAW,548239495,3819,3359
RAW,548239523,3818,3358
RAW,548239550,3819,3359
RAW,548239578,3819,3359
RAW,548239606,3822,3359
RAW,548239634,3823,3359
RAW,548239661,3823,3359
RAW,548239689,3827,3359
RAW,548239716,3831,3359
RAW,548239744,3831,3358
RAW,548239771,3833,3359
RAW,548239799,3835,3359
RAW,548239826,3838,3359
RAW,548239868,3839,3359
RAW,548239896,3844,3358
RAW,548239924,3847,3359
RAW,548239952,3851,3359
RAW,548239980,3851,3359
RAW,548240008,3855,3359
RAW,548240036,3855,3359
RAW,548240064,3860,3359
RAW,548240092,3864,3359
RAW,548240120,3865,3359
RAW,548240148,3867,3359
RAW,548240176,3870,3358
RAW,548240204,3875,3359
RAW,548240232,3877,3358
RAW,548240260,3879,3359
RAW,548240288,3881,3358
RAW,548240315,3883,3359
RAW,548240343,3887,3359
RAW,548240371,3889,3359
RAW,548240399,3891,3358
RAW,548240427,3895,3359
RAW,548240455,3899,3359
RAW,548240483,3901,3359
RAW,548240511,3903,3359
RAW,548240539,3908,3359
RAW,548240567,3910,3359
RAW,548240596,3914,3359
RAW,548240624,3916,3359
RAW,548240652,3917,3358
RAW,548240680,3919,3359
RAW,548240708,3923,3360
RAW,548240736,3923,3359
RAW,548240764,3927,3359
RAW,548240792,3928,3358
RAW,548240820,3927,3359
RAW,548240848,3930,3359
RAW,548240876,3930,3358
RAW,548240904,3933,3359
RAW,548240932,3935,3360
RAW,548240960,3936,3359
RAW,548240988,3935,3359
RAW,548241016,3939,3358
RAW,548241044,3938,3359
RAW,548241072,3941,3358
RAW,548241100,3939,3359
RAW,548241128,3941,3359
RAW,548241156,3943,3358
RAW,548241184,3946,3359
RAW,548241212,3944,3359
RAW,548241240,3943,3358
RAW,548241268,3943,3359
RAW,548241296,3944,3358
RAW,548241324,3947,3359
RAW,548241352,3946,3359
RAW,548241380,3946,3359
RAW,548241408,3946,3359
RAW,548241436,3946,3359
RAW,548241463,3946,3358
RAW,548241491,3944,3359
RAW,548241519,3943,3359
RAW,548241547,3944,3359
RAW,548241575,3943,3358
RAW,548241605,3941,3358
RAW,548241633,3940,3359
RAW,548241661,3939,3358
RAW,548241688,3939,3358
RAW,548241716,3939,3358
RAW,548241744,3938,3359
RAW,548241772,3934,3359
RAW,548241800,3934,3359
RAW,548241828,3933,3359
RAW,548241856,3930,3359
RAW,548241884,3927,3359
RAW,548241912,3925,3359
RAW,548241940,3926,3359
RAW,548241968,3923,3359
RAW,548241996,3919,3359
RAW,548242024,3919,3359
RAW,548242052,3915,3358
RAW,548242080,3914,3358
RAW,548242108,3912,3359
RAW,548242136,3909,3358
RAW,548242164,3906,3359
RAW,548242192,3903,3357
RAW,548242220,3899,3358
RAW,548242248,3898,3359
RAW,548242276,3895,3359
RAW,548242304,3893,3359
RAW,548242332,3887,3358
RAW,548242360,3887,3359
RAW,548242388,3883,3358
RAW,548242416,3880,3359
RAW,548242444,3878,3359
RAW,548242472,3875,3359
RAW,548242500,3870,3358
RAW,548242528,3867,3359
RAW,548242556,3863,3358
RAW,548242583,3863,3359
RAW,548242611,3855,3359
RAW,548242639,3855,3359
RAW,548242667,3853,3358
RAW,548242695,3851,3359
RAW,548242723,3846,3359
RAW,548242751,3843,3357
RAW,548242779,3839,3359
RAW,548242807,3838,3359
RAW,548242835,3834,3359
RAW,548242863,3831,3359
RAW,548242891,3823,3360
RAW,548242919,3827,3359
RAW,548242947,3823,3358
RAW,548242975,3819,3359
RAW,548243003,3818,3358
RAW,548243031,3814,3358
RAW,548243059,3811,3358
RAW,548243087,3810,3359
RAW,548243115,3807,3359
RAW,548243143,3803,3359
RAW,548243171,3802,3359
RAW,548243199,3799,3359
RAW,548243227,3798,3359
RAW,548243255,3795,3359
RAW,548243283,3791,3358
RAW,548243311,3787,3358
RAW,548243339,3789,3358
RAW,548243367,3787,3359
RAW,548243395,3783,3359
RAW,548243423,3781,3359
RAW,548243451,3778,3358
RAW,548243478,3776,3359
RAW,548243506,3774,3359
RAW,548243534,3773,3359
RAW,548243562,3771,3358
RAW,548243590,3767,3358
RAW,548243618,3767,3359
RAW,548243646,3763,3358
RAW,548243688,3759,3359
RAW,548243715,3759,3359
RAW,548243743,3755,3359
RAW,548243771,3757,3359
RAW,548243799,3753,3358
RAW,548243827,3751,3359
RAW,548243855,3749,3358
RAW,548243883,3749,3359
RAW,548243911,3749,3358
RAW,548243939,3746,3358
RAW,548243967,3743,3359
RAW,548243995,3743,3359
RAW,548244023,3739,3358
RAW,548244051,3738,3359
RAW,548244079,3736,3359
RAW,548244107,3734,3358
RAW,548244135,3731,3359
RAW,548244163,3731,3359
RAW,548244191,3731,3358
RAW,548244219,3729,3358
RAW,548244247,3727,3357
RAW,548244275,3727,3359
RAW,548244303,3723,3359
RAW,548244331,3722,3359
RAW,548244359,3722,3358
RAW,548244387,3722,3359
RAW,548244415,3719,3359
RAW,548244443,3718,3359
RAW,548244471,3715,3359
RAW,548244499,3715,3359
RAW,548244527,3714,3358
RAW,548244555,3711,3358
RAW,548244583,3710,3358
RAW,548244611,3707,3359
RAW,548244639,3707,3359
RAW,548244667,3706,3358
RAW,548244695,3703,3359
RAW,548244723,3703,3359
RAW,548244751,3703,3358
RAW,548244779,3699,3358
RAW,548244807,3699,3358
RAW,548244835,3695,3359
RAW,548244863,3695,3359
RAW,548244891,3695,3359
RAW,548244919,3697,3358
RAW,548244947,3695,3359
RAW,548244975,3691,3359
RAW,548245003,3693,3359
RAW,548245031,3693,3359
RAW,548245059,3693,3359
RAW,548245087,3690,3358
RAW,548245115,3690,3359
RAW,548245143,3690,3358
RAW,548245171,3691,3359
RAW,548245199,3687,3359
RAW,548245227,3687,3359
RAW,548245255,3689,3359
RAW,548245283,3687,3359
RAW,548245311,3688,3359
RAW,548245339,3687,3359
RAW,548245367,3686,3359
RAW,548245395,3687,3359
RAW,548245423,3687,3359
RAW,548245451,3686,3359
RAW,548245479,3686,3359
RAW,548245506,3686,3359
RAW,548245534,3687,3359
RAW,548245562,3687,3355
RAW,548245590,3688,3359
RAW,548245618,3687,3359
RAW,548245646,3687,3359
RAW,548245674,3687,3359
RAW,548245702,3687,3358
RAW,548245730,3687,3359
RAW,548245758,3687,3359
RAW,548245786,3688,3359
RAW,548245814,3687,3359
RAW,548245842,3689,3359
RAW,548245870,3690,3359
RAW,548245898,3691,3361
RAW,548245926,3690,3358
RAW,548245954,3690,3359
RAW,548245982,3692,3359
RAW,548246010,3691,3359
RAW,548246038,3690,3358
RAW,548246066,3691,3359
RAW,548246094,3693,3359
RAW,548246122,3691,3359
RAW,548246150,3693,3359
RAW,548246178,3694,3358
RAW,548246206,3695,3360
RAW,548246234,3695,3359
RAW,548246262,3695,3359
RAW,548246290,3695,3361
RAW,548246318,3697,3359
RAW,548246346,3697,3360
RAW,548246374,3697,3359
RAW,548246402,3698,3359
RAW,548246430,3695,3362
RAW,548246458,3699,3362
RAW,548246486,3702,3362
RAW,548246514,3701,3359
RAW,548246542,3702,3359
RAW,548246570,3701,3360
RAW,548246599,3702,3362
RAW,548246627,3703,3361
RAW,548246655,3703,3362
RAW,548246683,3703,3361
RAW,548246711,3701,3359
RAW,548246739,3703,3363
RAW,548246767,3703,3359
RAW,548246795,3702,3363
RAW,548246823,3701,3363
RAW,548246851,3701,3361
RAW,548246879,3702,3362
RAW,548246907,3703,3363
RAW,548246935,3699,3362
RAW,548246963,3699,3363
RAW,548246991,3701,3363
RAW,548247019,3701,3362
RAW,548247047,3701,3362
RAW,548247075,3702,3363
RAW,548247103,3699,3363
RAW,548247131,3702,3363
RAW,548247159,3701,3363
RAW,548247187,3703,3364
RAW,548247215,3701,3363
RAW,548247243,3701,3363
RAW,548247271,3703,3363
RAW,548247299,3703,3365
RAW,548247327,3701,3366
RAW,548247355,3702,3363
RAW,548247383,3701,3365
RAW,548247411,3700,3367
RAW,548247439,3699,3367
RAW,548247467,3701,3367
RAW,548247495,3695,3368
RAW,548247523,3695,3368
RAW,548247551,3699,3367
RAW,548247579,3698,3369
RAW,548247608,3699,3370
RAW,548247636,3699,3373
RAW,548247664,3695,3371
RAW,548247692,3700,3375
RAW,548247720,3695,3375
RAW,548247748,3695,3375
RAW,548247776,3698,3380
RAW,548247804,3695,3381
RAW,548247832,3695,3381
RAW,548247860,3695,3384
RAW,548247888,3695,3385
RAW,548247916,3695,3387
RAW,548247944,3695,3389
RAW,548247972,3695,3391
RAW,548248000,3694,3395
RAW,548248028,3695,3397
RAW,548248056,3695,3399
RAW,548248084,3694,3403
RAW,548248112,3695,3402
RAW,548248140,3695,3406
RAW,548248168,3693,3407
RAW,548248196,3693,3411
RAW,548248224,3695,3414
RAW,548248252,3694,3415
RAW,548248280,3694,3419
RAW,548248308,3695,3423
RAW,548248335,3694,3423
RAW,548248363,3694,3429
RAW,548248391,3695,3431
RAW,548248419,3694,3433
RAW,548248447,3695,3439
RAW,548248475,3695,3439
RAW,548248503,3695,3443
RAW,548248545,3694,3450
RAW,548248573,3693,3451
RAW,548248603,3695,3456
RAW,548248631,3695,3461
RAW,548248659,3693,3462
RAW,548248687,3694,3467
RAW,548248715,3694,3471
RAW,548248743,3692,3471
RAW,548248771,3691,3480
RAW,548248799,3693,3482
RAW,548248827,3691,3487
RAW,548248855,3693,3494
RAW,548248883,3691,3498
RAW,548248911,3695,3503
RAW,548248939,3694,3505
RAW,548248967,3691,3511
RAW,548248995,3691,3517
RAW,548249023,3695,3519
RAW,548249051,3695,3526
RAW,548249079,3695,3530
RAW,548249107,3693,3535
RAW,548249135,3693,3542
RAW,548249163,3691,3547
RAW,548249191,3691,3550
RAW,548249219,3694,3558
RAW,548249247,3694,3563
RAW,548249275,3693,3567
RAW,548249303,3693,3573
RAW,548249331,3693,3578
RAW,548249359,3694,3583
RAW,548249387,3693,3587
RAW,548249415,3691,3592
RAW,548249443,3693,3598
RAW,548249471,3693,3603
RAW,548249499,3693,3607
RAW,548249527,3693,3611
RAW,548249555,3693,3617
RAW,548249583,3691,3623
RAW,548249610,3694,3627
RAW,548249638,3693,3631
RAW,548249666,3691,3637
RAW,548249694,3690,3641
RAW,548249722,3691,3648
RAW,548249750,3693,3651
RAW,548249778,3691,3656
RAW,548249806,3691,3659
RAW,548249834,3690,3665
RAW,548249862,3692,3670
RAW,548249890,3690,3675
RAW,548249918,3691,3678
RAW,548249946,3691,3685
RAW,548249974,3693,3687
RAW,548250002,3691,3691
RAW,548250030,3691,3695
RAW,548250058,3691,3695
RAW,548250086,3694,3701
RAW,548250114,3691,3703
RAW,548250142,3691,3706
RAW,548250170,3693,3707
RAW,548250198,3693,3710
RAW,548250226,3694,3711
RAW,548250254,3691,3713
RAW,548250282,3690,3715
RAW,548250310,3693,3718
RAW,548250338,3691,3719
RAW,548250366,3691,3719
RAW,548250394,3691,3723
RAW,548250422,3691,3725
RAW,548250450,3691,3727
RAW,548250478,3694,3729
RAW,548250506,3691,3731
RAW,548250534,3691,3733
RAW,548250562,3693,3734
RAW,548250590,3693,3738
RAW,548250618,3693,3738
RAW,548250646,3694,3739
RAW,548250674,3692,3742
RAW,548250702,3693,3743
RAW,548250730,3691,3743
RAW,548250758,3693,3746
RAW,548250786,3691,3747
RAW,548250814,3693,3747
RAW,548250842,3691,3749
RAW,548250870,3691,3750
RAW,548250898,3691,3753
RAW,548250926,3691,3755
RAW,548250954,3693,3755
RAW,548250982,3694,3754
RAW,548251010,3693,3757
RAW,548251038,3691,3758
RAW,548251066,3691,3759
RAW,548251094,3692,3758
RAW,548251122,3694,3759
RAW,548251150,3693,3759
RAW,548251178,3693,3759
RAW,548251206,3692,3759
RAW,548251234,3693,3759
RAW,548251262,3691,3759
RAW,548251290,3693,3759
RAW,548251318,3693,3759
RAW,548251346,3694,3759
RAW,548251374,3693,3759
RAW,548251402,3691,3759
RAW,548251430,3693,3758
RAW,548251458,3691,3757
RAW,548251486,3693,3755
RAW,548251514,3691,3754
RAW,548251542,3691,3753
RAW,548251570,3693,3751
RAW,548251600,3691,3747
RAW,548251628,3692,3743
RAW,548251656,3693,3743
RAW,548251684,3693,3739
RAW,548251712,3694,3738
RAW,548251740,3693,3735
RAW,548251768,3691,3731
RAW,548251796,3693,3727
RAW,548251824,3692,3723
RAW,548251852,3693,3721
RAW,548251880,3693,3717
RAW,548251908,3691,3715
RAW,548251936,3691,3711
RAW,548251964,3694,3709
RAW,548251992,3693,3705
RAW,548252020,3691,3699
RAW,548252048,3693,3695
RAW,548252076,3691,3694
RAW,548252104,3691,3690
RAW,548252132,3693,3687
RAW,548252160,3693,3684
RAW,548252188,3694,3680
RAW,548252216,3691,3677
RAW,548252244,3691,3674
RAW,548252272,3691,3673
RAW,548252300,3693,3670
RAW,548252328,3693,3669
RAW,548252356,3693,3667
RAW,548252384,3693,3666
RAW,548252412,3691,3667
RAW,548252440,3691,3667
RAW,548252468,3691,3667
RAW,548252496,3691,3667
RAW,548252524,3691,3667
RAW,548252552,3691,3667
RAW,548252580,3691,3669
RAW,548252609,3691,3670
RAW,548252637,3693,3669
RAW,548252665,3690,3671
RAW,548252693,3691,3675
RAW,548252721,3692,3675
RAW,548252749,3691,3674
RAW,548252777,3691,3677
RAW,548252805,3693,3678
RAW,548252833,3691,3679
RAW,548252861,3693,3682
RAW,548252889,3693,3682
RAW,548252917,3693,3683
RAW,548252945,3691,3683
RAW,548252973,3691,3687
RAW,548253001,3691,3687
RAW,548253029,3691,3690
RAW,548253057,3691,3691
RAW,548253085,3691,3691
RAW,548253113,3691,3691
RAW,548253141,3691,3694
RAW,548253169,3693,3695
RAW,548253197,3691,3695
RAW,548253225,3693,3695
RAW,548253253,3693,3695
RAW,548253281,3693,3699
RAW,548253309,3691,3701
RAW,548253337,3693,3701
RAW,548253365,3691,3699
RAW,548253393,3693,3699
RAW,548253421,3691,3699
RAW,548253449,3693,3701
RAW,548253477,3693,3698
RAW,548253505,3691,3695
RAW,548253533,3693,3695
RAW,548253561,3691,3695
RAW,548253589,3690,3695
RAW,548253617,3693,3695
RAW,548253645,3693,3695
RAW,548253673,3694,3695
RAW,548253701,3693,3693
RAW,548253729,3691,3690
RAW,548253757,3693,3689
RAW,548253785,3691,3686
RAW,548253813,3692,3683
RAW,548253841,3691,3680
RAW,548253869,3693,3675
RAW,548253897,3693,3673
RAW,548253925,3693,3669
RAW,548253953,3692,3665
RAW,548253981,3692,3662
RAW,548254009,3693,3658
RAW,548254037,3691,3654
RAW,548254065,3691,3650
RAW,548254093,3693,3645
RAW,548254121,3691,3641
RAW,548254149,3691,3635
RAW,548254177,3691,3631
RAW,548254205,3691,3631
RAW,548254233,3693,3627
RAW,548254261,3693,3623
RAW,548254289,3693,3621
RAW,548254317,3691,3619
RAW,548254345,3694,3614
RAW,548254373,3693,3611
RAW,548254401,3693,3608
RAW,548254429,3691,3599
RAW,548254457,3693,3599
RAW,548254485,3693,3594
RAW,548254513,3693,3587
RAW,548254541,3691,3586
RAW,548254569,3690,3579
RAW,548254598,3691,3571
RAW,548254626,3691,3567
RAW,548254654,3691,3565
RAW,548254682,3693,3559
RAW,548254710,3692,3557
RAW,548254738,3691,3550
RAW,548254766,3691,3546
RAW,548254794,3693,3543
RAW,548254822,3693,3535
RAW,548254850,3693,3533
RAW,548254878,3691,3527
RAW,548254906,3691,3522
RAW,548254934,3694,3517
RAW,548254962,3693,3514
RAW,548254990,3693,3510
RAW,548255018,3691,3503
RAW,548255046,3691,3499
RAW,548255074,3694,3491
RAW,548255102,3693,3490
RAW,548255130,3693,3483
RAW,548255158,3691,3479
RAW,548255186,3691,3475
RAW,548255214,3691,3471
RAW,548255242,3691,3467
RAW,548255270,3691,3463
RAW,548255298,3694,3460
RAW,548255326,3691,3455
RAW,548255354,3693,3451
RAW,548255382,3693,3447
RAW,548255410,3691,3445
RAW,548255438,3692,3439
RAW,548255466,3691,3438
RAW,548255494,3694,3434
RAW,548255522,3691,3432
RAW,548255550,3691,3426
RAW,548255578,3691,3423
RAW,548255608,3691,3422
RAW,548255636,3693,3419
RAW,548255664,3693,3415
RAW,548255692,3693,3414
RAW,548255720,3693,3411
RAW,548255748,3692,3406
RAW,548255776,3693,3406
RAW,548255804,3693,3403
RAW,548255832,3693,3399
RAW,548255860,3693,3399
RAW,548255888,3691,3395
RAW,548255916,3691,3395
RAW,548255944,3691,3394
RAW,548255972,3693,3392
RAW,548256000,3691,3387
RAW,548256028,3693,3387
RAW,548256056,3691,3387
RAW,548256084,3691,3384
RAW,548256112,3694,3382
RAW,548256140,3693,3383
RAW,548256168,3691,3382
RAW,548256196,3691,3379
RAW,548256224,3691,3378
RAW,548256252,3691,3375
RAW,548256280,3693,3375
RAW,548256308,3694,3375
RAW,548256336,3691,3375
RAW,548256364,3691,3373
RAW,548256392,3691,3375
RAW,548256420,3691,3374
DROP_RAW_END,71
EVT,555878,DROP dt=8 tau=3 V=208.0
DROP,555878,72,8643,3845,8026,111,68,2080,2,3520,3839,3443
DROP_RAW_BEGIN,555878,72,849,555853562,555877223,555860596
RAW,555853562,3691,3357
RAW,555853589,3691,3359
RAW,555853617,3691,3358
RAW,555853644,3690,3359
RAW,555853672,3690,3359
RAW,555853699,3691,3357
RAW,555853727,3690,3359
RAW,555853754,3691,3359
RAW,555853782,3691,3359
RAW,555853809,3690,3358
RAW,555853837,3691,3358
RAW,555853864,3691,3358
RAW,555853891,3691,3358
RAW,555853919,3690,3359
RAW,555853946,3690,3359
RAW,555853974,3691,3359
RAW,555854001,3690,3357
RAW,555854029,3691,3359
RAW,555854056,3690,3359
RAW,555854084,3690,3358
RAW,555854111,3690,3359
RAW,555854138,3691,3359
RAW,555854166,3691,3360
RAW,555854193,3689,3359
RAW,555854221,3690,3359
RAW,555854248,3690,3358
RAW,555854276,3691,3359
RAW,555854303,3690,3358
RAW,555854331,3691,3359
RAW,555854358,3689,3359
RAW,555854386,3691,3359
RAW,555854413,3691,3359
RAW,555854440,3691,3359
RAW,555854468,3689,3359
RAW,555854495,3691,3359
RAW,555854523,3690,3358
RAW,555854550,3691,3359
RAW,555854578,3691,3359
RAW,555854606,3691,3358
RAW,555854634,3690,3357
RAW,555854661,3689,3359
RAW,555854689,3691,3358
RAW,555854716,3690,3359
RAW,555854744,3691,3358
RAW,555854771,3689,3359
RAW,555854799,3689,3358
RAW,555854826,3690,3357
RAW,555854854,3691,3359
RAW,555854881,3691,3359
RAW,555854908,3690,3359
RAW,555854936,3690,3357
RAW,555854963,3690,3359
RAW,555854991,3689,3358
RAW,555855018,3691,3359
RAW,555855046,3690,3359
RAW,555855073,3689,3359
RAW,555855101,3690,3359
RAW,555855128,3689,3359
RAW,555855156,3690,3359
RAW,555855183,3690,3358
RAW,555855210,3690,3359
RAW,555855238,3691,3359
RAW,555855265,3691,3359
RAW,555855293,3690,3357
RAW,555855320,3690,3359
RAW,555855348,3691,3358
RAW,555855375,3690,3358
RAW,555855403,3691,3358
RAW,555855430,3690,3359
RAW,555855458,3690,3359
RAW,555855485,3691,3359
RAW,555855512,3690,3359
RAW,555855540,3689,3359
RAW,555855567,3691,3359
RAW,555855596,3691,3359
RAW,555855624,3690,3360
RAW,555855651,3689,3359
RAW,555855678,3691,3358
RAW,555855706,3690,3358
RAW,555855733,3690,3359
RAW,555855761,3690,3359
RAW,555855788,3691,3359
RAW,555855816,3690,3359
RAW,555855843,3687,3358
RAW,555855871,3690,3357
RAW,555855898,3691,3358
RAW,555855926,3690,3359
RAW,555855953,3690,3359
RAW,555855980,3689,3358
RAW,555856008,3691,3359
RAW,555856035,3690,3358
RAW,555856063,3690,3358
RAW,555856090,3690,3359
RAW,555856118,3690,3359
RAW,555856145,3688,3359
RAW,555856173,3689,3359
RAW,555856200,3687,3359
RAW,555856228,3686,3358
RAW,555856255,3687,3358
RAW,555856282,3687,3359
RAW,555856310,3687,3359
RAW,555856337,3686,3359
RAW,555856365,3686,3359
RAW,555856392,3683,3359
RAW,555856420,3683,3359
RAW,555856447,3683,3357
RAW,555856475,3683,3359
RAW,555856502,3683,3359
RAW,555856530,3683,3359
RAW,555856557,3683,3358
RAW,555856584,3681,3359
RAW,555856612,3682,3359
RAW,555856639,3681,3359
RAW,555856667,3679,3359
RAW,555856694,3679,3358
RAW,555856722,3678,3359
RAW,555856749,3679,3359
RAW,555856777,3679,3360
RAW,555856804,3677,3358
RAW,555856832,3677,3359
RAW,555856859,3675,3358
RAW,555856886,3675,3359
RAW,555856914,3677,3358
RAW,555856941,3674,3359
RAW,555856969,3675,3359
RAW,555856996,3674,3359
RAW,555857024,3671,3359
RAW,555857051,3670,3358
RAW,555857079,3671,3358
RAW,555857106,3671,3359
RAW,555857133,3671,3359
RAW,555857161,3671,3359
RAW,555857188,3671,3359
RAW,555857216,3671,3358
RAW,555857243,3672,3358
RAW,555857271,3674,3358
RAW,555857298,3674,3360
RAW,555857326,3675,3358
RAW,555857353,3675,3358
RAW,555857381,3677,3358
RAW,555857408,3677,3358
RAW,555857435,3679,3359
RAW,555857463,3681,3359
RAW,555857490,3679,3359
RAW,555857518,3681,3358
RAW,555857545,3683,3358
RAW,555857573,3682,3359
RAW,555857601,3685,3358
RAW,555857629,3685,3359
RAW,555857656,3683,3359
RAW,555857684,3687,3359
RAW,555857711,3688,3358
RAW,555857739,3687,3359
RAW,555857766,3690,3359
RAW,555857794,3691,3359
RAW,555857821,3694,3358
RAW,555857849,3694,3359
RAW,555857876,3695,3359
RAW,555857903,3695,3359
RAW,555857931,3700,3359
RAW,555857958,3699,3357
RAW,555857986,3702,3359
RAW,555858013,3706,3359
RAW,555858041,3708,3359
RAW,555858068,3710,3357
RAW,555858096,3709,3359
RAW,555858123,3713,3359
RAW,555858151,3714,3359
RAW,555858178,3715,3358
RAW,555858205,3718,3358
RAW,555858233,3720,3359
RAW,555858260,3721,3358
RAW,555858288,3723,3359
RAW,555858315,3726,3359
RAW,555858343,3727,3359
RAW,555858370,3727,3355
RAW,555858398,3733,3357
RAW,555858425,3734,3359
RAW,555858453,3735,3358
RAW,555858480,3737,3359
RAW,555858507,3739,3358
RAW,555858535,3743,3357
RAW,555858562,3743,3358
RAW,555858590,3746,3358
RAW,555858617,3750,3358
RAW,555858645,3751,3358
RAW,555858672,3754,3358
RAW,555858700,3755,3359
RAW,555858727,3759,3359
RAW,555858755,3759,3358
RAW,555858782,3759,3358
RAW,555858809,3765,3358
RAW,555858837,3766,3359
RAW,555858864,3767,3358
RAW,555858892,3769,3358
RAW,555858919,3773,3359
RAW,555858947,3774,3358
RAW,555858974,3777,3357
RAW,555859002,3779,3359
RAW,555859029,3781,3359
RAW,555859057,3784,3358
RAW,555859084,3784,3359
RAW,555859111,3786,3359
RAW,555859139,3789,3359
RAW,555859166,3790,3359
RAW,555859194,3791,3359
RAW,555859221,3791,3359
RAW,555859249,3793,3359
RAW,555859276,3797,3359
RAW,555859304,3795,3359
RAW,555859331,3795,3359
RAW,555859358,3797,3359
RAW,555859386,3799,3359
RAW,555859413,3799,3359
RAW,555859441,3803,3359
RAW,555859468,3803,3355
RAW,555859496,3803,3359
RAW,555859523,3803,3358
RAW,555859551,3803,3359
RAW,555859578,3806,3359
RAW,555859607,3807,3359
RAW,555859634,3807,3359
RAW,555859662,3809,3357
RAW,555859689,3807,3358
RAW,555859717,3810,3359
RAW,555859744,3810,3358
RAW,555859772,3809,3359
RAW,555859799,3809,3359
RAW,555859826,3811,3359
RAW,555859854,3811,3358
RAW,555859881,3811,3359
RAW,555859909,3813,3359
RAW,555859936,3811,3358
RAW,555859964,3811,3358
RAW,555859991,3813,3359
RAW,555860019,3813,3358
RAW,555860046,3811,3358
RAW,555860074,3811,3358
RAW,555860101,3812,3359
RAW,555860128,3813,3359
RAW,555860156,3815,3359
RAW,555860183,3814,3358
RAW,555860211,3811,3359
RAW,555860238,3815,3359
RAW,555860266,3816,3358
RAW,555860293,3818,3359
RAW,555860321,3817,3357
RAW,555860348,3818,3358
RAW,555860376,3821,3358
RAW,555860403,3823,3359
RAW,555860430,3823,3359
RAW,555860458,3823,3359
RAW,555860485,3827,3358
RAW,555860513,3831,3359
RAW,555860540,3835,3358
RAW,555860568,3834,3359
RAW,555860596,3839,3359
RAW,555860638,3839,3359
RAW,555860666,3846,3358
RAW,555860694,3847,3359
RAW,555860722,3851,3359
RAW,555860750,3854,3358
RAW,555860778,3855,3359
RAW,555860806,3858,3359
RAW,555860834,3859,3359
RAW,555860862,3862,3359
RAW,555860890,3863,3359
RAW,555860918,3869,3359
RAW,555860946,3871,3358
RAW,555860974,3871,3357
RAW,555861002,3875,3359
RAW,555861030,3875,3359
RAW,555861058,3881,3359
RAW,555861086,3883,3357
RAW,555861114,3885,3358
RAW,555861142,3887,3359
RAW,555861170,3887,3359
RAW,555861198,3891,3358
RAW,555861226,3895,3360
RAW,555861254,3898,3359
RAW,555861282,3903,3359
RAW,555861310,3903,3358
RAW,555861338,3907,3359
RAW,555861366,3911,3359
RAW,555861393,3915,3357
RAW,555861421,3915,3359
RAW,555861449,3917,3359
RAW,555861477,3921,3358
RAW,555861505,3923,3359
RAW,555861533,3926,3359
RAW,555861561,3926,3359
RAW,555861589,3929,3359
RAW,555861617,3931,3360
RAW,555861645,3931,3358
RAW,555861673,3933,3359
RAW,555861701,3934,3358
RAW,555861729,3935,3359
RAW,555861757,3937,3359
RAW,555861785,3939,3359
RAW,555861813,3939,3359
RAW,555861841,3943,3358
RAW,555861869,3943,3359
RAW,555861897,3943,3359
RAW,555861925,3943,3359
RAW,555861953,3946,3358
RAW,555861981,3947,3359
RAW,555862009,3946,3359
RAW,555862037,3947,3358
RAW,555862065,3947,3359
RAW,555862093,3949,3358
RAW,555862121,3949,3357
RAW,555862149,3949,3359
RAW,555862177,3949,3359
RAW,555862205,3949,3359
RAW,555862233,3949,3359
RAW,555862261,3947,3359
RAW,555862288,3947,3358
RAW,555862316,3947,3358
RAW,555862344,3947,3357
RAW,555862372,3946,3358
RAW,555862400,3945,3358
RAW,555862428,3943,3357
RAW,555862456,3943,3359
RAW,555862484,3941,3359
RAW,555862512,3939,3359
RAW,555862540,3940,3358
RAW,555862568,3939,3359
RAW,555862597,3939,3359
RAW,555862625,3935,3358
RAW,555862653,3931,3359
RAW,555862681,3931,3359
RAW,555862709,3931,3359
RAW,555862737,3927,3359
RAW,555862765,3927,3359
RAW,555862793,3925,3359
RAW,555862821,3922,3359
RAW,555862849,3919,3359
RAW,555862877,3915,3358
RAW,555862905,3914,3358
RAW,555862933,3911,3357
RAW,555862961,3906,3359
RAW,555862989,3906,3359
RAW,555863017,3905,3359
RAW,555863045,3899,3359
RAW,555863073,3898,3359
RAW,555863101,3894,3359
RAW,555863129,3891,3359
RAW,555863157,3886,3359
RAW,555863185,3883,3359
RAW,555863213,3883,3359
RAW,555863241,3881,3359
RAW,555863269,3875,3359
RAW,555863297,3873,3359
RAW,555863325,3869,3359
RAW,555863353,3866,3358
RAW,555863381,3863,3358
RAW,555863409,3861,3358
RAW,555863437,3855,3359
RAW,555863465,3854,3358
RAW,555863492,3851,3358
RAW,555863520,3849,3359
RAW,555863548,3843,3358
RAW,555863576,3841,3359
RAW,555863606,3839,3359
RAW,555863634,3835,3359
RAW,555863662,3833,3359
RAW,555863690,3829,3359
RAW,555863717,3823,3357
RAW,555863745,3823,3357
RAW,555863773,3821,3358
RAW,555863801,3818,3359
RAW,555863829,3818,3359
RAW,555863857,3815,3359
RAW,555863885,3811,3359
RAW,555863913,3810,3358
RAW,555863941,3807,3358
RAW,555863969,3802,3359
RAW,555863997,3803,3358
RAW,555864025,3800,3359
RAW,555864053,3795,3357
RAW,555864081,3791,3360
RAW,555864109,3791,3359
RAW,555864137,3790,3357
RAW,555864165,3786,3358
RAW,555864193,3785,3359
RAW,555864221,3782,3359
RAW,555864249,3781,3359
RAW,555864277,3777,3359
RAW,555864305,3777,3359
RAW,555864333,3771,3359
RAW,555864361,3771,3359
RAW,555864389,3769,3359
RAW,555864417,3767,3359
RAW,555864445,3763,3359
RAW,555864486,3759,3359
RAW,555864514,3759,3360
RAW,555864542,3757,3359
RAW,555864570,3755,3359
RAW,555864599,3753,3359
RAW,555864627,3752,3358
RAW,555864655,3749,3359
RAW,555864683,3747,3360
RAW,555864711,3746,3359
RAW,555864739,3743,3358
RAW,555864767,3742,3359
RAW,555864795,3742,3358
RAW,555864823,3739,3359
RAW,555864851,3737,3359
RAW,555864879,3735,3359
RAW,555864907,3734,3358
RAW,555864935,3733,3359
RAW,555864963,3727,3358
RAW,555864991,3727,3358
RAW,555865019,3727,3359
RAW,555865047,3725,3358
RAW,555865075,3725,3358
RAW,555865103,3723,3359
RAW,555865131,3722,3359
RAW,555865159,3721,3359
RAW,555865187,3718,3359
RAW,555865215,3716,3359
RAW,555865243,3714,3359
RAW,555865271,3713,3359
RAW,555865299,3711,3358
RAW,555865327,3710,3359
RAW,555865355,3710,3358
RAW,555865383,3707,3359
RAW,555865411,3706,3359
RAW,555865439,3705,3359
RAW,555865467,3703,3358
RAW,555865495,3703,3359
RAW,555865523,3699,3359
RAW,555865551,3699,3357
RAW,555865579,3695,3358
RAW,555865608,3695,3358
RAW,555865636,3694,3359
RAW,555865664,3691,3358
RAW,555865692,3693,3359
RAW,555865720,3692,3359
RAW,555865748,3691,3358
RAW,555865776,3691,3359
RAW,555865804,3687,3359
RAW,555865832,3687,3360
RAW,555865860,3687,3359
RAW,555865888,3686,3355
RAW,555865916,3686,3358
RAW,555865944,3686,3358
RAW,555865972,3686,3358
RAW,555866000,3683,3358
RAW,555866028,3685,3358
RAW,555866056,3683,3359
RAW,555866084,3682,3359
RAW,555866112,3683,3358
RAW,555866140,3681,3359
RAW,555866168,3679,3359
RAW,555866195,3682,3357
RAW,555866223,3681,3358
RAW,555866251,3682,3359
RAW,555866279,3681,3359
RAW,555866307,3682,3358
RAW,555866335,3682,3359
RAW,555866363,3679,3357
RAW,555866391,3681,3359
RAW,555866419,3679,3360
RAW,555866447,3679,3358
RAW,555866475,3681,3359
RAW,555866503,3682,3359
RAW,555866531,3684,3359
RAW,555866559,3682,3359
RAW,555866587,3682,3359
RAW,555866616,3682,3359
RAW,555866644,3682,3359
RAW,555866672,3682,3358
RAW,555866700,3684,3360
RAW,555866728,3683,3359
RAW,555866756,3686,3360
RAW,555866784,3686,3359
RAW,555866812,3686,3362
RAW,555866840,3688,3360
RAW,555866868,3687,3359
RAW,555866896,3687,3360
RAW,555866924,3689,3359
RAW,555866952,3689,3362
RAW,555866980,3690,3359
RAW,555867008,3690,3359
RAW,555867036,3691,3362
RAW,555867064,3693,3360
RAW,555867092,3693,3362
RAW,555867120,3691,3359
RAW,555867148,3693,3361
RAW,555867176,3695,3362
RAW,555867204,3695,3360
RAW,555867232,3695,3359
RAW,555867260,3695,3361
RAW,555867288,3695,3359
RAW,555867316,3699,3361
RAW,555867344,3700,3359
RAW,555867372,3699,3362
RAW,555867400,3699,3359
RAW,555867428,3701,3362
RAW,555867456,3701,3362
RAW,555867484,3702,3362
RAW,555867512,3699,3362
RAW,555867540,3699,3359
RAW,555867568,3699,3362
RAW,555867597,3699,3362
RAW,555867625,3702,3363
RAW,555867653,3699,3363
RAW,555867681,3701,3363
RAW,555867709,3702,3363
RAW,555867737,3699,3359
RAW,555867765,3701,3362
RAW,555867793,3701,3362
RAW,555867821,3699,3363
RAW,555867849,3699,3363
RAW,555867877,3699,3363
RAW,555867905,3699,3363
RAW,555867933,3702,3363
RAW,555867961,3702,3365
RAW,555867989,3701,3363
RAW,555868017,3699,3364
RAW,555868045,3699,3363
RAW,555868073,3703,3365
RAW,555868101,3701,3366
RAW,555868129,3701,3367
RAW,555868157,3699,3365
RAW,555868185,3701,3367
RAW,555868213,3701,3367
RAW,555868241,3699,3369
RAW,555868269,3699,3367
RAW,555868297,3700,3370
RAW,555868325,3699,3371
RAW,555868352,3695,3371
RAW,555868380,3698,3371
RAW,555868408,3699,3373
RAW,555868436,3695,3374
RAW,555868464,3699,3375
RAW,555868492,3697,3375
RAW,555868520,3697,3379
RAW,555868548,3695,3381
RAW,555868576,3695,3383
RAW,555868606,3695,3383
RAW,555868634,3695,3386
RAW,555868662,3695,3387
RAW,555868690,3694,3389
RAW,555868718,3695,3391
RAW,555868746,3695,3394
RAW,555868774,3694,3398
RAW,555868802,3691,3399
RAW,555868829,3695,3403
RAW,555868857,3694,3403
RAW,555868885,3695,3406
RAW,555868913,3691,3407
RAW,555868941,3694,3413
RAW,555868969,3693,3415
RAW,555868997,3695,3417
RAW,555869025,3691,3418
RAW,555869053,3693,3423
RAW,555869081,3693,3423
RAW,555869109,3691,3429
RAW,555869137,3693,3431
RAW,555869165,3693,3435
RAW,555869193,3693,3438
RAW,555869221,3695,3443
RAW,555869263,3692,3446
RAW,555869291,3693,3451
RAW,555869319,3695,3456
RAW,555869347,3694,3458
RAW,555869375,3693,3461
RAW,555869403,3693,3463
RAW,555869431,3694,3470
RAW,555869459,3691,3471
RAW,555869487,3693,3479
RAW,555869515,3691,3482
RAW,555869543,3691,3486
RAW,555869571,3693,3490
RAW,555869600,3691,3495
RAW,555869628,3693,3499
RAW,555869656,3693,3503
RAW,555869684,3691,3510
RAW,555869712,3691,3514
RAW,555869740,3693,3521
RAW,555869768,3693,3526
RAW,555869796,3693,3530
RAW,555869824,3693,3535
RAW,555869852,3691,3539
RAW,555869880,3693,3547
RAW,555869908,3691,3551
RAW,555869936,3691,3558
RAW,555869964,3690,3563
RAW,555869992,3691,3567
RAW,555870020,3693,3573
RAW,555870048,3693,3579
RAW,555870076,3692,3583
RAW,555870104,3691,3589
RAW,555870132,3692,3595
RAW,555870160,3691,3599
RAW,555870188,3691,3605
RAW,555870216,3693,3610
RAW,555870244,3693,3615
RAW,555870272,3691,3621
RAW,555870300,3693,3626
RAW,555870328,3693,3631
RAW,555870356,3693,3635
RAW,555870384,3691,3640
RAW,555870412,3691,3647
RAW,555870440,3691,3651
RAW,555870468,3691,3655
RAW,555870496,3693,3661
RAW,555870524,3691,3667
RAW,555870552,3690,3672
RAW,555870580,3691,3678
RAW,555870610,3693,3682
RAW,555870638,3690,3686
RAW,555870666,3693,3690
RAW,555870694,3693,3695
RAW,555870722,3693,3698
RAW,555870750,3690,3703
RAW,555870778,3691,3707
RAW,555870806,3691,3711
RAW,555870834,3691,3715
RAW,555870862,3693,3717
RAW,555870890,3693,3720
RAW,555870918,3691,3722
RAW,555870946,3691,3726
RAW,555870974,3693,3727
RAW,555871002,3691,3727
RAW,555871030,3693,3731
RAW,555871058,3693,3731
RAW,555871086,3693,3734
RAW,555871114,3691,3735
RAW,555871142,3692,3739
RAW,555871170,3693,3741
RAW,555871198,3693,3742
RAW,555871226,3693,3746
RAW,555871254,3693,3747
RAW,555871282,3693,3750
RAW,555871310,3691,3751
RAW,555871338,3693,3751
RAW,555871366,3691,3754
RAW,555871394,3691,3756
RAW,555871422,3690,3755
RAW,555871450,3693,3758
RAW,555871478,3693,3759
RAW,555871506,3693,3759
RAW,555871534,3691,3761
RAW,555871562,3693,3759
RAW,555871590,3693,3765
RAW,555871618,3693,3763
RAW,555871646,3691,3766
RAW,555871674,3693,3768
RAW,555871702,3693,3769
RAW,555871730,3691,3771
RAW,555871758,3691,3773
RAW,555871786,3691,3774
RAW,555871814,3693,3776
RAW,555871842,3691,3775
RAW,555871870,3690,3775
RAW,555871898,3693,3777
RAW,555871926,3690,3778
RAW,555871954,3691,3779
RAW,555871982,3691,3778
RAW,555872010,3691,3778
RAW,555872038,3691,3779
RAW,555872066,3691,3779
RAW,555872094,3691,3779
RAW,555872122,3691,3778
RAW,555872150,3691,3775
RAW,555872178,3691,3775
RAW,555872206,3693,3774
RAW,555872234,3691,3774
RAW,555872262,3691,3770
RAW,555872290,3691,3769
RAW,555872318,3690,3767
RAW,555872346,3693,3765
RAW,555872374,3691,3765
RAW,555872402,3693,3759
RAW,555872430,3691,3758
RAW,555872458,3691,3755
RAW,555872486,3691,3751
RAW,555872514,3691,3749
RAW,555872542,3691,3748
RAW,555872570,3691,3739
RAW,555872599,3692,3739
RAW,555872627,3691,3735
RAW,555872655,3691,3731
RAW,555872683,3691,3727
RAW,555872711,3691,3725
RAW,555872739,3691,3720
RAW,555872767,3690,3716
RAW,555872795,3691,3711
RAW,555872823,3691,3707
RAW,555872851,3691,3704
RAW,555872879,3693,3699
RAW,555872907,3691,3695
RAW,555872935,3693,3693
RAW,555872963,3693,3690
RAW,555872991,3692,3683
RAW,555873019,3691,3682
RAW,555873047,3693,3679
RAW,555873075,3693,3678
RAW,555873103,3693,3674
RAW,555873131,3692,3674
RAW,555873159,3693,3671
RAW,555873187,3691,3670
RAW,555873215,3691,3667
RAW,555873243,3692,3667
RAW,555873271,3690,3670
RAW,555873299,3693,3671
RAW,555873327,3691,3671
RAW,555873355,3691,3670
RAW,555873383,3691,3671
RAW,555873411,3691,3671
RAW,555873439,3690,3674
RAW,555873467,3692,3677
RAW,555873495,3691,3676
RAW,555873523,3690,3675
RAW,555873551,3691,3679
RAW,555873579,3691,3679
RAW,555873608,3693,3683
RAW,555873636,3691,3683
RAW,555873664,3693,3685
RAW,555873692,3693,3686
RAW,555873720,3691,3688
RAW,555873748,3691,3689
RAW,555873776,3692,3691
RAW,555873804,3693,3693
RAW,555873832,3691,3695
RAW,555873860,3691,3695
RAW,555873888,3691,3695
RAW,555873916,3691,3697
RAW,555873944,3691,3699
RAW,555873972,3691,3699
RAW,555874000,3691,3700
RAW,555874028,3693,3699
RAW,555874056,3693,3702
RAW,555874084,3691,3704
RAW,555874112,3691,3706
RAW,555874140,3693,3706
RAW,555874168,3691,3705
RAW,555874196,3693,3705
RAW,555874224,3693,3707
RAW,555874252,3691,3703
RAW,555874280,3691,3703
RAW,555874308,3691,3705
RAW,555874336,3691,3705
RAW,555874364,3691,3703
RAW,555874392,3693,3703
RAW,555874420,3691,3702
RAW,555874448,3693,3701
RAW,555874476,3691,3699
RAW,555874504,3691,3699
RAW,555874532,3691,3695
RAW,555874560,3691,3695
RAW,555874588,3692,3694
RAW,555874616,3691,3690
RAW,555874644,3691,3688
RAW,555874672,3691,3683
RAW,555874700,3691,3679
RAW,555874728,3691,3679
RAW,555874756,3693,3673
RAW,555874784,3691,3671
RAW,555874812,3691,3663
RAW,555874840,3691,3659
RAW,555874868,3693,3658
RAW,555874896,3693,3655
RAW,555874924,3693,3650
RAW,555874952,3694,3647
RAW,555874980,3694,3642
RAW,555875008,3691,3639
RAW,555875036,3693,3637
RAW,555875064,3693,3631
RAW,555875092,3691,3627
RAW,555875120,3691,3623
RAW,555875148,3691,3621
RAW,555875176,3691,3617
RAW,555875204,3693,3614
RAW,555875232,3693,3610
RAW,555875260,3693,3603
RAW,555875288,3691,3601
RAW,555875316,3693,3595
RAW,555875344,3693,3591
RAW,555875372,3693,3586
RAW,555875400,3691,3583
RAW,555875428,3693,3578
RAW,555875456,3693,3573
RAW,555875484,3691,3567
RAW,555875512,3693,3563
RAW,555875540,3692,3559
RAW,555875568,3694,3556
RAW,555875597,3691,3549
RAW,555875625,3691,3543
RAW,555875653,3691,3539
RAW,555875681,3692,3533
RAW,555875709,3693,3529
RAW,555875737,3693,3525
RAW,555875765,3691,3521
RAW,555875793,3691,3515
RAW,555875821,3691,3510
RAW,555875849,3691,3503
RAW,555875877,3691,3498
RAW,555875905,3693,3493
RAW,555875933,3694,3487
RAW,555875961,3691,3483
RAW,555875989,3691,3479
RAW,555876017,3694,3477
RAW,555876045,3694,3471
RAW,555876073,3693,3466
RAW,555876101,3693,3463
RAW,555876129,3691,3458
RAW,555876157,3693,3455
RAW,555876185,3691,3453
RAW,555876213,3693,3447
RAW,555876241,3694,3443
RAW,555876269,3691,3439
RAW,555876297,3691,3437
RAW,555876325,3692,3433
RAW,555876353,3693,3430
RAW,555876381,3691,3426
RAW,555876409,3691,3423
RAW,555876437,3691,3421
RAW,555876465,3691,3418
RAW,555876493,3691,3415
RAW,555876521,3693,3411
RAW,555876549,3693,3409
RAW,555876577,3691,3407
RAW,555876607,3693,3405
RAW,555876635,3693,3403
RAW,555876663,3693,3400
RAW,555876691,3693,3397
RAW,555876719,3693,3397
RAW,555876747,3693,3393
RAW,555876775,3691,3392
RAW,555876803,3691,3390
RAW,555876831,3693,3389
RAW,555876859,3691,3386
RAW,555876887,3693,3383
RAW,555876915,3691,3383
RAW,555876943,3691,3383
RAW,555876971,3694,3383
RAW,555876999,3693,3381
RAW,555877027,3694,3379
RAW,555877055,3694,3379
RAW,555877083,3691,3375
RAW,555877111,3693,3375
RAW,555877139,3691,3374
RAW,555877167,3691,3374
RAW,555877195,3691,3373
RAW,555877223,3691,3374
DROP_RAW_END,72
EVT,563460,DROP dt=8 tau=3 V=203.4
DROP,563460,73,8691,3825,8028,111,67,2034,2,4694,3838,3445
DROP_RAW_BEGIN,563460,73,851,563435033,563458747,563442067
RAW,563435033,3693,3360
RAW,563435061,3693,3359
RAW,563435088,3693,3360
RAW,563435116,3691,3359
RAW,563435143,3691,3359
RAW,563435171,3691,3359
RAW,563435198,3693,3360
RAW,563435225,3690,3359
RAW,563435253,3693,3359
RAW,563435280,3689,3361
RAW,563435308,3693,3359
RAW,563435335,3693,3360
RAW,563435363,3691,3359
RAW,563435390,3693,3359
RAW,563435418,3691,3359
RAW,563435445,3691,3362
RAW,563435473,3691,3360
RAW,563435500,3691,3358
RAW,563435527,3690,3360
RAW,563435555,3691,3359
RAW,563435582,3690,3358
RAW,563435610,3691,3360
RAW,563435637,3691,3359
RAW,563435665,3691,3359
RAW,563435692,3690,3359
RAW,563435720,3690,3359
RAW,563435747,3691,3361
RAW,563435775,3691,3360
RAW,563435802,3690,3360
RAW,563435829,3691,3362
RAW,563435857,3690,3360
RAW,563435884,3691,3359
RAW,563435912,3691,3359
RAW,563435939,3690,3359
RAW,563435967,3691,3359
RAW,563435994,3691,3362
RAW,563436022,3691,3360
RAW,563436049,3691,3359
RAW,563436077,3691,3359
RAW,563436104,3690,3359
RAW,563436131,3690,3359
RAW,563436159,3691,3359
RAW,563436186,3691,3358
RAW,563436214,3690,3359
RAW,563436241,3691,3359
RAW,563436269,3690,3360
RAW,563436296,3690,3359
RAW,563436324,3691,3359
RAW,563436351,3691,3360
RAW,563436378,3691,3359
RAW,563436406,3690,3359
RAW,563436433,3691,3359
RAW,563436461,3691,3361
RAW,563436488,3691,3359
RAW,563436516,3691,3359
RAW,563436543,3690,3359
RAW,563436571,3691,3359
RAW,563436599,3692,3360
RAW,563436627,3691,3361
RAW,563436654,3690,3359
RAW,563436682,3691,3359
RAW,563436709,3691,3359
RAW,563436737,3690,3361
RAW,563436764,3690,3361
RAW,563436792,3691,3359
RAW,563436819,3691,3359
RAW,563436846,3691,3359
RAW,563436874,3691,3359
RAW,563436901,3691,3359
RAW,563436929,3690,3359
RAW,563436956,3691,3360
RAW,563436984,3689,3359
RAW,563437011,3691,3359
RAW,563437039,3690,3361
RAW,563437066,3693,3359
RAW,563437094,3692,3359
RAW,563437121,3691,3360
RAW,563437148,3691,3359
RAW,563437176,3690,3359
RAW,563437203,3690,3360
RAW,563437231,3691,3359
RAW,563437258,3690,3360
RAW,563437286,3691,3359
RAW,563437313,3691,3359
RAW,563437341,3689,3359
RAW,563437368,3691,3359
RAW,563437396,3691,3359
RAW,563437423,3691,3359
RAW,563437450,3689,3359
RAW,563437478,3691,3359
RAW,563437505,3691,3359
RAW,563437533,3690,3359
RAW,563437560,3689,3359
RAW,563437588,3691,3359
RAW,563437616,3691,3359
RAW,563437643,3690,3361
RAW,563437671,3690,3359
RAW,563437698,3689,3359
RAW,563437726,3690,3359
RAW,563437753,3687,3359
RAW,563437780,3688,3361
RAW,563437808,3687,3361
RAW,563437835,3687,3360
RAW,563437863,3687,3360
RAW,563437890,3687,3360
RAW,563437918,3686,3362
RAW,563437945,3685,3359
RAW,563437973,3686,3359
RAW,563438000,3685,3359
RAW,563438028,3683,3359
RAW,563438055,3683,3359
RAW,563438082,3683,3359
RAW,563438110,3685,3362
RAW,563438137,3683,3359
RAW,563438165,3683,3359
RAW,563438192,3683,3359
RAW,563438220,3683,3361
RAW,563438247,3683,3361
RAW,563438275,3683,3359
RAW,563438302,3682,3359
RAW,563438330,3679,3359
RAW,563438357,3681,3359
RAW,563438384,3679,3359
RAW,563438412,3679,3359
RAW,563438439,3679,3359
RAW,563438467,3677,3360
RAW,563438494,3679,3359
RAW,563438522,3679,3359
RAW,563438549,3678,3359
RAW,563438577,3678,3359
RAW,563438605,3675,3359
RAW,563438633,3675,3359
RAW,563438660,3677,3359
RAW,563438688,3675,3360
RAW,563438715,3677,3359
RAW,563438743,3679,3359
RAW,563438770,3678,3359
RAW,563438797,3678,3360
RAW,563438825,3679,3360
RAW,563438852,3681,3360
RAW,563438880,3683,3359
RAW,563438907,3683,3362
RAW,563438935,3685,3361
RAW,563438962,3686,3359
RAW,563438990,3683,3359
RAW,563439017,3683,3357
RAW,563439045,3685,3359
RAW,563439072,3687,3359
RAW,563439099,3690,3359
RAW,563439127,3690,3359
RAW,563439154,3692,3359
RAW,563439182,3691,3361
RAW,563439209,3693,3360
RAW,563439237,3693,3359
RAW,563439264,3695,3361
RAW,563439292,3695,3359
RAW,563439319,3698,3359
RAW,563439347,3701,3359
RAW,563439374,3702,3359
RAW,563439401,3702,3359
RAW,563439429,3704,3362
RAW,563439456,3706,3359
RAW,563439484,3705,3359
RAW,563439511,3709,3362
RAW,563439539,3711,3359
RAW,563439566,3712,3359
RAW,563439595,3713,3359
RAW,563439622,3715,3359
RAW,563439650,3717,3359
RAW,563439677,3718,3359
RAW,563439705,3721,3360
RAW,563439732,3723,3359
RAW,563439760,3723,3362
RAW,563439787,3726,3362
RAW,563439815,3727,3359
RAW,563439842,3731,3359
RAW,563439869,3731,3362
RAW,563439897,3734,3359
RAW,563439924,3735,3359
RAW,563439952,3738,3362
RAW,563439979,3741,3359
RAW,563440007,3741,3359
RAW,563440034,3743,3359
RAW,563440062,3743,3360
RAW,563440089,3747,3360
RAW,563440117,3751,3359
RAW,563440144,3751,3359
RAW,563440171,3753,3359
RAW,563440199,3755,3359
RAW,563440226,3757,3360
RAW,563440254,3759,3359
RAW,563440281,3759,3362
RAW,563440309,3763,3359
RAW,563440336,3766,3359
RAW,563440364,3770,3359
RAW,563440391,3772,3359
RAW,563440419,3771,3360
RAW,563440446,3774,3359
RAW,563440473,3777,3359
RAW,563440501,3779,3359
RAW,563440528,3779,3359
RAW,563440556,3783,3361
RAW,563440583,3786,3360
RAW,563440611,3786,3359
RAW,563440638,3789,3359
RAW,563440666,3789,3359
RAW,563440693,3791,3358
RAW,563440720,3791,3359
RAW,563440748,3794,3360
RAW,563440775,3791,3360
RAW,563440803,3797,3361
RAW,563440830,3798,3359
RAW,563440858,3798,3359
RAW,563440885,3799,3359
RAW,563440913,3803,3359
RAW,563440940,3803,3359
RAW,563440968,3803,3359
RAW,563440995,3804,3361
RAW,563441022,3805,3359
RAW,563441050,3805,3359
RAW,563441077,3806,3360
RAW,563441105,3806,3359
RAW,563441132,3807,3359
RAW,563441160,3810,3359
RAW,563441187,3807,3359
RAW,563441215,3807,3359
RAW,563441242,3807,3360
RAW,563441270,3810,3360
RAW,563441297,3807,3359
RAW,563441324,3809,3360
RAW,563441352,3810,3359
RAW,563441379,3811,3359
RAW,563441407,3810,3359
RAW,563441434,3811,3362
RAW,563441462,3812,3359
RAW,563441489,3811,3359
RAW,563441517,3811,3359
RAW,563441544,3812,3362
RAW,563441572,3813,3360
RAW,563441600,3814,3359
RAW,563441628,3814,3359
RAW,563441655,3815,3359
RAW,563441683,3815,3360
RAW,563441710,3815,3359
RAW,563441737,3818,3359
RAW,563441765,3818,3359
RAW,563441792,3818,3359
RAW,563441820,3821,3359
RAW,563441847,3819,3360
RAW,563441875,3823,3359
RAW,563441902,3823,3359
RAW,563441930,3823,3359
RAW,563441957,3827,3359
RAW,563441985,3831,3359
RAW,563442012,3833,3359
RAW,563442039,3835,3361
RAW,563442067,3838,3358
RAW,563442109,3839,3360
RAW,563442137,3843,3360
RAW,563442165,3847,3361
RAW,563442193,3850,3359
RAW,563442221,3851,3361
RAW,563442249,3851,3362
RAW,563442277,3855,3360
RAW,563442305,3861,3359
RAW,563442333,3862,3359
RAW,563442360,3866,3359
RAW,563442388,3867,3359
RAW,563442416,3867,3360
RAW,563442444,3871,3359
RAW,563442472,3873,3359
RAW,563442500,3875,3359
RAW,563442528,3880,3359
RAW,563442556,3883,3359
RAW,563442584,3883,3361
RAW,563442612,3885,3360
RAW,563442640,3887,3359
RAW,563442668,3891,3360
RAW,563442696,3895,3359
RAW,563442724,3898,3359
RAW,563442752,3899,3359
RAW,563442780,3905,3360
RAW,563442808,3909,3361
RAW,563442836,3909,3359
RAW,563442864,3914,3361
RAW,563442892,3915,3359
RAW,563442920,3918,3359
RAW,563442948,3919,3360
RAW,563442976,3923,3360
RAW,563443004,3923,3359
RAW,563443032,3927,3359
RAW,563443060,3927,3362
RAW,563443088,3927,3359
RAW,563443116,3930,3361
RAW,563443144,3931,3359
RAW,563443172,3933,3360
RAW,563443200,3933,3359
RAW,563443228,3935,3360
RAW,563443255,3938,3360
RAW,563443283,3938,3359
RAW,563443311,3938,3359
RAW,563443339,3940,3359
RAW,563443367,3939,3358
RAW,563443395,3941,3359
RAW,563443423,3943,3359
RAW,563443451,3943,3359
RAW,563443479,3944,3361
RAW,563443507,3944,3359
RAW,563443535,3945,3359
RAW,563443563,3945,3360
RAW,563443591,3946,3360
RAW,563443619,3944,3359
RAW,563443647,3946,3360
RAW,563443675,3946,3359
RAW,563443703,3943,3359
RAW,563443731,3944,3359
RAW,563443759,3943,3359
RAW,563443787,3942,3361
RAW,563443815,3943,3359
RAW,563443843,3942,3359
RAW,563443871,3941,3360
RAW,563443899,3939,3359
RAW,563443927,3939,3359
RAW,563443955,3938,3359
RAW,563443983,3937,3359
RAW,563444011,3935,3359
RAW,563444039,3935,3359
RAW,563444067,3933,3360
RAW,563444095,3930,3359
RAW,563444123,3931,3359
RAW,563444150,3929,3359
RAW,563444178,3927,3359
RAW,563444206,3925,3360
RAW,563444234,3922,3359
RAW,563444262,3919,3359
RAW,563444290,3918,3359
RAW,563444318,3915,3359
RAW,563444346,3914,3358
RAW,563444374,3907,3359
RAW,563444402,3909,3359
RAW,563444430,3905,3359
RAW,563444458,3903,3359
RAW,563444486,3898,3359
RAW,563444514,3895,3359
RAW,563444542,3894,3358
RAW,563444570,3887,3359
RAW,563444599,3887,3362
RAW,563444627,3885,3359
RAW,563444655,3882,3359
RAW,563444683,3878,3361
RAW,563444711,3877,3358
RAW,563444739,3874,3359
RAW,563444767,3871,3362
RAW,563444795,3867,3359
RAW,563444823,3863,3360
RAW,563444851,3860,3359
RAW,563444879,3855,3358
RAW,563444907,3854,3359
RAW,563444935,3851,3359
RAW,563444963,3849,3359
RAW,563444991,3846,3360
RAW,563445019,3839,3359
RAW,563445047,3838,3359
RAW,563445075,3835,3359
RAW,563445103,3834,3359
RAW,563445131,3830,3359
RAW,563445159,3827,3358
RAW,563445187,3823,3359
RAW,563445215,3823,3359
RAW,563445243,3819,3359
RAW,563445271,3817,3359
RAW,563445298,3813,3359
RAW,563445326,3811,3359
RAW,563445354,3809,3359
RAW,563445382,3806,3360
RAW,563445410,3805,3358
RAW,563445438,3802,3359
RAW,563445466,3798,3359
RAW,563445494,3795,3359
RAW,563445522,3794,3359
RAW,563445550,3791,3358
RAW,563445578,3789,3359
RAW,563445607,3786,3362
RAW,563445635,3785,3359
RAW,563445663,3783,3359
RAW,563445691,3779,3359
RAW,563445719,3778,3359
RAW,563445747,3777,3359
RAW,563445775,3771,3358
RAW,563445803,3771,3360
RAW,563445831,3770,3359
RAW,563445859,3767,3359
RAW,563445887,3765,3359
RAW,563445929,3759,3360
RAW,563445957,3759,3359
RAW,563445985,3758,3359
RAW,563446013,3757,3359
RAW,563446041,3754,3359
RAW,563446069,3753,3359
RAW,563446096,3752,3359
RAW,563446124,3747,3359
RAW,563446152,3746,3358
RAW,563446180,3743,3358
RAW,563446208,3744,3359
RAW,563446236,3739,3359
RAW,563446264,3739,3358
RAW,563446292,3738,3359
RAW,563446320,3735,3358
RAW,563446348,3736,3358
RAW,563446376,3734,3359
RAW,563446404,3731,3359
RAW,563446432,3730,3360
RAW,563446460,3727,3359
RAW,563446488,3727,3359
RAW,563446516,3727,3359
RAW,563446544,3723,3359
RAW,563446572,3722,3359
RAW,563446601,3721,3359
RAW,563446629,3719,3359
RAW,563446657,3718,3359
RAW,563446685,3717,3358
RAW,563446713,3717,3360
RAW,563446741,3714,3360
RAW,563446769,3712,3359
RAW,563446797,3711,3359
RAW,563446825,3710,3359
RAW,563446853,3707,3359
RAW,563446881,3707,3359
RAW,563446909,3705,3360
RAW,563446937,3705,3359
RAW,563446965,3702,3359
RAW,563446993,3699,3360
RAW,563447021,3701,3359
RAW,563447049,3699,3359
RAW,563447077,3695,3361
RAW,563447105,3695,3359
RAW,563447133,3695,3359
RAW,563447161,3694,3359
RAW,563447189,3693,3359
RAW,563447217,3691,3359
RAW,563447245,3691,3359
RAW,563447273,3690,3358
RAW,563447301,3689,3361
RAW,563447329,3690,3359
RAW,563447357,3690,3359
RAW,563447385,3687,3358
RAW,563447413,3687,3359
RAW,563447441,3687,3360
RAW,563447469,3687,3359
RAW,563447497,3687,3359
RAW,563447525,3686,3359
RAW,563447553,3687,3359
RAW,563447581,3687,3361
RAW,563447609,3686,3359
RAW,563447637,3686,3359
RAW,563447665,3685,3359
RAW,563447693,3685,3359
RAW,563447721,3686,3359
RAW,563447749,3685,3360
RAW,563447777,3686,3359
RAW,563447805,3686,3359
RAW,563447833,3686,3359
RAW,563447861,3686,3359
RAW,563447889,3686,3359
RAW,563447917,3687,3359
RAW,563447945,3687,3360
RAW,563447973,3687,3359
RAW,563448001,3686,3359
RAW,563448029,3689,3360
RAW,563448057,3687,3360
RAW,563448085,3689,3359
RAW,563448113,3687,3358
RAW,563448141,3688,3359
RAW,563448169,3688,3359
RAW,563448197,3690,3359
RAW,563448225,3689,3359
RAW,563448253,3690,3361
RAW,563448281,3691,3359
RAW,563448309,3692,3361
RAW,563448337,3693,3359
RAW,563448365,3693,3361
RAW,563448393,3691,3359
RAW,563448421,3694,3360
RAW,563448449,3695,3359
RAW,563448477,3695,3359
RAW,563448505,3695,3361
RAW,563448533,3695,3362
RAW,563448561,3695,3362
RAW,563448589,3697,3362
RAW,563448617,3695,3359
RAW,563448645,3695,3359
RAW,563448673,3695,3361
RAW,563448701,3698,3362
RAW,563448729,3699,3361
RAW,563448757,3699,3362
RAW,563448785,3703,3362
RAW,563448813,3701,3363
RAW,563448841,3702,3362
RAW,563448869,3703,3363
RAW,563448897,3703,3363
RAW,563448925,3702,3362
RAW,563448953,3703,3363
RAW,563448981,3703,3363
RAW,563449009,3702,3363
RAW,563449037,3702,3363
RAW,563449065,3703,3363
RAW,563449093,3703,3363
RAW,563449121,3701,3363
RAW,563449149,3701,3362
RAW,563449177,3703,3364
RAW,563449205,3701,3363
RAW,563449233,3703,3362
RAW,563449261,3702,3363
RAW,563449289,3702,3363
RAW,563449317,3701,3363
RAW,563449345,3702,3363
RAW,563449372,3703,3365
RAW,563449400,3702,3364
RAW,563449428,3703,3365
RAW,563449456,3702,3365
RAW,563449484,3703,3363
RAW,563449512,3701,3366
RAW,563449540,3699,3366
RAW,563449568,3703,3366
RAW,563449598,3702,3366
RAW,563449626,3703,3367
RAW,563449654,3702,3367
RAW,563449682,3699,3368
RAW,563449710,3698,3367
RAW,563449738,3701,3367
RAW,563449766,3699,3369
RAW,563449794,3699,3370
RAW,563449822,3699,3371
RAW,563449849,3699,3373
RAW,563449877,3699,3373
RAW,563449905,3699,3375
RAW,563449933,3699,3374
RAW,563449961,3695,3375
RAW,563449989,3695,3379
RAW,563450017,3695,3379
RAW,563450045,3695,3382
RAW,563450073,3695,3382
RAW,563450101,3695,3383
RAW,563450129,3695,3386
RAW,563450157,3695,3387
RAW,563450185,3694,3392
RAW,563450213,3694,3392
RAW,563450241,3694,3395
RAW,563450269,3695,3398
RAW,563450297,3695,3399
RAW,563450325,3694,3403
RAW,563450353,3695,3405
RAW,563450381,3694,3406
RAW,563450409,3695,3407
RAW,563450437,3691,3413
RAW,563450465,3695,3414
RAW,563450493,3695,3418
RAW,563450521,3694,3419
RAW,563450549,3694,3423
RAW,563450577,3695,3423
RAW,563450606,3693,3427
RAW,563450634,3695,3430
RAW,563450662,3694,3436
RAW,563450690,3694,3438
RAW,563450718,3694,3439
RAW,563450746,3695,3445
RAW,563450788,3693,3449
RAW,563450816,3695,3451
RAW,563450844,3691,3456
RAW,563450872,3694,3458
RAW,563450900,3694,3463
RAW,563450928,3695,3467
RAW,563450956,3694,3471
RAW,563450984,3693,3476
RAW,563451012,3691,3479
RAW,563451040,3691,3483
RAW,563451068,3693,3486
RAW,563451096,3691,3493
RAW,563451124,3695,3497
RAW,563451152,3694,3502
RAW,563451180,3694,3503
RAW,563451208,3691,3510
RAW,563451236,3693,3515
RAW,563451264,3693,3522
RAW,563451292,3693,3526
RAW,563451320,3693,3530
RAW,563451348,3694,3535
RAW,563451376,3691,3539
RAW,563451404,3695,3547
RAW,563451432,3693,3551
RAW,563451460,3694,3557
RAW,563451488,3693,3562
RAW,563451516,3691,3567
RAW,563451544,3692,3571
RAW,563451572,3691,3577
RAW,563451601,3691,3583
RAW,563451629,3691,3587
RAW,563451657,3691,3594
RAW,563451685,3691,3597
RAW,563451713,3691,3603
RAW,563451741,3693,3607
RAW,563451769,3693,3613
RAW,563451797,3693,3615
RAW,563451825,3693,3623
RAW,563451853,3693,3627
RAW,563451881,3693,3631
RAW,563451909,3691,3637
RAW,563451937,3692,3642
RAW,563451965,3693,3646
RAW,563451993,3691,3653
RAW,563452021,3693,3655
RAW,563452049,3691,3662
RAW,563452077,3691,3663
RAW,563452105,3693,3670
RAW,563452133,3691,3674
RAW,563452161,3691,3679
RAW,563452189,3693,3683
RAW,563452217,3691,3688
RAW,563452245,3691,3693
RAW,563452273,3693,3695
RAW,563452301,3693,3697
RAW,563452329,3693,3703
RAW,563452357,3691,3705
RAW,563452385,3691,3708
RAW,563452413,3691,3709
RAW,563452441,3693,3711
RAW,563452469,3694,3713
RAW,563452497,3691,3716
RAW,563452525,3691,3718
RAW,563452553,3691,3719
RAW,563452581,3693,3721
RAW,563452610,3693,3722
RAW,563452638,3691,3725
RAW,563452666,3691,3723
RAW,563452694,3692,3727
RAW,563452722,3693,3727
RAW,563452750,3691,3730
RAW,563452778,3693,3731
RAW,563452806,3693,3735
RAW,563452834,3693,3738
RAW,563452862,3693,3738
RAW,563452890,3693,3739
RAW,563452918,3691,3742
RAW,563452946,3691,3743
RAW,563452974,3693,3743
RAW,563453002,3691,3746
RAW,563453030,3691,3747
RAW,563453058,3691,3747
RAW,563453086,3694,3751
RAW,563453114,3693,3751
RAW,563453142,3691,3751
RAW,563453170,3693,3754
RAW,563453198,3691,3754
RAW,563453226,3691,3755
RAW,563453254,3691,3758
RAW,563453282,3691,3758
RAW,563453310,3691,3759
RAW,563453338,3693,3758
RAW,563453366,3691,3759
RAW,563453394,3691,3759
RAW,563453422,3694,3759
RAW,563453450,3691,3759
RAW,563453478,3691,3762
RAW,563453506,3691,3759
RAW,563453534,3691,3759
RAW,563453562,3691,3759
RAW,563453590,3693,3759
RAW,563453617,3693,3761
RAW,563453645,3693,3759
RAW,563453673,3691,3759
RAW,563453701,3693,3759
RAW,563453729,3691,3757
RAW,563453757,3691,3755
RAW,563453785,3693,3755
RAW,563453813,3691,3754
RAW,563453841,3691,3751
RAW,563453869,3693,3749
RAW,563453897,3691,3743
RAW,563453925,3693,3743
RAW,563453953,3691,3739
RAW,563453981,3691,3735
RAW,563454009,3691,3733
RAW,563454037,3691,3730
RAW,563454065,3693,3727
RAW,563454093,3691,3723
RAW,563454121,3693,3720
RAW,563454149,3693,3715
RAW,563454177,3691,3711
RAW,563454205,3693,3710
RAW,563454233,3694,3705
RAW,563454261,3693,3702
RAW,563454289,3691,3697
RAW,563454317,3693,3695
RAW,563454345,3694,3691
RAW,563454373,3691,3687
RAW,563454401,3691,3683
RAW,563454429,3691,3679
RAW,563454457,3693,3678
RAW,563454485,3693,3674
RAW,563454513,3691,3671
RAW,563454541,3693,3667
RAW,563454569,3693,3667
RAW,563454599,3691,3663
RAW,563454627,3693,3665
RAW,563454655,3693,3663
RAW,563454683,3691,3663
RAW,563454711,3694,3663
RAW,563454739,3692,3663
RAW,563454767,3693,3663
RAW,563454795,3691,3668
RAW,563454823,3692,3667
RAW,563454851,3694,3667
RAW,563454879,3691,3669
RAW,563454907,3693,3670
RAW,563454935,3691,3672
RAW,563454963,3691,3674
RAW,563454991,3693,3675
RAW,563455019,3693,3677
RAW,563455047,3694,3677
RAW,563455075,3691,3678
RAW,563455103,3693,3679
RAW,563455131,3691,3683
RAW,563455159,3691,3679
RAW,563455187,3691,3683
RAW,563455215,3693,3685
RAW,563455243,3691,3685
RAW,563455271,3691,3687
RAW,563455299,3694,3688
RAW,563455327,3693,3689
RAW,563455355,3691,3691
RAW,563455383,3693,3691
RAW,563455411,3694,3693
RAW,563455439,3691,3695
RAW,563455467,3693,3694
RAW,563455495,3691,3695
RAW,563455523,3693,3695
RAW,563455551,3691,3698
RAW,563455579,3693,3699
RAW,563455608,3692,3699
RAW,563455636,3691,3695
RAW,563455664,3693,3701
RAW,563455692,3691,3699
RAW,563455720,3691,3695
RAW,563455748,3692,3700
RAW,563455776,3694,3699
RAW,563455804,3691,3695
RAW,563455832,3693,3695
RAW,563455860,3693,3695
RAW,563455888,3693,3695
RAW,563455916,3691,3695
RAW,563455944,3694,3694
RAW,563455972,3691,3690
RAW,563456000,3694,3690
RAW,563456028,3691,3687
RAW,563456056,3691,3687
RAW,563456084,3691,3682
RAW,563456112,3693,3679
RAW,563456140,3693,3676
RAW,563456168,3693,3671
RAW,563456196,3691,3667
RAW,563456224,3692,3663
RAW,563456252,3691,3661
RAW,563456280,3693,3658
RAW,563456308,3690,3653
RAW,563456336,3691,3650
RAW,563456364,3693,3645
RAW,563456392,3693,3642
RAW,563456420,3693,3638
RAW,563456448,3691,3635
RAW,563456476,3693,3631
RAW,563456504,3691,3628
RAW,563456532,3691,3624
RAW,563456560,3691,3621
RAW,563456588,3690,3618
RAW,563456616,3691,3613
RAW,563456644,3693,3611
RAW,563456672,3694,3605
RAW,563456700,3691,3603
RAW,563456728,3691,3598
RAW,563456756,3693,3593
RAW,563456784,3693,3590
RAW,563456812,3691,3583
RAW,563456840,3693,3579
RAW,563456868,3690,3575
RAW,563456896,3694,3567
RAW,563456924,3691,3563
RAW,563456952,3691,3559
RAW,563456980,3691,3555
RAW,563457008,3691,3551
RAW,563457036,3694,3547
RAW,563457064,3691,3542
RAW,563457092,3691,3537
RAW,563457120,3694,3531
RAW,563457148,3694,3529
RAW,563457176,3691,3523
RAW,563457204,3691,3518
RAW,563457232,3691,3514
RAW,563457260,3691,3507
RAW,563457288,3693,3503
RAW,563457316,3693,3499
RAW,563457344,3694,3495
RAW,563457372,3691,3491
RAW,563457400,3691,3483
RAW,563457428,3691,3479
RAW,563457456,3693,3475
RAW,563457484,3692,3471
RAW,563457512,3693,3469
RAW,563457540,3693,3462
RAW,563457568,3693,3461
RAW,563457597,3693,3455
RAW,563457625,3694,3453
RAW,563457653,3691,3448
RAW,563457681,3694,3443
RAW,563457709,3693,3441
RAW,563457737,3693,3437
RAW,563457765,3691,3435
RAW,563457793,3691,3431
RAW,563457821,3694,3430
RAW,563457849,3693,3426
RAW,563457877,3693,3423
RAW,563457905,3693,3421
RAW,563457933,3693,3417
RAW,563457961,3691,3415
RAW,563457989,3693,3411
RAW,563458017,3693,3407
RAW,563458045,3693,3407
RAW,563458073,3693,3405
RAW,563458101,3693,3402
RAW,563458129,3691,3399
RAW,563458157,3691,3398
RAW,563458185,3691,3395
RAW,563458213,3693,3395
RAW,563458241,3691,3393
RAW,563458269,3693,3390
RAW,563458297,3691,3387
RAW,563458325,3691,3387
RAW,563458353,3694,3385
RAW,563458381,3692,3385
RAW,563458409,3690,3383
RAW,563458437,3693,3381
RAW,563458465,3694,3379
RAW,563458493,3693,3381
RAW,563458521,3693,3379
RAW,563458549,3693,3379
RAW,563458577,3691,3375
RAW,563458607,3693,3375
RAW,563458635,3693,3375
RAW,563458663,3691,3375
RAW,563458691,3693,3375
RAW,563458719,3693,3374
RAW,563458747,3693,3373
DROP_RAW_END,73
