ISO-10303-21;
HEADER;
/* Generated by software containing ST-Developer
 * from STEP Tools, Inc. (www.steptools.com) 
 */
/* OPTION: using custom renumber hook */

FILE_DESCRIPTION(
/* description */ ('STEP AP242 Edition 2',
'CAx-IF Rec.Pracs.---Representation and Presentation of Product Manufa
cturing Information (PMI)---4.0---2014-10-13',
'CAx-IF Rec.Pracs.---3D Tessellated Geometry---0.4---2014-09-14','2;1',
'CAx-IF Rec.Pracs.---User Defined Attributes---1.5---2016-08-15'),
/* implementation_level */ '2;1');

FILE_NAME(
/* name */ 'Assembly 1 - Front_Case',
/* time_stamp */ '2026-05-14T07:47:12Z',
/* author */ (''),
/* organization */ (''),
/* preprocessor_version */ 'ST-DEVELOPER v20',
/* originating_system */ 'ONSHAPE BY PTC INC, 1.214',
/* authorisation */ '  ');

FILE_SCHEMA (('AP242_MANAGED_MODEL_BASED_3D_ENGINEERING_MIM_LF { 1 0 10303 442 3 1 4 }'));
ENDSEC;

DATA;
#10=SHAPE_REPRESENTATION_RELATIONSHIP('','',#1441,#11);
#11=ADVANCED_BREP_SHAPE_REPRESENTATION('',(#1439),#2479);
#12=CONICAL_SURFACE('',#1607,0.00075,0.785398163397448);
#13=CONICAL_SURFACE('',#1608,0.00075,0.785398163397448);
#14=CONICAL_SURFACE('',#1609,0.00075,0.785398163397448);
#15=CONICAL_SURFACE('',#1610,0.00075,0.785398163397448);
#16=CONICAL_SURFACE('',#1611,0.00075,0.785398163397448);
#17=CONICAL_SURFACE('',#1612,0.00075,0.785398163397448);
#18=TOROIDAL_SURFACE('',#1583,0.00300000117298701,0.002);
#19=TOROIDAL_SURFACE('',#1590,0.00300000117298701,0.002);
#20=TOROIDAL_SURFACE('',#1592,0.00300000117298701,0.002);
#21=TOROIDAL_SURFACE('',#1598,0.00300000117298701,0.002);
#22=CYLINDRICAL_SURFACE('',#1449,0.00500000117298701);
#23=CYLINDRICAL_SURFACE('',#1453,0.00500000117298701);
#24=CYLINDRICAL_SURFACE('',#1457,0.005000001172987);
#25=CYLINDRICAL_SURFACE('',#1463,0.0021);
#26=CYLINDRICAL_SURFACE('',#1469,0.00200000117298701);
#27=CYLINDRICAL_SURFACE('',#1473,0.0021);
#28=CYLINDRICAL_SURFACE('',#1478,0.0021);
#29=CYLINDRICAL_SURFACE('',#1482,0.0021);
#30=CYLINDRICAL_SURFACE('',#1486,0.0021);
#31=CYLINDRICAL_SURFACE('',#1491,0.005000001172987);
#32=CYLINDRICAL_SURFACE('',#1514,0.00075);
#33=CYLINDRICAL_SURFACE('',#1518,0.00075);
#34=CYLINDRICAL_SURFACE('',#1522,0.00075);
#35=CYLINDRICAL_SURFACE('',#1526,0.00075);
#36=CYLINDRICAL_SURFACE('',#1530,0.00075);
#37=CYLINDRICAL_SURFACE('',#1534,0.00075);
#38=CYLINDRICAL_SURFACE('',#1554,0.0044);
#39=CYLINDRICAL_SURFACE('',#1556,0.0044);
#40=CYLINDRICAL_SURFACE('',#1570,0.003200001172987);
#41=CYLINDRICAL_SURFACE('',#1573,0.00320000117298701);
#42=CYLINDRICAL_SURFACE('',#1576,0.003200001172987);
#43=CYLINDRICAL_SURFACE('',#1579,0.003200001172987);
#44=CYLINDRICAL_SURFACE('',#1586,0.002);
#45=CYLINDRICAL_SURFACE('',#1588,0.002);
#46=CYLINDRICAL_SURFACE('',#1594,0.002);
#47=CYLINDRICAL_SURFACE('',#1596,0.002);
#48=CYLINDRICAL_SURFACE('',#1599,0.0005);
#49=CYLINDRICAL_SURFACE('',#1600,0.0005);
#50=CYLINDRICAL_SURFACE('',#1601,0.0005);
#51=CYLINDRICAL_SURFACE('',#1602,0.0005);
#52=CYLINDRICAL_SURFACE('',#1603,0.0005);
#53=CYLINDRICAL_SURFACE('',#1604,0.0005);
#54=CYLINDRICAL_SURFACE('',#1605,0.0005);
#55=CYLINDRICAL_SURFACE('',#1606,0.0005);
#56=LINE('',#2070,#166);
#57=LINE('',#2072,#167);
#58=LINE('',#2075,#168);
#59=LINE('',#2079,#169);
#60=LINE('',#2083,#170);
#61=LINE('',#2086,#171);
#62=LINE('',#2088,#172);
#63=LINE('',#2090,#173);
#64=LINE('',#2092,#174);
#65=LINE('',#2098,#175);
#66=LINE('',#2101,#176);
#67=LINE('',#2102,#177);
#68=LINE('',#2104,#178);
#69=LINE('',#2110,#179);
#70=LINE('',#2113,#180);
#71=LINE('',#2114,#181);
#72=LINE('',#2116,#182);
#73=LINE('',#2122,#183);
#74=LINE('',#2125,#184);
#75=LINE('',#2126,#185);
#76=LINE('',#2128,#186);
#77=LINE('',#2131,#187);
#78=LINE('',#2133,#188);
#79=LINE('',#2135,#189);
#80=LINE('',#2137,#190);
#81=LINE('',#2140,#191);
#82=LINE('',#2142,#192);
#83=LINE('',#2144,#193);
#84=LINE('',#2148,#194);
#85=LINE('',#2152,#195);
#86=LINE('',#2154,#196);
#87=LINE('',#2156,#197);
#88=LINE('',#2158,#198);
#89=LINE('',#2160,#199);
#90=LINE('',#2162,#200);
#91=LINE('',#2164,#201);
#92=LINE('',#2167,#202);
#93=LINE('',#2169,#203);
#94=LINE('',#2171,#204);
#95=LINE('',#2175,#205);
#96=LINE('',#2179,#206);
#97=LINE('',#2181,#207);
#98=LINE('',#2183,#208);
#99=LINE('',#2188,#209);
#100=LINE('',#2193,#210);
#101=LINE('',#2195,#211);
#102=LINE('',#2198,#212);
#103=LINE('',#2200,#213);
#104=LINE('',#2202,#214);
#105=LINE('',#2206,#215);
#106=LINE('',#2210,#216);
#107=LINE('',#2212,#217);
#108=LINE('',#2214,#218);
#109=LINE('',#2218,#219);
#110=LINE('',#2222,#220);
#111=LINE('',#2225,#221);
#112=LINE('',#2227,#222);
#113=LINE('',#2229,#223);
#114=LINE('',#2234,#224);
#115=LINE('',#2242,#225);
#116=LINE('',#2247,#226);
#117=LINE('',#2249,#227);
#118=LINE('',#2251,#228);
#119=LINE('',#2256,#229);
#120=LINE('',#2260,#230);
#121=LINE('',#2264,#231);
#122=LINE('',#2326,#232);
#123=LINE('',#2330,#233);
#124=LINE('',#2339,#234);
#125=LINE('',#2341,#235);
#126=LINE('',#2343,#236);
#127=LINE('',#2346,#237);
#128=LINE('',#2348,#238);
#129=LINE('',#2350,#239);
#130=LINE('',#2352,#240);
#131=LINE('',#2354,#241);
#132=LINE('',#2356,#242);
#133=LINE('',#2358,#243);
#134=LINE('',#2366,#244);
#135=LINE('',#2368,#245);
#136=LINE('',#2371,#246);
#137=LINE('',#2373,#247);
#138=LINE('',#2375,#248);
#139=LINE('',#2377,#249);
#140=LINE('',#2379,#250);
#141=LINE('',#2381,#251);
#142=LINE('',#2383,#252);
#143=LINE('',#2385,#253);
#144=LINE('',#2387,#254);
#145=LINE('',#2389,#255);
#146=LINE('',#2391,#256);
#147=LINE('',#2393,#257);
#148=LINE('',#2395,#258);
#149=LINE('',#2396,#259);
#150=LINE('',#2398,#260);
#151=LINE('',#2403,#261);
#152=LINE('',#2407,#262);
#153=LINE('',#2411,#263);
#154=LINE('',#2416,#264);
#155=LINE('',#2420,#265);
#156=LINE('',#2422,#266);
#157=LINE('',#2424,#267);
#158=LINE('',#2426,#268);
#159=LINE('',#2430,#269);
#160=LINE('',#2432,#270);
#161=LINE('',#2434,#271);
#162=LINE('',#2438,#272);
#163=LINE('',#2440,#273);
#164=LINE('',#2442,#274);
#165=LINE('',#2446,#275);
#166=VECTOR('',#1619,1.);
#167=VECTOR('',#1622,1.);
#168=VECTOR('',#1623,1.);
#169=VECTOR('',#1626,1.);
#170=VECTOR('',#1631,1.);
#171=VECTOR('',#1632,1.);
#172=VECTOR('',#1633,1.);
#173=VECTOR('',#1634,1.);
#174=VECTOR('',#1637,1.);
#175=VECTOR('',#1644,1.);
#176=VECTOR('',#1645,1.);
#177=VECTOR('',#1646,1.);
#178=VECTOR('',#1649,1.);
#179=VECTOR('',#1656,1.);
#180=VECTOR('',#1657,1.);
#181=VECTOR('',#1658,1.);
#182=VECTOR('',#1661,1.);
#183=VECTOR('',#1668,1.);
#184=VECTOR('',#1669,1.);
#185=VECTOR('',#1670,1.);
#186=VECTOR('',#1673,1.);
#187=VECTOR('',#1674,1.);
#188=VECTOR('',#1675,1.);
#189=VECTOR('',#1676,1.);
#190=VECTOR('',#1679,1.);
#191=VECTOR('',#1680,1.);
#192=VECTOR('',#1681,1.);
#193=VECTOR('',#1682,1.);
#194=VECTOR('',#1687,1.);
#195=VECTOR('',#1692,1.);
#196=VECTOR('',#1693,1.);
#197=VECTOR('',#1694,1.);
#198=VECTOR('',#1697,1.);
#199=VECTOR('',#1698,1.);
#200=VECTOR('',#1699,1.);
#201=VECTOR('',#1702,1.);
#202=VECTOR('',#1703,1.);
#203=VECTOR('',#1704,1.);
#204=VECTOR('',#1705,1.);
#205=VECTOR('',#1710,1.);
#206=VECTOR('',#1715,1.);
#207=VECTOR('',#1716,1.);
#208=VECTOR('',#1717,1.);
#209=VECTOR('',#1722,1.);
#210=VECTOR('',#1727,1.);
#211=VECTOR('',#1730,1.);
#212=VECTOR('',#1731,1.);
#213=VECTOR('',#1732,1.);
#214=VECTOR('',#1733,1.);
#215=VECTOR('',#1738,1.);
#216=VECTOR('',#1741,1.);
#217=VECTOR('',#1744,1.);
#218=VECTOR('',#1745,1.);
#219=VECTOR('',#1750,1.);
#220=VECTOR('',#1755,1.);
#221=VECTOR('',#1756,1.);
#222=VECTOR('',#1757,1.);
#223=VECTOR('',#1758,1.);
#224=VECTOR('',#1763,1.);
#225=VECTOR('',#1770,1.);
#226=VECTOR('',#1779,1.);
#227=VECTOR('',#1780,1.);
#228=VECTOR('',#1783,1.);
#229=VECTOR('',#1786,1.);
#230=VECTOR('',#1789,1.);
#231=VECTOR('',#1792,1.);
#232=VECTOR('',#1877,1.);
#233=VECTOR('',#1884,1.);
#234=VECTOR('',#1897,1.);
#235=VECTOR('',#1898,1.);
#236=VECTOR('',#1899,1.);
#237=VECTOR('',#1904,1.);
#238=VECTOR('',#1905,1.);
#239=VECTOR('',#1906,1.);
#240=VECTOR('',#1909,1.);
#241=VECTOR('',#1910,1.);
#242=VECTOR('',#1913,1.);
#243=VECTOR('',#1914,1.);
#244=VECTOR('',#1925,1.);
#245=VECTOR('',#1928,1.);
#246=VECTOR('',#1929,1.);
#247=VECTOR('',#1930,1.);
#248=VECTOR('',#1931,1.);
#249=VECTOR('',#1934,1.);
#250=VECTOR('',#1935,1.);
#251=VECTOR('',#1936,1.);
#252=VECTOR('',#1939,1.);
#253=VECTOR('',#1940,1.);
#254=VECTOR('',#1941,1.);
#255=VECTOR('',#1944,1.);
#256=VECTOR('',#1945,1.);
#257=VECTOR('',#1946,1.);
#258=VECTOR('',#1949,1.);
#259=VECTOR('',#1950,1.);
#260=VECTOR('',#1953,1.);
#261=VECTOR('',#1956,1.);
#262=VECTOR('',#1959,1.);
#263=VECTOR('',#1962,1.);
#264=VECTOR('',#1969,1.);
#265=VECTOR('',#1972,1.);
#266=VECTOR('',#1975,1.);
#267=VECTOR('',#1976,1.);
#268=VECTOR('',#1979,1.);
#269=VECTOR('',#1984,1.);
#270=VECTOR('',#1985,1.);
#271=VECTOR('',#1988,1.);
#272=VECTOR('',#1993,1.);
#273=VECTOR('',#1994,1.);
#274=VECTOR('',#1997,1.);
#275=VECTOR('',#2002,1.);
#276=ORIENTED_EDGE('',*,*,#664,.T.);
#277=ORIENTED_EDGE('',*,*,#665,.T.);
#278=ORIENTED_EDGE('',*,*,#666,.F.);
#279=ORIENTED_EDGE('',*,*,#667,.T.);
#280=ORIENTED_EDGE('',*,*,#668,.T.);
#281=ORIENTED_EDGE('',*,*,#669,.F.);
#282=ORIENTED_EDGE('',*,*,#670,.T.);
#283=ORIENTED_EDGE('',*,*,#671,.F.);
#284=ORIENTED_EDGE('',*,*,#672,.T.);
#285=ORIENTED_EDGE('',*,*,#673,.T.);
#286=ORIENTED_EDGE('',*,*,#674,.T.);
#287=ORIENTED_EDGE('',*,*,#675,.F.);
#288=ORIENTED_EDGE('',*,*,#676,.T.);
#289=ORIENTED_EDGE('',*,*,#671,.T.);
#290=ORIENTED_EDGE('',*,*,#677,.T.);
#291=ORIENTED_EDGE('',*,*,#678,.F.);
#292=ORIENTED_EDGE('',*,*,#679,.T.);
#293=ORIENTED_EDGE('',*,*,#675,.T.);
#294=ORIENTED_EDGE('',*,*,#680,.T.);
#295=ORIENTED_EDGE('',*,*,#681,.F.);
#296=ORIENTED_EDGE('',*,*,#682,.T.);
#297=ORIENTED_EDGE('',*,*,#678,.T.);
#298=ORIENTED_EDGE('',*,*,#683,.T.);
#299=ORIENTED_EDGE('',*,*,#684,.F.);
#300=ORIENTED_EDGE('',*,*,#685,.T.);
#301=ORIENTED_EDGE('',*,*,#681,.T.);
#302=ORIENTED_EDGE('',*,*,#686,.T.);
#303=ORIENTED_EDGE('',*,*,#687,.F.);
#304=ORIENTED_EDGE('',*,*,#688,.T.);
#305=ORIENTED_EDGE('',*,*,#684,.T.);
#306=ORIENTED_EDGE('',*,*,#689,.T.);
#307=ORIENTED_EDGE('',*,*,#690,.F.);
#308=ORIENTED_EDGE('',*,*,#691,.T.);
#309=ORIENTED_EDGE('',*,*,#687,.T.);
#310=ORIENTED_EDGE('',*,*,#692,.T.);
#311=ORIENTED_EDGE('',*,*,#693,.F.);
#312=ORIENTED_EDGE('',*,*,#694,.T.);
#313=ORIENTED_EDGE('',*,*,#695,.T.);
#314=ORIENTED_EDGE('',*,*,#696,.T.);
#315=ORIENTED_EDGE('',*,*,#697,.T.);
#316=ORIENTED_EDGE('',*,*,#698,.T.);
#317=ORIENTED_EDGE('',*,*,#699,.F.);
#318=ORIENTED_EDGE('',*,*,#700,.F.);
#319=ORIENTED_EDGE('',*,*,#701,.T.);
#320=ORIENTED_EDGE('',*,*,#702,.F.);
#321=ORIENTED_EDGE('',*,*,#703,.F.);
#322=ORIENTED_EDGE('',*,*,#700,.T.);
#323=ORIENTED_EDGE('',*,*,#704,.T.);
#324=ORIENTED_EDGE('',*,*,#705,.F.);
#325=ORIENTED_EDGE('',*,*,#706,.F.);
#326=ORIENTED_EDGE('',*,*,#702,.T.);
#327=ORIENTED_EDGE('',*,*,#707,.T.);
#328=ORIENTED_EDGE('',*,*,#708,.T.);
#329=ORIENTED_EDGE('',*,*,#709,.F.);
#330=ORIENTED_EDGE('',*,*,#705,.T.);
#331=ORIENTED_EDGE('',*,*,#710,.T.);
#332=ORIENTED_EDGE('',*,*,#711,.T.);
#333=ORIENTED_EDGE('',*,*,#712,.F.);
#334=ORIENTED_EDGE('',*,*,#713,.F.);
#335=ORIENTED_EDGE('',*,*,#714,.F.);
#336=ORIENTED_EDGE('',*,*,#715,.F.);
#337=ORIENTED_EDGE('',*,*,#716,.T.);
#338=ORIENTED_EDGE('',*,*,#713,.T.);
#339=ORIENTED_EDGE('',*,*,#717,.F.);
#340=ORIENTED_EDGE('',*,*,#718,.T.);
#341=ORIENTED_EDGE('',*,*,#719,.T.);
#342=ORIENTED_EDGE('',*,*,#715,.T.);
#343=ORIENTED_EDGE('',*,*,#720,.T.);
#344=ORIENTED_EDGE('',*,*,#721,.T.);
#345=ORIENTED_EDGE('',*,*,#722,.F.);
#346=ORIENTED_EDGE('',*,*,#664,.F.);
#347=ORIENTED_EDGE('',*,*,#723,.F.);
#348=ORIENTED_EDGE('',*,*,#724,.T.);
#349=ORIENTED_EDGE('',*,*,#725,.T.);
#350=ORIENTED_EDGE('',*,*,#726,.T.);
#351=ORIENTED_EDGE('',*,*,#727,.F.);
#352=ORIENTED_EDGE('',*,*,#728,.T.);
#353=ORIENTED_EDGE('',*,*,#729,.F.);
#354=ORIENTED_EDGE('',*,*,#730,.T.);
#355=ORIENTED_EDGE('',*,*,#731,.T.);
#356=ORIENTED_EDGE('',*,*,#732,.F.);
#357=ORIENTED_EDGE('',*,*,#668,.F.);
#358=ORIENTED_EDGE('',*,*,#733,.F.);
#359=ORIENTED_EDGE('',*,*,#734,.F.);
#360=ORIENTED_EDGE('',*,*,#669,.T.);
#361=ORIENTED_EDGE('',*,*,#732,.T.);
#362=ORIENTED_EDGE('',*,*,#735,.T.);
#363=ORIENTED_EDGE('',*,*,#736,.T.);
#364=ORIENTED_EDGE('',*,*,#737,.F.);
#365=ORIENTED_EDGE('',*,*,#670,.F.);
#366=ORIENTED_EDGE('',*,*,#734,.T.);
#367=ORIENTED_EDGE('',*,*,#738,.T.);
#368=ORIENTED_EDGE('',*,*,#739,.T.);
#369=ORIENTED_EDGE('',*,*,#740,.F.);
#370=ORIENTED_EDGE('',*,*,#741,.T.);
#371=ORIENTED_EDGE('',*,*,#742,.T.);
#372=ORIENTED_EDGE('',*,*,#743,.T.);
#373=ORIENTED_EDGE('',*,*,#744,.F.);
#374=ORIENTED_EDGE('',*,*,#745,.F.);
#375=ORIENTED_EDGE('',*,*,#746,.F.);
#376=ORIENTED_EDGE('',*,*,#747,.T.);
#377=ORIENTED_EDGE('',*,*,#673,.F.);
#378=ORIENTED_EDGE('',*,*,#748,.T.);
#379=ORIENTED_EDGE('',*,*,#690,.T.);
#380=ORIENTED_EDGE('',*,*,#749,.T.);
#381=ORIENTED_EDGE('',*,*,#750,.F.);
#382=ORIENTED_EDGE('',*,*,#751,.F.);
#383=ORIENTED_EDGE('',*,*,#745,.T.);
#384=ORIENTED_EDGE('',*,*,#752,.F.);
#385=ORIENTED_EDGE('',*,*,#753,.T.);
#386=ORIENTED_EDGE('',*,*,#754,.F.);
#387=ORIENTED_EDGE('',*,*,#755,.T.);
#388=ORIENTED_EDGE('',*,*,#756,.F.);
#389=ORIENTED_EDGE('',*,*,#757,.T.);
#390=ORIENTED_EDGE('',*,*,#758,.F.);
#391=ORIENTED_EDGE('',*,*,#759,.T.);
#392=ORIENTED_EDGE('',*,*,#760,.T.);
#393=ORIENTED_EDGE('',*,*,#761,.T.);
#394=ORIENTED_EDGE('',*,*,#762,.T.);
#395=ORIENTED_EDGE('',*,*,#763,.T.);
#396=ORIENTED_EDGE('',*,*,#764,.T.);
#397=ORIENTED_EDGE('',*,*,#765,.T.);
#398=ORIENTED_EDGE('',*,*,#699,.T.);
#399=ORIENTED_EDGE('',*,*,#766,.T.);
#400=ORIENTED_EDGE('',*,*,#693,.T.);
#401=ORIENTED_EDGE('',*,*,#767,.T.);
#402=ORIENTED_EDGE('',*,*,#742,.F.);
#403=ORIENTED_EDGE('',*,*,#768,.T.);
#404=ORIENTED_EDGE('',*,*,#740,.T.);
#405=ORIENTED_EDGE('',*,*,#769,.T.);
#406=ORIENTED_EDGE('',*,*,#735,.F.);
#407=ORIENTED_EDGE('',*,*,#733,.T.);
#408=ORIENTED_EDGE('',*,*,#731,.F.);
#409=ORIENTED_EDGE('',*,*,#770,.T.);
#410=ORIENTED_EDGE('',*,*,#727,.T.);
#411=ORIENTED_EDGE('',*,*,#771,.T.);
#412=ORIENTED_EDGE('',*,*,#720,.F.);
#413=ORIENTED_EDGE('',*,*,#772,.T.);
#414=ORIENTED_EDGE('',*,*,#717,.T.);
#415=ORIENTED_EDGE('',*,*,#714,.T.);
#416=ORIENTED_EDGE('',*,*,#712,.T.);
#417=ORIENTED_EDGE('',*,*,#773,.T.);
#418=ORIENTED_EDGE('',*,*,#707,.F.);
#419=ORIENTED_EDGE('',*,*,#704,.F.);
#420=ORIENTED_EDGE('',*,*,#701,.F.);
#421=ORIENTED_EDGE('',*,*,#774,.T.);
#422=ORIENTED_EDGE('',*,*,#765,.F.);
#423=ORIENTED_EDGE('',*,*,#775,.T.);
#424=ORIENTED_EDGE('',*,*,#776,.T.);
#425=ORIENTED_EDGE('',*,*,#764,.F.);
#426=ORIENTED_EDGE('',*,*,#777,.T.);
#427=ORIENTED_EDGE('',*,*,#778,.T.);
#428=ORIENTED_EDGE('',*,*,#763,.F.);
#429=ORIENTED_EDGE('',*,*,#779,.T.);
#430=ORIENTED_EDGE('',*,*,#780,.T.);
#431=ORIENTED_EDGE('',*,*,#762,.F.);
#432=ORIENTED_EDGE('',*,*,#781,.T.);
#433=ORIENTED_EDGE('',*,*,#782,.T.);
#434=ORIENTED_EDGE('',*,*,#761,.F.);
#435=ORIENTED_EDGE('',*,*,#783,.T.);
#436=ORIENTED_EDGE('',*,*,#784,.T.);
#437=ORIENTED_EDGE('',*,*,#760,.F.);
#438=ORIENTED_EDGE('',*,*,#785,.T.);
#439=ORIENTED_EDGE('',*,*,#722,.T.);
#440=ORIENTED_EDGE('',*,*,#786,.T.);
#441=ORIENTED_EDGE('',*,*,#725,.F.);
#442=ORIENTED_EDGE('',*,*,#787,.T.);
#443=ORIENTED_EDGE('',*,*,#729,.T.);
#444=ORIENTED_EDGE('',*,*,#788,.T.);
#445=ORIENTED_EDGE('',*,*,#737,.T.);
#446=ORIENTED_EDGE('',*,*,#789,.T.);
#447=ORIENTED_EDGE('',*,*,#738,.F.);
#448=ORIENTED_EDGE('',*,*,#790,.T.);
#449=ORIENTED_EDGE('',*,*,#746,.T.);
#450=ORIENTED_EDGE('',*,*,#791,.F.);
#451=ORIENTED_EDGE('',*,*,#792,.T.);
#452=ORIENTED_EDGE('',*,*,#793,.T.);
#453=ORIENTED_EDGE('',*,*,#695,.F.);
#454=ORIENTED_EDGE('',*,*,#794,.T.);
#455=ORIENTED_EDGE('',*,*,#697,.F.);
#456=ORIENTED_EDGE('',*,*,#703,.T.);
#457=ORIENTED_EDGE('',*,*,#706,.T.);
#458=ORIENTED_EDGE('',*,*,#709,.T.);
#459=ORIENTED_EDGE('',*,*,#795,.T.);
#460=ORIENTED_EDGE('',*,*,#710,.F.);
#461=ORIENTED_EDGE('',*,*,#716,.F.);
#462=ORIENTED_EDGE('',*,*,#719,.F.);
#463=ORIENTED_EDGE('',*,*,#796,.T.);
#464=ORIENTED_EDGE('',*,*,#723,.T.);
#465=ORIENTED_EDGE('',*,*,#797,.T.);
#466=ORIENTED_EDGE('',*,*,#798,.F.);
#467=ORIENTED_EDGE('',*,*,#799,.F.);
#468=ORIENTED_EDGE('',*,*,#744,.T.);
#469=ORIENTED_EDGE('',*,*,#800,.T.);
#470=ORIENTED_EDGE('',*,*,#667,.F.);
#471=ORIENTED_EDGE('',*,*,#801,.F.);
#472=ORIENTED_EDGE('',*,*,#802,.T.);
#473=ORIENTED_EDGE('',*,*,#803,.T.);
#474=ORIENTED_EDGE('',*,*,#797,.F.);
#475=ORIENTED_EDGE('',*,*,#665,.F.);
#476=ORIENTED_EDGE('',*,*,#788,.F.);
#477=ORIENTED_EDGE('',*,*,#666,.T.);
#478=ORIENTED_EDGE('',*,*,#791,.T.);
#479=ORIENTED_EDGE('',*,*,#751,.T.);
#480=ORIENTED_EDGE('',*,*,#804,.F.);
#481=ORIENTED_EDGE('',*,*,#805,.F.);
#482=ORIENTED_EDGE('',*,*,#801,.T.);
#483=ORIENTED_EDGE('',*,*,#750,.T.);
#484=ORIENTED_EDGE('',*,*,#799,.T.);
#485=ORIENTED_EDGE('',*,*,#806,.F.);
#486=ORIENTED_EDGE('',*,*,#807,.F.);
#487=ORIENTED_EDGE('',*,*,#804,.T.);
#488=ORIENTED_EDGE('',*,*,#792,.F.);
#489=ORIENTED_EDGE('',*,*,#808,.T.);
#490=ORIENTED_EDGE('',*,*,#793,.F.);
#491=ORIENTED_EDGE('',*,*,#809,.T.);
#492=ORIENTED_EDGE('',*,*,#798,.T.);
#493=ORIENTED_EDGE('',*,*,#803,.F.);
#494=ORIENTED_EDGE('',*,*,#810,.F.);
#495=ORIENTED_EDGE('',*,*,#806,.T.);
#496=ORIENTED_EDGE('',*,*,#811,.F.);
#497=ORIENTED_EDGE('',*,*,#812,.F.);
#498=ORIENTED_EDGE('',*,*,#813,.T.);
#499=ORIENTED_EDGE('',*,*,#814,.T.);
#500=ORIENTED_EDGE('',*,*,#815,.F.);
#501=ORIENTED_EDGE('',*,*,#816,.F.);
#502=ORIENTED_EDGE('',*,*,#817,.T.);
#503=ORIENTED_EDGE('',*,*,#812,.T.);
#504=ORIENTED_EDGE('',*,*,#818,.F.);
#505=ORIENTED_EDGE('',*,*,#819,.F.);
#506=ORIENTED_EDGE('',*,*,#820,.T.);
#507=ORIENTED_EDGE('',*,*,#816,.T.);
#508=ORIENTED_EDGE('',*,*,#821,.F.);
#509=ORIENTED_EDGE('',*,*,#822,.F.);
#510=ORIENTED_EDGE('',*,*,#823,.T.);
#511=ORIENTED_EDGE('',*,*,#819,.T.);
#512=ORIENTED_EDGE('',*,*,#824,.F.);
#513=ORIENTED_EDGE('',*,*,#814,.F.);
#514=ORIENTED_EDGE('',*,*,#825,.T.);
#515=ORIENTED_EDGE('',*,*,#822,.T.);
#516=ORIENTED_EDGE('',*,*,#826,.T.);
#517=ORIENTED_EDGE('',*,*,#827,.T.);
#518=ORIENTED_EDGE('',*,*,#828,.T.);
#519=ORIENTED_EDGE('',*,*,#829,.T.);
#520=ORIENTED_EDGE('',*,*,#830,.T.);
#521=ORIENTED_EDGE('',*,*,#831,.T.);
#522=ORIENTED_EDGE('',*,*,#832,.T.);
#523=ORIENTED_EDGE('',*,*,#833,.T.);
#524=ORIENTED_EDGE('',*,*,#813,.F.);
#525=ORIENTED_EDGE('',*,*,#817,.F.);
#526=ORIENTED_EDGE('',*,*,#820,.F.);
#527=ORIENTED_EDGE('',*,*,#823,.F.);
#528=ORIENTED_EDGE('',*,*,#825,.F.);
#529=ORIENTED_EDGE('',*,*,#809,.F.);
#530=ORIENTED_EDGE('',*,*,#808,.F.);
#531=ORIENTED_EDGE('',*,*,#802,.F.);
#532=ORIENTED_EDGE('',*,*,#805,.T.);
#533=ORIENTED_EDGE('',*,*,#807,.T.);
#534=ORIENTED_EDGE('',*,*,#810,.T.);
#535=ORIENTED_EDGE('',*,*,#811,.T.);
#536=ORIENTED_EDGE('',*,*,#824,.T.);
#537=ORIENTED_EDGE('',*,*,#821,.T.);
#538=ORIENTED_EDGE('',*,*,#818,.T.);
#539=ORIENTED_EDGE('',*,*,#815,.T.);
#540=ORIENTED_EDGE('',*,*,#753,.F.);
#541=ORIENTED_EDGE('',*,*,#834,.F.);
#542=ORIENTED_EDGE('',*,*,#835,.T.);
#543=ORIENTED_EDGE('',*,*,#836,.T.);
#544=ORIENTED_EDGE('',*,*,#752,.T.);
#545=ORIENTED_EDGE('',*,*,#837,.F.);
#546=ORIENTED_EDGE('',*,*,#838,.F.);
#547=ORIENTED_EDGE('',*,*,#834,.T.);
#548=ORIENTED_EDGE('',*,*,#759,.F.);
#549=ORIENTED_EDGE('',*,*,#839,.F.);
#550=ORIENTED_EDGE('',*,*,#840,.T.);
#551=ORIENTED_EDGE('',*,*,#837,.T.);
#552=ORIENTED_EDGE('',*,*,#758,.T.);
#553=ORIENTED_EDGE('',*,*,#841,.F.);
#554=ORIENTED_EDGE('',*,*,#842,.F.);
#555=ORIENTED_EDGE('',*,*,#839,.T.);
#556=ORIENTED_EDGE('',*,*,#757,.F.);
#557=ORIENTED_EDGE('',*,*,#843,.F.);
#558=ORIENTED_EDGE('',*,*,#844,.T.);
#559=ORIENTED_EDGE('',*,*,#841,.T.);
#560=ORIENTED_EDGE('',*,*,#756,.T.);
#561=ORIENTED_EDGE('',*,*,#845,.F.);
#562=ORIENTED_EDGE('',*,*,#846,.F.);
#563=ORIENTED_EDGE('',*,*,#843,.T.);
#564=ORIENTED_EDGE('',*,*,#755,.F.);
#565=ORIENTED_EDGE('',*,*,#847,.F.);
#566=ORIENTED_EDGE('',*,*,#848,.T.);
#567=ORIENTED_EDGE('',*,*,#845,.T.);
#568=ORIENTED_EDGE('',*,*,#754,.T.);
#569=ORIENTED_EDGE('',*,*,#836,.F.);
#570=ORIENTED_EDGE('',*,*,#849,.F.);
#571=ORIENTED_EDGE('',*,*,#847,.T.);
#572=ORIENTED_EDGE('',*,*,#674,.F.);
#573=ORIENTED_EDGE('',*,*,#749,.F.);
#574=ORIENTED_EDGE('',*,*,#692,.F.);
#575=ORIENTED_EDGE('',*,*,#689,.F.);
#576=ORIENTED_EDGE('',*,*,#686,.F.);
#577=ORIENTED_EDGE('',*,*,#683,.F.);
#578=ORIENTED_EDGE('',*,*,#680,.F.);
#579=ORIENTED_EDGE('',*,*,#677,.F.);
#580=ORIENTED_EDGE('',*,*,#835,.F.);
#581=ORIENTED_EDGE('',*,*,#838,.T.);
#582=ORIENTED_EDGE('',*,*,#840,.F.);
#583=ORIENTED_EDGE('',*,*,#842,.T.);
#584=ORIENTED_EDGE('',*,*,#844,.F.);
#585=ORIENTED_EDGE('',*,*,#846,.T.);
#586=ORIENTED_EDGE('',*,*,#848,.F.);
#587=ORIENTED_EDGE('',*,*,#849,.T.);
#588=ORIENTED_EDGE('',*,*,#850,.F.);
#589=ORIENTED_EDGE('',*,*,#682,.F.);
#590=ORIENTED_EDGE('',*,*,#851,.F.);
#591=ORIENTED_EDGE('',*,*,#831,.F.);
#592=ORIENTED_EDGE('',*,*,#851,.T.);
#593=ORIENTED_EDGE('',*,*,#685,.F.);
#594=ORIENTED_EDGE('',*,*,#852,.F.);
#595=ORIENTED_EDGE('',*,*,#832,.F.);
#596=ORIENTED_EDGE('',*,*,#850,.T.);
#597=ORIENTED_EDGE('',*,*,#830,.F.);
#598=ORIENTED_EDGE('',*,*,#853,.F.);
#599=ORIENTED_EDGE('',*,*,#679,.F.);
#600=ORIENTED_EDGE('',*,*,#852,.T.);
#601=ORIENTED_EDGE('',*,*,#688,.F.);
#602=ORIENTED_EDGE('',*,*,#854,.F.);
#603=ORIENTED_EDGE('',*,*,#833,.F.);
#604=ORIENTED_EDGE('',*,*,#853,.T.);
#605=ORIENTED_EDGE('',*,*,#829,.F.);
#606=ORIENTED_EDGE('',*,*,#855,.F.);
#607=ORIENTED_EDGE('',*,*,#676,.F.);
#608=ORIENTED_EDGE('',*,*,#854,.T.);
#609=ORIENTED_EDGE('',*,*,#691,.F.);
#610=ORIENTED_EDGE('',*,*,#856,.F.);
#611=ORIENTED_EDGE('',*,*,#826,.F.);
#612=ORIENTED_EDGE('',*,*,#855,.T.);
#613=ORIENTED_EDGE('',*,*,#828,.F.);
#614=ORIENTED_EDGE('',*,*,#857,.F.);
#615=ORIENTED_EDGE('',*,*,#672,.F.);
#616=ORIENTED_EDGE('',*,*,#856,.T.);
#617=ORIENTED_EDGE('',*,*,#748,.F.);
#618=ORIENTED_EDGE('',*,*,#857,.T.);
#619=ORIENTED_EDGE('',*,*,#827,.F.);
#620=ORIENTED_EDGE('',*,*,#794,.F.);
#621=ORIENTED_EDGE('',*,*,#694,.F.);
#622=ORIENTED_EDGE('',*,*,#766,.F.);
#623=ORIENTED_EDGE('',*,*,#698,.F.);
#624=ORIENTED_EDGE('',*,*,#795,.F.);
#625=ORIENTED_EDGE('',*,*,#708,.F.);
#626=ORIENTED_EDGE('',*,*,#773,.F.);
#627=ORIENTED_EDGE('',*,*,#711,.F.);
#628=ORIENTED_EDGE('',*,*,#786,.F.);
#629=ORIENTED_EDGE('',*,*,#721,.F.);
#630=ORIENTED_EDGE('',*,*,#771,.F.);
#631=ORIENTED_EDGE('',*,*,#726,.F.);
#632=ORIENTED_EDGE('',*,*,#796,.F.);
#633=ORIENTED_EDGE('',*,*,#718,.F.);
#634=ORIENTED_EDGE('',*,*,#772,.F.);
#635=ORIENTED_EDGE('',*,*,#724,.F.);
#636=ORIENTED_EDGE('',*,*,#787,.F.);
#637=ORIENTED_EDGE('',*,*,#728,.F.);
#638=ORIENTED_EDGE('',*,*,#770,.F.);
#639=ORIENTED_EDGE('',*,*,#730,.F.);
#640=ORIENTED_EDGE('',*,*,#789,.F.);
#641=ORIENTED_EDGE('',*,*,#736,.F.);
#642=ORIENTED_EDGE('',*,*,#769,.F.);
#643=ORIENTED_EDGE('',*,*,#739,.F.);
#644=ORIENTED_EDGE('',*,*,#800,.F.);
#645=ORIENTED_EDGE('',*,*,#743,.F.);
#646=ORIENTED_EDGE('',*,*,#767,.F.);
#647=ORIENTED_EDGE('',*,*,#696,.F.);
#648=ORIENTED_EDGE('',*,*,#790,.F.);
#649=ORIENTED_EDGE('',*,*,#741,.F.);
#650=ORIENTED_EDGE('',*,*,#768,.F.);
#651=ORIENTED_EDGE('',*,*,#747,.F.);
#652=ORIENTED_EDGE('',*,*,#777,.F.);
#653=ORIENTED_EDGE('',*,*,#776,.F.);
#654=ORIENTED_EDGE('',*,*,#785,.F.);
#655=ORIENTED_EDGE('',*,*,#784,.F.);
#656=ORIENTED_EDGE('',*,*,#783,.F.);
#657=ORIENTED_EDGE('',*,*,#782,.F.);
#658=ORIENTED_EDGE('',*,*,#781,.F.);
#659=ORIENTED_EDGE('',*,*,#780,.F.);
#660=ORIENTED_EDGE('',*,*,#779,.F.);
#661=ORIENTED_EDGE('',*,*,#778,.F.);
#662=ORIENTED_EDGE('',*,*,#775,.F.);
#663=ORIENTED_EDGE('',*,*,#774,.F.);
#664=EDGE_CURVE('',#858,#859,#990,.T.);
#665=EDGE_CURVE('',#859,#858,#56,.T.);
#666=EDGE_CURVE('',#860,#861,#57,.T.);
#667=EDGE_CURVE('',#860,#862,#58,.T.);
#668=EDGE_CURVE('',#862,#863,#991,.T.);
#669=EDGE_CURVE('',#864,#863,#59,.T.);
#670=EDGE_CURVE('',#864,#861,#992,.T.);
#671=EDGE_CURVE('',#865,#866,#60,.T.);
#672=EDGE_CURVE('',#865,#867,#61,.F.);
#673=EDGE_CURVE('',#867,#868,#62,.T.);
#674=EDGE_CURVE('',#868,#866,#63,.T.);
#675=EDGE_CURVE('',#869,#870,#64,.T.);
#676=EDGE_CURVE('',#869,#865,#993,.F.);
#677=EDGE_CURVE('',#866,#870,#994,.T.);
#678=EDGE_CURVE('',#871,#872,#65,.T.);
#679=EDGE_CURVE('',#871,#869,#66,.F.);
#680=EDGE_CURVE('',#870,#872,#67,.T.);
#681=EDGE_CURVE('',#873,#874,#68,.T.);
#682=EDGE_CURVE('',#873,#871,#995,.F.);
#683=EDGE_CURVE('',#872,#874,#996,.T.);
#684=EDGE_CURVE('',#875,#876,#69,.T.);
#685=EDGE_CURVE('',#875,#873,#70,.F.);
#686=EDGE_CURVE('',#874,#876,#71,.T.);
#687=EDGE_CURVE('',#877,#878,#72,.T.);
#688=EDGE_CURVE('',#877,#875,#997,.F.);
#689=EDGE_CURVE('',#876,#878,#998,.T.);
#690=EDGE_CURVE('',#879,#880,#73,.T.);
#691=EDGE_CURVE('',#879,#877,#74,.F.);
#692=EDGE_CURVE('',#878,#880,#75,.T.);
#693=EDGE_CURVE('',#881,#882,#76,.T.);
#694=EDGE_CURVE('',#881,#883,#77,.F.);
#695=EDGE_CURVE('',#883,#884,#78,.T.);
#696=EDGE_CURVE('',#884,#882,#79,.T.);
#697=EDGE_CURVE('',#885,#886,#80,.T.);
#698=EDGE_CURVE('',#886,#887,#81,.T.);
#699=EDGE_CURVE('',#888,#887,#82,.T.);
#700=EDGE_CURVE('',#885,#888,#83,.T.);
#701=EDGE_CURVE('',#888,#889,#999,.T.);
#702=EDGE_CURVE('',#890,#889,#84,.T.);
#703=EDGE_CURVE('',#885,#890,#1000,.T.);
#704=EDGE_CURVE('',#889,#891,#85,.T.);
#705=EDGE_CURVE('',#892,#891,#86,.T.);
#706=EDGE_CURVE('',#890,#892,#87,.T.);
#707=EDGE_CURVE('',#891,#893,#88,.T.);
#708=EDGE_CURVE('',#893,#894,#89,.F.);
#709=EDGE_CURVE('',#892,#894,#90,.T.);
#710=EDGE_CURVE('',#895,#896,#91,.T.);
#711=EDGE_CURVE('',#896,#897,#92,.T.);
#712=EDGE_CURVE('',#898,#897,#93,.T.);
#713=EDGE_CURVE('',#895,#898,#94,.T.);
#714=EDGE_CURVE('',#899,#898,#1001,.T.);
#715=EDGE_CURVE('',#900,#899,#95,.T.);
#716=EDGE_CURVE('',#900,#895,#1002,.T.);
#717=EDGE_CURVE('',#901,#899,#96,.T.);
#718=EDGE_CURVE('',#901,#902,#97,.F.);
#719=EDGE_CURVE('',#902,#900,#98,.T.);
#720=EDGE_CURVE('',#903,#904,#1003,.T.);
#721=EDGE_CURVE('',#904,#905,#99,.F.);
#722=EDGE_CURVE('',#859,#905,#1004,.T.);
#723=EDGE_CURVE('',#906,#858,#1005,.T.);
#724=EDGE_CURVE('',#906,#903,#100,.T.);
#725=EDGE_CURVE('',#907,#908,#101,.T.);
#726=EDGE_CURVE('',#908,#909,#102,.T.);
#727=EDGE_CURVE('',#910,#909,#103,.T.);
#728=EDGE_CURVE('',#910,#907,#104,.F.);
#729=EDGE_CURVE('',#911,#862,#1006,.T.);
#730=EDGE_CURVE('',#911,#912,#105,.T.);
#731=EDGE_CURVE('',#912,#913,#1007,.T.);
#732=EDGE_CURVE('',#863,#913,#106,.T.);
#733=EDGE_CURVE('',#914,#913,#107,.T.);
#734=EDGE_CURVE('',#864,#914,#108,.T.);
#735=EDGE_CURVE('',#914,#915,#1008,.T.);
#736=EDGE_CURVE('',#915,#916,#109,.F.);
#737=EDGE_CURVE('',#861,#916,#1009,.T.);
#738=EDGE_CURVE('',#917,#918,#110,.T.);
#739=EDGE_CURVE('',#918,#919,#111,.T.);
#740=EDGE_CURVE('',#920,#919,#112,.T.);
#741=EDGE_CURVE('',#920,#917,#113,.F.);
#742=EDGE_CURVE('',#921,#922,#1010,.T.);
#743=EDGE_CURVE('',#922,#923,#114,.F.);
#744=EDGE_CURVE('',#924,#923,#1011,.T.);
#745=EDGE_CURVE('',#925,#924,#1012,.T.);
#746=EDGE_CURVE('',#926,#925,#1013,.T.);
#747=EDGE_CURVE('',#926,#921,#115,.T.);
#748=EDGE_CURVE('',#867,#879,#1014,.F.);
#749=EDGE_CURVE('',#880,#868,#1015,.T.);
#750=EDGE_CURVE('',#927,#924,#116,.T.);
#751=EDGE_CURVE('',#925,#927,#117,.T.);
#752=EDGE_CURVE('',#928,#929,#118,.T.);
#753=EDGE_CURVE('',#928,#930,#1016,.T.);
#754=EDGE_CURVE('',#931,#930,#119,.T.);
#755=EDGE_CURVE('',#931,#932,#1017,.T.);
#756=EDGE_CURVE('',#933,#932,#120,.T.);
#757=EDGE_CURVE('',#933,#934,#1018,.T.);
#758=EDGE_CURVE('',#935,#934,#121,.T.);
#759=EDGE_CURVE('',#935,#929,#1019,.T.);
#760=EDGE_CURVE('',#936,#936,#1020,.T.);
#761=EDGE_CURVE('',#937,#937,#1021,.T.);
#762=EDGE_CURVE('',#938,#938,#1022,.T.);
#763=EDGE_CURVE('',#939,#939,#1023,.T.);
#764=EDGE_CURVE('',#940,#940,#1024,.T.);
#765=EDGE_CURVE('',#941,#941,#1025,.T.);
#766=EDGE_CURVE('',#887,#881,#1026,.T.);
#767=EDGE_CURVE('',#882,#922,#1027,.T.);
#768=EDGE_CURVE('',#921,#920,#1028,.T.);
#769=EDGE_CURVE('',#919,#915,#1029,.T.);
#770=EDGE_CURVE('',#912,#910,#1030,.T.);
#771=EDGE_CURVE('',#909,#904,#1031,.T.);
#772=EDGE_CURVE('',#903,#901,#1032,.T.);
#773=EDGE_CURVE('',#897,#893,#1033,.T.);
#774=EDGE_CURVE('',#942,#942,#1034,.T.);
#775=EDGE_CURVE('',#943,#943,#1035,.F.);
#776=EDGE_CURVE('',#944,#944,#1036,.T.);
#777=EDGE_CURVE('',#945,#945,#1037,.F.);
#778=EDGE_CURVE('',#946,#946,#1038,.T.);
#779=EDGE_CURVE('',#947,#947,#1039,.F.);
#780=EDGE_CURVE('',#948,#948,#1040,.T.);
#781=EDGE_CURVE('',#949,#949,#1041,.F.);
#782=EDGE_CURVE('',#950,#950,#1042,.T.);
#783=EDGE_CURVE('',#951,#951,#1043,.F.);
#784=EDGE_CURVE('',#952,#952,#1044,.T.);
#785=EDGE_CURVE('',#953,#953,#1045,.F.);
#786=EDGE_CURVE('',#905,#908,#1046,.F.);
#787=EDGE_CURVE('',#907,#911,#1047,.F.);
#788=EDGE_CURVE('',#862,#859,#122,.T.);
#789=EDGE_CURVE('',#916,#918,#1048,.F.);
#790=EDGE_CURVE('',#917,#926,#1049,.F.);
#791=EDGE_CURVE('',#861,#925,#123,.T.);
#792=EDGE_CURVE('',#954,#954,#1050,.T.);
#793=EDGE_CURVE('',#955,#955,#1051,.T.);
#794=EDGE_CURVE('',#883,#886,#1052,.F.);
#795=EDGE_CURVE('',#894,#896,#1053,.F.);
#796=EDGE_CURVE('',#902,#906,#1054,.F.);
#797=EDGE_CURVE('',#858,#956,#124,.T.);
#798=EDGE_CURVE('',#957,#956,#125,.T.);
#799=EDGE_CURVE('',#924,#957,#126,.T.);
#800=EDGE_CURVE('',#923,#884,#1055,.F.);
#801=EDGE_CURVE('',#958,#860,#127,.T.);
#802=EDGE_CURVE('',#958,#959,#128,.T.);
#803=EDGE_CURVE('',#959,#956,#129,.T.);
#804=EDGE_CURVE('',#960,#927,#130,.T.);
#805=EDGE_CURVE('',#958,#960,#131,.T.);
#806=EDGE_CURVE('',#961,#957,#132,.T.);
#807=EDGE_CURVE('',#960,#961,#133,.T.);
#808=EDGE_CURVE('',#962,#962,#1056,.T.);
#809=EDGE_CURVE('',#963,#963,#1057,.T.);
#810=EDGE_CURVE('',#961,#959,#134,.T.);
#811=EDGE_CURVE('',#964,#965,#135,.T.);
#812=EDGE_CURVE('',#966,#964,#136,.T.);
#813=EDGE_CURVE('',#966,#967,#137,.T.);
#814=EDGE_CURVE('',#967,#965,#138,.T.);
#815=EDGE_CURVE('',#968,#964,#139,.T.);
#816=EDGE_CURVE('',#969,#968,#140,.T.);
#817=EDGE_CURVE('',#969,#966,#141,.T.);
#818=EDGE_CURVE('',#970,#968,#142,.T.);
#819=EDGE_CURVE('',#971,#970,#143,.T.);
#820=EDGE_CURVE('',#971,#969,#144,.T.);
#821=EDGE_CURVE('',#972,#970,#145,.T.);
#822=EDGE_CURVE('',#973,#972,#146,.T.);
#823=EDGE_CURVE('',#973,#971,#147,.T.);
#824=EDGE_CURVE('',#965,#972,#148,.T.);
#825=EDGE_CURVE('',#967,#973,#149,.T.);
#826=EDGE_CURVE('',#974,#975,#150,.T.);
#827=EDGE_CURVE('',#975,#976,#1058,.T.);
#828=EDGE_CURVE('',#976,#977,#151,.T.);
#829=EDGE_CURVE('',#977,#978,#1059,.T.);
#830=EDGE_CURVE('',#978,#979,#152,.T.);
#831=EDGE_CURVE('',#979,#980,#1060,.T.);
#832=EDGE_CURVE('',#980,#981,#153,.T.);
#833=EDGE_CURVE('',#981,#974,#1061,.T.);
#834=EDGE_CURVE('',#982,#928,#154,.T.);
#835=EDGE_CURVE('',#982,#983,#1062,.T.);
#836=EDGE_CURVE('',#983,#930,#155,.T.);
#837=EDGE_CURVE('',#984,#929,#156,.T.);
#838=EDGE_CURVE('',#982,#984,#157,.T.);
#839=EDGE_CURVE('',#985,#935,#158,.T.);
#840=EDGE_CURVE('',#985,#984,#1063,.T.);
#841=EDGE_CURVE('',#986,#934,#159,.T.);
#842=EDGE_CURVE('',#985,#986,#160,.T.);
#843=EDGE_CURVE('',#987,#933,#161,.T.);
#844=EDGE_CURVE('',#987,#986,#1064,.T.);
#845=EDGE_CURVE('',#988,#932,#162,.T.);
#846=EDGE_CURVE('',#987,#988,#163,.T.);
#847=EDGE_CURVE('',#989,#931,#164,.T.);
#848=EDGE_CURVE('',#989,#988,#1065,.T.);
#849=EDGE_CURVE('',#989,#983,#165,.T.);
#850=EDGE_CURVE('',#871,#979,#1066,.T.);
#851=EDGE_CURVE('',#980,#873,#1067,.T.);
#852=EDGE_CURVE('',#981,#875,#1068,.T.);
#853=EDGE_CURVE('',#869,#978,#1069,.T.);
#854=EDGE_CURVE('',#974,#877,#1070,.T.);
#855=EDGE_CURVE('',#865,#977,#1071,.T.);
#856=EDGE_CURVE('',#975,#879,#1072,.T.);
#857=EDGE_CURVE('',#867,#976,#1073,.T.);
#858=VERTEX_POINT('',#2068);
#859=VERTEX_POINT('',#2069);
#860=VERTEX_POINT('',#2073);
#861=VERTEX_POINT('',#2074);
#862=VERTEX_POINT('',#2076);
#863=VERTEX_POINT('',#2078);
#864=VERTEX_POINT('',#2080);
#865=VERTEX_POINT('',#2084);
#866=VERTEX_POINT('',#2085);
#867=VERTEX_POINT('',#2087);
#868=VERTEX_POINT('',#2089);
#869=VERTEX_POINT('',#2093);
#870=VERTEX_POINT('',#2094);
#871=VERTEX_POINT('',#2099);
#872=VERTEX_POINT('',#2100);
#873=VERTEX_POINT('',#2105);
#874=VERTEX_POINT('',#2106);
#875=VERTEX_POINT('',#2111);
#876=VERTEX_POINT('',#2112);
#877=VERTEX_POINT('',#2117);
#878=VERTEX_POINT('',#2118);
#879=VERTEX_POINT('',#2123);
#880=VERTEX_POINT('',#2124);
#881=VERTEX_POINT('',#2129);
#882=VERTEX_POINT('',#2130);
#883=VERTEX_POINT('',#2132);
#884=VERTEX_POINT('',#2134);
#885=VERTEX_POINT('',#2138);
#886=VERTEX_POINT('',#2139);
#887=VERTEX_POINT('',#2141);
#888=VERTEX_POINT('',#2143);
#889=VERTEX_POINT('',#2147);
#890=VERTEX_POINT('',#2149);
#891=VERTEX_POINT('',#2153);
#892=VERTEX_POINT('',#2155);
#893=VERTEX_POINT('',#2159);
#894=VERTEX_POINT('',#2161);
#895=VERTEX_POINT('',#2165);
#896=VERTEX_POINT('',#2166);
#897=VERTEX_POINT('',#2168);
#898=VERTEX_POINT('',#2170);
#899=VERTEX_POINT('',#2174);
#900=VERTEX_POINT('',#2176);
#901=VERTEX_POINT('',#2180);
#902=VERTEX_POINT('',#2182);
#903=VERTEX_POINT('',#2186);
#904=VERTEX_POINT('',#2187);
#905=VERTEX_POINT('',#2189);
#906=VERTEX_POINT('',#2192);
#907=VERTEX_POINT('',#2196);
#908=VERTEX_POINT('',#2197);
#909=VERTEX_POINT('',#2199);
#910=VERTEX_POINT('',#2201);
#911=VERTEX_POINT('',#2205);
#912=VERTEX_POINT('',#2207);
#913=VERTEX_POINT('',#2209);
#914=VERTEX_POINT('',#2213);
#915=VERTEX_POINT('',#2217);
#916=VERTEX_POINT('',#2219);
#917=VERTEX_POINT('',#2223);
#918=VERTEX_POINT('',#2224);
#919=VERTEX_POINT('',#2226);
#920=VERTEX_POINT('',#2228);
#921=VERTEX_POINT('',#2232);
#922=VERTEX_POINT('',#2233);
#923=VERTEX_POINT('',#2235);
#924=VERTEX_POINT('',#2237);
#925=VERTEX_POINT('',#2239);
#926=VERTEX_POINT('',#2241);
#927=VERTEX_POINT('',#2248);
#928=VERTEX_POINT('',#2252);
#929=VERTEX_POINT('',#2253);
#930=VERTEX_POINT('',#2255);
#931=VERTEX_POINT('',#2257);
#932=VERTEX_POINT('',#2259);
#933=VERTEX_POINT('',#2261);
#934=VERTEX_POINT('',#2263);
#935=VERTEX_POINT('',#2265);
#936=VERTEX_POINT('',#2268);
#937=VERTEX_POINT('',#2270);
#938=VERTEX_POINT('',#2272);
#939=VERTEX_POINT('',#2274);
#940=VERTEX_POINT('',#2276);
#941=VERTEX_POINT('',#2278);
#942=VERTEX_POINT('',#2289);
#943=VERTEX_POINT('',#2292);
#944=VERTEX_POINT('',#2295);
#945=VERTEX_POINT('',#2298);
#946=VERTEX_POINT('',#2301);
#947=VERTEX_POINT('',#2304);
#948=VERTEX_POINT('',#2307);
#949=VERTEX_POINT('',#2310);
#950=VERTEX_POINT('',#2313);
#951=VERTEX_POINT('',#2316);
#952=VERTEX_POINT('',#2319);
#953=VERTEX_POINT('',#2322);
#954=VERTEX_POINT('',#2333);
#955=VERTEX_POINT('',#2335);
#956=VERTEX_POINT('',#2340);
#957=VERTEX_POINT('',#2342);
#958=VERTEX_POINT('',#2347);
#959=VERTEX_POINT('',#2349);
#960=VERTEX_POINT('',#2353);
#961=VERTEX_POINT('',#2357);
#962=VERTEX_POINT('',#2361);
#963=VERTEX_POINT('',#2364);
#964=VERTEX_POINT('',#2369);
#965=VERTEX_POINT('',#2370);
#966=VERTEX_POINT('',#2372);
#967=VERTEX_POINT('',#2374);
#968=VERTEX_POINT('',#2378);
#969=VERTEX_POINT('',#2380);
#970=VERTEX_POINT('',#2384);
#971=VERTEX_POINT('',#2386);
#972=VERTEX_POINT('',#2390);
#973=VERTEX_POINT('',#2392);
#974=VERTEX_POINT('',#2399);
#975=VERTEX_POINT('',#2400);
#976=VERTEX_POINT('',#2402);
#977=VERTEX_POINT('',#2404);
#978=VERTEX_POINT('',#2406);
#979=VERTEX_POINT('',#2408);
#980=VERTEX_POINT('',#2410);
#981=VERTEX_POINT('',#2412);
#982=VERTEX_POINT('',#2417);
#983=VERTEX_POINT('',#2419);
#984=VERTEX_POINT('',#2423);
#985=VERTEX_POINT('',#2427);
#986=VERTEX_POINT('',#2431);
#987=VERTEX_POINT('',#2435);
#988=VERTEX_POINT('',#2439);
#989=VERTEX_POINT('',#2443);
#990=CIRCLE('',#1444,0.0021);
#991=CIRCLE('',#1446,0.0021);
#992=CIRCLE('',#1447,0.0021);
#993=CIRCLE('',#1450,0.00500000117298701);
#994=CIRCLE('',#1451,0.00500000117298701);
#995=CIRCLE('',#1454,0.00500000117298701);
#996=CIRCLE('',#1455,0.00500000117298701);
#997=CIRCLE('',#1458,0.005000001172987);
#998=CIRCLE('',#1459,0.005000001172987);
#999=CIRCLE('',#1464,0.0021);
#1000=CIRCLE('',#1465,0.0021);
#1001=CIRCLE('',#1470,0.00200000117298701);
#1002=CIRCLE('',#1471,0.00200000117298701);
#1003=CIRCLE('',#1474,0.0021);
#1004=CIRCLE('',#1475,0.0021);
#1005=CIRCLE('',#1476,0.0021);
#1006=CIRCLE('',#1479,0.0021);
#1007=CIRCLE('',#1480,0.0021);
#1008=CIRCLE('',#1483,0.0021);
#1009=CIRCLE('',#1484,0.0021);
#1010=CIRCLE('',#1487,0.0021);
#1011=CIRCLE('',#1488,0.0021);
#1012=CIRCLE('',#1489,0.0021);
#1013=CIRCLE('',#1490,0.0021);
#1014=CIRCLE('',#1492,0.005000001172987);
#1015=CIRCLE('',#1493,0.005000001172987);
#1016=CIRCLE('',#1496,0.003200001172987);
#1017=CIRCLE('',#1497,0.003200001172987);
#1018=CIRCLE('',#1498,0.003200001172987);
#1019=CIRCLE('',#1499,0.00320000117298701);
#1020=CIRCLE('',#1500,0.00075);
#1021=CIRCLE('',#1501,0.00075);
#1022=CIRCLE('',#1502,0.00075);
#1023=CIRCLE('',#1503,0.00075);
#1024=CIRCLE('',#1504,0.00075);
#1025=CIRCLE('',#1505,0.00075);
#1026=CIRCLE('',#1506,0.0005);
#1027=CIRCLE('',#1507,0.0005);
#1028=CIRCLE('',#1508,0.0005);
#1029=CIRCLE('',#1509,0.0005);
#1030=CIRCLE('',#1510,0.0005);
#1031=CIRCLE('',#1511,0.0005);
#1032=CIRCLE('',#1512,0.0005);
#1033=CIRCLE('',#1513,0.0005);
#1034=CIRCLE('',#1515,0.00075);
#1035=CIRCLE('',#1517,0.00025);
#1036=CIRCLE('',#1519,0.00075);
#1037=CIRCLE('',#1521,0.00025);
#1038=CIRCLE('',#1523,0.00075);
#1039=CIRCLE('',#1525,0.00025);
#1040=CIRCLE('',#1527,0.00075);
#1041=CIRCLE('',#1529,0.00025);
#1042=CIRCLE('',#1531,0.00075);
#1043=CIRCLE('',#1533,0.00025);
#1044=CIRCLE('',#1535,0.00075);
#1045=CIRCLE('',#1537,0.00025);
#1046=CIRCLE('',#1539,0.0005);
#1047=CIRCLE('',#1540,0.0005);
#1048=CIRCLE('',#1542,0.0005);
#1049=CIRCLE('',#1543,0.0005);
#1050=CIRCLE('',#1545,0.0044);
#1051=CIRCLE('',#1546,0.0044);
#1052=CIRCLE('',#1547,0.0005);
#1053=CIRCLE('',#1548,0.0005);
#1054=CIRCLE('',#1549,0.0005);
#1055=CIRCLE('',#1550,0.0005);
#1056=CIRCLE('',#1555,0.0044);
#1057=CIRCLE('',#1557,0.0044);
#1058=CIRCLE('',#1565,0.00300000117298701);
#1059=CIRCLE('',#1566,0.00300000117298701);
#1060=CIRCLE('',#1567,0.00300000117298701);
#1061=CIRCLE('',#1568,0.00300000117298701);
#1062=CIRCLE('',#1571,0.003200001172987);
#1063=CIRCLE('',#1574,0.00320000117298701);
#1064=CIRCLE('',#1577,0.003200001172987);
#1065=CIRCLE('',#1580,0.003200001172987);
#1066=CIRCLE('',#1584,0.002);
#1067=CIRCLE('',#1585,0.002);
#1068=CIRCLE('',#1587,0.002);
#1069=CIRCLE('',#1589,0.002);
#1070=CIRCLE('',#1591,0.002);
#1071=CIRCLE('',#1593,0.002);
#1072=CIRCLE('',#1595,0.002);
#1073=CIRCLE('',#1597,0.002);
#1074=EDGE_LOOP('',(#276,#277));
#1075=EDGE_LOOP('',(#278,#279,#280,#281,#282));
#1076=EDGE_LOOP('',(#283,#284,#285,#286));
#1077=EDGE_LOOP('',(#287,#288,#289,#290));
#1078=EDGE_LOOP('',(#291,#292,#293,#294));
#1079=EDGE_LOOP('',(#295,#296,#297,#298));
#1080=EDGE_LOOP('',(#299,#300,#301,#302));
#1081=EDGE_LOOP('',(#303,#304,#305,#306));
#1082=EDGE_LOOP('',(#307,#308,#309,#310));
#1083=EDGE_LOOP('',(#311,#312,#313,#314));
#1084=EDGE_LOOP('',(#315,#316,#317,#318));
#1085=EDGE_LOOP('',(#319,#320,#321,#322));
#1086=EDGE_LOOP('',(#323,#324,#325,#326));
#1087=EDGE_LOOP('',(#327,#328,#329,#330));
#1088=EDGE_LOOP('',(#331,#332,#333,#334));
#1089=EDGE_LOOP('',(#335,#336,#337,#338));
#1090=EDGE_LOOP('',(#339,#340,#341,#342));
#1091=EDGE_LOOP('',(#343,#344,#345,#346,#347,#348));
#1092=EDGE_LOOP('',(#349,#350,#351,#352));
#1093=EDGE_LOOP('',(#353,#354,#355,#356,#357));
#1094=EDGE_LOOP('',(#358,#359,#360,#361));
#1095=EDGE_LOOP('',(#362,#363,#364,#365,#366));
#1096=EDGE_LOOP('',(#367,#368,#369,#370));
#1097=EDGE_LOOP('',(#371,#372,#373,#374,#375,#376));
#1098=EDGE_LOOP('',(#377,#378,#379,#380));
#1099=EDGE_LOOP('',(#381,#382,#383));
#1100=EDGE_LOOP('',(#384,#385,#386,#387,#388,#389,#390,#391));
#1101=EDGE_LOOP('',(#392));
#1102=EDGE_LOOP('',(#393));
#1103=EDGE_LOOP('',(#394));
#1104=EDGE_LOOP('',(#395));
#1105=EDGE_LOOP('',(#396));
#1106=EDGE_LOOP('',(#397));
#1107=EDGE_LOOP('',(#398,#399,#400,#401,#402,#403,#404,#405,#406,#407,#408,
#409,#410,#411,#412,#413,#414,#415,#416,#417,#418,#419,#420));
#1108=EDGE_LOOP('',(#421));
#1109=EDGE_LOOP('',(#422));
#1110=EDGE_LOOP('',(#423));
#1111=EDGE_LOOP('',(#424));
#1112=EDGE_LOOP('',(#425));
#1113=EDGE_LOOP('',(#426));
#1114=EDGE_LOOP('',(#427));
#1115=EDGE_LOOP('',(#428));
#1116=EDGE_LOOP('',(#429));
#1117=EDGE_LOOP('',(#430));
#1118=EDGE_LOOP('',(#431));
#1119=EDGE_LOOP('',(#432));
#1120=EDGE_LOOP('',(#433));
#1121=EDGE_LOOP('',(#434));
#1122=EDGE_LOOP('',(#435));
#1123=EDGE_LOOP('',(#436));
#1124=EDGE_LOOP('',(#437));
#1125=EDGE_LOOP('',(#438));
#1126=EDGE_LOOP('',(#439,#440,#441,#442,#443,#444));
#1127=EDGE_LOOP('',(#445,#446,#447,#448,#449,#450));
#1128=EDGE_LOOP('',(#451));
#1129=EDGE_LOOP('',(#452));
#1130=EDGE_LOOP('',(#453,#454,#455,#456,#457,#458,#459,#460,#461,#462,#463,
#464,#465,#466,#467,#468,#469));
#1131=EDGE_LOOP('',(#470,#471,#472,#473,#474,#475,#476));
#1132=EDGE_LOOP('',(#477,#478,#479,#480,#481,#482));
#1133=EDGE_LOOP('',(#483,#484,#485,#486,#487));
#1134=EDGE_LOOP('',(#488));
#1135=EDGE_LOOP('',(#489));
#1136=EDGE_LOOP('',(#490));
#1137=EDGE_LOOP('',(#491));
#1138=EDGE_LOOP('',(#492,#493,#494,#495));
#1139=EDGE_LOOP('',(#496,#497,#498,#499));
#1140=EDGE_LOOP('',(#500,#501,#502,#503));
#1141=EDGE_LOOP('',(#504,#505,#506,#507));
#1142=EDGE_LOOP('',(#508,#509,#510,#511));
#1143=EDGE_LOOP('',(#512,#513,#514,#515));
#1144=EDGE_LOOP('',(#516,#517,#518,#519,#520,#521,#522,#523));
#1145=EDGE_LOOP('',(#524,#525,#526,#527,#528));
#1146=EDGE_LOOP('',(#529));
#1147=EDGE_LOOP('',(#530));
#1148=EDGE_LOOP('',(#531,#532,#533,#534));
#1149=EDGE_LOOP('',(#535,#536,#537,#538,#539));
#1150=EDGE_LOOP('',(#540,#541,#542,#543));
#1151=EDGE_LOOP('',(#544,#545,#546,#547));
#1152=EDGE_LOOP('',(#548,#549,#550,#551));
#1153=EDGE_LOOP('',(#552,#553,#554,#555));
#1154=EDGE_LOOP('',(#556,#557,#558,#559));
#1155=EDGE_LOOP('',(#560,#561,#562,#563));
#1156=EDGE_LOOP('',(#564,#565,#566,#567));
#1157=EDGE_LOOP('',(#568,#569,#570,#571));
#1158=EDGE_LOOP('',(#572,#573,#574,#575,#576,#577,#578,#579));
#1159=EDGE_LOOP('',(#580,#581,#582,#583,#584,#585,#586,#587));
#1160=EDGE_LOOP('',(#588,#589,#590,#591));
#1161=EDGE_LOOP('',(#592,#593,#594,#595));
#1162=EDGE_LOOP('',(#596,#597,#598,#599));
#1163=EDGE_LOOP('',(#600,#601,#602,#603));
#1164=EDGE_LOOP('',(#604,#605,#606,#607));
#1165=EDGE_LOOP('',(#608,#609,#610,#611));
#1166=EDGE_LOOP('',(#612,#613,#614,#615));
#1167=EDGE_LOOP('',(#616,#617,#618,#619));
#1168=EDGE_LOOP('',(#620,#621,#622,#623));
#1169=EDGE_LOOP('',(#624,#625,#626,#627));
#1170=EDGE_LOOP('',(#628,#629,#630,#631));
#1171=EDGE_LOOP('',(#632,#633,#634,#635));
#1172=EDGE_LOOP('',(#636,#637,#638,#639));
#1173=EDGE_LOOP('',(#640,#641,#642,#643));
#1174=EDGE_LOOP('',(#644,#645,#646,#647));
#1175=EDGE_LOOP('',(#648,#649,#650,#651));
#1176=EDGE_LOOP('',(#652));
#1177=EDGE_LOOP('',(#653));
#1178=EDGE_LOOP('',(#654));
#1179=EDGE_LOOP('',(#655));
#1180=EDGE_LOOP('',(#656));
#1181=EDGE_LOOP('',(#657));
#1182=EDGE_LOOP('',(#658));
#1183=EDGE_LOOP('',(#659));
#1184=EDGE_LOOP('',(#660));
#1185=EDGE_LOOP('',(#661));
#1186=EDGE_LOOP('',(#662));
#1187=EDGE_LOOP('',(#663));
#1188=FACE_BOUND('',#1074,.T.);
#1189=FACE_BOUND('',#1075,.T.);
#1190=FACE_BOUND('',#1076,.T.);
#1191=FACE_BOUND('',#1077,.T.);
#1192=FACE_BOUND('',#1078,.T.);
#1193=FACE_BOUND('',#1079,.T.);
#1194=FACE_BOUND('',#1080,.T.);
#1195=FACE_BOUND('',#1081,.T.);
#1196=FACE_BOUND('',#1082,.T.);
#1197=FACE_BOUND('',#1083,.T.);
#1198=FACE_BOUND('',#1084,.T.);
#1199=FACE_BOUND('',#1085,.T.);
#1200=FACE_BOUND('',#1086,.T.);
#1201=FACE_BOUND('',#1087,.T.);
#1202=FACE_BOUND('',#1088,.T.);
#1203=FACE_BOUND('',#1089,.T.);
#1204=FACE_BOUND('',#1090,.T.);
#1205=FACE_BOUND('',#1091,.T.);
#1206=FACE_BOUND('',#1092,.T.);
#1207=FACE_BOUND('',#1093,.T.);
#1208=FACE_BOUND('',#1094,.T.);
#1209=FACE_BOUND('',#1095,.T.);
#1210=FACE_BOUND('',#1096,.T.);
#1211=FACE_BOUND('',#1097,.T.);
#1212=FACE_BOUND('',#1098,.T.);
#1213=FACE_BOUND('',#1099,.T.);
#1214=FACE_BOUND('',#1100,.T.);
#1215=FACE_BOUND('',#1101,.T.);
#1216=FACE_BOUND('',#1102,.T.);
#1217=FACE_BOUND('',#1103,.T.);
#1218=FACE_BOUND('',#1104,.T.);
#1219=FACE_BOUND('',#1105,.T.);
#1220=FACE_BOUND('',#1106,.T.);
#1221=FACE_BOUND('',#1107,.T.);
#1222=FACE_BOUND('',#1108,.T.);
#1223=FACE_BOUND('',#1109,.T.);
#1224=FACE_BOUND('',#1110,.T.);
#1225=FACE_BOUND('',#1111,.T.);
#1226=FACE_BOUND('',#1112,.T.);
#1227=FACE_BOUND('',#1113,.T.);
#1228=FACE_BOUND('',#1114,.T.);
#1229=FACE_BOUND('',#1115,.T.);
#1230=FACE_BOUND('',#1116,.T.);
#1231=FACE_BOUND('',#1117,.T.);
#1232=FACE_BOUND('',#1118,.T.);
#1233=FACE_BOUND('',#1119,.T.);
#1234=FACE_BOUND('',#1120,.T.);
#1235=FACE_BOUND('',#1121,.T.);
#1236=FACE_BOUND('',#1122,.T.);
#1237=FACE_BOUND('',#1123,.T.);
#1238=FACE_BOUND('',#1124,.T.);
#1239=FACE_BOUND('',#1125,.T.);
#1240=FACE_BOUND('',#1126,.T.);
#1241=FACE_BOUND('',#1127,.T.);
#1242=FACE_BOUND('',#1128,.T.);
#1243=FACE_BOUND('',#1129,.T.);
#1244=FACE_BOUND('',#1130,.T.);
#1245=FACE_BOUND('',#1131,.T.);
#1246=FACE_BOUND('',#1132,.T.);
#1247=FACE_BOUND('',#1133,.T.);
#1248=FACE_BOUND('',#1134,.T.);
#1249=FACE_BOUND('',#1135,.T.);
#1250=FACE_BOUND('',#1136,.T.);
#1251=FACE_BOUND('',#1137,.T.);
#1252=FACE_BOUND('',#1138,.T.);
#1253=FACE_BOUND('',#1139,.T.);
#1254=FACE_BOUND('',#1140,.T.);
#1255=FACE_BOUND('',#1141,.T.);
#1256=FACE_BOUND('',#1142,.T.);
#1257=FACE_BOUND('',#1143,.T.);
#1258=FACE_BOUND('',#1144,.T.);
#1259=FACE_BOUND('',#1145,.T.);
#1260=FACE_BOUND('',#1146,.T.);
#1261=FACE_BOUND('',#1147,.T.);
#1262=FACE_BOUND('',#1148,.T.);
#1263=FACE_BOUND('',#1149,.T.);
#1264=FACE_BOUND('',#1150,.T.);
#1265=FACE_BOUND('',#1151,.T.);
#1266=FACE_BOUND('',#1152,.T.);
#1267=FACE_BOUND('',#1153,.T.);
#1268=FACE_BOUND('',#1154,.T.);
#1269=FACE_BOUND('',#1155,.T.);
#1270=FACE_BOUND('',#1156,.T.);
#1271=FACE_BOUND('',#1157,.T.);
#1272=FACE_BOUND('',#1158,.T.);
#1273=FACE_BOUND('',#1159,.T.);
#1274=FACE_BOUND('',#1160,.T.);
#1275=FACE_BOUND('',#1161,.T.);
#1276=FACE_BOUND('',#1162,.T.);
#1277=FACE_BOUND('',#1163,.T.);
#1278=FACE_BOUND('',#1164,.T.);
#1279=FACE_BOUND('',#1165,.T.);
#1280=FACE_BOUND('',#1166,.T.);
#1281=FACE_BOUND('',#1167,.T.);
#1282=FACE_BOUND('',#1168,.T.);
#1283=FACE_BOUND('',#1169,.T.);
#1284=FACE_BOUND('',#1170,.T.);
#1285=FACE_BOUND('',#1171,.T.);
#1286=FACE_BOUND('',#1172,.T.);
#1287=FACE_BOUND('',#1173,.T.);
#1288=FACE_BOUND('',#1174,.T.);
#1289=FACE_BOUND('',#1175,.T.);
#1290=FACE_BOUND('',#1176,.T.);
#1291=FACE_BOUND('',#1177,.T.);
#1292=FACE_BOUND('',#1178,.T.);
#1293=FACE_BOUND('',#1179,.T.);
#1294=FACE_BOUND('',#1180,.T.);
#1295=FACE_BOUND('',#1181,.T.);
#1296=FACE_BOUND('',#1182,.T.);
#1297=FACE_BOUND('',#1183,.T.);
#1298=FACE_BOUND('',#1184,.T.);
#1299=FACE_BOUND('',#1185,.T.);
#1300=FACE_BOUND('',#1186,.T.);
#1301=FACE_BOUND('',#1187,.T.);
#1302=PLANE('',#1443);
#1303=PLANE('',#1445);
#1304=PLANE('',#1448);
#1305=PLANE('',#1452);
#1306=PLANE('',#1456);
#1307=PLANE('',#1460);
#1308=PLANE('',#1461);
#1309=PLANE('',#1462);
#1310=PLANE('',#1466);
#1311=PLANE('',#1467);
#1312=PLANE('',#1468);
#1313=PLANE('',#1472);
#1314=PLANE('',#1477);
#1315=PLANE('',#1481);
#1316=PLANE('',#1485);
#1317=PLANE('',#1494);
#1318=PLANE('',#1495);
#1319=PLANE('',#1516);
#1320=PLANE('',#1520);
#1321=PLANE('',#1524);
#1322=PLANE('',#1528);
#1323=PLANE('',#1532);
#1324=PLANE('',#1536);
#1325=PLANE('',#1538);
#1326=PLANE('',#1541);
#1327=PLANE('',#1544);
#1328=PLANE('',#1551);
#1329=PLANE('',#1552);
#1330=PLANE('',#1553);
#1331=PLANE('',#1558);
#1332=PLANE('',#1559);
#1333=PLANE('',#1560);
#1334=PLANE('',#1561);
#1335=PLANE('',#1562);
#1336=PLANE('',#1563);
#1337=PLANE('',#1564);
#1338=PLANE('',#1569);
#1339=PLANE('',#1572);
#1340=PLANE('',#1575);
#1341=PLANE('',#1578);
#1342=PLANE('',#1581);
#1343=PLANE('',#1582);
#1344=ADVANCED_FACE('',(#1188),#1302,.T.);
#1345=ADVANCED_FACE('',(#1189),#1303,.T.);
#1346=ADVANCED_FACE('',(#1190),#1304,.F.);
#1347=ADVANCED_FACE('',(#1191),#22,.T.);
#1348=ADVANCED_FACE('',(#1192),#1305,.F.);
#1349=ADVANCED_FACE('',(#1193),#23,.T.);
#1350=ADVANCED_FACE('',(#1194),#1306,.F.);
#1351=ADVANCED_FACE('',(#1195),#24,.T.);
#1352=ADVANCED_FACE('',(#1196),#1307,.F.);
#1353=ADVANCED_FACE('',(#1197),#1308,.T.);
#1354=ADVANCED_FACE('',(#1198),#1309,.T.);
#1355=ADVANCED_FACE('',(#1199),#25,.T.);
#1356=ADVANCED_FACE('',(#1200),#1310,.F.);
#1357=ADVANCED_FACE('',(#1201),#1311,.F.);
#1358=ADVANCED_FACE('',(#1202),#1312,.T.);
#1359=ADVANCED_FACE('',(#1203),#26,.F.);
#1360=ADVANCED_FACE('',(#1204),#1313,.T.);
#1361=ADVANCED_FACE('',(#1205),#27,.T.);
#1362=ADVANCED_FACE('',(#1206),#1314,.T.);
#1363=ADVANCED_FACE('',(#1207),#28,.T.);
#1364=ADVANCED_FACE('',(#1208),#1315,.T.);
#1365=ADVANCED_FACE('',(#1209),#29,.T.);
#1366=ADVANCED_FACE('',(#1210),#1316,.T.);
#1367=ADVANCED_FACE('',(#1211),#30,.T.);
#1368=ADVANCED_FACE('',(#1212),#31,.T.);
#1369=ADVANCED_FACE('',(#1213),#1317,.T.);
#1370=ADVANCED_FACE('',(#1214,#1215,#1216,#1217,#1218,#1219,#1220,#1221),
#1318,.F.);
#1371=ADVANCED_FACE('',(#1222,#1223),#32,.T.);
#1372=ADVANCED_FACE('',(#1224),#1319,.F.);
#1373=ADVANCED_FACE('',(#1225,#1226),#33,.T.);
#1374=ADVANCED_FACE('',(#1227),#1320,.F.);
#1375=ADVANCED_FACE('',(#1228,#1229),#34,.T.);
#1376=ADVANCED_FACE('',(#1230),#1321,.F.);
#1377=ADVANCED_FACE('',(#1231,#1232),#35,.T.);
#1378=ADVANCED_FACE('',(#1233),#1322,.F.);
#1379=ADVANCED_FACE('',(#1234,#1235),#36,.T.);
#1380=ADVANCED_FACE('',(#1236),#1323,.F.);
#1381=ADVANCED_FACE('',(#1237,#1238),#37,.T.);
#1382=ADVANCED_FACE('',(#1239),#1324,.F.);
#1383=ADVANCED_FACE('',(#1240),#1325,.F.);
#1384=ADVANCED_FACE('',(#1241),#1326,.F.);
#1385=ADVANCED_FACE('',(#1242,#1243,#1244),#1327,.F.);
#1386=ADVANCED_FACE('',(#1245),#1328,.T.);
#1387=ADVANCED_FACE('',(#1246),#1329,.F.);
#1388=ADVANCED_FACE('',(#1247),#1330,.F.);
#1389=ADVANCED_FACE('',(#1248,#1249),#38,.F.);
#1390=ADVANCED_FACE('',(#1250,#1251),#39,.F.);
#1391=ADVANCED_FACE('',(#1252),#1331,.F.);
#1392=ADVANCED_FACE('',(#1253),#1332,.T.);
#1393=ADVANCED_FACE('',(#1254),#1333,.T.);
#1394=ADVANCED_FACE('',(#1255),#1334,.T.);
#1395=ADVANCED_FACE('',(#1256),#1335,.T.);
#1396=ADVANCED_FACE('',(#1257),#1336,.T.);
#1397=ADVANCED_FACE('',(#1258,#1259,#1260,#1261),#1337,.T.);
#1398=ADVANCED_FACE('',(#1262,#1263),#1338,.F.);
#1399=ADVANCED_FACE('',(#1264),#40,.F.);
#1400=ADVANCED_FACE('',(#1265),#1339,.F.);
#1401=ADVANCED_FACE('',(#1266),#41,.F.);
#1402=ADVANCED_FACE('',(#1267),#1340,.F.);
#1403=ADVANCED_FACE('',(#1268),#42,.F.);
#1404=ADVANCED_FACE('',(#1269),#1341,.F.);
#1405=ADVANCED_FACE('',(#1270),#43,.F.);
#1406=ADVANCED_FACE('',(#1271),#1342,.F.);
#1407=ADVANCED_FACE('',(#1272,#1273),#1343,.T.);
#1408=ADVANCED_FACE('',(#1274),#18,.T.);
#1409=ADVANCED_FACE('',(#1275),#44,.T.);
#1410=ADVANCED_FACE('',(#1276),#45,.T.);
#1411=ADVANCED_FACE('',(#1277),#19,.T.);
#1412=ADVANCED_FACE('',(#1278),#20,.T.);
#1413=ADVANCED_FACE('',(#1279),#46,.T.);
#1414=ADVANCED_FACE('',(#1280),#47,.T.);
#1415=ADVANCED_FACE('',(#1281),#21,.T.);
#1416=ADVANCED_FACE('',(#1282),#48,.F.);
#1417=ADVANCED_FACE('',(#1283),#49,.F.);
#1418=ADVANCED_FACE('',(#1284),#50,.F.);
#1419=ADVANCED_FACE('',(#1285),#51,.F.);
#1420=ADVANCED_FACE('',(#1286),#52,.F.);
#1421=ADVANCED_FACE('',(#1287),#53,.F.);
#1422=ADVANCED_FACE('',(#1288),#54,.F.);
#1423=ADVANCED_FACE('',(#1289),#55,.F.);
#1424=ADVANCED_FACE('',(#1290,#1291),#12,.T.);
#1425=ADVANCED_FACE('',(#1292,#1293),#13,.T.);
#1426=ADVANCED_FACE('',(#1294,#1295),#14,.T.);
#1427=ADVANCED_FACE('',(#1296,#1297),#15,.T.);
#1428=ADVANCED_FACE('',(#1298,#1299),#16,.T.);
#1429=ADVANCED_FACE('',(#1300,#1301),#17,.T.);
#1430=CLOSED_SHELL('',(#1344,#1345,#1346,#1347,#1348,#1349,#1350,#1351,
#1352,#1353,#1354,#1355,#1356,#1357,#1358,#1359,#1360,#1361,#1362,#1363,
#1364,#1365,#1366,#1367,#1368,#1369,#1370,#1371,#1372,#1373,#1374,#1375,
#1376,#1377,#1378,#1379,#1380,#1381,#1382,#1383,#1384,#1385,#1386,#1387,
#1388,#1389,#1390,#1391,#1392,#1393,#1394,#1395,#1396,#1397,#1398,#1399,
#1400,#1401,#1402,#1403,#1404,#1405,#1406,#1407,#1408,#1409,#1410,#1411,
#1412,#1413,#1414,#1415,#1416,#1417,#1418,#1419,#1420,#1421,#1422,#1423,
#1424,#1425,#1426,#1427,#1428,#1429));
#1431=STYLED_ITEM('',(#1432),#1439);
#1432=PRESENTATION_STYLE_ASSIGNMENT((#1433));
#1433=SURFACE_STYLE_USAGE(.BOTH.,#1434);
#1434=SURFACE_SIDE_STYLE('',(#1435));
#1435=SURFACE_STYLE_FILL_AREA(#1436);
#1436=FILL_AREA_STYLE('',(#1437));
#1437=FILL_AREA_STYLE_COLOUR('',#1438);
#1438=COLOUR_RGB('',0.917647058823529,0.917647058823529,0.917647058823529);
#1439=MANIFOLD_SOLID_BREP('Front_Case',#1430);
#1440=SHAPE_DEFINITION_REPRESENTATION(#2484,#1441);
#1441=SHAPE_REPRESENTATION('Front_Case',(#1442),#2479);
#1442=AXIS2_PLACEMENT_3D('',#2065,#1613,#1614);
#1443=AXIS2_PLACEMENT_3D('',#2066,#1615,#1616);
#1444=AXIS2_PLACEMENT_3D('',#2067,#1617,#1618);
#1445=AXIS2_PLACEMENT_3D('',#2071,#1620,#1621);
#1446=AXIS2_PLACEMENT_3D('',#2077,#1624,#1625);
#1447=AXIS2_PLACEMENT_3D('',#2081,#1627,#1628);
#1448=AXIS2_PLACEMENT_3D('',#2082,#1629,#1630);
#1449=AXIS2_PLACEMENT_3D('',#2091,#1635,#1636);
#1450=AXIS2_PLACEMENT_3D('',#2095,#1638,#1639);
#1451=AXIS2_PLACEMENT_3D('',#2096,#1640,#1641);
#1452=AXIS2_PLACEMENT_3D('',#2097,#1642,#1643);
#1453=AXIS2_PLACEMENT_3D('',#2103,#1647,#1648);
#1454=AXIS2_PLACEMENT_3D('',#2107,#1650,#1651);
#1455=AXIS2_PLACEMENT_3D('',#2108,#1652,#1653);
#1456=AXIS2_PLACEMENT_3D('',#2109,#1654,#1655);
#1457=AXIS2_PLACEMENT_3D('',#2115,#1659,#1660);
#1458=AXIS2_PLACEMENT_3D('',#2119,#1662,#1663);
#1459=AXIS2_PLACEMENT_3D('',#2120,#1664,#1665);
#1460=AXIS2_PLACEMENT_3D('',#2121,#1666,#1667);
#1461=AXIS2_PLACEMENT_3D('',#2127,#1671,#1672);
#1462=AXIS2_PLACEMENT_3D('',#2136,#1677,#1678);
#1463=AXIS2_PLACEMENT_3D('',#2145,#1683,#1684);
#1464=AXIS2_PLACEMENT_3D('',#2146,#1685,#1686);
#1465=AXIS2_PLACEMENT_3D('',#2150,#1688,#1689);
#1466=AXIS2_PLACEMENT_3D('',#2151,#1690,#1691);
#1467=AXIS2_PLACEMENT_3D('',#2157,#1695,#1696);
#1468=AXIS2_PLACEMENT_3D('',#2163,#1700,#1701);
#1469=AXIS2_PLACEMENT_3D('',#2172,#1706,#1707);
#1470=AXIS2_PLACEMENT_3D('',#2173,#1708,#1709);
#1471=AXIS2_PLACEMENT_3D('',#2177,#1711,#1712);
#1472=AXIS2_PLACEMENT_3D('',#2178,#1713,#1714);
#1473=AXIS2_PLACEMENT_3D('',#2184,#1718,#1719);
#1474=AXIS2_PLACEMENT_3D('',#2185,#1720,#1721);
#1475=AXIS2_PLACEMENT_3D('',#2190,#1723,#1724);
#1476=AXIS2_PLACEMENT_3D('',#2191,#1725,#1726);
#1477=AXIS2_PLACEMENT_3D('',#2194,#1728,#1729);
#1478=AXIS2_PLACEMENT_3D('',#2203,#1734,#1735);
#1479=AXIS2_PLACEMENT_3D('',#2204,#1736,#1737);
#1480=AXIS2_PLACEMENT_3D('',#2208,#1739,#1740);
#1481=AXIS2_PLACEMENT_3D('',#2211,#1742,#1743);
#1482=AXIS2_PLACEMENT_3D('',#2215,#1746,#1747);
#1483=AXIS2_PLACEMENT_3D('',#2216,#1748,#1749);
#1484=AXIS2_PLACEMENT_3D('',#2220,#1751,#1752);
#1485=AXIS2_PLACEMENT_3D('',#2221,#1753,#1754);
#1486=AXIS2_PLACEMENT_3D('',#2230,#1759,#1760);
#1487=AXIS2_PLACEMENT_3D('',#2231,#1761,#1762);
#1488=AXIS2_PLACEMENT_3D('',#2236,#1764,#1765);
#1489=AXIS2_PLACEMENT_3D('',#2238,#1766,#1767);
#1490=AXIS2_PLACEMENT_3D('',#2240,#1768,#1769);
#1491=AXIS2_PLACEMENT_3D('',#2243,#1771,#1772);
#1492=AXIS2_PLACEMENT_3D('',#2244,#1773,#1774);
#1493=AXIS2_PLACEMENT_3D('',#2245,#1775,#1776);
#1494=AXIS2_PLACEMENT_3D('',#2246,#1777,#1778);
#1495=AXIS2_PLACEMENT_3D('',#2250,#1781,#1782);
#1496=AXIS2_PLACEMENT_3D('',#2254,#1784,#1785);
#1497=AXIS2_PLACEMENT_3D('',#2258,#1787,#1788);
#1498=AXIS2_PLACEMENT_3D('',#2262,#1790,#1791);
#1499=AXIS2_PLACEMENT_3D('',#2266,#1793,#1794);
#1500=AXIS2_PLACEMENT_3D('',#2267,#1795,#1796);
#1501=AXIS2_PLACEMENT_3D('',#2269,#1797,#1798);
#1502=AXIS2_PLACEMENT_3D('',#2271,#1799,#1800);
#1503=AXIS2_PLACEMENT_3D('',#2273,#1801,#1802);
#1504=AXIS2_PLACEMENT_3D('',#2275,#1803,#1804);
#1505=AXIS2_PLACEMENT_3D('',#2277,#1805,#1806);
#1506=AXIS2_PLACEMENT_3D('',#2279,#1807,#1808);
#1507=AXIS2_PLACEMENT_3D('',#2280,#1809,#1810);
#1508=AXIS2_PLACEMENT_3D('',#2281,#1811,#1812);
#1509=AXIS2_PLACEMENT_3D('',#2282,#1813,#1814);
#1510=AXIS2_PLACEMENT_3D('',#2283,#1815,#1816);
#1511=AXIS2_PLACEMENT_3D('',#2284,#1817,#1818);
#1512=AXIS2_PLACEMENT_3D('',#2285,#1819,#1820);
#1513=AXIS2_PLACEMENT_3D('',#2286,#1821,#1822);
#1514=AXIS2_PLACEMENT_3D('',#2287,#1823,#1824);
#1515=AXIS2_PLACEMENT_3D('',#2288,#1825,#1826);
#1516=AXIS2_PLACEMENT_3D('',#2290,#1827,#1828);
#1517=AXIS2_PLACEMENT_3D('',#2291,#1829,#1830);
#1518=AXIS2_PLACEMENT_3D('',#2293,#1831,#1832);
#1519=AXIS2_PLACEMENT_3D('',#2294,#1833,#1834);
#1520=AXIS2_PLACEMENT_3D('',#2296,#1835,#1836);
#1521=AXIS2_PLACEMENT_3D('',#2297,#1837,#1838);
#1522=AXIS2_PLACEMENT_3D('',#2299,#1839,#1840);
#1523=AXIS2_PLACEMENT_3D('',#2300,#1841,#1842);
#1524=AXIS2_PLACEMENT_3D('',#2302,#1843,#1844);
#1525=AXIS2_PLACEMENT_3D('',#2303,#1845,#1846);
#1526=AXIS2_PLACEMENT_3D('',#2305,#1847,#1848);
#1527=AXIS2_PLACEMENT_3D('',#2306,#1849,#1850);
#1528=AXIS2_PLACEMENT_3D('',#2308,#1851,#1852);
#1529=AXIS2_PLACEMENT_3D('',#2309,#1853,#1854);
#1530=AXIS2_PLACEMENT_3D('',#2311,#1855,#1856);
#1531=AXIS2_PLACEMENT_3D('',#2312,#1857,#1858);
#1532=AXIS2_PLACEMENT_3D('',#2314,#1859,#1860);
#1533=AXIS2_PLACEMENT_3D('',#2315,#1861,#1862);
#1534=AXIS2_PLACEMENT_3D('',#2317,#1863,#1864);
#1535=AXIS2_PLACEMENT_3D('',#2318,#1865,#1866);
#1536=AXIS2_PLACEMENT_3D('',#2320,#1867,#1868);
#1537=AXIS2_PLACEMENT_3D('',#2321,#1869,#1870);
#1538=AXIS2_PLACEMENT_3D('',#2323,#1871,#1872);
#1539=AXIS2_PLACEMENT_3D('',#2324,#1873,#1874);
#1540=AXIS2_PLACEMENT_3D('',#2325,#1875,#1876);
#1541=AXIS2_PLACEMENT_3D('',#2327,#1878,#1879);
#1542=AXIS2_PLACEMENT_3D('',#2328,#1880,#1881);
#1543=AXIS2_PLACEMENT_3D('',#2329,#1882,#1883);
#1544=AXIS2_PLACEMENT_3D('',#2331,#1885,#1886);
#1545=AXIS2_PLACEMENT_3D('',#2332,#1887,#1888);
#1546=AXIS2_PLACEMENT_3D('',#2334,#1889,#1890);
#1547=AXIS2_PLACEMENT_3D('',#2336,#1891,#1892);
#1548=AXIS2_PLACEMENT_3D('',#2337,#1893,#1894);
#1549=AXIS2_PLACEMENT_3D('',#2338,#1895,#1896);
#1550=AXIS2_PLACEMENT_3D('',#2344,#1900,#1901);
#1551=AXIS2_PLACEMENT_3D('',#2345,#1902,#1903);
#1552=AXIS2_PLACEMENT_3D('',#2351,#1907,#1908);
#1553=AXIS2_PLACEMENT_3D('',#2355,#1911,#1912);
#1554=AXIS2_PLACEMENT_3D('',#2359,#1915,#1916);
#1555=AXIS2_PLACEMENT_3D('',#2360,#1917,#1918);
#1556=AXIS2_PLACEMENT_3D('',#2362,#1919,#1920);
#1557=AXIS2_PLACEMENT_3D('',#2363,#1921,#1922);
#1558=AXIS2_PLACEMENT_3D('',#2365,#1923,#1924);
#1559=AXIS2_PLACEMENT_3D('',#2367,#1926,#1927);
#1560=AXIS2_PLACEMENT_3D('',#2376,#1932,#1933);
#1561=AXIS2_PLACEMENT_3D('',#2382,#1937,#1938);
#1562=AXIS2_PLACEMENT_3D('',#2388,#1942,#1943);
#1563=AXIS2_PLACEMENT_3D('',#2394,#1947,#1948);
#1564=AXIS2_PLACEMENT_3D('',#2397,#1951,#1952);
#1565=AXIS2_PLACEMENT_3D('',#2401,#1954,#1955);
#1566=AXIS2_PLACEMENT_3D('',#2405,#1957,#1958);
#1567=AXIS2_PLACEMENT_3D('',#2409,#1960,#1961);
#1568=AXIS2_PLACEMENT_3D('',#2413,#1963,#1964);
#1569=AXIS2_PLACEMENT_3D('',#2414,#1965,#1966);
#1570=AXIS2_PLACEMENT_3D('',#2415,#1967,#1968);
#1571=AXIS2_PLACEMENT_3D('',#2418,#1970,#1971);
#1572=AXIS2_PLACEMENT_3D('',#2421,#1973,#1974);
#1573=AXIS2_PLACEMENT_3D('',#2425,#1977,#1978);
#1574=AXIS2_PLACEMENT_3D('',#2428,#1980,#1981);
#1575=AXIS2_PLACEMENT_3D('',#2429,#1982,#1983);
#1576=AXIS2_PLACEMENT_3D('',#2433,#1986,#1987);
#1577=AXIS2_PLACEMENT_3D('',#2436,#1989,#1990);
#1578=AXIS2_PLACEMENT_3D('',#2437,#1991,#1992);
#1579=AXIS2_PLACEMENT_3D('',#2441,#1995,#1996);
#1580=AXIS2_PLACEMENT_3D('',#2444,#1998,#1999);
#1581=AXIS2_PLACEMENT_3D('',#2445,#2000,#2001);
#1582=AXIS2_PLACEMENT_3D('',#2447,#2003,#2004);
#1583=AXIS2_PLACEMENT_3D('',#2448,#2005,#2006);
#1584=AXIS2_PLACEMENT_3D('',#2449,#2007,#2008);
#1585=AXIS2_PLACEMENT_3D('',#2450,#2009,#2010);
#1586=AXIS2_PLACEMENT_3D('',#2451,#2011,#2012);
#1587=AXIS2_PLACEMENT_3D('',#2452,#2013,#2014);
#1588=AXIS2_PLACEMENT_3D('',#2453,#2015,#2016);
#1589=AXIS2_PLACEMENT_3D('',#2454,#2017,#2018);
#1590=AXIS2_PLACEMENT_3D('',#2455,#2019,#2020);
#1591=AXIS2_PLACEMENT_3D('',#2456,#2021,#2022);
#1592=AXIS2_PLACEMENT_3D('',#2457,#2023,#2024);
#1593=AXIS2_PLACEMENT_3D('',#2458,#2025,#2026);
#1594=AXIS2_PLACEMENT_3D('',#2459,#2027,#2028);
#1595=AXIS2_PLACEMENT_3D('',#2460,#2029,#2030);
#1596=AXIS2_PLACEMENT_3D('',#2461,#2031,#2032);
#1597=AXIS2_PLACEMENT_3D('',#2462,#2033,#2034);
#1598=AXIS2_PLACEMENT_3D('',#2463,#2035,#2036);
#1599=AXIS2_PLACEMENT_3D('',#2464,#2037,#2038);
#1600=AXIS2_PLACEMENT_3D('',#2465,#2039,#2040);
#1601=AXIS2_PLACEMENT_3D('',#2466,#2041,#2042);
#1602=AXIS2_PLACEMENT_3D('',#2467,#2043,#2044);
#1603=AXIS2_PLACEMENT_3D('',#2468,#2045,#2046);
#1604=AXIS2_PLACEMENT_3D('',#2469,#2047,#2048);
#1605=AXIS2_PLACEMENT_3D('',#2470,#2049,#2050);
#1606=AXIS2_PLACEMENT_3D('',#2471,#2051,#2052);
#1607=AXIS2_PLACEMENT_3D('',#2472,#2053,#2054);
#1608=AXIS2_PLACEMENT_3D('',#2473,#2055,#2056);
#1609=AXIS2_PLACEMENT_3D('',#2474,#2057,#2058);
#1610=AXIS2_PLACEMENT_3D('',#2475,#2059,#2060);
#1611=AXIS2_PLACEMENT_3D('',#2476,#2061,#2062);
#1612=AXIS2_PLACEMENT_3D('',#2477,#2063,#2064);
#1613=DIRECTION('',(0.,0.,1.));
#1614=DIRECTION('',(1.,0.,0.));
#1615=DIRECTION('',(0.,0.,-1.));
#1616=DIRECTION('',(1.,0.,0.));
#1617=DIRECTION('',(0.,0.,-1.));
#1618=DIRECTION('',(-1.,0.,0.));
#1619=DIRECTION('',(0.,-1.,0.));
#1620=DIRECTION('',(0.,0.,-1.));
#1621=DIRECTION('',(1.,0.,0.));
#1622=DIRECTION('',(-1.,0.,0.));
#1623=DIRECTION('',(0.,-1.,0.));
#1624=DIRECTION('',(0.,0.,-1.));
#1625=DIRECTION('',(-1.,0.,0.));
#1626=DIRECTION('',(-0.000955460865748524,-0.999999543547163,0.));
#1627=DIRECTION('',(0.,0.,-1.));
#1628=DIRECTION('',(-1.,0.,0.));
#1629=DIRECTION('',(-1.,0.,0.));
#1630=DIRECTION('',(0.,0.,1.));
#1631=DIRECTION('',(0.,0.,1.));
#1632=DIRECTION('',(0.,-1.,0.));
#1633=DIRECTION('',(0.,0.,1.));
#1634=DIRECTION('',(0.,-1.,0.));
#1635=DIRECTION('',(0.,0.,1.));
#1636=DIRECTION('',(1.,0.,0.));
#1637=DIRECTION('',(0.,0.,1.));
#1638=DIRECTION('',(0.,0.,-1.));
#1639=DIRECTION('',(-1.,0.,0.));
#1640=DIRECTION('',(0.,0.,-1.));
#1641=DIRECTION('',(-1.,0.,0.));
#1642=DIRECTION('',(0.,1.,0.));
#1643=DIRECTION('',(0.,0.,1.));
#1644=DIRECTION('',(0.,0.,1.));
#1645=DIRECTION('',(-1.,0.,0.));
#1646=DIRECTION('',(-1.,0.,0.));
#1647=DIRECTION('',(0.,0.,1.));
#1648=DIRECTION('',(1.,0.,0.));
#1649=DIRECTION('',(0.,0.,1.));
#1650=DIRECTION('',(0.,0.,-1.));
#1651=DIRECTION('',(-1.,0.,0.));
#1652=DIRECTION('',(0.,0.,-1.));
#1653=DIRECTION('',(-1.,0.,0.));
#1654=DIRECTION('',(1.,0.,0.));
#1655=DIRECTION('',(0.,0.,-1.));
#1656=DIRECTION('',(0.,0.,1.));
#1657=DIRECTION('',(0.,1.,0.));
#1658=DIRECTION('',(0.,1.,0.));
#1659=DIRECTION('',(0.,0.,1.));
#1660=DIRECTION('',(1.,0.,0.));
#1661=DIRECTION('',(0.,0.,1.));
#1662=DIRECTION('',(0.,0.,-1.));
#1663=DIRECTION('',(-1.,0.,0.));
#1664=DIRECTION('',(0.,0.,-1.));
#1665=DIRECTION('',(-1.,0.,0.));
#1666=DIRECTION('',(0.,-1.,0.));
#1667=DIRECTION('',(0.,0.,-1.));
#1668=DIRECTION('',(0.,0.,1.));
#1669=DIRECTION('',(1.,0.,0.));
#1670=DIRECTION('',(1.,0.,0.));
#1671=DIRECTION('',(1.,0.,0.));
#1672=DIRECTION('',(0.,0.,-1.));
#1673=DIRECTION('',(0.,1.,0.));
#1674=DIRECTION('',(0.,0.,1.));
#1675=DIRECTION('',(0.,1.,0.));
#1676=DIRECTION('',(0.,0.,1.));
#1677=DIRECTION('',(0.,1.,0.));
#1678=DIRECTION('',(0.,0.,1.));
#1679=DIRECTION('',(-1.,0.,0.));
#1680=DIRECTION('',(0.,0.,1.));
#1681=DIRECTION('',(-1.,0.,0.));
#1682=DIRECTION('',(0.,0.,1.));
#1683=DIRECTION('',(0.,0.,1.));
#1684=DIRECTION('',(1.,0.,0.));
#1685=DIRECTION('',(0.,0.,-1.));
#1686=DIRECTION('',(-1.,0.,0.));
#1687=DIRECTION('',(0.,0.,1.));
#1688=DIRECTION('',(0.,0.,-1.));
#1689=DIRECTION('',(-1.,0.,0.));
#1690=DIRECTION('',(-1.,0.,0.));
#1691=DIRECTION('',(0.,0.,1.));
#1692=DIRECTION('',(0.,-1.,0.));
#1693=DIRECTION('',(0.,0.,1.));
#1694=DIRECTION('',(0.,-1.,0.));
#1695=DIRECTION('',(-0.99997193241851,-0.00749228771401945,0.));
#1696=DIRECTION('',(0.00749228771401946,-0.999971932418511,0.));
#1697=DIRECTION('',(0.00749228771401946,-0.999971932418511,0.));
#1698=DIRECTION('',(0.,0.,1.));
#1699=DIRECTION('',(0.00749228771401946,-0.999971932418511,0.));
#1700=DIRECTION('',(-7.36522639060004E-15,1.,0.));
#1701=DIRECTION('',(-1.,-7.36522639060004E-15,0.));
#1702=DIRECTION('',(-1.,-7.36522639060004E-15,0.));
#1703=DIRECTION('',(0.,0.,1.));
#1704=DIRECTION('',(-1.,-7.36522639060004E-15,0.));
#1705=DIRECTION('',(0.,0.,1.));
#1706=DIRECTION('',(0.,0.,1.));
#1707=DIRECTION('',(1.,0.,0.));
#1708=DIRECTION('',(0.,0.,-1.));
#1709=DIRECTION('',(-1.,0.,0.));
#1710=DIRECTION('',(0.,0.,1.));
#1711=DIRECTION('',(0.,0.,-1.));
#1712=DIRECTION('',(-1.,0.,0.));
#1713=DIRECTION('',(-1.,0.,0.));
#1714=DIRECTION('',(0.,0.,1.));
#1715=DIRECTION('',(0.,-1.,0.));
#1716=DIRECTION('',(0.,0.,1.));
#1717=DIRECTION('',(0.,-1.,0.));
#1718=DIRECTION('',(0.,0.,1.));
#1719=DIRECTION('',(1.,0.,0.));
#1720=DIRECTION('',(0.,0.,-1.));
#1721=DIRECTION('',(-1.,0.,0.));
#1722=DIRECTION('',(0.,0.,1.));
#1723=DIRECTION('',(0.,0.,-1.));
#1724=DIRECTION('',(-1.,0.,0.));
#1725=DIRECTION('',(0.,0.,-1.));
#1726=DIRECTION('',(-1.,0.,0.));
#1727=DIRECTION('',(0.,0.,1.));
#1728=DIRECTION('',(-1.,0.,0.));
#1729=DIRECTION('',(0.,0.,1.));
#1730=DIRECTION('',(0.,-1.,0.));
#1731=DIRECTION('',(0.,0.,1.));
#1732=DIRECTION('',(0.,-1.,0.));
#1733=DIRECTION('',(0.,0.,1.));
#1734=DIRECTION('',(0.,0.,1.));
#1735=DIRECTION('',(1.,0.,0.));
#1736=DIRECTION('',(0.,0.,-1.));
#1737=DIRECTION('',(-1.,0.,0.));
#1738=DIRECTION('',(0.,0.,1.));
#1739=DIRECTION('',(0.,0.,-1.));
#1740=DIRECTION('',(-1.,0.,0.));
#1741=DIRECTION('',(0.,0.,1.));
#1742=DIRECTION('',(-0.999999543547163,0.000955460865748525,0.));
#1743=DIRECTION('',(-0.000955460865748525,-0.999999543547163,0.));
#1744=DIRECTION('',(-0.000955460865748524,-0.999999543547163,0.));
#1745=DIRECTION('',(0.,0.,1.));
#1746=DIRECTION('',(0.,0.,1.));
#1747=DIRECTION('',(1.,0.,0.));
#1748=DIRECTION('',(0.,0.,-1.));
#1749=DIRECTION('',(-1.,0.,0.));
#1750=DIRECTION('',(0.,0.,1.));
#1751=DIRECTION('',(0.,0.,-1.));
#1752=DIRECTION('',(-1.,0.,0.));
#1753=DIRECTION('',(0.,-1.,0.));
#1754=DIRECTION('',(0.,0.,-1.));
#1755=DIRECTION('',(1.,0.,0.));
#1756=DIRECTION('',(0.,0.,1.));
#1757=DIRECTION('',(1.,0.,0.));
#1758=DIRECTION('',(0.,0.,1.));
#1759=DIRECTION('',(0.,0.,1.));
#1760=DIRECTION('',(1.,0.,0.));
#1761=DIRECTION('',(0.,0.,-1.));
#1762=DIRECTION('',(-1.,0.,0.));
#1763=DIRECTION('',(0.,0.,1.));
#1764=DIRECTION('',(0.,0.,-1.));
#1765=DIRECTION('',(-1.,0.,0.));
#1766=DIRECTION('',(0.,0.,-1.));
#1767=DIRECTION('',(-1.,0.,0.));
#1768=DIRECTION('',(0.,0.,-1.));
#1769=DIRECTION('',(-1.,0.,0.));
#1770=DIRECTION('',(0.,0.,1.));
#1771=DIRECTION('',(0.,0.,1.));
#1772=DIRECTION('',(1.,0.,0.));
#1773=DIRECTION('',(0.,0.,-1.));
#1774=DIRECTION('',(-1.,0.,0.));
#1775=DIRECTION('',(0.,0.,-1.));
#1776=DIRECTION('',(-1.,0.,0.));
#1777=DIRECTION('',(0.,0.,-1.));
#1778=DIRECTION('',(1.,0.,0.));
#1779=DIRECTION('',(0.,-1.,0.));
#1780=DIRECTION('',(-1.,0.,0.));
#1781=DIRECTION('',(0.,0.,-1.));
#1782=DIRECTION('',(1.,0.,0.));
#1783=DIRECTION('',(0.,-1.,0.));
#1784=DIRECTION('',(0.,0.,1.));
#1785=DIRECTION('',(1.,0.,0.));
#1786=DIRECTION('',(1.,0.,0.));
#1787=DIRECTION('',(0.,0.,1.));
#1788=DIRECTION('',(1.,0.,0.));
#1789=DIRECTION('',(0.,1.,0.));
#1790=DIRECTION('',(0.,0.,1.));
#1791=DIRECTION('',(1.,0.,0.));
#1792=DIRECTION('',(-1.,0.,0.));
#1793=DIRECTION('',(0.,0.,1.));
#1794=DIRECTION('',(1.,0.,0.));
#1795=DIRECTION('',(0.,0.,-1.));
#1796=DIRECTION('',(-1.,0.,0.));
#1797=DIRECTION('',(0.,0.,-1.));
#1798=DIRECTION('',(-1.,0.,0.));
#1799=DIRECTION('',(0.,0.,-1.));
#1800=DIRECTION('',(-1.,0.,0.));
#1801=DIRECTION('',(0.,0.,-1.));
#1802=DIRECTION('',(-1.,0.,0.));
#1803=DIRECTION('',(0.,0.,-1.));
#1804=DIRECTION('',(-1.,0.,0.));
#1805=DIRECTION('',(0.,0.,-1.));
#1806=DIRECTION('',(-1.,0.,0.));
#1807=DIRECTION('',(0.,0.,-1.));
#1808=DIRECTION('',(-1.,0.,0.));
#1809=DIRECTION('',(0.,0.,-1.));
#1810=DIRECTION('',(-1.,0.,0.));
#1811=DIRECTION('',(0.,0.,-1.));
#1812=DIRECTION('',(-1.,0.,0.));
#1813=DIRECTION('',(0.,0.,-1.));
#1814=DIRECTION('',(-1.,0.,0.));
#1815=DIRECTION('',(0.,0.,-1.));
#1816=DIRECTION('',(-1.,0.,0.));
#1817=DIRECTION('',(0.,0.,-1.));
#1818=DIRECTION('',(-1.,0.,0.));
#1819=DIRECTION('',(0.,0.,-1.));
#1820=DIRECTION('',(-1.,0.,0.));
#1821=DIRECTION('',(0.,0.,-1.));
#1822=DIRECTION('',(-1.,0.,0.));
#1823=DIRECTION('',(0.,0.,-1.));
#1824=DIRECTION('',(-1.,0.,0.));
#1825=DIRECTION('',(0.,0.,-1.));
#1826=DIRECTION('',(-1.,0.,0.));
#1827=DIRECTION('',(0.,0.,-1.));
#1828=DIRECTION('',(1.,0.,0.));
#1829=DIRECTION('',(0.,0.,-1.));
#1830=DIRECTION('',(-1.,0.,0.));
#1831=DIRECTION('',(0.,0.,-1.));
#1832=DIRECTION('',(-1.,0.,0.));
#1833=DIRECTION('',(0.,0.,-1.));
#1834=DIRECTION('',(-1.,0.,0.));
#1835=DIRECTION('',(0.,0.,-1.));
#1836=DIRECTION('',(1.,0.,0.));
#1837=DIRECTION('',(0.,0.,-1.));
#1838=DIRECTION('',(-1.,0.,0.));
#1839=DIRECTION('',(0.,0.,-1.));
#1840=DIRECTION('',(-1.,0.,0.));
#1841=DIRECTION('',(0.,0.,-1.));
#1842=DIRECTION('',(-1.,0.,0.));
#1843=DIRECTION('',(0.,0.,-1.));
#1844=DIRECTION('',(1.,0.,0.));
#1845=DIRECTION('',(0.,0.,-1.));
#1846=DIRECTION('',(-1.,0.,0.));
#1847=DIRECTION('',(0.,0.,-1.));
#1848=DIRECTION('',(-1.,0.,0.));
#1849=DIRECTION('',(0.,0.,-1.));
#1850=DIRECTION('',(-1.,0.,0.));
#1851=DIRECTION('',(0.,0.,-1.));
#1852=DIRECTION('',(1.,0.,0.));
#1853=DIRECTION('',(0.,0.,-1.));
#1854=DIRECTION('',(-1.,0.,0.));
#1855=DIRECTION('',(0.,0.,-1.));
#1856=DIRECTION('',(-1.,0.,0.));
#1857=DIRECTION('',(0.,0.,-1.));
#1858=DIRECTION('',(-1.,0.,0.));
#1859=DIRECTION('',(0.,0.,-1.));
#1860=DIRECTION('',(1.,0.,0.));
#1861=DIRECTION('',(0.,0.,-1.));
#1862=DIRECTION('',(-1.,0.,0.));
#1863=DIRECTION('',(0.,0.,-1.));
#1864=DIRECTION('',(-1.,0.,0.));
#1865=DIRECTION('',(0.,0.,-1.));
#1866=DIRECTION('',(-1.,0.,0.));
#1867=DIRECTION('',(0.,0.,-1.));
#1868=DIRECTION('',(1.,0.,0.));
#1869=DIRECTION('',(0.,0.,-1.));
#1870=DIRECTION('',(-1.,0.,0.));
#1871=DIRECTION('',(0.,0.,-1.));
#1872=DIRECTION('',(1.,0.,0.));
#1873=DIRECTION('',(0.,0.,-1.));
#1874=DIRECTION('',(-1.,0.,0.));
#1875=DIRECTION('',(0.,0.,-1.));
#1876=DIRECTION('',(-1.,0.,0.));
#1877=DIRECTION('',(0.,-1.,0.));
#1878=DIRECTION('',(0.,0.,-1.));
#1879=DIRECTION('',(1.,0.,0.));
#1880=DIRECTION('',(0.,0.,-1.));
#1881=DIRECTION('',(-1.,0.,0.));
#1882=DIRECTION('',(0.,0.,-1.));
#1883=DIRECTION('',(-1.,0.,0.));
#1884=DIRECTION('',(-1.,0.,0.));
#1885=DIRECTION('',(0.,0.,-1.));
#1886=DIRECTION('',(1.,0.,0.));
#1887=DIRECTION('',(0.,0.,-1.));
#1888=DIRECTION('',(-1.,0.,0.));
#1889=DIRECTION('',(0.,0.,-1.));
#1890=DIRECTION('',(-1.,0.,0.));
#1891=DIRECTION('',(0.,0.,-1.));
#1892=DIRECTION('',(-1.,0.,0.));
#1893=DIRECTION('',(0.,0.,-1.));
#1894=DIRECTION('',(-1.,0.,0.));
#1895=DIRECTION('',(0.,0.,-1.));
#1896=DIRECTION('',(-1.,0.,0.));
#1897=DIRECTION('',(0.,-1.,0.));
#1898=DIRECTION('',(1.,0.,0.));
#1899=DIRECTION('',(0.,-1.,0.));
#1900=DIRECTION('',(0.,0.,-1.));
#1901=DIRECTION('',(-1.,0.,0.));
#1902=DIRECTION('',(-1.,0.,0.));
#1903=DIRECTION('',(0.,0.,1.));
#1904=DIRECTION('',(0.,0.,1.));
#1905=DIRECTION('',(0.,-1.,0.));
#1906=DIRECTION('',(0.,0.,1.));
#1907=DIRECTION('',(0.,1.,0.));
#1908=DIRECTION('',(0.,0.,1.));
#1909=DIRECTION('',(0.,0.,1.));
#1910=DIRECTION('',(-1.,0.,0.));
#1911=DIRECTION('',(-1.,0.,0.));
#1912=DIRECTION('',(0.,0.,1.));
#1913=DIRECTION('',(0.,0.,1.));
#1914=DIRECTION('',(0.,-1.,0.));
#1915=DIRECTION('',(0.,0.,1.));
#1916=DIRECTION('',(1.,0.,0.));
#1917=DIRECTION('',(0.,0.,-1.));
#1918=DIRECTION('',(-1.,0.,0.));
#1919=DIRECTION('',(0.,0.,1.));
#1920=DIRECTION('',(1.,0.,0.));
#1921=DIRECTION('',(0.,0.,-1.));
#1922=DIRECTION('',(-1.,0.,0.));
#1923=DIRECTION('',(0.,-1.,0.));
#1924=DIRECTION('',(0.,0.,-1.));
#1925=DIRECTION('',(1.,0.,0.));
#1926=DIRECTION('',(0.,-1.,0.));
#1927=DIRECTION('',(0.,0.,-1.));
#1928=DIRECTION('',(1.,0.,0.));
#1929=DIRECTION('',(0.,0.,1.));
#1930=DIRECTION('',(1.,0.,0.));
#1931=DIRECTION('',(0.,0.,1.));
#1932=DIRECTION('',(1.,0.,0.));
#1933=DIRECTION('',(0.,0.,-1.));
#1934=DIRECTION('',(0.,1.,0.));
#1935=DIRECTION('',(0.,0.,1.));
#1936=DIRECTION('',(0.,1.,0.));
#1937=DIRECTION('',(0.,1.,0.));
#1938=DIRECTION('',(0.,0.,1.));
#1939=DIRECTION('',(-1.,0.,0.));
#1940=DIRECTION('',(0.,0.,1.));
#1941=DIRECTION('',(-1.,0.,0.));
#1942=DIRECTION('',(0.0259294380737756,0.999663775597165,0.));
#1943=DIRECTION('',(-0.999663775597165,0.0259294380737756,0.));
#1944=DIRECTION('',(-0.999663775597165,0.0259294380737756,0.));
#1945=DIRECTION('',(0.,0.,1.));
#1946=DIRECTION('',(-0.999663775597165,0.0259294380737756,0.));
#1947=DIRECTION('',(-1.,0.,0.));
#1948=DIRECTION('',(0.,0.,1.));
#1949=DIRECTION('',(0.,-1.,0.));
#1950=DIRECTION('',(0.,-1.,0.));
#1951=DIRECTION('',(0.,0.,-1.));
#1952=DIRECTION('',(1.,0.,0.));
#1953=DIRECTION('',(1.,0.,0.));
#1954=DIRECTION('',(0.,0.,-1.));
#1955=DIRECTION('',(-1.,0.,0.));
#1956=DIRECTION('',(0.,-1.,0.));
#1957=DIRECTION('',(0.,0.,-1.));
#1958=DIRECTION('',(-1.,0.,0.));
#1959=DIRECTION('',(-1.,0.,0.));
#1960=DIRECTION('',(0.,0.,-1.));
#1961=DIRECTION('',(-1.,0.,0.));
#1962=DIRECTION('',(0.,1.,0.));
#1963=DIRECTION('',(0.,0.,-1.));
#1964=DIRECTION('',(-1.,0.,0.));
#1965=DIRECTION('',(0.,0.,-1.));
#1966=DIRECTION('',(1.,0.,0.));
#1967=DIRECTION('',(0.,0.,-1.));
#1968=DIRECTION('',(-1.,0.,0.));
#1969=DIRECTION('',(0.,0.,-1.));
#1970=DIRECTION('',(0.,0.,1.));
#1971=DIRECTION('',(1.,0.,0.));
#1972=DIRECTION('',(0.,0.,-1.));
#1973=DIRECTION('',(1.,0.,0.));
#1974=DIRECTION('',(0.,0.,-1.));
#1975=DIRECTION('',(0.,0.,-1.));
#1976=DIRECTION('',(0.,-1.,0.));
#1977=DIRECTION('',(0.,0.,-1.));
#1978=DIRECTION('',(-1.,0.,0.));
#1979=DIRECTION('',(0.,0.,-1.));
#1980=DIRECTION('',(0.,0.,1.));
#1981=DIRECTION('',(1.,0.,0.));
#1982=DIRECTION('',(0.,-1.,0.));
#1983=DIRECTION('',(0.,0.,-1.));
#1984=DIRECTION('',(0.,0.,-1.));
#1985=DIRECTION('',(-1.,0.,0.));
#1986=DIRECTION('',(0.,0.,-1.));
#1987=DIRECTION('',(-1.,0.,0.));
#1988=DIRECTION('',(0.,0.,-1.));
#1989=DIRECTION('',(0.,0.,1.));
#1990=DIRECTION('',(1.,0.,0.));
#1991=DIRECTION('',(-1.,0.,0.));
#1992=DIRECTION('',(0.,0.,1.));
#1993=DIRECTION('',(0.,0.,-1.));
#1994=DIRECTION('',(0.,1.,0.));
#1995=DIRECTION('',(0.,0.,-1.));
#1996=DIRECTION('',(-1.,0.,0.));
#1997=DIRECTION('',(0.,0.,-1.));
#1998=DIRECTION('',(0.,0.,1.));
#1999=DIRECTION('',(1.,0.,0.));
#2000=DIRECTION('',(0.,1.,0.));
#2001=DIRECTION('',(0.,0.,1.));
#2002=DIRECTION('',(1.,0.,0.));
#2003=DIRECTION('',(0.,0.,1.));
#2004=DIRECTION('',(1.,0.,0.));
#2005=DIRECTION('',(0.,0.,-1.));
#2006=DIRECTION('',(-1.,0.,0.));
#2007=DIRECTION('',(1.,-1.73472347597681E-15,0.));
#2008=DIRECTION('',(1.73472347597681E-15,1.,0.));
#2009=DIRECTION('',(0.,1.,0.));
#2010=DIRECTION('',(0.,0.,1.));
#2011=DIRECTION('',(0.,-1.,0.));
#2012=DIRECTION('',(0.,0.,-1.));
#2013=DIRECTION('',(0.,1.,0.));
#2014=DIRECTION('',(0.,0.,1.));
#2015=DIRECTION('',(1.,0.,0.));
#2016=DIRECTION('',(0.,0.,-1.));
#2017=DIRECTION('',(1.,0.,0.));
#2018=DIRECTION('',(0.,0.,-1.));
#2019=DIRECTION('',(0.,0.,-1.));
#2020=DIRECTION('',(-1.,0.,0.));
#2021=DIRECTION('',(1.,0.,0.));
#2022=DIRECTION('',(0.,0.,-1.));
#2023=DIRECTION('',(0.,0.,-1.));
#2024=DIRECTION('',(-1.,0.,0.));
#2025=DIRECTION('',(0.,1.,0.));
#2026=DIRECTION('',(0.,0.,1.));
#2027=DIRECTION('',(-1.,0.,0.));
#2028=DIRECTION('',(0.,0.,1.));
#2029=DIRECTION('',(1.,0.,0.));
#2030=DIRECTION('',(0.,0.,-1.));
#2031=DIRECTION('',(0.,1.,0.));
#2032=DIRECTION('',(0.,0.,1.));
#2033=DIRECTION('',(0.,1.,0.));
#2034=DIRECTION('',(0.,0.,1.));
#2035=DIRECTION('',(0.,0.,-1.));
#2036=DIRECTION('',(-1.,0.,0.));
#2037=DIRECTION('',(0.,0.,-1.));
#2038=DIRECTION('',(-1.,0.,0.));
#2039=DIRECTION('',(0.,0.,1.));
#2040=DIRECTION('',(1.,0.,0.));
#2041=DIRECTION('',(0.,0.,1.));
#2042=DIRECTION('',(1.,0.,0.));
#2043=DIRECTION('',(0.,0.,1.));
#2044=DIRECTION('',(1.,0.,0.));
#2045=DIRECTION('',(0.,0.,1.));
#2046=DIRECTION('',(1.,0.,0.));
#2047=DIRECTION('',(0.,0.,1.));
#2048=DIRECTION('',(1.,0.,0.));
#2049=DIRECTION('',(0.,0.,1.));
#2050=DIRECTION('',(1.,0.,0.));
#2051=DIRECTION('',(0.,0.,1.));
#2052=DIRECTION('',(1.,0.,0.));
#2053=DIRECTION('',(0.,0.,-1.));
#2054=DIRECTION('',(-1.,0.,0.));
#2055=DIRECTION('',(0.,0.,-1.));
#2056=DIRECTION('',(-1.,0.,0.));
#2057=DIRECTION('',(0.,0.,-1.));
#2058=DIRECTION('',(-1.,0.,0.));
#2059=DIRECTION('',(0.,0.,-1.));
#2060=DIRECTION('',(-1.,0.,0.));
#2061=DIRECTION('',(0.,0.,-1.));
#2062=DIRECTION('',(-1.,0.,0.));
#2063=DIRECTION('',(0.,0.,-1.));
#2064=DIRECTION('',(-1.,0.,0.));
#2065=CARTESIAN_POINT('',(0.,0.,0.));
#2066=CARTESIAN_POINT('',(0.00265326728570057,-0.0248560348024921,-0.0125800569069386));
#2067=CARTESIAN_POINT('',(0.0250832672857041,-0.0326060348024956,-0.0125800569069386));
#2068=CARTESIAN_POINT('',(0.0234402672857046,-0.0339139151487053,-0.0125800569069386));
#2069=CARTESIAN_POINT('',(0.0234402672857046,-0.0312981544562859,-0.0125800569069386));
#2070=CARTESIAN_POINT('',(0.0234402672857046,-0.0203360343182087,-0.0125800569069386));
#2071=CARTESIAN_POINT('',(0.00265326728570057,-0.0248560348024921,-0.0125800569069386));
#2072=CARTESIAN_POINT('',(0.0026402672857046,-0.0044860343182087,-0.0125800569069386));
#2073=CARTESIAN_POINT('',(0.0234402672857046,-0.0044860343182087,-0.0125800569069386));
#2074=CARTESIAN_POINT('',(0.0230768776427175,-0.0044860343182087,-0.0125800569069386));
#2075=CARTESIAN_POINT('',(0.0234402672857046,-0.0203360343182087,-0.0125800569069386));
#2076=CARTESIAN_POINT('',(0.0234402672857046,-0.0109139151487054,-0.0125800569069386));
#2077=CARTESIAN_POINT('',(0.0250832672857041,-0.00960603480249561,-0.0125800569069386));
#2078=CARTESIAN_POINT('',(0.022983268244255,-0.00960402833467754,-0.0125800569069386));
#2079=CARTESIAN_POINT('',(0.0229853538652728,-0.00742118637794587,-0.0125800569069386));
#2080=CARTESIAN_POINT('',(0.0229874394862906,-0.00523834442121419,-0.0125800569069386));
#2081=CARTESIAN_POINT('',(0.0250832672857041,-0.00510603480249562,-0.0125800569069386));
#2082=CARTESIAN_POINT('',(0.0296532672857041,-0.0248560348024856,-0.0125800569069386));
#2083=CARTESIAN_POINT('',(0.0296532672857041,-0.0443560336294956,-0.0125800569069386));
#2084=CARTESIAN_POINT('',(0.0296532672857041,-0.0443560336294956,-0.0128800569069386));
#2085=CARTESIAN_POINT('',(0.0296532672857041,-0.0443560336294956,-0.00798005690693859));
#2086=CARTESIAN_POINT('',(0.0296532672857041,-0.0053560359754756,-0.0128800569069386));
#2087=CARTESIAN_POINT('',(0.0296532672857041,-0.0053560359754756,-0.0128800569069386));
#2088=CARTESIAN_POINT('',(0.0296532672857041,-0.0053560359754756,-0.0125800569069386));
#2089=CARTESIAN_POINT('',(0.0296532672857041,-0.0053560359754756,-0.00798005690693859));
#2090=CARTESIAN_POINT('',(0.0296532672857041,-0.0248560348024856,-0.00798005690693859));
#2091=CARTESIAN_POINT('',(0.024653266112714,-0.0443560336294956,-0.0125800569069386));
#2092=CARTESIAN_POINT('',(0.024653266112714,-0.0493560348024956,-0.0125800569069386));
#2093=CARTESIAN_POINT('',(0.024653266112714,-0.0493560348024956,-0.0128800569069386));
#2094=CARTESIAN_POINT('',(0.024653266112714,-0.0493560348024956,-0.00798005690693859));
#2095=CARTESIAN_POINT('',(0.024653266112714,-0.0443560336294956,-0.0128800569069386));
#2096=CARTESIAN_POINT('',(0.024653266112714,-0.0443560336294956,-0.00798005690693859));
#2097=CARTESIAN_POINT('',(0.00265326728569908,-0.0493560348024956,-0.0125800569069386));
#2098=CARTESIAN_POINT('',(-0.0193467315413159,-0.0493560348024826,-0.0125800569069386));
#2099=CARTESIAN_POINT('',(-0.0193467315413159,-0.0493560348024826,-0.0128800569069386));
#2100=CARTESIAN_POINT('',(-0.0193467315413159,-0.0493560348024826,-0.00798005690693859));
#2101=CARTESIAN_POINT('',(0.024653266112714,-0.0493560348024956,-0.0128800569069386));
#2102=CARTESIAN_POINT('',(0.00265326728569908,-0.0493560348024956,-0.00798005690693859));
#2103=CARTESIAN_POINT('',(-0.0193467315413159,-0.0443560336294956,-0.0125800569069386));
#2104=CARTESIAN_POINT('',(-0.0243467327142959,-0.0443560336294956,-0.0125800569069386));
#2105=CARTESIAN_POINT('',(-0.0243467327142959,-0.0443560336294956,-0.0128800569069386));
#2106=CARTESIAN_POINT('',(-0.0243467327142959,-0.0443560336294956,-0.00798005690693859));
#2107=CARTESIAN_POINT('',(-0.0193467315413159,-0.0443560336294956,-0.0128800569069386));
#2108=CARTESIAN_POINT('',(-0.0193467315413159,-0.0443560336294956,-0.00798005690693859));
#2109=CARTESIAN_POINT('',(-0.0243467327142959,-0.0248560348024856,-0.0125800569069386));
#2110=CARTESIAN_POINT('',(-0.0243467327143029,-0.0053560359754756,-0.0125800569069386));
#2111=CARTESIAN_POINT('',(-0.0243467327143029,-0.0053560359754756,-0.0128800569069386));
#2112=CARTESIAN_POINT('',(-0.0243467327143029,-0.0053560359754756,-0.00798005690693859));
#2113=CARTESIAN_POINT('',(-0.0243467327142959,-0.0443560336294956,-0.0128800569069386));
#2114=CARTESIAN_POINT('',(-0.0243467327142959,-0.0248560348024856,-0.00798005690693859));
#2115=CARTESIAN_POINT('',(-0.0193467315413159,-0.0053560359754756,-0.0125800569069386));
#2116=CARTESIAN_POINT('',(-0.0193467315413159,-0.000356034802495605,-0.0125800569069386));
#2117=CARTESIAN_POINT('',(-0.0193467315413159,-0.000356034802495605,-0.0128800569069386));
#2118=CARTESIAN_POINT('',(-0.0193467315413159,-0.000356034802495605,-0.00798005690693859));
#2119=CARTESIAN_POINT('',(-0.0193467315413159,-0.0053560359754756,-0.0128800569069386));
#2120=CARTESIAN_POINT('',(-0.0193467315413159,-0.0053560359754756,-0.00798005690693859));
#2121=CARTESIAN_POINT('',(0.00265326728569908,-0.000356034802495605,-0.0125800569069386));
#2122=CARTESIAN_POINT('',(0.024653266112714,-0.000356034802488597,-0.0125800569069386));
#2123=CARTESIAN_POINT('',(0.024653266112714,-0.000356034802488597,-0.0128800569069386));
#2124=CARTESIAN_POINT('',(0.024653266112714,-0.000356034802488597,-0.00798005690693859));
#2125=CARTESIAN_POINT('',(-0.0193467315413159,-0.000356034802495605,-0.0128800569069386));
#2126=CARTESIAN_POINT('',(0.00265326728569908,-0.000356034802495605,-0.00798005690693859));
#2127=CARTESIAN_POINT('',(-0.0213467327142959,-0.0218734675083117,-0.0125800569069386));
#2128=CARTESIAN_POINT('',(-0.0213467327142959,-0.0218734675083117,-0.00958005690693859));
#2129=CARTESIAN_POINT('',(-0.0213467327142959,-0.0370060348024956,-0.00958005690693859));
#2130=CARTESIAN_POINT('',(-0.0213467327142959,-0.00737646659017808,-0.00958005690693859));
#2131=CARTESIAN_POINT('',(-0.0213467327142959,-0.0370060348024956,-0.0125800569069386));
#2132=CARTESIAN_POINT('',(-0.0213467327142959,-0.0370060348024956,-0.0125800569069386));
#2133=CARTESIAN_POINT('',(-0.0213467327142959,-0.0218734675083117,-0.0125800569069386));
#2134=CARTESIAN_POINT('',(-0.0213467327142959,-0.00737646659017808,-0.0125800569069386));
#2135=CARTESIAN_POINT('',(-0.0213467327142959,-0.00737646659017808,-0.0125800569069386));
#2136=CARTESIAN_POINT('',(-0.0201317327142959,-0.0375060348024956,-0.0125800569069386));
#2137=CARTESIAN_POINT('',(-0.0201317327142959,-0.0375060348024956,-0.0125800569069386));
#2138=CARTESIAN_POINT('',(-0.0189167327142959,-0.0375060348024956,-0.0125800569069386));
#2139=CARTESIAN_POINT('',(-0.0208467327142959,-0.0375060348024956,-0.0125800569069386));
#2140=CARTESIAN_POINT('',(-0.0208467327142959,-0.0375060348024956,-0.00958005690693859));
#2141=CARTESIAN_POINT('',(-0.0208467327142959,-0.0375060348024956,-0.00958005690693859));
#2142=CARTESIAN_POINT('',(-0.0201317327142959,-0.0375060348024956,-0.00958005690693859));
#2143=CARTESIAN_POINT('',(-0.0189167327142959,-0.0375060348024956,-0.00958005690693859));
#2144=CARTESIAN_POINT('',(-0.0189167327142959,-0.0375060348024956,-0.0125800569069386));
#2145=CARTESIAN_POINT('',(-0.0189167327142959,-0.0396060348024956,-0.0125800569069386));
#2146=CARTESIAN_POINT('',(-0.0189167327142959,-0.0396060348024956,-0.00958005690693859));
#2147=CARTESIAN_POINT('',(-0.0168167916562171,-0.0396217686066951,-0.00958005690693859));
#2148=CARTESIAN_POINT('',(-0.0168167916562171,-0.0396217686066951,-0.0125800569069386));
#2149=CARTESIAN_POINT('',(-0.0168167916562171,-0.0396217686066951,-0.0125800569069386));
#2150=CARTESIAN_POINT('',(-0.0189167327142959,-0.0396060348024956,-0.0125800569069386));
#2151=CARTESIAN_POINT('',(-0.0168167916562171,-0.0418560348024956,-0.0125800569069386));
#2152=CARTESIAN_POINT('',(-0.0168167916562171,-0.0418560348024956,-0.00958005690693859));
#2153=CARTESIAN_POINT('',(-0.0168167916562171,-0.0440903009982962,-0.00958005690693859));
#2154=CARTESIAN_POINT('',(-0.0168167916562171,-0.0440903009982962,-0.0125800569069386));
#2155=CARTESIAN_POINT('',(-0.0168167916562171,-0.0440903009982962,-0.0125800569069386));
#2156=CARTESIAN_POINT('',(-0.0168167916562171,-0.0418560348024956,-0.0125800569069386));
#2157=CARTESIAN_POINT('',(-0.0168083036532072,-0.0452231679003894,-0.0125800569069386));
#2158=CARTESIAN_POINT('',(-0.0168083036532072,-0.0452231679003894,-0.00958005690693859));
#2159=CARTESIAN_POINT('',(-0.0168035338312271,-0.0458597809463396,-0.00958005690693859));
#2160=CARTESIAN_POINT('',(-0.0168035338312271,-0.0458597809463396,-0.0125800569069386));
#2161=CARTESIAN_POINT('',(-0.0168035338312271,-0.0458597809463396,-0.0125800569069386));
#2162=CARTESIAN_POINT('',(-0.0168083036532072,-0.0452231679003894,-0.0125800569069386));
#2163=CARTESIAN_POINT('',(0.00392672523125988,-0.0463560348024825,-0.0125800569069386));
#2164=CARTESIAN_POINT('',(0.00392672523125988,-0.0463560348024825,-0.0125800569069386));
#2165=CARTESIAN_POINT('',(0.0246532661127171,-0.0463560348024826,-0.0125800569069386));
#2166=CARTESIAN_POINT('',(-0.0163035478650178,-0.0463560348024826,-0.0125800569069386));
#2167=CARTESIAN_POINT('',(-0.0163035478650178,-0.0463560348024826,-0.0125800569069386));
#2168=CARTESIAN_POINT('',(-0.0163035478650178,-0.0463560348024826,-0.00958005690693859));
#2169=CARTESIAN_POINT('',(0.00392672523125988,-0.0463560348024825,-0.00958005690693859));
#2170=CARTESIAN_POINT('',(0.0246532661127171,-0.0463560348024826,-0.00958005690693859));
#2171=CARTESIAN_POINT('',(0.0246532661127171,-0.0463560348024826,-0.0125800569069386));
#2172=CARTESIAN_POINT('',(0.0246532661127171,-0.0443560336294956,-0.0125800569069386));
#2173=CARTESIAN_POINT('',(0.0246532661127171,-0.0443560336294956,-0.00958005690693859));
#2174=CARTESIAN_POINT('',(0.0266532672857041,-0.0443560336294956,-0.00958005690693859));
#2175=CARTESIAN_POINT('',(0.0266532672857041,-0.0443560336294956,-0.0125800569069386));
#2176=CARTESIAN_POINT('',(0.0266532672857041,-0.0443560336294956,-0.0125800569069386));
#2177=CARTESIAN_POINT('',(0.0246532661127171,-0.0443560336294956,-0.0125800569069386));
#2178=CARTESIAN_POINT('',(0.0266532672857041,-0.0391783684256827,-0.0125800569069386));
#2179=CARTESIAN_POINT('',(0.0266532672857041,-0.0391783684256827,-0.00958005690693859));
#2180=CARTESIAN_POINT('',(0.0266532672857041,-0.0349756550252317,-0.00958005690693859));
#2181=CARTESIAN_POINT('',(0.0266532672857041,-0.0349756550252317,-0.0125800569069386));
#2182=CARTESIAN_POINT('',(0.0266532672857041,-0.0349756550252317,-0.0125800569069386));
#2183=CARTESIAN_POINT('',(0.0266532672857041,-0.0391783684256827,-0.0125800569069386));
#2184=CARTESIAN_POINT('',(0.0250832672857041,-0.0326060348024956,-0.0125800569069386));
#2185=CARTESIAN_POINT('',(0.0250832672857041,-0.0326060348024956,-0.00958005690693859));
#2186=CARTESIAN_POINT('',(0.0259474980549348,-0.0345199588285517,-0.00958005690693859));
#2187=CARTESIAN_POINT('',(0.0259474980549348,-0.0306921107764395,-0.00958005690693859));
#2188=CARTESIAN_POINT('',(0.0259474980549348,-0.0306921107764395,-0.0125800569069386));
#2189=CARTESIAN_POINT('',(0.0259474980549348,-0.0306921107764395,-0.0125800569069386));
#2190=CARTESIAN_POINT('',(0.0250832672857041,-0.0326060348024956,-0.0125800569069386));
#2191=CARTESIAN_POINT('',(0.0250832672857041,-0.0326060348024956,-0.0125800569069386));
#2192=CARTESIAN_POINT('',(0.0259474980549348,-0.0345199588285517,-0.0125800569069386));
#2193=CARTESIAN_POINT('',(0.0259474980549348,-0.0345199588285517,-0.0125800569069386));
#2194=CARTESIAN_POINT('',(0.0266532672857041,-0.0211060348024956,-0.0125800569069386));
#2195=CARTESIAN_POINT('',(0.0266532672857041,-0.0211060348024956,-0.0125800569069386));
#2196=CARTESIAN_POINT('',(0.0266532672857041,-0.0119756550252317,-0.0125800569069386));
#2197=CARTESIAN_POINT('',(0.0266532672857041,-0.0302364145797594,-0.0125800569069386));
#2198=CARTESIAN_POINT('',(0.0266532672857041,-0.0302364145797594,-0.0125800569069386));
#2199=CARTESIAN_POINT('',(0.0266532672857041,-0.0302364145797594,-0.00958005690693859));
#2200=CARTESIAN_POINT('',(0.0266532672857041,-0.0211060348024956,-0.00958005690693859));
#2201=CARTESIAN_POINT('',(0.0266532672857041,-0.0119756550252317,-0.00958005690693859));
#2202=CARTESIAN_POINT('',(0.0266532672857041,-0.0119756550252317,-0.0125800569069386));
#2203=CARTESIAN_POINT('',(0.0250832672857041,-0.00960603480249561,-0.0125800569069386));
#2204=CARTESIAN_POINT('',(0.0250832672857041,-0.00960603480249561,-0.0125800569069386));
#2205=CARTESIAN_POINT('',(0.0259474980549348,-0.0115199588285517,-0.0125800569069386));
#2206=CARTESIAN_POINT('',(0.0259474980549348,-0.0115199588285517,-0.0125800569069386));
#2207=CARTESIAN_POINT('',(0.0259474980549348,-0.0115199588285517,-0.00958005690693859));
#2208=CARTESIAN_POINT('',(0.0250832672857041,-0.00960603480249561,-0.00958005690693859));
#2209=CARTESIAN_POINT('',(0.022983268244255,-0.00960402833467754,-0.00958005690693859));
#2210=CARTESIAN_POINT('',(0.022983268244255,-0.00960402833467754,-0.0125800569069386));
#2211=CARTESIAN_POINT('',(0.0229853538652728,-0.00742118637794587,-0.0125800569069386));
#2212=CARTESIAN_POINT('',(0.0229853538652728,-0.00742118637794587,-0.00958005690693859));
#2213=CARTESIAN_POINT('',(0.0229874394862906,-0.00523834442121419,-0.00958005690693859));
#2214=CARTESIAN_POINT('',(0.0229874394862906,-0.00523834442121419,-0.0125800569069386));
#2215=CARTESIAN_POINT('',(0.0250832672857041,-0.00510603480249562,-0.0125800569069386));
#2216=CARTESIAN_POINT('',(0.0250832672857041,-0.00510603480249562,-0.00958005690693859));
#2217=CARTESIAN_POINT('',(0.0232418882440215,-0.00409641941788022,-0.00958005690693859));
#2218=CARTESIAN_POINT('',(0.0232418882440215,-0.00409641941788022,-0.0125800569069386));
#2219=CARTESIAN_POINT('',(0.0232418882440215,-0.00409641941788022,-0.0125800569069386));
#2220=CARTESIAN_POINT('',(0.0250832672857041,-0.00510603480249562,-0.0125800569069386));
#2221=CARTESIAN_POINT('',(0.00275173778570406,-0.00335603480249561,-0.0125800569069386));
#2222=CARTESIAN_POINT('',(0.00275173778570406,-0.00335603480249561,-0.0125800569069386));
#2223=CARTESIAN_POINT('',(-0.0172999890912603,-0.00335603480249561,-0.0125800569069386));
#2224=CARTESIAN_POINT('',(0.0228034646626685,-0.00335603480249561,-0.0125800569069386));
#2225=CARTESIAN_POINT('',(0.0228034646626685,-0.00335603480249561,-0.0125800569069386));
#2226=CARTESIAN_POINT('',(0.0228034646626685,-0.00335603480249561,-0.00958005690693859));
#2227=CARTESIAN_POINT('',(0.00275173778570406,-0.00335603480249561,-0.00958005690693859));
#2228=CARTESIAN_POINT('',(-0.0172999890912603,-0.00335603480249561,-0.00958005690693859));
#2229=CARTESIAN_POINT('',(-0.0172999890912603,-0.00335603480249561,-0.0125800569069386));
#2230=CARTESIAN_POINT('',(-0.0195797917142959,-0.00510603480249561,-0.0125800569069386));
#2231=CARTESIAN_POINT('',(-0.0195797917142959,-0.00510603480249561,-0.00958005690693859));
#2232=CARTESIAN_POINT('',(-0.0177384126726133,-0.00409641941788022,-0.00958005690693859));
#2233=CARTESIAN_POINT('',(-0.020603090214296,-0.00693984509254683,-0.00958005690693859));
#2234=CARTESIAN_POINT('',(-0.020603090214296,-0.00693984509254683,-0.0125800569069386));
#2235=CARTESIAN_POINT('',(-0.020603090214296,-0.00693984509254683,-0.0125800569069386));
#2236=CARTESIAN_POINT('',(-0.0195797917142959,-0.00510603480249561,-0.0125800569069386));
#2237=CARTESIAN_POINT('',(-0.0181597327142954,-0.00665310701687911,-0.0125800569069386));
#2238=CARTESIAN_POINT('',(-0.0195797917142959,-0.00510603480249561,-0.0125800569069386));
#2239=CARTESIAN_POINT('',(-0.0175734020713093,-0.0044860343182087,-0.0125800569069386));
#2240=CARTESIAN_POINT('',(-0.0195797917142959,-0.00510603480249561,-0.0125800569069386));
#2241=CARTESIAN_POINT('',(-0.0177384126726133,-0.00409641941788022,-0.0125800569069386));
#2242=CARTESIAN_POINT('',(-0.0177384126726133,-0.00409641941788022,-0.0125800569069386));
#2243=CARTESIAN_POINT('',(0.024653266112714,-0.0053560359754756,-0.0125800569069386));
#2244=CARTESIAN_POINT('',(0.024653266112714,-0.0053560359754756,-0.0128800569069386));
#2245=CARTESIAN_POINT('',(0.024653266112714,-0.0053560359754756,-0.00798005690693859));
#2246=CARTESIAN_POINT('',(0.00265326728570057,-0.0248560348024921,-0.0125800569069386));
#2247=CARTESIAN_POINT('',(-0.0181597327142954,-0.0203360343182087,-0.0125800569069386));
#2248=CARTESIAN_POINT('',(-0.0181597327142954,-0.0044860343182087,-0.0125800569069386));
#2249=CARTESIAN_POINT('',(0.0026402672857046,-0.0044860343182087,-0.0125800569069386));
#2250=CARTESIAN_POINT('',(0.00265326728570057,-0.0248560348024921,-0.00958005690693859));
#2251=CARTESIAN_POINT('',(0.0278532672857041,-0.0248560348024856,-0.00958005690693859));
#2252=CARTESIAN_POINT('',(0.0278532672857041,-0.0053560359754756,-0.00958005690693859));
#2253=CARTESIAN_POINT('',(0.0278532672857011,-0.0443560336294956,-0.00958005690693859));
#2254=CARTESIAN_POINT('',(0.024653266112714,-0.0053560359754756,-0.00958005690693859));
#2255=CARTESIAN_POINT('',(0.024653266112714,-0.0021560348024956,-0.00958005690693859));
#2256=CARTESIAN_POINT('',(0.00265326728569908,-0.0021560348024956,-0.00958005690693859));
#2257=CARTESIAN_POINT('',(-0.0193467315413159,-0.0021560348024956,-0.00958005690693859));
#2258=CARTESIAN_POINT('',(-0.0193467315413159,-0.0053560359754756,-0.00958005690693859));
#2259=CARTESIAN_POINT('',(-0.0225467327143029,-0.0053560359754756,-0.00958005690693859));
#2260=CARTESIAN_POINT('',(-0.0225467327142959,-0.0248560348024856,-0.00958005690693859));
#2261=CARTESIAN_POINT('',(-0.0225467327142959,-0.0443560336294956,-0.00958005690693859));
#2262=CARTESIAN_POINT('',(-0.0193467315413159,-0.0443560336294956,-0.00958005690693859));
#2263=CARTESIAN_POINT('',(-0.0193467315413159,-0.0475560348024826,-0.00958005690693859));
#2264=CARTESIAN_POINT('',(0.00265326728569908,-0.0475560348024956,-0.00958005690693859));
#2265=CARTESIAN_POINT('',(0.024653266112714,-0.0475560348024956,-0.00958005690693859));
#2266=CARTESIAN_POINT('',(0.024653266112714,-0.0443560336294956,-0.00958005690693859));
#2267=CARTESIAN_POINT('',(-0.0189167327142959,-0.0441060348024956,-0.00958005690693859));
#2268=CARTESIAN_POINT('',(-0.0196667327142959,-0.0441060348024956,-0.00958005690693859));
#2269=CARTESIAN_POINT('',(0.0250832672857041,-0.0326060348024956,-0.00958005690693859));
#2270=CARTESIAN_POINT('',(0.024333267285704,-0.0326060348024956,-0.00958005690693859));
#2271=CARTESIAN_POINT('',(0.0250832672857041,-0.00510603480249561,-0.00958005690693859));
#2272=CARTESIAN_POINT('',(0.024333267285704,-0.00510603480249561,-0.00958005690693859));
#2273=CARTESIAN_POINT('',(-0.0189167327142959,-0.0396060348024956,-0.00958005690693859));
#2274=CARTESIAN_POINT('',(-0.0196667327142959,-0.0396060348024956,-0.00958005690693859));
#2275=CARTESIAN_POINT('',(-0.0195797917142959,-0.00510603480249561,-0.00958005690693859));
#2276=CARTESIAN_POINT('',(-0.0203297917142959,-0.00510603480249561,-0.00958005690693859));
#2277=CARTESIAN_POINT('',(0.0250832672857041,-0.00960603480249561,-0.00958005690693859));
#2278=CARTESIAN_POINT('',(0.024333267285704,-0.00960603480249561,-0.00958005690693859));
#2279=CARTESIAN_POINT('',(-0.0208467327142959,-0.0370060348024956,-0.00958005690693859));
#2280=CARTESIAN_POINT('',(-0.0208467327142959,-0.00737646659017808,-0.00958005690693859));
#2281=CARTESIAN_POINT('',(-0.0172999890912603,-0.00385603480249561,-0.00958005690693859));
#2282=CARTESIAN_POINT('',(0.0228034646626685,-0.00385603480249561,-0.00958005690693859));
#2283=CARTESIAN_POINT('',(0.0261532672857041,-0.0119756550252317,-0.00958005690693859));
#2284=CARTESIAN_POINT('',(0.0261532672857041,-0.0302364145797594,-0.00958005690693859));
#2285=CARTESIAN_POINT('',(0.0261532672857041,-0.0349756550252317,-0.00958005690693859));
#2286=CARTESIAN_POINT('',(-0.0163035478650178,-0.0458560348024826,-0.00958005690693859));
#2287=CARTESIAN_POINT('',(0.0250832672857041,-0.00960603480249561,-0.00558005690693859));
#2288=CARTESIAN_POINT('',(0.0250832672857041,-0.00960603480249561,-0.00608005690693859));
#2289=CARTESIAN_POINT('',(0.024333267285704,-0.00960603480249561,-0.00608005690693859));
#2290=CARTESIAN_POINT('',(0.00265193546093603,-0.0248573300524956,-0.00558005690693859));
#2291=CARTESIAN_POINT('',(0.0250832672857041,-0.00960603480249561,-0.00558005690693859));
#2292=CARTESIAN_POINT('',(0.024833267285704,-0.00960603480249561,-0.00558005690693859));
#2293=CARTESIAN_POINT('',(-0.0195797917142959,-0.00510603480249561,-0.00558005690693859));
#2294=CARTESIAN_POINT('',(-0.0195797917142959,-0.00510603480249561,-0.00608005690693859));
#2295=CARTESIAN_POINT('',(-0.0203297917142959,-0.00510603480249561,-0.00608005690693859));
#2296=CARTESIAN_POINT('',(0.00265193546093603,-0.0248573300524956,-0.00558005690693859));
#2297=CARTESIAN_POINT('',(-0.0195797917142959,-0.00510603480249561,-0.00558005690693859));
#2298=CARTESIAN_POINT('',(-0.0198297917142959,-0.00510603480249561,-0.00558005690693859));
#2299=CARTESIAN_POINT('',(-0.0189167327142959,-0.0396060348024956,-0.00558005690693859));
#2300=CARTESIAN_POINT('',(-0.0189167327142959,-0.0396060348024956,-0.00608005690693859));
#2301=CARTESIAN_POINT('',(-0.0196667327142959,-0.0396060348024956,-0.00608005690693859));
#2302=CARTESIAN_POINT('',(0.00265193546093603,-0.0248573300524956,-0.00558005690693859));
#2303=CARTESIAN_POINT('',(-0.0189167327142959,-0.0396060348024956,-0.00558005690693859));
#2304=CARTESIAN_POINT('',(-0.0191667327142959,-0.0396060348024956,-0.00558005690693859));
#2305=CARTESIAN_POINT('',(0.0250832672857041,-0.00510603480249561,-0.00558005690693859));
#2306=CARTESIAN_POINT('',(0.0250832672857041,-0.00510603480249561,-0.00608005690693859));
#2307=CARTESIAN_POINT('',(0.024333267285704,-0.00510603480249561,-0.00608005690693859));
#2308=CARTESIAN_POINT('',(0.00265193546093603,-0.0248573300524956,-0.00558005690693859));
#2309=CARTESIAN_POINT('',(0.0250832672857041,-0.00510603480249561,-0.00558005690693859));
#2310=CARTESIAN_POINT('',(0.024833267285704,-0.00510603480249561,-0.00558005690693859));
#2311=CARTESIAN_POINT('',(0.0250832672857041,-0.0326060348024956,-0.00558005690693859));
#2312=CARTESIAN_POINT('',(0.0250832672857041,-0.0326060348024956,-0.00608005690693859));
#2313=CARTESIAN_POINT('',(0.024333267285704,-0.0326060348024956,-0.00608005690693859));
#2314=CARTESIAN_POINT('',(0.00265193546093603,-0.0248573300524956,-0.00558005690693859));
#2315=CARTESIAN_POINT('',(0.0250832672857041,-0.0326060348024956,-0.00558005690693859));
#2316=CARTESIAN_POINT('',(0.024833267285704,-0.0326060348024956,-0.00558005690693859));
#2317=CARTESIAN_POINT('',(-0.0189167327142959,-0.0441060348024956,-0.00558005690693859));
#2318=CARTESIAN_POINT('',(-0.0189167327142959,-0.0441060348024956,-0.00608005690693859));
#2319=CARTESIAN_POINT('',(-0.0196667327142959,-0.0441060348024956,-0.00608005690693859));
#2320=CARTESIAN_POINT('',(0.00265193546093603,-0.0248573300524956,-0.00558005690693859));
#2321=CARTESIAN_POINT('',(-0.0189167327142959,-0.0441060348024956,-0.00558005690693859));
#2322=CARTESIAN_POINT('',(-0.0191667327142959,-0.0441060348024956,-0.00558005690693859));
#2323=CARTESIAN_POINT('',(0.00265326728570057,-0.0248560348024921,-0.0125800569069386));
#2324=CARTESIAN_POINT('',(0.0261532672857041,-0.0302364145797594,-0.0125800569069386));
#2325=CARTESIAN_POINT('',(0.0261532672857041,-0.0119756550252317,-0.0125800569069386));
#2326=CARTESIAN_POINT('',(0.0234402672857046,-0.0203360343182087,-0.0125800569069386));
#2327=CARTESIAN_POINT('',(0.00265326728570057,-0.0248560348024921,-0.0125800569069386));
#2328=CARTESIAN_POINT('',(0.0228034646626685,-0.00385603480249561,-0.0125800569069386));
#2329=CARTESIAN_POINT('',(-0.0172999890912603,-0.00385603480249561,-0.0125800569069386));
#2330=CARTESIAN_POINT('',(0.0026402672857046,-0.0044860343182087,-0.0125800569069386));
#2331=CARTESIAN_POINT('',(0.00265326728570057,-0.0248560348024921,-0.0125800569069386));
#2332=CARTESIAN_POINT('',(-0.00889673271429595,-0.0413560348024956,-0.0125800569069386));
#2333=CARTESIAN_POINT('',(-0.013296732714296,-0.0413560348024956,-0.0125800569069386));
#2334=CARTESIAN_POINT('',(0.0142032672857041,-0.0413560348024956,-0.0125800569069386));
#2335=CARTESIAN_POINT('',(0.00980326728570406,-0.0413560348024956,-0.0125800569069386));
#2336=CARTESIAN_POINT('',(-0.0208467327142959,-0.0370060348024956,-0.0125800569069386));
#2337=CARTESIAN_POINT('',(-0.0163035478650178,-0.0458560348024826,-0.0125800569069386));
#2338=CARTESIAN_POINT('',(0.0261532672857041,-0.0349756550252317,-0.0125800569069386));
#2339=CARTESIAN_POINT('',(0.0234402672857046,-0.0203360343182087,-0.0125800569069386));
#2340=CARTESIAN_POINT('',(0.0234402672857046,-0.0361860343182087,-0.0125800569069386));
#2341=CARTESIAN_POINT('',(0.00264026728570461,-0.0361860343182087,-0.0125800569069386));
#2342=CARTESIAN_POINT('',(-0.0181597327142954,-0.0361860343182087,-0.0125800569069386));
#2343=CARTESIAN_POINT('',(-0.0181597327142954,-0.0203360343182087,-0.0125800569069386));
#2344=CARTESIAN_POINT('',(-0.0208467327142959,-0.00737646659017808,-0.0125800569069386));
#2345=CARTESIAN_POINT('',(0.0234402672857046,-0.0203360343182087,-0.0142800569069386));
#2346=CARTESIAN_POINT('',(0.0234402672857046,-0.0044860343182087,-0.0142800569069386));
#2347=CARTESIAN_POINT('',(0.0234402672857046,-0.0044860343182087,-0.0142800569069386));
#2348=CARTESIAN_POINT('',(0.0234402672857046,-0.0203360343182087,-0.0142800569069386));
#2349=CARTESIAN_POINT('',(0.0234402672857046,-0.0361860343182087,-0.0142800569069386));
#2350=CARTESIAN_POINT('',(0.0234402672857046,-0.0361860343182087,-0.0142800569069386));
#2351=CARTESIAN_POINT('',(0.0026402672857046,-0.0044860343182087,-0.0142800569069386));
#2352=CARTESIAN_POINT('',(-0.0181597327142954,-0.0044860343182087,-0.0142800569069386));
#2353=CARTESIAN_POINT('',(-0.0181597327142954,-0.0044860343182087,-0.0142800569069386));
#2354=CARTESIAN_POINT('',(0.0026402672857046,-0.0044860343182087,-0.0142800569069386));
#2355=CARTESIAN_POINT('',(-0.0181597327142954,-0.0203360343182087,-0.0142800569069386));
#2356=CARTESIAN_POINT('',(-0.0181597327142954,-0.0361860343182087,-0.0142800569069386));
#2357=CARTESIAN_POINT('',(-0.0181597327142954,-0.0361860343182087,-0.0142800569069386));
#2358=CARTESIAN_POINT('',(-0.0181597327142954,-0.0203360343182087,-0.0142800569069386));
#2359=CARTESIAN_POINT('',(-0.00889673271429595,-0.0413560348024956,-0.0142800569069386));
#2360=CARTESIAN_POINT('',(-0.00889673271429595,-0.0413560348024956,-0.0148800569069386));
#2361=CARTESIAN_POINT('',(-0.013296732714296,-0.0413560348024956,-0.0148800569069386));
#2362=CARTESIAN_POINT('',(0.0142032672857041,-0.0413560348024956,-0.0142800569069386));
#2363=CARTESIAN_POINT('',(0.0142032672857041,-0.0413560348024956,-0.0148800569069386));
#2364=CARTESIAN_POINT('',(0.00980326728570406,-0.0413560348024956,-0.0148800569069386));
#2365=CARTESIAN_POINT('',(0.00264026728570461,-0.0361860343182087,-0.0142800569069386));
#2366=CARTESIAN_POINT('',(0.00264026728570461,-0.0361860343182087,-0.0142800569069386));
#2367=CARTESIAN_POINT('',(0.0227402672857046,-0.0125860343182087,-0.0148800569069386));
#2368=CARTESIAN_POINT('',(0.0227402672857046,-0.0125860343182087,-0.0142800569069386));
#2369=CARTESIAN_POINT('',(-0.0175597327142954,-0.0125860343182087,-0.0142800569069386));
#2370=CARTESIAN_POINT('',(0.0228402672857046,-0.0125860343182087,-0.0142800569069386));
#2371=CARTESIAN_POINT('',(-0.0175597327142954,-0.0125860343182087,-0.0148800569069386));
#2372=CARTESIAN_POINT('',(-0.0175597327142954,-0.0125860343182087,-0.0148800569069386));
#2373=CARTESIAN_POINT('',(0.0227402672857046,-0.0125860343182087,-0.0148800569069386));
#2374=CARTESIAN_POINT('',(0.0228402672857046,-0.0125860343182087,-0.0148800569069386));
#2375=CARTESIAN_POINT('',(0.0228402672857046,-0.0125860343182087,-0.0148800569069386));
#2376=CARTESIAN_POINT('',(-0.0175597327142954,-0.0230860343182087,-0.0148800569069386));
#2377=CARTESIAN_POINT('',(-0.0175597327142954,-0.0230860343182087,-0.0142800569069386));
#2378=CARTESIAN_POINT('',(-0.0175597327142954,-0.0335860343182087,-0.0142800569069386));
#2379=CARTESIAN_POINT('',(-0.0175597327142954,-0.0335860343182087,-0.0148800569069386));
#2380=CARTESIAN_POINT('',(-0.0175597327142954,-0.0335860343182087,-0.0148800569069386));
#2381=CARTESIAN_POINT('',(-0.0175597327142954,-0.0230860343182087,-0.0148800569069386));
#2382=CARTESIAN_POINT('',(-0.0174597327142954,-0.0335860343182087,-0.0148800569069386));
#2383=CARTESIAN_POINT('',(-0.0174597327142954,-0.0335860343182087,-0.0142800569069386));
#2384=CARTESIAN_POINT('',(0.0226402672857046,-0.0335860343182087,-0.0142800569069386));
#2385=CARTESIAN_POINT('',(0.0226402672857046,-0.0335860343182087,-0.0148800569069386));
#2386=CARTESIAN_POINT('',(0.0226402672857046,-0.0335860343182087,-0.0148800569069386));
#2387=CARTESIAN_POINT('',(-0.0174597327142954,-0.0335860343182087,-0.0148800569069386));
#2388=CARTESIAN_POINT('',(0.0227402672857046,-0.0335886281341203,-0.0148800569069386));
#2389=CARTESIAN_POINT('',(0.0227402672857046,-0.0335886281341203,-0.0142800569069386));
#2390=CARTESIAN_POINT('',(0.0228402672857046,-0.0335912219500318,-0.0142800569069386));
#2391=CARTESIAN_POINT('',(0.0228402672857046,-0.0335912219500318,-0.0148800569069386));
#2392=CARTESIAN_POINT('',(0.0228402672857046,-0.0335912219500318,-0.0148800569069386));
#2393=CARTESIAN_POINT('',(0.0227402672857046,-0.0335886281341203,-0.0148800569069386));
#2394=CARTESIAN_POINT('',(0.0228402672857046,-0.0230886281341203,-0.0148800569069386));
#2395=CARTESIAN_POINT('',(0.0228402672857046,-0.0230886281341203,-0.0142800569069386));
#2396=CARTESIAN_POINT('',(0.0228402672857046,-0.0230886281341203,-0.0148800569069386));
#2397=CARTESIAN_POINT('',(0.00265326728570057,-0.0248560348024921,-0.0148800569069386));
#2398=CARTESIAN_POINT('',(0.024653266112714,-0.00235603480249561,-0.0148800569069386));
#2399=CARTESIAN_POINT('',(-0.0193467315413159,-0.0023560348024886,-0.0148800569069386));
#2400=CARTESIAN_POINT('',(0.024653266112714,-0.00235603480249561,-0.0148800569069386));
#2401=CARTESIAN_POINT('',(0.024653266112714,-0.0053560359754756,-0.0148800569069386));
#2402=CARTESIAN_POINT('',(0.0276532672857041,-0.0053560359754756,-0.0148800569069386));
#2403=CARTESIAN_POINT('',(0.0276532672857041,-0.0443560336294956,-0.0148800569069386));
#2404=CARTESIAN_POINT('',(0.0276532672857041,-0.0443560336294956,-0.0148800569069386));
#2405=CARTESIAN_POINT('',(0.024653266112714,-0.0443560336294956,-0.0148800569069386));
#2406=CARTESIAN_POINT('',(0.024653266112714,-0.0473560348024826,-0.0148800569069386));
#2407=CARTESIAN_POINT('',(-0.0193467315413159,-0.0473560348024956,-0.0148800569069386));
#2408=CARTESIAN_POINT('',(-0.0193467315413159,-0.0473560348024956,-0.0148800569069386));
#2409=CARTESIAN_POINT('',(-0.0193467315413159,-0.0443560336294956,-0.0148800569069386));
#2410=CARTESIAN_POINT('',(-0.0223467327143029,-0.0443560336294956,-0.0148800569069386));
#2411=CARTESIAN_POINT('',(-0.0223467327142959,-0.0053560359754756,-0.0148800569069386));
#2412=CARTESIAN_POINT('',(-0.0223467327142959,-0.0053560359754756,-0.0148800569069386));
#2413=CARTESIAN_POINT('',(-0.0193467315413159,-0.0053560359754756,-0.0148800569069386));
#2414=CARTESIAN_POINT('',(0.00265326728570057,-0.0248560348024921,-0.0142800569069386));
#2415=CARTESIAN_POINT('',(0.024653266112714,-0.0053560359754756,-0.00798005690693859));
#2416=CARTESIAN_POINT('',(0.0278532672857011,-0.0053560359754756,-0.00798005690693859));
#2417=CARTESIAN_POINT('',(0.0278532672857011,-0.0053560359754756,-0.00798005690693859));
#2418=CARTESIAN_POINT('',(0.024653266112714,-0.0053560359754756,-0.00798005690693859));
#2419=CARTESIAN_POINT('',(0.024653266112714,-0.0021560348024956,-0.00798005690693859));
#2420=CARTESIAN_POINT('',(0.024653266112714,-0.0021560348024956,-0.00798005690693859));
#2421=CARTESIAN_POINT('',(0.0278532672857041,-0.0248560348024856,-0.00798005690693859));
#2422=CARTESIAN_POINT('',(0.0278532672857011,-0.0443560336294956,-0.00798005690693859));
#2423=CARTESIAN_POINT('',(0.0278532672857011,-0.0443560336294956,-0.00798005690693859));
#2424=CARTESIAN_POINT('',(0.0278532672857041,-0.0248560348024856,-0.00798005690693859));
#2425=CARTESIAN_POINT('',(0.024653266112714,-0.0443560336294956,-0.00798005690693859));
#2426=CARTESIAN_POINT('',(0.024653266112714,-0.0475560348024826,-0.00798005690693859));
#2427=CARTESIAN_POINT('',(0.024653266112714,-0.0475560348024826,-0.00798005690693859));
#2428=CARTESIAN_POINT('',(0.024653266112714,-0.0443560336294956,-0.00798005690693859));
#2429=CARTESIAN_POINT('',(0.00265326728569908,-0.0475560348024956,-0.00798005690693859));
#2430=CARTESIAN_POINT('',(-0.0193467315413159,-0.0475560348024956,-0.00798005690693859));
#2431=CARTESIAN_POINT('',(-0.0193467315413159,-0.0475560348024956,-0.00798005690693859));
#2432=CARTESIAN_POINT('',(0.00265326728569908,-0.0475560348024956,-0.00798005690693859));
#2433=CARTESIAN_POINT('',(-0.0193467315413159,-0.0443560336294956,-0.00798005690693859));
#2434=CARTESIAN_POINT('',(-0.0225467327143029,-0.0443560336294956,-0.00798005690693859));
#2435=CARTESIAN_POINT('',(-0.0225467327143029,-0.0443560336294956,-0.00798005690693859));
#2436=CARTESIAN_POINT('',(-0.0193467315413159,-0.0443560336294956,-0.00798005690693859));
#2437=CARTESIAN_POINT('',(-0.0225467327142959,-0.0248560348024856,-0.00798005690693859));
#2438=CARTESIAN_POINT('',(-0.0225467327142959,-0.0053560359754756,-0.00798005690693859));
#2439=CARTESIAN_POINT('',(-0.0225467327142959,-0.0053560359754756,-0.00798005690693859));
#2440=CARTESIAN_POINT('',(-0.0225467327142959,-0.0248560348024856,-0.00798005690693859));
#2441=CARTESIAN_POINT('',(-0.0193467315413159,-0.0053560359754756,-0.00798005690693859));
#2442=CARTESIAN_POINT('',(-0.0193467315413159,-0.0021560348024886,-0.00798005690693859));
#2443=CARTESIAN_POINT('',(-0.0193467315413159,-0.0021560348024886,-0.00798005690693859));
#2444=CARTESIAN_POINT('',(-0.0193467315413159,-0.0053560359754756,-0.00798005690693859));
#2445=CARTESIAN_POINT('',(0.00265326728569908,-0.0021560348024956,-0.00798005690693859));
#2446=CARTESIAN_POINT('',(0.00265326728569908,-0.0021560348024956,-0.00798005690693859));
#2447=CARTESIAN_POINT('',(0.00265326728570057,-0.0248560348024921,-0.00798005690693859));
#2448=CARTESIAN_POINT('',(-0.0193467315413159,-0.0443560336294956,-0.0128800569069386));
#2449=CARTESIAN_POINT('',(-0.0193467315413159,-0.0473560348024826,-0.0128800569069386));
#2450=CARTESIAN_POINT('',(-0.0223467327143029,-0.0443560336294956,-0.0128800569069386));
#2451=CARTESIAN_POINT('',(-0.0223467327142959,-0.0248560348024921,-0.0128800569069386));
#2452=CARTESIAN_POINT('',(-0.0223467327142959,-0.0053560359754756,-0.0128800569069386));
#2453=CARTESIAN_POINT('',(0.00265326728570057,-0.0473560348024956,-0.0128800569069386));
#2454=CARTESIAN_POINT('',(0.024653266112714,-0.0473560348024956,-0.0128800569069386));
#2455=CARTESIAN_POINT('',(-0.0193467315413159,-0.0053560359754756,-0.0128800569069386));
#2456=CARTESIAN_POINT('',(-0.0193467315413159,-0.0023560348024886,-0.0128800569069386));
#2457=CARTESIAN_POINT('',(0.024653266112714,-0.0443560336294956,-0.0128800569069386));
#2458=CARTESIAN_POINT('',(0.0276532672857011,-0.0443560336294956,-0.0128800569069386));
#2459=CARTESIAN_POINT('',(0.00265326728570057,-0.00235603480249561,-0.0128800569069386));
#2460=CARTESIAN_POINT('',(0.024653266112714,-0.00235603480249561,-0.0128800569069386));
#2461=CARTESIAN_POINT('',(0.0276532672857041,-0.0248560348024921,-0.0128800569069386));
#2462=CARTESIAN_POINT('',(0.0276532672857041,-0.0053560359754756,-0.0128800569069386));
#2463=CARTESIAN_POINT('',(0.024653266112714,-0.0053560359754756,-0.0128800569069386));
#2464=CARTESIAN_POINT('',(-0.0208467327142959,-0.0370060348024956,-0.0125800569069386));
#2465=CARTESIAN_POINT('',(-0.0163035478650178,-0.0458560348024826,-0.0125800569069386));
#2466=CARTESIAN_POINT('',(0.0261532672857041,-0.0302364145797594,-0.0125800569069386));
#2467=CARTESIAN_POINT('',(0.0261532672857041,-0.0349756550252317,-0.0125800569069386));
#2468=CARTESIAN_POINT('',(0.0261532672857041,-0.0119756550252317,-0.0125800569069386));
#2469=CARTESIAN_POINT('',(0.0228034646626685,-0.00385603480249561,-0.0125800569069386));
#2470=CARTESIAN_POINT('',(-0.0208467327142959,-0.00737646659017808,-0.0125800569069386));
#2471=CARTESIAN_POINT('',(-0.0172999890912603,-0.00385603480249561,-0.0125800569069386));
#2472=CARTESIAN_POINT('',(-0.0195797917142959,-0.00510603480249561,-0.00608005690693859));
#2473=CARTESIAN_POINT('',(-0.0189167327142959,-0.0441060348024956,-0.00608005690693859));
#2474=CARTESIAN_POINT('',(0.0250832672857041,-0.0326060348024956,-0.00608005690693859));
#2475=CARTESIAN_POINT('',(0.0250832672857041,-0.00510603480249561,-0.00608005690693859));
#2476=CARTESIAN_POINT('',(-0.0189167327142959,-0.0396060348024956,-0.00608005690693859));
#2477=CARTESIAN_POINT('',(0.0250832672857041,-0.00960603480249561,-0.00608005690693859));
#2478=MECHANICAL_DESIGN_GEOMETRIC_PRESENTATION_REPRESENTATION('',(#1431),
#2479);
#2479=(
GEOMETRIC_REPRESENTATION_CONTEXT(3)
GLOBAL_UNCERTAINTY_ASSIGNED_CONTEXT((#2480))
GLOBAL_UNIT_ASSIGNED_CONTEXT((#2483,#2482,#2481))
REPRESENTATION_CONTEXT('Front_Case','TOP_LEVEL_ASSEMBLY_PART')
);
#2480=UNCERTAINTY_MEASURE_WITH_UNIT(LENGTH_MEASURE(1.E-8),#2483,
'DISTANCE_ACCURACY_VALUE','Maximum Tolerance applied to model');
#2481=(
NAMED_UNIT(*)
SI_UNIT($,.STERADIAN.)
SOLID_ANGLE_UNIT()
);
#2482=(
NAMED_UNIT(*)
PLANE_ANGLE_UNIT()
SI_UNIT($,.RADIAN.)
);
#2483=(
LENGTH_UNIT()
NAMED_UNIT(*)
SI_UNIT($,.METRE.)
);
#2484=PRODUCT_DEFINITION_SHAPE('','',#2485);
#2485=PRODUCT_DEFINITION('','',#2487,#2486);
#2486=PRODUCT_DEFINITION_CONTEXT('',#2493,'design');
#2487=PRODUCT_DEFINITION_FORMATION_WITH_SPECIFIED_SOURCE('','',#2489,
 .NOT_KNOWN.);
#2488=PRODUCT_RELATED_PRODUCT_CATEGORY('','',(#2489));
#2489=PRODUCT('Front_Case','Front_Case','Front_Case',(#2491));
#2490=PRODUCT_CATEGORY('','');
#2491=PRODUCT_CONTEXT('',#2493,'mechanical');
#2492=APPLICATION_PROTOCOL_DEFINITION('international standard',
'ap242_managed_model_based_3d_engineering',2020,#2493);
#2493=APPLICATION_CONTEXT('managed model based 3d engineering');
ENDSEC;
END-ISO-10303-21;
