ISO-10303-21;
HEADER;
/* Generated by software containing ST-Developer
 * from STEP Tools, Inc. (www.steptools.com) 
 */
/* OPTION: using custom renumber hook */

FILE_DESCRIPTION(
/* description */ ('STEP AP242 Edition 2',
'CAx-IF Rec.Pracs.---Representation and Presentation of Product Manufa
cturing Information (PMI)---4.0---2014-10-13',
'CAx-IF Rec.Pracs.---3D Tessellated Geometry---0.4---2014-09-14','2;1',
'CAx-IF Rec.Pracs.---User Defined Attributes---1.5---2016-08-15'),
/* implementation_level */ '2;1');

FILE_NAME(
/* name */ 'Assembly 1 - Gear',
/* time_stamp */ '2026-05-14T07:47:13Z',
/* author */ (''),
/* organization */ (''),
/* preprocessor_version */ 'ST-DEVELOPER v20',
/* originating_system */ 'ONSHAPE BY PTC INC, 1.214',
/* authorisation */ '  ');

FILE_SCHEMA (('AP242_MANAGED_MODEL_BASED_3D_ENGINEERING_MIM_LF { 1 0 10303 442 3 1 4 }'));
ENDSEC;

DATA;
#10=SHAPE_REPRESENTATION_RELATIONSHIP('','',#5303,#11);
#11=ADVANCED_BREP_SHAPE_REPRESENTATION('',(#5301),#11780);
#12=B_SPLINE_SURFACE_WITH_KNOTS('',3,1,((#7270,#7271),(#7272,#7273),(#7274,
#7275),(#7276,#7277),(#7278,#7279),(#7280,#7281),(#7282,#7283),(#7284,#7285),
(#7286,#7287)),.SURF_OF_LINEAR_EXTRUSION.,.F.,.F.,.F.,(4,1,1,1,1,1,4),(2,
2),(0.0427668242467598,0.26069954738822,0.47863227052968,0.58759863210041,
0.69656499367114,0.80553135524187,0.9144977168126),(0.,1.),
 .UNSPECIFIED.);
#13=B_SPLINE_SURFACE_WITH_KNOTS('',3,1,((#7301,#7302),(#7303,#7304),(#7305,
#7306),(#7307,#7308),(#7309,#7310),(#7311,#7312),(#7313,#7314),(#7315,#7316),
(#7317,#7318)),.SURF_OF_LINEAR_EXTRUSION.,.F.,.F.,.F.,(4,1,1,1,1,1,4),(2,
2),(0.0903028322864638,0.19866905994132,0.307035287596176,0.415401515251032,
0.523767742905888,0.740500198215601,0.957232653525313),(0.,1.),
 .UNSPECIFIED.);
#14=B_SPLINE_SURFACE_WITH_KNOTS('',3,1,((#7332,#7333),(#7334,#7335),(#7336,
#7337),(#7338,#7339),(#7340,#7341),(#7342,#7343),(#7344,#7345),(#7346,#7347),
(#7348,#7349)),.SURF_OF_LINEAR_EXTRUSION.,.F.,.F.,.F.,(4,1,1,1,1,1,4),(2,
2),(0.0902743912797479,0.198643538035255,0.307012684790763,0.41538183154627,
0.523750978301777,0.740489271812792,0.957227565323807),(0.,1.),
 .UNSPECIFIED.);
#15=B_SPLINE_SURFACE_WITH_KNOTS('',3,1,((#7369,#7370),(#7371,#7372),(#7373,
#7374),(#7375,#7376),(#7377,#7378),(#7379,#7380),(#7381,#7382),(#7383,#7384),
(#7385,#7386)),.SURF_OF_LINEAR_EXTRUSION.,.F.,.F.,.F.,(4,1,1,1,1,1,4),(2,
2),(0.0427709743128187,0.260705670044441,0.478640365776064,0.587607713641875,
0.696575061507686,0.805542409373497,0.914509757239308),(0.,1.),
 .UNSPECIFIED.);
#16=B_SPLINE_SURFACE_WITH_KNOTS('',3,1,((#7400,#7401),(#7402,#7403),(#7404,
#7405),(#7406,#7407),(#7408,#7409),(#7410,#7411),(#7412,#7413),(#7414,#7415),
(#7416,#7417)),.SURF_OF_LINEAR_EXTRUSION.,.F.,.F.,.F.,(4,1,1,1,1,1,4),(2,
2),(0.0427792385693346,0.260719123767589,0.478659008965843,0.587628951564971,
0.696598894164098,0.805568836763225,0.914538779362352),(0.,1.),
 .UNSPECIFIED.);
#17=B_SPLINE_SURFACE_WITH_KNOTS('',3,1,((#7443,#7444),(#7445,#7446),(#7447,
#7448),(#7449,#7450),(#7451,#7452),(#7453,#7454),(#7455,#7456),(#7457,#7458),
(#7459,#7460)),.SURF_OF_LINEAR_EXTRUSION.,.F.,.F.,.F.,(4,1,1,1,1,1,4),(2,
2),(0.0899958593570451,0.198392490074924,0.306789120792804,0.415185751510683,
0.523582382228563,0.740375643664321,0.95716890510008),(0.,1.),
 .UNSPECIFIED.);
#18=B_SPLINE_SURFACE_WITH_KNOTS('',3,1,((#7488,#7489),(#7490,#7491),(#7492,
#7493),(#7494,#7495),(#7496,#7497),(#7498,#7499),(#7500,#7501),(#7502,#7503),
(#7504,#7505)),.SURF_OF_LINEAR_EXTRUSION.,.F.,.F.,.F.,(4,1,1,1,1,1,4),(2,
2),(0.0899610919460128,0.198361042486432,0.306760993026851,0.415160943567271,
0.52356089410769,0.740360795188528,0.957160696269367),(0.,1.),
 .UNSPECIFIED.);
#19=B_SPLINE_SURFACE_WITH_KNOTS('',3,1,((#7525,#7526),(#7527,#7528),(#7529,
#7530),(#7531,#7532),(#7533,#7534),(#7535,#7536),(#7537,#7538),(#7539,#7540),
(#7541,#7542)),.SURF_OF_LINEAR_EXTRUSION.,.F.,.F.,.F.,(4,1,1,1,1,1,4),(2,
2),(0.0428378560164964,0.259632510275362,0.476427164534228,0.58482449166366,
0.693221818793093,0.801619145922526,0.910016473051959),(0.,1.),
 .UNSPECIFIED.);
#20=B_SPLINE_SURFACE_WITH_KNOTS('',3,1,((#7562,#7563),(#7564,#7565),(#7566,
#7567),(#7568,#7569),(#7570,#7571),(#7572,#7573),(#7574,#7575),(#7576,#7577),
(#7578,#7579)),.SURF_OF_LINEAR_EXTRUSION.,.F.,.F.,.F.,(4,1,1,1,1,1,4),(2,
2),(0.0899467626806933,0.198347993964107,0.306749225247522,0.415150456530936,
0.52355168781435,0.740354150381178,0.957156612948006),(0.,1.),
 .UNSPECIFIED.);
#21=B_SPLINE_SURFACE_WITH_KNOTS('',3,1,((#7608,#7609),(#7610,#7611),(#7612,
#7613),(#7614,#7615),(#7616,#7617),(#7618,#7619),(#7620,#7621),(#7622,#7623),
(#7624,#7625)),.SURF_OF_LINEAR_EXTRUSION.,.F.,.F.,.F.,(4,1,1,1,1,1,4),(2,
2),(0.0428428794266445,0.259643495256736,0.476444111086828,0.584844419001874,
0.69324472691692,0.801645034831965,0.910045342747011),(0.,1.),
 .UNSPECIFIED.);
#22=B_SPLINE_SURFACE_WITH_KNOTS('',3,1,((#7654,#7655),(#7656,#7657),(#7658,
#7659),(#7660,#7661),(#7662,#7663),(#7664,#7665),(#7666,#7667),(#7668,#7669),
(#7670,#7671)),.SURF_OF_LINEAR_EXTRUSION.,.F.,.F.,.F.,(4,1,1,1,1,1,4),(2,
2),(0.0899546785687616,0.198354987197796,0.306755295826831,0.415155604455866,
0.5235559130849,0.74035653034297,0.957157147601039),(0.,1.),
 .UNSPECIFIED.);
#23=B_SPLINE_SURFACE_WITH_KNOTS('',3,1,((#7700,#7701),(#7702,#7703),(#7704,
#7705),(#7706,#7707),(#7708,#7709),(#7710,#7711),(#7712,#7713),(#7714,#7715),
(#7716,#7717)),.SURF_OF_LINEAR_EXTRUSION.,.F.,.F.,.F.,(4,1,1,1,1,1,4),(2,
2),(0.0428433442692792,0.259645739985088,0.476448135700897,0.584849333558802,
0.693250531416706,0.801651729274611,0.910052927132515),(0.,1.),
 .UNSPECIFIED.);
#24=B_SPLINE_SURFACE_WITH_KNOTS('',3,1,((#7746,#7747),(#7748,#7749),(#7750,
#7751),(#7752,#7753),(#7754,#7755),(#7756,#7757),(#7758,#7759),(#7760,#7761),
(#7762,#7763)),.SURF_OF_LINEAR_EXTRUSION.,.F.,.F.,.F.,(4,1,1,1,1,1,4),(2,
2),(0.0899838450829227,0.198381143912796,0.30677844274267,0.415175741572544,
0.523573040402417,0.740367638062165,0.957162235721912),(0.,1.),
 .UNSPECIFIED.);
#25=B_SPLINE_SURFACE_WITH_KNOTS('',3,1,((#7783,#7784),(#7785,#7786),(#7787,
#7788),(#7789,#7790),(#7791,#7792),(#7793,#7794),(#7795,#7796),(#7797,#7798),
(#7799,#7800)),.SURF_OF_LINEAR_EXTRUSION.,.F.,.F.,.F.,(4,1,1,1,1,1,4),(2,
2),(0.0428391944575184,0.259638965671652,0.476438736885787,0.584838622492854,
0.693238508099921,0.801638393706988,0.910038279314055),(0.,1.),
 .UNSPECIFIED.);
#26=B_SPLINE_SURFACE_WITH_KNOTS('',3,1,((#7829,#7830),(#7831,#7832),(#7833,
#7834),(#7835,#7836),(#7837,#7838),(#7839,#7840),(#7841,#7842),(#7843,#7844),
(#7845,#7846)),.SURF_OF_LINEAR_EXTRUSION.,.F.,.F.,.F.,(4,1,1,1,1,1,4),(2,
2),(0.0900306054763981,0.198423187744624,0.30681577001285,0.415208352281076,
0.523600934549302,0.740386099085754,0.957171263622206),(0.,1.),
 .UNSPECIFIED.);
#27=B_SPLINE_SURFACE_WITH_KNOTS('',3,1,((#7866,#7867),(#7868,#7869),(#7870,
#7871),(#7872,#7873),(#7874,#7875),(#7876,#7877),(#7878,#7879),(#7880,#7881),
(#7882,#7883)),.SURF_OF_LINEAR_EXTRUSION.,.F.,.F.,.F.,(4,1,1,1,1,1,4),(2,
2),(0.0428309304757676,0.259624005035406,0.476417079595044,0.584813616874863,
0.693210154154683,0.801606691434502,0.910003228714321),(0.,1.),
 .UNSPECIFIED.);
#28=B_SPLINE_SURFACE_WITH_KNOTS('',3,1,((#7903,#7904),(#7905,#7906),(#7907,
#7908),(#7909,#7910),(#7911,#7912),(#7913,#7914),(#7915,#7916),(#7917,#7918),
(#7919,#7920)),.SURF_OF_LINEAR_EXTRUSION.,.F.,.F.,.F.,(4,1,1,1,1,1,4),(2,
2),(0.0902626121894515,0.198632397588962,0.307002182988472,0.415371968387982,
0.523741753787492,0.740481324586512,0.957220895385532),(0.,1.),
 .UNSPECIFIED.);
#29=B_SPLINE_SURFACE_WITH_KNOTS('',3,1,((#7947,#7948),(#7949,#7950),(#7951,
#7952),(#7953,#7954),(#7955,#7956),(#7957,#7958),(#7959,#7960),(#7961,#7962),
(#7963,#7964)),.SURF_OF_LINEAR_EXTRUSION.,.F.,.F.,.F.,(4,1,1,1,1,1,4),(2,
2),(0.0902965785002662,0.19866314424919,0.307029709998115,0.415396275747039,
0.523762841495963,0.740495972993812,0.95722910449166),(0.,1.),
 .UNSPECIFIED.);
#30=B_SPLINE_SURFACE_WITH_KNOTS('',3,1,((#7978,#7979),(#7980,#7981),(#7982,
#7983),(#7984,#7985),(#7986,#7987),(#7988,#7989),(#7990,#7991),(#7992,#7993),
(#7994,#7995)),.SURF_OF_LINEAR_EXTRUSION.,.F.,.F.,.F.,(4,1,1,1,1,1,4),(2,
2),(0.0427723124625174,0.260711267254344,0.478650222046171,0.587619699442085,
0.696589176837998,0.805558654233911,0.914528131629825),(0.,1.),
 .UNSPECIFIED.);
#31=B_SPLINE_SURFACE_WITH_KNOTS('',3,1,((#8015,#8016),(#8017,#8018),(#8019,
#8020),(#8021,#8022),(#8023,#8024),(#8025,#8026),(#8027,#8028),(#8029,#8030),
(#8031,#8032)),.SURF_OF_LINEAR_EXTRUSION.,.F.,.F.,.F.,(4,1,1,1,1,1,4),(2,
2),(0.0903105270339907,0.198675859662988,0.307041192291986,0.415406524920984,
0.523771857549981,0.740502522807977,0.957233188065972),(0.,1.),
 .UNSPECIFIED.);
#32=B_SPLINE_SURFACE_WITH_KNOTS('',3,1,((#8046,#8047),(#8048,#8049),(#8050,
#8051),(#8052,#8053),(#8054,#8055),(#8056,#8057),(#8058,#8059),(#8060,#8061),
(#8062,#8063)),.SURF_OF_LINEAR_EXTRUSION.,.F.,.F.,.F.,(4,1,1,1,1,1,4),(2,
2),(0.0427672889743603,0.260701490466644,0.478635691958928,0.58760279270507,
0.696569893451212,0.805536994197354,0.914504094943496),(0.,1.),
 .UNSPECIFIED.);
#33=B_SPLINE_SURFACE_WITH_KNOTS('',3,1,((#8331,#8332),(#8333,#8334),(#8335,
#8336),(#8337,#8338)),.SURF_OF_LINEAR_EXTRUSION.,.F.,.F.,.F.,(4,4),(2,2),
(0.94571326541067,0.99924907164462),(0.,1.),.PIECEWISE_BEZIER_KNOTS.);
#34=B_SPLINE_SURFACE_WITH_KNOTS('',3,1,((#8343,#8344),(#8345,#8346),(#8347,
#8348),(#8349,#8350)),.SURF_OF_LINEAR_EXTRUSION.,.F.,.F.,.F.,(4,4),(2,2),
(0.000287157582477909,0.0538440701631686),(0.,1.),
 .PIECEWISE_BEZIER_KNOTS.);
#35=B_SPLINE_SURFACE_WITH_KNOTS('',3,1,((#8355,#8356),(#8357,#8358),(#8359,
#8360),(#8361,#8362)),.SURF_OF_LINEAR_EXTRUSION.,.F.,.F.,.F.,(4,4),(2,2),
(0.945713129581889,0.99928002388864),(0.,1.),.PIECEWISE_BEZIER_KNOTS.);
#36=B_SPLINE_SURFACE_WITH_KNOTS('',3,1,((#8367,#8368),(#8369,#8370),(#8371,
#8372),(#8373,#8374)),.SURF_OF_LINEAR_EXTRUSION.,.F.,.F.,.F.,(4,4),(2,2),
(0.000238447307655805,0.0538642831067389),(0.,1.),
 .PIECEWISE_BEZIER_KNOTS.);
#37=B_SPLINE_SURFACE_WITH_KNOTS('',3,1,((#8383,#8384),(#8385,#8386),(#8387,
#8388),(#8389,#8390)),.SURF_OF_LINEAR_EXTRUSION.,.F.,.F.,.F.,(4,4),(2,2),
(0.945712792423818,0.999699553722458),(0.,1.),.PIECEWISE_BEZIER_KNOTS.);
#38=B_SPLINE_SURFACE_WITH_KNOTS('',3,1,((#8399,#8400),(#8401,#8402),(#8403,
#8404),(#8405,#8406)),.SURF_OF_LINEAR_EXTRUSION.,.F.,.F.,.F.,(4,4),(2,2),
(-0.000229357772723085,0.0540435012897654),(0.,1.),
 .PIECEWISE_BEZIER_KNOTS.);
#39=B_SPLINE_SURFACE_WITH_KNOTS('',3,1,((#8415,#8416),(#8417,#8418),(#8419,
#8420),(#8421,#8422)),.SURF_OF_LINEAR_EXTRUSION.,.F.,.F.,.F.,(4,4),(2,2),
(0.945942566578853,1.00023467441684),(0.,1.),.PIECEWISE_BEZIER_KNOTS.);
#40=B_SPLINE_SURFACE_WITH_KNOTS('',3,1,((#8431,#8432),(#8433,#8434),(#8435,
#8436),(#8437,#8438)),.SURF_OF_LINEAR_EXTRUSION.,.F.,.F.,.F.,(4,4),(2,2),
(-0.000285399825400257,0.0540651988680566),(0.,1.),
 .PIECEWISE_BEZIER_KNOTS.);
#41=B_SPLINE_SURFACE_WITH_KNOTS('',3,1,((#8447,#8448),(#8449,#8450),(#8451,
#8452),(#8453,#8454)),.SURF_OF_LINEAR_EXTRUSION.,.F.,.F.,.F.,(4,4),(2,2),
(0.945922675135584,1.00028316006129),(0.,1.),.PIECEWISE_BEZIER_KNOTS.);
#42=B_SPLINE_SURFACE_WITH_KNOTS('',3,1,((#8468,#8469),(#8470,#8471),(#8472,
#8473),(#8474,#8475)),.SURF_OF_LINEAR_EXTRUSION.,.F.,.F.,.F.,(4,4),(2,2),
(-0.000307663193810394,0.0540733718243003),(0.,1.),
 .PIECEWISE_BEZIER_KNOTS.);
#43=B_SPLINE_SURFACE_WITH_KNOTS('',3,1,((#8489,#8490),(#8491,#8492),(#8493,
#8494),(#8495,#8496)),.SURF_OF_LINEAR_EXTRUSION.,.F.,.F.,.F.,(4,4),(2,2),
(0.94591655303752,1.00029682893869),(0.,1.),.PIECEWISE_BEZIER_KNOTS.);
#44=B_SPLINE_SURFACE_WITH_KNOTS('',3,1,((#8510,#8511),(#8512,#8513),(#8514,
#8515),(#8516,#8517)),.SURF_OF_LINEAR_EXTRUSION.,.F.,.F.,.F.,(4,4),(2,2),
(-0.000293451846262325,0.0540670345837638),(0.,1.),
 .PIECEWISE_BEZIER_KNOTS.);
#45=B_SPLINE_SURFACE_WITH_KNOTS('',3,1,((#8531,#8532),(#8533,#8534),(#8535,
#8536),(#8537,#8538)),.SURF_OF_LINEAR_EXTRUSION.,.F.,.F.,.F.,(4,4),(2,2),
(0.945924939263192,1.00027403133609),(0.,1.),.PIECEWISE_BEZIER_KNOTS.);
#46=B_SPLINE_SURFACE_WITH_KNOTS('',3,1,((#8552,#8553),(#8554,#8555),(#8556,
#8557),(#8558,#8559)),.SURF_OF_LINEAR_EXTRUSION.,.F.,.F.,.F.,(4,4),(2,2),
(-0.000244481113502777,0.0540469520779904),(0.,1.),
 .PIECEWISE_BEZIER_KNOTS.);
#47=B_SPLINE_SURFACE_WITH_KNOTS('',3,1,((#8568,#8569),(#8570,#8571),(#8572,
#8573),(#8574,#8575)),.SURF_OF_LINEAR_EXTRUSION.,.F.,.F.,.F.,(4,4),(2,2),
(0.945946822492254,1.00021752787563),(0.,1.),.PIECEWISE_BEZIER_KNOTS.);
#48=B_SPLINE_SURFACE_WITH_KNOTS('',3,1,((#8584,#8585),(#8586,#8587),(#8588,
#8589),(#8590,#8591)),.SURF_OF_LINEAR_EXTRUSION.,.F.,.F.,.F.,(4,4),(2,2),
(-0.000166683494792739,0.0540155339375951),(0.,1.),
 .PIECEWISE_BEZIER_KNOTS.);
#49=B_SPLINE_SURFACE_WITH_KNOTS('',3,1,((#8600,#8601),(#8602,#8603),(#8604,
#8605),(#8606,#8607)),.SURF_OF_LINEAR_EXTRUSION.,.F.,.F.,.F.,(4,4),(2,2),
(0.945979563002409,1.00013415142543),(0.,1.),.PIECEWISE_BEZIER_KNOTS.);
#50=B_SPLINE_SURFACE_WITH_KNOTS('',3,1,((#8619,#8620),(#8621,#8622),(#8623,
#8624),(#8625,#8626)),.SURF_OF_LINEAR_EXTRUSION.,.F.,.F.,.F.,(4,4),(2,2),
(0.000301733122982716,0.0542876996915072),(0.,1.),
 .PIECEWISE_BEZIER_KNOTS.);
#51=B_SPLINE_SURFACE_WITH_KNOTS('',3,1,((#8635,#8636),(#8637,#8638),(#8639,
#8640),(#8641,#8642)),.SURF_OF_LINEAR_EXTRUSION.,.F.,.F.,.F.,(4,4),(2,2),
(0.946136792348324,0.999760602948095),(0.,1.),.PIECEWISE_BEZIER_KNOTS.);
#52=B_SPLINE_SURFACE_WITH_KNOTS('',3,1,((#8651,#8652),(#8653,#8654),(#8655,
#8656),(#8657,#8658)),.SURF_OF_LINEAR_EXTRUSION.,.F.,.F.,.F.,(4,4),(2,2),
(0.000720599393727097,0.054287366570866),(0.,1.),
 .PIECEWISE_BEZIER_KNOTS.);
#53=B_SPLINE_SURFACE_WITH_KNOTS('',3,1,((#8663,#8664),(#8665,#8666),(#8667,
#8668),(#8669,#8670)),.SURF_OF_LINEAR_EXTRUSION.,.F.,.F.,.F.,(4,4),(2,2),
(0.946156814509286,0.999712377539682),(0.,1.),.PIECEWISE_BEZIER_KNOTS.);
#54=B_SPLINE_SURFACE_WITH_KNOTS('',3,1,((#8675,#8676),(#8677,#8678),(#8679,
#8680),(#8681,#8682)),.SURF_OF_LINEAR_EXTRUSION.,.F.,.F.,.F.,(4,4),(2,2),
(0.000301301075058227,0.0538376898115361),(0.,1.),
 .PIECEWISE_BEZIER_KNOTS.);
#55=B_SPLINE_SURFACE_WITH_KNOTS('',3,1,((#9192,#9193),(#9194,#9195),(#9196,
#9197),(#9198,#9199),(#9200,#9201),(#9202,#9203),(#9204,#9205),(#9206,#9207),
(#9208,#9209)),.SURF_OF_LINEAR_EXTRUSION.,.F.,.F.,.F.,(4,1,1,1,1,1,4),(2,
2),(0.0427668228149522,0.260699546314364,0.478632269813776,0.587598631563482,
0.696564993313188,0.805531355062894,0.9144977168126),(0.,1.),
 .UNSPECIFIED.);
#56=B_SPLINE_SURFACE_WITH_KNOTS('',3,1,((#9239,#9240),(#9241,#9242),(#9243,
#9244),(#9245,#9246),(#9247,#9248),(#9249,#9250),(#9251,#9252),(#9253,#9254),
(#9255,#9256)),.SURF_OF_LINEAR_EXTRUSION.,.F.,.F.,.F.,(4,1,1,1,1,1,4),(2,
2),(0.0903028322864638,0.198669059765675,0.307035287244885,0.415401514724096,
0.523767742203307,0.740500197161728,0.95723265212015),(0.,1.),
 .UNSPECIFIED.);
#57=B_SPLINE_SURFACE_WITH_KNOTS('',3,1,((#9285,#9286),(#9287,#9288),(#9289,
#9290),(#9291,#9292),(#9293,#9294),(#9295,#9296),(#9297,#9298),(#9299,#9300),
(#9301,#9302)),.SURF_OF_LINEAR_EXTRUSION.,.F.,.F.,.F.,(4,1,1,1,1,1,4),(2,
2),(0.0902743912859426,0.198643537865052,0.307012684444161,0.415381831023271,
0.52375097760238,0.740489270760599,0.957227563918818),(0.,1.),
 .UNSPECIFIED.);
#58=B_SPLINE_SURFACE_WITH_KNOTS('',3,1,((#9322,#9323),(#9324,#9325),(#9326,
#9327),(#9328,#9329),(#9330,#9331),(#9332,#9333),(#9334,#9335),(#9336,#9337),
(#9338,#9339)),.SURF_OF_LINEAR_EXTRUSION.,.F.,.F.,.F.,(4,1,1,1,1,1,4),(2,
2),(0.0427709728810302,0.2607056689706,0.478640365060169,0.587607713104954,
0.696575061149739,0.805542409194524,0.914509757239308),(0.,1.),
 .UNSPECIFIED.);
#59=B_SPLINE_SURFACE_WITH_KNOTS('',3,1,((#9369,#9370),(#9371,#9372),(#9373,
#9374),(#9375,#9376),(#9377,#9378),(#9379,#9380),(#9381,#9382),(#9383,#9384),
(#9385,#9386),(#9387,#9388)),.SURF_OF_LINEAR_EXTRUSION.,.F.,.F.,.F.,(4,
1,1,1,1,1,1,4),(2,2),(0.0636858381921898,0.119531631879388,0.175377425566586,
0.287069012940983,0.398760600315379,0.510452187689775,0.733835362438568,
0.957218537187361),(0.,1.),.UNSPECIFIED.);
#60=B_SPLINE_SURFACE_WITH_KNOTS('',3,1,((#9414,#9415),(#9416,#9417),(#9418,
#9419),(#9420,#9421),(#9422,#9423),(#9424,#9425),(#9426,#9427),(#9428,#9429),
(#9430,#9431)),.SURF_OF_LINEAR_EXTRUSION.,.F.,.F.,.F.,(4,1,1,1,1,1,4),(2,
2),(0.042779237137385,0.260719122676283,0.478659008215181,0.58762895098463,
0.696598893754079,0.805568836523528,0.914538779292977),(0.,1.),
 .UNSPECIFIED.);
#61=B_SPLINE_SURFACE_WITH_KNOTS('',3,1,((#9450,#9451),(#9452,#9453),(#9454,
#9455),(#9456,#9457),(#9458,#9459),(#9460,#9461),(#9462,#9463),(#9464,#9465),
(#9466,#9467),(#9468,#9469)),.SURF_OF_LINEAR_EXTRUSION.,.F.,.F.,.F.,(4,
1,1,1,1,1,1,4),(2,2),(0.0636476035170184,0.119495044427438,0.175342485337858,
0.287037367158698,0.398732248979538,0.510427130800377,0.733816894442057,
0.957206658083736),(0.,1.),.UNSPECIFIED.);
#62=B_SPLINE_SURFACE_WITH_KNOTS('',3,1,((#9495,#9496),(#9497,#9498),(#9499,
#9500),(#9501,#9502),(#9503,#9504),(#9505,#9506),(#9507,#9508),(#9509,#9510),
(#9511,#9512),(#9513,#9514)),.SURF_OF_LINEAR_EXTRUSION.,.F.,.F.,.F.,(4,
1,1,1,1,1,1,4),(2,2),(0.0427906187378638,0.265925025156136,0.489059431574409,
0.600626634783545,0.712193837992681,0.823761041201818,0.879544642806386,
0.935328244410954),(0.,1.),.UNSPECIFIED.);
#63=B_SPLINE_SURFACE_WITH_KNOTS('',3,1,((#9540,#9541),(#9542,#9543),(#9544,
#9545),(#9546,#9547),(#9548,#9549),(#9550,#9551),(#9552,#9553),(#9554,#9555),
(#9556,#9557),(#9558,#9559)),.SURF_OF_LINEAR_EXTRUSION.,.F.,.F.,.F.,(4,
1,1,1,1,1,1,4),(2,2),(0.0636060791040035,0.119455284213557,0.17530448932311,
0.287002899542217,0.398701309761324,0.510399719980431,0.733796540418645,
0.957193360856859),(0.,1.),.UNSPECIFIED.);
#64=B_SPLINE_SURFACE_WITH_KNOTS('',3,1,((#9585,#9586),(#9587,#9588),(#9589,
#9590),(#9591,#9592),(#9593,#9594),(#9595,#9596),(#9597,#9598),(#9599,#9600),
(#9601,#9602)),.SURF_OF_LINEAR_EXTRUSION.,.F.,.F.,.F.,(4,1,1,1,1,1,4),(2,
2),(0.0428037448854025,0.268178916217285,0.493554087549167,0.606241673215109,
0.71892925888105,0.831616844546991,0.944304430212932),(0.,1.),
 .UNSPECIFIED.);
#65=B_SPLINE_SURFACE_WITH_KNOTS('',3,1,((#9628,#9629),(#9630,#9631),(#9632,
#9633),(#9634,#9635),(#9636,#9637),(#9638,#9639),(#9640,#9641),(#9642,#9643),
(#9644,#9645),(#9646,#9647)),.SURF_OF_LINEAR_EXTRUSION.,.F.,.F.,.F.,(4,
1,1,1,1,1,1,4),(2,2),(0.0635662646957865,0.119417138738688,0.175268012781589,
0.286969760867391,0.398671508953193,0.510373257038996,0.7337767532106,0.957180249382205),
(0.,1.),.UNSPECIFIED.);
#66=B_SPLINE_SURFACE_WITH_KNOTS('',3,1,((#9673,#9674),(#9675,#9676),(#9677,
#9678),(#9679,#9680),(#9681,#9682),(#9683,#9684),(#9685,#9686),(#9687,#9688),
(#9689,#9690),(#9691,#9692)),.SURF_OF_LINEAR_EXTRUSION.,.F.,.F.,.F.,(4,
1,1,1,1,1,1,4),(2,2),(0.0428170323720564,0.268138572108289,0.493460111844522,
0.606120881712638,0.718781651580754,0.831442421448871,0.887772806382929,
0.944103191316987),(0.,1.),.UNSPECIFIED.);
#67=B_SPLINE_SURFACE_WITH_KNOTS('',3,1,((#9718,#9719),(#9720,#9721),(#9722,
#9723),(#9724,#9725),(#9726,#9727),(#9728,#9729),(#9730,#9731),(#9732,#9733),
(#9734,#9735)),.SURF_OF_LINEAR_EXTRUSION.,.F.,.F.,.F.,(4,1,1,1,1,1,4),(2,
2),(0.0899958532995711,0.198392484599126,0.306789115898681,0.415185747198235,
0.52358237849779,0.7403756410969,0.957168903696009),(0.,1.),
 .UNSPECIFIED.);
#68=B_SPLINE_SURFACE_WITH_KNOTS('',3,1,((#9754,#9755),(#9756,#9757),(#9758,
#9759),(#9760,#9761),(#9762,#9763),(#9764,#9765),(#9766,#9767),(#9768,#9769),
(#9770,#9771),(#9772,#9773)),.SURF_OF_LINEAR_EXTRUSION.,.F.,.F.,.F.,(4,
1,1,1,1,1,1,4),(2,2),(0.0428288785170937,0.26598333153622,0.489137784555347,
0.600715011064911,0.712292237574474,0.823869464084037,0.879658077338819,
0.935446690593601),(0.,1.),.UNSPECIFIED.);
#69=B_SPLINE_SURFACE_WITH_KNOTS('',3,1,((#9799,#9800),(#9801,#9802),(#9803,
#9804),(#9805,#9806),(#9807,#9808),(#9809,#9810),(#9811,#9812),(#9813,#9814),
(#9815,#9816)),.SURF_OF_LINEAR_EXTRUSION.,.F.,.F.,.F.,(4,1,1,1,1,1,4),(2,
2),(0.0899610919460126,0.198361042310919,0.306760992675826,0.415160943040733,
0.523560893405639,0.740360794135453,0.957160694865266),(0.,1.),
 .UNSPECIFIED.);
#70=B_SPLINE_SURFACE_WITH_KNOTS('',3,1,((#9836,#9837),(#9838,#9839),(#9840,
#9841),(#9842,#9843),(#9844,#9845),(#9846,#9847),(#9848,#9849),(#9850,#9851),
(#9852,#9853)),.SURF_OF_LINEAR_EXTRUSION.,.F.,.F.,.F.,(4,1,1,1,1,1,4),(2,
2),(0.0428378546110312,0.259632509221263,0.476427163831495,0.584824491136611,
0.693221818441727,0.801619145746843,0.910016473051959),(0.,1.),
 .UNSPECIFIED.);
#71=B_SPLINE_SURFACE_WITH_KNOTS('',3,1,((#9873,#9874),(#9875,#9876),(#9877,
#9878),(#9879,#9880),(#9881,#9882),(#9883,#9884),(#9885,#9886),(#9887,#9888),
(#9889,#9890)),.SURF_OF_LINEAR_EXTRUSION.,.F.,.F.,.F.,(4,1,1,1,1,1,4),(2,
2),(0.0899467626806933,0.1983479937886,0.306749224896507,0.415150456004414,
0.523551687112321,0.740354149328135,0.957156611543949),(0.,1.),
 .UNSPECIFIED.);
#72=B_SPLINE_SURFACE_WITH_KNOTS('',3,1,((#9904,#9905),(#9906,#9907),(#9908,
#9909),(#9910,#9911),(#9912,#9913),(#9914,#9915),(#9916,#9917),(#9918,#9919),
(#9920,#9921)),.SURF_OF_LINEAR_EXTRUSION.,.F.,.F.,.F.,(4,1,1,1,1,1,4),(2,
2),(0.042842878021254,0.259643494202693,0.476444110384133,0.584844418474852,
0.693244726565572,0.801645034656292,0.910045342747011),(0.,1.),
 .UNSPECIFIED.);
#73=B_SPLINE_SURFACE_WITH_KNOTS('',3,1,((#9935,#9936),(#9937,#9938),(#9939,
#9940),(#9941,#9942),(#9943,#9944),(#9945,#9946),(#9947,#9948),(#9949,#9950),
(#9951,#9952)),.SURF_OF_LINEAR_EXTRUSION.,.F.,.F.,.F.,(4,1,1,1,1,1,4),(2,
2),(0.0899546785687616,0.198354987022287,0.306755295475813,0.415155603929338,
0.523555912382864,0.740356529289915,0.957157146196966),(0.,1.),
 .UNSPECIFIED.);
#74=B_SPLINE_SURFACE_WITH_KNOTS('',3,1,((#9966,#9967),(#9968,#9969),(#9970,
#9971),(#9972,#9973),(#9974,#9975),(#9976,#9977),(#9978,#9979),(#9980,#9981),
(#9982,#9983)),.SURF_OF_LINEAR_EXTRUSION.,.F.,.F.,.F.,(4,1,1,1,1,1,4),(2,
2),(0.0428433428638929,0.259645738931048,0.476448134998204,0.584849333031782,
0.69325053106536,0.801651729098937,0.910052927132515),(0.,1.),
 .UNSPECIFIED.);
#75=B_SPLINE_SURFACE_WITH_KNOTS('',3,1,((#9997,#9998),(#9999,#10000),(#10001,
#10002),(#10003,#10004),(#10005,#10006),(#10007,#10008),(#10009,#10010),
(#10011,#10012),(#10013,#10014)),.SURF_OF_LINEAR_EXTRUSION.,.F.,.F.,.F.,
(4,1,1,1,1,1,4),(2,2),(0.0899838450829221,0.198381143737279,0.306778442391636,
0.415175741045993,0.52357303970035,0.740367637009063,0.957162234317777),
(0.,1.),.UNSPECIFIED.);
#76=B_SPLINE_SURFACE_WITH_KNOTS('',3,1,((#10034,#10035),(#10036,#10037),
(#10038,#10039),(#10040,#10041),(#10042,#10043),(#10044,#10045),(#10046,
#10047),(#10048,#10049),(#10050,#10051)),.SURF_OF_LINEAR_EXTRUSION.,.F.,
 .F.,.F.,(4,1,1,1,1,1,4),(2,2),(0.0428391930520788,0.259638964617573,0.476438736183067,
0.584838621965814,0.693238507748561,0.801638393531308,0.910038279314055),
(0.,1.),.UNSPECIFIED.);
#77=B_SPLINE_SURFACE_WITH_KNOTS('',3,1,((#10065,#10066),(#10067,#10068),
(#10069,#10070),(#10071,#10072),(#10073,#10074),(#10075,#10076),(#10077,
#10078),(#10079,#10080),(#10081,#10082)),.SURF_OF_LINEAR_EXTRUSION.,.F.,
 .F.,.F.,(4,1,1,1,1,1,4),(2,2),(0.0900305994225184,0.198423182271939,0.306815765121361,
0.415208347970782,0.523600930820203,0.740386096519045,0.957171262217887),
(0.,1.),.UNSPECIFIED.);
#78=B_SPLINE_SURFACE_WITH_KNOTS('',3,1,((#10102,#10103),(#10104,#10105),
(#10106,#10107),(#10108,#10109),(#10110,#10111),(#10112,#10113),(#10114,
#10115),(#10116,#10117),(#10118,#10119)),.SURF_OF_LINEAR_EXTRUSION.,.F.,
 .F.,.F.,(4,1,1,1,1,1,4),(2,2),(0.0428309290702162,0.259624003981242,0.476417078892269,
0.584813616347782,0.693210153803295,0.801606691258808,0.910003228714321),
(0.,1.),.UNSPECIFIED.);
#79=B_SPLINE_SURFACE_WITH_KNOTS('',3,1,((#10139,#10140),(#10141,#10142),
(#10143,#10144),(#10145,#10146),(#10147,#10148),(#10149,#10150),(#10151,
#10152),(#10153,#10154),(#10155,#10156),(#10157,#10158)),
 .SURF_OF_LINEAR_EXTRUSION.,.F.,.F.,.F.,(4,1,1,1,1,1,1,4),(2,2),(0.0635951279366561,
0.119444378843416,0.175293629750177,0.286992131563697,0.398690633377218,
0.510389135190738,0.733786138817779,0.95718314244482),(0.,1.),
 .UNSPECIFIED.);
#80=B_SPLINE_SURFACE_WITH_KNOTS('',3,1,((#10184,#10185),(#10186,#10187),
(#10188,#10189),(#10190,#10191),(#10192,#10193),(#10194,#10195),(#10196,
#10197),(#10198,#10199),(#10200,#10201),(#10202,#10203)),
 .SURF_OF_LINEAR_EXTRUSION.,.F.,.F.,.F.,(4,1,1,1,1,1,1,4),(2,2),(0.0428195476288164,
0.26597368136873,0.489127815108644,0.6007048819786,0.712281948848557,0.823859015718514,
0.879647549153492,0.935436082588471),(0.,1.),.UNSPECIFIED.);
#81=B_SPLINE_SURFACE_WITH_KNOTS('',3,1,((#10229,#10230),(#10231,#10232),
(#10233,#10234),(#10235,#10236),(#10237,#10238),(#10239,#10240),(#10241,
#10242),(#10243,#10244),(#10245,#10246),(#10247,#10248)),
 .SURF_OF_LINEAR_EXTRUSION.,.F.,.F.,.F.,(4,1,1,1,1,1,1,4),(2,2),(0.0636366929509081,
0.119484177108809,0.175331661266709,0.287026629582511,0.398721597898312,
0.510416566214113,0.733806502845716,0.957196439477319),(0.,1.),
 .UNSPECIFIED.);
#82=B_SPLINE_SURFACE_WITH_KNOTS('',3,1,((#10274,#10275),(#10276,#10277),
(#10278,#10279),(#10280,#10281),(#10282,#10283),(#10284,#10285),(#10286,
#10287),(#10288,#10289),(#10290,#10291),(#10292,#10293)),
 .SURF_OF_LINEAR_EXTRUSION.,.F.,.F.,.F.,(4,1,1,1,1,1,1,4),(2,2),(0.0428064214927307,
0.268127897240066,0.493449372987401,0.606110110861069,0.718770848734736,
0.831431586608404,0.887761955545238,0.944092324482072),(0.,1.),
 .UNSPECIFIED.);
#83=B_SPLINE_SURFACE_WITH_KNOTS('',3,1,((#10319,#10320),(#10321,#10322),
(#10323,#10324),(#10325,#10326),(#10327,#10328),(#10329,#10330),(#10331,
#10332),(#10333,#10334),(#10335,#10336),(#10337,#10338)),
 .SURF_OF_LINEAR_EXTRUSION.,.F.,.F.,.F.,(4,1,1,1,1,1,1,4),(2,2),(0.0636762767369498,
0.119522106374332,0.175367936011714,0.287059595286477,0.398751254561241,
0.510442913836005,0.733826232385532,0.95720955093506),(0.,1.),
 .UNSPECIFIED.);
#84=B_SPLINE_SURFACE_WITH_KNOTS('',3,1,((#10364,#10365),(#10366,#10367),
(#10368,#10369),(#10370,#10371),(#10372,#10373),(#10374,#10375),(#10376,
#10377),(#10378,#10379),(#10380,#10381)),.SURF_OF_LINEAR_EXTRUSION.,.F.,
 .F.,.F.,(4,1,1,1,1,1,4),(2,2),(0.0427931338095483,0.268167826651906,0.493542519494264,
0.606229865915443,0.718917212336622,0.831604558757801,0.94429190517898),
(0.,1.),.UNSPECIFIED.);
#85=B_SPLINE_SURFACE_WITH_KNOTS('',3,1,((#10407,#10408),(#10409,#10410),
(#10411,#10412),(#10413,#10414),(#10415,#10416),(#10417,#10418),(#10419,
#10420),(#10421,#10422),(#10423,#10424)),.SURF_OF_LINEAR_EXTRUSION.,.F.,
 .F.,.F.,(4,1,1,1,1,1,4),(2,2),(0.0902626121894509,0.19863239741335,0.307002182637248,
0.415371967861147,0.523741753085046,0.740481323532844,0.957220893980641),
(0.,1.),.UNSPECIFIED.);
#86=B_SPLINE_SURFACE_WITH_KNOTS('',3,1,((#10444,#10445),(#10446,#10447),
(#10448,#10449),(#10450,#10451),(#10452,#10453),(#10454,#10455),(#10456,
#10457),(#10458,#10459),(#10460,#10461),(#10462,#10463)),
 .SURF_OF_LINEAR_EXTRUSION.,.F.,.F.,.F.,(4,1,1,1,1,1,1,4),(2,2),(0.0427812873520157,
0.265915404245119,0.489049521138222,0.600616579584773,0.712183638031325,
0.823750696477876,0.879534225701152,0.935317754924428),(0.,1.),
 .UNSPECIFIED.);
#87=B_SPLINE_SURFACE_WITH_KNOTS('',3,1,((#10489,#10490),(#10491,#10492),
(#10493,#10494),(#10495,#10496),(#10497,#10498),(#10499,#10500),(#10501,
#10502),(#10503,#10504),(#10505,#10506)),.SURF_OF_LINEAR_EXTRUSION.,.F.,
 .F.,.F.,(4,1,1,1,1,1,4),(2,2),(0.0902965845196961,0.198663149340549,0.307029714161401,
0.415396278982254,0.523762843803107,0.740495973444812,0.957229103086517),
(0.,1.),.UNSPECIFIED.);
#88=B_SPLINE_SURFACE_WITH_KNOTS('',3,1,((#10535,#10536),(#10537,#10538),
(#10539,#10540),(#10541,#10542),(#10543,#10544),(#10545,#10546),(#10547,
#10548),(#10549,#10550),(#10551,#10552)),.SURF_OF_LINEAR_EXTRUSION.,.F.,
 .F.,.F.,(4,1,1,1,1,1,4),(2,2),(0.0427723110307385,0.260711266163071,0.478650221295404,
0.587619698861571,0.696589176427737,0.805558653993903,0.91452813156007),
(0.,1.),.UNSPECIFIED.);
#89=B_SPLINE_SURFACE_WITH_KNOTS('',3,1,((#10572,#10573),(#10574,#10575),
(#10576,#10577),(#10578,#10579),(#10580,#10581),(#10582,#10583),(#10584,
#10585),(#10586,#10587),(#10588,#10589)),.SURF_OF_LINEAR_EXTRUSION.,.F.,
 .F.,.F.,(4,1,1,1,1,1,4),(2,2),(0.0903105330516686,0.198675864752809,0.307041196453948,
0.415406528155088,0.523771859856228,0.740502523258508,0.957233186660788),
(0.,1.),.UNSPECIFIED.);
#90=B_SPLINE_SURFACE_WITH_KNOTS('',3,1,((#10618,#10619),(#10620,#10621),
(#10622,#10623),(#10624,#10625),(#10626,#10627),(#10628,#10629),(#10630,
#10631),(#10632,#10633),(#10634,#10635)),.SURF_OF_LINEAR_EXTRUSION.,.F.,
 .F.,.F.,(4,1,1,1,1,1,4),(2,2),(0.042767287542548,0.260701489392785,0.478635691243022,
0.587602792168141,0.696569893093259,0.805536994018378,0.914504094943496),
(0.,1.),.UNSPECIFIED.);
#91=B_SPLINE_SURFACE_WITH_KNOTS('',3,1,((#11377,#11378),(#11379,#11380),
(#11381,#11382),(#11383,#11384)),.SURF_OF_LINEAR_EXTRUSION.,.F.,.F.,.F.,
(4,4),(2,2),(0.94571326541397,0.99924907164462),(0.,1.),
 .PIECEWISE_BEZIER_KNOTS.);
#92=B_SPLINE_SURFACE_WITH_KNOTS('',3,1,((#11394,#11395),(#11396,#11397),
(#11398,#11399),(#11400,#11401)),.SURF_OF_LINEAR_EXTRUSION.,.F.,.F.,.F.,
(4,4),(2,2),(0.00028715687303875,0.0538440692384767),(0.,1.),
 .PIECEWISE_BEZIER_KNOTS.);
#93=B_SPLINE_SURFACE_WITH_KNOTS('',3,1,((#11411,#11412),(#11413,#11414),
(#11415,#11416),(#11417,#11418)),.SURF_OF_LINEAR_EXTRUSION.,.F.,.F.,.F.,
(4,4),(2,2),(0.945713129583872,0.999280023888641),(0.,1.),
 .PIECEWISE_BEZIER_KNOTS.);
#94=B_SPLINE_SURFACE_WITH_KNOTS('',3,1,((#11428,#11429),(#11430,#11431),
(#11432,#11433),(#11434,#11435)),.SURF_OF_LINEAR_EXTRUSION.,.F.,.F.,.F.,
(4,4),(2,2),(0.000238446008844903,0.0538642830977607),(0.,1.),
 .PIECEWISE_BEZIER_KNOTS.);
#95=B_SPLINE_SURFACE_WITH_KNOTS('',3,1,((#11440,#11441),(#11442,#11443),
(#11444,#11445),(#11446,#11447)),.SURF_OF_LINEAR_EXTRUSION.,.F.,.F.,.F.,
(4,4),(2,2),(0.945712792413583,0.999357905422443),(0.,1.),
 .PIECEWISE_BEZIER_KNOTS.);
#96=B_SPLINE_SURFACE_WITH_KNOTS('',3,1,((#11452,#11453),(#11454,#11455),
(#11456,#11457),(#11458,#11459)),.SURF_OF_LINEAR_EXTRUSION.,.F.,.F.,.F.,
(4,4),(2,2),(0.00016096841847253,0.0538958457396796),(0.,1.),
 .PIECEWISE_BEZIER_KNOTS.);
#97=B_SPLINE_SURFACE_WITH_KNOTS('',3,1,((#11460,#11461),(#11462,#11463),
(#11464,#11465),(#11466,#11467)),.SURF_OF_LINEAR_EXTRUSION.,.F.,.F.,.F.,
(4,4),(2,2),(0.945712294075307,0.999473361243026),(0.,1.),
 .PIECEWISE_BEZIER_KNOTS.);
#98=B_SPLINE_SURFACE_WITH_KNOTS('',3,1,((#11468,#11469),(#11470,#11471),
(#11472,#11473),(#11474,#11475)),.SURF_OF_LINEAR_EXTRUSION.,.F.,.F.,.F.,
(4,4),(2,2),(6.39693056170122E-5,0.0539349013932933),(0.,1.),
 .PIECEWISE_BEZIER_KNOTS.);
#99=B_SPLINE_SURFACE_WITH_KNOTS('',3,1,((#11476,#11477),(#11478,#11479),
(#11480,#11481),(#11482,#11483)),.SURF_OF_LINEAR_EXTRUSION.,.F.,.F.,.F.,
(4,4),(2,2),(0.945711694071262,0.999612512587962),(0.,1.),
 .PIECEWISE_BEZIER_KNOTS.);
#100=B_SPLINE_SURFACE_WITH_KNOTS('',3,1,((#11484,#11485),(#11486,#11487),
(#11488,#11489),(#11490,#11491)),.SURF_OF_LINEAR_EXTRUSION.,.F.,.F.,.F.,
(4,4),(2,2),(0.0010384387098227,0.0550458145104573),(0.,1.),
 .PIECEWISE_BEZIER_KNOTS.);
#101=B_SPLINE_SURFACE_WITH_KNOTS('',3,1,((#11492,#11493),(#11494,#11495),
(#11496,#11497),(#11498,#11499)),.SURF_OF_LINEAR_EXTRUSION.,.F.,.F.,.F.,
(4,4),(2,2),(0.946012686855275,1.00006019325057),(0.,1.),
 .PIECEWISE_BEZIER_KNOTS.);
#102=B_SPLINE_SURFACE_WITH_KNOTS('',3,1,((#11500,#11501),(#11502,#11503),
(#11504,#11505),(#11506,#11507)),.SURF_OF_LINEAR_EXTRUSION.,.F.,.F.,.F.,
(4,4),(2,2),(-0.000146327487099161,0.0540108831336407),(0.,1.),
 .PIECEWISE_BEZIER_KNOTS.);
#103=B_SPLINE_SURFACE_WITH_KNOTS('',3,1,((#11508,#11509),(#11510,#11511),
(#11512,#11513),(#11514,#11515)),.SURF_OF_LINEAR_EXTRUSION.,.F.,.F.,.F.,
(4,4),(2,2),(0.945973827487617,1.00015723257866),(0.,1.),
 .PIECEWISE_BEZIER_KNOTS.);
#104=B_SPLINE_SURFACE_WITH_KNOTS('',3,1,((#11516,#11517),(#11518,#11519),
(#11520,#11521),(#11522,#11523)),.SURF_OF_LINEAR_EXTRUSION.,.F.,.F.,.F.,
(4,4),(2,2),(-0.00022935777269462,0.0540435012812028),(0.,1.),
 .PIECEWISE_BEZIER_KNOTS.);
#105=B_SPLINE_SURFACE_WITH_KNOTS('',3,1,((#11528,#11529),(#11530,#11531),
(#11532,#11533),(#11534,#11535)),.SURF_OF_LINEAR_EXTRUSION.,.F.,.F.,.F.,
(4,4),(2,2),(0.945942566570702,1.00023467441684),(0.,1.),
 .PIECEWISE_BEZIER_KNOTS.);
#106=B_SPLINE_SURFACE_WITH_KNOTS('',3,1,((#11540,#11541),(#11542,#11543),
(#11544,#11545),(#11546,#11547)),.SURF_OF_LINEAR_EXTRUSION.,.F.,.F.,.F.,
(4,4),(2,2),(-0.000285399825400618,0.0540651988599749),(0.,1.),
 .PIECEWISE_BEZIER_KNOTS.);
#107=B_SPLINE_SURFACE_WITH_KNOTS('',3,1,((#11552,#11553),(#11554,#11555),
(#11556,#11557),(#11558,#11559)),.SURF_OF_LINEAR_EXTRUSION.,.F.,.F.,.F.,
(4,4),(2,2),(0.945922675135584,1.00028316006129),(0.,1.),
 .PIECEWISE_BEZIER_KNOTS.);
#108=B_SPLINE_SURFACE_WITH_KNOTS('',3,1,((#11560,#11561),(#11562,#11563),
(#11564,#11565),(#11566,#11567)),.SURF_OF_LINEAR_EXTRUSION.,.F.,.F.,.F.,
(4,4),(2,2),(-0.000307663193810944,0.0540733718243001),(0.,1.),
 .PIECEWISE_BEZIER_KNOTS.);
#109=B_SPLINE_SURFACE_WITH_KNOTS('',3,1,((#11568,#11569),(#11570,#11571),
(#11572,#11573),(#11574,#11575)),.SURF_OF_LINEAR_EXTRUSION.,.F.,.F.,.F.,
(4,4),(2,2),(0.94591655303752,1.00029682893869),(0.,1.),
 .PIECEWISE_BEZIER_KNOTS.);
#110=B_SPLINE_SURFACE_WITH_KNOTS('',3,1,((#11576,#11577),(#11578,#11579),
(#11580,#11581),(#11582,#11583)),.SURF_OF_LINEAR_EXTRUSION.,.F.,.F.,.F.,
(4,4),(2,2),(-0.000293451846263003,0.0540670345837634),(0.,1.),
 .PIECEWISE_BEZIER_KNOTS.);
#111=B_SPLINE_SURFACE_WITH_KNOTS('',3,1,((#11584,#11585),(#11586,#11587),
(#11588,#11589),(#11590,#11591)),.SURF_OF_LINEAR_EXTRUSION.,.F.,.F.,.F.,
(4,4),(2,2),(0.945924939263191,1.00027403133609),(0.,1.),
 .PIECEWISE_BEZIER_KNOTS.);
#112=B_SPLINE_SURFACE_WITH_KNOTS('',3,1,((#11592,#11593),(#11594,#11595),
(#11596,#11597),(#11598,#11599)),.SURF_OF_LINEAR_EXTRUSION.,.F.,.F.,.F.,
(4,4),(2,2),(-0.00024448111348604,0.0540469520698436),(0.,1.),
 .PIECEWISE_BEZIER_KNOTS.);
#113=B_SPLINE_SURFACE_WITH_KNOTS('',3,1,((#11604,#11605),(#11606,#11607),
(#11608,#11609),(#11610,#11611)),.SURF_OF_LINEAR_EXTRUSION.,.F.,.F.,.F.,
(4,4),(2,2),(0.94594682248393,1.00021752787566),(0.,1.),
 .PIECEWISE_BEZIER_KNOTS.);
#114=B_SPLINE_SURFACE_WITH_KNOTS('',3,1,((#11616,#11617),(#11618,#11619),
(#11620,#11621),(#11622,#11623)),.SURF_OF_LINEAR_EXTRUSION.,.F.,.F.,.F.,
(4,4),(2,2),(-0.000166683494762411,0.0540155339291786),(0.,1.),
 .PIECEWISE_BEZIER_KNOTS.);
#115=B_SPLINE_SURFACE_WITH_KNOTS('',3,1,((#11628,#11629),(#11630,#11631),
(#11632,#11633),(#11634,#11635)),.SURF_OF_LINEAR_EXTRUSION.,.F.,.F.,.F.,
(4,4),(2,2),(0.945979562994147,1.00013415142543),(0.,1.),
 .PIECEWISE_BEZIER_KNOTS.);
#116=B_SPLINE_SURFACE_WITH_KNOTS('',3,1,((#11640,#11641),(#11642,#11643),
(#11644,#11645),(#11646,#11647)),.SURF_OF_LINEAR_EXTRUSION.,.F.,.F.,.F.,
(4,4),(2,2),(-6.94356714145486E-5,0.0539765950835145),(0.,1.),
 .PIECEWISE_BEZIER_KNOTS.);
#117=B_SPLINE_SURFACE_WITH_KNOTS('',3,1,((#11648,#11649),(#11650,#11651),
(#11652,#11653),(#11654,#11655)),.SURF_OF_LINEAR_EXTRUSION.,.F.,.F.,.F.,
(4,4),(2,2),(0.944954691369359,0.998959988184384),(0.,1.),
 .PIECEWISE_BEZIER_KNOTS.);
#118=B_SPLINE_SURFACE_WITH_KNOTS('',3,1,((#11656,#11657),(#11658,#11659),
(#11660,#11661),(#11662,#11663)),.SURF_OF_LINEAR_EXTRUSION.,.F.,.F.,.F.,
(4,4),(2,2),(0.000389459200214664,0.0542887913255763),(0.,1.),
 .PIECEWISE_BEZIER_KNOTS.);
#119=B_SPLINE_SURFACE_WITH_KNOTS('',3,1,((#11664,#11665),(#11666,#11667),
(#11668,#11669),(#11670,#11671)),.SURF_OF_LINEAR_EXTRUSION.,.F.,.F.,.F.,
(4,4),(2,2),(0.946066391603674,0.999934497932542),(0.,1.),
 .PIECEWISE_BEZIER_KNOTS.);
#120=B_SPLINE_SURFACE_WITH_KNOTS('',3,1,((#11672,#11673),(#11674,#11675),
(#11676,#11677),(#11678,#11679)),.SURF_OF_LINEAR_EXTRUSION.,.F.,.F.,.F.,
(4,4),(2,2),(0.000528374991459705,0.0542881940669466),(0.,1.),
 .PIECEWISE_BEZIER_KNOTS.);
#121=B_SPLINE_SURFACE_WITH_KNOTS('',3,1,((#11680,#11681),(#11682,#11683),
(#11684,#11685),(#11686,#11687)),.SURF_OF_LINEAR_EXTRUSION.,.F.,.F.,.F.,
(4,4),(2,2),(0.94610537083911,0.999837711604549),(0.,1.),
 .PIECEWISE_BEZIER_KNOTS.);
#122=B_SPLINE_SURFACE_WITH_KNOTS('',3,1,((#11688,#11689),(#11690,#11691),
(#11692,#11693),(#11694,#11695)),.SURF_OF_LINEAR_EXTRUSION.,.F.,.F.,.F.,
(4,4),(2,2),(0.00064336253635694,0.0542876996825159),(0.,1.),
 .PIECEWISE_BEZIER_KNOTS.);
#123=B_SPLINE_SURFACE_WITH_KNOTS('',3,1,((#11700,#11701),(#11702,#11703),
(#11704,#11705),(#11706,#11707)),.SURF_OF_LINEAR_EXTRUSION.,.F.,.F.,.F.,
(4,4),(2,2),(0.946136792339247,0.999760604409998),(0.,1.),
 .PIECEWISE_BEZIER_KNOTS.);
#124=B_SPLINE_SURFACE_WITH_KNOTS('',3,1,((#11712,#11713),(#11714,#11715),
(#11716,#11717),(#11718,#11719)),.SURF_OF_LINEAR_EXTRUSION.,.F.,.F.,.F.,
(4,4),(2,2),(0.00072059939372746,0.0542873656929097),(0.,1.),
 .PIECEWISE_BEZIER_KNOTS.);
#125=B_SPLINE_SURFACE_WITH_KNOTS('',3,1,((#11729,#11730),(#11731,#11732),
(#11733,#11734),(#11735,#11736)),.SURF_OF_LINEAR_EXTRUSION.,.F.,.F.,.F.,
(4,4),(2,2),(0.946156814510303,0.999712378339417),(0.,1.),
 .PIECEWISE_BEZIER_KNOTS.);
#126=B_SPLINE_SURFACE_WITH_KNOTS('',3,1,((#11746,#11747),(#11748,#11749),
(#11750,#11751),(#11752,#11753)),.SURF_OF_LINEAR_EXTRUSION.,.F.,.F.,.F.,
(4,4),(2,2),(0.000301300347004152,0.0538376878511949),(0.,1.),
 .PIECEWISE_BEZIER_KNOTS.);
#127=CYLINDRICAL_SURFACE('',#5354,0.00454765163581042);
#128=CYLINDRICAL_SURFACE('',#5357,0.00625171915863428);
#129=CYLINDRICAL_SURFACE('',#5359,0.00625171915863428);
#130=CYLINDRICAL_SURFACE('',#5361,0.00625171915863428);
#131=CYLINDRICAL_SURFACE('',#5363,0.00625171915863428);
#132=CYLINDRICAL_SURFACE('',#5365,0.00625171915863428);
#133=CYLINDRICAL_SURFACE('',#5367,0.00625171915863428);
#134=CYLINDRICAL_SURFACE('',#5369,0.00625171915863428);
#135=CYLINDRICAL_SURFACE('',#5371,0.00625171915863428);
#136=CYLINDRICAL_SURFACE('',#5373,0.00625171915863428);
#137=CYLINDRICAL_SURFACE('',#5375,0.00625171915863428);
#138=CYLINDRICAL_SURFACE('',#5377,0.00625171915863428);
#139=CYLINDRICAL_SURFACE('',#5379,0.00625171915863428);
#140=CYLINDRICAL_SURFACE('',#5381,0.00625171915863428);
#141=CYLINDRICAL_SURFACE('',#5383,0.00625171915863428);
#142=CYLINDRICAL_SURFACE('',#5386,0.00625171915863428);
#143=CYLINDRICAL_SURFACE('',#5389,0.00625171915863428);
#144=CYLINDRICAL_SURFACE('',#5392,0.00625171915863428);
#145=CYLINDRICAL_SURFACE('',#5395,0.00625171915863428);
#146=CYLINDRICAL_SURFACE('',#5398,0.00625171915863428);
#147=CYLINDRICAL_SURFACE('',#5401,0.00625171915863428);
#148=CYLINDRICAL_SURFACE('',#5404,0.00625171915863428);
#149=CYLINDRICAL_SURFACE('',#5407,0.00625171915863428);
#150=CYLINDRICAL_SURFACE('',#5409,0.00625171915863428);
#151=CYLINDRICAL_SURFACE('',#5411,0.00625171915863428);
#152=CYLINDRICAL_SURFACE('',#5413,0.00625171915863428);
#153=CYLINDRICAL_SURFACE('',#5415,0.00625171915863428);
#154=CYLINDRICAL_SURFACE('',#5417,0.00625171915863428);
#155=CYLINDRICAL_SURFACE('',#5419,0.00625171915863428);
#156=CYLINDRICAL_SURFACE('',#5421,0.00625171915863428);
#157=CYLINDRICAL_SURFACE('',#5423,0.00625171915863428);
#158=CYLINDRICAL_SURFACE('',#5425,0.00625171915863428);
#159=CYLINDRICAL_SURFACE('',#5427,0.00625171915863428);
#160=CYLINDRICAL_SURFACE('',#5478,0.00454765163581042);
#161=CYLINDRICAL_SURFACE('',#5481,0.00781447868426859);
#162=CYLINDRICAL_SURFACE('',#5483,0.00781447868426859);
#163=CYLINDRICAL_SURFACE('',#5485,0.00781447868426859);
#164=CYLINDRICAL_SURFACE('',#5487,0.00781447868426859);
#165=CYLINDRICAL_SURFACE('',#5489,0.00781447868426859);
#166=CYLINDRICAL_SURFACE('',#5491,0.00781447868426859);
#167=CYLINDRICAL_SURFACE('',#5493,0.00781447868426859);
#168=CYLINDRICAL_SURFACE('',#5495,0.00781447868426859);
#169=CYLINDRICAL_SURFACE('',#5497,0.00781447868426859);
#170=CYLINDRICAL_SURFACE('',#5499,0.00781447868426859);
#171=CYLINDRICAL_SURFACE('',#5501,0.00781447868426859);
#172=CYLINDRICAL_SURFACE('',#5503,0.00781447868426859);
#173=CYLINDRICAL_SURFACE('',#5505,0.00781447868426859);
#174=CYLINDRICAL_SURFACE('',#5507,0.00781447868426859);
#175=CYLINDRICAL_SURFACE('',#5509,0.00781447868426859);
#176=CYLINDRICAL_SURFACE('',#5511,0.00781447868426859);
#177=CYLINDRICAL_SURFACE('',#5513,0.00781447868426859);
#178=CYLINDRICAL_SURFACE('',#5515,0.00781447868426859);
#179=CYLINDRICAL_SURFACE('',#5517,0.00781447868426859);
#180=CYLINDRICAL_SURFACE('',#5519,0.00781447868426859);
#181=CYLINDRICAL_SURFACE('',#5521,0.00781447868426859);
#182=CYLINDRICAL_SURFACE('',#5523,0.00781447868426859);
#183=CYLINDRICAL_SURFACE('',#5525,0.00781447868426859);
#184=CYLINDRICAL_SURFACE('',#5527,0.00781447868426859);
#185=CYLINDRICAL_SURFACE('',#5529,0.00781447868426859);
#186=CYLINDRICAL_SURFACE('',#5531,0.00781447868426859);
#187=CYLINDRICAL_SURFACE('',#5533,0.00781447868426859);
#188=CYLINDRICAL_SURFACE('',#5535,0.00781447868426859);
#189=CYLINDRICAL_SURFACE('',#5537,0.00781447868426859);
#190=CYLINDRICAL_SURFACE('',#5539,0.00781447868426859);
#191=CYLINDRICAL_SURFACE('',#5541,0.00781447868426859);
#192=CYLINDRICAL_SURFACE('',#5543,0.00781447868426859);
#193=CYLINDRICAL_SURFACE('',#5545,0.00781447868426859);
#194=CYLINDRICAL_SURFACE('',#5547,0.00781447868426859);
#195=CYLINDRICAL_SURFACE('',#5549,0.00781447868426859);
#196=CYLINDRICAL_SURFACE('',#5551,0.00781447868426859);
#197=CYLINDRICAL_SURFACE('',#5631,0.00625171915863428);
#198=CYLINDRICAL_SURFACE('',#5633,0.00625171915863428);
#199=CYLINDRICAL_SURFACE('',#5635,0.00625171915863428);
#200=CYLINDRICAL_SURFACE('',#5637,0.00625171915863428);
#201=CYLINDRICAL_SURFACE('',#5639,0.00625171915863428);
#202=CYLINDRICAL_SURFACE('',#5641,0.00625171915863428);
#203=CYLINDRICAL_SURFACE('',#5642,0.00625171915863428);
#204=CYLINDRICAL_SURFACE('',#5643,0.00625171915863428);
#205=CYLINDRICAL_SURFACE('',#5644,0.00625171915863428);
#206=CYLINDRICAL_SURFACE('',#5645,0.00625171915863428);
#207=CYLINDRICAL_SURFACE('',#5646,0.00625171915863428);
#208=CYLINDRICAL_SURFACE('',#5647,0.00625171915863428);
#209=CYLINDRICAL_SURFACE('',#5648,0.00625171915863428);
#210=CYLINDRICAL_SURFACE('',#5649,0.00625171915863428);
#211=CYLINDRICAL_SURFACE('',#5650,0.00625171915863428);
#212=CYLINDRICAL_SURFACE('',#5651,0.00625171915863428);
#213=CYLINDRICAL_SURFACE('',#5652,0.00625171915863428);
#214=CYLINDRICAL_SURFACE('',#5653,0.00625171915863428);
#215=CYLINDRICAL_SURFACE('',#5654,0.00625171915863428);
#216=CYLINDRICAL_SURFACE('',#5655,0.00625171915863428);
#217=CYLINDRICAL_SURFACE('',#5656,0.00625171915863428);
#218=CYLINDRICAL_SURFACE('',#5657,0.00625171915863428);
#219=CYLINDRICAL_SURFACE('',#5658,0.00625171915863428);
#220=CYLINDRICAL_SURFACE('',#5659,0.00625171915863428);
#221=CYLINDRICAL_SURFACE('',#5660,0.00625171915863428);
#222=CYLINDRICAL_SURFACE('',#5661,0.00625171915863428);
#223=CYLINDRICAL_SURFACE('',#5662,0.00625171915863428);
#224=CYLINDRICAL_SURFACE('',#5663,0.00625171915863428);
#225=CYLINDRICAL_SURFACE('',#5664,0.00625171915863428);
#226=CYLINDRICAL_SURFACE('',#5665,0.00625171915863428);
#227=CYLINDRICAL_SURFACE('',#5666,0.00625171915863428);
#228=CYLINDRICAL_SURFACE('',#5667,0.00625171915863428);
#229=CYLINDRICAL_SURFACE('',#5668,0.00625171915863428);
#230=CYLINDRICAL_SURFACE('',#5669,0.00625171915863428);
#231=CYLINDRICAL_SURFACE('',#5670,0.00625171915863428);
#232=CYLINDRICAL_SURFACE('',#5671,0.00625171915863428);
#233=CYLINDRICAL_SURFACE('',#5672,0.00625171915863428);
#234=CYLINDRICAL_SURFACE('',#5673,0.00625171915863428);
#235=CYLINDRICAL_SURFACE('',#5674,0.00625171915863428);
#236=CYLINDRICAL_SURFACE('',#5675,0.00625171915863428);
#237=CYLINDRICAL_SURFACE('',#5676,0.00625171915863428);
#238=CYLINDRICAL_SURFACE('',#5677,0.00625171915863428);
#239=CYLINDRICAL_SURFACE('',#5678,0.00625171915863428);
#240=CYLINDRICAL_SURFACE('',#5679,0.00625171915863428);
#241=CYLINDRICAL_SURFACE('',#5680,0.00625171915863428);
#242=CYLINDRICAL_SURFACE('',#5681,0.00625171915863428);
#243=CYLINDRICAL_SURFACE('',#5682,0.00625171915863428);
#244=CYLINDRICAL_SURFACE('',#5683,0.00625171915863428);
#245=CYLINDRICAL_SURFACE('',#5684,0.00625171915863428);
#246=CYLINDRICAL_SURFACE('',#5685,0.00625171915863428);
#247=CYLINDRICAL_SURFACE('',#5686,0.00625171915863428);
#248=CYLINDRICAL_SURFACE('',#5688,0.00625171915863428);
#249=CYLINDRICAL_SURFACE('',#5690,0.00625171915863428);
#250=CYLINDRICAL_SURFACE('',#5692,0.00625171915863428);
#251=CYLINDRICAL_SURFACE('',#5698,0.002);
#252=CYLINDRICAL_SURFACE('',#5699,0.002);
#253=CYLINDRICAL_SURFACE('',#5700,0.002);
#254=CYLINDRICAL_SURFACE('',#5701,0.002);
#255=TOROIDAL_SURFACE('',#5333,0.013020548,0.00676275);
#256=TOROIDAL_SURFACE('',#5335,0.013020548,0.00676275);
#257=TOROIDAL_SURFACE('',#5337,0.013020548,0.00676275);
#258=TOROIDAL_SURFACE('',#5339,0.013020548,0.00676275);
#259=TOROIDAL_SURFACE('',#5342,0.013020548,0.00676275);
#260=TOROIDAL_SURFACE('',#5345,0.013020548,0.00676275);
#261=TOROIDAL_SURFACE('',#5348,0.013020548,0.00676275);
#262=TOROIDAL_SURFACE('',#5350,0.013020548,0.00676275);
#263=TOROIDAL_SURFACE('',#5352,0.013020548,0.00676275);
#264=TOROIDAL_SURFACE('',#5429,0.013020548,0.00676275);
#265=TOROIDAL_SURFACE('',#5432,0.013020548,0.00676275);
#266=TOROIDAL_SURFACE('',#5435,0.013020548,0.00676275);
#267=TOROIDAL_SURFACE('',#5438,0.013020548,0.00676275);
#268=TOROIDAL_SURFACE('',#5441,0.013020548,0.00676275);
#269=TOROIDAL_SURFACE('',#5444,0.013020548,0.00676275);
#270=TOROIDAL_SURFACE('',#5447,0.013020548,0.00676275);
#271=TOROIDAL_SURFACE('',#5449,0.013020548,0.00676275);
#272=TOROIDAL_SURFACE('',#5451,0.013020548,0.00676275);
#273=TOROIDAL_SURFACE('',#5453,0.013020548,0.00676275);
#274=TOROIDAL_SURFACE('',#5455,0.013020548,0.00676275);
#275=TOROIDAL_SURFACE('',#5457,0.013020548,0.00676275);
#276=TOROIDAL_SURFACE('',#5460,0.013020548,0.00676275);
#277=TOROIDAL_SURFACE('',#5463,0.013020548,0.00676275);
#278=TOROIDAL_SURFACE('',#5466,0.013020548,0.00676275);
#279=TOROIDAL_SURFACE('',#5469,0.013020548,0.00676275);
#280=TOROIDAL_SURFACE('',#5472,0.013020548,0.00676275);
#281=TOROIDAL_SURFACE('',#5475,0.013020548,0.00676275);
#282=B_SPLINE_CURVE_WITH_KNOTS('',3,(#6769,#6770,#6771,#6772,#6773,#6774,
#6775,#6776,#6777,#6778,#6779,#6780,#6781,#6782),.UNSPECIFIED.,.F.,.F.,
(4,1,1,1,1,1,1,1,3,4),(-0.0438807165099182,0.0428391921947909,0.259638963956564,
0.476438735718336,0.584838621599223,0.693238507480109,0.801638393360995,
0.910038279241882,0.916580092689567,0.996758187946591),.UNSPECIFIED.);
#283=B_SPLINE_CURVE_WITH_KNOTS('',3,(#6786,#6787,#6788,#6789,#6790,#6791,
#6792,#6793,#6794),.UNSPECIFIED.,.F.,.F.,(4,1,1,3,4),(0.940490016225178,
0.945924925982881,1.00027402355991,1.00488732981944,1.00570893331761),
 .UNSPECIFIED.);
#284=B_SPLINE_CURVE_WITH_KNOTS('',3,(#6798,#6799,#6800,#6801,#6802,#6803,
#6804,#6805,#6806),.UNSPECIFIED.,.F.,.F.,(4,3,1,1,4),(-0.0057294906065389,
-0.00490740781274019,-0.000293444068428491,0.0540670213126756,0.059503067850786),
 .UNSPECIFIED.);
#285=B_SPLINE_CURVE_WITH_KNOTS('',3,(#6810,#6811,#6812,#6813,#6814,#6815,
#6816,#6817,#6818,#6819,#6820,#6821,#6822,#6823),.UNSPECIFIED.,.F.,.F.,
(4,3,1,1,1,1,1,1,1,4),(0.00323443190742928,0.0834129024098665,0.0899546788667208,
0.198354987565835,0.30675529626495,0.415155604964064,0.523555913663178,
0.740356531061407,0.957157148459636,1.04387739541893),.UNSPECIFIED.);
#286=B_SPLINE_CURVE_WITH_KNOTS('',3,(#6827,#6828,#6829,#6830,#6831,#6832,
#6833,#6834,#6835,#6836,#6837,#6838,#6839,#6840),.UNSPECIFIED.,.F.,.F.,
(4,1,1,1,1,1,1,1,3,4),(-0.0438776164987121,0.0428433420066479,0.259645738270048,
0.476448134533448,0.584849332665148,0.693250530796848,0.801651728928547,
0.910052927060247,0.916594678432305,0.996773885565607),.UNSPECIFIED.);
#287=B_SPLINE_CURVE_WITH_KNOTS('',3,(#6844,#6845,#6846,#6847,#6848,#6849,
#6850,#6851,#6852),.UNSPECIFIED.,.F.,.F.,(4,1,1,3,4),(0.940478511617221,
0.945916539757231,1.00029682115733,1.00491246056971,1.00573484929734),
 .UNSPECIFIED.);
#288=B_SPLINE_CURVE_WITH_KNOTS('',3,(#6856,#6857,#6858,#6859,#6860,#6861,
#6862,#6863,#6864),.UNSPECIFIED.,.F.,.F.,(4,3,1,1,4),(-0.00574575680896239,
-0.00492335020991761,-0.000307655412401541,0.0540733585532069,0.0595114599497677),
 .UNSPECIFIED.);
#289=B_SPLINE_CURVE_WITH_KNOTS('',3,(#6868,#6869,#6870,#6871,#6872,#6873,
#6874,#6875,#6876,#6877,#6878,#6879,#6880,#6881),.UNSPECIFIED.,.F.,.F.,
(4,3,1,1,1,1,1,1,1,4),(0.00322577789571062,0.0834050139649955,0.0899467629785172,
0.198347994332025,0.306749225685534,0.415150457039042,0.52355168839255,
0.740354151099567,0.957156613806583,1.04387759888939),.UNSPECIFIED.);
#290=B_SPLINE_CURVE_WITH_KNOTS('',3,(#6885,#6886,#6887,#6888,#6889,#6890,
#6891,#6892,#6893,#6894,#6895,#6896,#6897,#6898),.UNSPECIFIED.,.F.,.F.,
(4,1,1,1,1,1,1,1,3,4),(-0.0438773693870831,0.0428428771639982,0.259643493541701,
0.476444109919404,0.584844418108256,0.693244726297108,0.801645034485959,
0.910045342674811,0.916587120183992,0.996765589225892),.UNSPECIFIED.);
#291=B_SPLINE_CURVE_WITH_KNOTS('',3,(#6902,#6903,#6904,#6905,#6906,#6907,
#6908,#6909,#6910),.UNSPECIFIED.,.F.,.F.,(4,1,1,3,4),(0.940486612812457,
0.945922661855264,1.00028315228333,1.00489712004945,1.00571920132614),
 .UNSPECIFIED.);
#292=B_SPLINE_CURVE_WITH_KNOTS('',3,(#6923,#6924,#6925,#6926,#6927,#6928,
#6929,#6930,#6931,#6932,#6933,#6934,#6935,#6936),.UNSPECIFIED.,.F.,.F.,
(4,3,1,1,1,1,1,1,1,4),(0.00360332580137207,0.0837530588055244,0.0902965784877196,
0.198663144345654,0.307029710203588,0.415396276061523,0.523762841919457,
0.740495973635326,0.957229105351195,1.04392235803754),.UNSPECIFIED.);
#293=B_SPLINE_CURVE_WITH_KNOTS('',3,(#6940,#6941,#6942,#6943,#6944,#6945,
#6946,#6947,#6948),.UNSPECIFIED.,.F.,.F.,(4,3,1,1,4),(-0.00512162337362809,
-0.00427025514139521,0.000279193337351131,0.0542873604471433,0.0596881771581225),
 .UNSPECIFIED.);
#294=B_SPLINE_CURVE_WITH_KNOTS('',3,(#6952,#6953,#6954,#6955,#6956,#6957,
#6958,#6959,#6960),.UNSPECIFIED.,.F.,.F.,(4,1,1,3,4),(0.94080125822066,
0.946156814502687,0.999712377322957,1.00431205250868,1.00506793360498),
 .UNSPECIFIED.);
#295=B_SPLINE_CURVE_WITH_KNOTS('',3,(#6964,#6965,#6966,#6967,#6968,#6969,
#6970,#6971,#6972,#6973,#6974,#6975,#6976,#6977,#6978),.UNSPECIFIED.,.F.,
 .F.,(4,1,1,1,1,1,1,1,1,3,4),(-0.0460715785366035,0.0427672866771983,0.264864449711703,
0.486961612746207,0.598010194263459,0.709058775780711,0.820107357297963,
0.875631648056589,0.931155938815216,0.953654007429905,1.01999480402902),
 .UNSPECIFIED.);
#296=B_SPLINE_CURVE_WITH_KNOTS('',3,(#6982,#6983,#6984,#6985,#6986,#6987,
#6988,#6989,#6990,#6991,#6992,#6993,#6994,#6995),.UNSPECIFIED.,.F.,.F.,
(4,3,1,1,1,1,1,1,1,4),(0.00361826082976928,0.0837669159683939,0.0903105270202939,
0.19867585975845,0.307041192496605,0.415406525234761,0.523771857972917,
0.740502523449228,0.95723318892554,1.04392545511606),.UNSPECIFIED.);
#297=B_SPLINE_CURVE_WITH_KNOTS('',3,(#6999,#7000,#7001,#7002,#7003,#7004,
#7005,#7006,#7007),.UNSPECIFIED.,.F.,.F.,(4,3,1,1,4),(-0.00505233706229032,
-0.00429912226530809,0.000301301032245351,0.0538376819776021,0.0591913200721378),
 .UNSPECIFIED.);
#298=B_SPLINE_CURVE_WITH_KNOTS('',3,(#7011,#7012,#7013,#7014,#7015,#7016,
#7017,#7018,#7019),.UNSPECIFIED.,.F.,.F.,(4,1,1,3,4),(0.940314714580717,
0.945713265403072,0.999698773626624,1.00424823953157,1.00509732444898),
 .UNSPECIFIED.);
#299=B_SPLINE_CURVE_WITH_KNOTS('',3,(#7023,#7024,#7025,#7026,#7027,#7028,
#7029,#7030,#7031,#7032,#7033,#7034,#7035,#7036,#7037),.UNSPECIFIED.,.F.,
 .F.,(4,1,1,1,1,1,1,1,1,3,4),(-0.0460716314632564,0.0427668219496202,0.264862955481812,
0.486959089014003,0.598007155780099,0.709055222546195,0.82010328931229,
0.875627322695338,0.931151356078386,0.953634052307323,1.01998980949126),
 .UNSPECIFIED.);
#300=B_SPLINE_CURVE_WITH_KNOTS('',3,(#7041,#7042,#7043,#7044,#7045,#7046,
#7047,#7048,#7049,#7050,#7051,#7052,#7053,#7054),.UNSPECIFIED.,.F.,.F.,
(4,3,1,1,1,1,1,1,1,4),(0.00360985005912805,0.0837592657933244,0.0903028322705585,
0.198669060034847,0.307035287799135,0.415401515563423,0.523767743327711,
0.740500198856287,0.957232654384863,1.04392563659629),.UNSPECIFIED.);
#301=B_SPLINE_CURVE_WITH_KNOTS('',3,(#7058,#7059,#7060,#7061,#7062,#7063,
#7064,#7065,#7066),.UNSPECIFIED.,.F.,.F.,(4,3,1,1,4),(-0.00506853287480067,
-0.00431246505095844,0.000287157728838348,0.0538440637652285,0.0591997543688675),
 .UNSPECIFIED.);
#302=B_SPLINE_CURVE_WITH_KNOTS('',3,(#7070,#7071,#7072,#7073,#7074,#7075,
#7076,#7077,#7078),.UNSPECIFIED.,.F.,.F.,(4,1,1,3,4),(0.940312301364024,
0.945713129574758,0.999721411682095,1.00427086315526,1.00512223989283),
 .UNSPECIFIED.);
#303=B_SPLINE_CURVE_WITH_KNOTS('',3,(#7082,#7083,#7084,#7085,#7086,#7087,
#7088,#7089,#7090,#7091,#7092,#7093,#7094,#7095,#7096),.UNSPECIFIED.,.F.,
 .F.,(4,1,1,1,1,1,1,1,1,3,4),(-0.0460678956002227,0.0427709720157235,0.264868141055589,
0.486965310095454,0.598013894615387,0.70906247913532,0.820111063655252,
0.875635355915219,0.931159648175185,0.953670490178171,1.01999851579113),
 .UNSPECIFIED.);
#304=B_SPLINE_CURVE_WITH_KNOTS('',3,(#7098,#7099,#7100,#7101),
 .UNSPECIFIED.,.F.,.F.,(4,4),(0.,0.00218649182917864),.UNSPECIFIED.);
#305=B_SPLINE_CURVE_WITH_KNOTS('',3,(#7105,#7106,#7107,#7108),
 .UNSPECIFIED.,.F.,.F.,(4,4),(0.00724603999543036,0.00941738164336416),
 .UNSPECIFIED.);
#306=B_SPLINE_CURVE_WITH_KNOTS('',3,(#7110,#7111,#7112,#7113),
 .UNSPECIFIED.,.F.,.F.,(4,4),(0.,0.00107974590068279),.UNSPECIFIED.);
#307=B_SPLINE_CURVE_WITH_KNOTS('',3,(#7115,#7116,#7117,#7118),
 .UNSPECIFIED.,.F.,.F.,(4,4),(0.,0.00238151792762098),.UNSPECIFIED.);
#308=B_SPLINE_CURVE_WITH_KNOTS('',3,(#7122,#7123,#7124,#7125),
 .UNSPECIFIED.,.F.,.F.,(4,4),(0.00724603417730218,0.00941736982042601),
 .UNSPECIFIED.);
#309=B_SPLINE_CURVE_WITH_KNOTS('',3,(#7127,#7128,#7129,#7130,#7131),
 .UNSPECIFIED.,.F.,.F.,(4,1,4),(0.006273200867629,0.00784519630757062,0.00941719174751223),
 .UNSPECIFIED.);
#310=B_SPLINE_CURVE_WITH_KNOTS('',3,(#7134,#7135,#7136,#7137),
 .UNSPECIFIED.,.F.,.F.,(4,4),(6.78999061481285E-16,0.00145317408545832),
 .UNSPECIFIED.);
#311=B_SPLINE_CURVE_WITH_KNOTS('',3,(#7139,#7140,#7141,#7142,#7143),
 .UNSPECIFIED.,.F.,.F.,(4,1,4),(0.,0.00122490750102646,0.00244981500205292),
 .UNSPECIFIED.);
#312=B_SPLINE_CURVE_WITH_KNOTS('',3,(#7150,#7151,#7152,#7153),
 .UNSPECIFIED.,.F.,.F.,(4,4),(0.,0.00218611486271556),.UNSPECIFIED.);
#313=B_SPLINE_CURVE_WITH_KNOTS('',3,(#7157,#7158,#7159,#7160),
 .UNSPECIFIED.,.F.,.F.,(4,4),(0.00723951124803593,0.00941716288590152),
 .UNSPECIFIED.);
#314=B_SPLINE_CURVE_WITH_KNOTS('',3,(#7162,#7163,#7164,#7165),
 .UNSPECIFIED.,.F.,.F.,(4,4),(0.,0.000182880133067411),.UNSPECIFIED.);
#315=B_SPLINE_CURVE_WITH_KNOTS('',3,(#7170,#7171,#7172,#7173),
 .UNSPECIFIED.,.F.,.F.,(4,4),(0.,0.00218611347195592),.UNSPECIFIED.);
#316=B_SPLINE_CURVE_WITH_KNOTS('',3,(#7177,#7178,#7179,#7180),
 .UNSPECIFIED.,.F.,.F.,(4,4),(0.00724593014518096,0.00941714616528846),
 .UNSPECIFIED.);
#317=B_SPLINE_CURVE_WITH_KNOTS('',3,(#7185,#7186,#7187,#7188),
 .UNSPECIFIED.,.F.,.F.,(4,4),(0.,0.00218611272357543),.UNSPECIFIED.);
#318=B_SPLINE_CURVE_WITH_KNOTS('',3,(#7192,#7193,#7194,#7195),
 .UNSPECIFIED.,.F.,.F.,(4,4),(0.00724592931775918,0.00941714370069878),
 .UNSPECIFIED.);
#319=B_SPLINE_CURVE_WITH_KNOTS('',3,(#7197,#7198,#7199,#7200),
 .UNSPECIFIED.,.F.,.F.,(4,4),(0.00716341874332003,0.00941715581922734),
 .UNSPECIFIED.);
#320=B_SPLINE_CURVE_WITH_KNOTS('',3,(#7203,#7204,#7205,#7206),
 .UNSPECIFIED.,.F.,.F.,(4,4),(1.25683351488148E-16,0.00140865051846882),
 .UNSPECIFIED.);
#321=B_SPLINE_CURVE_WITH_KNOTS('',3,(#7208,#7209,#7210,#7211,#7212),
 .UNSPECIFIED.,.F.,.F.,(4,1,4),(0.,0.00144669677079841,0.00289339354159682),
 .UNSPECIFIED.);
#322=B_SPLINE_CURVE_WITH_KNOTS('',3,(#7216,#7217,#7218,#7219),
 .UNSPECIFIED.,.F.,.F.,(4,4),(0.,0.00218648959227243),.UNSPECIFIED.);
#323=B_SPLINE_CURVE_WITH_KNOTS('',3,(#7223,#7224,#7225,#7226),
 .UNSPECIFIED.,.F.,.F.,(4,4),(0.00703709946557708,0.00941736317260695),
 .UNSPECIFIED.);
#324=B_SPLINE_CURVE_WITH_KNOTS('',3,(#7228,#7229,#7230,#7231),
 .UNSPECIFIED.,.F.,.F.,(4,4),(2.42095329017309E-17,0.00103889920250296),
 .UNSPECIFIED.);
#325=B_SPLINE_CURVE_WITH_KNOTS('',3,(#7233,#7234,#7235,#7236),
 .UNSPECIFIED.,.F.,.F.,(4,4),(0.,0.00218649118870216),.UNSPECIFIED.);
#326=B_SPLINE_CURVE_WITH_KNOTS('',3,(#7240,#7241,#7242,#7243),
 .UNSPECIFIED.,.F.,.F.,(4,4),(0.00724603924703768,0.00941737934420857),
 .UNSPECIFIED.);
#327=B_SPLINE_CURVE_WITH_KNOTS('',3,(#7250,#7251,#7252,#7253,#7254,#7255,
#7256),.UNSPECIFIED.,.F.,.F.,(4,1,1,1,4),(0.,0.00167796343315952,0.00335592686631903,
0.00503389029947855,0.00671185373263807),.UNSPECIFIED.);
#328=B_SPLINE_CURVE_WITH_KNOTS('',3,(#7257,#7258,#7259,#7260,#7261,#7262,
#7263,#7264,#7265,#7266,#7267,#7268,#7269),.UNSPECIFIED.,.F.,.F.,(4,1,1,
1,1,1,1,1,1,1,4),(0.,0.00114656772601808,0.00229313545203615,0.00343970317805423,
0.00401298704106326,0.0045862709040723,0.00515955476708134,0.00573283863009038,
0.00687940635610845,0.00802597408212653,0.0091725418081446),
 .UNSPECIFIED.);
#329=B_SPLINE_CURVE_WITH_KNOTS('',3,(#7290,#7291,#7292,#7293,#7294,#7295,
#7296,#7297,#7298),.UNSPECIFIED.,.F.,.F.,(4,1,1,1,1,1,4),(5.53181386679829E-14,
0.000214860815915097,0.000429721631774876,0.000644582447634655,0.000859443263494434,
0.00128916489521399,0.00171888652693355),.UNSPECIFIED.);
#330=B_SPLINE_CURVE_WITH_KNOTS('',3,(#7321,#7322,#7323,#7324,#7325,#7326,
#7327,#7328,#7329),.UNSPECIFIED.,.F.,.F.,(4,1,1,1,1,1,4),(0.,0.000425218182587764,
0.000850436365175528,0.00106304545646941,0.00127565454776329,0.00148826363905717,
0.00170087273035106),.UNSPECIFIED.);
#331=B_SPLINE_CURVE_WITH_KNOTS('',3,(#7353,#7354,#7355,#7356,#7357),
 .UNSPECIFIED.,.F.,.F.,(4,1,4),(4.75063675236485E-14,0.000234878241375156,
0.000469756482702806),.UNSPECIFIED.);
#332=B_SPLINE_CURVE_WITH_KNOTS('',3,(#7360,#7361,#7362,#7363,#7364,#7365,
#7366,#7367,#7368),.UNSPECIFIED.,.F.,.F.,(4,1,1,1,1,1,4),(0.,0.000425229783189418,
0.000850459566378836,0.00106307445797354,0.00127568934956825,0.00148830424116296,
0.00170091913275767),.UNSPECIFIED.);
#333=B_SPLINE_CURVE_WITH_KNOTS('',3,(#7389,#7390,#7391,#7392,#7393,#7394,
#7395,#7396,#7397),.UNSPECIFIED.,.F.,.F.,(4,1,1,1,1,1,4),(5.52742219953351E-14,
0.000214856859729397,0.000429713719403519,0.000644570579077642,0.000859427438751765,
0.00128914115810001,0.00171885487744826),.UNSPECIFIED.);
#334=B_SPLINE_CURVE_WITH_KNOTS('',3,(#7418,#7419,#7420,#7421,#7422),
 .UNSPECIFIED.,.F.,.F.,(4,1,4),(0.,0.00150800796973881,0.00301601593947762),
 .UNSPECIFIED.);
#335=B_SPLINE_CURVE_WITH_KNOTS('',3,(#7425,#7426,#7427,#7428),
 .UNSPECIFIED.,.F.,.F.,(4,4),(7.86046575051991E-19,0.000404580483082367),
 .UNSPECIFIED.);
#336=B_SPLINE_CURVE_WITH_KNOTS('',3,(#7432,#7433,#7434,#7435,#7436,#7437,
#7438,#7439,#7440),.UNSPECIFIED.,.F.,.F.,(4,1,1,1,1,1,4),(5.51442444669874E-14,
0.000214848227234826,0.000429696454414507,0.000644544681594188,0.00085939290877387,
0.00128908936313323,0.00171878581749259),.UNSPECIFIED.);
#337=B_SPLINE_CURVE_WITH_KNOTS('',3,(#7464,#7465,#7466,#7467),
 .UNSPECIFIED.,.F.,.F.,(4,4),(5.95079399668711E-15,0.000416029478894666),
 .UNSPECIFIED.);
#338=B_SPLINE_CURVE_WITH_KNOTS('',3,(#7469,#7470,#7471,#7472,#7473,#7474,
#7475),.UNSPECIFIED.,.F.,.F.,(4,1,1,1,4),(0.00530323474960501,0.00633172131370828,
0.00736020787781154,0.00838869444191481,0.00941718100601807),
 .UNSPECIFIED.);
#339=B_SPLINE_CURVE_WITH_KNOTS('',3,(#7479,#7480,#7481,#7482,#7483,#7484,
#7485,#7486,#7487),.UNSPECIFIED.,.F.,.F.,(4,1,1,1,1,1,4),(0.,0.000425307188647612,
0.000850614377295225,0.00106326797161903,0.00127592156594284,0.00148857516026664,
0.00170122875459045),.UNSPECIFIED.);
#340=B_SPLINE_CURVE_WITH_KNOTS('',3,(#7509,#7510,#7511,#7512,#7513),
 .UNSPECIFIED.,.F.,.F.,(4,1,4),(9.20695702848833E-14,0.000256311229406889,
0.000512622458721709),.UNSPECIFIED.);
#341=B_SPLINE_CURVE_WITH_KNOTS('',3,(#7516,#7517,#7518,#7519,#7520,#7521,
#7522,#7523,#7524),.UNSPECIFIED.,.F.,.F.,(4,1,1,1,1,1,4),(0.,0.000425312128600041,
0.000850624257200082,0.0010632803215001,0.00127593638580012,0.00148859245010014,
0.00170124851440016),.UNSPECIFIED.);
#342=B_SPLINE_CURVE_WITH_KNOTS('',3,(#7543,#7544,#7545,#7546,#7547),
 .UNSPECIFIED.,.F.,.F.,(4,1,4),(4.87890977618477E-19,0.000165962769923461,
0.000331925539846921),.UNSPECIFIED.);
#343=B_SPLINE_CURVE_WITH_KNOTS('',3,(#7551,#7552,#7553,#7554,#7555,#7556,
#7557,#7558,#7559),.UNSPECIFIED.,.F.,.F.,(4,1,1,1,1,1,4),(4.98153554716841E-14,
0.000213147793648602,0.000426295587247389,0.000639443380846176,0.000852591174444963,
0.00127888676164254,0.00170518234884011),.UNSPECIFIED.);
#344=B_SPLINE_CURVE_WITH_KNOTS('',3,(#7580,#7581,#7582,#7583,#7584,#7585,
#7586,#7587,#7588,#7589,#7590,#7591,#7592,#7593),.UNSPECIFIED.,.F.,.F.,
(4,3,1,1,1,1,1,1,1,4),(0.00322577789571062,0.0834050139649955,0.0899467629785172,
0.198347994332025,0.306749225685534,0.415150457039042,0.52355168839255,
0.740354151099567,0.957156613806583,1.04387759888939),.UNSPECIFIED.);
#345=B_SPLINE_CURVE_WITH_KNOTS('',3,(#7597,#7598,#7599,#7600,#7601,#7602,
#7603,#7604,#7605),.UNSPECIFIED.,.F.,.F.,(4,1,1,1,1,1,4),(0.,0.000425313826560975,
0.00085062765312195,0.00106328456640244,0.00127594147968292,0.00148859839296341,
0.0017012553062439),.UNSPECIFIED.);
#346=B_SPLINE_CURVE_WITH_KNOTS('',3,(#7626,#7627,#7628,#7629,#7630,#7631,
#7632,#7633,#7634,#7635,#7636,#7637,#7638,#7639),.UNSPECIFIED.,.F.,.F.,
(4,1,1,1,1,1,1,1,3,4),(-0.0438773693870831,0.0428428771639982,0.259643493541701,
0.476444109919404,0.584844418108256,0.693244726297108,0.801645034485959,
0.910045342674811,0.916587120183992,0.996765589225892),.UNSPECIFIED.);
#347=B_SPLINE_CURVE_WITH_KNOTS('',3,(#7643,#7644,#7645,#7646,#7647,#7648,
#7649,#7650,#7651),.UNSPECIFIED.,.F.,.F.,(4,1,1,1,1,1,4),(0.,0.000212090717530121,
0.000424181435060242,0.000636272152590364,0.000848362870120485,0.00127254430518073,
0.00169672574024097),.UNSPECIFIED.);
#348=B_SPLINE_CURVE_WITH_KNOTS('',3,(#7672,#7673,#7674,#7675,#7676,#7677,
#7678,#7679,#7680,#7681,#7682,#7683,#7684,#7685),.UNSPECIFIED.,.F.,.F.,
(4,3,1,1,1,1,1,1,1,4),(0.00323443190742928,0.0834129024098665,0.0899546788667208,
0.198354987565835,0.30675529626495,0.415155604964064,0.523555913663178,
0.740356531061407,0.957157148459636,1.04387739541893),.UNSPECIFIED.);
#349=B_SPLINE_CURVE_WITH_KNOTS('',3,(#7689,#7690,#7691,#7692,#7693,#7694,
#7695,#7696,#7697),.UNSPECIFIED.,.F.,.F.,(4,1,1,1,1,1,4),(0.,0.00042531204888279,
0.00085062409776558,0.00106328012220698,0.00127593614664837,0.00148859217108976,
0.00170124819553116),.UNSPECIFIED.);
#350=B_SPLINE_CURVE_WITH_KNOTS('',3,(#7718,#7719,#7720,#7721,#7722,#7723,
#7724,#7725,#7726,#7727,#7728,#7729,#7730,#7731),.UNSPECIFIED.,.F.,.F.,
(4,1,1,1,1,1,1,1,3,4),(-0.0438776164987121,0.0428433420066479,0.259645738270048,
0.476448134533448,0.584849332665148,0.693250530796848,0.801651728928547,
0.910052927060247,0.916594678432305,0.996773885565607),.UNSPECIFIED.);
#351=B_SPLINE_CURVE_WITH_KNOTS('',3,(#7735,#7736,#7737,#7738,#7739,#7740,
#7741,#7742,#7743),.UNSPECIFIED.,.F.,.F.,(4,1,1,1,1,1,4),(0.,0.000212152878970489,
0.000424305757940977,0.000636458636911466,0.000848611515881955,0.00127291727382293,
0.00169722303176391),.UNSPECIFIED.);
#352=B_SPLINE_CURVE_WITH_KNOTS('',3,(#7767,#7768,#7769,#7770,#7771),
 .UNSPECIFIED.,.F.,.F.,(4,1,4),(5.1856590703448E-14,0.000267988665448797,
0.000535977330845737),.UNSPECIFIED.);
#353=B_SPLINE_CURVE_WITH_KNOTS('',3,(#7774,#7775,#7776,#7777,#7778,#7779,
#7780,#7781,#7782),.UNSPECIFIED.,.F.,.F.,(4,1,1,1,1,1,4),(0.,0.000425307029016844,
0.000850614058033687,0.00106326757254211,0.00127592108705053,0.00148857460155895,
0.00170122811606737),.UNSPECIFIED.);
#354=B_SPLINE_CURVE_WITH_KNOTS('',3,(#7801,#7802,#7803,#7804,#7805,#7806,
#7807,#7808,#7809,#7810,#7811,#7812,#7813,#7814),.UNSPECIFIED.,.F.,.F.,
(4,1,1,1,1,1,1,1,3,4),(-0.0438807165099182,0.0428391921947909,0.259638963956564,
0.476438735718336,0.584838621599223,0.693238507480109,0.801638393360995,
0.910038279241882,0.916580092689567,0.996758187946591),.UNSPECIFIED.);
#355=B_SPLINE_CURVE_WITH_KNOTS('',3,(#7818,#7819,#7820,#7821,#7822,#7823,
#7824,#7825,#7826),.UNSPECIFIED.,.F.,.F.,(4,1,1,1,1,1,4),(0.,0.000212152406226522,
0.000424304812453044,0.000636457218679566,0.000848609624906087,0.00127291443735913,
0.00169721924981217),.UNSPECIFIED.);
#356=B_SPLINE_CURVE_WITH_KNOTS('',3,(#7850,#7851,#7852,#7853,#7854),
 .UNSPECIFIED.,.F.,.F.,(4,1,4),(1.01240277560187E-14,0.000140921333496518,
0.000281842666982912),.UNSPECIFIED.);
#357=B_SPLINE_CURVE_WITH_KNOTS('',3,(#7857,#7858,#7859,#7860,#7861,#7862,
#7863,#7864,#7865),.UNSPECIFIED.,.F.,.F.,(4,1,1,1,1,1,4),(0.,0.000425299415508772,
0.000850598831017545,0.00106324853877193,0.00127589824652632,0.0014885479542807,
0.00170119766203509),.UNSPECIFIED.);
#358=B_SPLINE_CURVE_WITH_KNOTS('',3,(#7884,#7885,#7886,#7887,#7888),
 .UNSPECIFIED.,.F.,.F.,(4,1,4),(3.41000112430614E-17,0.000235808931380845,
0.000471617862761657),.UNSPECIFIED.);
#359=B_SPLINE_CURVE_WITH_KNOTS('',3,(#7892,#7893,#7894,#7895,#7896,#7897,
#7898,#7899,#7900),.UNSPECIFIED.,.F.,.F.,(4,1,1,1,1,1,4),(0.,0.000212150873545566,
0.000424301747091131,0.000636452620636697,0.000848603494182263,0.00127290524127339,
0.00169720698836453),.UNSPECIFIED.);
#360=B_SPLINE_CURVE_WITH_KNOTS('',3,(#7924,#7925,#7926,#7927,#7928),
 .UNSPECIFIED.,.F.,.F.,(4,1,4),(2.83759896694856E-14,0.000207622941732863,
0.00041524588343735),.UNSPECIFIED.);
#361=B_SPLINE_CURVE_WITH_KNOTS('',3,(#7930,#7931,#7932,#7933,#7934),
 .UNSPECIFIED.,.F.,.F.,(4,1,4),(0.00656091395778296,0.00798912960482983,
0.00941734525187671),.UNSPECIFIED.);
#362=B_SPLINE_CURVE_WITH_KNOTS('',3,(#7938,#7939,#7940,#7941,#7942,#7943,
#7944,#7945,#7946),.UNSPECIFIED.,.F.,.F.,(4,1,1,1,1,1,4),(0.,0.000425232364754399,
0.000850464729508798,0.001063080911886,0.0012756970942632,0.0014883132766404,
0.0017009294590176),.UNSPECIFIED.);
#363=B_SPLINE_CURVE_WITH_KNOTS('',3,(#7967,#7968,#7969,#7970,#7971,#7972,
#7973,#7974,#7975),.UNSPECIFIED.,.F.,.F.,(4,1,1,1,1,1,4),(0.,0.000425219547886926,
0.000850439095773852,0.00106304886971732,0.00127565864366078,0.00148826841760424,
0.0017008781915477),.UNSPECIFIED.);
#364=B_SPLINE_CURVE_WITH_KNOTS('',3,(#7996,#7997,#7998,#7999,#8000),
 .UNSPECIFIED.,.F.,.F.,(4,1,4),(1.0842021724855E-19,0.000240334084988757,
0.000480668169977515),.UNSPECIFIED.);
#365=B_SPLINE_CURVE_WITH_KNOTS('',3,(#8004,#8005,#8006,#8007,#8008,#8009,
#8010,#8011,#8012),.UNSPECIFIED.,.F.,.F.,(4,1,1,1,1,1,4),(5.52031968404772E-14,
0.000214852533452035,0.000429705066848867,0.0006445576002457,0.000859410133642532,
0.0012891152004362,0.00171882026722986),.UNSPECIFIED.);
#366=B_SPLINE_CURVE_WITH_KNOTS('',3,(#8035,#8036,#8037,#8038,#8039,#8040,
#8041,#8042,#8043),.UNSPECIFIED.,.F.,.F.,(4,1,1,1,1,1,4),(0.,0.000425214635393544,
0.000850429270787089,0.00106303658848386,0.00127564390618063,0.00148825122387741,
0.00170085854157418),.UNSPECIFIED.);
#367=B_SPLINE_CURVE_WITH_KNOTS('',3,(#8066,#8067,#8068,#8069,#8070,#8071,
#8072,#8073,#8074),.UNSPECIFIED.,.F.,.F.,(4,1,1,1,1,1,4),(5.52960036721607E-14,
0.000214859246275208,0.000429718492495121,0.000644577738715033,0.000859436984934945,
0.00128915547737477,0.00171887396981459),.UNSPECIFIED.);
#368=B_SPLINE_CURVE_WITH_KNOTS('',3,(#8102,#8103,#8104,#8105),
 .UNSPECIFIED.,.F.,.F.,(4,4),(6.97249902925794E-17,6.90434098552119E-5),
 .UNSPECIFIED.);
#369=B_SPLINE_CURVE_WITH_KNOTS('',3,(#8114,#8115,#8116,#8117),
 .UNSPECIFIED.,.F.,.F.,(4,4),(4.22531674072387E-15,0.000334954121521321),
 .UNSPECIFIED.);
#370=B_SPLINE_CURVE_WITH_KNOTS('',3,(#8126,#8127,#8128,#8129),
 .UNSPECIFIED.,.F.,.F.,(4,4),(3.5330778132434E-15,8.45119769115409E-5),
 .UNSPECIFIED.);
#371=B_SPLINE_CURVE_WITH_KNOTS('',3,(#8135,#8136,#8137,#8138),
 .UNSPECIFIED.,.F.,.F.,(4,4),(9.72811689822954E-17,0.000504426705488243),
 .UNSPECIFIED.);
#372=B_SPLINE_CURVE_WITH_KNOTS('',3,(#8147,#8148,#8149,#8150),
 .UNSPECIFIED.,.F.,.F.,(4,4),(1.00931841611263E-16,9.90938350839923E-5),
 .UNSPECIFIED.);
#373=B_SPLINE_CURVE_WITH_KNOTS('',3,(#8153,#8154,#8155,#8156),
 .UNSPECIFIED.,.F.,.F.,(4,4),(3.51926077190716E-14,7.6296048314214E-5),
 .UNSPECIFIED.);
#374=B_SPLINE_CURVE_WITH_KNOTS('',3,(#8165,#8166,#8167,#8168),
 .UNSPECIFIED.,.F.,.F.,(4,4),(8.25683843632115E-17,0.000314135009082722),
 .UNSPECIFIED.);
#375=B_SPLINE_CURVE_WITH_KNOTS('',3,(#8177,#8178,#8179,#8180),
 .UNSPECIFIED.,.F.,.F.,(4,4),(3.15795915003348E-16,7.44057087039727E-5),
 .UNSPECIFIED.);
#376=B_SPLINE_CURVE_WITH_KNOTS('',3,(#8236,#8237,#8238,#8239),
 .UNSPECIFIED.,.F.,.F.,(4,4),(0.,3.76170154724641E-5),.UNSPECIFIED.);
#377=B_SPLINE_CURVE_WITH_KNOTS('',3,(#8248,#8249,#8250,#8251),
 .UNSPECIFIED.,.F.,.F.,(4,4),(2.84695635764048E-16,7.44274169632862E-5),
 .UNSPECIFIED.);
#378=B_SPLINE_CURVE_WITH_KNOTS('',3,(#8254,#8255,#8256,#8257),
 .UNSPECIFIED.,.F.,.F.,(4,4),(4.05506658736356E-14,9.65573444865796E-5),
 .UNSPECIFIED.);
#379=B_SPLINE_CURVE_WITH_KNOTS('',3,(#8266,#8267,#8268,#8269),
 .UNSPECIFIED.,.F.,.F.,(4,4),(4.4203681799759E-18,0.000481881765349204),
 .UNSPECIFIED.);
#380=B_SPLINE_CURVE_WITH_KNOTS('',3,(#8278,#8279,#8280,#8281),
 .UNSPECIFIED.,.F.,.F.,(4,4),(1.13671604802071E-16,0.000179610899879332),
 .UNSPECIFIED.);
#381=B_SPLINE_CURVE_WITH_KNOTS('',3,(#8284,#8285,#8286,#8287),
 .UNSPECIFIED.,.F.,.F.,(4,4),(1.27464001427867E-16,7.94431108306506E-5),
 .UNSPECIFIED.);
#382=B_SPLINE_CURVE_WITH_KNOTS('',3,(#8296,#8297,#8298,#8299),
 .UNSPECIFIED.,.F.,.F.,(4,4),(3.7888843519507E-10,0.000350513280885724),
 .UNSPECIFIED.);
#383=B_SPLINE_CURVE_WITH_KNOTS('',3,(#8308,#8309,#8310,#8311),
 .UNSPECIFIED.,.F.,.F.,(4,4),(4.6826984593444E-15,8.12031736798375E-5),
 .UNSPECIFIED.);
#384=B_SPLINE_CURVE_WITH_KNOTS('',3,(#8339,#8340,#8341,#8342),
 .UNSPECIFIED.,.F.,.F.,(4,4),(0.,0.0539656098964568),.UNSPECIFIED.);
#385=B_SPLINE_CURVE_WITH_KNOTS('',3,(#8351,#8352,#8353,#8354),
 .UNSPECIFIED.,.F.,.F.,(4,4),(0.946033922315659,1.),.UNSPECIFIED.);
#386=B_SPLINE_CURVE_WITH_KNOTS('',3,(#8363,#8364,#8365,#8366),
 .UNSPECIFIED.,.F.,.F.,(4,4),(0.,0.0539656098964412),.UNSPECIFIED.);
#387=B_SPLINE_CURVE_WITH_KNOTS('',3,(#8375,#8376,#8377,#8378),
 .UNSPECIFIED.,.F.,.F.,(4,4),(4.30958957468819E-15,0.000111063769245017),
 .UNSPECIFIED.);
#388=B_SPLINE_CURVE_WITH_KNOTS('',3,(#8379,#8380,#8381,#8382),
 .UNSPECIFIED.,.F.,.F.,(4,4),(0.946033922315655,1.),.UNSPECIFIED.);
#389=B_SPLINE_CURVE_WITH_KNOTS('',3,(#8391,#8392,#8393,#8394),
 .UNSPECIFIED.,.F.,.F.,(4,4),(5.02733698228279E-16,0.000121337926059739),
 .UNSPECIFIED.);
#390=B_SPLINE_CURVE_WITH_KNOTS('',3,(#8395,#8396,#8397,#8398),
 .UNSPECIFIED.,.F.,.F.,(4,4),(0.,0.0539656098964538),.UNSPECIFIED.);
#391=B_SPLINE_CURVE_WITH_KNOTS('',3,(#8407,#8408,#8409,#8410),
 .UNSPECIFIED.,.F.,.F.,(4,4),(3.9182031872893E-17,0.000202884485600814),
 .UNSPECIFIED.);
#392=B_SPLINE_CURVE_WITH_KNOTS('',3,(#8411,#8412,#8413,#8414),
 .UNSPECIFIED.,.F.,.F.,(4,4),(0.,0.0001045332103518),.UNSPECIFIED.);
#393=B_SPLINE_CURVE_WITH_KNOTS('',3,(#8423,#8424,#8425,#8426),
 .UNSPECIFIED.,.F.,.F.,(4,4),(7.43458545780038E-16,0.0001409484373896),
 .UNSPECIFIED.);
#394=B_SPLINE_CURVE_WITH_KNOTS('',3,(#8427,#8428,#8429,#8430),
 .UNSPECIFIED.,.F.,.F.,(4,4),(0.,0.000103645828687204),.UNSPECIFIED.);
#395=B_SPLINE_CURVE_WITH_KNOTS('',3,(#8439,#8440,#8441,#8442),
 .UNSPECIFIED.,.F.,.F.,(4,4),(2.86198570680651E-17,0.000104004511000816),
 .UNSPECIFIED.);
#396=B_SPLINE_CURVE_WITH_KNOTS('',3,(#8443,#8444,#8445,#8446),
 .UNSPECIFIED.,.F.,.F.,(4,4),(0.,0.00010465876735695),.UNSPECIFIED.);
#397=B_SPLINE_CURVE_WITH_KNOTS('',3,(#8455,#8456,#8457,#8458,#8459,#8460,
#8461,#8462,#8463),.UNSPECIFIED.,.F.,.F.,(4,1,1,3,4),(0.940486612812457,
0.945922661855264,1.00028315228333,1.00489712004945,1.00571920132614),
 .UNSPECIFIED.);
#398=B_SPLINE_CURVE_WITH_KNOTS('',3,(#8464,#8465,#8466,#8467),
 .UNSPECIFIED.,.F.,.F.,(4,4),(0.,0.000103755005005739),.UNSPECIFIED.);
#399=B_SPLINE_CURVE_WITH_KNOTS('',3,(#8476,#8477,#8478,#8479,#8480,#8481,
#8482,#8483,#8484),.UNSPECIFIED.,.F.,.F.,(4,3,1,1,4),(-0.00574575680896239,
-0.00492335020991761,-0.000307655412401541,0.0540733585532069,0.0595114599497677),
 .UNSPECIFIED.);
#400=B_SPLINE_CURVE_WITH_KNOTS('',3,(#8485,#8486,#8487,#8488),
 .UNSPECIFIED.,.F.,.F.,(4,4),(0.,0.000104753402478979),.UNSPECIFIED.);
#401=B_SPLINE_CURVE_WITH_KNOTS('',3,(#8497,#8498,#8499,#8500,#8501,#8502,
#8503,#8504,#8505),.UNSPECIFIED.,.F.,.F.,(4,1,1,3,4),(0.940478511617221,
0.945916539757231,1.00029682115733,1.00491246056971,1.00573484929734),
 .UNSPECIFIED.);
#402=B_SPLINE_CURVE_WITH_KNOTS('',3,(#8506,#8507,#8508,#8509),
 .UNSPECIFIED.,.F.,.F.,(4,4),(0.,0.000103831632442682),.UNSPECIFIED.);
#403=B_SPLINE_CURVE_WITH_KNOTS('',3,(#8518,#8519,#8520,#8521,#8522,#8523,
#8524,#8525,#8526),.UNSPECIFIED.,.F.,.F.,(4,3,1,1,4),(-0.0057294906065389,
-0.00490740781274019,-0.000293444068428491,0.0540670213126756,0.059503067850786),
 .UNSPECIFIED.);
#404=B_SPLINE_CURVE_WITH_KNOTS('',3,(#8527,#8528,#8529,#8530),
 .UNSPECIFIED.,.F.,.F.,(4,4),(0.,0.000104719102465173),.UNSPECIFIED.);
#405=B_SPLINE_CURVE_WITH_KNOTS('',3,(#8539,#8540,#8541,#8542,#8543,#8544,
#8545,#8546,#8547),.UNSPECIFIED.,.F.,.F.,(4,1,1,3,4),(0.940490016225178,
0.945924925982881,1.00027402355991,1.00488732981944,1.00570893331761),
 .UNSPECIFIED.);
#406=B_SPLINE_CURVE_WITH_KNOTS('',3,(#8548,#8549,#8550,#8551),
 .UNSPECIFIED.,.F.,.F.,(4,4),(0.,0.000103736002757044),.UNSPECIFIED.);
#407=B_SPLINE_CURVE_WITH_KNOTS('',3,(#8560,#8561,#8562,#8563),
 .UNSPECIFIED.,.F.,.F.,(4,4),(3.93314418833792E-17,0.000104027313759263),
 .UNSPECIFIED.);
#408=B_SPLINE_CURVE_WITH_KNOTS('',3,(#8564,#8565,#8566,#8567),
 .UNSPECIFIED.,.F.,.F.,(4,4),(0.,0.000104602951139819),.UNSPECIFIED.);
#409=B_SPLINE_CURVE_WITH_KNOTS('',3,(#8576,#8577,#8578,#8579),
 .UNSPECIFIED.,.F.,.F.,(4,4),(8.66548747446304E-16,0.000106639817521685),
 .UNSPECIFIED.);
#410=B_SPLINE_CURVE_WITH_KNOTS('',3,(#8580,#8581,#8582,#8583),
 .UNSPECIFIED.,.F.,.F.,(4,4),(0.,0.000103609521042472),.UNSPECIFIED.);
#411=B_SPLINE_CURVE_WITH_KNOTS('',3,(#8592,#8593,#8594,#8595),
 .UNSPECIFIED.,.F.,.F.,(4,4),(1.06743768185377E-17,0.000142907809134839),
 .UNSPECIFIED.);
#412=B_SPLINE_CURVE_WITH_KNOTS('',3,(#8596,#8597,#8598,#8599),
 .UNSPECIFIED.,.F.,.F.,(4,4),(0.,0.000104255757553265),.UNSPECIFIED.);
#413=B_SPLINE_CURVE_WITH_KNOTS('',3,(#8611,#8612,#8613,#8614),
 .UNSPECIFIED.,.F.,.F.,(4,4),(3.39964380585964E-17,0.000240246101657197),
 .UNSPECIFIED.);
#414=B_SPLINE_CURVE_WITH_KNOTS('',3,(#8615,#8616,#8617,#8618),
 .UNSPECIFIED.,.F.,.F.,(4,4),(0.,0.000103309125067567),.UNSPECIFIED.);
#415=B_SPLINE_CURVE_WITH_KNOTS('',3,(#8627,#8628,#8629,#8630),
 .UNSPECIFIED.,.F.,.F.,(4,4),(0.,0.000112957813609826),.UNSPECIFIED.);
#416=B_SPLINE_CURVE_WITH_KNOTS('',3,(#8631,#8632,#8633,#8634),
 .UNSPECIFIED.,.F.,.F.,(4,4),(0.946033922315651,1.),.UNSPECIFIED.);
#417=B_SPLINE_CURVE_WITH_KNOTS('',3,(#8643,#8644,#8645,#8646),
 .UNSPECIFIED.,.F.,.F.,(4,4),(7.18573023498239E-16,0.000108477556715682),
 .UNSPECIFIED.);
#418=B_SPLINE_CURVE_WITH_KNOTS('',3,(#8647,#8648,#8649,#8650),
 .UNSPECIFIED.,.F.,.F.,(4,4),(0.,0.0539656098964502),.UNSPECIFIED.);
#419=B_SPLINE_CURVE_WITH_KNOTS('',3,(#8659,#8660,#8661,#8662),
 .UNSPECIFIED.,.F.,.F.,(4,4),(0.946033922315654,1.),.UNSPECIFIED.);
#420=B_SPLINE_CURVE_WITH_KNOTS('',3,(#8671,#8672,#8673,#8674),
 .UNSPECIFIED.,.F.,.F.,(4,4),(0.,0.0539656098964246),.UNSPECIFIED.);
#421=B_SPLINE_CURVE_WITH_KNOTS('',3,(#8683,#8684,#8685,#8686),
 .UNSPECIFIED.,.F.,.F.,(4,4),(0.946033922315662,1.),.UNSPECIFIED.);
#422=B_SPLINE_CURVE_WITH_KNOTS('',3,(#8688,#8689,#8690,#8691),
 .UNSPECIFIED.,.F.,.F.,(4,4),(0.00728605701200903,0.0094058093535968),
 .UNSPECIFIED.);
#423=B_SPLINE_CURVE_WITH_KNOTS('',3,(#8696,#8697,#8698,#8699),
 .UNSPECIFIED.,.F.,.F.,(4,4),(0.,0.00213929908213446),.UNSPECIFIED.);
#424=B_SPLINE_CURVE_WITH_KNOTS('',3,(#8703,#8704,#8705,#8706),
 .UNSPECIFIED.,.F.,.F.,(4,4),(0.0070896157644903,0.00940577856486198),
 .UNSPECIFIED.);
#425=B_SPLINE_CURVE_WITH_KNOTS('',3,(#8709,#8710,#8711,#8712),
 .UNSPECIFIED.,.F.,.F.,(4,4),(4.25825147895756E-17,0.0010934067840569),
 .UNSPECIFIED.);
#426=B_SPLINE_CURVE_WITH_KNOTS('',3,(#8716,#8717,#8718,#8719),
 .UNSPECIFIED.,.F.,.F.,(4,4),(0.,0.0021392978114365),.UNSPECIFIED.);
#427=B_SPLINE_CURVE_WITH_KNOTS('',3,(#8723,#8724,#8725,#8726),
 .UNSPECIFIED.,.F.,.F.,(4,4),(0.010245006164745,0.0112378497188471),
 .UNSPECIFIED.);
#428=B_SPLINE_CURVE_WITH_KNOTS('',3,(#8729,#8730,#8731,#8732,#8733),
 .UNSPECIFIED.,.F.,.F.,(4,1,4),(1.3831872460991E-15,0.000926653809274207,
0.00185330761854703),.UNSPECIFIED.);
#429=B_SPLINE_CURVE_WITH_KNOTS('',3,(#8735,#8736,#8737,#8738,#8739,#8740),
 .UNSPECIFIED.,.F.,.F.,(4,1,1,4),(0.,0.0014211551779007,0.00213173276685106,
0.00284231035580141),.UNSPECIFIED.);
#430=B_SPLINE_CURVE_WITH_KNOTS('',3,(#8744,#8745,#8746,#8747,#8748,#8749,
#8750,#8751,#8752,#8753,#8754,#8755,#8756),.UNSPECIFIED.,.F.,.F.,(4,1,1,
1,1,1,1,1,1,1,4),(0.,0.00117658940523673,0.00176488410785509,0.00235317881047346,
0.00352976821571018,0.00470635762094691,0.00588294702618364,0.00705953643142037,
0.00764783113403873,0.0082361258366571,0.00941271524189383),
 .UNSPECIFIED.);
#431=B_SPLINE_CURVE_WITH_KNOTS('',3,(#8759,#8760,#8761,#8762,#8763),
 .UNSPECIFIED.,.F.,.F.,(4,1,4),(5.72475174142297E-18,0.000929619280685114,
0.00185923856137022),.UNSPECIFIED.);
#432=B_SPLINE_CURVE_WITH_KNOTS('',3,(#8765,#8766,#8767,#8768,#8769,#8770,
#8771,#8772,#8773,#8774,#8775,#8776,#8777,#8778,#8779),.UNSPECIFIED.,.F.,
 .F.,(4,1,1,1,1,1,1,1,1,1,1,1,4),(0.,0.00117570754888856,0.00176356132333285,
0.00235141509777713,0.00352712264666569,0.00411497642110997,0.00470283019555425,
0.00529068396999854,0.00587853774444282,0.00705424529333138,0.00764209906777566,
0.00822995284221995,0.00940566039110851),.UNSPECIFIED.);
#433=B_SPLINE_CURVE_WITH_KNOTS('',3,(#8784,#8785,#8786,#8787,#8788,#8789,
#8790,#8791,#8792,#8793,#8794,#8795,#8796),.UNSPECIFIED.,.F.,.F.,(4,1,1,
1,1,1,1,1,1,1,4),(0.,0.001177163849571,0.00176574577435649,0.00235432769914199,
0.00353149154871299,0.00470865539828398,0.00588581924785498,0.00706298309742597,
0.00765156502221147,0.00824014694699697,0.00941731079656797),
 .UNSPECIFIED.);
#434=B_SPLINE_CURVE_WITH_KNOTS('',3,(#8800,#8801,#8802,#8803,#8804,#8805,
#8806,#8807,#8808,#8809,#8810,#8811,#8812,#8813,#8814),.UNSPECIFIED.,.F.,
 .F.,(4,1,1,1,1,1,1,1,1,1,1,1,4),(0.,0.00117574104487452,0.00176361156731178,
0.00235148208974904,0.00352722313462356,0.00411509365706082,0.00470296417949808,
0.00529083470193534,0.00587870522437259,0.00705444626924711,0.00764231679168437,
0.00823018731412163,0.00940592835899615),.UNSPECIFIED.);
#435=B_SPLINE_CURVE_WITH_KNOTS('',3,(#8819,#8820,#8821,#8822,#8823,#8824,
#8825,#8826,#8827,#8828,#8829,#8830,#8831),.UNSPECIFIED.,.F.,.F.,(4,1,1,
1,1,1,1,1,1,1,4),(0.,0.00117715881228509,0.00176573821842763,0.00235431762457018,
0.00353147643685527,0.00470863524914036,0.00588579406142545,0.00706295287371054,
0.00765153227985308,0.00824011168599563,0.00941727049828072),
 .UNSPECIFIED.);
#436=B_SPLINE_CURVE_WITH_KNOTS('',3,(#8835,#8836,#8837,#8838,#8839,#8840,
#8841,#8842,#8843,#8844,#8845,#8846,#8847),.UNSPECIFIED.,.F.,.F.,(4,1,1,
1,1,1,1,1,1,1,4),(0.,0.00117657282072496,0.00176485923108743,0.00235314564144991,
0.00352971846217487,0.00470629128289983,0.00588286410362478,0.00705943692434974,
0.00764772333471222,0.0082360097450747,0.00941258256579965),
 .UNSPECIFIED.);
#437=B_SPLINE_CURVE_WITH_KNOTS('',3,(#8852,#8853,#8854,#8855,#8856,#8857,
#8858,#8859,#8860,#8861,#8862,#8863,#8864),.UNSPECIFIED.,.F.,.F.,(4,1,1,
1,1,1,1,1,1,1,4),(0.,0.00117715364372241,0.00176573046558362,0.00235430728744482,
0.00353146093116723,0.00470861457488965,0.00588576821861206,0.00706292186233447,
0.00765149868419567,0.00824007550605688,0.00941722914977929),
 .UNSPECIFIED.);
#438=B_SPLINE_CURVE_WITH_KNOTS('',3,(#8868,#8869,#8870,#8871,#8872),
 .UNSPECIFIED.,.F.,.F.,(4,1,4),(0.0070230885769009,0.00821781605337052,
0.00941254352984015),.UNSPECIFIED.);
#439=B_SPLINE_CURVE_WITH_KNOTS('',3,(#8875,#8876,#8877,#8878),
 .UNSPECIFIED.,.F.,.F.,(4,4),(1.07360324735569E-16,0.00145492617595455),
 .UNSPECIFIED.);
#440=B_SPLINE_CURVE_WITH_KNOTS('',3,(#8880,#8881,#8882,#8883,#8884),
 .UNSPECIFIED.,.F.,.F.,(4,1,4),(0.,0.00156529558930709,0.00313059117861417),
 .UNSPECIFIED.);
#441=B_SPLINE_CURVE_WITH_KNOTS('',3,(#8888,#8889,#8890,#8891),
 .UNSPECIFIED.,.F.,.F.,(4,4),(0.007289200131732,0.0094125155761107),
 .UNSPECIFIED.);
#442=B_SPLINE_CURVE_WITH_KNOTS('',3,(#8893,#8894,#8895,#8896),
 .UNSPECIFIED.,.F.,.F.,(4,4),(0.,0.000192635388329024),.UNSPECIFIED.);
#443=B_SPLINE_CURVE_WITH_KNOTS('',3,(#8898,#8899,#8900,#8901),
 .UNSPECIFIED.,.F.,.F.,(4,4),(0.,0.00214654317073828),.UNSPECIFIED.);
#444=B_SPLINE_CURVE_WITH_KNOTS('',3,(#8905,#8906,#8907,#8908),
 .UNSPECIFIED.,.F.,.F.,(4,4),(0.00728919322649528,0.00941250216956608),
 .UNSPECIFIED.);
#445=B_SPLINE_CURVE_WITH_KNOTS('',3,(#8910,#8911,#8912,#8913),
 .UNSPECIFIED.,.F.,.F.,(4,4),(0.,0.00213929034268024),.UNSPECIFIED.);
#446=B_SPLINE_CURVE_WITH_KNOTS('',3,(#8917,#8918,#8919,#8920),
 .UNSPECIFIED.,.F.,.F.,(4,4),(0.00728919439114165,0.00941250497291821),
 .UNSPECIFIED.);
#447=B_SPLINE_CURVE_WITH_KNOTS('',3,(#8922,#8923,#8924,#8925),
 .UNSPECIFIED.,.F.,.F.,(4,4),(0.,0.00213929113390022),.UNSPECIFIED.);
#448=B_SPLINE_CURVE_WITH_KNOTS('',3,(#8929,#8930,#8931,#8932,#8933,#8934),
 .UNSPECIFIED.,.F.,.F.,(4,1,1,4),(0.00658156827449704,0.0072893071118244,
0.00799704594915175,0.00941252362380647),.UNSPECIFIED.);
#449=B_SPLINE_CURVE_WITH_KNOTS('',3,(#8937,#8938,#8939,#8940),
 .UNSPECIFIED.,.F.,.F.,(4,4),(9.34177181294034E-18,0.00141267832418194),
 .UNSPECIFIED.);
#450=B_SPLINE_CURVE_WITH_KNOTS('',3,(#8942,#8943,#8944,#8945),
 .UNSPECIFIED.,.F.,.F.,(4,4),(0.,0.00222571965066126),.UNSPECIFIED.);
#451=B_SPLINE_CURVE_WITH_KNOTS('',3,(#8949,#8950,#8951,#8952),
 .UNSPECIFIED.,.F.,.F.,(4,4),(2.5847473295227E-15,0.000106948008780676),
 .UNSPECIFIED.);
#452=B_SPLINE_CURVE_WITH_KNOTS('',3,(#8954,#8955,#8956,#8957),
 .UNSPECIFIED.,.F.,.F.,(4,4),(0.00950466349048616,0.0104951184063496),
 .UNSPECIFIED.);
#453=B_SPLINE_CURVE_WITH_KNOTS('',3,(#8959,#8960,#8961,#8962),
 .UNSPECIFIED.,.F.,.F.,(4,4),(8.7428385241196E-17,7.39827716896163E-5),
 .UNSPECIFIED.);
#454=B_SPLINE_CURVE_WITH_KNOTS('',3,(#8964,#8965,#8966,#8967,#8968,#8969,
#8970),.UNSPECIFIED.,.F.,.F.,(4,1,1,1,4),(0.,0.00103182781210505,0.00206365562421011,
0.00309548343631516,0.00412731124842021),.UNSPECIFIED.);
#455=B_SPLINE_CURVE_WITH_KNOTS('',3,(#8974,#8975,#8976,#8977,#8978,#8979,
#8980,#8981,#8982,#8983,#8984,#8985,#8986),.UNSPECIFIED.,.F.,.F.,(4,1,1,
1,1,1,1,1,1,1,4),(0.,0.00117656947379402,0.00176485421069103,0.00235313894758804,
0.00352970842138206,0.00470627789517609,0.00588284736897011,0.00705941684276413,
0.00764770157966114,0.00823598631655815,0.00941255579035217),
 .UNSPECIFIED.);
#456=B_SPLINE_CURVE_WITH_KNOTS('',3,(#8990,#8991,#8992,#8993,#8994,#8995,
#8996,#8997,#8998,#8999,#9000,#9001,#9002,#9003,#9004),.UNSPECIFIED.,.F.,
 .F.,(4,1,1,1,1,1,1,1,1,1,1,1,4),(0.,0.00117573665110264,0.00176360497665396,
0.00235147330220527,0.00352720995330791,0.00411507827885923,0.00470294660441055,
0.00529081492996187,0.00587868325551318,0.00705441990661582,0.00764228823216714,
0.00823015655771846,0.0094058932088211),.UNSPECIFIED.);
#457=B_SPLINE_CURVE_WITH_KNOTS('',3,(#9009,#9010,#9011,#9012,#9013,#9014,
#9015,#9016,#9017,#9018,#9019,#9020,#9021),.UNSPECIFIED.,.F.,.F.,(4,1,1,
1,1,1,1,1,1,1,4),(0.,0.00117715201411104,0.00176572802116656,0.00235430402822209,
0.00353145604233313,0.00470860805644417,0.00588576007055521,0.00706291208466626,
0.00765148809172178,0.0082400640987773,0.00941721611288834),
 .UNSPECIFIED.);
#458=B_SPLINE_CURVE_WITH_KNOTS('',3,(#9025,#9026,#9027,#9028,#9029,#9030,
#9031,#9032,#9033,#9034,#9035,#9036,#9037,#9038,#9039),.UNSPECIFIED.,.F.,
 .F.,(4,1,1,1,1,1,1,1,1,1,1,1,4),(0.,0.00117570286343274,0.00176355429514911,
0.00235140572686549,0.00352710859029823,0.0041149600220146,0.00470281145373097,
0.00529066288544735,0.00587851431716372,0.00705421718059646,0.00764206861231283,
0.0082299200440292,0.00940562290746195),.UNSPECIFIED.);
#459=B_SPLINE_CURVE_WITH_KNOTS('',3,(#9044,#9045,#9046,#9047,#9048,#9049,
#9050,#9051,#9052,#9053,#9054,#9055,#9056),.UNSPECIFIED.,.F.,.F.,(4,1,1,
1,1,1,1,1,1,1,4),(0.,0.00117715709889366,0.00176573564834049,0.00235431419778732,
0.00353147129668098,0.00470862839557465,0.00588578549446831,0.00706294259336197,
0.0076515211428088,0.00824009969225563,0.00941725679114929),
 .UNSPECIFIED.);
#460=B_SPLINE_CURVE_WITH_KNOTS('',3,(#9060,#9061,#9062,#9063,#9064,#9065,
#9066,#9067,#9068,#9069,#9070,#9071,#9072),.UNSPECIFIED.,.F.,.F.,(4,1,1,
1,1,1,1,1,1,1,4),(0.,0.00117658607840514,0.00176487911760771,0.00235317215681028,
0.00352975823521542,0.00470634431362056,0.0058829303920257,0.00705951647043084,
0.00764780950963341,0.00823610254883598,0.00941268862724112),
 .UNSPECIFIED.);
#461=B_SPLINE_CURVE_WITH_KNOTS('',3,(#9077,#9078,#9079,#9080,#9081,#9082,
#9083,#9084,#9085,#9086,#9087,#9088,#9089),.UNSPECIFIED.,.F.,.F.,(4,1,1,
1,1,1,1,1,1,1,4),(0.,0.00117716225880265,0.00176574338820397,0.00235432451760529,
0.00353148677640794,0.00470864903521058,0.00588581129401323,0.00706297355281588,
0.0076515546822172,0.00824013581161852,0.00941729807042117),
 .UNSPECIFIED.);
#462=B_SPLINE_CURVE_WITH_KNOTS('',3,(#9093,#9094,#9095,#9096,#9097),
 .UNSPECIFIED.,.F.,.F.,(4,1,4),(0.0064555742779055,0.00793066420124967,
0.00940575412459384),.UNSPECIFIED.);
#463=B_SPLINE_CURVE_WITH_KNOTS('',3,(#9100,#9101,#9102,#9103),
 .UNSPECIFIED.,.F.,.F.,(4,4),(2.02487636552658E-17,0.00146522179917743),
 .UNSPECIFIED.);
#464=B_SPLINE_CURVE_WITH_KNOTS('',3,(#9105,#9106,#9107,#9108),
 .UNSPECIFIED.,.F.,.F.,(4,4),(0.01022616902329,0.0112196623590226),
 .UNSPECIFIED.);
#465=B_SPLINE_CURVE_WITH_KNOTS('',3,(#9110,#9111,#9112,#9113),
 .UNSPECIFIED.,.F.,.F.,(4,4),(4.50350594038425E-16,0.00147805099007539),
 .UNSPECIFIED.);
#466=B_SPLINE_CURVE_WITH_KNOTS('',3,(#9116,#9117,#9118,#9119,#9120,#9121,
#9122,#9123,#9124,#9125,#9126,#9127,#9128),.UNSPECIFIED.,.F.,.F.,(4,1,1,
1,1,1,1,1,1,1,4),(0.,0.00117716687332821,0.00176575030999232,0.00235433374665643,
0.00353150061998464,0.00470866749331286,0.00588583436664107,0.00706300123996929,
0.00765158467663339,0.0082401681132975,0.00941733498662572),
 .UNSPECIFIED.);
#467=B_SPLINE_CURVE_WITH_KNOTS('',3,(#9132,#9133,#9134,#9135),
 .UNSPECIFIED.,.F.,.F.,(4,4),(0.0072860498199801,0.00940579635318855),
 .UNSPECIFIED.);
#468=B_SPLINE_CURVE_WITH_KNOTS('',3,(#9140,#9141,#9142,#9143),
 .UNSPECIFIED.,.F.,.F.,(4,4),(0.,0.00104795887455732),.UNSPECIFIED.);
#469=B_SPLINE_CURVE_WITH_KNOTS('',3,(#9145,#9146,#9147,#9148),
 .UNSPECIFIED.,.F.,.F.,(4,4),(0.,0.00235525008254869),.UNSPECIFIED.);
#470=B_SPLINE_CURVE_WITH_KNOTS('',3,(#9152,#9153,#9154,#9155),
 .UNSPECIFIED.,.F.,.F.,(4,4),(0.00728606022457569,0.00940581552813406),
 .UNSPECIFIED.);
#471=B_SPLINE_CURVE_WITH_KNOTS('',3,(#9160,#9161,#9162,#9163),
 .UNSPECIFIED.,.F.,.F.,(4,4),(0.,0.00213929987305253),.UNSPECIFIED.);
#472=B_SPLINE_CURVE_WITH_KNOTS('',3,(#9167,#9168,#9169,#9170,#9171,#9172,
#9173,#9174,#9175,#9176,#9177,#9178,#9179),.UNSPECIFIED.,.F.,.F.,(4,1,1,
1,1,1,1,1,1,1,4),(0.,0.00114656772601803,0.00229313545203606,0.00343970317805409,
0.0040129870410631,0.00458627090407211,0.00515955476708113,0.00573283863009014,
0.00687940635610817,0.0080259740821262,0.00917254180814423),
 .UNSPECIFIED.);
#473=B_SPLINE_CURVE_WITH_KNOTS('',3,(#9183,#9184,#9185,#9186,#9187,#9188,
#9189),.UNSPECIFIED.,.F.,.F.,(4,1,1,1,4),(0.,0.00167796343315954,0.00335592686631907,
0.00503389029947861,0.00671185373263814),.UNSPECIFIED.);
#474=B_SPLINE_CURVE_WITH_KNOTS('',3,(#9213,#9214,#9215,#9216,#9217,#9218,
#9219,#9220,#9221,#9222,#9223,#9224,#9225,#9226,#9227),.UNSPECIFIED.,.F.,
 .F.,(4,1,1,1,1,1,1,1,1,3,4),(-0.0460716314632564,0.0427668219496202,0.264862955481812,
0.486959089014003,0.598007155780099,0.709055222546195,0.82010328931229,
0.875627322695338,0.931151356078386,0.953634052307323,1.01998980949126),
 .UNSPECIFIED.);
#475=B_SPLINE_CURVE_WITH_KNOTS('',3,(#9230,#9231,#9232,#9233,#9234,#9235,
#9236,#9237,#9238),.UNSPECIFIED.,.F.,.F.,(4,1,1,1,1,1,4),(0.,0.000424707229473239,
0.000849414458946477,0.0010617680736831,0.00127412168841972,0.00148647530315634,
0.00169882891789295),.UNSPECIFIED.);
#476=B_SPLINE_CURVE_WITH_KNOTS('',3,(#9257,#9258,#9259,#9260,#9261,#9262,
#9263,#9264,#9265,#9266,#9267,#9268,#9269,#9270),.UNSPECIFIED.,.F.,.F.,
(4,3,1,1,1,1,1,1,1,4),(0.00360985005912805,0.0837592657933244,0.0903028322705585,
0.198669060034847,0.307035287799135,0.415401515563423,0.523767743327711,
0.740500198856287,0.957232654384863,1.04392563659629),.UNSPECIFIED.);
#477=B_SPLINE_CURVE_WITH_KNOTS('',3,(#9274,#9275,#9276,#9277,#9278,#9279,
#9280,#9281,#9282),.UNSPECIFIED.,.F.,.F.,(4,1,1,1,1,1,4),(0.,0.000212118036381172,
0.000424236072762344,0.000636354109143516,0.000848472145524688,0.00127270821828703,
0.00169694429104938),.UNSPECIFIED.);
#478=B_SPLINE_CURVE_WITH_KNOTS('',3,(#9303,#9304,#9305,#9306,#9307),
 .UNSPECIFIED.,.F.,.F.,(4,1,4),(0.,0.000240231989324862,0.000480463978649724),
 .UNSPECIFIED.);
#479=B_SPLINE_CURVE_WITH_KNOTS('',3,(#9311,#9312,#9313,#9314,#9315,#9316,
#9317,#9318,#9319),.UNSPECIFIED.,.F.,.F.,(4,1,1,1,1,1,4),(4.38739936328676E-14,
0.0002131576643014,0.000426315328558925,0.000639472992816451,0.000852630657073977,
0.00127894598558903,0.00170526131410408),.UNSPECIFIED.);
#480=B_SPLINE_CURVE_WITH_KNOTS('',3,(#9343,#9344,#9345,#9346,#9347,#9348,
#9349,#9350,#9351,#9352,#9353,#9354,#9355,#9356,#9357),.UNSPECIFIED.,.F.,
 .F.,(4,1,1,1,1,1,1,1,1,3,4),(-0.0460678956002227,0.0427709720157235,0.264868141055589,
0.486965310095454,0.598013894615387,0.70906247913532,0.820111063655252,
0.875635355915219,0.931159648175185,0.953670490178171,1.01999851579113),
 .UNSPECIFIED.);
#481=B_SPLINE_CURVE_WITH_KNOTS('',3,(#9360,#9361,#9362,#9363,#9364,#9365,
#9366,#9367,#9368),.UNSPECIFIED.,.F.,.F.,(4,1,1,1,1,1,4),(0.,0.000424711968440046,
0.000849423936880093,0.00106177992110012,0.00127413590532014,0.00148649188954016,
0.00169884787376019),.UNSPECIFIED.);
#482=B_SPLINE_CURVE_WITH_KNOTS('',3,(#9391,#9392,#9393,#9394,#9395,#9396,
#9397,#9398,#9399),.UNSPECIFIED.,.F.,.F.,(4,1,1,1,1,1,4),(0.,0.000425248108656547,
0.000850496217313094,0.00106312027164137,0.00127574432596964,0.00148836838029792,
0.00170099243462619),.UNSPECIFIED.);
#483=B_SPLINE_CURVE_WITH_KNOTS('',3,(#9403,#9404,#9405,#9406,#9407,#9408,
#9409,#9410,#9411),.UNSPECIFIED.,.F.,.F.,(4,1,1,1,1,1,4),(0.,0.000212129486506901,
0.000424258973013802,0.000636388459520703,0.000848517946027604,0.00127277691904141,
0.00169703589205521),.UNSPECIFIED.);
#484=B_SPLINE_CURVE_WITH_KNOTS('',3,(#9435,#9436,#9437,#9438),
 .UNSPECIFIED.,.F.,.F.,(4,4),(9.3695143369531E-17,0.000416961572713918),
 .UNSPECIFIED.);
#485=B_SPLINE_CURVE_WITH_KNOTS('',3,(#9441,#9442,#9443,#9444,#9445,#9446,
#9447,#9448,#9449),.UNSPECIFIED.,.F.,.F.,(4,1,1,1,1,1,4),(0.,0.000424724163833461,
0.000849448327666923,0.00106181040958365,0.00127417249150038,0.00148653457341711,
0.00169889665533385),.UNSPECIFIED.);
#486=B_SPLINE_CURVE_WITH_KNOTS('',3,(#9472,#9473,#9474,#9475,#9476,#9477,
#9478,#9479,#9480),.UNSPECIFIED.,.F.,.F.,(4,1,1,1,1,1,4),(0.,0.00042527103648968,
0.000850542072979359,0.0010631775912242,0.00127581310946904,0.00148844862771388,
0.00170108414595872),.UNSPECIFIED.);
#487=B_SPLINE_CURVE_WITH_KNOTS('',3,(#9484,#9485,#9486,#9487,#9488,#9489,
#9490,#9491,#9492),.UNSPECIFIED.,.F.,.F.,(4,1,1,1,1,1,4),(0.,0.000212138346267568,
0.000424276692535137,0.000636415038802705,0.000848553385070273,0.00127283007760541,
0.00169710677014055),.UNSPECIFIED.);
#488=B_SPLINE_CURVE_WITH_KNOTS('',3,(#9517,#9518,#9519,#9520,#9521,#9522,
#9523,#9524,#9525),.UNSPECIFIED.,.F.,.F.,(4,1,1,1,1,1,4),(0.,0.000425374177958218,
0.000850748355916435,0.00106343544489554,0.00127612253387465,0.00148880962285376,
0.00170149671183287),.UNSPECIFIED.);
#489=B_SPLINE_CURVE_WITH_KNOTS('',3,(#9529,#9530,#9531,#9532,#9533,#9534,
#9535,#9536,#9537),.UNSPECIFIED.,.F.,.F.,(4,1,1,1,1,1,4),(0.,0.00021213058278883,
0.000424261165577659,0.000636391748366489,0.000848522331155319,0.00127278349673298,
0.00169704466231064),.UNSPECIFIED.);
#490=B_SPLINE_CURVE_WITH_KNOTS('',3,(#9562,#9563,#9564,#9565,#9566,#9567,
#9568,#9569,#9570),.UNSPECIFIED.,.F.,.F.,(4,1,1,1,1,1,4),(0.,0.000425288511840633,
0.000850577023681265,0.00106322127960158,0.0012758655355219,0.00148850979144221,
0.00170115404736253),.UNSPECIFIED.);
#491=B_SPLINE_CURVE_WITH_KNOTS('',3,(#9574,#9575,#9576,#9577,#9578,#9579,
#9580,#9581,#9582),.UNSPECIFIED.,.F.,.F.,(4,1,1,1,1,1,4),(0.,0.000212144814850192,
0.000424289629700385,0.000636434444550578,0.00084857925940077,0.00127286888910116,
0.00169715851880154),.UNSPECIFIED.);
#492=B_SPLINE_CURVE_WITH_KNOTS('',3,(#9605,#9606,#9607,#9608,#9609,#9610,
#9611,#9612,#9613),.UNSPECIFIED.,.F.,.F.,(4,1,1,1,1,1,4),(0.,0.000424764609855534,
0.000849529219711067,0.00106191152463883,0.0012742938295666,0.00148667613449437,
0.00169905843942213),.UNSPECIFIED.);
#493=B_SPLINE_CURVE_WITH_KNOTS('',3,(#9617,#9618,#9619,#9620,#9621,#9622,
#9623,#9624,#9625),.UNSPECIFIED.,.F.,.F.,(4,1,1,1,1,1,4),(5.47569710068513E-14,
0.000214824477793316,0.000429648955531875,0.000644473433270434,0.000859297911008993,
0.00128894686648611,0.00171859582196323),.UNSPECIFIED.);
#494=B_SPLINE_CURVE_WITH_KNOTS('',3,(#9650,#9651,#9652,#9653,#9654,#9655,
#9656,#9657,#9658),.UNSPECIFIED.,.F.,.F.,(4,1,1,1,1,1,4),(0.,0.000425299650592496,
0.000850599301184993,0.00106324912648124,0.00127589895177749,0.00148854877707374,
0.00170119860236999),.UNSPECIFIED.);
#495=B_SPLINE_CURVE_WITH_KNOTS('',3,(#9662,#9663,#9664,#9665,#9666,#9667,
#9668,#9669,#9670),.UNSPECIFIED.,.F.,.F.,(4,1,1,1,1,1,4),(0.,0.000212148580535492,
0.000424297161070984,0.000636445741606476,0.000848594322141967,0.00127289148321295,
0.00169718864428393),.UNSPECIFIED.);
#496=B_SPLINE_CURVE_WITH_KNOTS('',3,(#9695,#9696,#9697,#9698,#9699,#9700,
#9701,#9702,#9703),.UNSPECIFIED.,.F.,.F.,(4,1,1,1,1,1,4),(0.,0.000424808009779811,
0.000849616019559622,0.00106202002444953,0.00127442402933943,0.00148682803422934,
0.00169923203911924),.UNSPECIFIED.);
#497=B_SPLINE_CURVE_WITH_KNOTS('',3,(#9707,#9708,#9709,#9710,#9711,#9712,
#9713,#9714,#9715),.UNSPECIFIED.,.F.,.F.,(4,1,1,1,1,1,4),(3.23482519134474E-14,
0.00021706140479079,0.000434122809549231,0.000651184214307673,0.000868245619066114,
0.001302368428583,0.00173649123809988),.UNSPECIFIED.);
#498=B_SPLINE_CURVE_WITH_KNOTS('',3,(#9736,#9737,#9738,#9739),
 .UNSPECIFIED.,.F.,.F.,(4,4),(5.35624367214356E-15,0.000448398611666928),
 .UNSPECIFIED.);
#499=B_SPLINE_CURVE_WITH_KNOTS('',3,(#9743,#9744,#9745,#9746,#9747,#9748,
#9749,#9750,#9751),.UNSPECIFIED.,.F.,.F.,(4,1,1,1,1,1,4),(0.,0.000212150949944779,
0.000424301899889557,0.000636452849834336,0.000848603799779115,0.00127290569966867,
0.00169720759955823),.UNSPECIFIED.);
#500=B_SPLINE_CURVE_WITH_KNOTS('',3,(#9776,#9777,#9778,#9779,#9780,#9781,
#9782,#9783,#9784),.UNSPECIFIED.,.F.,.F.,(4,1,1,1,1,1,4),(0.,0.00042541306005795,
0.0008508261201159,0.00106353265014488,0.00127623918017385,0.00148894571020283,
0.0017016522402318),.UNSPECIFIED.);
#501=B_SPLINE_CURVE_WITH_KNOTS('',3,(#9788,#9789,#9790,#9791,#9792,#9793,
#9794,#9795,#9796),.UNSPECIFIED.,.F.,.F.,(4,1,1,1,1,1,4),(0.,0.000212148003424052,
0.000424296006848105,0.000636444010272157,0.00084859201369621,0.00127288802054431,
0.00169718402739242),.UNSPECIFIED.);
#502=B_SPLINE_CURVE_WITH_KNOTS('',3,(#9817,#9818,#9819,#9820,#9821),
 .UNSPECIFIED.,.F.,.F.,(4,1,4),(6.90247757200618E-17,0.000263306835426735,
0.0005266136708534),.UNSPECIFIED.);
#503=B_SPLINE_CURVE_WITH_KNOTS('',3,(#9825,#9826,#9827,#9828,#9829,#9830,
#9831,#9832,#9833),.UNSPECIFIED.,.F.,.F.,(4,1,1,1,1,1,4),(0.,0.000212152468281023,
0.000424304936562046,0.000636457404843069,0.000848609873124093,0.00127291480968614,
0.00169721974624819),.UNSPECIFIED.);
#504=B_SPLINE_CURVE_WITH_KNOTS('',3,(#9857,#9858,#9859,#9860,#9861),
 .UNSPECIFIED.,.F.,.F.,(4,1,4),(4.66067893361398E-14,0.000173438017041236,
0.000346876034035866),.UNSPECIFIED.);
#505=B_SPLINE_CURVE_WITH_KNOTS('',3,(#9864,#9865,#9866,#9867,#9868,#9869,
#9870,#9871,#9872),.UNSPECIFIED.,.F.,.F.,(4,1,1,1,1,1,4),(0.,0.00042541834247168,
0.00085083668494336,0.0010635458561792,0.00127625502741504,0.00148896419865088,
0.00170167336988672),.UNSPECIFIED.);
#506=B_SPLINE_CURVE_WITH_KNOTS('',3,(#9893,#9894,#9895,#9896,#9897,#9898,
#9899,#9900,#9901),.UNSPECIFIED.,.F.,.F.,(4,1,1,1,1,1,4),(0.,0.000212171554271704,
0.000424343108543407,0.000636514662815111,0.000848686217086815,0.00127302932563022,
0.00169737243417363),.UNSPECIFIED.);
#507=B_SPLINE_CURVE_WITH_KNOTS('',3,(#9926,#9927,#9928,#9929,#9930,#9931,
#9932,#9933,#9934),.UNSPECIFIED.,.F.,.F.,(4,1,1,1,1,1,4),(0.,0.000425421881024202,
0.000850843762048405,0.00106355470256051,0.00127626564307261,0.00148897658358471,
0.00170168752409681),.UNSPECIFIED.);
#508=B_SPLINE_CURVE_WITH_KNOTS('',3,(#9955,#9956,#9957,#9958,#9959,#9960,
#9961,#9962,#9963),.UNSPECIFIED.,.F.,.F.,(4,1,1,1,1,1,4),(0.,0.000212152249892284,
0.000424304499784569,0.000636456749676853,0.000848608999569137,0.00127291349935371,
0.00169721799913827),.UNSPECIFIED.);
#509=B_SPLINE_CURVE_WITH_KNOTS('',3,(#9988,#9989,#9990,#9991,#9992,#9993,
#9994,#9995,#9996),.UNSPECIFIED.,.F.,.F.,(4,1,1,1,1,1,4),(0.,0.000425464830016721,
0.000850929660033443,0.0010636620750418,0.00127639449005016,0.00148912690505852,
0.00170185932006689),.UNSPECIFIED.);
#510=B_SPLINE_CURVE_WITH_KNOTS('',3,(#10015,#10016,#10017,#10018,#10019),
 .UNSPECIFIED.,.F.,.F.,(4,1,4),(0.,0.000275938901729587,0.000551877803459174),
 .UNSPECIFIED.);
#511=B_SPLINE_CURVE_WITH_KNOTS('',3,(#10023,#10024,#10025,#10026,#10027,
#10028,#10029,#10030,#10031),.UNSPECIFIED.,.F.,.F.,(4,1,1,1,1,1,4),(4.52596763467665E-14,
0.000213147791176099,0.000426295582306938,0.000639443373437778,0.000852591164568617,
0.0012788867468303,0.00170518232909197),.UNSPECIFIED.);
#512=B_SPLINE_CURVE_WITH_KNOTS('',3,(#10056,#10057,#10058,#10059,#10060,
#10061,#10062,#10063,#10064),.UNSPECIFIED.,.F.,.F.,(4,1,1,1,1,1,4),(0.,
0.000425422228596723,0.000850844457193445,0.00106355557149181,0.00127626668579017,
0.00148897780008853,0.00170168891438689),.UNSPECIFIED.);
#513=B_SPLINE_CURVE_WITH_KNOTS('',3,(#10083,#10084,#10085,#10086,#10087),
 .UNSPECIFIED.,.F.,.F.,(4,1,4),(1.030163239454E-16,0.000145421047819119,
0.000290842095638136),.UNSPECIFIED.);
#514=B_SPLINE_CURVE_WITH_KNOTS('',3,(#10091,#10092,#10093,#10094,#10095,
#10096,#10097,#10098,#10099),.UNSPECIFIED.,.F.,.F.,(4,1,1,1,1,1,4),(0.,
0.000212148007769816,0.000424296015539631,0.000636444023309447,0.000848592031079263,
0.00127288804661889,0.00169718406215853),.UNSPECIFIED.);
#515=B_SPLINE_CURVE_WITH_KNOTS('',3,(#10123,#10124,#10125,#10126,#10127),
 .UNSPECIFIED.,.F.,.F.,(4,1,4),(3.44500646350811E-14,0.000245406129534857,
0.000490812259035263),.UNSPECIFIED.);
#516=B_SPLINE_CURVE_WITH_KNOTS('',3,(#10130,#10131,#10132,#10133,#10134,
#10135,#10136,#10137,#10138),.UNSPECIFIED.,.F.,.F.,(4,1,1,1,1,1,4),(0.,
0.000425418999544409,0.000850837999088818,0.00106354749886102,0.00127625699863323,
0.00148896649840543,0.00170167599817764),.UNSPECIFIED.);
#517=B_SPLINE_CURVE_WITH_KNOTS('',3,(#10161,#10162,#10163,#10164,#10165,
#10166,#10167,#10168,#10169),.UNSPECIFIED.,.F.,.F.,(4,1,1,1,1,1,4),(0.,
0.000425290174873541,0.000850580349747083,0.00106322543718385,0.00127587052462062,
0.00148851561205739,0.00170116069949417),.UNSPECIFIED.);
#518=B_SPLINE_CURVE_WITH_KNOTS('',3,(#10173,#10174,#10175,#10176,#10177,
#10178,#10179,#10180,#10181),.UNSPECIFIED.,.F.,.F.,(4,1,1,1,1,1,4),(0.,
0.000212145007423819,0.000424290014847638,0.000636435022271456,0.000848580029695275,
0.00127287004454291,0.00169716005939055),.UNSPECIFIED.);
#519=B_SPLINE_CURVE_WITH_KNOTS('',3,(#10206,#10207,#10208,#10209,#10210,
#10211,#10212,#10213,#10214),.UNSPECIFIED.,.F.,.F.,(4,1,1,1,1,1,4),(0.,
0.000425413953215434,0.000850827906430868,0.00106353488303858,0.0012762418596463,
0.00148894883625402,0.00170165581286174),.UNSPECIFIED.);
#520=B_SPLINE_CURVE_WITH_KNOTS('',3,(#10218,#10219,#10220,#10221,#10222,
#10223,#10224,#10225,#10226),.UNSPECIFIED.,.F.,.F.,(4,1,1,1,1,1,4),(0.,
0.000212148493950934,0.000424296987901869,0.000636445481852803,0.000848593975803738,
0.00127289096370561,0.00169718795160748),.UNSPECIFIED.);
#521=B_SPLINE_CURVE_WITH_KNOTS('',3,(#10251,#10252,#10253,#10254,#10255,
#10256,#10257,#10258,#10259),.UNSPECIFIED.,.F.,.F.,(4,1,1,1,1,1,4),(0.,
0.000425275074656703,0.000850550149313405,0.00106318768664176,0.00127582522397011,
0.00148846276129846,0.00170110029862681),.UNSPECIFIED.);
#522=B_SPLINE_CURVE_WITH_KNOTS('',3,(#10263,#10264,#10265,#10266,#10267,
#10268,#10269,#10270,#10271),.UNSPECIFIED.,.F.,.F.,(4,1,1,1,1,1,4),(0.,
0.000212139559079663,0.000424279118159327,0.00063641867723899,0.000848558236318654,
0.00127283735447798,0.00169711647263731),.UNSPECIFIED.);
#523=B_SPLINE_CURVE_WITH_KNOTS('',3,(#10296,#10297,#10298,#10299,#10300,
#10301,#10302,#10303,#10304),.UNSPECIFIED.,.F.,.F.,(4,1,1,1,1,1,4),(0.,
0.000424808637908976,0.000849617275817952,0.00106202159477244,0.00127442591372693,
0.00148683023268142,0.0016992345516359),.UNSPECIFIED.);
#524=B_SPLINE_CURVE_WITH_KNOTS('',3,(#10308,#10309,#10310,#10311,#10312,
#10313,#10314,#10315,#10316),.UNSPECIFIED.,.F.,.F.,(4,1,1,1,1,1,4),(3.23653751237737E-14,
0.000217068590702199,0.000434137181372033,0.000651205772041866,0.0008682743627117,
0.00130241154405137,0.00173654872539104),.UNSPECIFIED.);
#525=B_SPLINE_CURVE_WITH_KNOTS('',3,(#10341,#10342,#10343,#10344,#10345,
#10346,#10347,#10348,#10349),.UNSPECIFIED.,.F.,.F.,(4,1,1,1,1,1,4),(0.,
0.000425251619353364,0.000850503238706728,0.00106312904838341,0.00127575485806009,
0.00148838066773677,0.00170100647741346),.UNSPECIFIED.);
#526=B_SPLINE_CURVE_WITH_KNOTS('',3,(#10353,#10354,#10355,#10356,#10357,
#10358,#10359,#10360,#10361),.UNSPECIFIED.,.F.,.F.,(4,1,1,1,1,1,4),(0.,
0.000212130502852266,0.000424261005704531,0.000636391508556797,0.000848522011409063,
0.00127278301711359,0.00169704402281813),.UNSPECIFIED.);
#527=B_SPLINE_CURVE_WITH_KNOTS('',3,(#10384,#10385,#10386,#10387,#10388,
#10389,#10390,#10391,#10392),.UNSPECIFIED.,.F.,.F.,(4,1,1,1,1,1,4),(0.,
0.000424760226082881,0.000849520452165762,0.0010619005652072,0.00127428067824864,
0.00148666079129008,0.00169904090433152),.UNSPECIFIED.);
#528=B_SPLINE_CURVE_WITH_KNOTS('',3,(#10396,#10397,#10398,#10399,#10400,
#10401,#10402,#10403,#10404),.UNSPECIFIED.,.F.,.F.,(4,1,1,1,1,1,4),(5.46080155503882E-14,
0.000215033117304042,0.000430066234553476,0.00064509935180291,0.000860132469052344,
0.00129019870355121,0.00172026493805008),.UNSPECIFIED.);
#529=B_SPLINE_CURVE_WITH_KNOTS('',3,(#10425,#10426,#10427,#10428,#10429),
 .UNSPECIFIED.,.F.,.F.,(4,1,4),(0.,0.000211588793655541,0.000423177587311083),
 .UNSPECIFIED.);
#530=B_SPLINE_CURVE_WITH_KNOTS('',3,(#10433,#10434,#10435,#10436,#10437,
#10438,#10439,#10440,#10441),.UNSPECIFIED.,.F.,.F.,(4,1,1,1,1,1,4),(0.,
0.000212123192555496,0.000424246385110992,0.000636369577666488,0.000848492770221984,
0.00127273915533298,0.00169698554044397),.UNSPECIFIED.);
#531=B_SPLINE_CURVE_WITH_KNOTS('',3,(#10466,#10467,#10468,#10469,#10470,
#10471,#10472,#10473,#10474),.UNSPECIFIED.,.F.,.F.,(4,1,1,1,1,1,4),(0.,
0.000425370881211867,0.000850741762423735,0.00106342720302967,0.0012761126436356,
0.00148879808424154,0.00170148352484747),.UNSPECIFIED.);
#532=B_SPLINE_CURVE_WITH_KNOTS('',3,(#10478,#10479,#10480,#10481,#10482,
#10483,#10484,#10485,#10486),.UNSPECIFIED.,.F.,.F.,(4,1,1,1,1,1,4),(0.,
0.000212075467658887,0.000424150935317774,0.00063622640297666,0.000848301870635547,
0.00127245280595332,0.00169660374127109),.UNSPECIFIED.);
#533=B_SPLINE_CURVE_WITH_KNOTS('',3,(#10507,#10508,#10509,#10510,#10511,
#10512,#10513,#10514,#10515,#10516,#10517,#10518,#10519,#10520),
 .UNSPECIFIED.,.F.,.F.,(4,3,1,1,1,1,1,1,1,4),(0.00360332580137207,0.0837530588055244,
0.0902965784877196,0.198663144345654,0.307029710203588,0.415396276061523,
0.523762841919457,0.740495973635326,0.957229105351195,1.04392235803754),
 .UNSPECIFIED.);
#534=B_SPLINE_CURVE_WITH_KNOTS('',3,(#10524,#10525,#10526,#10527,#10528,
#10529,#10530,#10531,#10532),.UNSPECIFIED.,.F.,.F.,(4,1,1,1,1,1,4),(0.,
0.000212118410367381,0.000424236820734762,0.000636355231102143,0.000848473641469524,
0.00127271046220429,0.00169694728293905),.UNSPECIFIED.);
#535=B_SPLINE_CURVE_WITH_KNOTS('',3,(#10556,#10557,#10558,#10559,#10560),
 .UNSPECIFIED.,.F.,.F.,(4,1,4),(2.99585287812975E-17,0.000249928376768887,
0.000499856753537743),.UNSPECIFIED.);
#536=B_SPLINE_CURVE_WITH_KNOTS('',3,(#10563,#10564,#10565,#10566,#10567,
#10568,#10569,#10570,#10571),.UNSPECIFIED.,.F.,.F.,(4,1,1,1,1,1,4),(0.,
0.00042472135705449,0.00084944271410898,0.00106180339263623,0.00127416407116347,
0.00148652474969072,0.00169888542821796),.UNSPECIFIED.);
#537=B_SPLINE_CURVE_WITH_KNOTS('',3,(#10590,#10591,#10592,#10593,#10594,
#10595,#10596,#10597,#10598,#10599,#10600,#10601,#10602,#10603),
 .UNSPECIFIED.,.F.,.F.,(4,3,1,1,1,1,1,1,1,4),(0.00361826082976928,0.0837669159683939,
0.0903105270202939,0.19867585975845,0.307041192496605,0.415406525234761,
0.523771857972917,0.740502523449228,0.95723318892554,1.04392545511606),
 .UNSPECIFIED.);
#538=B_SPLINE_CURVE_WITH_KNOTS('',3,(#10607,#10608,#10609,#10610,#10611,
#10612,#10613,#10614,#10615),.UNSPECIFIED.,.F.,.F.,(4,1,1,1,1,1,4),(0.,
0.000212116635978287,0.000424233271956574,0.000636349907934861,0.000848466543913147,
0.00127269981586972,0.00169693308782629),.UNSPECIFIED.);
#539=B_SPLINE_CURVE_WITH_KNOTS('',3,(#10639,#10640,#10641,#10642,#10643,
#10644,#10645,#10646,#10647,#10648,#10649,#10650,#10651,#10652,#10653),
 .UNSPECIFIED.,.F.,.F.,(4,1,1,1,1,1,1,1,1,3,4),(-0.0460715785366035,0.0427672866771983,
0.264864449711703,0.486961612746207,0.598010194263459,0.709058775780711,
0.820107357297963,0.875631648056589,0.931155938815216,0.953654007429905,
1.01999480402902),.UNSPECIFIED.);
#540=B_SPLINE_CURVE_WITH_KNOTS('',3,(#10656,#10657,#10658,#10659,#10660,
#10661,#10662,#10663,#10664),.UNSPECIFIED.,.F.,.F.,(4,1,1,1,1,1,4),(0.,
0.00042471048336983,0.00084942096673966,0.00106177620842457,0.00127413145010949,
0.0014864866917944,0.00169884193347932),.UNSPECIFIED.);
#541=B_SPLINE_CURVE_WITH_KNOTS('',3,(#10740,#10741,#10742,#10743),
 .UNSPECIFIED.,.F.,.F.,(4,4),(5.90513601578585E-12,0.000103884376662657),
 .UNSPECIFIED.);
#542=B_SPLINE_CURVE_WITH_KNOTS('',3,(#10747,#10748,#10749,#10750),
 .UNSPECIFIED.,.F.,.F.,(4,4),(0.,0.000104276246372981),.UNSPECIFIED.);
#543=B_SPLINE_CURVE_WITH_KNOTS('',3,(#10755,#10756,#10757,#10758),
 .UNSPECIFIED.,.F.,.F.,(4,4),(5.86946151660215E-12,0.000103850258988476),
 .UNSPECIFIED.);
#544=B_SPLINE_CURVE_WITH_KNOTS('',3,(#10762,#10763,#10764,#10765),
 .UNSPECIFIED.,.F.,.F.,(4,4),(0.,0.000104631754584873),.UNSPECIFIED.);
#545=B_SPLINE_CURVE_WITH_KNOTS('',3,(#10770,#10771,#10772,#10773),
 .UNSPECIFIED.,.F.,.F.,(4,4),(5.7168397479259E-12,0.000103734077355703),
 .UNSPECIFIED.);
#546=B_SPLINE_CURVE_WITH_KNOTS('',3,(#10777,#10778,#10779,#10780),
 .UNSPECIFIED.,.F.,.F.,(4,4),(0.,0.00010407264606566),.UNSPECIFIED.);
#547=B_SPLINE_CURVE_WITH_KNOTS('',3,(#10785,#10786,#10787,#10788),
 .UNSPECIFIED.,.F.,.F.,(4,4),(5.35836730566353E-12,0.000103388699296487),
 .UNSPECIFIED.);
#548=B_SPLINE_CURVE_WITH_KNOTS('',3,(#10792,#10793,#10794,#10795),
 .UNSPECIFIED.,.F.,.F.,(4,4),(0.,0.000104227571421456),.UNSPECIFIED.);
#549=B_SPLINE_CURVE_WITH_KNOTS('',3,(#10800,#10801,#10802,#10803),
 .UNSPECIFIED.,.F.,.F.,(4,4),(5.00461808255552E-12,0.000103251659164587),
 .UNSPECIFIED.);
#550=B_SPLINE_CURVE_WITH_KNOTS('',3,(#10807,#10808,#10809,#10810),
 .UNSPECIFIED.,.F.,.F.,(4,4),(1.52394958144056E-12,0.000104084211654387),
 .UNSPECIFIED.);
#551=B_SPLINE_CURVE_WITH_KNOTS('',3,(#10815,#10816,#10817,#10818),
 .UNSPECIFIED.,.F.,.F.,(4,4),(5.76620094183288E-12,0.000103044635172081),
 .UNSPECIFIED.);
#552=B_SPLINE_CURVE_WITH_KNOTS('',3,(#10822,#10823,#10824,#10825),
 .UNSPECIFIED.,.F.,.F.,(4,4),(4.49269267644417E-15,0.000103849947694493),
 .UNSPECIFIED.);
#553=B_SPLINE_CURVE_WITH_KNOTS('',3,(#10830,#10831,#10832,#10833),
 .UNSPECIFIED.,.F.,.F.,(4,4),(6.60368775250414E-12,0.000102772729410504),
 .UNSPECIFIED.);
#554=B_SPLINE_CURVE_WITH_KNOTS('',3,(#10837,#10838,#10839,#10840),
 .UNSPECIFIED.,.F.,.F.,(4,4),(4.60383583648257E-15,0.000103578653935264),
 .UNSPECIFIED.);
#555=B_SPLINE_CURVE_WITH_KNOTS('',3,(#10845,#10846,#10847,#10848),
 .UNSPECIFIED.,.F.,.F.,(4,4),(7.38620609090633E-12,0.000102547588223143),
 .UNSPECIFIED.);
#556=B_SPLINE_CURVE_WITH_KNOTS('',3,(#10852,#10853,#10854,#10855),
 .UNSPECIFIED.,.F.,.F.,(4,4),(4.67240740107963E-15,0.000103361916336879),
 .UNSPECIFIED.);
#557=B_SPLINE_CURVE_WITH_KNOTS('',3,(#10860,#10861,#10862,#10863),
 .UNSPECIFIED.,.F.,.F.,(4,4),(7.95027698958337E-12,0.000102396262152909),
 .UNSPECIFIED.);
#558=B_SPLINE_CURVE_WITH_KNOTS('',3,(#10867,#10868,#10869,#10870),
 .UNSPECIFIED.,.F.,.F.,(4,4),(4.70045533529173E-15,0.000103225748088875),
 .UNSPECIFIED.);
#559=B_SPLINE_CURVE_WITH_KNOTS('',3,(#10875,#10876,#10877,#10878),
 .UNSPECIFIED.,.F.,.F.,(4,4),(5.65022970634111E-12,0.000102344362428627),
 .UNSPECIFIED.);
#560=B_SPLINE_CURVE_WITH_KNOTS('',3,(#10882,#10883,#10884,#10885),
 .UNSPECIFIED.,.F.,.F.,(4,4),(4.83360704670077E-15,0.00010318404957128),
 .UNSPECIFIED.);
#561=B_SPLINE_CURVE_WITH_KNOTS('',3,(#10890,#10891,#10892,#10893),
 .UNSPECIFIED.,.F.,.F.,(4,4),(5.64407029432133E-12,0.00010238398266576),
 .UNSPECIFIED.);
#562=B_SPLINE_CURVE_WITH_KNOTS('',3,(#10897,#10898,#10899,#10900),
 .UNSPECIFIED.,.F.,.F.,(4,4),(4.78823903151857E-15,0.000103246412805101),
 .UNSPECIFIED.);
#563=B_SPLINE_CURVE_WITH_KNOTS('',3,(#10905,#10906,#10907,#10908),
 .UNSPECIFIED.,.F.,.F.,(4,4),(5.62433692303064E-12,0.000102517682674877),
 .UNSPECIFIED.);
#564=B_SPLINE_CURVE_WITH_KNOTS('',3,(#10912,#10913,#10914,#10915),
 .UNSPECIFIED.,.F.,.F.,(4,4),(4.71291517987389E-15,0.000103402961593487),
 .UNSPECIFIED.);
#565=B_SPLINE_CURVE_WITH_KNOTS('',3,(#10920,#10921,#10922,#10923),
 .UNSPECIFIED.,.F.,.F.,(4,4),(5.58790336954805E-12,0.000102729412215553),
 .UNSPECIFIED.);
#566=B_SPLINE_CURVE_WITH_KNOTS('',3,(#10927,#10928,#10929,#10930),
 .UNSPECIFIED.,.F.,.F.,(4,4),(4.59885401473108E-15,0.000103634930126086),
 .UNSPECIFIED.);
#567=B_SPLINE_CURVE_WITH_KNOTS('',3,(#10935,#10936,#10937,#10938),
 .UNSPECIFIED.,.F.,.F.,(4,4),(5.54362992124399E-12,0.000102993740244055),
 .UNSPECIFIED.);
#568=B_SPLINE_CURVE_WITH_KNOTS('',3,(#10942,#10943,#10944,#10945),
 .UNSPECIFIED.,.F.,.F.,(4,4),(4.50362312532518E-15,0.000103914462313661),
 .UNSPECIFIED.);
#569=B_SPLINE_CURVE_WITH_KNOTS('',3,(#10950,#10951,#10952,#10953),
 .UNSPECIFIED.,.F.,.F.,(4,4),(1.82981606479963E-14,0.000103129366951487),
 .UNSPECIFIED.);
#570=B_SPLINE_CURVE_WITH_KNOTS('',3,(#10957,#10958,#10959,#10960),
 .UNSPECIFIED.,.F.,.F.,(4,4),(2.59046699343685E-12,0.000104119890826588),
 .UNSPECIFIED.);
#571=B_SPLINE_CURVE_WITH_KNOTS('',3,(#10965,#10966,#10967,#10968),
 .UNSPECIFIED.,.F.,.F.,(4,4),(5.29190022698663E-12,0.000103363665746126),
 .UNSPECIFIED.);
#572=B_SPLINE_CURVE_WITH_KNOTS('',3,(#10972,#10973,#10974,#10975),
 .UNSPECIFIED.,.F.,.F.,(4,4),(0.,0.00010425641244488),.UNSPECIFIED.);
#573=B_SPLINE_CURVE_WITH_KNOTS('',3,(#10980,#10981,#10982,#10983),
 .UNSPECIFIED.,.F.,.F.,(4,4),(5.68386600084218E-12,0.000103661015290577),
 .UNSPECIFIED.);
#574=B_SPLINE_CURVE_WITH_KNOTS('',3,(#10987,#10988,#10989,#10990),
 .UNSPECIFIED.,.F.,.F.,(4,4),(0.,0.000104098247275215),.UNSPECIFIED.);
#575=B_SPLINE_CURVE_WITH_KNOTS('',3,(#10995,#10996,#10997,#10998),
 .UNSPECIFIED.,.F.,.F.,(4,4),(5.85754971015544E-12,0.00010378311194636),
 .UNSPECIFIED.);
#576=B_SPLINE_CURVE_WITH_KNOTS('',3,(#11002,#11003,#11004,#11005),
 .UNSPECIFIED.,.F.,.F.,(4,4),(0.,0.000104650760740215),.UNSPECIFIED.);
#577=B_SPLINE_CURVE_WITH_KNOTS('',3,(#11011,#11012,#11013,#11014),
 .UNSPECIFIED.,.F.,.F.,(4,4),(0.,0.053965609896459),.UNSPECIFIED.);
#578=B_SPLINE_CURVE_WITH_KNOTS('',3,(#11018,#11019,#11020,#11021),
 .UNSPECIFIED.,.F.,.F.,(4,4),(0.946033922315653,1.),.UNSPECIFIED.);
#579=B_SPLINE_CURVE_WITH_KNOTS('',3,(#11026,#11027,#11028,#11029),
 .UNSPECIFIED.,.F.,.F.,(4,4),(0.,0.0539656098964496),.UNSPECIFIED.);
#580=B_SPLINE_CURVE_WITH_KNOTS('',3,(#11033,#11034,#11035,#11036),
 .UNSPECIFIED.,.F.,.F.,(4,4),(0.946033922315658,1.),.UNSPECIFIED.);
#581=B_SPLINE_CURVE_WITH_KNOTS('',3,(#11041,#11042,#11043,#11044,#11045,
#11046,#11047),.UNSPECIFIED.,.F.,.F.,(4,3,4),(0.,0.0539656098964464,0.0545052659954109),
 .PIECEWISE_BEZIER_KNOTS.);
#582=B_SPLINE_CURVE_WITH_KNOTS('',3,(#11051,#11052,#11053,#11054,#11055,
#11056,#11057,#11058,#11059,#11060),.UNSPECIFIED.,.F.,.F.,(4,3,3,4),(0.945494261538807,
0.946033922315651,1.,1.00054505738461),.PIECEWISE_BEZIER_KNOTS.);
#583=B_SPLINE_CURVE_WITH_KNOTS('',3,(#11066,#11067,#11068,#11069),
 .UNSPECIFIED.,.F.,.F.,(4,4),(0.,0.000103337744233341),.UNSPECIFIED.);
#584=B_SPLINE_CURVE_WITH_KNOTS('',3,(#11073,#11074,#11075,#11076),
 .UNSPECIFIED.,.F.,.F.,(4,4),(0.,0.000104230744459258),.UNSPECIFIED.);
#585=B_SPLINE_CURVE_WITH_KNOTS('',3,(#11081,#11082,#11083,#11084,#11085,
#11086,#11087,#11088,#11089,#11090),.UNSPECIFIED.,.F.,.F.,(4,3,3,4),(-0.000539656098964494,
0.,0.0539656098964494,0.0545106625564035),.PIECEWISE_BEZIER_KNOTS.);
#586=B_SPLINE_CURVE_WITH_KNOTS('',3,(#11094,#11095,#11096,#11097,#11098,
#11099,#11100),.UNSPECIFIED.,.F.,.F.,(4,3,4),(0.945494261538829,0.946033922315672,
1.),.PIECEWISE_BEZIER_KNOTS.);
#587=B_SPLINE_CURVE_WITH_KNOTS('',3,(#11105,#11106,#11107,#11108),
 .UNSPECIFIED.,.F.,.F.,(4,4),(0.,0.0539656098964481),.UNSPECIFIED.);
#588=B_SPLINE_CURVE_WITH_KNOTS('',3,(#11112,#11113,#11114,#11115),
 .UNSPECIFIED.,.F.,.F.,(4,4),(0.946033922315672,1.),.UNSPECIFIED.);
#589=B_SPLINE_CURVE_WITH_KNOTS('',3,(#11120,#11121,#11122,#11123),
 .UNSPECIFIED.,.F.,.F.,(4,4),(0.,0.053965609896431),.UNSPECIFIED.);
#590=B_SPLINE_CURVE_WITH_KNOTS('',3,(#11127,#11128,#11129,#11130),
 .UNSPECIFIED.,.F.,.F.,(4,4),(0.946033922315651,1.),.UNSPECIFIED.);
#591=B_SPLINE_CURVE_WITH_KNOTS('',3,(#11160,#11161,#11162,#11163),
 .UNSPECIFIED.,.F.,.F.,(4,4),(7.72442118572766E-16,6.90434098543544E-5),
 .UNSPECIFIED.);
#592=B_SPLINE_CURVE_WITH_KNOTS('',3,(#11167,#11168,#11169,#11170),
 .UNSPECIFIED.,.F.,.F.,(4,4),(3.96819611692454E-10,0.000334954518336707),
 .UNSPECIFIED.);
#593=B_SPLINE_CURVE_WITH_KNOTS('',3,(#11174,#11175,#11176,#11177),
 .UNSPECIFIED.,.F.,.F.,(4,4),(3.10083497851645E-14,8.4511976884076E-5),
 .UNSPECIFIED.);
#594=B_SPLINE_CURVE_WITH_KNOTS('',3,(#11204,#11205,#11206,#11207),
 .UNSPECIFIED.,.F.,.F.,(4,4),(2.02487636552658E-17,0.000387316849736452),
 .UNSPECIFIED.);
#595=B_SPLINE_CURVE_WITH_KNOTS('',3,(#11211,#11212,#11213,#11214),
 .UNSPECIFIED.,.F.,.F.,(4,4),(5.85469173142172E-18,0.000387316849736468),
 .UNSPECIFIED.);
#596=B_SPLINE_CURVE_WITH_KNOTS('',3,(#11218,#11219,#11220,#11221),
 .UNSPECIFIED.,.F.,.F.,(4,4),(2.2634651706231E-17,0.000504426705488154),
 .UNSPECIFIED.);
#597=B_SPLINE_CURVE_WITH_KNOTS('',3,(#11225,#11226,#11227,#11228),
 .UNSPECIFIED.,.F.,.F.,(4,4),(8.40168759932841E-15,9.90938350757454E-5),
 .UNSPECIFIED.);
#598=B_SPLINE_CURVE_WITH_KNOTS('',3,(#11234,#11235,#11236,#11237),
 .UNSPECIFIED.,.F.,.F.,(4,4),(8.24284394230472E-16,7.62960483485893E-5),
 .UNSPECIFIED.);
#599=B_SPLINE_CURVE_WITH_KNOTS('',3,(#11241,#11242,#11243,#11244),
 .UNSPECIFIED.,.F.,.F.,(4,4),(4.47343445558316E-17,0.000314135009082764),
 .UNSPECIFIED.);
#600=B_SPLINE_CURVE_WITH_KNOTS('',3,(#11248,#11249,#11250,#11251),
 .UNSPECIFIED.,.F.,.F.,(4,4),(5.18474721372042E-14,7.44057086524421E-5),
 .UNSPECIFIED.);
#601=B_SPLINE_CURVE_WITH_KNOTS('',3,(#11274,#11275,#11276,#11277),
 .UNSPECIFIED.,.F.,.F.,(4,4),(0.,3.76170154724651E-5),.UNSPECIFIED.);
#602=B_SPLINE_CURVE_WITH_KNOTS('',3,(#11279,#11280,#11281,#11282),
 .UNSPECIFIED.,.F.,.F.,(4,4),(9.24385888490964E-14,7.44274168711321E-5),
 .UNSPECIFIED.);
#603=B_SPLINE_CURVE_WITH_KNOTS('',3,(#11288,#11289,#11290,#11291),
 .UNSPECIFIED.,.F.,.F.,(4,4),(7.79746262870169E-16,9.65573445263531E-5),
 .UNSPECIFIED.);
#604=B_SPLINE_CURVE_WITH_KNOTS('',3,(#11295,#11296,#11297,#11298),
 .UNSPECIFIED.,.F.,.F.,(4,4),(3.30309981178168E-17,0.000481881765349153),
 .UNSPECIFIED.);
#605=B_SPLINE_CURVE_WITH_KNOTS('',3,(#11302,#11303,#11304,#11305),
 .UNSPECIFIED.,.F.,.F.,(4,4),(1.52050190050139E-14,0.0001796108998643),
 .UNSPECIFIED.);
#606=B_SPLINE_CURVE_WITH_KNOTS('',3,(#11339,#11340,#11341,#11342),
 .UNSPECIFIED.,.F.,.F.,(4,4),(5.77861002763574E-16,7.94431108299155E-5),
 .UNSPECIFIED.);
#607=B_SPLINE_CURVE_WITH_KNOTS('',3,(#11346,#11347,#11348,#11349),
 .UNSPECIFIED.,.F.,.F.,(4,4),(3.98204404190717E-15,0.000350512902001262),
 .UNSPECIFIED.);
#608=B_SPLINE_CURVE_WITH_KNOTS('',3,(#11353,#11354,#11355,#11356),
 .UNSPECIFIED.,.F.,.F.,(4,4),(4.57807718093737E-14,8.12031736387491E-5),
 .UNSPECIFIED.);
#609=B_SPLINE_CURVE_WITH_KNOTS('',3,(#11385,#11386,#11387,#11388,#11389,
#11390,#11391,#11392,#11393),.UNSPECIFIED.,.F.,.F.,(4,1,1,3,4),(0.940314714580717,
0.945713265403072,0.999698773626624,1.00424823953157,1.00509732444898),
 .UNSPECIFIED.);
#610=B_SPLINE_CURVE_WITH_KNOTS('',3,(#11402,#11403,#11404,#11405,#11406,
#11407,#11408,#11409,#11410),.UNSPECIFIED.,.F.,.F.,(4,3,1,1,4),(-0.00506853287480067,
-0.00431246505095844,0.000287157728838348,0.0538440637652285,0.0591997543688675),
 .UNSPECIFIED.);
#611=B_SPLINE_CURVE_WITH_KNOTS('',3,(#11419,#11420,#11421,#11422,#11423,
#11424,#11425,#11426,#11427),.UNSPECIFIED.,.F.,.F.,(4,1,1,3,4),(0.940312301364024,
0.945713129574758,0.999721411682095,1.00427086315526,1.00512223989283),
 .UNSPECIFIED.);
#612=B_SPLINE_CURVE_WITH_KNOTS('',3,(#11436,#11437,#11438,#11439),
 .UNSPECIFIED.,.F.,.F.,(4,4),(4.58757192144279E-15,0.000111909918241177),
 .UNSPECIFIED.);
#613=B_SPLINE_CURVE_WITH_KNOTS('',3,(#11448,#11449,#11450,#11451),
 .UNSPECIFIED.,.F.,.F.,(4,4),(0.,0.000120409434041855),.UNSPECIFIED.);
#614=B_SPLINE_CURVE_WITH_KNOTS('',3,(#11524,#11525,#11526,#11527),
 .UNSPECIFIED.,.F.,.F.,(4,4),(1.30922788333607E-16,0.000203336389017483),
 .UNSPECIFIED.);
#615=B_SPLINE_CURVE_WITH_KNOTS('',3,(#11536,#11537,#11538,#11539),
 .UNSPECIFIED.,.F.,.F.,(4,4),(2.4532694666934E-18,0.000139959623541961),
 .UNSPECIFIED.);
#616=B_SPLINE_CURVE_WITH_KNOTS('',3,(#11548,#11549,#11550,#11551),
 .UNSPECIFIED.,.F.,.F.,(4,4),(3.62303964610025E-16,0.000104878597029897),
 .UNSPECIFIED.);
#617=B_SPLINE_CURVE_WITH_KNOTS('',3,(#11600,#11601,#11602,#11603),
 .UNSPECIFIED.,.F.,.F.,(4,4),(3.10898068639762E-16,0.000104895103146949),
 .UNSPECIFIED.);
#618=B_SPLINE_CURVE_WITH_KNOTS('',3,(#11612,#11613,#11614,#11615),
 .UNSPECIFIED.,.F.,.F.,(4,4),(3.83311087627242E-17,0.000105575569241304),
 .UNSPECIFIED.);
#619=B_SPLINE_CURVE_WITH_KNOTS('',3,(#11624,#11625,#11626,#11627),
 .UNSPECIFIED.,.F.,.F.,(4,4),(9.59013441033731E-18,0.000144101423692357),
 .UNSPECIFIED.);
#620=B_SPLINE_CURVE_WITH_KNOTS('',3,(#11636,#11637,#11638,#11639),
 .UNSPECIFIED.,.F.,.F.,(4,4),(8.26603017376761E-17,0.000239604575563956),
 .UNSPECIFIED.);
#621=B_SPLINE_CURVE_WITH_KNOTS('',3,(#11696,#11697,#11698,#11699),
 .UNSPECIFIED.,.F.,.F.,(4,4),(3.73812945132876E-15,0.000113749810652931),
 .UNSPECIFIED.);
#622=B_SPLINE_CURVE_WITH_KNOTS('',3,(#11708,#11709,#11710,#11711),
 .UNSPECIFIED.,.F.,.F.,(4,4),(4.52834370612799E-15,0.000107546781921453),
 .UNSPECIFIED.);
#623=B_SPLINE_CURVE_WITH_KNOTS('',3,(#11720,#11721,#11722,#11723,#11724,
#11725,#11726,#11727,#11728),.UNSPECIFIED.,.F.,.F.,(4,3,1,1,4),(-0.00512162337362809,
-0.00427025514139521,0.000279193337351131,0.0542873604471433,0.0596881771581225),
 .UNSPECIFIED.);
#624=B_SPLINE_CURVE_WITH_KNOTS('',3,(#11737,#11738,#11739,#11740,#11741,
#11742,#11743,#11744,#11745),.UNSPECIFIED.,.F.,.F.,(4,1,1,3,4),(0.94080125822066,
0.946156814502687,0.999712377322957,1.00431205250868,1.00506793360498),
 .UNSPECIFIED.);
#625=B_SPLINE_CURVE_WITH_KNOTS('',3,(#11754,#11755,#11756,#11757,#11758,
#11759,#11760,#11761,#11762),.UNSPECIFIED.,.F.,.F.,(4,3,1,1,4),(-0.00505233706229032,
-0.00429912226530809,0.000301301032245351,0.0538376819776021,0.0591913200721378),
 .UNSPECIFIED.);
#626=LINE('',#6761,#884);
#627=LINE('',#6765,#885);
#628=LINE('',#6915,#886);
#629=LINE('',#6919,#887);
#630=LINE('',#7288,#888);
#631=LINE('',#7300,#889);
#632=LINE('',#7319,#890);
#633=LINE('',#7331,#891);
#634=LINE('',#7350,#892);
#635=LINE('',#7358,#893);
#636=LINE('',#7387,#894);
#637=LINE('',#7399,#895);
#638=LINE('',#7430,#896);
#639=LINE('',#7442,#897);
#640=LINE('',#7461,#898);
#641=LINE('',#7477,#899);
#642=LINE('',#7506,#900);
#643=LINE('',#7514,#901);
#644=LINE('',#7549,#902);
#645=LINE('',#7561,#903);
#646=LINE('',#7595,#904);
#647=LINE('',#7607,#905);
#648=LINE('',#7641,#906);
#649=LINE('',#7653,#907);
#650=LINE('',#7687,#908);
#651=LINE('',#7699,#909);
#652=LINE('',#7733,#910);
#653=LINE('',#7745,#911);
#654=LINE('',#7764,#912);
#655=LINE('',#7772,#913);
#656=LINE('',#7816,#914);
#657=LINE('',#7828,#915);
#658=LINE('',#7847,#916);
#659=LINE('',#7855,#917);
#660=LINE('',#7890,#918);
#661=LINE('',#7902,#919);
#662=LINE('',#7921,#920);
#663=LINE('',#7936,#921);
#664=LINE('',#7965,#922);
#665=LINE('',#7977,#923);
#666=LINE('',#8002,#924);
#667=LINE('',#8014,#925);
#668=LINE('',#8033,#926);
#669=LINE('',#8045,#927);
#670=LINE('',#8064,#928);
#671=LINE('',#8076,#929);
#672=LINE('',#8078,#930);
#673=LINE('',#8082,#931);
#674=LINE('',#8086,#932);
#675=LINE('',#8088,#933);
#676=LINE('',#8092,#934);
#677=LINE('',#8094,#935);
#678=LINE('',#8098,#936);
#679=LINE('',#8107,#937);
#680=LINE('',#8111,#938);
#681=LINE('',#8119,#939);
#682=LINE('',#8123,#940);
#683=LINE('',#8132,#941);
#684=LINE('',#8140,#942);
#685=LINE('',#8144,#943);
#686=LINE('',#8158,#944);
#687=LINE('',#8162,#945);
#688=LINE('',#8170,#946);
#689=LINE('',#8174,#947);
#690=LINE('',#8185,#948);
#691=LINE('',#8189,#949);
#692=LINE('',#8194,#950);
#693=LINE('',#8198,#951);
#694=LINE('',#8206,#952);
#695=LINE('',#8210,#953);
#696=LINE('',#8215,#954);
#697=LINE('',#8219,#955);
#698=LINE('',#8227,#956);
#699=LINE('',#8231,#957);
#700=LINE('',#8241,#958);
#701=LINE('',#8245,#959);
#702=LINE('',#8259,#960);
#703=LINE('',#8263,#961);
#704=LINE('',#8271,#962);
#705=LINE('',#8275,#963);
#706=LINE('',#8289,#964);
#707=LINE('',#8293,#965);
#708=LINE('',#8301,#966);
#709=LINE('',#8305,#967);
#710=LINE('',#8314,#968);
#711=LINE('',#8318,#969);
#712=LINE('',#8320,#970);
#713=LINE('',#8324,#971);
#714=LINE('',#8328,#972);
#715=LINE('',#8608,#973);
#716=LINE('',#9210,#974);
#717=LINE('',#9228,#975);
#718=LINE('',#9272,#976);
#719=LINE('',#9284,#977);
#720=LINE('',#9309,#978);
#721=LINE('',#9321,#979);
#722=LINE('',#9340,#980);
#723=LINE('',#9358,#981);
#724=LINE('',#9389,#982);
#725=LINE('',#9401,#983);
#726=LINE('',#9413,#984);
#727=LINE('',#9432,#985);
#728=LINE('',#9439,#986);
#729=LINE('',#9470,#987);
#730=LINE('',#9482,#988);
#731=LINE('',#9494,#989);
#732=LINE('',#9515,#990);
#733=LINE('',#9527,#991);
#734=LINE('',#9539,#992);
#735=LINE('',#9560,#993);
#736=LINE('',#9572,#994);
#737=LINE('',#9584,#995);
#738=LINE('',#9603,#996);
#739=LINE('',#9615,#997);
#740=LINE('',#9627,#998);
#741=LINE('',#9648,#999);
#742=LINE('',#9660,#1000);
#743=LINE('',#9672,#1001);
#744=LINE('',#9693,#1002);
#745=LINE('',#9705,#1003);
#746=LINE('',#9717,#1004);
#747=LINE('',#9741,#1005);
#748=LINE('',#9753,#1006);
#749=LINE('',#9774,#1007);
#750=LINE('',#9786,#1008);
#751=LINE('',#9798,#1009);
#752=LINE('',#9823,#1010);
#753=LINE('',#9835,#1011);
#754=LINE('',#9854,#1012);
#755=LINE('',#9862,#1013);
#756=LINE('',#9891,#1014);
#757=LINE('',#9903,#1015);
#758=LINE('',#9922,#1016);
#759=LINE('',#9924,#1017);
#760=LINE('',#9953,#1018);
#761=LINE('',#9965,#1019);
#762=LINE('',#9984,#1020);
#763=LINE('',#9986,#1021);
#764=LINE('',#10021,#1022);
#765=LINE('',#10033,#1023);
#766=LINE('',#10052,#1024);
#767=LINE('',#10054,#1025);
#768=LINE('',#10089,#1026);
#769=LINE('',#10101,#1027);
#770=LINE('',#10120,#1028);
#771=LINE('',#10128,#1029);
#772=LINE('',#10159,#1030);
#773=LINE('',#10171,#1031);
#774=LINE('',#10183,#1032);
#775=LINE('',#10204,#1033);
#776=LINE('',#10216,#1034);
#777=LINE('',#10228,#1035);
#778=LINE('',#10249,#1036);
#779=LINE('',#10261,#1037);
#780=LINE('',#10273,#1038);
#781=LINE('',#10294,#1039);
#782=LINE('',#10306,#1040);
#783=LINE('',#10318,#1041);
#784=LINE('',#10339,#1042);
#785=LINE('',#10351,#1043);
#786=LINE('',#10363,#1044);
#787=LINE('',#10382,#1045);
#788=LINE('',#10394,#1046);
#789=LINE('',#10406,#1047);
#790=LINE('',#10431,#1048);
#791=LINE('',#10443,#1049);
#792=LINE('',#10464,#1050);
#793=LINE('',#10476,#1051);
#794=LINE('',#10488,#1052);
#795=LINE('',#10522,#1053);
#796=LINE('',#10534,#1054);
#797=LINE('',#10553,#1055);
#798=LINE('',#10561,#1056);
#799=LINE('',#10605,#1057);
#800=LINE('',#10617,#1058);
#801=LINE('',#10636,#1059);
#802=LINE('',#10654,#1060);
#803=LINE('',#11136,#1061);
#804=LINE('',#11140,#1062);
#805=LINE('',#11145,#1063);
#806=LINE('',#11146,#1064);
#807=LINE('',#11151,#1065);
#808=LINE('',#11152,#1066);
#809=LINE('',#11156,#1067);
#810=LINE('',#11158,#1068);
#811=LINE('',#11165,#1069);
#812=LINE('',#11172,#1070);
#813=LINE('',#11179,#1071);
#814=LINE('',#11181,#1072);
#815=LINE('',#11183,#1073);
#816=LINE('',#11184,#1074);
#817=LINE('',#11186,#1075);
#818=LINE('',#11188,#1076);
#819=LINE('',#11190,#1077);
#820=LINE('',#11191,#1078);
#821=LINE('',#11193,#1079);
#822=LINE('',#11195,#1080);
#823=LINE('',#11197,#1081);
#824=LINE('',#11198,#1082);
#825=LINE('',#11200,#1083);
#826=LINE('',#11202,#1084);
#827=LINE('',#11209,#1085);
#828=LINE('',#11216,#1086);
#829=LINE('',#11223,#1087);
#830=LINE('',#11230,#1088);
#831=LINE('',#11232,#1089);
#832=LINE('',#11239,#1090);
#833=LINE('',#11246,#1091);
#834=LINE('',#11253,#1092);
#835=LINE('',#11255,#1093);
#836=LINE('',#11257,#1094);
#837=LINE('',#11258,#1095);
#838=LINE('',#11260,#1096);
#839=LINE('',#11262,#1097);
#840=LINE('',#11264,#1098);
#841=LINE('',#11265,#1099);
#842=LINE('',#11267,#1100);
#843=LINE('',#11269,#1101);
#844=LINE('',#11271,#1102);
#845=LINE('',#11272,#1103);
#846=LINE('',#11284,#1104);
#847=LINE('',#11286,#1105);
#848=LINE('',#11293,#1106);
#849=LINE('',#11300,#1107);
#850=LINE('',#11307,#1108);
#851=LINE('',#11309,#1109);
#852=LINE('',#11311,#1110);
#853=LINE('',#11312,#1111);
#854=LINE('',#11314,#1112);
#855=LINE('',#11316,#1113);
#856=LINE('',#11318,#1114);
#857=LINE('',#11319,#1115);
#858=LINE('',#11321,#1116);
#859=LINE('',#11323,#1117);
#860=LINE('',#11325,#1118);
#861=LINE('',#11326,#1119);
#862=LINE('',#11328,#1120);
#863=LINE('',#11330,#1121);
#864=LINE('',#11332,#1122);
#865=LINE('',#11333,#1123);
#866=LINE('',#11335,#1124);
#867=LINE('',#11337,#1125);
#868=LINE('',#11344,#1126);
#869=LINE('',#11351,#1127);
#870=LINE('',#11358,#1128);
#871=LINE('',#11362,#1129);
#872=LINE('',#11367,#1130);
#873=LINE('',#11368,#1131);
#874=LINE('',#11372,#1132);
#875=LINE('',#11376,#1133);
#876=LINE('',#11764,#1134);
#877=LINE('',#11765,#1135);
#878=LINE('',#11767,#1136);
#879=LINE('',#11768,#1137);
#880=LINE('',#11770,#1138);
#881=LINE('',#11771,#1139);
#882=LINE('',#11773,#1140);
#883=LINE('',#11774,#1141);
#884=VECTOR('',#5708,1.);
#885=VECTOR('',#5711,1.);
#886=VECTOR('',#5736,1.);
#887=VECTOR('',#5739,1.);
#888=VECTOR('',#5812,1.);
#889=VECTOR('',#5813,1.);
#890=VECTOR('',#5814,1.);
#891=VECTOR('',#5815,1.);
#892=VECTOR('',#5816,1.);
#893=VECTOR('',#5817,1.);
#894=VECTOR('',#5818,1.);
#895=VECTOR('',#5819,1.);
#896=VECTOR('',#5820,1.);
#897=VECTOR('',#5821,1.);
#898=VECTOR('',#5822,1.);
#899=VECTOR('',#5823,1.);
#900=VECTOR('',#5824,1.);
#901=VECTOR('',#5825,1.);
#902=VECTOR('',#5826,1.);
#903=VECTOR('',#5827,1.);
#904=VECTOR('',#5828,1.);
#905=VECTOR('',#5829,1.);
#906=VECTOR('',#5830,1.);
#907=VECTOR('',#5831,1.);
#908=VECTOR('',#5832,1.);
#909=VECTOR('',#5833,1.);
#910=VECTOR('',#5834,1.);
#911=VECTOR('',#5835,1.);
#912=VECTOR('',#5836,1.);
#913=VECTOR('',#5837,1.);
#914=VECTOR('',#5838,1.);
#915=VECTOR('',#5839,1.);
#916=VECTOR('',#5840,1.);
#917=VECTOR('',#5841,1.);
#918=VECTOR('',#5842,1.);
#919=VECTOR('',#5843,1.);
#920=VECTOR('',#5844,1.);
#921=VECTOR('',#5845,1.);
#922=VECTOR('',#5846,1.);
#923=VECTOR('',#5847,1.);
#924=VECTOR('',#5848,1.);
#925=VECTOR('',#5849,1.);
#926=VECTOR('',#5850,1.);
#927=VECTOR('',#5851,1.);
#928=VECTOR('',#5852,1.);
#929=VECTOR('',#5853,1.);
#930=VECTOR('',#5856,1.);
#931=VECTOR('',#5861,1.);
#932=VECTOR('',#5866,1.);
#933=VECTOR('',#5867,1.);
#934=VECTOR('',#5872,1.);
#935=VECTOR('',#5873,1.);
#936=VECTOR('',#5878,1.);
#937=VECTOR('',#5883,1.);
#938=VECTOR('',#5888,1.);
#939=VECTOR('',#5889,1.);
#940=VECTOR('',#5894,1.);
#941=VECTOR('',#5899,1.);
#942=VECTOR('',#5900,1.);
#943=VECTOR('',#5905,1.);
#944=VECTOR('',#5910,1.);
#945=VECTOR('',#5915,1.);
#946=VECTOR('',#5916,1.);
#947=VECTOR('',#5921,1.);
#948=VECTOR('',#5928,1.);
#949=VECTOR('',#5933,1.);
#950=VECTOR('',#5936,1.);
#951=VECTOR('',#5941,1.);
#952=VECTOR('',#5950,1.);
#953=VECTOR('',#5955,1.);
#954=VECTOR('',#5958,1.);
#955=VECTOR('',#5963,1.);
#956=VECTOR('',#5972,1.);
#957=VECTOR('',#5977,1.);
#958=VECTOR('',#5980,1.);
#959=VECTOR('',#5985,1.);
#960=VECTOR('',#5990,1.);
#961=VECTOR('',#5995,1.);
#962=VECTOR('',#5996,1.);
#963=VECTOR('',#6001,1.);
#964=VECTOR('',#6006,1.);
#965=VECTOR('',#6011,1.);
#966=VECTOR('',#6012,1.);
#967=VECTOR('',#6017,1.);
#968=VECTOR('',#6022,1.);
#969=VECTOR('',#6027,1.);
#970=VECTOR('',#6028,1.);
#971=VECTOR('',#6033,1.);
#972=VECTOR('',#6038,1.);
#973=VECTOR('',#6041,1.);
#974=VECTOR('',#6146,1.);
#975=VECTOR('',#6147,1.);
#976=VECTOR('',#6148,1.);
#977=VECTOR('',#6149,1.);
#978=VECTOR('',#6150,1.);
#979=VECTOR('',#6151,1.);
#980=VECTOR('',#6152,1.);
#981=VECTOR('',#6153,1.);
#982=VECTOR('',#6154,1.);
#983=VECTOR('',#6155,1.);
#984=VECTOR('',#6156,1.);
#985=VECTOR('',#6157,1.);
#986=VECTOR('',#6158,1.);
#987=VECTOR('',#6159,1.);
#988=VECTOR('',#6160,1.);
#989=VECTOR('',#6161,1.);
#990=VECTOR('',#6162,1.);
#991=VECTOR('',#6163,1.);
#992=VECTOR('',#6164,1.);
#993=VECTOR('',#6165,1.);
#994=VECTOR('',#6166,1.);
#995=VECTOR('',#6167,1.);
#996=VECTOR('',#6168,1.);
#997=VECTOR('',#6169,1.);
#998=VECTOR('',#6170,1.);
#999=VECTOR('',#6171,1.);
#1000=VECTOR('',#6172,1.);
#1001=VECTOR('',#6173,1.);
#1002=VECTOR('',#6174,1.);
#1003=VECTOR('',#6175,1.);
#1004=VECTOR('',#6176,1.);
#1005=VECTOR('',#6177,1.);
#1006=VECTOR('',#6178,1.);
#1007=VECTOR('',#6179,1.);
#1008=VECTOR('',#6180,1.);
#1009=VECTOR('',#6181,1.);
#1010=VECTOR('',#6182,1.);
#1011=VECTOR('',#6183,1.);
#1012=VECTOR('',#6184,1.);
#1013=VECTOR('',#6185,1.);
#1014=VECTOR('',#6186,1.);
#1015=VECTOR('',#6187,1.);
#1016=VECTOR('',#6188,1.);
#1017=VECTOR('',#6189,1.);
#1018=VECTOR('',#6190,1.);
#1019=VECTOR('',#6191,1.);
#1020=VECTOR('',#6192,1.);
#1021=VECTOR('',#6193,1.);
#1022=VECTOR('',#6194,1.);
#1023=VECTOR('',#6195,1.);
#1024=VECTOR('',#6196,1.);
#1025=VECTOR('',#6197,1.);
#1026=VECTOR('',#6198,1.);
#1027=VECTOR('',#6199,1.);
#1028=VECTOR('',#6200,1.);
#1029=VECTOR('',#6201,1.);
#1030=VECTOR('',#6202,1.);
#1031=VECTOR('',#6203,1.);
#1032=VECTOR('',#6204,1.);
#1033=VECTOR('',#6205,1.);
#1034=VECTOR('',#6206,1.);
#1035=VECTOR('',#6207,1.);
#1036=VECTOR('',#6208,1.);
#1037=VECTOR('',#6209,1.);
#1038=VECTOR('',#6210,1.);
#1039=VECTOR('',#6211,1.);
#1040=VECTOR('',#6212,1.);
#1041=VECTOR('',#6213,1.);
#1042=VECTOR('',#6214,1.);
#1043=VECTOR('',#6215,1.);
#1044=VECTOR('',#6216,1.);
#1045=VECTOR('',#6217,1.);
#1046=VECTOR('',#6218,1.);
#1047=VECTOR('',#6219,1.);
#1048=VECTOR('',#6220,1.);
#1049=VECTOR('',#6221,1.);
#1050=VECTOR('',#6222,1.);
#1051=VECTOR('',#6223,1.);
#1052=VECTOR('',#6224,1.);
#1053=VECTOR('',#6225,1.);
#1054=VECTOR('',#6226,1.);
#1055=VECTOR('',#6227,1.);
#1056=VECTOR('',#6228,1.);
#1057=VECTOR('',#6229,1.);
#1058=VECTOR('',#6230,1.);
#1059=VECTOR('',#6231,1.);
#1060=VECTOR('',#6232,1.);
#1061=VECTOR('',#6537,1.);
#1062=VECTOR('',#6542,1.);
#1063=VECTOR('',#6547,1.);
#1064=VECTOR('',#6548,1.);
#1065=VECTOR('',#6553,1.);
#1066=VECTOR('',#6554,1.);
#1067=VECTOR('',#6559,1.);
#1068=VECTOR('',#6562,1.);
#1069=VECTOR('',#6565,1.);
#1070=VECTOR('',#6566,1.);
#1071=VECTOR('',#6569,1.);
#1072=VECTOR('',#6572,1.);
#1073=VECTOR('',#6575,1.);
#1074=VECTOR('',#6576,1.);
#1075=VECTOR('',#6579,1.);
#1076=VECTOR('',#6582,1.);
#1077=VECTOR('',#6585,1.);
#1078=VECTOR('',#6586,1.);
#1079=VECTOR('',#6589,1.);
#1080=VECTOR('',#6592,1.);
#1081=VECTOR('',#6595,1.);
#1082=VECTOR('',#6596,1.);
#1083=VECTOR('',#6599,1.);
#1084=VECTOR('',#6602,1.);
#1085=VECTOR('',#6603,1.);
#1086=VECTOR('',#6606,1.);
#1087=VECTOR('',#6607,1.);
#1088=VECTOR('',#6610,1.);
#1089=VECTOR('',#6613,1.);
#1090=VECTOR('',#6616,1.);
#1091=VECTOR('',#6617,1.);
#1092=VECTOR('',#6620,1.);
#1093=VECTOR('',#6623,1.);
#1094=VECTOR('',#6626,1.);
#1095=VECTOR('',#6627,1.);
#1096=VECTOR('',#6630,1.);
#1097=VECTOR('',#6633,1.);
#1098=VECTOR('',#6636,1.);
#1099=VECTOR('',#6637,1.);
#1100=VECTOR('',#6640,1.);
#1101=VECTOR('',#6643,1.);
#1102=VECTOR('',#6646,1.);
#1103=VECTOR('',#6647,1.);
#1104=VECTOR('',#6650,1.);
#1105=VECTOR('',#6653,1.);
#1106=VECTOR('',#6656,1.);
#1107=VECTOR('',#6657,1.);
#1108=VECTOR('',#6660,1.);
#1109=VECTOR('',#6663,1.);
#1110=VECTOR('',#6666,1.);
#1111=VECTOR('',#6667,1.);
#1112=VECTOR('',#6670,1.);
#1113=VECTOR('',#6673,1.);
#1114=VECTOR('',#6676,1.);
#1115=VECTOR('',#6677,1.);
#1116=VECTOR('',#6680,1.);
#1117=VECTOR('',#6683,1.);
#1118=VECTOR('',#6686,1.);
#1119=VECTOR('',#6687,1.);
#1120=VECTOR('',#6690,1.);
#1121=VECTOR('',#6693,1.);
#1122=VECTOR('',#6696,1.);
#1123=VECTOR('',#6697,1.);
#1124=VECTOR('',#6700,1.);
#1125=VECTOR('',#6703,1.);
#1126=VECTOR('',#6706,1.);
#1127=VECTOR('',#6707,1.);
#1128=VECTOR('',#6710,1.);
#1129=VECTOR('',#6715,1.);
#1130=VECTOR('',#6720,1.);
#1131=VECTOR('',#6721,1.);
#1132=VECTOR('',#6726,1.);
#1133=VECTOR('',#6731,1.);
#1134=VECTOR('',#6734,1.);
#1135=VECTOR('',#6735,1.);
#1136=VECTOR('',#6738,1.);
#1137=VECTOR('',#6739,1.);
#1138=VECTOR('',#6742,1.);
#1139=VECTOR('',#6743,1.);
#1140=VECTOR('',#6746,1.);
#1141=VECTOR('',#6747,1.);
#1142=ORIENTED_EDGE('',*,*,#2814,.T.);
#1143=ORIENTED_EDGE('',*,*,#2815,.T.);
#1144=ORIENTED_EDGE('',*,*,#2816,.F.);
#1145=ORIENTED_EDGE('',*,*,#2817,.T.);
#1146=ORIENTED_EDGE('',*,*,#2818,.F.);
#1147=ORIENTED_EDGE('',*,*,#2819,.F.);
#1148=ORIENTED_EDGE('',*,*,#2820,.T.);
#1149=ORIENTED_EDGE('',*,*,#2821,.F.);
#1150=ORIENTED_EDGE('',*,*,#2822,.T.);
#1151=ORIENTED_EDGE('',*,*,#2823,.F.);
#1152=ORIENTED_EDGE('',*,*,#2824,.T.);
#1153=ORIENTED_EDGE('',*,*,#2825,.F.);
#1154=ORIENTED_EDGE('',*,*,#2826,.F.);
#1155=ORIENTED_EDGE('',*,*,#2827,.F.);
#1156=ORIENTED_EDGE('',*,*,#2828,.T.);
#1157=ORIENTED_EDGE('',*,*,#2829,.F.);
#1158=ORIENTED_EDGE('',*,*,#2830,.T.);
#1159=ORIENTED_EDGE('',*,*,#2831,.F.);
#1160=ORIENTED_EDGE('',*,*,#2832,.T.);
#1161=ORIENTED_EDGE('',*,*,#2833,.F.);
#1162=ORIENTED_EDGE('',*,*,#2834,.F.);
#1163=ORIENTED_EDGE('',*,*,#2835,.F.);
#1164=ORIENTED_EDGE('',*,*,#2836,.T.);
#1165=ORIENTED_EDGE('',*,*,#2837,.F.);
#1166=ORIENTED_EDGE('',*,*,#2838,.T.);
#1167=ORIENTED_EDGE('',*,*,#2839,.T.);
#1168=ORIENTED_EDGE('',*,*,#2840,.T.);
#1169=ORIENTED_EDGE('',*,*,#2841,.T.);
#1170=ORIENTED_EDGE('',*,*,#2842,.T.);
#1171=ORIENTED_EDGE('',*,*,#2843,.T.);
#1172=ORIENTED_EDGE('',*,*,#2844,.F.);
#1173=ORIENTED_EDGE('',*,*,#2845,.T.);
#1174=ORIENTED_EDGE('',*,*,#2846,.F.);
#1175=ORIENTED_EDGE('',*,*,#2847,.T.);
#1176=ORIENTED_EDGE('',*,*,#2848,.F.);
#1177=ORIENTED_EDGE('',*,*,#2849,.T.);
#1178=ORIENTED_EDGE('',*,*,#2850,.T.);
#1179=ORIENTED_EDGE('',*,*,#2851,.T.);
#1180=ORIENTED_EDGE('',*,*,#2852,.F.);
#1181=ORIENTED_EDGE('',*,*,#2853,.T.);
#1182=ORIENTED_EDGE('',*,*,#2854,.F.);
#1183=ORIENTED_EDGE('',*,*,#2855,.T.);
#1184=ORIENTED_EDGE('',*,*,#2856,.F.);
#1185=ORIENTED_EDGE('',*,*,#2857,.T.);
#1186=ORIENTED_EDGE('',*,*,#2858,.T.);
#1187=ORIENTED_EDGE('',*,*,#2859,.T.);
#1188=ORIENTED_EDGE('',*,*,#2860,.F.);
#1189=ORIENTED_EDGE('',*,*,#2861,.T.);
#1190=ORIENTED_EDGE('',*,*,#2862,.F.);
#1191=ORIENTED_EDGE('',*,*,#2863,.T.);
#1192=ORIENTED_EDGE('',*,*,#2864,.F.);
#1193=ORIENTED_EDGE('',*,*,#2865,.T.);
#1194=ORIENTED_EDGE('',*,*,#2850,.F.);
#1195=ORIENTED_EDGE('',*,*,#2866,.F.);
#1196=ORIENTED_EDGE('',*,*,#2867,.T.);
#1197=ORIENTED_EDGE('',*,*,#2868,.F.);
#1198=ORIENTED_EDGE('',*,*,#2842,.F.);
#1199=ORIENTED_EDGE('',*,*,#2869,.T.);
#1200=ORIENTED_EDGE('',*,*,#2870,.F.);
#1201=ORIENTED_EDGE('',*,*,#2871,.T.);
#1202=ORIENTED_EDGE('',*,*,#2872,.F.);
#1203=ORIENTED_EDGE('',*,*,#2873,.F.);
#1204=ORIENTED_EDGE('',*,*,#2874,.T.);
#1205=ORIENTED_EDGE('',*,*,#2875,.F.);
#1206=ORIENTED_EDGE('',*,*,#2876,.T.);
#1207=ORIENTED_EDGE('',*,*,#2877,.F.);
#1208=ORIENTED_EDGE('',*,*,#2878,.F.);
#1209=ORIENTED_EDGE('',*,*,#2879,.T.);
#1210=ORIENTED_EDGE('',*,*,#2880,.F.);
#1211=ORIENTED_EDGE('',*,*,#2881,.T.);
#1212=ORIENTED_EDGE('',*,*,#2882,.F.);
#1213=ORIENTED_EDGE('',*,*,#2883,.F.);
#1214=ORIENTED_EDGE('',*,*,#2884,.T.);
#1215=ORIENTED_EDGE('',*,*,#2885,.F.);
#1216=ORIENTED_EDGE('',*,*,#2886,.F.);
#1217=ORIENTED_EDGE('',*,*,#2887,.F.);
#1218=ORIENTED_EDGE('',*,*,#2888,.T.);
#1219=ORIENTED_EDGE('',*,*,#2889,.F.);
#1220=ORIENTED_EDGE('',*,*,#2890,.F.);
#1221=ORIENTED_EDGE('',*,*,#2891,.T.);
#1222=ORIENTED_EDGE('',*,*,#2892,.F.);
#1223=ORIENTED_EDGE('',*,*,#2893,.T.);
#1224=ORIENTED_EDGE('',*,*,#2838,.F.);
#1225=ORIENTED_EDGE('',*,*,#2894,.F.);
#1226=ORIENTED_EDGE('',*,*,#2895,.T.);
#1227=ORIENTED_EDGE('',*,*,#2896,.F.);
#1228=ORIENTED_EDGE('',*,*,#2897,.T.);
#1229=ORIENTED_EDGE('',*,*,#2858,.F.);
#1230=ORIENTED_EDGE('',*,*,#2898,.F.);
#1231=ORIENTED_EDGE('',*,*,#2899,.T.);
#1232=ORIENTED_EDGE('',*,*,#2900,.F.);
#1233=ORIENTED_EDGE('',*,*,#2901,.F.);
#1234=ORIENTED_EDGE('',*,*,#2902,.F.);
#1235=ORIENTED_EDGE('',*,*,#2903,.T.);
#1236=ORIENTED_EDGE('',*,*,#2840,.F.);
#1237=ORIENTED_EDGE('',*,*,#2904,.T.);
#1238=ORIENTED_EDGE('',*,*,#2857,.F.);
#1239=ORIENTED_EDGE('',*,*,#2905,.T.);
#1240=ORIENTED_EDGE('',*,*,#2906,.T.);
#1241=ORIENTED_EDGE('',*,*,#2907,.T.);
#1242=ORIENTED_EDGE('',*,*,#2898,.T.);
#1243=ORIENTED_EDGE('',*,*,#2859,.F.);
#1244=ORIENTED_EDGE('',*,*,#2900,.T.);
#1245=ORIENTED_EDGE('',*,*,#2908,.T.);
#1246=ORIENTED_EDGE('',*,*,#2909,.T.);
#1247=ORIENTED_EDGE('',*,*,#2910,.F.);
#1248=ORIENTED_EDGE('',*,*,#2911,.F.);
#1249=ORIENTED_EDGE('',*,*,#2912,.T.);
#1250=ORIENTED_EDGE('',*,*,#2896,.T.);
#1251=ORIENTED_EDGE('',*,*,#2913,.T.);
#1252=ORIENTED_EDGE('',*,*,#2914,.T.);
#1253=ORIENTED_EDGE('',*,*,#2865,.F.);
#1254=ORIENTED_EDGE('',*,*,#2915,.T.);
#1255=ORIENTED_EDGE('',*,*,#2916,.T.);
#1256=ORIENTED_EDGE('',*,*,#2917,.T.);
#1257=ORIENTED_EDGE('',*,*,#2894,.T.);
#1258=ORIENTED_EDGE('',*,*,#2918,.T.);
#1259=ORIENTED_EDGE('',*,*,#2919,.T.);
#1260=ORIENTED_EDGE('',*,*,#2920,.T.);
#1261=ORIENTED_EDGE('',*,*,#2921,.T.);
#1262=ORIENTED_EDGE('',*,*,#2922,.T.);
#1263=ORIENTED_EDGE('',*,*,#2923,.F.);
#1264=ORIENTED_EDGE('',*,*,#2924,.T.);
#1265=ORIENTED_EDGE('',*,*,#2925,.T.);
#1266=ORIENTED_EDGE('',*,*,#2926,.T.);
#1267=ORIENTED_EDGE('',*,*,#2927,.T.);
#1268=ORIENTED_EDGE('',*,*,#2928,.F.);
#1269=ORIENTED_EDGE('',*,*,#2929,.T.);
#1270=ORIENTED_EDGE('',*,*,#2890,.T.);
#1271=ORIENTED_EDGE('',*,*,#2930,.T.);
#1272=ORIENTED_EDGE('',*,*,#2931,.T.);
#1273=ORIENTED_EDGE('',*,*,#2892,.T.);
#1274=ORIENTED_EDGE('',*,*,#2932,.T.);
#1275=ORIENTED_EDGE('',*,*,#2933,.T.);
#1276=ORIENTED_EDGE('',*,*,#2934,.T.);
#1277=ORIENTED_EDGE('',*,*,#2935,.T.);
#1278=ORIENTED_EDGE('',*,*,#2936,.F.);
#1279=ORIENTED_EDGE('',*,*,#2889,.T.);
#1280=ORIENTED_EDGE('',*,*,#2937,.T.);
#1281=ORIENTED_EDGE('',*,*,#2938,.T.);
#1282=ORIENTED_EDGE('',*,*,#2939,.F.);
#1283=ORIENTED_EDGE('',*,*,#2940,.F.);
#1284=ORIENTED_EDGE('',*,*,#2941,.T.);
#1285=ORIENTED_EDGE('',*,*,#2942,.T.);
#1286=ORIENTED_EDGE('',*,*,#2943,.T.);
#1287=ORIENTED_EDGE('',*,*,#2887,.T.);
#1288=ORIENTED_EDGE('',*,*,#2944,.F.);
#1289=ORIENTED_EDGE('',*,*,#2885,.T.);
#1290=ORIENTED_EDGE('',*,*,#2945,.T.);
#1291=ORIENTED_EDGE('',*,*,#2946,.T.);
#1292=ORIENTED_EDGE('',*,*,#2947,.F.);
#1293=ORIENTED_EDGE('',*,*,#2948,.F.);
#1294=ORIENTED_EDGE('',*,*,#2949,.T.);
#1295=ORIENTED_EDGE('',*,*,#2950,.T.);
#1296=ORIENTED_EDGE('',*,*,#2951,.T.);
#1297=ORIENTED_EDGE('',*,*,#2883,.T.);
#1298=ORIENTED_EDGE('',*,*,#2952,.F.);
#1299=ORIENTED_EDGE('',*,*,#2953,.T.);
#1300=ORIENTED_EDGE('',*,*,#2880,.T.);
#1301=ORIENTED_EDGE('',*,*,#2954,.T.);
#1302=ORIENTED_EDGE('',*,*,#2955,.T.);
#1303=ORIENTED_EDGE('',*,*,#2956,.F.);
#1304=ORIENTED_EDGE('',*,*,#2957,.T.);
#1305=ORIENTED_EDGE('',*,*,#2958,.T.);
#1306=ORIENTED_EDGE('',*,*,#2959,.T.);
#1307=ORIENTED_EDGE('',*,*,#2878,.T.);
#1308=ORIENTED_EDGE('',*,*,#2960,.F.);
#1309=ORIENTED_EDGE('',*,*,#2961,.T.);
#1310=ORIENTED_EDGE('',*,*,#2873,.T.);
#1311=ORIENTED_EDGE('',*,*,#2962,.T.);
#1312=ORIENTED_EDGE('',*,*,#2963,.T.);
#1313=ORIENTED_EDGE('',*,*,#2875,.T.);
#1314=ORIENTED_EDGE('',*,*,#2964,.T.);
#1315=ORIENTED_EDGE('',*,*,#2965,.T.);
#1316=ORIENTED_EDGE('',*,*,#2966,.T.);
#1317=ORIENTED_EDGE('',*,*,#2967,.T.);
#1318=ORIENTED_EDGE('',*,*,#2968,.F.);
#1319=ORIENTED_EDGE('',*,*,#2969,.T.);
#1320=ORIENTED_EDGE('',*,*,#2970,.T.);
#1321=ORIENTED_EDGE('',*,*,#2971,.T.);
#1322=ORIENTED_EDGE('',*,*,#2972,.T.);
#1323=ORIENTED_EDGE('',*,*,#2843,.F.);
#1324=ORIENTED_EDGE('',*,*,#2872,.T.);
#1325=ORIENTED_EDGE('',*,*,#2973,.T.);
#1326=ORIENTED_EDGE('',*,*,#2974,.T.);
#1327=ORIENTED_EDGE('',*,*,#2975,.F.);
#1328=ORIENTED_EDGE('',*,*,#2870,.T.);
#1329=ORIENTED_EDGE('',*,*,#2976,.T.);
#1330=ORIENTED_EDGE('',*,*,#2977,.T.);
#1331=ORIENTED_EDGE('',*,*,#2978,.T.);
#1332=ORIENTED_EDGE('',*,*,#2979,.T.);
#1333=ORIENTED_EDGE('',*,*,#2851,.F.);
#1334=ORIENTED_EDGE('',*,*,#2868,.T.);
#1335=ORIENTED_EDGE('',*,*,#2980,.T.);
#1336=ORIENTED_EDGE('',*,*,#2981,.T.);
#1337=ORIENTED_EDGE('',*,*,#2982,.F.);
#1338=ORIENTED_EDGE('',*,*,#2849,.F.);
#1339=ORIENTED_EDGE('',*,*,#2983,.T.);
#1340=ORIENTED_EDGE('',*,*,#2984,.T.);
#1341=ORIENTED_EDGE('',*,*,#2985,.T.);
#1342=ORIENTED_EDGE('',*,*,#2866,.T.);
#1343=ORIENTED_EDGE('',*,*,#2986,.F.);
#1344=ORIENTED_EDGE('',*,*,#2852,.T.);
#1345=ORIENTED_EDGE('',*,*,#2982,.T.);
#1346=ORIENTED_EDGE('',*,*,#2987,.T.);
#1347=ORIENTED_EDGE('',*,*,#2983,.F.);
#1348=ORIENTED_EDGE('',*,*,#2848,.T.);
#1349=ORIENTED_EDGE('',*,*,#2988,.T.);
#1350=ORIENTED_EDGE('',*,*,#2989,.T.);
#1351=ORIENTED_EDGE('',*,*,#2990,.F.);
#1352=ORIENTED_EDGE('',*,*,#2846,.T.);
#1353=ORIENTED_EDGE('',*,*,#2991,.T.);
#1354=ORIENTED_EDGE('',*,*,#2992,.T.);
#1355=ORIENTED_EDGE('',*,*,#2993,.F.);
#1356=ORIENTED_EDGE('',*,*,#2854,.T.);
#1357=ORIENTED_EDGE('',*,*,#2994,.T.);
#1358=ORIENTED_EDGE('',*,*,#2995,.T.);
#1359=ORIENTED_EDGE('',*,*,#2996,.F.);
#1360=ORIENTED_EDGE('',*,*,#2844,.T.);
#1361=ORIENTED_EDGE('',*,*,#2975,.T.);
#1362=ORIENTED_EDGE('',*,*,#2997,.T.);
#1363=ORIENTED_EDGE('',*,*,#2977,.F.);
#1364=ORIENTED_EDGE('',*,*,#2998,.T.);
#1365=ORIENTED_EDGE('',*,*,#2999,.T.);
#1366=ORIENTED_EDGE('',*,*,#3000,.T.);
#1367=ORIENTED_EDGE('',*,*,#3001,.F.);
#1368=ORIENTED_EDGE('',*,*,#3002,.T.);
#1369=ORIENTED_EDGE('',*,*,#3003,.T.);
#1370=ORIENTED_EDGE('',*,*,#3004,.T.);
#1371=ORIENTED_EDGE('',*,*,#3005,.F.);
#1372=ORIENTED_EDGE('',*,*,#3006,.T.);
#1373=ORIENTED_EDGE('',*,*,#2968,.T.);
#1374=ORIENTED_EDGE('',*,*,#3007,.T.);
#1375=ORIENTED_EDGE('',*,*,#3008,.F.);
#1376=ORIENTED_EDGE('',*,*,#3009,.T.);
#1377=ORIENTED_EDGE('',*,*,#3010,.T.);
#1378=ORIENTED_EDGE('',*,*,#3011,.T.);
#1379=ORIENTED_EDGE('',*,*,#3012,.F.);
#1380=ORIENTED_EDGE('',*,*,#3013,.T.);
#1381=ORIENTED_EDGE('',*,*,#2960,.T.);
#1382=ORIENTED_EDGE('',*,*,#3014,.T.);
#1383=ORIENTED_EDGE('',*,*,#2965,.F.);
#1384=ORIENTED_EDGE('',*,*,#3015,.T.);
#1385=ORIENTED_EDGE('',*,*,#3016,.T.);
#1386=ORIENTED_EDGE('',*,*,#3017,.T.);
#1387=ORIENTED_EDGE('',*,*,#3018,.F.);
#1388=ORIENTED_EDGE('',*,*,#3019,.T.);
#1389=ORIENTED_EDGE('',*,*,#3020,.T.);
#1390=ORIENTED_EDGE('',*,*,#3021,.T.);
#1391=ORIENTED_EDGE('',*,*,#3022,.F.);
#1392=ORIENTED_EDGE('',*,*,#3023,.T.);
#1393=ORIENTED_EDGE('',*,*,#2952,.T.);
#1394=ORIENTED_EDGE('',*,*,#3024,.T.);
#1395=ORIENTED_EDGE('',*,*,#2957,.F.);
#1396=ORIENTED_EDGE('',*,*,#3025,.T.);
#1397=ORIENTED_EDGE('',*,*,#3026,.T.);
#1398=ORIENTED_EDGE('',*,*,#3027,.T.);
#1399=ORIENTED_EDGE('',*,*,#3028,.F.);
#1400=ORIENTED_EDGE('',*,*,#3029,.T.);
#1401=ORIENTED_EDGE('',*,*,#3030,.T.);
#1402=ORIENTED_EDGE('',*,*,#3031,.T.);
#1403=ORIENTED_EDGE('',*,*,#3032,.F.);
#1404=ORIENTED_EDGE('',*,*,#3033,.T.);
#1405=ORIENTED_EDGE('',*,*,#2947,.T.);
#1406=ORIENTED_EDGE('',*,*,#3034,.T.);
#1407=ORIENTED_EDGE('',*,*,#2949,.F.);
#1408=ORIENTED_EDGE('',*,*,#3035,.T.);
#1409=ORIENTED_EDGE('',*,*,#3036,.T.);
#1410=ORIENTED_EDGE('',*,*,#3037,.T.);
#1411=ORIENTED_EDGE('',*,*,#3038,.F.);
#1412=ORIENTED_EDGE('',*,*,#3039,.T.);
#1413=ORIENTED_EDGE('',*,*,#3040,.T.);
#1414=ORIENTED_EDGE('',*,*,#3041,.T.);
#1415=ORIENTED_EDGE('',*,*,#3042,.F.);
#1416=ORIENTED_EDGE('',*,*,#3043,.T.);
#1417=ORIENTED_EDGE('',*,*,#2939,.T.);
#1418=ORIENTED_EDGE('',*,*,#3044,.T.);
#1419=ORIENTED_EDGE('',*,*,#2941,.F.);
#1420=ORIENTED_EDGE('',*,*,#3045,.T.);
#1421=ORIENTED_EDGE('',*,*,#3046,.T.);
#1422=ORIENTED_EDGE('',*,*,#3047,.T.);
#1423=ORIENTED_EDGE('',*,*,#3048,.F.);
#1424=ORIENTED_EDGE('',*,*,#3049,.T.);
#1425=ORIENTED_EDGE('',*,*,#3050,.T.);
#1426=ORIENTED_EDGE('',*,*,#3051,.T.);
#1427=ORIENTED_EDGE('',*,*,#3052,.T.);
#1428=ORIENTED_EDGE('',*,*,#3053,.F.);
#1429=ORIENTED_EDGE('',*,*,#3054,.T.);
#1430=ORIENTED_EDGE('',*,*,#2928,.T.);
#1431=ORIENTED_EDGE('',*,*,#3055,.T.);
#1432=ORIENTED_EDGE('',*,*,#2933,.F.);
#1433=ORIENTED_EDGE('',*,*,#3056,.T.);
#1434=ORIENTED_EDGE('',*,*,#3057,.T.);
#1435=ORIENTED_EDGE('',*,*,#3058,.T.);
#1436=ORIENTED_EDGE('',*,*,#3059,.F.);
#1437=ORIENTED_EDGE('',*,*,#3060,.T.);
#1438=ORIENTED_EDGE('',*,*,#3061,.T.);
#1439=ORIENTED_EDGE('',*,*,#3062,.T.);
#1440=ORIENTED_EDGE('',*,*,#3063,.F.);
#1441=ORIENTED_EDGE('',*,*,#3064,.T.);
#1442=ORIENTED_EDGE('',*,*,#2923,.T.);
#1443=ORIENTED_EDGE('',*,*,#3065,.T.);
#1444=ORIENTED_EDGE('',*,*,#2920,.F.);
#1445=ORIENTED_EDGE('',*,*,#3066,.T.);
#1446=ORIENTED_EDGE('',*,*,#3067,.T.);
#1447=ORIENTED_EDGE('',*,*,#3068,.T.);
#1448=ORIENTED_EDGE('',*,*,#3069,.F.);
#1449=ORIENTED_EDGE('',*,*,#3070,.T.);
#1450=ORIENTED_EDGE('',*,*,#3071,.T.);
#1451=ORIENTED_EDGE('',*,*,#3072,.T.);
#1452=ORIENTED_EDGE('',*,*,#3073,.F.);
#1453=ORIENTED_EDGE('',*,*,#3074,.T.);
#1454=ORIENTED_EDGE('',*,*,#2911,.T.);
#1455=ORIENTED_EDGE('',*,*,#3075,.T.);
#1456=ORIENTED_EDGE('',*,*,#2915,.F.);
#1457=ORIENTED_EDGE('',*,*,#2864,.T.);
#1458=ORIENTED_EDGE('',*,*,#3076,.T.);
#1459=ORIENTED_EDGE('',*,*,#3077,.T.);
#1460=ORIENTED_EDGE('',*,*,#3078,.F.);
#1461=ORIENTED_EDGE('',*,*,#2862,.T.);
#1462=ORIENTED_EDGE('',*,*,#3079,.T.);
#1463=ORIENTED_EDGE('',*,*,#3080,.T.);
#1464=ORIENTED_EDGE('',*,*,#3081,.F.);
#1465=ORIENTED_EDGE('',*,*,#2860,.T.);
#1466=ORIENTED_EDGE('',*,*,#2910,.T.);
#1467=ORIENTED_EDGE('',*,*,#3082,.T.);
#1468=ORIENTED_EDGE('',*,*,#2905,.F.);
#1469=ORIENTED_EDGE('',*,*,#2856,.T.);
#1470=ORIENTED_EDGE('',*,*,#3083,.T.);
#1471=ORIENTED_EDGE('',*,*,#3084,.T.);
#1472=ORIENTED_EDGE('',*,*,#2855,.F.);
#1473=ORIENTED_EDGE('',*,*,#2993,.T.);
#1474=ORIENTED_EDGE('',*,*,#3085,.T.);
#1475=ORIENTED_EDGE('',*,*,#3083,.F.);
#1476=ORIENTED_EDGE('',*,*,#2861,.F.);
#1477=ORIENTED_EDGE('',*,*,#3081,.T.);
#1478=ORIENTED_EDGE('',*,*,#3086,.T.);
#1479=ORIENTED_EDGE('',*,*,#3079,.F.);
#1480=ORIENTED_EDGE('',*,*,#2863,.F.);
#1481=ORIENTED_EDGE('',*,*,#3078,.T.);
#1482=ORIENTED_EDGE('',*,*,#3087,.T.);
#1483=ORIENTED_EDGE('',*,*,#3076,.F.);
#1484=ORIENTED_EDGE('',*,*,#3071,.F.);
#1485=ORIENTED_EDGE('',*,*,#3088,.T.);
#1486=ORIENTED_EDGE('',*,*,#3073,.T.);
#1487=ORIENTED_EDGE('',*,*,#3089,.T.);
#1488=ORIENTED_EDGE('',*,*,#3067,.F.);
#1489=ORIENTED_EDGE('',*,*,#3090,.T.);
#1490=ORIENTED_EDGE('',*,*,#3069,.T.);
#1491=ORIENTED_EDGE('',*,*,#3091,.T.);
#1492=ORIENTED_EDGE('',*,*,#3061,.F.);
#1493=ORIENTED_EDGE('',*,*,#3092,.T.);
#1494=ORIENTED_EDGE('',*,*,#3063,.T.);
#1495=ORIENTED_EDGE('',*,*,#3093,.T.);
#1496=ORIENTED_EDGE('',*,*,#3057,.F.);
#1497=ORIENTED_EDGE('',*,*,#3094,.T.);
#1498=ORIENTED_EDGE('',*,*,#3059,.T.);
#1499=ORIENTED_EDGE('',*,*,#3095,.T.);
#1500=ORIENTED_EDGE('',*,*,#3051,.F.);
#1501=ORIENTED_EDGE('',*,*,#3096,.T.);
#1502=ORIENTED_EDGE('',*,*,#3053,.T.);
#1503=ORIENTED_EDGE('',*,*,#3097,.T.);
#1504=ORIENTED_EDGE('',*,*,#3098,.F.);
#1505=ORIENTED_EDGE('',*,*,#3048,.T.);
#1506=ORIENTED_EDGE('',*,*,#3099,.T.);
#1507=ORIENTED_EDGE('',*,*,#3046,.F.);
#1508=ORIENTED_EDGE('',*,*,#3100,.F.);
#1509=ORIENTED_EDGE('',*,*,#3042,.T.);
#1510=ORIENTED_EDGE('',*,*,#3101,.T.);
#1511=ORIENTED_EDGE('',*,*,#3040,.F.);
#1512=ORIENTED_EDGE('',*,*,#3102,.F.);
#1513=ORIENTED_EDGE('',*,*,#3038,.T.);
#1514=ORIENTED_EDGE('',*,*,#3103,.T.);
#1515=ORIENTED_EDGE('',*,*,#3036,.F.);
#1516=ORIENTED_EDGE('',*,*,#3104,.F.);
#1517=ORIENTED_EDGE('',*,*,#3032,.T.);
#1518=ORIENTED_EDGE('',*,*,#3105,.T.);
#1519=ORIENTED_EDGE('',*,*,#3030,.F.);
#1520=ORIENTED_EDGE('',*,*,#3106,.F.);
#1521=ORIENTED_EDGE('',*,*,#3028,.T.);
#1522=ORIENTED_EDGE('',*,*,#3107,.T.);
#1523=ORIENTED_EDGE('',*,*,#3026,.F.);
#1524=ORIENTED_EDGE('',*,*,#3020,.F.);
#1525=ORIENTED_EDGE('',*,*,#3108,.T.);
#1526=ORIENTED_EDGE('',*,*,#3022,.T.);
#1527=ORIENTED_EDGE('',*,*,#3109,.T.);
#1528=ORIENTED_EDGE('',*,*,#3016,.F.);
#1529=ORIENTED_EDGE('',*,*,#3110,.T.);
#1530=ORIENTED_EDGE('',*,*,#3018,.T.);
#1531=ORIENTED_EDGE('',*,*,#3111,.T.);
#1532=ORIENTED_EDGE('',*,*,#3010,.F.);
#1533=ORIENTED_EDGE('',*,*,#3112,.T.);
#1534=ORIENTED_EDGE('',*,*,#3012,.T.);
#1535=ORIENTED_EDGE('',*,*,#3113,.T.);
#1536=ORIENTED_EDGE('',*,*,#3114,.F.);
#1537=ORIENTED_EDGE('',*,*,#3115,.T.);
#1538=ORIENTED_EDGE('',*,*,#3008,.T.);
#1539=ORIENTED_EDGE('',*,*,#3116,.T.);
#1540=ORIENTED_EDGE('',*,*,#3003,.F.);
#1541=ORIENTED_EDGE('',*,*,#3117,.T.);
#1542=ORIENTED_EDGE('',*,*,#3005,.T.);
#1543=ORIENTED_EDGE('',*,*,#3118,.T.);
#1544=ORIENTED_EDGE('',*,*,#2999,.F.);
#1545=ORIENTED_EDGE('',*,*,#3119,.T.);
#1546=ORIENTED_EDGE('',*,*,#3001,.T.);
#1547=ORIENTED_EDGE('',*,*,#3120,.T.);
#1548=ORIENTED_EDGE('',*,*,#2845,.F.);
#1549=ORIENTED_EDGE('',*,*,#2996,.T.);
#1550=ORIENTED_EDGE('',*,*,#3121,.T.);
#1551=ORIENTED_EDGE('',*,*,#2991,.F.);
#1552=ORIENTED_EDGE('',*,*,#2847,.F.);
#1553=ORIENTED_EDGE('',*,*,#2990,.T.);
#1554=ORIENTED_EDGE('',*,*,#3122,.T.);
#1555=ORIENTED_EDGE('',*,*,#2988,.F.);
#1556=ORIENTED_EDGE('',*,*,#2853,.F.);
#1557=ORIENTED_EDGE('',*,*,#2986,.T.);
#1558=ORIENTED_EDGE('',*,*,#3123,.T.);
#1559=ORIENTED_EDGE('',*,*,#2994,.F.);
#1560=ORIENTED_EDGE('',*,*,#3124,.F.);
#1561=ORIENTED_EDGE('',*,*,#3125,.T.);
#1562=ORIENTED_EDGE('',*,*,#3126,.F.);
#1563=ORIENTED_EDGE('',*,*,#3127,.T.);
#1564=ORIENTED_EDGE('',*,*,#3128,.F.);
#1565=ORIENTED_EDGE('',*,*,#3129,.T.);
#1566=ORIENTED_EDGE('',*,*,#3130,.T.);
#1567=ORIENTED_EDGE('',*,*,#3131,.F.);
#1568=ORIENTED_EDGE('',*,*,#3132,.T.);
#1569=ORIENTED_EDGE('',*,*,#3133,.F.);
#1570=ORIENTED_EDGE('',*,*,#3134,.T.);
#1571=ORIENTED_EDGE('',*,*,#3135,.F.);
#1572=ORIENTED_EDGE('',*,*,#3136,.T.);
#1573=ORIENTED_EDGE('',*,*,#3137,.F.);
#1574=ORIENTED_EDGE('',*,*,#3138,.T.);
#1575=ORIENTED_EDGE('',*,*,#2970,.F.);
#1576=ORIENTED_EDGE('',*,*,#3139,.T.);
#1577=ORIENTED_EDGE('',*,*,#3140,.F.);
#1578=ORIENTED_EDGE('',*,*,#3141,.T.);
#1579=ORIENTED_EDGE('',*,*,#3142,.F.);
#1580=ORIENTED_EDGE('',*,*,#3143,.T.);
#1581=ORIENTED_EDGE('',*,*,#3144,.F.);
#1582=ORIENTED_EDGE('',*,*,#3145,.T.);
#1583=ORIENTED_EDGE('',*,*,#3146,.F.);
#1584=ORIENTED_EDGE('',*,*,#3147,.T.);
#1585=ORIENTED_EDGE('',*,*,#3148,.F.);
#1586=ORIENTED_EDGE('',*,*,#3149,.T.);
#1587=ORIENTED_EDGE('',*,*,#3150,.F.);
#1588=ORIENTED_EDGE('',*,*,#3151,.T.);
#1589=ORIENTED_EDGE('',*,*,#3152,.F.);
#1590=ORIENTED_EDGE('',*,*,#3153,.T.);
#1591=ORIENTED_EDGE('',*,*,#3154,.F.);
#1592=ORIENTED_EDGE('',*,*,#3155,.T.);
#1593=ORIENTED_EDGE('',*,*,#3156,.F.);
#1594=ORIENTED_EDGE('',*,*,#2818,.T.);
#1595=ORIENTED_EDGE('',*,*,#3157,.T.);
#1596=ORIENTED_EDGE('',*,*,#3158,.F.);
#1597=ORIENTED_EDGE('',*,*,#3159,.T.);
#1598=ORIENTED_EDGE('',*,*,#3160,.F.);
#1599=ORIENTED_EDGE('',*,*,#2826,.T.);
#1600=ORIENTED_EDGE('',*,*,#3161,.F.);
#1601=ORIENTED_EDGE('',*,*,#3162,.T.);
#1602=ORIENTED_EDGE('',*,*,#3163,.F.);
#1603=ORIENTED_EDGE('',*,*,#2834,.T.);
#1604=ORIENTED_EDGE('',*,*,#3164,.F.);
#1605=ORIENTED_EDGE('',*,*,#3165,.T.);
#1606=ORIENTED_EDGE('',*,*,#3166,.F.);
#1607=ORIENTED_EDGE('',*,*,#3167,.T.);
#1608=ORIENTED_EDGE('',*,*,#3168,.F.);
#1609=ORIENTED_EDGE('',*,*,#3169,.T.);
#1610=ORIENTED_EDGE('',*,*,#2925,.F.);
#1611=ORIENTED_EDGE('',*,*,#3170,.T.);
#1612=ORIENTED_EDGE('',*,*,#3171,.T.);
#1613=ORIENTED_EDGE('',*,*,#3172,.T.);
#1614=ORIENTED_EDGE('',*,*,#3173,.F.);
#1615=ORIENTED_EDGE('',*,*,#3174,.T.);
#1616=ORIENTED_EDGE('',*,*,#3175,.F.);
#1617=ORIENTED_EDGE('',*,*,#3176,.T.);
#1618=ORIENTED_EDGE('',*,*,#3177,.F.);
#1619=ORIENTED_EDGE('',*,*,#3178,.T.);
#1620=ORIENTED_EDGE('',*,*,#3179,.F.);
#1621=ORIENTED_EDGE('',*,*,#3180,.T.);
#1622=ORIENTED_EDGE('',*,*,#3181,.F.);
#1623=ORIENTED_EDGE('',*,*,#3182,.T.);
#1624=ORIENTED_EDGE('',*,*,#3183,.F.);
#1625=ORIENTED_EDGE('',*,*,#3184,.T.);
#1626=ORIENTED_EDGE('',*,*,#3185,.F.);
#1627=ORIENTED_EDGE('',*,*,#3186,.T.);
#1628=ORIENTED_EDGE('',*,*,#3187,.F.);
#1629=ORIENTED_EDGE('',*,*,#3188,.T.);
#1630=ORIENTED_EDGE('',*,*,#3189,.F.);
#1631=ORIENTED_EDGE('',*,*,#3190,.T.);
#1632=ORIENTED_EDGE('',*,*,#3191,.T.);
#1633=ORIENTED_EDGE('',*,*,#3192,.T.);
#1634=ORIENTED_EDGE('',*,*,#2918,.F.);
#1635=ORIENTED_EDGE('',*,*,#3193,.T.);
#1636=ORIENTED_EDGE('',*,*,#3194,.F.);
#1637=ORIENTED_EDGE('',*,*,#3195,.T.);
#1638=ORIENTED_EDGE('',*,*,#3196,.F.);
#1639=ORIENTED_EDGE('',*,*,#3197,.T.);
#1640=ORIENTED_EDGE('',*,*,#3198,.T.);
#1641=ORIENTED_EDGE('',*,*,#3199,.F.);
#1642=ORIENTED_EDGE('',*,*,#3200,.T.);
#1643=ORIENTED_EDGE('',*,*,#3201,.F.);
#1644=ORIENTED_EDGE('',*,*,#3202,.T.);
#1645=ORIENTED_EDGE('',*,*,#3203,.F.);
#1646=ORIENTED_EDGE('',*,*,#3204,.T.);
#1647=ORIENTED_EDGE('',*,*,#2816,.T.);
#1648=ORIENTED_EDGE('',*,*,#3205,.T.);
#1649=ORIENTED_EDGE('',*,*,#3206,.T.);
#1650=ORIENTED_EDGE('',*,*,#3207,.T.);
#1651=ORIENTED_EDGE('',*,*,#3208,.F.);
#1652=ORIENTED_EDGE('',*,*,#3209,.T.);
#1653=ORIENTED_EDGE('',*,*,#3210,.T.);
#1654=ORIENTED_EDGE('',*,*,#3201,.T.);
#1655=ORIENTED_EDGE('',*,*,#3211,.T.);
#1656=ORIENTED_EDGE('',*,*,#3212,.T.);
#1657=ORIENTED_EDGE('',*,*,#3203,.T.);
#1658=ORIENTED_EDGE('',*,*,#3213,.T.);
#1659=ORIENTED_EDGE('',*,*,#3214,.F.);
#1660=ORIENTED_EDGE('',*,*,#3215,.T.);
#1661=ORIENTED_EDGE('',*,*,#3216,.T.);
#1662=ORIENTED_EDGE('',*,*,#3199,.T.);
#1663=ORIENTED_EDGE('',*,*,#3217,.T.);
#1664=ORIENTED_EDGE('',*,*,#3218,.F.);
#1665=ORIENTED_EDGE('',*,*,#3219,.T.);
#1666=ORIENTED_EDGE('',*,*,#3220,.T.);
#1667=ORIENTED_EDGE('',*,*,#3221,.T.);
#1668=ORIENTED_EDGE('',*,*,#3222,.T.);
#1669=ORIENTED_EDGE('',*,*,#3196,.T.);
#1670=ORIENTED_EDGE('',*,*,#3223,.T.);
#1671=ORIENTED_EDGE('',*,*,#3224,.T.);
#1672=ORIENTED_EDGE('',*,*,#3194,.T.);
#1673=ORIENTED_EDGE('',*,*,#3225,.T.);
#1674=ORIENTED_EDGE('',*,*,#3226,.T.);
#1675=ORIENTED_EDGE('',*,*,#3227,.F.);
#1676=ORIENTED_EDGE('',*,*,#3228,.T.);
#1677=ORIENTED_EDGE('',*,*,#3229,.T.);
#1678=ORIENTED_EDGE('',*,*,#3230,.T.);
#1679=ORIENTED_EDGE('',*,*,#3231,.T.);
#1680=ORIENTED_EDGE('',*,*,#3189,.T.);
#1681=ORIENTED_EDGE('',*,*,#3232,.T.);
#1682=ORIENTED_EDGE('',*,*,#3233,.T.);
#1683=ORIENTED_EDGE('',*,*,#3187,.T.);
#1684=ORIENTED_EDGE('',*,*,#3234,.T.);
#1685=ORIENTED_EDGE('',*,*,#3235,.T.);
#1686=ORIENTED_EDGE('',*,*,#3236,.F.);
#1687=ORIENTED_EDGE('',*,*,#3237,.T.);
#1688=ORIENTED_EDGE('',*,*,#3238,.T.);
#1689=ORIENTED_EDGE('',*,*,#3185,.T.);
#1690=ORIENTED_EDGE('',*,*,#3239,.T.);
#1691=ORIENTED_EDGE('',*,*,#3240,.T.);
#1692=ORIENTED_EDGE('',*,*,#3241,.T.);
#1693=ORIENTED_EDGE('',*,*,#3242,.T.);
#1694=ORIENTED_EDGE('',*,*,#3243,.T.);
#1695=ORIENTED_EDGE('',*,*,#3183,.T.);
#1696=ORIENTED_EDGE('',*,*,#3244,.T.);
#1697=ORIENTED_EDGE('',*,*,#3245,.T.);
#1698=ORIENTED_EDGE('',*,*,#3246,.F.);
#1699=ORIENTED_EDGE('',*,*,#3247,.T.);
#1700=ORIENTED_EDGE('',*,*,#3248,.T.);
#1701=ORIENTED_EDGE('',*,*,#3181,.T.);
#1702=ORIENTED_EDGE('',*,*,#3249,.T.);
#1703=ORIENTED_EDGE('',*,*,#3250,.T.);
#1704=ORIENTED_EDGE('',*,*,#3251,.T.);
#1705=ORIENTED_EDGE('',*,*,#3252,.T.);
#1706=ORIENTED_EDGE('',*,*,#3253,.T.);
#1707=ORIENTED_EDGE('',*,*,#3179,.T.);
#1708=ORIENTED_EDGE('',*,*,#3254,.T.);
#1709=ORIENTED_EDGE('',*,*,#3255,.T.);
#1710=ORIENTED_EDGE('',*,*,#3256,.F.);
#1711=ORIENTED_EDGE('',*,*,#3257,.T.);
#1712=ORIENTED_EDGE('',*,*,#3258,.T.);
#1713=ORIENTED_EDGE('',*,*,#3177,.T.);
#1714=ORIENTED_EDGE('',*,*,#3259,.T.);
#1715=ORIENTED_EDGE('',*,*,#3260,.T.);
#1716=ORIENTED_EDGE('',*,*,#3261,.T.);
#1717=ORIENTED_EDGE('',*,*,#3262,.T.);
#1718=ORIENTED_EDGE('',*,*,#3263,.T.);
#1719=ORIENTED_EDGE('',*,*,#3173,.T.);
#1720=ORIENTED_EDGE('',*,*,#3264,.T.);
#1721=ORIENTED_EDGE('',*,*,#3265,.F.);
#1722=ORIENTED_EDGE('',*,*,#3266,.T.);
#1723=ORIENTED_EDGE('',*,*,#3267,.T.);
#1724=ORIENTED_EDGE('',*,*,#3175,.T.);
#1725=ORIENTED_EDGE('',*,*,#3268,.T.);
#1726=ORIENTED_EDGE('',*,*,#3269,.T.);
#1727=ORIENTED_EDGE('',*,*,#3270,.T.);
#1728=ORIENTED_EDGE('',*,*,#3271,.T.);
#1729=ORIENTED_EDGE('',*,*,#3272,.T.);
#1730=ORIENTED_EDGE('',*,*,#3168,.T.);
#1731=ORIENTED_EDGE('',*,*,#3273,.T.);
#1732=ORIENTED_EDGE('',*,*,#3274,.F.);
#1733=ORIENTED_EDGE('',*,*,#3275,.T.);
#1734=ORIENTED_EDGE('',*,*,#3276,.T.);
#1735=ORIENTED_EDGE('',*,*,#3277,.T.);
#1736=ORIENTED_EDGE('',*,*,#3278,.T.);
#1737=ORIENTED_EDGE('',*,*,#3166,.T.);
#1738=ORIENTED_EDGE('',*,*,#3279,.T.);
#1739=ORIENTED_EDGE('',*,*,#3280,.T.);
#1740=ORIENTED_EDGE('',*,*,#3164,.T.);
#1741=ORIENTED_EDGE('',*,*,#2833,.T.);
#1742=ORIENTED_EDGE('',*,*,#3281,.F.);
#1743=ORIENTED_EDGE('',*,*,#3282,.T.);
#1744=ORIENTED_EDGE('',*,*,#3283,.T.);
#1745=ORIENTED_EDGE('',*,*,#3284,.T.);
#1746=ORIENTED_EDGE('',*,*,#2835,.T.);
#1747=ORIENTED_EDGE('',*,*,#3163,.T.);
#1748=ORIENTED_EDGE('',*,*,#3285,.T.);
#1749=ORIENTED_EDGE('',*,*,#3286,.T.);
#1750=ORIENTED_EDGE('',*,*,#3161,.T.);
#1751=ORIENTED_EDGE('',*,*,#2825,.T.);
#1752=ORIENTED_EDGE('',*,*,#3287,.F.);
#1753=ORIENTED_EDGE('',*,*,#3288,.T.);
#1754=ORIENTED_EDGE('',*,*,#3289,.T.);
#1755=ORIENTED_EDGE('',*,*,#3290,.T.);
#1756=ORIENTED_EDGE('',*,*,#2827,.T.);
#1757=ORIENTED_EDGE('',*,*,#3160,.T.);
#1758=ORIENTED_EDGE('',*,*,#3291,.T.);
#1759=ORIENTED_EDGE('',*,*,#3292,.T.);
#1760=ORIENTED_EDGE('',*,*,#3158,.T.);
#1761=ORIENTED_EDGE('',*,*,#3293,.T.);
#1762=ORIENTED_EDGE('',*,*,#3294,.F.);
#1763=ORIENTED_EDGE('',*,*,#3295,.T.);
#1764=ORIENTED_EDGE('',*,*,#3296,.T.);
#1765=ORIENTED_EDGE('',*,*,#3297,.T.);
#1766=ORIENTED_EDGE('',*,*,#2819,.T.);
#1767=ORIENTED_EDGE('',*,*,#3156,.T.);
#1768=ORIENTED_EDGE('',*,*,#3298,.T.);
#1769=ORIENTED_EDGE('',*,*,#3299,.T.);
#1770=ORIENTED_EDGE('',*,*,#3154,.T.);
#1771=ORIENTED_EDGE('',*,*,#3300,.T.);
#1772=ORIENTED_EDGE('',*,*,#3301,.F.);
#1773=ORIENTED_EDGE('',*,*,#3302,.T.);
#1774=ORIENTED_EDGE('',*,*,#3303,.T.);
#1775=ORIENTED_EDGE('',*,*,#3304,.T.);
#1776=ORIENTED_EDGE('',*,*,#3305,.T.);
#1777=ORIENTED_EDGE('',*,*,#3152,.T.);
#1778=ORIENTED_EDGE('',*,*,#3306,.T.);
#1779=ORIENTED_EDGE('',*,*,#3307,.T.);
#1780=ORIENTED_EDGE('',*,*,#3150,.T.);
#1781=ORIENTED_EDGE('',*,*,#3308,.T.);
#1782=ORIENTED_EDGE('',*,*,#3309,.T.);
#1783=ORIENTED_EDGE('',*,*,#3310,.F.);
#1784=ORIENTED_EDGE('',*,*,#3311,.T.);
#1785=ORIENTED_EDGE('',*,*,#3312,.T.);
#1786=ORIENTED_EDGE('',*,*,#3148,.T.);
#1787=ORIENTED_EDGE('',*,*,#3313,.T.);
#1788=ORIENTED_EDGE('',*,*,#3314,.T.);
#1789=ORIENTED_EDGE('',*,*,#3315,.T.);
#1790=ORIENTED_EDGE('',*,*,#3316,.T.);
#1791=ORIENTED_EDGE('',*,*,#3317,.T.);
#1792=ORIENTED_EDGE('',*,*,#3146,.T.);
#1793=ORIENTED_EDGE('',*,*,#3318,.T.);
#1794=ORIENTED_EDGE('',*,*,#3319,.T.);
#1795=ORIENTED_EDGE('',*,*,#3320,.F.);
#1796=ORIENTED_EDGE('',*,*,#3321,.T.);
#1797=ORIENTED_EDGE('',*,*,#3322,.T.);
#1798=ORIENTED_EDGE('',*,*,#3144,.T.);
#1799=ORIENTED_EDGE('',*,*,#3323,.T.);
#1800=ORIENTED_EDGE('',*,*,#3324,.T.);
#1801=ORIENTED_EDGE('',*,*,#3325,.T.);
#1802=ORIENTED_EDGE('',*,*,#3326,.T.);
#1803=ORIENTED_EDGE('',*,*,#3327,.T.);
#1804=ORIENTED_EDGE('',*,*,#3142,.T.);
#1805=ORIENTED_EDGE('',*,*,#3328,.T.);
#1806=ORIENTED_EDGE('',*,*,#3329,.T.);
#1807=ORIENTED_EDGE('',*,*,#3330,.F.);
#1808=ORIENTED_EDGE('',*,*,#3331,.T.);
#1809=ORIENTED_EDGE('',*,*,#3332,.T.);
#1810=ORIENTED_EDGE('',*,*,#3140,.T.);
#1811=ORIENTED_EDGE('',*,*,#3333,.T.);
#1812=ORIENTED_EDGE('',*,*,#3334,.T.);
#1813=ORIENTED_EDGE('',*,*,#3335,.T.);
#1814=ORIENTED_EDGE('',*,*,#3336,.T.);
#1815=ORIENTED_EDGE('',*,*,#3337,.T.);
#1816=ORIENTED_EDGE('',*,*,#3135,.T.);
#1817=ORIENTED_EDGE('',*,*,#3338,.T.);
#1818=ORIENTED_EDGE('',*,*,#3339,.F.);
#1819=ORIENTED_EDGE('',*,*,#3340,.T.);
#1820=ORIENTED_EDGE('',*,*,#3341,.T.);
#1821=ORIENTED_EDGE('',*,*,#3137,.T.);
#1822=ORIENTED_EDGE('',*,*,#3342,.T.);
#1823=ORIENTED_EDGE('',*,*,#3343,.T.);
#1824=ORIENTED_EDGE('',*,*,#3344,.T.);
#1825=ORIENTED_EDGE('',*,*,#3345,.T.);
#1826=ORIENTED_EDGE('',*,*,#3346,.T.);
#1827=ORIENTED_EDGE('',*,*,#3131,.T.);
#1828=ORIENTED_EDGE('',*,*,#3347,.T.);
#1829=ORIENTED_EDGE('',*,*,#3348,.F.);
#1830=ORIENTED_EDGE('',*,*,#3349,.T.);
#1831=ORIENTED_EDGE('',*,*,#3350,.T.);
#1832=ORIENTED_EDGE('',*,*,#3351,.T.);
#1833=ORIENTED_EDGE('',*,*,#3352,.T.);
#1834=ORIENTED_EDGE('',*,*,#3128,.T.);
#1835=ORIENTED_EDGE('',*,*,#3353,.T.);
#1836=ORIENTED_EDGE('',*,*,#3354,.T.);
#1837=ORIENTED_EDGE('',*,*,#3126,.T.);
#1838=ORIENTED_EDGE('',*,*,#3355,.T.);
#1839=ORIENTED_EDGE('',*,*,#3356,.F.);
#1840=ORIENTED_EDGE('',*,*,#3357,.T.);
#1841=ORIENTED_EDGE('',*,*,#3358,.T.);
#1842=ORIENTED_EDGE('',*,*,#3359,.T.);
#1843=ORIENTED_EDGE('',*,*,#3360,.T.);
#1844=ORIENTED_EDGE('',*,*,#3124,.T.);
#1845=ORIENTED_EDGE('',*,*,#3361,.T.);
#1846=ORIENTED_EDGE('',*,*,#3362,.T.);
#1847=ORIENTED_EDGE('',*,*,#2985,.F.);
#1848=ORIENTED_EDGE('',*,*,#3363,.T.);
#1849=ORIENTED_EDGE('',*,*,#2980,.F.);
#1850=ORIENTED_EDGE('',*,*,#2867,.F.);
#1851=ORIENTED_EDGE('',*,*,#3358,.F.);
#1852=ORIENTED_EDGE('',*,*,#3364,.T.);
#1853=ORIENTED_EDGE('',*,*,#3361,.F.);
#1854=ORIENTED_EDGE('',*,*,#3127,.F.);
#1855=ORIENTED_EDGE('',*,*,#2979,.F.);
#1856=ORIENTED_EDGE('',*,*,#3365,.T.);
#1857=ORIENTED_EDGE('',*,*,#2973,.F.);
#1858=ORIENTED_EDGE('',*,*,#2871,.F.);
#1859=ORIENTED_EDGE('',*,*,#3350,.F.);
#1860=ORIENTED_EDGE('',*,*,#3366,.T.);
#1861=ORIENTED_EDGE('',*,*,#3353,.F.);
#1862=ORIENTED_EDGE('',*,*,#3132,.F.);
#1863=ORIENTED_EDGE('',*,*,#3346,.F.);
#1864=ORIENTED_EDGE('',*,*,#3367,.T.);
#1865=ORIENTED_EDGE('',*,*,#2971,.F.);
#1866=ORIENTED_EDGE('',*,*,#3138,.F.);
#1867=ORIENTED_EDGE('',*,*,#3341,.F.);
#1868=ORIENTED_EDGE('',*,*,#3368,.T.);
#1869=ORIENTED_EDGE('',*,*,#3342,.F.);
#1870=ORIENTED_EDGE('',*,*,#3136,.F.);
#1871=ORIENTED_EDGE('',*,*,#3337,.F.);
#1872=ORIENTED_EDGE('',*,*,#3369,.T.);
#1873=ORIENTED_EDGE('',*,*,#3328,.F.);
#1874=ORIENTED_EDGE('',*,*,#3141,.F.);
#1875=ORIENTED_EDGE('',*,*,#3332,.F.);
#1876=ORIENTED_EDGE('',*,*,#3370,.T.);
#1877=ORIENTED_EDGE('',*,*,#3333,.F.);
#1878=ORIENTED_EDGE('',*,*,#3143,.F.);
#1879=ORIENTED_EDGE('',*,*,#3327,.F.);
#1880=ORIENTED_EDGE('',*,*,#3371,.T.);
#1881=ORIENTED_EDGE('',*,*,#3318,.F.);
#1882=ORIENTED_EDGE('',*,*,#3145,.F.);
#1883=ORIENTED_EDGE('',*,*,#3322,.F.);
#1884=ORIENTED_EDGE('',*,*,#3372,.T.);
#1885=ORIENTED_EDGE('',*,*,#3323,.F.);
#1886=ORIENTED_EDGE('',*,*,#3147,.F.);
#1887=ORIENTED_EDGE('',*,*,#3317,.F.);
#1888=ORIENTED_EDGE('',*,*,#3373,.T.);
#1889=ORIENTED_EDGE('',*,*,#3308,.F.);
#1890=ORIENTED_EDGE('',*,*,#3149,.F.);
#1891=ORIENTED_EDGE('',*,*,#3312,.F.);
#1892=ORIENTED_EDGE('',*,*,#3374,.T.);
#1893=ORIENTED_EDGE('',*,*,#3313,.F.);
#1894=ORIENTED_EDGE('',*,*,#3151,.F.);
#1895=ORIENTED_EDGE('',*,*,#2967,.F.);
#1896=ORIENTED_EDGE('',*,*,#3375,.T.);
#1897=ORIENTED_EDGE('',*,*,#2962,.F.);
#1898=ORIENTED_EDGE('',*,*,#2876,.F.);
#1899=ORIENTED_EDGE('',*,*,#3303,.F.);
#1900=ORIENTED_EDGE('',*,*,#3376,.T.);
#1901=ORIENTED_EDGE('',*,*,#3306,.F.);
#1902=ORIENTED_EDGE('',*,*,#3155,.F.);
#1903=ORIENTED_EDGE('',*,*,#2959,.F.);
#1904=ORIENTED_EDGE('',*,*,#3377,.T.);
#1905=ORIENTED_EDGE('',*,*,#2954,.F.);
#1906=ORIENTED_EDGE('',*,*,#2879,.F.);
#1907=ORIENTED_EDGE('',*,*,#3296,.F.);
#1908=ORIENTED_EDGE('',*,*,#3378,.T.);
#1909=ORIENTED_EDGE('',*,*,#3298,.F.);
#1910=ORIENTED_EDGE('',*,*,#3159,.F.);
#1911=ORIENTED_EDGE('',*,*,#2951,.F.);
#1912=ORIENTED_EDGE('',*,*,#3379,.T.);
#1913=ORIENTED_EDGE('',*,*,#2945,.F.);
#1914=ORIENTED_EDGE('',*,*,#2884,.F.);
#1915=ORIENTED_EDGE('',*,*,#3289,.F.);
#1916=ORIENTED_EDGE('',*,*,#3380,.T.);
#1917=ORIENTED_EDGE('',*,*,#3291,.F.);
#1918=ORIENTED_EDGE('',*,*,#3162,.F.);
#1919=ORIENTED_EDGE('',*,*,#2943,.F.);
#1920=ORIENTED_EDGE('',*,*,#3381,.T.);
#1921=ORIENTED_EDGE('',*,*,#2937,.F.);
#1922=ORIENTED_EDGE('',*,*,#2888,.F.);
#1923=ORIENTED_EDGE('',*,*,#3283,.F.);
#1924=ORIENTED_EDGE('',*,*,#3382,.T.);
#1925=ORIENTED_EDGE('',*,*,#3285,.F.);
#1926=ORIENTED_EDGE('',*,*,#3165,.F.);
#1927=ORIENTED_EDGE('',*,*,#2935,.F.);
#1928=ORIENTED_EDGE('',*,*,#3383,.T.);
#1929=ORIENTED_EDGE('',*,*,#2930,.F.);
#1930=ORIENTED_EDGE('',*,*,#2893,.F.);
#1931=ORIENTED_EDGE('',*,*,#3276,.F.);
#1932=ORIENTED_EDGE('',*,*,#3384,.T.);
#1933=ORIENTED_EDGE('',*,*,#3279,.F.);
#1934=ORIENTED_EDGE('',*,*,#3169,.F.);
#1935=ORIENTED_EDGE('',*,*,#3272,.F.);
#1936=ORIENTED_EDGE('',*,*,#3385,.T.);
#1937=ORIENTED_EDGE('',*,*,#2926,.F.);
#1938=ORIENTED_EDGE('',*,*,#3176,.F.);
#1939=ORIENTED_EDGE('',*,*,#3267,.F.);
#1940=ORIENTED_EDGE('',*,*,#3386,.T.);
#1941=ORIENTED_EDGE('',*,*,#3268,.F.);
#1942=ORIENTED_EDGE('',*,*,#3174,.F.);
#1943=ORIENTED_EDGE('',*,*,#3263,.F.);
#1944=ORIENTED_EDGE('',*,*,#3387,.T.);
#1945=ORIENTED_EDGE('',*,*,#3254,.F.);
#1946=ORIENTED_EDGE('',*,*,#3178,.F.);
#1947=ORIENTED_EDGE('',*,*,#3258,.F.);
#1948=ORIENTED_EDGE('',*,*,#3388,.T.);
#1949=ORIENTED_EDGE('',*,*,#3259,.F.);
#1950=ORIENTED_EDGE('',*,*,#3180,.F.);
#1951=ORIENTED_EDGE('',*,*,#3253,.F.);
#1952=ORIENTED_EDGE('',*,*,#3389,.T.);
#1953=ORIENTED_EDGE('',*,*,#3244,.F.);
#1954=ORIENTED_EDGE('',*,*,#3182,.F.);
#1955=ORIENTED_EDGE('',*,*,#3248,.F.);
#1956=ORIENTED_EDGE('',*,*,#3390,.T.);
#1957=ORIENTED_EDGE('',*,*,#3249,.F.);
#1958=ORIENTED_EDGE('',*,*,#3184,.F.);
#1959=ORIENTED_EDGE('',*,*,#3243,.F.);
#1960=ORIENTED_EDGE('',*,*,#3391,.T.);
#1961=ORIENTED_EDGE('',*,*,#3234,.F.);
#1962=ORIENTED_EDGE('',*,*,#3186,.F.);
#1963=ORIENTED_EDGE('',*,*,#3238,.F.);
#1964=ORIENTED_EDGE('',*,*,#3392,.T.);
#1965=ORIENTED_EDGE('',*,*,#3239,.F.);
#1966=ORIENTED_EDGE('',*,*,#3188,.F.);
#1967=ORIENTED_EDGE('',*,*,#2922,.F.);
#1968=ORIENTED_EDGE('',*,*,#3393,.T.);
#1969=ORIENTED_EDGE('',*,*,#3225,.F.);
#1970=ORIENTED_EDGE('',*,*,#3193,.F.);
#1971=ORIENTED_EDGE('',*,*,#3229,.F.);
#1972=ORIENTED_EDGE('',*,*,#3394,.T.);
#1973=ORIENTED_EDGE('',*,*,#3232,.F.);
#1974=ORIENTED_EDGE('',*,*,#3195,.F.);
#1975=ORIENTED_EDGE('',*,*,#2917,.F.);
#1976=ORIENTED_EDGE('',*,*,#3395,.T.);
#1977=ORIENTED_EDGE('',*,*,#2913,.F.);
#1978=ORIENTED_EDGE('',*,*,#2895,.F.);
#1979=ORIENTED_EDGE('',*,*,#3220,.F.);
#1980=ORIENTED_EDGE('',*,*,#3396,.T.);
#1981=ORIENTED_EDGE('',*,*,#3223,.F.);
#1982=ORIENTED_EDGE('',*,*,#3200,.F.);
#1983=ORIENTED_EDGE('',*,*,#2907,.F.);
#1984=ORIENTED_EDGE('',*,*,#3397,.T.);
#1985=ORIENTED_EDGE('',*,*,#2908,.F.);
#1986=ORIENTED_EDGE('',*,*,#2899,.F.);
#1987=ORIENTED_EDGE('',*,*,#3216,.F.);
#1988=ORIENTED_EDGE('',*,*,#3398,.T.);
#1989=ORIENTED_EDGE('',*,*,#3211,.F.);
#1990=ORIENTED_EDGE('',*,*,#3204,.F.);
#1991=ORIENTED_EDGE('',*,*,#3208,.T.);
#1992=ORIENTED_EDGE('',*,*,#3282,.F.);
#1993=ORIENTED_EDGE('',*,*,#3399,.F.);
#1994=ORIENTED_EDGE('',*,*,#3400,.F.);
#1995=ORIENTED_EDGE('',*,*,#3401,.F.);
#1996=ORIENTED_EDGE('',*,*,#3402,.F.);
#1997=ORIENTED_EDGE('',*,*,#3403,.F.);
#1998=ORIENTED_EDGE('',*,*,#3292,.F.);
#1999=ORIENTED_EDGE('',*,*,#3380,.F.);
#2000=ORIENTED_EDGE('',*,*,#3288,.F.);
#2001=ORIENTED_EDGE('',*,*,#3404,.F.);
#2002=ORIENTED_EDGE('',*,*,#3405,.F.);
#2003=ORIENTED_EDGE('',*,*,#3406,.F.);
#2004=ORIENTED_EDGE('',*,*,#3407,.F.);
#2005=ORIENTED_EDGE('',*,*,#3408,.F.);
#2006=ORIENTED_EDGE('',*,*,#3299,.F.);
#2007=ORIENTED_EDGE('',*,*,#3378,.F.);
#2008=ORIENTED_EDGE('',*,*,#3295,.F.);
#2009=ORIENTED_EDGE('',*,*,#3409,.F.);
#2010=ORIENTED_EDGE('',*,*,#3410,.F.);
#2011=ORIENTED_EDGE('',*,*,#3411,.F.);
#2012=ORIENTED_EDGE('',*,*,#3412,.F.);
#2013=ORIENTED_EDGE('',*,*,#3413,.F.);
#2014=ORIENTED_EDGE('',*,*,#3307,.F.);
#2015=ORIENTED_EDGE('',*,*,#3376,.F.);
#2016=ORIENTED_EDGE('',*,*,#3302,.F.);
#2017=ORIENTED_EDGE('',*,*,#3414,.F.);
#2018=ORIENTED_EDGE('',*,*,#3415,.F.);
#2019=ORIENTED_EDGE('',*,*,#3416,.F.);
#2020=ORIENTED_EDGE('',*,*,#3417,.F.);
#2021=ORIENTED_EDGE('',*,*,#3418,.F.);
#2022=ORIENTED_EDGE('',*,*,#3314,.F.);
#2023=ORIENTED_EDGE('',*,*,#3374,.F.);
#2024=ORIENTED_EDGE('',*,*,#3311,.F.);
#2025=ORIENTED_EDGE('',*,*,#3419,.F.);
#2026=ORIENTED_EDGE('',*,*,#3420,.F.);
#2027=ORIENTED_EDGE('',*,*,#3421,.F.);
#2028=ORIENTED_EDGE('',*,*,#3422,.F.);
#2029=ORIENTED_EDGE('',*,*,#3423,.F.);
#2030=ORIENTED_EDGE('',*,*,#3324,.F.);
#2031=ORIENTED_EDGE('',*,*,#3372,.F.);
#2032=ORIENTED_EDGE('',*,*,#3321,.F.);
#2033=ORIENTED_EDGE('',*,*,#3424,.F.);
#2034=ORIENTED_EDGE('',*,*,#3425,.F.);
#2035=ORIENTED_EDGE('',*,*,#3426,.F.);
#2036=ORIENTED_EDGE('',*,*,#3427,.F.);
#2037=ORIENTED_EDGE('',*,*,#3428,.F.);
#2038=ORIENTED_EDGE('',*,*,#3334,.F.);
#2039=ORIENTED_EDGE('',*,*,#3370,.F.);
#2040=ORIENTED_EDGE('',*,*,#3331,.F.);
#2041=ORIENTED_EDGE('',*,*,#3429,.F.);
#2042=ORIENTED_EDGE('',*,*,#3430,.F.);
#2043=ORIENTED_EDGE('',*,*,#3431,.F.);
#2044=ORIENTED_EDGE('',*,*,#3432,.F.);
#2045=ORIENTED_EDGE('',*,*,#3433,.F.);
#2046=ORIENTED_EDGE('',*,*,#3343,.F.);
#2047=ORIENTED_EDGE('',*,*,#3368,.F.);
#2048=ORIENTED_EDGE('',*,*,#3340,.F.);
#2049=ORIENTED_EDGE('',*,*,#3434,.F.);
#2050=ORIENTED_EDGE('',*,*,#3435,.F.);
#2051=ORIENTED_EDGE('',*,*,#3436,.F.);
#2052=ORIENTED_EDGE('',*,*,#3437,.F.);
#2053=ORIENTED_EDGE('',*,*,#3438,.F.);
#2054=ORIENTED_EDGE('',*,*,#3354,.F.);
#2055=ORIENTED_EDGE('',*,*,#3366,.F.);
#2056=ORIENTED_EDGE('',*,*,#3349,.F.);
#2057=ORIENTED_EDGE('',*,*,#3439,.F.);
#2058=ORIENTED_EDGE('',*,*,#3440,.F.);
#2059=ORIENTED_EDGE('',*,*,#3441,.F.);
#2060=ORIENTED_EDGE('',*,*,#3442,.F.);
#2061=ORIENTED_EDGE('',*,*,#3443,.F.);
#2062=ORIENTED_EDGE('',*,*,#3362,.F.);
#2063=ORIENTED_EDGE('',*,*,#3364,.F.);
#2064=ORIENTED_EDGE('',*,*,#3357,.F.);
#2065=ORIENTED_EDGE('',*,*,#3444,.F.);
#2066=ORIENTED_EDGE('',*,*,#3445,.F.);
#2067=ORIENTED_EDGE('',*,*,#3446,.F.);
#2068=ORIENTED_EDGE('',*,*,#3447,.F.);
#2069=ORIENTED_EDGE('',*,*,#3448,.F.);
#2070=ORIENTED_EDGE('',*,*,#3212,.F.);
#2071=ORIENTED_EDGE('',*,*,#3398,.F.);
#2072=ORIENTED_EDGE('',*,*,#3215,.F.);
#2073=ORIENTED_EDGE('',*,*,#3449,.F.);
#2074=ORIENTED_EDGE('',*,*,#3450,.F.);
#2075=ORIENTED_EDGE('',*,*,#3451,.F.);
#2076=ORIENTED_EDGE('',*,*,#3452,.F.);
#2077=ORIENTED_EDGE('',*,*,#3453,.F.);
#2078=ORIENTED_EDGE('',*,*,#3224,.F.);
#2079=ORIENTED_EDGE('',*,*,#3396,.F.);
#2080=ORIENTED_EDGE('',*,*,#3219,.F.);
#2081=ORIENTED_EDGE('',*,*,#3454,.F.);
#2082=ORIENTED_EDGE('',*,*,#3455,.F.);
#2083=ORIENTED_EDGE('',*,*,#3456,.F.);
#2084=ORIENTED_EDGE('',*,*,#3457,.F.);
#2085=ORIENTED_EDGE('',*,*,#3458,.F.);
#2086=ORIENTED_EDGE('',*,*,#3233,.F.);
#2087=ORIENTED_EDGE('',*,*,#3394,.F.);
#2088=ORIENTED_EDGE('',*,*,#3228,.F.);
#2089=ORIENTED_EDGE('',*,*,#3459,.F.);
#2090=ORIENTED_EDGE('',*,*,#3460,.F.);
#2091=ORIENTED_EDGE('',*,*,#3461,.F.);
#2092=ORIENTED_EDGE('',*,*,#3462,.F.);
#2093=ORIENTED_EDGE('',*,*,#3463,.F.);
#2094=ORIENTED_EDGE('',*,*,#3240,.F.);
#2095=ORIENTED_EDGE('',*,*,#3392,.F.);
#2096=ORIENTED_EDGE('',*,*,#3237,.F.);
#2097=ORIENTED_EDGE('',*,*,#3464,.F.);
#2098=ORIENTED_EDGE('',*,*,#3465,.F.);
#2099=ORIENTED_EDGE('',*,*,#3466,.F.);
#2100=ORIENTED_EDGE('',*,*,#3467,.F.);
#2101=ORIENTED_EDGE('',*,*,#3468,.F.);
#2102=ORIENTED_EDGE('',*,*,#3250,.F.);
#2103=ORIENTED_EDGE('',*,*,#3390,.F.);
#2104=ORIENTED_EDGE('',*,*,#3247,.F.);
#2105=ORIENTED_EDGE('',*,*,#3469,.F.);
#2106=ORIENTED_EDGE('',*,*,#3470,.F.);
#2107=ORIENTED_EDGE('',*,*,#3471,.F.);
#2108=ORIENTED_EDGE('',*,*,#3472,.F.);
#2109=ORIENTED_EDGE('',*,*,#3473,.F.);
#2110=ORIENTED_EDGE('',*,*,#3260,.F.);
#2111=ORIENTED_EDGE('',*,*,#3388,.F.);
#2112=ORIENTED_EDGE('',*,*,#3257,.F.);
#2113=ORIENTED_EDGE('',*,*,#3474,.F.);
#2114=ORIENTED_EDGE('',*,*,#3475,.F.);
#2115=ORIENTED_EDGE('',*,*,#3476,.F.);
#2116=ORIENTED_EDGE('',*,*,#3477,.F.);
#2117=ORIENTED_EDGE('',*,*,#3478,.F.);
#2118=ORIENTED_EDGE('',*,*,#3269,.F.);
#2119=ORIENTED_EDGE('',*,*,#3386,.F.);
#2120=ORIENTED_EDGE('',*,*,#3266,.F.);
#2121=ORIENTED_EDGE('',*,*,#3479,.F.);
#2122=ORIENTED_EDGE('',*,*,#3480,.F.);
#2123=ORIENTED_EDGE('',*,*,#3481,.F.);
#2124=ORIENTED_EDGE('',*,*,#3482,.F.);
#2125=ORIENTED_EDGE('',*,*,#3483,.F.);
#2126=ORIENTED_EDGE('',*,*,#3280,.F.);
#2127=ORIENTED_EDGE('',*,*,#3384,.F.);
#2128=ORIENTED_EDGE('',*,*,#3275,.F.);
#2129=ORIENTED_EDGE('',*,*,#3484,.F.);
#2130=ORIENTED_EDGE('',*,*,#3485,.F.);
#2131=ORIENTED_EDGE('',*,*,#3486,.F.);
#2132=ORIENTED_EDGE('',*,*,#3487,.F.);
#2133=ORIENTED_EDGE('',*,*,#3488,.F.);
#2134=ORIENTED_EDGE('',*,*,#3286,.F.);
#2135=ORIENTED_EDGE('',*,*,#3382,.F.);
#2136=ORIENTED_EDGE('',*,*,#2901,.T.);
#2137=ORIENTED_EDGE('',*,*,#2906,.F.);
#2138=ORIENTED_EDGE('',*,*,#3084,.F.);
#2139=ORIENTED_EDGE('',*,*,#3085,.F.);
#2140=ORIENTED_EDGE('',*,*,#2995,.F.);
#2141=ORIENTED_EDGE('',*,*,#3123,.F.);
#2142=ORIENTED_EDGE('',*,*,#2987,.F.);
#2143=ORIENTED_EDGE('',*,*,#2981,.F.);
#2144=ORIENTED_EDGE('',*,*,#3363,.F.);
#2145=ORIENTED_EDGE('',*,*,#2984,.F.);
#2146=ORIENTED_EDGE('',*,*,#2989,.F.);
#2147=ORIENTED_EDGE('',*,*,#3122,.F.);
#2148=ORIENTED_EDGE('',*,*,#2992,.F.);
#2149=ORIENTED_EDGE('',*,*,#3121,.F.);
#2150=ORIENTED_EDGE('',*,*,#2997,.F.);
#2151=ORIENTED_EDGE('',*,*,#2974,.F.);
#2152=ORIENTED_EDGE('',*,*,#3365,.F.);
#2153=ORIENTED_EDGE('',*,*,#2978,.F.);
#2154=ORIENTED_EDGE('',*,*,#3000,.F.);
#2155=ORIENTED_EDGE('',*,*,#3120,.F.);
#2156=ORIENTED_EDGE('',*,*,#3004,.F.);
#2157=ORIENTED_EDGE('',*,*,#3118,.F.);
#2158=ORIENTED_EDGE('',*,*,#3007,.F.);
#2159=ORIENTED_EDGE('',*,*,#2972,.F.);
#2160=ORIENTED_EDGE('',*,*,#3367,.F.);
#2161=ORIENTED_EDGE('',*,*,#3345,.F.);
#2162=ORIENTED_EDGE('',*,*,#3489,.F.);
#2163=ORIENTED_EDGE('',*,*,#3490,.F.);
#2164=ORIENTED_EDGE('',*,*,#3491,.F.);
#2165=ORIENTED_EDGE('',*,*,#3492,.F.);
#2166=ORIENTED_EDGE('',*,*,#3493,.F.);
#2167=ORIENTED_EDGE('',*,*,#3329,.F.);
#2168=ORIENTED_EDGE('',*,*,#3369,.F.);
#2169=ORIENTED_EDGE('',*,*,#3336,.F.);
#2170=ORIENTED_EDGE('',*,*,#3494,.F.);
#2171=ORIENTED_EDGE('',*,*,#3495,.F.);
#2172=ORIENTED_EDGE('',*,*,#3496,.F.);
#2173=ORIENTED_EDGE('',*,*,#3497,.F.);
#2174=ORIENTED_EDGE('',*,*,#3498,.F.);
#2175=ORIENTED_EDGE('',*,*,#3319,.F.);
#2176=ORIENTED_EDGE('',*,*,#3371,.F.);
#2177=ORIENTED_EDGE('',*,*,#3326,.F.);
#2178=ORIENTED_EDGE('',*,*,#3499,.F.);
#2179=ORIENTED_EDGE('',*,*,#3500,.F.);
#2180=ORIENTED_EDGE('',*,*,#3501,.F.);
#2181=ORIENTED_EDGE('',*,*,#3502,.F.);
#2182=ORIENTED_EDGE('',*,*,#3503,.F.);
#2183=ORIENTED_EDGE('',*,*,#3309,.F.);
#2184=ORIENTED_EDGE('',*,*,#3373,.F.);
#2185=ORIENTED_EDGE('',*,*,#3316,.F.);
#2186=ORIENTED_EDGE('',*,*,#3504,.F.);
#2187=ORIENTED_EDGE('',*,*,#3116,.F.);
#2188=ORIENTED_EDGE('',*,*,#3011,.F.);
#2189=ORIENTED_EDGE('',*,*,#3113,.F.);
#2190=ORIENTED_EDGE('',*,*,#3014,.F.);
#2191=ORIENTED_EDGE('',*,*,#2963,.F.);
#2192=ORIENTED_EDGE('',*,*,#3375,.F.);
#2193=ORIENTED_EDGE('',*,*,#2966,.F.);
#2194=ORIENTED_EDGE('',*,*,#3017,.F.);
#2195=ORIENTED_EDGE('',*,*,#3111,.F.);
#2196=ORIENTED_EDGE('',*,*,#3021,.F.);
#2197=ORIENTED_EDGE('',*,*,#3109,.F.);
#2198=ORIENTED_EDGE('',*,*,#3024,.F.);
#2199=ORIENTED_EDGE('',*,*,#2955,.F.);
#2200=ORIENTED_EDGE('',*,*,#3377,.F.);
#2201=ORIENTED_EDGE('',*,*,#2958,.F.);
#2202=ORIENTED_EDGE('',*,*,#3027,.F.);
#2203=ORIENTED_EDGE('',*,*,#3107,.F.);
#2204=ORIENTED_EDGE('',*,*,#3031,.F.);
#2205=ORIENTED_EDGE('',*,*,#3105,.F.);
#2206=ORIENTED_EDGE('',*,*,#3034,.F.);
#2207=ORIENTED_EDGE('',*,*,#2946,.F.);
#2208=ORIENTED_EDGE('',*,*,#3379,.F.);
#2209=ORIENTED_EDGE('',*,*,#2950,.F.);
#2210=ORIENTED_EDGE('',*,*,#3037,.F.);
#2211=ORIENTED_EDGE('',*,*,#3103,.F.);
#2212=ORIENTED_EDGE('',*,*,#3041,.F.);
#2213=ORIENTED_EDGE('',*,*,#3101,.F.);
#2214=ORIENTED_EDGE('',*,*,#3044,.F.);
#2215=ORIENTED_EDGE('',*,*,#2938,.F.);
#2216=ORIENTED_EDGE('',*,*,#3381,.F.);
#2217=ORIENTED_EDGE('',*,*,#2942,.F.);
#2218=ORIENTED_EDGE('',*,*,#3047,.F.);
#2219=ORIENTED_EDGE('',*,*,#3099,.F.);
#2220=ORIENTED_EDGE('',*,*,#3052,.F.);
#2221=ORIENTED_EDGE('',*,*,#3097,.F.);
#2222=ORIENTED_EDGE('',*,*,#3055,.F.);
#2223=ORIENTED_EDGE('',*,*,#2931,.F.);
#2224=ORIENTED_EDGE('',*,*,#3383,.F.);
#2225=ORIENTED_EDGE('',*,*,#2934,.F.);
#2226=ORIENTED_EDGE('',*,*,#3058,.F.);
#2227=ORIENTED_EDGE('',*,*,#3095,.F.);
#2228=ORIENTED_EDGE('',*,*,#3062,.F.);
#2229=ORIENTED_EDGE('',*,*,#3093,.F.);
#2230=ORIENTED_EDGE('',*,*,#3065,.F.);
#2231=ORIENTED_EDGE('',*,*,#2927,.F.);
#2232=ORIENTED_EDGE('',*,*,#3385,.F.);
#2233=ORIENTED_EDGE('',*,*,#3271,.F.);
#2234=ORIENTED_EDGE('',*,*,#3505,.F.);
#2235=ORIENTED_EDGE('',*,*,#3506,.F.);
#2236=ORIENTED_EDGE('',*,*,#3507,.F.);
#2237=ORIENTED_EDGE('',*,*,#3508,.F.);
#2238=ORIENTED_EDGE('',*,*,#3509,.F.);
#2239=ORIENTED_EDGE('',*,*,#3255,.F.);
#2240=ORIENTED_EDGE('',*,*,#3387,.F.);
#2241=ORIENTED_EDGE('',*,*,#3262,.F.);
#2242=ORIENTED_EDGE('',*,*,#3510,.F.);
#2243=ORIENTED_EDGE('',*,*,#3511,.F.);
#2244=ORIENTED_EDGE('',*,*,#3512,.F.);
#2245=ORIENTED_EDGE('',*,*,#3513,.F.);
#2246=ORIENTED_EDGE('',*,*,#3514,.F.);
#2247=ORIENTED_EDGE('',*,*,#3245,.F.);
#2248=ORIENTED_EDGE('',*,*,#3389,.F.);
#2249=ORIENTED_EDGE('',*,*,#3252,.F.);
#2250=ORIENTED_EDGE('',*,*,#3515,.F.);
#2251=ORIENTED_EDGE('',*,*,#3516,.F.);
#2252=ORIENTED_EDGE('',*,*,#3517,.F.);
#2253=ORIENTED_EDGE('',*,*,#3518,.F.);
#2254=ORIENTED_EDGE('',*,*,#3519,.F.);
#2255=ORIENTED_EDGE('',*,*,#3235,.F.);
#2256=ORIENTED_EDGE('',*,*,#3391,.F.);
#2257=ORIENTED_EDGE('',*,*,#3242,.F.);
#2258=ORIENTED_EDGE('',*,*,#3520,.F.);
#2259=ORIENTED_EDGE('',*,*,#3521,.F.);
#2260=ORIENTED_EDGE('',*,*,#3522,.F.);
#2261=ORIENTED_EDGE('',*,*,#3523,.F.);
#2262=ORIENTED_EDGE('',*,*,#3524,.F.);
#2263=ORIENTED_EDGE('',*,*,#3226,.F.);
#2264=ORIENTED_EDGE('',*,*,#3393,.F.);
#2265=ORIENTED_EDGE('',*,*,#2921,.F.);
#2266=ORIENTED_EDGE('',*,*,#3068,.F.);
#2267=ORIENTED_EDGE('',*,*,#3091,.F.);
#2268=ORIENTED_EDGE('',*,*,#3072,.F.);
#2269=ORIENTED_EDGE('',*,*,#3089,.F.);
#2270=ORIENTED_EDGE('',*,*,#3075,.F.);
#2271=ORIENTED_EDGE('',*,*,#2914,.F.);
#2272=ORIENTED_EDGE('',*,*,#3395,.F.);
#2273=ORIENTED_EDGE('',*,*,#2916,.F.);
#2274=ORIENTED_EDGE('',*,*,#3077,.F.);
#2275=ORIENTED_EDGE('',*,*,#3087,.F.);
#2276=ORIENTED_EDGE('',*,*,#3080,.F.);
#2277=ORIENTED_EDGE('',*,*,#3086,.F.);
#2278=ORIENTED_EDGE('',*,*,#3082,.F.);
#2279=ORIENTED_EDGE('',*,*,#2909,.F.);
#2280=ORIENTED_EDGE('',*,*,#3397,.F.);
#2281=ORIENTED_EDGE('',*,*,#3525,.F.);
#2282=ORIENTED_EDGE('',*,*,#3526,.F.);
#2283=ORIENTED_EDGE('',*,*,#3444,.T.);
#2284=ORIENTED_EDGE('',*,*,#3356,.T.);
#2285=ORIENTED_EDGE('',*,*,#3527,.F.);
#2286=ORIENTED_EDGE('',*,*,#3359,.F.);
#2287=ORIENTED_EDGE('',*,*,#3443,.T.);
#2288=ORIENTED_EDGE('',*,*,#3528,.T.);
#2289=ORIENTED_EDGE('',*,*,#3529,.F.);
#2290=ORIENTED_EDGE('',*,*,#3530,.F.);
#2291=ORIENTED_EDGE('',*,*,#3441,.T.);
#2292=ORIENTED_EDGE('',*,*,#3531,.T.);
#2293=ORIENTED_EDGE('',*,*,#3532,.F.);
#2294=ORIENTED_EDGE('',*,*,#3533,.F.);
#2295=ORIENTED_EDGE('',*,*,#3446,.T.);
#2296=ORIENTED_EDGE('',*,*,#3534,.T.);
#2297=ORIENTED_EDGE('',*,*,#3535,.F.);
#2298=ORIENTED_EDGE('',*,*,#3536,.F.);
#2299=ORIENTED_EDGE('',*,*,#3439,.T.);
#2300=ORIENTED_EDGE('',*,*,#3348,.T.);
#2301=ORIENTED_EDGE('',*,*,#3537,.T.);
#2302=ORIENTED_EDGE('',*,*,#3538,.T.);
#2303=ORIENTED_EDGE('',*,*,#3351,.F.);
#2304=ORIENTED_EDGE('',*,*,#3438,.T.);
#2305=ORIENTED_EDGE('',*,*,#3539,.T.);
#2306=ORIENTED_EDGE('',*,*,#3540,.T.);
#2307=ORIENTED_EDGE('',*,*,#3541,.F.);
#2308=ORIENTED_EDGE('',*,*,#3436,.T.);
#2309=ORIENTED_EDGE('',*,*,#3339,.T.);
#2310=ORIENTED_EDGE('',*,*,#3542,.T.);
#2311=ORIENTED_EDGE('',*,*,#3543,.F.);
#2312=ORIENTED_EDGE('',*,*,#3434,.T.);
#2313=ORIENTED_EDGE('',*,*,#3489,.T.);
#2314=ORIENTED_EDGE('',*,*,#3344,.F.);
#2315=ORIENTED_EDGE('',*,*,#3433,.T.);
#2316=ORIENTED_EDGE('',*,*,#3544,.T.);
#2317=ORIENTED_EDGE('',*,*,#3491,.T.);
#2318=ORIENTED_EDGE('',*,*,#3545,.F.);
#2319=ORIENTED_EDGE('',*,*,#3431,.T.);
#2320=ORIENTED_EDGE('',*,*,#3546,.T.);
#2321=ORIENTED_EDGE('',*,*,#3493,.T.);
#2322=ORIENTED_EDGE('',*,*,#3547,.F.);
#2323=ORIENTED_EDGE('',*,*,#3429,.T.);
#2324=ORIENTED_EDGE('',*,*,#3330,.T.);
#2325=ORIENTED_EDGE('',*,*,#3494,.T.);
#2326=ORIENTED_EDGE('',*,*,#3335,.F.);
#2327=ORIENTED_EDGE('',*,*,#3428,.T.);
#2328=ORIENTED_EDGE('',*,*,#3548,.T.);
#2329=ORIENTED_EDGE('',*,*,#3496,.T.);
#2330=ORIENTED_EDGE('',*,*,#3549,.F.);
#2331=ORIENTED_EDGE('',*,*,#3426,.T.);
#2332=ORIENTED_EDGE('',*,*,#3550,.T.);
#2333=ORIENTED_EDGE('',*,*,#3498,.T.);
#2334=ORIENTED_EDGE('',*,*,#3551,.F.);
#2335=ORIENTED_EDGE('',*,*,#3424,.T.);
#2336=ORIENTED_EDGE('',*,*,#3320,.T.);
#2337=ORIENTED_EDGE('',*,*,#3499,.T.);
#2338=ORIENTED_EDGE('',*,*,#3325,.F.);
#2339=ORIENTED_EDGE('',*,*,#3423,.T.);
#2340=ORIENTED_EDGE('',*,*,#3552,.T.);
#2341=ORIENTED_EDGE('',*,*,#3501,.T.);
#2342=ORIENTED_EDGE('',*,*,#3553,.F.);
#2343=ORIENTED_EDGE('',*,*,#3421,.T.);
#2344=ORIENTED_EDGE('',*,*,#3554,.T.);
#2345=ORIENTED_EDGE('',*,*,#3503,.T.);
#2346=ORIENTED_EDGE('',*,*,#3555,.F.);
#2347=ORIENTED_EDGE('',*,*,#3419,.T.);
#2348=ORIENTED_EDGE('',*,*,#3310,.T.);
#2349=ORIENTED_EDGE('',*,*,#3556,.T.);
#2350=ORIENTED_EDGE('',*,*,#3557,.T.);
#2351=ORIENTED_EDGE('',*,*,#3558,.T.);
#2352=ORIENTED_EDGE('',*,*,#3559,.T.);
#2353=ORIENTED_EDGE('',*,*,#3114,.T.);
#2354=ORIENTED_EDGE('',*,*,#3504,.T.);
#2355=ORIENTED_EDGE('',*,*,#3315,.F.);
#2356=ORIENTED_EDGE('',*,*,#3418,.T.);
#2357=ORIENTED_EDGE('',*,*,#3560,.T.);
#2358=ORIENTED_EDGE('',*,*,#3561,.T.);
#2359=ORIENTED_EDGE('',*,*,#3562,.F.);
#2360=ORIENTED_EDGE('',*,*,#3416,.T.);
#2361=ORIENTED_EDGE('',*,*,#3301,.T.);
#2362=ORIENTED_EDGE('',*,*,#3563,.T.);
#2363=ORIENTED_EDGE('',*,*,#3564,.F.);
#2364=ORIENTED_EDGE('',*,*,#3414,.T.);
#2365=ORIENTED_EDGE('',*,*,#3565,.T.);
#2366=ORIENTED_EDGE('',*,*,#3566,.T.);
#2367=ORIENTED_EDGE('',*,*,#3304,.F.);
#2368=ORIENTED_EDGE('',*,*,#3413,.T.);
#2369=ORIENTED_EDGE('',*,*,#3567,.T.);
#2370=ORIENTED_EDGE('',*,*,#3568,.T.);
#2371=ORIENTED_EDGE('',*,*,#3569,.F.);
#2372=ORIENTED_EDGE('',*,*,#3411,.T.);
#2373=ORIENTED_EDGE('',*,*,#3294,.T.);
#2374=ORIENTED_EDGE('',*,*,#3570,.T.);
#2375=ORIENTED_EDGE('',*,*,#3571,.F.);
#2376=ORIENTED_EDGE('',*,*,#3409,.T.);
#2377=ORIENTED_EDGE('',*,*,#2820,.F.);
#2378=ORIENTED_EDGE('',*,*,#3297,.F.);
#2379=ORIENTED_EDGE('',*,*,#3408,.T.);
#2380=ORIENTED_EDGE('',*,*,#3572,.T.);
#2381=ORIENTED_EDGE('',*,*,#2822,.F.);
#2382=ORIENTED_EDGE('',*,*,#3573,.F.);
#2383=ORIENTED_EDGE('',*,*,#3406,.T.);
#2384=ORIENTED_EDGE('',*,*,#3574,.T.);
#2385=ORIENTED_EDGE('',*,*,#2824,.F.);
#2386=ORIENTED_EDGE('',*,*,#3575,.F.);
#2387=ORIENTED_EDGE('',*,*,#3404,.T.);
#2388=ORIENTED_EDGE('',*,*,#3287,.T.);
#2389=ORIENTED_EDGE('',*,*,#2828,.F.);
#2390=ORIENTED_EDGE('',*,*,#3290,.F.);
#2391=ORIENTED_EDGE('',*,*,#3403,.T.);
#2392=ORIENTED_EDGE('',*,*,#3576,.T.);
#2393=ORIENTED_EDGE('',*,*,#2830,.F.);
#2394=ORIENTED_EDGE('',*,*,#3577,.F.);
#2395=ORIENTED_EDGE('',*,*,#3401,.T.);
#2396=ORIENTED_EDGE('',*,*,#3578,.T.);
#2397=ORIENTED_EDGE('',*,*,#2832,.F.);
#2398=ORIENTED_EDGE('',*,*,#3579,.F.);
#2399=ORIENTED_EDGE('',*,*,#3399,.T.);
#2400=ORIENTED_EDGE('',*,*,#3281,.T.);
#2401=ORIENTED_EDGE('',*,*,#2836,.F.);
#2402=ORIENTED_EDGE('',*,*,#3284,.F.);
#2403=ORIENTED_EDGE('',*,*,#3488,.T.);
#2404=ORIENTED_EDGE('',*,*,#3580,.T.);
#2405=ORIENTED_EDGE('',*,*,#2814,.F.);
#2406=ORIENTED_EDGE('',*,*,#3581,.F.);
#2407=ORIENTED_EDGE('',*,*,#3486,.T.);
#2408=ORIENTED_EDGE('',*,*,#3582,.T.);
#2409=ORIENTED_EDGE('',*,*,#3583,.T.);
#2410=ORIENTED_EDGE('',*,*,#3274,.T.);
#2411=ORIENTED_EDGE('',*,*,#3584,.T.);
#2412=ORIENTED_EDGE('',*,*,#3585,.F.);
#2413=ORIENTED_EDGE('',*,*,#3484,.T.);
#2414=ORIENTED_EDGE('',*,*,#3586,.T.);
#2415=ORIENTED_EDGE('',*,*,#3587,.T.);
#2416=ORIENTED_EDGE('',*,*,#3277,.F.);
#2417=ORIENTED_EDGE('',*,*,#3483,.T.);
#2418=ORIENTED_EDGE('',*,*,#3588,.T.);
#2419=ORIENTED_EDGE('',*,*,#3589,.T.);
#2420=ORIENTED_EDGE('',*,*,#3590,.F.);
#2421=ORIENTED_EDGE('',*,*,#3481,.T.);
#2422=ORIENTED_EDGE('',*,*,#3265,.T.);
#2423=ORIENTED_EDGE('',*,*,#3591,.T.);
#2424=ORIENTED_EDGE('',*,*,#3592,.F.);
#2425=ORIENTED_EDGE('',*,*,#3479,.T.);
#2426=ORIENTED_EDGE('',*,*,#3505,.T.);
#2427=ORIENTED_EDGE('',*,*,#3270,.F.);
#2428=ORIENTED_EDGE('',*,*,#3478,.T.);
#2429=ORIENTED_EDGE('',*,*,#3593,.T.);
#2430=ORIENTED_EDGE('',*,*,#3507,.T.);
#2431=ORIENTED_EDGE('',*,*,#3594,.F.);
#2432=ORIENTED_EDGE('',*,*,#3476,.T.);
#2433=ORIENTED_EDGE('',*,*,#3595,.T.);
#2434=ORIENTED_EDGE('',*,*,#3509,.T.);
#2435=ORIENTED_EDGE('',*,*,#3596,.F.);
#2436=ORIENTED_EDGE('',*,*,#3474,.T.);
#2437=ORIENTED_EDGE('',*,*,#3256,.T.);
#2438=ORIENTED_EDGE('',*,*,#3510,.T.);
#2439=ORIENTED_EDGE('',*,*,#3261,.F.);
#2440=ORIENTED_EDGE('',*,*,#3473,.T.);
#2441=ORIENTED_EDGE('',*,*,#3597,.T.);
#2442=ORIENTED_EDGE('',*,*,#3512,.T.);
#2443=ORIENTED_EDGE('',*,*,#3598,.F.);
#2444=ORIENTED_EDGE('',*,*,#3471,.T.);
#2445=ORIENTED_EDGE('',*,*,#3599,.T.);
#2446=ORIENTED_EDGE('',*,*,#3514,.T.);
#2447=ORIENTED_EDGE('',*,*,#3600,.F.);
#2448=ORIENTED_EDGE('',*,*,#3469,.T.);
#2449=ORIENTED_EDGE('',*,*,#3246,.T.);
#2450=ORIENTED_EDGE('',*,*,#3515,.T.);
#2451=ORIENTED_EDGE('',*,*,#3251,.F.);
#2452=ORIENTED_EDGE('',*,*,#3468,.T.);
#2453=ORIENTED_EDGE('',*,*,#3601,.T.);
#2454=ORIENTED_EDGE('',*,*,#3517,.T.);
#2455=ORIENTED_EDGE('',*,*,#3602,.F.);
#2456=ORIENTED_EDGE('',*,*,#3466,.T.);
#2457=ORIENTED_EDGE('',*,*,#3603,.T.);
#2458=ORIENTED_EDGE('',*,*,#3519,.T.);
#2459=ORIENTED_EDGE('',*,*,#3604,.F.);
#2460=ORIENTED_EDGE('',*,*,#3464,.T.);
#2461=ORIENTED_EDGE('',*,*,#3236,.T.);
#2462=ORIENTED_EDGE('',*,*,#3520,.T.);
#2463=ORIENTED_EDGE('',*,*,#3241,.F.);
#2464=ORIENTED_EDGE('',*,*,#3463,.T.);
#2465=ORIENTED_EDGE('',*,*,#3605,.T.);
#2466=ORIENTED_EDGE('',*,*,#3522,.T.);
#2467=ORIENTED_EDGE('',*,*,#3606,.F.);
#2468=ORIENTED_EDGE('',*,*,#3461,.T.);
#2469=ORIENTED_EDGE('',*,*,#3607,.T.);
#2470=ORIENTED_EDGE('',*,*,#3524,.T.);
#2471=ORIENTED_EDGE('',*,*,#3608,.F.);
#2472=ORIENTED_EDGE('',*,*,#3459,.T.);
#2473=ORIENTED_EDGE('',*,*,#3227,.T.);
#2474=ORIENTED_EDGE('',*,*,#3609,.T.);
#2475=ORIENTED_EDGE('',*,*,#3610,.T.);
#2476=ORIENTED_EDGE('',*,*,#3230,.F.);
#2477=ORIENTED_EDGE('',*,*,#3458,.T.);
#2478=ORIENTED_EDGE('',*,*,#3611,.T.);
#2479=ORIENTED_EDGE('',*,*,#3612,.T.);
#2480=ORIENTED_EDGE('',*,*,#3613,.F.);
#2481=ORIENTED_EDGE('',*,*,#3456,.T.);
#2482=ORIENTED_EDGE('',*,*,#3218,.T.);
#2483=ORIENTED_EDGE('',*,*,#3614,.T.);
#2484=ORIENTED_EDGE('',*,*,#3615,.F.);
#2485=ORIENTED_EDGE('',*,*,#3454,.T.);
#2486=ORIENTED_EDGE('',*,*,#3616,.F.);
#2487=ORIENTED_EDGE('',*,*,#3221,.F.);
#2488=ORIENTED_EDGE('',*,*,#3453,.T.);
#2489=ORIENTED_EDGE('',*,*,#3617,.T.);
#2490=ORIENTED_EDGE('',*,*,#3618,.F.);
#2491=ORIENTED_EDGE('',*,*,#3619,.F.);
#2492=ORIENTED_EDGE('',*,*,#3451,.T.);
#2493=ORIENTED_EDGE('',*,*,#3620,.T.);
#2494=ORIENTED_EDGE('',*,*,#3621,.F.);
#2495=ORIENTED_EDGE('',*,*,#3622,.F.);
#2496=ORIENTED_EDGE('',*,*,#3449,.T.);
#2497=ORIENTED_EDGE('',*,*,#3214,.T.);
#2498=ORIENTED_EDGE('',*,*,#3623,.F.);
#2499=ORIENTED_EDGE('',*,*,#3209,.F.);
#2500=ORIENTED_EDGE('',*,*,#3448,.T.);
#2501=ORIENTED_EDGE('',*,*,#3624,.T.);
#2502=ORIENTED_EDGE('',*,*,#3533,.T.);
#2503=ORIENTED_EDGE('',*,*,#3625,.T.);
#2504=ORIENTED_EDGE('',*,*,#3624,.F.);
#2505=ORIENTED_EDGE('',*,*,#3447,.T.);
#2506=ORIENTED_EDGE('',*,*,#3622,.T.);
#2507=ORIENTED_EDGE('',*,*,#3626,.T.);
#2508=ORIENTED_EDGE('',*,*,#3620,.F.);
#2509=ORIENTED_EDGE('',*,*,#3450,.T.);
#2510=ORIENTED_EDGE('',*,*,#3619,.T.);
#2511=ORIENTED_EDGE('',*,*,#3627,.T.);
#2512=ORIENTED_EDGE('',*,*,#3617,.F.);
#2513=ORIENTED_EDGE('',*,*,#3452,.T.);
#2514=ORIENTED_EDGE('',*,*,#3615,.T.);
#2515=ORIENTED_EDGE('',*,*,#3628,.T.);
#2516=ORIENTED_EDGE('',*,*,#3611,.F.);
#2517=ORIENTED_EDGE('',*,*,#3455,.T.);
#2518=ORIENTED_EDGE('',*,*,#3613,.T.);
#2519=ORIENTED_EDGE('',*,*,#3629,.T.);
#2520=ORIENTED_EDGE('',*,*,#3609,.F.);
#2521=ORIENTED_EDGE('',*,*,#3457,.T.);
#2522=ORIENTED_EDGE('',*,*,#3523,.T.);
#2523=ORIENTED_EDGE('',*,*,#3607,.F.);
#2524=ORIENTED_EDGE('',*,*,#3460,.T.);
#2525=ORIENTED_EDGE('',*,*,#3608,.T.);
#2526=ORIENTED_EDGE('',*,*,#3521,.T.);
#2527=ORIENTED_EDGE('',*,*,#3605,.F.);
#2528=ORIENTED_EDGE('',*,*,#3462,.T.);
#2529=ORIENTED_EDGE('',*,*,#3606,.T.);
#2530=ORIENTED_EDGE('',*,*,#3518,.T.);
#2531=ORIENTED_EDGE('',*,*,#3603,.F.);
#2532=ORIENTED_EDGE('',*,*,#3465,.T.);
#2533=ORIENTED_EDGE('',*,*,#3604,.T.);
#2534=ORIENTED_EDGE('',*,*,#3516,.T.);
#2535=ORIENTED_EDGE('',*,*,#3601,.F.);
#2536=ORIENTED_EDGE('',*,*,#3467,.T.);
#2537=ORIENTED_EDGE('',*,*,#3602,.T.);
#2538=ORIENTED_EDGE('',*,*,#3513,.T.);
#2539=ORIENTED_EDGE('',*,*,#3599,.F.);
#2540=ORIENTED_EDGE('',*,*,#3470,.T.);
#2541=ORIENTED_EDGE('',*,*,#3600,.T.);
#2542=ORIENTED_EDGE('',*,*,#3511,.T.);
#2543=ORIENTED_EDGE('',*,*,#3597,.F.);
#2544=ORIENTED_EDGE('',*,*,#3472,.T.);
#2545=ORIENTED_EDGE('',*,*,#3598,.T.);
#2546=ORIENTED_EDGE('',*,*,#3508,.T.);
#2547=ORIENTED_EDGE('',*,*,#3595,.F.);
#2548=ORIENTED_EDGE('',*,*,#3475,.T.);
#2549=ORIENTED_EDGE('',*,*,#3596,.T.);
#2550=ORIENTED_EDGE('',*,*,#3506,.T.);
#2551=ORIENTED_EDGE('',*,*,#3593,.F.);
#2552=ORIENTED_EDGE('',*,*,#3477,.T.);
#2553=ORIENTED_EDGE('',*,*,#3594,.T.);
#2554=ORIENTED_EDGE('',*,*,#3592,.T.);
#2555=ORIENTED_EDGE('',*,*,#3630,.T.);
#2556=ORIENTED_EDGE('',*,*,#3588,.F.);
#2557=ORIENTED_EDGE('',*,*,#3480,.T.);
#2558=ORIENTED_EDGE('',*,*,#3590,.T.);
#2559=ORIENTED_EDGE('',*,*,#3631,.T.);
#2560=ORIENTED_EDGE('',*,*,#3586,.F.);
#2561=ORIENTED_EDGE('',*,*,#3482,.T.);
#2562=ORIENTED_EDGE('',*,*,#3585,.T.);
#2563=ORIENTED_EDGE('',*,*,#3632,.T.);
#2564=ORIENTED_EDGE('',*,*,#3582,.F.);
#2565=ORIENTED_EDGE('',*,*,#3485,.T.);
#2566=ORIENTED_EDGE('',*,*,#3581,.T.);
#2567=ORIENTED_EDGE('',*,*,#2837,.T.);
#2568=ORIENTED_EDGE('',*,*,#3580,.F.);
#2569=ORIENTED_EDGE('',*,*,#3487,.T.);
#2570=ORIENTED_EDGE('',*,*,#3579,.T.);
#2571=ORIENTED_EDGE('',*,*,#2831,.T.);
#2572=ORIENTED_EDGE('',*,*,#3578,.F.);
#2573=ORIENTED_EDGE('',*,*,#3400,.T.);
#2574=ORIENTED_EDGE('',*,*,#3577,.T.);
#2575=ORIENTED_EDGE('',*,*,#2829,.T.);
#2576=ORIENTED_EDGE('',*,*,#3576,.F.);
#2577=ORIENTED_EDGE('',*,*,#3402,.T.);
#2578=ORIENTED_EDGE('',*,*,#3575,.T.);
#2579=ORIENTED_EDGE('',*,*,#2823,.T.);
#2580=ORIENTED_EDGE('',*,*,#3574,.F.);
#2581=ORIENTED_EDGE('',*,*,#3405,.T.);
#2582=ORIENTED_EDGE('',*,*,#3573,.T.);
#2583=ORIENTED_EDGE('',*,*,#2821,.T.);
#2584=ORIENTED_EDGE('',*,*,#3572,.F.);
#2585=ORIENTED_EDGE('',*,*,#3407,.T.);
#2586=ORIENTED_EDGE('',*,*,#3571,.T.);
#2587=ORIENTED_EDGE('',*,*,#3633,.T.);
#2588=ORIENTED_EDGE('',*,*,#3567,.F.);
#2589=ORIENTED_EDGE('',*,*,#3410,.T.);
#2590=ORIENTED_EDGE('',*,*,#3569,.T.);
#2591=ORIENTED_EDGE('',*,*,#3634,.T.);
#2592=ORIENTED_EDGE('',*,*,#3565,.F.);
#2593=ORIENTED_EDGE('',*,*,#3412,.T.);
#2594=ORIENTED_EDGE('',*,*,#3564,.T.);
#2595=ORIENTED_EDGE('',*,*,#3635,.T.);
#2596=ORIENTED_EDGE('',*,*,#3560,.F.);
#2597=ORIENTED_EDGE('',*,*,#3415,.T.);
#2598=ORIENTED_EDGE('',*,*,#3562,.T.);
#2599=ORIENTED_EDGE('',*,*,#3636,.T.);
#2600=ORIENTED_EDGE('',*,*,#3556,.F.);
#2601=ORIENTED_EDGE('',*,*,#3417,.T.);
#2602=ORIENTED_EDGE('',*,*,#3502,.T.);
#2603=ORIENTED_EDGE('',*,*,#3554,.F.);
#2604=ORIENTED_EDGE('',*,*,#3420,.T.);
#2605=ORIENTED_EDGE('',*,*,#3555,.T.);
#2606=ORIENTED_EDGE('',*,*,#3500,.T.);
#2607=ORIENTED_EDGE('',*,*,#3552,.F.);
#2608=ORIENTED_EDGE('',*,*,#3422,.T.);
#2609=ORIENTED_EDGE('',*,*,#3553,.T.);
#2610=ORIENTED_EDGE('',*,*,#3497,.T.);
#2611=ORIENTED_EDGE('',*,*,#3550,.F.);
#2612=ORIENTED_EDGE('',*,*,#3425,.T.);
#2613=ORIENTED_EDGE('',*,*,#3551,.T.);
#2614=ORIENTED_EDGE('',*,*,#3495,.T.);
#2615=ORIENTED_EDGE('',*,*,#3548,.F.);
#2616=ORIENTED_EDGE('',*,*,#3427,.T.);
#2617=ORIENTED_EDGE('',*,*,#3549,.T.);
#2618=ORIENTED_EDGE('',*,*,#3492,.T.);
#2619=ORIENTED_EDGE('',*,*,#3546,.F.);
#2620=ORIENTED_EDGE('',*,*,#3430,.T.);
#2621=ORIENTED_EDGE('',*,*,#3547,.T.);
#2622=ORIENTED_EDGE('',*,*,#3490,.T.);
#2623=ORIENTED_EDGE('',*,*,#3544,.F.);
#2624=ORIENTED_EDGE('',*,*,#3432,.T.);
#2625=ORIENTED_EDGE('',*,*,#3545,.T.);
#2626=ORIENTED_EDGE('',*,*,#3543,.T.);
#2627=ORIENTED_EDGE('',*,*,#3637,.T.);
#2628=ORIENTED_EDGE('',*,*,#3539,.F.);
#2629=ORIENTED_EDGE('',*,*,#3435,.T.);
#2630=ORIENTED_EDGE('',*,*,#3541,.T.);
#2631=ORIENTED_EDGE('',*,*,#3638,.T.);
#2632=ORIENTED_EDGE('',*,*,#3537,.F.);
#2633=ORIENTED_EDGE('',*,*,#3437,.T.);
#2634=ORIENTED_EDGE('',*,*,#3536,.T.);
#2635=ORIENTED_EDGE('',*,*,#3639,.T.);
#2636=ORIENTED_EDGE('',*,*,#3531,.F.);
#2637=ORIENTED_EDGE('',*,*,#3440,.T.);
#2638=ORIENTED_EDGE('',*,*,#3530,.T.);
#2639=ORIENTED_EDGE('',*,*,#3640,.T.);
#2640=ORIENTED_EDGE('',*,*,#3528,.F.);
#2641=ORIENTED_EDGE('',*,*,#3442,.T.);
#2642=ORIENTED_EDGE('',*,*,#3526,.T.);
#2643=ORIENTED_EDGE('',*,*,#3641,.T.);
#2644=ORIENTED_EDGE('',*,*,#3534,.F.);
#2645=ORIENTED_EDGE('',*,*,#3445,.T.);
#2646=ORIENTED_EDGE('',*,*,#3171,.F.);
#2647=ORIENTED_EDGE('',*,*,#3642,.T.);
#2648=ORIENTED_EDGE('',*,*,#3191,.F.);
#2649=ORIENTED_EDGE('',*,*,#3643,.T.);
#2650=ORIENTED_EDGE('',*,*,#3133,.T.);
#2651=ORIENTED_EDGE('',*,*,#3644,.T.);
#2652=ORIENTED_EDGE('',*,*,#3558,.F.);
#2653=ORIENTED_EDGE('',*,*,#3645,.T.);
#2654=ORIENTED_EDGE('',*,*,#3206,.F.);
#2655=ORIENTED_EDGE('',*,*,#3646,.T.);
#2656=ORIENTED_EDGE('',*,*,#3197,.F.);
#2657=ORIENTED_EDGE('',*,*,#3222,.F.);
#2658=ORIENTED_EDGE('',*,*,#3616,.T.);
#2659=ORIENTED_EDGE('',*,*,#3627,.F.);
#2660=ORIENTED_EDGE('',*,*,#3618,.T.);
#2661=ORIENTED_EDGE('',*,*,#3626,.F.);
#2662=ORIENTED_EDGE('',*,*,#3621,.T.);
#2663=ORIENTED_EDGE('',*,*,#3213,.F.);
#2664=ORIENTED_EDGE('',*,*,#3202,.F.);
#2665=ORIENTED_EDGE('',*,*,#3210,.F.);
#2666=ORIENTED_EDGE('',*,*,#3623,.T.);
#2667=ORIENTED_EDGE('',*,*,#3625,.F.);
#2668=ORIENTED_EDGE('',*,*,#3532,.T.);
#2669=ORIENTED_EDGE('',*,*,#3641,.F.);
#2670=ORIENTED_EDGE('',*,*,#3525,.T.);
#2671=ORIENTED_EDGE('',*,*,#3355,.F.);
#2672=ORIENTED_EDGE('',*,*,#3125,.F.);
#2673=ORIENTED_EDGE('',*,*,#3360,.F.);
#2674=ORIENTED_EDGE('',*,*,#3527,.T.);
#2675=ORIENTED_EDGE('',*,*,#3640,.F.);
#2676=ORIENTED_EDGE('',*,*,#3529,.T.);
#2677=ORIENTED_EDGE('',*,*,#3639,.F.);
#2678=ORIENTED_EDGE('',*,*,#3535,.T.);
#2679=ORIENTED_EDGE('',*,*,#3347,.F.);
#2680=ORIENTED_EDGE('',*,*,#3130,.F.);
#2681=ORIENTED_EDGE('',*,*,#3647,.T.);
#2682=ORIENTED_EDGE('',*,*,#2902,.T.);
#2683=ORIENTED_EDGE('',*,*,#3648,.T.);
#2684=ORIENTED_EDGE('',*,*,#3049,.F.);
#2685=ORIENTED_EDGE('',*,*,#3098,.T.);
#2686=ORIENTED_EDGE('',*,*,#3045,.F.);
#2687=ORIENTED_EDGE('',*,*,#2940,.T.);
#2688=ORIENTED_EDGE('',*,*,#2886,.T.);
#2689=ORIENTED_EDGE('',*,*,#2936,.T.);
#2690=ORIENTED_EDGE('',*,*,#3043,.F.);
#2691=ORIENTED_EDGE('',*,*,#3100,.T.);
#2692=ORIENTED_EDGE('',*,*,#3039,.F.);
#2693=ORIENTED_EDGE('',*,*,#3102,.T.);
#2694=ORIENTED_EDGE('',*,*,#3035,.F.);
#2695=ORIENTED_EDGE('',*,*,#2948,.T.);
#2696=ORIENTED_EDGE('',*,*,#2882,.T.);
#2697=ORIENTED_EDGE('',*,*,#2944,.T.);
#2698=ORIENTED_EDGE('',*,*,#3033,.F.);
#2699=ORIENTED_EDGE('',*,*,#3104,.T.);
#2700=ORIENTED_EDGE('',*,*,#3029,.F.);
#2701=ORIENTED_EDGE('',*,*,#3106,.T.);
#2702=ORIENTED_EDGE('',*,*,#3025,.F.);
#2703=ORIENTED_EDGE('',*,*,#2956,.T.);
#2704=ORIENTED_EDGE('',*,*,#2877,.T.);
#2705=ORIENTED_EDGE('',*,*,#3649,.T.);
#2706=ORIENTED_EDGE('',*,*,#2904,.F.);
#2707=ORIENTED_EDGE('',*,*,#2839,.F.);
#2708=ORIENTED_EDGE('',*,*,#2897,.F.);
#2709=ORIENTED_EDGE('',*,*,#2912,.F.);
#2710=ORIENTED_EDGE('',*,*,#3074,.F.);
#2711=ORIENTED_EDGE('',*,*,#3088,.F.);
#2712=ORIENTED_EDGE('',*,*,#3070,.F.);
#2713=ORIENTED_EDGE('',*,*,#3090,.F.);
#2714=ORIENTED_EDGE('',*,*,#3066,.F.);
#2715=ORIENTED_EDGE('',*,*,#2919,.F.);
#2716=ORIENTED_EDGE('',*,*,#3192,.F.);
#2717=ORIENTED_EDGE('',*,*,#3642,.F.);
#2718=ORIENTED_EDGE('',*,*,#3170,.F.);
#2719=ORIENTED_EDGE('',*,*,#2924,.F.);
#2720=ORIENTED_EDGE('',*,*,#3064,.F.);
#2721=ORIENTED_EDGE('',*,*,#3092,.F.);
#2722=ORIENTED_EDGE('',*,*,#3060,.F.);
#2723=ORIENTED_EDGE('',*,*,#3094,.F.);
#2724=ORIENTED_EDGE('',*,*,#3056,.F.);
#2725=ORIENTED_EDGE('',*,*,#2932,.F.);
#2726=ORIENTED_EDGE('',*,*,#2891,.F.);
#2727=ORIENTED_EDGE('',*,*,#2929,.F.);
#2728=ORIENTED_EDGE('',*,*,#3054,.F.);
#2729=ORIENTED_EDGE('',*,*,#3096,.F.);
#2730=ORIENTED_EDGE('',*,*,#3050,.F.);
#2731=ORIENTED_EDGE('',*,*,#3648,.F.);
#2732=ORIENTED_EDGE('',*,*,#3172,.F.);
#2733=ORIENTED_EDGE('',*,*,#3643,.F.);
#2734=ORIENTED_EDGE('',*,*,#3190,.F.);
#2735=ORIENTED_EDGE('',*,*,#3231,.F.);
#2736=ORIENTED_EDGE('',*,*,#3610,.F.);
#2737=ORIENTED_EDGE('',*,*,#3629,.F.);
#2738=ORIENTED_EDGE('',*,*,#3612,.F.);
#2739=ORIENTED_EDGE('',*,*,#3628,.F.);
#2740=ORIENTED_EDGE('',*,*,#3614,.F.);
#2741=ORIENTED_EDGE('',*,*,#3217,.F.);
#2742=ORIENTED_EDGE('',*,*,#3198,.F.);
#2743=ORIENTED_EDGE('',*,*,#3646,.F.);
#2744=ORIENTED_EDGE('',*,*,#3205,.F.);
#2745=ORIENTED_EDGE('',*,*,#2815,.F.);
#2746=ORIENTED_EDGE('',*,*,#3583,.F.);
#2747=ORIENTED_EDGE('',*,*,#3632,.F.);
#2748=ORIENTED_EDGE('',*,*,#3584,.F.);
#2749=ORIENTED_EDGE('',*,*,#3273,.F.);
#2750=ORIENTED_EDGE('',*,*,#3167,.F.);
#2751=ORIENTED_EDGE('',*,*,#3278,.F.);
#2752=ORIENTED_EDGE('',*,*,#3587,.F.);
#2753=ORIENTED_EDGE('',*,*,#3631,.F.);
#2754=ORIENTED_EDGE('',*,*,#3589,.F.);
#2755=ORIENTED_EDGE('',*,*,#3630,.F.);
#2756=ORIENTED_EDGE('',*,*,#3591,.F.);
#2757=ORIENTED_EDGE('',*,*,#3264,.F.);
#2758=ORIENTED_EDGE('',*,*,#3559,.F.);
#2759=ORIENTED_EDGE('',*,*,#3644,.F.);
#2760=ORIENTED_EDGE('',*,*,#3139,.F.);
#2761=ORIENTED_EDGE('',*,*,#2969,.F.);
#2762=ORIENTED_EDGE('',*,*,#3006,.F.);
#2763=ORIENTED_EDGE('',*,*,#3117,.F.);
#2764=ORIENTED_EDGE('',*,*,#3002,.F.);
#2765=ORIENTED_EDGE('',*,*,#3119,.F.);
#2766=ORIENTED_EDGE('',*,*,#2998,.F.);
#2767=ORIENTED_EDGE('',*,*,#2976,.F.);
#2768=ORIENTED_EDGE('',*,*,#2869,.F.);
#2769=ORIENTED_EDGE('',*,*,#2841,.F.);
#2770=ORIENTED_EDGE('',*,*,#2903,.F.);
#2771=ORIENTED_EDGE('',*,*,#3649,.F.);
#2772=ORIENTED_EDGE('',*,*,#2881,.F.);
#2773=ORIENTED_EDGE('',*,*,#2953,.F.);
#2774=ORIENTED_EDGE('',*,*,#3023,.F.);
#2775=ORIENTED_EDGE('',*,*,#3108,.F.);
#2776=ORIENTED_EDGE('',*,*,#3019,.F.);
#2777=ORIENTED_EDGE('',*,*,#3110,.F.);
#2778=ORIENTED_EDGE('',*,*,#3015,.F.);
#2779=ORIENTED_EDGE('',*,*,#2964,.F.);
#2780=ORIENTED_EDGE('',*,*,#2874,.F.);
#2781=ORIENTED_EDGE('',*,*,#2961,.F.);
#2782=ORIENTED_EDGE('',*,*,#3013,.F.);
#2783=ORIENTED_EDGE('',*,*,#3112,.F.);
#2784=ORIENTED_EDGE('',*,*,#3009,.F.);
#2785=ORIENTED_EDGE('',*,*,#3115,.F.);
#2786=ORIENTED_EDGE('',*,*,#3207,.F.);
#2787=ORIENTED_EDGE('',*,*,#3647,.F.);
#2788=ORIENTED_EDGE('',*,*,#3129,.F.);
#2789=ORIENTED_EDGE('',*,*,#3352,.F.);
#2790=ORIENTED_EDGE('',*,*,#3538,.F.);
#2791=ORIENTED_EDGE('',*,*,#3638,.F.);
#2792=ORIENTED_EDGE('',*,*,#3540,.F.);
#2793=ORIENTED_EDGE('',*,*,#3637,.F.);
#2794=ORIENTED_EDGE('',*,*,#3542,.F.);
#2795=ORIENTED_EDGE('',*,*,#3338,.F.);
#2796=ORIENTED_EDGE('',*,*,#3134,.F.);
#2797=ORIENTED_EDGE('',*,*,#3645,.F.);
#2798=ORIENTED_EDGE('',*,*,#3557,.F.);
#2799=ORIENTED_EDGE('',*,*,#3636,.F.);
#2800=ORIENTED_EDGE('',*,*,#3561,.F.);
#2801=ORIENTED_EDGE('',*,*,#3635,.F.);
#2802=ORIENTED_EDGE('',*,*,#3563,.F.);
#2803=ORIENTED_EDGE('',*,*,#3300,.F.);
#2804=ORIENTED_EDGE('',*,*,#3153,.F.);
#2805=ORIENTED_EDGE('',*,*,#3305,.F.);
#2806=ORIENTED_EDGE('',*,*,#3566,.F.);
#2807=ORIENTED_EDGE('',*,*,#3634,.F.);
#2808=ORIENTED_EDGE('',*,*,#3568,.F.);
#2809=ORIENTED_EDGE('',*,*,#3633,.F.);
#2810=ORIENTED_EDGE('',*,*,#3570,.F.);
#2811=ORIENTED_EDGE('',*,*,#3293,.F.);
#2812=ORIENTED_EDGE('',*,*,#3157,.F.);
#2813=ORIENTED_EDGE('',*,*,#2817,.F.);
#2814=EDGE_CURVE('',#3650,#3651,#4208,.F.);
#2815=EDGE_CURVE('',#3651,#3652,#626,.T.);
#2816=EDGE_CURVE('',#3653,#3652,#4209,.F.);
#2817=EDGE_CURVE('',#3653,#3654,#627,.F.);
#2818=EDGE_CURVE('',#3655,#3654,#4210,.F.);
#2819=EDGE_CURVE('',#3656,#3655,#282,.F.);
#2820=EDGE_CURVE('',#3656,#3657,#4211,.F.);
#2821=EDGE_CURVE('',#3658,#3657,#283,.F.);
#2822=EDGE_CURVE('',#3658,#3659,#4212,.F.);
#2823=EDGE_CURVE('',#3660,#3659,#284,.F.);
#2824=EDGE_CURVE('',#3660,#3661,#4213,.F.);
#2825=EDGE_CURVE('',#3662,#3661,#285,.F.);
#2826=EDGE_CURVE('',#3663,#3662,#4214,.F.);
#2827=EDGE_CURVE('',#3664,#3663,#286,.F.);
#2828=EDGE_CURVE('',#3664,#3665,#4215,.F.);
#2829=EDGE_CURVE('',#3666,#3665,#287,.F.);
#2830=EDGE_CURVE('',#3666,#3667,#4216,.F.);
#2831=EDGE_CURVE('',#3668,#3667,#288,.F.);
#2832=EDGE_CURVE('',#3668,#3669,#4217,.F.);
#2833=EDGE_CURVE('',#3670,#3669,#289,.F.);
#2834=EDGE_CURVE('',#3671,#3670,#4218,.F.);
#2835=EDGE_CURVE('',#3672,#3671,#290,.F.);
#2836=EDGE_CURVE('',#3672,#3673,#4219,.F.);
#2837=EDGE_CURVE('',#3650,#3673,#291,.F.);
#2838=EDGE_CURVE('',#3674,#3675,#4220,.F.);
#2839=EDGE_CURVE('',#3675,#3676,#628,.F.);
#2840=EDGE_CURVE('',#3676,#3677,#4221,.F.);
#2841=EDGE_CURVE('',#3677,#3678,#629,.T.);
#2842=EDGE_CURVE('',#3678,#3679,#4222,.F.);
#2843=EDGE_CURVE('',#3679,#3680,#292,.F.);
#2844=EDGE_CURVE('',#3681,#3680,#4223,.F.);
#2845=EDGE_CURVE('',#3681,#3682,#293,.F.);
#2846=EDGE_CURVE('',#3683,#3682,#4224,.F.);
#2847=EDGE_CURVE('',#3683,#3684,#294,.F.);
#2848=EDGE_CURVE('',#3685,#3684,#4225,.F.);
#2849=EDGE_CURVE('',#3685,#3686,#295,.F.);
#2850=EDGE_CURVE('',#3686,#3687,#4226,.F.);
#2851=EDGE_CURVE('',#3687,#3688,#296,.F.);
#2852=EDGE_CURVE('',#3689,#3688,#4227,.F.);
#2853=EDGE_CURVE('',#3689,#3690,#297,.F.);
#2854=EDGE_CURVE('',#3691,#3690,#4228,.F.);
#2855=EDGE_CURVE('',#3691,#3692,#298,.F.);
#2856=EDGE_CURVE('',#3693,#3692,#4229,.F.);
#2857=EDGE_CURVE('',#3693,#3694,#299,.F.);
#2858=EDGE_CURVE('',#3694,#3695,#4230,.F.);
#2859=EDGE_CURVE('',#3695,#3696,#300,.F.);
#2860=EDGE_CURVE('',#3697,#3696,#4231,.F.);
#2861=EDGE_CURVE('',#3697,#3698,#301,.F.);
#2862=EDGE_CURVE('',#3699,#3698,#4232,.F.);
#2863=EDGE_CURVE('',#3699,#3700,#302,.F.);
#2864=EDGE_CURVE('',#3701,#3700,#4233,.F.);
#2865=EDGE_CURVE('',#3701,#3674,#303,.F.);
#2866=EDGE_CURVE('',#3702,#3686,#304,.T.);
#2867=EDGE_CURVE('',#3702,#3703,#4234,.T.);
#2868=EDGE_CURVE('',#3687,#3703,#305,.T.);
#2869=EDGE_CURVE('',#3678,#3704,#306,.T.);
#2870=EDGE_CURVE('',#3705,#3704,#307,.T.);
#2871=EDGE_CURVE('',#3705,#3706,#4235,.T.);
#2872=EDGE_CURVE('',#3679,#3706,#308,.T.);
#2873=EDGE_CURVE('',#3707,#3708,#309,.T.);
#2874=EDGE_CURVE('',#3707,#3709,#310,.T.);
#2875=EDGE_CURVE('',#3710,#3709,#311,.T.);
#2876=EDGE_CURVE('',#3710,#3708,#4236,.T.);
#2877=EDGE_CURVE('',#3711,#3712,#4237,.F.);
#2878=EDGE_CURVE('',#3713,#3711,#312,.T.);
#2879=EDGE_CURVE('',#3713,#3714,#4238,.T.);
#2880=EDGE_CURVE('',#3715,#3714,#313,.T.);
#2881=EDGE_CURVE('',#3715,#3712,#314,.T.);
#2882=EDGE_CURVE('',#3716,#3717,#4239,.F.);
#2883=EDGE_CURVE('',#3718,#3716,#315,.T.);
#2884=EDGE_CURVE('',#3718,#3719,#4240,.T.);
#2885=EDGE_CURVE('',#3717,#3719,#316,.T.);
#2886=EDGE_CURVE('',#3720,#3721,#4241,.F.);
#2887=EDGE_CURVE('',#3722,#3720,#317,.T.);
#2888=EDGE_CURVE('',#3722,#3723,#4242,.T.);
#2889=EDGE_CURVE('',#3721,#3723,#318,.T.);
#2890=EDGE_CURVE('',#3724,#3725,#319,.T.);
#2891=EDGE_CURVE('',#3724,#3726,#320,.T.);
#2892=EDGE_CURVE('',#3727,#3726,#321,.T.);
#2893=EDGE_CURVE('',#3727,#3725,#4243,.T.);
#2894=EDGE_CURVE('',#3728,#3674,#322,.T.);
#2895=EDGE_CURVE('',#3728,#3729,#4244,.T.);
#2896=EDGE_CURVE('',#3730,#3729,#323,.T.);
#2897=EDGE_CURVE('',#3730,#3675,#324,.T.);
#2898=EDGE_CURVE('',#3731,#3694,#325,.T.);
#2899=EDGE_CURVE('',#3731,#3732,#4245,.T.);
#2900=EDGE_CURVE('',#3695,#3732,#326,.T.);
#2901=EDGE_CURVE('',#3733,#3733,#4246,.T.);
#2902=EDGE_CURVE('',#3734,#3735,#4247,.F.);
#2903=EDGE_CURVE('',#3734,#3677,#327,.T.);
#2904=EDGE_CURVE('',#3676,#3735,#328,.T.);
#2905=EDGE_CURVE('',#3693,#3736,#630,.T.);
#2906=EDGE_CURVE('',#3736,#3737,#329,.T.);
#2907=EDGE_CURVE('',#3737,#3731,#631,.T.);
#2908=EDGE_CURVE('',#3732,#3738,#632,.T.);
#2909=EDGE_CURVE('',#3738,#3739,#330,.T.);
#2910=EDGE_CURVE('',#3696,#3739,#633,.T.);
#2911=EDGE_CURVE('',#3740,#3741,#634,.T.);
#2912=EDGE_CURVE('',#3740,#3730,#331,.T.);
#2913=EDGE_CURVE('',#3729,#3742,#635,.T.);
#2914=EDGE_CURVE('',#3742,#3741,#332,.T.);
#2915=EDGE_CURVE('',#3701,#3743,#636,.T.);
#2916=EDGE_CURVE('',#3743,#3744,#333,.T.);
#2917=EDGE_CURVE('',#3744,#3728,#637,.T.);
#2918=EDGE_CURVE('',#3745,#3746,#334,.T.);
#2919=EDGE_CURVE('',#3746,#3747,#335,.T.);
#2920=EDGE_CURVE('',#3747,#3748,#638,.T.);
#2921=EDGE_CURVE('',#3748,#3749,#336,.T.);
#2922=EDGE_CURVE('',#3749,#3745,#639,.T.);
#2923=EDGE_CURVE('',#3750,#3751,#640,.T.);
#2924=EDGE_CURVE('',#3750,#3752,#337,.T.);
#2925=EDGE_CURVE('',#3752,#3753,#338,.T.);
#2926=EDGE_CURVE('',#3753,#3754,#641,.T.);
#2927=EDGE_CURVE('',#3754,#3751,#339,.T.);
#2928=EDGE_CURVE('',#3755,#3756,#642,.T.);
#2929=EDGE_CURVE('',#3755,#3724,#340,.T.);
#2930=EDGE_CURVE('',#3725,#3757,#643,.T.);
#2931=EDGE_CURVE('',#3757,#3756,#341,.T.);
#2932=EDGE_CURVE('',#3726,#3758,#342,.T.);
#2933=EDGE_CURVE('',#3758,#3759,#644,.T.);
#2934=EDGE_CURVE('',#3759,#3760,#343,.T.);
#2935=EDGE_CURVE('',#3760,#3727,#645,.T.);
#2936=EDGE_CURVE('',#3721,#3761,#344,.F.);
#2937=EDGE_CURVE('',#3723,#3762,#646,.T.);
#2938=EDGE_CURVE('',#3762,#3763,#345,.T.);
#2939=EDGE_CURVE('',#3761,#3763,#647,.T.);
#2940=EDGE_CURVE('',#3764,#3720,#346,.F.);
#2941=EDGE_CURVE('',#3764,#3765,#648,.T.);
#2942=EDGE_CURVE('',#3765,#3766,#347,.T.);
#2943=EDGE_CURVE('',#3766,#3722,#649,.T.);
#2944=EDGE_CURVE('',#3717,#3767,#348,.F.);
#2945=EDGE_CURVE('',#3719,#3768,#650,.T.);
#2946=EDGE_CURVE('',#3768,#3769,#349,.T.);
#2947=EDGE_CURVE('',#3767,#3769,#651,.T.);
#2948=EDGE_CURVE('',#3770,#3716,#350,.F.);
#2949=EDGE_CURVE('',#3770,#3771,#652,.T.);
#2950=EDGE_CURVE('',#3771,#3772,#351,.T.);
#2951=EDGE_CURVE('',#3772,#3718,#653,.T.);
#2952=EDGE_CURVE('',#3773,#3774,#654,.T.);
#2953=EDGE_CURVE('',#3773,#3715,#352,.T.);
#2954=EDGE_CURVE('',#3714,#3775,#655,.T.);
#2955=EDGE_CURVE('',#3775,#3774,#353,.T.);
#2956=EDGE_CURVE('',#3776,#3711,#354,.F.);
#2957=EDGE_CURVE('',#3776,#3777,#656,.T.);
#2958=EDGE_CURVE('',#3777,#3778,#355,.T.);
#2959=EDGE_CURVE('',#3778,#3713,#657,.T.);
#2960=EDGE_CURVE('',#3779,#3780,#658,.T.);
#2961=EDGE_CURVE('',#3779,#3707,#356,.T.);
#2962=EDGE_CURVE('',#3708,#3781,#659,.T.);
#2963=EDGE_CURVE('',#3781,#3780,#357,.T.);
#2964=EDGE_CURVE('',#3709,#3782,#358,.T.);
#2965=EDGE_CURVE('',#3782,#3783,#660,.T.);
#2966=EDGE_CURVE('',#3783,#3784,#359,.T.);
#2967=EDGE_CURVE('',#3784,#3710,#661,.T.);
#2968=EDGE_CURVE('',#3785,#3786,#662,.T.);
#2969=EDGE_CURVE('',#3785,#3787,#360,.T.);
#2970=EDGE_CURVE('',#3787,#3788,#361,.T.);
#2971=EDGE_CURVE('',#3788,#3789,#663,.T.);
#2972=EDGE_CURVE('',#3789,#3786,#362,.T.);
#2973=EDGE_CURVE('',#3706,#3790,#664,.T.);
#2974=EDGE_CURVE('',#3790,#3791,#363,.T.);
#2975=EDGE_CURVE('',#3680,#3791,#665,.T.);
#2976=EDGE_CURVE('',#3704,#3792,#364,.T.);
#2977=EDGE_CURVE('',#3792,#3793,#666,.T.);
#2978=EDGE_CURVE('',#3793,#3794,#365,.T.);
#2979=EDGE_CURVE('',#3794,#3705,#667,.T.);
#2980=EDGE_CURVE('',#3703,#3795,#668,.T.);
#2981=EDGE_CURVE('',#3795,#3796,#366,.T.);
#2982=EDGE_CURVE('',#3688,#3796,#669,.T.);
#2983=EDGE_CURVE('',#3685,#3797,#670,.T.);
#2984=EDGE_CURVE('',#3797,#3798,#367,.T.);
#2985=EDGE_CURVE('',#3798,#3702,#671,.T.);
#2986=EDGE_CURVE('',#3689,#3799,#672,.T.);
#2987=EDGE_CURVE('',#3796,#3799,#4248,.T.);
#2988=EDGE_CURVE('',#3684,#3800,#673,.T.);
#2989=EDGE_CURVE('',#3800,#3797,#4249,.T.);
#2990=EDGE_CURVE('',#3683,#3801,#674,.T.);
#2991=EDGE_CURVE('',#3682,#3802,#675,.T.);
#2992=EDGE_CURVE('',#3802,#3801,#4250,.T.);
#2993=EDGE_CURVE('',#3691,#3803,#676,.T.);
#2994=EDGE_CURVE('',#3690,#3804,#677,.T.);
#2995=EDGE_CURVE('',#3804,#3803,#4251,.T.);
#2996=EDGE_CURVE('',#3681,#3805,#678,.T.);
#2997=EDGE_CURVE('',#3791,#3805,#4252,.T.);
#2998=EDGE_CURVE('',#3792,#3806,#368,.T.);
#2999=EDGE_CURVE('',#3806,#3807,#679,.T.);
#3000=EDGE_CURVE('',#3807,#3793,#4253,.T.);
#3001=EDGE_CURVE('',#3808,#3809,#680,.T.);
#3002=EDGE_CURVE('',#3808,#3810,#369,.T.);
#3003=EDGE_CURVE('',#3810,#3811,#681,.T.);
#3004=EDGE_CURVE('',#3811,#3809,#4254,.T.);
#3005=EDGE_CURVE('',#3812,#3813,#682,.T.);
#3006=EDGE_CURVE('',#3812,#3785,#370,.T.);
#3007=EDGE_CURVE('',#3786,#3813,#4255,.T.);
#3008=EDGE_CURVE('',#3814,#3815,#683,.T.);
#3009=EDGE_CURVE('',#3814,#3816,#371,.T.);
#3010=EDGE_CURVE('',#3816,#3817,#684,.T.);
#3011=EDGE_CURVE('',#3817,#3815,#4256,.T.);
#3012=EDGE_CURVE('',#3818,#3819,#685,.T.);
#3013=EDGE_CURVE('',#3818,#3779,#372,.T.);
#3014=EDGE_CURVE('',#3780,#3819,#4257,.T.);
#3015=EDGE_CURVE('',#3782,#3820,#373,.T.);
#3016=EDGE_CURVE('',#3820,#3821,#686,.T.);
#3017=EDGE_CURVE('',#3821,#3783,#4258,.T.);
#3018=EDGE_CURVE('',#3822,#3823,#687,.T.);
#3019=EDGE_CURVE('',#3822,#3824,#374,.T.);
#3020=EDGE_CURVE('',#3824,#3825,#688,.T.);
#3021=EDGE_CURVE('',#3825,#3823,#4259,.T.);
#3022=EDGE_CURVE('',#3826,#3827,#689,.T.);
#3023=EDGE_CURVE('',#3826,#3773,#375,.T.);
#3024=EDGE_CURVE('',#3774,#3827,#4260,.T.);
#3025=EDGE_CURVE('',#3776,#3828,#4261,.F.);
#3026=EDGE_CURVE('',#3828,#3829,#690,.T.);
#3027=EDGE_CURVE('',#3829,#3777,#4262,.T.);
#3028=EDGE_CURVE('',#3830,#3831,#691,.T.);
#3029=EDGE_CURVE('',#3830,#3832,#4263,.F.);
#3030=EDGE_CURVE('',#3832,#3833,#692,.T.);
#3031=EDGE_CURVE('',#3833,#3831,#4264,.T.);
#3032=EDGE_CURVE('',#3834,#3835,#693,.T.);
#3033=EDGE_CURVE('',#3834,#3767,#4265,.F.);
#3034=EDGE_CURVE('',#3769,#3835,#4266,.T.);
#3035=EDGE_CURVE('',#3770,#3836,#4267,.F.);
#3036=EDGE_CURVE('',#3836,#3837,#694,.T.);
#3037=EDGE_CURVE('',#3837,#3771,#4268,.T.);
#3038=EDGE_CURVE('',#3838,#3839,#695,.T.);
#3039=EDGE_CURVE('',#3838,#3840,#4269,.F.);
#3040=EDGE_CURVE('',#3840,#3841,#696,.T.);
#3041=EDGE_CURVE('',#3841,#3839,#4270,.T.);
#3042=EDGE_CURVE('',#3842,#3843,#697,.T.);
#3043=EDGE_CURVE('',#3842,#3761,#4271,.F.);
#3044=EDGE_CURVE('',#3763,#3843,#4272,.T.);
#3045=EDGE_CURVE('',#3764,#3844,#4273,.F.);
#3046=EDGE_CURVE('',#3844,#3845,#698,.T.);
#3047=EDGE_CURVE('',#3845,#3765,#4274,.T.);
#3048=EDGE_CURVE('',#3846,#3847,#699,.T.);
#3049=EDGE_CURVE('',#3846,#3848,#4275,.F.);
#3050=EDGE_CURVE('',#3848,#3849,#376,.T.);
#3051=EDGE_CURVE('',#3849,#3850,#700,.T.);
#3052=EDGE_CURVE('',#3850,#3847,#4276,.T.);
#3053=EDGE_CURVE('',#3851,#3852,#701,.T.);
#3054=EDGE_CURVE('',#3851,#3755,#377,.T.);
#3055=EDGE_CURVE('',#3756,#3852,#4277,.T.);
#3056=EDGE_CURVE('',#3758,#3853,#378,.T.);
#3057=EDGE_CURVE('',#3853,#3854,#702,.T.);
#3058=EDGE_CURVE('',#3854,#3759,#4278,.T.);
#3059=EDGE_CURVE('',#3855,#3856,#703,.T.);
#3060=EDGE_CURVE('',#3855,#3857,#379,.T.);
#3061=EDGE_CURVE('',#3857,#3858,#704,.T.);
#3062=EDGE_CURVE('',#3858,#3856,#4279,.T.);
#3063=EDGE_CURVE('',#3859,#3860,#705,.T.);
#3064=EDGE_CURVE('',#3859,#3750,#380,.T.);
#3065=EDGE_CURVE('',#3751,#3860,#4280,.T.);
#3066=EDGE_CURVE('',#3747,#3861,#381,.T.);
#3067=EDGE_CURVE('',#3861,#3862,#706,.T.);
#3068=EDGE_CURVE('',#3862,#3748,#4281,.T.);
#3069=EDGE_CURVE('',#3863,#3864,#707,.T.);
#3070=EDGE_CURVE('',#3863,#3865,#382,.T.);
#3071=EDGE_CURVE('',#3865,#3866,#708,.T.);
#3072=EDGE_CURVE('',#3866,#3864,#4282,.T.);
#3073=EDGE_CURVE('',#3867,#3868,#709,.T.);
#3074=EDGE_CURVE('',#3867,#3740,#383,.T.);
#3075=EDGE_CURVE('',#3741,#3868,#4283,.T.);
#3076=EDGE_CURVE('',#3700,#3869,#710,.T.);
#3077=EDGE_CURVE('',#3869,#3743,#4284,.T.);
#3078=EDGE_CURVE('',#3699,#3870,#711,.T.);
#3079=EDGE_CURVE('',#3698,#3871,#712,.T.);
#3080=EDGE_CURVE('',#3871,#3870,#4285,.T.);
#3081=EDGE_CURVE('',#3697,#3872,#713,.T.);
#3082=EDGE_CURVE('',#3739,#3872,#4286,.T.);
#3083=EDGE_CURVE('',#3692,#3873,#714,.T.);
#3084=EDGE_CURVE('',#3873,#3736,#4287,.T.);
#3085=EDGE_CURVE('',#3803,#3873,#384,.T.);
#3086=EDGE_CURVE('',#3872,#3871,#385,.T.);
#3087=EDGE_CURVE('',#3870,#3869,#386,.T.);
#3088=EDGE_CURVE('',#3865,#3867,#387,.T.);
#3089=EDGE_CURVE('',#3868,#3866,#388,.T.);
#3090=EDGE_CURVE('',#3861,#3863,#389,.T.);
#3091=EDGE_CURVE('',#3864,#3862,#390,.T.);
#3092=EDGE_CURVE('',#3857,#3859,#391,.T.);
#3093=EDGE_CURVE('',#3860,#3858,#392,.T.);
#3094=EDGE_CURVE('',#3853,#3855,#393,.T.);
#3095=EDGE_CURVE('',#3856,#3854,#394,.T.);
#3096=EDGE_CURVE('',#3849,#3851,#395,.T.);
#3097=EDGE_CURVE('',#3852,#3850,#396,.T.);
#3098=EDGE_CURVE('',#3846,#3844,#397,.F.);
#3099=EDGE_CURVE('',#3847,#3845,#398,.T.);
#3100=EDGE_CURVE('',#3842,#3840,#399,.F.);
#3101=EDGE_CURVE('',#3843,#3841,#400,.T.);
#3102=EDGE_CURVE('',#3838,#3836,#401,.F.);
#3103=EDGE_CURVE('',#3839,#3837,#402,.T.);
#3104=EDGE_CURVE('',#3834,#3832,#403,.F.);
#3105=EDGE_CURVE('',#3835,#3833,#404,.T.);
#3106=EDGE_CURVE('',#3830,#3828,#405,.F.);
#3107=EDGE_CURVE('',#3831,#3829,#406,.T.);
#3108=EDGE_CURVE('',#3824,#3826,#407,.T.);
#3109=EDGE_CURVE('',#3827,#3825,#408,.T.);
#3110=EDGE_CURVE('',#3820,#3822,#409,.T.);
#3111=EDGE_CURVE('',#3823,#3821,#410,.T.);
#3112=EDGE_CURVE('',#3816,#3818,#411,.T.);
#3113=EDGE_CURVE('',#3819,#3817,#412,.T.);
#3114=EDGE_CURVE('',#3874,#3875,#715,.T.);
#3115=EDGE_CURVE('',#3874,#3814,#413,.T.);
#3116=EDGE_CURVE('',#3815,#3875,#414,.T.);
#3117=EDGE_CURVE('',#3810,#3812,#415,.T.);
#3118=EDGE_CURVE('',#3813,#3811,#416,.T.);
#3119=EDGE_CURVE('',#3806,#3808,#417,.T.);
#3120=EDGE_CURVE('',#3809,#3807,#418,.T.);
#3121=EDGE_CURVE('',#3805,#3802,#419,.T.);
#3122=EDGE_CURVE('',#3801,#3800,#420,.T.);
#3123=EDGE_CURVE('',#3799,#3804,#421,.T.);
#3124=EDGE_CURVE('',#3876,#3877,#422,.T.);
#3125=EDGE_CURVE('',#3876,#3878,#4288,.F.);
#3126=EDGE_CURVE('',#3879,#3878,#423,.T.);
#3127=EDGE_CURVE('',#3879,#3877,#4289,.T.);
#3128=EDGE_CURVE('',#3880,#3881,#424,.T.);
#3129=EDGE_CURVE('',#3880,#3882,#425,.T.);
#3130=EDGE_CURVE('',#3882,#3883,#4290,.F.);
#3131=EDGE_CURVE('',#3884,#3883,#426,.T.);
#3132=EDGE_CURVE('',#3884,#3881,#4291,.T.);
#3133=EDGE_CURVE('',#3885,#3886,#427,.T.);
#3134=EDGE_CURVE('',#3885,#3887,#428,.T.);
#3135=EDGE_CURVE('',#3888,#3887,#429,.T.);
#3136=EDGE_CURVE('',#3888,#3889,#4292,.T.);
#3137=EDGE_CURVE('',#3890,#3889,#430,.T.);
#3138=EDGE_CURVE('',#3890,#3788,#4293,.T.);
#3139=EDGE_CURVE('',#3787,#3886,#431,.T.);
#3140=EDGE_CURVE('',#3891,#3892,#432,.T.);
#3141=EDGE_CURVE('',#3891,#3893,#4294,.T.);
#3142=EDGE_CURVE('',#3894,#3893,#433,.T.);
#3143=EDGE_CURVE('',#3894,#3892,#4295,.T.);
#3144=EDGE_CURVE('',#3895,#3896,#434,.T.);
#3145=EDGE_CURVE('',#3895,#3897,#4296,.T.);
#3146=EDGE_CURVE('',#3898,#3897,#435,.T.);
#3147=EDGE_CURVE('',#3898,#3896,#4297,.T.);
#3148=EDGE_CURVE('',#3899,#3900,#436,.T.);
#3149=EDGE_CURVE('',#3899,#3901,#4298,.T.);
#3150=EDGE_CURVE('',#3902,#3901,#437,.T.);
#3151=EDGE_CURVE('',#3902,#3900,#4299,.T.);
#3152=EDGE_CURVE('',#3903,#3904,#438,.T.);
#3153=EDGE_CURVE('',#3903,#3905,#439,.T.);
#3154=EDGE_CURVE('',#3906,#3905,#440,.T.);
#3155=EDGE_CURVE('',#3906,#3904,#4300,.T.);
#3156=EDGE_CURVE('',#3655,#3907,#441,.T.);
#3157=EDGE_CURVE('',#3654,#3908,#442,.T.);
#3158=EDGE_CURVE('',#3909,#3908,#443,.T.);
#3159=EDGE_CURVE('',#3909,#3907,#4301,.T.);
#3160=EDGE_CURVE('',#3663,#3910,#444,.T.);
#3161=EDGE_CURVE('',#3911,#3662,#445,.T.);
#3162=EDGE_CURVE('',#3911,#3910,#4302,.T.);
#3163=EDGE_CURVE('',#3671,#3912,#446,.T.);
#3164=EDGE_CURVE('',#3913,#3670,#447,.T.);
#3165=EDGE_CURVE('',#3913,#3912,#4303,.T.);
#3166=EDGE_CURVE('',#3914,#3915,#448,.T.);
#3167=EDGE_CURVE('',#3914,#3916,#449,.T.);
#3168=EDGE_CURVE('',#3917,#3916,#450,.T.);
#3169=EDGE_CURVE('',#3917,#3915,#4304,.T.);
#3170=EDGE_CURVE('',#3752,#3918,#451,.T.);
#3171=EDGE_CURVE('',#3918,#3919,#452,.T.);
#3172=EDGE_CURVE('',#3919,#3920,#453,.T.);
#3173=EDGE_CURVE('',#3921,#3920,#454,.T.);
#3174=EDGE_CURVE('',#3921,#3922,#4305,.T.);
#3175=EDGE_CURVE('',#3923,#3922,#455,.T.);
#3176=EDGE_CURVE('',#3923,#3753,#4306,.T.);
#3177=EDGE_CURVE('',#3924,#3925,#456,.T.);
#3178=EDGE_CURVE('',#3924,#3926,#4307,.T.);
#3179=EDGE_CURVE('',#3927,#3926,#457,.T.);
#3180=EDGE_CURVE('',#3927,#3925,#4308,.T.);
#3181=EDGE_CURVE('',#3928,#3929,#458,.T.);
#3182=EDGE_CURVE('',#3928,#3930,#4309,.T.);
#3183=EDGE_CURVE('',#3931,#3930,#459,.T.);
#3184=EDGE_CURVE('',#3931,#3929,#4310,.T.);
#3185=EDGE_CURVE('',#3932,#3933,#460,.T.);
#3186=EDGE_CURVE('',#3932,#3934,#4311,.T.);
#3187=EDGE_CURVE('',#3935,#3934,#461,.T.);
#3188=EDGE_CURVE('',#3935,#3933,#4312,.T.);
#3189=EDGE_CURVE('',#3936,#3937,#462,.T.);
#3190=EDGE_CURVE('',#3936,#3938,#463,.T.);
#3191=EDGE_CURVE('',#3938,#3939,#464,.T.);
#3192=EDGE_CURVE('',#3939,#3746,#465,.T.);
#3193=EDGE_CURVE('',#3745,#3940,#4313,.T.);
#3194=EDGE_CURVE('',#3941,#3940,#466,.T.);
#3195=EDGE_CURVE('',#3941,#3937,#4314,.T.);
#3196=EDGE_CURVE('',#3942,#3943,#467,.T.);
#3197=EDGE_CURVE('',#3942,#3944,#4315,.F.);
#3198=EDGE_CURVE('',#3944,#3945,#468,.T.);
#3199=EDGE_CURVE('',#3946,#3945,#469,.T.);
#3200=EDGE_CURVE('',#3946,#3943,#4316,.T.);
#3201=EDGE_CURVE('',#3947,#3948,#470,.T.);
#3202=EDGE_CURVE('',#3947,#3949,#4317,.F.);
#3203=EDGE_CURVE('',#3950,#3949,#471,.T.);
#3204=EDGE_CURVE('',#3950,#3948,#4318,.T.);
#3205=EDGE_CURVE('',#3652,#3951,#472,.T.);
#3206=EDGE_CURVE('',#3951,#3952,#4319,.F.);
#3207=EDGE_CURVE('',#3952,#3653,#473,.T.);
#3208=EDGE_CURVE('',#3953,#3953,#4320,.T.);
#3209=EDGE_CURVE('',#3954,#3955,#716,.T.);
#3210=EDGE_CURVE('',#3955,#3947,#474,.F.);
#3211=EDGE_CURVE('',#3948,#3956,#717,.T.);
#3212=EDGE_CURVE('',#3956,#3954,#475,.T.);
#3213=EDGE_CURVE('',#3949,#3957,#476,.F.);
#3214=EDGE_CURVE('',#3958,#3957,#718,.T.);
#3215=EDGE_CURVE('',#3958,#3959,#477,.T.);
#3216=EDGE_CURVE('',#3959,#3950,#719,.T.);
#3217=EDGE_CURVE('',#3945,#3960,#478,.T.);
#3218=EDGE_CURVE('',#3961,#3960,#720,.T.);
#3219=EDGE_CURVE('',#3961,#3962,#479,.T.);
#3220=EDGE_CURVE('',#3962,#3946,#721,.T.);
#3221=EDGE_CURVE('',#3963,#3964,#722,.T.);
#3222=EDGE_CURVE('',#3964,#3942,#480,.F.);
#3223=EDGE_CURVE('',#3943,#3965,#723,.T.);
#3224=EDGE_CURVE('',#3965,#3963,#481,.T.);
#3225=EDGE_CURVE('',#3940,#3966,#724,.T.);
#3226=EDGE_CURVE('',#3966,#3967,#482,.T.);
#3227=EDGE_CURVE('',#3968,#3967,#725,.T.);
#3228=EDGE_CURVE('',#3968,#3969,#483,.T.);
#3229=EDGE_CURVE('',#3969,#3941,#726,.T.);
#3230=EDGE_CURVE('',#3970,#3971,#727,.T.);
#3231=EDGE_CURVE('',#3971,#3936,#484,.T.);
#3232=EDGE_CURVE('',#3937,#3972,#728,.T.);
#3233=EDGE_CURVE('',#3972,#3970,#485,.T.);
#3234=EDGE_CURVE('',#3934,#3973,#729,.T.);
#3235=EDGE_CURVE('',#3973,#3974,#486,.T.);
#3236=EDGE_CURVE('',#3975,#3974,#730,.T.);
#3237=EDGE_CURVE('',#3975,#3976,#487,.T.);
#3238=EDGE_CURVE('',#3976,#3935,#731,.T.);
#3239=EDGE_CURVE('',#3933,#3977,#732,.T.);
#3240=EDGE_CURVE('',#3977,#3978,#488,.T.);
#3241=EDGE_CURVE('',#3978,#3979,#733,.T.);
#3242=EDGE_CURVE('',#3979,#3980,#489,.T.);
#3243=EDGE_CURVE('',#3980,#3932,#734,.T.);
#3244=EDGE_CURVE('',#3930,#3981,#735,.T.);
#3245=EDGE_CURVE('',#3981,#3982,#490,.T.);
#3246=EDGE_CURVE('',#3983,#3982,#736,.T.);
#3247=EDGE_CURVE('',#3983,#3984,#491,.T.);
#3248=EDGE_CURVE('',#3984,#3931,#737,.T.);
#3249=EDGE_CURVE('',#3929,#3985,#738,.T.);
#3250=EDGE_CURVE('',#3985,#3986,#492,.T.);
#3251=EDGE_CURVE('',#3986,#3987,#739,.T.);
#3252=EDGE_CURVE('',#3987,#3988,#493,.T.);
#3253=EDGE_CURVE('',#3988,#3928,#740,.T.);
#3254=EDGE_CURVE('',#3926,#3989,#741,.T.);
#3255=EDGE_CURVE('',#3989,#3990,#494,.T.);
#3256=EDGE_CURVE('',#3991,#3990,#742,.T.);
#3257=EDGE_CURVE('',#3991,#3992,#495,.T.);
#3258=EDGE_CURVE('',#3992,#3927,#743,.T.);
#3259=EDGE_CURVE('',#3925,#3993,#744,.T.);
#3260=EDGE_CURVE('',#3993,#3994,#496,.T.);
#3261=EDGE_CURVE('',#3994,#3995,#745,.T.);
#3262=EDGE_CURVE('',#3995,#3996,#497,.T.);
#3263=EDGE_CURVE('',#3996,#3924,#746,.T.);
#3264=EDGE_CURVE('',#3920,#3997,#498,.T.);
#3265=EDGE_CURVE('',#3998,#3997,#747,.T.);
#3266=EDGE_CURVE('',#3998,#3999,#499,.T.);
#3267=EDGE_CURVE('',#3999,#3921,#748,.T.);
#3268=EDGE_CURVE('',#3922,#4000,#749,.T.);
#3269=EDGE_CURVE('',#4000,#4001,#500,.T.);
#3270=EDGE_CURVE('',#4001,#4002,#750,.T.);
#3271=EDGE_CURVE('',#4002,#4003,#501,.T.);
#3272=EDGE_CURVE('',#4003,#3923,#751,.T.);
#3273=EDGE_CURVE('',#3916,#4004,#502,.T.);
#3274=EDGE_CURVE('',#4005,#4004,#752,.T.);
#3275=EDGE_CURVE('',#4005,#4006,#503,.T.);
#3276=EDGE_CURVE('',#4006,#3917,#753,.T.);
#3277=EDGE_CURVE('',#4007,#4008,#754,.T.);
#3278=EDGE_CURVE('',#4008,#3914,#504,.T.);
#3279=EDGE_CURVE('',#3915,#4009,#755,.T.);
#3280=EDGE_CURVE('',#4009,#4007,#505,.T.);
#3281=EDGE_CURVE('',#4010,#3669,#756,.T.);
#3282=EDGE_CURVE('',#4010,#4011,#506,.T.);
#3283=EDGE_CURVE('',#4011,#3913,#757,.T.);
#3284=EDGE_CURVE('',#4012,#3672,#758,.T.);
#3285=EDGE_CURVE('',#3912,#4013,#759,.T.);
#3286=EDGE_CURVE('',#4013,#4012,#507,.T.);
#3287=EDGE_CURVE('',#4014,#3661,#760,.T.);
#3288=EDGE_CURVE('',#4014,#4015,#508,.T.);
#3289=EDGE_CURVE('',#4015,#3911,#761,.T.);
#3290=EDGE_CURVE('',#4016,#3664,#762,.T.);
#3291=EDGE_CURVE('',#3910,#4017,#763,.T.);
#3292=EDGE_CURVE('',#4017,#4016,#509,.T.);
#3293=EDGE_CURVE('',#3908,#4018,#510,.T.);
#3294=EDGE_CURVE('',#4019,#4018,#764,.T.);
#3295=EDGE_CURVE('',#4019,#4020,#511,.T.);
#3296=EDGE_CURVE('',#4020,#3909,#765,.T.);
#3297=EDGE_CURVE('',#4021,#3656,#766,.T.);
#3298=EDGE_CURVE('',#3907,#4022,#767,.T.);
#3299=EDGE_CURVE('',#4022,#4021,#512,.T.);
#3300=EDGE_CURVE('',#3905,#4023,#513,.T.);
#3301=EDGE_CURVE('',#4024,#4023,#768,.T.);
#3302=EDGE_CURVE('',#4024,#4025,#514,.T.);
#3303=EDGE_CURVE('',#4025,#3906,#769,.T.);
#3304=EDGE_CURVE('',#4026,#4027,#770,.T.);
#3305=EDGE_CURVE('',#4027,#3903,#515,.T.);
#3306=EDGE_CURVE('',#3904,#4028,#771,.T.);
#3307=EDGE_CURVE('',#4028,#4026,#516,.T.);
#3308=EDGE_CURVE('',#3901,#4029,#772,.T.);
#3309=EDGE_CURVE('',#4029,#4030,#517,.T.);
#3310=EDGE_CURVE('',#4031,#4030,#773,.T.);
#3311=EDGE_CURVE('',#4031,#4032,#518,.T.);
#3312=EDGE_CURVE('',#4032,#3902,#774,.T.);
#3313=EDGE_CURVE('',#3900,#4033,#775,.T.);
#3314=EDGE_CURVE('',#4033,#4034,#519,.T.);
#3315=EDGE_CURVE('',#4034,#4035,#776,.T.);
#3316=EDGE_CURVE('',#4035,#4036,#520,.T.);
#3317=EDGE_CURVE('',#4036,#3899,#777,.T.);
#3318=EDGE_CURVE('',#3897,#4037,#778,.T.);
#3319=EDGE_CURVE('',#4037,#4038,#521,.T.);
#3320=EDGE_CURVE('',#4039,#4038,#779,.T.);
#3321=EDGE_CURVE('',#4039,#4040,#522,.T.);
#3322=EDGE_CURVE('',#4040,#3898,#780,.T.);
#3323=EDGE_CURVE('',#3896,#4041,#781,.T.);
#3324=EDGE_CURVE('',#4041,#4042,#523,.T.);
#3325=EDGE_CURVE('',#4042,#4043,#782,.T.);
#3326=EDGE_CURVE('',#4043,#4044,#524,.T.);
#3327=EDGE_CURVE('',#4044,#3895,#783,.T.);
#3328=EDGE_CURVE('',#3893,#4045,#784,.T.);
#3329=EDGE_CURVE('',#4045,#4046,#525,.T.);
#3330=EDGE_CURVE('',#4047,#4046,#785,.T.);
#3331=EDGE_CURVE('',#4047,#4048,#526,.T.);
#3332=EDGE_CURVE('',#4048,#3894,#786,.T.);
#3333=EDGE_CURVE('',#3892,#4049,#787,.T.);
#3334=EDGE_CURVE('',#4049,#4050,#527,.T.);
#3335=EDGE_CURVE('',#4050,#4051,#788,.T.);
#3336=EDGE_CURVE('',#4051,#4052,#528,.T.);
#3337=EDGE_CURVE('',#4052,#3891,#789,.T.);
#3338=EDGE_CURVE('',#3887,#4053,#529,.T.);
#3339=EDGE_CURVE('',#4054,#4053,#790,.T.);
#3340=EDGE_CURVE('',#4054,#4055,#530,.T.);
#3341=EDGE_CURVE('',#4055,#3888,#791,.T.);
#3342=EDGE_CURVE('',#3889,#4056,#792,.T.);
#3343=EDGE_CURVE('',#4056,#4057,#531,.T.);
#3344=EDGE_CURVE('',#4057,#4058,#793,.T.);
#3345=EDGE_CURVE('',#4058,#4059,#532,.T.);
#3346=EDGE_CURVE('',#4059,#3890,#794,.T.);
#3347=EDGE_CURVE('',#3883,#4060,#533,.F.);
#3348=EDGE_CURVE('',#4061,#4060,#795,.T.);
#3349=EDGE_CURVE('',#4061,#4062,#534,.T.);
#3350=EDGE_CURVE('',#4062,#3884,#796,.T.);
#3351=EDGE_CURVE('',#4063,#4064,#797,.T.);
#3352=EDGE_CURVE('',#4064,#3880,#535,.T.);
#3353=EDGE_CURVE('',#3881,#4065,#798,.T.);
#3354=EDGE_CURVE('',#4065,#4063,#536,.T.);
#3355=EDGE_CURVE('',#3878,#4066,#537,.F.);
#3356=EDGE_CURVE('',#4067,#4066,#799,.T.);
#3357=EDGE_CURVE('',#4067,#4068,#538,.T.);
#3358=EDGE_CURVE('',#4068,#3879,#800,.T.);
#3359=EDGE_CURVE('',#4069,#4070,#801,.T.);
#3360=EDGE_CURVE('',#4070,#3876,#539,.F.);
#3361=EDGE_CURVE('',#3877,#4071,#802,.T.);
#3362=EDGE_CURVE('',#4071,#4069,#540,.T.);
#3363=EDGE_CURVE('',#3798,#3795,#4321,.T.);
#3364=EDGE_CURVE('',#4068,#4071,#4322,.T.);
#3365=EDGE_CURVE('',#3794,#3790,#4323,.T.);
#3366=EDGE_CURVE('',#4062,#4065,#4324,.T.);
#3367=EDGE_CURVE('',#4059,#3789,#4325,.T.);
#3368=EDGE_CURVE('',#4055,#4056,#4326,.T.);
#3369=EDGE_CURVE('',#4052,#4045,#4327,.T.);
#3370=EDGE_CURVE('',#4048,#4049,#4328,.T.);
#3371=EDGE_CURVE('',#4044,#4037,#4329,.T.);
#3372=EDGE_CURVE('',#4040,#4041,#4330,.T.);
#3373=EDGE_CURVE('',#4036,#4029,#4331,.T.);
#3374=EDGE_CURVE('',#4032,#4033,#4332,.T.);
#3375=EDGE_CURVE('',#3784,#3781,#4333,.T.);
#3376=EDGE_CURVE('',#4025,#4028,#4334,.T.);
#3377=EDGE_CURVE('',#3778,#3775,#4335,.T.);
#3378=EDGE_CURVE('',#4020,#4022,#4336,.T.);
#3379=EDGE_CURVE('',#3772,#3768,#4337,.T.);
#3380=EDGE_CURVE('',#4015,#4017,#4338,.T.);
#3381=EDGE_CURVE('',#3766,#3762,#4339,.T.);
#3382=EDGE_CURVE('',#4011,#4013,#4340,.T.);
#3383=EDGE_CURVE('',#3760,#3757,#4341,.T.);
#3384=EDGE_CURVE('',#4006,#4009,#4342,.T.);
#3385=EDGE_CURVE('',#4003,#3754,#4343,.T.);
#3386=EDGE_CURVE('',#3999,#4000,#4344,.T.);
#3387=EDGE_CURVE('',#3996,#3989,#4345,.T.);
#3388=EDGE_CURVE('',#3992,#3993,#4346,.T.);
#3389=EDGE_CURVE('',#3988,#3981,#4347,.T.);
#3390=EDGE_CURVE('',#3984,#3985,#4348,.T.);
#3391=EDGE_CURVE('',#3980,#3973,#4349,.T.);
#3392=EDGE_CURVE('',#3976,#3977,#4350,.T.);
#3393=EDGE_CURVE('',#3749,#3966,#4351,.T.);
#3394=EDGE_CURVE('',#3969,#3972,#4352,.T.);
#3395=EDGE_CURVE('',#3744,#3742,#4353,.T.);
#3396=EDGE_CURVE('',#3962,#3965,#4354,.T.);
#3397=EDGE_CURVE('',#3737,#3738,#4355,.T.);
#3398=EDGE_CURVE('',#3959,#3956,#4356,.T.);
#3399=EDGE_CURVE('',#4072,#4010,#4357,.T.);
#3400=EDGE_CURVE('',#4073,#4072,#541,.T.);
#3401=EDGE_CURVE('',#4074,#4073,#4358,.T.);
#3402=EDGE_CURVE('',#4075,#4074,#542,.T.);
#3403=EDGE_CURVE('',#4016,#4075,#4359,.T.);
#3404=EDGE_CURVE('',#4076,#4014,#4360,.T.);
#3405=EDGE_CURVE('',#4077,#4076,#543,.T.);
#3406=EDGE_CURVE('',#4078,#4077,#4361,.T.);
#3407=EDGE_CURVE('',#4079,#4078,#544,.T.);
#3408=EDGE_CURVE('',#4021,#4079,#4362,.T.);
#3409=EDGE_CURVE('',#4080,#4019,#4363,.T.);
#3410=EDGE_CURVE('',#4081,#4080,#545,.T.);
#3411=EDGE_CURVE('',#4082,#4081,#4364,.T.);
#3412=EDGE_CURVE('',#4083,#4082,#546,.T.);
#3413=EDGE_CURVE('',#4026,#4083,#4365,.T.);
#3414=EDGE_CURVE('',#4084,#4024,#4366,.T.);
#3415=EDGE_CURVE('',#4085,#4084,#547,.T.);
#3416=EDGE_CURVE('',#4086,#4085,#4367,.T.);
#3417=EDGE_CURVE('',#4087,#4086,#548,.T.);
#3418=EDGE_CURVE('',#4034,#4087,#4368,.T.);
#3419=EDGE_CURVE('',#4088,#4031,#4369,.T.);
#3420=EDGE_CURVE('',#4089,#4088,#549,.T.);
#3421=EDGE_CURVE('',#4090,#4089,#4370,.T.);
#3422=EDGE_CURVE('',#4091,#4090,#550,.T.);
#3423=EDGE_CURVE('',#4042,#4091,#4371,.T.);
#3424=EDGE_CURVE('',#4092,#4039,#4372,.T.);
#3425=EDGE_CURVE('',#4093,#4092,#551,.T.);
#3426=EDGE_CURVE('',#4094,#4093,#4373,.T.);
#3427=EDGE_CURVE('',#4095,#4094,#552,.T.);
#3428=EDGE_CURVE('',#4050,#4095,#4374,.T.);
#3429=EDGE_CURVE('',#4096,#4047,#4375,.T.);
#3430=EDGE_CURVE('',#4097,#4096,#553,.T.);
#3431=EDGE_CURVE('',#4098,#4097,#4376,.T.);
#3432=EDGE_CURVE('',#4099,#4098,#554,.T.);
#3433=EDGE_CURVE('',#4057,#4099,#4377,.T.);
#3434=EDGE_CURVE('',#4100,#4054,#4378,.T.);
#3435=EDGE_CURVE('',#4101,#4100,#555,.T.);
#3436=EDGE_CURVE('',#4102,#4101,#4379,.T.);
#3437=EDGE_CURVE('',#4103,#4102,#556,.T.);
#3438=EDGE_CURVE('',#4063,#4103,#4380,.T.);
#3439=EDGE_CURVE('',#4104,#4061,#4381,.T.);
#3440=EDGE_CURVE('',#4105,#4104,#557,.T.);
#3441=EDGE_CURVE('',#4106,#4105,#4382,.T.);
#3442=EDGE_CURVE('',#4107,#4106,#558,.T.);
#3443=EDGE_CURVE('',#4069,#4107,#4383,.T.);
#3444=EDGE_CURVE('',#4108,#4067,#4384,.T.);
#3445=EDGE_CURVE('',#4109,#4108,#559,.T.);
#3446=EDGE_CURVE('',#4110,#4109,#4385,.T.);
#3447=EDGE_CURVE('',#4111,#4110,#560,.T.);
#3448=EDGE_CURVE('',#3954,#4111,#4386,.T.);
#3449=EDGE_CURVE('',#4112,#3958,#4387,.T.);
#3450=EDGE_CURVE('',#4113,#4112,#561,.T.);
#3451=EDGE_CURVE('',#4114,#4113,#4388,.T.);
#3452=EDGE_CURVE('',#4115,#4114,#562,.T.);
#3453=EDGE_CURVE('',#3963,#4115,#4389,.T.);
#3454=EDGE_CURVE('',#4116,#3961,#4390,.T.);
#3455=EDGE_CURVE('',#4117,#4116,#563,.T.);
#3456=EDGE_CURVE('',#4118,#4117,#4391,.T.);
#3457=EDGE_CURVE('',#4119,#4118,#564,.T.);
#3458=EDGE_CURVE('',#3970,#4119,#4392,.T.);
#3459=EDGE_CURVE('',#4120,#3968,#4393,.T.);
#3460=EDGE_CURVE('',#4121,#4120,#565,.T.);
#3461=EDGE_CURVE('',#4122,#4121,#4394,.T.);
#3462=EDGE_CURVE('',#4123,#4122,#566,.T.);
#3463=EDGE_CURVE('',#3978,#4123,#4395,.T.);
#3464=EDGE_CURVE('',#4124,#3975,#4396,.T.);
#3465=EDGE_CURVE('',#4125,#4124,#567,.T.);
#3466=EDGE_CURVE('',#4126,#4125,#4397,.T.);
#3467=EDGE_CURVE('',#4127,#4126,#568,.T.);
#3468=EDGE_CURVE('',#3986,#4127,#4398,.T.);
#3469=EDGE_CURVE('',#4128,#3983,#4399,.T.);
#3470=EDGE_CURVE('',#4129,#4128,#569,.T.);
#3471=EDGE_CURVE('',#4130,#4129,#4400,.T.);
#3472=EDGE_CURVE('',#4131,#4130,#570,.T.);
#3473=EDGE_CURVE('',#3994,#4131,#4401,.T.);
#3474=EDGE_CURVE('',#4132,#3991,#4402,.T.);
#3475=EDGE_CURVE('',#4133,#4132,#571,.T.);
#3476=EDGE_CURVE('',#4134,#4133,#4403,.T.);
#3477=EDGE_CURVE('',#4135,#4134,#572,.T.);
#3478=EDGE_CURVE('',#4001,#4135,#4404,.T.);
#3479=EDGE_CURVE('',#4136,#3998,#4405,.T.);
#3480=EDGE_CURVE('',#4137,#4136,#573,.T.);
#3481=EDGE_CURVE('',#4138,#4137,#4406,.T.);
#3482=EDGE_CURVE('',#4139,#4138,#574,.T.);
#3483=EDGE_CURVE('',#4007,#4139,#4407,.T.);
#3484=EDGE_CURVE('',#4140,#4005,#4408,.T.);
#3485=EDGE_CURVE('',#4141,#4140,#575,.T.);
#3486=EDGE_CURVE('',#4142,#4141,#4409,.T.);
#3487=EDGE_CURVE('',#4143,#4142,#576,.T.);
#3488=EDGE_CURVE('',#4012,#4143,#4410,.T.);
#3489=EDGE_CURVE('',#4144,#4058,#4411,.T.);
#3490=EDGE_CURVE('',#4145,#4144,#577,.T.);
#3491=EDGE_CURVE('',#4146,#4145,#4412,.T.);
#3492=EDGE_CURVE('',#4147,#4146,#578,.T.);
#3493=EDGE_CURVE('',#4046,#4147,#4413,.T.);
#3494=EDGE_CURVE('',#4148,#4051,#4414,.T.);
#3495=EDGE_CURVE('',#4149,#4148,#579,.T.);
#3496=EDGE_CURVE('',#4150,#4149,#4415,.T.);
#3497=EDGE_CURVE('',#4151,#4150,#580,.T.);
#3498=EDGE_CURVE('',#4038,#4151,#4416,.T.);
#3499=EDGE_CURVE('',#4152,#4043,#4417,.T.);
#3500=EDGE_CURVE('',#4153,#4152,#581,.T.);
#3501=EDGE_CURVE('',#4154,#4153,#4418,.T.);
#3502=EDGE_CURVE('',#4155,#4154,#582,.T.);
#3503=EDGE_CURVE('',#4030,#4155,#4419,.T.);
#3504=EDGE_CURVE('',#3875,#4035,#4420,.T.);
#3505=EDGE_CURVE('',#4156,#4002,#4421,.T.);
#3506=EDGE_CURVE('',#4157,#4156,#583,.T.);
#3507=EDGE_CURVE('',#4158,#4157,#4422,.T.);
#3508=EDGE_CURVE('',#4159,#4158,#584,.T.);
#3509=EDGE_CURVE('',#3990,#4159,#4423,.T.);
#3510=EDGE_CURVE('',#4160,#3995,#4424,.T.);
#3511=EDGE_CURVE('',#4161,#4160,#585,.T.);
#3512=EDGE_CURVE('',#4162,#4161,#4425,.T.);
#3513=EDGE_CURVE('',#4163,#4162,#586,.T.);
#3514=EDGE_CURVE('',#3982,#4163,#4426,.T.);
#3515=EDGE_CURVE('',#4164,#3987,#4427,.T.);
#3516=EDGE_CURVE('',#4165,#4164,#587,.T.);
#3517=EDGE_CURVE('',#4166,#4165,#4428,.T.);
#3518=EDGE_CURVE('',#4167,#4166,#588,.T.);
#3519=EDGE_CURVE('',#3974,#4167,#4429,.T.);
#3520=EDGE_CURVE('',#4168,#3979,#4430,.T.);
#3521=EDGE_CURVE('',#4169,#4168,#589,.T.);
#3522=EDGE_CURVE('',#4170,#4169,#4431,.T.);
#3523=EDGE_CURVE('',#4171,#4170,#590,.T.);
#3524=EDGE_CURVE('',#3967,#4171,#4432,.T.);
#3525=EDGE_CURVE('',#4172,#4066,#4433,.F.);
#3526=EDGE_CURVE('',#4108,#4172,#803,.T.);
#3527=EDGE_CURVE('',#4070,#4173,#4434,.F.);
#3528=EDGE_CURVE('',#4107,#4173,#804,.T.);
#3529=EDGE_CURVE('',#4174,#4175,#4435,.F.);
#3530=EDGE_CURVE('',#4106,#4174,#805,.T.);
#3531=EDGE_CURVE('',#4105,#4175,#806,.T.);
#3532=EDGE_CURVE('',#4176,#4177,#4436,.F.);
#3533=EDGE_CURVE('',#4110,#4176,#807,.T.);
#3534=EDGE_CURVE('',#4109,#4177,#808,.T.);
#3535=EDGE_CURVE('',#4178,#4060,#4437,.F.);
#3536=EDGE_CURVE('',#4104,#4178,#809,.T.);
#3537=EDGE_CURVE('',#4103,#4179,#810,.T.);
#3538=EDGE_CURVE('',#4179,#4064,#591,.T.);
#3539=EDGE_CURVE('',#4101,#4180,#811,.T.);
#3540=EDGE_CURVE('',#4180,#4181,#592,.T.);
#3541=EDGE_CURVE('',#4102,#4181,#812,.T.);
#3542=EDGE_CURVE('',#4053,#4182,#593,.T.);
#3543=EDGE_CURVE('',#4100,#4182,#813,.T.);
#3544=EDGE_CURVE('',#4099,#4144,#814,.T.);
#3545=EDGE_CURVE('',#4098,#4145,#815,.T.);
#3546=EDGE_CURVE('',#4097,#4146,#816,.T.);
#3547=EDGE_CURVE('',#4096,#4147,#817,.T.);
#3548=EDGE_CURVE('',#4095,#4148,#818,.T.);
#3549=EDGE_CURVE('',#4094,#4149,#819,.T.);
#3550=EDGE_CURVE('',#4093,#4150,#820,.T.);
#3551=EDGE_CURVE('',#4092,#4151,#821,.T.);
#3552=EDGE_CURVE('',#4091,#4152,#822,.T.);
#3553=EDGE_CURVE('',#4090,#4153,#823,.T.);
#3554=EDGE_CURVE('',#4089,#4154,#824,.T.);
#3555=EDGE_CURVE('',#4088,#4155,#825,.T.);
#3556=EDGE_CURVE('',#4087,#4183,#826,.T.);
#3557=EDGE_CURVE('',#4183,#4184,#594,.T.);
#3558=EDGE_CURVE('',#4184,#4185,#827,.T.);
#3559=EDGE_CURVE('',#4185,#3874,#595,.T.);
#3560=EDGE_CURVE('',#4085,#4186,#828,.T.);
#3561=EDGE_CURVE('',#4186,#4187,#596,.T.);
#3562=EDGE_CURVE('',#4086,#4187,#829,.T.);
#3563=EDGE_CURVE('',#4023,#4188,#597,.T.);
#3564=EDGE_CURVE('',#4084,#4188,#830,.T.);
#3565=EDGE_CURVE('',#4083,#4189,#831,.T.);
#3566=EDGE_CURVE('',#4189,#4027,#598,.T.);
#3567=EDGE_CURVE('',#4081,#4190,#832,.T.);
#3568=EDGE_CURVE('',#4190,#4191,#599,.T.);
#3569=EDGE_CURVE('',#4082,#4191,#833,.T.);
#3570=EDGE_CURVE('',#4018,#4192,#600,.T.);
#3571=EDGE_CURVE('',#4080,#4192,#834,.T.);
#3572=EDGE_CURVE('',#4079,#3657,#835,.T.);
#3573=EDGE_CURVE('',#4078,#3658,#836,.T.);
#3574=EDGE_CURVE('',#4077,#3659,#837,.T.);
#3575=EDGE_CURVE('',#4076,#3660,#838,.T.);
#3576=EDGE_CURVE('',#4075,#3665,#839,.T.);
#3577=EDGE_CURVE('',#4074,#3666,#840,.T.);
#3578=EDGE_CURVE('',#4073,#3667,#841,.T.);
#3579=EDGE_CURVE('',#4072,#3668,#842,.T.);
#3580=EDGE_CURVE('',#4143,#3673,#843,.T.);
#3581=EDGE_CURVE('',#4142,#3650,#844,.T.);
#3582=EDGE_CURVE('',#4141,#4193,#845,.T.);
#3583=EDGE_CURVE('',#4193,#3651,#601,.T.);
#3584=EDGE_CURVE('',#4004,#4194,#602,.T.);
#3585=EDGE_CURVE('',#4140,#4194,#846,.T.);
#3586=EDGE_CURVE('',#4139,#4195,#847,.T.);
#3587=EDGE_CURVE('',#4195,#4008,#603,.T.);
#3588=EDGE_CURVE('',#4137,#4196,#848,.T.);
#3589=EDGE_CURVE('',#4196,#4197,#604,.T.);
#3590=EDGE_CURVE('',#4138,#4197,#849,.T.);
#3591=EDGE_CURVE('',#3997,#4198,#605,.T.);
#3592=EDGE_CURVE('',#4136,#4198,#850,.T.);
#3593=EDGE_CURVE('',#4135,#4156,#851,.T.);
#3594=EDGE_CURVE('',#4134,#4157,#852,.T.);
#3595=EDGE_CURVE('',#4133,#4158,#853,.T.);
#3596=EDGE_CURVE('',#4132,#4159,#854,.T.);
#3597=EDGE_CURVE('',#4131,#4160,#855,.T.);
#3598=EDGE_CURVE('',#4130,#4161,#856,.T.);
#3599=EDGE_CURVE('',#4129,#4162,#857,.T.);
#3600=EDGE_CURVE('',#4128,#4163,#858,.T.);
#3601=EDGE_CURVE('',#4127,#4164,#859,.T.);
#3602=EDGE_CURVE('',#4126,#4165,#860,.T.);
#3603=EDGE_CURVE('',#4125,#4166,#861,.T.);
#3604=EDGE_CURVE('',#4124,#4167,#862,.T.);
#3605=EDGE_CURVE('',#4123,#4168,#863,.T.);
#3606=EDGE_CURVE('',#4122,#4169,#864,.T.);
#3607=EDGE_CURVE('',#4121,#4170,#865,.T.);
#3608=EDGE_CURVE('',#4120,#4171,#866,.T.);
#3609=EDGE_CURVE('',#4119,#4199,#867,.T.);
#3610=EDGE_CURVE('',#4199,#3971,#606,.T.);
#3611=EDGE_CURVE('',#4117,#4200,#868,.T.);
#3612=EDGE_CURVE('',#4200,#4201,#607,.T.);
#3613=EDGE_CURVE('',#4118,#4201,#869,.T.);
#3614=EDGE_CURVE('',#3960,#4202,#608,.T.);
#3615=EDGE_CURVE('',#4116,#4202,#870,.T.);
#3616=EDGE_CURVE('',#3964,#4203,#4438,.F.);
#3617=EDGE_CURVE('',#4115,#4203,#871,.T.);
#3618=EDGE_CURVE('',#4204,#4205,#4439,.F.);
#3619=EDGE_CURVE('',#4114,#4204,#872,.T.);
#3620=EDGE_CURVE('',#4113,#4205,#873,.T.);
#3621=EDGE_CURVE('',#4206,#3957,#4440,.F.);
#3622=EDGE_CURVE('',#4112,#4206,#874,.T.);
#3623=EDGE_CURVE('',#3955,#4207,#4441,.F.);
#3624=EDGE_CURVE('',#4111,#4207,#875,.T.);
#3625=EDGE_CURVE('',#4176,#4207,#609,.F.);
#3626=EDGE_CURVE('',#4206,#4205,#610,.F.);
#3627=EDGE_CURVE('',#4204,#4203,#611,.F.);
#3628=EDGE_CURVE('',#4202,#4200,#612,.T.);
#3629=EDGE_CURVE('',#4201,#4199,#613,.T.);
#3630=EDGE_CURVE('',#4198,#4196,#614,.T.);
#3631=EDGE_CURVE('',#4197,#4195,#615,.T.);
#3632=EDGE_CURVE('',#4194,#4193,#616,.T.);
#3633=EDGE_CURVE('',#4192,#4190,#617,.T.);
#3634=EDGE_CURVE('',#4191,#4189,#618,.T.);
#3635=EDGE_CURVE('',#4188,#4186,#619,.T.);
#3636=EDGE_CURVE('',#4187,#4183,#620,.T.);
#3637=EDGE_CURVE('',#4182,#4180,#621,.T.);
#3638=EDGE_CURVE('',#4181,#4179,#622,.T.);
#3639=EDGE_CURVE('',#4178,#4175,#623,.F.);
#3640=EDGE_CURVE('',#4174,#4173,#624,.F.);
#3641=EDGE_CURVE('',#4172,#4177,#625,.F.);
#3642=EDGE_CURVE('',#3918,#3939,#876,.T.);
#3643=EDGE_CURVE('',#3938,#3919,#877,.F.);
#3644=EDGE_CURVE('',#3886,#4185,#878,.F.);
#3645=EDGE_CURVE('',#4184,#3885,#879,.T.);
#3646=EDGE_CURVE('',#3951,#3944,#880,.T.);
#3647=EDGE_CURVE('',#3882,#3952,#881,.F.);
#3648=EDGE_CURVE('',#3735,#3848,#882,.F.);
#3649=EDGE_CURVE('',#3712,#3734,#883,.T.);
#3650=VERTEX_POINT('',#6759);
#3651=VERTEX_POINT('',#6760);
#3652=VERTEX_POINT('',#6762);
#3653=VERTEX_POINT('',#6764);
#3654=VERTEX_POINT('',#6766);
#3655=VERTEX_POINT('',#6768);
#3656=VERTEX_POINT('',#6783);
#3657=VERTEX_POINT('',#6785);
#3658=VERTEX_POINT('',#6795);
#3659=VERTEX_POINT('',#6797);
#3660=VERTEX_POINT('',#6807);
#3661=VERTEX_POINT('',#6809);
#3662=VERTEX_POINT('',#6824);
#3663=VERTEX_POINT('',#6826);
#3664=VERTEX_POINT('',#6841);
#3665=VERTEX_POINT('',#6843);
#3666=VERTEX_POINT('',#6853);
#3667=VERTEX_POINT('',#6855);
#3668=VERTEX_POINT('',#6865);
#3669=VERTEX_POINT('',#6867);
#3670=VERTEX_POINT('',#6882);
#3671=VERTEX_POINT('',#6884);
#3672=VERTEX_POINT('',#6899);
#3673=VERTEX_POINT('',#6901);
#3674=VERTEX_POINT('',#6913);
#3675=VERTEX_POINT('',#6914);
#3676=VERTEX_POINT('',#6916);
#3677=VERTEX_POINT('',#6918);
#3678=VERTEX_POINT('',#6920);
#3679=VERTEX_POINT('',#6922);
#3680=VERTEX_POINT('',#6937);
#3681=VERTEX_POINT('',#6939);
#3682=VERTEX_POINT('',#6949);
#3683=VERTEX_POINT('',#6951);
#3684=VERTEX_POINT('',#6961);
#3685=VERTEX_POINT('',#6963);
#3686=VERTEX_POINT('',#6979);
#3687=VERTEX_POINT('',#6981);
#3688=VERTEX_POINT('',#6996);
#3689=VERTEX_POINT('',#6998);
#3690=VERTEX_POINT('',#7008);
#3691=VERTEX_POINT('',#7010);
#3692=VERTEX_POINT('',#7020);
#3693=VERTEX_POINT('',#7022);
#3694=VERTEX_POINT('',#7038);
#3695=VERTEX_POINT('',#7040);
#3696=VERTEX_POINT('',#7055);
#3697=VERTEX_POINT('',#7057);
#3698=VERTEX_POINT('',#7067);
#3699=VERTEX_POINT('',#7069);
#3700=VERTEX_POINT('',#7079);
#3701=VERTEX_POINT('',#7081);
#3702=VERTEX_POINT('',#7102);
#3703=VERTEX_POINT('',#7104);
#3704=VERTEX_POINT('',#7114);
#3705=VERTEX_POINT('',#7119);
#3706=VERTEX_POINT('',#7121);
#3707=VERTEX_POINT('',#7132);
#3708=VERTEX_POINT('',#7133);
#3709=VERTEX_POINT('',#7138);
#3710=VERTEX_POINT('',#7144);
#3711=VERTEX_POINT('',#7148);
#3712=VERTEX_POINT('',#7149);
#3713=VERTEX_POINT('',#7154);
#3714=VERTEX_POINT('',#7156);
#3715=VERTEX_POINT('',#7161);
#3716=VERTEX_POINT('',#7168);
#3717=VERTEX_POINT('',#7169);
#3718=VERTEX_POINT('',#7174);
#3719=VERTEX_POINT('',#7176);
#3720=VERTEX_POINT('',#7183);
#3721=VERTEX_POINT('',#7184);
#3722=VERTEX_POINT('',#7189);
#3723=VERTEX_POINT('',#7191);
#3724=VERTEX_POINT('',#7201);
#3725=VERTEX_POINT('',#7202);
#3726=VERTEX_POINT('',#7207);
#3727=VERTEX_POINT('',#7213);
#3728=VERTEX_POINT('',#7220);
#3729=VERTEX_POINT('',#7222);
#3730=VERTEX_POINT('',#7227);
#3731=VERTEX_POINT('',#7237);
#3732=VERTEX_POINT('',#7239);
#3733=VERTEX_POINT('',#7246);
#3734=VERTEX_POINT('',#7248);
#3735=VERTEX_POINT('',#7249);
#3736=VERTEX_POINT('',#7289);
#3737=VERTEX_POINT('',#7299);
#3738=VERTEX_POINT('',#7320);
#3739=VERTEX_POINT('',#7330);
#3740=VERTEX_POINT('',#7351);
#3741=VERTEX_POINT('',#7352);
#3742=VERTEX_POINT('',#7359);
#3743=VERTEX_POINT('',#7388);
#3744=VERTEX_POINT('',#7398);
#3745=VERTEX_POINT('',#7423);
#3746=VERTEX_POINT('',#7424);
#3747=VERTEX_POINT('',#7429);
#3748=VERTEX_POINT('',#7431);
#3749=VERTEX_POINT('',#7441);
#3750=VERTEX_POINT('',#7462);
#3751=VERTEX_POINT('',#7463);
#3752=VERTEX_POINT('',#7468);
#3753=VERTEX_POINT('',#7476);
#3754=VERTEX_POINT('',#7478);
#3755=VERTEX_POINT('',#7507);
#3756=VERTEX_POINT('',#7508);
#3757=VERTEX_POINT('',#7515);
#3758=VERTEX_POINT('',#7548);
#3759=VERTEX_POINT('',#7550);
#3760=VERTEX_POINT('',#7560);
#3761=VERTEX_POINT('',#7594);
#3762=VERTEX_POINT('',#7596);
#3763=VERTEX_POINT('',#7606);
#3764=VERTEX_POINT('',#7640);
#3765=VERTEX_POINT('',#7642);
#3766=VERTEX_POINT('',#7652);
#3767=VERTEX_POINT('',#7686);
#3768=VERTEX_POINT('',#7688);
#3769=VERTEX_POINT('',#7698);
#3770=VERTEX_POINT('',#7732);
#3771=VERTEX_POINT('',#7734);
#3772=VERTEX_POINT('',#7744);
#3773=VERTEX_POINT('',#7765);
#3774=VERTEX_POINT('',#7766);
#3775=VERTEX_POINT('',#7773);
#3776=VERTEX_POINT('',#7815);
#3777=VERTEX_POINT('',#7817);
#3778=VERTEX_POINT('',#7827);
#3779=VERTEX_POINT('',#7848);
#3780=VERTEX_POINT('',#7849);
#3781=VERTEX_POINT('',#7856);
#3782=VERTEX_POINT('',#7889);
#3783=VERTEX_POINT('',#7891);
#3784=VERTEX_POINT('',#7901);
#3785=VERTEX_POINT('',#7922);
#3786=VERTEX_POINT('',#7923);
#3787=VERTEX_POINT('',#7929);
#3788=VERTEX_POINT('',#7935);
#3789=VERTEX_POINT('',#7937);
#3790=VERTEX_POINT('',#7966);
#3791=VERTEX_POINT('',#7976);
#3792=VERTEX_POINT('',#8001);
#3793=VERTEX_POINT('',#8003);
#3794=VERTEX_POINT('',#8013);
#3795=VERTEX_POINT('',#8034);
#3796=VERTEX_POINT('',#8044);
#3797=VERTEX_POINT('',#8065);
#3798=VERTEX_POINT('',#8075);
#3799=VERTEX_POINT('',#8079);
#3800=VERTEX_POINT('',#8083);
#3801=VERTEX_POINT('',#8087);
#3802=VERTEX_POINT('',#8089);
#3803=VERTEX_POINT('',#8093);
#3804=VERTEX_POINT('',#8095);
#3805=VERTEX_POINT('',#8099);
#3806=VERTEX_POINT('',#8106);
#3807=VERTEX_POINT('',#8108);
#3808=VERTEX_POINT('',#8112);
#3809=VERTEX_POINT('',#8113);
#3810=VERTEX_POINT('',#8118);
#3811=VERTEX_POINT('',#8120);
#3812=VERTEX_POINT('',#8124);
#3813=VERTEX_POINT('',#8125);
#3814=VERTEX_POINT('',#8133);
#3815=VERTEX_POINT('',#8134);
#3816=VERTEX_POINT('',#8139);
#3817=VERTEX_POINT('',#8141);
#3818=VERTEX_POINT('',#8145);
#3819=VERTEX_POINT('',#8146);
#3820=VERTEX_POINT('',#8157);
#3821=VERTEX_POINT('',#8159);
#3822=VERTEX_POINT('',#8163);
#3823=VERTEX_POINT('',#8164);
#3824=VERTEX_POINT('',#8169);
#3825=VERTEX_POINT('',#8171);
#3826=VERTEX_POINT('',#8175);
#3827=VERTEX_POINT('',#8176);
#3828=VERTEX_POINT('',#8184);
#3829=VERTEX_POINT('',#8186);
#3830=VERTEX_POINT('',#8190);
#3831=VERTEX_POINT('',#8191);
#3832=VERTEX_POINT('',#8193);
#3833=VERTEX_POINT('',#8195);
#3834=VERTEX_POINT('',#8199);
#3835=VERTEX_POINT('',#8200);
#3836=VERTEX_POINT('',#8205);
#3837=VERTEX_POINT('',#8207);
#3838=VERTEX_POINT('',#8211);
#3839=VERTEX_POINT('',#8212);
#3840=VERTEX_POINT('',#8214);
#3841=VERTEX_POINT('',#8216);
#3842=VERTEX_POINT('',#8220);
#3843=VERTEX_POINT('',#8221);
#3844=VERTEX_POINT('',#8226);
#3845=VERTEX_POINT('',#8228);
#3846=VERTEX_POINT('',#8232);
#3847=VERTEX_POINT('',#8233);
#3848=VERTEX_POINT('',#8235);
#3849=VERTEX_POINT('',#8240);
#3850=VERTEX_POINT('',#8242);
#3851=VERTEX_POINT('',#8246);
#3852=VERTEX_POINT('',#8247);
#3853=VERTEX_POINT('',#8258);
#3854=VERTEX_POINT('',#8260);
#3855=VERTEX_POINT('',#8264);
#3856=VERTEX_POINT('',#8265);
#3857=VERTEX_POINT('',#8270);
#3858=VERTEX_POINT('',#8272);
#3859=VERTEX_POINT('',#8276);
#3860=VERTEX_POINT('',#8277);
#3861=VERTEX_POINT('',#8288);
#3862=VERTEX_POINT('',#8290);
#3863=VERTEX_POINT('',#8294);
#3864=VERTEX_POINT('',#8295);
#3865=VERTEX_POINT('',#8300);
#3866=VERTEX_POINT('',#8302);
#3867=VERTEX_POINT('',#8306);
#3868=VERTEX_POINT('',#8307);
#3869=VERTEX_POINT('',#8315);
#3870=VERTEX_POINT('',#8319);
#3871=VERTEX_POINT('',#8321);
#3872=VERTEX_POINT('',#8325);
#3873=VERTEX_POINT('',#8329);
#3874=VERTEX_POINT('',#8609);
#3875=VERTEX_POINT('',#8610);
#3876=VERTEX_POINT('',#8692);
#3877=VERTEX_POINT('',#8693);
#3878=VERTEX_POINT('',#8695);
#3879=VERTEX_POINT('',#8700);
#3880=VERTEX_POINT('',#8707);
#3881=VERTEX_POINT('',#8708);
#3882=VERTEX_POINT('',#8713);
#3883=VERTEX_POINT('',#8715);
#3884=VERTEX_POINT('',#8720);
#3885=VERTEX_POINT('',#8727);
#3886=VERTEX_POINT('',#8728);
#3887=VERTEX_POINT('',#8734);
#3888=VERTEX_POINT('',#8741);
#3889=VERTEX_POINT('',#8743);
#3890=VERTEX_POINT('',#8757);
#3891=VERTEX_POINT('',#8780);
#3892=VERTEX_POINT('',#8781);
#3893=VERTEX_POINT('',#8783);
#3894=VERTEX_POINT('',#8797);
#3895=VERTEX_POINT('',#8815);
#3896=VERTEX_POINT('',#8816);
#3897=VERTEX_POINT('',#8818);
#3898=VERTEX_POINT('',#8832);
#3899=VERTEX_POINT('',#8848);
#3900=VERTEX_POINT('',#8849);
#3901=VERTEX_POINT('',#8851);
#3902=VERTEX_POINT('',#8865);
#3903=VERTEX_POINT('',#8873);
#3904=VERTEX_POINT('',#8874);
#3905=VERTEX_POINT('',#8879);
#3906=VERTEX_POINT('',#8885);
#3907=VERTEX_POINT('',#8892);
#3908=VERTEX_POINT('',#8897);
#3909=VERTEX_POINT('',#8902);
#3910=VERTEX_POINT('',#8909);
#3911=VERTEX_POINT('',#8914);
#3912=VERTEX_POINT('',#8921);
#3913=VERTEX_POINT('',#8926);
#3914=VERTEX_POINT('',#8935);
#3915=VERTEX_POINT('',#8936);
#3916=VERTEX_POINT('',#8941);
#3917=VERTEX_POINT('',#8946);
#3918=VERTEX_POINT('',#8953);
#3919=VERTEX_POINT('',#8958);
#3920=VERTEX_POINT('',#8963);
#3921=VERTEX_POINT('',#8971);
#3922=VERTEX_POINT('',#8973);
#3923=VERTEX_POINT('',#8987);
#3924=VERTEX_POINT('',#9005);
#3925=VERTEX_POINT('',#9006);
#3926=VERTEX_POINT('',#9008);
#3927=VERTEX_POINT('',#9022);
#3928=VERTEX_POINT('',#9040);
#3929=VERTEX_POINT('',#9041);
#3930=VERTEX_POINT('',#9043);
#3931=VERTEX_POINT('',#9057);
#3932=VERTEX_POINT('',#9073);
#3933=VERTEX_POINT('',#9074);
#3934=VERTEX_POINT('',#9076);
#3935=VERTEX_POINT('',#9090);
#3936=VERTEX_POINT('',#9098);
#3937=VERTEX_POINT('',#9099);
#3938=VERTEX_POINT('',#9104);
#3939=VERTEX_POINT('',#9109);
#3940=VERTEX_POINT('',#9115);
#3941=VERTEX_POINT('',#9129);
#3942=VERTEX_POINT('',#9136);
#3943=VERTEX_POINT('',#9137);
#3944=VERTEX_POINT('',#9139);
#3945=VERTEX_POINT('',#9144);
#3946=VERTEX_POINT('',#9149);
#3947=VERTEX_POINT('',#9156);
#3948=VERTEX_POINT('',#9157);
#3949=VERTEX_POINT('',#9159);
#3950=VERTEX_POINT('',#9164);
#3951=VERTEX_POINT('',#9180);
#3952=VERTEX_POINT('',#9182);
#3953=VERTEX_POINT('',#9191);
#3954=VERTEX_POINT('',#9211);
#3955=VERTEX_POINT('',#9212);
#3956=VERTEX_POINT('',#9229);
#3957=VERTEX_POINT('',#9271);
#3958=VERTEX_POINT('',#9273);
#3959=VERTEX_POINT('',#9283);
#3960=VERTEX_POINT('',#9308);
#3961=VERTEX_POINT('',#9310);
#3962=VERTEX_POINT('',#9320);
#3963=VERTEX_POINT('',#9341);
#3964=VERTEX_POINT('',#9342);
#3965=VERTEX_POINT('',#9359);
#3966=VERTEX_POINT('',#9390);
#3967=VERTEX_POINT('',#9400);
#3968=VERTEX_POINT('',#9402);
#3969=VERTEX_POINT('',#9412);
#3970=VERTEX_POINT('',#9433);
#3971=VERTEX_POINT('',#9434);
#3972=VERTEX_POINT('',#9440);
#3973=VERTEX_POINT('',#9471);
#3974=VERTEX_POINT('',#9481);
#3975=VERTEX_POINT('',#9483);
#3976=VERTEX_POINT('',#9493);
#3977=VERTEX_POINT('',#9516);
#3978=VERTEX_POINT('',#9526);
#3979=VERTEX_POINT('',#9528);
#3980=VERTEX_POINT('',#9538);
#3981=VERTEX_POINT('',#9561);
#3982=VERTEX_POINT('',#9571);
#3983=VERTEX_POINT('',#9573);
#3984=VERTEX_POINT('',#9583);
#3985=VERTEX_POINT('',#9604);
#3986=VERTEX_POINT('',#9614);
#3987=VERTEX_POINT('',#9616);
#3988=VERTEX_POINT('',#9626);
#3989=VERTEX_POINT('',#9649);
#3990=VERTEX_POINT('',#9659);
#3991=VERTEX_POINT('',#9661);
#3992=VERTEX_POINT('',#9671);
#3993=VERTEX_POINT('',#9694);
#3994=VERTEX_POINT('',#9704);
#3995=VERTEX_POINT('',#9706);
#3996=VERTEX_POINT('',#9716);
#3997=VERTEX_POINT('',#9740);
#3998=VERTEX_POINT('',#9742);
#3999=VERTEX_POINT('',#9752);
#4000=VERTEX_POINT('',#9775);
#4001=VERTEX_POINT('',#9785);
#4002=VERTEX_POINT('',#9787);
#4003=VERTEX_POINT('',#9797);
#4004=VERTEX_POINT('',#9822);
#4005=VERTEX_POINT('',#9824);
#4006=VERTEX_POINT('',#9834);
#4007=VERTEX_POINT('',#9855);
#4008=VERTEX_POINT('',#9856);
#4009=VERTEX_POINT('',#9863);
#4010=VERTEX_POINT('',#9892);
#4011=VERTEX_POINT('',#9902);
#4012=VERTEX_POINT('',#9923);
#4013=VERTEX_POINT('',#9925);
#4014=VERTEX_POINT('',#9954);
#4015=VERTEX_POINT('',#9964);
#4016=VERTEX_POINT('',#9985);
#4017=VERTEX_POINT('',#9987);
#4018=VERTEX_POINT('',#10020);
#4019=VERTEX_POINT('',#10022);
#4020=VERTEX_POINT('',#10032);
#4021=VERTEX_POINT('',#10053);
#4022=VERTEX_POINT('',#10055);
#4023=VERTEX_POINT('',#10088);
#4024=VERTEX_POINT('',#10090);
#4025=VERTEX_POINT('',#10100);
#4026=VERTEX_POINT('',#10121);
#4027=VERTEX_POINT('',#10122);
#4028=VERTEX_POINT('',#10129);
#4029=VERTEX_POINT('',#10160);
#4030=VERTEX_POINT('',#10170);
#4031=VERTEX_POINT('',#10172);
#4032=VERTEX_POINT('',#10182);
#4033=VERTEX_POINT('',#10205);
#4034=VERTEX_POINT('',#10215);
#4035=VERTEX_POINT('',#10217);
#4036=VERTEX_POINT('',#10227);
#4037=VERTEX_POINT('',#10250);
#4038=VERTEX_POINT('',#10260);
#4039=VERTEX_POINT('',#10262);
#4040=VERTEX_POINT('',#10272);
#4041=VERTEX_POINT('',#10295);
#4042=VERTEX_POINT('',#10305);
#4043=VERTEX_POINT('',#10307);
#4044=VERTEX_POINT('',#10317);
#4045=VERTEX_POINT('',#10340);
#4046=VERTEX_POINT('',#10350);
#4047=VERTEX_POINT('',#10352);
#4048=VERTEX_POINT('',#10362);
#4049=VERTEX_POINT('',#10383);
#4050=VERTEX_POINT('',#10393);
#4051=VERTEX_POINT('',#10395);
#4052=VERTEX_POINT('',#10405);
#4053=VERTEX_POINT('',#10430);
#4054=VERTEX_POINT('',#10432);
#4055=VERTEX_POINT('',#10442);
#4056=VERTEX_POINT('',#10465);
#4057=VERTEX_POINT('',#10475);
#4058=VERTEX_POINT('',#10477);
#4059=VERTEX_POINT('',#10487);
#4060=VERTEX_POINT('',#10521);
#4061=VERTEX_POINT('',#10523);
#4062=VERTEX_POINT('',#10533);
#4063=VERTEX_POINT('',#10554);
#4064=VERTEX_POINT('',#10555);
#4065=VERTEX_POINT('',#10562);
#4066=VERTEX_POINT('',#10604);
#4067=VERTEX_POINT('',#10606);
#4068=VERTEX_POINT('',#10616);
#4069=VERTEX_POINT('',#10637);
#4070=VERTEX_POINT('',#10638);
#4071=VERTEX_POINT('',#10655);
#4072=VERTEX_POINT('',#10739);
#4073=VERTEX_POINT('',#10744);
#4074=VERTEX_POINT('',#10746);
#4075=VERTEX_POINT('',#10751);
#4076=VERTEX_POINT('',#10754);
#4077=VERTEX_POINT('',#10759);
#4078=VERTEX_POINT('',#10761);
#4079=VERTEX_POINT('',#10766);
#4080=VERTEX_POINT('',#10769);
#4081=VERTEX_POINT('',#10774);
#4082=VERTEX_POINT('',#10776);
#4083=VERTEX_POINT('',#10781);
#4084=VERTEX_POINT('',#10784);
#4085=VERTEX_POINT('',#10789);
#4086=VERTEX_POINT('',#10791);
#4087=VERTEX_POINT('',#10796);
#4088=VERTEX_POINT('',#10799);
#4089=VERTEX_POINT('',#10804);
#4090=VERTEX_POINT('',#10806);
#4091=VERTEX_POINT('',#10811);
#4092=VERTEX_POINT('',#10814);
#4093=VERTEX_POINT('',#10819);
#4094=VERTEX_POINT('',#10821);
#4095=VERTEX_POINT('',#10826);
#4096=VERTEX_POINT('',#10829);
#4097=VERTEX_POINT('',#10834);
#4098=VERTEX_POINT('',#10836);
#4099=VERTEX_POINT('',#10841);
#4100=VERTEX_POINT('',#10844);
#4101=VERTEX_POINT('',#10849);
#4102=VERTEX_POINT('',#10851);
#4103=VERTEX_POINT('',#10856);
#4104=VERTEX_POINT('',#10859);
#4105=VERTEX_POINT('',#10864);
#4106=VERTEX_POINT('',#10866);
#4107=VERTEX_POINT('',#10871);
#4108=VERTEX_POINT('',#10874);
#4109=VERTEX_POINT('',#10879);
#4110=VERTEX_POINT('',#10881);
#4111=VERTEX_POINT('',#10886);
#4112=VERTEX_POINT('',#10889);
#4113=VERTEX_POINT('',#10894);
#4114=VERTEX_POINT('',#10896);
#4115=VERTEX_POINT('',#10901);
#4116=VERTEX_POINT('',#10904);
#4117=VERTEX_POINT('',#10909);
#4118=VERTEX_POINT('',#10911);
#4119=VERTEX_POINT('',#10916);
#4120=VERTEX_POINT('',#10919);
#4121=VERTEX_POINT('',#10924);
#4122=VERTEX_POINT('',#10926);
#4123=VERTEX_POINT('',#10931);
#4124=VERTEX_POINT('',#10934);
#4125=VERTEX_POINT('',#10939);
#4126=VERTEX_POINT('',#10941);
#4127=VERTEX_POINT('',#10946);
#4128=VERTEX_POINT('',#10949);
#4129=VERTEX_POINT('',#10954);
#4130=VERTEX_POINT('',#10956);
#4131=VERTEX_POINT('',#10961);
#4132=VERTEX_POINT('',#10964);
#4133=VERTEX_POINT('',#10969);
#4134=VERTEX_POINT('',#10971);
#4135=VERTEX_POINT('',#10976);
#4136=VERTEX_POINT('',#10979);
#4137=VERTEX_POINT('',#10984);
#4138=VERTEX_POINT('',#10986);
#4139=VERTEX_POINT('',#10991);
#4140=VERTEX_POINT('',#10994);
#4141=VERTEX_POINT('',#10999);
#4142=VERTEX_POINT('',#11001);
#4143=VERTEX_POINT('',#11006);
#4144=VERTEX_POINT('',#11010);
#4145=VERTEX_POINT('',#11015);
#4146=VERTEX_POINT('',#11017);
#4147=VERTEX_POINT('',#11022);
#4148=VERTEX_POINT('',#11025);
#4149=VERTEX_POINT('',#11030);
#4150=VERTEX_POINT('',#11032);
#4151=VERTEX_POINT('',#11037);
#4152=VERTEX_POINT('',#11040);
#4153=VERTEX_POINT('',#11048);
#4154=VERTEX_POINT('',#11050);
#4155=VERTEX_POINT('',#11061);
#4156=VERTEX_POINT('',#11065);
#4157=VERTEX_POINT('',#11070);
#4158=VERTEX_POINT('',#11072);
#4159=VERTEX_POINT('',#11077);
#4160=VERTEX_POINT('',#11080);
#4161=VERTEX_POINT('',#11091);
#4162=VERTEX_POINT('',#11093);
#4163=VERTEX_POINT('',#11101);
#4164=VERTEX_POINT('',#11104);
#4165=VERTEX_POINT('',#11109);
#4166=VERTEX_POINT('',#11111);
#4167=VERTEX_POINT('',#11116);
#4168=VERTEX_POINT('',#11119);
#4169=VERTEX_POINT('',#11124);
#4170=VERTEX_POINT('',#11126);
#4171=VERTEX_POINT('',#11131);
#4172=VERTEX_POINT('',#11135);
#4173=VERTEX_POINT('',#11139);
#4174=VERTEX_POINT('',#11143);
#4175=VERTEX_POINT('',#11144);
#4176=VERTEX_POINT('',#11149);
#4177=VERTEX_POINT('',#11150);
#4178=VERTEX_POINT('',#11155);
#4179=VERTEX_POINT('',#11159);
#4180=VERTEX_POINT('',#11166);
#4181=VERTEX_POINT('',#11171);
#4182=VERTEX_POINT('',#11178);
#4183=VERTEX_POINT('',#11203);
#4184=VERTEX_POINT('',#11208);
#4185=VERTEX_POINT('',#11210);
#4186=VERTEX_POINT('',#11217);
#4187=VERTEX_POINT('',#11222);
#4188=VERTEX_POINT('',#11229);
#4189=VERTEX_POINT('',#11233);
#4190=VERTEX_POINT('',#11240);
#4191=VERTEX_POINT('',#11245);
#4192=VERTEX_POINT('',#11252);
#4193=VERTEX_POINT('',#11273);
#4194=VERTEX_POINT('',#11283);
#4195=VERTEX_POINT('',#11287);
#4196=VERTEX_POINT('',#11294);
#4197=VERTEX_POINT('',#11299);
#4198=VERTEX_POINT('',#11306);
#4199=VERTEX_POINT('',#11338);
#4200=VERTEX_POINT('',#11345);
#4201=VERTEX_POINT('',#11350);
#4202=VERTEX_POINT('',#11357);
#4203=VERTEX_POINT('',#11361);
#4204=VERTEX_POINT('',#11365);
#4205=VERTEX_POINT('',#11366);
#4206=VERTEX_POINT('',#11371);
#4207=VERTEX_POINT('',#11375);
#4208=CIRCLE('',#5306,0.00625171915863428);
#4209=CIRCLE('',#5307,0.00454765163581042);
#4210=CIRCLE('',#5308,0.00674563478629325);
#4211=CIRCLE('',#5309,0.00625171915863428);
#4212=CIRCLE('',#5310,0.00625171915863428);
#4213=CIRCLE('',#5311,0.00625171915863428);
#4214=CIRCLE('',#5312,0.00674563478629325);
#4215=CIRCLE('',#5313,0.00625171915863428);
#4216=CIRCLE('',#5314,0.00625171915863428);
#4217=CIRCLE('',#5315,0.00625171915863428);
#4218=CIRCLE('',#5316,0.00674563478629325);
#4219=CIRCLE('',#5317,0.00625171915863428);
#4220=CIRCLE('',#5319,0.00672816567423029);
#4221=CIRCLE('',#5320,0.00454765163581042);
#4222=CIRCLE('',#5321,0.00672816567423029);
#4223=CIRCLE('',#5322,0.00625171915863428);
#4224=CIRCLE('',#5323,0.00625171915863428);
#4225=CIRCLE('',#5324,0.00625171915863428);
#4226=CIRCLE('',#5325,0.00672816567423029);
#4227=CIRCLE('',#5326,0.00625171915863428);
#4228=CIRCLE('',#5327,0.00625171915863428);
#4229=CIRCLE('',#5328,0.00625171915863428);
#4230=CIRCLE('',#5329,0.00672816567423029);
#4231=CIRCLE('',#5330,0.00625171915863428);
#4232=CIRCLE('',#5331,0.00625171915863428);
#4233=CIRCLE('',#5332,0.00625171915863428);
#4234=CIRCLE('',#5334,0.00781447868426859);
#4235=CIRCLE('',#5336,0.00781447868426859);
#4236=CIRCLE('',#5338,0.00781447868426859);
#4237=CIRCLE('',#5340,0.00672816567423029);
#4238=CIRCLE('',#5341,0.00781447868426859);
#4239=CIRCLE('',#5343,0.00672816567423029);
#4240=CIRCLE('',#5344,0.00781447868426859);
#4241=CIRCLE('',#5346,0.00672816567423029);
#4242=CIRCLE('',#5347,0.00781447868426859);
#4243=CIRCLE('',#5349,0.00781447868426859);
#4244=CIRCLE('',#5351,0.00781447868426859);
#4245=CIRCLE('',#5353,0.00781447868426859);
#4246=CIRCLE('',#5355,0.00454765163581042);
#4247=CIRCLE('',#5356,0.00454765163581042);
#4248=CIRCLE('',#5358,0.00625171915863428);
#4249=CIRCLE('',#5360,0.00625171915863428);
#4250=CIRCLE('',#5362,0.00625171915863428);
#4251=CIRCLE('',#5364,0.00625171915863428);
#4252=CIRCLE('',#5366,0.00625171915863428);
#4253=CIRCLE('',#5368,0.00625171915863428);
#4254=CIRCLE('',#5370,0.00625171915863428);
#4255=CIRCLE('',#5372,0.00625171915863428);
#4256=CIRCLE('',#5374,0.00625171915863428);
#4257=CIRCLE('',#5376,0.00625171915863428);
#4258=CIRCLE('',#5378,0.00625171915863428);
#4259=CIRCLE('',#5380,0.00625171915863428);
#4260=CIRCLE('',#5382,0.00625171915863428);
#4261=CIRCLE('',#5384,0.00625171915863428);
#4262=CIRCLE('',#5385,0.00625171915863428);
#4263=CIRCLE('',#5387,0.00625171915863428);
#4264=CIRCLE('',#5388,0.00625171915863428);
#4265=CIRCLE('',#5390,0.00625171915863428);
#4266=CIRCLE('',#5391,0.00625171915863428);
#4267=CIRCLE('',#5393,0.00625171915863428);
#4268=CIRCLE('',#5394,0.00625171915863428);
#4269=CIRCLE('',#5396,0.00625171915863428);
#4270=CIRCLE('',#5397,0.00625171915863428);
#4271=CIRCLE('',#5399,0.00625171915863428);
#4272=CIRCLE('',#5400,0.00625171915863428);
#4273=CIRCLE('',#5402,0.00625171915863428);
#4274=CIRCLE('',#5403,0.00625171915863428);
#4275=CIRCLE('',#5405,0.00625171915863428);
#4276=CIRCLE('',#5406,0.00625171915863428);
#4277=CIRCLE('',#5408,0.00625171915863428);
#4278=CIRCLE('',#5410,0.00625171915863428);
#4279=CIRCLE('',#5412,0.00625171915863428);
#4280=CIRCLE('',#5414,0.00625171915863428);
#4281=CIRCLE('',#5416,0.00625171915863428);
#4282=CIRCLE('',#5418,0.00625171915863428);
#4283=CIRCLE('',#5420,0.00625171915863428);
#4284=CIRCLE('',#5422,0.00625171915863428);
#4285=CIRCLE('',#5424,0.00625171915863428);
#4286=CIRCLE('',#5426,0.00625171915863428);
#4287=CIRCLE('',#5428,0.00625171915863428);
#4288=CIRCLE('',#5430,0.00674563478629325);
#4289=CIRCLE('',#5431,0.00781447868426859);
#4290=CIRCLE('',#5433,0.00674563478629325);
#4291=CIRCLE('',#5434,0.00781447868426859);
#4292=CIRCLE('',#5436,0.00781447868426859);
#4293=CIRCLE('',#5437,0.00781447868426859);
#4294=CIRCLE('',#5439,0.00781447868426859);
#4295=CIRCLE('',#5440,0.00781447868426859);
#4296=CIRCLE('',#5442,0.00781447868426859);
#4297=CIRCLE('',#5443,0.00781447868426859);
#4298=CIRCLE('',#5445,0.00781447868426859);
#4299=CIRCLE('',#5446,0.00781447868426859);
#4300=CIRCLE('',#5448,0.00781447868426859);
#4301=CIRCLE('',#5450,0.00781447868426859);
#4302=CIRCLE('',#5452,0.00781447868426859);
#4303=CIRCLE('',#5454,0.00781447868426859);
#4304=CIRCLE('',#5456,0.00781447868426859);
#4305=CIRCLE('',#5458,0.00781447868426859);
#4306=CIRCLE('',#5459,0.00781447868426859);
#4307=CIRCLE('',#5461,0.00781447868426859);
#4308=CIRCLE('',#5462,0.00781447868426859);
#4309=CIRCLE('',#5464,0.00781447868426859);
#4310=CIRCLE('',#5465,0.00781447868426859);
#4311=CIRCLE('',#5467,0.00781447868426859);
#4312=CIRCLE('',#5468,0.00781447868426859);
#4313=CIRCLE('',#5470,0.00781447868426859);
#4314=CIRCLE('',#5471,0.00781447868426859);
#4315=CIRCLE('',#5473,0.00674563478629325);
#4316=CIRCLE('',#5474,0.00781447868426859);
#4317=CIRCLE('',#5476,0.00674563478629325);
#4318=CIRCLE('',#5477,0.00781447868426859);
#4319=CIRCLE('',#5479,0.00454765163581042);
#4320=CIRCLE('',#5480,0.00454765163581042);
#4321=CIRCLE('',#5482,0.00781447868426859);
#4322=CIRCLE('',#5484,0.00781447868426859);
#4323=CIRCLE('',#5486,0.00781447868426859);
#4324=CIRCLE('',#5488,0.00781447868426859);
#4325=CIRCLE('',#5490,0.00781447868426859);
#4326=CIRCLE('',#5492,0.00781447868426859);
#4327=CIRCLE('',#5494,0.00781447868426859);
#4328=CIRCLE('',#5496,0.00781447868426859);
#4329=CIRCLE('',#5498,0.00781447868426859);
#4330=CIRCLE('',#5500,0.00781447868426859);
#4331=CIRCLE('',#5502,0.00781447868426859);
#4332=CIRCLE('',#5504,0.00781447868426859);
#4333=CIRCLE('',#5506,0.00781447868426859);
#4334=CIRCLE('',#5508,0.00781447868426859);
#4335=CIRCLE('',#5510,0.00781447868426859);
#4336=CIRCLE('',#5512,0.00781447868426859);
#4337=CIRCLE('',#5514,0.00781447868426859);
#4338=CIRCLE('',#5516,0.00781447868426859);
#4339=CIRCLE('',#5518,0.00781447868426859);
#4340=CIRCLE('',#5520,0.00781447868426859);
#4341=CIRCLE('',#5522,0.00781447868426859);
#4342=CIRCLE('',#5524,0.00781447868426859);
#4343=CIRCLE('',#5526,0.00781447868426859);
#4344=CIRCLE('',#5528,0.00781447868426859);
#4345=CIRCLE('',#5530,0.00781447868426859);
#4346=CIRCLE('',#5532,0.00781447868426859);
#4347=CIRCLE('',#5534,0.00781447868426859);
#4348=CIRCLE('',#5536,0.00781447868426859);
#4349=CIRCLE('',#5538,0.00781447868426859);
#4350=CIRCLE('',#5540,0.00781447868426859);
#4351=CIRCLE('',#5542,0.00781447868426859);
#4352=CIRCLE('',#5544,0.00781447868426859);
#4353=CIRCLE('',#5546,0.00781447868426859);
#4354=CIRCLE('',#5548,0.00781447868426859);
#4355=CIRCLE('',#5550,0.00781447868426859);
#4356=CIRCLE('',#5552,0.00781447868426859);
#4357=CIRCLE('',#5554,0.00625171915863428);
#4358=CIRCLE('',#5555,0.00625171915863428);
#4359=CIRCLE('',#5556,0.00625171915863428);
#4360=CIRCLE('',#5557,0.00625171915863428);
#4361=CIRCLE('',#5558,0.00625171915863428);
#4362=CIRCLE('',#5559,0.00625171915863428);
#4363=CIRCLE('',#5560,0.00625171915863428);
#4364=CIRCLE('',#5561,0.00625171915863428);
#4365=CIRCLE('',#5562,0.00625171915863428);
#4366=CIRCLE('',#5563,0.00625171915863428);
#4367=CIRCLE('',#5564,0.00625171915863428);
#4368=CIRCLE('',#5565,0.00625171915863428);
#4369=CIRCLE('',#5566,0.00625171915863428);
#4370=CIRCLE('',#5567,0.00625171915863428);
#4371=CIRCLE('',#5568,0.00625171915863428);
#4372=CIRCLE('',#5569,0.00625171915863428);
#4373=CIRCLE('',#5570,0.00625171915863428);
#4374=CIRCLE('',#5571,0.00625171915863428);
#4375=CIRCLE('',#5572,0.00625171915863428);
#4376=CIRCLE('',#5573,0.00625171915863428);
#4377=CIRCLE('',#5574,0.00625171915863428);
#4378=CIRCLE('',#5575,0.00625171915863428);
#4379=CIRCLE('',#5576,0.00625171915863428);
#4380=CIRCLE('',#5577,0.00625171915863428);
#4381=CIRCLE('',#5578,0.00625171915863428);
#4382=CIRCLE('',#5579,0.00625171915863428);
#4383=CIRCLE('',#5580,0.00625171915863428);
#4384=CIRCLE('',#5581,0.00625171915863428);
#4385=CIRCLE('',#5582,0.00625171915863428);
#4386=CIRCLE('',#5583,0.00625171915863428);
#4387=CIRCLE('',#5584,0.00625171915863428);
#4388=CIRCLE('',#5585,0.00625171915863428);
#4389=CIRCLE('',#5586,0.00625171915863428);
#4390=CIRCLE('',#5587,0.00625171915863428);
#4391=CIRCLE('',#5588,0.00625171915863428);
#4392=CIRCLE('',#5589,0.00625171915863428);
#4393=CIRCLE('',#5590,0.00625171915863428);
#4394=CIRCLE('',#5591,0.00625171915863428);
#4395=CIRCLE('',#5592,0.00625171915863428);
#4396=CIRCLE('',#5593,0.00625171915863428);
#4397=CIRCLE('',#5594,0.00625171915863428);
#4398=CIRCLE('',#5595,0.00625171915863428);
#4399=CIRCLE('',#5596,0.00625171915863428);
#4400=CIRCLE('',#5597,0.00625171915863428);
#4401=CIRCLE('',#5598,0.00625171915863428);
#4402=CIRCLE('',#5599,0.00625171915863428);
#4403=CIRCLE('',#5600,0.00625171915863428);
#4404=CIRCLE('',#5601,0.00625171915863428);
#4405=CIRCLE('',#5602,0.00625171915863428);
#4406=CIRCLE('',#5603,0.00625171915863428);
#4407=CIRCLE('',#5604,0.00625171915863428);
#4408=CIRCLE('',#5605,0.00625171915863428);
#4409=CIRCLE('',#5606,0.00625171915863428);
#4410=CIRCLE('',#5607,0.00625171915863428);
#4411=CIRCLE('',#5609,0.00625171915863428);
#4412=CIRCLE('',#5610,0.00625171915863428);
#4413=CIRCLE('',#5611,0.00625171915863428);
#4414=CIRCLE('',#5612,0.00625171915863428);
#4415=CIRCLE('',#5613,0.00625171915863428);
#4416=CIRCLE('',#5614,0.00625171915863428);
#4417=CIRCLE('',#5615,0.00625171915863428);
#4418=CIRCLE('',#5616,0.00625171915863428);
#4419=CIRCLE('',#5617,0.00625171915863428);
#4420=CIRCLE('',#5618,0.00625171915863428);
#4421=CIRCLE('',#5619,0.00625171915863428);
#4422=CIRCLE('',#5620,0.00625171915863428);
#4423=CIRCLE('',#5621,0.00625171915863428);
#4424=CIRCLE('',#5622,0.00625171915863428);
#4425=CIRCLE('',#5623,0.00625171915863428);
#4426=CIRCLE('',#5624,0.00625171915863428);
#4427=CIRCLE('',#5625,0.00625171915863428);
#4428=CIRCLE('',#5626,0.00625171915863428);
#4429=CIRCLE('',#5627,0.00625171915863428);
#4430=CIRCLE('',#5628,0.00625171915863428);
#4431=CIRCLE('',#5629,0.00625171915863428);
#4432=CIRCLE('',#5630,0.00625171915863428);
#4433=CIRCLE('',#5632,0.00625171915863428);
#4434=CIRCLE('',#5634,0.00625171915863428);
#4435=CIRCLE('',#5636,0.00625171915863428);
#4436=CIRCLE('',#5638,0.00625171915863428);
#4437=CIRCLE('',#5640,0.00625171915863428);
#4438=CIRCLE('',#5687,0.00625171915863428);
#4439=CIRCLE('',#5689,0.00625171915863428);
#4440=CIRCLE('',#5691,0.00625171915863428);
#4441=CIRCLE('',#5693,0.00625171915863428);
#4442=EDGE_LOOP('',(#1142,#1143,#1144,#1145,#1146,#1147,#1148,#1149,#1150,
#1151,#1152,#1153,#1154,#1155,#1156,#1157,#1158,#1159,#1160,#1161,#1162,
#1163,#1164,#1165));
#4443=EDGE_LOOP('',(#1166,#1167,#1168,#1169,#1170,#1171,#1172,#1173,#1174,
#1175,#1176,#1177,#1178,#1179,#1180,#1181,#1182,#1183,#1184,#1185,#1186,
#1187,#1188,#1189,#1190,#1191,#1192,#1193));
#4444=EDGE_LOOP('',(#1194,#1195,#1196,#1197));
#4445=EDGE_LOOP('',(#1198,#1199,#1200,#1201,#1202));
#4446=EDGE_LOOP('',(#1203,#1204,#1205,#1206));
#4447=EDGE_LOOP('',(#1207,#1208,#1209,#1210,#1211));
#4448=EDGE_LOOP('',(#1212,#1213,#1214,#1215));
#4449=EDGE_LOOP('',(#1216,#1217,#1218,#1219));
#4450=EDGE_LOOP('',(#1220,#1221,#1222,#1223));
#4451=EDGE_LOOP('',(#1224,#1225,#1226,#1227,#1228));
#4452=EDGE_LOOP('',(#1229,#1230,#1231,#1232));
#4453=EDGE_LOOP('',(#1233));
#4454=EDGE_LOOP('',(#1234,#1235,#1236,#1237));
#4455=EDGE_LOOP('',(#1238,#1239,#1240,#1241,#1242));
#4456=EDGE_LOOP('',(#1243,#1244,#1245,#1246,#1247));
#4457=EDGE_LOOP('',(#1248,#1249,#1250,#1251,#1252));
#4458=EDGE_LOOP('',(#1253,#1254,#1255,#1256,#1257));
#4459=EDGE_LOOP('',(#1258,#1259,#1260,#1261,#1262));
#4460=EDGE_LOOP('',(#1263,#1264,#1265,#1266,#1267));
#4461=EDGE_LOOP('',(#1268,#1269,#1270,#1271,#1272));
#4462=EDGE_LOOP('',(#1273,#1274,#1275,#1276,#1277));
#4463=EDGE_LOOP('',(#1278,#1279,#1280,#1281,#1282));
#4464=EDGE_LOOP('',(#1283,#1284,#1285,#1286,#1287));
#4465=EDGE_LOOP('',(#1288,#1289,#1290,#1291,#1292));
#4466=EDGE_LOOP('',(#1293,#1294,#1295,#1296,#1297));
#4467=EDGE_LOOP('',(#1298,#1299,#1300,#1301,#1302));
#4468=EDGE_LOOP('',(#1303,#1304,#1305,#1306,#1307));
#4469=EDGE_LOOP('',(#1308,#1309,#1310,#1311,#1312));
#4470=EDGE_LOOP('',(#1313,#1314,#1315,#1316,#1317));
#4471=EDGE_LOOP('',(#1318,#1319,#1320,#1321,#1322));
#4472=EDGE_LOOP('',(#1323,#1324,#1325,#1326,#1327));
#4473=EDGE_LOOP('',(#1328,#1329,#1330,#1331,#1332));
#4474=EDGE_LOOP('',(#1333,#1334,#1335,#1336,#1337));
#4475=EDGE_LOOP('',(#1338,#1339,#1340,#1341,#1342));
#4476=EDGE_LOOP('',(#1343,#1344,#1345,#1346));
#4477=EDGE_LOOP('',(#1347,#1348,#1349,#1350));
#4478=EDGE_LOOP('',(#1351,#1352,#1353,#1354));
#4479=EDGE_LOOP('',(#1355,#1356,#1357,#1358));
#4480=EDGE_LOOP('',(#1359,#1360,#1361,#1362));
#4481=EDGE_LOOP('',(#1363,#1364,#1365,#1366));
#4482=EDGE_LOOP('',(#1367,#1368,#1369,#1370));
#4483=EDGE_LOOP('',(#1371,#1372,#1373,#1374));
#4484=EDGE_LOOP('',(#1375,#1376,#1377,#1378));
#4485=EDGE_LOOP('',(#1379,#1380,#1381,#1382));
#4486=EDGE_LOOP('',(#1383,#1384,#1385,#1386));
#4487=EDGE_LOOP('',(#1387,#1388,#1389,#1390));
#4488=EDGE_LOOP('',(#1391,#1392,#1393,#1394));
#4489=EDGE_LOOP('',(#1395,#1396,#1397,#1398));
#4490=EDGE_LOOP('',(#1399,#1400,#1401,#1402));
#4491=EDGE_LOOP('',(#1403,#1404,#1405,#1406));
#4492=EDGE_LOOP('',(#1407,#1408,#1409,#1410));
#4493=EDGE_LOOP('',(#1411,#1412,#1413,#1414));
#4494=EDGE_LOOP('',(#1415,#1416,#1417,#1418));
#4495=EDGE_LOOP('',(#1419,#1420,#1421,#1422));
#4496=EDGE_LOOP('',(#1423,#1424,#1425,#1426,#1427));
#4497=EDGE_LOOP('',(#1428,#1429,#1430,#1431));
#4498=EDGE_LOOP('',(#1432,#1433,#1434,#1435));
#4499=EDGE_LOOP('',(#1436,#1437,#1438,#1439));
#4500=EDGE_LOOP('',(#1440,#1441,#1442,#1443));
#4501=EDGE_LOOP('',(#1444,#1445,#1446,#1447));
#4502=EDGE_LOOP('',(#1448,#1449,#1450,#1451));
#4503=EDGE_LOOP('',(#1452,#1453,#1454,#1455));
#4504=EDGE_LOOP('',(#1456,#1457,#1458,#1459));
#4505=EDGE_LOOP('',(#1460,#1461,#1462,#1463));
#4506=EDGE_LOOP('',(#1464,#1465,#1466,#1467));
#4507=EDGE_LOOP('',(#1468,#1469,#1470,#1471));
#4508=EDGE_LOOP('',(#1472,#1473,#1474,#1475));
#4509=EDGE_LOOP('',(#1476,#1477,#1478,#1479));
#4510=EDGE_LOOP('',(#1480,#1481,#1482,#1483));
#4511=EDGE_LOOP('',(#1484,#1485,#1486,#1487));
#4512=EDGE_LOOP('',(#1488,#1489,#1490,#1491));
#4513=EDGE_LOOP('',(#1492,#1493,#1494,#1495));
#4514=EDGE_LOOP('',(#1496,#1497,#1498,#1499));
#4515=EDGE_LOOP('',(#1500,#1501,#1502,#1503));
#4516=EDGE_LOOP('',(#1504,#1505,#1506,#1507));
#4517=EDGE_LOOP('',(#1508,#1509,#1510,#1511));
#4518=EDGE_LOOP('',(#1512,#1513,#1514,#1515));
#4519=EDGE_LOOP('',(#1516,#1517,#1518,#1519));
#4520=EDGE_LOOP('',(#1520,#1521,#1522,#1523));
#4521=EDGE_LOOP('',(#1524,#1525,#1526,#1527));
#4522=EDGE_LOOP('',(#1528,#1529,#1530,#1531));
#4523=EDGE_LOOP('',(#1532,#1533,#1534,#1535));
#4524=EDGE_LOOP('',(#1536,#1537,#1538,#1539));
#4525=EDGE_LOOP('',(#1540,#1541,#1542,#1543));
#4526=EDGE_LOOP('',(#1544,#1545,#1546,#1547));
#4527=EDGE_LOOP('',(#1548,#1549,#1550,#1551));
#4528=EDGE_LOOP('',(#1552,#1553,#1554,#1555));
#4529=EDGE_LOOP('',(#1556,#1557,#1558,#1559));
#4530=EDGE_LOOP('',(#1560,#1561,#1562,#1563));
#4531=EDGE_LOOP('',(#1564,#1565,#1566,#1567,#1568));
#4532=EDGE_LOOP('',(#1569,#1570,#1571,#1572,#1573,#1574,#1575,#1576));
#4533=EDGE_LOOP('',(#1577,#1578,#1579,#1580));
#4534=EDGE_LOOP('',(#1581,#1582,#1583,#1584));
#4535=EDGE_LOOP('',(#1585,#1586,#1587,#1588));
#4536=EDGE_LOOP('',(#1589,#1590,#1591,#1592));
#4537=EDGE_LOOP('',(#1593,#1594,#1595,#1596,#1597));
#4538=EDGE_LOOP('',(#1598,#1599,#1600,#1601));
#4539=EDGE_LOOP('',(#1602,#1603,#1604,#1605));
#4540=EDGE_LOOP('',(#1606,#1607,#1608,#1609));
#4541=EDGE_LOOP('',(#1610,#1611,#1612,#1613,#1614,#1615,#1616,#1617));
#4542=EDGE_LOOP('',(#1618,#1619,#1620,#1621));
#4543=EDGE_LOOP('',(#1622,#1623,#1624,#1625));
#4544=EDGE_LOOP('',(#1626,#1627,#1628,#1629));
#4545=EDGE_LOOP('',(#1630,#1631,#1632,#1633,#1634,#1635,#1636,#1637));
#4546=EDGE_LOOP('',(#1638,#1639,#1640,#1641,#1642));
#4547=EDGE_LOOP('',(#1643,#1644,#1645,#1646));
#4548=EDGE_LOOP('',(#1647,#1648,#1649,#1650));
#4549=EDGE_LOOP('',(#1651));
#4550=EDGE_LOOP('',(#1652,#1653,#1654,#1655,#1656));
#4551=EDGE_LOOP('',(#1657,#1658,#1659,#1660,#1661));
#4552=EDGE_LOOP('',(#1662,#1663,#1664,#1665,#1666));
#4553=EDGE_LOOP('',(#1667,#1668,#1669,#1670,#1671));
#4554=EDGE_LOOP('',(#1672,#1673,#1674,#1675,#1676,#1677));
#4555=EDGE_LOOP('',(#1678,#1679,#1680,#1681,#1682));
#4556=EDGE_LOOP('',(#1683,#1684,#1685,#1686,#1687,#1688));
#4557=EDGE_LOOP('',(#1689,#1690,#1691,#1692,#1693,#1694));
#4558=EDGE_LOOP('',(#1695,#1696,#1697,#1698,#1699,#1700));
#4559=EDGE_LOOP('',(#1701,#1702,#1703,#1704,#1705,#1706));
#4560=EDGE_LOOP('',(#1707,#1708,#1709,#1710,#1711,#1712));
#4561=EDGE_LOOP('',(#1713,#1714,#1715,#1716,#1717,#1718));
#4562=EDGE_LOOP('',(#1719,#1720,#1721,#1722,#1723));
#4563=EDGE_LOOP('',(#1724,#1725,#1726,#1727,#1728,#1729));
#4564=EDGE_LOOP('',(#1730,#1731,#1732,#1733,#1734));
#4565=EDGE_LOOP('',(#1735,#1736,#1737,#1738,#1739));
#4566=EDGE_LOOP('',(#1740,#1741,#1742,#1743,#1744));
#4567=EDGE_LOOP('',(#1745,#1746,#1747,#1748,#1749));
#4568=EDGE_LOOP('',(#1750,#1751,#1752,#1753,#1754));
#4569=EDGE_LOOP('',(#1755,#1756,#1757,#1758,#1759));
#4570=EDGE_LOOP('',(#1760,#1761,#1762,#1763,#1764));
#4571=EDGE_LOOP('',(#1765,#1766,#1767,#1768,#1769));
#4572=EDGE_LOOP('',(#1770,#1771,#1772,#1773,#1774));
#4573=EDGE_LOOP('',(#1775,#1776,#1777,#1778,#1779));
#4574=EDGE_LOOP('',(#1780,#1781,#1782,#1783,#1784,#1785));
#4575=EDGE_LOOP('',(#1786,#1787,#1788,#1789,#1790,#1791));
#4576=EDGE_LOOP('',(#1792,#1793,#1794,#1795,#1796,#1797));
#4577=EDGE_LOOP('',(#1798,#1799,#1800,#1801,#1802,#1803));
#4578=EDGE_LOOP('',(#1804,#1805,#1806,#1807,#1808,#1809));
#4579=EDGE_LOOP('',(#1810,#1811,#1812,#1813,#1814,#1815));
#4580=EDGE_LOOP('',(#1816,#1817,#1818,#1819,#1820));
#4581=EDGE_LOOP('',(#1821,#1822,#1823,#1824,#1825,#1826));
#4582=EDGE_LOOP('',(#1827,#1828,#1829,#1830,#1831));
#4583=EDGE_LOOP('',(#1832,#1833,#1834,#1835,#1836));
#4584=EDGE_LOOP('',(#1837,#1838,#1839,#1840,#1841));
#4585=EDGE_LOOP('',(#1842,#1843,#1844,#1845,#1846));
#4586=EDGE_LOOP('',(#1847,#1848,#1849,#1850));
#4587=EDGE_LOOP('',(#1851,#1852,#1853,#1854));
#4588=EDGE_LOOP('',(#1855,#1856,#1857,#1858));
#4589=EDGE_LOOP('',(#1859,#1860,#1861,#1862));
#4590=EDGE_LOOP('',(#1863,#1864,#1865,#1866));
#4591=EDGE_LOOP('',(#1867,#1868,#1869,#1870));
#4592=EDGE_LOOP('',(#1871,#1872,#1873,#1874));
#4593=EDGE_LOOP('',(#1875,#1876,#1877,#1878));
#4594=EDGE_LOOP('',(#1879,#1880,#1881,#1882));
#4595=EDGE_LOOP('',(#1883,#1884,#1885,#1886));
#4596=EDGE_LOOP('',(#1887,#1888,#1889,#1890));
#4597=EDGE_LOOP('',(#1891,#1892,#1893,#1894));
#4598=EDGE_LOOP('',(#1895,#1896,#1897,#1898));
#4599=EDGE_LOOP('',(#1899,#1900,#1901,#1902));
#4600=EDGE_LOOP('',(#1903,#1904,#1905,#1906));
#4601=EDGE_LOOP('',(#1907,#1908,#1909,#1910));
#4602=EDGE_LOOP('',(#1911,#1912,#1913,#1914));
#4603=EDGE_LOOP('',(#1915,#1916,#1917,#1918));
#4604=EDGE_LOOP('',(#1919,#1920,#1921,#1922));
#4605=EDGE_LOOP('',(#1923,#1924,#1925,#1926));
#4606=EDGE_LOOP('',(#1927,#1928,#1929,#1930));
#4607=EDGE_LOOP('',(#1931,#1932,#1933,#1934));
#4608=EDGE_LOOP('',(#1935,#1936,#1937,#1938));
#4609=EDGE_LOOP('',(#1939,#1940,#1941,#1942));
#4610=EDGE_LOOP('',(#1943,#1944,#1945,#1946));
#4611=EDGE_LOOP('',(#1947,#1948,#1949,#1950));
#4612=EDGE_LOOP('',(#1951,#1952,#1953,#1954));
#4613=EDGE_LOOP('',(#1955,#1956,#1957,#1958));
#4614=EDGE_LOOP('',(#1959,#1960,#1961,#1962));
#4615=EDGE_LOOP('',(#1963,#1964,#1965,#1966));
#4616=EDGE_LOOP('',(#1967,#1968,#1969,#1970));
#4617=EDGE_LOOP('',(#1971,#1972,#1973,#1974));
#4618=EDGE_LOOP('',(#1975,#1976,#1977,#1978));
#4619=EDGE_LOOP('',(#1979,#1980,#1981,#1982));
#4620=EDGE_LOOP('',(#1983,#1984,#1985,#1986));
#4621=EDGE_LOOP('',(#1987,#1988,#1989,#1990));
#4622=EDGE_LOOP('',(#1991));
#4623=EDGE_LOOP('',(#1992,#1993,#1994,#1995,#1996,#1997,#1998,#1999,#2000,
#2001,#2002,#2003,#2004,#2005,#2006,#2007,#2008,#2009,#2010,#2011,#2012,
#2013,#2014,#2015,#2016,#2017,#2018,#2019,#2020,#2021,#2022,#2023,#2024,
#2025,#2026,#2027,#2028,#2029,#2030,#2031,#2032,#2033,#2034,#2035,#2036,
#2037,#2038,#2039,#2040,#2041,#2042,#2043,#2044,#2045,#2046,#2047,#2048,
#2049,#2050,#2051,#2052,#2053,#2054,#2055,#2056,#2057,#2058,#2059,#2060,
#2061,#2062,#2063,#2064,#2065,#2066,#2067,#2068,#2069,#2070,#2071,#2072,
#2073,#2074,#2075,#2076,#2077,#2078,#2079,#2080,#2081,#2082,#2083,#2084,
#2085,#2086,#2087,#2088,#2089,#2090,#2091,#2092,#2093,#2094,#2095,#2096,
#2097,#2098,#2099,#2100,#2101,#2102,#2103,#2104,#2105,#2106,#2107,#2108,
#2109,#2110,#2111,#2112,#2113,#2114,#2115,#2116,#2117,#2118,#2119,#2120,
#2121,#2122,#2123,#2124,#2125,#2126,#2127,#2128,#2129,#2130,#2131,#2132,
#2133,#2134,#2135));
#4624=EDGE_LOOP('',(#2136));
#4625=EDGE_LOOP('',(#2137,#2138,#2139,#2140,#2141,#2142,#2143,#2144,#2145,
#2146,#2147,#2148,#2149,#2150,#2151,#2152,#2153,#2154,#2155,#2156,#2157,
#2158,#2159,#2160,#2161,#2162,#2163,#2164,#2165,#2166,#2167,#2168,#2169,
#2170,#2171,#2172,#2173,#2174,#2175,#2176,#2177,#2178,#2179,#2180,#2181,
#2182,#2183,#2184,#2185,#2186,#2187,#2188,#2189,#2190,#2191,#2192,#2193,
#2194,#2195,#2196,#2197,#2198,#2199,#2200,#2201,#2202,#2203,#2204,#2205,
#2206,#2207,#2208,#2209,#2210,#2211,#2212,#2213,#2214,#2215,#2216,#2217,
#2218,#2219,#2220,#2221,#2222,#2223,#2224,#2225,#2226,#2227,#2228,#2229,
#2230,#2231,#2232,#2233,#2234,#2235,#2236,#2237,#2238,#2239,#2240,#2241,
#2242,#2243,#2244,#2245,#2246,#2247,#2248,#2249,#2250,#2251,#2252,#2253,
#2254,#2255,#2256,#2257,#2258,#2259,#2260,#2261,#2262,#2263,#2264,#2265,
#2266,#2267,#2268,#2269,#2270,#2271,#2272,#2273,#2274,#2275,#2276,#2277,
#2278,#2279,#2280));
#4626=EDGE_LOOP('',(#2281,#2282,#2283,#2284));
#4627=EDGE_LOOP('',(#2285,#2286,#2287,#2288));
#4628=EDGE_LOOP('',(#2289,#2290,#2291,#2292));
#4629=EDGE_LOOP('',(#2293,#2294,#2295,#2296));
#4630=EDGE_LOOP('',(#2297,#2298,#2299,#2300));
#4631=EDGE_LOOP('',(#2301,#2302,#2303,#2304));
#4632=EDGE_LOOP('',(#2305,#2306,#2307,#2308));
#4633=EDGE_LOOP('',(#2309,#2310,#2311,#2312));
#4634=EDGE_LOOP('',(#2313,#2314,#2315,#2316));
#4635=EDGE_LOOP('',(#2317,#2318,#2319,#2320));
#4636=EDGE_LOOP('',(#2321,#2322,#2323,#2324));
#4637=EDGE_LOOP('',(#2325,#2326,#2327,#2328));
#4638=EDGE_LOOP('',(#2329,#2330,#2331,#2332));
#4639=EDGE_LOOP('',(#2333,#2334,#2335,#2336));
#4640=EDGE_LOOP('',(#2337,#2338,#2339,#2340));
#4641=EDGE_LOOP('',(#2341,#2342,#2343,#2344));
#4642=EDGE_LOOP('',(#2345,#2346,#2347,#2348));
#4643=EDGE_LOOP('',(#2349,#2350,#2351,#2352,#2353,#2354,#2355,#2356));
#4644=EDGE_LOOP('',(#2357,#2358,#2359,#2360));
#4645=EDGE_LOOP('',(#2361,#2362,#2363,#2364));
#4646=EDGE_LOOP('',(#2365,#2366,#2367,#2368));
#4647=EDGE_LOOP('',(#2369,#2370,#2371,#2372));
#4648=EDGE_LOOP('',(#2373,#2374,#2375,#2376));
#4649=EDGE_LOOP('',(#2377,#2378,#2379,#2380));
#4650=EDGE_LOOP('',(#2381,#2382,#2383,#2384));
#4651=EDGE_LOOP('',(#2385,#2386,#2387,#2388));
#4652=EDGE_LOOP('',(#2389,#2390,#2391,#2392));
#4653=EDGE_LOOP('',(#2393,#2394,#2395,#2396));
#4654=EDGE_LOOP('',(#2397,#2398,#2399,#2400));
#4655=EDGE_LOOP('',(#2401,#2402,#2403,#2404));
#4656=EDGE_LOOP('',(#2405,#2406,#2407,#2408,#2409));
#4657=EDGE_LOOP('',(#2410,#2411,#2412,#2413));
#4658=EDGE_LOOP('',(#2414,#2415,#2416,#2417));
#4659=EDGE_LOOP('',(#2418,#2419,#2420,#2421));
#4660=EDGE_LOOP('',(#2422,#2423,#2424,#2425));
#4661=EDGE_LOOP('',(#2426,#2427,#2428,#2429));
#4662=EDGE_LOOP('',(#2430,#2431,#2432,#2433));
#4663=EDGE_LOOP('',(#2434,#2435,#2436,#2437));
#4664=EDGE_LOOP('',(#2438,#2439,#2440,#2441));
#4665=EDGE_LOOP('',(#2442,#2443,#2444,#2445));
#4666=EDGE_LOOP('',(#2446,#2447,#2448,#2449));
#4667=EDGE_LOOP('',(#2450,#2451,#2452,#2453));
#4668=EDGE_LOOP('',(#2454,#2455,#2456,#2457));
#4669=EDGE_LOOP('',(#2458,#2459,#2460,#2461));
#4670=EDGE_LOOP('',(#2462,#2463,#2464,#2465));
#4671=EDGE_LOOP('',(#2466,#2467,#2468,#2469));
#4672=EDGE_LOOP('',(#2470,#2471,#2472,#2473));
#4673=EDGE_LOOP('',(#2474,#2475,#2476,#2477));
#4674=EDGE_LOOP('',(#2478,#2479,#2480,#2481));
#4675=EDGE_LOOP('',(#2482,#2483,#2484,#2485));
#4676=EDGE_LOOP('',(#2486,#2487,#2488,#2489));
#4677=EDGE_LOOP('',(#2490,#2491,#2492,#2493));
#4678=EDGE_LOOP('',(#2494,#2495,#2496,#2497));
#4679=EDGE_LOOP('',(#2498,#2499,#2500,#2501));
#4680=EDGE_LOOP('',(#2502,#2503,#2504,#2505));
#4681=EDGE_LOOP('',(#2506,#2507,#2508,#2509));
#4682=EDGE_LOOP('',(#2510,#2511,#2512,#2513));
#4683=EDGE_LOOP('',(#2514,#2515,#2516,#2517));
#4684=EDGE_LOOP('',(#2518,#2519,#2520,#2521));
#4685=EDGE_LOOP('',(#2522,#2523,#2524,#2525));
#4686=EDGE_LOOP('',(#2526,#2527,#2528,#2529));
#4687=EDGE_LOOP('',(#2530,#2531,#2532,#2533));
#4688=EDGE_LOOP('',(#2534,#2535,#2536,#2537));
#4689=EDGE_LOOP('',(#2538,#2539,#2540,#2541));
#4690=EDGE_LOOP('',(#2542,#2543,#2544,#2545));
#4691=EDGE_LOOP('',(#2546,#2547,#2548,#2549));
#4692=EDGE_LOOP('',(#2550,#2551,#2552,#2553));
#4693=EDGE_LOOP('',(#2554,#2555,#2556,#2557));
#4694=EDGE_LOOP('',(#2558,#2559,#2560,#2561));
#4695=EDGE_LOOP('',(#2562,#2563,#2564,#2565));
#4696=EDGE_LOOP('',(#2566,#2567,#2568,#2569));
#4697=EDGE_LOOP('',(#2570,#2571,#2572,#2573));
#4698=EDGE_LOOP('',(#2574,#2575,#2576,#2577));
#4699=EDGE_LOOP('',(#2578,#2579,#2580,#2581));
#4700=EDGE_LOOP('',(#2582,#2583,#2584,#2585));
#4701=EDGE_LOOP('',(#2586,#2587,#2588,#2589));
#4702=EDGE_LOOP('',(#2590,#2591,#2592,#2593));
#4703=EDGE_LOOP('',(#2594,#2595,#2596,#2597));
#4704=EDGE_LOOP('',(#2598,#2599,#2600,#2601));
#4705=EDGE_LOOP('',(#2602,#2603,#2604,#2605));
#4706=EDGE_LOOP('',(#2606,#2607,#2608,#2609));
#4707=EDGE_LOOP('',(#2610,#2611,#2612,#2613));
#4708=EDGE_LOOP('',(#2614,#2615,#2616,#2617));
#4709=EDGE_LOOP('',(#2618,#2619,#2620,#2621));
#4710=EDGE_LOOP('',(#2622,#2623,#2624,#2625));
#4711=EDGE_LOOP('',(#2626,#2627,#2628,#2629));
#4712=EDGE_LOOP('',(#2630,#2631,#2632,#2633));
#4713=EDGE_LOOP('',(#2634,#2635,#2636,#2637));
#4714=EDGE_LOOP('',(#2638,#2639,#2640,#2641));
#4715=EDGE_LOOP('',(#2642,#2643,#2644,#2645));
#4716=EDGE_LOOP('',(#2646,#2647,#2648,#2649));
#4717=EDGE_LOOP('',(#2650,#2651,#2652,#2653));
#4718=EDGE_LOOP('',(#2654,#2655,#2656,#2657,#2658,#2659,#2660,#2661,#2662,
#2663,#2664,#2665,#2666,#2667,#2668,#2669,#2670,#2671,#2672,#2673,#2674,
#2675,#2676,#2677,#2678,#2679,#2680,#2681));
#4719=EDGE_LOOP('',(#2682,#2683,#2684,#2685,#2686,#2687,#2688,#2689,#2690,
#2691,#2692,#2693,#2694,#2695,#2696,#2697,#2698,#2699,#2700,#2701,#2702,
#2703,#2704,#2705));
#4720=EDGE_LOOP('',(#2706,#2707,#2708,#2709,#2710,#2711,#2712,#2713,#2714,
#2715,#2716,#2717,#2718,#2719,#2720,#2721,#2722,#2723,#2724,#2725,#2726,
#2727,#2728,#2729,#2730,#2731));
#4721=EDGE_LOOP('',(#2732,#2733,#2734,#2735,#2736,#2737,#2738,#2739,#2740,
#2741,#2742,#2743,#2744,#2745,#2746,#2747,#2748,#2749,#2750,#2751,#2752,
#2753,#2754,#2755,#2756,#2757));
#4722=EDGE_LOOP('',(#2758,#2759,#2760,#2761,#2762,#2763,#2764,#2765,#2766,
#2767,#2768,#2769,#2770,#2771,#2772,#2773,#2774,#2775,#2776,#2777,#2778,
#2779,#2780,#2781,#2782,#2783,#2784,#2785));
#4723=EDGE_LOOP('',(#2786,#2787,#2788,#2789,#2790,#2791,#2792,#2793,#2794,
#2795,#2796,#2797,#2798,#2799,#2800,#2801,#2802,#2803,#2804,#2805,#2806,
#2807,#2808,#2809,#2810,#2811,#2812,#2813));
#4724=FACE_BOUND('',#4442,.T.);
#4725=FACE_BOUND('',#4443,.T.);
#4726=FACE_BOUND('',#4444,.T.);
#4727=FACE_BOUND('',#4445,.T.);
#4728=FACE_BOUND('',#4446,.T.);
#4729=FACE_BOUND('',#4447,.T.);
#4730=FACE_BOUND('',#4448,.T.);
#4731=FACE_BOUND('',#4449,.T.);
#4732=FACE_BOUND('',#4450,.T.);
#4733=FACE_BOUND('',#4451,.T.);
#4734=FACE_BOUND('',#4452,.T.);
#4735=FACE_BOUND('',#4453,.T.);
#4736=FACE_BOUND('',#4454,.T.);
#4737=FACE_BOUND('',#4455,.T.);
#4738=FACE_BOUND('',#4456,.T.);
#4739=FACE_BOUND('',#4457,.T.);
#4740=FACE_BOUND('',#4458,.T.);
#4741=FACE_BOUND('',#4459,.T.);
#4742=FACE_BOUND('',#4460,.T.);
#4743=FACE_BOUND('',#4461,.T.);
#4744=FACE_BOUND('',#4462,.T.);
#4745=FACE_BOUND('',#4463,.T.);
#4746=FACE_BOUND('',#4464,.T.);
#4747=FACE_BOUND('',#4465,.T.);
#4748=FACE_BOUND('',#4466,.T.);
#4749=FACE_BOUND('',#4467,.T.);
#4750=FACE_BOUND('',#4468,.T.);
#4751=FACE_BOUND('',#4469,.T.);
#4752=FACE_BOUND('',#4470,.T.);
#4753=FACE_BOUND('',#4471,.T.);
#4754=FACE_BOUND('',#4472,.T.);
#4755=FACE_BOUND('',#4473,.T.);
#4756=FACE_BOUND('',#4474,.T.);
#4757=FACE_BOUND('',#4475,.T.);
#4758=FACE_BOUND('',#4476,.T.);
#4759=FACE_BOUND('',#4477,.T.);
#4760=FACE_BOUND('',#4478,.T.);
#4761=FACE_BOUND('',#4479,.T.);
#4762=FACE_BOUND('',#4480,.T.);
#4763=FACE_BOUND('',#4481,.T.);
#4764=FACE_BOUND('',#4482,.T.);
#4765=FACE_BOUND('',#4483,.T.);
#4766=FACE_BOUND('',#4484,.T.);
#4767=FACE_BOUND('',#4485,.T.);
#4768=FACE_BOUND('',#4486,.T.);
#4769=FACE_BOUND('',#4487,.T.);
#4770=FACE_BOUND('',#4488,.T.);
#4771=FACE_BOUND('',#4489,.T.);
#4772=FACE_BOUND('',#4490,.T.);
#4773=FACE_BOUND('',#4491,.T.);
#4774=FACE_BOUND('',#4492,.T.);
#4775=FACE_BOUND('',#4493,.T.);
#4776=FACE_BOUND('',#4494,.T.);
#4777=FACE_BOUND('',#4495,.T.);
#4778=FACE_BOUND('',#4496,.T.);
#4779=FACE_BOUND('',#4497,.T.);
#4780=FACE_BOUND('',#4498,.T.);
#4781=FACE_BOUND('',#4499,.T.);
#4782=FACE_BOUND('',#4500,.T.);
#4783=FACE_BOUND('',#4501,.T.);
#4784=FACE_BOUND('',#4502,.T.);
#4785=FACE_BOUND('',#4503,.T.);
#4786=FACE_BOUND('',#4504,.T.);
#4787=FACE_BOUND('',#4505,.T.);
#4788=FACE_BOUND('',#4506,.T.);
#4789=FACE_BOUND('',#4507,.T.);
#4790=FACE_BOUND('',#4508,.T.);
#4791=FACE_BOUND('',#4509,.T.);
#4792=FACE_BOUND('',#4510,.T.);
#4793=FACE_BOUND('',#4511,.T.);
#4794=FACE_BOUND('',#4512,.T.);
#4795=FACE_BOUND('',#4513,.T.);
#4796=FACE_BOUND('',#4514,.T.);
#4797=FACE_BOUND('',#4515,.T.);
#4798=FACE_BOUND('',#4516,.T.);
#4799=FACE_BOUND('',#4517,.T.);
#4800=FACE_BOUND('',#4518,.T.);
#4801=FACE_BOUND('',#4519,.T.);
#4802=FACE_BOUND('',#4520,.T.);
#4803=FACE_BOUND('',#4521,.T.);
#4804=FACE_BOUND('',#4522,.T.);
#4805=FACE_BOUND('',#4523,.T.);
#4806=FACE_BOUND('',#4524,.T.);
#4807=FACE_BOUND('',#4525,.T.);
#4808=FACE_BOUND('',#4526,.T.);
#4809=FACE_BOUND('',#4527,.T.);
#4810=FACE_BOUND('',#4528,.T.);
#4811=FACE_BOUND('',#4529,.T.);
#4812=FACE_BOUND('',#4530,.T.);
#4813=FACE_BOUND('',#4531,.T.);
#4814=FACE_BOUND('',#4532,.T.);
#4815=FACE_BOUND('',#4533,.T.);
#4816=FACE_BOUND('',#4534,.T.);
#4817=FACE_BOUND('',#4535,.T.);
#4818=FACE_BOUND('',#4536,.T.);
#4819=FACE_BOUND('',#4537,.T.);
#4820=FACE_BOUND('',#4538,.T.);
#4821=FACE_BOUND('',#4539,.T.);
#4822=FACE_BOUND('',#4540,.T.);
#4823=FACE_BOUND('',#4541,.T.);
#4824=FACE_BOUND('',#4542,.T.);
#4825=FACE_BOUND('',#4543,.T.);
#4826=FACE_BOUND('',#4544,.T.);
#4827=FACE_BOUND('',#4545,.T.);
#4828=FACE_BOUND('',#4546,.T.);
#4829=FACE_BOUND('',#4547,.T.);
#4830=FACE_BOUND('',#4548,.T.);
#4831=FACE_BOUND('',#4549,.T.);
#4832=FACE_BOUND('',#4550,.T.);
#4833=FACE_BOUND('',#4551,.T.);
#4834=FACE_BOUND('',#4552,.T.);
#4835=FACE_BOUND('',#4553,.T.);
#4836=FACE_BOUND('',#4554,.T.);
#4837=FACE_BOUND('',#4555,.T.);
#4838=FACE_BOUND('',#4556,.T.);
#4839=FACE_BOUND('',#4557,.T.);
#4840=FACE_BOUND('',#4558,.T.);
#4841=FACE_BOUND('',#4559,.T.);
#4842=FACE_BOUND('',#4560,.T.);
#4843=FACE_BOUND('',#4561,.T.);
#4844=FACE_BOUND('',#4562,.T.);
#4845=FACE_BOUND('',#4563,.T.);
#4846=FACE_BOUND('',#4564,.T.);
#4847=FACE_BOUND('',#4565,.T.);
#4848=FACE_BOUND('',#4566,.T.);
#4849=FACE_BOUND('',#4567,.T.);
#4850=FACE_BOUND('',#4568,.T.);
#4851=FACE_BOUND('',#4569,.T.);
#4852=FACE_BOUND('',#4570,.T.);
#4853=FACE_BOUND('',#4571,.T.);
#4854=FACE_BOUND('',#4572,.T.);
#4855=FACE_BOUND('',#4573,.T.);
#4856=FACE_BOUND('',#4574,.T.);
#4857=FACE_BOUND('',#4575,.T.);
#4858=FACE_BOUND('',#4576,.T.);
#4859=FACE_BOUND('',#4577,.T.);
#4860=FACE_BOUND('',#4578,.T.);
#4861=FACE_BOUND('',#4579,.T.);
#4862=FACE_BOUND('',#4580,.T.);
#4863=FACE_BOUND('',#4581,.T.);
#4864=FACE_BOUND('',#4582,.T.);
#4865=FACE_BOUND('',#4583,.T.);
#4866=FACE_BOUND('',#4584,.T.);
#4867=FACE_BOUND('',#4585,.T.);
#4868=FACE_BOUND('',#4586,.T.);
#4869=FACE_BOUND('',#4587,.T.);
#4870=FACE_BOUND('',#4588,.T.);
#4871=FACE_BOUND('',#4589,.T.);
#4872=FACE_BOUND('',#4590,.T.);
#4873=FACE_BOUND('',#4591,.T.);
#4874=FACE_BOUND('',#4592,.T.);
#4875=FACE_BOUND('',#4593,.T.);
#4876=FACE_BOUND('',#4594,.T.);
#4877=FACE_BOUND('',#4595,.T.);
#4878=FACE_BOUND('',#4596,.T.);
#4879=FACE_BOUND('',#4597,.T.);
#4880=FACE_BOUND('',#4598,.T.);
#4881=FACE_BOUND('',#4599,.T.);
#4882=FACE_BOUND('',#4600,.T.);
#4883=FACE_BOUND('',#4601,.T.);
#4884=FACE_BOUND('',#4602,.T.);
#4885=FACE_BOUND('',#4603,.T.);
#4886=FACE_BOUND('',#4604,.T.);
#4887=FACE_BOUND('',#4605,.T.);
#4888=FACE_BOUND('',#4606,.T.);
#4889=FACE_BOUND('',#4607,.T.);
#4890=FACE_BOUND('',#4608,.T.);
#4891=FACE_BOUND('',#4609,.T.);
#4892=FACE_BOUND('',#4610,.T.);
#4893=FACE_BOUND('',#4611,.T.);
#4894=FACE_BOUND('',#4612,.T.);
#4895=FACE_BOUND('',#4613,.T.);
#4896=FACE_BOUND('',#4614,.T.);
#4897=FACE_BOUND('',#4615,.T.);
#4898=FACE_BOUND('',#4616,.T.);
#4899=FACE_BOUND('',#4617,.T.);
#4900=FACE_BOUND('',#4618,.T.);
#4901=FACE_BOUND('',#4619,.T.);
#4902=FACE_BOUND('',#4620,.T.);
#4903=FACE_BOUND('',#4621,.T.);
#4904=FACE_BOUND('',#4622,.T.);
#4905=FACE_BOUND('',#4623,.T.);
#4906=FACE_BOUND('',#4624,.T.);
#4907=FACE_BOUND('',#4625,.T.);
#4908=FACE_BOUND('',#4626,.T.);
#4909=FACE_BOUND('',#4627,.T.);
#4910=FACE_BOUND('',#4628,.T.);
#4911=FACE_BOUND('',#4629,.T.);
#4912=FACE_BOUND('',#4630,.T.);
#4913=FACE_BOUND('',#4631,.T.);
#4914=FACE_BOUND('',#4632,.T.);
#4915=FACE_BOUND('',#4633,.T.);
#4916=FACE_BOUND('',#4634,.T.);
#4917=FACE_BOUND('',#4635,.T.);
#4918=FACE_BOUND('',#4636,.T.);
#4919=FACE_BOUND('',#4637,.T.);
#4920=FACE_BOUND('',#4638,.T.);
#4921=FACE_BOUND('',#4639,.T.);
#4922=FACE_BOUND('',#4640,.T.);
#4923=FACE_BOUND('',#4641,.T.);
#4924=FACE_BOUND('',#4642,.T.);
#4925=FACE_BOUND('',#4643,.T.);
#4926=FACE_BOUND('',#4644,.T.);
#4927=FACE_BOUND('',#4645,.T.);
#4928=FACE_BOUND('',#4646,.T.);
#4929=FACE_BOUND('',#4647,.T.);
#4930=FACE_BOUND('',#4648,.T.);
#4931=FACE_BOUND('',#4649,.T.);
#4932=FACE_BOUND('',#4650,.T.);
#4933=FACE_BOUND('',#4651,.T.);
#4934=FACE_BOUND('',#4652,.T.);
#4935=FACE_BOUND('',#4653,.T.);
#4936=FACE_BOUND('',#4654,.T.);
#4937=FACE_BOUND('',#4655,.T.);
#4938=FACE_BOUND('',#4656,.T.);
#4939=FACE_BOUND('',#4657,.T.);
#4940=FACE_BOUND('',#4658,.T.);
#4941=FACE_BOUND('',#4659,.T.);
#4942=FACE_BOUND('',#4660,.T.);
#4943=FACE_BOUND('',#4661,.T.);
#4944=FACE_BOUND('',#4662,.T.);
#4945=FACE_BOUND('',#4663,.T.);
#4946=FACE_BOUND('',#4664,.T.);
#4947=FACE_BOUND('',#4665,.T.);
#4948=FACE_BOUND('',#4666,.T.);
#4949=FACE_BOUND('',#4667,.T.);
#4950=FACE_BOUND('',#4668,.T.);
#4951=FACE_BOUND('',#4669,.T.);
#4952=FACE_BOUND('',#4670,.T.);
#4953=FACE_BOUND('',#4671,.T.);
#4954=FACE_BOUND('',#4672,.T.);
#4955=FACE_BOUND('',#4673,.T.);
#4956=FACE_BOUND('',#4674,.T.);
#4957=FACE_BOUND('',#4675,.T.);
#4958=FACE_BOUND('',#4676,.T.);
#4959=FACE_BOUND('',#4677,.T.);
#4960=FACE_BOUND('',#4678,.T.);
#4961=FACE_BOUND('',#4679,.T.);
#4962=FACE_BOUND('',#4680,.T.);
#4963=FACE_BOUND('',#4681,.T.);
#4964=FACE_BOUND('',#4682,.T.);
#4965=FACE_BOUND('',#4683,.T.);
#4966=FACE_BOUND('',#4684,.T.);
#4967=FACE_BOUND('',#4685,.T.);
#4968=FACE_BOUND('',#4686,.T.);
#4969=FACE_BOUND('',#4687,.T.);
#4970=FACE_BOUND('',#4688,.T.);
#4971=FACE_BOUND('',#4689,.T.);
#4972=FACE_BOUND('',#4690,.T.);
#4973=FACE_BOUND('',#4691,.T.);
#4974=FACE_BOUND('',#4692,.T.);
#4975=FACE_BOUND('',#4693,.T.);
#4976=FACE_BOUND('',#4694,.T.);
#4977=FACE_BOUND('',#4695,.T.);
#4978=FACE_BOUND('',#4696,.T.);
#4979=FACE_BOUND('',#4697,.T.);
#4980=FACE_BOUND('',#4698,.T.);
#4981=FACE_BOUND('',#4699,.T.);
#4982=FACE_BOUND('',#4700,.T.);
#4983=FACE_BOUND('',#4701,.T.);
#4984=FACE_BOUND('',#4702,.T.);
#4985=FACE_BOUND('',#4703,.T.);
#4986=FACE_BOUND('',#4704,.T.);
#4987=FACE_BOUND('',#4705,.T.);
#4988=FACE_BOUND('',#4706,.T.);
#4989=FACE_BOUND('',#4707,.T.);
#4990=FACE_BOUND('',#4708,.T.);
#4991=FACE_BOUND('',#4709,.T.);
#4992=FACE_BOUND('',#4710,.T.);
#4993=FACE_BOUND('',#4711,.T.);
#4994=FACE_BOUND('',#4712,.T.);
#4995=FACE_BOUND('',#4713,.T.);
#4996=FACE_BOUND('',#4714,.T.);
#4997=FACE_BOUND('',#4715,.T.);
#4998=FACE_BOUND('',#4716,.T.);
#4999=FACE_BOUND('',#4717,.T.);
#5000=FACE_BOUND('',#4718,.T.);
#5001=FACE_BOUND('',#4719,.T.);
#5002=FACE_BOUND('',#4720,.T.);
#5003=FACE_BOUND('',#4721,.T.);
#5004=FACE_BOUND('',#4722,.T.);
#5005=FACE_BOUND('',#4723,.T.);
#5006=PLANE('',#5305);
#5007=PLANE('',#5318);
#5008=PLANE('',#5553);
#5009=PLANE('',#5608);
#5010=PLANE('',#5694);
#5011=PLANE('',#5695);
#5012=PLANE('',#5696);
#5013=PLANE('',#5697);
#5014=ADVANCED_FACE('',(#4724),#5006,.F.);
#5015=ADVANCED_FACE('',(#4725),#5007,.T.);
#5016=ADVANCED_FACE('',(#4726),#255,.F.);
#5017=ADVANCED_FACE('',(#4727),#256,.F.);
#5018=ADVANCED_FACE('',(#4728),#257,.F.);
#5019=ADVANCED_FACE('',(#4729),#258,.F.);
#5020=ADVANCED_FACE('',(#4730),#259,.F.);
#5021=ADVANCED_FACE('',(#4731),#260,.F.);
#5022=ADVANCED_FACE('',(#4732),#261,.F.);
#5023=ADVANCED_FACE('',(#4733),#262,.F.);
#5024=ADVANCED_FACE('',(#4734),#263,.F.);
#5025=ADVANCED_FACE('',(#4735,#4736),#127,.F.);
#5026=ADVANCED_FACE('',(#4737),#12,.T.);
#5027=ADVANCED_FACE('',(#4738),#13,.T.);
#5028=ADVANCED_FACE('',(#4739),#14,.T.);
#5029=ADVANCED_FACE('',(#4740),#15,.T.);
#5030=ADVANCED_FACE('',(#4741),#16,.T.);
#5031=ADVANCED_FACE('',(#4742),#17,.T.);
#5032=ADVANCED_FACE('',(#4743),#18,.T.);
#5033=ADVANCED_FACE('',(#4744),#19,.T.);
#5034=ADVANCED_FACE('',(#4745),#20,.T.);
#5035=ADVANCED_FACE('',(#4746),#21,.T.);
#5036=ADVANCED_FACE('',(#4747),#22,.T.);
#5037=ADVANCED_FACE('',(#4748),#23,.T.);
#5038=ADVANCED_FACE('',(#4749),#24,.T.);
#5039=ADVANCED_FACE('',(#4750),#25,.T.);
#5040=ADVANCED_FACE('',(#4751),#26,.T.);
#5041=ADVANCED_FACE('',(#4752),#27,.T.);
#5042=ADVANCED_FACE('',(#4753),#28,.T.);
#5043=ADVANCED_FACE('',(#4754),#29,.T.);
#5044=ADVANCED_FACE('',(#4755),#30,.T.);
#5045=ADVANCED_FACE('',(#4756),#31,.T.);
#5046=ADVANCED_FACE('',(#4757),#32,.T.);
#5047=ADVANCED_FACE('',(#4758),#128,.T.);
#5048=ADVANCED_FACE('',(#4759),#129,.T.);
#5049=ADVANCED_FACE('',(#4760),#130,.T.);
#5050=ADVANCED_FACE('',(#4761),#131,.T.);
#5051=ADVANCED_FACE('',(#4762),#132,.T.);
#5052=ADVANCED_FACE('',(#4763),#133,.T.);
#5053=ADVANCED_FACE('',(#4764),#134,.T.);
#5054=ADVANCED_FACE('',(#4765),#135,.T.);
#5055=ADVANCED_FACE('',(#4766),#136,.T.);
#5056=ADVANCED_FACE('',(#4767),#137,.T.);
#5057=ADVANCED_FACE('',(#4768),#138,.T.);
#5058=ADVANCED_FACE('',(#4769),#139,.T.);
#5059=ADVANCED_FACE('',(#4770),#140,.T.);
#5060=ADVANCED_FACE('',(#4771),#141,.T.);
#5061=ADVANCED_FACE('',(#4772),#142,.T.);
#5062=ADVANCED_FACE('',(#4773),#143,.T.);
#5063=ADVANCED_FACE('',(#4774),#144,.T.);
#5064=ADVANCED_FACE('',(#4775),#145,.T.);
#5065=ADVANCED_FACE('',(#4776),#146,.T.);
#5066=ADVANCED_FACE('',(#4777),#147,.T.);
#5067=ADVANCED_FACE('',(#4778),#148,.T.);
#5068=ADVANCED_FACE('',(#4779),#149,.T.);
#5069=ADVANCED_FACE('',(#4780),#150,.T.);
#5070=ADVANCED_FACE('',(#4781),#151,.T.);
#5071=ADVANCED_FACE('',(#4782),#152,.T.);
#5072=ADVANCED_FACE('',(#4783),#153,.T.);
#5073=ADVANCED_FACE('',(#4784),#154,.T.);
#5074=ADVANCED_FACE('',(#4785),#155,.T.);
#5075=ADVANCED_FACE('',(#4786),#156,.T.);
#5076=ADVANCED_FACE('',(#4787),#157,.T.);
#5077=ADVANCED_FACE('',(#4788),#158,.T.);
#5078=ADVANCED_FACE('',(#4789),#159,.T.);
#5079=ADVANCED_FACE('',(#4790),#33,.T.);
#5080=ADVANCED_FACE('',(#4791),#34,.T.);
#5081=ADVANCED_FACE('',(#4792),#35,.T.);
#5082=ADVANCED_FACE('',(#4793),#36,.T.);
#5083=ADVANCED_FACE('',(#4794),#37,.T.);
#5084=ADVANCED_FACE('',(#4795),#38,.T.);
#5085=ADVANCED_FACE('',(#4796),#39,.T.);
#5086=ADVANCED_FACE('',(#4797),#40,.T.);
#5087=ADVANCED_FACE('',(#4798),#41,.T.);
#5088=ADVANCED_FACE('',(#4799),#42,.T.);
#5089=ADVANCED_FACE('',(#4800),#43,.T.);
#5090=ADVANCED_FACE('',(#4801),#44,.T.);
#5091=ADVANCED_FACE('',(#4802),#45,.T.);
#5092=ADVANCED_FACE('',(#4803),#46,.T.);
#5093=ADVANCED_FACE('',(#4804),#47,.T.);
#5094=ADVANCED_FACE('',(#4805),#48,.T.);
#5095=ADVANCED_FACE('',(#4806),#49,.T.);
#5096=ADVANCED_FACE('',(#4807),#50,.T.);
#5097=ADVANCED_FACE('',(#4808),#51,.T.);
#5098=ADVANCED_FACE('',(#4809),#52,.T.);
#5099=ADVANCED_FACE('',(#4810),#53,.T.);
#5100=ADVANCED_FACE('',(#4811),#54,.T.);
#5101=ADVANCED_FACE('',(#4812),#264,.F.);
#5102=ADVANCED_FACE('',(#4813),#265,.F.);
#5103=ADVANCED_FACE('',(#4814),#266,.F.);
#5104=ADVANCED_FACE('',(#4815),#267,.F.);
#5105=ADVANCED_FACE('',(#4816),#268,.F.);
#5106=ADVANCED_FACE('',(#4817),#269,.F.);
#5107=ADVANCED_FACE('',(#4818),#270,.F.);
#5108=ADVANCED_FACE('',(#4819),#271,.F.);
#5109=ADVANCED_FACE('',(#4820),#272,.F.);
#5110=ADVANCED_FACE('',(#4821),#273,.F.);
#5111=ADVANCED_FACE('',(#4822),#274,.F.);
#5112=ADVANCED_FACE('',(#4823),#275,.F.);
#5113=ADVANCED_FACE('',(#4824),#276,.F.);
#5114=ADVANCED_FACE('',(#4825),#277,.F.);
#5115=ADVANCED_FACE('',(#4826),#278,.F.);
#5116=ADVANCED_FACE('',(#4827),#279,.F.);
#5117=ADVANCED_FACE('',(#4828),#280,.F.);
#5118=ADVANCED_FACE('',(#4829),#281,.F.);
#5119=ADVANCED_FACE('',(#4830,#4831),#160,.F.);
#5120=ADVANCED_FACE('',(#4832),#55,.T.);
#5121=ADVANCED_FACE('',(#4833),#56,.T.);
#5122=ADVANCED_FACE('',(#4834),#57,.T.);
#5123=ADVANCED_FACE('',(#4835),#58,.T.);
#5124=ADVANCED_FACE('',(#4836),#59,.T.);
#5125=ADVANCED_FACE('',(#4837),#60,.T.);
#5126=ADVANCED_FACE('',(#4838),#61,.T.);
#5127=ADVANCED_FACE('',(#4839),#62,.T.);
#5128=ADVANCED_FACE('',(#4840),#63,.T.);
#5129=ADVANCED_FACE('',(#4841),#64,.T.);
#5130=ADVANCED_FACE('',(#4842),#65,.T.);
#5131=ADVANCED_FACE('',(#4843),#66,.T.);
#5132=ADVANCED_FACE('',(#4844),#67,.T.);
#5133=ADVANCED_FACE('',(#4845),#68,.T.);
#5134=ADVANCED_FACE('',(#4846),#69,.T.);
#5135=ADVANCED_FACE('',(#4847),#70,.T.);
#5136=ADVANCED_FACE('',(#4848),#71,.T.);
#5137=ADVANCED_FACE('',(#4849),#72,.T.);
#5138=ADVANCED_FACE('',(#4850),#73,.T.);
#5139=ADVANCED_FACE('',(#4851),#74,.T.);
#5140=ADVANCED_FACE('',(#4852),#75,.T.);
#5141=ADVANCED_FACE('',(#4853),#76,.T.);
#5142=ADVANCED_FACE('',(#4854),#77,.T.);
#5143=ADVANCED_FACE('',(#4855),#78,.T.);
#5144=ADVANCED_FACE('',(#4856),#79,.T.);
#5145=ADVANCED_FACE('',(#4857),#80,.T.);
#5146=ADVANCED_FACE('',(#4858),#81,.T.);
#5147=ADVANCED_FACE('',(#4859),#82,.T.);
#5148=ADVANCED_FACE('',(#4860),#83,.T.);
#5149=ADVANCED_FACE('',(#4861),#84,.T.);
#5150=ADVANCED_FACE('',(#4862),#85,.T.);
#5151=ADVANCED_FACE('',(#4863),#86,.T.);
#5152=ADVANCED_FACE('',(#4864),#87,.T.);
#5153=ADVANCED_FACE('',(#4865),#88,.T.);
#5154=ADVANCED_FACE('',(#4866),#89,.T.);
#5155=ADVANCED_FACE('',(#4867),#90,.T.);
#5156=ADVANCED_FACE('',(#4868),#161,.T.);
#5157=ADVANCED_FACE('',(#4869),#162,.T.);
#5158=ADVANCED_FACE('',(#4870),#163,.T.);
#5159=ADVANCED_FACE('',(#4871),#164,.T.);
#5160=ADVANCED_FACE('',(#4872),#165,.T.);
#5161=ADVANCED_FACE('',(#4873),#166,.T.);
#5162=ADVANCED_FACE('',(#4874),#167,.T.);
#5163=ADVANCED_FACE('',(#4875),#168,.T.);
#5164=ADVANCED_FACE('',(#4876),#169,.T.);
#5165=ADVANCED_FACE('',(#4877),#170,.T.);
#5166=ADVANCED_FACE('',(#4878),#171,.T.);
#5167=ADVANCED_FACE('',(#4879),#172,.T.);
#5168=ADVANCED_FACE('',(#4880),#173,.T.);
#5169=ADVANCED_FACE('',(#4881),#174,.T.);
#5170=ADVANCED_FACE('',(#4882),#175,.T.);
#5171=ADVANCED_FACE('',(#4883),#176,.T.);
#5172=ADVANCED_FACE('',(#4884),#177,.T.);
#5173=ADVANCED_FACE('',(#4885),#178,.T.);
#5174=ADVANCED_FACE('',(#4886),#179,.T.);
#5175=ADVANCED_FACE('',(#4887),#180,.T.);
#5176=ADVANCED_FACE('',(#4888),#181,.T.);
#5177=ADVANCED_FACE('',(#4889),#182,.T.);
#5178=ADVANCED_FACE('',(#4890),#183,.T.);
#5179=ADVANCED_FACE('',(#4891),#184,.T.);
#5180=ADVANCED_FACE('',(#4892),#185,.T.);
#5181=ADVANCED_FACE('',(#4893),#186,.T.);
#5182=ADVANCED_FACE('',(#4894),#187,.T.);
#5183=ADVANCED_FACE('',(#4895),#188,.T.);
#5184=ADVANCED_FACE('',(#4896),#189,.T.);
#5185=ADVANCED_FACE('',(#4897),#190,.T.);
#5186=ADVANCED_FACE('',(#4898),#191,.T.);
#5187=ADVANCED_FACE('',(#4899),#192,.T.);
#5188=ADVANCED_FACE('',(#4900),#193,.T.);
#5189=ADVANCED_FACE('',(#4901),#194,.T.);
#5190=ADVANCED_FACE('',(#4902),#195,.T.);
#5191=ADVANCED_FACE('',(#4903),#196,.T.);
#5192=ADVANCED_FACE('',(#4904,#4905),#5008,.T.);
#5193=ADVANCED_FACE('',(#4906,#4907),#5009,.T.);
#5194=ADVANCED_FACE('',(#4908),#197,.T.);
#5195=ADVANCED_FACE('',(#4909),#198,.T.);
#5196=ADVANCED_FACE('',(#4910),#199,.T.);
#5197=ADVANCED_FACE('',(#4911),#200,.T.);
#5198=ADVANCED_FACE('',(#4912),#201,.T.);
#5199=ADVANCED_FACE('',(#4913),#202,.T.);
#5200=ADVANCED_FACE('',(#4914),#203,.T.);
#5201=ADVANCED_FACE('',(#4915),#204,.T.);
#5202=ADVANCED_FACE('',(#4916),#205,.T.);
#5203=ADVANCED_FACE('',(#4917),#206,.T.);
#5204=ADVANCED_FACE('',(#4918),#207,.T.);
#5205=ADVANCED_FACE('',(#4919),#208,.T.);
#5206=ADVANCED_FACE('',(#4920),#209,.T.);
#5207=ADVANCED_FACE('',(#4921),#210,.T.);
#5208=ADVANCED_FACE('',(#4922),#211,.T.);
#5209=ADVANCED_FACE('',(#4923),#212,.T.);
#5210=ADVANCED_FACE('',(#4924),#213,.T.);
#5211=ADVANCED_FACE('',(#4925),#214,.T.);
#5212=ADVANCED_FACE('',(#4926),#215,.T.);
#5213=ADVANCED_FACE('',(#4927),#216,.T.);
#5214=ADVANCED_FACE('',(#4928),#217,.T.);
#5215=ADVANCED_FACE('',(#4929),#218,.T.);
#5216=ADVANCED_FACE('',(#4930),#219,.T.);
#5217=ADVANCED_FACE('',(#4931),#220,.T.);
#5218=ADVANCED_FACE('',(#4932),#221,.T.);
#5219=ADVANCED_FACE('',(#4933),#222,.T.);
#5220=ADVANCED_FACE('',(#4934),#223,.T.);
#5221=ADVANCED_FACE('',(#4935),#224,.T.);
#5222=ADVANCED_FACE('',(#4936),#225,.T.);
#5223=ADVANCED_FACE('',(#4937),#226,.T.);
#5224=ADVANCED_FACE('',(#4938),#227,.T.);
#5225=ADVANCED_FACE('',(#4939),#228,.T.);
#5226=ADVANCED_FACE('',(#4940),#229,.T.);
#5227=ADVANCED_FACE('',(#4941),#230,.T.);
#5228=ADVANCED_FACE('',(#4942),#231,.T.);
#5229=ADVANCED_FACE('',(#4943),#232,.T.);
#5230=ADVANCED_FACE('',(#4944),#233,.T.);
#5231=ADVANCED_FACE('',(#4945),#234,.T.);
#5232=ADVANCED_FACE('',(#4946),#235,.T.);
#5233=ADVANCED_FACE('',(#4947),#236,.T.);
#5234=ADVANCED_FACE('',(#4948),#237,.T.);
#5235=ADVANCED_FACE('',(#4949),#238,.T.);
#5236=ADVANCED_FACE('',(#4950),#239,.T.);
#5237=ADVANCED_FACE('',(#4951),#240,.T.);
#5238=ADVANCED_FACE('',(#4952),#241,.T.);
#5239=ADVANCED_FACE('',(#4953),#242,.T.);
#5240=ADVANCED_FACE('',(#4954),#243,.T.);
#5241=ADVANCED_FACE('',(#4955),#244,.T.);
#5242=ADVANCED_FACE('',(#4956),#245,.T.);
#5243=ADVANCED_FACE('',(#4957),#246,.T.);
#5244=ADVANCED_FACE('',(#4958),#247,.T.);
#5245=ADVANCED_FACE('',(#4959),#248,.T.);
#5246=ADVANCED_FACE('',(#4960),#249,.T.);
#5247=ADVANCED_FACE('',(#4961),#250,.T.);
#5248=ADVANCED_FACE('',(#4962),#91,.T.);
#5249=ADVANCED_FACE('',(#4963),#92,.T.);
#5250=ADVANCED_FACE('',(#4964),#93,.T.);
#5251=ADVANCED_FACE('',(#4965),#94,.T.);
#5252=ADVANCED_FACE('',(#4966),#95,.T.);
#5253=ADVANCED_FACE('',(#4967),#96,.T.);
#5254=ADVANCED_FACE('',(#4968),#97,.T.);
#5255=ADVANCED_FACE('',(#4969),#98,.T.);
#5256=ADVANCED_FACE('',(#4970),#99,.T.);
#5257=ADVANCED_FACE('',(#4971),#100,.T.);
#5258=ADVANCED_FACE('',(#4972),#101,.T.);
#5259=ADVANCED_FACE('',(#4973),#102,.T.);
#5260=ADVANCED_FACE('',(#4974),#103,.T.);
#5261=ADVANCED_FACE('',(#4975),#104,.T.);
#5262=ADVANCED_FACE('',(#4976),#105,.T.);
#5263=ADVANCED_FACE('',(#4977),#106,.T.);
#5264=ADVANCED_FACE('',(#4978),#107,.T.);
#5265=ADVANCED_FACE('',(#4979),#108,.T.);
#5266=ADVANCED_FACE('',(#4980),#109,.T.);
#5267=ADVANCED_FACE('',(#4981),#110,.T.);
#5268=ADVANCED_FACE('',(#4982),#111,.T.);
#5269=ADVANCED_FACE('',(#4983),#112,.T.);
#5270=ADVANCED_FACE('',(#4984),#113,.T.);
#5271=ADVANCED_FACE('',(#4985),#114,.T.);
#5272=ADVANCED_FACE('',(#4986),#115,.T.);
#5273=ADVANCED_FACE('',(#4987),#116,.T.);
#5274=ADVANCED_FACE('',(#4988),#117,.T.);
#5275=ADVANCED_FACE('',(#4989),#118,.T.);
#5276=ADVANCED_FACE('',(#4990),#119,.T.);
#5277=ADVANCED_FACE('',(#4991),#120,.T.);
#5278=ADVANCED_FACE('',(#4992),#121,.T.);
#5279=ADVANCED_FACE('',(#4993),#122,.T.);
#5280=ADVANCED_FACE('',(#4994),#123,.T.);
#5281=ADVANCED_FACE('',(#4995),#124,.T.);
#5282=ADVANCED_FACE('',(#4996),#125,.T.);
#5283=ADVANCED_FACE('',(#4997),#126,.T.);
#5284=ADVANCED_FACE('',(#4998),#5010,.F.);
#5285=ADVANCED_FACE('',(#4999),#5011,.T.);
#5286=ADVANCED_FACE('',(#5000),#5012,.F.);
#5287=ADVANCED_FACE('',(#5001),#5013,.T.);
#5288=ADVANCED_FACE('',(#5002),#251,.F.);
#5289=ADVANCED_FACE('',(#5003),#252,.F.);
#5290=ADVANCED_FACE('',(#5004),#253,.F.);
#5291=ADVANCED_FACE('',(#5005),#254,.F.);
#5292=CLOSED_SHELL('',(#5014,#5015,#5016,#5017,#5018,#5019,#5020,#5021,
#5022,#5023,#5024,#5025,#5026,#5027,#5028,#5029,#5030,#5031,#5032,#5033,
#5034,#5035,#5036,#5037,#5038,#5039,#5040,#5041,#5042,#5043,#5044,#5045,
#5046,#5047,#5048,#5049,#5050,#5051,#5052,#5053,#5054,#5055,#5056,#5057,
#5058,#5059,#5060,#5061,#5062,#5063,#5064,#5065,#5066,#5067,#5068,#5069,
#5070,#5071,#5072,#5073,#5074,#5075,#5076,#5077,#5078,#5079,#5080,#5081,
#5082,#5083,#5084,#5085,#5086,#5087,#5088,#5089,#5090,#5091,#5092,#5093,
#5094,#5095,#5096,#5097,#5098,#5099,#5100,#5101,#5102,#5103,#5104,#5105,
#5106,#5107,#5108,#5109,#5110,#5111,#5112,#5113,#5114,#5115,#5116,#5117,
#5118,#5119,#5120,#5121,#5122,#5123,#5124,#5125,#5126,#5127,#5128,#5129,
#5130,#5131,#5132,#5133,#5134,#5135,#5136,#5137,#5138,#5139,#5140,#5141,
#5142,#5143,#5144,#5145,#5146,#5147,#5148,#5149,#5150,#5151,#5152,#5153,
#5154,#5155,#5156,#5157,#5158,#5159,#5160,#5161,#5162,#5163,#5164,#5165,
#5166,#5167,#5168,#5169,#5170,#5171,#5172,#5173,#5174,#5175,#5176,#5177,
#5178,#5179,#5180,#5181,#5182,#5183,#5184,#5185,#5186,#5187,#5188,#5189,
#5190,#5191,#5192,#5193,#5194,#5195,#5196,#5197,#5198,#5199,#5200,#5201,
#5202,#5203,#5204,#5205,#5206,#5207,#5208,#5209,#5210,#5211,#5212,#5213,
#5214,#5215,#5216,#5217,#5218,#5219,#5220,#5221,#5222,#5223,#5224,#5225,
#5226,#5227,#5228,#5229,#5230,#5231,#5232,#5233,#5234,#5235,#5236,#5237,
#5238,#5239,#5240,#5241,#5242,#5243,#5244,#5245,#5246,#5247,#5248,#5249,
#5250,#5251,#5252,#5253,#5254,#5255,#5256,#5257,#5258,#5259,#5260,#5261,
#5262,#5263,#5264,#5265,#5266,#5267,#5268,#5269,#5270,#5271,#5272,#5273,
#5274,#5275,#5276,#5277,#5278,#5279,#5280,#5281,#5282,#5283,#5284,#5285,
#5286,#5287,#5288,#5289,#5290,#5291));
#5293=STYLED_ITEM('',(#5294),#5301);
#5294=PRESENTATION_STYLE_ASSIGNMENT((#5295));
#5295=SURFACE_STYLE_USAGE(.BOTH.,#5296);
#5296=SURFACE_SIDE_STYLE('',(#5297));
#5297=SURFACE_STYLE_FILL_AREA(#5298);
#5298=FILL_AREA_STYLE('',(#5299));
#5299=FILL_AREA_STYLE_COLOUR('',#5300);
#5300=COLOUR_RGB('',0.917647058823529,0.917647058823529,0.917647058823529);
#5301=MANIFOLD_SOLID_BREP('Gear',#5292);
#5302=SHAPE_DEFINITION_REPRESENTATION(#11785,#5303);
#5303=SHAPE_REPRESENTATION('Gear',(#5304),#11780);
#5304=AXIS2_PLACEMENT_3D('',#6756,#5702,#5703);
#5305=AXIS2_PLACEMENT_3D('',#6757,#5704,#5705);
#5306=AXIS2_PLACEMENT_3D('',#6758,#5706,#5707);
#5307=AXIS2_PLACEMENT_3D('',#6763,#5709,#5710);
#5308=AXIS2_PLACEMENT_3D('',#6767,#5712,#5713);
#5309=AXIS2_PLACEMENT_3D('',#6784,#5714,#5715);
#5310=AXIS2_PLACEMENT_3D('',#6796,#5716,#5717);
#5311=AXIS2_PLACEMENT_3D('',#6808,#5718,#5719);
#5312=AXIS2_PLACEMENT_3D('',#6825,#5720,#5721);
#5313=AXIS2_PLACEMENT_3D('',#6842,#5722,#5723);
#5314=AXIS2_PLACEMENT_3D('',#6854,#5724,#5725);
#5315=AXIS2_PLACEMENT_3D('',#6866,#5726,#5727);
#5316=AXIS2_PLACEMENT_3D('',#6883,#5728,#5729);
#5317=AXIS2_PLACEMENT_3D('',#6900,#5730,#5731);
#5318=AXIS2_PLACEMENT_3D('',#6911,#5732,#5733);
#5319=AXIS2_PLACEMENT_3D('',#6912,#5734,#5735);
#5320=AXIS2_PLACEMENT_3D('',#6917,#5737,#5738);
#5321=AXIS2_PLACEMENT_3D('',#6921,#5740,#5741);
#5322=AXIS2_PLACEMENT_3D('',#6938,#5742,#5743);
#5323=AXIS2_PLACEMENT_3D('',#6950,#5744,#5745);
#5324=AXIS2_PLACEMENT_3D('',#6962,#5746,#5747);
#5325=AXIS2_PLACEMENT_3D('',#6980,#5748,#5749);
#5326=AXIS2_PLACEMENT_3D('',#6997,#5750,#5751);
#5327=AXIS2_PLACEMENT_3D('',#7009,#5752,#5753);
#5328=AXIS2_PLACEMENT_3D('',#7021,#5754,#5755);
#5329=AXIS2_PLACEMENT_3D('',#7039,#5756,#5757);
#5330=AXIS2_PLACEMENT_3D('',#7056,#5758,#5759);
#5331=AXIS2_PLACEMENT_3D('',#7068,#5760,#5761);
#5332=AXIS2_PLACEMENT_3D('',#7080,#5762,#5763);
#5333=AXIS2_PLACEMENT_3D('',#7097,#5764,#5765);
#5334=AXIS2_PLACEMENT_3D('',#7103,#5766,#5767);
#5335=AXIS2_PLACEMENT_3D('',#7109,#5768,#5769);
#5336=AXIS2_PLACEMENT_3D('',#7120,#5770,#5771);
#5337=AXIS2_PLACEMENT_3D('',#7126,#5772,#5773);
#5338=AXIS2_PLACEMENT_3D('',#7145,#5774,#5775);
#5339=AXIS2_PLACEMENT_3D('',#7146,#5776,#5777);
#5340=AXIS2_PLACEMENT_3D('',#7147,#5778,#5779);
#5341=AXIS2_PLACEMENT_3D('',#7155,#5780,#5781);
#5342=AXIS2_PLACEMENT_3D('',#7166,#5782,#5783);
#5343=AXIS2_PLACEMENT_3D('',#7167,#5784,#5785);
#5344=AXIS2_PLACEMENT_3D('',#7175,#5786,#5787);
#5345=AXIS2_PLACEMENT_3D('',#7181,#5788,#5789);
#5346=AXIS2_PLACEMENT_3D('',#7182,#5790,#5791);
#5347=AXIS2_PLACEMENT_3D('',#7190,#5792,#5793);
#5348=AXIS2_PLACEMENT_3D('',#7196,#5794,#5795);
#5349=AXIS2_PLACEMENT_3D('',#7214,#5796,#5797);
#5350=AXIS2_PLACEMENT_3D('',#7215,#5798,#5799);
#5351=AXIS2_PLACEMENT_3D('',#7221,#5800,#5801);
#5352=AXIS2_PLACEMENT_3D('',#7232,#5802,#5803);
#5353=AXIS2_PLACEMENT_3D('',#7238,#5804,#5805);
#5354=AXIS2_PLACEMENT_3D('',#7244,#5806,#5807);
#5355=AXIS2_PLACEMENT_3D('',#7245,#5808,#5809);
#5356=AXIS2_PLACEMENT_3D('',#7247,#5810,#5811);
#5357=AXIS2_PLACEMENT_3D('',#8077,#5854,#5855);
#5358=AXIS2_PLACEMENT_3D('',#8080,#5857,#5858);
#5359=AXIS2_PLACEMENT_3D('',#8081,#5859,#5860);
#5360=AXIS2_PLACEMENT_3D('',#8084,#5862,#5863);
#5361=AXIS2_PLACEMENT_3D('',#8085,#5864,#5865);
#5362=AXIS2_PLACEMENT_3D('',#8090,#5868,#5869);
#5363=AXIS2_PLACEMENT_3D('',#8091,#5870,#5871);
#5364=AXIS2_PLACEMENT_3D('',#8096,#5874,#5875);
#5365=AXIS2_PLACEMENT_3D('',#8097,#5876,#5877);
#5366=AXIS2_PLACEMENT_3D('',#8100,#5879,#5880);
#5367=AXIS2_PLACEMENT_3D('',#8101,#5881,#5882);
#5368=AXIS2_PLACEMENT_3D('',#8109,#5884,#5885);
#5369=AXIS2_PLACEMENT_3D('',#8110,#5886,#5887);
#5370=AXIS2_PLACEMENT_3D('',#8121,#5890,#5891);
#5371=AXIS2_PLACEMENT_3D('',#8122,#5892,#5893);
#5372=AXIS2_PLACEMENT_3D('',#8130,#5895,#5896);
#5373=AXIS2_PLACEMENT_3D('',#8131,#5897,#5898);
#5374=AXIS2_PLACEMENT_3D('',#8142,#5901,#5902);
#5375=AXIS2_PLACEMENT_3D('',#8143,#5903,#5904);
#5376=AXIS2_PLACEMENT_3D('',#8151,#5906,#5907);
#5377=AXIS2_PLACEMENT_3D('',#8152,#5908,#5909);
#5378=AXIS2_PLACEMENT_3D('',#8160,#5911,#5912);
#5379=AXIS2_PLACEMENT_3D('',#8161,#5913,#5914);
#5380=AXIS2_PLACEMENT_3D('',#8172,#5917,#5918);
#5381=AXIS2_PLACEMENT_3D('',#8173,#5919,#5920);
#5382=AXIS2_PLACEMENT_3D('',#8181,#5922,#5923);
#5383=AXIS2_PLACEMENT_3D('',#8182,#5924,#5925);
#5384=AXIS2_PLACEMENT_3D('',#8183,#5926,#5927);
#5385=AXIS2_PLACEMENT_3D('',#8187,#5929,#5930);
#5386=AXIS2_PLACEMENT_3D('',#8188,#5931,#5932);
#5387=AXIS2_PLACEMENT_3D('',#8192,#5934,#5935);
#5388=AXIS2_PLACEMENT_3D('',#8196,#5937,#5938);
#5389=AXIS2_PLACEMENT_3D('',#8197,#5939,#5940);
#5390=AXIS2_PLACEMENT_3D('',#8201,#5942,#5943);
#5391=AXIS2_PLACEMENT_3D('',#8202,#5944,#5945);
#5392=AXIS2_PLACEMENT_3D('',#8203,#5946,#5947);
#5393=AXIS2_PLACEMENT_3D('',#8204,#5948,#5949);
#5394=AXIS2_PLACEMENT_3D('',#8208,#5951,#5952);
#5395=AXIS2_PLACEMENT_3D('',#8209,#5953,#5954);
#5396=AXIS2_PLACEMENT_3D('',#8213,#5956,#5957);
#5397=AXIS2_PLACEMENT_3D('',#8217,#5959,#5960);
#5398=AXIS2_PLACEMENT_3D('',#8218,#5961,#5962);
#5399=AXIS2_PLACEMENT_3D('',#8222,#5964,#5965);
#5400=AXIS2_PLACEMENT_3D('',#8223,#5966,#5967);
#5401=AXIS2_PLACEMENT_3D('',#8224,#5968,#5969);
#5402=AXIS2_PLACEMENT_3D('',#8225,#5970,#5971);
#5403=AXIS2_PLACEMENT_3D('',#8229,#5973,#5974);
#5404=AXIS2_PLACEMENT_3D('',#8230,#5975,#5976);
#5405=AXIS2_PLACEMENT_3D('',#8234,#5978,#5979);
#5406=AXIS2_PLACEMENT_3D('',#8243,#5981,#5982);
#5407=AXIS2_PLACEMENT_3D('',#8244,#5983,#5984);
#5408=AXIS2_PLACEMENT_3D('',#8252,#5986,#5987);
#5409=AXIS2_PLACEMENT_3D('',#8253,#5988,#5989);
#5410=AXIS2_PLACEMENT_3D('',#8261,#5991,#5992);
#5411=AXIS2_PLACEMENT_3D('',#8262,#5993,#5994);
#5412=AXIS2_PLACEMENT_3D('',#8273,#5997,#5998);
#5413=AXIS2_PLACEMENT_3D('',#8274,#5999,#6000);
#5414=AXIS2_PLACEMENT_3D('',#8282,#6002,#6003);
#5415=AXIS2_PLACEMENT_3D('',#8283,#6004,#6005);
#5416=AXIS2_PLACEMENT_3D('',#8291,#6007,#6008);
#5417=AXIS2_PLACEMENT_3D('',#8292,#6009,#6010);
#5418=AXIS2_PLACEMENT_3D('',#8303,#6013,#6014);
#5419=AXIS2_PLACEMENT_3D('',#8304,#6015,#6016);
#5420=AXIS2_PLACEMENT_3D('',#8312,#6018,#6019);
#5421=AXIS2_PLACEMENT_3D('',#8313,#6020,#6021);
#5422=AXIS2_PLACEMENT_3D('',#8316,#6023,#6024);
#5423=AXIS2_PLACEMENT_3D('',#8317,#6025,#6026);
#5424=AXIS2_PLACEMENT_3D('',#8322,#6029,#6030);
#5425=AXIS2_PLACEMENT_3D('',#8323,#6031,#6032);
#5426=AXIS2_PLACEMENT_3D('',#8326,#6034,#6035);
#5427=AXIS2_PLACEMENT_3D('',#8327,#6036,#6037);
#5428=AXIS2_PLACEMENT_3D('',#8330,#6039,#6040);
#5429=AXIS2_PLACEMENT_3D('',#8687,#6042,#6043);
#5430=AXIS2_PLACEMENT_3D('',#8694,#6044,#6045);
#5431=AXIS2_PLACEMENT_3D('',#8701,#6046,#6047);
#5432=AXIS2_PLACEMENT_3D('',#8702,#6048,#6049);
#5433=AXIS2_PLACEMENT_3D('',#8714,#6050,#6051);
#5434=AXIS2_PLACEMENT_3D('',#8721,#6052,#6053);
#5435=AXIS2_PLACEMENT_3D('',#8722,#6054,#6055);
#5436=AXIS2_PLACEMENT_3D('',#8742,#6056,#6057);
#5437=AXIS2_PLACEMENT_3D('',#8758,#6058,#6059);
#5438=AXIS2_PLACEMENT_3D('',#8764,#6060,#6061);
#5439=AXIS2_PLACEMENT_3D('',#8782,#6062,#6063);
#5440=AXIS2_PLACEMENT_3D('',#8798,#6064,#6065);
#5441=AXIS2_PLACEMENT_3D('',#8799,#6066,#6067);
#5442=AXIS2_PLACEMENT_3D('',#8817,#6068,#6069);
#5443=AXIS2_PLACEMENT_3D('',#8833,#6070,#6071);
#5444=AXIS2_PLACEMENT_3D('',#8834,#6072,#6073);
#5445=AXIS2_PLACEMENT_3D('',#8850,#6074,#6075);
#5446=AXIS2_PLACEMENT_3D('',#8866,#6076,#6077);
#5447=AXIS2_PLACEMENT_3D('',#8867,#6078,#6079);
#5448=AXIS2_PLACEMENT_3D('',#8886,#6080,#6081);
#5449=AXIS2_PLACEMENT_3D('',#8887,#6082,#6083);
#5450=AXIS2_PLACEMENT_3D('',#8903,#6084,#6085);
#5451=AXIS2_PLACEMENT_3D('',#8904,#6086,#6087);
#5452=AXIS2_PLACEMENT_3D('',#8915,#6088,#6089);
#5453=AXIS2_PLACEMENT_3D('',#8916,#6090,#6091);
#5454=AXIS2_PLACEMENT_3D('',#8927,#6092,#6093);
#5455=AXIS2_PLACEMENT_3D('',#8928,#6094,#6095);
#5456=AXIS2_PLACEMENT_3D('',#8947,#6096,#6097);
#5457=AXIS2_PLACEMENT_3D('',#8948,#6098,#6099);
#5458=AXIS2_PLACEMENT_3D('',#8972,#6100,#6101);
#5459=AXIS2_PLACEMENT_3D('',#8988,#6102,#6103);
#5460=AXIS2_PLACEMENT_3D('',#8989,#6104,#6105);
#5461=AXIS2_PLACEMENT_3D('',#9007,#6106,#6107);
#5462=AXIS2_PLACEMENT_3D('',#9023,#6108,#6109);
#5463=AXIS2_PLACEMENT_3D('',#9024,#6110,#6111);
#5464=AXIS2_PLACEMENT_3D('',#9042,#6112,#6113);
#5465=AXIS2_PLACEMENT_3D('',#9058,#6114,#6115);
#5466=AXIS2_PLACEMENT_3D('',#9059,#6116,#6117);
#5467=AXIS2_PLACEMENT_3D('',#9075,#6118,#6119);
#5468=AXIS2_PLACEMENT_3D('',#9091,#6120,#6121);
#5469=AXIS2_PLACEMENT_3D('',#9092,#6122,#6123);
#5470=AXIS2_PLACEMENT_3D('',#9114,#6124,#6125);
#5471=AXIS2_PLACEMENT_3D('',#9130,#6126,#6127);
#5472=AXIS2_PLACEMENT_3D('',#9131,#6128,#6129);
#5473=AXIS2_PLACEMENT_3D('',#9138,#6130,#6131);
#5474=AXIS2_PLACEMENT_3D('',#9150,#6132,#6133);
#5475=AXIS2_PLACEMENT_3D('',#9151,#6134,#6135);
#5476=AXIS2_PLACEMENT_3D('',#9158,#6136,#6137);
#5477=AXIS2_PLACEMENT_3D('',#9165,#6138,#6139);
#5478=AXIS2_PLACEMENT_3D('',#9166,#6140,#6141);
#5479=AXIS2_PLACEMENT_3D('',#9181,#6142,#6143);
#5480=AXIS2_PLACEMENT_3D('',#9190,#6144,#6145);
#5481=AXIS2_PLACEMENT_3D('',#10665,#6233,#6234);
#5482=AXIS2_PLACEMENT_3D('',#10666,#6235,#6236);
#5483=AXIS2_PLACEMENT_3D('',#10667,#6237,#6238);
#5484=AXIS2_PLACEMENT_3D('',#10668,#6239,#6240);
#5485=AXIS2_PLACEMENT_3D('',#10669,#6241,#6242);
#5486=AXIS2_PLACEMENT_3D('',#10670,#6243,#6244);
#5487=AXIS2_PLACEMENT_3D('',#10671,#6245,#6246);
#5488=AXIS2_PLACEMENT_3D('',#10672,#6247,#6248);
#5489=AXIS2_PLACEMENT_3D('',#10673,#6249,#6250);
#5490=AXIS2_PLACEMENT_3D('',#10674,#6251,#6252);
#5491=AXIS2_PLACEMENT_3D('',#10675,#6253,#6254);
#5492=AXIS2_PLACEMENT_3D('',#10676,#6255,#6256);
#5493=AXIS2_PLACEMENT_3D('',#10677,#6257,#6258);
#5494=AXIS2_PLACEMENT_3D('',#10678,#6259,#6260);
#5495=AXIS2_PLACEMENT_3D('',#10679,#6261,#6262);
#5496=AXIS2_PLACEMENT_3D('',#10680,#6263,#6264);
#5497=AXIS2_PLACEMENT_3D('',#10681,#6265,#6266);
#5498=AXIS2_PLACEMENT_3D('',#10682,#6267,#6268);
#5499=AXIS2_PLACEMENT_3D('',#10683,#6269,#6270);
#5500=AXIS2_PLACEMENT_3D('',#10684,#6271,#6272);
#5501=AXIS2_PLACEMENT_3D('',#10685,#6273,#6274);
#5502=AXIS2_PLACEMENT_3D('',#10686,#6275,#6276);
#5503=AXIS2_PLACEMENT_3D('',#10687,#6277,#6278);
#5504=AXIS2_PLACEMENT_3D('',#10688,#6279,#6280);
#5505=AXIS2_PLACEMENT_3D('',#10689,#6281,#6282);
#5506=AXIS2_PLACEMENT_3D('',#10690,#6283,#6284);
#5507=AXIS2_PLACEMENT_3D('',#10691,#6285,#6286);
#5508=AXIS2_PLACEMENT_3D('',#10692,#6287,#6288);
#5509=AXIS2_PLACEMENT_3D('',#10693,#6289,#6290);
#5510=AXIS2_PLACEMENT_3D('',#10694,#6291,#6292);
#5511=AXIS2_PLACEMENT_3D('',#10695,#6293,#6294);
#5512=AXIS2_PLACEMENT_3D('',#10696,#6295,#6296);
#5513=AXIS2_PLACEMENT_3D('',#10697,#6297,#6298);
#5514=AXIS2_PLACEMENT_3D('',#10698,#6299,#6300);
#5515=AXIS2_PLACEMENT_3D('',#10699,#6301,#6302);
#5516=AXIS2_PLACEMENT_3D('',#10700,#6303,#6304);
#5517=AXIS2_PLACEMENT_3D('',#10701,#6305,#6306);
#5518=AXIS2_PLACEMENT_3D('',#10702,#6307,#6308);
#5519=AXIS2_PLACEMENT_3D('',#10703,#6309,#6310);
#5520=AXIS2_PLACEMENT_3D('',#10704,#6311,#6312);
#5521=AXIS2_PLACEMENT_3D('',#10705,#6313,#6314);
#5522=AXIS2_PLACEMENT_3D('',#10706,#6315,#6316);
#5523=AXIS2_PLACEMENT_3D('',#10707,#6317,#6318);
#5524=AXIS2_PLACEMENT_3D('',#10708,#6319,#6320);
#5525=AXIS2_PLACEMENT_3D('',#10709,#6321,#6322);
#5526=AXIS2_PLACEMENT_3D('',#10710,#6323,#6324);
#5527=AXIS2_PLACEMENT_3D('',#10711,#6325,#6326);
#5528=AXIS2_PLACEMENT_3D('',#10712,#6327,#6328);
#5529=AXIS2_PLACEMENT_3D('',#10713,#6329,#6330);
#5530=AXIS2_PLACEMENT_3D('',#10714,#6331,#6332);
#5531=AXIS2_PLACEMENT_3D('',#10715,#6333,#6334);
#5532=AXIS2_PLACEMENT_3D('',#10716,#6335,#6336);
#5533=AXIS2_PLACEMENT_3D('',#10717,#6337,#6338);
#5534=AXIS2_PLACEMENT_3D('',#10718,#6339,#6340);
#5535=AXIS2_PLACEMENT_3D('',#10719,#6341,#6342);
#5536=AXIS2_PLACEMENT_3D('',#10720,#6343,#6344);
#5537=AXIS2_PLACEMENT_3D('',#10721,#6345,#6346);
#5538=AXIS2_PLACEMENT_3D('',#10722,#6347,#6348);
#5539=AXIS2_PLACEMENT_3D('',#10723,#6349,#6350);
#5540=AXIS2_PLACEMENT_3D('',#10724,#6351,#6352);
#5541=AXIS2_PLACEMENT_3D('',#10725,#6353,#6354);
#5542=AXIS2_PLACEMENT_3D('',#10726,#6355,#6356);
#5543=AXIS2_PLACEMENT_3D('',#10727,#6357,#6358);
#5544=AXIS2_PLACEMENT_3D('',#10728,#6359,#6360);
#5545=AXIS2_PLACEMENT_3D('',#10729,#6361,#6362);
#5546=AXIS2_PLACEMENT_3D('',#10730,#6363,#6364);
#5547=AXIS2_PLACEMENT_3D('',#10731,#6365,#6366);
#5548=AXIS2_PLACEMENT_3D('',#10732,#6367,#6368);
#5549=AXIS2_PLACEMENT_3D('',#10733,#6369,#6370);
#5550=AXIS2_PLACEMENT_3D('',#10734,#6371,#6372);
#5551=AXIS2_PLACEMENT_3D('',#10735,#6373,#6374);
#5552=AXIS2_PLACEMENT_3D('',#10736,#6375,#6376);
#5553=AXIS2_PLACEMENT_3D('',#10737,#6377,#6378);
#5554=AXIS2_PLACEMENT_3D('',#10738,#6379,#6380);
#5555=AXIS2_PLACEMENT_3D('',#10745,#6381,#6382);
#5556=AXIS2_PLACEMENT_3D('',#10752,#6383,#6384);
#5557=AXIS2_PLACEMENT_3D('',#10753,#6385,#6386);
#5558=AXIS2_PLACEMENT_3D('',#10760,#6387,#6388);
#5559=AXIS2_PLACEMENT_3D('',#10767,#6389,#6390);
#5560=AXIS2_PLACEMENT_3D('',#10768,#6391,#6392);
#5561=AXIS2_PLACEMENT_3D('',#10775,#6393,#6394);
#5562=AXIS2_PLACEMENT_3D('',#10782,#6395,#6396);
#5563=AXIS2_PLACEMENT_3D('',#10783,#6397,#6398);
#5564=AXIS2_PLACEMENT_3D('',#10790,#6399,#6400);
#5565=AXIS2_PLACEMENT_3D('',#10797,#6401,#6402);
#5566=AXIS2_PLACEMENT_3D('',#10798,#6403,#6404);
#5567=AXIS2_PLACEMENT_3D('',#10805,#6405,#6406);
#5568=AXIS2_PLACEMENT_3D('',#10812,#6407,#6408);
#5569=AXIS2_PLACEMENT_3D('',#10813,#6409,#6410);
#5570=AXIS2_PLACEMENT_3D('',#10820,#6411,#6412);
#5571=AXIS2_PLACEMENT_3D('',#10827,#6413,#6414);
#5572=AXIS2_PLACEMENT_3D('',#10828,#6415,#6416);
#5573=AXIS2_PLACEMENT_3D('',#10835,#6417,#6418);
#5574=AXIS2_PLACEMENT_3D('',#10842,#6419,#6420);
#5575=AXIS2_PLACEMENT_3D('',#10843,#6421,#6422);
#5576=AXIS2_PLACEMENT_3D('',#10850,#6423,#6424);
#5577=AXIS2_PLACEMENT_3D('',#10857,#6425,#6426);
#5578=AXIS2_PLACEMENT_3D('',#10858,#6427,#6428);
#5579=AXIS2_PLACEMENT_3D('',#10865,#6429,#6430);
#5580=AXIS2_PLACEMENT_3D('',#10872,#6431,#6432);
#5581=AXIS2_PLACEMENT_3D('',#10873,#6433,#6434);
#5582=AXIS2_PLACEMENT_3D('',#10880,#6435,#6436);
#5583=AXIS2_PLACEMENT_3D('',#10887,#6437,#6438);
#5584=AXIS2_PLACEMENT_3D('',#10888,#6439,#6440);
#5585=AXIS2_PLACEMENT_3D('',#10895,#6441,#6442);
#5586=AXIS2_PLACEMENT_3D('',#10902,#6443,#6444);
#5587=AXIS2_PLACEMENT_3D('',#10903,#6445,#6446);
#5588=AXIS2_PLACEMENT_3D('',#10910,#6447,#6448);
#5589=AXIS2_PLACEMENT_3D('',#10917,#6449,#6450);
#5590=AXIS2_PLACEMENT_3D('',#10918,#6451,#6452);
#5591=AXIS2_PLACEMENT_3D('',#10925,#6453,#6454);
#5592=AXIS2_PLACEMENT_3D('',#10932,#6455,#6456);
#5593=AXIS2_PLACEMENT_3D('',#10933,#6457,#6458);
#5594=AXIS2_PLACEMENT_3D('',#10940,#6459,#6460);
#5595=AXIS2_PLACEMENT_3D('',#10947,#6461,#6462);
#5596=AXIS2_PLACEMENT_3D('',#10948,#6463,#6464);
#5597=AXIS2_PLACEMENT_3D('',#10955,#6465,#6466);
#5598=AXIS2_PLACEMENT_3D('',#10962,#6467,#6468);
#5599=AXIS2_PLACEMENT_3D('',#10963,#6469,#6470);
#5600=AXIS2_PLACEMENT_3D('',#10970,#6471,#6472);
#5601=AXIS2_PLACEMENT_3D('',#10977,#6473,#6474);
#5602=AXIS2_PLACEMENT_3D('',#10978,#6475,#6476);
#5603=AXIS2_PLACEMENT_3D('',#10985,#6477,#6478);
#5604=AXIS2_PLACEMENT_3D('',#10992,#6479,#6480);
#5605=AXIS2_PLACEMENT_3D('',#10993,#6481,#6482);
#5606=AXIS2_PLACEMENT_3D('',#11000,#6483,#6484);
#5607=AXIS2_PLACEMENT_3D('',#11007,#6485,#6486);
#5608=AXIS2_PLACEMENT_3D('',#11008,#6487,#6488);
#5609=AXIS2_PLACEMENT_3D('',#11009,#6489,#6490);
#5610=AXIS2_PLACEMENT_3D('',#11016,#6491,#6492);
#5611=AXIS2_PLACEMENT_3D('',#11023,#6493,#6494);
#5612=AXIS2_PLACEMENT_3D('',#11024,#6495,#6496);
#5613=AXIS2_PLACEMENT_3D('',#11031,#6497,#6498);
#5614=AXIS2_PLACEMENT_3D('',#11038,#6499,#6500);
#5615=AXIS2_PLACEMENT_3D('',#11039,#6501,#6502);
#5616=AXIS2_PLACEMENT_3D('',#11049,#6503,#6504);
#5617=AXIS2_PLACEMENT_3D('',#11062,#6505,#6506);
#5618=AXIS2_PLACEMENT_3D('',#11063,#6507,#6508);
#5619=AXIS2_PLACEMENT_3D('',#11064,#6509,#6510);
#5620=AXIS2_PLACEMENT_3D('',#11071,#6511,#6512);
#5621=AXIS2_PLACEMENT_3D('',#11078,#6513,#6514);
#5622=AXIS2_PLACEMENT_3D('',#11079,#6515,#6516);
#5623=AXIS2_PLACEMENT_3D('',#11092,#6517,#6518);
#5624=AXIS2_PLACEMENT_3D('',#11102,#6519,#6520);
#5625=AXIS2_PLACEMENT_3D('',#11103,#6521,#6522);
#5626=AXIS2_PLACEMENT_3D('',#11110,#6523,#6524);
#5627=AXIS2_PLACEMENT_3D('',#11117,#6525,#6526);
#5628=AXIS2_PLACEMENT_3D('',#11118,#6527,#6528);
#5629=AXIS2_PLACEMENT_3D('',#11125,#6529,#6530);
#5630=AXIS2_PLACEMENT_3D('',#11132,#6531,#6532);
#5631=AXIS2_PLACEMENT_3D('',#11133,#6533,#6534);
#5632=AXIS2_PLACEMENT_3D('',#11134,#6535,#6536);
#5633=AXIS2_PLACEMENT_3D('',#11137,#6538,#6539);
#5634=AXIS2_PLACEMENT_3D('',#11138,#6540,#6541);
#5635=AXIS2_PLACEMENT_3D('',#11141,#6543,#6544);
#5636=AXIS2_PLACEMENT_3D('',#11142,#6545,#6546);
#5637=AXIS2_PLACEMENT_3D('',#11147,#6549,#6550);
#5638=AXIS2_PLACEMENT_3D('',#11148,#6551,#6552);
#5639=AXIS2_PLACEMENT_3D('',#11153,#6555,#6556);
#5640=AXIS2_PLACEMENT_3D('',#11154,#6557,#6558);
#5641=AXIS2_PLACEMENT_3D('',#11157,#6560,#6561);
#5642=AXIS2_PLACEMENT_3D('',#11164,#6563,#6564);
#5643=AXIS2_PLACEMENT_3D('',#11173,#6567,#6568);
#5644=AXIS2_PLACEMENT_3D('',#11180,#6570,#6571);
#5645=AXIS2_PLACEMENT_3D('',#11182,#6573,#6574);
#5646=AXIS2_PLACEMENT_3D('',#11185,#6577,#6578);
#5647=AXIS2_PLACEMENT_3D('',#11187,#6580,#6581);
#5648=AXIS2_PLACEMENT_3D('',#11189,#6583,#6584);
#5649=AXIS2_PLACEMENT_3D('',#11192,#6587,#6588);
#5650=AXIS2_PLACEMENT_3D('',#11194,#6590,#6591);
#5651=AXIS2_PLACEMENT_3D('',#11196,#6593,#6594);
#5652=AXIS2_PLACEMENT_3D('',#11199,#6597,#6598);
#5653=AXIS2_PLACEMENT_3D('',#11201,#6600,#6601);
#5654=AXIS2_PLACEMENT_3D('',#11215,#6604,#6605);
#5655=AXIS2_PLACEMENT_3D('',#11224,#6608,#6609);
#5656=AXIS2_PLACEMENT_3D('',#11231,#6611,#6612);
#5657=AXIS2_PLACEMENT_3D('',#11238,#6614,#6615);
#5658=AXIS2_PLACEMENT_3D('',#11247,#6618,#6619);
#5659=AXIS2_PLACEMENT_3D('',#11254,#6621,#6622);
#5660=AXIS2_PLACEMENT_3D('',#11256,#6624,#6625);
#5661=AXIS2_PLACEMENT_3D('',#11259,#6628,#6629);
#5662=AXIS2_PLACEMENT_3D('',#11261,#6631,#6632);
#5663=AXIS2_PLACEMENT_3D('',#11263,#6634,#6635);
#5664=AXIS2_PLACEMENT_3D('',#11266,#6638,#6639);
#5665=AXIS2_PLACEMENT_3D('',#11268,#6641,#6642);
#5666=AXIS2_PLACEMENT_3D('',#11270,#6644,#6645);
#5667=AXIS2_PLACEMENT_3D('',#11278,#6648,#6649);
#5668=AXIS2_PLACEMENT_3D('',#11285,#6651,#6652);
#5669=AXIS2_PLACEMENT_3D('',#11292,#6654,#6655);
#5670=AXIS2_PLACEMENT_3D('',#11301,#6658,#6659);
#5671=AXIS2_PLACEMENT_3D('',#11308,#6661,#6662);
#5672=AXIS2_PLACEMENT_3D('',#11310,#6664,#6665);
#5673=AXIS2_PLACEMENT_3D('',#11313,#6668,#6669);
#5674=AXIS2_PLACEMENT_3D('',#11315,#6671,#6672);
#5675=AXIS2_PLACEMENT_3D('',#11317,#6674,#6675);
#5676=AXIS2_PLACEMENT_3D('',#11320,#6678,#6679);
#5677=AXIS2_PLACEMENT_3D('',#11322,#6681,#6682);
#5678=AXIS2_PLACEMENT_3D('',#11324,#6684,#6685);
#5679=AXIS2_PLACEMENT_3D('',#11327,#6688,#6689);
#5680=AXIS2_PLACEMENT_3D('',#11329,#6691,#6692);
#5681=AXIS2_PLACEMENT_3D('',#11331,#6694,#6695);
#5682=AXIS2_PLACEMENT_3D('',#11334,#6698,#6699);
#5683=AXIS2_PLACEMENT_3D('',#11336,#6701,#6702);
#5684=AXIS2_PLACEMENT_3D('',#11343,#6704,#6705);
#5685=AXIS2_PLACEMENT_3D('',#11352,#6708,#6709);
#5686=AXIS2_PLACEMENT_3D('',#11359,#6711,#6712);
#5687=AXIS2_PLACEMENT_3D('',#11360,#6713,#6714);
#5688=AXIS2_PLACEMENT_3D('',#11363,#6716,#6717);
#5689=AXIS2_PLACEMENT_3D('',#11364,#6718,#6719);
#5690=AXIS2_PLACEMENT_3D('',#11369,#6722,#6723);
#5691=AXIS2_PLACEMENT_3D('',#11370,#6724,#6725);
#5692=AXIS2_PLACEMENT_3D('',#11373,#6727,#6728);
#5693=AXIS2_PLACEMENT_3D('',#11374,#6729,#6730);
#5694=AXIS2_PLACEMENT_3D('',#11763,#6732,#6733);
#5695=AXIS2_PLACEMENT_3D('',#11766,#6736,#6737);
#5696=AXIS2_PLACEMENT_3D('',#11769,#6740,#6741);
#5697=AXIS2_PLACEMENT_3D('',#11772,#6744,#6745);
#5698=AXIS2_PLACEMENT_3D('',#11775,#6748,#6749);
#5699=AXIS2_PLACEMENT_3D('',#11776,#6750,#6751);
#5700=AXIS2_PLACEMENT_3D('',#11777,#6752,#6753);
#5701=AXIS2_PLACEMENT_3D('',#11778,#6754,#6755);
#5702=DIRECTION('',(0.,0.,1.));
#5703=DIRECTION('',(1.,0.,0.));
#5704=DIRECTION('',(-1.21430643318376E-16,-1.22464679914735E-16,1.));
#5705=DIRECTION('',(0.,-1.,-1.22464679914735E-16));
#5706=DIRECTION('',(-1.21430643318376E-16,-1.22464679914735E-16,1.));
#5707=DIRECTION('',(0.,-1.,-1.22464679914735E-16));
#5708=DIRECTION('',(1.,-1.48709648658254E-32,1.21430643318376E-16));
#5709=DIRECTION('',(-1.21430643318376E-16,-1.22464679914735E-16,1.));
#5710=DIRECTION('',(0.,-1.,-1.22464679914735E-16));
#5711=DIRECTION('',(1.,-1.48709648658254E-32,1.21430643318376E-16));
#5712=DIRECTION('',(1.21430643318376E-16,1.22464679914735E-16,-1.));
#5713=DIRECTION('',(0.,1.,1.22464679914735E-16));
#5714=DIRECTION('',(-1.21430643318376E-16,-1.22464679914735E-16,1.));
#5715=DIRECTION('',(0.,-1.,-1.22464679914735E-16));
#5716=DIRECTION('',(-1.21430643318376E-16,-1.22464679914735E-16,1.));
#5717=DIRECTION('',(0.,-1.,-1.22464679914735E-16));
#5718=DIRECTION('',(-1.21430643318376E-16,-1.22464679914735E-16,1.));
#5719=DIRECTION('',(0.,-1.,-1.22464679914735E-16));
#5720=DIRECTION('',(1.21430643318376E-16,1.22464679914735E-16,-1.));
#5721=DIRECTION('',(0.,1.,1.22464679914735E-16));
#5722=DIRECTION('',(-1.21430643318376E-16,-1.22464679914735E-16,1.));
#5723=DIRECTION('',(0.,-1.,-1.22464679914735E-16));
#5724=DIRECTION('',(-1.21430643318376E-16,-1.22464679914735E-16,1.));
#5725=DIRECTION('',(0.,-1.,-1.22464679914735E-16));
#5726=DIRECTION('',(-1.21430643318376E-16,-1.22464679914735E-16,1.));
#5727=DIRECTION('',(0.,-1.,-1.22464679914735E-16));
#5728=DIRECTION('',(1.21430643318376E-16,1.22464679914735E-16,-1.));
#5729=DIRECTION('',(0.,1.,1.22464679914735E-16));
#5730=DIRECTION('',(-1.21430643318376E-16,-1.22464679914735E-16,1.));
#5731=DIRECTION('',(0.,-1.,-1.22464679914735E-16));
#5732=DIRECTION('',(-1.23599047663347E-16,-1.22464679914735E-16,1.));
#5733=DIRECTION('',(1.,0.,1.23599047663347E-16));
#5734=DIRECTION('',(1.23599047663347E-16,1.22464679914735E-16,-1.));
#5735=DIRECTION('',(-1.,0.,-1.23599047663347E-16));
#5736=DIRECTION('',(1.,-1.5136517809858E-32,1.23599047663347E-16));
#5737=DIRECTION('',(-1.23599047663347E-16,-1.22464679914735E-16,1.));
#5738=DIRECTION('',(1.,0.,1.23599047663347E-16));
#5739=DIRECTION('',(1.,-1.5136517809858E-32,1.23599047663347E-16));
#5740=DIRECTION('',(1.23599047663347E-16,1.22464679914735E-16,-1.));
#5741=DIRECTION('',(-1.,0.,-1.23599047663347E-16));
#5742=DIRECTION('',(-1.23599047663347E-16,-1.22464679914735E-16,1.));
#5743=DIRECTION('',(1.,0.,1.23599047663347E-16));
#5744=DIRECTION('',(-1.23599047663347E-16,-1.22464679914735E-16,1.));
#5745=DIRECTION('',(1.,0.,1.23599047663347E-16));
#5746=DIRECTION('',(-1.23599047663347E-16,-1.22464679914735E-16,1.));
#5747=DIRECTION('',(1.,0.,1.23599047663347E-16));
#5748=DIRECTION('',(1.23599047663347E-16,1.22464679914735E-16,-1.));
#5749=DIRECTION('',(-1.,0.,-1.23599047663347E-16));
#5750=DIRECTION('',(-1.23599047663347E-16,-1.22464679914735E-16,1.));
#5751=DIRECTION('',(1.,0.,1.23599047663347E-16));
#5752=DIRECTION('',(-1.23599047663347E-16,-1.22464679914735E-16,1.));
#5753=DIRECTION('',(1.,0.,1.23599047663347E-16));
#5754=DIRECTION('',(-1.23599047663347E-16,-1.22464679914735E-16,1.));
#5755=DIRECTION('',(1.,0.,1.23599047663347E-16));
#5756=DIRECTION('',(1.23599047663347E-16,1.22464679914735E-16,-1.));
#5757=DIRECTION('',(-1.,0.,-1.23599047663347E-16));
#5758=DIRECTION('',(-1.23599047663347E-16,-1.22464679914735E-16,1.));
#5759=DIRECTION('',(1.,0.,1.23599047663347E-16));
#5760=DIRECTION('',(-1.23599047663347E-16,-1.22464679914735E-16,1.));
#5761=DIRECTION('',(1.,0.,1.23599047663347E-16));
#5762=DIRECTION('',(-1.23599047663347E-16,-1.22464679914735E-16,1.));
#5763=DIRECTION('',(1.,0.,1.23599047663347E-16));
#5764=DIRECTION('',(6.72575898208706E-17,-4.88461341721336E-17,-1.));
#5765=DIRECTION('',(0.997849131331045,-0.0655523539003724,7.03149066520922E-17));
#5766=DIRECTION('',(-6.72575898208706E-17,4.88461341721336E-17,1.));
#5767=DIRECTION('',(-0.997849131331045,0.0655523539003724,-7.03149066520922E-17));
#5768=DIRECTION('',(6.72575898208706E-17,-4.88461341721336E-17,-1.));
#5769=DIRECTION('',(0.997849131331045,-0.0655523539003724,7.03149066520922E-17));
#5770=DIRECTION('',(-6.72575898208706E-17,4.88461341721336E-17,1.));
#5771=DIRECTION('',(-0.997849131331046,0.0655523539003573,-7.03149066520916E-17));
#5772=DIRECTION('',(6.72575898208706E-17,-4.88461341721336E-17,-1.));
#5773=DIRECTION('',(0.997849131331045,-0.0655523539003724,7.03149066520922E-17));
#5774=DIRECTION('',(-6.72575898208706E-17,4.88461341721336E-17,1.));
#5775=DIRECTION('',(-0.997849131331045,0.0655523539003724,-7.03149066520922E-17));
#5776=DIRECTION('',(6.72575898208706E-17,-4.88461341721336E-17,-1.));
#5777=DIRECTION('',(0.997849131331045,-0.0655523539003724,7.03149066520922E-17));
#5778=DIRECTION('',(1.23599047663347E-16,1.22464679914735E-16,-1.));
#5779=DIRECTION('',(-1.,0.,-1.23599047663347E-16));
#5780=DIRECTION('',(-6.72575898208706E-17,4.88461341721336E-17,1.));
#5781=DIRECTION('',(-0.997849131331045,0.0655523539003733,-7.03149066520923E-17));
#5782=DIRECTION('',(6.72575898208706E-17,-4.88461341721336E-17,-1.));
#5783=DIRECTION('',(0.997849131331045,-0.0655523539003724,7.03149066520922E-17));
#5784=DIRECTION('',(1.23599047663347E-16,1.22464679914735E-16,-1.));
#5785=DIRECTION('',(-1.,0.,-1.23599047663347E-16));
#5786=DIRECTION('',(-6.72575898208706E-17,4.88461341721336E-17,1.));
#5787=DIRECTION('',(-0.997849131331045,0.0655523539003724,-7.03149066520922E-17));
#5788=DIRECTION('',(6.72575898208706E-17,-4.88461341721336E-17,-1.));
#5789=DIRECTION('',(0.997849131331045,-0.0655523539003724,7.03149066520922E-17));
#5790=DIRECTION('',(1.23599047663347E-16,1.22464679914735E-16,-1.));
#5791=DIRECTION('',(-1.,0.,-1.23599047663347E-16));
#5792=DIRECTION('',(-6.72575898208706E-17,4.88461341721336E-17,1.));
#5793=DIRECTION('',(-0.997849131331041,0.0655523539004247,-7.03149066520946E-17));
#5794=DIRECTION('',(6.72575898208706E-17,-4.88461341721336E-17,-1.));
#5795=DIRECTION('',(0.997849131331045,-0.0655523539003724,7.03149066520922E-17));
#5796=DIRECTION('',(-6.72575898208706E-17,4.88461341721336E-17,1.));
#5797=DIRECTION('',(-0.997849131331042,0.0655523539004061,-7.03149066520937E-17));
#5798=DIRECTION('',(6.72575898208706E-17,-4.88461341721336E-17,-1.));
#5799=DIRECTION('',(0.997849131331045,-0.0655523539003724,7.03149066520922E-17));
#5800=DIRECTION('',(-6.72575898208706E-17,4.88461341721336E-17,1.));
#5801=DIRECTION('',(-0.997849131331045,0.0655523539003724,-7.03149066520922E-17));
#5802=DIRECTION('',(6.72575898208706E-17,-4.88461341721336E-17,-1.));
#5803=DIRECTION('',(0.997849131331045,-0.0655523539003724,7.03149066520922E-17));
#5804=DIRECTION('',(-6.72575898208706E-17,4.88461341721336E-17,1.));
#5805=DIRECTION('',(-0.997849131331045,0.0655523539003724,-7.03149066520922E-17));
#5806=DIRECTION('',(6.72575898208706E-17,-4.88461341721336E-17,-1.));
#5807=DIRECTION('',(0.997849131331045,-0.0655523539003724,7.03149066520922E-17));
#5808=DIRECTION('',(-6.72575898208706E-17,4.88461341721336E-17,1.));
#5809=DIRECTION('',(0.997849131331045,-0.0655523539003724,7.03149066520922E-17));
#5810=DIRECTION('',(-1.23599047663347E-16,-1.22464679914735E-16,1.));
#5811=DIRECTION('',(1.,0.,1.23599047663347E-16));
#5812=DIRECTION('',(6.72575898208706E-17,-4.88461341721336E-17,-1.));
#5813=DIRECTION('',(-6.72575898208706E-17,4.88461341721336E-17,1.));
#5814=DIRECTION('',(6.72575898208706E-17,-4.88461341721336E-17,-1.));
#5815=DIRECTION('',(6.72575898208706E-17,-4.88461341721336E-17,-1.));
#5816=DIRECTION('',(6.72575898208706E-17,-4.88461341721336E-17,-1.));
#5817=DIRECTION('',(6.72575898208706E-17,-4.88461341721336E-17,-1.));
#5818=DIRECTION('',(6.72575898208706E-17,-4.88461341721336E-17,-1.));
#5819=DIRECTION('',(-6.72575898208706E-17,4.88461341721336E-17,1.));
#5820=DIRECTION('',(6.72575898208706E-17,-4.88461341721336E-17,-1.));
#5821=DIRECTION('',(-6.72575898208706E-17,4.88461341721336E-17,1.));
#5822=DIRECTION('',(6.72575898208706E-17,-4.88461341721336E-17,-1.));
#5823=DIRECTION('',(6.72575898208706E-17,-4.88461341721336E-17,-1.));
#5824=DIRECTION('',(6.72575898208706E-17,-4.88461341721336E-17,-1.));
#5825=DIRECTION('',(6.72575898208706E-17,-4.88461341721336E-17,-1.));
#5826=DIRECTION('',(6.72575898208706E-17,-4.88461341721336E-17,-1.));
#5827=DIRECTION('',(-6.72575898208706E-17,4.88461341721336E-17,1.));
#5828=DIRECTION('',(6.72575898208706E-17,-4.88461341721336E-17,-1.));
#5829=DIRECTION('',(6.72575898208706E-17,-4.88461341721336E-17,-1.));
#5830=DIRECTION('',(6.72575898208706E-17,-4.88461341721336E-17,-1.));
#5831=DIRECTION('',(-6.72575898208706E-17,4.88461341721336E-17,1.));
#5832=DIRECTION('',(6.72575898208706E-17,-4.88461341721336E-17,-1.));
#5833=DIRECTION('',(6.72575898208706E-17,-4.88461341721336E-17,-1.));
#5834=DIRECTION('',(6.72575898208706E-17,-4.88461341721336E-17,-1.));
#5835=DIRECTION('',(-6.72575898208706E-17,4.88461341721336E-17,1.));
#5836=DIRECTION('',(6.72575898208706E-17,-4.88461341721336E-17,-1.));
#5837=DIRECTION('',(6.72575898208706E-17,-4.88461341721336E-17,-1.));
#5838=DIRECTION('',(6.72575898208706E-17,-4.88461341721336E-17,-1.));
#5839=DIRECTION('',(-6.72575898208706E-17,4.88461341721336E-17,1.));
#5840=DIRECTION('',(6.72575898208706E-17,-4.88461341721336E-17,-1.));
#5841=DIRECTION('',(6.72575898208706E-17,-4.88461341721336E-17,-1.));
#5842=DIRECTION('',(6.72575898208706E-17,-4.88461341721336E-17,-1.));
#5843=DIRECTION('',(-6.72575898208706E-17,4.88461341721336E-17,1.));
#5844=DIRECTION('',(6.72575898208706E-17,-4.88461341721336E-17,-1.));
#5845=DIRECTION('',(6.72575898208706E-17,-4.88461341721336E-17,-1.));
#5846=DIRECTION('',(6.72575898208706E-17,-4.88461341721336E-17,-1.));
#5847=DIRECTION('',(6.72575898208706E-17,-4.88461341721336E-17,-1.));
#5848=DIRECTION('',(6.72575898208706E-17,-4.88461341721336E-17,-1.));
#5849=DIRECTION('',(-6.72575898208706E-17,4.88461341721336E-17,1.));
#5850=DIRECTION('',(6.72575898208706E-17,-4.88461341721336E-17,-1.));
#5851=DIRECTION('',(6.72575898208706E-17,-4.88461341721336E-17,-1.));
#5852=DIRECTION('',(6.72575898208706E-17,-4.88461341721336E-17,-1.));
#5853=DIRECTION('',(-6.72575898208706E-17,4.88461341721336E-17,1.));
#5854=DIRECTION('',(6.72575898208706E-17,-4.88461341721336E-17,-1.));
#5855=DIRECTION('',(0.0655523539003724,0.997849131331045,-4.43321792221194E-17));
#5856=DIRECTION('',(6.72575898208706E-17,-4.88461341721336E-17,-1.));
#5857=DIRECTION('',(-6.72575898208706E-17,4.88461341721336E-17,1.));
#5858=DIRECTION('',(0.997849131331045,-0.0655523539003724,7.03149066520922E-17));
#5859=DIRECTION('',(6.72575898208706E-17,-4.88461341721336E-17,-1.));
#5860=DIRECTION('',(0.0655523539003724,0.997849131331045,-4.43321792221194E-17));
#5861=DIRECTION('',(6.72575898208706E-17,-4.88461341721336E-17,-1.));
#5862=DIRECTION('',(-6.72575898208706E-17,4.88461341721336E-17,1.));
#5863=DIRECTION('',(0.997849131331045,-0.0655523539003724,7.03149066520922E-17));
#5864=DIRECTION('',(6.72575898208706E-17,-4.88461341721336E-17,-1.));
#5865=DIRECTION('',(0.0655523539003724,0.997849131331045,-4.43321792221194E-17));
#5866=DIRECTION('',(6.72575898208706E-17,-4.88461341721336E-17,-1.));
#5867=DIRECTION('',(6.72575898208706E-17,-4.88461341721336E-17,-1.));
#5868=DIRECTION('',(-6.72575898208706E-17,4.88461341721336E-17,1.));
#5869=DIRECTION('',(0.997849131331045,-0.0655523539003724,7.03149066520922E-17));
#5870=DIRECTION('',(6.72575898208706E-17,-4.88461341721336E-17,-1.));
#5871=DIRECTION('',(0.0655523539003724,0.997849131331045,-4.43321792221194E-17));
#5872=DIRECTION('',(6.72575898208706E-17,-4.88461341721336E-17,-1.));
#5873=DIRECTION('',(6.72575898208706E-17,-4.88461341721336E-17,-1.));
#5874=DIRECTION('',(-6.72575898208706E-17,4.88461341721336E-17,1.));
#5875=DIRECTION('',(0.997849131331045,-0.0655523539003724,7.03149066520922E-17));
#5876=DIRECTION('',(6.72575898208706E-17,-4.88461341721336E-17,-1.));
#5877=DIRECTION('',(0.0655523539003724,0.997849131331045,-4.43321792221194E-17));
#5878=DIRECTION('',(6.72575898208706E-17,-4.88461341721336E-17,-1.));
#5879=DIRECTION('',(-6.72575898208706E-17,4.88461341721336E-17,1.));
#5880=DIRECTION('',(0.997849131331045,-0.0655523539003724,7.03149066520922E-17));
#5881=DIRECTION('',(6.72575898208706E-17,-4.88461341721336E-17,-1.));
#5882=DIRECTION('',(0.0655523539003724,0.997849131331045,-4.43321792221194E-17));
#5883=DIRECTION('',(6.72575898208706E-17,-4.88461341721336E-17,-1.));
#5884=DIRECTION('',(-6.72575898208706E-17,4.88461341721336E-17,1.));
#5885=DIRECTION('',(0.997849131331045,-0.0655523539003724,7.03149066520922E-17));
#5886=DIRECTION('',(6.72575898208706E-17,-4.88461341721336E-17,-1.));
#5887=DIRECTION('',(0.0655523539003724,0.997849131331045,-4.43321792221194E-17));
#5888=DIRECTION('',(6.72575898208706E-17,-4.88461341721336E-17,-1.));
#5889=DIRECTION('',(6.72575898208706E-17,-4.88461341721336E-17,-1.));
#5890=DIRECTION('',(-6.72575898208706E-17,4.88461341721336E-17,1.));
#5891=DIRECTION('',(0.997849131331045,-0.0655523539003724,7.03149066520922E-17));
#5892=DIRECTION('',(6.72575898208706E-17,-4.88461341721336E-17,-1.));
#5893=DIRECTION('',(0.0655523539003724,0.997849131331045,-4.43321792221194E-17));
#5894=DIRECTION('',(6.72575898208706E-17,-4.88461341721336E-17,-1.));
#5895=DIRECTION('',(-6.72575898208706E-17,4.88461341721336E-17,1.));
#5896=DIRECTION('',(0.997849131331045,-0.0655523539003724,7.03149066520922E-17));
#5897=DIRECTION('',(6.72575898208706E-17,-4.88461341721336E-17,-1.));
#5898=DIRECTION('',(0.0655523539003724,0.997849131331045,-4.43321792221194E-17));
#5899=DIRECTION('',(6.72575898208706E-17,-4.88461341721336E-17,-1.));
#5900=DIRECTION('',(6.72575898208706E-17,-4.88461341721336E-17,-1.));
#5901=DIRECTION('',(-6.72575898208706E-17,4.88461341721336E-17,1.));
#5902=DIRECTION('',(0.997849131331045,-0.0655523539003724,7.03149066520922E-17));
#5903=DIRECTION('',(6.72575898208706E-17,-4.88461341721336E-17,-1.));
#5904=DIRECTION('',(0.0655523539003724,0.997849131331045,-4.43321792221194E-17));
#5905=DIRECTION('',(6.72575898208706E-17,-4.88461341721336E-17,-1.));
#5906=DIRECTION('',(-6.72575898208706E-17,4.88461341721336E-17,1.));
#5907=DIRECTION('',(0.997849131331045,-0.0655523539003724,7.03149066520922E-17));
#5908=DIRECTION('',(6.72575898208706E-17,-4.88461341721336E-17,-1.));
#5909=DIRECTION('',(0.0655523539003724,0.997849131331045,-4.43321792221194E-17));
#5910=DIRECTION('',(6.72575898208706E-17,-4.88461341721336E-17,-1.));
#5911=DIRECTION('',(-6.72575898208706E-17,4.88461341721336E-17,1.));
#5912=DIRECTION('',(0.997849131331045,-0.0655523539003724,7.03149066520922E-17));
#5913=DIRECTION('',(6.72575898208706E-17,-4.88461341721336E-17,-1.));
#5914=DIRECTION('',(0.0655523539003724,0.997849131331045,-4.43321792221194E-17));
#5915=DIRECTION('',(6.72575898208706E-17,-4.88461341721336E-17,-1.));
#5916=DIRECTION('',(6.72575898208706E-17,-4.88461341721336E-17,-1.));
#5917=DIRECTION('',(-6.72575898208706E-17,4.88461341721336E-17,1.));
#5918=DIRECTION('',(0.997849131331045,-0.0655523539003724,7.03149066520922E-17));
#5919=DIRECTION('',(6.72575898208706E-17,-4.88461341721336E-17,-1.));
#5920=DIRECTION('',(0.0655523539003724,0.997849131331045,-4.43321792221194E-17));
#5921=DIRECTION('',(6.72575898208706E-17,-4.88461341721336E-17,-1.));
#5922=DIRECTION('',(-6.72575898208706E-17,4.88461341721336E-17,1.));
#5923=DIRECTION('',(0.997849131331045,-0.0655523539003724,7.03149066520922E-17));
#5924=DIRECTION('',(6.72575898208706E-17,-4.88461341721336E-17,-1.));
#5925=DIRECTION('',(0.0655523539003724,0.997849131331045,-4.43321792221194E-17));
#5926=DIRECTION('',(-1.23599047663347E-16,-1.22464679914735E-16,1.));
#5927=DIRECTION('',(1.,0.,1.23599047663347E-16));
#5928=DIRECTION('',(6.72575898208706E-17,-4.88461341721336E-17,-1.));
#5929=DIRECTION('',(-6.72575898208706E-17,4.88461341721336E-17,1.));
#5930=DIRECTION('',(0.997849131331045,-0.0655523539003724,7.03149066520922E-17));
#5931=DIRECTION('',(6.72575898208706E-17,-4.88461341721336E-17,-1.));
#5932=DIRECTION('',(0.0655523539003724,0.997849131331045,-4.43321792221194E-17));
#5933=DIRECTION('',(6.72575898208706E-17,-4.88461341721336E-17,-1.));
#5934=DIRECTION('',(-1.23599047663347E-16,-1.22464679914735E-16,1.));
#5935=DIRECTION('',(1.,0.,1.23599047663347E-16));
#5936=DIRECTION('',(6.72575898208706E-17,-4.88461341721336E-17,-1.));
#5937=DIRECTION('',(-6.72575898208706E-17,4.88461341721336E-17,1.));
#5938=DIRECTION('',(0.997849131331045,-0.0655523539003724,7.03149066520922E-17));
#5939=DIRECTION('',(6.72575898208706E-17,-4.88461341721336E-17,-1.));
#5940=DIRECTION('',(0.0655523539003724,0.997849131331045,-4.43321792221194E-17));
#5941=DIRECTION('',(6.72575898208706E-17,-4.88461341721336E-17,-1.));
#5942=DIRECTION('',(-1.23599047663347E-16,-1.22464679914735E-16,1.));
#5943=DIRECTION('',(1.,0.,1.23599047663347E-16));
#5944=DIRECTION('',(-6.72575898208706E-17,4.88461341721336E-17,1.));
#5945=DIRECTION('',(0.997849131331045,-0.0655523539003724,7.03149066520922E-17));
#5946=DIRECTION('',(6.72575898208706E-17,-4.88461341721336E-17,-1.));
#5947=DIRECTION('',(0.0655523539003724,0.997849131331045,-4.43321792221194E-17));
#5948=DIRECTION('',(-1.23599047663347E-16,-1.22464679914735E-16,1.));
#5949=DIRECTION('',(1.,0.,1.23599047663347E-16));
#5950=DIRECTION('',(6.72575898208706E-17,-4.88461341721336E-17,-1.));
#5951=DIRECTION('',(-6.72575898208706E-17,4.88461341721336E-17,1.));
#5952=DIRECTION('',(0.997849131331045,-0.0655523539003724,7.03149066520922E-17));
#5953=DIRECTION('',(6.72575898208706E-17,-4.88461341721336E-17,-1.));
#5954=DIRECTION('',(0.0655523539003724,0.997849131331045,-4.43321792221194E-17));
#5955=DIRECTION('',(6.72575898208706E-17,-4.88461341721336E-17,-1.));
#5956=DIRECTION('',(-1.23599047663347E-16,-1.22464679914735E-16,1.));
#5957=DIRECTION('',(1.,0.,1.23599047663347E-16));
#5958=DIRECTION('',(6.72575898208706E-17,-4.88461341721336E-17,-1.));
#5959=DIRECTION('',(-6.72575898208706E-17,4.88461341721336E-17,1.));
#5960=DIRECTION('',(0.997849131331045,-0.0655523539003724,7.03149066520922E-17));
#5961=DIRECTION('',(6.72575898208706E-17,-4.88461341721336E-17,-1.));
#5962=DIRECTION('',(0.0655523539003724,0.997849131331045,-4.43321792221194E-17));
#5963=DIRECTION('',(6.72575898208706E-17,-4.88461341721336E-17,-1.));
#5964=DIRECTION('',(-1.23599047663347E-16,-1.22464679914735E-16,1.));
#5965=DIRECTION('',(1.,0.,1.23599047663347E-16));
#5966=DIRECTION('',(-6.72575898208706E-17,4.88461341721336E-17,1.));
#5967=DIRECTION('',(0.997849131331045,-0.0655523539003724,7.03149066520922E-17));
#5968=DIRECTION('',(6.72575898208706E-17,-4.88461341721336E-17,-1.));
#5969=DIRECTION('',(0.0655523539003724,0.997849131331045,-4.43321792221194E-17));
#5970=DIRECTION('',(-1.23599047663347E-16,-1.22464679914735E-16,1.));
#5971=DIRECTION('',(1.,0.,1.23599047663347E-16));
#5972=DIRECTION('',(6.72575898208706E-17,-4.88461341721336E-17,-1.));
#5973=DIRECTION('',(-6.72575898208706E-17,4.88461341721336E-17,1.));
#5974=DIRECTION('',(0.997849131331045,-0.0655523539003724,7.03149066520922E-17));
#5975=DIRECTION('',(6.72575898208706E-17,-4.88461341721336E-17,-1.));
#5976=DIRECTION('',(0.0655523539003724,0.997849131331045,-4.43321792221194E-17));
#5977=DIRECTION('',(6.72575898208706E-17,-4.88461341721336E-17,-1.));
#5978=DIRECTION('',(-1.23599047663347E-16,-1.22464679914735E-16,1.));
#5979=DIRECTION('',(1.,0.,1.23599047663347E-16));
#5980=DIRECTION('',(6.72575898208706E-17,-4.88461341721336E-17,-1.));
#5981=DIRECTION('',(-6.72575898208706E-17,4.88461341721336E-17,1.));
#5982=DIRECTION('',(0.997849131331045,-0.0655523539003724,7.03149066520922E-17));
#5983=DIRECTION('',(6.72575898208706E-17,-4.88461341721336E-17,-1.));
#5984=DIRECTION('',(0.0655523539003724,0.997849131331045,-4.43321792221194E-17));
#5985=DIRECTION('',(6.72575898208706E-17,-4.88461341721336E-17,-1.));
#5986=DIRECTION('',(-6.72575898208706E-17,4.88461341721336E-17,1.));
#5987=DIRECTION('',(0.997849131331045,-0.0655523539003724,7.03149066520922E-17));
#5988=DIRECTION('',(6.72575898208706E-17,-4.88461341721336E-17,-1.));
#5989=DIRECTION('',(0.0655523539003724,0.997849131331045,-4.43321792221194E-17));
#5990=DIRECTION('',(6.72575898208706E-17,-4.88461341721336E-17,-1.));
#5991=DIRECTION('',(-6.72575898208706E-17,4.88461341721336E-17,1.));
#5992=DIRECTION('',(0.997849131331045,-0.0655523539003724,7.03149066520922E-17));
#5993=DIRECTION('',(6.72575898208706E-17,-4.88461341721336E-17,-1.));
#5994=DIRECTION('',(0.0655523539003724,0.997849131331045,-4.43321792221194E-17));
#5995=DIRECTION('',(6.72575898208706E-17,-4.88461341721336E-17,-1.));
#5996=DIRECTION('',(6.72575898208706E-17,-4.88461341721336E-17,-1.));
#5997=DIRECTION('',(-6.72575898208706E-17,4.88461341721336E-17,1.));
#5998=DIRECTION('',(0.997849131331045,-0.0655523539003724,7.03149066520922E-17));
#5999=DIRECTION('',(6.72575898208706E-17,-4.88461341721336E-17,-1.));
#6000=DIRECTION('',(0.0655523539003724,0.997849131331045,-4.43321792221194E-17));
#6001=DIRECTION('',(6.72575898208706E-17,-4.88461341721336E-17,-1.));
#6002=DIRECTION('',(-6.72575898208706E-17,4.88461341721336E-17,1.));
#6003=DIRECTION('',(0.997849131331045,-0.0655523539003724,7.03149066520922E-17));
#6004=DIRECTION('',(6.72575898208706E-17,-4.88461341721336E-17,-1.));
#6005=DIRECTION('',(0.0655523539003724,0.997849131331045,-4.43321792221194E-17));
#6006=DIRECTION('',(6.72575898208706E-17,-4.88461341721336E-17,-1.));
#6007=DIRECTION('',(-6.72575898208706E-17,4.88461341721336E-17,1.));
#6008=DIRECTION('',(0.997849131331045,-0.0655523539003724,7.03149066520922E-17));
#6009=DIRECTION('',(6.72575898208706E-17,-4.88461341721336E-17,-1.));
#6010=DIRECTION('',(0.0655523539003724,0.997849131331045,-4.43321792221194E-17));
#6011=DIRECTION('',(6.72575898208706E-17,-4.88461341721336E-17,-1.));
#6012=DIRECTION('',(6.72575898208706E-17,-4.88461341721336E-17,-1.));
#6013=DIRECTION('',(-6.72575898208706E-17,4.88461341721336E-17,1.));
#6014=DIRECTION('',(0.997849131331045,-0.0655523539003724,7.03149066520922E-17));
#6015=DIRECTION('',(6.72575898208706E-17,-4.88461341721336E-17,-1.));
#6016=DIRECTION('',(0.0655523539003724,0.997849131331045,-4.43321792221194E-17));
#6017=DIRECTION('',(6.72575898208706E-17,-4.88461341721336E-17,-1.));
#6018=DIRECTION('',(-6.72575898208706E-17,4.88461341721336E-17,1.));
#6019=DIRECTION('',(0.997849131331045,-0.0655523539003724,7.03149066520922E-17));
#6020=DIRECTION('',(6.72575898208706E-17,-4.88461341721336E-17,-1.));
#6021=DIRECTION('',(0.0655523539003724,0.997849131331045,-4.43321792221194E-17));
#6022=DIRECTION('',(6.72575898208706E-17,-4.88461341721336E-17,-1.));
#6023=DIRECTION('',(-6.72575898208706E-17,4.88461341721336E-17,1.));
#6024=DIRECTION('',(0.997849131331045,-0.0655523539003724,7.03149066520922E-17));
#6025=DIRECTION('',(6.72575898208706E-17,-4.88461341721336E-17,-1.));
#6026=DIRECTION('',(0.0655523539003724,0.997849131331045,-4.43321792221194E-17));
#6027=DIRECTION('',(6.72575898208706E-17,-4.88461341721336E-17,-1.));
#6028=DIRECTION('',(6.72575898208706E-17,-4.88461341721336E-17,-1.));
#6029=DIRECTION('',(-6.72575898208706E-17,4.88461341721336E-17,1.));
#6030=DIRECTION('',(0.997849131331045,-0.0655523539003724,7.03149066520922E-17));
#6031=DIRECTION('',(6.72575898208706E-17,-4.88461341721336E-17,-1.));
#6032=DIRECTION('',(0.0655523539003724,0.997849131331045,-4.43321792221194E-17));
#6033=DIRECTION('',(6.72575898208706E-17,-4.88461341721336E-17,-1.));
#6034=DIRECTION('',(-6.72575898208706E-17,4.88461341721336E-17,1.));
#6035=DIRECTION('',(0.997849131331045,-0.0655523539003724,7.03149066520922E-17));
#6036=DIRECTION('',(6.72575898208706E-17,-4.88461341721336E-17,-1.));
#6037=DIRECTION('',(0.0655523539003724,0.997849131331045,-4.43321792221194E-17));
#6038=DIRECTION('',(6.72575898208706E-17,-4.88461341721336E-17,-1.));
#6039=DIRECTION('',(-6.72575898208706E-17,4.88461341721336E-17,1.));
#6040=DIRECTION('',(0.997849131331045,-0.0655523539003724,7.03149066520922E-17));
#6041=DIRECTION('',(6.72575898208706E-17,-4.88461341721336E-17,-1.));
#6042=DIRECTION('',(6.72575898208706E-17,-4.88461341721336E-17,-1.));
#6043=DIRECTION('',(0.997849131331045,-0.0655523539003724,7.03149066520922E-17));
#6044=DIRECTION('',(1.21430643318376E-16,1.22464679914735E-16,-1.));
#6045=DIRECTION('',(0.,1.,1.22464679914735E-16));
#6046=DIRECTION('',(6.72575898208706E-17,-4.88461341721336E-17,-1.));
#6047=DIRECTION('',(0.997849131331045,-0.0655523539003724,7.03149066520922E-17));
#6048=DIRECTION('',(6.72575898208706E-17,-4.88461341721336E-17,-1.));
#6049=DIRECTION('',(0.997849131331045,-0.0655523539003724,7.03149066520922E-17));
#6050=DIRECTION('',(1.21430643318376E-16,1.22464679914735E-16,-1.));
#6051=DIRECTION('',(0.,1.,1.22464679914735E-16));
#6052=DIRECTION('',(6.72575898208706E-17,-4.88461341721336E-17,-1.));
#6053=DIRECTION('',(0.997849131331045,-0.0655523539003715,7.03149066520922E-17));
#6054=DIRECTION('',(6.72575898208706E-17,-4.88461341721336E-17,-1.));
#6055=DIRECTION('',(0.997849131331045,-0.0655523539003724,7.03149066520922E-17));
#6056=DIRECTION('',(6.72575898208706E-17,-4.88461341721336E-17,-1.));
#6057=DIRECTION('',(0.997849131331044,-0.0655523539003751,7.03149066520924E-17));
#6058=DIRECTION('',(-6.72575898208706E-17,4.88461341721336E-17,1.));
#6059=DIRECTION('',(-0.997849131331045,0.0655523539003724,-7.03149066520922E-17));
#6060=DIRECTION('',(6.72575898208706E-17,-4.88461341721336E-17,-1.));
#6061=DIRECTION('',(0.997849131331045,-0.0655523539003724,7.03149066520922E-17));
#6062=DIRECTION('',(-6.72575898208706E-17,4.88461341721336E-17,1.));
#6063=DIRECTION('',(-0.997849131331045,0.0655523539003724,-7.03149066520922E-17));
#6064=DIRECTION('',(6.72575898208706E-17,-4.88461341721336E-17,-1.));
#6065=DIRECTION('',(0.997849131331045,-0.0655523539003724,7.03149066520922E-17));
#6066=DIRECTION('',(6.72575898208706E-17,-4.88461341721336E-17,-1.));
#6067=DIRECTION('',(0.997849131331045,-0.0655523539003724,7.03149066520922E-17));
#6068=DIRECTION('',(-6.72575898208706E-17,4.88461341721336E-17,1.));
#6069=DIRECTION('',(-0.997849131331045,0.0655523539003724,-7.03149066520922E-17));
#6070=DIRECTION('',(6.72575898208706E-17,-4.88461341721336E-17,-1.));
#6071=DIRECTION('',(0.997849131331045,-0.0655523539003724,7.03149066520922E-17));
#6072=DIRECTION('',(6.72575898208706E-17,-4.88461341721336E-17,-1.));
#6073=DIRECTION('',(0.997849131331045,-0.0655523539003724,7.03149066520922E-17));
#6074=DIRECTION('',(-6.72575898208706E-17,4.88461341721336E-17,1.));
#6075=DIRECTION('',(-0.997849131331045,0.0655523539003724,-7.03149066520922E-17));
#6076=DIRECTION('',(6.72575898208706E-17,-4.88461341721336E-17,-1.));
#6077=DIRECTION('',(0.997849131331045,-0.0655523539003724,7.03149066520922E-17));
#6078=DIRECTION('',(6.72575898208706E-17,-4.88461341721336E-17,-1.));
#6079=DIRECTION('',(0.997849131331045,-0.0655523539003724,7.03149066520922E-17));
#6080=DIRECTION('',(6.72575898208706E-17,-4.88461341721336E-17,-1.));
#6081=DIRECTION('',(0.997849131331044,-0.0655523539003857,7.03149066520928E-17));
#6082=DIRECTION('',(6.72575898208706E-17,-4.88461341721336E-17,-1.));
#6083=DIRECTION('',(0.997849131331045,-0.0655523539003724,7.03149066520922E-17));
#6084=DIRECTION('',(6.72575898208706E-17,-4.88461341721336E-17,-1.));
#6085=DIRECTION('',(0.997849131331044,-0.0655523539003883,7.03149066520929E-17));
#6086=DIRECTION('',(6.72575898208706E-17,-4.88461341721336E-17,-1.));
#6087=DIRECTION('',(0.997849131331045,-0.0655523539003724,7.03149066520922E-17));
#6088=DIRECTION('',(6.72575898208706E-17,-4.88461341721336E-17,-1.));
#6089=DIRECTION('',(0.997849131331045,-0.0655523539003724,7.03149066520922E-17));
#6090=DIRECTION('',(6.72575898208706E-17,-4.88461341721336E-17,-1.));
#6091=DIRECTION('',(0.997849131331045,-0.0655523539003724,7.03149066520922E-17));
#6092=DIRECTION('',(6.72575898208706E-17,-4.88461341721336E-17,-1.));
#6093=DIRECTION('',(0.997849131331045,-0.0655523539003724,7.03149066520922E-17));
#6094=DIRECTION('',(6.72575898208706E-17,-4.88461341721336E-17,-1.));
#6095=DIRECTION('',(0.997849131331045,-0.0655523539003724,7.03149066520922E-17));
#6096=DIRECTION('',(6.72575898208706E-17,-4.88461341721336E-17,-1.));
#6097=DIRECTION('',(0.997849131331045,-0.0655523539003724,7.03149066520922E-17));
#6098=DIRECTION('',(6.72575898208706E-17,-4.88461341721336E-17,-1.));
#6099=DIRECTION('',(0.997849131331045,-0.0655523539003724,7.03149066520922E-17));
#6100=DIRECTION('',(6.72575898208706E-17,-4.88461341721336E-17,-1.));
#6101=DIRECTION('',(0.997849131331043,-0.0655523539003954,7.03149066520933E-17));
#6102=DIRECTION('',(-6.72575898208706E-17,4.88461341721336E-17,1.));
#6103=DIRECTION('',(-0.997849131331043,0.0655523539003963,-7.03149066520933E-17));
#6104=DIRECTION('',(6.72575898208706E-17,-4.88461341721336E-17,-1.));
#6105=DIRECTION('',(0.997849131331045,-0.0655523539003724,7.03149066520922E-17));
#6106=DIRECTION('',(-6.72575898208706E-17,4.88461341721336E-17,1.));
#6107=DIRECTION('',(-0.997849131331045,0.0655523539003724,-7.03149066520922E-17));
#6108=DIRECTION('',(6.72575898208706E-17,-4.88461341721336E-17,-1.));
#6109=DIRECTION('',(0.997849131331045,-0.06555235390036,7.03149066520917E-17));
#6110=DIRECTION('',(6.72575898208706E-17,-4.88461341721336E-17,-1.));
#6111=DIRECTION('',(0.997849131331045,-0.0655523539003724,7.03149066520922E-17));
#6112=DIRECTION('',(-6.72575898208706E-17,4.88461341721336E-17,1.));
#6113=DIRECTION('',(-0.997849131331046,0.0655523539003582,-7.03149066520916E-17));
#6114=DIRECTION('',(6.72575898208706E-17,-4.88461341721336E-17,-1.));
#6115=DIRECTION('',(0.997849131331044,-0.0655523539003866,7.03149066520929E-17));
#6116=DIRECTION('',(6.72575898208706E-17,-4.88461341721336E-17,-1.));
#6117=DIRECTION('',(0.997849131331045,-0.0655523539003724,7.03149066520922E-17));
#6118=DIRECTION('',(-6.72575898208706E-17,4.88461341721336E-17,1.));
#6119=DIRECTION('',(-0.997849131331045,0.0655523539003724,-7.03149066520922E-17));
#6120=DIRECTION('',(6.72575898208706E-17,-4.88461341721336E-17,-1.));
#6121=DIRECTION('',(0.997849131331047,-0.0655523539003423,7.03149066520909E-17));
#6122=DIRECTION('',(6.72575898208706E-17,-4.88461341721336E-17,-1.));
#6123=DIRECTION('',(0.997849131331045,-0.0655523539003724,7.03149066520922E-17));
#6124=DIRECTION('',(-6.72575898208706E-17,4.88461341721336E-17,1.));
#6125=DIRECTION('',(-0.997849131331045,0.0655523539003724,-7.03149066520922E-17));
#6126=DIRECTION('',(6.72575898208706E-17,-4.88461341721336E-17,-1.));
#6127=DIRECTION('',(0.997849131331044,-0.0655523539003883,7.03149066520929E-17));
#6128=DIRECTION('',(6.72575898208706E-17,-4.88461341721336E-17,-1.));
#6129=DIRECTION('',(0.997849131331045,-0.0655523539003724,7.03149066520922E-17));
#6130=DIRECTION('',(1.21430643318376E-16,1.22464679914735E-16,-1.));
#6131=DIRECTION('',(0.,1.,1.22464679914735E-16));
#6132=DIRECTION('',(6.72575898208706E-17,-4.88461341721336E-17,-1.));
#6133=DIRECTION('',(0.997849131331043,-0.0655523539003928,7.03149066520931E-17));
#6134=DIRECTION('',(6.72575898208706E-17,-4.88461341721336E-17,-1.));
#6135=DIRECTION('',(0.997849131331045,-0.0655523539003724,7.03149066520922E-17));
#6136=DIRECTION('',(1.21430643318376E-16,1.22464679914735E-16,-1.));
#6137=DIRECTION('',(0.,1.,1.22464679914735E-16));
#6138=DIRECTION('',(6.72575898208706E-17,-4.88461341721336E-17,-1.));
#6139=DIRECTION('',(0.997849131331045,-0.0655523539003635,7.03149066520918E-17));
#6140=DIRECTION('',(6.72575898208706E-17,-4.88461341721336E-17,-1.));
#6141=DIRECTION('',(0.997849131331045,-0.0655523539003724,7.03149066520922E-17));
#6142=DIRECTION('',(-1.21430643318376E-16,-1.22464679914735E-16,1.));
#6143=DIRECTION('',(0.,-1.,-1.22464679914735E-16));
#6144=DIRECTION('',(6.72575898208706E-17,-4.88461341721336E-17,-1.));
#6145=DIRECTION('',(-0.997849131331045,0.0655523539003724,-7.03149066520922E-17));
#6146=DIRECTION('',(6.72575898208706E-17,-4.88461341721336E-17,-1.));
#6147=DIRECTION('',(-6.72575898208706E-17,4.88461341721336E-17,1.));
#6148=DIRECTION('',(6.72575898208706E-17,-4.88461341721336E-17,-1.));
#6149=DIRECTION('',(6.72575898208706E-17,-4.88461341721336E-17,-1.));
#6150=DIRECTION('',(6.72575898208706E-17,-4.88461341721336E-17,-1.));
#6151=DIRECTION('',(6.72575898208706E-17,-4.88461341721336E-17,-1.));
#6152=DIRECTION('',(6.72575898208706E-17,-4.88461341721336E-17,-1.));
#6153=DIRECTION('',(-6.72575898208706E-17,4.88461341721336E-17,1.));
#6154=DIRECTION('',(6.72575898208706E-17,-4.88461341721336E-17,-1.));
#6155=DIRECTION('',(6.72575898208706E-17,-4.88461341721336E-17,-1.));
#6156=DIRECTION('',(6.72575898208706E-17,-4.88461341721336E-17,-1.));
#6157=DIRECTION('',(6.72575898208706E-17,-4.88461341721336E-17,-1.));
#6158=DIRECTION('',(-6.72575898208706E-17,4.88461341721336E-17,1.));
#6159=DIRECTION('',(6.72575898208706E-17,-4.88461341721336E-17,-1.));
#6160=DIRECTION('',(6.72575898208706E-17,-4.88461341721336E-17,-1.));
#6161=DIRECTION('',(6.72575898208706E-17,-4.88461341721336E-17,-1.));
#6162=DIRECTION('',(-6.72575898208706E-17,4.88461341721336E-17,1.));
#6163=DIRECTION('',(6.72575898208706E-17,-4.88461341721336E-17,-1.));
#6164=DIRECTION('',(-6.72575898208706E-17,4.88461341721336E-17,1.));
#6165=DIRECTION('',(6.72575898208706E-17,-4.88461341721336E-17,-1.));
#6166=DIRECTION('',(6.72575898208706E-17,-4.88461341721336E-17,-1.));
#6167=DIRECTION('',(6.72575898208706E-17,-4.88461341721336E-17,-1.));
#6168=DIRECTION('',(-6.72575898208706E-17,4.88461341721336E-17,1.));
#6169=DIRECTION('',(6.72575898208706E-17,-4.88461341721336E-17,-1.));
#6170=DIRECTION('',(-6.72575898208706E-17,4.88461341721336E-17,1.));
#6171=DIRECTION('',(6.72575898208706E-17,-4.88461341721336E-17,-1.));
#6172=DIRECTION('',(6.72575898208706E-17,-4.88461341721336E-17,-1.));
#6173=DIRECTION('',(6.72575898208706E-17,-4.88461341721336E-17,-1.));
#6174=DIRECTION('',(-6.72575898208706E-17,4.88461341721336E-17,1.));
#6175=DIRECTION('',(6.72575898208706E-17,-4.88461341721336E-17,-1.));
#6176=DIRECTION('',(-6.72575898208706E-17,4.88461341721336E-17,1.));
#6177=DIRECTION('',(6.72575898208706E-17,-4.88461341721336E-17,-1.));
#6178=DIRECTION('',(6.72575898208706E-17,-4.88461341721336E-17,-1.));
#6179=DIRECTION('',(-6.72575898208706E-17,4.88461341721336E-17,1.));
#6180=DIRECTION('',(6.72575898208706E-17,-4.88461341721336E-17,-1.));
#6181=DIRECTION('',(-6.72575898208706E-17,4.88461341721336E-17,1.));
#6182=DIRECTION('',(6.72575898208706E-17,-4.88461341721336E-17,-1.));
#6183=DIRECTION('',(6.72575898208706E-17,-4.88461341721336E-17,-1.));
#6184=DIRECTION('',(6.72575898208706E-17,-4.88461341721336E-17,-1.));
#6185=DIRECTION('',(-6.72575898208706E-17,4.88461341721336E-17,1.));
#6186=DIRECTION('',(6.72575898208706E-17,-4.88461341721336E-17,-1.));
#6187=DIRECTION('',(6.72575898208706E-17,-4.88461341721336E-17,-1.));
#6188=DIRECTION('',(6.72575898208706E-17,-4.88461341721336E-17,-1.));
#6189=DIRECTION('',(-6.72575898208706E-17,4.88461341721336E-17,1.));
#6190=DIRECTION('',(6.72575898208706E-17,-4.88461341721336E-17,-1.));
#6191=DIRECTION('',(6.72575898208706E-17,-4.88461341721336E-17,-1.));
#6192=DIRECTION('',(6.72575898208706E-17,-4.88461341721336E-17,-1.));
#6193=DIRECTION('',(-6.72575898208706E-17,4.88461341721336E-17,1.));
#6194=DIRECTION('',(6.72575898208706E-17,-4.88461341721336E-17,-1.));
#6195=DIRECTION('',(6.72575898208706E-17,-4.88461341721336E-17,-1.));
#6196=DIRECTION('',(6.72575898208706E-17,-4.88461341721336E-17,-1.));
#6197=DIRECTION('',(-6.72575898208706E-17,4.88461341721336E-17,1.));
#6198=DIRECTION('',(6.72575898208706E-17,-4.88461341721336E-17,-1.));
#6199=DIRECTION('',(6.72575898208706E-17,-4.88461341721336E-17,-1.));
#6200=DIRECTION('',(6.72575898208706E-17,-4.88461341721336E-17,-1.));
#6201=DIRECTION('',(-6.72575898208706E-17,4.88461341721336E-17,1.));
#6202=DIRECTION('',(6.72575898208706E-17,-4.88461341721336E-17,-1.));
#6203=DIRECTION('',(6.72575898208706E-17,-4.88461341721336E-17,-1.));
#6204=DIRECTION('',(6.72575898208706E-17,-4.88461341721336E-17,-1.));
#6205=DIRECTION('',(-6.72575898208706E-17,4.88461341721336E-17,1.));
#6206=DIRECTION('',(6.72575898208706E-17,-4.88461341721336E-17,-1.));
#6207=DIRECTION('',(-6.72575898208706E-17,4.88461341721336E-17,1.));
#6208=DIRECTION('',(6.72575898208706E-17,-4.88461341721336E-17,-1.));
#6209=DIRECTION('',(6.72575898208706E-17,-4.88461341721336E-17,-1.));
#6210=DIRECTION('',(6.72575898208706E-17,-4.88461341721336E-17,-1.));
#6211=DIRECTION('',(-6.72575898208706E-17,4.88461341721336E-17,1.));
#6212=DIRECTION('',(6.72575898208706E-17,-4.88461341721336E-17,-1.));
#6213=DIRECTION('',(-6.72575898208706E-17,4.88461341721336E-17,1.));
#6214=DIRECTION('',(6.72575898208706E-17,-4.88461341721336E-17,-1.));
#6215=DIRECTION('',(6.72575898208706E-17,-4.88461341721336E-17,-1.));
#6216=DIRECTION('',(6.72575898208706E-17,-4.88461341721336E-17,-1.));
#6217=DIRECTION('',(-6.72575898208706E-17,4.88461341721336E-17,1.));
#6218=DIRECTION('',(6.72575898208706E-17,-4.88461341721336E-17,-1.));
#6219=DIRECTION('',(-6.72575898208706E-17,4.88461341721336E-17,1.));
#6220=DIRECTION('',(6.72575898208706E-17,-4.88461341721336E-17,-1.));
#6221=DIRECTION('',(6.72575898208706E-17,-4.88461341721336E-17,-1.));
#6222=DIRECTION('',(-6.72575898208706E-17,4.88461341721336E-17,1.));
#6223=DIRECTION('',(6.72575898208706E-17,-4.88461341721336E-17,-1.));
#6224=DIRECTION('',(-6.72575898208706E-17,4.88461341721336E-17,1.));
#6225=DIRECTION('',(6.72575898208706E-17,-4.88461341721336E-17,-1.));
#6226=DIRECTION('',(6.72575898208706E-17,-4.88461341721336E-17,-1.));
#6227=DIRECTION('',(6.72575898208706E-17,-4.88461341721336E-17,-1.));
#6228=DIRECTION('',(-6.72575898208706E-17,4.88461341721336E-17,1.));
#6229=DIRECTION('',(6.72575898208706E-17,-4.88461341721336E-17,-1.));
#6230=DIRECTION('',(6.72575898208706E-17,-4.88461341721336E-17,-1.));
#6231=DIRECTION('',(6.72575898208706E-17,-4.88461341721336E-17,-1.));
#6232=DIRECTION('',(-6.72575898208706E-17,4.88461341721336E-17,1.));
#6233=DIRECTION('',(6.72575898208706E-17,-4.88461341721336E-17,-1.));
#6234=DIRECTION('',(0.997849131331045,-0.0655523539003724,7.03149066520922E-17));
#6235=DIRECTION('',(-6.72575898208706E-17,4.88461341721336E-17,1.));
#6236=DIRECTION('',(0.997849131331045,-0.0655523539003724,7.03149066520922E-17));
#6237=DIRECTION('',(6.72575898208706E-17,-4.88461341721336E-17,-1.));
#6238=DIRECTION('',(0.997849131331045,-0.0655523539003724,7.03149066520922E-17));
#6239=DIRECTION('',(6.72575898208706E-17,-4.88461341721336E-17,-1.));
#6240=DIRECTION('',(-0.997849131331045,0.0655523539003724,-7.03149066520922E-17));
#6241=DIRECTION('',(6.72575898208706E-17,-4.88461341721336E-17,-1.));
#6242=DIRECTION('',(0.997849131331045,-0.0655523539003724,7.03149066520922E-17));
#6243=DIRECTION('',(-6.72575898208706E-17,4.88461341721336E-17,1.));
#6244=DIRECTION('',(0.997849131331045,-0.0655523539003724,7.03149066520922E-17));
#6245=DIRECTION('',(6.72575898208706E-17,-4.88461341721336E-17,-1.));
#6246=DIRECTION('',(0.997849131331045,-0.0655523539003724,7.03149066520922E-17));
#6247=DIRECTION('',(6.72575898208706E-17,-4.88461341721336E-17,-1.));
#6248=DIRECTION('',(-0.997849131331045,0.0655523539003724,-7.03149066520922E-17));
#6249=DIRECTION('',(6.72575898208706E-17,-4.88461341721336E-17,-1.));
#6250=DIRECTION('',(0.997849131331045,-0.0655523539003724,7.03149066520922E-17));
#6251=DIRECTION('',(-6.72575898208706E-17,4.88461341721336E-17,1.));
#6252=DIRECTION('',(0.997849131331045,-0.0655523539003724,7.03149066520922E-17));
#6253=DIRECTION('',(6.72575898208706E-17,-4.88461341721336E-17,-1.));
#6254=DIRECTION('',(0.997849131331045,-0.0655523539003724,7.03149066520922E-17));
#6255=DIRECTION('',(6.72575898208706E-17,-4.88461341721336E-17,-1.));
#6256=DIRECTION('',(-0.997849131331045,0.0655523539003724,-7.03149066520922E-17));
#6257=DIRECTION('',(6.72575898208706E-17,-4.88461341721336E-17,-1.));
#6258=DIRECTION('',(0.997849131331045,-0.0655523539003724,7.03149066520922E-17));
#6259=DIRECTION('',(-6.72575898208706E-17,4.88461341721336E-17,1.));
#6260=DIRECTION('',(0.997849131331045,-0.0655523539003724,7.03149066520922E-17));
#6261=DIRECTION('',(6.72575898208706E-17,-4.88461341721336E-17,-1.));
#6262=DIRECTION('',(0.997849131331045,-0.0655523539003724,7.03149066520922E-17));
#6263=DIRECTION('',(6.72575898208706E-17,-4.88461341721336E-17,-1.));
#6264=DIRECTION('',(-0.997849131331045,0.0655523539003724,-7.03149066520922E-17));
#6265=DIRECTION('',(6.72575898208706E-17,-4.88461341721336E-17,-1.));
#6266=DIRECTION('',(0.997849131331045,-0.0655523539003724,7.03149066520922E-17));
#6267=DIRECTION('',(-6.72575898208706E-17,4.88461341721336E-17,1.));
#6268=DIRECTION('',(0.997849131331045,-0.0655523539003724,7.03149066520922E-17));
#6269=DIRECTION('',(6.72575898208706E-17,-4.88461341721336E-17,-1.));
#6270=DIRECTION('',(0.997849131331045,-0.0655523539003724,7.03149066520922E-17));
#6271=DIRECTION('',(6.72575898208706E-17,-4.88461341721336E-17,-1.));
#6272=DIRECTION('',(-0.997849131331045,0.0655523539003724,-7.03149066520922E-17));
#6273=DIRECTION('',(6.72575898208706E-17,-4.88461341721336E-17,-1.));
#6274=DIRECTION('',(0.997849131331045,-0.0655523539003724,7.03149066520922E-17));
#6275=DIRECTION('',(-6.72575898208706E-17,4.88461341721336E-17,1.));
#6276=DIRECTION('',(0.997849131331045,-0.0655523539003724,7.03149066520922E-17));
#6277=DIRECTION('',(6.72575898208706E-17,-4.88461341721336E-17,-1.));
#6278=DIRECTION('',(0.997849131331045,-0.0655523539003724,7.03149066520922E-17));
#6279=DIRECTION('',(6.72575898208706E-17,-4.88461341721336E-17,-1.));
#6280=DIRECTION('',(-0.997849131331045,0.0655523539003724,-7.03149066520922E-17));
#6281=DIRECTION('',(6.72575898208706E-17,-4.88461341721336E-17,-1.));
#6282=DIRECTION('',(0.997849131331045,-0.0655523539003724,7.03149066520922E-17));
#6283=DIRECTION('',(-6.72575898208706E-17,4.88461341721336E-17,1.));
#6284=DIRECTION('',(0.997849131331045,-0.0655523539003724,7.03149066520922E-17));
#6285=DIRECTION('',(6.72575898208706E-17,-4.88461341721336E-17,-1.));
#6286=DIRECTION('',(0.997849131331045,-0.0655523539003724,7.03149066520922E-17));
#6287=DIRECTION('',(6.72575898208706E-17,-4.88461341721336E-17,-1.));
#6288=DIRECTION('',(-0.997849131331045,0.0655523539003724,-7.03149066520922E-17));
#6289=DIRECTION('',(6.72575898208706E-17,-4.88461341721336E-17,-1.));
#6290=DIRECTION('',(0.997849131331045,-0.0655523539003724,7.03149066520922E-17));
#6291=DIRECTION('',(-6.72575898208706E-17,4.88461341721336E-17,1.));
#6292=DIRECTION('',(0.997849131331045,-0.0655523539003724,7.03149066520922E-17));
#6293=DIRECTION('',(6.72575898208706E-17,-4.88461341721336E-17,-1.));
#6294=DIRECTION('',(0.997849131331045,-0.0655523539003724,7.03149066520922E-17));
#6295=DIRECTION('',(6.72575898208706E-17,-4.88461341721336E-17,-1.));
#6296=DIRECTION('',(-0.997849131331045,0.0655523539003724,-7.03149066520922E-17));
#6297=DIRECTION('',(6.72575898208706E-17,-4.88461341721336E-17,-1.));
#6298=DIRECTION('',(0.997849131331045,-0.0655523539003724,7.03149066520922E-17));
#6299=DIRECTION('',(-6.72575898208706E-17,4.88461341721336E-17,1.));
#6300=DIRECTION('',(0.997849131331045,-0.0655523539003724,7.03149066520922E-17));
#6301=DIRECTION('',(6.72575898208706E-17,-4.88461341721336E-17,-1.));
#6302=DIRECTION('',(0.997849131331045,-0.0655523539003724,7.03149066520922E-17));
#6303=DIRECTION('',(6.72575898208706E-17,-4.88461341721336E-17,-1.));
#6304=DIRECTION('',(-0.997849131331045,0.0655523539003724,-7.03149066520922E-17));
#6305=DIRECTION('',(6.72575898208706E-17,-4.88461341721336E-17,-1.));
#6306=DIRECTION('',(0.997849131331045,-0.0655523539003724,7.03149066520922E-17));
#6307=DIRECTION('',(-6.72575898208706E-17,4.88461341721336E-17,1.));
#6308=DIRECTION('',(0.997849131331045,-0.0655523539003724,7.03149066520922E-17));
#6309=DIRECTION('',(6.72575898208706E-17,-4.88461341721336E-17,-1.));
#6310=DIRECTION('',(0.997849131331045,-0.0655523539003724,7.03149066520922E-17));
#6311=DIRECTION('',(6.72575898208706E-17,-4.88461341721336E-17,-1.));
#6312=DIRECTION('',(-0.997849131331045,0.0655523539003724,-7.03149066520922E-17));
#6313=DIRECTION('',(6.72575898208706E-17,-4.88461341721336E-17,-1.));
#6314=DIRECTION('',(0.997849131331045,-0.0655523539003724,7.03149066520922E-17));
#6315=DIRECTION('',(-6.72575898208706E-17,4.88461341721336E-17,1.));
#6316=DIRECTION('',(0.997849131331045,-0.0655523539003724,7.03149066520922E-17));
#6317=DIRECTION('',(6.72575898208706E-17,-4.88461341721336E-17,-1.));
#6318=DIRECTION('',(0.997849131331045,-0.0655523539003724,7.03149066520922E-17));
#6319=DIRECTION('',(6.72575898208706E-17,-4.88461341721336E-17,-1.));
#6320=DIRECTION('',(-0.997849131331045,0.0655523539003724,-7.03149066520922E-17));
#6321=DIRECTION('',(6.72575898208706E-17,-4.88461341721336E-17,-1.));
#6322=DIRECTION('',(0.997849131331045,-0.0655523539003724,7.03149066520922E-17));
#6323=DIRECTION('',(-6.72575898208706E-17,4.88461341721336E-17,1.));
#6324=DIRECTION('',(0.997849131331045,-0.0655523539003724,7.03149066520922E-17));
#6325=DIRECTION('',(6.72575898208706E-17,-4.88461341721336E-17,-1.));
#6326=DIRECTION('',(0.997849131331045,-0.0655523539003724,7.03149066520922E-17));
#6327=DIRECTION('',(6.72575898208706E-17,-4.88461341721336E-17,-1.));
#6328=DIRECTION('',(-0.997849131331045,0.0655523539003724,-7.03149066520922E-17));
#6329=DIRECTION('',(6.72575898208706E-17,-4.88461341721336E-17,-1.));
#6330=DIRECTION('',(0.997849131331045,-0.0655523539003724,7.03149066520922E-17));
#6331=DIRECTION('',(-6.72575898208706E-17,4.88461341721336E-17,1.));
#6332=DIRECTION('',(0.997849131331045,-0.0655523539003724,7.03149066520922E-17));
#6333=DIRECTION('',(6.72575898208706E-17,-4.88461341721336E-17,-1.));
#6334=DIRECTION('',(0.997849131331045,-0.0655523539003724,7.03149066520922E-17));
#6335=DIRECTION('',(6.72575898208706E-17,-4.88461341721336E-17,-1.));
#6336=DIRECTION('',(-0.997849131331045,0.0655523539003724,-7.03149066520922E-17));
#6337=DIRECTION('',(6.72575898208706E-17,-4.88461341721336E-17,-1.));
#6338=DIRECTION('',(0.997849131331045,-0.0655523539003724,7.03149066520922E-17));
#6339=DIRECTION('',(-6.72575898208706E-17,4.88461341721336E-17,1.));
#6340=DIRECTION('',(0.997849131331045,-0.0655523539003724,7.03149066520922E-17));
#6341=DIRECTION('',(6.72575898208706E-17,-4.88461341721336E-17,-1.));
#6342=DIRECTION('',(0.997849131331045,-0.0655523539003724,7.03149066520922E-17));
#6343=DIRECTION('',(6.72575898208706E-17,-4.88461341721336E-17,-1.));
#6344=DIRECTION('',(-0.997849131331045,0.0655523539003724,-7.03149066520922E-17));
#6345=DIRECTION('',(6.72575898208706E-17,-4.88461341721336E-17,-1.));
#6346=DIRECTION('',(0.997849131331045,-0.0655523539003724,7.03149066520922E-17));
#6347=DIRECTION('',(-6.72575898208706E-17,4.88461341721336E-17,1.));
#6348=DIRECTION('',(0.997849131331045,-0.0655523539003724,7.03149066520922E-17));
#6349=DIRECTION('',(6.72575898208706E-17,-4.88461341721336E-17,-1.));
#6350=DIRECTION('',(0.997849131331045,-0.0655523539003724,7.03149066520922E-17));
#6351=DIRECTION('',(6.72575898208706E-17,-4.88461341721336E-17,-1.));
#6352=DIRECTION('',(-0.997849131331045,0.0655523539003724,-7.03149066520922E-17));
#6353=DIRECTION('',(6.72575898208706E-17,-4.88461341721336E-17,-1.));
#6354=DIRECTION('',(0.997849131331045,-0.0655523539003724,7.03149066520922E-17));
#6355=DIRECTION('',(-6.72575898208706E-17,4.88461341721336E-17,1.));
#6356=DIRECTION('',(0.997849131331045,-0.0655523539003724,7.03149066520922E-17));
#6357=DIRECTION('',(6.72575898208706E-17,-4.88461341721336E-17,-1.));
#6358=DIRECTION('',(0.997849131331045,-0.0655523539003724,7.03149066520922E-17));
#6359=DIRECTION('',(6.72575898208706E-17,-4.88461341721336E-17,-1.));
#6360=DIRECTION('',(-0.997849131331045,0.0655523539003724,-7.03149066520922E-17));
#6361=DIRECTION('',(6.72575898208706E-17,-4.88461341721336E-17,-1.));
#6362=DIRECTION('',(0.997849131331045,-0.0655523539003724,7.03149066520922E-17));
#6363=DIRECTION('',(-6.72575898208706E-17,4.88461341721336E-17,1.));
#6364=DIRECTION('',(0.997849131331045,-0.0655523539003724,7.03149066520922E-17));
#6365=DIRECTION('',(6.72575898208706E-17,-4.88461341721336E-17,-1.));
#6366=DIRECTION('',(0.997849131331045,-0.0655523539003724,7.03149066520922E-17));
#6367=DIRECTION('',(6.72575898208706E-17,-4.88461341721336E-17,-1.));
#6368=DIRECTION('',(-0.997849131331045,0.0655523539003724,-7.03149066520922E-17));
#6369=DIRECTION('',(6.72575898208706E-17,-4.88461341721336E-17,-1.));
#6370=DIRECTION('',(0.997849131331045,-0.0655523539003724,7.03149066520922E-17));
#6371=DIRECTION('',(-6.72575898208706E-17,4.88461341721336E-17,1.));
#6372=DIRECTION('',(0.997849131331045,-0.0655523539003724,7.03149066520922E-17));
#6373=DIRECTION('',(6.72575898208706E-17,-4.88461341721336E-17,-1.));
#6374=DIRECTION('',(0.997849131331045,-0.0655523539003724,7.03149066520922E-17));
#6375=DIRECTION('',(6.72575898208706E-17,-4.88461341721336E-17,-1.));
#6376=DIRECTION('',(-0.997849131331045,0.0655523539003724,-7.03149066520922E-17));
#6377=DIRECTION('',(-6.72575898208706E-17,4.88461341721336E-17,1.));
#6378=DIRECTION('',(-0.997849131331045,0.0655523539003724,-7.03149066520922E-17));
#6379=DIRECTION('',(6.72575898208706E-17,-4.88461341721336E-17,-1.));
#6380=DIRECTION('',(-0.997849131331045,0.0655523539003724,-7.03149066520922E-17));
#6381=DIRECTION('',(6.72575898208706E-17,-4.88461341721336E-17,-1.));
#6382=DIRECTION('',(-0.997849131331045,0.0655523539003724,-7.03149066520922E-17));
#6383=DIRECTION('',(6.72575898208706E-17,-4.88461341721336E-17,-1.));
#6384=DIRECTION('',(-0.997849131331045,0.0655523539003724,-7.03149066520922E-17));
#6385=DIRECTION('',(6.72575898208706E-17,-4.88461341721336E-17,-1.));
#6386=DIRECTION('',(-0.997849131331045,0.0655523539003724,-7.03149066520922E-17));
#6387=DIRECTION('',(6.72575898208706E-17,-4.88461341721336E-17,-1.));
#6388=DIRECTION('',(-0.997849131331045,0.0655523539003724,-7.03149066520922E-17));
#6389=DIRECTION('',(6.72575898208706E-17,-4.88461341721336E-17,-1.));
#6390=DIRECTION('',(-0.997849131331045,0.0655523539003724,-7.03149066520922E-17));
#6391=DIRECTION('',(6.72575898208706E-17,-4.88461341721336E-17,-1.));
#6392=DIRECTION('',(-0.997849131331045,0.0655523539003724,-7.03149066520922E-17));
#6393=DIRECTION('',(6.72575898208706E-17,-4.88461341721336E-17,-1.));
#6394=DIRECTION('',(-0.997849131331045,0.0655523539003724,-7.03149066520922E-17));
#6395=DIRECTION('',(6.72575898208706E-17,-4.88461341721336E-17,-1.));
#6396=DIRECTION('',(-0.997849131331045,0.0655523539003724,-7.03149066520922E-17));
#6397=DIRECTION('',(6.72575898208706E-17,-4.88461341721336E-17,-1.));
#6398=DIRECTION('',(-0.997849131331045,0.0655523539003724,-7.03149066520922E-17));
#6399=DIRECTION('',(6.72575898208706E-17,-4.88461341721336E-17,-1.));
#6400=DIRECTION('',(-0.997849131331045,0.0655523539003724,-7.03149066520922E-17));
#6401=DIRECTION('',(6.72575898208706E-17,-4.88461341721336E-17,-1.));
#6402=DIRECTION('',(-0.997849131331045,0.0655523539003724,-7.03149066520922E-17));
#6403=DIRECTION('',(6.72575898208706E-17,-4.88461341721336E-17,-1.));
#6404=DIRECTION('',(-0.997849131331045,0.0655523539003724,-7.03149066520922E-17));
#6405=DIRECTION('',(6.72575898208706E-17,-4.88461341721336E-17,-1.));
#6406=DIRECTION('',(-0.997849131331045,0.0655523539003724,-7.03149066520922E-17));
#6407=DIRECTION('',(6.72575898208706E-17,-4.88461341721336E-17,-1.));
#6408=DIRECTION('',(-0.997849131331045,0.0655523539003724,-7.03149066520922E-17));
#6409=DIRECTION('',(6.72575898208706E-17,-4.88461341721336E-17,-1.));
#6410=DIRECTION('',(-0.997849131331045,0.0655523539003724,-7.03149066520922E-17));
#6411=DIRECTION('',(6.72575898208706E-17,-4.88461341721336E-17,-1.));
#6412=DIRECTION('',(-0.997849131331045,0.0655523539003724,-7.03149066520922E-17));
#6413=DIRECTION('',(6.72575898208706E-17,-4.88461341721336E-17,-1.));
#6414=DIRECTION('',(-0.997849131331045,0.0655523539003724,-7.03149066520922E-17));
#6415=DIRECTION('',(6.72575898208706E-17,-4.88461341721336E-17,-1.));
#6416=DIRECTION('',(-0.997849131331045,0.0655523539003724,-7.03149066520922E-17));
#6417=DIRECTION('',(6.72575898208706E-17,-4.88461341721336E-17,-1.));
#6418=DIRECTION('',(-0.997849131331045,0.0655523539003724,-7.03149066520922E-17));
#6419=DIRECTION('',(6.72575898208706E-17,-4.88461341721336E-17,-1.));
#6420=DIRECTION('',(-0.997849131331045,0.0655523539003724,-7.03149066520922E-17));
#6421=DIRECTION('',(6.72575898208706E-17,-4.88461341721336E-17,-1.));
#6422=DIRECTION('',(-0.997849131331045,0.0655523539003724,-7.03149066520922E-17));
#6423=DIRECTION('',(6.72575898208706E-17,-4.88461341721336E-17,-1.));
#6424=DIRECTION('',(-0.997849131331045,0.0655523539003724,-7.03149066520922E-17));
#6425=DIRECTION('',(6.72575898208706E-17,-4.88461341721336E-17,-1.));
#6426=DIRECTION('',(-0.997849131331045,0.0655523539003724,-7.03149066520922E-17));
#6427=DIRECTION('',(6.72575898208706E-17,-4.88461341721336E-17,-1.));
#6428=DIRECTION('',(-0.997849131331045,0.0655523539003724,-7.03149066520922E-17));
#6429=DIRECTION('',(6.72575898208706E-17,-4.88461341721336E-17,-1.));
#6430=DIRECTION('',(-0.997849131331045,0.0655523539003724,-7.03149066520922E-17));
#6431=DIRECTION('',(6.72575898208706E-17,-4.88461341721336E-17,-1.));
#6432=DIRECTION('',(-0.997849131331045,0.0655523539003724,-7.03149066520922E-17));
#6433=DIRECTION('',(6.72575898208706E-17,-4.88461341721336E-17,-1.));
#6434=DIRECTION('',(-0.997849131331045,0.0655523539003724,-7.03149066520922E-17));
#6435=DIRECTION('',(6.72575898208706E-17,-4.88461341721336E-17,-1.));
#6436=DIRECTION('',(-0.997849131331045,0.0655523539003724,-7.03149066520922E-17));
#6437=DIRECTION('',(6.72575898208706E-17,-4.88461341721336E-17,-1.));
#6438=DIRECTION('',(-0.997849131331045,0.0655523539003724,-7.03149066520922E-17));
#6439=DIRECTION('',(6.72575898208706E-17,-4.88461341721336E-17,-1.));
#6440=DIRECTION('',(-0.997849131331045,0.0655523539003724,-7.03149066520922E-17));
#6441=DIRECTION('',(6.72575898208706E-17,-4.88461341721336E-17,-1.));
#6442=DIRECTION('',(-0.997849131331045,0.0655523539003724,-7.03149066520922E-17));
#6443=DIRECTION('',(6.72575898208706E-17,-4.88461341721336E-17,-1.));
#6444=DIRECTION('',(-0.997849131331045,0.0655523539003724,-7.03149066520922E-17));
#6445=DIRECTION('',(6.72575898208706E-17,-4.88461341721336E-17,-1.));
#6446=DIRECTION('',(-0.997849131331045,0.0655523539003724,-7.03149066520922E-17));
#6447=DIRECTION('',(6.72575898208706E-17,-4.88461341721336E-17,-1.));
#6448=DIRECTION('',(-0.997849131331045,0.0655523539003724,-7.03149066520922E-17));
#6449=DIRECTION('',(6.72575898208706E-17,-4.88461341721336E-17,-1.));
#6450=DIRECTION('',(-0.997849131331045,0.0655523539003724,-7.03149066520922E-17));
#6451=DIRECTION('',(6.72575898208706E-17,-4.88461341721336E-17,-1.));
#6452=DIRECTION('',(-0.997849131331045,0.0655523539003724,-7.03149066520922E-17));
#6453=DIRECTION('',(6.72575898208706E-17,-4.88461341721336E-17,-1.));
#6454=DIRECTION('',(-0.997849131331045,0.0655523539003724,-7.03149066520922E-17));
#6455=DIRECTION('',(6.72575898208706E-17,-4.88461341721336E-17,-1.));
#6456=DIRECTION('',(-0.997849131331045,0.0655523539003724,-7.03149066520922E-17));
#6457=DIRECTION('',(6.72575898208706E-17,-4.88461341721336E-17,-1.));
#6458=DIRECTION('',(-0.997849131331045,0.0655523539003724,-7.03149066520922E-17));
#6459=DIRECTION('',(6.72575898208706E-17,-4.88461341721336E-17,-1.));
#6460=DIRECTION('',(-0.997849131331045,0.0655523539003724,-7.03149066520922E-17));
#6461=DIRECTION('',(6.72575898208706E-17,-4.88461341721336E-17,-1.));
#6462=DIRECTION('',(-0.997849131331045,0.0655523539003724,-7.03149066520922E-17));
#6463=DIRECTION('',(6.72575898208706E-17,-4.88461341721336E-17,-1.));
#6464=DIRECTION('',(-0.997849131331045,0.0655523539003724,-7.03149066520922E-17));
#6465=DIRECTION('',(6.72575898208706E-17,-4.88461341721336E-17,-1.));
#6466=DIRECTION('',(-0.997849131331045,0.0655523539003724,-7.03149066520922E-17));
#6467=DIRECTION('',(6.72575898208706E-17,-4.88461341721336E-17,-1.));
#6468=DIRECTION('',(-0.997849131331045,0.0655523539003724,-7.03149066520922E-17));
#6469=DIRECTION('',(6.72575898208706E-17,-4.88461341721336E-17,-1.));
#6470=DIRECTION('',(-0.997849131331045,0.0655523539003724,-7.03149066520922E-17));
#6471=DIRECTION('',(6.72575898208706E-17,-4.88461341721336E-17,-1.));
#6472=DIRECTION('',(-0.997849131331045,0.0655523539003724,-7.03149066520922E-17));
#6473=DIRECTION('',(6.72575898208706E-17,-4.88461341721336E-17,-1.));
#6474=DIRECTION('',(-0.997849131331045,0.0655523539003724,-7.03149066520922E-17));
#6475=DIRECTION('',(6.72575898208706E-17,-4.88461341721336E-17,-1.));
#6476=DIRECTION('',(-0.997849131331045,0.0655523539003724,-7.03149066520922E-17));
#6477=DIRECTION('',(6.72575898208706E-17,-4.88461341721336E-17,-1.));
#6478=DIRECTION('',(-0.997849131331045,0.0655523539003724,-7.03149066520922E-17));
#6479=DIRECTION('',(6.72575898208706E-17,-4.88461341721336E-17,-1.));
#6480=DIRECTION('',(-0.997849131331045,0.0655523539003724,-7.03149066520922E-17));
#6481=DIRECTION('',(6.72575898208706E-17,-4.88461341721336E-17,-1.));
#6482=DIRECTION('',(-0.997849131331045,0.0655523539003724,-7.03149066520922E-17));
#6483=DIRECTION('',(6.72575898208706E-17,-4.88461341721336E-17,-1.));
#6484=DIRECTION('',(-0.997849131331045,0.0655523539003724,-7.03149066520922E-17));
#6485=DIRECTION('',(6.72575898208706E-17,-4.88461341721336E-17,-1.));
#6486=DIRECTION('',(-0.997849131331045,0.0655523539003724,-7.03149066520922E-17));
#6487=DIRECTION('',(6.72575898208706E-17,-4.88461341721336E-17,-1.));
#6488=DIRECTION('',(0.997849131331045,-0.0655523539003724,7.03149066520922E-17));
#6489=DIRECTION('',(-6.72575898208706E-17,4.88461341721336E-17,1.));
#6490=DIRECTION('',(0.997849131331045,-0.0655523539003724,7.03149066520922E-17));
#6491=DIRECTION('',(-6.72575898208706E-17,4.88461341721336E-17,1.));
#6492=DIRECTION('',(0.997849131331045,-0.0655523539003724,7.03149066520922E-17));
#6493=DIRECTION('',(-6.72575898208706E-17,4.88461341721336E-17,1.));
#6494=DIRECTION('',(0.997849131331045,-0.0655523539003724,7.03149066520922E-17));
#6495=DIRECTION('',(-6.72575898208706E-17,4.88461341721336E-17,1.));
#6496=DIRECTION('',(0.997849131331045,-0.0655523539003724,7.03149066520922E-17));
#6497=DIRECTION('',(-6.72575898208706E-17,4.88461341721336E-17,1.));
#6498=DIRECTION('',(0.997849131331045,-0.0655523539003724,7.03149066520922E-17));
#6499=DIRECTION('',(-6.72575898208706E-17,4.88461341721336E-17,1.));
#6500=DIRECTION('',(0.997849131331045,-0.0655523539003724,7.03149066520922E-17));
#6501=DIRECTION('',(-6.72575898208706E-17,4.88461341721336E-17,1.));
#6502=DIRECTION('',(0.997849131331045,-0.0655523539003724,7.03149066520922E-17));
#6503=DIRECTION('',(-6.72575898208706E-17,4.88461341721336E-17,1.));
#6504=DIRECTION('',(0.997849131331045,-0.0655523539003724,7.03149066520922E-17));
#6505=DIRECTION('',(-6.72575898208706E-17,4.88461341721336E-17,1.));
#6506=DIRECTION('',(0.997849131331045,-0.0655523539003724,7.03149066520922E-17));
#6507=DIRECTION('',(-6.72575898208706E-17,4.88461341721336E-17,1.));
#6508=DIRECTION('',(0.997849131331045,-0.0655523539003724,7.03149066520922E-17));
#6509=DIRECTION('',(-6.72575898208706E-17,4.88461341721336E-17,1.));
#6510=DIRECTION('',(0.997849131331045,-0.0655523539003724,7.03149066520922E-17));
#6511=DIRECTION('',(-6.72575898208706E-17,4.88461341721336E-17,1.));
#6512=DIRECTION('',(0.997849131331045,-0.0655523539003724,7.03149066520922E-17));
#6513=DIRECTION('',(-6.72575898208706E-17,4.88461341721336E-17,1.));
#6514=DIRECTION('',(0.997849131331045,-0.0655523539003724,7.03149066520922E-17));
#6515=DIRECTION('',(-6.72575898208706E-17,4.88461341721336E-17,1.));
#6516=DIRECTION('',(0.997849131331045,-0.0655523539003724,7.03149066520922E-17));
#6517=DIRECTION('',(-6.72575898208706E-17,4.88461341721336E-17,1.));
#6518=DIRECTION('',(0.997849131331045,-0.0655523539003724,7.03149066520922E-17));
#6519=DIRECTION('',(-6.72575898208706E-17,4.88461341721336E-17,1.));
#6520=DIRECTION('',(0.997849131331045,-0.0655523539003724,7.03149066520922E-17));
#6521=DIRECTION('',(-6.72575898208706E-17,4.88461341721336E-17,1.));
#6522=DIRECTION('',(0.997849131331045,-0.0655523539003724,7.03149066520922E-17));
#6523=DIRECTION('',(-6.72575898208706E-17,4.88461341721336E-17,1.));
#6524=DIRECTION('',(0.997849131331045,-0.0655523539003724,7.03149066520922E-17));
#6525=DIRECTION('',(-6.72575898208706E-17,4.88461341721336E-17,1.));
#6526=DIRECTION('',(0.997849131331045,-0.0655523539003724,7.03149066520922E-17));
#6527=DIRECTION('',(-6.72575898208706E-17,4.88461341721336E-17,1.));
#6528=DIRECTION('',(0.997849131331045,-0.0655523539003724,7.03149066520922E-17));
#6529=DIRECTION('',(-6.72575898208706E-17,4.88461341721336E-17,1.));
#6530=DIRECTION('',(0.997849131331045,-0.0655523539003724,7.03149066520922E-17));
#6531=DIRECTION('',(-6.72575898208706E-17,4.88461341721336E-17,1.));
#6532=DIRECTION('',(0.997849131331045,-0.0655523539003724,7.03149066520922E-17));
#6533=DIRECTION('',(6.72575898208706E-17,-4.88461341721336E-17,-1.));
#6534=DIRECTION('',(0.0655523539003724,0.997849131331045,-4.43321792221194E-17));
#6535=DIRECTION('',(-1.21430643318376E-16,-1.22464679914735E-16,1.));
#6536=DIRECTION('',(0.,-1.,-1.22464679914735E-16));
#6537=DIRECTION('',(6.72575898208706E-17,-4.88461341721336E-17,-1.));
#6538=DIRECTION('',(6.72575898208706E-17,-4.88461341721336E-17,-1.));
#6539=DIRECTION('',(0.0655523539003724,0.997849131331045,-4.43321792221194E-17));
#6540=DIRECTION('',(-1.21430643318376E-16,-1.22464679914735E-16,1.));
#6541=DIRECTION('',(0.,-1.,-1.22464679914735E-16));
#6542=DIRECTION('',(6.72575898208706E-17,-4.88461341721336E-17,-1.));
#6543=DIRECTION('',(6.72575898208706E-17,-4.88461341721336E-17,-1.));
#6544=DIRECTION('',(0.0655523539003724,0.997849131331045,-4.43321792221194E-17));
#6545=DIRECTION('',(-1.21430643318376E-16,-1.22464679914735E-16,1.));
#6546=DIRECTION('',(0.,-1.,-1.22464679914735E-16));
#6547=DIRECTION('',(6.72575898208706E-17,-4.88461341721336E-17,-1.));
#6548=DIRECTION('',(6.72575898208706E-17,-4.88461341721336E-17,-1.));
#6549=DIRECTION('',(6.72575898208706E-17,-4.88461341721336E-17,-1.));
#6550=DIRECTION('',(0.0655523539003724,0.997849131331045,-4.43321792221194E-17));
#6551=DIRECTION('',(-1.21430643318376E-16,-1.22464679914735E-16,1.));
#6552=DIRECTION('',(0.,-1.,-1.22464679914735E-16));
#6553=DIRECTION('',(6.72575898208706E-17,-4.88461341721336E-17,-1.));
#6554=DIRECTION('',(6.72575898208706E-17,-4.88461341721336E-17,-1.));
#6555=DIRECTION('',(6.72575898208706E-17,-4.88461341721336E-17,-1.));
#6556=DIRECTION('',(0.0655523539003724,0.997849131331045,-4.43321792221194E-17));
#6557=DIRECTION('',(-1.21430643318376E-16,-1.22464679914735E-16,1.));
#6558=DIRECTION('',(0.,-1.,-1.22464679914735E-16));
#6559=DIRECTION('',(6.72575898208706E-17,-4.88461341721336E-17,-1.));
#6560=DIRECTION('',(6.72575898208706E-17,-4.88461341721336E-17,-1.));
#6561=DIRECTION('',(0.0655523539003724,0.997849131331045,-4.43321792221194E-17));
#6562=DIRECTION('',(6.72575898208706E-17,-4.88461341721336E-17,-1.));
#6563=DIRECTION('',(6.72575898208706E-17,-4.88461341721336E-17,-1.));
#6564=DIRECTION('',(0.0655523539003724,0.997849131331045,-4.43321792221194E-17));
#6565=DIRECTION('',(6.72575898208706E-17,-4.88461341721336E-17,-1.));
#6566=DIRECTION('',(6.72575898208706E-17,-4.88461341721336E-17,-1.));
#6567=DIRECTION('',(6.72575898208706E-17,-4.88461341721336E-17,-1.));
#6568=DIRECTION('',(0.0655523539003724,0.997849131331045,-4.43321792221194E-17));
#6569=DIRECTION('',(6.72575898208706E-17,-4.88461341721336E-17,-1.));
#6570=DIRECTION('',(6.72575898208706E-17,-4.88461341721336E-17,-1.));
#6571=DIRECTION('',(0.0655523539003724,0.997849131331045,-4.43321792221194E-17));
#6572=DIRECTION('',(6.72575898208706E-17,-4.88461341721336E-17,-1.));
#6573=DIRECTION('',(6.72575898208706E-17,-4.88461341721336E-17,-1.));
#6574=DIRECTION('',(0.0655523539003724,0.997849131331045,-4.43321792221194E-17));
#6575=DIRECTION('',(6.72575898208706E-17,-4.88461341721336E-17,-1.));
#6576=DIRECTION('',(6.72575898208706E-17,-4.88461341721336E-17,-1.));
#6577=DIRECTION('',(6.72575898208706E-17,-4.88461341721336E-17,-1.));
#6578=DIRECTION('',(0.0655523539003724,0.997849131331045,-4.43321792221194E-17));
#6579=DIRECTION('',(6.72575898208706E-17,-4.88461341721336E-17,-1.));
#6580=DIRECTION('',(6.72575898208706E-17,-4.88461341721336E-17,-1.));
#6581=DIRECTION('',(0.0655523539003724,0.997849131331045,-4.43321792221194E-17));
#6582=DIRECTION('',(6.72575898208706E-17,-4.88461341721336E-17,-1.));
#6583=DIRECTION('',(6.72575898208706E-17,-4.88461341721336E-17,-1.));
#6584=DIRECTION('',(0.0655523539003724,0.997849131331045,-4.43321792221194E-17));
#6585=DIRECTION('',(6.72575898208706E-17,-4.88461341721336E-17,-1.));
#6586=DIRECTION('',(6.72575898208706E-17,-4.88461341721336E-17,-1.));
#6587=DIRECTION('',(6.72575898208706E-17,-4.88461341721336E-17,-1.));
#6588=DIRECTION('',(0.0655523539003724,0.997849131331045,-4.43321792221194E-17));
#6589=DIRECTION('',(6.72575898208706E-17,-4.88461341721336E-17,-1.));
#6590=DIRECTION('',(6.72575898208706E-17,-4.88461341721336E-17,-1.));
#6591=DIRECTION('',(0.0655523539003724,0.997849131331045,-4.43321792221194E-17));
#6592=DIRECTION('',(6.72575898208706E-17,-4.88461341721336E-17,-1.));
#6593=DIRECTION('',(6.72575898208706E-17,-4.88461341721336E-17,-1.));
#6594=DIRECTION('',(0.0655523539003724,0.997849131331045,-4.43321792221194E-17));
#6595=DIRECTION('',(6.72575898208706E-17,-4.88461341721336E-17,-1.));
#6596=DIRECTION('',(6.72575898208706E-17,-4.88461341721336E-17,-1.));
#6597=DIRECTION('',(6.72575898208706E-17,-4.88461341721336E-17,-1.));
#6598=DIRECTION('',(0.0655523539003724,0.997849131331045,-4.43321792221194E-17));
#6599=DIRECTION('',(6.72575898208706E-17,-4.88461341721336E-17,-1.));
#6600=DIRECTION('',(6.72575898208706E-17,-4.88461341721336E-17,-1.));
#6601=DIRECTION('',(0.0655523539003724,0.997849131331045,-4.43321792221194E-17));
#6602=DIRECTION('',(6.72575898208706E-17,-4.88461341721336E-17,-1.));
#6603=DIRECTION('',(6.72575898208706E-17,-4.88461341721336E-17,-1.));
#6604=DIRECTION('',(6.72575898208706E-17,-4.88461341721336E-17,-1.));
#6605=DIRECTION('',(0.0655523539003724,0.997849131331045,-4.43321792221194E-17));
#6606=DIRECTION('',(6.72575898208706E-17,-4.88461341721336E-17,-1.));
#6607=DIRECTION('',(6.72575898208706E-17,-4.88461341721336E-17,-1.));
#6608=DIRECTION('',(6.72575898208706E-17,-4.88461341721336E-17,-1.));
#6609=DIRECTION('',(0.0655523539003724,0.997849131331045,-4.43321792221194E-17));
#6610=DIRECTION('',(6.72575898208706E-17,-4.88461341721336E-17,-1.));
#6611=DIRECTION('',(6.72575898208706E-17,-4.88461341721336E-17,-1.));
#6612=DIRECTION('',(0.0655523539003724,0.997849131331045,-4.43321792221194E-17));
#6613=DIRECTION('',(6.72575898208706E-17,-4.88461341721336E-17,-1.));
#6614=DIRECTION('',(6.72575898208706E-17,-4.88461341721336E-17,-1.));
#6615=DIRECTION('',(0.0655523539003724,0.997849131331045,-4.43321792221194E-17));
#6616=DIRECTION('',(6.72575898208706E-17,-4.88461341721336E-17,-1.));
#6617=DIRECTION('',(6.72575898208706E-17,-4.88461341721336E-17,-1.));
#6618=DIRECTION('',(6.72575898208706E-17,-4.88461341721336E-17,-1.));
#6619=DIRECTION('',(0.0655523539003724,0.997849131331045,-4.43321792221194E-17));
#6620=DIRECTION('',(6.72575898208706E-17,-4.88461341721336E-17,-1.));
#6621=DIRECTION('',(6.72575898208706E-17,-4.88461341721336E-17,-1.));
#6622=DIRECTION('',(0.0655523539003724,0.997849131331045,-4.43321792221194E-17));
#6623=DIRECTION('',(6.72575898208706E-17,-4.88461341721336E-17,-1.));
#6624=DIRECTION('',(6.72575898208706E-17,-4.88461341721336E-17,-1.));
#6625=DIRECTION('',(0.0655523539003724,0.997849131331045,-4.43321792221194E-17));
#6626=DIRECTION('',(6.72575898208706E-17,-4.88461341721336E-17,-1.));
#6627=DIRECTION('',(6.72575898208706E-17,-4.88461341721336E-17,-1.));
#6628=DIRECTION('',(6.72575898208706E-17,-4.88461341721336E-17,-1.));
#6629=DIRECTION('',(0.0655523539003724,0.997849131331045,-4.43321792221194E-17));
#6630=DIRECTION('',(6.72575898208706E-17,-4.88461341721336E-17,-1.));
#6631=DIRECTION('',(6.72575898208706E-17,-4.88461341721336E-17,-1.));
#6632=DIRECTION('',(0.0655523539003724,0.997849131331045,-4.43321792221194E-17));
#6633=DIRECTION('',(6.72575898208706E-17,-4.88461341721336E-17,-1.));
#6634=DIRECTION('',(6.72575898208706E-17,-4.88461341721336E-17,-1.));
#6635=DIRECTION('',(0.0655523539003724,0.997849131331045,-4.43321792221194E-17));
#6636=DIRECTION('',(6.72575898208706E-17,-4.88461341721336E-17,-1.));
#6637=DIRECTION('',(6.72575898208706E-17,-4.88461341721336E-17,-1.));
#6638=DIRECTION('',(6.72575898208706E-17,-4.88461341721336E-17,-1.));
#6639=DIRECTION('',(0.0655523539003724,0.997849131331045,-4.43321792221194E-17));
#6640=DIRECTION('',(6.72575898208706E-17,-4.88461341721336E-17,-1.));
#6641=DIRECTION('',(6.72575898208706E-17,-4.88461341721336E-17,-1.));
#6642=DIRECTION('',(0.0655523539003724,0.997849131331045,-4.43321792221194E-17));
#6643=DIRECTION('',(6.72575898208706E-17,-4.88461341721336E-17,-1.));
#6644=DIRECTION('',(6.72575898208706E-17,-4.88461341721336E-17,-1.));
#6645=DIRECTION('',(0.0655523539003724,0.997849131331045,-4.43321792221194E-17));
#6646=DIRECTION('',(6.72575898208706E-17,-4.88461341721336E-17,-1.));
#6647=DIRECTION('',(6.72575898208706E-17,-4.88461341721336E-17,-1.));
#6648=DIRECTION('',(6.72575898208706E-17,-4.88461341721336E-17,-1.));
#6649=DIRECTION('',(0.0655523539003724,0.997849131331045,-4.43321792221194E-17));
#6650=DIRECTION('',(6.72575898208706E-17,-4.88461341721336E-17,-1.));
#6651=DIRECTION('',(6.72575898208706E-17,-4.88461341721336E-17,-1.));
#6652=DIRECTION('',(0.0655523539003724,0.997849131331045,-4.43321792221194E-17));
#6653=DIRECTION('',(6.72575898208706E-17,-4.88461341721336E-17,-1.));
#6654=DIRECTION('',(6.72575898208706E-17,-4.88461341721336E-17,-1.));
#6655=DIRECTION('',(0.0655523539003724,0.997849131331045,-4.43321792221194E-17));
#6656=DIRECTION('',(6.72575898208706E-17,-4.88461341721336E-17,-1.));
#6657=DIRECTION('',(6.72575898208706E-17,-4.88461341721336E-17,-1.));
#6658=DIRECTION('',(6.72575898208706E-17,-4.88461341721336E-17,-1.));
#6659=DIRECTION('',(0.0655523539003724,0.997849131331045,-4.43321792221194E-17));
#6660=DIRECTION('',(6.72575898208706E-17,-4.88461341721336E-17,-1.));
#6661=DIRECTION('',(6.72575898208706E-17,-4.88461341721336E-17,-1.));
#6662=DIRECTION('',(0.0655523539003724,0.997849131331045,-4.43321792221194E-17));
#6663=DIRECTION('',(6.72575898208706E-17,-4.88461341721336E-17,-1.));
#6664=DIRECTION('',(6.72575898208706E-17,-4.88461341721336E-17,-1.));
#6665=DIRECTION('',(0.0655523539003724,0.997849131331045,-4.43321792221194E-17));
#6666=DIRECTION('',(6.72575898208706E-17,-4.88461341721336E-17,-1.));
#6667=DIRECTION('',(6.72575898208706E-17,-4.88461341721336E-17,-1.));
#6668=DIRECTION('',(6.72575898208706E-17,-4.88461341721336E-17,-1.));
#6669=DIRECTION('',(0.0655523539003724,0.997849131331045,-4.43321792221194E-17));
#6670=DIRECTION('',(6.72575898208706E-17,-4.88461341721336E-17,-1.));
#6671=DIRECTION('',(6.72575898208706E-17,-4.88461341721336E-17,-1.));
#6672=DIRECTION('',(0.0655523539003724,0.997849131331045,-4.43321792221194E-17));
#6673=DIRECTION('',(6.72575898208706E-17,-4.88461341721336E-17,-1.));
#6674=DIRECTION('',(6.72575898208706E-17,-4.88461341721336E-17,-1.));
#6675=DIRECTION('',(0.0655523539003724,0.997849131331045,-4.43321792221194E-17));
#6676=DIRECTION('',(6.72575898208706E-17,-4.88461341721336E-17,-1.));
#6677=DIRECTION('',(6.72575898208706E-17,-4.88461341721336E-17,-1.));
#6678=DIRECTION('',(6.72575898208706E-17,-4.88461341721336E-17,-1.));
#6679=DIRECTION('',(0.0655523539003724,0.997849131331045,-4.43321792221194E-17));
#6680=DIRECTION('',(6.72575898208706E-17,-4.88461341721336E-17,-1.));
#6681=DIRECTION('',(6.72575898208706E-17,-4.88461341721336E-17,-1.));
#6682=DIRECTION('',(0.0655523539003724,0.997849131331045,-4.43321792221194E-17));
#6683=DIRECTION('',(6.72575898208706E-17,-4.88461341721336E-17,-1.));
#6684=DIRECTION('',(6.72575898208706E-17,-4.88461341721336E-17,-1.));
#6685=DIRECTION('',(0.0655523539003724,0.997849131331045,-4.43321792221194E-17));
#6686=DIRECTION('',(6.72575898208706E-17,-4.88461341721336E-17,-1.));
#6687=DIRECTION('',(6.72575898208706E-17,-4.88461341721336E-17,-1.));
#6688=DIRECTION('',(6.72575898208706E-17,-4.88461341721336E-17,-1.));
#6689=DIRECTION('',(0.0655523539003724,0.997849131331045,-4.43321792221194E-17));
#6690=DIRECTION('',(6.72575898208706E-17,-4.88461341721336E-17,-1.));
#6691=DIRECTION('',(6.72575898208706E-17,-4.88461341721336E-17,-1.));
#6692=DIRECTION('',(0.0655523539003724,0.997849131331045,-4.43321792221194E-17));
#6693=DIRECTION('',(6.72575898208706E-17,-4.88461341721336E-17,-1.));
#6694=DIRECTION('',(6.72575898208706E-17,-4.88461341721336E-17,-1.));
#6695=DIRECTION('',(0.0655523539003724,0.997849131331045,-4.43321792221194E-17));
#6696=DIRECTION('',(6.72575898208706E-17,-4.88461341721336E-17,-1.));
#6697=DIRECTION('',(6.72575898208706E-17,-4.88461341721336E-17,-1.));
#6698=DIRECTION('',(6.72575898208706E-17,-4.88461341721336E-17,-1.));
#6699=DIRECTION('',(0.0655523539003724,0.997849131331045,-4.43321792221194E-17));
#6700=DIRECTION('',(6.72575898208706E-17,-4.88461341721336E-17,-1.));
#6701=DIRECTION('',(6.72575898208706E-17,-4.88461341721336E-17,-1.));
#6702=DIRECTION('',(0.0655523539003724,0.997849131331045,-4.43321792221194E-17));
#6703=DIRECTION('',(6.72575898208706E-17,-4.88461341721336E-17,-1.));
#6704=DIRECTION('',(6.72575898208706E-17,-4.88461341721336E-17,-1.));
#6705=DIRECTION('',(0.0655523539003724,0.997849131331045,-4.43321792221194E-17));
#6706=DIRECTION('',(6.72575898208706E-17,-4.88461341721336E-17,-1.));
#6707=DIRECTION('',(6.72575898208706E-17,-4.88461341721336E-17,-1.));
#6708=DIRECTION('',(6.72575898208706E-17,-4.88461341721336E-17,-1.));
#6709=DIRECTION('',(0.0655523539003724,0.997849131331045,-4.43321792221194E-17));
#6710=DIRECTION('',(6.72575898208706E-17,-4.88461341721336E-17,-1.));
#6711=DIRECTION('',(6.72575898208706E-17,-4.88461341721336E-17,-1.));
#6712=DIRECTION('',(0.0655523539003724,0.997849131331045,-4.43321792221194E-17));
#6713=DIRECTION('',(-1.21430643318376E-16,-1.22464679914735E-16,1.));
#6714=DIRECTION('',(0.,-1.,-1.22464679914735E-16));
#6715=DIRECTION('',(6.72575898208706E-17,-4.88461341721336E-17,-1.));
#6716=DIRECTION('',(6.72575898208706E-17,-4.88461341721336E-17,-1.));
#6717=DIRECTION('',(0.0655523539003724,0.997849131331045,-4.43321792221194E-17));
#6718=DIRECTION('',(-1.21430643318376E-16,-1.22464679914735E-16,1.));
#6719=DIRECTION('',(0.,-1.,-1.22464679914735E-16));
#6720=DIRECTION('',(6.72575898208706E-17,-4.88461341721336E-17,-1.));
#6721=DIRECTION('',(6.72575898208706E-17,-4.88461341721336E-17,-1.));
#6722=DIRECTION('',(6.72575898208706E-17,-4.88461341721336E-17,-1.));
#6723=DIRECTION('',(0.0655523539003724,0.997849131331045,-4.43321792221194E-17));
#6724=DIRECTION('',(-1.21430643318376E-16,-1.22464679914735E-16,1.));
#6725=DIRECTION('',(0.,-1.,-1.22464679914735E-16));
#6726=DIRECTION('',(6.72575898208706E-17,-4.88461341721336E-17,-1.));
#6727=DIRECTION('',(6.72575898208706E-17,-4.88461341721336E-17,-1.));
#6728=DIRECTION('',(0.0655523539003724,0.997849131331045,-4.43321792221194E-17));
#6729=DIRECTION('',(-1.21430643318376E-16,-1.22464679914735E-16,1.));
#6730=DIRECTION('',(0.,-1.,-1.22464679914735E-16));
#6731=DIRECTION('',(6.72575898208706E-17,-4.88461341721336E-17,-1.));
#6732=DIRECTION('',(0.,1.,1.22464679914735E-16));
#6733=DIRECTION('',(-1.,0.,0.));
#6734=DIRECTION('',(1.,-1.5136517809858E-32,1.23599047663347E-16));
#6735=DIRECTION('',(1.,-1.48709648658254E-32,1.21430643318376E-16));
#6736=DIRECTION('',(0.,1.,1.22464679914735E-16));
#6737=DIRECTION('',(-1.,0.,0.));
#6738=DIRECTION('',(1.,-1.5136517809858E-32,1.23599047663347E-16));
#6739=DIRECTION('',(1.,-1.48709648658254E-32,1.21430643318376E-16));
#6740=DIRECTION('',(-1.21430643318376E-16,-1.22464679914735E-16,1.));
#6741=DIRECTION('',(0.,-1.,-1.22464679914735E-16));
#6742=DIRECTION('',(1.,-1.48709648658254E-32,1.21430643318376E-16));
#6743=DIRECTION('',(1.,-1.48709648658254E-32,1.21430643318376E-16));
#6744=DIRECTION('',(-1.23599047663347E-16,-1.22464679914735E-16,1.));
#6745=DIRECTION('',(1.,0.,1.23599047663347E-16));
#6746=DIRECTION('',(1.,-1.5136517809858E-32,1.23599047663347E-16));
#6747=DIRECTION('',(1.,-1.5136517809858E-32,1.23599047663347E-16));
#6748=DIRECTION('',(1.,-1.5136517809858E-32,1.23599047663347E-16));
#6749=DIRECTION('',(1.23599047663347E-16,0.,-1.));
#6750=DIRECTION('',(-1.,1.48709648658254E-32,-1.21430643318376E-16));
#6751=DIRECTION('',(-1.21430643318376E-16,0.,1.));
#6752=DIRECTION('',(-1.,1.5136517809858E-32,-1.23599047663347E-16));
#6753=DIRECTION('',(-1.23599047663347E-16,0.,1.));
#6754=DIRECTION('',(1.,-1.48709648658254E-32,1.21430643318376E-16));
#6755=DIRECTION('',(1.21430643318376E-16,0.,-1.));
#6756=CARTESIAN_POINT('',(0.,0.,0.));
#6757=CARTESIAN_POINT('',(0.0575582672857043,-0.0230434964984828,0.0040499430930615));
#6758=CARTESIAN_POINT('',(0.0591873524354009,-0.0176698226219211,0.0040499430930615));
#6759=CARTESIAN_POINT('',(0.053404498642087,-0.015294408038403,0.00404994309306147));
#6760=CARTESIAN_POINT('',(0.0535140462095939,-0.0150434964984828,0.0040499430930615));
#6761=CARTESIAN_POINT('',(0.0640965983316301,-0.0150434964984828,0.0040499430930615));
#6762=CARTESIAN_POINT('',(0.0554747325391505,-0.0150434964984828,0.0040499430930615));
#6763=CARTESIAN_POINT('',(0.0591873524354009,-0.0176698226219211,0.0040499430930615));
#6764=CARTESIAN_POINT('',(0.0561378508408294,-0.0210434964984828,0.0040499430930615));
#6765=CARTESIAN_POINT('',(0.0575582672857043,-0.0210434964984828,0.0040499430930615));
#6766=CARTESIAN_POINT('',(0.0533459559204694,-0.0210434964984828,0.0040499430930615));
#6767=CARTESIAN_POINT('',(0.0591873524354009,-0.0176698226219211,0.0040499430930615));
#6768=CARTESIAN_POINT('',(0.0528830228200469,-0.020069617773808,0.0040499430930615));
#6769=CARTESIAN_POINT('',(0.0519590783262713,-0.0210037742183583,0.0040499430930615));
#6770=CARTESIAN_POINT('',(0.0519900828181379,-0.0209558623271381,0.0040499430930615));
#6771=CARTESIAN_POINT('',(0.0521007480879457,-0.0207895851697515,0.0040499430930615));
#6772=CARTESIAN_POINT('',(0.0523133550604104,-0.0205196042074605,0.0040499430930615));
#6773=CARTESIAN_POINT('',(0.0525713918821887,-0.0202732389323287,0.0040499430930615));
#6774=CARTESIAN_POINT('',(0.0527998236253748,-0.0200988480486535,0.0040499430930615));
#6775=CARTESIAN_POINT('',(0.0530021587998291,-0.0200228013150273,0.0040499430930615));
#6776=CARTESIAN_POINT('',(0.0531885592354992,-0.019928580044072,0.0040499430930615));
#6777=CARTESIAN_POINT('',(0.0533016492374416,-0.0198036785419855,0.00404994309306164));
#6778=CARTESIAN_POINT('',(0.0532853532657316,-0.0197274470658234,0.0040499430930615));
#6779=CARTESIAN_POINT('',(0.0532844257937394,-0.0197231084132821,0.0040499430930615));
#6780=CARTESIAN_POINT('',(0.0532730584659575,-0.0196699328069269,0.0040499430930615));
#6781=CARTESIAN_POINT('',(0.0532616911381757,-0.0196167572005716,0.0040499430930615));
#6782=CARTESIAN_POINT('',(0.0532503238103938,-0.0195635815942162,0.0040499430930615));
#6783=CARTESIAN_POINT('',(0.0532869668964838,-0.0197360856571563,0.00404994309306152));
#6784=CARTESIAN_POINT('',(0.0591873524354009,-0.0176698226219211,0.0040499430930615));
#6785=CARTESIAN_POINT('',(0.0532628470110928,-0.0196658757063305,0.0040499430930615));
#6786=CARTESIAN_POINT('',(0.053267598586092,-0.019676444439182,0.00404994309306145));
#6787=CARTESIAN_POINT('',(0.0532660264985971,-0.019672909088363,0.00404994309306145));
#6788=CARTESIAN_POINT('',(0.0532486087225334,-0.0196341522717358,0.00404994309306145));
#6789=CARTESIAN_POINT('',(0.0532282036655533,-0.0195941431239561,0.00404994309306159));
#6790=CARTESIAN_POINT('',(0.0532308068944796,-0.0195622349402087,0.00404994309306145));
#6791=CARTESIAN_POINT('',(0.0532310105749865,-0.0195597383964074,0.00404994309306145));
#6792=CARTESIAN_POINT('',(0.0532310468493215,-0.0195592937762142,0.00404994309306145));
#6793=CARTESIAN_POINT('',(0.0532310831236566,-0.0195588491560209,0.00404994309306145));
#6794=CARTESIAN_POINT('',(0.0532311193979916,-0.0195584045358277,0.00404994309306145));
#6795=CARTESIAN_POINT('',(0.0532305298416629,-0.0195672569488919,0.00404994309306147));
#6796=CARTESIAN_POINT('',(0.0591873524354009,-0.0176698226219211,0.0040499430930615));
#6797=CARTESIAN_POINT('',(0.0531434396912559,-0.0192682941354603,0.0040499430930615));
#6798=CARTESIAN_POINT('',(0.0531486922775067,-0.0192754464697139,0.00404994309306162));
#6799=CARTESIAN_POINT('',(0.0531484227393151,-0.0192750906835044,0.00404994309306162));
#6800=CARTESIAN_POINT('',(0.0531481532011235,-0.019274734897295,0.00404994309306162));
#6801=CARTESIAN_POINT('',(0.0531478836629319,-0.0192743791110855,0.00404994309306162));
#6802=CARTESIAN_POINT('',(0.0531463708719417,-0.0192723822505706,0.00404994309306162));
#6803=CARTESIAN_POINT('',(0.0531270347891332,-0.0192468589228115,0.00404994309306133));
#6804=CARTESIAN_POINT('',(0.0531227605561255,-0.0192021400566268,0.00404994309306162));
#6805=CARTESIAN_POINT('',(0.0531166377286591,-0.0191600838204892,0.00404994309306162));
#6806=CARTESIAN_POINT('',(0.0531160650807373,-0.019156256504188,0.00404994309306162));
#6807=CARTESIAN_POINT('',(0.0531177331580202,-0.0191677259118843,0.00404994309306162));
#6808=CARTESIAN_POINT('',(0.0591873524354009,-0.0176698226219211,0.0040499430930615));
#6809=CARTESIAN_POINT('',(0.0531003817721691,-0.0190955787664395,0.0040499430930615));
#6810=CARTESIAN_POINT('',(0.0531620993162651,-0.0192607844929157,0.0040499430930615));
#6811=CARTESIAN_POINT('',(0.0531431350289215,-0.019209820033503,0.0040499430930615));
#6812=CARTESIAN_POINT('',(0.0531241707415778,-0.0191588555740901,0.0040499430930615));
#6813=CARTESIAN_POINT('',(0.0531052064542341,-0.0191078911146773,0.0040499430930615));
#6814=CARTESIAN_POINT('',(0.0531036591544704,-0.0191037329148685,0.0040499430930615));
#6815=CARTESIAN_POINT('',(0.0530764723708224,-0.0190306713910324,0.00404994309306164));
#6816=CARTESIAN_POINT('',(0.0529139996307687,-0.0189860362164453,0.0040499430930615));
#6817=CARTESIAN_POINT('',(0.0527061574368164,-0.0190066581353508,0.0040499430930615));
#6818=CARTESIAN_POINT('',(0.052494636453042,-0.0190511761048491,0.0040499430930615));
#6819=CARTESIAN_POINT('',(0.0522082847630726,-0.019026748219654,0.0040499430930615));
#6820=CARTESIAN_POINT('',(0.0518583059071938,-0.0189575053223573,0.0040499430930615));
#6821=CARTESIAN_POINT('',(0.0515339667504619,-0.0188439425095671,0.0040499430930615));
#6822=CARTESIAN_POINT('',(0.0513513152469411,-0.018763111641484,0.0040499430930615));
#6823=CARTESIAN_POINT('',(0.051299430139689,-0.0187393463681435,0.0040499430930615));
#6824=CARTESIAN_POINT('',(0.0525805095029426,-0.0190311510671812,0.0040499430930615));
#6825=CARTESIAN_POINT('',(0.0591873524354009,-0.0176698226219211,0.0040499430930615));
#6826=CARTESIAN_POINT('',(0.052442442442089,-0.0177687056445812,0.0040499430930615));
#6827=CARTESIAN_POINT('',(0.0512547173387374,-0.0183305152313776,0.0040499430930615));
#6828=CARTESIAN_POINT('',(0.0513002394859876,-0.0182960966375293,0.0040499430930615));
#6829=CARTESIAN_POINT('',(0.0514611031667315,-0.018177695929658,0.0040499430930615));
#6830=CARTESIAN_POINT('',(0.0517532313948757,-0.0179967111957667,0.0040499430930615));
#6831=CARTESIAN_POINT('',(0.0520799732514479,-0.0178534577078572,0.0040499430930615));
#6832=CARTESIAN_POINT('',(0.0523542785377367,-0.0177677132937782,0.0040499430930615));
#6833=CARTESIAN_POINT('',(0.0525704234877936,-0.0177654624149073,0.0040499430930615));
#6834=CARTESIAN_POINT('',(0.0527778124701932,-0.0177406687774322,0.0040499430930615));
#6835=CARTESIAN_POINT('',(0.0529267926649066,-0.0176619616353119,0.0040499430930615));
#6836=CARTESIAN_POINT('',(0.0529375366822401,-0.0175847472813702,0.0040499430930615));
#6837=CARTESIAN_POINT('',(0.0529381481568058,-0.0175803527786362,0.0040499430930615));
#6838=CARTESIAN_POINT('',(0.0529456427164543,-0.0175264914004039,0.0040499430930615));
#6839=CARTESIAN_POINT('',(0.0529531372761028,-0.0174726300221715,0.0040499430930615));
#6840=CARTESIAN_POINT('',(0.0529606318357512,-0.0174187686439391,0.0040499430930615));
#6841=CARTESIAN_POINT('',(0.052936100186563,-0.0175934173856994,0.0040499430930615));
#6842=CARTESIAN_POINT('',(0.0591873524354009,-0.0176698226219211,0.0040499430930615));
#6843=CARTESIAN_POINT('',(0.0529374463471421,-0.0175192692214939,0.0040499430930615));
#6844=CARTESIAN_POINT('',(0.0529382971178106,-0.0175308322985335,0.0040499430930615));
#6845=CARTESIAN_POINT('',(0.0529380288577093,-0.0175269702868851,0.0040499430930615));
#6846=CARTESIAN_POINT('',(0.0529349153955583,-0.0174845694309235,0.0040499430930615));
#6847=CARTESIAN_POINT('',(0.0529294210040469,-0.0174399668559263,0.0040499430930615));
#6848=CARTESIAN_POINT('',(0.0529427880329541,-0.0174108568808302,0.0040499430930615));
#6849=CARTESIAN_POINT('',(0.0529438338236562,-0.01740857941577,0.0040499430930615));
#6850=CARTESIAN_POINT('',(0.0529440201567746,-0.0174081736298266,0.0040499430930615));
#6851=CARTESIAN_POINT('',(0.052944206489893,-0.0174077678438833,0.0040499430930615));
#6852=CARTESIAN_POINT('',(0.0529443928230113,-0.01740736205794,0.0040499430930615));
#6853=CARTESIAN_POINT('',(0.0529408090632618,-0.0174154835993167,0.0040499430930615));
#6854=CARTESIAN_POINT('',(0.0591873524354009,-0.0176698226219211,0.0040499430930615));
#6855=CARTESIAN_POINT('',(0.0529612198541603,-0.0171047867653159,0.0040499430930615));
#6856=CARTESIAN_POINT('',(0.0529637103662524,-0.0171133074595679,0.00404994309306145));
#6857=CARTESIAN_POINT('',(0.0529635787176636,-0.0171128807751955,0.00404994309306145));
#6858=CARTESIAN_POINT('',(0.0529634470690748,-0.017112454090823,0.00404994309306145));
#6859=CARTESIAN_POINT('',(0.052963315420486,-0.0171120274064506,0.00404994309306145));
#6860=CARTESIAN_POINT('',(0.0529625765527446,-0.017109632672702,0.00404994309306145));
#6861=CARTESIAN_POINT('',(0.0529531325217013,-0.0170790237577429,0.00404994309306158));
#6862=CARTESIAN_POINT('',(0.0529644149011046,-0.0170355227093629,0.00404994309306145));
#6863=CARTESIAN_POINT('',(0.0529730486833347,-0.0169938929842509,0.00404994309306145));
#6864=CARTESIAN_POINT('',(0.0529738198837014,-0.0169900992048564,0.00404994309306145));
#6865=CARTESIAN_POINT('',(0.0529714637006898,-0.017001451709832,0.00404994309306145));
#6866=CARTESIAN_POINT('',(0.0591873524354009,-0.0176698226219211,0.0040499430930615));
#6867=CARTESIAN_POINT('',(0.0529798291753099,-0.0169277664150527,0.0040499430930615));
#6868=CARTESIAN_POINT('',(0.0529813011944644,-0.0171041237190602,0.00404994309306179));
#6869=CARTESIAN_POINT('',(0.0529809175760556,-0.0170497447032843,0.00404994309306164));
#6870=CARTESIAN_POINT('',(0.0529805339576468,-0.0169953656875085,0.00404994309306164));
#6871=CARTESIAN_POINT('',(0.0529801503392379,-0.0169409866717327,0.0040499430930615));
#6872=CARTESIAN_POINT('',(0.0529801190401701,-0.0169365499386051,0.0040499430930615));
#6873=CARTESIAN_POINT('',(0.0529795690942565,-0.0168585935193483,0.00404994309306164));
#6874=CARTESIAN_POINT('',(0.0528421661424831,-0.0167610725096353,0.0040499430930615));
#6875=CARTESIAN_POINT('',(0.0526398030259221,-0.0167093605624442,0.0040499430930615));
#6876=CARTESIAN_POINT('',(0.0524258100513065,-0.016678852493655,0.0040499430930615));
#6877=CARTESIAN_POINT('',(0.052165079417152,-0.0165579596213131,0.0040499430930615));
#6878=CARTESIAN_POINT('',(0.0518598863515483,-0.0163731920075822,0.0040499430930615));
#6879=CARTESIAN_POINT('',(0.0515939455624036,-0.0161555456285009,0.0040499430930615));
#6880=CARTESIAN_POINT('',(0.0514499538353795,-0.0160171178195583,0.0040499430930615));
#6881=CARTESIAN_POINT('',(0.0514093256363845,-0.0159770396844021,0.0040499430930615));
#6882=CARTESIAN_POINT('',(0.0525133457799861,-0.0166894023888014,0.0040499430930615));
#6883=CARTESIAN_POINT('',(0.0591873524354009,-0.0176698226219211,0.0040499430930615));
#6884=CARTESIAN_POINT('',(0.0528153827284042,-0.0154558689812219,0.0040499430930615));
#6885=CARTESIAN_POINT('',(0.0515071385916894,-0.0155775715416851,0.0040499430930615));
#6886=CARTESIAN_POINT('',(0.0515616868244087,-0.0155607982641183,0.0040499430930615));
#6887=CARTESIAN_POINT('',(0.0517533430940068,-0.0155045570440233,0.0040499430930615));
#6888=CARTESIAN_POINT('',(0.052089751403172,-0.015434401150652,0.0040499430930615));
#6889=CARTESIAN_POINT('',(0.0524457810048701,-0.0154115385327096,0.0040499430930615));
#6890=CARTESIAN_POINT('',(0.0527328674466931,-0.0154247819017688,0.0040499430930615));
#6891=CARTESIAN_POINT('',(0.0529367466021921,-0.0154965890285712,0.0040499430930615));
#6892=CARTESIAN_POINT('',(0.0531401047514351,-0.0155442242368947,0.0040499430930615));
#6893=CARTESIAN_POINT('',(0.0533070204492982,-0.0155212277174393,0.0040499430930615));
#6894=CARTESIAN_POINT('',(0.0533435316718939,-0.0154523507347238,0.0040499430930615));
#6895=CARTESIAN_POINT('',(0.0533456096600681,-0.0154484306919154,0.0040499430930615));
#6896=CARTESIAN_POINT('',(0.0533710782594309,-0.0154003851827982,0.00404994309306137));
#6897=CARTESIAN_POINT('',(0.0533965468587938,-0.0153523396736811,0.00404994309306122));
#6898=CARTESIAN_POINT('',(0.0534220154581565,-0.015304294164564,0.00404994309306108));
#6899=CARTESIAN_POINT('',(0.0533392157094616,-0.0154600060518415,0.0040499430930615));
#6900=CARTESIAN_POINT('',(0.0591873524354009,-0.0176698226219211,0.0040499430930615));
#6901=CARTESIAN_POINT('',(0.0533658564339098,-0.0153907489629405,0.0040499430930615));
#6902=CARTESIAN_POINT('',(0.0533627022278364,-0.0154019016350347,0.00404994309306145));
#6903=CARTESIAN_POINT('',(0.053363770650506,-0.0153981821261074,0.00404994309306145));
#6904=CARTESIAN_POINT('',(0.053375342732685,-0.0153572883246322,0.00404994309306145));
#6905=CARTESIAN_POINT('',(0.053385430508005,-0.0153135129069601,0.00404994309306158));
#6906=CARTESIAN_POINT('',(0.0534079394527561,-0.0152907385189724,0.00404994309306145));
#6907=CARTESIAN_POINT('',(0.0534097004786089,-0.0152889567257133,0.00404994309306145));
#6908=CARTESIAN_POINT('',(0.053410014244646,-0.0152886392594996,0.00404994309306145));
#6909=CARTESIAN_POINT('',(0.0534103280106831,-0.0152883217932858,0.00404994309306145));
#6910=CARTESIAN_POINT('',(0.0534106417767202,-0.015288004327072,0.00404994309306145));
#6911=CARTESIAN_POINT('',(0.0575582672857043,-0.0230434964984828,-0.000950056906938496));
#6912=CARTESIAN_POINT('',(0.0591873524354009,-0.0176698226219211,-0.000950056906938495));
#6913=CARTESIAN_POINT('',(0.065475988158697,-0.0152779041284153,-0.000950056906938492));
#6914=CARTESIAN_POINT('',(0.0653817551050081,-0.0150434964984828,-0.000950056906938494));
#6915=CARTESIAN_POINT('',(0.0575582672857043,-0.0150434964984828,-0.000950056906938495));
#6916=CARTESIAN_POINT('',(0.0628999723316514,-0.0150434964984828,-0.000950056906938495));
#6917=CARTESIAN_POINT('',(0.0591873524354009,-0.0176698226219211,-0.000950056906938496));
#6918=CARTESIAN_POINT('',(0.0622368540299724,-0.0210434964984828,-0.000950056906938496));
#6919=CARTESIAN_POINT('',(0.0632360364695346,-0.0210434964984828,-0.000950056906938495));
#6920=CARTESIAN_POINT('',(0.0650085669061532,-0.0210434964984828,-0.000950056906938494));
#6921=CARTESIAN_POINT('',(0.0591873524354009,-0.0176698226219211,-0.000950056906938495));
#6922=CARTESIAN_POINT('',(0.0651085689133561,-0.0208647261824372,-0.000950056906938494));
#6923=CARTESIAN_POINT('',(0.0648244150547213,-0.0203245815550568,-0.000950056906938494));
#6924=CARTESIAN_POINT('',(0.0648064596958057,-0.0203758276920771,-0.000950056906938494));
#6925=CARTESIAN_POINT('',(0.06478850433689,-0.0204270738290973,-0.000950056906938494));
#6926=CARTESIAN_POINT('',(0.0647705489779744,-0.0204783199661176,-0.000950056906938494));
#6927=CARTESIAN_POINT('',(0.0647690830810829,-0.0204825037617917,-0.000950056906938494));
#6928=CARTESIAN_POINT('',(0.0647433406144325,-0.0205559749733339,-0.000950056906938494));
#6929=CARTESIAN_POINT('',(0.0648394626272968,-0.0206943347837294,-0.000950056906938494));
#6930=CARTESIAN_POINT('',(0.0650119186635778,-0.0208119394411939,-0.000950056906938494));
#6931=CARTESIAN_POINT('',(0.065202436892589,-0.0209139095197416,-0.000950056906938494));
#6932=CARTESIAN_POINT('',(0.0654059847946777,-0.0211166533150836,-0.000950056906938494));
#6933=CARTESIAN_POINT('',(0.0656294718774268,-0.0213946048077368,-0.000950056906938494));
#6934=CARTESIAN_POINT('',(0.065804862809313,-0.0216899947997861,-0.000950056906938494));
#6935=CARTESIAN_POINT('',(0.065892790772521,-0.021869269037278,-0.000950056906938494));
#6936=CARTESIAN_POINT('',(0.0659172515454894,-0.0219208104995353,-0.000950056906938494));
#6937=CARTESIAN_POINT('',(0.0647663951770535,-0.020490864012126,-0.000950056906938496));
#6938=CARTESIAN_POINT('',(0.0591873524354009,-0.0176698226219211,-0.000950056906938496));
#6939=CARTESIAN_POINT('',(0.0648003110841265,-0.0204227642574303,-0.000950056906938549));
#6940=CARTESIAN_POINT('',(0.0648451641649653,-0.0203210807980009,-0.00095005690693855));
#6941=CARTESIAN_POINT('',(0.0648451444189884,-0.0203215422307877,-0.00095005690693855));
#6942=CARTESIAN_POINT('',(0.0648451246730115,-0.0203220036635745,-0.00095005690693855));
#6943=CARTESIAN_POINT('',(0.0648451049270347,-0.0203224650963612,-0.00095005690693855));
#6944=CARTESIAN_POINT('',(0.0648449994106423,-0.0203249308504385,-0.00095005690693855));
#6945=CARTESIAN_POINT('',(0.0648436412705585,-0.020356668473157,-0.000950056906938411));
#6946=CARTESIAN_POINT('',(0.0648184842033274,-0.0203933739091973,-0.00095005690693855));
#6947=CARTESIAN_POINT('',(0.0647962610613456,-0.0204292771624616,-0.00095005690693855));
#6948=CARTESIAN_POINT('',(0.0647942492882944,-0.0204325545478939,-0.00095005690693855));
#6949=CARTESIAN_POINT('',(0.0648445852155776,-0.0203305950115277,-0.000950056906938496));
#6950=CARTESIAN_POINT('',(0.0591873524354009,-0.0176698226219211,-0.000950056906938496));
#6951=CARTESIAN_POINT('',(0.0649703253139448,-0.0200449472752958,-0.00095005690693853));
#6952=CARTESIAN_POINT('',(0.0650114887729769,-0.0199390793163781,-0.00095005690693855));
#6953=CARTESIAN_POINT('',(0.0650104396049905,-0.0199427452839045,-0.00095005690693855));
#6954=CARTESIAN_POINT('',(0.0649990685455633,-0.0199830409607009,-0.00095005690693855));
#6955=CARTESIAN_POINT('',(0.0649890468732103,-0.0200260880048586,-0.000950056906938411));
#6956=CARTESIAN_POINT('',(0.0649669036746337,-0.0200486166530438,-0.00095005690693855));
#6957=CARTESIAN_POINT('',(0.0649651523015069,-0.020050398512556,-0.00095005690693855));
#6958=CARTESIAN_POINT('',(0.0649648644920887,-0.0200506913319111,-0.00095005690693855));
#6959=CARTESIAN_POINT('',(0.0649645766826705,-0.0200509841512662,-0.00095005690693855));
#6960=CARTESIAN_POINT('',(0.0649642888732523,-0.0200512769706213,-0.00095005690693855));
#6961=CARTESIAN_POINT('',(0.065008389289987,-0.0199500687437215,-0.000950056906938496));
#6962=CARTESIAN_POINT('',(0.0591873524354009,-0.0176698226219211,-0.000950056906938496));
#6963=CARTESIAN_POINT('',(0.0650322507620752,-0.0198881904880053,-0.000950056906938494));
#6964=CARTESIAN_POINT('',(0.0668715638686245,-0.0197608016742594,-0.000950056906938494));
#6965=CARTESIAN_POINT('',(0.0668157013491474,-0.019778014550713,-0.000950056906938494));
#6966=CARTESIAN_POINT('',(0.0666194129255504,-0.0198357265733144,-0.000950056906938494));
#6967=CARTESIAN_POINT('',(0.0662745853204263,-0.0199072340625706,-0.000950056906938494));
#6968=CARTESIAN_POINT('',(0.0659099004433721,-0.0199285559179854,-0.000950056906938494));
#6969=CARTESIAN_POINT('',(0.0656154703058741,-0.0199118481852723,-0.000950056906938494));
#6970=CARTESIAN_POINT('',(0.0654095905235138,-0.0198300195837432,-0.000950056906938494));
#6971=CARTESIAN_POINT('',(0.0652306962402535,-0.0198004089265337,-0.000950056906938494));
#6972=CARTESIAN_POINT('',(0.0650768440821991,-0.0198217494184358,-0.000950056906938494));
#6973=CARTESIAN_POINT('',(0.0650237593701156,-0.0198967337174277,-0.000950056906938494));
#6974=CARTESIAN_POINT('',(0.0650016125329765,-0.0199440740100915,-0.000950056906938494));
#6975=CARTESIAN_POINT('',(0.0649952264012886,-0.0199577247784244,-0.000950056906938494));
#6976=CARTESIAN_POINT('',(0.0649763954042543,-0.0199979772490209,-0.000950056906938494));
#6977=CARTESIAN_POINT('',(0.0649575644072201,-0.0200382297196176,-0.000950056906938494));
#6978=CARTESIAN_POINT('',(0.0649387334101858,-0.0200784821902142,-0.000950056906938494));
#6979=CARTESIAN_POINT('',(0.0655422079930976,-0.0198798054681673,-0.000950056906938494));
#6980=CARTESIAN_POINT('',(0.0591873524354009,-0.0176698226219211,-0.000950056906938495));
#6981=CARTESIAN_POINT('',(0.0658442003272054,-0.0186468535760299,-0.000950056906938494));
#6982=CARTESIAN_POINT('',(0.0653924037974583,-0.0182365063353333,-0.000950056906938208));
#6983=CARTESIAN_POINT('',(0.0653930693427419,-0.0182907998166081,-0.000950056906938355));
#6984=CARTESIAN_POINT('',(0.0653937348880254,-0.0183450932978829,-0.000950056906938355));
#6985=CARTESIAN_POINT('',(0.0653944004333091,-0.0183993867791577,-0.000950056906938494));
#6986=CARTESIAN_POINT('',(0.0653944547707083,-0.0184038194851526,-0.000950056906938494));
#6987=CARTESIAN_POINT('',(0.065395408961461,-0.0184816599252346,-0.000950056906938208));
#6988=CARTESIAN_POINT('',(0.0655330657869167,-0.0185787848830947,-0.000950056906938494));
#6989=CARTESIAN_POINT('',(0.065735341627238,-0.0186303062054686,-0.000950056906938494));
#6990=CARTESIAN_POINT('',(0.0659492427181777,-0.0186609719960875,-0.000950056906938494));
#6991=CARTESIAN_POINT('',(0.0662098533276165,-0.0187818719064757,-0.000950056906938494));
#6992=CARTESIAN_POINT('',(0.0665149230728475,-0.0189666235948547,-0.000950056906938494));
#6993=CARTESIAN_POINT('',(0.0667807623111691,-0.019184210293844,-0.000950056906938494));
#6994=CARTESIAN_POINT('',(0.0669247010266621,-0.0193225986130734,-0.000950056906938494));
#6995=CARTESIAN_POINT('',(0.0669653143050948,-0.0193626653129403,-0.000950056906938494));
#6996=CARTESIAN_POINT('',(0.0653947900930771,-0.018412594568415,-0.000950056906938495));
#6997=CARTESIAN_POINT('',(0.0591873524354009,-0.0176698226219211,-0.000950056906938496));
#6998=CARTESIAN_POINT('',(0.0654033771151382,-0.0183369280253982,-0.000950056906938525));
#6999=CARTESIAN_POINT('',(0.06541102381366,-0.0182268336959912,-0.00095005690693838));
#7000=CARTESIAN_POINT('',(0.0654111433037102,-0.01822722499959,-0.00095005690693838));
#7001=CARTESIAN_POINT('',(0.0654112627937603,-0.0182276163031889,-0.00095005690693838));
#7002=CARTESIAN_POINT('',(0.0654113822838106,-0.0182280076067878,-0.00095005690693838));
#7003=CARTESIAN_POINT('',(0.0654121120952974,-0.0182303975786787,-0.00095005690693838));
#7004=CARTESIAN_POINT('',(0.0654213349221536,-0.0182606003054678,-0.000950056906938666));
#7005=CARTESIAN_POINT('',(0.065410343031136,-0.0183033918996305,-0.00095005690693838));
#7006=CARTESIAN_POINT('',(0.065401812322627,-0.0183443675018433,-0.00095005690693838));
#7007=CARTESIAN_POINT('',(0.065401049185934,-0.0183481021116409,-0.00095005690693838));
#7008=CARTESIAN_POINT('',(0.0654134509463577,-0.0182352337691063,-0.000950056906938422));
#7009=CARTESIAN_POINT('',(0.0591873524354009,-0.0176698226219211,-0.000950056906938496));
#7010=CARTESIAN_POINT('',(0.0654339111528015,-0.0179237844859942,-0.000950056906938496));
#7011=CARTESIAN_POINT('',(0.0654363747234885,-0.0178101690267872,-0.000950056906938494));
#7012=CARTESIAN_POINT('',(0.0654366448747388,-0.017814003498658,-0.000950056906938494));
#7013=CARTESIAN_POINT('',(0.0654397671215311,-0.0178560944073495,-0.000950056906938494));
#7014=CARTESIAN_POINT('',(0.0654451100250632,-0.0179002482741662,-0.000950056906938494));
#7015=CARTESIAN_POINT('',(0.0654316565948682,-0.0179290119186201,-0.000950056906938499));
#7016=CARTESIAN_POINT('',(0.0654306109649199,-0.0179312474918255,-0.000950056906938499));
#7017=CARTESIAN_POINT('',(0.0654304158148436,-0.0179316647257449,-0.000950056906938499));
#7018=CARTESIAN_POINT('',(0.0654302206647673,-0.0179320819596643,-0.000950056906938499));
#7019=CARTESIAN_POINT('',(0.065430025514691,-0.0179324991935837,-0.000950056906938499));
#7020=CARTESIAN_POINT('',(0.0654372277663816,-0.0178216474737816,-0.000950056906938494));
#7021=CARTESIAN_POINT('',(0.0591873524354009,-0.0176698226219211,-0.000950056906938496));
#7022=CARTESIAN_POINT('',(0.0654384872357503,-0.0177552986202774,-0.000950056906938496));
#7023=CARTESIAN_POINT('',(0.0671233038314997,-0.0170065224360359,-0.000950056906938494));
#7024=CARTESIAN_POINT('',(0.067076697607365,-0.0170418031985614,-0.000950056906938494));
#7025=CARTESIAN_POINT('',(0.0669119862845836,-0.0171631688176508,-0.000950056906938494));
#7026=CARTESIAN_POINT('',(0.0666124128134343,-0.0173483011725651,-0.000950056906938494));
#7027=CARTESIAN_POINT('',(0.0662770154066298,-0.0174930664445227,-0.000950056906938494));
#7028=CARTESIAN_POINT('',(0.0659946287429387,-0.0175780679099817,-0.000950056906938494));
#7029=CARTESIAN_POINT('',(0.065773179300733,-0.0175715905621837,-0.000950056906938494));
#7030=CARTESIAN_POINT('',(0.0655949463705011,-0.0176049489985978,-0.000950056906938494));
#7031=CARTESIAN_POINT('',(0.0654576717089574,-0.0176776188842986,-0.000950056906938494));
#7032=CARTESIAN_POINT('',(0.0654334297817066,-0.0177662235010833,-0.000950056906938494));
#7033=CARTESIAN_POINT('',(0.0654288107618684,-0.0178182737314818,-0.000950056906938494));
#7034=CARTESIAN_POINT('',(0.065427479491856,-0.0178332753797309,-0.000950056906938494));
#7035=CARTESIAN_POINT('',(0.0654235503621471,-0.017877551462921,-0.000950056906938494));
#7036=CARTESIAN_POINT('',(0.0654196212324383,-0.0179218275461112,-0.000950056906938499));
#7037=CARTESIAN_POINT('',(0.0654156921027294,-0.0179661036293014,-0.000950056906938499));
#7038=CARTESIAN_POINT('',(0.0659148216268139,-0.0175730155019338,-0.000950056906938494));
#7039=CARTESIAN_POINT('',(0.0591873524354009,-0.0176698226219211,-0.000950056906938495));
#7040=CARTESIAN_POINT('',(0.0657769029080055,-0.016311132845376,-0.000950056906938494));
#7041=CARTESIAN_POINT('',(0.0652120182850155,-0.0160800296887623,-0.000950056906938208));
#7042=CARTESIAN_POINT('',(0.065231208180543,-0.0161308250705226,-0.000950056906938357));
#7043=CARTESIAN_POINT('',(0.0652503980760706,-0.0161816204522828,-0.000950056906938357));
#7044=CARTESIAN_POINT('',(0.0652695879715981,-0.016232415834043,-0.000950056906938494));
#7045=CARTESIAN_POINT('',(0.0652711546749349,-0.0162365628755933,-0.000950056906938494));
#7046=CARTESIAN_POINT('',(0.0652986671268522,-0.0163093879462818,-0.000950056906938208));
#7047=CARTESIAN_POINT('',(0.0654612390853299,-0.0163535837772452,-0.000950056906938494));
#7048=CARTESIAN_POINT('',(0.0656689408284604,-0.0163328185154181,-0.000950056906938494));
#7049=CARTESIAN_POINT('',(0.0658804314147284,-0.0162884727937511,-0.000950056906938494));
#7050=CARTESIAN_POINT('',(0.066166678160554,-0.0163129466312423,-0.000950056906938494));
#7051=CARTESIAN_POINT('',(0.0665165417203762,-0.0163822161212389,-0.000950056906938494));
#7052=CARTESIAN_POINT('',(0.0668407707249122,-0.0164957591153326,-0.000950056906938494));
#7053=CARTESIAN_POINT('',(0.0670233619795678,-0.0165765722872981,-0.000950056906938494));
#7054=CARTESIAN_POINT('',(0.0670752300241678,-0.0166003322958714,-0.000950056906938494));
#7055=CARTESIAN_POINT('',(0.0652744701814001,-0.0162446945627754,-0.000950056906938463));
#7056=CARTESIAN_POINT('',(0.0591873524354009,-0.0176698226219211,-0.000950056906938496));
#7057=CARTESIAN_POINT('',(0.0652566702210433,-0.0161706981923554,-0.000950056906938495));
#7058=CARTESIAN_POINT('',(0.0652261883020089,-0.0160645877826756,-0.000950056906938549));
#7059=CARTESIAN_POINT('',(0.0652264353942568,-0.0160649158157617,-0.000950056906938549));
#7060=CARTESIAN_POINT('',(0.0652266824865047,-0.0160652438488478,-0.000950056906938549));
#7061=CARTESIAN_POINT('',(0.0652269295787527,-0.0160655718819339,-0.000950056906938549));
#7062=CARTESIAN_POINT('',(0.0652284327919517,-0.0160675675077333,-0.000950056906938549));
#7063=CARTESIAN_POINT('',(0.0652474390596202,-0.0160927997223885,-0.000950056906938412));
#7064=CARTESIAN_POINT('',(0.065251742889678,-0.0161367891195347,-0.000950056906938549));
#7065=CARTESIAN_POINT('',(0.0652577448799913,-0.0161782271176583,-0.000950056906938549));
#7066=CARTESIAN_POINT('',(0.0652583054647587,-0.0161819989267778,-0.000950056906938549));
#7067=CARTESIAN_POINT('',(0.0652313449872893,-0.0160716528980356,-0.000950056906938529));
#7068=CARTESIAN_POINT('',(0.0591873524354009,-0.0176698226219211,-0.000950056906938496));
#7069=CARTESIAN_POINT('',(0.0651440548637868,-0.0157720110880689,-0.000950056906938494));
#7070=CARTESIAN_POINT('',(0.0651074900308506,-0.0156643424063799,-0.00095005690693855));
#7071=CARTESIAN_POINT('',(0.0651090557594993,-0.0156678548188662,-0.00095005690693855));
#7072=CARTESIAN_POINT('',(0.0651263909737533,-0.015706356891734,-0.00095005690693855));
#7073=CARTESIAN_POINT('',(0.0651465300262298,-0.0157460380818885,-0.000950056906938413));
#7074=CARTESIAN_POINT('',(0.0651437245028694,-0.0157776806894171,-0.00095005690693855));
#7075=CARTESIAN_POINT('',(0.0651435065369133,-0.0157801390582546,-0.00095005690693855));
#7076=CARTESIAN_POINT('',(0.065143465747129,-0.0157805991132861,-0.00095005690693855));
#7077=CARTESIAN_POINT('',(0.0651434249573446,-0.0157810591683176,-0.00095005690693855));
#7078=CARTESIAN_POINT('',(0.0651433841675603,-0.0157815192233491,-0.00095005690693855));
#7079=CARTESIAN_POINT('',(0.0651122189498788,-0.0156748416134765,-0.000950056906938549));
#7080=CARTESIAN_POINT('',(0.0591873524354009,-0.0176698226219211,-0.000950056906938496));
#7081=CARTESIAN_POINT('',(0.0650907326036934,-0.0156121309474844,-0.000950056906938494));
#7082=CARTESIAN_POINT('',(0.0664178390762132,-0.0143322527664465,-0.000950056906938492));
#7083=CARTESIAN_POINT('',(0.066386110016066,-0.0143813462607249,-0.000950056906938492));
#7084=CARTESIAN_POINT('',(0.0662728405485625,-0.0145517277539377,-0.000950056906938492));
#7085=CARTESIAN_POINT('',(0.0660546508635504,-0.0148281561483471,-0.000950056906938492));
#7086=CARTESIAN_POINT('',(0.0657889908081705,-0.0150789039574406,-0.000950056906938492));
#7087=CARTESIAN_POINT('',(0.0655527039526809,-0.0152553600426711,-0.000950056906938492));
#7088=CARTESIAN_POINT('',(0.0653423917135589,-0.0153250113340023,-0.000950056906938492));
#7089=CARTESIAN_POINT('',(0.0651863186474747,-0.0154173210279723,-0.000950056906938492));
#7090=CARTESIAN_POINT('',(0.0650821800882233,-0.0155325660550492,-0.000950056906938492));
#7091=CARTESIAN_POINT('',(0.0650897214123204,-0.0156241385317796,-0.000950056906938492));
#7092=CARTESIAN_POINT('',(0.0651031877645729,-0.015674646739649,-0.000950056906938492));
#7093=CARTESIAN_POINT('',(0.0651070724112872,-0.0156892168726787,-0.000950056906938492));
#7094=CARTESIAN_POINT('',(0.0651185184934341,-0.0157321476593925,-0.000950056906938492));
#7095=CARTESIAN_POINT('',(0.0651299645755809,-0.0157750784461063,-0.000950056906938492));
#7096=CARTESIAN_POINT('',(0.0651414106577278,-0.0158180092328201,-0.000950056906938492));
#7097=CARTESIAN_POINT('',(0.0591873524354009,-0.0176698226219211,0.00152798914365075));
#7098=CARTESIAN_POINT('',(0.0667031397139168,-0.0198096867835377,-0.00278844802631946));
#7099=CARTESIAN_POINT('',(0.0662069287677834,-0.0199430811722861,-0.00225689832619793));
#7100=CARTESIAN_POINT('',(0.0657975119002401,-0.0199585232626293,-0.00162802356272427));
#7101=CARTESIAN_POINT('',(0.0655422079930976,-0.0198798054681673,-0.000950056906938503));
#7102=CARTESIAN_POINT('',(0.066703139718298,-0.0198096867823599,-0.00278844802631946));
#7103=CARTESIAN_POINT('',(0.0591873524354009,-0.0176698226219211,-0.00278844802631946));
#7104=CARTESIAN_POINT('',(0.0668415414199699,-0.0192444553077847,-0.00278844802631946));
#7105=CARTESIAN_POINT('',(0.0658442003272042,-0.0186468535760297,-0.000950056906938797));
#7106=CARTESIAN_POINT('',(0.0661084890427463,-0.0186983869874718,-0.00163304121176336));
#7107=CARTESIAN_POINT('',(0.0664652937989333,-0.0188989137744753,-0.00225998496177456));
#7108=CARTESIAN_POINT('',(0.0668415414187196,-0.0192444553066364,-0.0027884480245632));
#7109=CARTESIAN_POINT('',(0.0591873524354009,-0.0176698226219211,0.00152798914365075));
#7110=CARTESIAN_POINT('',(0.0650085669061532,-0.0210434964984828,-0.000950056906938494));
#7111=CARTESIAN_POINT('',(0.0648248791600725,-0.0213604464482138,-0.000950056906938494));
#7112=CARTESIAN_POINT('',(0.0645978833985469,-0.0216357192366793,-0.000878853455177429));
#7113=CARTESIAN_POINT('',(0.0643487165176268,-0.0218778554582979,-0.000767705147434381));
#7114=CARTESIAN_POINT('',(0.0643487165176268,-0.0218778554582977,-0.000767705147434016));
#7115=CARTESIAN_POINT('',(0.06551799028549,-0.0222512090340341,-0.00278844802631946));
#7116=CARTESIAN_POINT('',(0.0649604207559384,-0.0222028858427201,-0.002209486283468));
#7117=CARTESIAN_POINT('',(0.064561007105314,-0.0220434877674568,-0.00151363278586697));
#7118=CARTESIAN_POINT('',(0.0643487165176268,-0.0218778554582977,-0.000767705147434025));
#7119=CARTESIAN_POINT('',(0.0655179902900097,-0.0222512090344258,-0.00278844802631946));
#7120=CARTESIAN_POINT('',(0.0591873524354009,-0.0176698226219211,-0.00278844802631946));
#7121=CARTESIAN_POINT('',(0.0658413720658939,-0.0217673950573885,-0.00278844802631946));
#7122=CARTESIAN_POINT('',(0.065108568913361,-0.0208647261824401,-0.000950056906937146));
#7123=CARTESIAN_POINT('',(0.0653392955546889,-0.0210035406539607,-0.00163304186196306));
#7124=CARTESIAN_POINT('',(0.0656059964523767,-0.0213140093330778,-0.00225998443541061));
#7125=CARTESIAN_POINT('',(0.0658413720651118,-0.0217673950558818,-0.00278844802456333));
#7126=CARTESIAN_POINT('',(0.0591873524354009,-0.0176698226219211,0.00152798914365075));
#7127=CARTESIAN_POINT('',(0.0552166042775404,-0.0227355464560735,-1.63434261336553E-5));
#7128=CARTESIAN_POINT('',(0.0551176571283501,-0.0228102313588822,-0.000527184915160598));
#7129=CARTESIAN_POINT('',(0.0549208629155459,-0.0231221549581091,-0.00153821900531773));
#7130=CARTESIAN_POINT('',(0.054349454195404,-0.0234004065824752,-0.00240583270537124));
#7131=CARTESIAN_POINT('',(0.0539966009050591,-0.0235112415963147,-0.0027884480245649));
#7132=CARTESIAN_POINT('',(0.0552166042775404,-0.0227355464560735,-1.63434261336579E-5));
#7133=CARTESIAN_POINT('',(0.0539966009034409,-0.023511241596823,-0.00278844802631946));
#7134=CARTESIAN_POINT('',(0.0552166042775404,-0.0227355464560744,-1.63434261359959E-5));
#7135=CARTESIAN_POINT('',(0.0548682705022524,-0.0225501739863591,-0.000310504023567521));
#7136=CARTESIAN_POINT('',(0.0545082377843536,-0.0223147855017382,-0.000533615434899584));
#7137=CARTESIAN_POINT('',(0.054163774600659,-0.0220063503293015,-0.000703029382614534));
#7138=CARTESIAN_POINT('',(0.054163774600659,-0.0220063503293015,-0.000703029382614537));
#7139=CARTESIAN_POINT('',(0.0535762126948658,-0.0231086816805071,-0.00278844802631902));
#7140=CARTESIAN_POINT('',(0.0536505082248933,-0.0228305386989387,-0.0024906197014283));
#7141=CARTESIAN_POINT('',(0.0538388031826502,-0.0223639309177986,-0.00184255799853887));
#7142=CARTESIAN_POINT('',(0.0540656524859377,-0.0220985734367162,-0.00108801698199106));
#7143=CARTESIAN_POINT('',(0.054163774600659,-0.0220063503293015,-0.000703029382614523));
#7144=CARTESIAN_POINT('',(0.0535762126937123,-0.023108681684825,-0.00278844802631888));
#7145=CARTESIAN_POINT('',(0.0591873524354009,-0.0176698226219211,-0.00278844802631946));
#7146=CARTESIAN_POINT('',(0.0591873524354009,-0.0176698226219211,0.00152798914365075));
#7147=CARTESIAN_POINT('',(0.0591873524354009,-0.0176698226219211,-0.000950056906938495));
#7148=CARTESIAN_POINT('',(0.0528990331712695,-0.0200625729583006,-0.000950056906938496));
#7149=CARTESIAN_POINT('',(0.0533661379646487,-0.0210434964984828,-0.000950056906938496));
#7150=CARTESIAN_POINT('',(0.0520544103597011,-0.0208615642141703,-0.00278844802631946));
#7151=CARTESIAN_POINT('',(0.0523487930289679,-0.0204404472679986,-0.00225690743923121));
#7152=CARTESIAN_POINT('',(0.0526538936407904,-0.0201691517935166,-0.00162807932338505));
#7153=CARTESIAN_POINT('',(0.0528990331712695,-0.0200625729583006,-0.000950056906938488));
#7154=CARTESIAN_POINT('',(0.0520544103571408,-0.0208615642178328,-0.00278844802631946));
#7155=CARTESIAN_POINT('',(0.0591873524354009,-0.0176698226219211,-0.00278844802631946));
#7156=CARTESIAN_POINT('',(0.0523117709178628,-0.0213836422059311,-0.00278844802631946));
#7157=CARTESIAN_POINT('',(0.0534619672336142,-0.0211991406577393,-0.000943991433368421));
#7158=CARTESIAN_POINT('',(0.0532264792428816,-0.021329912767178,-0.0016291980522305));
#7159=CARTESIAN_POINT('',(0.0528236094255345,-0.0214065412117047,-0.00225841480553812));
#7160=CARTESIAN_POINT('',(0.0523117709195569,-0.0213836422060069,-0.00278844802456504));
#7161=CARTESIAN_POINT('',(0.0534619672336142,-0.0211991406577393,-0.000943991433368424));
#7162=CARTESIAN_POINT('',(0.0534619672336142,-0.0211991406577393,-0.000943991433368421));
#7163=CARTESIAN_POINT('',(0.0534286994800577,-0.0211481511770417,-0.000947971611628492));
#7164=CARTESIAN_POINT('',(0.0533967325625242,-0.021096286934784,-0.000950056906939172));
#7165=CARTESIAN_POINT('',(0.0533661379646485,-0.021043496498483,-0.000950056906939176));
#7166=CARTESIAN_POINT('',(0.0591873524354009,-0.0176698226219211,0.00152798914365075));
#7167=CARTESIAN_POINT('',(0.0591873524354009,-0.0176698226219211,-0.000950056906938495));
#7168=CARTESIAN_POINT('',(0.0524598967205223,-0.0177675617862161,-0.000950056906938496));
#7169=CARTESIAN_POINT('',(0.052597798435233,-0.0190284952898848,-0.000950056906938495));
#7170=CARTESIAN_POINT('',(0.0513929407318948,-0.0182294861308547,-0.00278844802631946));
#7171=CARTESIAN_POINT('',(0.0518136002677393,-0.017934452087174,-0.00225690706923423));
#7172=CARTESIAN_POINT('',(0.0521930888323895,-0.0177838666647016,-0.00162807921064056));
#7173=CARTESIAN_POINT('',(0.0524598967205223,-0.0177675617862161,-0.000950056906938479));
#7174=CARTESIAN_POINT('',(0.0513929407282364,-0.0182294861334206,-0.00278844802631946));
#7175=CARTESIAN_POINT('',(0.0591873524354009,-0.0176698226219211,-0.00278844802631946));
#7176=CARTESIAN_POINT('',(0.0514562219295984,-0.0188081100237392,-0.00278844802631946));
#7177=CARTESIAN_POINT('',(0.052597798435227,-0.0190284952898858,-0.000950056906937045));
#7178=CARTESIAN_POINT('',(0.0523318322468193,-0.0190705509568487,-0.00163306345190836));
#7179=CARTESIAN_POINT('',(0.0519279655040208,-0.0190041057403277,-0.00225997874255101));
#7180=CARTESIAN_POINT('',(0.0514562219311643,-0.0188081100243898,-0.00278844802456519));
#7181=CARTESIAN_POINT('',(0.0591873524354009,-0.0176698226219211,0.00152798914365075));
#7182=CARTESIAN_POINT('',(0.0591873524354009,-0.0176698226219211,-0.000950056906938495));
#7183=CARTESIAN_POINT('',(0.052832175639528,-0.0154607637197891,-0.000950056906938495));
#7184=CARTESIAN_POINT('',(0.0525305004105382,-0.0166928198281742,-0.000950056906938494));
#7185=CARTESIAN_POINT('',(0.0516715787305964,-0.0155299107860847,-0.00278844802631946));
#7186=CARTESIAN_POINT('',(0.052167776356028,-0.0153965435295009,-0.00225690683815172));
#7187=CARTESIAN_POINT('',(0.0525758812215472,-0.0153848332655385,-0.00162807894908956));
#7188=CARTESIAN_POINT('',(0.0528321756395279,-0.0154607637197891,-0.00095005690693847));
#7189=CARTESIAN_POINT('',(0.0516715787262809,-0.0155299107872446,-0.00278844802631946));
#7190=CARTESIAN_POINT('',(0.0591873524354009,-0.0176698226219211,-0.00278844802631946));
#7191=CARTESIAN_POINT('',(0.0515331442426567,-0.0160952833086565,-0.00278844802631946));
#7192=CARTESIAN_POINT('',(0.0525305004105393,-0.0166928198281745,-0.000950056906938777));
#7193=CARTESIAN_POINT('',(0.0522661894756071,-0.0166413751438226,-0.00163306418285616));
#7194=CARTESIAN_POINT('',(0.0519094043085957,-0.0164408051698055,-0.00225997890474107));
#7195=CARTESIAN_POINT('',(0.0515331442439057,-0.0160952833098034,-0.00278844802456532));
#7196=CARTESIAN_POINT('',(0.0591873524354009,-0.0176698226219211,0.00152798914365075));
#7197=CARTESIAN_POINT('',(0.0532920598914075,-0.0144903934253932,-0.00087205508345661));
#7198=CARTESIAN_POINT('',(0.053059153503236,-0.0143534268962319,-0.00158335419359135));
#7199=CARTESIAN_POINT('',(0.0527776031874629,-0.014042965742588,-0.0022398951594416));
#7200=CARTESIAN_POINT('',(0.0525332644615197,-0.0135723611736575,-0.00278844802456519));
#7201=CARTESIAN_POINT('',(0.0532920598914076,-0.0144903934253932,-0.000872055083456612));
#7202=CARTESIAN_POINT('',(0.0525332644607383,-0.0135723611721525,-0.00278844802631946));
#7203=CARTESIAN_POINT('',(0.0532920598914075,-0.0144903934253931,-0.000872055083456976));
#7204=CARTESIAN_POINT('',(0.0535488605472344,-0.0141033134602277,-0.000760663136846375));
#7205=CARTESIAN_POINT('',(0.0538541175040991,-0.013796010209374,-0.00055640267931148));
#7206=CARTESIAN_POINT('',(0.0541542902380827,-0.0135501810218538,-0.000280473716536301));
#7207=CARTESIAN_POINT('',(0.0541542902380827,-0.0135501810218538,-0.000280473716536297));
#7208=CARTESIAN_POINT('',(0.0528567129508104,-0.013088438468292,-0.00278844802631946));
#7209=CARTESIAN_POINT('',(0.0531954631619297,-0.0131178102224364,-0.00243669168250337));
#7210=CARTESIAN_POINT('',(0.0537681026805564,-0.0132455565169024,-0.00165477985385396));
#7211=CARTESIAN_POINT('',(0.0540417310777596,-0.0134844036191788,-0.000744453181313612));
#7212=CARTESIAN_POINT('',(0.0541542902380826,-0.0135501810218538,-0.000280473716536278));
#7213=CARTESIAN_POINT('',(0.0528567129463582,-0.013088438467906,-0.00278844802631946));
#7214=CARTESIAN_POINT('',(0.0591873524354009,-0.0176698226219211,-0.00278844802631946));
#7215=CARTESIAN_POINT('',(0.0591873524354009,-0.0176698226219211,0.00152798914365075));
#7216=CARTESIAN_POINT('',(0.0663202411056075,-0.0144779616812609,-0.00278844802631946));
#7217=CARTESIAN_POINT('',(0.0660258657886716,-0.0148991039370771,-0.00225689773426568));
#7218=CARTESIAN_POINT('',(0.0657221612167157,-0.0151741001365474,-0.00162802316492165));
#7219=CARTESIAN_POINT('',(0.065475988158697,-0.0152779041284153,-0.000950056906938483));
#7220=CARTESIAN_POINT('',(0.0663202411082066,-0.0144779616775425,-0.00278844802631946));
#7221=CARTESIAN_POINT('',(0.0591873524354009,-0.0176698226219211,-0.00278844802631946));
#7222=CARTESIAN_POINT('',(0.0660629322504963,-0.0139559998860937,-0.00278844802631946));
#7223=CARTESIAN_POINT('',(0.0648499678026207,-0.0141759309123189,-0.000752091854908311));
#7224=CARTESIAN_POINT('',(0.0650853283027386,-0.0140426730176977,-0.00150679508323848));
#7225=CARTESIAN_POINT('',(0.0655034930563491,-0.0139309498409792,-0.00220913447264801));
#7226=CARTESIAN_POINT('',(0.0660629322488003,-0.0139559998860178,-0.00278844802456362));
#7227=CARTESIAN_POINT('',(0.0648499678026207,-0.0141759309123189,-0.000752091854908248));
#7228=CARTESIAN_POINT('',(0.0648499678026198,-0.0141759309123194,-0.000752091854908428));
#7229=CARTESIAN_POINT('',(0.0650580487912882,-0.014429811874082,-0.000874319443033422));
#7230=CARTESIAN_POINT('',(0.06524463138262,-0.0147200791039533,-0.000950056906938494));
#7231=CARTESIAN_POINT('',(0.0653817551050081,-0.0150434964984828,-0.000950056906938494));
#7232=CARTESIAN_POINT('',(0.0591873524354009,-0.0176698226219211,0.00152798914365075));
#7233=CARTESIAN_POINT('',(0.0669817572666556,-0.0171100634124513,-0.00278844802631946));
#7234=CARTESIAN_POINT('',(0.0665610956388502,-0.0174051270460539,-0.00225689808452714));
#7235=CARTESIAN_POINT('',(0.0661816517511062,-0.0175596664542862,-0.00162802329654442));
#7236=CARTESIAN_POINT('',(0.0659148216268139,-0.0175730155019338,-0.000950056906938506));
#7237=CARTESIAN_POINT('',(0.0669817572703698,-0.017110063409846,-0.00278844802631946));
#7238=CARTESIAN_POINT('',(0.0591873524354009,-0.0176698226219211,-0.00278844802631946));
#7239=CARTESIAN_POINT('',(0.0669184900519015,-0.0165315835162765,-0.00278844802631946));
#7240=CARTESIAN_POINT('',(0.0657769029080054,-0.016311132845376,-0.00095005690693852));
#7241=CARTESIAN_POINT('',(0.066042878492664,-0.0162691645639982,-0.0016330419278543));
#7242=CARTESIAN_POINT('',(0.0664467501074774,-0.0163355648486998,-0.00225998512729266));
#7243=CARTESIAN_POINT('',(0.0669184900503339,-0.0165315835156251,-0.0027884480245632));
#7244=CARTESIAN_POINT('',(0.0591873524354009,-0.0176698226219211,0.0132855891436507));
#7245=CARTESIAN_POINT('',(0.0591873524354009,-0.0176698226219211,-0.00478391085634926));
#7246=CARTESIAN_POINT('',(0.0637252226697905,-0.0179679318913673,-0.00478391085634926));
#7247=CARTESIAN_POINT('',(0.0591873524354009,-0.0176698226219211,-0.000950056906938496));
#7248=CARTESIAN_POINT('',(0.0561378508408294,-0.0210434964984828,-0.000950056906938497));
#7249=CARTESIAN_POINT('',(0.0554747325391505,-0.0150434964984828,-0.000950056906938496));
#7250=CARTESIAN_POINT('',(0.0561378508408294,-0.0210434964984828,-0.000950056906938497));
#7251=CARTESIAN_POINT('',(0.0565590551761523,-0.0214242278137209,-0.000950056906938497));
#7252=CARTESIAN_POINT('',(0.05751446758224,-0.0220072801513668,-0.000741620827938261));
#7253=CARTESIAN_POINT('',(0.0591874849249669,-0.0223233975478532,-0.000482698844539872));
#7254=CARTESIAN_POINT('',(0.0608682746445855,-0.0220039738586133,-0.000743066145286575));
#7255=CARTESIAN_POINT('',(0.0618148395378487,-0.0214249601235252,-0.000950056906938843));
#7256=CARTESIAN_POINT('',(0.0622368540299724,-0.0210434964984829,-0.000950056906938861));
#7257=CARTESIAN_POINT('',(0.0628999723316514,-0.0150434964984828,-0.000950056906938495));
#7258=CARTESIAN_POINT('',(0.0626755388522708,-0.0147262334619174,-0.000950056906938495));
#7259=CARTESIAN_POINT('',(0.0621561547050672,-0.0141664518174131,-0.000803439861339426));
#7260=CARTESIAN_POINT('',(0.0612608509646556,-0.013577995658109,-0.000366856328950463));
#7261=CARTESIAN_POINT('',(0.0604568775149612,-0.0132800185797176,7.4511104172727E-5));
#7262=CARTESIAN_POINT('',(0.0597785406828694,-0.0131497703450476,0.000394873673745323));
#7263=CARTESIAN_POINT('',(0.0592024456326199,-0.013109287209897,0.000541447834776148));
#7264=CARTESIAN_POINT('',(0.0586215287056862,-0.0131462414334903,0.000405916354032978));
#7265=CARTESIAN_POINT('',(0.0579333923810129,-0.0132749185265501,8.29717724893766E-5));
#7266=CARTESIAN_POINT('',(0.0571216861631408,-0.0135738542956571,-0.000362677583696663));
#7267=CARTESIAN_POINT('',(0.0562254464377119,-0.0141602385641606,-0.000800790192365185));
#7268=CARTESIAN_POINT('',(0.0557007133636324,-0.0147240461081999,-0.000950056906938497));
#7269=CARTESIAN_POINT('',(0.0554747325391505,-0.0150434964984828,-0.000950056906938497));
#7270=CARTESIAN_POINT('',(0.0669817572666555,-0.0171100634124512,-0.000950056906938494));
#7271=CARTESIAN_POINT('',(0.0669817572666555,-0.0171100634124512,-0.00478391085634926));
#7272=CARTESIAN_POINT('',(0.066864301261179,-0.0171924502848506,-0.000950056906938494));
#7273=CARTESIAN_POINT('',(0.066864301261179,-0.0171924502848506,-0.00478391085634926));
#7274=CARTESIAN_POINT('',(0.0666195426035458,-0.0173445372734977,-0.000950056906938494));
#7275=CARTESIAN_POINT('',(0.0666195426035458,-0.0173445372734977,-0.00478391085634926));
#7276=CARTESIAN_POINT('',(0.066290990415741,-0.0174863474103613,-0.000950056906938494));
#7277=CARTESIAN_POINT('',(0.066290990415741,-0.0174863474103613,-0.00478391085634926));
#7278=CARTESIAN_POINT('',(0.066014839775839,-0.0175747114740998,-0.000950056906938494));
#7279=CARTESIAN_POINT('',(0.066014839775839,-0.0175747114740998,-0.00478391085634926));
#7280=CARTESIAN_POINT('',(0.0657983711946647,-0.0175729841134057,-0.000950056906938494));
#7281=CARTESIAN_POINT('',(0.0657983711946647,-0.0175729841134057,-0.00478391085634926));
#7282=CARTESIAN_POINT('',(0.0655854759785685,-0.0175996802514434,-0.000950056906938494));
#7283=CARTESIAN_POINT('',(0.0655854759785685,-0.0175996802514434,-0.00478391085634926));
#7284=CARTESIAN_POINT('',(0.0654557591909889,-0.0176845016726839,-0.000950056906938494));
#7285=CARTESIAN_POINT('',(0.0654557591909889,-0.0176845016726839,-0.00478391085634926));
#7286=CARTESIAN_POINT('',(0.0654384872357504,-0.0177552986202774,-0.000950056906938494));
#7287=CARTESIAN_POINT('',(0.0654384872357504,-0.0177552986202774,-0.00478391085634926));
#7288=CARTESIAN_POINT('',(0.0654384872357503,-0.0177552986202774,0.0132500891425687));
#7289=CARTESIAN_POINT('',(0.0654397531221943,-0.0177458290957616,-0.00478391085075872));
#7290=CARTESIAN_POINT('',(0.0654408927863637,-0.0177461515865895,-0.00478391085634926));
#7291=CARTESIAN_POINT('',(0.0654605812455985,-0.0176765737086632,-0.00478391085634926));
#7292=CARTESIAN_POINT('',(0.065595167580343,-0.0175983449367484,-0.00478391085634926));
#7293=CARTESIAN_POINT('',(0.0658048798754364,-0.0175730544955777,-0.00478391085634926));
#7294=CARTESIAN_POINT('',(0.066021619714441,-0.0175734768423706,-0.00478391085634926));
#7295=CARTESIAN_POINT('',(0.0662929113159455,-0.0174850881855618,-0.00478391085634926));
#7296=CARTESIAN_POINT('',(0.0666225017857283,-0.0173430785588453,-0.00478391085634926));
#7297=CARTESIAN_POINT('',(0.0668643662912138,-0.0171924046709958,-0.00478391085634926));
#7298=CARTESIAN_POINT('',(0.0669817572666556,-0.0171100634124513,-0.00478391085634926));
#7299=CARTESIAN_POINT('',(0.0669817572703698,-0.017110063409846,-0.00478391085634926));
#7300=CARTESIAN_POINT('',(0.0669817572703698,-0.017110063409846,0.00423308914365074));
#7301=CARTESIAN_POINT('',(0.0652744701814001,-0.0162446945627753,-0.000950056906938462));
#7302=CARTESIAN_POINT('',(0.0652744701814001,-0.0162446945627753,-0.00478391085634933));
#7303=CARTESIAN_POINT('',(0.0653034316349605,-0.0163106831966362,-0.000950056906938211));
#7304=CARTESIAN_POINT('',(0.0653034316349605,-0.0163106831966362,-0.00478391085634908));
#7305=CARTESIAN_POINT('',(0.0654612390851103,-0.0163535837772106,-0.000950056906938494));
#7306=CARTESIAN_POINT('',(0.0654612390851103,-0.0163535837772106,-0.00478391085634936));
#7307=CARTESIAN_POINT('',(0.0656689408280812,-0.0163328185155024,-0.000950056906938493));
#7308=CARTESIAN_POINT('',(0.0656689408280812,-0.0163328185155024,-0.00478391085634936));
#7309=CARTESIAN_POINT('',(0.0658804314141097,-0.0162884727938143,-0.000950056906938494));
#7310=CARTESIAN_POINT('',(0.0658804314141097,-0.0162884727938143,-0.00478391085634936));
#7311=CARTESIAN_POINT('',(0.0661666781596514,-0.0163129466310711,-0.000950056906938493));
#7312=CARTESIAN_POINT('',(0.0661666781596514,-0.0163129466310711,-0.00478391085634936));
#7313=CARTESIAN_POINT('',(0.0665165417191511,-0.0163822161209405,-0.000950056906938493));
#7314=CARTESIAN_POINT('',(0.0665165417191511,-0.0163822161209405,-0.00478391085634936));
#7315=CARTESIAN_POINT('',(0.0667867325560285,-0.0164768352824466,-0.000950056906938493));
#7316=CARTESIAN_POINT('',(0.0667867325560285,-0.0164768352824466,-0.00478391085634936));
#7317=CARTESIAN_POINT('',(0.0669184900503338,-0.0165315835156251,-0.000950056906938493));
#7318=CARTESIAN_POINT('',(0.0669184900503338,-0.0165315835156251,-0.00478391085634936));
#7319=CARTESIAN_POINT('',(0.0669184900519015,-0.0165315835162765,0.00423308914365074));
#7320=CARTESIAN_POINT('',(0.0669184900519015,-0.0165315835162765,-0.00478391085634926));
#7321=CARTESIAN_POINT('',(0.0669184900477712,-0.0165315835145603,-0.00478391085634926));
#7322=CARTESIAN_POINT('',(0.0667872114517448,-0.0164770342747977,-0.00478391085634926));
#7323=CARTESIAN_POINT('',(0.0665194016790339,-0.0163827908564236,-0.00478391085634926));
#7324=CARTESIAN_POINT('',(0.0661703419184713,-0.0163144305029462,-0.00478391085634926));
#7325=CARTESIAN_POINT('',(0.0658906506280119,-0.0162878331601476,-0.00478391085634926));
#7326=CARTESIAN_POINT('',(0.0656741094847148,-0.0163315936757005,-0.00478391085634926));
#7327=CARTESIAN_POINT('',(0.0654643646044494,-0.0163537899724254,-0.00478391085634926));
#7328=CARTESIAN_POINT('',(0.0653040561825867,-0.0163121062184358,-0.00478391085634926));
#7329=CARTESIAN_POINT('',(0.0652744701838565,-0.0162446945683721,-0.00478391085634926));
#7330=CARTESIAN_POINT('',(0.0652744701813977,-0.0162446945627697,-0.00478391085634926));
#7331=CARTESIAN_POINT('',(0.0652744701814079,-0.016244694562793,0.0132500891436507));
#7332=CARTESIAN_POINT('',(0.0644199079565305,-0.0142486597809879,-0.000727900940899587));
#7333=CARTESIAN_POINT('',(0.0644199079565305,-0.0142486597809879,-0.00478391085634928));
#7334=CARTESIAN_POINT('',(0.0644696760822398,-0.0143007891239426,-0.000727900940899466));
#7335=CARTESIAN_POINT('',(0.0644696760822398,-0.0143007891239426,-0.00478391085634916));
#7336=CARTESIAN_POINT('',(0.0646326446341138,-0.0142871642024826,-0.000727900940899603));
#7337=CARTESIAN_POINT('',(0.0646326446341138,-0.0142871642024826,-0.0047839108563493));
#7338=CARTESIAN_POINT('',(0.0648207331214372,-0.0141966199368989,-0.000727900940899602));
#7339=CARTESIAN_POINT('',(0.0648207331214372,-0.0141966199368989,-0.0047839108563493));
#7340=CARTESIAN_POINT('',(0.0650042999936498,-0.0140826004675604,-0.000727900940899602));
#7341=CARTESIAN_POINT('',(0.0650042999936498,-0.0140826004675604,-0.0047839108563493));
#7342=CARTESIAN_POINT('',(0.0652816616428256,-0.0140076898011028,-0.000727900940899602));
#7343=CARTESIAN_POINT('',(0.0652816616428256,-0.0140076898011028,-0.0047839108563493));
#7344=CARTESIAN_POINT('',(0.0656341259861508,-0.0139531162847363,-0.000727900940899602));
#7345=CARTESIAN_POINT('',(0.0656341259861508,-0.0139531162847363,-0.0047839108563493));
#7346=CARTESIAN_POINT('',(0.0659203918469865,-0.0139496173451922,-0.000727900940899602));
#7347=CARTESIAN_POINT('',(0.0659203918469865,-0.0139496173451922,-0.0047839108563493));
#7348=CARTESIAN_POINT('',(0.0660629322488003,-0.0139559998860178,-0.000727900940899602));
#7349=CARTESIAN_POINT('',(0.0660629322488003,-0.0139559998860178,-0.0047839108563493));
#7350=CARTESIAN_POINT('',(0.0644199079482419,-0.0142486597723061,0.0132500891436507));
#7351=CARTESIAN_POINT('',(0.0644199079482419,-0.0142486597723061,-0.000785331975875993));
#7352=CARTESIAN_POINT('',(0.0644199079482334,-0.0142486597722972,-0.00478391085634926));
#7353=CARTESIAN_POINT('',(0.0644199079482076,-0.0142486597722701,-0.000785331975876001));
#7354=CARTESIAN_POINT('',(0.0644722464617514,-0.0143034814535177,-0.000809074621534853));
#7355=CARTESIAN_POINT('',(0.0646533077460456,-0.014283028762295,-0.00079986763151165));
#7356=CARTESIAN_POINT('',(0.0647837490069591,-0.0142134230883204,-0.000770141960809802));
#7357=CARTESIAN_POINT('',(0.0648499678026198,-0.0141759309123194,-0.00075209185490843));
#7358=CARTESIAN_POINT('',(0.0660629322504965,-0.0139559998860937,0.00423308914365074));
#7359=CARTESIAN_POINT('',(0.0660629322504963,-0.0139559998860937,-0.00478391085634926));
#7360=CARTESIAN_POINT('',(0.0660629322460284,-0.0139559998858937,-0.00478391085634926));
#7361=CARTESIAN_POINT('',(0.0659209099355902,-0.0139496405439545,-0.00478391085634926));
#7362=CARTESIAN_POINT('',(0.0656370098340935,-0.0139526780924385,-0.00478391085634926));
#7363=CARTESIAN_POINT('',(0.0652856122441014,-0.0140078313225367,-0.00478391085634926));
#7364=CARTESIAN_POINT('',(0.065013687230298,-0.0140785028030226,-0.00478391085634926));
#7365=CARTESIAN_POINT('',(0.0648251730095238,-0.0141936986480841,-0.00478391085634926));
#7366=CARTESIAN_POINT('',(0.0646356605719187,-0.0142862899693991,-0.00478391085634926));
#7367=CARTESIAN_POINT('',(0.0644707455760987,-0.0143019093643931,-0.00478391085634926));
#7368=CARTESIAN_POINT('',(0.0644199079524611,-0.0142486597767255,-0.00478391085634926));
#7369=CARTESIAN_POINT('',(0.0663202411056075,-0.0144779616812609,-0.000950056906938492));
#7370=CARTESIAN_POINT('',(0.0663202411056075,-0.0144779616812609,-0.00478391085634926));
#7371=CARTESIAN_POINT('',(0.0662380455043586,-0.0145955532014242,-0.000950056906938492));
#7372=CARTESIAN_POINT('',(0.0662380455043586,-0.0145955532014242,-0.00478391085634926));
#7373=CARTESIAN_POINT('',(0.0660600620967852,-0.0148221820886753,-0.000950056906938492));
#7374=CARTESIAN_POINT('',(0.0660600620967852,-0.0148221820886753,-0.00478391085634926));
#7375=CARTESIAN_POINT('',(0.0657998227188356,-0.015067812882258,-0.000950056906938491));
#7376=CARTESIAN_POINT('',(0.0657998227188356,-0.015067812882258,-0.00478391085634926));
#7377=CARTESIAN_POINT('',(0.0655705440177992,-0.0152452959955745,-0.000950056906938492));
#7378=CARTESIAN_POINT('',(0.0655705440177992,-0.0152452959955745,-0.00478391085634926));
#7379=CARTESIAN_POINT('',(0.0653665367293942,-0.0153177065835056,-0.000950056906938492));
#7380=CARTESIAN_POINT('',(0.0653665367293942,-0.0153177065835056,-0.00478391085634926));
#7381=CARTESIAN_POINT('',(0.0651756079207187,-0.015415612610645,-0.000950056906938491));
#7382=CARTESIAN_POINT('',(0.0651756079207187,-0.015415612610645,-0.00478391085634926));
#7383=CARTESIAN_POINT('',(0.0650827410229588,-0.0155396951489412,-0.000950056906938492));
#7384=CARTESIAN_POINT('',(0.0650827410229588,-0.0155396951489412,-0.00478391085634926));
#7385=CARTESIAN_POINT('',(0.0650907326036934,-0.0156121309474844,-0.000950056906938492));
#7386=CARTESIAN_POINT('',(0.0650907326036934,-0.0156121309474844,-0.00478391085634926));
#7387=CARTESIAN_POINT('',(0.0650907326036934,-0.0156121309474844,0.0132500891425687));
#7388=CARTESIAN_POINT('',(0.0650886837420092,-0.0156028038036906,-0.00478391085075872));
#7389=CARTESIAN_POINT('',(0.0650898638136892,-0.0156027169735129,-0.00478391085634926));
#7390=CARTESIAN_POINT('',(0.0650845576974658,-0.0155306037782621,-0.00478391085634926));
#7391=CARTESIAN_POINT('',(0.0651842481565581,-0.0154110501210394,-0.00478391085634926));
#7392=CARTESIAN_POINT('',(0.0653726613516826,-0.0153155522233551,-0.00478391085634926));
#7393=CARTESIAN_POINT('',(0.0655764855012822,-0.0152418211712855,-0.00478391085634926));
#7394=CARTESIAN_POINT('',(0.065801180291481,-0.0150659871927876,-0.00478391085634926));
#7395=CARTESIAN_POINT('',(0.0660623411690287,-0.0148198035844545,-0.00478391085634926));
#7396=CARTESIAN_POINT('',(0.066238090208056,-0.0145954892469589,-0.00478391085634926));
#7397=CARTESIAN_POINT('',(0.0663202411056075,-0.0144779616812609,-0.00478391085634926));
#7398=CARTESIAN_POINT('',(0.0663202411082066,-0.0144779616775425,-0.00478391085634926));
#7399=CARTESIAN_POINT('',(0.0663202411082066,-0.0144779616775425,0.00423308914365074));
#7400=CARTESIAN_POINT('',(0.0647983879233484,-0.0122308560106001,-0.000135003489508068));
#7401=CARTESIAN_POINT('',(0.0647983879233484,-0.0122308560106001,-0.00478391085634926));
#7402=CARTESIAN_POINT('',(0.0647613664398083,-0.0123694715664445,-0.000135003489508068));
#7403=CARTESIAN_POINT('',(0.0647613664398083,-0.0123694715664445,-0.00478391085634926));
#7404=CARTESIAN_POINT('',(0.0646716244005822,-0.0126433128440316,-0.000135003489508068));
#7405=CARTESIAN_POINT('',(0.0646716244005822,-0.0126433128440316,-0.00478391085634926));
#7406=CARTESIAN_POINT('',(0.064511083793133,-0.0129631439591205,-0.000135003489508068));
#7407=CARTESIAN_POINT('',(0.064511083793133,-0.0129631439591205,-0.00478391085634926));
#7408=CARTESIAN_POINT('',(0.064356324486608,-0.0132083433013128,-0.000135003489508068));
#7409=CARTESIAN_POINT('',(0.064356324486608,-0.0132083433013128,-0.00478391085634926));
#7410=CARTESIAN_POINT('',(0.064189377897411,-0.0133461577405908,-0.000135003489508068));
#7411=CARTESIAN_POINT('',(0.064189377897411,-0.0133461577405908,-0.00478391085634926));
#7412=CARTESIAN_POINT('',(0.0640434457358325,-0.0135034759489651,-0.000135003489508068));
#7413=CARTESIAN_POINT('',(0.0640434457358325,-0.0135034759489651,-0.00478391085634926));
#7414=CARTESIAN_POINT('',(0.063998663795691,-0.0136518488055864,-0.000135003489508068));
#7415=CARTESIAN_POINT('',(0.063998663795691,-0.0136518488055864,-0.00478391085634926));
#7416=CARTESIAN_POINT('',(0.0640309668234194,-0.0137171789371682,-0.000135003489508068));
#7417=CARTESIAN_POINT('',(0.0640309668234194,-0.0137171789371682,-0.00478391085634926));
#7418=CARTESIAN_POINT('',(0.0647983879233484,-0.0122308560105997,-0.00278844802631902));
#7419=CARTESIAN_POINT('',(0.0647069446528917,-0.0125732372036048,-0.00242184048657165));
#7420=CARTESIAN_POINT('',(0.0644697553575523,-0.0131338231677155,-0.00160115638688477));
#7421=CARTESIAN_POINT('',(0.0641756207411459,-0.013350980017566,-0.000648843710192747));
#7422=CARTESIAN_POINT('',(0.0640978527908428,-0.0134530806459584,-0.000162730571218858));
#7423=CARTESIAN_POINT('',(0.0647983879245191,-0.0122308560062167,-0.00278844802631888));
#7424=CARTESIAN_POINT('',(0.0640978527908428,-0.0134530806459584,-0.000162730571218851));
#7425=CARTESIAN_POINT('',(0.0640978527908428,-0.0134530806459584,-0.00016273057121885));
#7426=CARTESIAN_POINT('',(0.0640410595048434,-0.0135276438897541,-0.000260519917554421));
#7427=CARTESIAN_POINT('',(0.0639835337700921,-0.0136212496131045,-0.000362020168199266));
#7428=CARTESIAN_POINT('',(0.0640309668234194,-0.0137171789371682,-0.000447014396832722));
#7429=CARTESIAN_POINT('',(0.0640309668234198,-0.0137171789371688,-0.000447014396832507));
#7430=CARTESIAN_POINT('',(0.0640309668234198,-0.0137171789371688,0.0132500891425687));
#7431=CARTESIAN_POINT('',(0.0640258556673283,-0.0137091241438083,-0.00478391085075872));
#7432=CARTESIAN_POINT('',(0.0640269321870155,-0.0137086397056134,-0.00478391085634926));
#7433=CARTESIAN_POINT('',(0.0639972608356438,-0.0136427039509571,-0.00478391085634926));
#7434=CARTESIAN_POINT('',(0.0640499876140499,-0.0134962570846963,-0.00478391085634926));
#7435=CARTESIAN_POINT('',(0.0641943664674026,-0.0133420634355801,-0.00478391085634926));
#7436=CARTESIAN_POINT('',(0.0643607070796718,-0.0132030603577297,-0.00478391085634926));
#7437=CARTESIAN_POINT('',(0.0645117091777201,-0.0129610104376364,-0.00478391085634926));
#7438=CARTESIAN_POINT('',(0.0646729500419095,-0.0126403101087186,-0.00478391085634926));
#7439=CARTESIAN_POINT('',(0.0647613857439192,-0.0123693992881399,-0.00478391085634926));
#7440=CARTESIAN_POINT('',(0.0647983879233484,-0.0122308560106001,-0.00478391085634926));
#7441=CARTESIAN_POINT('',(0.064798387924519,-0.0122308560062168,-0.00478391085634926));
#7442=CARTESIAN_POINT('',(0.064798387924519,-0.0122308560062168,0.00423308914365074));
#7443=CARTESIAN_POINT('',(0.0549091385462656,-0.0131112177493548,0.000978510617427434));
#7444=CARTESIAN_POINT('',(0.0549091385462656,-0.0131112177493548,-0.00478391085634933));
#7445=CARTESIAN_POINT('',(0.0549521078493472,-0.0130532661149392,0.000978510617427684));
#7446=CARTESIAN_POINT('',(0.0549521078493472,-0.0130532661149392,-0.00478391085634908));
#7447=CARTESIAN_POINT('',(0.054910723809752,-0.0128950329120399,0.000978510617427401));
#7448=CARTESIAN_POINT('',(0.054910723809752,-0.0128950329120399,-0.00478391085634936));
#7449=CARTESIAN_POINT('',(0.0547889365679845,-0.0127253700171778,0.000978510617427402));
#7450=CARTESIAN_POINT('',(0.0547889365679845,-0.0127253700171778,-0.00478391085634936));
#7451=CARTESIAN_POINT('',(0.0546446417132908,-0.0125644385117727,0.000978510617427402));
#7452=CARTESIAN_POINT('',(0.0546446417132908,-0.0125644385117727,-0.00478391085634936));
#7453=CARTESIAN_POINT('',(0.0545226319089417,-0.0123042437710853,0.000978510617427402));
#7454=CARTESIAN_POINT('',(0.0545226319089417,-0.0123042437710853,-0.00478391085634936));
#7455=CARTESIAN_POINT('',(0.0544076181952345,-0.0119665407209455,0.000978510617427402));
#7456=CARTESIAN_POINT('',(0.0544076181952345,-0.0119665407209455,-0.00478391085634936));
#7457=CARTESIAN_POINT('',(0.0543544377070388,-0.0116851606529883,0.000978510617427402));
#7458=CARTESIAN_POINT('',(0.0543544377070388,-0.0116851606529883,-0.00478391085634936));
#7459=CARTESIAN_POINT('',(0.0543359618577675,-0.0115436422011859,0.000978510617427402));
#7460=CARTESIAN_POINT('',(0.0543359618577675,-0.0115436422011859,-0.00478391085634936));
#7461=CARTESIAN_POINT('',(0.0549091385390841,-0.0131112177590403,0.0132500891436507));
#7462=CARTESIAN_POINT('',(0.0549091385390841,-0.0131112177590403,0.000533901550921407));
#7463=CARTESIAN_POINT('',(0.0549092181405687,-0.0131111101876623,-0.00478391085634926));
#7464=CARTESIAN_POINT('',(0.0549091385390619,-0.0131112177590703,0.0005339015509214));
#7465=CARTESIAN_POINT('',(0.0549355656522671,-0.0130755761662751,0.000667358814286814));
#7466=CARTESIAN_POINT('',(0.054932332011219,-0.0130536829905763,0.000804715416512384));
#7467=CARTESIAN_POINT('',(0.0549329784180809,-0.0130462969110924,0.000944142298495514));
#7468=CARTESIAN_POINT('',(0.054932978418078,-0.0130462969110686,0.000944142298498485));
#7469=CARTESIAN_POINT('',(0.0549329784180809,-0.0130462969110926,0.000944142298493019));
#7470=CARTESIAN_POINT('',(0.0549368438531255,-0.0130021290469147,0.000599278954447966));
#7471=CARTESIAN_POINT('',(0.0549131702050668,-0.0128738006850887,-7.73526225766392E-5));
#7472=CARTESIAN_POINT('',(0.0546876142365957,-0.0126426697342213,-0.00106822118904885));
#7473=CARTESIAN_POINT('',(0.0544700324489944,-0.0122054209959571,-0.00199551149102304));
#7474=CARTESIAN_POINT('',(0.0543672874683635,-0.0117835852667639,-0.00253811938692562));
#7475=CARTESIAN_POINT('',(0.0543359618577675,-0.0115436422011858,-0.00278844802456476));
#7476=CARTESIAN_POINT('',(0.0543359618575478,-0.0115436421995038,-0.00278844802631888));
#7477=CARTESIAN_POINT('',(0.0543359618575479,-0.0115436421995039,0.00423308914365074));
#7478=CARTESIAN_POINT('',(0.0543359618575479,-0.0115436421995039,-0.00478391085634926));
#7479=CARTESIAN_POINT('',(0.0543359618581265,-0.0115436422039354,-0.00478391085634926));
#7480=CARTESIAN_POINT('',(0.0543543691720033,-0.0116846356968042,-0.00478391085634926));
#7481=CARTESIAN_POINT('',(0.0544066770640262,-0.0119637482034221,-0.00478391085634926));
#7482=CARTESIAN_POINT('',(0.0545220705877879,-0.0123002690570901,-0.00478391085634926));
#7483=CARTESIAN_POINT('',(0.0546389140347961,-0.0125558107543453,-0.00478391085634926));
#7484=CARTESIAN_POINT('',(0.0547851960419411,-0.0127214165367139,-0.00478391085634926));
#7485=CARTESIAN_POINT('',(0.0549092662367944,-0.0128920390166463,-0.00478391085634927));
#7486=CARTESIAN_POINT('',(0.0549530116044452,-0.013051912008684,-0.00478391085634926));
#7487=CARTESIAN_POINT('',(0.0549092181896136,-0.0131111102135871,-0.00478391085634926));
#7488=CARTESIAN_POINT('',(0.0536079895111214,-0.014849414526502,-0.00084858394881923));
#7489=CARTESIAN_POINT('',(0.0536079895111214,-0.014849414526502,-0.00478391085634926));
#7490=CARTESIAN_POINT('',(0.0536285836182807,-0.0147802630117224,-0.00084858394881923));
#7491=CARTESIAN_POINT('',(0.0536285836182807,-0.0147802630117224,-0.00478391085634926));
#7492=CARTESIAN_POINT('',(0.0535356114856534,-0.0146457000888747,-0.00084858394881923));
#7493=CARTESIAN_POINT('',(0.0535356114856534,-0.0146457000888747,-0.00478391085634926));
#7494=CARTESIAN_POINT('',(0.0533631393041417,-0.0145279027746225,-0.000848583948819229));
#7495=CARTESIAN_POINT('',(0.0533631393041417,-0.0145279027746225,-0.00478391085634926));
#7496=CARTESIAN_POINT('',(0.0531724914309121,-0.0144260397659872,-0.00084858394881923));
#7497=CARTESIAN_POINT('',(0.0531724914309121,-0.0144260397659872,-0.00478391085634926));
#7498=CARTESIAN_POINT('',(0.0529688369709804,-0.0142232635062746,-0.00084858394881923));
#7499=CARTESIAN_POINT('',(0.0529688369709804,-0.0142232635062746,-0.00478391085634926));
#7500=CARTESIAN_POINT('',(0.0527452477547339,-0.0139452583637651,-0.00084858394881923));
#7501=CARTESIAN_POINT('',(0.0527452477547339,-0.0139452583637651,-0.00478391085634926));
#7502=CARTESIAN_POINT('',(0.0525990308645833,-0.0136990294684371,-0.00084858394881923));
#7503=CARTESIAN_POINT('',(0.0525990308645833,-0.0136990294684371,-0.00478391085634926));
#7504=CARTESIAN_POINT('',(0.0525332644615197,-0.0135723611736575,-0.00084858394881923));
#7505=CARTESIAN_POINT('',(0.0525332644615197,-0.0135723611736575,-0.00478391085634926));
#7506=CARTESIAN_POINT('',(0.0536079895076665,-0.0148494145381031,0.0132500891436507));
#7507=CARTESIAN_POINT('',(0.0536079895076665,-0.0148494145381031,-0.000940617680361433));
#7508=CARTESIAN_POINT('',(0.0536080374161334,-0.014849252959121,-0.00478391085634926));
#7509=CARTESIAN_POINT('',(0.0536079895076396,-0.0148494145381932,-0.000940617680361441));
#7510=CARTESIAN_POINT('',(0.0536326461557085,-0.0147666217011271,-0.000932545283713084));
#7511=CARTESIAN_POINT('',(0.0535047005651708,-0.0146149533472844,-0.000906253524297534));
#7512=CARTESIAN_POINT('',(0.0533649465993775,-0.0145332563090222,-0.000884389950859848));
#7513=CARTESIAN_POINT('',(0.0532920598914075,-0.0144903934253932,-0.000872055083456585));
#7514=CARTESIAN_POINT('',(0.0525332644607383,-0.0135723611721525,0.00423308914365074));
#7515=CARTESIAN_POINT('',(0.0525332644607383,-0.0135723611721525,-0.00478391085634926));
#7516=CARTESIAN_POINT('',(0.0525332644627975,-0.0135723611761185,-0.00478391085634926));
#7517=CARTESIAN_POINT('',(0.052598785632689,-0.0136985571429997,-0.00478391085634926));
#7518=CARTESIAN_POINT('',(0.0527434035804842,-0.0139429496560536,-0.00478391085634926));
#7519=CARTESIAN_POINT('',(0.0529669411461664,-0.0142197077316457,-0.00478391085634926));
#7520=CARTESIAN_POINT('',(0.0531641384159073,-0.014419876328466,-0.00478391085634926));
#7521=CARTESIAN_POINT('',(0.0533582458938901,-0.0145254542073487,-0.00478391085634926));
#7522=CARTESIAN_POINT('',(0.0535331888952288,-0.014643359163816,-0.00478391085634926));
#7523=CARTESIAN_POINT('',(0.0536289581567131,-0.0147786498843109,-0.00478391085634926));
#7524=CARTESIAN_POINT('',(0.053608037501767,-0.0148492529757761,-0.00478391085634926));
#7525=CARTESIAN_POINT('',(0.0528567129508104,-0.013088438468292,-0.000253453093697425));
#7526=CARTESIAN_POINT('',(0.0528567129508104,-0.013088438468292,-0.00478391085634929));
#7527=CARTESIAN_POINT('',(0.052998899796819,-0.0131007669536732,-0.000253453093697425));
#7528=CARTESIAN_POINT('',(0.052998899796819,-0.0131007669536732,-0.00478391085634929));
#7529=CARTESIAN_POINT('',(0.0532823212649705,-0.0131417092835817,-0.000253453093697425));
#7530=CARTESIAN_POINT('',(0.0532823212649705,-0.0131417092835817,-0.00478391085634929));
#7531=CARTESIAN_POINT('',(0.053624691116942,-0.0132419884404321,-0.000253453093697425));
#7532=CARTESIAN_POINT('',(0.053624691116942,-0.0132419884404321,-0.00478391085634929));
#7533=CARTESIAN_POINT('',(0.0538899282444925,-0.0133526150426113,-0.000253453093697425));
#7534=CARTESIAN_POINT('',(0.0538899282444925,-0.0133526150426113,-0.00478391085634929));
#7535=CARTESIAN_POINT('',(0.0540569564748742,-0.013489808672031,-0.000253453093697425));
#7536=CARTESIAN_POINT('',(0.0540569564748742,-0.013489808672031,-0.00478391085634929));
#7537=CARTESIAN_POINT('',(0.0542317424391904,-0.0136041284251276,-0.000253453093697425));
#7538=CARTESIAN_POINT('',(0.0542317424391904,-0.0136041284251276,-0.00478391085634929));
#7539=CARTESIAN_POINT('',(0.054391623045339,-0.0136386032369585,-0.000253453093697288));
#7540=CARTESIAN_POINT('',(0.054391623045339,-0.0136386032369585,-0.00478391085634916));
#7541=CARTESIAN_POINT('',(0.0544476530631091,-0.0135931521268021,-0.000253453093697409));
#7542=CARTESIAN_POINT('',(0.0544476530631091,-0.0135931521268021,-0.00478391085634928));
#7543=CARTESIAN_POINT('',(0.0541542902380827,-0.0135501810218538,-0.0002804737165363));
#7544=CARTESIAN_POINT('',(0.0541962264621875,-0.0135746877425156,-0.000307981084890109));
#7545=CARTESIAN_POINT('',(0.0542843100335356,-0.0136235937281314,-0.000358644253956396));
#7546=CARTESIAN_POINT('',(0.0544111260450695,-0.0136227825628316,-0.000358397656396688));
#7547=CARTESIAN_POINT('',(0.0544476530725462,-0.0135931521191468,-0.00032719204240224));
#7548=CARTESIAN_POINT('',(0.0544476530725047,-0.0135931521191805,-0.000327192042402195));
#7549=CARTESIAN_POINT('',(0.0544476530725047,-0.0135931521191805,-0.00478391085634926));
#7550=CARTESIAN_POINT('',(0.0544436205357897,-0.0135961548236019,-0.00478391085634926));
#7551=CARTESIAN_POINT('',(0.0544436831176449,-0.0135962388535104,-0.00478391085634926));
#7552=CARTESIAN_POINT('',(0.0543858316495,-0.0136393240909178,-0.00478391085634926));
#7553=CARTESIAN_POINT('',(0.0542290996443414,-0.0136018256051092,-0.00478391085634926));
#7554=CARTESIAN_POINT('',(0.0540561884297109,-0.0134892365413298,-0.00478391085634926));
#7555=CARTESIAN_POINT('',(0.053887548423221,-0.0133512447872277,-0.00478391085634926));
#7556=CARTESIAN_POINT('',(0.0536266759797894,-0.0132430023810151,-0.00478391085634926));
#7557=CARTESIAN_POINT('',(0.053281421103237,-0.0131413336164472,-0.00478391085634926));
#7558=CARTESIAN_POINT('',(0.052999435435349,-0.0131008133968708,-0.00478391085634926));
#7559=CARTESIAN_POINT('',(0.0528567129508104,-0.013088438468292,-0.00478391085634926));
#7560=CARTESIAN_POINT('',(0.0528567129463582,-0.013088438467906,-0.00478391085634926));
#7561=CARTESIAN_POINT('',(0.0528567129463582,-0.013088438467906,0.00423308914365074));
#7562=CARTESIAN_POINT('',(0.0529798291753099,-0.0169277664150527,-0.000950056906938479));
#7563=CARTESIAN_POINT('',(0.0529798291753099,-0.0169277664150527,-0.00478391085634926));
#7564=CARTESIAN_POINT('',(0.0529755445639936,-0.0168557371307655,-0.000950056906938359));
#7565=CARTESIAN_POINT('',(0.0529755445639936,-0.0168557371307655,-0.00478391085634914));
#7566=CARTESIAN_POINT('',(0.0528421661432552,-0.016761072509953,-0.000950056906938494));
#7567=CARTESIAN_POINT('',(0.0528421661432552,-0.016761072509953,-0.00478391085634927));
#7568=CARTESIAN_POINT('',(0.0526398030267458,-0.0167093605625476,-0.000950056906938494));
#7569=CARTESIAN_POINT('',(0.0526398030267458,-0.0167093605625476,-0.00478391085634927));
#7570=CARTESIAN_POINT('',(0.0524258100522866,-0.0166788524939202,-0.000950056906938494));
#7571=CARTESIAN_POINT('',(0.0524258100522866,-0.0166788524939202,-0.00478391085634927));
#7572=CARTESIAN_POINT('',(0.0521650794181786,-0.0165579596219443,-0.000950056906938494));
#7573=CARTESIAN_POINT('',(0.0521650794181786,-0.0165579596219443,-0.00478391085634927));
#7574=CARTESIAN_POINT('',(0.0518598863527223,-0.0163731920083682,-0.000950056906938495));
#7575=CARTESIAN_POINT('',(0.0518598863527223,-0.0163731920083682,-0.00478391085634927));
#7576=CARTESIAN_POINT('',(0.051638269028487,-0.0161918200260526,-0.000950056906938494));
#7577=CARTESIAN_POINT('',(0.051638269028487,-0.0161918200260526,-0.00478391085634927));
#7578=CARTESIAN_POINT('',(0.0515331442439056,-0.0160952833098034,-0.000950056906938494));
#7579=CARTESIAN_POINT('',(0.0515331442439056,-0.0160952833098034,-0.00478391085634927));
#7580=CARTESIAN_POINT('',(0.0529813011944644,-0.0171041237190602,-0.000950056906938208));
#7581=CARTESIAN_POINT('',(0.0529809175760556,-0.0170497447032843,-0.000950056906938357));
#7582=CARTESIAN_POINT('',(0.0529805339576468,-0.0169953656875085,-0.000950056906938357));
#7583=CARTESIAN_POINT('',(0.0529801503392379,-0.0169409866717327,-0.000950056906938494));
#7584=CARTESIAN_POINT('',(0.0529801190401701,-0.0169365499386051,-0.000950056906938494));
#7585=CARTESIAN_POINT('',(0.0529795690942565,-0.0168585935193483,-0.000950056906938357));
#7586=CARTESIAN_POINT('',(0.0528421661424831,-0.0167610725096353,-0.000950056906938494));
#7587=CARTESIAN_POINT('',(0.0526398030259221,-0.0167093605624442,-0.000950056906938494));
#7588=CARTESIAN_POINT('',(0.0524258100513065,-0.016678852493655,-0.000950056906938494));
#7589=CARTESIAN_POINT('',(0.052165079417152,-0.0165579596213131,-0.000950056906938494));
#7590=CARTESIAN_POINT('',(0.0518598863515483,-0.0163731920075822,-0.000950056906938494));
#7591=CARTESIAN_POINT('',(0.0515939455624036,-0.0161555456285009,-0.000950056906938494));
#7592=CARTESIAN_POINT('',(0.0514499538353795,-0.0160171178195583,-0.000950056906938494));
#7593=CARTESIAN_POINT('',(0.0514093256363845,-0.0159770396844021,-0.000950056906938494));
#7594=CARTESIAN_POINT('',(0.0529798291753099,-0.0169277664150527,-0.000950056906938496));
#7595=CARTESIAN_POINT('',(0.0515331442426567,-0.0160952833086565,0.00423308914365074));
#7596=CARTESIAN_POINT('',(0.0515331442426567,-0.0160952833086565,-0.00478391085634926));
#7597=CARTESIAN_POINT('',(0.051533144245948,-0.0160952833116789,-0.00478391085634926));
#7598=CARTESIAN_POINT('',(0.0516378761964882,-0.0161914592857137,-0.00478391085634926));
#7599=CARTESIAN_POINT('',(0.051857361041756,-0.0163716514349437,-0.00478391085634926));
#7600=CARTESIAN_POINT('',(0.0521620765335947,-0.0165552630222942,-0.00478391085634926));
#7601=CARTESIAN_POINT('',(0.0524158429592911,-0.0166759146680408,-0.00478391085634926));
#7602=CARTESIAN_POINT('',(0.0526343552762564,-0.0167087320392349,-0.00478391085634926));
#7603=CARTESIAN_POINT('',(0.0528390741203528,-0.0167596953012422,-0.00478391085634926));
#7604=CARTESIAN_POINT('',(0.0529753358555096,-0.0168540825821821,-0.00478391085634926));
#7605=CARTESIAN_POINT('',(0.052979818182073,-0.0169275839047184,-0.00478391085634926));
#7606=CARTESIAN_POINT('',(0.0529798180634654,-0.0169275839202587,-0.00478391085634926));
#7607=CARTESIAN_POINT('',(0.0529798291753099,-0.0169277664150527,0.0132500891436507));
#7608=CARTESIAN_POINT('',(0.0516715787305964,-0.0155299107860847,-0.000950056906938495));
#7609=CARTESIAN_POINT('',(0.0516715787305964,-0.0155299107860847,-0.00478391085634926));
#7610=CARTESIAN_POINT('',(0.0518094111495505,-0.0154928643942249,-0.000950056906938495));
#7611=CARTESIAN_POINT('',(0.0518094111495505,-0.0154928643942249,-0.00478391085634926));
#7612=CARTESIAN_POINT('',(0.0520897514065271,-0.0154344011502885,-0.000950056906938495));
#7613=CARTESIAN_POINT('',(0.0520897514065271,-0.0154344011502885,-0.00478391085634926));
#7614=CARTESIAN_POINT('',(0.0524457810073889,-0.0154115385325612,-0.000950056906938495));
#7615=CARTESIAN_POINT('',(0.0524457810073889,-0.0154115385325612,-0.00478391085634926));
#7616=CARTESIAN_POINT('',(0.0527328674484264,-0.0154247819021747,-0.000950056906938495));
#7617=CARTESIAN_POINT('',(0.0527328674484264,-0.0154247819021747,-0.00478391085634926));
#7618=CARTESIAN_POINT('',(0.0529367466033034,-0.0154965890289786,-0.000950056906938495));
#7619=CARTESIAN_POINT('',(0.0529367466033034,-0.0154965890289786,-0.00478391085634926));
#7620=CARTESIAN_POINT('',(0.0531401047522419,-0.015544224236908,-0.000950056906938495));
#7621=CARTESIAN_POINT('',(0.0531401047522419,-0.015544224236908,-0.00478391085634926));
#7622=CARTESIAN_POINT('',(0.0533021314298484,-0.0155219012933946,-0.000950056906938495));
#7623=CARTESIAN_POINT('',(0.0533021314298484,-0.0155219012933946,-0.00478391085634926));
#7624=CARTESIAN_POINT('',(0.0533392157094616,-0.0154600060518415,-0.000950056906938495));
#7625=CARTESIAN_POINT('',(0.0533392157094616,-0.0154600060518415,-0.00478391085634926));
#7626=CARTESIAN_POINT('',(0.0515071385916894,-0.0155775715416851,-0.000950056906938495));
#7627=CARTESIAN_POINT('',(0.0515616868244087,-0.0155607982641183,-0.000950056906938495));
#7628=CARTESIAN_POINT('',(0.0517533430940068,-0.0155045570440233,-0.000950056906938495));
#7629=CARTESIAN_POINT('',(0.052089751403172,-0.015434401150652,-0.000950056906938495));
#7630=CARTESIAN_POINT('',(0.0524457810048701,-0.0154115385327096,-0.000950056906938495));
#7631=CARTESIAN_POINT('',(0.0527328674466931,-0.0154247819017688,-0.000950056906938495));
#7632=CARTESIAN_POINT('',(0.0529367466021921,-0.0154965890285712,-0.000950056906938495));
#7633=CARTESIAN_POINT('',(0.0531401047514351,-0.0155442242368947,-0.000950056906938495));
#7634=CARTESIAN_POINT('',(0.0533070204492982,-0.0155212277174393,-0.000950056906938495));
#7635=CARTESIAN_POINT('',(0.0533435316718939,-0.0154523507347238,-0.000950056906938495));
#7636=CARTESIAN_POINT('',(0.0533456096600681,-0.0154484306919154,-0.000950056906938495));
#7637=CARTESIAN_POINT('',(0.0533710782594309,-0.0154003851827982,-0.000950056906938634));
#7638=CARTESIAN_POINT('',(0.0533965468587938,-0.0153523396736811,-0.000950056906938781));
#7639=CARTESIAN_POINT('',(0.0534220154581565,-0.015304294164564,-0.000950056906938918));
#7640=CARTESIAN_POINT('',(0.0533392157094616,-0.0154600060518415,-0.000950056906938495));
#7641=CARTESIAN_POINT('',(0.0533392157094616,-0.0154600060518415,-0.00478391085634926));
#7642=CARTESIAN_POINT('',(0.0533391254737076,-0.0154601562327524,-0.00478391085634926));
#7643=CARTESIAN_POINT('',(0.0533391255498247,-0.0154601562882296,-0.00478391085634926));
#7644=CARTESIAN_POINT('',(0.0533021366191699,-0.0155216924843762,-0.00478391085634926));
#7645=CARTESIAN_POINT('',(0.0531427936076523,-0.0155439799133705,-0.00478391085634926));
#7646=CARTESIAN_POINT('',(0.0529411414708155,-0.0154981687853657,-0.00478391085634926));
#7647=CARTESIAN_POINT('',(0.0527353242418621,-0.0154253470822854,-0.00478391085634926));
#7648=CARTESIAN_POINT('',(0.0524518673972303,-0.0154113342223769,-0.00478391085634927));
#7649=CARTESIAN_POINT('',(0.0520907241477327,-0.015434117027653,-0.00478391085634926));
#7650=CARTESIAN_POINT('',(0.0518106181857026,-0.0154925399688493,-0.00478391085634926));
#7651=CARTESIAN_POINT('',(0.0516715787305964,-0.0155299107860847,-0.00478391085634926));
#7652=CARTESIAN_POINT('',(0.0516715787262809,-0.0155299107872446,-0.00478391085634926));
#7653=CARTESIAN_POINT('',(0.0516715787262809,-0.0155299107872446,0.00423308914365074));
#7654=CARTESIAN_POINT('',(0.0531003817721691,-0.0190955787664395,-0.00095005690693848));
#7655=CARTESIAN_POINT('',(0.0531003817721691,-0.0190955787664395,-0.00478391085634926));
#7656=CARTESIAN_POINT('',(0.0530717134882439,-0.019029364011576,-0.00095005690693836));
#7657=CARTESIAN_POINT('',(0.0530717134882439,-0.019029364011576,-0.00478391085634914));
#7658=CARTESIAN_POINT('',(0.0529139996316031,-0.0189860362164798,-0.000950056906938495));
#7659=CARTESIAN_POINT('',(0.0529139996316031,-0.0189860362164798,-0.00478391085634928));
#7660=CARTESIAN_POINT('',(0.052706157437626,-0.0190066581351662,-0.000950056906938495));
#7661=CARTESIAN_POINT('',(0.052706157437626,-0.0190066581351662,-0.00478391085634927));
#7662=CARTESIAN_POINT('',(0.0524946364540538,-0.0190511761047631,-0.000950056906938495));
#7663=CARTESIAN_POINT('',(0.0524946364540538,-0.0190511761047631,-0.00478391085634928));
#7664=CARTESIAN_POINT('',(0.0522082847642534,-0.019026748219896,-0.000950056906938495));
#7665=CARTESIAN_POINT('',(0.0522082847642534,-0.019026748219896,-0.00478391085634927));
#7666=CARTESIAN_POINT('',(0.0518583059085659,-0.0189575053226944,-0.000950056906938495));
#7667=CARTESIAN_POINT('',(0.0518583059085659,-0.0189575053226944,-0.00478391085634927));
#7668=CARTESIAN_POINT('',(0.0515880232780911,-0.0188628696455884,-0.000950056906938495));
#7669=CARTESIAN_POINT('',(0.0515880232780911,-0.0188628696455884,-0.00478391085634928));
#7670=CARTESIAN_POINT('',(0.0514562219311643,-0.0188081100243898,-0.000950056906938495));
#7671=CARTESIAN_POINT('',(0.0514562219311643,-0.0188081100243898,-0.00478391085634928));
#7672=CARTESIAN_POINT('',(0.0531620993162651,-0.0192607844929157,-0.000950056906938495));
#7673=CARTESIAN_POINT('',(0.0531431350289215,-0.019209820033503,-0.000950056906938495));
#7674=CARTESIAN_POINT('',(0.0531241707415778,-0.0191588555740901,-0.000950056906938495));
#7675=CARTESIAN_POINT('',(0.0531052064542341,-0.0191078911146773,-0.000950056906938495));
#7676=CARTESIAN_POINT('',(0.0531036591544704,-0.0191037329148685,-0.000950056906938495));
#7677=CARTESIAN_POINT('',(0.0530764723708224,-0.0190306713910324,-0.000950056906938356));
#7678=CARTESIAN_POINT('',(0.0529139996307687,-0.0189860362164453,-0.000950056906938495));
#7679=CARTESIAN_POINT('',(0.0527061574368164,-0.0190066581353508,-0.000950056906938495));
#7680=CARTESIAN_POINT('',(0.052494636453042,-0.0190511761048491,-0.000950056906938495));
#7681=CARTESIAN_POINT('',(0.0522082847630726,-0.019026748219654,-0.000950056906938495));
#7682=CARTESIAN_POINT('',(0.0518583059071938,-0.0189575053223573,-0.000950056906938495));
#7683=CARTESIAN_POINT('',(0.0515339667504619,-0.0188439425095671,-0.000950056906938495));
#7684=CARTESIAN_POINT('',(0.0513513152469411,-0.018763111641484,-0.000950056906938495));
#7685=CARTESIAN_POINT('',(0.051299430139689,-0.0187393463681435,-0.000950056906938495));
#7686=CARTESIAN_POINT('',(0.0531003817721691,-0.0190955787664395,-0.000950056906938498));
#7687=CARTESIAN_POINT('',(0.0514562219295984,-0.0188081100237392,0.00423308914365074));
#7688=CARTESIAN_POINT('',(0.0514562219295984,-0.0188081100237392,-0.00478391085634926));
#7689=CARTESIAN_POINT('',(0.051456221933725,-0.0188081100254537,-0.00478391085634926));
#7690=CARTESIAN_POINT('',(0.0515875313410352,-0.0188626652597708,-0.00478391085634926));
#7691=CARTESIAN_POINT('',(0.0518554077606841,-0.0189569218120682,-0.00478391085634926));
#7692=CARTESIAN_POINT('',(0.0522045441094339,-0.0190252422094546,-0.00478391085634926));
#7693=CARTESIAN_POINT('',(0.052484271315254,-0.0190518241100227,-0.00478391085634926));
#7694=CARTESIAN_POINT('',(0.0527008297200399,-0.0190079291494304,-0.00478391085634926));
#7695=CARTESIAN_POINT('',(0.0529106318978613,-0.0189857999095078,-0.00478391085634926));
#7696=CARTESIAN_POINT('',(0.0530709581179653,-0.0190278844426338,-0.00478391085634926));
#7697=CARTESIAN_POINT('',(0.0531003121516364,-0.0190954182793068,-0.00478391085634926));
#7698=CARTESIAN_POINT('',(0.0531003120691873,-0.0190954183242325,-0.00478391085634926));
#7699=CARTESIAN_POINT('',(0.0531003817721691,-0.0190955787664395,0.0132500891436507));
#7700=CARTESIAN_POINT('',(0.0513929407318949,-0.0182294861308547,-0.000950056906938499));
#7701=CARTESIAN_POINT('',(0.0513929407318949,-0.0182294861308547,-0.00478391085634926));
#7702=CARTESIAN_POINT('',(0.0515097912082205,-0.0181475318051204,-0.000950056906938498));
#7703=CARTESIAN_POINT('',(0.0515097912082205,-0.0181475318051204,-0.00478391085634926));
#7704=CARTESIAN_POINT('',(0.0517532313979042,-0.0179967111942776,-0.000950056906938499));
#7705=CARTESIAN_POINT('',(0.0517532313979042,-0.0179967111942776,-0.00478391085634926));
#7706=CARTESIAN_POINT('',(0.0520799732537641,-0.0178534577068563,-0.000950056906938494));
#7707=CARTESIAN_POINT('',(0.0520799732537641,-0.0178534577068563,-0.00478391085634926));
#7708=CARTESIAN_POINT('',(0.0523542785395044,-0.0177677132935669,-0.000950056906938495));
#7709=CARTESIAN_POINT('',(0.0523542785395044,-0.0177677132935669,-0.00478391085634926));
#7710=CARTESIAN_POINT('',(0.0525704234889774,-0.01776546241491,-0.000950056906938494));
#7711=CARTESIAN_POINT('',(0.0525704234889774,-0.01776546241491,-0.00478391085634926));
#7712=CARTESIAN_POINT('',(0.052777812470956,-0.0177406687771688,-0.000950056906938494));
#7713=CARTESIAN_POINT('',(0.052777812470956,-0.0177406687771688,-0.00478391085634926));
#7714=CARTESIAN_POINT('',(0.0529224290342845,-0.0176642669676814,-0.000950056906938494));
#7715=CARTESIAN_POINT('',(0.0529224290342845,-0.0176642669676814,-0.00478391085634926));
#7716=CARTESIAN_POINT('',(0.052936100186563,-0.0175934173856994,-0.000950056906938494));
#7717=CARTESIAN_POINT('',(0.052936100186563,-0.0175934173856994,-0.00478391085634926));
#7718=CARTESIAN_POINT('',(0.0512547173387374,-0.0183305152313776,-0.0009500569069385));
#7719=CARTESIAN_POINT('',(0.0513002394859876,-0.0182960966375293,-0.0009500569069385));
#7720=CARTESIAN_POINT('',(0.0514611031667315,-0.018177695929658,-0.0009500569069385));
#7721=CARTESIAN_POINT('',(0.0517532313948757,-0.0179967111957667,-0.0009500569069385));
#7722=CARTESIAN_POINT('',(0.0520799732514479,-0.0178534577078572,-0.000950056906938495));
#7723=CARTESIAN_POINT('',(0.0523542785377367,-0.0177677132937782,-0.000950056906938495));
#7724=CARTESIAN_POINT('',(0.0525704234877936,-0.0177654624149073,-0.000950056906938495));
#7725=CARTESIAN_POINT('',(0.0527778124701932,-0.0177406687774322,-0.000950056906938495));
#7726=CARTESIAN_POINT('',(0.0529267926649066,-0.0176619616353119,-0.000950056906938495));
#7727=CARTESIAN_POINT('',(0.0529375366822401,-0.0175847472813702,-0.000950056906938495));
#7728=CARTESIAN_POINT('',(0.0529381481568058,-0.0175803527786362,-0.000950056906938495));
#7729=CARTESIAN_POINT('',(0.0529456427164543,-0.0175264914004039,-0.000950056906938495));
#7730=CARTESIAN_POINT('',(0.0529531372761028,-0.0174726300221715,-0.000950056906938495));
#7731=CARTESIAN_POINT('',(0.0529606318357512,-0.0174187686439391,-0.000950056906938495));
#7732=CARTESIAN_POINT('',(0.052936100186563,-0.0175934173856994,-0.000950056906938495));
#7733=CARTESIAN_POINT('',(0.052936100186563,-0.0175934173856994,-0.00478391085634926));
#7734=CARTESIAN_POINT('',(0.0529360653055537,-0.0175935968041567,-0.00478391085634926));
#7735=CARTESIAN_POINT('',(0.0529360654210392,-0.0175935968350673,-0.00478391085634926));
#7736=CARTESIAN_POINT('',(0.0529223625058414,-0.0176640455410875,-0.00478391085634926));
#7737=CARTESIAN_POINT('',(0.0527803492216595,-0.0177394938844264,-0.00478391085634926));
#7738=CARTESIAN_POINT('',(0.0525751102758409,-0.017765453577235,-0.00478391085634926));
#7739=CARTESIAN_POINT('',(0.0523570403447549,-0.017767362823403,-0.00478391085634926));
#7740=CARTESIAN_POINT('',(0.0520855041795833,-0.0178511945859783,-0.00478391085634926));
#7741=CARTESIAN_POINT('',(0.0517539876626386,-0.0179961629688136,-0.00478391085634926));
#7742=CARTESIAN_POINT('',(0.0515108248591337,-0.0181468068430467,-0.00478391085634926));
#7743=CARTESIAN_POINT('',(0.0513929407318949,-0.0182294861308547,-0.00478391085634926));
#7744=CARTESIAN_POINT('',(0.0513929407282363,-0.0182294861334206,-0.00478391085634926));
#7745=CARTESIAN_POINT('',(0.0513929407282363,-0.0182294861334206,0.00423308914365074));
#7746=CARTESIAN_POINT('',(0.0539550658960933,-0.0210913968262977,-0.000920951916830535));
#7747=CARTESIAN_POINT('',(0.0539550658960933,-0.0210913968262977,-0.00478391085634926));
#7748=CARTESIAN_POINT('',(0.05390546326854,-0.0210390066167173,-0.000920951916830535));
#7749=CARTESIAN_POINT('',(0.05390546326854,-0.0210390066167173,-0.00478391085634926));
#7750=CARTESIAN_POINT('',(0.0537424466757325,-0.0210522695740411,-0.000920951916830535));
#7751=CARTESIAN_POINT('',(0.0537424466757325,-0.0210522695740411,-0.00478391085634926));
#7752=CARTESIAN_POINT('',(0.0535542073989438,-0.0211427408964267,-0.000920951916830535));
#7753=CARTESIAN_POINT('',(0.0535542073989438,-0.0211427408964267,-0.00478391085634926));
#7754=CARTESIAN_POINT('',(0.0533706665673637,-0.0212569042172812,-0.000920951916830535));
#7755=CARTESIAN_POINT('',(0.0533706665673637,-0.0212569042172812,-0.00478391085634926));
#7756=CARTESIAN_POINT('',(0.0530932365413051,-0.021331880951277,-0.000920951916830534));
#7757=CARTESIAN_POINT('',(0.0530932365413051,-0.021331880951277,-0.00478391085634926));
#7758=CARTESIAN_POINT('',(0.0527406903805445,-0.0213865084725593,-0.000920951916830535));
#7759=CARTESIAN_POINT('',(0.0527406903805445,-0.0213865084725593,-0.00478391085634926));
#7760=CARTESIAN_POINT('',(0.0524543485887474,-0.0213900209501245,-0.000920951916830535));
#7761=CARTESIAN_POINT('',(0.0524543485887474,-0.0213900209501245,-0.00478391085634926));
#7762=CARTESIAN_POINT('',(0.052311770919557,-0.0213836422060069,-0.000920951916830535));
#7763=CARTESIAN_POINT('',(0.052311770919557,-0.0213836422060069,-0.00478391085634926));
#7764=CARTESIAN_POINT('',(0.0539550659044111,-0.0210913968350829,0.0132500891436507));
#7765=CARTESIAN_POINT('',(0.0539550659044111,-0.0210913968350829,-0.000949483214095102));
#7766=CARTESIAN_POINT('',(0.0539549655427104,-0.0210912910541348,-0.00478391085634926));
#7767=CARTESIAN_POINT('',(0.0539550659044473,-0.0210913968351212,-0.000949483214095108));
#7768=CARTESIAN_POINT('',(0.0538927107903401,-0.0210255374712035,-0.000951061009531304));
#7769=CARTESIAN_POINT('',(0.0536856337156278,-0.021068004156966,-0.000950254752297815));
#7770=CARTESIAN_POINT('',(0.0535399517229787,-0.0211558340069587,-0.000947371899056546));
#7771=CARTESIAN_POINT('',(0.0534619672336142,-0.0211991406577393,-0.00094399143336842));
#7772=CARTESIAN_POINT('',(0.0523117709178628,-0.0213836422059311,0.00423308914365074));
#7773=CARTESIAN_POINT('',(0.0523117709178628,-0.0213836422059311,-0.00478391085634926));
#7774=CARTESIAN_POINT('',(0.0523117709223273,-0.0213836422061308,-0.00478391085634926));
#7775=CARTESIAN_POINT('',(0.052453818747946,-0.0213899972454439,-0.00478391085634926));
#7776=CARTESIAN_POINT('',(0.0527377741384186,-0.0213869506834102,-0.00478391085634926));
#7777=CARTESIAN_POINT('',(0.0530892194055726,-0.021331744005589,-0.00478391085634926));
#7778=CARTESIAN_POINT('',(0.0533611673928201,-0.0212610500710878,-0.00478391085634926));
#7779=CARTESIAN_POINT('',(0.0535496560590212,-0.0211457437267059,-0.00478391085634926));
#7780=CARTESIAN_POINT('',(0.0537392323189215,-0.0210531892673448,-0.00478391085634926));
#7781=CARTESIAN_POINT('',(0.0539042752173438,-0.0210378794649632,-0.00478391085634926));
#7782=CARTESIAN_POINT('',(0.0539549655841535,-0.0210912910032637,-0.00478391085634926));
#7783=CARTESIAN_POINT('',(0.0520544103597011,-0.0208615642141702,-0.000950056906938495));
#7784=CARTESIAN_POINT('',(0.0520544103597011,-0.0208615642141702,-0.00478391085634927));
#7785=CARTESIAN_POINT('',(0.0521361825858525,-0.0207445883394295,-0.000950056906938495));
#7786=CARTESIAN_POINT('',(0.0521361825858525,-0.0207445883394295,-0.00478391085634927));
#7787=CARTESIAN_POINT('',(0.052313355062747,-0.0205196042050254,-0.000950056906938495));
#7788=CARTESIAN_POINT('',(0.052313355062747,-0.0205196042050254,-0.00478391085634927));
#7789=CARTESIAN_POINT('',(0.0525713918840229,-0.020273238930596,-0.000950056906938495));
#7790=CARTESIAN_POINT('',(0.0525713918840229,-0.020273238930596,-0.00478391085634927));
#7791=CARTESIAN_POINT('',(0.0527998236269636,-0.0200988480478503,-0.000950056906938495));
#7792=CARTESIAN_POINT('',(0.0527998236269636,-0.0200988480478503,-0.00478391085634927));
#7793=CARTESIAN_POINT('',(0.0530021588009423,-0.020022801314625,-0.000950056906938496));
#7794=CARTESIAN_POINT('',(0.0530021588009423,-0.020022801314625,-0.00478391085634928));
#7795=CARTESIAN_POINT('',(0.0531885592361258,-0.0199285800435636,-0.000950056906938495));
#7796=CARTESIAN_POINT('',(0.0531885592361258,-0.0199285800435636,-0.00478391085634927));
#7797=CARTESIAN_POINT('',(0.0532983367612335,-0.0198073369840817,-0.00095005690693836));
#7798=CARTESIAN_POINT('',(0.0532983367612335,-0.0198073369840817,-0.00478391085634914));
#7799=CARTESIAN_POINT('',(0.0532869668964838,-0.0197360856571563,-0.00095005690693848));
#7800=CARTESIAN_POINT('',(0.0532869668964838,-0.0197360856571563,-0.00478391085634926));
#7801=CARTESIAN_POINT('',(0.0519590783262713,-0.0210037742183583,-0.000950056906938495));
#7802=CARTESIAN_POINT('',(0.0519900828181379,-0.0209558623271381,-0.000950056906938495));
#7803=CARTESIAN_POINT('',(0.0521007480879457,-0.0207895851697515,-0.000950056906938495));
#7804=CARTESIAN_POINT('',(0.0523133550604104,-0.0205196042074605,-0.000950056906938495));
#7805=CARTESIAN_POINT('',(0.0525713918821887,-0.0202732389323287,-0.000950056906938495));
#7806=CARTESIAN_POINT('',(0.0527998236253748,-0.0200988480486535,-0.000950056906938495));
#7807=CARTESIAN_POINT('',(0.0530021587998291,-0.0200228013150273,-0.000950056906938495));
#7808=CARTESIAN_POINT('',(0.0531885592354992,-0.019928580044072,-0.000950056906938495));
#7809=CARTESIAN_POINT('',(0.0533016492374416,-0.0198036785419855,-0.000950056906938356));
#7810=CARTESIAN_POINT('',(0.0532853532657316,-0.0197274470658234,-0.000950056906938495));
#7811=CARTESIAN_POINT('',(0.0532844257937394,-0.0197231084132821,-0.000950056906938495));
#7812=CARTESIAN_POINT('',(0.0532730584659575,-0.0196699328069269,-0.000950056906938495));
#7813=CARTESIAN_POINT('',(0.0532616911381757,-0.0196167572005716,-0.000950056906938495));
#7814=CARTESIAN_POINT('',(0.0532503238103938,-0.0195635815942162,-0.000950056906938495));
#7815=CARTESIAN_POINT('',(0.0532869668964838,-0.0197360856571563,-0.00095005690693848));
#7816=CARTESIAN_POINT('',(0.0532869668964839,-0.0197360856571563,-0.00478391085634926));
#7817=CARTESIAN_POINT('',(0.0532869931946483,-0.0197362517406229,-0.00478391085634926));
#7818=CARTESIAN_POINT('',(0.0532869932813426,-0.0197362517353759,-0.00478391085634926));
#7819=CARTESIAN_POINT('',(0.0532982052998332,-0.019807139394806,-0.00478391085634926));
#7820=CARTESIAN_POINT('',(0.0531905540362888,-0.0199266002465935,-0.00478391085634926));
#7821=CARTESIAN_POINT('',(0.05300657017725,-0.0200211863585399,-0.00478391085634926));
#7822=CARTESIAN_POINT('',(0.0528023063557409,-0.0200975699861005,-0.00478391085634926));
#7823=CARTESIAN_POINT('',(0.0525758209940895,-0.0202692148453789,-0.00478391085634926));
#7824=CARTESIAN_POINT('',(0.05231388112298,-0.0205188270599482,-0.00478391085634926));
#7825=CARTESIAN_POINT('',(0.0521369066458367,-0.0207435525653775,-0.00478391085634926));
#7826=CARTESIAN_POINT('',(0.0520544103597011,-0.0208615642141702,-0.00478391085634926));
#7827=CARTESIAN_POINT('',(0.0520544103571407,-0.0208615642178328,-0.00478391085634926));
#7828=CARTESIAN_POINT('',(0.0520544103571408,-0.0208615642178328,0.00423308914365074));
#7829=CARTESIAN_POINT('',(0.0554407727528572,-0.0226745337172572,1.22619784476358E-5));
#7830=CARTESIAN_POINT('',(0.0554407727528572,-0.0226745337172572,-0.00478391085634926));
#7831=CARTESIAN_POINT('',(0.0553762324865579,-0.0226423165987699,1.22619784476358E-5));
#7832=CARTESIAN_POINT('',(0.0553762324865579,-0.0226423165987699,-0.00478391085634926));
#7833=CARTESIAN_POINT('',(0.0552276105088094,-0.0227105868970974,1.22619784476358E-5));
#7834=CARTESIAN_POINT('',(0.0552276105088094,-0.0227105868970974,-0.00478391085634926));
#7835=CARTESIAN_POINT('',(0.0550816933644732,-0.0228599859196481,1.22619784476358E-5));
#7836=CARTESIAN_POINT('',(0.0550816933644732,-0.0228599859196481,-0.00478391085634926));
#7837=CARTESIAN_POINT('',(0.0549482561663274,-0.0230300186561821,1.22619784476358E-5));
#7838=CARTESIAN_POINT('',(0.0549482561663274,-0.0230300186561821,-0.00478391085634926));
#7839=CARTESIAN_POINT('',(0.0547132079651928,-0.0231953464839751,1.22619784476358E-5));
#7840=CARTESIAN_POINT('',(0.0547132079651928,-0.0231953464839751,-0.00478391085634926));
#7841=CARTESIAN_POINT('',(0.0544006167176084,-0.0233672447158214,1.22619784476358E-5));
#7842=CARTESIAN_POINT('',(0.0544006167176084,-0.0233672447158214,-0.00478391085634926));
#7843=CARTESIAN_POINT('',(0.0541327560499233,-0.023468473800808,1.22619784476358E-5));
#7844=CARTESIAN_POINT('',(0.0541327560499233,-0.023468473800808,-0.00478391085634926));
#7845=CARTESIAN_POINT('',(0.0539966009050592,-0.0235112415963147,1.22619784476358E-5));
#7846=CARTESIAN_POINT('',(0.0539966009050592,-0.0235112415963147,-0.00478391085634926));
#7847=CARTESIAN_POINT('',(0.0554407727636596,-0.0226745337226495,0.0132500891436507));
#7848=CARTESIAN_POINT('',(0.0554407727636596,-0.0226745337226495,-0.00010751860106321));
#7849=CARTESIAN_POINT('',(0.0554406840348443,-0.0226744895096631,-0.00478391085634926));
#7850=CARTESIAN_POINT('',(0.0554407727636697,-0.0226745337226546,-0.000107518601063217));
#7851=CARTESIAN_POINT('',(0.0554048118625542,-0.0226565828110985,-0.000132814129290622));
#7852=CARTESIAN_POINT('',(0.0552990143719406,-0.0226711783419128,-0.000112986939658605));
#7853=CARTESIAN_POINT('',(0.0552437192963488,-0.0227150801509709,-4.88206356435201E-5));
#7854=CARTESIAN_POINT('',(0.0552166042775409,-0.0227355464560731,-1.6343426134862E-5));
#7855=CARTESIAN_POINT('',(0.0539966009034411,-0.0235112415968229,0.00423308914365074));
#7856=CARTESIAN_POINT('',(0.0539966009034409,-0.023511241596823,-0.00478391085634926));
#7857=CARTESIAN_POINT('',(0.0539966009077049,-0.0235112415954836,-0.00478391085634926));
#7858=CARTESIAN_POINT('',(0.0541322536287588,-0.0234686316164118,-0.00478391085634926));
#7859=CARTESIAN_POINT('',(0.054398037306182,-0.023368652949859,-0.00478391085634926));
#7860=CARTESIAN_POINT('',(0.0547094052497738,-0.0231965828836266,-0.00478391085634926));
#7861=CARTESIAN_POINT('',(0.05494077234856,-0.0230371405352759,-0.00478391085634926));
#7862=CARTESIAN_POINT('',(0.0550784667011864,-0.0228643324673943,-0.00478391085634926));
#7863=CARTESIAN_POINT('',(0.055224945869523,-0.0227125182447794,-0.00478391085634926));
#7864=CARTESIAN_POINT('',(0.0553747751108201,-0.0226416557791018,-0.00478391085634926));
#7865=CARTESIAN_POINT('',(0.0554406840411193,-0.0226744894791029,-0.00478391085634926));
#7866=CARTESIAN_POINT('',(0.0535762126948658,-0.0231086816805071,-0.000678544093772129));
#7867=CARTESIAN_POINT('',(0.0535762126948658,-0.0231086816805071,-0.00478391085634934));
#7868=CARTESIAN_POINT('',(0.0536130435421435,-0.0229707966459602,-0.000678544093772129));
#7869=CARTESIAN_POINT('',(0.0536130435421435,-0.0229707966459602,-0.00478391085634934));
#7870=CARTESIAN_POINT('',(0.0537025777797172,-0.0226987922660791,-0.000678544093772129));
#7871=CARTESIAN_POINT('',(0.0537025777797172,-0.0226987922660791,-0.00478391085634934));
#7872=CARTESIAN_POINT('',(0.0538607820294171,-0.0223790381294704,-0.000678544093772128));
#7873=CARTESIAN_POINT('',(0.0538607820294171,-0.0223790381294704,-0.00478391085634934));
#7874=CARTESIAN_POINT('',(0.0540157823748176,-0.0221370413716166,-0.000678544093772129));
#7875=CARTESIAN_POINT('',(0.0540157823748176,-0.0221370413716166,-0.00478391085634934));
#7876=CARTESIAN_POINT('',(0.0541798902090961,-0.0219963697892226,-0.000678544093772129));
#7877=CARTESIAN_POINT('',(0.0541798902090961,-0.0219963697892226,-0.00478391085634934));
#7878=CARTESIAN_POINT('',(0.0543228266536652,-0.0218440980954111,-0.000678544093772129));
#7879=CARTESIAN_POINT('',(0.0543228266536652,-0.0218440980954111,-0.00478391085634934));
#7880=CARTESIAN_POINT('',(0.0543845565267612,-0.0216926392268212,-0.000678544093771847));
#7881=CARTESIAN_POINT('',(0.0543845565267612,-0.0216926392268212,-0.00478391085634906));
#7882=CARTESIAN_POINT('',(0.0543495388380798,-0.0216295640355783,-0.000678544093772097));
#7883=CARTESIAN_POINT('',(0.0543495388380798,-0.0216295640355783,-0.00478391085634931));
#7884=CARTESIAN_POINT('',(0.054163774600659,-0.0220063503293015,-0.000703029382614538));
#7885=CARTESIAN_POINT('',(0.0542176231568542,-0.0219557390965902,-0.000730828575114539));
#7886=CARTESIAN_POINT('',(0.054316182065589,-0.0218529268334821,-0.000783287691037263));
#7887=CARTESIAN_POINT('',(0.0543871993542451,-0.0216973995722585,-0.000841470317064091));
#7888=CARTESIAN_POINT('',(0.0543495388321916,-0.0216295640249722,-0.000862261094360603));
#7889=CARTESIAN_POINT('',(0.0543495388322093,-0.0216295640250042,-0.000862261094360611));
#7890=CARTESIAN_POINT('',(0.0543495388322093,-0.0216295640250042,-0.00478391085634926));
#7891=CARTESIAN_POINT('',(0.0543496033580514,-0.0216296805124398,-0.00478391085634926));
#7892=CARTESIAN_POINT('',(0.0543496034095982,-0.0216296804934099,-0.00478391085634926));
#7893=CARTESIAN_POINT('',(0.0543843706477032,-0.021692465367466,-0.00478391085634926));
#7894=CARTESIAN_POINT('',(0.0543240462808306,-0.0218415266418085,-0.00478391085634926));
#7895=CARTESIAN_POINT('',(0.0541835032565542,-0.0219933267814213,-0.00478391085634926));
#7896=CARTESIAN_POINT('',(0.0540176913826266,-0.022134975950556,-0.00478391085634926));
#7897=CARTESIAN_POINT('',(0.0538635759690864,-0.0223737242361932,-0.00478391085634926));
#7898=CARTESIAN_POINT('',(0.0537028101345098,-0.0226978722139036,-0.00478391085634926));
#7899=CARTESIAN_POINT('',(0.0536133704274073,-0.0229695728732475,-0.00478391085634926));
#7900=CARTESIAN_POINT('',(0.0535762126948658,-0.0231086816805071,-0.00478391085634926));
#7901=CARTESIAN_POINT('',(0.0535762126937124,-0.0231086816848249,-0.00478391085634926));
#7902=CARTESIAN_POINT('',(0.0535762126937124,-0.0231086816848249,0.00423308914365074));
#7903=CARTESIAN_POINT('',(0.0634651194281164,-0.0222288468620275,-0.000268603970303884));
#7904=CARTESIAN_POINT('',(0.0634651194281164,-0.0222288468620275,-0.00478391085634928));
#7905=CARTESIAN_POINT('',(0.0634224127706857,-0.0222869060096443,-0.000268603970304001));
#7906=CARTESIAN_POINT('',(0.0634224127706857,-0.0222869060096443,-0.0047839108563494));
#7907=CARTESIAN_POINT('',(0.0634641153345676,-0.0224450364892586,-0.000268603970303869));
#7908=CARTESIAN_POINT('',(0.0634641153345676,-0.0224450364892586,-0.00478391085634927));
#7909=CARTESIAN_POINT('',(0.0635859422266783,-0.0226145508873626,-0.000268603970303869));
#7910=CARTESIAN_POINT('',(0.0635859422266783,-0.0226145508873626,-0.00478391085634927));
#7911=CARTESIAN_POINT('',(0.0637301110669535,-0.0227755263886605,-0.000268603970303869));
#7912=CARTESIAN_POINT('',(0.0637301110669535,-0.0227755263886605,-0.00478391085634927));
#7913=CARTESIAN_POINT('',(0.0638520500174997,-0.023035667058833,-0.000268603970303869));
#7914=CARTESIAN_POINT('',(0.0638520500174997,-0.023035667058833,-0.00478391085634927));
#7915=CARTESIAN_POINT('',(0.0639670020757443,-0.0233733011748816,-0.000268603970303869));
#7916=CARTESIAN_POINT('',(0.0639670020757443,-0.0233733011748816,-0.00478391085634927));
#7917=CARTESIAN_POINT('',(0.0640201587403231,-0.0236546119662829,-0.000268603970303869));
#7918=CARTESIAN_POINT('',(0.0640201587403231,-0.0236546119662829,-0.00478391085634927));
#7919=CARTESIAN_POINT('',(0.0640386257070269,-0.0237960959367625,-0.000268603970303869));
#7920=CARTESIAN_POINT('',(0.0640386257070269,-0.0237960959367625,-0.00478391085634927));
#7921=CARTESIAN_POINT('',(0.0634651194352327,-0.022228846852353,0.0132500891436507));
#7922=CARTESIAN_POINT('',(0.0634651194352327,-0.022228846852353,-0.000560940061809723));
#7923=CARTESIAN_POINT('',(0.0634651194352379,-0.0222288468523459,-0.00478391085634926));
#7924=CARTESIAN_POINT('',(0.0634651194352536,-0.0222288468523247,-0.00056094006180973));
#7925=CARTESIAN_POINT('',(0.0634292188167016,-0.0222776532782194,-0.000525026399152625));
#7926=CARTESIAN_POINT('',(0.0634477285589701,-0.0223925402917024,-0.000431604745285186));
#7927=CARTESIAN_POINT('',(0.0634957224647439,-0.0224806922740385,-0.000342346918318471));
#7928=CARTESIAN_POINT('',(0.0635234761525197,-0.0225232568753536,-0.000295534230062137));
#7929=CARTESIAN_POINT('',(0.0635234761525207,-0.0225232568753551,-0.000295534230061601));
#7930=CARTESIAN_POINT('',(0.0635234761525207,-0.0225232568753552,-0.000295534230061594));
#7931=CARTESIAN_POINT('',(0.0635946327993906,-0.0226323866720649,-0.000755473637434591));
#7932=CARTESIAN_POINT('',(0.0638437587426331,-0.0228964759382535,-0.00166219724484542));
#7933=CARTESIAN_POINT('',(0.0639951370689767,-0.0234629093728411,-0.00244084372023737));
#7934=CARTESIAN_POINT('',(0.0640386257070269,-0.0237960959367626,-0.00278844802456333));
#7935=CARTESIAN_POINT('',(0.0640386257072468,-0.0237960959384462,-0.00278844802631875));
#7936=CARTESIAN_POINT('',(0.0640386257072466,-0.0237960959384459,0.00423308914365074));
#7937=CARTESIAN_POINT('',(0.0640386257072467,-0.023796095938446,-0.00478391085634926));
#7938=CARTESIAN_POINT('',(0.0640386257066679,-0.0237960959340115,-0.00478391085634926));
#7939=CARTESIAN_POINT('',(0.0640202258616827,-0.0236551262161773,-0.00478391085634926));
#7940=CARTESIAN_POINT('',(0.0639679344142497,-0.0233760649921322,-0.00478391085634926));
#7941=CARTESIAN_POINT('',(0.0638525965823014,-0.0230395823222039,-0.00478391085634926));
#7942=CARTESIAN_POINT('',(0.0637357773795747,-0.0227840605795804,-0.00478391085634926));
#7943=CARTESIAN_POINT('',(0.0635895912769562,-0.0226184166237853,-0.00478391085634926));
#7944=CARTESIAN_POINT('',(0.0634655001962593,-0.0224478583319371,-0.00478391085634926));
#7945=CARTESIAN_POINT('',(0.0634214963416545,-0.02228815187706,-0.00478391085634926));
#7946=CARTESIAN_POINT('',(0.0634651194316092,-0.0222288468572791,-0.00478391085634926));
#7947=CARTESIAN_POINT('',(0.0647663951770657,-0.0204908640121296,-0.000950056906938494));
#7948=CARTESIAN_POINT('',(0.0647663951770657,-0.0204908640121296,-0.00478391085634926));
#7949=CARTESIAN_POINT('',(0.0647461576411371,-0.0205600298537999,-0.000950056906938494));
#7950=CARTESIAN_POINT('',(0.0647461576411371,-0.0205600298537999,-0.00478391085634926));
#7951=CARTESIAN_POINT('',(0.0648394626271458,-0.0206943347835575,-0.000950056906938495));
#7952=CARTESIAN_POINT('',(0.0648394626271458,-0.0206943347835575,-0.00478391085634926));
#7953=CARTESIAN_POINT('',(0.0650119186632288,-0.0208119394410125,-0.000950056906938494));
#7954=CARTESIAN_POINT('',(0.0650119186632288,-0.0208119394410125,-0.00478391085634926));
#7955=CARTESIAN_POINT('',(0.0652024368920711,-0.0209139095193899,-0.000950056906938495));
#7956=CARTESIAN_POINT('',(0.0652024368920711,-0.0209139095193899,-0.00478391085634926));
#7957=CARTESIAN_POINT('',(0.0654059847940945,-0.0211166533143697,-0.000950056906938494));
#7958=CARTESIAN_POINT('',(0.0654059847940945,-0.0211166533143697,-0.00478391085634926));
#7959=CARTESIAN_POINT('',(0.0656294718766792,-0.0213946048067194,-0.000950056906938494));
#7960=CARTESIAN_POINT('',(0.0656294718766792,-0.0213946048067194,-0.00478391085634926));
#7961=CARTESIAN_POINT('',(0.0657756309865577,-0.0216407631330935,-0.000950056906938494));
#7962=CARTESIAN_POINT('',(0.0657756309865577,-0.0216407631330935,-0.00478391085634926));
#7963=CARTESIAN_POINT('',(0.0658413720651118,-0.0217673950558818,-0.000950056906938494));
#7964=CARTESIAN_POINT('',(0.0658413720651118,-0.0217673950558818,-0.00478391085634926));
#7965=CARTESIAN_POINT('',(0.0658413720658939,-0.0217673950573885,0.00423308914365074));
#7966=CARTESIAN_POINT('',(0.0658413720658939,-0.0217673950573885,-0.00478391085634926));
#7967=CARTESIAN_POINT('',(0.0658413720638331,-0.0217673950534189,-0.00478391085634926));
#7968=CARTESIAN_POINT('',(0.0657758699343289,-0.021641223400184,-0.00478391085634926));
#7969=CARTESIAN_POINT('',(0.0656312932922177,-0.0213968833590333,-0.00478391085634926));
#7970=CARTESIAN_POINT('',(0.0654078375630506,-0.0211201451138978,-0.00478391085634926));
#7971=CARTESIAN_POINT('',(0.0652106770298353,-0.020919988726239,-0.00478391085634926));
#7972=CARTESIAN_POINT('',(0.0650166660826385,-0.0208143235853102,-0.00478391085634926));
#7973=CARTESIAN_POINT('',(0.064841725115742,-0.0206965035091145,-0.00478391085634926));
#7974=CARTESIAN_POINT('',(0.0647457215610389,-0.0205615202581744,-0.00478391085634926));
#7975=CARTESIAN_POINT('',(0.0647663951753481,-0.0204908640179996,-0.00478391085634926));
#7976=CARTESIAN_POINT('',(0.0647663951770665,-0.0204908640121267,-0.00478391085634926));
#7977=CARTESIAN_POINT('',(0.0647663951770603,-0.0204908640121478,0.0132500891436507));
#7978=CARTESIAN_POINT('',(0.06551799028549,-0.0222512090340341,-0.000743607913180525));
#7979=CARTESIAN_POINT('',(0.06551799028549,-0.0222512090340341,-0.00478391085634926));
#7980=CARTESIAN_POINT('',(0.0653750524576068,-0.022238820961265,-0.000743607913180525));
#7981=CARTESIAN_POINT('',(0.0653750524576068,-0.022238820961265,-0.00478391085634926));
#7982=CARTESIAN_POINT('',(0.0650897889220516,-0.022197995747929,-0.000743607913180525));
#7983=CARTESIAN_POINT('',(0.0650897889220516,-0.022197995747929,-0.00478391085634926));
#7984=CARTESIAN_POINT('',(0.0647469402595781,-0.0220954341592208,-0.000743607913180524));
#7985=CARTESIAN_POINT('',(0.0647469402595781,-0.0220954341592208,-0.00478391085634926));
#7986=CARTESIAN_POINT('',(0.0644785922700902,-0.0219856082074332,-0.000743607913180525));
#7987=CARTESIAN_POINT('',(0.0644785922700902,-0.0219856082074332,-0.00478391085634926));
#7988=CARTESIAN_POINT('',(0.0643138796372061,-0.0218451321844089,-0.000743607913180525));
#7989=CARTESIAN_POINT('',(0.0643138796372061,-0.0218451321844089,-0.00478391085634926));
#7990=CARTESIAN_POINT('',(0.0641336158885059,-0.0217287344888537,-0.000743607913180525));
#7991=CARTESIAN_POINT('',(0.0641336158885059,-0.0217287344888537,-0.00478391085634926));
#7992=CARTESIAN_POINT('',(0.0639797211854737,-0.0217103798436112,-0.000743607913180525));
#7993=CARTESIAN_POINT('',(0.0639797211854737,-0.0217103798436112,-0.00478391085634926));
#7994=CARTESIAN_POINT('',(0.0639209900244531,-0.0217535302037574,-0.000743607913180525));
#7995=CARTESIAN_POINT('',(0.0639209900244531,-0.0217535302037574,-0.00478391085634926));
#7996=CARTESIAN_POINT('',(0.0643487165176268,-0.0218778554582978,-0.000767705147434018));
#7997=CARTESIAN_POINT('',(0.0642874639420261,-0.0218300652776345,-0.000789642376287853));
#7998=CARTESIAN_POINT('',(0.0641633061349177,-0.0217385848482175,-0.000825987169622473));
#7999=CARTESIAN_POINT('',(0.0639852416334603,-0.0217063239163207,-0.000837703488576606));
#8000=CARTESIAN_POINT('',(0.0639209900244531,-0.0217535302037574,-0.000819776708773535));
#8001=CARTESIAN_POINT('',(0.063920990024453,-0.0217535302037574,-0.000819776708773805));
#8002=CARTESIAN_POINT('',(0.063920990024453,-0.0217535302037574,0.0132500891425687));
#8003=CARTESIAN_POINT('',(0.0639280385752036,-0.0217470953912048,-0.00478391085075872));
#8004=CARTESIAN_POINT('',(0.0639287030602605,-0.0217480723970781,-0.00478391085634926));
#8005=CARTESIAN_POINT('',(0.0639884914555226,-0.0217074088839451,-0.00478391085634926));
#8006=CARTESIAN_POINT('',(0.0641418716295169,-0.0217339285868261,-0.00478391085634926));
#8007=CARTESIAN_POINT('',(0.0643187897582331,-0.0218493439225093,-0.00478391085634926));
#8008=CARTESIAN_POINT('',(0.0644845624496724,-0.0219890105662803,-0.00478391085634926));
#8009=CARTESIAN_POINT('',(0.0647491696712006,-0.0220956864069475,-0.00478391085634926));
#8010=CARTESIAN_POINT('',(0.0650929810393999,-0.022198779997213,-0.00478391085634926));
#8011=CARTESIAN_POINT('',(0.0653751282488859,-0.0222388275299102,-0.00478391085634926));
#8012=CARTESIAN_POINT('',(0.0655179902854899,-0.0222512090340341,-0.00478391085634926));
#8013=CARTESIAN_POINT('',(0.0655179902900097,-0.0222512090344258,-0.00478391085634926));
#8014=CARTESIAN_POINT('',(0.0655179902900097,-0.0222512090344258,0.00423308914365074));
#8015=CARTESIAN_POINT('',(0.0653947900930934,-0.0184125945684139,-0.000950056906938462));
#8016=CARTESIAN_POINT('',(0.0653947900930934,-0.0184125945684139,-0.00478391085634933));
#8017=CARTESIAN_POINT('',(0.0653994433390045,-0.0184845064149694,-0.000950056906938212));
#8018=CARTESIAN_POINT('',(0.0653994433390045,-0.0184845064149694,-0.00478391085634909));
#8019=CARTESIAN_POINT('',(0.0655330657867181,-0.0185787848829856,-0.000950056906938494));
#8020=CARTESIAN_POINT('',(0.0655330657867181,-0.0185787848829856,-0.00478391085634937));
#8021=CARTESIAN_POINT('',(0.0657353416268497,-0.0186303062054177,-0.000950056906938494));
#8022=CARTESIAN_POINT('',(0.0657353416268497,-0.0186303062054177,-0.00478391085634937));
#8023=CARTESIAN_POINT('',(0.065949242717572,-0.0186609719959345,-0.000950056906938493));
#8024=CARTESIAN_POINT('',(0.065949242717572,-0.0186609719959345,-0.00478391085634937));
#8025=CARTESIAN_POINT('',(0.0662098533268252,-0.0187818719060049,-0.000950056906938494));
#8026=CARTESIAN_POINT('',(0.0662098533268252,-0.0187818719060049,-0.00478391085634937));
#8027=CARTESIAN_POINT('',(0.0665149230717975,-0.0189666235941546,-0.000950056906938493));
#8028=CARTESIAN_POINT('',(0.0665149230717975,-0.0189666235941546,-0.00478391085634937));
#8029=CARTESIAN_POINT('',(0.0667364557702593,-0.0191479458430078,-0.000950056906938494));
#8030=CARTESIAN_POINT('',(0.0667364557702593,-0.0191479458430078,-0.00478391085634937));
#8031=CARTESIAN_POINT('',(0.0668415414187196,-0.0192444553066364,-0.000950056906938494));
#8032=CARTESIAN_POINT('',(0.0668415414187196,-0.0192444553066364,-0.00478391085634937));
#8033=CARTESIAN_POINT('',(0.0668415414199699,-0.0192444553077847,0.00423308914365074));
#8034=CARTESIAN_POINT('',(0.0668415414199699,-0.0192444553077847,-0.00478391085634926));
#8035=CARTESIAN_POINT('',(0.0668415414166757,-0.0192444553047593,-0.00478391085634926));
#8036=CARTESIAN_POINT('',(0.066736837722011,-0.0191482966235231,-0.00478391085634926));
#8037=CARTESIAN_POINT('',(0.0665174140032744,-0.0189681418838545,-0.00478391085634927));
#8038=CARTESIAN_POINT('',(0.0662127885930017,-0.018784519271178,-0.00478391085634925));
#8039=CARTESIAN_POINT('',(0.0659590635124585,-0.0186638658651589,-0.00478391085634926));
#8040=CARTESIAN_POINT('',(0.0657406166659889,-0.0186309232180045,-0.00478391085634926));
#8041=CARTESIAN_POINT('',(0.0655359307276288,-0.0185800459735121,-0.00478391085634926));
#8042=CARTESIAN_POINT('',(0.0653995437827705,-0.0184860586285441,-0.00478391085634926));
#8043=CARTESIAN_POINT('',(0.0653947900934886,-0.0184125945745214,-0.00478391085634926));
#8044=CARTESIAN_POINT('',(0.0653947900930936,-0.0184125945684169,-0.00478391085634926));
#8045=CARTESIAN_POINT('',(0.0653947900930955,-0.0184125945684472,0.0132500891436507));
#8046=CARTESIAN_POINT('',(0.0667031397139168,-0.0198096867835377,-0.000950056906938493));
#8047=CARTESIAN_POINT('',(0.0667031397139168,-0.0198096867835377,-0.00478391085634926));
#8048=CARTESIAN_POINT('',(0.0665645882524412,-0.0198469330146954,-0.000950056906938494));
#8049=CARTESIAN_POINT('',(0.0665645882524412,-0.0198469330146954,-0.00478391085634926));
#8050=CARTESIAN_POINT('',(0.0662825715754064,-0.0199061358017612,-0.000950056906938493));
#8051=CARTESIAN_POINT('',(0.0662825715754064,-0.0199061358017612,-0.00478391085634926));
#8052=CARTESIAN_POINT('',(0.0659253291116259,-0.0199270220395605,-0.000950056906938493));
#8053=CARTESIAN_POINT('',(0.0659253291116259,-0.0199270220395605,-0.00478391085634926));
#8054=CARTESIAN_POINT('',(0.0656356081275794,-0.0199156063986493,-0.000950056906938493));
#8055=CARTESIAN_POINT('',(0.0656356081275794,-0.0199156063986493,-0.00478391085634926));
#8056=CARTESIAN_POINT('',(0.0654327844367774,-0.0198399446452623,-0.000950056906938494));
#8057=CARTESIAN_POINT('',(0.0654327844367774,-0.0198399446452623,-0.00478391085634926));
#8058=CARTESIAN_POINT('',(0.0652235942393144,-0.0197922170804247,-0.000950056906938493));
#8059=CARTESIAN_POINT('',(0.0652235942393144,-0.0197922170804247,-0.00478391085634926));
#8060=CARTESIAN_POINT('',(0.0650726923010734,-0.0198275672156842,-0.000950056906938494));
#8061=CARTESIAN_POINT('',(0.0650726923010734,-0.0198275672156842,-0.00478391085634926));
#8062=CARTESIAN_POINT('',(0.0650322507620752,-0.0198881904880053,-0.000950056906938494));
#8063=CARTESIAN_POINT('',(0.0650322507620752,-0.0198881904880053,-0.00478391085634926));
#8064=CARTESIAN_POINT('',(0.0650322507620752,-0.0198881904880053,0.0132500891425687));
#8065=CARTESIAN_POINT('',(0.0650366779653866,-0.0198797265495166,-0.00478391085075872));
#8066=CARTESIAN_POINT('',(0.0650376381744763,-0.0198804189635616,-0.00478391085634926));
#8067=CARTESIAN_POINT('',(0.0650799315173416,-0.0198217684372331,-0.00478391085634926));
#8068=CARTESIAN_POINT('',(0.0652331520529621,-0.0197942764898223,-0.00478391085634926));
#8069=CARTESIAN_POINT('',(0.0654388687838185,-0.0198422340223879,-0.00478391085634926));
#8070=CARTESIAN_POINT('',(0.065642397352888,-0.0199167643735667,-0.00478391085634926));
#8071=CARTESIAN_POINT('',(0.0659275536704215,-0.0199264959207184,-0.00478391085634926));
#8072=CARTESIAN_POINT('',(0.0662858487843816,-0.0199057779389658,-0.00478391085634926));
#8073=CARTESIAN_POINT('',(0.066564664285331,-0.01984691257508,-0.00478391085634926));
#8074=CARTESIAN_POINT('',(0.0667031397139168,-0.0198096867835377,-0.00478391085634926));
#8075=CARTESIAN_POINT('',(0.066703139718298,-0.0198096867823599,-0.00478391085634926));
#8076=CARTESIAN_POINT('',(0.066703139718298,-0.0198096867823599,0.00423308914365074));
#8077=CARTESIAN_POINT('',(0.0591873524354009,-0.0176698226219211,0.0132500891436507));
#8078=CARTESIAN_POINT('',(0.0654033771151382,-0.0183369280253982,-0.00478391085634926));
#8079=CARTESIAN_POINT('',(0.0654033771151364,-0.0183369280254063,-0.00478391085634926));
#8080=CARTESIAN_POINT('',(0.0591873524354009,-0.0176698226219211,-0.00478391085634926));
#8081=CARTESIAN_POINT('',(0.0591873524354009,-0.0176698226219211,0.0132500891436507));
#8082=CARTESIAN_POINT('',(0.0650083892899873,-0.0199500687437215,0.0132500891436507));
#8083=CARTESIAN_POINT('',(0.0650083892899878,-0.0199500687437196,-0.00478391085634926));
#8084=CARTESIAN_POINT('',(0.0591873524354009,-0.0176698226219211,-0.00478391085634926));
#8085=CARTESIAN_POINT('',(0.0591873524354009,-0.0176698226219211,0.0132500891436507));
#8086=CARTESIAN_POINT('',(0.0649703253148055,-0.0200449472743186,0.0132500891436507));
#8087=CARTESIAN_POINT('',(0.0649703253148145,-0.0200449472743101,-0.00478391085634926));
#8088=CARTESIAN_POINT('',(0.0648445852155776,-0.0203305950115277,0.0132500891436507));
#8089=CARTESIAN_POINT('',(0.0648446022673454,-0.0203305569907733,-0.00478391085634926));
#8090=CARTESIAN_POINT('',(0.0591873524354009,-0.0176698226219211,-0.00478391085634926));
#8091=CARTESIAN_POINT('',(0.0591873524354009,-0.0176698226219211,0.0132500891436507));
#8092=CARTESIAN_POINT('',(0.0654339111528015,-0.0179237844859942,0.0132500891436507));
#8093=CARTESIAN_POINT('',(0.0654339085196418,-0.0179238290170894,-0.00478391085634926));
#8094=CARTESIAN_POINT('',(0.0654134509466452,-0.0182352337702615,0.0132500891436507));
#8095=CARTESIAN_POINT('',(0.0654134509466471,-0.0182352337702692,-0.00478391085634926));
#8096=CARTESIAN_POINT('',(0.0591873524354009,-0.0176698226219211,-0.00478391085634926));
#8097=CARTESIAN_POINT('',(0.0591873524354009,-0.0176698226219211,0.0132500891436507));
#8098=CARTESIAN_POINT('',(0.0648003110831419,-0.0204227642590062,-0.00478391085634926));
#8099=CARTESIAN_POINT('',(0.0648003110831369,-0.0204227642590149,-0.00478391085634926));
#8100=CARTESIAN_POINT('',(0.0591873524354009,-0.0176698226219211,-0.00478391085634926));
#8101=CARTESIAN_POINT('',(0.0591873524354009,-0.0176698226219211,0.0132500891436507));
#8102=CARTESIAN_POINT('',(0.0639209900244531,-0.0217535302037574,-0.000819776708773811));
#8103=CARTESIAN_POINT('',(0.063906541235922,-0.0217702785450959,-0.000813416457977915));
#8104=CARTESIAN_POINT('',(0.0638920448563028,-0.0217869023453294,-0.000806846064375679));
#8105=CARTESIAN_POINT('',(0.0638775018726524,-0.021803403478114,-0.000800068091312181));
#8106=CARTESIAN_POINT('',(0.0638775018726517,-0.0218034034781149,-0.00080006809131343));
#8107=CARTESIAN_POINT('',(0.0638775018726517,-0.0218034034781149,0.0132500891436507));
#8108=CARTESIAN_POINT('',(0.0638775018726523,-0.0218034034781141,-0.00478391085634926));
#8109=CARTESIAN_POINT('',(0.0591873524354009,-0.0176698226219211,-0.00478391085634926));
#8110=CARTESIAN_POINT('',(0.0591873524354009,-0.0176698226219211,0.0132500891436507));
#8111=CARTESIAN_POINT('',(0.0638091945089458,-0.0218796407041672,0.0132500891436507));
#8112=CARTESIAN_POINT('',(0.0638091945089458,-0.0218796407041672,-0.000766884600282704));
#8113=CARTESIAN_POINT('',(0.0638091945089514,-0.0218796407041647,-0.00478391085634926));
#8114=CARTESIAN_POINT('',(0.0638091945089511,-0.021879640704166,-0.000766884600282712));
#8115=CARTESIAN_POINT('',(0.0637379281095299,-0.0219578821000744,-0.000730876182933562));
#8116=CARTESIAN_POINT('',(0.0636659377861813,-0.0220329321396288,-0.000690243529404028));
#8117=CARTESIAN_POINT('',(0.0635933845470443,-0.022105008465784,-0.000645106270018316));
#8118=CARTESIAN_POINT('',(0.063593384849335,-0.0221050081654785,-0.000645106270018016));
#8119=CARTESIAN_POINT('',(0.063593384849335,-0.0221050081654785,0.0132500891436507));
#8120=CARTESIAN_POINT('',(0.0635934086091658,-0.0221049837990572,-0.00478391085634926));
#8121=CARTESIAN_POINT('',(0.0591873524354009,-0.0176698226219211,-0.00478391085634926));
#8122=CARTESIAN_POINT('',(0.0591873524354009,-0.0176698226219211,0.0132500891436507));
#8123=CARTESIAN_POINT('',(0.0635201478539466,-0.0221765815792506,-0.00478391085634926));
#8124=CARTESIAN_POINT('',(0.0635201478539466,-0.0221765815792506,-0.000598121893441167));
#8125=CARTESIAN_POINT('',(0.063520147853944,-0.0221765815792527,-0.00478391085634926));
#8126=CARTESIAN_POINT('',(0.0635201478539435,-0.022176581579253,-0.000598121893441165));
#8127=CARTESIAN_POINT('',(0.063501813581401,-0.022194208138123,-0.000586003202100412));
#8128=CARTESIAN_POINT('',(0.0634834694810028,-0.0222116288652763,-0.000573609725017771));
#8129=CARTESIAN_POINT('',(0.0634651194352536,-0.0222288468523246,-0.000560940061809514));
#8130=CARTESIAN_POINT('',(0.0591873524354009,-0.0176698226219211,-0.00478391085634926));
#8131=CARTESIAN_POINT('',(0.0591873524354009,-0.0176698226219211,0.0132500891436507));
#8132=CARTESIAN_POINT('',(0.0558438521213072,-0.0229523407797782,0.0132500891436507));
#8133=CARTESIAN_POINT('',(0.0558438521213072,-0.0229523407797782,0.000453023073488214));
#8134=CARTESIAN_POINT('',(0.0558438713151149,-0.0229523582301041,-0.00478391085634926));
#8135=CARTESIAN_POINT('',(0.0558438521213072,-0.0229523407797785,0.000453023073488208));
#8136=CARTESIAN_POINT('',(0.055771456431593,-0.0229065188811943,0.000306492774281616));
#8137=CARTESIAN_POINT('',(0.0556823525414951,-0.0228479696606844,0.000176426075003618));
#8138=CARTESIAN_POINT('',(0.0555848305610407,-0.0227792089435052,5.63122218651963E-5));
#8139=CARTESIAN_POINT('',(0.0555848305610407,-0.0227792089435052,5.63122218652044E-5));
#8140=CARTESIAN_POINT('',(0.0555848305610407,-0.0227792089435052,0.0132500891436507));
#8141=CARTESIAN_POINT('',(0.0555847860188333,-0.0227791983277404,-0.00478391085634926));
#8142=CARTESIAN_POINT('',(0.0591873524354009,-0.0176698226219211,-0.00478391085634926));
#8143=CARTESIAN_POINT('',(0.0591873524354009,-0.0176698226219211,0.0132500891436507));
#8144=CARTESIAN_POINT('',(0.055500776208818,-0.0227188966126671,-0.00478391085634926));
#8145=CARTESIAN_POINT('',(0.055500776208818,-0.0227188966126671,-4.23180741475288E-5));
#8146=CARTESIAN_POINT('',(0.0555008647093896,-0.0227189684328655,-0.00478391085634926));
#8147=CARTESIAN_POINT('',(0.0555007762088178,-0.0227188966126671,-4.23180741475273E-5));
#8148=CARTESIAN_POINT('',(0.0554809886795612,-0.0227044487683547,-6.44793673779549E-5));
#8149=CARTESIAN_POINT('',(0.055460978386912,-0.0226896598659564,-8.62035952113456E-5));
#8150=CARTESIAN_POINT('',(0.0554407727636697,-0.0226745337226545,-0.00010751860106319));
#8151=CARTESIAN_POINT('',(0.0591873524354009,-0.0176698226219211,-0.00478391085634926));
#8152=CARTESIAN_POINT('',(0.0591873524354009,-0.0176698226219211,0.0132500891436507));
#8153=CARTESIAN_POINT('',(0.0543495388321915,-0.0216295640249721,-0.000862261094360609));
#8154=CARTESIAN_POINT('',(0.0543338641641308,-0.0216104135010739,-0.000868130499022439));
#8155=CARTESIAN_POINT('',(0.0543182649245014,-0.0215911231492772,-0.000873728132289421));
#8156=CARTESIAN_POINT('',(0.0543027421363925,-0.021571690721339,-0.000879049095347062));
#8157=CARTESIAN_POINT('',(0.0543027421363919,-0.0215716907213384,-0.000879049095347056));
#8158=CARTESIAN_POINT('',(0.0543027421363919,-0.0215716907213384,0.0132500891436507));
#8159=CARTESIAN_POINT('',(0.0543027077701661,-0.0215716556911625,-0.00478391085634926));
#8160=CARTESIAN_POINT('',(0.0591873524354009,-0.0176698226219211,-0.00478391085634926));
#8161=CARTESIAN_POINT('',(0.0591873524354009,-0.0176698226219211,0.0132500891436507));
#8162=CARTESIAN_POINT('',(0.0542387398593612,-0.021490192500702,0.0132500891436507));
#8163=CARTESIAN_POINT('',(0.0542387398593612,-0.021490192500702,-0.000899534447614833));
#8164=CARTESIAN_POINT('',(0.0542387599204725,-0.0214902306687715,-0.00478391085634926));
#8165=CARTESIAN_POINT('',(0.0542387398593612,-0.0214901925007018,-0.000899534447614839));
#8166=CARTESIAN_POINT('',(0.0541756848457807,-0.0214085158978891,-0.000918249519314823));
#8167=CARTESIAN_POINT('',(0.0541142936934034,-0.0213248185723517,-0.000932049608282058));
#8168=CARTESIAN_POINT('',(0.0540546125293964,-0.0212389924827912,-0.000940479304350485));
#8169=CARTESIAN_POINT('',(0.0540546125293964,-0.0212389924827911,-0.000940479304350478));
#8170=CARTESIAN_POINT('',(0.0540546125293964,-0.0212389924827911,0.0132500891436507));
#8171=CARTESIAN_POINT('',(0.0540545533936689,-0.0212389521623226,-0.00478391085634926));
#8172=CARTESIAN_POINT('',(0.0591873524354009,-0.0176698226219211,-0.00478391085634926));
#8173=CARTESIAN_POINT('',(0.0591873524354009,-0.0176698226219211,0.0132500891436507));
#8174=CARTESIAN_POINT('',(0.0539961356569829,-0.0211533927443537,-0.00478391085634926));
#8175=CARTESIAN_POINT('',(0.0539961356569829,-0.0211533927443537,-0.000947035328239952));
#8176=CARTESIAN_POINT('',(0.0539961404831569,-0.0211534007956554,-0.00478391085634926));
#8177=CARTESIAN_POINT('',(0.0539961356569827,-0.0211533927443535,-0.00094703532823995));
#8178=CARTESIAN_POINT('',(0.0539823286303695,-0.0211328175109879,-0.000948167609330558));
#8179=CARTESIAN_POINT('',(0.0539686386528995,-0.0211121523425249,-0.000948985973567573));
#8180=CARTESIAN_POINT('',(0.0539550659044473,-0.0210913968351212,-0.000949483214095109));
#8181=CARTESIAN_POINT('',(0.0591873524354009,-0.0176698226219211,-0.00478391085634926));
#8182=CARTESIAN_POINT('',(0.0591873524354009,-0.0176698226219211,0.0132500891436507));
#8183=CARTESIAN_POINT('',(0.0591873524354009,-0.0176698226219211,-0.000950056906938496));
#8184=CARTESIAN_POINT('',(0.0532628470110928,-0.0196658757063305,-0.000950056906938498));
#8185=CARTESIAN_POINT('',(0.0532628470110928,-0.0196658757063305,0.0132500891436507));
#8186=CARTESIAN_POINT('',(0.0532628225579691,-0.0196658219291041,-0.00478391085634926));
#8187=CARTESIAN_POINT('',(0.0591873524354009,-0.0176698226219211,-0.00478391085634926));
#8188=CARTESIAN_POINT('',(0.0591873524354009,-0.0176698226219211,0.0132500891436507));
#8189=CARTESIAN_POINT('',(0.0532305298416629,-0.0195672569488919,0.0132500891436507));
#8190=CARTESIAN_POINT('',(0.0532305298416629,-0.0195672569488919,-0.000950056906938531));
#8191=CARTESIAN_POINT('',(0.0532305371939465,-0.0195673110593356,-0.00478391085634926));
#8192=CARTESIAN_POINT('',(0.0591873524354009,-0.0176698226219211,-0.000950056906938496));
#8193=CARTESIAN_POINT('',(0.0531434396912559,-0.0192682941354603,-0.000950056906938498));
#8194=CARTESIAN_POINT('',(0.0531434396912559,-0.0192682941354603,0.0132500891436507));
#8195=CARTESIAN_POINT('',(0.0531433895063119,-0.0192682217910175,-0.00478391085634926));
#8196=CARTESIAN_POINT('',(0.0591873524354009,-0.0176698226219211,-0.00478391085634926));
#8197=CARTESIAN_POINT('',(0.0591873524354009,-0.0176698226219211,0.0132500891436507));
#8198=CARTESIAN_POINT('',(0.0531177331580202,-0.0191677259118843,-0.00478391085634926));
#8199=CARTESIAN_POINT('',(0.0531177331580202,-0.0191677259118843,-0.000950056906938383));
#8200=CARTESIAN_POINT('',(0.0531177353042288,-0.0191677370160273,-0.00478391085634926));
#8201=CARTESIAN_POINT('',(0.0591873524354009,-0.0176698226219211,-0.000950056906938496));
#8202=CARTESIAN_POINT('',(0.0591873524354009,-0.0176698226219211,-0.00478391085634926));
#8203=CARTESIAN_POINT('',(0.0591873524354009,-0.0176698226219211,0.0132500891436507));
#8204=CARTESIAN_POINT('',(0.0591873524354009,-0.0176698226219211,-0.000950056906938496));
#8205=CARTESIAN_POINT('',(0.0529374463471421,-0.0175192692214939,-0.000950056906938496));
#8206=CARTESIAN_POINT('',(0.0529374463471421,-0.0175192692214939,0.0132500891436507));
#8207=CARTESIAN_POINT('',(0.0529374449601847,-0.0175192514086678,-0.00478391085634926));
#8208=CARTESIAN_POINT('',(0.0591873524354009,-0.0176698226219211,-0.00478391085634926));
#8209=CARTESIAN_POINT('',(0.0591873524354009,-0.0176698226219211,0.0132500891436507));
#8210=CARTESIAN_POINT('',(0.0529408090632617,-0.0174154835993167,0.0132500891436507));
#8211=CARTESIAN_POINT('',(0.0529408090632618,-0.0174154835993167,-0.000950056906938495));
#8212=CARTESIAN_POINT('',(0.0529407965320052,-0.0174155412623342,-0.00478391085634926));
#8213=CARTESIAN_POINT('',(0.0591873524354009,-0.0176698226219211,-0.000950056906938496));
#8214=CARTESIAN_POINT('',(0.0529612198541603,-0.0171047867653159,-0.000950056906938496));
#8215=CARTESIAN_POINT('',(0.0529612198541603,-0.0171047867653159,0.0132500891436507));
#8216=CARTESIAN_POINT('',(0.0529611951664638,-0.0171046968209396,-0.00478391085634926));
#8217=CARTESIAN_POINT('',(0.0591873524354009,-0.0176698226219211,-0.00478391085634926));
#8218=CARTESIAN_POINT('',(0.0591873524354009,-0.0176698226219211,0.0132500891436507));
#8219=CARTESIAN_POINT('',(0.0529714637006898,-0.017001451709832,-0.00478391085634926));
#8220=CARTESIAN_POINT('',(0.0529714637006898,-0.017001451709832,-0.000950056906938549));
#8221=CARTESIAN_POINT('',(0.0529714618317488,-0.0170014634293547,-0.00478391085634926));
#8222=CARTESIAN_POINT('',(0.0591873524354009,-0.0176698226219211,-0.000950056906938496));
#8223=CARTESIAN_POINT('',(0.0591873524354009,-0.0176698226219211,-0.00478391085634926));
#8224=CARTESIAN_POINT('',(0.0591873524354009,-0.0176698226219211,0.0132500891436507));
#8225=CARTESIAN_POINT('',(0.0591873524354009,-0.0176698226219211,-0.000950056906938496));
#8226=CARTESIAN_POINT('',(0.0533658564339098,-0.0153907489629405,-0.000950056906938496));
#8227=CARTESIAN_POINT('',(0.0533658564339098,-0.0153907489629405,0.0132500891436507));
#8228=CARTESIAN_POINT('',(0.053365872702254,-0.0153906904920845,-0.00478391085634926));
#8229=CARTESIAN_POINT('',(0.0591873524354009,-0.0176698226219211,-0.00478391085634926));
#8230=CARTESIAN_POINT('',(0.0591873524354009,-0.0176698226219211,0.0132500891436507));
#8231=CARTESIAN_POINT('',(0.053404498642087,-0.015294408038403,0.0132500891436507));
#8232=CARTESIAN_POINT('',(0.053404498642087,-0.015294408038403,-0.000950056906938531));
#8233=CARTESIAN_POINT('',(0.0534044685364975,-0.0152944553862303,-0.00478391085634926));
#8234=CARTESIAN_POINT('',(0.0591873524354009,-0.0176698226219211,-0.000950056906938496));
#8235=CARTESIAN_POINT('',(0.0535140462095939,-0.0150434964984828,-0.000950056906938496));
#8236=CARTESIAN_POINT('',(0.0535140462095939,-0.0150434964984828,-0.000950056906938495));
#8237=CARTESIAN_POINT('',(0.0535193139842903,-0.0150321172189963,-0.000950056906938495));
#8238=CARTESIAN_POINT('',(0.0535246156320339,-0.0150207545717911,-0.000949959798203446));
#8239=CARTESIAN_POINT('',(0.0535299511432458,-0.0150094085455119,-0.000949766388703848));
#8240=CARTESIAN_POINT('',(0.0535299511432457,-0.0150094085455119,-0.000949766388703843));
#8241=CARTESIAN_POINT('',(0.0535299511432457,-0.0150094085455119,0.0132500891436507));
#8242=CARTESIAN_POINT('',(0.0535299599480629,-0.0150093231480326,-0.00478391085634926));
#8243=CARTESIAN_POINT('',(0.0591873524354009,-0.0176698226219211,-0.00478391085634926));
#8244=CARTESIAN_POINT('',(0.0591873524354009,-0.0176698226219211,0.0132500891436507));
#8245=CARTESIAN_POINT('',(0.0535748934230576,-0.0149158625145118,-0.00478391085634926));
#8246=CARTESIAN_POINT('',(0.0535748934230576,-0.0149158625145118,-0.000945980143472318));
#8247=CARTESIAN_POINT('',(0.0535748743328816,-0.0149158968684711,-0.00478391085634926));
#8248=CARTESIAN_POINT('',(0.0535748934230578,-0.0149158625145116,-0.000945980143472316));
#8249=CARTESIAN_POINT('',(0.0535858055740525,-0.0148936239933255,-0.000944558049172967));
#8250=CARTESIAN_POINT('',(0.0535968378186613,-0.0148714749344977,-0.000942768594323325));
#8251=CARTESIAN_POINT('',(0.0536079895076396,-0.0148494145381932,-0.000940617680361442));
#8252=CARTESIAN_POINT('',(0.0591873524354009,-0.0176698226219211,-0.00478391085634926));
#8253=CARTESIAN_POINT('',(0.0591873524354009,-0.0176698226219211,0.0132500891436507));
#8254=CARTESIAN_POINT('',(0.0544476530725462,-0.0135931521191468,-0.000327192042402194));
#8255=CARTESIAN_POINT('',(0.0544640571453304,-0.0135740800913068,-0.000307106135312945));
#8256=CARTESIAN_POINT('',(0.0544803384129374,-0.0135553837050787,-0.000286580783767199));
#8257=CARTESIAN_POINT('',(0.0544964792334124,-0.0135370631271886,-0.000265601850241986));
#8258=CARTESIAN_POINT('',(0.054496479233413,-0.0135370631271878,-0.00026560185024198));
#8259=CARTESIAN_POINT('',(0.054496479233413,-0.0135370631271878,0.0132500891436507));
#8260=CARTESIAN_POINT('',(0.0544965095285688,-0.0135370207303723,-0.00478391085634926));
#8261=CARTESIAN_POINT('',(0.0591873524354009,-0.0176698226219211,-0.00478391085634926));
#8262=CARTESIAN_POINT('',(0.0591873524354009,-0.0176698226219211,0.0132500891436507));
#8263=CARTESIAN_POINT('',(0.0545656528060442,-0.0134598481594761,0.0132500891436507));
#8264=CARTESIAN_POINT('',(0.0545656528060442,-0.0134598481594761,-0.000171555142042111));
#8265=CARTESIAN_POINT('',(0.054565616569696,-0.0134598757273874,-0.00478391085634926));
#8266=CARTESIAN_POINT('',(0.0545656528060442,-0.0134598481594761,-0.000171555142042118));
#8267=CARTESIAN_POINT('',(0.0546441788934605,-0.0133736424134925,-5.97910948119441E-5));
#8268=CARTESIAN_POINT('',(0.0547172369047696,-0.013298306432595,6.18260799269692E-5));
#8269=CARTESIAN_POINT('',(0.0547810594736604,-0.0132348959287557,0.000196149219118373));
#8270=CARTESIAN_POINT('',(0.0547810594736604,-0.0132348959287556,0.00019614921911838));
#8271=CARTESIAN_POINT('',(0.0547810594736604,-0.0132348959287556,0.0132500891436507));
#8272=CARTESIAN_POINT('',(0.0547810891657654,-0.0132348347250442,-0.00478391085634926));
#8273=CARTESIAN_POINT('',(0.0591873524354009,-0.0176698226219211,-0.00478391085634926));
#8274=CARTESIAN_POINT('',(0.0591873524354009,-0.0176698226219211,0.0132500891436507));
#8275=CARTESIAN_POINT('',(0.0548551765312437,-0.0131624681457483,-0.00478391085634926));
#8276=CARTESIAN_POINT('',(0.0548551765312437,-0.0131624681457483,0.00037043419966245));
#8277=CARTESIAN_POINT('',(0.0548551518198093,-0.013162489581783,-0.00478391085634926));
#8278=CARTESIAN_POINT('',(0.0548551765312439,-0.0131624681457481,0.000370434199662452));
#8279=CARTESIAN_POINT('',(0.0548751587352382,-0.0131432625511774,0.000423599461029238));
#8280=CARTESIAN_POINT('',(0.0548932430254914,-0.0131261355703509,0.000478042928655241));
#8281=CARTESIAN_POINT('',(0.0549091385390619,-0.0131112177590703,0.000533901550921399));
#8282=CARTESIAN_POINT('',(0.0591873524354009,-0.0176698226219211,-0.00478391085634926));
#8283=CARTESIAN_POINT('',(0.0591873524354009,-0.0176698226219211,0.0132500891436507));
#8284=CARTESIAN_POINT('',(0.0640309668234197,-0.0137171789371687,-0.000447014396832513));
#8285=CARTESIAN_POINT('',(0.0640447716682572,-0.0137340955505576,-0.000462002665749418));
#8286=CARTESIAN_POINT('',(0.0640586169951766,-0.0137512426885921,-0.00047668353442891));
#8287=CARTESIAN_POINT('',(0.0640724958997573,-0.0137686220668237,-0.000491061508976393));
#8288=CARTESIAN_POINT('',(0.0640724958997577,-0.0137686220668241,-0.000491061508976388));
#8289=CARTESIAN_POINT('',(0.0640724958997577,-0.0137686220668241,0.0132500891436507));
#8290=CARTESIAN_POINT('',(0.0640724958997561,-0.0137686220668222,-0.00478391085634926));
#8291=CARTESIAN_POINT('',(0.0591873524354009,-0.0176698226219211,-0.00478391085634926));
#8292=CARTESIAN_POINT('',(0.0591873524354009,-0.0176698226219211,0.0132500891436507));
#8293=CARTESIAN_POINT('',(0.0641357410409167,-0.013849162646576,0.0132500891436507));
#8294=CARTESIAN_POINT('',(0.0641357410409167,-0.013849162646576,-0.000554290632188726));
#8295=CARTESIAN_POINT('',(0.064135761369495,-0.0138491898399757,-0.00478391085634926));
#8296=CARTESIAN_POINT('',(0.0641357407807284,-0.0138491623095846,-0.000554290632188734));
#8297=CARTESIAN_POINT('',(0.0641973819509198,-0.0139289978414644,-0.000613727298874005));
#8298=CARTESIAN_POINT('',(0.0642590087321409,-0.0140128035526265,-0.000666924008724554));
#8299=CARTESIAN_POINT('',(0.0643202121039049,-0.0141008249948722,-0.000713964624558826));
#8300=CARTESIAN_POINT('',(0.0643202121039011,-0.0141008249948695,-0.000713964624558821));
#8301=CARTESIAN_POINT('',(0.0643202121039011,-0.0141008249948695,0.0132500891436507));
#8302=CARTESIAN_POINT('',(0.0643202121039037,-0.0141008249948713,-0.00478391085634926));
#8303=CARTESIAN_POINT('',(0.0591873524354009,-0.0176698226219211,-0.00478391085634926));
#8304=CARTESIAN_POINT('',(0.0591873524354009,-0.0176698226219211,0.0132500891436507));
#8305=CARTESIAN_POINT('',(0.0643779610805146,-0.0141853464300506,-0.00478391085634926));
#8306=CARTESIAN_POINT('',(0.0643779610805146,-0.0141853464300506,-0.000756594606533323));
#8307=CARTESIAN_POINT('',(0.0643779610805162,-0.0141853464300536,-0.00478391085634926));
#8308=CARTESIAN_POINT('',(0.064377961080517,-0.014185346430055,-0.000756594606533321));
#8309=CARTESIAN_POINT('',(0.0643919971193282,-0.0142062550488502,-0.000766526717362686));
#8310=CARTESIAN_POINT('',(0.0644059806081946,-0.0142273583660038,-0.000776106579472468));
#8311=CARTESIAN_POINT('',(0.0644199079482076,-0.0142486597722701,-0.000785331975876001));
#8312=CARTESIAN_POINT('',(0.0591873524354009,-0.0176698226219211,-0.00478391085634926));
#8313=CARTESIAN_POINT('',(0.0591873524354009,-0.0176698226219211,0.0132500891436507));
#8314=CARTESIAN_POINT('',(0.0651122189498795,-0.0156748416134778,0.0132500891436507));
#8315=CARTESIAN_POINT('',(0.0651122189498775,-0.0156748416134725,-0.00478391085634926));
#8316=CARTESIAN_POINT('',(0.0591873524354009,-0.0176698226219211,-0.00478391085634926));
#8317=CARTESIAN_POINT('',(0.0591873524354009,-0.0176698226219211,0.0132500891436507));
#8318=CARTESIAN_POINT('',(0.0651440548637868,-0.0157720110880689,0.0132500891436507));
#8319=CARTESIAN_POINT('',(0.0651440668015433,-0.0157720509937069,-0.00478391085634926));
#8320=CARTESIAN_POINT('',(0.0652313449879385,-0.0160716528989985,0.0132500891436507));
#8321=CARTESIAN_POINT('',(0.065231344987942,-0.0160716528990038,-0.00478391085634926));
#8322=CARTESIAN_POINT('',(0.0591873524354009,-0.0176698226219211,-0.00478391085634926));
#8323=CARTESIAN_POINT('',(0.0591873524354009,-0.0176698226219211,0.0132500891436507));
#8324=CARTESIAN_POINT('',(0.0652566702215072,-0.0161706981942291,-0.00478391085634926));
#8325=CARTESIAN_POINT('',(0.0652566702215081,-0.0161706981942359,-0.00478391085634926));
#8326=CARTESIAN_POINT('',(0.0591873524354009,-0.0176698226219211,-0.00478391085634926));
#8327=CARTESIAN_POINT('',(0.0591873524354009,-0.0176698226219211,0.0132500891436507));
#8328=CARTESIAN_POINT('',(0.0654372277663821,-0.017821647473788,0.0132500891436507));
#8329=CARTESIAN_POINT('',(0.0654372277663816,-0.0178216474737746,-0.00478391085634926));
#8330=CARTESIAN_POINT('',(0.0591873524354009,-0.0176698226219211,-0.00478391085634926));
#8331=CARTESIAN_POINT('',(0.0654372277663831,-0.0178216474738012,-0.000950056906938492));
#8332=CARTESIAN_POINT('',(0.0654372277663831,-0.0178216474738012,-0.00478391085634926));
#8333=CARTESIAN_POINT('',(0.0654401933655389,-0.0178595047605555,-0.000950056906938492));
#8334=CARTESIAN_POINT('',(0.0654401933655389,-0.0178595047605555,-0.00478391085634926));
#8335=CARTESIAN_POINT('',(0.0654446547703537,-0.0178964851056178,-0.000950056906938492));
#8336=CARTESIAN_POINT('',(0.0654446547703537,-0.0178964851056178,-0.00478391085634926));
#8337=CARTESIAN_POINT('',(0.0654339110084301,-0.0179237844354743,-0.000950056906938495));
#8338=CARTESIAN_POINT('',(0.0654339110084301,-0.0179237844354743,-0.00478391085634926));
#8339=CARTESIAN_POINT('',(0.0654338376727007,-0.0179239811864858,-0.00478391085634926));
#8340=CARTESIAN_POINT('',(0.0654447440566691,-0.0178965137693742,-0.00478391085634926));
#8341=CARTESIAN_POINT('',(0.0654401496809831,-0.0178591791986581,-0.00478391085634926));
#8342=CARTESIAN_POINT('',(0.0654371778529351,-0.0178210083635685,-0.00478391085634926));
#8343=CARTESIAN_POINT('',(0.0652313449800155,-0.0160716528872472,-0.000950056906938476));
#8344=CARTESIAN_POINT('',(0.0652313449800155,-0.0160716528872472,-0.00478391085634928));
#8345=CARTESIAN_POINT('',(0.0652477507495306,-0.0160959854842272,-0.000950056906938367));
#8346=CARTESIAN_POINT('',(0.0652477507495306,-0.0160959854842272,-0.00478391085634917));
#8347=CARTESIAN_POINT('',(0.0652513799685225,-0.0161330797066571,-0.000950056906938485));
#8348=CARTESIAN_POINT('',(0.0652513799685225,-0.0161330797066571,-0.00478391085634929));
#8349=CARTESIAN_POINT('',(0.0652566702212371,-0.0161706981923087,-0.000950056906938496));
#8350=CARTESIAN_POINT('',(0.0652566702212371,-0.0161706981923087,-0.0047839108563493));
#8351=CARTESIAN_POINT('',(0.0652567554597732,-0.0161713033243309,-0.00478391085634926));
#8352=CARTESIAN_POINT('',(0.0652514064245192,-0.016133392129988,-0.00478391085634926));
#8353=CARTESIAN_POINT('',(0.0652478224961478,-0.0160959466215054,-0.00478391085634926));
#8354=CARTESIAN_POINT('',(0.0652312326543684,-0.0160714867830237,-0.00478391085634926));
#8355=CARTESIAN_POINT('',(0.0651122189498869,-0.0156748416134942,-0.000950056906938517));
#8356=CARTESIAN_POINT('',(0.0651122189498869,-0.0156748416134942,-0.0047839108563493));
#8357=CARTESIAN_POINT('',(0.0651279618475402,-0.0157094227290198,-0.000950056906938507));
#8358=CARTESIAN_POINT('',(0.0651279618475402,-0.0157094227290198,-0.00478391085634928));
#8359=CARTESIAN_POINT('',(0.0651448196209088,-0.0157426677272273,-0.00095005690693839));
#8360=CARTESIAN_POINT('',(0.0651448196209088,-0.0157426677272273,-0.00478391085634917));
#8361=CARTESIAN_POINT('',(0.0651440547143962,-0.0157720110900082,-0.000950056906938496));
#8362=CARTESIAN_POINT('',(0.0651440547143962,-0.0157720110900082,-0.00478391085634927));
#8363=CARTESIAN_POINT('',(0.0651440534550002,-0.0157722071710413,-0.00478391085634926));
#8364=CARTESIAN_POINT('',(0.0651449076935975,-0.0157426660388614,-0.00478391085634926));
#8365=CARTESIAN_POINT('',(0.065127821217441,-0.0157091543872897,-0.00478391085634926));
#8366=CARTESIAN_POINT('',(0.0651119734180659,-0.0156743019602818,-0.00478391085634926));
#8367=CARTESIAN_POINT('',(0.0643202120934188,-0.0141008249872578,-0.000689544947168078));
#8368=CARTESIAN_POINT('',(0.0643202120934188,-0.0141008249872578,-0.00478391085634926));
#8369=CARTESIAN_POINT('',(0.0643439870387099,-0.0141180888808898,-0.000689544947168078));
#8370=CARTESIAN_POINT('',(0.0643439870387099,-0.0141180888808898,-0.00478391085634926));
#8371=CARTESIAN_POINT('',(0.0643600974567125,-0.0141517629770153,-0.000689544947168078));
#8372=CARTESIAN_POINT('',(0.0643600974567125,-0.0141517629770153,-0.00478391085634926));
#8373=CARTESIAN_POINT('',(0.064377961080517,-0.014185346430055,-0.000689544947168078));
#8374=CARTESIAN_POINT('',(0.064377961080517,-0.014185346430055,-0.00478391085634926));
#8375=CARTESIAN_POINT('',(0.0643202121039049,-0.0141008249948722,-0.000713964624558828));
#8376=CARTESIAN_POINT('',(0.0643492482067881,-0.0141219092154916,-0.000725232500851442));
#8377=CARTESIAN_POINT('',(0.0643618170002848,-0.0141549957035574,-0.000742177261118047));
#8378=CARTESIAN_POINT('',(0.064377961080517,-0.014185346430055,-0.000756594606533327));
#8379=CARTESIAN_POINT('',(0.064378199472622,-0.0141857944012053,-0.00478391085634926));
#8380=CARTESIAN_POINT('',(0.0643602066315425,-0.0141519990094403,-0.00478391085634926));
#8381=CARTESIAN_POINT('',(0.0643440317223205,-0.0141180375171329,-0.00478391085634926));
#8382=CARTESIAN_POINT('',(0.0643200766129571,-0.0141007268474691,-0.00478391085634926));
#8383=CARTESIAN_POINT('',(0.0640724958997693,-0.013768622066836,-0.000465304412892151));
#8384=CARTESIAN_POINT('',(0.0640724958997693,-0.013768622066836,-0.00478391085634926));
#8385=CARTESIAN_POINT('',(0.064099324195625,-0.0137959492684339,-0.000465304412892151));
#8386=CARTESIAN_POINT('',(0.064099324195625,-0.0137959492684339,-0.00478391085634926));
#8387=CARTESIAN_POINT('',(0.0641267721619973,-0.0138216095979223,-0.000465304412892151));
#8388=CARTESIAN_POINT('',(0.0641267721619973,-0.0138216095979223,-0.00478391085634926));
#8389=CARTESIAN_POINT('',(0.0641359167151893,-0.0138496956240429,-0.000465304412892151));
#8390=CARTESIAN_POINT('',(0.0641359167151893,-0.0138496956240429,-0.00478391085634926));
#8391=CARTESIAN_POINT('',(0.0640724958997573,-0.0137686220668237,-0.000491061508976395));
#8392=CARTESIAN_POINT('',(0.0640968977451333,-0.0137934776950581,-0.000511624591576473));
#8393=CARTESIAN_POINT('',(0.0641251347393124,-0.0138174249645189,-0.000530662531319799));
#8394=CARTESIAN_POINT('',(0.0641357407807285,-0.0138491623095848,-0.000554290632188462));
#8395=CARTESIAN_POINT('',(0.0641357953068402,-0.0138493130468005,-0.00478391085634926));
#8396=CARTESIAN_POINT('',(0.0641264943662842,-0.0138212612960739,-0.00478391085634926));
#8397=CARTESIAN_POINT('',(0.0640989766708512,-0.0137956145634057,-0.00478391085634926));
#8398=CARTESIAN_POINT('',(0.0640721643786421,-0.0137682842615435,-0.00478391085634926));
#8399=CARTESIAN_POINT('',(0.0547810594680984,-0.0132348959402341,0.000401360269998521));
#8400=CARTESIAN_POINT('',(0.0547810594680984,-0.0132348959402341,-0.00478391085634926));
#8401=CARTESIAN_POINT('',(0.0547940206476569,-0.013208147598209,0.000401360269998521));
#8402=CARTESIAN_POINT('',(0.0547940206476569,-0.013208147598209,-0.00478391085634926));
#8403=CARTESIAN_POINT('',(0.0548248475549135,-0.0131861902350192,0.000401360269998521));
#8404=CARTESIAN_POINT('',(0.0548248475549135,-0.0131861902350192,-0.00478391085634926));
#8405=CARTESIAN_POINT('',(0.0548551765312445,-0.0131624681457476,0.000401360269998521));
#8406=CARTESIAN_POINT('',(0.0548551765312445,-0.0131624681457476,-0.00478391085634926));
#8407=CARTESIAN_POINT('',(0.0547810594736604,-0.0132348959287557,0.000196149219118372));
#8408=CARTESIAN_POINT('',(0.0547948161606254,-0.0132065058762599,0.000256288166803053));
#8409=CARTESIAN_POINT('',(0.0548281657401914,-0.0131835948857228,0.000311950790128782));
#8410=CARTESIAN_POINT('',(0.0548551765312445,-0.0131624681457476,0.000370434199662099));
#8411=CARTESIAN_POINT('',(0.0548551377290825,-0.0131624984946298,-0.00478391085634926));
#8412=CARTESIAN_POINT('',(0.0548276907957778,-0.013183964708017,-0.00478391085634926));
#8413=CARTESIAN_POINT('',(0.0547964564755408,-0.0132031959634744,-0.00478391085634926));
#8414=CARTESIAN_POINT('',(0.0547810891632509,-0.0132348347302537,-0.00478391085634926));
#8415=CARTESIAN_POINT('',(0.0544964792334225,-0.0135370631271745,-0.000143881007752373));
#8416=CARTESIAN_POINT('',(0.0544964792334225,-0.0135370631271745,-0.0047839108563493));
#8417=CARTESIAN_POINT('',(0.0545188730905425,-0.0135057238507316,-0.000143881007752362));
#8418=CARTESIAN_POINT('',(0.0545188730905425,-0.0135057238507316,-0.00478391085634929));
#8419=CARTESIAN_POINT('',(0.0545394817921266,-0.0134739609251168,-0.000143881007752243));
#8420=CARTESIAN_POINT('',(0.0545394817921266,-0.0134739609251168,-0.00478391085634917));
#8421=CARTESIAN_POINT('',(0.0545656528172753,-0.0134598481534197,-0.000143881007752353));
#8422=CARTESIAN_POINT('',(0.0545656528172753,-0.0134598481534197,-0.00478391085634928));
#8423=CARTESIAN_POINT('',(0.0544964792334124,-0.0135370631271886,-0.000265601850241988));
#8424=CARTESIAN_POINT('',(0.0545164666052279,-0.0135090916273556,-0.000233571625042831));
#8425=CARTESIAN_POINT('',(0.0545295421671864,-0.0134793208936398,-0.000196801157318162));
#8426=CARTESIAN_POINT('',(0.0545656528060367,-0.0134598481594801,-0.000171555142038215));
#8427=CARTESIAN_POINT('',(0.0545655892192997,-0.0134598813275268,-0.00478391085634926));
#8428=CARTESIAN_POINT('',(0.0545345989608379,-0.0134766321917421,-0.00478391085634926));
#8429=CARTESIAN_POINT('',(0.0545167768993371,-0.0135086550017546,-0.00478391085634926));
#8430=CARTESIAN_POINT('',(0.0544965095288904,-0.0135370207281407,-0.00478391085634926));
#8431=CARTESIAN_POINT('',(0.0535299511419428,-0.0150094085582218,-0.000922952559195037));
#8432=CARTESIAN_POINT('',(0.0535299511419428,-0.0150094085582218,-0.00478391085634926));
#8433=CARTESIAN_POINT('',(0.0535329865365904,-0.0149797980010602,-0.000922952559194925));
#8434=CARTESIAN_POINT('',(0.0535329865365904,-0.0149797980010602,-0.00478391085634915));
#8435=CARTESIAN_POINT('',(0.0535544777388838,-0.0149485738958532,-0.000922952559195045));
#8436=CARTESIAN_POINT('',(0.0535544777388838,-0.0149485738958532,-0.00478391085634927));
#8437=CARTESIAN_POINT('',(0.0535748934230578,-0.0149158625145116,-0.000922952559195056));
#8438=CARTESIAN_POINT('',(0.0535748934230578,-0.0149158625145116,-0.00478391085634928));
#8439=CARTESIAN_POINT('',(0.0535299511432458,-0.0150094085455119,-0.00094976638870385));
#8440=CARTESIAN_POINT('',(0.053533549777313,-0.0149743035354155,-0.000949167972811881));
#8441=CARTESIAN_POINT('',(0.0535564105538862,-0.0149454770097499,-0.00094787391170016));
#8442=CARTESIAN_POINT('',(0.0535748934230577,-0.0149158625145116,-0.000945980143472317));
#8443=CARTESIAN_POINT('',(0.0535748620878538,-0.0149159127206215,-0.00478391085634926));
#8444=CARTESIAN_POINT('',(0.0535563899025172,-0.0149455071326479,-0.00478391085634926));
#8445=CARTESIAN_POINT('',(0.0535335921987345,-0.0149742957754925,-0.00478391085634926));
#8446=CARTESIAN_POINT('',(0.0535299599474762,-0.0150093231539689,-0.00478391085634926));
#8447=CARTESIAN_POINT('',(0.0533658564339144,-0.0153907489629238,-0.000950056906938552));
#8448=CARTESIAN_POINT('',(0.0533658564339144,-0.0153907489629238,-0.00478391085634927));
#8449=CARTESIAN_POINT('',(0.0533761941155872,-0.0153535937904224,-0.000950056906938541));
#8450=CARTESIAN_POINT('',(0.0533761941155872,-0.0153535937904224,-0.00478391085634926));
#8451=CARTESIAN_POINT('',(0.0533847078898513,-0.015316648689363,-0.000950056906938423));
#8452=CARTESIAN_POINT('',(0.0533847078898513,-0.015316648689363,-0.00478391085634914));
#8453=CARTESIAN_POINT('',(0.053404498650582,-0.0152944080288564,-0.000950056906938533));
#8454=CARTESIAN_POINT('',(0.053404498650582,-0.0152944080288564,-0.00478391085634925));
#8455=CARTESIAN_POINT('',(0.0533627022278364,-0.0154019016350347,-0.000950056906938551));
#8456=CARTESIAN_POINT('',(0.053363770650506,-0.0153981821261074,-0.000950056906938551));
#8457=CARTESIAN_POINT('',(0.053375342732685,-0.0153572883246322,-0.000950056906938551));
#8458=CARTESIAN_POINT('',(0.053385430508005,-0.0153135129069601,-0.000950056906938414));
#8459=CARTESIAN_POINT('',(0.0534079394527561,-0.0152907385189724,-0.000950056906938551));
#8460=CARTESIAN_POINT('',(0.0534097004786089,-0.0152889567257133,-0.000950056906938551));
#8461=CARTESIAN_POINT('',(0.053410014244646,-0.0152886392594996,-0.000950056906938551));
#8462=CARTESIAN_POINT('',(0.0534103280106831,-0.0152883217932858,-0.000950056906938551));
#8463=CARTESIAN_POINT('',(0.0534106417767202,-0.015288004327072,-0.000950056906938551));
#8464=CARTESIAN_POINT('',(0.0534044397754022,-0.0152944735164453,-0.00478391085634926));
#8465=CARTESIAN_POINT('',(0.0533810292686267,-0.0153208458994757,-0.00478391085634926));
#8466=CARTESIAN_POINT('',(0.0533752257141733,-0.0153570683555313,-0.00478391085634926));
#8467=CARTESIAN_POINT('',(0.0533658727015102,-0.0153906904895244,-0.00478391085634926));
#8468=CARTESIAN_POINT('',(0.0529612198572851,-0.0171047867777129,-0.000950056906938529));
#8469=CARTESIAN_POINT('',(0.0529612198572851,-0.0171047867777129,-0.00478391085634925));
#8470=CARTESIAN_POINT('',(0.0529539407141945,-0.0170759076262712,-0.000950056906938418));
#8471=CARTESIAN_POINT('',(0.0529539407141945,-0.0170759076262712,-0.00478391085634914));
#8472=CARTESIAN_POINT('',(0.0529634627062063,-0.0170391940526125,-0.000950056906938538));
#8473=CARTESIAN_POINT('',(0.0529634627062063,-0.0170391940526125,-0.00478391085634926));
#8474=CARTESIAN_POINT('',(0.0529714637006862,-0.0170014517098488,-0.000950056906938549));
#8475=CARTESIAN_POINT('',(0.0529714637006862,-0.0170014517098488,-0.00478391085634927));
#8476=CARTESIAN_POINT('',(0.0529637103662524,-0.0171133074595679,-0.00095005690693855));
#8477=CARTESIAN_POINT('',(0.0529635787176636,-0.0171128807751955,-0.00095005690693855));
#8478=CARTESIAN_POINT('',(0.0529634470690748,-0.017112454090823,-0.00095005690693855));
#8479=CARTESIAN_POINT('',(0.052963315420486,-0.0171120274064506,-0.00095005690693855));
#8480=CARTESIAN_POINT('',(0.0529625765527446,-0.017109632672702,-0.00095005690693855));
#8481=CARTESIAN_POINT('',(0.0529531325217013,-0.0170790237577429,-0.000950056906938413));
#8482=CARTESIAN_POINT('',(0.0529644149011046,-0.0170355227093629,-0.00095005690693855));
#8483=CARTESIAN_POINT('',(0.0529730486833347,-0.0169938929842509,-0.00095005690693855));
#8484=CARTESIAN_POINT('',(0.0529738198837014,-0.0169900992048564,-0.00095005690693855));
#8485=CARTESIAN_POINT('',(0.0529714599945123,-0.0170014691920494,-0.00478391085634926));
#8486=CARTESIAN_POINT('',(0.0529642182322546,-0.0170356277886353,-0.00478391085634926));
#8487=CARTESIAN_POINT('',(0.052952625804812,-0.0170705074425684,-0.00478391085634926));
#8488=CARTESIAN_POINT('',(0.052961197204921,-0.0171046966655678,-0.00478391085634926));
#8489=CARTESIAN_POINT('',(0.0529374463471407,-0.0175192692214767,-0.000950056906938496));
#8490=CARTESIAN_POINT('',(0.0529374463471407,-0.0175192692214767,-0.00478391085634926));
#8491=CARTESIAN_POINT('',(0.0529344516830328,-0.0174808050861766,-0.000950056906938496));
#8492=CARTESIAN_POINT('',(0.0529344516830328,-0.0174808050861766,-0.00478391085634926));
#8493=CARTESIAN_POINT('',(0.0529298145887629,-0.0174431618839624,-0.000950056906938496));
#8494=CARTESIAN_POINT('',(0.0529298145887629,-0.0174431618839624,-0.00478391085634926));
#8495=CARTESIAN_POINT('',(0.0529408090679814,-0.0174154835874351,-0.000950056906938496));
#8496=CARTESIAN_POINT('',(0.0529408090679814,-0.0174154835874351,-0.00478391085634926));
#8497=CARTESIAN_POINT('',(0.0529382971178106,-0.0175308322985335,-0.000950056906938495));
#8498=CARTESIAN_POINT('',(0.0529380288577093,-0.0175269702868851,-0.000950056906938495));
#8499=CARTESIAN_POINT('',(0.0529349153955583,-0.0174845694309235,-0.000950056906938495));
#8500=CARTESIAN_POINT('',(0.0529294210040469,-0.0174399668559263,-0.000950056906938495));
#8501=CARTESIAN_POINT('',(0.0529427880329541,-0.0174108568808302,-0.000950056906938495));
#8502=CARTESIAN_POINT('',(0.0529438338236562,-0.01740857941577,-0.000950056906938495));
#8503=CARTESIAN_POINT('',(0.0529440201567746,-0.0174081736298266,-0.000950056906938495));
#8504=CARTESIAN_POINT('',(0.052944206489893,-0.0174077678438833,-0.000950056906938495));
#8505=CARTESIAN_POINT('',(0.0529443928230113,-0.01740736205794,-0.000950056906938495));
#8506=CARTESIAN_POINT('',(0.0529407750160504,-0.0174155694702768,-0.00478391085634926));
#8507=CARTESIAN_POINT('',(0.0529277886563793,-0.0174483830056296,-0.00478391085634926));
#8508=CARTESIAN_POINT('',(0.0529347336059049,-0.0174844322891257,-0.00478391085634926));
#8509=CARTESIAN_POINT('',(0.0529374449601176,-0.0175192514078073,-0.00478391085634926));
#8510=CARTESIAN_POINT('',(0.0531434396984289,-0.0192682941460361,-0.000950056906938421));
#8511=CARTESIAN_POINT('',(0.0531434396984289,-0.0192682941460361,-0.00478391085634926));
#8512=CARTESIAN_POINT('',(0.0531267286067581,-0.0192436555476317,-0.000950056906938645));
#8513=CARTESIAN_POINT('',(0.0531267286067581,-0.0192436555476317,-0.00478391085634948));
#8514=CARTESIAN_POINT('',(0.0531231212872878,-0.0192059141787739,-0.000950056906938404));
#8515=CARTESIAN_POINT('',(0.0531231212872878,-0.0192059141787739,-0.00478391085634924));
#8516=CARTESIAN_POINT('',(0.0531177331580226,-0.0191677259119014,-0.000950056906938382));
#8517=CARTESIAN_POINT('',(0.0531177331580226,-0.0191677259119014,-0.00478391085634922));
#8518=CARTESIAN_POINT('',(0.0531486922775067,-0.0192754464697139,-0.000950056906938381));
#8519=CARTESIAN_POINT('',(0.0531484227393151,-0.0192750906835044,-0.000950056906938381));
#8520=CARTESIAN_POINT('',(0.0531481532011235,-0.019274734897295,-0.000950056906938381));
#8521=CARTESIAN_POINT('',(0.0531478836629319,-0.0192743791110855,-0.000950056906938381));
#8522=CARTESIAN_POINT('',(0.0531463708719417,-0.0192723822505706,-0.000950056906938381));
#8523=CARTESIAN_POINT('',(0.0531270347891332,-0.0192468589228115,-0.000950056906938667));
#8524=CARTESIAN_POINT('',(0.0531227605561255,-0.0192021400566268,-0.000950056906938381));
#8525=CARTESIAN_POINT('',(0.0531166377286591,-0.0191600838204892,-0.000950056906938381));
#8526=CARTESIAN_POINT('',(0.0531160650807373,-0.019156256504188,-0.000950056906938381));
#8527=CARTESIAN_POINT('',(0.0531177355372501,-0.0191677427754245,-0.00478391085634926));
#8528=CARTESIAN_POINT('',(0.053122611859454,-0.0192023068608414,-0.00478391085634926));
#8529=CARTESIAN_POINT('',(0.0531236469307128,-0.0192390364201227,-0.00478391085634926));
#8530=CARTESIAN_POINT('',(0.0531433904117588,-0.01926822138434,-0.00478391085634926));
#8531=CARTESIAN_POINT('',(0.0532628470110857,-0.0196658757063147,-0.000950056906938551));
#8532=CARTESIAN_POINT('',(0.0532628470110857,-0.0196658757063147,-0.00478391085634928));
#8533=CARTESIAN_POINT('',(0.0532468865958463,-0.0196307756170028,-0.000950056906938541));
#8534=CARTESIAN_POINT('',(0.0532468865958463,-0.0196307756170028,-0.00478391085634927));
#8535=CARTESIAN_POINT('',(0.0532296654419551,-0.0195970092895022,-0.000950056906938424));
#8536=CARTESIAN_POINT('',(0.0532296654419551,-0.0195970092895022,-0.00478391085634915));
#8537=CARTESIAN_POINT('',(0.053230529842034,-0.0195672569361212,-0.000950056906938532));
#8538=CARTESIAN_POINT('',(0.053230529842034,-0.0195672569361212,-0.00478391085634926));
#8539=CARTESIAN_POINT('',(0.053267598586092,-0.019676444439182,-0.000950056906938551));
#8540=CARTESIAN_POINT('',(0.0532660264985971,-0.019672909088363,-0.000950056906938551));
#8541=CARTESIAN_POINT('',(0.0532486087225334,-0.0196341522717358,-0.000950056906938551));
#8542=CARTESIAN_POINT('',(0.0532282036655533,-0.0195941431239561,-0.000950056906938412));
#8543=CARTESIAN_POINT('',(0.0532308068944796,-0.0195622349402087,-0.000950056906938551));
#8544=CARTESIAN_POINT('',(0.0532310105749865,-0.0195597383964074,-0.000950056906938551));
#8545=CARTESIAN_POINT('',(0.0532310468493215,-0.0195592937762142,-0.000950056906938551));
#8546=CARTESIAN_POINT('',(0.0532310831236566,-0.0195588491560209,-0.000950056906938551));
#8547=CARTESIAN_POINT('',(0.0532311193979916,-0.0195584045358277,-0.000950056906938551));
#8548=CARTESIAN_POINT('',(0.0532305274090698,-0.0195673423995556,-0.00478391085634926));
#8549=CARTESIAN_POINT('',(0.0532295447133219,-0.0196025862900571,-0.00478391085634926));
#8550=CARTESIAN_POINT('',(0.0532483781285038,-0.0196340595799591,-0.00478391085634926));
#8551=CARTESIAN_POINT('',(0.0532628225558406,-0.0196658219276334,-0.00478391085634926));
#8552=CARTESIAN_POINT('',(0.0540546125397384,-0.0212389924902646,-0.000917418715038486));
#8553=CARTESIAN_POINT('',(0.0540546125397384,-0.0212389924902646,-0.00478391085634926));
#8554=CARTESIAN_POINT('',(0.0540305130054347,-0.0212215774612879,-0.000917418715038486));
#8555=CARTESIAN_POINT('',(0.0540305130054347,-0.0212215774612879,-0.00478391085634926));
#8556=CARTESIAN_POINT('',(0.0540142369757491,-0.021187391884707,-0.000917418715038486));
#8557=CARTESIAN_POINT('',(0.0540142369757491,-0.021187391884707,-0.00478391085634926));
#8558=CARTESIAN_POINT('',(0.0539961356569827,-0.0211533927443535,-0.000917418715038486));
#8559=CARTESIAN_POINT('',(0.0539961356569827,-0.0211533927443535,-0.00478391085634926));
#8560=CARTESIAN_POINT('',(0.0540546125293964,-0.0212389924827912,-0.000940479304350486));
#8561=CARTESIAN_POINT('',(0.054026049734477,-0.0212183521710363,-0.000942506561513694));
#8562=CARTESIAN_POINT('',(0.0540125484470071,-0.0211842203740325,-0.000945338844825437));
#8563=CARTESIAN_POINT('',(0.0539961356569827,-0.0211533927443535,-0.000947035328239922));
#8564=CARTESIAN_POINT('',(0.0539961422998168,-0.0211534052215433,-0.00478391085634926));
#8565=CARTESIAN_POINT('',(0.05401252803001,-0.0211841828257037,-0.00478391085634926));
#8566=CARTESIAN_POINT('',(0.0540260468633728,-0.0212183076971512,-0.00478391085634926));
#8567=CARTESIAN_POINT('',(0.0540545548373774,-0.0212389507499882,-0.00478391085634926));
#8568=CARTESIAN_POINT('',(0.0543027421363804,-0.0215716907213266,-0.000855619924781042));
#8569=CARTESIAN_POINT('',(0.0543027421363804,-0.0215716907213266,-0.00478391085634928));
#8570=CARTESIAN_POINT('',(0.0542757782600495,-0.0215442059080144,-0.000855619924781032));
#8571=CARTESIAN_POINT('',(0.0542757782600495,-0.0215442059080144,-0.00478391085634927));
#8572=CARTESIAN_POINT('',(0.0542480899841472,-0.0215184054479555,-0.000855619924780913));
#8573=CARTESIAN_POINT('',(0.0542480899841472,-0.0215184054479555,-0.00478391085634915));
#8574=CARTESIAN_POINT('',(0.0542387398553488,-0.021490192488595,-0.000855619924781023));
#8575=CARTESIAN_POINT('',(0.0542387398553488,-0.021490192488595,-0.00478391085634926));
#8576=CARTESIAN_POINT('',(0.0543027421363925,-0.0215716907213391,-0.000879049095347063));
#8577=CARTESIAN_POINT('',(0.0542783105675461,-0.021546787139212,-0.00088586816298609));
#8578=CARTESIAN_POINT('',(0.0542497671282661,-0.0215234660217416,-0.000891910277283017));
#8579=CARTESIAN_POINT('',(0.0542387398593612,-0.0214901925007019,-0.000899534447614841));
#8580=CARTESIAN_POINT('',(0.0542387611114984,-0.0214902565769713,-0.00478391085634926));
#8581=CARTESIAN_POINT('',(0.0542498702607416,-0.0215236736398743,-0.00478391085634926));
#8582=CARTESIAN_POINT('',(0.0542783008422634,-0.021546779086911,-0.00478391085634926));
#8583=CARTESIAN_POINT('',(0.0543027077681723,-0.0215716556904415,-0.00478391085634926));
#8584=CARTESIAN_POINT('',(0.0555848305732859,-0.0227792089469825,8.53535603344907E-5));
#8585=CARTESIAN_POINT('',(0.0555848305732859,-0.0227792089469825,-0.00478391085634926));
#8586=CARTESIAN_POINT('',(0.0555562856663475,-0.0227711030381164,8.53535603346001E-5));
#8587=CARTESIAN_POINT('',(0.0555562856663475,-0.0227711030381164,-0.00478391085634915));
#8588=CARTESIAN_POINT('',(0.0555293566645631,-0.0227446025230041,8.53535603344823E-5));
#8589=CARTESIAN_POINT('',(0.0555293566645631,-0.0227446025230041,-0.00478391085634927));
#8590=CARTESIAN_POINT('',(0.0555007762088177,-0.0227188966126668,8.53535603344716E-5));
#8591=CARTESIAN_POINT('',(0.0555007762088177,-0.0227188966126668,-0.00478391085634928));
#8592=CARTESIAN_POINT('',(0.0555848305610407,-0.0227792089435052,5.63122218651966E-5));
#8593=CARTESIAN_POINT('',(0.0555421892153006,-0.022767100063163,3.51599661186566E-5));
#8594=CARTESIAN_POINT('',(0.0555257311929169,-0.02274134169155,-7.88996404620449E-6));
#8595=CARTESIAN_POINT('',(0.0555007762088176,-0.0227188966126668,-4.23180741472009E-5));
#8596=CARTESIAN_POINT('',(0.0555009038136113,-0.0227190113908526,-0.00478391085634926));
#8597=CARTESIAN_POINT('',(0.0555267390986128,-0.0227422543239065,-0.00478391085634926));
#8598=CARTESIAN_POINT('',(0.0555510476382982,-0.0227695928437015,-0.00478391085634926));
#8599=CARTESIAN_POINT('',(0.0555847868822629,-0.0227791965253036,-0.00478391085634926));
#8600=CARTESIAN_POINT('',(0.0559316751510087,-0.023006915262896,0.000701890325131664));
#8601=CARTESIAN_POINT('',(0.0559316751510087,-0.023006915262896,-0.00478391085634926));
#8602=CARTESIAN_POINT('',(0.0558970113608684,-0.0229903457035416,0.000701890325131664));
#8603=CARTESIAN_POINT('',(0.0558970113608684,-0.0229903457035416,-0.00478391085634926));
#8604=CARTESIAN_POINT('',(0.0558622483161652,-0.0229756044656736,0.000701890325131664));
#8605=CARTESIAN_POINT('',(0.0558622483161652,-0.0229756044656736,-0.00478391085634926));
#8606=CARTESIAN_POINT('',(0.0558438521134159,-0.0229523407697989,0.000701890325131664));
#8607=CARTESIAN_POINT('',(0.0558438521134159,-0.0229523407697989,-0.00478391085634926));
#8608=CARTESIAN_POINT('',(0.0559316751510244,-0.0230069152629036,0.0132500891436507));
#8609=CARTESIAN_POINT('',(0.0559316751510244,-0.0230069152629036,0.000669171829019452));
#8610=CARTESIAN_POINT('',(0.0559315411871216,-0.0230068512271201,-0.00478391085634926));
#8611=CARTESIAN_POINT('',(0.0559316751510245,-0.0230069152629036,0.000669171829019446));
#8612=CARTESIAN_POINT('',(0.0559020145529724,-0.0229927372680011,0.000596064050512226));
#8613=CARTESIAN_POINT('',(0.0558622966838002,-0.0229756656226408,0.000527611781320032));
#8614=CARTESIAN_POINT('',(0.0558438521212995,-0.0229523407797684,0.000453023073502941));
#8615=CARTESIAN_POINT('',(0.0558438773167712,-0.0229523726326288,-0.00478391085634926));
#8616=CARTESIAN_POINT('',(0.0558656728972567,-0.0229799035804577,-0.00478391085634926));
#8617=CARTESIAN_POINT('',(0.0559001873730377,-0.0229918682153741,-0.00478391085634926));
#8618=CARTESIAN_POINT('',(0.0559315411791025,-0.0230068512325911,-0.00478391085634926));
#8619=CARTESIAN_POINT('',(0.0635936287441866,-0.0221045027465029,-0.00057300715966368));
#8620=CARTESIAN_POINT('',(0.0635936287441866,-0.0221045027465029,-0.00478391085634928));
#8621=CARTESIAN_POINT('',(0.0635808885451625,-0.0221311506498065,-0.000573007159663571));
#8622=CARTESIAN_POINT('',(0.0635808885451625,-0.0221311506498065,-0.00478391085634917));
#8623=CARTESIAN_POINT('',(0.0635503201657941,-0.0221529993690465,-0.00057300715966369));
#8624=CARTESIAN_POINT('',(0.0635503201657941,-0.0221529993690465,-0.00478391085634929));
#8625=CARTESIAN_POINT('',(0.0635201478539434,-0.022176581579253,-0.000573007159663699));
#8626=CARTESIAN_POINT('',(0.0635201478539434,-0.022176581579253,-0.0047839108563493));
#8627=CARTESIAN_POINT('',(0.0635933845470443,-0.022105008465784,-0.000645106270018024));
#8628=CARTESIAN_POINT('',(0.0635788291510669,-0.0221348566648861,-0.000626414058900528));
#8629=CARTESIAN_POINT('',(0.0635476295750251,-0.0221551022929924,-0.000612889429313087));
#8630=CARTESIAN_POINT('',(0.0635201478539435,-0.022176581579253,-0.000598121893441148));
#8631=CARTESIAN_POINT('',(0.0635197732153118,-0.0221768744979047,-0.00478391085634926));
#8632=CARTESIAN_POINT('',(0.0635499307550736,-0.0221532865003174,-0.00478391085634926));
#8633=CARTESIAN_POINT('',(0.0635805675524915,-0.0221314599730613,-0.00478391085634926));
#8634=CARTESIAN_POINT('',(0.0635934583944287,-0.0221048657698691,-0.00478391085634926));
#8635=CARTESIAN_POINT('',(0.0638775018726412,-0.0218034034781296,-0.00074278244274632));
#8636=CARTESIAN_POINT('',(0.0638775018726412,-0.0218034034781296,-0.00478391085634929));
#8637=CARTESIAN_POINT('',(0.0638553992208434,-0.0218343601866138,-0.000742782442746309));
#8638=CARTESIAN_POINT('',(0.0638553992208434,-0.0218343601866138,-0.00478391085634928));
#8639=CARTESIAN_POINT('',(0.0638350225282278,-0.0218656356278774,-0.000742782442746191));
#8640=CARTESIAN_POINT('',(0.0638350225282278,-0.0218656356278774,-0.00478391085634917));
#8641=CARTESIAN_POINT('',(0.0638091944975571,-0.0218796407103443,-0.0007427824427463));
#8642=CARTESIAN_POINT('',(0.0638091944975571,-0.0218796407103443,-0.00478391085634928));
#8643=CARTESIAN_POINT('',(0.0638775018726523,-0.0218034034781144,-0.000800068091313437));
#8644=CARTESIAN_POINT('',(0.0638575731005016,-0.0218313154768899,-0.000788603013229525));
#8645=CARTESIAN_POINT('',(0.0638405642898742,-0.0218626306362672,-0.000774713008977676));
#8646=CARTESIAN_POINT('',(0.0638091945089511,-0.021879640704166,-0.000766884600282698));
#8647=CARTESIAN_POINT('',(0.0638090464722961,-0.0218797207546585,-0.00478391085634926));
#8648=CARTESIAN_POINT('',(0.0638350601104498,-0.0218656928483052,-0.00478391085634926));
#8649=CARTESIAN_POINT('',(0.0638555388139553,-0.0218341397001067,-0.00478391085634926));
#8650=CARTESIAN_POINT('',(0.0638777980014402,-0.0218029888897497,-0.00478391085634926));
#8651=CARTESIAN_POINT('',(0.0648445850719949,-0.0203305949492188,-0.000950056906938526));
#8652=CARTESIAN_POINT('',(0.0648445850719949,-0.0203305949492188,-0.00478391085634928));
#8653=CARTESIAN_POINT('',(0.0648415046370973,-0.0203597861245152,-0.000950056906938421));
#8654=CARTESIAN_POINT('',(0.0648415046370973,-0.0203597861245152,-0.00478391085634917));
#8655=CARTESIAN_POINT('',(0.0648204426368629,-0.0203905399513891,-0.000950056906938537));
#8656=CARTESIAN_POINT('',(0.0648204426368629,-0.0203905399513891,-0.00478391085634929));
#8657=CARTESIAN_POINT('',(0.0648003110841367,-0.0204227642574137,-0.000950056906938548));
#8658=CARTESIAN_POINT('',(0.0648003110841367,-0.0204227642574137,-0.0047839108563493));
#8659=CARTESIAN_POINT('',(0.0647999963886037,-0.020423268232822,-0.00478391085634926));
#8660=CARTESIAN_POINT('',(0.0648202676358632,-0.0203907882794784,-0.00478391085634926));
#8661=CARTESIAN_POINT('',(0.0648415916963409,-0.0203597996510345,-0.00478391085634926));
#8662=CARTESIAN_POINT('',(0.0648446093721977,-0.0203304003469322,-0.00478391085634926));
#8663=CARTESIAN_POINT('',(0.0650083892899822,-0.0199500687437402,-0.00095005690693855));
#8664=CARTESIAN_POINT('',(0.0650083892899822,-0.0199500687437402,-0.00478391085634929));
#8665=CARTESIAN_POINT('',(0.0649982234666492,-0.0199866709086542,-0.000950056906938539));
#8666=CARTESIAN_POINT('',(0.0649982234666492,-0.0199866709086542,-0.00478391085634928));
#8667=CARTESIAN_POINT('',(0.0649897726779126,-0.0200229703867557,-0.00095005690693842));
#8668=CARTESIAN_POINT('',(0.0649897726779126,-0.0200229703867557,-0.00478391085634916));
#8669=CARTESIAN_POINT('',(0.0649703253053214,-0.0200449472850409,-0.00095005690693853));
#8670=CARTESIAN_POINT('',(0.0649703253053214,-0.0200449472850409,-0.00478391085634927));
#8671=CARTESIAN_POINT('',(0.0649701917677277,-0.0200450977722405,-0.00478391085634926));
#8672=CARTESIAN_POINT('',(0.064989838764999,-0.0200230186639055,-0.00478391085634926));
#8673=CARTESIAN_POINT('',(0.0649982906392972,-0.0199863642742728,-0.00478391085634926));
#8674=CARTESIAN_POINT('',(0.0650085532288984,-0.019949478997155,-0.00478391085634926));
#8675=CARTESIAN_POINT('',(0.0654134509432099,-0.0182352337564628,-0.000950056906938563));
#8676=CARTESIAN_POINT('',(0.0654134509432099,-0.0182352337564628,-0.00478391085634922));
#8677=CARTESIAN_POINT('',(0.0654205384670534,-0.0182637009251456,-0.000950056906938786));
#8678=CARTESIAN_POINT('',(0.0654205384670534,-0.0182637009251456,-0.00478391085634944));
#8679=CARTESIAN_POINT('',(0.0654112698861348,-0.0182997836394285,-0.000950056906938545));
#8680=CARTESIAN_POINT('',(0.0654112698861348,-0.0182997836394285,-0.0047839108563492));
#8681=CARTESIAN_POINT('',(0.0654033771151422,-0.0183369280253792,-0.000950056906938523));
#8682=CARTESIAN_POINT('',(0.0654033771151422,-0.0183369280253792,-0.00478391085634918));
#8683=CARTESIAN_POINT('',(0.0654032439913847,-0.0183375552525417,-0.00478391085634926));
#8684=CARTESIAN_POINT('',(0.0654111839345509,-0.0183001009051682,-0.00478391085634926));
#8685=CARTESIAN_POINT('',(0.0654206232616852,-0.0182636878614703,-0.00478391085634926));
#8686=CARTESIAN_POINT('',(0.0654133996672482,-0.0182350290716802,-0.00478391085634926));
#8687=CARTESIAN_POINT('',(0.0591873524354009,-0.0176698226219211,0.00152798914365075));
#8688=CARTESIAN_POINT('',(0.065558945222724,-0.0198848607756743,0.00404994309306152));
#8689=CARTESIAN_POINT('',(0.0658167697637836,-0.01996095702772,0.00471804131065163));
#8690=CARTESIAN_POINT('',(0.0662202328049044,-0.0199395047026207,0.00532712812250051));
#8691=CARTESIAN_POINT('',(0.0667031397166476,-0.0198096867828035,0.00584442631185303));
#8692=CARTESIAN_POINT('',(0.065558945222724,-0.0198848607756742,0.0040499430930615));
#8693=CARTESIAN_POINT('',(0.066703139718298,-0.0198096867823599,0.00584442631362093));
#8694=CARTESIAN_POINT('',(0.0591873524354009,-0.0176698226219211,0.0040499430930615));
#8695=CARTESIAN_POINT('',(0.0658613541232598,-0.0186502766700485,0.0040499430930615));
#8696=CARTESIAN_POINT('',(0.0668415414166757,-0.0192444553047593,0.00584442631362093));
#8697=CARTESIAN_POINT('',(0.0664713099660154,-0.0189044389551772,0.00532441333297946));
#8698=CARTESIAN_POINT('',(0.0661221995086708,-0.0187036422390223,0.00471136366052404));
#8699=CARTESIAN_POINT('',(0.0658613541232608,-0.0186502766700487,0.00404994309306114));
#8700=CARTESIAN_POINT('',(0.0668415414199699,-0.0192444553077847,0.00584442631362093));
#8701=CARTESIAN_POINT('',(0.0591873524354009,-0.0176698226219211,0.00584442631362093));
#8702=CARTESIAN_POINT('',(0.0591873524354009,-0.0176698226219211,0.00152798914365075));
#8703=CARTESIAN_POINT('',(0.0643601416855838,-0.021886785451229,0.00386346556112652));
#8704=CARTESIAN_POINT('',(0.0645734159103462,-0.0220536454795358,0.00459919671242349));
#8705=CARTESIAN_POINT('',(0.0649736413975598,-0.0222040316445606,0.00527919244343531));
#8706=CARTESIAN_POINT('',(0.0655179902883071,-0.0222512090342783,0.00584442631185303));
#8707=CARTESIAN_POINT('',(0.0643601416855839,-0.021886785451229,0.00386346556112651));
#8708=CARTESIAN_POINT('',(0.0655179902900097,-0.0222512090344258,0.00584442631362093));
#8709=CARTESIAN_POINT('',(0.0643601416855838,-0.021886785451229,0.00386346556112642));
#8710=CARTESIAN_POINT('',(0.0646125030297315,-0.0216431905699441,0.00397673731592978));
#8711=CARTESIAN_POINT('',(0.0648437555612089,-0.021363805982461,0.0040499430930615));
#8712=CARTESIAN_POINT('',(0.0650287489503325,-0.0210434964984828,0.0040499430930615));
#8713=CARTESIAN_POINT('',(0.0650287489503325,-0.0210434964984828,0.0040499430930615));
#8714=CARTESIAN_POINT('',(0.0591873524354009,-0.0176698226219211,0.0040499430930615));
#8715=CARTESIAN_POINT('',(0.065123517550219,-0.0208738095756501,0.0040499430930615));
#8716=CARTESIAN_POINT('',(0.0658413720638331,-0.0217673950534189,0.00584442631362093));
#8717=CARTESIAN_POINT('',(0.0656097601643513,-0.0213212590806238,0.00532441298706195));
#8718=CARTESIAN_POINT('',(0.0653503814496844,-0.0210131681254743,0.00471136348005336));
#8719=CARTESIAN_POINT('',(0.065123517550219,-0.0208738095756501,0.00404994309306151));
#8720=CARTESIAN_POINT('',(0.0658413720658939,-0.0217673950573885,0.00584442631362093));
#8721=CARTESIAN_POINT('',(0.0591873524354009,-0.0176698226219211,0.00584442631362093));
#8722=CARTESIAN_POINT('',(0.0591873524354009,-0.0176698226219211,0.00152798914365075));
#8723=CARTESIAN_POINT('',(0.0624333565009844,-0.0230434964984828,0.00204994309306291));
#8724=CARTESIAN_POINT('',(0.0623838937291629,-0.0230434964984828,0.00171957203017567));
#8725=CARTESIAN_POINT('',(0.0623813072241957,-0.0230434964984828,0.00138326089444413));
#8726=CARTESIAN_POINT('',(0.0624270562019592,-0.0230434964984828,0.00104994309305132));
#8727=CARTESIAN_POINT('',(0.0624333565009835,-0.0230434964984828,0.00204994309306297));
#8728=CARTESIAN_POINT('',(0.0624270562019596,-0.0230434964984828,0.00104994309305144));
#8729=CARTESIAN_POINT('',(0.0624333565009835,-0.0230434964984828,0.00204994309306151));
#8730=CARTESIAN_POINT('',(0.0624799880351566,-0.0230434964984828,0.00236140379252384));
#8731=CARTESIAN_POINT('',(0.0628569146539488,-0.0229079094329095,0.0028741241525106));
#8732=CARTESIAN_POINT('',(0.0633021149068114,-0.0226735320298492,0.0032281385812688));
#8733=CARTESIAN_POINT('',(0.0635289517315678,-0.0225315427423465,0.0033862508331136));
#8734=CARTESIAN_POINT('',(0.0635289517315678,-0.0225315427423465,0.00338625083311359));
#8735=CARTESIAN_POINT('',(0.0640386257066679,-0.0237960959340115,0.00584442631362093));
#8736=CARTESIAN_POINT('',(0.0639954065713337,-0.0234649741599966,0.00549897614688967));
#8737=CARTESIAN_POINT('',(0.0638780791566513,-0.0230530771055482,0.00492608951469106));
#8738=CARTESIAN_POINT('',(0.0636725087623066,-0.0226959285606139,0.00406049161550313));
#8739=CARTESIAN_POINT('',(0.0635654440528964,-0.0225860444798204,0.00361355397015756));
#8740=CARTESIAN_POINT('',(0.0635289517315677,-0.0225315427423465,0.00338625083311361));
#8741=CARTESIAN_POINT('',(0.0640386257072467,-0.023796095938446,0.00584442631362093));
#8742=CARTESIAN_POINT('',(0.0591873524354009,-0.0176698226219211,0.00584442631362093));
#8743=CARTESIAN_POINT('',(0.0635692581382636,-0.0241401378783909,0.00584442631362093));
#8744=CARTESIAN_POINT('',(0.0635692581342092,-0.0241401378765044,-0.00278844802631946));
#8745=CARTESIAN_POINT('',(0.0633185329697912,-0.0240234698645206,-0.00250236980413104));
#8746=CARTESIAN_POINT('',(0.0630175483202817,-0.0238278461366345,-0.00203837353450446));
#8747=CARTESIAN_POINT('',(0.062722108251431,-0.0235804256013727,-0.00134062494389056));
#8748=CARTESIAN_POINT('',(0.0625594022037182,-0.0233264728949206,-0.000615669440595977));
#8749=CARTESIAN_POINT('',(0.0624052847854333,-0.0231205781880711,0.00033500208561997));
#8750=CARTESIAN_POINT('',(0.0622019064768882,-0.0231146496648981,0.00150963915369706));
#8751=CARTESIAN_POINT('',(0.0624006316775399,-0.023118658384529,0.00270068712757429));
#8752=CARTESIAN_POINT('',(0.0625557450858097,-0.0233193099016873,0.00364910736233772));
#8753=CARTESIAN_POINT('',(0.0627192134443847,-0.0235775927503495,0.00438857526455664));
#8754=CARTESIAN_POINT('',(0.0630121827411403,-0.0238239746600773,0.00508445586412206));
#8755=CARTESIAN_POINT('',(0.0633181077818502,-0.0240232720156779,0.00555786294656642));
#8756=CARTESIAN_POINT('',(0.0635692581367273,-0.024140137877676,0.00584442631186794));
#8757=CARTESIAN_POINT('',(0.0635692581382636,-0.0241401378783909,-0.00278844802631946));
#8758=CARTESIAN_POINT('',(0.0591873524354009,-0.0176698226219211,-0.00278844802631946));
#8759=CARTESIAN_POINT('',(0.0635234761525207,-0.0225232568753552,-0.000295534230061588));
#8760=CARTESIAN_POINT('',(0.0632957152455213,-0.0226672695281114,-0.000137148641798933));
#8761=CARTESIAN_POINT('',(0.0628505391465937,-0.0229042299191718,0.000215147746788138));
#8762=CARTESIAN_POINT('',(0.0624700287166539,-0.0230434964984829,0.000736854040160496));
#8763=CARTESIAN_POINT('',(0.0624270562019578,-0.0230434964984828,0.00104994309306207));
#8764=CARTESIAN_POINT('',(0.0591873524354009,-0.0176698226219211,0.00152798914365075));
#8765=CARTESIAN_POINT('',(0.0610919967142394,-0.0252486356699628,-0.00278844802631946));
#8766=CARTESIAN_POINT('',(0.0608964717857907,-0.0250534243969774,-0.00250262565173131));
#8767=CARTESIAN_POINT('',(0.0606812152736803,-0.0247667204710823,-0.00203893562431166));
#8768=CARTESIAN_POINT('',(0.0604869543087748,-0.0244336152330764,-0.00134190005628828));
#8769=CARTESIAN_POINT('',(0.0604230439332451,-0.0241392176910505,-0.000617751539125636));
#8770=CARTESIAN_POINT('',(0.060351928690622,-0.0239439444547773,0.000140264657452353));
#8771=CARTESIAN_POINT('',(0.0602687002521592,-0.0238527227274887,0.000920960870776501));
#8772=CARTESIAN_POINT('',(0.0601835617933438,-0.0238392677017584,0.00150484407015033));
#8773=CARTESIAN_POINT('',(0.0602631820113059,-0.0238503580919864,0.00210142072482658));
#8774=CARTESIAN_POINT('',(0.06034939592274,-0.0239380692017822,0.00288472114572294));
#8775=CARTESIAN_POINT('',(0.0604219587796334,-0.0241293809542014,0.0036465377202854));
#8776=CARTESIAN_POINT('',(0.0604844613393052,-0.0244286321723729,0.00438675104430697));
#8777=CARTESIAN_POINT('',(0.0606769500136631,-0.0247603843018918,0.00508366023049336));
#8778=CARTESIAN_POINT('',(0.0608957161819438,-0.025052670006016,0.00555749937792868));
#8779=CARTESIAN_POINT('',(0.0610919967162403,-0.0252486356719605,0.00584442631185332));
#8780=CARTESIAN_POINT('',(0.0610919967174494,-0.0252486356731677,-0.00278844802631946));
#8781=CARTESIAN_POINT('',(0.0610919967174494,-0.0252486356731677,0.00584442631362093));
#8782=CARTESIAN_POINT('',(0.0591873524354009,-0.0176698226219211,-0.00278844802631946));
#8783=CARTESIAN_POINT('',(0.0616507486625693,-0.0250858698261169,-0.00278844802631946));
#8784=CARTESIAN_POINT('',(0.0616507486635419,-0.0250858698217524,0.00584442631362093));
#8785=CARTESIAN_POINT('',(0.0617109135382288,-0.0248158936894475,0.00555828435273325));
#8786=CARTESIAN_POINT('',(0.0617390585711206,-0.0244578176503679,0.0050940047225612));
#8787=CARTESIAN_POINT('',(0.0617226585754904,-0.0240727524096981,0.00439590528808533));
#8788=CARTESIAN_POINT('',(0.0616202706896491,-0.023789246691795,0.00367120350891058));
#8789=CARTESIAN_POINT('',(0.0615509531314325,-0.0235414943101812,0.00271979161379184));
#8790=CARTESIAN_POINT('',(0.0616700955212768,-0.0233768426762145,0.00154603319959811));
#8791=CARTESIAN_POINT('',(0.061552203800518,-0.0235369651650633,0.000354795411871904));
#8792=CARTESIAN_POINT('',(0.0616169715502216,-0.0237822203607565,-0.000593491553825812));
#8793=CARTESIAN_POINT('',(0.0617222414875974,-0.0240691772816607,-0.00133284229366946));
#8794=CARTESIAN_POINT('',(0.0617392253123525,-0.0244515594918884,-0.00202858852532684));
#8795=CARTESIAN_POINT('',(0.0617109899489997,-0.0248155508160294,-0.00250194265675378));
#8796=CARTESIAN_POINT('',(0.0616507486629384,-0.0250858698244605,-0.00278844802456377));
#8797=CARTESIAN_POINT('',(0.0616507486625693,-0.0250858698261169,0.00584442631362093));
#8798=CARTESIAN_POINT('',(0.0591873524354009,-0.0176698226219211,0.00584442631362093));
#8799=CARTESIAN_POINT('',(0.0591873524354009,-0.0176698226219211,0.00152798914365075));
#8800=CARTESIAN_POINT('',(0.0583850093113413,-0.0254430023159849,-0.00278844802631946));
#8801=CARTESIAN_POINT('',(0.0582680410170733,-0.0251926827210409,-0.00250261711557961));
#8802=CARTESIAN_POINT('',(0.0581638216724377,-0.024849637188858,-0.00203891247371773));
#8803=CARTESIAN_POINT('',(0.0580952221415041,-0.0244701753289647,-0.00134185258247663));
#8804=CARTESIAN_POINT('',(0.0581358327082813,-0.0241716666322665,-0.000617682432226739));
#8805=CARTESIAN_POINT('',(0.0581360142765817,-0.0239638918611225,0.00014037102123171));
#8806=CARTESIAN_POINT('',(0.058088424893145,-0.0238496081541436,0.00092106430075643));
#8807=CARTESIAN_POINT('',(0.058014676936462,-0.023808163614069,0.00150503818533211));
#8808=CARTESIAN_POINT('',(0.0580840828346464,-0.0238455301100895,0.00210156554200754));
#8809=CARTESIAN_POINT('',(0.0581356428010338,-0.0239575529535124,0.00288484644006937));
#8810=CARTESIAN_POINT('',(0.0581381626772961,-0.0241621017138728,0.00364661363453587));
#8811=CARTESIAN_POINT('',(0.058094589001657,-0.024464690120084,0.00438680548168904));
#8812=CARTESIAN_POINT('',(0.0581619904560459,-0.024842258498209,0.0050836842576833));
#8813=CARTESIAN_POINT('',(0.0582675969604568,-0.0251917324129239,0.0055575102756198));
#8814=CARTESIAN_POINT('',(0.0583850093125607,-0.0254430023185946,0.00584442631181966));
#8815=CARTESIAN_POINT('',(0.0583850093132978,-0.0254430023201721,-0.00278844802631946));
#8816=CARTESIAN_POINT('',(0.0583850093132978,-0.0254430023201721,0.00584442631362093));
#8817=CARTESIAN_POINT('',(0.0591873524354009,-0.0176698226219211,-0.00278844802631946));
#8818=CARTESIAN_POINT('',(0.0589657586380943,-0.0254811588261746,-0.00278844802631946));
#8819=CARTESIAN_POINT('',(0.0589657586405006,-0.0254811588224066,0.00584442631362093));
#8820=CARTESIAN_POINT('',(0.0591146296256636,-0.0252480422481056,0.00555828512325662));
#8821=CARTESIAN_POINT('',(0.0592635414264466,-0.0249211877898647,0.00509400678413949));
#8822=CARTESIAN_POINT('',(0.0593798311286888,-0.0245537368003999,0.00439591057719966));
#8823=CARTESIAN_POINT('',(0.0593805703970138,-0.024252310531256,0.00367121199621741));
#8824=CARTESIAN_POINT('',(0.0594001761116189,-0.0239957916462975,0.00271980418737782));
#8825=CARTESIAN_POINT('',(0.0595685392183533,-0.0238818110373007,0.00154605717658369));
#8826=CARTESIAN_POINT('',(0.0594029061970607,-0.0239919562866384,0.000354816486727528));
#8827=CARTESIAN_POINT('',(0.059379871226134,-0.0242445715274326,-0.000593476746704882));
#8828=CARTESIAN_POINT('',(0.0593806637999404,-0.0245502275060207,-0.00133283289738675));
#8829=CARTESIAN_POINT('',(0.0592658403933092,-0.0249153592838033,-0.00202858352932201));
#8830=CARTESIAN_POINT('',(0.059114820241774,-0.0252477437639753,-0.00250194045406296));
#8831=CARTESIAN_POINT('',(0.0589657586390076,-0.0254811588247447,-0.00278844802456404));
#8832=CARTESIAN_POINT('',(0.0589657586380943,-0.0254811588261746,0.00584442631362093));
#8833=CARTESIAN_POINT('',(0.0591873524354009,-0.0176698226219211,0.00584442631362093));
#8834=CARTESIAN_POINT('',(0.0591873524354009,-0.0176698226219211,0.00152798914365075));
#8835=CARTESIAN_POINT('',(0.0557748047459797,-0.0246998009515032,-0.00278844802631946));
#8836=CARTESIAN_POINT('',(0.0557504862652487,-0.0244243373337059,-0.00250237251375921));
#8837=CARTESIAN_POINT('',(0.0557694213157129,-0.0240658743907568,-0.00203838117755972));
#8838=CARTESIAN_POINT('',(0.0558359704185799,-0.0236863072788871,-0.00134064340164639));
#8839=CARTESIAN_POINT('',(0.0559745781557352,-0.023418441276113,-0.000615696920766194));
#8840=CARTESIAN_POINT('',(0.0560758128245015,-0.0231820163217086,0.000334960579474124));
#8841=CARTESIAN_POINT('',(0.0559790234031413,-0.0230027710271821,0.00150956485247761));
#8842=CARTESIAN_POINT('',(0.0560751429723422,-0.0231769983014681,0.00270062166706093));
#8843=CARTESIAN_POINT('',(0.055978970765139,-0.0234116732509482,0.00364906103639766));
#8844=CARTESIAN_POINT('',(0.0558369817913735,-0.0236823604960997,0.00438854568070907));
#8845=CARTESIAN_POINT('',(0.055770093100557,-0.024059275225622,0.00508444057539291));
#8846=CARTESIAN_POINT('',(0.0557504442273379,-0.0244238611622306,0.00555785628131152));
#8847=CARTESIAN_POINT('',(0.0557748047462238,-0.0246998009542686,0.00584442631186879));
#8848=CARTESIAN_POINT('',(0.0557748047463727,-0.0246998009559556,-0.00278844802631946));
#8849=CARTESIAN_POINT('',(0.0557748047463727,-0.0246998009559556,0.00584442631362093));
#8850=CARTESIAN_POINT('',(0.0591873524354009,-0.0176698226219211,-0.00278844802631946));
#8851=CARTESIAN_POINT('',(0.0563075034393734,-0.0249342941695953,-0.00278844802631946));
#8852=CARTESIAN_POINT('',(0.0563075034429228,-0.0249342941668779,0.00584442631362093));
#8853=CARTESIAN_POINT('',(0.0565271242403964,-0.0247661524977288,0.00555828600592966));
#8854=CARTESIAN_POINT('',(0.0567788412566018,-0.0245099394838568,0.00509400908937506));
#8855=CARTESIAN_POINT('',(0.0570137938027526,-0.0242044230971768,0.00439591626814062));
#8856=CARTESIAN_POINT('',(0.0571175702159742,-0.0239214241997813,0.00367122102996205));
#8857=CARTESIAN_POINT('',(0.0572237344076933,-0.0236870832614021,0.00271981737354922));
#8858=CARTESIAN_POINT('',(0.0574210210044342,-0.0236375851546805,0.00154608237213427));
#8859=CARTESIAN_POINT('',(0.0572276198697474,-0.023684408017712,0.00035483852459467));
#8860=CARTESIAN_POINT('',(0.0571195608782334,-0.0239139040942957,-0.000593461354113219));
#8861=CARTESIAN_POINT('',(0.0570157808699421,-0.0242014038847271,-0.00133282321968283));
#8862=CARTESIAN_POINT('',(0.0567829985965862,-0.0245052447256642,-0.00202857844335517));
#8863=CARTESIAN_POINT('',(0.0565274078355567,-0.0247659353779656,-0.00250193822329499));
#8864=CARTESIAN_POINT('',(0.0563075034407204,-0.024934294168564,-0.00278844802456448));
#8865=CARTESIAN_POINT('',(0.0563075034393734,-0.0249342941695953,0.00584442631362093));
#8866=CARTESIAN_POINT('',(0.0591873524354009,-0.0176698226219211,0.00584442631362093));
#8867=CARTESIAN_POINT('',(0.0591873524354009,-0.0176698226219211,0.00152798914365075));
#8868=CARTESIAN_POINT('',(0.0541537853104978,-0.0220156989920072,0.00379774809121947));
#8869=CARTESIAN_POINT('',(0.0540548789096427,-0.0221079188046438,0.00417701581593987));
#8870=CARTESIAN_POINT('',(0.0538349752574594,-0.0223747487467982,0.00491353372665845));
#8871=CARTESIAN_POINT('',(0.0536488036238811,-0.0228369202760157,0.00555343121258223));
#8872=CARTESIAN_POINT('',(0.0535762126941494,-0.023108681683189,0.00584442631186907));
#8873=CARTESIAN_POINT('',(0.0541537853104979,-0.0220156989920071,0.00379774809121942));
#8874=CARTESIAN_POINT('',(0.0535762126937124,-0.0231086816848249,0.00584442631362093));
#8875=CARTESIAN_POINT('',(0.0541537853104987,-0.0220156989920064,0.00379774809121963));
#8876=CARTESIAN_POINT('',(0.0544994266854011,-0.0223228782789557,0.00362688207982496));
#8877=CARTESIAN_POINT('',(0.0548604742846206,-0.0225569795016944,0.00340278969967183));
#8878=CARTESIAN_POINT('',(0.0552096989871336,-0.0227408331846337,0.0031077938263157));
#8879=CARTESIAN_POINT('',(0.0552096989871333,-0.0227408331846342,0.00310779382631808));
#8880=CARTESIAN_POINT('',(0.0539966009077049,-0.0235112415954837,0.00584442631362093));
#8881=CARTESIAN_POINT('',(0.0543474936968269,-0.0234010223954205,0.00546393685691054));
#8882=CARTESIAN_POINT('',(0.0549127072626888,-0.0231268808804261,0.00460677755178055));
#8883=CARTESIAN_POINT('',(0.0551104676501087,-0.0228178830229865,0.00361504626763633));
#8884=CARTESIAN_POINT('',(0.0552096989871333,-0.0227408331846342,0.00310779382631808));
#8885=CARTESIAN_POINT('',(0.0539966009034409,-0.023511241596823,0.00584442631362093));
#8886=CARTESIAN_POINT('',(0.0591873524354009,-0.0176698226219211,0.00584442631362093));
#8887=CARTESIAN_POINT('',(0.0591873524354009,-0.0176698226219211,0.00152798914365075));
#8888=CARTESIAN_POINT('',(0.0528830228200469,-0.020069617773808,0.0040499430930615));
#8889=CARTESIAN_POINT('',(0.0526377266830037,-0.0201789753667606,0.00471713926817877));
#8890=CARTESIAN_POINT('',(0.0523408352047006,-0.0204518310025282,0.00532725445611575));
#8891=CARTESIAN_POINT('',(0.0520544103581108,-0.0208615642164451,0.00584442631186936));
#8892=CARTESIAN_POINT('',(0.0520544103571408,-0.0208615642178328,0.00584442631362093));
#8893=CARTESIAN_POINT('',(0.0533459559204694,-0.0210434964984828,0.0040499430930615));
#8894=CARTESIAN_POINT('',(0.0533781024496093,-0.0210991570721351,0.0040499430930615));
#8895=CARTESIAN_POINT('',(0.0534117849727674,-0.0211537764649818,0.0040476255205312));
#8896=CARTESIAN_POINT('',(0.0534469174359427,-0.0212074168712177,0.004043214301754));
#8897=CARTESIAN_POINT('',(0.0534469174359427,-0.0212074168712177,0.004043214301754));
#8898=CARTESIAN_POINT('',(0.0523117709223273,-0.0213836422061308,0.00584442631362093));
#8899=CARTESIAN_POINT('',(0.0528156379037533,-0.0214061845749531,0.00532264798846924));
#8900=CARTESIAN_POINT('',(0.0532128990059812,-0.0213347202070022,0.00470714419489358));
#8901=CARTESIAN_POINT('',(0.0534469174359427,-0.0212074168712177,0.00404321430175399));
#8902=CARTESIAN_POINT('',(0.0523117709178628,-0.0213836422059311,0.00584442631362093));
#8903=CARTESIAN_POINT('',(0.0591873524354009,-0.0176698226219211,0.00584442631362093));
#8904=CARTESIAN_POINT('',(0.0591873524354009,-0.0176698226219211,0.00152798914365075));
#8905=CARTESIAN_POINT('',(0.052442442442089,-0.0177687056445812,0.00404994309306149));
#8906=CARTESIAN_POINT('',(0.052174536705802,-0.0177875684398829,0.00471713991937285));
#8907=CARTESIAN_POINT('',(0.0518022290337898,-0.0179424274219788,0.00532725392318294));
#8908=CARTESIAN_POINT('',(0.0513929407296224,-0.0182294861324485,0.00584442631186936));
#8909=CARTESIAN_POINT('',(0.0513929407282363,-0.0182294861334206,0.00584442631362093));
#8910=CARTESIAN_POINT('',(0.051456221933725,-0.0188081100254537,0.00584442631362093));
#8911=CARTESIAN_POINT('',(0.0519204188705183,-0.0190009703328361,0.00532441112721864));
#8912=CARTESIAN_POINT('',(0.0523171591439803,-0.0190702979887848,0.00471136411980147));
#8913=CARTESIAN_POINT('',(0.0525805095029425,-0.0190311510671813,0.00404994309306148));
#8914=CARTESIAN_POINT('',(0.0514562219295984,-0.0188081100237392,0.00584442631362093));
#8915=CARTESIAN_POINT('',(0.0591873524354009,-0.0176698226219211,0.00584442631362093));
#8916=CARTESIAN_POINT('',(0.0591873524354009,-0.0176698226219211,0.00152798914365075));
#8917=CARTESIAN_POINT('',(0.0528153827284041,-0.0154558689812218,0.00404994309306149));
#8918=CARTESIAN_POINT('',(0.0525571820396901,-0.0153819665970763,0.00471713923002646));
#8919=CARTESIAN_POINT('',(0.0521543631160999,-0.0154001487190925,0.00532725377007861));
#8920=CARTESIAN_POINT('',(0.0516715787279159,-0.0155299107868051,0.00584442631186937));
#8921=CARTESIAN_POINT('',(0.0516715787262809,-0.0155299107872446,0.00584442631362093));
#8922=CARTESIAN_POINT('',(0.051533144245948,-0.0160952833116789,0.00584442631362093));
#8923=CARTESIAN_POINT('',(0.0519033851082318,-0.0164352777009168,0.00532441135364047));
#8924=CARTESIAN_POINT('',(0.0522524879856644,-0.0166361188908115,0.00471136434079258));
#8925=CARTESIAN_POINT('',(0.0525133457799849,-0.0166894023888012,0.0040499430930611));
#8926=CARTESIAN_POINT('',(0.0515331442426567,-0.0160952833086565,0.00584442631362093));
#8927=CARTESIAN_POINT('',(0.0591873524354009,-0.0176698226219211,0.00584442631362093));
#8928=CARTESIAN_POINT('',(0.0591873524354009,-0.0176698226219211,0.00152798914365075));
#8929=CARTESIAN_POINT('',(0.0541450771712203,-0.0135447129942945,0.00337419684803938));
#8930=CARTESIAN_POINT('',(0.0540891088825828,-0.0135109888365472,0.0036020982535803));
#8931=CARTESIAN_POINT('',(0.0539733818890149,-0.0134081921942702,0.00405507786531905));
#8932=CARTESIAN_POINT('',(0.0536095150458943,-0.0132173734367538,0.00492074047461061));
#8933=CARTESIAN_POINT('',(0.0531887300334469,-0.0131172264175944,0.005499661608959));
#8934=CARTESIAN_POINT('',(0.052856712948045,-0.0130884384680522,0.00584442631186923));
#8935=CARTESIAN_POINT('',(0.0541450771712203,-0.0135447129942945,0.0033741968480394));
#8936=CARTESIAN_POINT('',(0.0528567129463582,-0.013088438467906,0.00584442631362093));
#8937=CARTESIAN_POINT('',(0.0541450771712203,-0.0135447129942945,0.00337419684803938));
#8938=CARTESIAN_POINT('',(0.053843711751396,-0.0137891158946762,0.00365081077802898));
#8939=CARTESIAN_POINT('',(0.0535359528932633,-0.0140966468863468,0.00385684754995112));
#8940=CARTESIAN_POINT('',(0.0532783320328248,-0.014482285527825,0.00396958947883504));
#8941=CARTESIAN_POINT('',(0.0532783320328247,-0.0144822855278248,0.00396958947883556));
#8942=CARTESIAN_POINT('',(0.0525332644627975,-0.0135723611761185,0.00584442631362093));
#8943=CARTESIAN_POINT('',(0.0527742492784255,-0.0140365059992682,0.00530340314913061));
#8944=CARTESIAN_POINT('',(0.0530479762538334,-0.0143455323453429,0.00466096285833202));
#8945=CARTESIAN_POINT('',(0.0532783320328247,-0.0144822855278248,0.00396958947883555));
#8946=CARTESIAN_POINT('',(0.0525332644607383,-0.0135723611721525,0.00584442631362093));
#8947=CARTESIAN_POINT('',(0.0591873524354009,-0.0176698226219211,0.00584442631362093));
#8948=CARTESIAN_POINT('',(0.0591873524354009,-0.0176698226219211,0.00152798914365075));
#8949=CARTESIAN_POINT('',(0.0549329784180808,-0.0130462969110931,0.000944142298496114));
#8950=CARTESIAN_POINT('',(0.0549394804645809,-0.0130444405654189,0.000979184500492669));
#8951=CARTESIAN_POINT('',(0.0549446247382449,-0.0130434964984827,0.00101444809260739));
#8952=CARTESIAN_POINT('',(0.0549483480680666,-0.0130434964984827,0.00104994309306155));
#8953=CARTESIAN_POINT('',(0.0549483480680668,-0.0130434964984828,0.00104994309306152));
#8954=CARTESIAN_POINT('',(0.0549483480680667,-0.0130434964984828,0.00104994309306155));
#8955=CARTESIAN_POINT('',(0.0549833355007362,-0.0130434964984828,0.00138348296139594));
#8956=CARTESIAN_POINT('',(0.0549812789744615,-0.0130434964984828,0.00172031468755921));
#8957=CARTESIAN_POINT('',(0.0549435310530838,-0.0130434964984828,0.00204994309306116));
#8958=CARTESIAN_POINT('',(0.0549435310530839,-0.0130434964984828,0.00204994309306116));
#8959=CARTESIAN_POINT('',(0.0549435310530869,-0.0130434964984828,0.0020499430930615));
#8960=CARTESIAN_POINT('',(0.0549407237846141,-0.0130434964984828,0.00207445716951201));
#8961=CARTESIAN_POINT('',(0.0549372397582372,-0.0130439470103914,0.00209886659033773));
#8962=CARTESIAN_POINT('',(0.0549330991637207,-0.0130448376550306,0.00212317442167494));
#8963=CARTESIAN_POINT('',(0.0549330991637175,-0.0130448376550043,0.00212317442167329));
#8964=CARTESIAN_POINT('',(0.0543359618581265,-0.0115436422039354,0.00584442631362093));
#8965=CARTESIAN_POINT('',(0.0543673482192872,-0.0117840505936705,0.00559361221063459));
#8966=CARTESIAN_POINT('',(0.0544692851337273,-0.0122020783152734,0.00505624490028238));
#8967=CARTESIAN_POINT('',(0.0546858943255893,-0.0126412897884883,0.00412834913770494));
#8968=CARTESIAN_POINT('',(0.0549112028353396,-0.0128700762936032,0.00315006397960821));
#8969=CARTESIAN_POINT('',(0.0549365493266161,-0.0130006025515501,0.00246522384913895));
#8970=CARTESIAN_POINT('',(0.0549330991637175,-0.0130448376550043,0.00212317442167341));
#8971=CARTESIAN_POINT('',(0.0543359618575479,-0.0115436421995039,0.00584442631362093));
#8972=CARTESIAN_POINT('',(0.0591873524354009,-0.0176698226219211,0.00584442631362093));
#8973=CARTESIAN_POINT('',(0.0548054013518001,-0.0111995380989795,0.00584442631362093));
#8974=CARTESIAN_POINT('',(0.0548054013558522,-0.0111995381008651,-0.00278844802631946));
#8975=CARTESIAN_POINT('',(0.0550561162780438,-0.0113162098470692,-0.00250237179931106));
#8976=CARTESIAN_POINT('',(0.0553570827751242,-0.0115118395131727,-0.00203838009785044));
#8977=CARTESIAN_POINT('',(0.0556525205061814,-0.0117592547206691,-0.00134064345980716));
#8978=CARTESIAN_POINT('',(0.055815190822792,-0.0120132275918585,-0.000615698132432268));
#8979=CARTESIAN_POINT('',(0.0559693261716754,-0.0122191089785588,0.000334956195714423));
#8980=CARTESIAN_POINT('',(0.0561729738409046,-0.0122248947875981,0.00150955766046325));
#8981=CARTESIAN_POINT('',(0.0559740098231801,-0.0122210388483338,0.00270061375439055));
#8982=CARTESIAN_POINT('',(0.0558188566399259,-0.01202041844857,0.00364905424231414));
#8983=CARTESIAN_POINT('',(0.0556554348694032,-0.0117621059428678,0.00438853999195674));
#8984=CARTESIAN_POINT('',(0.055362463479796,-0.0115157219998526,0.00508443685397749));
#8985=CARTESIAN_POINT('',(0.0550565506214771,-0.0113164119708927,0.00555785447851294));
#8986=CARTESIAN_POINT('',(0.0548054013533354,-0.0111995380996939,0.00584442631186894));
#8987=CARTESIAN_POINT('',(0.0548054013518001,-0.0111995380989794,-0.00278844802631946));
#8988=CARTESIAN_POINT('',(0.0591873524354009,-0.0176698226219211,-0.00278844802631946));
#8989=CARTESIAN_POINT('',(0.0591873524354009,-0.0176698226219211,0.00152798914365075));
#8990=CARTESIAN_POINT('',(0.0572826109608696,-0.0100910340010308,-0.00278844802631946));
#8991=CARTESIAN_POINT('',(0.0574781363242315,-0.0102862511722127,-0.00250261642741931));
#8992=CARTESIAN_POINT('',(0.0576933956007671,-0.0105729613926734,-0.00203891178518617));
#8993=CARTESIAN_POINT('',(0.0578876375704192,-0.0109060742809394,-0.00134185330785599));
#8994=CARTESIAN_POINT('',(0.0579515696356541,-0.0112004701181495,-0.000617684654249748));
#8995=CARTESIAN_POINT('',(0.0580224675320917,-0.0113957745829335,0.000140365156403054));
#8996=CARTESIAN_POINT('',(0.0581062714763192,-0.0114868893541561,0.000921057393286545));
#8997=CARTESIAN_POINT('',(0.0581897679000771,-0.0115006067340684,0.00150502905177215));
#8998=CARTESIAN_POINT('',(0.0581117492669764,-0.0114892372594631,0.00210155647613889));
#8999=CARTESIAN_POINT('',(0.0580249861815474,-0.011401607150014,0.00288483678542255));
#9000=CARTESIAN_POINT('',(0.0579526515576459,-0.0112102587462515,0.00364660556644677));
#9001=CARTESIAN_POINT('',(0.0578901102464021,-0.010911015637049,0.00438679825389879));
#9002=CARTESIAN_POINT('',(0.0576976415669522,-0.010579270988161,0.00508367990889169));
#9003=CARTESIAN_POINT('',(0.0574788796113335,-0.0102869932869444,0.00555750812576719));
#9004=CARTESIAN_POINT('',(0.0572826109588312,-0.0100910339989956,0.0058444263118198));
#9005=CARTESIAN_POINT('',(0.0572826109575992,-0.0100910339977655,-0.00278844802631946));
#9006=CARTESIAN_POINT('',(0.0572826109575992,-0.0100910339977655,0.00584442631362093));
#9007=CARTESIAN_POINT('',(0.0591873524354009,-0.0176698226219211,-0.00278844802631946));
#9008=CARTESIAN_POINT('',(0.0567238130243322,-0.0102538229808073,-0.00278844802631946));
#9009=CARTESIAN_POINT('',(0.05672381302336,-0.01025382298517,0.00584442631362093));
#9010=CARTESIAN_POINT('',(0.0566636533966018,-0.0105237973877374,0.00555828764867753));
#9011=CARTESIAN_POINT('',(0.0566355194481211,-0.0108818695249951,0.00509401258762406));
#9012=CARTESIAN_POINT('',(0.0566519162234227,-0.0112669356509847,0.00439592197927615));
#9013=CARTESIAN_POINT('',(0.0567543335753493,-0.0115504294082598,0.0036712286843228));
#9014=CARTESIAN_POINT('',(0.056823636756657,-0.0117981876331392,0.00271982585060261));
#9015=CARTESIAN_POINT('',(0.0567042648353014,-0.0119629494805454,0.00154609940592623));
#9016=CARTESIAN_POINT('',(0.0568223779292102,-0.0118027403111856,0.000354851739029923));
#9017=CARTESIAN_POINT('',(0.0567576456510431,-0.0115574742954585,-0.00059345338390376));
#9018=CARTESIAN_POINT('',(0.0566523351652485,-0.0112705304430858,-0.001332819658121));
#9019=CARTESIAN_POINT('',(0.0566353524083645,-0.0108881415387288,-0.00202857739057704));
#9020=CARTESIAN_POINT('',(0.0566635753092139,-0.0105241478129134,-0.00250193795065083));
#9021=CARTESIAN_POINT('',(0.0567238130239632,-0.0102538229824629,-0.00278844802456461));
#9022=CARTESIAN_POINT('',(0.0567238130243322,-0.0102538229808073,0.00584442631362093));
#9023=CARTESIAN_POINT('',(0.0591873524354009,-0.0176698226219211,0.00584442631362093));
#9024=CARTESIAN_POINT('',(0.0591873524354009,-0.0176698226219211,0.00152798914365075));
#9025=CARTESIAN_POINT('',(0.0599895627247664,-0.00989662921780976,-0.00278844802631946));
#9026=CARTESIAN_POINT('',(0.0601065270834684,-0.0101469393674177,-0.00250262503240137));
#9027=CARTESIAN_POINT('',(0.0602107410216076,-0.0104899718665883,-0.00203893512729546));
#9028=CARTESIAN_POINT('',(0.0602793548913146,-0.0108694260454997,-0.00134190117925765));
#9029=CARTESIAN_POINT('',(0.0602387187787038,-0.0111679268023018,-0.000617754338037079));
#9030=CARTESIAN_POINT('',(0.0602387642708757,-0.0113757465129838,0.000140257938124425));
#9031=CARTESIAN_POINT('',(0.0602857693997236,-0.0114899312676937,0.000920953013356311));
#9032=CARTESIAN_POINT('',(0.0603611980705712,-0.0115316979820579,0.00150483360698426));
#9033=CARTESIAN_POINT('',(0.0602901488325933,-0.0114940427072823,0.00210141035890312));
#9034=CARTESIAN_POINT('',(0.0602391351921346,-0.0113821374430774,0.0028847104619687));
#9035=CARTESIAN_POINT('',(0.0602363727460324,-0.011177545306219,0.00364652896905214));
#9036=CARTESIAN_POINT('',(0.0602799936225656,-0.0108749655201034,0.00438674333485574));
#9037=CARTESIAN_POINT('',(0.0602125827205555,-0.0104973876147577,0.00508365566259757));
#9038=CARTESIAN_POINT('',(0.06010697975582,-0.0101479081098217,0.00555749713198084));
#9039=CARTESIAN_POINT('',(0.0599895627235694,-0.00989662921524821,0.00584442631185346));
#9040=CARTESIAN_POINT('',(0.0599895627228461,-0.00989662921370038,-0.00278844802631946));
#9041=CARTESIAN_POINT('',(0.0599895627228461,-0.00989662921370039,0.00584442631362093));
#9042=CARTESIAN_POINT('',(0.0591873524354009,-0.0176698226219211,-0.00278844802631946));
#9043=CARTESIAN_POINT('',(0.0594088123634126,-0.00985848262118002,-0.00278844802631946));
#9044=CARTESIAN_POINT('',(0.0594088123610066,-0.00985848262494775,0.00584442631362108));
#9045=CARTESIAN_POINT('',(0.0592599413345455,-0.0100916001903978,0.00555828686622428));
#9046=CARTESIAN_POINT('',(0.0591110310913718,-0.0104184563565314,0.00509401049215914));
#9047=CARTESIAN_POINT('',(0.0589947392289191,-0.0107859092937675,0.00439591662739407));
#9048=CARTESIAN_POINT('',(0.0589940072869852,-0.0110873357657903,0.0036712200988772));
#9049=CARTESIAN_POINT('',(0.0589743991399284,-0.0113438556268354,0.00271981315471305));
#9050=CARTESIAN_POINT('',(0.058805966780637,-0.0114578456714019,0.00154607520491024));
#9051=CARTESIAN_POINT('',(0.0589716649698286,-0.0113476960222503,0.000354830459058291));
#9052=CARTESIAN_POINT('',(0.0589947079610071,-0.0110950804721162,-0.000593468322512436));
#9053=CARTESIAN_POINT('',(0.0589939052751782,-0.010789423383896,-0.00133282914782491));
#9054=CARTESIAN_POINT('',(0.0591087308545116,-0.0104242881506589,-0.00202858242634931));
#9055=CARTESIAN_POINT('',(0.0592597496637309,-0.0100919003272787,-0.0025019401721571));
#9056=CARTESIAN_POINT('',(0.0594088123624994,-0.00985848262260994,-0.00278844802456448));
#9057=CARTESIAN_POINT('',(0.0594088123634126,-0.00985848262118002,0.00584442631362093));
#9058=CARTESIAN_POINT('',(0.0591873524354009,-0.0176698226219211,0.00584442631362093));
#9059=CARTESIAN_POINT('',(0.0591873524354009,-0.0176698226219211,0.00152798914365075));
#9060=CARTESIAN_POINT('',(0.0625997645032097,-0.0106397784594411,-0.00278844802631946));
#9061=CARTESIAN_POINT('',(0.0626240879077407,-0.0109152445794073,-0.00250236908412196));
#9062=CARTESIAN_POINT('',(0.0626051631477069,-0.0112737133213688,-0.00203837243962422));
#9063=CARTESIAN_POINT('',(0.0625386108321416,-0.0116532792730013,-0.00134062497498106));
#9064=CARTESIAN_POINT('',(0.0624000302652581,-0.0119211602405121,-0.000615670605710478));
#9065=CARTESIAN_POINT('',(0.062298782826193,-0.01215757809446,0.000334997754655435));
#9066=CARTESIAN_POINT('',(0.0623953611848708,-0.012336684619112,0.00150963207025994));
#9067=CARTESIAN_POINT('',(0.0622994474243505,-0.0121625707384179,0.00270067931347018));
#9068=CARTESIAN_POINT('',(0.0623956535721633,-0.011927910960188,0.00364910063294079));
#9069=CARTESIAN_POINT('',(0.0625376042457936,-0.0116572053792733,0.00438856962317304));
#9070=CARTESIAN_POINT('',(0.0626044929485019,-0.0112802976676552,0.00508445216228123));
#9071=CARTESIAN_POINT('',(0.0626241292478636,-0.0109157127562628,0.00555786115286269));
#9072=CARTESIAN_POINT('',(0.0625997645029655,-0.0106397784566747,0.00584442631186795));
#9073=CARTESIAN_POINT('',(0.0625997645028164,-0.0106397784549869,-0.00278844802631946));
#9074=CARTESIAN_POINT('',(0.0625997645028164,-0.0106397784549869,0.00584442631362093));
#9075=CARTESIAN_POINT('',(0.0591873524354009,-0.0176698226219211,-0.00278844802631946));
#9076=CARTESIAN_POINT('',(0.06206710771083,-0.0104053139213598,-0.00278844802631946));
#9077=CARTESIAN_POINT('',(0.0620671077072798,-0.0104053139240778,0.00584442631362108));
#9078=CARTESIAN_POINT('',(0.0618474810678226,-0.0105734552688081,0.0055582859857579));
#9079=CARTESIAN_POINT('',(0.0615957547054324,-0.0108296681640849,0.00509400819329414));
#9080=CARTESIAN_POINT('',(0.0613608001283001,-0.0111351879938267,0.00439591094793411));
#9081=CARTESIAN_POINT('',(0.0612570062625721,-0.011418182180635,0.00367121108311046));
#9082=CARTESIAN_POINT('',(0.061150851917924,-0.0116525280446609,0.00271979999047611));
#9083=CARTESIAN_POINT('',(0.0609536836238878,-0.011702061411012,0.00154605004922542));
#9084=CARTESIAN_POINT('',(0.0611469773811137,-0.0116551967732006,0.000354808457950807));
#9085=CARTESIAN_POINT('',(0.0612550166073374,-0.0114256907935285,-0.000593483691030954));
#9086=CARTESIAN_POINT('',(0.0613588189328996,-0.0111381985965234,-0.00133283880785987));
#9087=CARTESIAN_POINT('',(0.0615916021435325,-0.0108343574911755,-0.00202858750498681));
#9088=CARTESIAN_POINT('',(0.0618472006860531,-0.0105736699222753,-0.0025019423994875));
#9089=CARTESIAN_POINT('',(0.0620671077094826,-0.0104053139223914,-0.00278844802456419));
#9090=CARTESIAN_POINT('',(0.06206710771083,-0.0104053139213598,0.00584442631362093));
#9091=CARTESIAN_POINT('',(0.0591873524354009,-0.0176698226219211,0.00584442631362093));
#9092=CARTESIAN_POINT('',(0.0591873524354009,-0.0176698226219211,0.00152798914365075));
#9093=CARTESIAN_POINT('',(0.0641034483765653,-0.0134458363636681,0.00325305659295421));
#9094=CARTESIAN_POINT('',(0.0641827216897796,-0.0133446161092505,0.00373102068983971));
#9095=CARTESIAN_POINT('',(0.0644749947737963,-0.0131242334341387,0.00467495900005428));
#9096=CARTESIAN_POINT('',(0.0647085972377679,-0.0125670496106069,0.00548444418697386));
#9097=CARTESIAN_POINT('',(0.0647983879240781,-0.0122308560078678,0.00584442631185304));
#9098=CARTESIAN_POINT('',(0.0641034483765654,-0.0134458363636681,0.0032530565929542));
#9099=CARTESIAN_POINT('',(0.064798387924519,-0.0122308560062168,0.00584442631362093));
#9100=CARTESIAN_POINT('',(0.0641034483765654,-0.0134458363636681,0.00325305659295417));
#9101=CARTESIAN_POINT('',(0.063796682591553,-0.0132136303223453,0.00294470136685312));
#9102=CARTESIAN_POINT('',(0.0634876953216007,-0.0130434964984828,0.0025435091629658));
#9103=CARTESIAN_POINT('',(0.063431173817718,-0.0130434964984828,0.00204994309306151));
#9104=CARTESIAN_POINT('',(0.0634311738177186,-0.0130434964984828,0.00204994309306153));
#9105=CARTESIAN_POINT('',(0.0634311738177186,-0.0130434964984828,0.00204994309306153));
#9106=CARTESIAN_POINT('',(0.0633928324060257,-0.0130434964984828,0.00171513211699316));
#9107=CARTESIAN_POINT('',(0.063391544694186,-0.0130434964984828,0.00138181157314006));
#9108=CARTESIAN_POINT('',(0.063426356802735,-0.0130434964984828,0.00104994309306159));
#9109=CARTESIAN_POINT('',(0.063426356802735,-0.0130434964984828,0.00104994309306159));
#9110=CARTESIAN_POINT('',(0.0634263568027329,-0.0130434964984828,0.00104994309306151));
#9111=CARTESIAN_POINT('',(0.0634786335301508,-0.0130434964984828,0.000551582068843237));
#9112=CARTESIAN_POINT('',(0.063789344318731,-0.0132166890409222,0.000147295915813356));
#9113=CARTESIAN_POINT('',(0.0640978527908428,-0.0134530806459584,-0.000162730571218853));
#9114=CARTESIAN_POINT('',(0.0591873524354009,-0.0176698226219211,-0.00278844802631946));
#9115=CARTESIAN_POINT('',(0.0643780624435288,-0.0118283667487321,-0.00278844802631946));
#9116=CARTESIAN_POINT('',(0.0643780624392625,-0.0118283667500721,0.00584442631362108));
#9117=CARTESIAN_POINT('',(0.0641141711563514,-0.0119112498150527,0.00555828511300491));
#9118=CARTESIAN_POINT('',(0.0637899918926624,-0.012065913079027,0.00509400596694894));
#9119=CARTESIAN_POINT('',(0.0634647129787598,-0.0122726496757555,0.00439590562347135));
#9120=CARTESIAN_POINT('',(0.0632703796627798,-0.0125030706022406,0.00367120272060566));
#9121=CARTESIAN_POINT('',(0.0630904808442952,-0.0126869807384196,0.00271978794098945));
#9122=CARTESIAN_POINT('',(0.062888334608183,-0.0126661420913011,0.00154602696443368));
#9123=CARTESIAN_POINT('',(0.0630859358284794,-0.0126881616945641,0.000354788381476227));
#9124=CARTESIAN_POINT('',(0.0632659452830591,-0.0125094386723501,-0.000593497640910806));
#9125=CARTESIAN_POINT('',(0.063461827289442,-0.0122747970374181,-0.00133284747682627));
#9126=CARTESIAN_POINT('',(0.0637844902207252,-0.0120688969853384,-0.00202859201548314));
#9127=CARTESIAN_POINT('',(0.064113836883619,-0.0119113548029862,-0.00250194436472499));
#9128=CARTESIAN_POINT('',(0.0643780624419095,-0.0118283667492407,-0.0027884480245639));
#9129=CARTESIAN_POINT('',(0.0643780624435288,-0.0118283667487321,0.00584442631362093));
#9130=CARTESIAN_POINT('',(0.0591873524354009,-0.0176698226219211,0.00584442631362093));
#9131=CARTESIAN_POINT('',(0.0591873524354009,-0.0176698226219211,0.00152798914365075));
#9132=CARTESIAN_POINT('',(0.0654920591235941,-0.0152710182851939,0.00404994309306152));
#9133=CARTESIAN_POINT('',(0.0657384780253064,-0.0151635857405746,0.0047180411128793));
#9134=CARTESIAN_POINT('',(0.0660337582904557,-0.0148878126863809,0.00532712742020426));
#9135=CARTESIAN_POINT('',(0.0663202411072275,-0.0144779616789432,0.00584442631185304));
#9136=CARTESIAN_POINT('',(0.0654920591235942,-0.0152710182851939,0.00404994309306151));
#9137=CARTESIAN_POINT('',(0.0663202411082066,-0.0144779616775425,0.00584442631362093));
#9138=CARTESIAN_POINT('',(0.0591873524354009,-0.0176698226219211,0.0040499430930615));
#9139=CARTESIAN_POINT('',(0.0654007250914868,-0.0150434964984828,0.0040499430930615));
#9140=CARTESIAN_POINT('',(0.0654007250914868,-0.0150434964984828,0.0040499430930615));
#9141=CARTESIAN_POINT('',(0.065262297543657,-0.0147160040622393,0.0040499430930615));
#9142=CARTESIAN_POINT('',(0.0650739023029234,-0.0144245183361236,0.00397290564185631));
#9143=CARTESIAN_POINT('',(0.0648626887518471,-0.0141687096465849,0.00384848360240419));
#9144=CARTESIAN_POINT('',(0.0648626887518471,-0.0141687096465849,0.00384848360240419));
#9145=CARTESIAN_POINT('',(0.0660629322460283,-0.0139559998858937,0.00584442631362108));
#9146=CARTESIAN_POINT('',(0.0655100680725458,-0.0139312442519778,0.00527192136095884));
#9147=CARTESIAN_POINT('',(0.0650967040386212,-0.0140356170701245,0.00458497099997929));
#9148=CARTESIAN_POINT('',(0.0648626887518471,-0.014168709646585,0.0038484836024042));
#9149=CARTESIAN_POINT('',(0.0660629322504963,-0.0139559998860937,0.00584442631362093));
#9150=CARTESIAN_POINT('',(0.0591873524354009,-0.0176698226219211,0.00584442631362093));
#9151=CARTESIAN_POINT('',(0.0591873524354009,-0.0176698226219211,0.00152798914365075));
#9152=CARTESIAN_POINT('',(0.065932278492091,-0.01757204143849,0.00404994309306152));
#9153=CARTESIAN_POINT('',(0.0662005804514813,-0.0175553669770611,0.00471804066062114));
#9154=CARTESIAN_POINT('',(0.0665723742027418,-0.0173972159523848,0.00532712801151737));
#9155=CARTESIAN_POINT('',(0.0669817572689706,-0.0171100634108274,0.00584442631185304));
#9156=CARTESIAN_POINT('',(0.065932278492091,-0.01757204143849,0.0040499430930615));
#9157=CARTESIAN_POINT('',(0.0669817572703698,-0.017110063409846,0.00584442631362093));
#9158=CARTESIAN_POINT('',(0.0591873524354009,-0.0176698226219211,0.0040499430930615));
#9159=CARTESIAN_POINT('',(0.0657941929514954,-0.0163084824495385,0.0040499430930615));
#9160=CARTESIAN_POINT('',(0.0669184900477712,-0.0165315835145603,0.00584442631362093));
#9161=CARTESIAN_POINT('',(0.0664542932455905,-0.0163386991950627,0.00532441355919636));
#9162=CARTESIAN_POINT('',(0.066057559351951,-0.0162694137277336,0.00471136387997325));
#9163=CARTESIAN_POINT('',(0.0657941929514953,-0.0163084824495385,0.00404994309306153));
#9164=CARTESIAN_POINT('',(0.0669184900519015,-0.0165315835162765,0.00584442631362093));
#9165=CARTESIAN_POINT('',(0.0591873524354009,-0.0176698226219211,0.00584442631362093));
#9166=CARTESIAN_POINT('',(0.0591873524354009,-0.0176698226219211,0.0132855891436507));
#9167=CARTESIAN_POINT('',(0.0554747325391505,-0.0150434964984828,0.0040499430930615));
#9168=CARTESIAN_POINT('',(0.0556991660185311,-0.0147262334619174,0.0040499430930615));
#9169=CARTESIAN_POINT('',(0.0562185501657346,-0.014166451817413,0.00390332604746242));
#9170=CARTESIAN_POINT('',(0.0571138539061462,-0.013577995658109,0.00346674251507347));
#9171=CARTESIAN_POINT('',(0.0579178273558406,-0.0132800185797176,0.0030253750819503));
#9172=CARTESIAN_POINT('',(0.0585961641879323,-0.0131497703450476,0.00270501251237771));
#9173=CARTESIAN_POINT('',(0.0591722592381818,-0.013109287209897,0.00255843835134686));
#9174=CARTESIAN_POINT('',(0.0597531761651156,-0.0131462414334903,0.00269396983209001));
#9175=CARTESIAN_POINT('',(0.0604413124897889,-0.01327491852655,0.00301691441363362));
#9176=CARTESIAN_POINT('',(0.061253018707661,-0.013573854295657,0.00346256376981967));
#9177=CARTESIAN_POINT('',(0.0621492584330899,-0.0141602385641606,0.00390067637848821));
#9178=CARTESIAN_POINT('',(0.0626739915071695,-0.0147240461081999,0.00404994309306151));
#9179=CARTESIAN_POINT('',(0.0628999723316514,-0.0150434964984828,0.00404994309306151));
#9180=CARTESIAN_POINT('',(0.0628999723316514,-0.0150434964984828,0.0040499430930615));
#9181=CARTESIAN_POINT('',(0.0591873524354009,-0.0176698226219211,0.0040499430930615));
#9182=CARTESIAN_POINT('',(0.0622368540299724,-0.0210434964984828,0.0040499430930615));
#9183=CARTESIAN_POINT('',(0.0622368540299724,-0.0210434964984828,0.0040499430930615));
#9184=CARTESIAN_POINT('',(0.0618156496946495,-0.0214242278137209,0.0040499430930615));
#9185=CARTESIAN_POINT('',(0.0608602372885618,-0.0220072801513668,0.00384150701406127));
#9186=CARTESIAN_POINT('',(0.0591872199458349,-0.0223233975478532,0.00358258503066288));
#9187=CARTESIAN_POINT('',(0.0575064302262162,-0.0220039738586133,0.00384295233140958));
#9188=CARTESIAN_POINT('',(0.0565598653329532,-0.0214249601235251,0.00404994309306185));
#9189=CARTESIAN_POINT('',(0.0561378508408295,-0.0210434964984829,0.00404994309306187));
#9190=CARTESIAN_POINT('',(0.0591873524354009,-0.0176698226219211,0.0132500891436507));
#9191=CARTESIAN_POINT('',(0.0546494822010113,-0.0173717133524748,0.0132500891436507));
#9192=CARTESIAN_POINT('',(0.0669817572689706,-0.0171100634108274,0.0132500891436507));
#9193=CARTESIAN_POINT('',(0.0669817572689706,-0.0171100634108274,0.0040499430930615));
#9194=CARTESIAN_POINT('',(0.0668643012633659,-0.0171924502834484,0.0132500891436507));
#9195=CARTESIAN_POINT('',(0.0668643012633659,-0.0171924502834484,0.00404994309306151));
#9196=CARTESIAN_POINT('',(0.06661954260544,-0.0173445372725632,0.0132500891436507));
#9197=CARTESIAN_POINT('',(0.06661954260544,-0.0173445372725632,0.0040499430930615));
#9198=CARTESIAN_POINT('',(0.066290990417177,-0.0174863474097606,0.0132500891436508));
#9199=CARTESIAN_POINT('',(0.066290990417177,-0.0174863474097606,0.00404994309306151));
#9200=CARTESIAN_POINT('',(0.0660148397768934,-0.0175747114739636,0.0132500891436507));
#9201=CARTESIAN_POINT('',(0.0660148397768934,-0.0175747114739636,0.00404994309306151));
#9202=CARTESIAN_POINT('',(0.0657983711953651,-0.0175729841134203,0.0132500891436507));
#9203=CARTESIAN_POINT('',(0.0657983711953651,-0.0175729841134203,0.00404994309306151));
#9204=CARTESIAN_POINT('',(0.0655854759789362,-0.0175996802512837,0.0132500891436507));
#9205=CARTESIAN_POINT('',(0.0655854759789362,-0.0175996802512837,0.00404994309306151));
#9206=CARTESIAN_POINT('',(0.0654557591910173,-0.0176845016725676,0.0132500891436507));
#9207=CARTESIAN_POINT('',(0.0654557591910173,-0.0176845016725676,0.0040499430930615));
#9208=CARTESIAN_POINT('',(0.0654384872357504,-0.0177552986202774,0.0132500891436507));
#9209=CARTESIAN_POINT('',(0.0654384872357504,-0.0177552986202774,0.00404994309306151));
#9210=CARTESIAN_POINT('',(0.0654384872357503,-0.0177552986202774,0.0132500891425687));
#9211=CARTESIAN_POINT('',(0.0654397749407761,-0.0177457520864253,0.0132500891425687));
#9212=CARTESIAN_POINT('',(0.0654384872357503,-0.0177552986202774,0.0040499430930615));
#9213=CARTESIAN_POINT('',(0.0671233038314997,-0.0170065224360359,0.0040499430930615));
#9214=CARTESIAN_POINT('',(0.067076697607365,-0.0170418031985614,0.0040499430930615));
#9215=CARTESIAN_POINT('',(0.0669119862845836,-0.0171631688176508,0.0040499430930615));
#9216=CARTESIAN_POINT('',(0.0666124128134343,-0.0173483011725651,0.0040499430930615));
#9217=CARTESIAN_POINT('',(0.0662770154066298,-0.0174930664445227,0.0040499430930615));
#9218=CARTESIAN_POINT('',(0.0659946287429387,-0.0175780679099817,0.0040499430930615));
#9219=CARTESIAN_POINT('',(0.065773179300733,-0.0175715905621837,0.0040499430930615));
#9220=CARTESIAN_POINT('',(0.0655949463705011,-0.0176049489985978,0.0040499430930615));
#9221=CARTESIAN_POINT('',(0.0654576717089574,-0.0176776188842986,0.0040499430930615));
#9222=CARTESIAN_POINT('',(0.0654334297817066,-0.0177662235010833,0.0040499430930615));
#9223=CARTESIAN_POINT('',(0.0654288107618684,-0.0178182737314818,0.0040499430930615));
#9224=CARTESIAN_POINT('',(0.065427479491856,-0.0178332753797309,0.0040499430930615));
#9225=CARTESIAN_POINT('',(0.0654235503621471,-0.017877551462921,0.0040499430930615));
#9226=CARTESIAN_POINT('',(0.0654196212324383,-0.0179218275461112,0.0040499430930615));
#9227=CARTESIAN_POINT('',(0.0654156921027294,-0.0179661036293014,0.0040499430930615));
#9228=CARTESIAN_POINT('',(0.0669817572703698,-0.017110063409846,0.00423308914365074));
#9229=CARTESIAN_POINT('',(0.0669817572703698,-0.017110063409846,0.0132500891436507));
#9230=CARTESIAN_POINT('',(0.0669817572666556,-0.0171100634124513,0.0132500891436507));
#9231=CARTESIAN_POINT('',(0.0668654620383105,-0.0171916360836387,0.0132500891436507));
#9232=CARTESIAN_POINT('',(0.066624929252047,-0.017341843526015,0.0132500891436507));
#9233=CARTESIAN_POINT('',(0.0662984639505438,-0.0174822852364931,0.0132500891436507));
#9234=CARTESIAN_POINT('',(0.066030503456766,-0.0175719466384092,0.0132500891436507));
#9235=CARTESIAN_POINT('',(0.0658097753531566,-0.0175734086454874,0.0132500891436507));
#9236=CARTESIAN_POINT('',(0.0655990058401412,-0.0175968465439628,0.0132500891436507));
#9237=CARTESIAN_POINT('',(0.06546086938022,-0.0176756431148246,0.0132500891436507));
#9238=CARTESIAN_POINT('',(0.0654409144871231,-0.0177460749450158,0.0132500891436507));
#9239=CARTESIAN_POINT('',(0.0652744701814001,-0.0162446945627753,0.0132500891436508));
#9240=CARTESIAN_POINT('',(0.0652744701814001,-0.0162446945627753,0.00404994309306154));
#9241=CARTESIAN_POINT('',(0.0653034316349135,-0.0163106831965292,0.013250089143651));
#9242=CARTESIAN_POINT('',(0.0653034316349135,-0.0163106831965292,0.00404994309306179));
#9243=CARTESIAN_POINT('',(0.0654612390847003,-0.0163535837771542,0.0132500891436507));
#9244=CARTESIAN_POINT('',(0.0654612390847003,-0.0163535837771542,0.00404994309306151));
#9245=CARTESIAN_POINT('',(0.0656689408274255,-0.0163328185156485,0.0132500891436507));
#9246=CARTESIAN_POINT('',(0.0656689408274255,-0.0163328185156485,0.00404994309306151));
#9247=CARTESIAN_POINT('',(0.0658804314130657,-0.0162884727939196,0.0132500891436507));
#9248=CARTESIAN_POINT('',(0.0658804314130657,-0.0162884727939196,0.00404994309306151));
#9249=CARTESIAN_POINT('',(0.0661666781581526,-0.0163129466307852,0.0132500891436507));
#9250=CARTESIAN_POINT('',(0.0661666781581526,-0.0163129466307852,0.00404994309306151));
#9251=CARTESIAN_POINT('',(0.0665165417171361,-0.0163822161204495,0.0132500891436507));
#9252=CARTESIAN_POINT('',(0.0665165417171361,-0.0163822161204495,0.0040499430930615));
#9253=CARTESIAN_POINT('',(0.0667867325536361,-0.0164768352815669,0.0132500891436507));
#9254=CARTESIAN_POINT('',(0.0667867325536361,-0.0164768352815669,0.00404994309306151));
#9255=CARTESIAN_POINT('',(0.0669184900477711,-0.0165315835145602,0.0132500891436507));
#9256=CARTESIAN_POINT('',(0.0669184900477711,-0.0165315835145602,0.00404994309306151));
#9257=CARTESIAN_POINT('',(0.0652120182850155,-0.0160800296887623,0.00404994309306179));
#9258=CARTESIAN_POINT('',(0.065231208180543,-0.0161308250705226,0.00404994309306164));
#9259=CARTESIAN_POINT('',(0.0652503980760706,-0.0161816204522828,0.00404994309306164));
#9260=CARTESIAN_POINT('',(0.0652695879715981,-0.016232415834043,0.0040499430930615));
#9261=CARTESIAN_POINT('',(0.0652711546749349,-0.0162365628755933,0.0040499430930615));
#9262=CARTESIAN_POINT('',(0.0652986671268522,-0.0163093879462818,0.00404994309306179));
#9263=CARTESIAN_POINT('',(0.0654612390853299,-0.0163535837772452,0.0040499430930615));
#9264=CARTESIAN_POINT('',(0.0656689408284604,-0.0163328185154181,0.0040499430930615));
#9265=CARTESIAN_POINT('',(0.0658804314147284,-0.0162884727937511,0.0040499430930615));
#9266=CARTESIAN_POINT('',(0.066166678160554,-0.0163129466312423,0.0040499430930615));
#9267=CARTESIAN_POINT('',(0.0665165417203762,-0.0163822161212389,0.0040499430930615));
#9268=CARTESIAN_POINT('',(0.0668407707249122,-0.0164957591153326,0.0040499430930615));
#9269=CARTESIAN_POINT('',(0.0670233619795678,-0.0165765722872981,0.0040499430930615));
#9270=CARTESIAN_POINT('',(0.0670752300241678,-0.0166003322958714,0.0040499430930615));
#9271=CARTESIAN_POINT('',(0.0652744701814001,-0.0162446945627754,0.00404994309306154));
#9272=CARTESIAN_POINT('',(0.0652744701814079,-0.016244694562793,0.0132500891436507));
#9273=CARTESIAN_POINT('',(0.0652744701814026,-0.0162446945627811,0.0132500891436507));
#9274=CARTESIAN_POINT('',(0.0652744701838615,-0.0162446945683836,0.0132500891436507));
#9275=CARTESIAN_POINT('',(0.065303308773722,-0.0163104032396094,0.0132500891436507));
#9276=CARTESIAN_POINT('',(0.0654583029034986,-0.0163529732911125,0.0132500891436507));
#9277=CARTESIAN_POINT('',(0.0656642357055722,-0.0163338555416769,0.0132500891436507));
#9278=CARTESIAN_POINT('',(0.0658775885498861,-0.0162887291939499,0.0132500891436507));
#9279=CARTESIAN_POINT('',(0.0661606642370707,-0.01631191208453,0.0132500891436507));
#9280=CARTESIAN_POINT('',(0.066515617599224,-0.0163818216190255,0.0132500891436507));
#9281=CARTESIAN_POINT('',(0.0667855541273261,-0.0164763456186554,0.0132500891436507));
#9282=CARTESIAN_POINT('',(0.0669184900477711,-0.0165315835145603,0.0132500891436507));
#9283=CARTESIAN_POINT('',(0.0669184900519015,-0.0165315835162765,0.0132500891436507));
#9284=CARTESIAN_POINT('',(0.0669184900519015,-0.0165315835162765,0.00423308914365074));
#9285=CARTESIAN_POINT('',(0.064419907956539,-0.0142486597809969,0.0132500891436508));
#9286=CARTESIAN_POINT('',(0.064419907956539,-0.0142486597809969,0.00379207396915673));
#9287=CARTESIAN_POINT('',(0.064469676082171,-0.0143007891238599,0.0132500891436509));
#9288=CARTESIAN_POINT('',(0.064469676082171,-0.0143007891238599,0.00379207396915685));
#9289=CARTESIAN_POINT('',(0.0646326446337206,-0.0142871642025655,0.0132500891436507));
#9290=CARTESIAN_POINT('',(0.0646326446337206,-0.0142871642025655,0.00379207396915671));
#9291=CARTESIAN_POINT('',(0.0648207331208784,-0.0141966199372557,0.0132500891436507));
#9292=CARTESIAN_POINT('',(0.0648207331208784,-0.0141966199372557,0.00379207396915671));
#9293=CARTESIAN_POINT('',(0.065004299992712,-0.0140826004680134,0.0132500891436507));
#9294=CARTESIAN_POINT('',(0.065004299992712,-0.0140826004680134,0.00379207396915671));
#9295=CARTESIAN_POINT('',(0.0652816616413252,-0.0140076898013462,0.0132500891436507));
#9296=CARTESIAN_POINT('',(0.0652816616413252,-0.0140076898013462,0.00379207396915671));
#9297=CARTESIAN_POINT('',(0.0656341259840926,-0.0139531162849638,0.0132500891436507));
#9298=CARTESIAN_POINT('',(0.0656341259840926,-0.0139531162849638,0.00379207396915672));
#9299=CARTESIAN_POINT('',(0.0659203918444388,-0.0139496173451839,0.0132500891436507));
#9300=CARTESIAN_POINT('',(0.0659203918444388,-0.0139496173451839,0.00379207396915671));
#9301=CARTESIAN_POINT('',(0.0660629322460283,-0.0139559998858936,0.0132500891436507));
#9302=CARTESIAN_POINT('',(0.0660629322460283,-0.0139559998858936,0.00379207396915671));
#9303=CARTESIAN_POINT('',(0.0648626887518471,-0.0141687096465849,0.00384848360240419));
#9304=CARTESIAN_POINT('',(0.0647946140802829,-0.0142074260635979,0.00386731476710668));
#9305=CARTESIAN_POINT('',(0.0646631899462209,-0.0142802718486696,0.00389868222456431));
#9306=CARTESIAN_POINT('',(0.064474079318253,-0.0143054012798877,0.00390979226258947));
#9307=CARTESIAN_POINT('',(0.0644199079482076,-0.0142486597722701,0.00388521816199907));
#9308=CARTESIAN_POINT('',(0.0644199079482419,-0.0142486597723061,0.00388521816199902));
#9309=CARTESIAN_POINT('',(0.0644199079482419,-0.0142486597723061,0.0132500891436507));
#9310=CARTESIAN_POINT('',(0.0644233954062371,-0.0142520316447157,0.0132500891436507));
#9311=CARTESIAN_POINT('',(0.0644233276256105,-0.0142521017375136,0.0132500891436507));
#9312=CARTESIAN_POINT('',(0.0644751844154422,-0.0143022479583037,0.0132500891436507));
#9313=CARTESIAN_POINT('',(0.0646354087550997,-0.0142852736374754,0.0132500891436507));
#9314=CARTESIAN_POINT('',(0.0648215248679697,-0.014196190384351,0.0132500891436507));
#9315=CARTESIAN_POINT('',(0.0650067633638671,-0.0140815844434146,0.0132500891436507));
#9316=CARTESIAN_POINT('',(0.0652795514351881,-0.0140084296179162,0.0132500891436507));
#9317=CARTESIAN_POINT('',(0.065635067517195,-0.0139528642905212,0.0132500891436507));
#9318=CARTESIAN_POINT('',(0.0659198497100091,-0.0139495930699957,0.0132500891436507));
#9319=CARTESIAN_POINT('',(0.0660629322460282,-0.0139559998858936,0.0132500891436507));
#9320=CARTESIAN_POINT('',(0.0660629322504962,-0.0139559998860938,0.0132500891436507));
#9321=CARTESIAN_POINT('',(0.0660629322504965,-0.0139559998860937,0.00423308914365074));
#9322=CARTESIAN_POINT('',(0.0663202411072275,-0.0144779616789432,0.0132500891436507));
#9323=CARTESIAN_POINT('',(0.0663202411072275,-0.0144779616789432,0.0040499430930615));
#9324=CARTESIAN_POINT('',(0.066238045505934,-0.0145955531993586,0.0132500891436507));
#9325=CARTESIAN_POINT('',(0.066238045505934,-0.0145955531993586,0.0040499430930615));
#9326=CARTESIAN_POINT('',(0.0660600620982455,-0.0148221820871494,0.0132500891436507));
#9327=CARTESIAN_POINT('',(0.0660600620982455,-0.0148221820871493,0.00404994309306151));
#9328=CARTESIAN_POINT('',(0.0657998227199795,-0.0150678128812025,0.0132500891436507));
#9329=CARTESIAN_POINT('',(0.0657998227199795,-0.0150678128812025,0.0040499430930615));
#9330=CARTESIAN_POINT('',(0.0655705440187433,-0.0152452959950859,0.0132500891436507));
#9331=CARTESIAN_POINT('',(0.0655705440187433,-0.0152452959950859,0.0040499430930615));
#9332=CARTESIAN_POINT('',(0.0653665367300574,-0.0153177065832797,0.0132500891436508));
#9333=CARTESIAN_POINT('',(0.0653665367300574,-0.0153177065832797,0.00404994309306152));
#9334=CARTESIAN_POINT('',(0.0651756079210096,-0.0154156126103691,0.0132500891436507));
#9335=CARTESIAN_POINT('',(0.0651756079210096,-0.0154156126103691,0.00404994309306151));
#9336=CARTESIAN_POINT('',(0.0650827410229457,-0.0155396951488223,0.0132500891436508));
#9337=CARTESIAN_POINT('',(0.0650827410229457,-0.0155396951488223,0.00404994309306151));
#9338=CARTESIAN_POINT('',(0.0650907326036934,-0.0156121309474844,0.0132500891436507));
#9339=CARTESIAN_POINT('',(0.0650907326036934,-0.0156121309474844,0.0040499430930615));
#9340=CARTESIAN_POINT('',(0.0650907326036934,-0.0156121309474844,0.0132500891425687));
#9341=CARTESIAN_POINT('',(0.065088677901031,-0.0156027240651792,0.0132500891425687));
#9342=CARTESIAN_POINT('',(0.0650907326036934,-0.0156121309474844,0.0040499430930615));
#9343=CARTESIAN_POINT('',(0.0664178390762132,-0.0143322527664465,0.00404994309306151));
#9344=CARTESIAN_POINT('',(0.066386110016066,-0.0143813462607249,0.00404994309306151));
#9345=CARTESIAN_POINT('',(0.0662728405485625,-0.0145517277539377,0.00404994309306151));
#9346=CARTESIAN_POINT('',(0.0660546508635504,-0.0148281561483471,0.00404994309306151));
#9347=CARTESIAN_POINT('',(0.0657889908081705,-0.0150789039574406,0.00404994309306151));
#9348=CARTESIAN_POINT('',(0.0655527039526809,-0.0152553600426711,0.00404994309306151));
#9349=CARTESIAN_POINT('',(0.0653423917135589,-0.0153250113340023,0.00404994309306151));
#9350=CARTESIAN_POINT('',(0.0651863186474747,-0.0154173210279723,0.00404994309306151));
#9351=CARTESIAN_POINT('',(0.0650821800882233,-0.0155325660550492,0.00404994309306151));
#9352=CARTESIAN_POINT('',(0.0650897214123204,-0.0156241385317796,0.00404994309306151));
#9353=CARTESIAN_POINT('',(0.0651031877645729,-0.015674646739649,0.00404994309306151));
#9354=CARTESIAN_POINT('',(0.0651070724112872,-0.0156892168726787,0.00404994309306151));
#9355=CARTESIAN_POINT('',(0.0651185184934341,-0.0157321476593925,0.00404994309306151));
#9356=CARTESIAN_POINT('',(0.0651299645755809,-0.0157750784461063,0.00404994309306151));
#9357=CARTESIAN_POINT('',(0.0651414106577278,-0.0158180092328201,0.00404994309306151));
#9358=CARTESIAN_POINT('',(0.0663202411082066,-0.0144779616775425,0.00423308914365074));
#9359=CARTESIAN_POINT('',(0.0663202411082066,-0.0144779616775425,0.0132500891436507));
#9360=CARTESIAN_POINT('',(0.0663202411056075,-0.0144779616812608,0.0132500891436507));
#9361=CARTESIAN_POINT('',(0.0662388576308061,-0.0145943913483972,0.0132500891436507));
#9362=CARTESIAN_POINT('',(0.0660642020687643,-0.0148178091294242,0.0132500891436507));
#9363=CARTESIAN_POINT('',(0.0658054549655578,-0.0150614406872797,0.0132500891436507));
#9364=CARTESIAN_POINT('',(0.0655843161180365,-0.0152373417972113,0.0132500891436507));
#9365=CARTESIAN_POINT('',(0.0653773957008549,-0.015314206113633,0.0132500891436507));
#9366=CARTESIAN_POINT('',(0.0651873489682865,-0.0154083231271891,0.0132500891436507));
#9367=CARTESIAN_POINT('',(0.0650845098346114,-0.0155296285740123,0.0132500891436507));
#9368=CARTESIAN_POINT('',(0.0650898579877944,-0.015602637619879,0.0132500891436507));
#9369=CARTESIAN_POINT('',(0.0628870943073928,-0.0126390600785723,0.0132500891436507));
#9370=CARTESIAN_POINT('',(0.0628870943073928,-0.0126390600785723,-0.00478391085634926));
#9371=CARTESIAN_POINT('',(0.0629200749645654,-0.0126576173420208,0.0132500891436507));
#9372=CARTESIAN_POINT('',(0.0629200749645654,-0.0126576173420208,-0.00478391085634926));
#9373=CARTESIAN_POINT('',(0.0629865064581118,-0.0126945676484905,0.0132500891436507));
#9374=CARTESIAN_POINT('',(0.0629865064581118,-0.0126945676484905,-0.00478391085634926));
#9375=CARTESIAN_POINT('',(0.0631330845733355,-0.0126348798989133,0.0132500891436507));
#9376=CARTESIAN_POINT('',(0.0631330845733355,-0.0126348798989133,-0.00478391085634926));
#9377=CARTESIAN_POINT('',(0.0632704649901022,-0.0125091022065763,0.0132500891436508));
#9378=CARTESIAN_POINT('',(0.0632704649901022,-0.0125091022065763,-0.00478391085634925));
#9379=CARTESIAN_POINT('',(0.0634029720239376,-0.0123330922495638,0.0132500891436507));
#9380=CARTESIAN_POINT('',(0.0634029720239376,-0.0123330922495638,-0.00478391085634926));
#9381=CARTESIAN_POINT('',(0.0636393144090057,-0.0121544713814309,0.0132500891436507));
#9382=CARTESIAN_POINT('',(0.0636393144090057,-0.0121544713814309,-0.00478391085634926));
#9383=CARTESIAN_POINT('',(0.0639625010936272,-0.011977995984908,0.0132500891436508));
#9384=CARTESIAN_POINT('',(0.0639625010936272,-0.011977995984908,-0.00478391085634925));
#9385=CARTESIAN_POINT('',(0.0642377620945976,-0.0118724323303244,0.0132500891436507));
#9386=CARTESIAN_POINT('',(0.0642377620945976,-0.0118724323303244,-0.00478391085634926));
#9387=CARTESIAN_POINT('',(0.0643780624419095,-0.0118283667492407,0.0132500891436507));
#9388=CARTESIAN_POINT('',(0.0643780624419095,-0.0118283667492407,-0.00478391085634926));
#9389=CARTESIAN_POINT('',(0.0643780624435291,-0.011828366748732,0.00423308914365074));
#9390=CARTESIAN_POINT('',(0.0643780624435288,-0.0118283667487321,-0.00478391085634926));
#9391=CARTESIAN_POINT('',(0.0643780624392625,-0.0118283667500721,-0.00478391085634926));
#9392=CARTESIAN_POINT('',(0.0642424245569492,-0.0118709679428421,-0.00478391085634926));
#9393=CARTESIAN_POINT('',(0.0639766732309148,-0.0119709279311744,-0.00478391085634926));
#9394=CARTESIAN_POINT('',(0.0636653221434987,-0.0121429527986769,-0.00478391085634926));
#9395=CARTESIAN_POINT('',(0.0634339635973109,-0.0123023756422334,-0.00478391085634926));
#9396=CARTESIAN_POINT('',(0.0632962262812788,-0.0124751190778511,-0.00478391085634926));
#9397=CARTESIAN_POINT('',(0.0631497965273182,-0.0126269428366251,-0.00478391085634926));
#9398=CARTESIAN_POINT('',(0.0630001209033455,-0.0126979742635683,-0.00478391085634926));
#9399=CARTESIAN_POINT('',(0.0629341551729647,-0.0126652785169954,-0.00478391085634926));
#9400=CARTESIAN_POINT('',(0.0629341551674731,-0.0126652785142736,-0.00478391085634926));
#9401=CARTESIAN_POINT('',(0.0629341551674756,-0.0126652785142748,0.0132500891436507));
#9402=CARTESIAN_POINT('',(0.0629341551674731,-0.0126652785142736,0.0132500891436507));
#9403=CARTESIAN_POINT('',(0.0629341551729647,-0.0126652785169954,0.0132500891436507));
#9404=CARTESIAN_POINT('',(0.062998452576444,-0.0126971473575711,0.0132500891436507));
#9405=CARTESIAN_POINT('',(0.0631446149419304,-0.0126302185388133,0.0132500891436507));
#9406=CARTESIAN_POINT('',(0.063290111466631,-0.012483207240542,0.0132500891436507));
#9407=CARTESIAN_POINT('',(0.0634245165729857,-0.0123114756554816,0.0132500891436507));
#9408=CARTESIAN_POINT('',(0.0636562968220683,-0.0121472364564095,0.0132500891436507));
#9409=CARTESIAN_POINT('',(0.063973158901431,-0.0119726162482322,0.0132500891436507));
#9410=CARTESIAN_POINT('',(0.0642407115830569,-0.0118715059540918,0.0132500891436507));
#9411=CARTESIAN_POINT('',(0.0643780624392624,-0.0118283667500721,0.0132500891436507));
#9412=CARTESIAN_POINT('',(0.0643780624435288,-0.0118283667487321,0.0132500891436507));
#9413=CARTESIAN_POINT('',(0.0643780624435291,-0.011828366748732,0.00423308914365074));
#9414=CARTESIAN_POINT('',(0.0647983879240781,-0.0122308560078678,0.0132500891436507));
#9415=CARTESIAN_POINT('',(0.0647983879240781,-0.0122308560078678,0.00319307439764985));
#9416=CARTESIAN_POINT('',(0.0647613664405853,-0.0123694715639534,0.0132500891436507));
#9417=CARTESIAN_POINT('',(0.0647613664405853,-0.0123694715639534,0.00319307439764985));
#9418=CARTESIAN_POINT('',(0.0646716244014457,-0.0126433128420666,0.0132500891436507));
#9419=CARTESIAN_POINT('',(0.0646716244014457,-0.0126433128420666,0.00319307439764985));
#9420=CARTESIAN_POINT('',(0.0645110837938725,-0.0129631439576791,0.0132500891436507));
#9421=CARTESIAN_POINT('',(0.0645110837938725,-0.0129631439576791,0.00319307439764984));
#9422=CARTESIAN_POINT('',(0.064356324487385,-0.0132083433004644,0.0132500891436507));
#9423=CARTESIAN_POINT('',(0.064356324487385,-0.0132083433004644,0.00319307439764985));
#9424=CARTESIAN_POINT('',(0.0641893778980311,-0.0133461577400894,0.0132500891436508));
#9425=CARTESIAN_POINT('',(0.0641893778980311,-0.0133461577400894,0.00319307439764985));
#9426=CARTESIAN_POINT('',(0.0640434457361064,-0.0135034759485003,0.0132500891436507));
#9427=CARTESIAN_POINT('',(0.0640434457361064,-0.0135034759485003,0.00319307439764985));
#9428=CARTESIAN_POINT('',(0.0639986637956142,-0.0136518488053482,0.0132500891436507));
#9429=CARTESIAN_POINT('',(0.0639986637956142,-0.0136518488053482,0.00319307439764985));
#9430=CARTESIAN_POINT('',(0.0640309668233578,-0.0137171789370434,0.0132500891436507));
#9431=CARTESIAN_POINT('',(0.0640309668233578,-0.0137171789370434,0.00319307439764985));
#9432=CARTESIAN_POINT('',(0.0640309668234198,-0.0137171789371688,0.0132500891425687));
#9433=CARTESIAN_POINT('',(0.0640258229664983,-0.0137090514126483,0.0132500891425687));
#9434=CARTESIAN_POINT('',(0.0640309668234198,-0.0137171789371688,0.00354690058295555));
#9435=CARTESIAN_POINT('',(0.0640309668234197,-0.0137171789371687,0.00354690058295554));
#9436=CARTESIAN_POINT('',(0.0639821593290844,-0.0136184699227088,0.00345944352407309));
#9437=CARTESIAN_POINT('',(0.0640437598089969,-0.0135220498048647,0.00335426331762895));
#9438=CARTESIAN_POINT('',(0.0641034483765651,-0.0134458363636685,0.00325305659295403));
#9439=CARTESIAN_POINT('',(0.064798387924519,-0.0122308560062168,0.00423308914365074));
#9440=CARTESIAN_POINT('',(0.064798387924519,-0.0122308560062168,0.0132500891436507));
#9441=CARTESIAN_POINT('',(0.0647983879233484,-0.0122308560105997,0.0132500891436507));
#9442=CARTESIAN_POINT('',(0.0647617320330637,-0.0123681027143064,0.0132500891436507));
#9443=CARTESIAN_POINT('',(0.0646740185030191,-0.0126377895182221,0.0132500891436507));
#9444=CARTESIAN_POINT('',(0.0645141951203175,-0.0129552330921351,0.0132500891436507));
#9445=CARTESIAN_POINT('',(0.0643665436579491,-0.0131961620590982,0.0132500891436507));
#9446=CARTESIAN_POINT('',(0.0641983798603319,-0.0133391587837592,0.0132500891436507));
#9447=CARTESIAN_POINT('',(0.064051978105378,-0.0134926150892146,0.0132500891436507));
#9448=CARTESIAN_POINT('',(0.0639968798150191,-0.0136417994020364,0.0132500891436507));
#9449=CARTESIAN_POINT('',(0.0640268996312194,-0.0137085673287064,0.0132500891436507));
#9450=CARTESIAN_POINT('',(0.060943270216846,-0.0116769912863327,0.0132500891436508));
#9451=CARTESIAN_POINT('',(0.060943270216846,-0.0116769912863327,-0.00478391085634919));
#9452=CARTESIAN_POINT('',(0.0609806116110209,-0.01168318167936,0.0132500891436508));
#9453=CARTESIAN_POINT('',(0.0609806116110209,-0.01168318167936,-0.00478391085634925));
#9454=CARTESIAN_POINT('',(0.061055676288518,-0.0116952257687963,0.0132500891436509));
#9455=CARTESIAN_POINT('',(0.061055676288518,-0.0116952257687963,-0.00478391085634917));
#9456=CARTESIAN_POINT('',(0.0611730347438443,-0.0115890372532652,0.0132500891436508));
#9457=CARTESIAN_POINT('',(0.0611730347438443,-0.0115890372532652,-0.00478391085634923));
#9458=CARTESIAN_POINT('',(0.0612591395673099,-0.0114238679190212,0.0132500891436507));
#9459=CARTESIAN_POINT('',(0.0612591395673099,-0.0114238679190212,-0.00478391085634929));
#9460=CARTESIAN_POINT('',(0.0613234378917273,-0.0112131343729937,0.0132500891436508));
#9461=CARTESIAN_POINT('',(0.0613234378917273,-0.0112131343729937,-0.00478391085634927));
#9462=CARTESIAN_POINT('',(0.0614844363930212,-0.0109644428839867,0.0132500891436507));
#9463=CARTESIAN_POINT('',(0.0614844363930212,-0.0109644428839867,-0.00478391085634928));
#9464=CARTESIAN_POINT('',(0.0617277755138438,-0.0106880601494942,0.0132500891436508));
#9465=CARTESIAN_POINT('',(0.0617277755138438,-0.0106880601494942,-0.00478391085634928));
#9466=CARTESIAN_POINT('',(0.0619503370033442,-0.0104947110170475,0.0132500891436508));
#9467=CARTESIAN_POINT('',(0.0619503370033442,-0.0104947110170475,-0.00478391085634928));
#9468=CARTESIAN_POINT('',(0.0620671077094826,-0.0104053139223914,0.0132500891436508));
#9469=CARTESIAN_POINT('',(0.0620671077094826,-0.0104053139223914,-0.00478391085634927));
#9470=CARTESIAN_POINT('',(0.0620671077108303,-0.0104053139213596,0.00423308914365074));
#9471=CARTESIAN_POINT('',(0.06206710771083,-0.0104053139213598,-0.00478391085634926));
#9472=CARTESIAN_POINT('',(0.0620671077072798,-0.0104053139240778,-0.00478391085634926));
#9473=CARTESIAN_POINT('',(0.061954214853242,-0.0104917422204596,-0.00478391085634926));
#9474=CARTESIAN_POINT('',(0.0617386678685922,-0.0106765782788872,-0.00478391085634926));
#9475=CARTESIAN_POINT('',(0.0615049246600161,-0.0109447359681923,-0.00478391085634926));
#9476=CARTESIAN_POINT('',(0.0613420444635587,-0.011173686568934,-0.00478391085634926));
#9477=CARTESIAN_POINT('',(0.0612717142684837,-0.0113831399580412,-0.00478391085634926));
#9478=CARTESIAN_POINT('',(0.0611860246824514,-0.0115758948845551,-0.00478391085634926));
#9479=CARTESIAN_POINT('',(0.0610695906848295,-0.011693795573595,-0.00478391085634926));
#9480=CARTESIAN_POINT('',(0.0609964231006817,-0.0116855719770768,-0.00478391085634926));
#9481=CARTESIAN_POINT('',(0.0609964230945826,-0.0116855719763913,-0.00478391085634926));
#9482=CARTESIAN_POINT('',(0.0609964230945827,-0.0116855719763913,0.0132500891436507));
#9483=CARTESIAN_POINT('',(0.0609964230945826,-0.0116855719763913,0.0132500891436507));
#9484=CARTESIAN_POINT('',(0.0609964231006817,-0.0116855719770768,0.0132500891436507));
#9485=CARTESIAN_POINT('',(0.061067738647915,-0.0116935874121619,0.0132500891436507));
#9486=CARTESIAN_POINT('',(0.0611822677907575,-0.0115807521481663,0.0132500891436507));
#9487=CARTESIAN_POINT('',(0.0612687333035224,-0.0113928391811013,0.0132500891436507));
#9488=CARTESIAN_POINT('',(0.0613362721929026,-0.011185485507557,0.0132500891436507));
#9489=CARTESIAN_POINT('',(0.0614979118770135,-0.0109518405523774,0.0132500891436507));
#9490=CARTESIAN_POINT('',(0.0617359478141064,-0.0106793637262425,0.0132500891436507));
#9491=CARTESIAN_POINT('',(0.0619527887566297,-0.0104928340085741,0.0132500891436507));
#9492=CARTESIAN_POINT('',(0.0620671077072798,-0.0104053139240778,0.0132500891436507));
#9493=CARTESIAN_POINT('',(0.0620671077108301,-0.0104053139213598,0.0132500891436507));
#9494=CARTESIAN_POINT('',(0.0620671077108303,-0.0104053139213596,0.00423308914365074));
#9495=CARTESIAN_POINT('',(0.0625997645029655,-0.0106397784566747,0.0132500891436508));
#9496=CARTESIAN_POINT('',(0.0625997645029655,-0.0106397784566747,-0.00478391085634928));
#9497=CARTESIAN_POINT('',(0.0626126848302665,-0.0107861030531009,0.0132500891436508));
#9498=CARTESIAN_POINT('',(0.0626126848302665,-0.0107861030531009,-0.00478391085634928));
#9499=CARTESIAN_POINT('',(0.0626204582069993,-0.0110804910551685,0.0132500891436508));
#9500=CARTESIAN_POINT('',(0.0626204582069993,-0.0110804910551685,-0.00478391085634927));
#9501=CARTESIAN_POINT('',(0.0625809624124155,-0.0114461622270599,0.0132500891436507));
#9502=CARTESIAN_POINT('',(0.0625809624124155,-0.0114461622270599,-0.00478391085634928));
#9503=CARTESIAN_POINT('',(0.0625068047498167,-0.011732615191049,0.0132500891436508));
#9504=CARTESIAN_POINT('',(0.0625068047498167,-0.011732615191049,-0.00478391085634927));
#9505=CARTESIAN_POINT('',(0.062394955921948,-0.0119223289003143,0.0132500891436507));
#9506=CARTESIAN_POINT('',(0.062394955921948,-0.0119223289003143,-0.00478391085634929));
#9507=CARTESIAN_POINT('',(0.0623312107058633,-0.0120966408077343,0.0132500891436508));
#9508=CARTESIAN_POINT('',(0.0623312107058633,-0.0120966408077343,-0.00478391085634924));
#9509=CARTESIAN_POINT('',(0.0623309772188399,-0.0122550757111953,0.0132500891436509));
#9510=CARTESIAN_POINT('',(0.0623309772188399,-0.0122550757111953,-0.00478391085634916));
#9511=CARTESIAN_POINT('',(0.0623895432141298,-0.0123028300492322,0.0132500891436508));
#9512=CARTESIAN_POINT('',(0.0623895432141298,-0.0123028300492322,-0.00478391085634928));
#9513=CARTESIAN_POINT('',(0.0624192759753439,-0.0123261756801125,0.0132500891436508));
#9514=CARTESIAN_POINT('',(0.0624192759753439,-0.0123261756801125,-0.00478391085634928));
#9515=CARTESIAN_POINT('',(0.0625997645028164,-0.0106397784549869,0.00423308914365074));
#9516=CARTESIAN_POINT('',(0.0625997645028164,-0.0106397784549869,0.0132500891436507));
#9517=CARTESIAN_POINT('',(0.0625997645032097,-0.0106397784594411,0.0132500891436507));
#9518=CARTESIAN_POINT('',(0.0626122837065751,-0.0107815602717585,0.0132500891436507));
#9519=CARTESIAN_POINT('',(0.0626215199186757,-0.0110651004040627,0.0132500891436507));
#9520=CARTESIAN_POINT('',(0.0625816113333301,-0.011419743305907,0.0132500891436507));
#9521=CARTESIAN_POINT('',(0.0625222245426529,-0.0116948865429897,0.0132500891436507));
#9522=CARTESIAN_POINT('',(0.0624154048900851,-0.0118874384132345,0.0132500891436507));
#9523=CARTESIAN_POINT('',(0.0623314578755895,-0.0120806896852785,0.0132500891436507));
#9524=CARTESIAN_POINT('',(0.0623233250776902,-0.0122456592944876,0.0132500891436507));
#9525=CARTESIAN_POINT('',(0.0623786466915858,-0.0122939846944182,0.0132500891436507));
#9526=CARTESIAN_POINT('',(0.0623786466962035,-0.012293984698452,0.0132500891436507));
#9527=CARTESIAN_POINT('',(0.0623786466962012,-0.01229398469845,-0.00478391085634926));
#9528=CARTESIAN_POINT('',(0.0623786466962035,-0.012293984698452,-0.00478391085634926));
#9529=CARTESIAN_POINT('',(0.0623786466915858,-0.0122939846944182,-0.00478391085634926));
#9530=CARTESIAN_POINT('',(0.0623246009132919,-0.0122467737775509,-0.00478391085634926));
#9531=CARTESIAN_POINT('',(0.0623305247341548,-0.0120861217277165,-0.00478391085634926));
#9532=CARTESIAN_POINT('',(0.0624107181716184,-0.0118954604929971,-0.00478391085634926));
#9533=CARTESIAN_POINT('',(0.0625180067419446,-0.0117056048126668,-0.00478391085634926));
#9534=CARTESIAN_POINT('',(0.0625811344575403,-0.0114286274731188,-0.00478391085634926));
#9535=CARTESIAN_POINT('',(0.0626213145775903,-0.0110690712095393,-0.00478391085634926));
#9536=CARTESIAN_POINT('',(0.0626124274310813,-0.0107831879708941,-0.00478391085634926));
#9537=CARTESIAN_POINT('',(0.0625997645032098,-0.0106397784594411,-0.00478391085634926));
#9538=CARTESIAN_POINT('',(0.0625997645028164,-0.0106397784549869,-0.00478391085634926));
#9539=CARTESIAN_POINT('',(0.0625997645028164,-0.0106397784549869,0.00423308914365074));
#9540=CARTESIAN_POINT('',(0.0587876051983597,-0.0114377970864889,0.0132500891436508));
#9541=CARTESIAN_POINT('',(0.0587876051983597,-0.0114377970864889,-0.00478391085634928));
#9542=CARTESIAN_POINT('',(0.0588248266875815,-0.011430874659865,0.0132500891436508));
#9543=CARTESIAN_POINT('',(0.0588248266875815,-0.011430874659865,-0.00478391085634934));
#9544=CARTESIAN_POINT('',(0.0588995014001357,-0.0114165619695671,0.013250089143651));
#9545=CARTESIAN_POINT('',(0.0588995014001357,-0.0114165619695671,-0.00478391085634914));
#9546=CARTESIAN_POINT('',(0.0589735109591996,-0.0112766588228867,0.0132500891436508));
#9547=CARTESIAN_POINT('',(0.0589735109591996,-0.0112766588228867,-0.00478391085634928));
#9548=CARTESIAN_POINT('',(0.0589979640829797,-0.0110920006788652,0.0132500891436507));
#9549=CARTESIAN_POINT('',(0.0589979640829797,-0.0110920006788652,-0.00478391085634939));
#9550=CARTESIAN_POINT('',(0.0589862837738439,-0.0108719729803181,0.0132500891436507));
#9551=CARTESIAN_POINT('',(0.0589862837738439,-0.0108719729803181,-0.00478391085634935));
#9552=CARTESIAN_POINT('',(0.0590525132829279,-0.0105832052615748,0.0132500891436507));
#9553=CARTESIAN_POINT('',(0.0590525132829279,-0.0105832052615748,-0.00478391085634937));
#9554=CARTESIAN_POINT('',(0.0591866446823234,-0.010240249231859,0.0132500891436507));
#9555=CARTESIAN_POINT('',(0.0591866446823234,-0.010240249231859,-0.00478391085634936));
#9556=CARTESIAN_POINT('',(0.0593296578641421,-0.0099824308770922,0.0132500891436507));
#9557=CARTESIAN_POINT('',(0.0593296578641421,-0.00998243087709221,-0.00478391085634936));
#9558=CARTESIAN_POINT('',(0.0594088123624994,-0.00985848262260995,0.0132500891436507));
#9559=CARTESIAN_POINT('',(0.0594088123624994,-0.00985848262260995,-0.00478391085634936));
#9560=CARTESIAN_POINT('',(0.0594088123634129,-0.00985848262117972,0.00423308914365074));
#9561=CARTESIAN_POINT('',(0.0594088123634126,-0.00985848262117999,-0.00478391085634926));
#9562=CARTESIAN_POINT('',(0.0594088123610066,-0.00985848262494769,-0.00478391085634926));
#9563=CARTESIAN_POINT('',(0.0593322858470428,-0.00997831571169204,-0.00478391085634926));
#9564=CARTESIAN_POINT('',(0.0591929509772546,-0.0102257379399189,-0.00478391085634926));
#9565=CARTESIAN_POINT('',(0.0590650240564605,-0.01055768389693,-0.00478391085634926));
#9566=CARTESIAN_POINT('',(0.0589902741155606,-0.010828542617582,-0.00478391085634926));
#9567=CARTESIAN_POINT('',(0.0589958461228078,-0.0110494263493752,-0.00478391085634926));
#9568=CARTESIAN_POINT('',(0.0589812365067518,-0.0112598726374473,-0.00478391085634926));
#9569=CARTESIAN_POINT('',(0.0589120757891195,-0.0114104764140659,-0.00478391085634926));
#9570=CARTESIAN_POINT('',(0.0588404933839898,-0.0114277276173109,-0.00478391085634926));
#9571=CARTESIAN_POINT('',(0.0588404937262974,-0.011427729065601,-0.00478391085634926));
#9572=CARTESIAN_POINT('',(0.0588404636382585,-0.0114277347820351,0.0132500891436507));
#9573=CARTESIAN_POINT('',(0.0588404937262974,-0.011427729065601,0.0132500891436507));
#9574=CARTESIAN_POINT('',(0.0588404933839898,-0.0114277276173109,0.0132500891436507));
#9575=CARTESIAN_POINT('',(0.0589102624007287,-0.0114109134327634,0.0132500891436507));
#9576=CARTESIAN_POINT('',(0.0589793627489536,-0.0112657293818261,0.0132500891436507));
#9577=CARTESIAN_POINT('',(0.0589963637232954,-0.0110595673058814,0.0132500891436507));
#9578=CARTESIAN_POINT('',(0.0589888841849262,-0.0108416186761717,0.0132500891436507));
#9579=CARTESIAN_POINT('',(0.0590608649992414,-0.0105667506818399,0.0132500891436507));
#9580=CARTESIAN_POINT('',(0.0591913508311396,-0.0102292814050683,0.0132500891436507));
#9581=CARTESIAN_POINT('',(0.0593313190598194,-0.00997982960624665,0.0132500891436507));
#9582=CARTESIAN_POINT('',(0.0594088123610065,-0.00985848262494774,0.0132500891436507));
#9583=CARTESIAN_POINT('',(0.0594088123634126,-0.00985848262117998,0.0132500891436507));
#9584=CARTESIAN_POINT('',(0.0594088123634129,-0.00985848262117972,0.00423308914365074));
#9585=CARTESIAN_POINT('',(0.0599895627235694,-0.00989662921524822,0.0132500891436507));
#9586=CARTESIAN_POINT('',(0.0599895627235694,-0.00989662921524822,-0.00478391085634926));
#9587=CARTESIAN_POINT('',(0.0600523732820339,-0.0100310472583207,0.0132500891436507));
#9588=CARTESIAN_POINT('',(0.0600523732820339,-0.0100310472583207,-0.00478391085634926));
#9589=CARTESIAN_POINT('',(0.0601616108995541,-0.0103079933829301,0.0132500891436507));
#9590=CARTESIAN_POINT('',(0.0601616108995541,-0.0103079933829301,-0.00478391085634926));
#9591=CARTESIAN_POINT('',(0.0602485951478837,-0.0106683721089746,0.0132500891436508));
#9592=CARTESIAN_POINT('',(0.0602485951478837,-0.0106683721089746,-0.00478391085634925));
#9593=CARTESIAN_POINT('',(0.0602770273898566,-0.0109671940180624,0.0132500891436507));
#9594=CARTESIAN_POINT('',(0.0602770273898566,-0.0109671940180624,-0.00478391085634926));
#9595=CARTESIAN_POINT('',(0.0602341631355717,-0.0111823307210976,0.0132500891436507));
#9596=CARTESIAN_POINT('',(0.0602341631355717,-0.0111823307210976,-0.00478391085634926));
#9597=CARTESIAN_POINT('',(0.0602282961122744,-0.0114215782148814,0.0132500891436507));
#9598=CARTESIAN_POINT('',(0.0602282961122744,-0.0114215782148814,-0.00478391085634926));
#9599=CARTESIAN_POINT('',(0.060341033731339,-0.011527561421367,0.0132500891436507));
#9600=CARTESIAN_POINT('',(0.060341033731339,-0.011527561421367,-0.00478391085634926));
#9601=CARTESIAN_POINT('',(0.0604137602449053,-0.0115478957693022,0.0132500891436507));
#9602=CARTESIAN_POINT('',(0.0604137602449053,-0.0115478957693022,-0.00478391085634926));
#9603=CARTESIAN_POINT('',(0.0599895627228461,-0.00989662921370042,0.00423308914365074));
#9604=CARTESIAN_POINT('',(0.0599895627228461,-0.00989662921370039,0.0132500891436507));
#9605=CARTESIAN_POINT('',(0.0599895627247664,-0.00989662921780976,0.0132500891436507));
#9606=CARTESIAN_POINT('',(0.0600497071209121,-0.0100253415278192,0.0132500891436507));
#9607=CARTESIAN_POINT('',(0.0601558703330891,-0.0102883418217631,0.0132500891436507));
#9608=CARTESIAN_POINT('',(0.0602374859814647,-0.0106342866065877,0.0132500891436507));
#9609=CARTESIAN_POINT('',(0.0602792228597385,-0.0109137852752755,0.0132500891436507));
#9610=CARTESIAN_POINT('',(0.0602422842990677,-0.0111314372550413,0.0132500891436507));
#9611=CARTESIAN_POINT('',(0.060228790310305,-0.0113431484081073,0.0132500891436507));
#9612=CARTESIAN_POINT('',(0.0602826446274811,-0.0114927960856182,0.0132500891436507));
#9613=CARTESIAN_POINT('',(0.0603485985913749,-0.0115245759394464,0.0132500891436507));
#9614=CARTESIAN_POINT('',(0.0603480900536904,-0.0115256313275652,0.0132500891425687));
#9615=CARTESIAN_POINT('',(0.0603572244808779,-0.0115285367764611,0.0132500891425687));
#9616=CARTESIAN_POINT('',(0.0603481613042567,-0.0115256656597204,-0.00478391085075872));
#9617=CARTESIAN_POINT('',(0.0603486695096197,-0.0115246100973466,-0.00478391085634926));
#9618=CARTESIAN_POINT('',(0.0602835324366197,-0.0114932495499436,-0.00478391085634926));
#9619=CARTESIAN_POINT('',(0.0602296217848845,-0.0113472799643691,-0.00478391085634926));
#9620=CARTESIAN_POINT('',(0.0602410592230892,-0.0111363383224052,-0.00478391085634926));
#9621=CARTESIAN_POINT('',(0.0602791829809317,-0.0109228576140268,-0.00478391085634926));
#9622=CARTESIAN_POINT('',(0.0602393238906097,-0.0106404663186426,-0.00478391085634926));
#9623=CARTESIAN_POINT('',(0.0601566879830865,-0.0102909869163471,-0.00478391085634926));
#9624=CARTESIAN_POINT('',(0.0600502781751456,-0.0100265636148245,-0.00478391085634926));
#9625=CARTESIAN_POINT('',(0.0599895627247665,-0.00989662921781009,-0.00478391085634926));
#9626=CARTESIAN_POINT('',(0.0599895627228461,-0.00989662921370041,-0.00478391085634926));
#9627=CARTESIAN_POINT('',(0.0599895627228461,-0.00989662921370042,0.00423308914365074));
#9628=CARTESIAN_POINT('',(0.0566801352151324,-0.0119503436526233,0.0132500891436507));
#9629=CARTESIAN_POINT('',(0.0566801352151324,-0.0119503436526233,-0.00478391085634937));
#9630=CARTESIAN_POINT('',(0.0567127682316993,-0.0119311322361161,0.0132500891436508));
#9631=CARTESIAN_POINT('',(0.0567127682316993,-0.0119311322361161,-0.00478391085634927));
#9632=CARTESIAN_POINT('',(0.0567780742295744,-0.0118921755155074,0.0132500891436506));
#9633=CARTESIAN_POINT('',(0.0567780742295744,-0.0118921755155074,-0.00478391085634937));
#9634=CARTESIAN_POINT('',(0.0567998202334655,-0.0117353998251818,0.0132500891436507));
#9635=CARTESIAN_POINT('',(0.0567998202334655,-0.0117353998251818,-0.0047839108563493));
#9636=CARTESIAN_POINT('',(0.056759671000597,-0.0115535038198802,0.0132500891436508));
#9637=CARTESIAN_POINT('',(0.056759671000597,-0.0115535038198802,-0.00478391085634926));
#9638=CARTESIAN_POINT('',(0.0566734140255216,-0.0113507384055372,0.0132500891436508));
#9639=CARTESIAN_POINT('',(0.0566734140255216,-0.0113507384055372,-0.00478391085634927));
#9640=CARTESIAN_POINT('',(0.0566368800505213,-0.0110567260051669,0.0132500891436508));
#9641=CARTESIAN_POINT('',(0.0566368800505213,-0.0110567260051669,-0.00478391085634925));
#9642=CARTESIAN_POINT('',(0.0566456159667846,-0.0106885656956716,0.0132500891436507));
#9643=CARTESIAN_POINT('',(0.0566456159667846,-0.0106885656956716,-0.00478391085634927));
#9644=CARTESIAN_POINT('',(0.0566918250722497,-0.0103973732094164,0.0132500891436508));
#9645=CARTESIAN_POINT('',(0.0566918250722497,-0.0103973732094164,-0.00478391085634926));
#9646=CARTESIAN_POINT('',(0.0567238130239632,-0.0102538229824629,0.0132500891436508));
#9647=CARTESIAN_POINT('',(0.0567238130239632,-0.0102538229824629,-0.00478391085634926));
#9648=CARTESIAN_POINT('',(0.0567238130243322,-0.0102538229808073,0.00423308914365074));
#9649=CARTESIAN_POINT('',(0.0567238130243322,-0.0102538229808073,-0.00478391085634926));
#9650=CARTESIAN_POINT('',(0.05672381302336,-0.01025382298517,-0.00478391085634926));
#9651=CARTESIAN_POINT('',(0.0566928872318166,-0.0103926066270536,-0.00478391085634926));
#9652=CARTESIAN_POINT('',(0.056646578511727,-0.0106727711429088,-0.00478391085634926));
#9653=CARTESIAN_POINT('',(0.056639908086914,-0.0110284594245672,-0.00478391085634926));
#9654=CARTESIAN_POINT('',(0.0566623054719708,-0.0113085518753243,-0.00478391085634926));
#9655=CARTESIAN_POINT('',(0.0567431087379876,-0.0115142055225721,-0.00478391085634926));
#9656=CARTESIAN_POINT('',(0.0568013478413404,-0.0117169661267254,-0.00478391085634927));
#9657=CARTESIAN_POINT('',(0.0567878147713641,-0.0118821522188945,-0.00478391085634926));
#9658=CARTESIAN_POINT('',(0.056726429611356,-0.0119228201541412,-0.00478391085634926));
#9659=CARTESIAN_POINT('',(0.0567264295931895,-0.0119228201407822,-0.00478391085634926));
#9660=CARTESIAN_POINT('',(0.0567263603694443,-0.011922865993431,0.0132500891436507));
#9661=CARTESIAN_POINT('',(0.0567264295931895,-0.0119228201407822,0.0132500891436507));
#9662=CARTESIAN_POINT('',(0.0567264296113559,-0.0119228201541412,0.0132500891436507));
#9663=CARTESIAN_POINT('',(0.056786258606468,-0.0118831831794392,0.0132500891436507));
#9664=CARTESIAN_POINT('',(0.0568015884780036,-0.0117231167499466,0.0132500891436507));
#9665=CARTESIAN_POINT('',(0.0567470669422965,-0.0115235632174473,0.0132500891436507));
#9666=CARTESIAN_POINT('',(0.0566654739958765,-0.0113213245864267,0.0132500891436507));
#9667=CARTESIAN_POINT('',(0.0566390997036209,-0.0110383951164068,0.0132500891436507));
#9668=CARTESIAN_POINT('',(0.0566462879463974,-0.0106766437815927,0.0132500891436507));
#9669=CARTESIAN_POINT('',(0.0566924965605728,-0.0103943598159247,0.0132500891436507));
#9670=CARTESIAN_POINT('',(0.05672381302336,-0.0102538229851701,0.0132500891436507));
#9671=CARTESIAN_POINT('',(0.0567238130243322,-0.0102538229808073,0.0132500891436507));
#9672=CARTESIAN_POINT('',(0.0567238130243322,-0.0102538229808073,0.00423308914365074));
#9673=CARTESIAN_POINT('',(0.0572826109588312,-0.0100910339989956,0.0132500891436507));
#9674=CARTESIAN_POINT('',(0.0572826109588312,-0.0100910339989956,-0.00478391085634926));
#9675=CARTESIAN_POINT('',(0.0573875814535958,-0.0101958390361091,0.0132500891436507));
#9676=CARTESIAN_POINT('',(0.0573875814535958,-0.0101958390361091,-0.00478391085634926));
#9677=CARTESIAN_POINT('',(0.0575849882585335,-0.01041850122174,0.0132500891436507));
#9678=CARTESIAN_POINT('',(0.0575849882585335,-0.01041850122174,-0.00478391085634926));
#9679=CARTESIAN_POINT('',(0.0577896438871668,-0.0107279349637574,0.0132500891436507));
#9680=CARTESIAN_POINT('',(0.0577896438871668,-0.0107279349637574,-0.00478391085634926));
#9681=CARTESIAN_POINT('',(0.0579191602211657,-0.0109976906370598,0.0132500891436507));
#9682=CARTESIAN_POINT('',(0.0579191602211657,-0.0109976906370598,-0.00478391085634926));
#9683=CARTESIAN_POINT('',(0.0579508084297072,-0.0112181986218963,0.0132500891436507));
#9684=CARTESIAN_POINT('',(0.0579508084297072,-0.0112181986218963,-0.00478391085634926));
#9685=CARTESIAN_POINT('',(0.0580194797686051,-0.0113955132240753,0.0132500891436507));
#9686=CARTESIAN_POINT('',(0.0580194797686051,-0.0113955132240753,-0.00478391085634926));
#9687=CARTESIAN_POINT('',(0.0581281183383405,-0.0115029600231876,0.0132500891436507));
#9688=CARTESIAN_POINT('',(0.0581281183383405,-0.0115029600231876,-0.00478391085634926));
#9689=CARTESIAN_POINT('',(0.0582077740296488,-0.0115015956639378,0.0132500891436507));
#9690=CARTESIAN_POINT('',(0.0582077740296488,-0.0115015956639378,-0.00478391085634926));
#9691=CARTESIAN_POINT('',(0.0582448124372791,-0.0115012070019198,0.0132500891436507));
#9692=CARTESIAN_POINT('',(0.0582448124372791,-0.0115012070019198,-0.00478391085634926));
#9693=CARTESIAN_POINT('',(0.0572826109575992,-0.0100910339977655,0.00423308914365074));
#9694=CARTESIAN_POINT('',(0.0572826109575992,-0.0100910339977655,0.0132500891436507));
#9695=CARTESIAN_POINT('',(0.0572826109608696,-0.0100910340010308,0.0132500891436507));
#9696=CARTESIAN_POINT('',(0.0573831598121738,-0.0101914243646118,0.0132500891436507));
#9697=CARTESIAN_POINT('',(0.0575728870528615,-0.0104022875497738,0.0132500891436507));
#9698=CARTESIAN_POINT('',(0.0577679179839758,-0.0106994559726758,0.0132500891436507));
#9699=CARTESIAN_POINT('',(0.0579027202713248,-0.0109479262082287,0.0132500891436507));
#9700=CARTESIAN_POINT('',(0.0579424369417676,-0.0111649333850282,0.0132500891436507));
#9701=CARTESIAN_POINT('',(0.0580021606672405,-0.0113691929992897,0.0132500891436507));
#9702=CARTESIAN_POINT('',(0.0581042192246047,-0.0114897457020048,0.0132500891436507));
#9703=CARTESIAN_POINT('',(0.0581768954546468,-0.0114985010594685,0.0132500891436507));
#9704=CARTESIAN_POINT('',(0.0581767643751327,-0.0114995891209628,0.0132500891436507));
#9705=CARTESIAN_POINT('',(0.0581835125234295,-0.0114992231478364,0.0132500891436507));
#9706=CARTESIAN_POINT('',(0.058176805488761,-0.0114994179903267,-0.00478391085183933));
#9707=CARTESIAN_POINT('',(0.0581769155941479,-0.0114985034849651,-0.00478391085634926));
#9708=CARTESIAN_POINT('',(0.0581042529859012,-0.0114897549884104,-0.00478391085634926));
#9709=CARTESIAN_POINT('',(0.0580026007211123,-0.0113701489103744,-0.00478391085634926));
#9710=CARTESIAN_POINT('',(0.057942056078656,-0.0111638077960185,-0.00478391085634926));
#9711=CARTESIAN_POINT('',(0.0579035062744579,-0.0109501604710882,-0.00478391085634926));
#9712=CARTESIAN_POINT('',(0.0577678647983949,-0.0106988648568665,-0.00478391085634926));
#9713=CARTESIAN_POINT('',(0.057572825768799,-0.0104024367257248,-0.00478391085634926));
#9714=CARTESIAN_POINT('',(0.0573834484761959,-0.0101917125733867,-0.00478391085634926));
#9715=CARTESIAN_POINT('',(0.0572826109608696,-0.0100910340010308,-0.00478391085634926));
#9716=CARTESIAN_POINT('',(0.0572826109575992,-0.0100910339977655,-0.00478391085634926));
#9717=CARTESIAN_POINT('',(0.0572826109575992,-0.0100910339977655,0.00423308914365074));
#9718=CARTESIAN_POINT('',(0.0549091385390619,-0.0131112177590703,0.0132500891436508));
#9719=CARTESIAN_POINT('',(0.0549091385390619,-0.0131112177590703,0.00205641293334128));
#9720=CARTESIAN_POINT('',(0.0549521078494891,-0.0130532661267092,0.013250089143651));
#9721=CARTESIAN_POINT('',(0.0549521078494891,-0.0130532661267092,0.00205641293334154));
#9722=CARTESIAN_POINT('',(0.0549107238158561,-0.0128950329226976,0.0132500891436507));
#9723=CARTESIAN_POINT('',(0.0549107238158561,-0.0128950329226976,0.00205641293334126));
#9724=CARTESIAN_POINT('',(0.0547889365742716,-0.0127253700239033,0.0132500891436507));
#9725=CARTESIAN_POINT('',(0.0547889365742716,-0.0127253700239033,0.00205641293334125));
#9726=CARTESIAN_POINT('',(0.0546446417180792,-0.0125644385189921,0.0132500891436507));
#9727=CARTESIAN_POINT('',(0.0546446417180792,-0.0125644385189921,0.00205641293334126));
#9728=CARTESIAN_POINT('',(0.0545226319109495,-0.0123042437778729,0.0132500891436507));
#9729=CARTESIAN_POINT('',(0.0545226319109495,-0.0123042437778729,0.00205641293334126));
#9730=CARTESIAN_POINT('',(0.0544076181965931,-0.011966540725794,0.0132500891436507));
#9731=CARTESIAN_POINT('',(0.0544076181965931,-0.011966540725794,0.00205641293334125));
#9732=CARTESIAN_POINT('',(0.054354437707602,-0.0116851606564866,0.0132500891436507));
#9733=CARTESIAN_POINT('',(0.054354437707602,-0.0116851606564866,0.00205641293334126));
#9734=CARTESIAN_POINT('',(0.0543359618581264,-0.0115436422039355,0.0132500891436507));
#9735=CARTESIAN_POINT('',(0.0543359618581264,-0.0115436422039355,0.00205641293334125));
#9736=CARTESIAN_POINT('',(0.0549330991637207,-0.0130448376550306,0.00212317442167494));
#9737=CARTESIAN_POINT('',(0.0549326690584222,-0.013050352105126,0.00227367700927684));
#9738=CARTESIAN_POINT('',(0.0549376617263628,-0.0130727492510166,0.00242194220028312));
#9739=CARTESIAN_POINT('',(0.0549091385390619,-0.0131112177590703,0.00256598463520159));
#9740=CARTESIAN_POINT('',(0.0549091385390841,-0.0131112177590403,0.00256598463520159));
#9741=CARTESIAN_POINT('',(0.0549091385390841,-0.0131112177590403,0.0132500891436507));
#9742=CARTESIAN_POINT('',(0.0549092181405687,-0.0131111101876623,0.0132500891436507));
#9743=CARTESIAN_POINT('',(0.0549092181896136,-0.0131111102135871,0.0132500891436507));
#9744=CARTESIAN_POINT('',(0.0549519007728694,-0.0130534135786354,0.0132500891436507));
#9745=CARTESIAN_POINT('',(0.0549115962127973,-0.0128977411981505,0.0132500891436507));
#9746=CARTESIAN_POINT('',(0.0547921201283134,-0.0127288591814491,0.0132500891436507));
#9747=CARTESIAN_POINT('',(0.0546462639287167,-0.0125667356388671,0.0132500891436507));
#9748=CARTESIAN_POINT('',(0.0545247065257056,-0.0123098771189754,0.0132500891436507));
#9749=CARTESIAN_POINT('',(0.0544077281410853,-0.0119674830463778,0.0132500891436507));
#9750=CARTESIAN_POINT('',(0.0543546016793135,-0.0116864166216263,0.0132500891436507));
#9751=CARTESIAN_POINT('',(0.0543359618581265,-0.0115436422039355,0.0132500891436507));
#9752=CARTESIAN_POINT('',(0.0543359618575479,-0.0115436421995039,0.0132500891436507));
#9753=CARTESIAN_POINT('',(0.0543359618575479,-0.0115436421995039,0.00423308914365074));
#9754=CARTESIAN_POINT('',(0.0548054013533354,-0.0111995380996939,0.0132500891436508));
#9755=CARTESIAN_POINT('',(0.0548054013533354,-0.0111995380996939,-0.00478391085634926));
#9756=CARTESIAN_POINT('',(0.0549385929079784,-0.0112615196165715,0.0132500891436508));
#9757=CARTESIAN_POINT('',(0.0549385929079784,-0.0112615196165715,-0.00478391085634926));
#9758=CARTESIAN_POINT('',(0.0551974484396518,-0.0114019987431127,0.0132500891436508));
#9759=CARTESIAN_POINT('',(0.0551974484396518,-0.0114019987431127,-0.00478391085634926));
#9760=CARTESIAN_POINT('',(0.0554943926193026,-0.0116190795837809,0.0132500891436508));
#9761=CARTESIAN_POINT('',(0.0554943926193026,-0.0116190795837809,-0.00478391085634926));
#9762=CARTESIAN_POINT('',(0.0557053993284621,-0.0118265540324421,0.0132500891436508));
#9763=CARTESIAN_POINT('',(0.0557053993284621,-0.0118265540324421,-0.00478391085634926));
#9764=CARTESIAN_POINT('',(0.055813726750919,-0.0120183423878369,0.0132500891436508));
#9765=CARTESIAN_POINT('',(0.055813726750919,-0.0120183423878369,-0.00478391085634925));
#9766=CARTESIAN_POINT('',(0.055932889561446,-0.0121606556156535,0.0132500891436507));
#9767=CARTESIAN_POINT('',(0.055932889561446,-0.0121606556156535,-0.00478391085634929));
#9768=CARTESIAN_POINT('',(0.0560700649653604,-0.0122399531583745,0.0132500891436506));
#9769=CARTESIAN_POINT('',(0.0560700649653604,-0.0122399531583745,-0.00478391085634937));
#9770=CARTESIAN_POINT('',(0.056140681788472,-0.0122129839318841,0.0132500891436508));
#9771=CARTESIAN_POINT('',(0.056140681788472,-0.0122129839318841,-0.00478391085634926));
#9772=CARTESIAN_POINT('',(0.0561757525224801,-0.012198806816014,0.0132500891436507));
#9773=CARTESIAN_POINT('',(0.0561757525224801,-0.012198806816014,-0.00478391085634935));
#9774=CARTESIAN_POINT('',(0.0548054013518001,-0.0111995380989794,0.00423308914365074));
#9775=CARTESIAN_POINT('',(0.0548054013518001,-0.0111995380989794,0.0132500891436507));
#9776=CARTESIAN_POINT('',(0.0548054013558522,-0.0111995381008651,0.0132500891436507));
#9777=CARTESIAN_POINT('',(0.0549344581470191,-0.0112595954801919,0.0132500891436507));
#9778=CARTESIAN_POINT('',(0.0551846507084023,-0.0113933829919967,0.0132500891436507));
#9779=CARTESIAN_POINT('',(0.0554718363844423,-0.0116053069755655,0.0132500891436507));
#9780=CARTESIAN_POINT('',(0.055680438125494,-0.0117943307962432,0.0132500891436507));
#9781=CARTESIAN_POINT('',(0.0557937429087477,-0.0119831761222289,0.0132500891436507));
#9782=CARTESIAN_POINT('',(0.0559191706271436,-0.0121524927632619,0.0132500891436507));
#9783=CARTESIAN_POINT('',(0.0560581290670779,-0.0122418921081574,0.0132500891436507));
#9784=CARTESIAN_POINT('',(0.0561276075492248,-0.0122180176530271,0.0132500891436507));
#9785=CARTESIAN_POINT('',(0.0561276075468533,-0.0122180176214449,0.0132500891436507));
#9786=CARTESIAN_POINT('',(0.0561277020509813,-0.012217985136854,-0.00478391085634926));
#9787=CARTESIAN_POINT('',(0.0561276075468579,-0.0122180176214441,-0.00478391085634926));
#9788=CARTESIAN_POINT('',(0.0561276075492292,-0.0122180176530256,-0.00478391085634926));
#9789=CARTESIAN_POINT('',(0.0560597353916361,-0.0122413401319539,-0.00478391085634926));
#9790=CARTESIAN_POINT('',(0.055923431728575,-0.0121560296172914,-0.00478391085634926));
#9791=CARTESIAN_POINT('',(0.0557983510438442,-0.0119912602226567,-0.00478391085634926));
#9792=CARTESIAN_POINT('',(0.0556876379391179,-0.0118033773435045,-0.00478391085634926));
#9793=CARTESIAN_POINT('',(0.0554792867654246,-0.0116101519114206,-0.00478391085634926));
#9794=CARTESIAN_POINT('',(0.0551879813417688,-0.0113955457895835,-0.00478391085634926));
#9795=CARTESIAN_POINT('',(0.0549359423218028,-0.0112602861499561,-0.00478391085634926));
#9796=CARTESIAN_POINT('',(0.0548054013558523,-0.0111995381008652,-0.00478391085634926));
#9797=CARTESIAN_POINT('',(0.0548054013518001,-0.0111995380989794,-0.00478391085634926));
#9798=CARTESIAN_POINT('',(0.0548054013518001,-0.0111995380989794,0.00423308914365074));
#9799=CARTESIAN_POINT('',(0.0536079895111214,-0.014849414526502,0.0132500891436507));
#9800=CARTESIAN_POINT('',(0.0536079895111214,-0.014849414526502,0.00391390648084667));
#9801=CARTESIAN_POINT('',(0.0536285836182474,-0.0147802630118343,0.0132500891436507));
#9802=CARTESIAN_POINT('',(0.0536285836182474,-0.0147802630118343,0.00391390648084667));
#9803=CARTESIAN_POINT('',(0.0535356114859303,-0.0146457000891819,0.0132500891436507));
#9804=CARTESIAN_POINT('',(0.0535356114859303,-0.0146457000891819,0.00391390648084667));
#9805=CARTESIAN_POINT('',(0.0533631393047376,-0.0145279027749318,0.0132500891436507));
#9806=CARTESIAN_POINT('',(0.0533631393047376,-0.0145279027749318,0.00391390648084666));
#9807=CARTESIAN_POINT('',(0.0531724914317793,-0.0144260397665766,0.0132500891436508));
#9808=CARTESIAN_POINT('',(0.0531724914317793,-0.0144260397665766,0.00391390648084667));
#9809=CARTESIAN_POINT('',(0.0529688369719442,-0.0142232635074561,0.0132500891436507));
#9810=CARTESIAN_POINT('',(0.0529688369719442,-0.0142232635074561,0.00391390648084667));
#9811=CARTESIAN_POINT('',(0.0527452477559611,-0.013945258365435,0.0132500891436507));
#9812=CARTESIAN_POINT('',(0.0527452477559611,-0.013945258365435,0.00391390648084667));
#9813=CARTESIAN_POINT('',(0.0525990308658498,-0.0136990294706471,0.0132500891436507));
#9814=CARTESIAN_POINT('',(0.0525990308658498,-0.0136990294706471,0.00391390648084667));
#9815=CARTESIAN_POINT('',(0.0525332644627976,-0.0135723611761186,0.0132500891436507));
#9816=CARTESIAN_POINT('',(0.0525332644627976,-0.0135723611761186,0.00391390648084667));
#9817=CARTESIAN_POINT('',(0.0532783320328248,-0.0144822855278248,0.00396958947883557));
#9818=CARTESIAN_POINT('',(0.0533530864272987,-0.0145266642770515,0.00398256366049459));
#9819=CARTESIAN_POINT('',(0.0534975389013498,-0.0146082788365878,0.0040047345018773));
#9820=CARTESIAN_POINT('',(0.0536334428619665,-0.0147639465276857,0.00403217063735484));
#9821=CARTESIAN_POINT('',(0.0536079895076396,-0.0148494145381933,0.00404050386648446));
#9822=CARTESIAN_POINT('',(0.0536079895076665,-0.0148494145381031,0.00404050386648446));
#9823=CARTESIAN_POINT('',(0.0536079895076665,-0.0148494145381031,0.0132500891436507));
#9824=CARTESIAN_POINT('',(0.0536080374161334,-0.014849252959121,0.0132500891436507));
#9825=CARTESIAN_POINT('',(0.053608037501767,-0.0148492529757761,0.0132500891436507));
#9826=CARTESIAN_POINT('',(0.0536284272921292,-0.0147804414305095,0.0132500891436507));
#9827=CARTESIAN_POINT('',(0.053537329838724,-0.0146479235574569,0.0132500891436507));
#9828=CARTESIAN_POINT('',(0.0533673012418009,-0.0145300808362388,0.0132500891436507));
#9829=CARTESIAN_POINT('',(0.0531747854871465,-0.0144276315350315,0.0132500891436507));
#9830=CARTESIAN_POINT('',(0.0529727014139741,-0.0142278322437125,0.0132500891436507));
#9831=CARTESIAN_POINT('',(0.0527456675542561,-0.0139460975354621,0.0132500891436507));
#9832=CARTESIAN_POINT('',(0.0525996131867135,-0.01370015104013,0.0132500891436507));
#9833=CARTESIAN_POINT('',(0.0525332644627976,-0.0135723611761186,0.0132500891436507));
#9834=CARTESIAN_POINT('',(0.0525332644607383,-0.0135723611721525,0.0132500891436507));
#9835=CARTESIAN_POINT('',(0.0525332644607383,-0.0135723611721525,0.00423308914365074));
#9836=CARTESIAN_POINT('',(0.052856712948045,-0.0130884384680522,0.0132500891436507));
#9837=CARTESIAN_POINT('',(0.052856712948045,-0.0130884384680522,0.0033149414942657));
#9838=CARTESIAN_POINT('',(0.0529988997942902,-0.0131007669533478,0.0132500891436507));
#9839=CARTESIAN_POINT('',(0.0529988997942902,-0.0131007669533478,0.0033149414942657));
#9840=CARTESIAN_POINT('',(0.0532823212629563,-0.0131417092830859,0.0132500891436507));
#9841=CARTESIAN_POINT('',(0.0532823212629563,-0.0131417092830859,0.00331494149426571));
#9842=CARTESIAN_POINT('',(0.0536246911154803,-0.013241988439993,0.0132500891436507));
#9843=CARTESIAN_POINT('',(0.0536246911154803,-0.013241988439993,0.0033149414942657));
#9844=CARTESIAN_POINT('',(0.0538899282436155,-0.0133526150420349,0.0132500891436507));
#9845=CARTESIAN_POINT('',(0.0538899282436155,-0.0133526150420349,0.00331494149426571));
#9846=CARTESIAN_POINT('',(0.0540569564743601,-0.0134898086715983,0.0132500891436507));
#9847=CARTESIAN_POINT('',(0.0540569564743601,-0.0134898086715983,0.0033149414942657));
#9848=CARTESIAN_POINT('',(0.0542317424388003,-0.013604128424989,0.0132500891436507));
#9849=CARTESIAN_POINT('',(0.0542317424388003,-0.013604128424989,0.0033149414942657));
#9850=CARTESIAN_POINT('',(0.0543916230452482,-0.0136386032370322,0.0132500891436509));
#9851=CARTESIAN_POINT('',(0.0543916230452482,-0.0136386032370322,0.00331494149426584));
#9852=CARTESIAN_POINT('',(0.0544476530631091,-0.0135931521268021,0.0132500891436508));
#9853=CARTESIAN_POINT('',(0.0544476530631091,-0.0135931521268021,0.00331494149426572));
#9854=CARTESIAN_POINT('',(0.0544476530725047,-0.0135931521191805,-0.00478391085634926));
#9855=CARTESIAN_POINT('',(0.0544475392900685,-0.0135932442214946,0.0132500891436507));
#9856=CARTESIAN_POINT('',(0.0544476530725047,-0.0135931521191805,0.0034270782285252));
#9857=CARTESIAN_POINT('',(0.0544476530725462,-0.0135931521191468,0.00342707822852521));
#9858=CARTESIAN_POINT('',(0.0544098167597928,-0.013623844638779,0.00345940237899516));
#9859=CARTESIAN_POINT('',(0.0542777753763405,-0.0136219789418749,0.00345694903802214));
#9860=CARTESIAN_POINT('',(0.0541878788872215,-0.0135705035242073,0.00340338643549748));
#9861=CARTESIAN_POINT('',(0.0541450771712203,-0.0135447129942945,0.00337419684803938));
#9862=CARTESIAN_POINT('',(0.0528567129463582,-0.013088438467906,0.00423308914365074));
#9863=CARTESIAN_POINT('',(0.0528567129463582,-0.013088438467906,0.0132500891436507));
#9864=CARTESIAN_POINT('',(0.0528567129508104,-0.013088438468292,0.0132500891436507));
#9865=CARTESIAN_POINT('',(0.0529985292192621,-0.0131007348224607,0.0132500891436507));
#9866=CARTESIAN_POINT('',(0.0532793949829613,-0.013140884089348,0.0132500891436507));
#9867=CARTESIAN_POINT('',(0.0536217456804353,-0.0132418119252805,0.0132500891436507));
#9868=CARTESIAN_POINT('',(0.0538824209154085,-0.0133480900541511,0.0132500891436507));
#9869=CARTESIAN_POINT('',(0.0540534761820588,-0.0134868088856452,0.0132500891436507));
#9870=CARTESIAN_POINT('',(0.0542292556448822,-0.0136030098947967,0.0132500891436507));
#9871=CARTESIAN_POINT('',(0.0543904281707323,-0.0136394593042782,0.0132500891436507));
#9872=CARTESIAN_POINT('',(0.0544475393248214,-0.0135932442777488,0.0132500891436507));
#9873=CARTESIAN_POINT('',(0.0529798291753099,-0.0169277664150527,0.0132500891436508));
#9874=CARTESIAN_POINT('',(0.0529798291753099,-0.0169277664150527,0.0040499430930615));
#9875=CARTESIAN_POINT('',(0.0529755445640005,-0.0168557371308821,0.0132500891436509));
#9876=CARTESIAN_POINT('',(0.0529755445640005,-0.0168557371308821,0.00404994309306162));
#9877=CARTESIAN_POINT('',(0.0528421661436205,-0.0167610725101471,0.0132500891436508));
#9878=CARTESIAN_POINT('',(0.0528421661436205,-0.0167610725101471,0.00404994309306149));
#9879=CARTESIAN_POINT('',(0.0526398030274116,-0.0167093605626345,0.0132500891436507));
#9880=CARTESIAN_POINT('',(0.0526398030274116,-0.0167093605626345,0.00404994309306149));
#9881=CARTESIAN_POINT('',(0.0524258100533029,-0.0166788524941774,0.0132500891436507));
#9882=CARTESIAN_POINT('',(0.0524258100533029,-0.0166788524941774,0.00404994309306149));
#9883=CARTESIAN_POINT('',(0.0521650794194883,-0.0165579596227249,0.0132500891436507));
#9884=CARTESIAN_POINT('',(0.0521650794194883,-0.0165579596227249,0.00404994309306149));
#9885=CARTESIAN_POINT('',(0.0518598863544466,-0.0163731920095176,0.0132500891436507));
#9886=CARTESIAN_POINT('',(0.0518598863544466,-0.0163731920095176,0.00404994309306149));
#9887=CARTESIAN_POINT('',(0.0516382690304329,-0.0161918200276961,0.0132500891436507));
#9888=CARTESIAN_POINT('',(0.0516382690304329,-0.0161918200276961,0.00404994309306149));
#9889=CARTESIAN_POINT('',(0.0515331442459481,-0.016095283311679,0.0132500891436507));
#9890=CARTESIAN_POINT('',(0.0515331442459481,-0.016095283311679,0.00404994309306149));
#9891=CARTESIAN_POINT('',(0.0529798291753099,-0.0169277664150527,0.0132500891436507));
#9892=CARTESIAN_POINT('',(0.0529798286778049,-0.0169277562687494,0.0132500891436507));
#9893=CARTESIAN_POINT('',(0.0529798285713669,-0.016927756269172,0.0132500891436507));
#9894=CARTESIAN_POINT('',(0.0529755607061788,-0.0168561088674183,0.0132500891436507));
#9895=CARTESIAN_POINT('',(0.0528446839844979,-0.0167626117235972,0.0132500891436507));
#9896=CARTESIAN_POINT('',(0.0526445782787349,-0.0167100029626462,0.0132500891436507));
#9897=CARTESIAN_POINT('',(0.0524286257645602,-0.0166795964137058,0.0132500891436507));
#9898=CARTESIAN_POINT('',(0.0521703240894936,-0.0165609707164921,0.0132500891436507));
#9899=CARTESIAN_POINT('',(0.051860596757549,-0.016373854943658,0.0132500891436507));
#9900=CARTESIAN_POINT('',(0.0516392105846576,-0.0161926846625512,0.0132500891436507));
#9901=CARTESIAN_POINT('',(0.0515331442459481,-0.016095283311679,0.0132500891436507));
#9902=CARTESIAN_POINT('',(0.0515331442426567,-0.0160952833086565,0.0132500891436507));
#9903=CARTESIAN_POINT('',(0.0515331442426567,-0.0160952833086565,0.00423308914365074));
#9904=CARTESIAN_POINT('',(0.051671578727916,-0.0155299107868051,0.0132500891436507));
#9905=CARTESIAN_POINT('',(0.051671578727916,-0.0155299107868051,0.0040499430930615));
#9906=CARTESIAN_POINT('',(0.0518094111470631,-0.015492864394784,0.0132500891436507));
#9907=CARTESIAN_POINT('',(0.0518094111470631,-0.015492864394784,0.0040499430930615));
#9908=CARTESIAN_POINT('',(0.052089751404465,-0.0154344011505115,0.0132500891436507));
#9909=CARTESIAN_POINT('',(0.052089751404465,-0.0154344011505115,0.0040499430930615));
#9910=CARTESIAN_POINT('',(0.0524457810058653,-0.0154115385326485,0.0132500891436508));
#9911=CARTESIAN_POINT('',(0.0524457810058653,-0.0154115385326485,0.00404994309306151));
#9912=CARTESIAN_POINT('',(0.0527328674474052,-0.0154247819019331,0.0132500891436507));
#9913=CARTESIAN_POINT('',(0.0527328674474052,-0.0154247819019331,0.0040499430930615));
#9914=CARTESIAN_POINT('',(0.0529367466026723,-0.0154965890287478,0.0132500891436508));
#9915=CARTESIAN_POINT('',(0.0529367466026723,-0.0154965890287478,0.00404994309306151));
#9916=CARTESIAN_POINT('',(0.053140104751828,-0.0155442242369113,0.0132500891436507));
#9917=CARTESIAN_POINT('',(0.053140104751828,-0.0155442242369113,0.00404994309306151));
#9918=CARTESIAN_POINT('',(0.0533021314297883,-0.0155219012934949,0.0132500891436507));
#9919=CARTESIAN_POINT('',(0.0533021314297883,-0.0155219012934949,0.0040499430930615));
#9920=CARTESIAN_POINT('',(0.0533392157094617,-0.0154600060518415,0.0132500891436507));
#9921=CARTESIAN_POINT('',(0.0533392157094617,-0.0154600060518415,0.0040499430930615));
#9922=CARTESIAN_POINT('',(0.0533392157094616,-0.0154600060518415,-0.00478391085634926));
#9923=CARTESIAN_POINT('',(0.0533391254737047,-0.0154601562327561,0.0132500891436507));
#9924=CARTESIAN_POINT('',(0.0516715787262809,-0.0155299107872446,0.00423308914365074));
#9925=CARTESIAN_POINT('',(0.0516715787262809,-0.0155299107872446,0.0132500891436507));
#9926=CARTESIAN_POINT('',(0.0516715787305964,-0.0155299107860847,0.0132500891436507));
#9927=CARTESIAN_POINT('',(0.0518090492996153,-0.0154929616518862,0.0132500891436507));
#9928=CARTESIAN_POINT('',(0.0520867111366746,-0.0154346275959963,0.0132500891436507));
#9929=CARTESIAN_POINT('',(0.0524429380266194,-0.0154123818329544,0.0132500891436507));
#9930=CARTESIAN_POINT('',(0.0527242442193224,-0.0154230934786488,0.0132500891436507));
#9931=CARTESIAN_POINT('',(0.0529324284318989,-0.0154949518621115,0.0132500891436507));
#9932=CARTESIAN_POINT('',(0.0531373527098904,-0.0155440204400368,0.0132500891436507));
#9933=CARTESIAN_POINT('',(0.0533012755446091,-0.015523125010569,0.0132500891436507));
#9934=CARTESIAN_POINT('',(0.0533391255498223,-0.0154601562882336,0.0132500891436507));
#9935=CARTESIAN_POINT('',(0.0531003817721691,-0.0190955787664395,0.0132500891436508));
#9936=CARTESIAN_POINT('',(0.0531003817721691,-0.0190955787664395,0.0040499430930615));
#9937=CARTESIAN_POINT('',(0.0530717134882903,-0.0190293640116832,0.0132500891436509));
#9938=CARTESIAN_POINT('',(0.0530717134882903,-0.0190293640116832,0.00404994309306165));
#9939=CARTESIAN_POINT('',(0.0529139996320127,-0.0189860362165371,0.0132500891436507));
#9940=CARTESIAN_POINT('',(0.0529139996320127,-0.0189860362165371,0.00404994309306148));
#9941=CARTESIAN_POINT('',(0.0527061574382813,-0.0190066581350201,0.0132500891436507));
#9942=CARTESIAN_POINT('',(0.0527061574382813,-0.0190066581350201,0.00404994309306149));
#9943=CARTESIAN_POINT('',(0.0524946364550969,-0.0190511761046573,0.0132500891436507));
#9944=CARTESIAN_POINT('',(0.0524946364550969,-0.0190511761046573,0.00404994309306149));
#9945=CARTESIAN_POINT('',(0.0522082847657511,-0.0190267482201816,0.0132500891436507));
#9946=CARTESIAN_POINT('',(0.0522082847657511,-0.0190267482201816,0.00404994309306149));
#9947=CARTESIAN_POINT('',(0.0518583059105794,-0.0189575053231848,0.0132500891436507));
#9948=CARTESIAN_POINT('',(0.0518583059105794,-0.0189575053231848,0.00404994309306148));
#9949=CARTESIAN_POINT('',(0.0515880232804817,-0.0188628696464673,0.0132500891436507));
#9950=CARTESIAN_POINT('',(0.0515880232804817,-0.0188628696464673,0.00404994309306149));
#9951=CARTESIAN_POINT('',(0.0514562219337251,-0.0188081100254537,0.0132500891436507));
#9952=CARTESIAN_POINT('',(0.0514562219337251,-0.0188081100254537,0.00404994309306149));
#9953=CARTESIAN_POINT('',(0.0531003817721691,-0.0190955787664395,0.0132500891436507));
#9954=CARTESIAN_POINT('',(0.0531003120691873,-0.0190954183242325,0.0132500891436507));
#9955=CARTESIAN_POINT('',(0.0531003121516364,-0.0190954182793068,0.0132500891436507));
#9956=CARTESIAN_POINT('',(0.0530717030233189,-0.0190295982335531,0.0132500891436507));
#9957=CARTESIAN_POINT('',(0.0529167384796795,-0.0189866349786404,0.0132500891436507));
#9958=CARTESIAN_POINT('',(0.0527107410489362,-0.0190056524413662,0.0132500891436507));
#9959=CARTESIAN_POINT('',(0.0524974132917417,-0.0190509210756119,0.0132500891436507));
#9960=CARTESIAN_POINT('',(0.0522141783034203,-0.0190277632833969,0.0132500891436507));
#9961=CARTESIAN_POINT('',(0.0518591650333221,-0.0189578777725542,0.0132500891436507));
#9962=CARTESIAN_POINT('',(0.0515891897970953,-0.0188633543001467,0.0132500891436507));
#9963=CARTESIAN_POINT('',(0.0514562219337251,-0.0188081100254537,0.0132500891436507));
#9964=CARTESIAN_POINT('',(0.0514562219295984,-0.0188081100237392,0.0132500891436507));
#9965=CARTESIAN_POINT('',(0.0514562219295984,-0.0188081100237392,0.00423308914365074));
#9966=CARTESIAN_POINT('',(0.0513929407296225,-0.0182294861324484,0.0132500891436507));
#9967=CARTESIAN_POINT('',(0.0513929407296225,-0.0182294861324484,0.0040499430930615));
#9968=CARTESIAN_POINT('',(0.0515097912060744,-0.0181475318064965,0.0132500891436507));
#9969=CARTESIAN_POINT('',(0.0515097912060744,-0.0181475318064965,0.0040499430930615));
#9970=CARTESIAN_POINT('',(0.0517532313960426,-0.0179967111951924,0.0132500891436507));
#9971=CARTESIAN_POINT('',(0.0517532313960426,-0.0179967111951924,0.0040499430930615));
#9972=CARTESIAN_POINT('',(0.0520799732523622,-0.0178534577074595,0.0132500891436507));
#9973=CARTESIAN_POINT('',(0.0520799732523622,-0.0178534577074595,0.0040499430930615));
#9974=CARTESIAN_POINT('',(0.0523542785384621,-0.0177677132936891,0.0132500891436507));
#9975=CARTESIAN_POINT('',(0.0523542785384621,-0.0177677132936891,0.00404994309306151));
#9976=CARTESIAN_POINT('',(0.0525704234883053,-0.017765462414909,0.0132500891436507));
#9977=CARTESIAN_POINT('',(0.0525704234883053,-0.017765462414909,0.0040499430930615));
#9978=CARTESIAN_POINT('',(0.0527778124705681,-0.0177406687773135,0.0132500891436507));
#9979=CARTESIAN_POINT('',(0.0527778124705681,-0.0177406687773135,0.0040499430930615));
#9980=CARTESIAN_POINT('',(0.0529224290342623,-0.0176642669677962,0.0132500891436507));
#9981=CARTESIAN_POINT('',(0.0529224290342623,-0.0176642669677962,0.00404994309306151));
#9982=CARTESIAN_POINT('',(0.0529361001865631,-0.0175934173856994,0.0132500891436507));
#9983=CARTESIAN_POINT('',(0.0529361001865631,-0.0175934173856994,0.00404994309306151));
#9984=CARTESIAN_POINT('',(0.052936100186563,-0.0175934173856994,-0.00478391085634926));
#9985=CARTESIAN_POINT('',(0.052936098370298,-0.0175934273567194,0.0132500891436507));
#9986=CARTESIAN_POINT('',(0.0513929407282363,-0.0182294861334206,0.00423308914365074));
#9987=CARTESIAN_POINT('',(0.0513929407282363,-0.0182294861334206,0.0132500891436507));
#9988=CARTESIAN_POINT('',(0.0513929407318948,-0.0182294861308547,0.0132500891436507));
#9989=CARTESIAN_POINT('',(0.0515094952553325,-0.0181477393750369,0.0132500891436507));
#9990=CARTESIAN_POINT('',(0.0517504866817836,-0.0179979456606687,0.0132500891436507));
#9991=CARTESIAN_POINT('',(0.0520776556709943,-0.0178551899213395,0.0132500891436507));
#9992=CARTESIAN_POINT('',(0.0523456949442904,-0.0177690594505866,0.0132500891436507));
#9993=CARTESIAN_POINT('',(0.0525659277314165,-0.0177653972987952,0.0132500891436507));
#9994=CARTESIAN_POINT('',(0.052775296149043,-0.0177414049110637,0.0132500891436507));
#9995=CARTESIAN_POINT('',(0.0529221712225185,-0.0176655709467296,0.0132500891436507));
#9996=CARTESIAN_POINT('',(0.0529360982648908,-0.0175934273423864,0.0132500891436507));
#9997=CARTESIAN_POINT('',(0.0539550658960933,-0.0210913968262978,0.0132500891436507));
#9998=CARTESIAN_POINT('',(0.0539550658960933,-0.0210913968262978,0.00398797305270262));
#9999=CARTESIAN_POINT('',(0.0539054632686203,-0.0210390066168021,0.0132500891436507));
#10000=CARTESIAN_POINT('',(0.0539054632686203,-0.0210390066168021,0.00398797305270262));
#10001=CARTESIAN_POINT('',(0.053742446676137,-0.0210522695739548,0.0132500891436507));
#10002=CARTESIAN_POINT('',(0.053742446676137,-0.0210522695739548,0.00398797305270262));
#10003=CARTESIAN_POINT('',(0.0535542073995096,-0.0211427408960653,0.0132500891436507));
#10004=CARTESIAN_POINT('',(0.0535542073995096,-0.0211427408960653,0.00398797305270261));
#10005=CARTESIAN_POINT('',(0.0533706665683078,-0.021256904216825,0.0132500891436507));
#10006=CARTESIAN_POINT('',(0.0533706665683078,-0.021256904216825,0.00398797305270262));
#10007=CARTESIAN_POINT('',(0.0530932365428103,-0.0213318809510332,0.0132500891436507));
#10008=CARTESIAN_POINT('',(0.0530932365428103,-0.0213318809510332,0.00398797305270262));
#10009=CARTESIAN_POINT('',(0.0527406903826043,-0.0213865084723315,0.0132500891436507));
#10010=CARTESIAN_POINT('',(0.0527406903826043,-0.0213865084723315,0.00398797305270262));
#10011=CARTESIAN_POINT('',(0.0524543485912946,-0.0213900209501327,0.0132500891436507));
#10012=CARTESIAN_POINT('',(0.0524543485912946,-0.0213900209501327,0.00398797305270262));
#10013=CARTESIAN_POINT('',(0.0523117709223273,-0.0213836422061308,0.0132500891436507));
#10014=CARTESIAN_POINT('',(0.0523117709223273,-0.0213836422061308,0.00398797305270262));
#10015=CARTESIAN_POINT('',(0.0534469174359427,-0.0212074168712177,0.004043214301754));
#10016=CARTESIAN_POINT('',(0.0535276783281462,-0.0211634838742306,0.00404682721363979));
#10017=CARTESIAN_POINT('',(0.0536762406461903,-0.0210710631023,0.00405022245343425));
#10018=CARTESIAN_POINT('',(0.0538907536786271,-0.0210234703597503,0.00405099671752673));
#10019=CARTESIAN_POINT('',(0.0539550659044473,-0.0210913968351212,0.00404936940021812));
#10020=CARTESIAN_POINT('',(0.0539550659044111,-0.0210913968350829,0.00404936940021812));
#10021=CARTESIAN_POINT('',(0.0539550659044111,-0.0210913968350829,0.0132500891436507));
#10022=CARTESIAN_POINT('',(0.0539514610969151,-0.0210878926439271,0.0132500891436507));
#10023=CARTESIAN_POINT('',(0.0539515341233391,-0.0210878175338546,0.0132500891436507));
#10024=CARTESIAN_POINT('',(0.0538998162921788,-0.0210375343767142,0.0132500891436507));
#10025=CARTESIAN_POINT('',(0.0537395256760606,-0.0210542067421978,0.0132500891436507));
#10026=CARTESIAN_POINT('',(0.0535533713019378,-0.0211432075017665,0.0132500891436507));
#10027=CARTESIAN_POINT('',(0.053368128136469,-0.0212579512769775,0.0132500891436507));
#10028=CARTESIAN_POINT('',(0.0530953371377232,-0.0213311353766719,0.0132500891436507));
#10029=CARTESIAN_POINT('',(0.0527397488909615,-0.0213867631414772,0.0132500891436507));
#10030=CARTESIAN_POINT('',(0.0524548857289923,-0.0213900449809918,0.0132500891436507));
#10031=CARTESIAN_POINT('',(0.0523117709223273,-0.0213836422061308,0.0132500891436507));
#10032=CARTESIAN_POINT('',(0.0523117709178628,-0.0213836422059311,0.0132500891436507));
#10033=CARTESIAN_POINT('',(0.0523117709178628,-0.0213836422059311,0.00423308914365074));
#10034=CARTESIAN_POINT('',(0.0520544103581108,-0.0208615642164452,0.0132500891436507));
#10035=CARTESIAN_POINT('',(0.0520544103581108,-0.0208615642164452,0.00404994309306149));
#10036=CARTESIAN_POINT('',(0.0521361825843064,-0.0207445883414567,0.0132500891436507));
#10037=CARTESIAN_POINT('',(0.0521361825843064,-0.0207445883414567,0.00404994309306149));
#10038=CARTESIAN_POINT('',(0.0523133550613105,-0.0205196042065218,0.0132500891436507));
#10039=CARTESIAN_POINT('',(0.0523133550613105,-0.0205196042065218,0.00404994309306149));
#10040=CARTESIAN_POINT('',(0.0525713918829118,-0.0202732389316423,0.0132500891436507));
#10041=CARTESIAN_POINT('',(0.0525713918829118,-0.0202732389316423,0.00404994309306149));
#10042=CARTESIAN_POINT('',(0.0527998236260259,-0.0200988480483217,0.0132500891436507));
#10043=CARTESIAN_POINT('',(0.0527998236260259,-0.0200988480483217,0.00404994309306149));
#10044=CARTESIAN_POINT('',(0.0530021588003105,-0.0200228013148539,0.0132500891436508));
#10045=CARTESIAN_POINT('',(0.0530021588003105,-0.0200228013148539,0.00404994309306149));
#10046=CARTESIAN_POINT('',(0.0531885592358108,-0.0199285800438323,0.0132500891436507));
#10047=CARTESIAN_POINT('',(0.0531885592358108,-0.0199285800438323,0.00404994309306148));
#10048=CARTESIAN_POINT('',(0.0532983367612519,-0.0198073369841972,0.0132500891436509));
#10049=CARTESIAN_POINT('',(0.0532983367612519,-0.0198073369841972,0.00404994309306165));
#10050=CARTESIAN_POINT('',(0.0532869668964838,-0.0197360856571563,0.0132500891436508));
#10051=CARTESIAN_POINT('',(0.0532869668964838,-0.0197360856571563,0.0040499430930615));
#10052=CARTESIAN_POINT('',(0.0532869668964839,-0.0197360856571563,-0.00478391085634926));
#10053=CARTESIAN_POINT('',(0.0532869931946484,-0.0197362517406275,0.0132500891436507));
#10054=CARTESIAN_POINT('',(0.0520544103571408,-0.0208615642178328,0.00423308914365074));
#10055=CARTESIAN_POINT('',(0.0520544103571408,-0.0208615642178328,0.0132500891436507));
#10056=CARTESIAN_POINT('',(0.0520544103597011,-0.0208615642141703,0.0132500891436507));
#10057=CARTESIAN_POINT('',(0.0521359682943157,-0.0207448948856174,0.0132500891436507));
#10058=CARTESIAN_POINT('',(0.0523111730221225,-0.0205217304367656,0.0132500891436507));
#10059=CARTESIAN_POINT('',(0.052569758603447,-0.0202757096974986,0.0132500891436507));
#10060=CARTESIAN_POINT('',(0.0527921371319241,-0.0201030949994543,0.0132500891436507));
#10061=CARTESIAN_POINT('',(0.0529978039690824,-0.0200243210328803,0.0132500891436507));
#10062=CARTESIAN_POINT('',(0.0531863267022257,-0.0199301883558395,0.0132500891436507));
#10063=CARTESIAN_POINT('',(0.0532984708828187,-0.019808818503371,0.0132500891436507));
#10064=CARTESIAN_POINT('',(0.0532869932813433,-0.0197362517353804,0.0132500891436507));
#10065=CARTESIAN_POINT('',(0.0554407727636713,-0.0226745337226553,0.0132500891436507));
#10066=CARTESIAN_POINT('',(0.0554407727636713,-0.0226745337226553,0.00304694005441408));
#10067=CARTESIAN_POINT('',(0.0553762324981174,-0.0226423165965835,0.0132500891436507));
#10068=CARTESIAN_POINT('',(0.0553762324981174,-0.0226423165965835,0.00304694005441408));
#10069=CARTESIAN_POINT('',(0.0552276105182383,-0.0227105868892386,0.0132500891436507));
#10070=CARTESIAN_POINT('',(0.0552276105182383,-0.0227105868892386,0.00304694005441408));
#10071=CARTESIAN_POINT('',(0.0550816933700021,-0.022859985912293,0.0132500891436507));
#10072=CARTESIAN_POINT('',(0.0550816933700021,-0.022859985912293,0.00304694005441408));
#10073=CARTESIAN_POINT('',(0.0549482561726028,-0.0230300186502161,0.0132500891436507));
#10074=CARTESIAN_POINT('',(0.0549482561726028,-0.0230300186502161,0.00304694005441408));
#10075=CARTESIAN_POINT('',(0.0547132079715258,-0.0231953464808205,0.0132500891436507));
#10076=CARTESIAN_POINT('',(0.0547132079715258,-0.0231953464808205,0.00304694005441407));
#10077=CARTESIAN_POINT('',(0.0544006167221462,-0.0233672447136421,0.0132500891436507));
#10078=CARTESIAN_POINT('',(0.0544006167221462,-0.0233672447136421,0.00304694005441409));
#10079=CARTESIAN_POINT('',(0.0541327560532705,-0.0234684737996459,0.0132500891436507));
#10080=CARTESIAN_POINT('',(0.0541327560532705,-0.0234684737996459,0.00304694005441408));
#10081=CARTESIAN_POINT('',(0.0539966009077052,-0.0235112415954836,0.0132500891436507));
#10082=CARTESIAN_POINT('',(0.0539966009077052,-0.0235112415954836,0.00304694005441408));
#10083=CARTESIAN_POINT('',(0.0552096989871338,-0.0227408331846347,0.00310779382631807));
#10084=CARTESIAN_POINT('',(0.0552372456550319,-0.0227194441114974,0.00314211290119079));
#10085=CARTESIAN_POINT('',(0.0552923536628517,-0.0226740786620019,0.0032089461781033));
#10086=CARTESIAN_POINT('',(0.0554030828236817,-0.0226557197072828,0.003233916558217));
#10087=CARTESIAN_POINT('',(0.0554407727636712,-0.0226745337226553,0.00320740478718862));
#10088=CARTESIAN_POINT('',(0.0554407727636596,-0.0226745337226495,0.00320740478718625));
#10089=CARTESIAN_POINT('',(0.0554407727636596,-0.0226745337226495,0.0132500891436507));
#10090=CARTESIAN_POINT('',(0.0554406840348443,-0.0226744895096631,0.0132500891436507));
#10091=CARTESIAN_POINT('',(0.0554406840411193,-0.0226744894791029,0.0132500891436507));
#10092=CARTESIAN_POINT('',(0.0553764462618047,-0.0226424882977846,0.0132500891436507));
#10093=CARTESIAN_POINT('',(0.0552301536007111,-0.0227092342644329,0.0132500891436507));
#10094=CARTESIAN_POINT('',(0.0550845923594278,-0.0228562242602382,0.0132500891436508));
#10095=CARTESIAN_POINT('',(0.0549502512579246,-0.0230280085375896,0.0132500891436507));
#10096=CARTESIAN_POINT('',(0.0547184124906455,-0.0231923162862537,0.0132500891436507));
#10097=CARTESIAN_POINT('',(0.0544015351930444,-0.0233669686081508,0.0132500891436507));
#10098=CARTESIAN_POINT('',(0.0541339672054278,-0.023468093363725,0.0132500891436507));
#10099=CARTESIAN_POINT('',(0.0539966009077051,-0.0235112415954836,0.0132500891436507));
#10100=CARTESIAN_POINT('',(0.053996600903441,-0.0235112415968229,0.0132500891436507));
#10101=CARTESIAN_POINT('',(0.0539966009034411,-0.0235112415968229,0.00423308914365074));
#10102=CARTESIAN_POINT('',(0.0535762126941494,-0.023108681683189,0.0132500891436507));
#10103=CARTESIAN_POINT('',(0.0535762126941494,-0.023108681683189,0.00374103404490483));
#10104=CARTESIAN_POINT('',(0.0536130435413839,-0.0229707966483942,0.0132500891436507));
#10105=CARTESIAN_POINT('',(0.0536130435413839,-0.0229707966483942,0.00374103404490483));
#10106=CARTESIAN_POINT('',(0.0537025777788791,-0.0226987922679767,0.0132500891436507));
#10107=CARTESIAN_POINT('',(0.0537025777788791,-0.0226987922679767,0.00374103404490484));
#10108=CARTESIAN_POINT('',(0.0538607820287309,-0.0223790381308338,0.0132500891436507));
#10109=CARTESIAN_POINT('',(0.0538607820287309,-0.0223790381308338,0.00374103404490484));
#10110=CARTESIAN_POINT('',(0.0540157823740977,-0.0221370413723804,0.0132500891436507));
#10111=CARTESIAN_POINT('',(0.0540157823740977,-0.0221370413723804,0.00374103404490483));
#10112=CARTESIAN_POINT('',(0.0541798902085807,-0.0219963697896538,0.0132500891436507));
#10113=CARTESIAN_POINT('',(0.0541798902085807,-0.0219963697896538,0.00374103404490483));
#10114=CARTESIAN_POINT('',(0.0543228266534609,-0.0218440980957713,0.0132500891436507));
#10115=CARTESIAN_POINT('',(0.0543228266534609,-0.0218440980957713,0.00374103404490484));
#10116=CARTESIAN_POINT('',(0.054384556526818,-0.0216926392269235,0.013250089143651));
#10117=CARTESIAN_POINT('',(0.054384556526818,-0.0216926392269235,0.00374103404490512));
#10118=CARTESIAN_POINT('',(0.0543495388380798,-0.0216295640355783,0.0132500891436508));
#10119=CARTESIAN_POINT('',(0.0543495388380798,-0.0216295640355783,0.00374103404490487));
#10120=CARTESIAN_POINT('',(0.0543495388322093,-0.0216295640250042,-0.00478391085634926));
#10121=CARTESIAN_POINT('',(0.0543496033580531,-0.0216296805124442,0.0132500891436507));
#10122=CARTESIAN_POINT('',(0.0543495388322093,-0.0216295640250042,0.00396214728048361));
#10123=CARTESIAN_POINT('',(0.0543495388321916,-0.0216295640249721,0.00396214728048361));
#10124=CARTESIAN_POINT('',(0.0543885025791494,-0.0216997470062515,0.00394063704297311));
#10125=CARTESIAN_POINT('',(0.0543114911670127,-0.0218602099129837,0.00388013998843507));
#10126=CARTESIAN_POINT('',(0.054209410035893,-0.0219638347879764,0.00382659713818753));
#10127=CARTESIAN_POINT('',(0.0541537853104987,-0.0220156989920064,0.00379774809121963));
#10128=CARTESIAN_POINT('',(0.0535762126937124,-0.0231086816848249,0.00423308914365074));
#10129=CARTESIAN_POINT('',(0.0535762126937124,-0.0231086816848249,0.0132500891436507));
#10130=CARTESIAN_POINT('',(0.0535762126948657,-0.0231086816805072,0.0132500891436507));
#10131=CARTESIAN_POINT('',(0.0536129478752557,-0.0229711547983605,0.0132500891436507));
#10132=CARTESIAN_POINT('',(0.0537012584660442,-0.0227015272980779,0.0132500891436507));
#10133=CARTESIAN_POINT('',(0.0538600994260226,-0.0223819018573117,0.0132500891436507));
#10134=CARTESIAN_POINT('',(0.0540100289291663,-0.0221436414735785,0.0132500891436507));
#10135=CARTESIAN_POINT('',(0.0541763400551376,-0.021999269636852,0.0132500891436507));
#10136=CARTESIAN_POINT('',(0.0543213020901937,-0.0218463406081502,0.0132500891436507));
#10137=CARTESIAN_POINT('',(0.0543851938221957,-0.0216939518976412,0.0132500891436507));
#10138=CARTESIAN_POINT('',(0.0543496034096005,-0.0216296804934139,0.0132500891436507));
#10139=CARTESIAN_POINT('',(0.0574314108787573,-0.0236627176708568,0.0132500891436507));
#10140=CARTESIAN_POINT('',(0.0574314108787573,-0.0236627176708568,-0.00478391085634927));
#10141=CARTESIAN_POINT('',(0.0573940659638163,-0.0236564820145386,0.0132500891436507));
#10142=CARTESIAN_POINT('',(0.0573940659638163,-0.0236564820145386,-0.00478391085634927));
#10143=CARTESIAN_POINT('',(0.0573189997380239,-0.0236443788439116,0.0132500891436509));
#10144=CARTESIAN_POINT('',(0.0573189997380239,-0.0236443788439116,-0.00478391085634916));
#10145=CARTESIAN_POINT('',(0.0572015941888302,-0.0237505214000572,0.0132500891436508));
#10146=CARTESIAN_POINT('',(0.0572015941888302,-0.0237505214000572,-0.00478391085634924));
#10147=CARTESIAN_POINT('',(0.0571154501970491,-0.0239156746140981,0.0132500891436507));
#10148=CARTESIAN_POINT('',(0.0571154501970491,-0.0239156746140981,-0.00478391085634929));
#10149=CARTESIAN_POINT('',(0.0570511794203855,-0.0241264323824114,0.0132500891436507));
#10150=CARTESIAN_POINT('',(0.0570511794203855,-0.0241264323824114,-0.00478391085634927));
#10151=CARTESIAN_POINT('',(0.0568901811775232,-0.0243751344526421,0.0132500891436507));
#10152=CARTESIAN_POINT('',(0.0568901811775232,-0.0243751344526421,-0.00478391085634928));
#10153=CARTESIAN_POINT('',(0.0566468435538858,-0.024651534787739,0.0132500891436507));
#10154=CARTESIAN_POINT('',(0.0566468435538858,-0.024651534787739,-0.00478391085634928));
#10155=CARTESIAN_POINT('',(0.0564242766985457,-0.0248448925698541,0.0132500891436507));
#10156=CARTESIAN_POINT('',(0.0564242766985457,-0.0248448925698541,-0.00478391085634928));
#10157=CARTESIAN_POINT('',(0.0563075034407204,-0.024934294168564,0.0132500891436507));
#10158=CARTESIAN_POINT('',(0.0563075034407204,-0.024934294168564,-0.00478391085634928));
#10159=CARTESIAN_POINT('',(0.0563075034393734,-0.0249342941695953,0.00423308914365074));
#10160=CARTESIAN_POINT('',(0.0563075034393734,-0.0249342941695953,-0.00478391085634926));
#10161=CARTESIAN_POINT('',(0.0563075034429228,-0.0249342941668779,-0.00478391085634926));
#10162=CARTESIAN_POINT('',(0.0564204000641203,-0.0248478605205757,-0.00478391085634926));
#10163=CARTESIAN_POINT('',(0.0566359555986311,-0.0246630131452148,-0.00478391085634926));
#10164=CARTESIAN_POINT('',(0.0568696973318144,-0.0243948364131459,-0.00478391085634926));
#10165=CARTESIAN_POINT('',(0.0570325769362965,-0.0241658778739972,-0.00478391085634926));
#10166=CARTESIAN_POINT('',(0.0571028803235231,-0.0239564062096959,-0.00478391085634926));
#10167=CARTESIAN_POINT('',(0.0571885906824661,-0.0237636491642139,-0.00478391085634926));
#10168=CARTESIAN_POINT('',(0.0573051074881667,-0.023645793081386,-0.00478391085634926));
#10169=CARTESIAN_POINT('',(0.057378272171576,-0.0236540779997259,-0.00478391085634926));
#10170=CARTESIAN_POINT('',(0.057378272177788,-0.023654078005553,-0.00478391085634926));
#10171=CARTESIAN_POINT('',(0.0573783125944315,-0.0236540825838729,0.0132500891436507));
#10172=CARTESIAN_POINT('',(0.057378272177788,-0.0236540780055529,0.0132500891436507));
#10173=CARTESIAN_POINT('',(0.057378272171576,-0.0236540779997259,0.0132500891436507));
#10174=CARTESIAN_POINT('',(0.0573069613930093,-0.0236460030152531,0.0132500891436507));
#10175=CARTESIAN_POINT('',(0.0571923564897412,-0.0237587851015934,0.0132500891436507));
#10176=CARTESIAN_POINT('',(0.0571058626585537,-0.0239466977530095,0.0132500891436507));
#10177=CARTESIAN_POINT('',(0.0570383569304951,-0.0241540621872905,0.0132500891436507));
#10178=CARTESIAN_POINT('',(0.0568767054526733,-0.0243877410331621,0.0132500891436507));
#10179=CARTESIAN_POINT('',(0.0566386698392379,-0.0246602315497049,0.0132500891436507));
#10180=CARTESIAN_POINT('',(0.0564218263423001,-0.0248467685623046,0.0132500891436507));
#10181=CARTESIAN_POINT('',(0.0563075034429229,-0.0249342941668778,0.0132500891436507));
#10182=CARTESIAN_POINT('',(0.0563075034393735,-0.0249342941695953,0.0132500891436507));
#10183=CARTESIAN_POINT('',(0.0563075034393734,-0.0249342941695953,0.00423308914365074));
#10184=CARTESIAN_POINT('',(0.0557748047462238,-0.0246998009542687,0.0132500891436507));
#10185=CARTESIAN_POINT('',(0.0557748047462238,-0.0246998009542687,-0.00478391085634934));
#10186=CARTESIAN_POINT('',(0.0557618857558989,-0.0245534632050488,0.0132500891436507));
#10187=CARTESIAN_POINT('',(0.0557618857558989,-0.0245534632050488,-0.00478391085634934));
#10188=CARTESIAN_POINT('',(0.0557541153168244,-0.0242590486689192,0.0132500891436507));
#10189=CARTESIAN_POINT('',(0.0557541153168244,-0.0242590486689192,-0.00478391085634934));
#10190=CARTESIAN_POINT('',(0.0557936371940375,-0.0238933472351183,0.0132500891436507));
#10191=CARTESIAN_POINT('',(0.0557936371940375,-0.0238933472351183,-0.00478391085634933));
#10192=CARTESIAN_POINT('',(0.0558678103617809,-0.0236068726661911,0.0132500891436507));
#10193=CARTESIAN_POINT('',(0.0558678103617809,-0.0236068726661911,-0.00478391085634933));
#10194=CARTESIAN_POINT('',(0.0559797323365578,-0.023417162054192,0.0132500891436507));
#10195=CARTESIAN_POINT('',(0.0559797323365578,-0.023417162054192,-0.00478391085634936));
#10196=CARTESIAN_POINT('',(0.0560434068895818,-0.0232428103411283,0.0132500891436508));
#10197=CARTESIAN_POINT('',(0.0560434068895818,-0.0232428103411283,-0.00478391085634926));
#10198=CARTESIAN_POINT('',(0.0560435068619011,-0.0230843642031529,0.013250089143651));
#10199=CARTESIAN_POINT('',(0.0560435068619011,-0.0230843642031529,-0.0047839108563491));
#10200=CARTESIAN_POINT('',(0.0559848507967265,-0.0230366848939567,0.0132500891436508));
#10201=CARTESIAN_POINT('',(0.0559848507967265,-0.0230366848939567,-0.00478391085634932));
#10202=CARTESIAN_POINT('',(0.0559550453042436,-0.0230133950799569,0.0132500891436508));
#10203=CARTESIAN_POINT('',(0.0559550453042436,-0.0230133950799569,-0.00478391085634926));
#10204=CARTESIAN_POINT('',(0.0557748047463727,-0.0246998009559556,0.00423308914365074));
#10205=CARTESIAN_POINT('',(0.0557748047463727,-0.0246998009559556,0.0132500891436507));
#10206=CARTESIAN_POINT('',(0.0557748047459797,-0.0246998009515032,0.0132500891436507));
#10207=CARTESIAN_POINT('',(0.0557622867655966,-0.0245580055736596,0.0132500891436507));
#10208=CARTESIAN_POINT('',(0.0557530529153945,-0.0242744382333622,0.0132500891436507));
#10209=CARTESIAN_POINT('',(0.0557929881306795,-0.0239197649073942,0.0132500891436507));
#10210=CARTESIAN_POINT('',(0.0558523867597567,-0.0236445979902771,0.0132500891436507));
#10211=CARTESIAN_POINT('',(0.0559592729149412,-0.0234520476976413,0.0132500891436507));
#10212=CARTESIAN_POINT('',(0.0560431957338077,-0.0232587669307104,0.0132500891436507));
#10213=CARTESIAN_POINT('',(0.0560511523200404,-0.0230937291156815,0.0132500891436507));
#10214=CARTESIAN_POINT('',(0.0559957425840942,-0.0230454903175522,0.0132500891436507));
#10215=CARTESIAN_POINT('',(0.0559957425646294,-0.0230454903281051,0.0132500891436507));
#10216=CARTESIAN_POINT('',(0.0559956805766985,-0.0230454363715141,-0.00478391085634926));
#10217=CARTESIAN_POINT('',(0.0559957425646263,-0.0230454903281016,-0.00478391085634926));
#10218=CARTESIAN_POINT('',(0.0559957425840907,-0.0230454903175491,-0.00478391085634926));
#10219=CARTESIAN_POINT('',(0.0560498715414306,-0.0230926140970638,-0.00478391085634926));
#10220=CARTESIAN_POINT('',(0.0560441283659843,-0.0232533101433018,-0.00478391085634926));
#10221=CARTESIAN_POINT('',(0.0559639689963413,-0.0234440157631264,-0.00478391085634926));
#10222=CARTESIAN_POINT('',(0.0558566202543418,-0.0236338422893879,-0.00478391085634926));
#10223=CARTESIAN_POINT('',(0.0557934591630146,-0.0239108894612187,-0.00478391085634926));
#10224=CARTESIAN_POINT('',(0.0557532604683827,-0.0242704721020843,-0.00478391085634926));
#10225=CARTESIAN_POINT('',(0.0557621428240335,-0.0245563751010702,-0.00478391085634926));
#10226=CARTESIAN_POINT('',(0.0557748047459797,-0.0246998009515031,-0.00478391085634926));
#10227=CARTESIAN_POINT('',(0.0557748047463727,-0.0246998009559557,-0.00478391085634926));
#10228=CARTESIAN_POINT('',(0.0557748047463727,-0.0246998009559556,0.00423308914365074));
#10229=CARTESIAN_POINT('',(0.0595868966547359,-0.0239018223353299,0.0132500891436507));
#10230=CARTESIAN_POINT('',(0.0595868966547359,-0.02390182233533,-0.0047839108563493));
#10231=CARTESIAN_POINT('',(0.0595496860230771,-0.0239087674919573,0.0132500891436507));
#10232=CARTESIAN_POINT('',(0.0595496860230771,-0.0239087674919573,-0.0047839108563493));
#10233=CARTESIAN_POINT('',(0.0594750249815579,-0.0239231115923635,0.0132500891436509));
#10234=CARTESIAN_POINT('',(0.0594750249815579,-0.0239231115923635,-0.0047839108563492));
#10235=CARTESIAN_POINT('',(0.0594010501133218,-0.0240630284714049,0.0132500891436508));
#10236=CARTESIAN_POINT('',(0.0594010501133218,-0.0240630284714049,-0.00478391085634927));
#10237=CARTESIAN_POINT('',(0.0593766192846807,-0.0242476845488693,0.0132500891436507));
#10238=CARTESIAN_POINT('',(0.0593766192846807,-0.0242476845488694,-0.00478391085634932));
#10239=CARTESIAN_POINT('',(0.0593882820373793,-0.0244677023314048,0.0132500891436507));
#10240=CARTESIAN_POINT('',(0.0593882820373793,-0.0244677023314048,-0.0047839108563493));
#10241=CARTESIAN_POINT('',(0.059322052204297,-0.0247564610323489,0.0132500891436507));
#10242=CARTESIAN_POINT('',(0.059322052204297,-0.0247564610323489,-0.0047839108563493));
#10243=CARTESIAN_POINT('',(0.0591879199989001,-0.0250994044039168,0.0132500891436507));
#10244=CARTESIAN_POINT('',(0.0591879199989001,-0.0250994044039168,-0.00478391085634931));
#10245=CARTESIAN_POINT('',(0.0590449109218783,-0.0253572145320935,0.0132500891436507));
#10246=CARTESIAN_POINT('',(0.0590449109218783,-0.0253572145320935,-0.00478391085634931));
#10247=CARTESIAN_POINT('',(0.0589657586390075,-0.0254811588247447,0.0132500891436507));
#10248=CARTESIAN_POINT('',(0.0589657586390075,-0.0254811588247447,-0.00478391085634931));
#10249=CARTESIAN_POINT('',(0.0589657586380943,-0.0254811588261746,0.00423308914365074));
#10250=CARTESIAN_POINT('',(0.0589657586380943,-0.0254811588261746,-0.00478391085634926));
#10251=CARTESIAN_POINT('',(0.0589657586405006,-0.0254811588224067,-0.00478391085634926));
#10252=CARTESIAN_POINT('',(0.0590422829913334,-0.0253613295991552,-0.00478391085634926));
#10253=CARTESIAN_POINT('',(0.0591816133751995,-0.025113915806876,-0.00478391085634926));
#10254=CARTESIAN_POINT('',(0.0593095422034115,-0.024781981146902,-0.00478391085634926));
#10255=CARTESIAN_POINT('',(0.0593842911765951,-0.0245111277020108,-0.00478391085634926));
#10256=CARTESIAN_POINT('',(0.0593787338220593,-0.0242902496774774,-0.00478391085634926));
#10257=CARTESIAN_POINT('',(0.0593933352795617,-0.0240798098313365,-0.00478391085634926));
#10258=CARTESIAN_POINT('',(0.0594624504742657,-0.0239292012534753,-0.00478391085634926));
#10259=CARTESIAN_POINT('',(0.0595340234352997,-0.0239119225626553,-0.00478391085634926));
#10260=CARTESIAN_POINT('',(0.0595340234412683,-0.0239119225612144,-0.00478391085634926));
#10261=CARTESIAN_POINT('',(0.0595340234412683,-0.0239119225612144,0.0132500891436507));
#10262=CARTESIAN_POINT('',(0.0595340234412683,-0.0239119225612144,0.0132500891436507));
#10263=CARTESIAN_POINT('',(0.0595340234352997,-0.0239119225626553,0.0132500891436507));
#10264=CARTESIAN_POINT('',(0.0594642626310306,-0.0239287637777716,0.0132500891436507));
#10265=CARTESIAN_POINT('',(0.0593952059921729,-0.0240739577712318,0.0132500891436507));
#10266=CARTESIAN_POINT('',(0.059378217262314,-0.0242801135304497,0.0132500891436507));
#10267=CARTESIAN_POINT('',(0.059385680162594,-0.0244980605049156,0.0132500891436507));
#10268=CARTESIAN_POINT('',(0.0593137019685029,-0.0247729092370058,0.0132500891436507));
#10269=CARTESIAN_POINT('',(0.0591832155434395,-0.0251103694982458,0.0132500891436507));
#10270=CARTESIAN_POINT('',(0.0590432497410517,-0.0253598157693464,0.0132500891436507));
#10271=CARTESIAN_POINT('',(0.0589657586405007,-0.0254811588224065,0.0132500891436507));
#10272=CARTESIAN_POINT('',(0.0589657586380943,-0.0254811588261746,0.0132500891436507));
#10273=CARTESIAN_POINT('',(0.0589657586380943,-0.0254811588261746,0.00423308914365074));
#10274=CARTESIAN_POINT('',(0.0583850093125607,-0.0254430023185947,0.0132500891436507));
#10275=CARTESIAN_POINT('',(0.0583850093125607,-0.0254430023185947,-0.00478391085634926));
#10276=CARTESIAN_POINT('',(0.0583222139294387,-0.0253086162023905,0.0132500891436507));
#10277=CARTESIAN_POINT('',(0.0583222139294387,-0.0253086162023905,-0.00478391085634926));
#10278=CARTESIAN_POINT('',(0.0582128655709189,-0.0250318658038774,0.0132500891436507));
#10279=CARTESIAN_POINT('',(0.0582128655709189,-0.0250318658038774,-0.00478391085634925));
#10280=CARTESIAN_POINT('',(0.0581263824252322,-0.024671097549376,0.0132500891436507));
#10281=CARTESIAN_POINT('',(0.0581263824252322,-0.024671097549376,-0.00478391085634926));
#10282=CARTESIAN_POINT('',(0.0580969344171582,-0.0243733136475537,0.0132500891436507));
#10283=CARTESIAN_POINT('',(0.0580969344171582,-0.0243733136475537,-0.00478391085634925));
#10284=CARTESIAN_POINT('',(0.0581426092354896,-0.0241552785483794,0.0132500891436507));
#10285=CARTESIAN_POINT('',(0.0581426092354896,-0.0241552785483794,-0.00478391085634926));
#10286=CARTESIAN_POINT('',(0.0581387308470266,-0.0239651729816868,0.0132500891436507));
#10287=CARTESIAN_POINT('',(0.0581387308470266,-0.0239651729816868,-0.00478391085634926));
#10288=CARTESIAN_POINT('',(0.0580734058454541,-0.0238270429032816,0.0132500891436507));
#10289=CARTESIAN_POINT('',(0.0580734058454541,-0.0238270429032816,-0.00478391085634925));
#10290=CARTESIAN_POINT('',(0.0579980932436126,-0.0238010712426192,0.0132500891436507));
#10291=CARTESIAN_POINT('',(0.0579980932436126,-0.0238010712426192,-0.00478391085634926));
#10292=CARTESIAN_POINT('',(0.0579631540626827,-0.0237887704322636,0.0132500891436507));
#10293=CARTESIAN_POINT('',(0.0579631540626827,-0.0237887704322636,-0.00478391085634926));
#10294=CARTESIAN_POINT('',(0.0583850093132978,-0.0254430023201721,0.00423308914365074));
#10295=CARTESIAN_POINT('',(0.0583850093132978,-0.0254430023201721,0.0132500891436507));
#10296=CARTESIAN_POINT('',(0.0583850093113413,-0.0254430023159849,0.0132500891436507));
#10297=CARTESIAN_POINT('',(0.0583248589433743,-0.0253142766998729,0.0132500891436507));
#10298=CARTESIAN_POINT('',(0.0582186915103765,-0.0250512397216788,0.0132500891436507));
#10299=CARTESIAN_POINT('',(0.0581370574554356,-0.0247052885360625,0.0132500891436507));
#10300=CARTESIAN_POINT('',(0.0580953634781681,-0.0244256972487256,0.0132500891436507));
#10301=CARTESIAN_POINT('',(0.0581322589396627,-0.0242081926164787,0.0132500891436507));
#10302=CARTESIAN_POINT('',(0.0581460004704614,-0.0239958273366743,0.0132500891436507));
#10303=CARTESIAN_POINT('',(0.058091342295952,-0.0238476337208032,0.0132500891436507));
#10304=CARTESIAN_POINT('',(0.0580260467635148,-0.0238145426696735,0.0132500891436507));
#10305=CARTESIAN_POINT('',(0.0580265424414406,-0.0238135645938678,0.0132500891436507));
#10306=CARTESIAN_POINT('',(0.0580200828605927,-0.0238116036484775,0.0132500891436507));
#10307=CARTESIAN_POINT('',(0.058026445668952,-0.0238137119063649,-0.00478391085184075));
#10308=CARTESIAN_POINT('',(0.0580260292229499,-0.0238145337810669,-0.00478391085634926));
#10309=CARTESIAN_POINT('',(0.058091316835518,-0.0238476151833564,-0.00478391085634926));
#10310=CARTESIAN_POINT('',(0.0581459169298616,-0.0239947910763507,-0.00478391085634926));
#10311=CARTESIAN_POINT('',(0.0581322267435598,-0.0242094015730141,-0.00478391085634926));
#10312=CARTESIAN_POINT('',(0.0580953894068937,-0.0244233669119725,-0.00478391085634926));
#10313=CARTESIAN_POINT('',(0.0581369106196567,-0.0247058758539582,-0.00478391085634926));
#10314=CARTESIAN_POINT('',(0.0582188050985217,-0.0250511382665977,-0.00478391085634926));
#10315=CARTESIAN_POINT('',(0.0583246888502058,-0.0253139126900791,-0.00478391085634926));
#10316=CARTESIAN_POINT('',(0.0583850093113413,-0.0254430023159849,-0.00478391085634926));
#10317=CARTESIAN_POINT('',(0.0583850093132978,-0.0254430023201721,-0.00478391085634926));
#10318=CARTESIAN_POINT('',(0.0583850093132978,-0.0254430023201721,0.00423308914365074));
#10319=CARTESIAN_POINT('',(0.0616941717748515,-0.0233893223960567,0.0132500891436507));
#10320=CARTESIAN_POINT('',(0.0616941717748515,-0.0233893223960568,-0.00478391085634926));
#10321=CARTESIAN_POINT('',(0.0616616043364112,-0.0234085993872018,0.0132500891436507));
#10322=CARTESIAN_POINT('',(0.0616616043364112,-0.0234085993872018,-0.00478391085634926));
#10323=CARTESIAN_POINT('',(0.0615963818347593,-0.0234476470555084,0.0132500891436507));
#10324=CARTESIAN_POINT('',(0.0615963818347593,-0.0234476470555084,-0.00478391085634926));
#10325=CARTESIAN_POINT('',(0.0615747715443867,-0.0236044296355841,0.0132500891436507));
#10326=CARTESIAN_POINT('',(0.0615747715443867,-0.0236044296355841,-0.00478391085634926));
#10327=CARTESIAN_POINT('',(0.0616149991902996,-0.0237862948317901,0.0132500891436507));
#10328=CARTESIAN_POINT('',(0.0616149991902995,-0.0237862948317901,-0.00478391085634926));
#10329=CARTESIAN_POINT('',(0.0617011821124114,-0.0239890531708051,0.0132500891436507));
#10330=CARTESIAN_POINT('',(0.0617011821124114,-0.0239890531708051,-0.00478391085634926));
#10331=CARTESIAN_POINT('',(0.0617377027194526,-0.0242830419136367,0.0132500891436507));
#10332=CARTESIAN_POINT('',(0.0617377027194526,-0.0242830419136367,-0.00478391085634926));
#10333=CARTESIAN_POINT('',(0.0617289447824796,-0.0246511678653856,0.0132500891436507));
#10334=CARTESIAN_POINT('',(0.0617289447824795,-0.0246511678653856,-0.00478391085634926));
#10335=CARTESIAN_POINT('',(0.0616827361890201,-0.0249423331090628,0.0132500891436507));
#10336=CARTESIAN_POINT('',(0.0616827361890201,-0.0249423331090628,-0.00478391085634926));
#10337=CARTESIAN_POINT('',(0.0616507486629384,-0.0250858698244605,0.0132500891436507));
#10338=CARTESIAN_POINT('',(0.0616507486629384,-0.0250858698244605,-0.00478391085634926));
#10339=CARTESIAN_POINT('',(0.0616507486625693,-0.0250858698261169,0.00423308914365074));
#10340=CARTESIAN_POINT('',(0.0616507486625693,-0.0250858698261169,-0.00478391085634926));
#10341=CARTESIAN_POINT('',(0.0616507486635419,-0.0250858698217524,-0.00478391085634926));
#10342=CARTESIAN_POINT('',(0.0616816734066903,-0.0249471021006998,-0.00478391085634926));
#10343=CARTESIAN_POINT('',(0.0617279802911324,-0.0246669719687051,-0.00478391085634926));
#10344=CARTESIAN_POINT('',(0.061734674583264,-0.0243113191150176,-0.00478391085634926));
#10345=CARTESIAN_POINT('',(0.0617122868856798,-0.0240312445164192,-0.00478391085634926));
#10346=CARTESIAN_POINT('',(0.0616315474841659,-0.0238255898902233,-0.00478391085634926));
#10347=CARTESIAN_POINT('',(0.0615732832420657,-0.0236228628851004,-0.00478391085634926));
#10348=CARTESIAN_POINT('',(0.0615866299297529,-0.0234577198047146,-0.00478391085634926));
#10349=CARTESIAN_POINT('',(0.0616479380428172,-0.02341695329043,-0.00478391085634926));
#10350=CARTESIAN_POINT('',(0.0616479380479229,-0.023416953287035,-0.00478391085634926));
#10351=CARTESIAN_POINT('',(0.0616479380479218,-0.0234169532870358,0.0132500891436507));
#10352=CARTESIAN_POINT('',(0.0616479380479229,-0.023416953287035,0.0132500891436507));
#10353=CARTESIAN_POINT('',(0.0616479380428172,-0.02341695329043,0.0132500891436507));
#10354=CARTESIAN_POINT('',(0.061588180838865,-0.0234566885399972,0.0132500891436507));
#10355=CARTESIAN_POINT('',(0.0615730377270821,-0.0236167347945802,0.0132500891436507));
#10356=CARTESIAN_POINT('',(0.0616275992700169,-0.0238162483860984,0.0132500891436507));
#10357=CARTESIAN_POINT('',(0.0617091280869099,-0.0240185082874069,0.0132500891436507));
#10358=CARTESIAN_POINT('',(0.0617354781723007,-0.0243013634240944,0.0132500891436507));
#10359=CARTESIAN_POINT('',(0.0617282747977159,-0.0246630859157032,0.0132500891436507));
#10360=CARTESIAN_POINT('',(0.0616820639832038,-0.0249453494786007,0.0132500891436507));
#10361=CARTESIAN_POINT('',(0.0616507486635419,-0.0250858698217524,0.0132500891436507));
#10362=CARTESIAN_POINT('',(0.0616507486625693,-0.0250858698261169,0.0132500891436507));
#10363=CARTESIAN_POINT('',(0.0616507486625693,-0.0250858698261169,0.00423308914365074));
#10364=CARTESIAN_POINT('',(0.0610919967162403,-0.0252486356719606,0.0132500891436507));
#10365=CARTESIAN_POINT('',(0.0610919967162403,-0.0252486356719606,-0.00478391085634926));
#10366=CARTESIAN_POINT('',(0.0609869999904253,-0.025143807379282,0.0132500891436507));
#10367=CARTESIAN_POINT('',(0.0609869999904253,-0.025143807379282,-0.00478391085634926));
#10368=CARTESIAN_POINT('',(0.0607896280653276,-0.0249209263774626,0.0132500891436507));
#10369=CARTESIAN_POINT('',(0.0607896280653276,-0.0249209263774626,-0.00478391085634926));
#10370=CARTESIAN_POINT('',(0.0605846314004753,-0.024612033216599,0.0132500891436507));
#10371=CARTESIAN_POINT('',(0.0605846314004753,-0.024612033216599,-0.00478391085634926));
#10372=CARTESIAN_POINT('',(0.0604557063946744,-0.0243409604446418,0.0132500891436507));
#10373=CARTESIAN_POINT('',(0.0604557063946744,-0.0243409604446418,-0.00478391085634926));
#10374=CARTESIAN_POINT('',(0.0604224006783904,-0.0241241363454004,0.0132500891436507));
#10375=CARTESIAN_POINT('',(0.0604224006783904,-0.0241241363454004,-0.00478391085634926));
#10376=CARTESIAN_POINT('',(0.0603460954852747,-0.023897318462134,0.0132500891436507));
#10377=CARTESIAN_POINT('',(0.0603460954852747,-0.023897318462134,-0.00478391085634926));
#10378=CARTESIAN_POINT('',(0.0602039218353765,-0.0238362528212923,0.0132500891436507));
#10379=CARTESIAN_POINT('',(0.0602039218353765,-0.0238362528212923,-0.00478391085634926));
#10380=CARTESIAN_POINT('',(0.0601286251639002,-0.023842021797086,0.0132500891436507));
#10381=CARTESIAN_POINT('',(0.0601286251639002,-0.023842021797086,-0.00478391085634926));
#10382=CARTESIAN_POINT('',(0.0610919967174494,-0.0252486356731677,0.00423308914365074));
#10383=CARTESIAN_POINT('',(0.0610919967174494,-0.0252486356731677,0.0132500891436507));
#10384=CARTESIAN_POINT('',(0.0610919967142394,-0.0252486356699628,0.0132500891436507));
#10385=CARTESIAN_POINT('',(0.0609914576959141,-0.0251482579334373,0.0132500891436507));
#10386=CARTESIAN_POINT('',(0.0608017459985087,-0.024937431897464,0.0132500891436507));
#10387=CARTESIAN_POINT('',(0.0606067321717806,-0.0246402690009283,0.0132500891436507));
#10388=CARTESIAN_POINT('',(0.0604719144273418,-0.0243919059357673,0.0132500891436507));
#10389=CARTESIAN_POINT('',(0.0604321779520655,-0.0241747498196039,0.0132500891436507));
#10390=CARTESIAN_POINT('',(0.0603724550943582,-0.0239711973448838,0.0132500891436507));
#10391=CARTESIAN_POINT('',(0.0602706913013555,-0.0238489730338376,0.0132500891436507));
#10392=CARTESIAN_POINT('',(0.0601978472865237,-0.0238416528742101,0.0132500891436507));
#10393=CARTESIAN_POINT('',(0.060197964588482,-0.0238404855841373,0.0132500891425687));
#10394=CARTESIAN_POINT('',(0.0601883800639607,-0.0238408789435968,0.0132500891425687));
#10395=CARTESIAN_POINT('',(0.0601978857666866,-0.0238404776631389,-0.00478391085075872));
#10396=CARTESIAN_POINT('',(0.0601977688379923,-0.0238416450035621,-0.00478391085634926));
#10397=CARTESIAN_POINT('',(0.0602700677397008,-0.0238488869529252,-0.00478391085634926));
#10398=CARTESIAN_POINT('',(0.0603710605977336,-0.0239686878169218,-0.00478391085634926));
#10399=CARTESIAN_POINT('',(0.0604321830348674,-0.0241729557228006,-0.00478391085634926));
#10400=CARTESIAN_POINT('',(0.0604696904548882,-0.0243857719392151,-0.00478391085634926));
#10401=CARTESIAN_POINT('',(0.0606051487887356,-0.0246386551364387,-0.00478391085634926));
#10402=CARTESIAN_POINT('',(0.0608007312678539,-0.024935871979013,-0.00478391085634926));
#10403=CARTESIAN_POINT('',(0.0609907423263591,-0.0251475437117015,-0.00478391085634926));
#10404=CARTESIAN_POINT('',(0.0610919967142394,-0.0252486356699629,-0.00478391085634926));
#10405=CARTESIAN_POINT('',(0.0610919967174494,-0.0252486356731677,-0.00478391085634926));
#10406=CARTESIAN_POINT('',(0.0610919967174494,-0.0252486356731677,0.00423308914365074));
#10407=CARTESIAN_POINT('',(0.0634651194281164,-0.0222288468620275,0.0132500891436507));
#10408=CARTESIAN_POINT('',(0.0634651194281164,-0.0222288468620275,0.00332706780325036));
#10409=CARTESIAN_POINT('',(0.0634224127707549,-0.0222869060095502,0.0132500891436506));
#10410=CARTESIAN_POINT('',(0.0634224127707549,-0.0222869060095502,0.00332706780325025));
#10411=CARTESIAN_POINT('',(0.0634641153344116,-0.0224450364888753,0.0132500891436508));
#10412=CARTESIAN_POINT('',(0.0634641153344116,-0.0224450364888753,0.00332706780325038));
#10413=CARTESIAN_POINT('',(0.063585942226224,-0.0226145508868679,0.0132500891436508));
#10414=CARTESIAN_POINT('',(0.063585942226224,-0.0226145508868679,0.00332706780325038));
#10415=CARTESIAN_POINT('',(0.0637301110663404,-0.0227755263878092,0.0132500891436507));
#10416=CARTESIAN_POINT('',(0.0637301110663404,-0.0227755263878092,0.00332706780325037));
#10417=CARTESIAN_POINT('',(0.063852050016998,-0.0230356670573924,0.0132500891436508));
#10418=CARTESIAN_POINT('',(0.063852050016998,-0.0230356670573924,0.00332706780325039));
#10419=CARTESIAN_POINT('',(0.0639670020751621,-0.0233733011728914,0.0132500891436508));
#10420=CARTESIAN_POINT('',(0.0639670020751621,-0.0233733011728914,0.00332706780325038));
#10421=CARTESIAN_POINT('',(0.0640201587398888,-0.0236546119637716,0.0132500891436508));
#10422=CARTESIAN_POINT('',(0.0640201587398888,-0.0236546119637716,0.00332706780325038));
#10423=CARTESIAN_POINT('',(0.0640386257066678,-0.0237960959340113,0.0132500891436508));
#10424=CARTESIAN_POINT('',(0.0640386257066678,-0.0237960959340113,0.00332706780325038));
#10425=CARTESIAN_POINT('',(0.0635289517315678,-0.0225315427423465,0.00338625083311359));
#10426=CARTESIAN_POINT('',(0.0634998476424348,-0.0224880754219878,0.00343465389241793));
#10427=CARTESIAN_POINT('',(0.0634498913616762,-0.0223985296638793,0.00352632762910341));
#10428=CARTESIAN_POINT('',(0.0634278903025375,-0.0222794593656088,0.00362358359607065));
#10429=CARTESIAN_POINT('',(0.0634651194352527,-0.0222288468523258,0.00366082624793369));
#10430=CARTESIAN_POINT('',(0.0634651194352327,-0.022228846852353,0.00366082624793269));
#10431=CARTESIAN_POINT('',(0.0634651194352327,-0.022228846852353,0.0132500891436507));
#10432=CARTESIAN_POINT('',(0.0634651194352379,-0.0222288468523459,0.0132500891436507));
#10433=CARTESIAN_POINT('',(0.0634651194316092,-0.0222288468572791,0.0132500891436507));
#10434=CARTESIAN_POINT('',(0.0634225990497778,-0.0222866527658584,0.0132500891436507));
#10435=CARTESIAN_POINT('',(0.0634631752386631,-0.0224421929502807,0.0132500891436507));
#10436=CARTESIAN_POINT('',(0.0635826913217306,-0.0226109930907089,0.0132500891436507));
#10437=CARTESIAN_POINT('',(0.0637284625130986,-0.022773185793026,0.0132500891436507));
#10438=CARTESIAN_POINT('',(0.0638499423091193,-0.0230299465570236,0.0132500891436507));
#10439=CARTESIAN_POINT('',(0.0639668818947965,-0.023372307487762,0.0132500891436507));
#10440=CARTESIAN_POINT('',(0.0640199935279005,-0.0236533461983479,0.0132500891436507));
#10441=CARTESIAN_POINT('',(0.0640386257066678,-0.0237960959340113,0.0132500891436507));
#10442=CARTESIAN_POINT('',(0.0640386257072466,-0.0237960959384459,0.0132500891436507));
#10443=CARTESIAN_POINT('',(0.0640386257072466,-0.0237960959384459,0.00423308914365074));
#10444=CARTESIAN_POINT('',(0.0635692581367273,-0.0241401378776761,0.0132500891436507));
#10445=CARTESIAN_POINT('',(0.0635692581367273,-0.0241401378776761,-0.00478391085634926));
#10446=CARTESIAN_POINT('',(0.0634360769887587,-0.0240781657189393,0.0132500891436507));
#10447=CARTESIAN_POINT('',(0.0634360769887587,-0.0240781657189393,-0.00478391085634926));
#10448=CARTESIAN_POINT('',(0.0631772426199195,-0.0239377048994063,0.0132500891436507));
#10449=CARTESIAN_POINT('',(0.0631772426199195,-0.0239377048994063,-0.00478391085634926));
#10450=CARTESIAN_POINT('',(0.0628803083570164,-0.0237206680724574,0.0132500891436507));
#10451=CARTESIAN_POINT('',(0.0628803083570164,-0.0237206680724574,-0.00478391085634926));
#10452=CARTESIAN_POINT('',(0.0626693106540916,-0.0235132204685701,0.0132500891436507));
#10453=CARTESIAN_POINT('',(0.0626693106540916,-0.0235132204685701,-0.00478391085634926));
#10454=CARTESIAN_POINT('',(0.0625609324019429,-0.0233215053867538,0.0132500891436507));
#10455=CARTESIAN_POINT('',(0.0625609324019429,-0.0233215053867538,-0.00478391085634926));
#10456=CARTESIAN_POINT('',(0.062441853481094,-0.0231791380640882,0.0132500891436507));
#10457=CARTESIAN_POINT('',(0.062441853481094,-0.0231791380640882,-0.00478391085634926));
#10458=CARTESIAN_POINT('',(0.0623047685103786,-0.0230997065749063,0.0132500891436507));
#10459=CARTESIAN_POINT('',(0.0623047685103786,-0.0230997065749063,-0.00478391085634926));
#10460=CARTESIAN_POINT('',(0.0622341263445383,-0.0231265378032795,0.0132500891436507));
#10461=CARTESIAN_POINT('',(0.0622341263445383,-0.0231265378032795,-0.00478391085634926));
#10462=CARTESIAN_POINT('',(0.0621990404857088,-0.023140604689827,0.0132500891436507));
#10463=CARTESIAN_POINT('',(0.0621990404857088,-0.023140604689827,-0.00478391085634926));
#10464=CARTESIAN_POINT('',(0.0635692581382636,-0.0241401378783909,0.00423308914365074));
#10465=CARTESIAN_POINT('',(0.0635692581382636,-0.0241401378783909,0.0132500891436507));
#10466=CARTESIAN_POINT('',(0.0635692581342092,-0.0241401378765044,0.0132500891436507));
#10467=CARTESIAN_POINT('',(0.0634402125547119,-0.0240800900897168,0.0132500891436507));
#10468=CARTESIAN_POINT('',(0.0631900428492316,-0.0239463210555415,0.0132500891436507));
#10469=CARTESIAN_POINT('',(0.062902867525483,-0.0237344422109511,0.0132500891436507));
#10470=CARTESIAN_POINT('',(0.062694279597263,-0.0235454435530836,0.0132500891436507));
#10471=CARTESIAN_POINT('',(0.0625809290820075,-0.023356666053828,0.0132500891436507));
#10472=CARTESIAN_POINT('',(0.0624555472226523,-0.0231873381557964,0.0132500891436507));
#10473=CARTESIAN_POINT('',(0.0623167658893777,-0.0230977925644354,0.0132500891436507));
#10474=CARTESIAN_POINT('',(0.0622472488531495,-0.0231215220234846,0.0132500891436507));
#10475=CARTESIAN_POINT('',(0.0622472488473491,-0.0231215220254645,0.0132500891436507));
#10476=CARTESIAN_POINT('',(0.0622472488473534,-0.0231215220254631,-0.00478391085634926));
#10477=CARTESIAN_POINT('',(0.0622472488473491,-0.0231215220254645,-0.00478391085634926));
#10478=CARTESIAN_POINT('',(0.0622472488531495,-0.0231215220234846,-0.00478391085634926));
#10479=CARTESIAN_POINT('',(0.0623151927954934,-0.0230983295397284,-0.00478391085634926));
#10480=CARTESIAN_POINT('',(0.0624513933232813,-0.0231838953659496,-0.00478391085634926));
#10481=CARTESIAN_POINT('',(0.0625763344960841,-0.0233486334050549,-0.00478391085634926));
#10482=CARTESIAN_POINT('',(0.0626872958699531,-0.0235366666282128,-0.00478391085634926));
#10483=CARTESIAN_POINT('',(0.0628953523528975,-0.0237294914599477,-0.00478391085634926));
#10484=CARTESIAN_POINT('',(0.0631866224716021,-0.0239441267037416,-0.00478391085634926));
#10485=CARTESIAN_POINT('',(0.0634387442820965,-0.0240794068699053,-0.00478391085634926));
#10486=CARTESIAN_POINT('',(0.0635692581342092,-0.0241401378765044,-0.00478391085634926));
#10487=CARTESIAN_POINT('',(0.0635692581382636,-0.0241401378783909,-0.00478391085634926));
#10488=CARTESIAN_POINT('',(0.0635692581382636,-0.0241401378783909,0.00423308914365074));
#10489=CARTESIAN_POINT('',(0.0647663951736933,-0.0204908640236554,0.0132500891436507));
#10490=CARTESIAN_POINT('',(0.0647663951736933,-0.0204908640236554,0.0040499430930615));
#10491=CARTESIAN_POINT('',(0.0647461576453691,-0.0205600298645097,0.0132500891436507));
#10492=CARTESIAN_POINT('',(0.0647461576453691,-0.0205600298645097,0.00404994309306151));
#10493=CARTESIAN_POINT('',(0.064839462635923,-0.0206943347908082,0.0132500891436507));
#10494=CARTESIAN_POINT('',(0.064839462635923,-0.0206943347908082,0.0040499430930615));
#10495=CARTESIAN_POINT('',(0.0650119186701947,-0.0208119394445414,0.0132500891436507));
#10496=CARTESIAN_POINT('',(0.0650119186701947,-0.0208119394445414,0.0040499430930615));
#10497=CARTESIAN_POINT('',(0.0652024368972653,-0.0209139095233308,0.0132500891436507));
#10498=CARTESIAN_POINT('',(0.0652024368972653,-0.0209139095233308,0.00404994309306151));
#10499=CARTESIAN_POINT('',(0.065405984796354,-0.0211166533176682,0.0132500891436507));
#10500=CARTESIAN_POINT('',(0.065405984796354,-0.0211166533176682,0.0040499430930615));
#10501=CARTESIAN_POINT('',(0.0656294718771482,-0.0213946048074551,0.0132500891436507));
#10502=CARTESIAN_POINT('',(0.0656294718771482,-0.0213946048074551,0.00404994309306151));
#10503=CARTESIAN_POINT('',(0.0657756309857469,-0.0216407631317611,0.0132500891436507));
#10504=CARTESIAN_POINT('',(0.0657756309857469,-0.0216407631317611,0.0040499430930615));
#10505=CARTESIAN_POINT('',(0.0658413720638331,-0.0217673950534189,0.0132500891436507));
#10506=CARTESIAN_POINT('',(0.0658413720638331,-0.0217673950534189,0.00404994309306151));
#10507=CARTESIAN_POINT('',(0.0648244150547213,-0.0203245815550568,0.0040499430930615));
#10508=CARTESIAN_POINT('',(0.0648064596958057,-0.0203758276920771,0.0040499430930615));
#10509=CARTESIAN_POINT('',(0.06478850433689,-0.0204270738290973,0.0040499430930615));
#10510=CARTESIAN_POINT('',(0.0647705489779744,-0.0204783199661176,0.0040499430930615));
#10511=CARTESIAN_POINT('',(0.0647690830810829,-0.0204825037617917,0.0040499430930615));
#10512=CARTESIAN_POINT('',(0.0647433406144325,-0.0205559749733339,0.0040499430930615));
#10513=CARTESIAN_POINT('',(0.0648394626272968,-0.0206943347837294,0.0040499430930615));
#10514=CARTESIAN_POINT('',(0.0650119186635778,-0.0208119394411939,0.0040499430930615));
#10515=CARTESIAN_POINT('',(0.065202436892589,-0.0209139095197416,0.0040499430930615));
#10516=CARTESIAN_POINT('',(0.0654059847946777,-0.0211166533150836,0.0040499430930615));
#10517=CARTESIAN_POINT('',(0.0656294718774268,-0.0213946048077368,0.0040499430930615));
#10518=CARTESIAN_POINT('',(0.065804862809313,-0.0216899947997861,0.0040499430930615));
#10519=CARTESIAN_POINT('',(0.065892790772521,-0.021869269037278,0.0040499430930615));
#10520=CARTESIAN_POINT('',(0.0659172515454894,-0.0219208104995353,0.0040499430930615));
#10521=CARTESIAN_POINT('',(0.0647663951770535,-0.020490864012126,0.0040499430930615));
#10522=CARTESIAN_POINT('',(0.0647663951770603,-0.0204908640121478,0.0132500891436507));
#10523=CARTESIAN_POINT('',(0.0647663951770635,-0.020490864012137,0.0132500891436507));
#10524=CARTESIAN_POINT('',(0.0647663951753451,-0.02049086401801,0.0132500891436507));
#10525=CARTESIAN_POINT('',(0.0647462438804944,-0.0205597351390449,0.0132500891436507));
#10526=CARTESIAN_POINT('',(0.0648376059539918,-0.0206919804933092,0.0132500891436507));
#10527=CARTESIAN_POINT('',(0.0650076476091968,-0.020809709231791,0.0132500891436507));
#10528=CARTESIAN_POINT('',(0.0652000931930493,-0.0209122778386297,0.0132500891436507));
#10529=CARTESIAN_POINT('',(0.0654020436272891,-0.0211119957069798,0.0132500891436507));
#10530=CARTESIAN_POINT('',(0.0656290177889727,-0.0213937091611992,0.0132500891436507));
#10531=CARTESIAN_POINT('',(0.0657750429792084,-0.0216396305005343,0.0132500891436507));
#10532=CARTESIAN_POINT('',(0.0658413720638331,-0.0217673950534188,0.0132500891436507));
#10533=CARTESIAN_POINT('',(0.0658413720658939,-0.0217673950573885,0.0132500891436507));
#10534=CARTESIAN_POINT('',(0.0658413720658939,-0.0217673950573885,0.00423308914365074));
#10535=CARTESIAN_POINT('',(0.0655179902883071,-0.0222512090342783,0.0132500891436507));
#10536=CARTESIAN_POINT('',(0.0655179902883071,-0.0222512090342783,0.00380714581963127));
#10537=CARTESIAN_POINT('',(0.0653750524601948,-0.0222388209615976,0.0132500891436507));
#10538=CARTESIAN_POINT('',(0.0653750524601948,-0.0222388209615976,0.00380714581963127));
#10539=CARTESIAN_POINT('',(0.0650897889241366,-0.0221979957484381,0.0132500891436507));
#10540=CARTESIAN_POINT('',(0.0650897889241366,-0.0221979957484381,0.00380714581963127));
#10541=CARTESIAN_POINT('',(0.0647469402611262,-0.0220954341596989,0.0132500891436507));
#10542=CARTESIAN_POINT('',(0.0647469402611262,-0.0220954341596989,0.00380714581963128));
#10543=CARTESIAN_POINT('',(0.0644785922710609,-0.0219856082080512,0.0132500891436507));
#10544=CARTESIAN_POINT('',(0.0644785922710609,-0.0219856082080512,0.00380714581963127));
#10545=CARTESIAN_POINT('',(0.0643138796378079,-0.0218451321849328,0.0132500891436507));
#10546=CARTESIAN_POINT('',(0.0643138796378079,-0.0218451321849328,0.00380714581963127));
#10547=CARTESIAN_POINT('',(0.0641336158890119,-0.0217287344890431,0.0132500891436507));
#10548=CARTESIAN_POINT('',(0.0641336158890119,-0.0217287344890431,0.00380714581963128));
#10549=CARTESIAN_POINT('',(0.0639797211856955,-0.0217103798434941,0.0132500891436507));
#10550=CARTESIAN_POINT('',(0.0639797211856955,-0.0217103798434941,0.00380714581963128));
#10551=CARTESIAN_POINT('',(0.0639209900245659,-0.0217535302036745,0.0132500891436507));
#10552=CARTESIAN_POINT('',(0.0639209900245659,-0.0217535302036745,0.00380714581963127));
#10553=CARTESIAN_POINT('',(0.063920990024453,-0.0217535302037574,0.0132500891425687));
#10554=CARTESIAN_POINT('',(0.063928104599373,-0.021747050518085,0.0132500891425687));
#10555=CARTESIAN_POINT('',(0.063920990024453,-0.0217535302037574,0.0039196628948968));
#10556=CARTESIAN_POINT('',(0.063920990024453,-0.0217535302037575,0.00391966289489679));
#10557=CARTESIAN_POINT('',(0.0639871632007242,-0.0217049121220532,0.00393812580931956));
#10558=CARTESIAN_POINT('',(0.0641697934505189,-0.0217409181792781,0.00392513696223801));
#10559=CARTESIAN_POINT('',(0.064296923178944,-0.0218373249886757,0.0038864647036258));
#10560=CARTESIAN_POINT('',(0.0643601416855838,-0.021886785451229,0.00386346556112642));
#10561=CARTESIAN_POINT('',(0.0655179902900097,-0.0222512090344258,0.00423308914365074));
#10562=CARTESIAN_POINT('',(0.0655179902900097,-0.0222512090344258,0.0132500891436507));
#10563=CARTESIAN_POINT('',(0.06551799028549,-0.0222512090340341,0.0132500891436507));
#10564=CARTESIAN_POINT('',(0.0653764643390315,-0.022238943325411,0.0132500891436507));
#10565=CARTESIAN_POINT('',(0.0650956450415253,-0.0221993944893072,0.0132500891436507));
#10566=CARTESIAN_POINT('',(0.0647552729672645,-0.022097125053624,0.0132500891436507));
#10567=CARTESIAN_POINT('',(0.0644923650167719,-0.021993557602888,0.0132500891436507));
#10568=CARTESIAN_POINT('',(0.0643223378946095,-0.0218527839952869,0.0132500891436507));
#10569=CARTESIAN_POINT('',(0.0641457962544762,-0.0217352541710361,0.0132500891436507));
#10570=CARTESIAN_POINT('',(0.0639893145846712,-0.0217068778052395,0.0132500891436507));
#10571=CARTESIAN_POINT('',(0.0639287687599278,-0.0217480277287577,0.0132500891436507));
#10572=CARTESIAN_POINT('',(0.0653947900938686,-0.018412594580394,0.0132500891436508));
#10573=CARTESIAN_POINT('',(0.0653947900938686,-0.018412594580394,0.0040499430930615));
#10574=CARTESIAN_POINT('',(0.0653994433466433,-0.0184845064235825,0.013250089143651));
#10575=CARTESIAN_POINT('',(0.0653994433466433,-0.0184845064235825,0.00404994309306176));
#10576=CARTESIAN_POINT('',(0.0655330657974428,-0.0185787848867951,0.0132500891436507));
#10577=CARTESIAN_POINT('',(0.0655330657974428,-0.0185787848867951,0.00404994309306148));
#10578=CARTESIAN_POINT('',(0.0657353416345999,-0.0186303062063512,0.0132500891436507));
#10579=CARTESIAN_POINT('',(0.0657353416345999,-0.0186303062063512,0.00404994309306148));
#10580=CARTESIAN_POINT('',(0.0659492427237987,-0.0186609719978607,0.0132500891436507));
#10581=CARTESIAN_POINT('',(0.0659492427237987,-0.0186609719978607,0.00404994309306148));
#10582=CARTESIAN_POINT('',(0.0662098533300752,-0.0187818719083307,0.0132500891436507));
#10583=CARTESIAN_POINT('',(0.0662098533300752,-0.0187818719083307,0.00404994309306148));
#10584=CARTESIAN_POINT('',(0.066514923072489,-0.018966623594685,0.0132500891436507));
#10585=CARTESIAN_POINT('',(0.066514923072489,-0.018966623594685,0.00404994309306147));
#10586=CARTESIAN_POINT('',(0.0667364557690414,-0.0191479458420328,0.0132500891436507));
#10587=CARTESIAN_POINT('',(0.0667364557690414,-0.0191479458420328,0.00404994309306147));
#10588=CARTESIAN_POINT('',(0.0668415414166756,-0.0192444553047593,0.0132500891436507));
#10589=CARTESIAN_POINT('',(0.0668415414166756,-0.0192444553047593,0.00404994309306148));
#10590=CARTESIAN_POINT('',(0.0653924037974583,-0.0182365063353333,0.00404994309306179));
#10591=CARTESIAN_POINT('',(0.0653930693427419,-0.0182907998166081,0.00404994309306164));
#10592=CARTESIAN_POINT('',(0.0653937348880254,-0.0183450932978829,0.00404994309306164));
#10593=CARTESIAN_POINT('',(0.0653944004333091,-0.0183993867791577,0.0040499430930615));
#10594=CARTESIAN_POINT('',(0.0653944547707083,-0.0184038194851526,0.0040499430930615));
#10595=CARTESIAN_POINT('',(0.065395408961461,-0.0184816599252346,0.00404994309306179));
#10596=CARTESIAN_POINT('',(0.0655330657869167,-0.0185787848830947,0.0040499430930615));
#10597=CARTESIAN_POINT('',(0.065735341627238,-0.0186303062054686,0.0040499430930615));
#10598=CARTESIAN_POINT('',(0.0659492427181777,-0.0186609719960875,0.0040499430930615));
#10599=CARTESIAN_POINT('',(0.0662098533276165,-0.0187818719064757,0.0040499430930615));
#10600=CARTESIAN_POINT('',(0.0665149230728475,-0.0189666235948547,0.0040499430930615));
#10601=CARTESIAN_POINT('',(0.0667807623111691,-0.019184210293844,0.0040499430930615));
#10602=CARTESIAN_POINT('',(0.0669247010266621,-0.0193225986130734,0.0040499430930615));
#10603=CARTESIAN_POINT('',(0.0669653143050948,-0.0193626653129403,0.0040499430930615));
#10604=CARTESIAN_POINT('',(0.0653947900930771,-0.018412594568415,0.0040499430930615));
#10605=CARTESIAN_POINT('',(0.0653947900930955,-0.0184125945684472,0.0132500891436507));
#10606=CARTESIAN_POINT('',(0.0653947900930936,-0.0184125945684169,0.0132500891436507));
#10607=CARTESIAN_POINT('',(0.0653947900934886,-0.0184125945745214,0.0132500891436507));
#10608=CARTESIAN_POINT('',(0.0653994237111534,-0.0184842029726086,0.0132500891436507));
#10609=CARTESIAN_POINT('',(0.0655305150619826,-0.0185772062465499,0.0132500891436507));
#10610=CARTESIAN_POINT('',(0.0657305658032501,-0.0186296716381943,0.0132500891436507));
#10611=CARTESIAN_POINT('',(0.0659464852038323,-0.0186602410000903,0.0132500891436507));
#10612=CARTESIAN_POINT('',(0.0662045548518966,-0.0187788425633391,0.0132500891436507));
#10613=CARTESIAN_POINT('',(0.0665141891009251,-0.0189659362789867,0.0132500891436507));
#10614=CARTESIAN_POINT('',(0.0667355159441595,-0.0191470827175581,0.0132500891436507));
#10615=CARTESIAN_POINT('',(0.0668415414166756,-0.0192444553047593,0.0132500891436507));
#10616=CARTESIAN_POINT('',(0.0668415414199699,-0.0192444553077847,0.0132500891436507));
#10617=CARTESIAN_POINT('',(0.0668415414199699,-0.0192444553077847,0.00423308914365074));
#10618=CARTESIAN_POINT('',(0.0667031397166476,-0.0198096867828036,0.0132500891436507));
#10619=CARTESIAN_POINT('',(0.0667031397166476,-0.0198096867828036,0.0040499430930615));
#10620=CARTESIAN_POINT('',(0.0665645882549758,-0.0198469330141257,0.0132500891436507));
#10621=CARTESIAN_POINT('',(0.0665645882549758,-0.0198469330141257,0.00404994309306151));
#10622=CARTESIAN_POINT('',(0.066282571577506,-0.0199061358015309,0.0132500891436507));
#10623=CARTESIAN_POINT('',(0.066282571577506,-0.0199061358015309,0.0040499430930615));
#10624=CARTESIAN_POINT('',(0.0659253291131807,-0.0199270220394872,0.0132500891436507));
#10625=CARTESIAN_POINT('',(0.0659253291131807,-0.0199270220394872,0.00404994309306151));
#10626=CARTESIAN_POINT('',(0.0656356081286167,-0.0199156063988819,0.0132500891436507));
#10627=CARTESIAN_POINT('',(0.0656356081286167,-0.0199156063988819,0.0040499430930615));
#10628=CARTESIAN_POINT('',(0.0654327844374306,-0.0198399446455155,0.0132500891436507));
#10629=CARTESIAN_POINT('',(0.0654327844374306,-0.0198399446455155,0.0040499430930615));
#10630=CARTESIAN_POINT('',(0.0652235942397145,-0.0197922170804004,0.0132500891436507));
#10631=CARTESIAN_POINT('',(0.0652235942397145,-0.0197922170804004,0.0040499430930615));
#10632=CARTESIAN_POINT('',(0.0650726923011398,-0.0198275672155846,0.0132500891436507));
#10633=CARTESIAN_POINT('',(0.0650726923011398,-0.0198275672155846,0.0040499430930615));
#10634=CARTESIAN_POINT('',(0.0650322507620752,-0.0198881904880053,0.0132500891436507));
#10635=CARTESIAN_POINT('',(0.0650322507620752,-0.0198881904880053,0.0040499430930615));
#10636=CARTESIAN_POINT('',(0.0650322507620752,-0.0198881904880053,0.0132500891425687));
#10637=CARTESIAN_POINT('',(0.0650367247770579,-0.0198796616779291,0.0132500891425687));
#10638=CARTESIAN_POINT('',(0.0650322507620752,-0.0198881904880053,0.0040499430930615));
#10639=CARTESIAN_POINT('',(0.0668715638686245,-0.0197608016742594,0.0040499430930615));
#10640=CARTESIAN_POINT('',(0.0668157013491474,-0.019778014550713,0.0040499430930615));
#10641=CARTESIAN_POINT('',(0.0666194129255504,-0.0198357265733144,0.0040499430930615));
#10642=CARTESIAN_POINT('',(0.0662745853204263,-0.0199072340625706,0.0040499430930615));
#10643=CARTESIAN_POINT('',(0.0659099004433721,-0.0199285559179854,0.0040499430930615));
#10644=CARTESIAN_POINT('',(0.0656154703058741,-0.0199118481852723,0.0040499430930615));
#10645=CARTESIAN_POINT('',(0.0654095905235138,-0.0198300195837432,0.0040499430930615));
#10646=CARTESIAN_POINT('',(0.0652306962402535,-0.0198004089265337,0.0040499430930615));
#10647=CARTESIAN_POINT('',(0.0650768440821991,-0.0198217494184358,0.0040499430930615));
#10648=CARTESIAN_POINT('',(0.0650237593701156,-0.0198967337174277,0.0040499430930615));
#10649=CARTESIAN_POINT('',(0.0650016125329765,-0.0199440740100915,0.0040499430930615));
#10650=CARTESIAN_POINT('',(0.0649952264012886,-0.0199577247784244,0.0040499430930615));
#10651=CARTESIAN_POINT('',(0.0649763954042543,-0.0199979772490209,0.0040499430930615));
#10652=CARTESIAN_POINT('',(0.0649575644072201,-0.0200382297196176,0.0040499430930615));
#10653=CARTESIAN_POINT('',(0.0649387334101858,-0.0200784821902142,0.0040499430930615));
#10654=CARTESIAN_POINT('',(0.066703139718298,-0.0198096867823599,0.00423308914365074));
#10655=CARTESIAN_POINT('',(0.066703139718298,-0.0198096867823599,0.0132500891436507));
#10656=CARTESIAN_POINT('',(0.0667031397139168,-0.0198096867835377,0.0132500891436507));
#10657=CARTESIAN_POINT('',(0.0665659573745674,-0.019846564958933,0.0132500891436507));
#10658=CARTESIAN_POINT('',(0.0662885543650614,-0.0199054469301465,0.0132500891436507));
#10659=CARTESIAN_POINT('',(0.0659337405916903,-0.0199257609479097,0.0132500891436507));
#10660=CARTESIAN_POINT('',(0.0656512721559268,-0.0199183656568447,0.0132500891436507));
#10661=CARTESIAN_POINT('',(0.0654433545173924,-0.0198442436704479,0.0132500891436507));
#10662=CARTESIAN_POINT('',(0.0652372759342573,-0.0197941809353829,0.0132500891436507));
#10663=CARTESIAN_POINT('',(0.065080521148657,-0.0198209915359295,0.0132500891436507));
#10664=CARTESIAN_POINT('',(0.0650376847499807,-0.0198803543968795,0.0132500891436507));
#10665=CARTESIAN_POINT('',(0.0591873524354009,-0.0176698226219211,0.0132855891436507));
#10666=CARTESIAN_POINT('',(0.0591873524354009,-0.0176698226219211,-0.00478391085634926));
#10667=CARTESIAN_POINT('',(0.0591873524354009,-0.0176698226219211,0.0132855891436507));
#10668=CARTESIAN_POINT('',(0.0591873524354009,-0.0176698226219211,0.0132500891436507));
#10669=CARTESIAN_POINT('',(0.0591873524354009,-0.0176698226219211,0.0132855891436507));
#10670=CARTESIAN_POINT('',(0.0591873524354009,-0.0176698226219211,-0.00478391085634926));
#10671=CARTESIAN_POINT('',(0.0591873524354009,-0.0176698226219211,0.0132855891436507));
#10672=CARTESIAN_POINT('',(0.0591873524354009,-0.0176698226219211,0.0132500891436507));
#10673=CARTESIAN_POINT('',(0.0591873524354009,-0.0176698226219211,0.0132855891436507));
#10674=CARTESIAN_POINT('',(0.0591873524354009,-0.0176698226219211,-0.00478391085634926));
#10675=CARTESIAN_POINT('',(0.0591873524354009,-0.0176698226219211,0.0132855891436507));
#10676=CARTESIAN_POINT('',(0.0591873524354009,-0.0176698226219211,0.0132500891436507));
#10677=CARTESIAN_POINT('',(0.0591873524354009,-0.0176698226219211,0.0132855891436507));
#10678=CARTESIAN_POINT('',(0.0591873524354009,-0.0176698226219211,-0.00478391085634926));
#10679=CARTESIAN_POINT('',(0.0591873524354009,-0.0176698226219211,0.0132855891436507));
#10680=CARTESIAN_POINT('',(0.0591873524354009,-0.0176698226219211,0.0132500891436507));
#10681=CARTESIAN_POINT('',(0.0591873524354009,-0.0176698226219211,0.0132855891436507));
#10682=CARTESIAN_POINT('',(0.0591873524354009,-0.0176698226219211,-0.00478391085634926));
#10683=CARTESIAN_POINT('',(0.0591873524354009,-0.0176698226219211,0.0132855891436507));
#10684=CARTESIAN_POINT('',(0.0591873524354009,-0.0176698226219211,0.0132500891436507));
#10685=CARTESIAN_POINT('',(0.0591873524354009,-0.0176698226219211,0.0132855891436507));
#10686=CARTESIAN_POINT('',(0.0591873524354009,-0.0176698226219211,-0.00478391085634926));
#10687=CARTESIAN_POINT('',(0.0591873524354009,-0.0176698226219211,0.0132855891436507));
#10688=CARTESIAN_POINT('',(0.0591873524354009,-0.0176698226219211,0.0132500891436507));
#10689=CARTESIAN_POINT('',(0.0591873524354009,-0.0176698226219211,0.0132855891436507));
#10690=CARTESIAN_POINT('',(0.0591873524354009,-0.0176698226219211,-0.00478391085634926));
#10691=CARTESIAN_POINT('',(0.0591873524354009,-0.0176698226219211,0.0132855891436507));
#10692=CARTESIAN_POINT('',(0.0591873524354009,-0.0176698226219211,0.0132500891436507));
#10693=CARTESIAN_POINT('',(0.0591873524354009,-0.0176698226219211,0.0132855891436507));
#10694=CARTESIAN_POINT('',(0.0591873524354009,-0.0176698226219211,-0.00478391085634926));
#10695=CARTESIAN_POINT('',(0.0591873524354009,-0.0176698226219211,0.0132855891436507));
#10696=CARTESIAN_POINT('',(0.0591873524354009,-0.0176698226219211,0.0132500891436507));
#10697=CARTESIAN_POINT('',(0.0591873524354009,-0.0176698226219211,0.0132855891436507));
#10698=CARTESIAN_POINT('',(0.0591873524354009,-0.0176698226219211,-0.00478391085634926));
#10699=CARTESIAN_POINT('',(0.0591873524354009,-0.0176698226219211,0.0132855891436507));
#10700=CARTESIAN_POINT('',(0.0591873524354009,-0.0176698226219211,0.0132500891436507));
#10701=CARTESIAN_POINT('',(0.0591873524354009,-0.0176698226219211,0.0132855891436507));
#10702=CARTESIAN_POINT('',(0.0591873524354009,-0.0176698226219211,-0.00478391085634926));
#10703=CARTESIAN_POINT('',(0.0591873524354009,-0.0176698226219211,0.0132855891436507));
#10704=CARTESIAN_POINT('',(0.0591873524354009,-0.0176698226219211,0.0132500891436507));
#10705=CARTESIAN_POINT('',(0.0591873524354009,-0.0176698226219211,0.0132855891436507));
#10706=CARTESIAN_POINT('',(0.0591873524354009,-0.0176698226219211,-0.00478391085634926));
#10707=CARTESIAN_POINT('',(0.0591873524354009,-0.0176698226219211,0.0132855891436507));
#10708=CARTESIAN_POINT('',(0.0591873524354009,-0.0176698226219211,0.0132500891436507));
#10709=CARTESIAN_POINT('',(0.0591873524354009,-0.0176698226219211,0.0132855891436507));
#10710=CARTESIAN_POINT('',(0.0591873524354009,-0.0176698226219211,-0.00478391085634926));
#10711=CARTESIAN_POINT('',(0.0591873524354009,-0.0176698226219211,0.0132855891436507));
#10712=CARTESIAN_POINT('',(0.0591873524354009,-0.0176698226219211,0.0132500891436507));
#10713=CARTESIAN_POINT('',(0.0591873524354009,-0.0176698226219211,0.0132855891436507));
#10714=CARTESIAN_POINT('',(0.0591873524354009,-0.0176698226219211,-0.00478391085634926));
#10715=CARTESIAN_POINT('',(0.0591873524354009,-0.0176698226219211,0.0132855891436507));
#10716=CARTESIAN_POINT('',(0.0591873524354009,-0.0176698226219211,0.0132500891436507));
#10717=CARTESIAN_POINT('',(0.0591873524354009,-0.0176698226219211,0.0132855891436507));
#10718=CARTESIAN_POINT('',(0.0591873524354009,-0.0176698226219211,-0.00478391085634926));
#10719=CARTESIAN_POINT('',(0.0591873524354009,-0.0176698226219211,0.0132855891436507));
#10720=CARTESIAN_POINT('',(0.0591873524354009,-0.0176698226219211,0.0132500891436507));
#10721=CARTESIAN_POINT('',(0.0591873524354009,-0.0176698226219211,0.0132855891436507));
#10722=CARTESIAN_POINT('',(0.0591873524354009,-0.0176698226219211,-0.00478391085634926));
#10723=CARTESIAN_POINT('',(0.0591873524354009,-0.0176698226219211,0.0132855891436507));
#10724=CARTESIAN_POINT('',(0.0591873524354009,-0.0176698226219211,0.0132500891436507));
#10725=CARTESIAN_POINT('',(0.0591873524354009,-0.0176698226219211,0.0132855891436507));
#10726=CARTESIAN_POINT('',(0.0591873524354009,-0.0176698226219211,-0.00478391085634926));
#10727=CARTESIAN_POINT('',(0.0591873524354009,-0.0176698226219211,0.0132855891436507));
#10728=CARTESIAN_POINT('',(0.0591873524354009,-0.0176698226219211,0.0132500891436507));
#10729=CARTESIAN_POINT('',(0.0591873524354009,-0.0176698226219211,0.0132855891436507));
#10730=CARTESIAN_POINT('',(0.0591873524354009,-0.0176698226219211,-0.00478391085634926));
#10731=CARTESIAN_POINT('',(0.0591873524354009,-0.0176698226219211,0.0132855891436507));
#10732=CARTESIAN_POINT('',(0.0591873524354009,-0.0176698226219211,0.0132500891436507));
#10733=CARTESIAN_POINT('',(0.0591873524354009,-0.0176698226219211,0.0132855891436507));
#10734=CARTESIAN_POINT('',(0.0591873524354009,-0.0176698226219211,-0.00478391085634926));
#10735=CARTESIAN_POINT('',(0.0591873524354009,-0.0176698226219211,0.0132855891436507));
#10736=CARTESIAN_POINT('',(0.0591873524354009,-0.0176698226219211,0.0132500891436507));
#10737=CARTESIAN_POINT('',(0.0591872871369921,-0.0176698181614917,0.0132500891436507));
#10738=CARTESIAN_POINT('',(0.0591873524354009,-0.0176698226219211,0.0132500891436507));
#10739=CARTESIAN_POINT('',(0.0529714599945532,-0.0170014691918567,0.0132500891436507));
#10740=CARTESIAN_POINT('',(0.0529611972053152,-0.0171046966671403,0.0132500891436507));
#10741=CARTESIAN_POINT('',(0.0529526251541551,-0.0170705048623681,0.0132500891436507));
#10742=CARTESIAN_POINT('',(0.0529642181638248,-0.0170356281114374,0.0132500891436507));
#10743=CARTESIAN_POINT('',(0.0529714599945526,-0.0170014691918602,0.0132500891436507));
#10744=CARTESIAN_POINT('',(0.0529611971466044,-0.0171046966756622,0.0132500891436507));
#10745=CARTESIAN_POINT('',(0.0591873524354009,-0.0176698226219211,0.0132500891436507));
#10746=CARTESIAN_POINT('',(0.0529407748841381,-0.0174155698035437,0.0132500891436507));
#10747=CARTESIAN_POINT('',(0.0529374080780583,-0.0175187788560715,0.0132500891436507));
#10748=CARTESIAN_POINT('',(0.052934697342624,-0.0174841259669947,0.0132500891436507));
#10749=CARTESIAN_POINT('',(0.0529278649697528,-0.0174481906461228,0.0132500891436507));
#10750=CARTESIAN_POINT('',(0.0529407748863826,-0.0174155697979684,0.0132500891436507));
#10751=CARTESIAN_POINT('',(0.0529374079907485,-0.0175187788735028,0.0132500891436507));
#10752=CARTESIAN_POINT('',(0.0591873524354009,-0.0176698226219211,0.0132500891436507));
#10753=CARTESIAN_POINT('',(0.0591873524354009,-0.0176698226219211,0.0132500891436507));
#10754=CARTESIAN_POINT('',(0.0531177355372226,-0.0191677427752295,0.0132500891436507));
#10755=CARTESIAN_POINT('',(0.0531433905098376,-0.0192682215293206,0.0132500891436507));
#10756=CARTESIAN_POINT('',(0.0531236454558064,-0.01923903439547,0.0132500891436507));
#10757=CARTESIAN_POINT('',(0.0531226119126646,-0.019202307237968,0.0132500891436507));
#10758=CARTESIAN_POINT('',(0.0531177355372232,-0.0191677427752329,0.0132500891436507));
#10759=CARTESIAN_POINT('',(0.0531433905064651,-0.0192682215243884,0.0132500891436507));
#10760=CARTESIAN_POINT('',(0.0591873524354009,-0.0176698226219211,0.0132500891436507));
#10761=CARTESIAN_POINT('',(0.0532305273990684,-0.0195673427577896,0.0132500891436507));
#10762=CARTESIAN_POINT('',(0.0532628125951032,-0.0196658000251558,0.0132500891436507));
#10763=CARTESIAN_POINT('',(0.0532483739110854,-0.0196340518427846,0.0132500891436507));
#10764=CARTESIAN_POINT('',(0.0532295463165965,-0.0196025349769982,0.0132500891436507));
#10765=CARTESIAN_POINT('',(0.0532305273992624,-0.0195673427518327,0.0132500891436507));
#10766=CARTESIAN_POINT('',(0.0532628126267482,-0.0196658000140045,0.0132500891436507));
#10767=CARTESIAN_POINT('',(0.0591873524354009,-0.0176698226219211,0.0132500891436507));
#10768=CARTESIAN_POINT('',(0.0591873524354009,-0.0176698226219211,0.0132500891436507));
#10769=CARTESIAN_POINT('',(0.0539961422997242,-0.0211534052213694,0.0132500891436507));
#10770=CARTESIAN_POINT('',(0.0540545548422423,-0.0212389507535109,0.0132500891436507));
#10771=CARTESIAN_POINT('',(0.0540260448587608,-0.0212183062526155,0.0132500891436507));
#10772=CARTESIAN_POINT('',(0.0540125281716798,-0.021184183091793,0.0132500891436507));
#10773=CARTESIAN_POINT('',(0.053996142299726,-0.0211534052213725,0.0132500891436507));
#10774=CARTESIAN_POINT('',(0.0540545548171621,-0.0212389507782238,0.0132500891436507));
#10775=CARTESIAN_POINT('',(0.0591873524354009,-0.0176698226219211,0.0132500891436507));
#10776=CARTESIAN_POINT('',(0.0542387612093603,-0.0214902569218736,0.0132500891436507));
#10777=CARTESIAN_POINT('',(0.0543023891404842,-0.0215713310420392,0.0132500891436507));
#10778=CARTESIAN_POINT('',(0.0542780854630729,-0.0215465764713093,0.0132500891436507));
#10779=CARTESIAN_POINT('',(0.0542498071828883,-0.0215234833037693,0.0132500891436507));
#10780=CARTESIAN_POINT('',(0.0542387612374813,-0.0214902569064338,0.0132500891436507));
#10781=CARTESIAN_POINT('',(0.0543023890820406,-0.0215713311150127,0.0132500891436507));
#10782=CARTESIAN_POINT('',(0.0591873524354009,-0.0176698226219211,0.0132500891436507));
#10783=CARTESIAN_POINT('',(0.0591873524354009,-0.0176698226219211,0.0132500891436507));
#10784=CARTESIAN_POINT('',(0.055500903814768,-0.0227190113843537,0.0132500891436507));
#10785=CARTESIAN_POINT('',(0.0555847868922096,-0.0227791965281349,0.0132500891436507));
#10786=CARTESIAN_POINT('',(0.0555510440176275,-0.0227695918210036,0.0132500891436507));
#10787=CARTESIAN_POINT('',(0.0555267394738663,-0.0227422546689236,0.0132500891436507));
#10788=CARTESIAN_POINT('',(0.0555009038072729,-0.0227190113926903,0.0132500891436507));
#10789=CARTESIAN_POINT('',(0.0555847868830897,-0.0227791965402497,0.0132500891436507));
#10790=CARTESIAN_POINT('',(0.0591873524354009,-0.0176698226219211,0.0132500891436507));
#10791=CARTESIAN_POINT('',(0.0558438775342519,-0.0229523729167773,0.0132500891436507));
#10792=CARTESIAN_POINT('',(0.0559315411822879,-0.0230068512341133,0.0132500891436507));
#10793=CARTESIAN_POINT('',(0.0559001939849236,-0.0229918713750284,0.0132500891436507));
#10794=CARTESIAN_POINT('',(0.0558656459697773,-0.0229798692806226,0.0132500891436507));
#10795=CARTESIAN_POINT('',(0.0558438775399502,-0.022952372905409,0.0132500891436507));
#10796=CARTESIAN_POINT('',(0.0559315411902641,-0.0230068512286222,0.0132500891436507));
#10797=CARTESIAN_POINT('',(0.0591873524354009,-0.0176698226219211,0.0132500891436507));
#10798=CARTESIAN_POINT('',(0.0591873524354009,-0.0176698226219211,0.0132500891436507));
#10799=CARTESIAN_POINT('',(0.0574502416966605,-0.0236753638421283,0.0132500891436507));
#10800=CARTESIAN_POINT('',(0.0575495182276495,-0.0237031936059018,0.0132500891436507));
#10801=CARTESIAN_POINT('',(0.0575145718181383,-0.0237057187903049,0.0132500891436507));
#10802=CARTESIAN_POINT('',(0.057482427543403,-0.0236883494227456,0.0132500891436507));
#10803=CARTESIAN_POINT('',(0.0574502416959994,-0.0236753638437767,0.0132500891436507));
#10804=CARTESIAN_POINT('',(0.0575495181103155,-0.0237031920527878,0.0132500891436507));
#10805=CARTESIAN_POINT('',(0.0591873524354009,-0.0176698226219211,0.0132500891436507));
#10806=CARTESIAN_POINT('',(0.057852285087986,-0.0237773279752736,0.0132500891436507));
#10807=CARTESIAN_POINT('',(0.057953153401258,-0.0237985091404134,0.0132500891436507));
#10808=CARTESIAN_POINT('',(0.0579186210918072,-0.023795155879403,0.0132500891436507));
#10809=CARTESIAN_POINT('',(0.0578820913324445,-0.0237957139545837,0.0132500891436507));
#10810=CARTESIAN_POINT('',(0.0578522837395722,-0.0237773301615632,0.0132500891436507));
#10811=CARTESIAN_POINT('',(0.05795315340284,-0.02379850913989,0.0132500891436507));
#10812=CARTESIAN_POINT('',(0.0591873524354009,-0.0176698226219211,0.0132500891436507));
#10813=CARTESIAN_POINT('',(0.0591873524354009,-0.0176698226219211,0.0132500891436507));
#10814=CARTESIAN_POINT('',(0.0596091710448828,-0.0239072949866001,0.0132500891436507));
#10815=CARTESIAN_POINT('',(0.0597117773254663,-0.0238995072262587,0.0132500891436507));
#10816=CARTESIAN_POINT('',(0.0596798550147439,-0.0239137853233589,0.0132500891436507));
#10817=CARTESIAN_POINT('',(0.0596437889091037,-0.0239084873758926,0.0132500891436507));
#10818=CARTESIAN_POINT('',(0.0596091710448873,-0.0239072949866002,0.0132500891436507));
#10819=CARTESIAN_POINT('',(0.0597117773327233,-0.0238995072821188,0.0132500891436507));
#10820=CARTESIAN_POINT('',(0.0591873524354009,-0.0176698226219211,0.0132500891436507));
#10821=CARTESIAN_POINT('',(0.0600217384755405,-0.0238656108983127,0.0132500891436507));
#10822=CARTESIAN_POINT('',(0.0601235409842215,-0.0238510476978668,0.0132500891436507));
#10823=CARTESIAN_POINT('',(0.0600900205997936,-0.0238596903960448,0.0132500891436507));
#10824=CARTESIAN_POINT('',(0.0600559650454384,-0.0238726507099266,0.0132500891436507));
#10825=CARTESIAN_POINT('',(0.0600217384699514,-0.0238656108971631,0.0132500891436507));
#10826=CARTESIAN_POINT('',(0.0601235409842258,-0.0238510476978654,0.0132500891436507));
#10827=CARTESIAN_POINT('',(0.0591873524354009,-0.0176698226219211,0.0132500891436507));
#10828=CARTESIAN_POINT('',(0.0591873524354009,-0.0176698226219211,0.0132500891436507));
#10829=CARTESIAN_POINT('',(0.0617172730953518,-0.0233867705747525,0.0132500891436507));
#10830=CARTESIAN_POINT('',(0.0618107789977264,-0.0233444701613617,0.0132500891436507));
#10831=CARTESIAN_POINT('',(0.0617857125067129,-0.0233687159818189,0.0132500891436507));
#10832=CARTESIAN_POINT('',(0.0617501244380843,-0.0233760850522046,0.0132500891436507));
#10833=CARTESIAN_POINT('',(0.0617172730953562,-0.0233867705747511,0.0132500891436507));
#10834=CARTESIAN_POINT('',(0.0618107790277454,-0.0233444702191744,0.0132500891436507));
#10835=CARTESIAN_POINT('',(0.0591873524354009,-0.0176698226219211,0.0132500891436507));
#10836=CARTESIAN_POINT('',(0.0620905641918473,-0.0232065503492293,0.0132500891436507));
#10837=CARTESIAN_POINT('',(0.0621810131499382,-0.0231581728261883,0.0132500891436507));
#10838=CARTESIAN_POINT('',(0.0621525478496143,-0.0231777121828393,0.0132500891436507));
#10839=CARTESIAN_POINT('',(0.0621250370467103,-0.0232014427325246,0.0132500891436507));
#10840=CARTESIAN_POINT('',(0.0620905641861538,-0.023206550350073,0.0132500891436507));
#10841=CARTESIAN_POINT('',(0.0621810131499419,-0.0231581728261855,0.0132500891436507));
#10842=CARTESIAN_POINT('',(0.0591873524354009,-0.0176698226219211,0.0132500891436507));
#10843=CARTESIAN_POINT('',(0.0591873524354009,-0.0176698226219211,0.0132500891436507));
#10844=CARTESIAN_POINT('',(0.0635201478559726,-0.022176581577667,0.0132500891436507));
#10845=CARTESIAN_POINT('',(0.0635933847930525,-0.0221050081194968,0.0132500891436507));
#10846=CARTESIAN_POINT('',(0.063578134258545,-0.0221362822432966,0.0132500891436507));
#10847=CARTESIAN_POINT('',(0.0635473055325429,-0.022155355559645,0.0132500891436507));
#10848=CARTESIAN_POINT('',(0.0635201478559764,-0.0221765815776641,0.0132500891436507));
#10849=CARTESIAN_POINT('',(0.0635933848463041,-0.0221050081684903,0.0132500891436507));
#10850=CARTESIAN_POINT('',(0.0591873524354009,-0.0176698226219211,0.0132500891436507));
#10851=CARTESIAN_POINT('',(0.0638091945068339,-0.0218796407053132,0.0132500891436507));
#10852=CARTESIAN_POINT('',(0.0638775018726468,-0.0218034034781215,0.0132500891436507));
#10853=CARTESIAN_POINT('',(0.063857481474807,-0.0218314438067357,0.0132500891436507));
#10854=CARTESIAN_POINT('',(0.0638397637941611,-0.0218630647045272,0.0132500891436507));
#10855=CARTESIAN_POINT('',(0.0638091945017394,-0.0218796407080765,0.0132500891436507));
#10856=CARTESIAN_POINT('',(0.0638775018726493,-0.0218034034781175,0.0132500891436507));
#10857=CARTESIAN_POINT('',(0.0591873524354009,-0.0176698226219211,0.0132500891436507));
#10858=CARTESIAN_POINT('',(0.0591873524354009,-0.0176698226219211,0.0132500891436507));
#10859=CARTESIAN_POINT('',(0.0648003110851163,-0.0204227642558458,0.0132500891436507));
#10860=CARTESIAN_POINT('',(0.0648445851424676,-0.020330594985843,0.0132500891436507));
#10861=CARTESIAN_POINT('',(0.0648409392986626,-0.0203651441234074,0.0132500891436507));
#10862=CARTESIAN_POINT('',(0.0648185463774613,-0.0203935752684286,0.0132500891436507));
#10863=CARTESIAN_POINT('',(0.0648003110851189,-0.0204227642558417,0.0132500891436507));
#10864=CARTESIAN_POINT('',(0.0648445852136652,-0.0203305950155972,0.0132500891436507));
#10865=CARTESIAN_POINT('',(0.0591873524354009,-0.0176698226219211,0.0132500891436507));
#10866=CARTESIAN_POINT('',(0.0649703253130725,-0.0200449472762793,0.0132500891436507));
#10867=CARTESIAN_POINT('',(0.0650083892899853,-0.0199500687437281,0.0132500891436507));
#10868=CARTESIAN_POINT('',(0.0649991812577902,-0.0199832223705314,0.0132500891436507));
#10869=CARTESIAN_POINT('',(0.0649933387417694,-0.0200189404796576,0.0132500891436507));
#10870=CARTESIAN_POINT('',(0.064970325309216,-0.0200449472806397,0.0132500891436507));
#10871=CARTESIAN_POINT('',(0.0650083892899863,-0.0199500687437235,0.0132500891436507));
#10872=CARTESIAN_POINT('',(0.0591873524354009,-0.0176698226219211,0.0132500891436507));
#10873=CARTESIAN_POINT('',(0.0591873524354009,-0.0176698226219211,0.0132500891436507));
#10874=CARTESIAN_POINT('',(0.0654033771160052,-0.0183369280213178,0.0132500891436507));
#10875=CARTESIAN_POINT('',(0.065413450945064,-0.0182352337621872,0.0132500891436507));
#10876=CARTESIAN_POINT('',(0.0654218381792087,-0.018268921241325,0.0132500891436507));
#10877=CARTESIAN_POINT('',(0.06541052629363,-0.0183032830809999,0.0132500891436507));
#10878=CARTESIAN_POINT('',(0.0654033771160062,-0.0183369280213131,0.0132500891436507));
#10879=CARTESIAN_POINT('',(0.065413450946876,-0.0182352337677422,0.0132500891436507));
#10880=CARTESIAN_POINT('',(0.0591873524354009,-0.0176698226219211,0.0132500891436507));
#10881=CARTESIAN_POINT('',(0.0654339110810344,-0.0179237844596708,0.0132500891436507));
#10882=CARTESIAN_POINT('',(0.0654372277663821,-0.0178216474737935,0.0132500891436507));
#10883=CARTESIAN_POINT('',(0.065439913889437,-0.0178559371149097,0.0132500891436507));
#10884=CARTESIAN_POINT('',(0.0654466221130039,-0.0178914862061989,0.0132500891436507));
#10885=CARTESIAN_POINT('',(0.0654339110044754,-0.0179237844455229,0.0132500891436507));
#10886=CARTESIAN_POINT('',(0.0654372277663815,-0.0178216474737887,0.0132500891436507));
#10887=CARTESIAN_POINT('',(0.0591873524354009,-0.0176698226219211,0.0132500891436507));
#10888=CARTESIAN_POINT('',(0.0591873524354009,-0.0176698226219211,0.0132500891436507));
#10889=CARTESIAN_POINT('',(0.0652566702209658,-0.0161706981903792,0.0132500891436507));
#10890=CARTESIAN_POINT('',(0.0652313449837192,-0.0160716528920147,0.0132500891436507));
#10891=CARTESIAN_POINT('',(0.0652507602365122,-0.0161004490739847,0.0132500891436507));
#10892=CARTESIAN_POINT('',(0.0652518783668918,-0.0161366237698721,0.0132500891436507));
#10893=CARTESIAN_POINT('',(0.0652566702209651,-0.0161706981903746,0.0132500891436507));
#10894=CARTESIAN_POINT('',(0.0652313449873095,-0.0160716528966136,0.0132500891436507));
#10895=CARTESIAN_POINT('',(0.0591873524354009,-0.0176698226219211,0.0132500891436507));
#10896=CARTESIAN_POINT('',(0.0651440547891224,-0.0157720110878522,0.0132500891436507));
#10897=CARTESIAN_POINT('',(0.0651122189498824,-0.0156748416134848,0.0132500891436507));
#10898=CARTESIAN_POINT('',(0.0651264783461281,-0.015706164044702,0.0132500891436507));
#10899=CARTESIAN_POINT('',(0.0651449597622293,-0.0157372918137141,0.0132500891436507));
#10900=CARTESIAN_POINT('',(0.0651440547141233,-0.015772011100476,0.0132500891436507));
#10901=CARTESIAN_POINT('',(0.0651122189498803,-0.0156748416134805,0.0132500891436507));
#10902=CARTESIAN_POINT('',(0.0591873524354009,-0.0176698226219211,0.0132500891436507));
#10903=CARTESIAN_POINT('',(0.0591873524354009,-0.0176698226219211,0.0132500891436507));
#10904=CARTESIAN_POINT('',(0.064377961079159,-0.014185346427502,0.0132500891436507));
#10905=CARTESIAN_POINT('',(0.0643202120977028,-0.0141008249899083,0.0132500891436507));
#10906=CARTESIAN_POINT('',(0.0643483531413002,-0.0141212592734198,0.0132500891436507));
#10907=CARTESIAN_POINT('',(0.0643617802490141,-0.0141549266113413,0.0132500891436507));
#10908=CARTESIAN_POINT('',(0.0643779610791568,-0.0141853464274979,0.0132500891436507));
#10909=CARTESIAN_POINT('',(0.0643202121026102,-0.0141008249930116,0.0132500891436507));
#10910=CARTESIAN_POINT('',(0.0591873524354009,-0.0176698226219211,0.0132500891436507));
#10911=CARTESIAN_POINT('',(0.0641357409750404,-0.0138491626702464,0.0132500891436507));
#10912=CARTESIAN_POINT('',(0.0640724958997627,-0.0137686220668295,0.0132500891436507));
#10913=CARTESIAN_POINT('',(0.0640966426606181,-0.0137932178669274,0.0132500891436507));
#10914=CARTESIAN_POINT('',(0.0641247158306207,-0.0138161708004618,0.0132500891436507));
#10915=CARTESIAN_POINT('',(0.0641357409130366,-0.0138491627055054,0.0132500891436507));
#10916=CARTESIAN_POINT('',(0.0640724958997593,-0.0137686220668262,0.0132500891436507));
#10917=CARTESIAN_POINT('',(0.0591873524354009,-0.0176698226219211,0.0132500891436507));
#10918=CARTESIAN_POINT('',(0.0591873524354009,-0.0176698226219211,0.0132500891436507));
#10919=CARTESIAN_POINT('',(0.0628732881664096,-0.0126202810359838,0.0132500891436507));
#10920=CARTESIAN_POINT('',(0.0627899414097208,-0.0125604836145069,0.0132500891436507));
#10921=CARTESIAN_POINT('',(0.0628234535214516,-0.0125700576140585,0.0132500891436507));
#10922=CARTESIAN_POINT('',(0.0628476222120683,-0.012597184493782,0.0132500891436507));
#10923=CARTESIAN_POINT('',(0.0628732881664062,-0.0126202810359807,0.0132500891436507));
#10924=CARTESIAN_POINT('',(0.0627899414153499,-0.0125604836157498,0.0132500891436507));
#10925=CARTESIAN_POINT('',(0.0591873524354009,-0.0176698226219211,0.0132500891436507));
#10926=CARTESIAN_POINT('',(0.0625306051764808,-0.0123871478450475,0.0132500891436507));
#10927=CARTESIAN_POINT('',(0.0624434346187038,-0.0123329769942098,0.0132500891436507));
#10928=CARTESIAN_POINT('',(0.0624746052338479,-0.0123478682089266,0.0132500891436507));
#10929=CARTESIAN_POINT('',(0.0625089312696474,-0.012359837434466,0.0132500891436507));
#10930=CARTESIAN_POINT('',(0.0625306051349975,-0.0123871478940573,0.0132500891436507));
#10931=CARTESIAN_POINT('',(0.0624434346186996,-0.0123329769942079,0.0132500891436507));
#10932=CARTESIAN_POINT('',(0.0591873524354009,-0.0176698226219211,0.0132500891436507));
#10933=CARTESIAN_POINT('',(0.0591873524354009,-0.0176698226219211,0.0132500891436507));
#10934=CARTESIAN_POINT('',(0.0609241431198831,-0.0116641960469343,0.0132500891436507));
#10935=CARTESIAN_POINT('',(0.0608251154158783,-0.0116364384280514,0.0132500891436507));
#10936=CARTESIAN_POINT('',(0.0608599726253446,-0.0116339357992333,0.0132500891436507));
#10937=CARTESIAN_POINT('',(0.0608920394939979,-0.011651241717581,0.0132500891436507));
#10938=CARTESIAN_POINT('',(0.0609241431198789,-0.0116641960469326,0.0132500891436507));
#10939=CARTESIAN_POINT('',(0.060825115421545,-0.0116364384273209,0.0132500891436507));
#10940=CARTESIAN_POINT('',(0.0591873524354009,-0.0176698226219211,0.0132500891436507));
#10941=CARTESIAN_POINT('',(0.060522254409978,-0.0115622839598009,0.0132500891436507));
#10942=CARTESIAN_POINT('',(0.0604215458853191,-0.0115411393239669,0.0132500891436507));
#10943=CARTESIAN_POINT('',(0.0604560219832749,-0.0115444860234,0.0132500891436507));
#10944=CARTESIAN_POINT('',(0.0604924807413599,-0.0115439560375265,0.0132500891436507));
#10945=CARTESIAN_POINT('',(0.0605222543909569,-0.0115622840119584,0.0132500891436507));
#10946=CARTESIAN_POINT('',(0.0604215458853146,-0.0115411393239667,0.0132500891436507));
#10947=CARTESIAN_POINT('',(0.0591873524354009,-0.0176698226219211,0.0132500891436507));
#10948=CARTESIAN_POINT('',(0.0591873524354009,-0.0176698226219211,0.0132500891436507));
#10949=CARTESIAN_POINT('',(0.0587655337346079,-0.0114323458257805,0.0132500891436507));
#10950=CARTESIAN_POINT('',(0.0586627575465843,-0.011440146686941,0.0132500891436507));
#10951=CARTESIAN_POINT('',(0.0586949035275735,-0.0114257354227011,0.0132500891436507));
#10952=CARTESIAN_POINT('',(0.0587308606239528,-0.0114311526773923,0.0132500891436507));
#10953=CARTESIAN_POINT('',(0.0587655337346308,-0.0114323458250534,0.0132500891436507));
#10954=CARTESIAN_POINT('',(0.0586627586836682,-0.0114401492232915,0.0132500891436507));
#10955=CARTESIAN_POINT('',(0.0591873524354009,-0.0176698226219211,0.0132500891436507));
#10956=CARTESIAN_POINT('',(0.0583528953064731,-0.0114740393232349,0.0132500891436507));
#10957=CARTESIAN_POINT('',(0.0582508307166184,-0.0114886408381931,0.0132500891436507));
#10958=CARTESIAN_POINT('',(0.0582844386884782,-0.0114799774461869,0.0132500891436507));
#10959=CARTESIAN_POINT('',(0.0583185822014338,-0.0114669631940251,0.0132500891436507));
#10960=CARTESIAN_POINT('',(0.0583528956339833,-0.011474037759879,0.0132500891436507));
#10961=CARTESIAN_POINT('',(0.0582508307145752,-0.0114886408406445,0.0132500891436507));
#10962=CARTESIAN_POINT('',(0.0591873524354009,-0.0176698226219211,0.0132500891436507));
#10963=CARTESIAN_POINT('',(0.0591873524354009,-0.0176698226219211,0.0132500891436507));
#10964=CARTESIAN_POINT('',(0.0566577285997559,-0.0119527266502122,0.0132500891436507));
#10965=CARTESIAN_POINT('',(0.0565636885362733,-0.0119952695863168,0.0132500891436507));
#10966=CARTESIAN_POINT('',(0.0565888705150662,-0.0119708543545907,0.0132500891436507));
#10967=CARTESIAN_POINT('',(0.0566246896731706,-0.0119634772869195,0.0132500891436507));
#10968=CARTESIAN_POINT('',(0.0566577285971041,-0.0119527266420747,0.0132500891436507));
#10969=CARTESIAN_POINT('',(0.0565636885318774,-0.0119952695740437,0.0132500891436507));
#10970=CARTESIAN_POINT('',(0.0591873524354009,-0.0176698226219211,0.0132500891436507));
#10971=CARTESIAN_POINT('',(0.0562841699853064,-0.0121330624495411,0.0132500891436507));
#10972=CARTESIAN_POINT('',(0.0561931336369838,-0.0121817568127503,0.0132500891436507));
#10973=CARTESIAN_POINT('',(0.0562217877352582,-0.0121620933005302,0.0132500891436507));
#10974=CARTESIAN_POINT('',(0.0562494641498318,-0.0121381699071607,0.0132500891436507));
#10975=CARTESIAN_POINT('',(0.056284169992793,-0.0121330624629154,0.0132500891436507));
#10976=CARTESIAN_POINT('',(0.0561931336389589,-0.0121817568252194,0.0132500891436507));
#10977=CARTESIAN_POINT('',(0.0591873524354009,-0.0176698226219211,0.0132500891436507));
#10978=CARTESIAN_POINT('',(0.0591873524354009,-0.0176698226219211,0.0132500891436507));
#10979=CARTESIAN_POINT('',(0.0548551349269447,-0.013162500686934,0.0132500891436507));
#10980=CARTESIAN_POINT('',(0.0547810893131304,-0.0132348344216785,0.0132500891436507));
#10981=CARTESIAN_POINT('',(0.0547964574154137,-0.0132031944001616,0.0132500891436507));
#10982=CARTESIAN_POINT('',(0.0548276886825411,-0.0131839662406152,0.0132500891436507));
#10983=CARTESIAN_POINT('',(0.0548551349262879,-0.0131625006860999,0.0132500891436507));
#10984=CARTESIAN_POINT('',(0.054781089315646,-0.0132348344164679,0.0132500891436507));
#10985=CARTESIAN_POINT('',(0.0591873524354009,-0.0176698226219211,0.0132500891436507));
#10986=CARTESIAN_POINT('',(0.054565589993676,-0.013459882031173,0.0132500891436507));
#10987=CARTESIAN_POINT('',(0.0544967803354235,-0.0135366415737319,0.0132500891436507));
#10988=CARTESIAN_POINT('',(0.0545169432025297,-0.0135084013813948,0.0132500891436507));
#10989=CARTESIAN_POINT('',(0.0545347798244354,-0.0134765354032067,0.0132500891436507));
#10990=CARTESIAN_POINT('',(0.0545655900153831,-0.0134598820590901,0.0132500891436507));
#10991=CARTESIAN_POINT('',(0.0544967802488929,-0.0135366415262454,0.0132500891436507));
#10992=CARTESIAN_POINT('',(0.0591873524354009,-0.0176698226219211,0.0132500891436507));
#10993=CARTESIAN_POINT('',(0.0591873524354009,-0.0176698226219211,0.0132500891436507));
#10994=CARTESIAN_POINT('',(0.0535748584598154,-0.0149159185349658,0.0132500891436507));
#10995=CARTESIAN_POINT('',(0.0535299599828609,-0.0150093228127465,0.0132500891436507));
#10996=CARTESIAN_POINT('',(0.0535335924540837,-0.0149742948860399,0.0132500891436507));
#10997=CARTESIAN_POINT('',(0.0535563871856652,-0.0149455111416968,0.0132500891436507));
#10998=CARTESIAN_POINT('',(0.0535748584584075,-0.0149159185340912,0.0132500891436507));
#10999=CARTESIAN_POINT('',(0.0535299599834479,-0.0150093228068126,0.0132500891436507));
#11000=CARTESIAN_POINT('',(0.0591873524354009,-0.0176698226219211,0.0132500891436507));
#11001=CARTESIAN_POINT('',(0.0534044403792674,-0.015294473592712,0.0132500891436507));
#11002=CARTESIAN_POINT('',(0.0533658792906935,-0.0153906668019267,0.0132500891436507));
#11003=CARTESIAN_POINT('',(0.0533752275981011,-0.015357059157099,0.0132500891436507));
#11004=CARTESIAN_POINT('',(0.0533810641323686,-0.0153208071314366,0.0132500891436507));
#11005=CARTESIAN_POINT('',(0.0534044403832563,-0.0152944735882634,0.0132500891436507));
#11006=CARTESIAN_POINT('',(0.0533658793231042,-0.0153906668140648,0.0132500891436507));
#11007=CARTESIAN_POINT('',(0.0591873524354009,-0.0176698226219211,0.0132500891436507));
#11008=CARTESIAN_POINT('',(0.0664594560517429,-0.0260544316761789,-0.00478391085634926));
#11009=CARTESIAN_POINT('',(0.0591873524354009,-0.0176698226219211,-0.00478391085634926));
#11010=CARTESIAN_POINT('',(0.0621810131499452,-0.0231581728261838,-0.00478391085634926));
#11011=CARTESIAN_POINT('',(0.0620904487911237,-0.0232065673527954,-0.00478391085634926));
#11012=CARTESIAN_POINT('',(0.0621196914414781,-0.0232022826209599,-0.00478391085634926));
#11013=CARTESIAN_POINT('',(0.0621497269403147,-0.0231796364895433,-0.00478391085634926));
#11014=CARTESIAN_POINT('',(0.0621812979391619,-0.0231579773934132,-0.00478391085634926));
#11015=CARTESIAN_POINT('',(0.062090564194085,-0.0232065503488977,-0.00478391085634926));
#11016=CARTESIAN_POINT('',(0.0591873524354009,-0.0176698226219211,-0.00478391085634926));
#11017=CARTESIAN_POINT('',(0.0618107994346312,-0.0233444605150891,-0.00478391085634926));
#11018=CARTESIAN_POINT('',(0.06171698828029,-0.0233868632517488,-0.00478391085634926));
#11019=CARTESIAN_POINT('',(0.0617533946681808,-0.0233750122705485,-0.00478391085634926));
#11020=CARTESIAN_POINT('',(0.0617896489526192,-0.0233649804457924,-0.00478391085634926));
#11021=CARTESIAN_POINT('',(0.0618108581348509,-0.0233443989969041,-0.00478391085634926));
#11022=CARTESIAN_POINT('',(0.0617172730934164,-0.0233867705753821,-0.00478391085634926));
#11023=CARTESIAN_POINT('',(0.0591873524354009,-0.0176698226219211,-0.00478391085634926));
#11024=CARTESIAN_POINT('',(0.0591873524354009,-0.0176698226219211,-0.00478391085634926));
#11025=CARTESIAN_POINT('',(0.0601235409842288,-0.0238510476978651,-0.00478391085634926));
#11026=CARTESIAN_POINT('',(0.0600216869683602,-0.0238656002847458,-0.00478391085634926));
#11027=CARTESIAN_POINT('',(0.0600506315357068,-0.0238715755293233,-0.00478391085634926));
#11028=CARTESIAN_POINT('',(0.0600866011054382,-0.0238605678723588,-0.00478391085634926));
#11029=CARTESIAN_POINT('',(0.0601236759872484,-0.0238510128971031,-0.00478391085634926));
#11030=CARTESIAN_POINT('',(0.0600217384775755,-0.0238656108987313,-0.00478391085634926));
#11031=CARTESIAN_POINT('',(0.0591873524354009,-0.0176698226219211,-0.00478391085634926));
#11032=CARTESIAN_POINT('',(0.0597117860387583,-0.0238995055531802,-0.00478391085634926));
#11033=CARTESIAN_POINT('',(0.0596090840529738,-0.0239072919931084,-0.00478391085634926));
#11034=CARTESIAN_POINT('',(0.0596473481413128,-0.0239086074315299,-0.00478391085634926));
#11035=CARTESIAN_POINT('',(0.0596848471110125,-0.0239115802953934,-0.00478391085634926));
#11036=CARTESIAN_POINT('',(0.059711816493147,-0.0238994940272945,-0.00478391085634926));
#11037=CARTESIAN_POINT('',(0.0596091710440941,-0.0239072949865729,-0.00478391085634926));
#11038=CARTESIAN_POINT('',(0.0591873524354009,-0.0176698226219211,-0.00478391085634926));
#11039=CARTESIAN_POINT('',(0.0591873524354009,-0.0176698226219211,-0.00478391085634926));
#11040=CARTESIAN_POINT('',(0.0579531766070831,-0.0237985113746193,-0.00478391085634926));
#11041=CARTESIAN_POINT('',(0.0578522842115037,-0.0237773304526263,-0.00478391085634926));
#11042=CARTESIAN_POINT('',(0.0578774395538444,-0.0237928449709355,-0.00478391085634926));
#11043=CARTESIAN_POINT('',(0.0579150047335064,-0.0237948034743087,-0.00478391085634926));
#11044=CARTESIAN_POINT('',(0.0579531117203664,-0.0237985050909597,-0.00478391085634926));
#11045=CARTESIAN_POINT('',(0.057953492790235,-0.0237985421071262,-0.00478391085634926));
#11046=CARTESIAN_POINT('',(0.0579538738601036,-0.0237985791232927,-0.00478391085634926));
#11047=CARTESIAN_POINT('',(0.0579542549299723,-0.0237986161394592,-0.00478391085634926));
#11048=CARTESIAN_POINT('',(0.0578522849701293,-0.0237773269821584,-0.00478391085634926));
#11049=CARTESIAN_POINT('',(0.0591873524354009,-0.0176698226219211,-0.00478391085634926));
#11050=CARTESIAN_POINT('',(0.0575495303712637,-0.0237031942240177,-0.00478391085634926));
#11051=CARTESIAN_POINT('',(0.0574492396952802,-0.0236749596391628,-0.00478391085634926));
#11052=CARTESIAN_POINT('',(0.0574495947610303,-0.0236751028711304,-0.00478391085634926));
#11053=CARTESIAN_POINT('',(0.0574499498267805,-0.0236752461030979,-0.00478391085634926));
#11054=CARTESIAN_POINT('',(0.0574503048925306,-0.0236753893350655,-0.00478391085634926));
#11055=CARTESIAN_POINT('',(0.0574858114675465,-0.0236897125318212,-0.00478391085634926));
#11056=CARTESIAN_POINT('',(0.0575200321933357,-0.0237053315130476,-0.00478391085634926));
#11057=CARTESIAN_POINT('',(0.0575495088698621,-0.0237031982080454,-0.00478391085634926));
#11058=CARTESIAN_POINT('',(0.057549806584295,-0.0237031766616648,-0.00478391085634926));
#11059=CARTESIAN_POINT('',(0.057550104298728,-0.0237031551152843,-0.00478391085634926));
#11060=CARTESIAN_POINT('',(0.0575504020131609,-0.0237031335689038,-0.00478391085634926));
#11061=CARTESIAN_POINT('',(0.0574502018695381,-0.0236753477480169,-0.00478391085634926));
#11062=CARTESIAN_POINT('',(0.0591873524354009,-0.0176698226219211,-0.00478391085634926));
#11063=CARTESIAN_POINT('',(0.0591873524354009,-0.0176698226219211,-0.00478391085634926));
#11064=CARTESIAN_POINT('',(0.0591873524354009,-0.0176698226219211,-0.00478391085634926));
#11065=CARTESIAN_POINT('',(0.056193133641831,-0.0121817568232491,-0.00478391085634926));
#11066=CARTESIAN_POINT('',(0.0562841694961238,-0.0121330615133458,-0.00478391085634926));
#11067=CARTESIAN_POINT('',(0.0562494199220456,-0.0121381755634929,-0.00478391085634926));
#11068=CARTESIAN_POINT('',(0.0562217936201625,-0.0121620892621488,-0.00478391085634926));
#11069=CARTESIAN_POINT('',(0.0561931336399089,-0.012181756810743,-0.00478391085634926));
#11070=CARTESIAN_POINT('',(0.056284187328178,-0.0121330643432765,-0.00478391085634926));
#11071=CARTESIAN_POINT('',(0.0591873524354009,-0.0176698226219211,-0.00478391085634926));
#11072=CARTESIAN_POINT('',(0.0565636884498378,-0.0119952696536749,-0.00478391085634926));
#11073=CARTESIAN_POINT('',(0.0566577285951162,-0.011952726647222,-0.00478391085634926));
#11074=CARTESIAN_POINT('',(0.0566246900872326,-0.0119634771565907,-0.00478391085634926));
#11075=CARTESIAN_POINT('',(0.0565888678658459,-0.0119708568487774,-0.00478391085634926));
#11076=CARTESIAN_POINT('',(0.0565636884527636,-0.0119952696672838,-0.00478391085634926));
#11077=CARTESIAN_POINT('',(0.0566577781869775,-0.0119527158249397,-0.00478391085634926));
#11078=CARTESIAN_POINT('',(0.0591873524354009,-0.0176698226219211,-0.00478391085634926));
#11079=CARTESIAN_POINT('',(0.0591873524354009,-0.0176698226219211,-0.00478391085634926));
#11080=CARTESIAN_POINT('',(0.0582507931052926,-0.0114886505663271,-0.00478391085634926));
#11081=CARTESIAN_POINT('',(0.058353755057276,-0.0114742109489597,-0.00478391085634926));
#11082=CARTESIAN_POINT('',(0.0583534656172857,-0.011474151238714,-0.00478391085634926));
#11083=CARTESIAN_POINT('',(0.0583531761772955,-0.0114740915284684,-0.00478391085634926));
#11084=CARTESIAN_POINT('',(0.0583528867373052,-0.0114740318182228,-0.00478391085634926));
#11085=CARTESIAN_POINT('',(0.0583239427382774,-0.01146806079366,-0.00478391085634926));
#11086=CARTESIAN_POINT('',(0.0582879731685461,-0.0114790684506246,-0.00478391085634926));
#11087=CARTESIAN_POINT('',(0.0582508982867358,-0.0114886234258802,-0.00478391085634926));
#11088=CARTESIAN_POINT('',(0.0582505238304295,-0.0114887199311303,-0.00478391085634926));
#11089=CARTESIAN_POINT('',(0.0582501493741232,-0.0114888164363804,-0.00478391085634926));
#11090=CARTESIAN_POINT('',(0.058249774917817,-0.0114889129416305,-0.00478391085634926));
#11091=CARTESIAN_POINT('',(0.0583529089927582,-0.0114740389134245,-0.00478391085634926));
#11092=CARTESIAN_POINT('',(0.0591873524354009,-0.0176698226219211,-0.00478391085634926));
#11093=CARTESIAN_POINT('',(0.0586627584518746,-0.0114401502649207,-0.00478391085634926));
#11094=CARTESIAN_POINT('',(0.0587666381436606,-0.0114323837930276,-0.00478391085634926));
#11095=CARTESIAN_POINT('',(0.0587662555027772,-0.0114323706386434,-0.00478391085634926));
#11096=CARTESIAN_POINT('',(0.0587658728618938,-0.0114323574842592,-0.00478391085634926));
#11097=CARTESIAN_POINT('',(0.0587654902210104,-0.011432344329875,-0.00478391085634926));
#11098=CARTESIAN_POINT('',(0.0587272261326714,-0.0114310288914535,-0.00478391085634926));
#11099=CARTESIAN_POINT('',(0.0586897271629717,-0.01142805602759,-0.00478391085634926));
#11100=CARTESIAN_POINT('',(0.0586627581286047,-0.0114401464260173,-0.00478391085634926));
#11101=CARTESIAN_POINT('',(0.0587655611617124,-0.0114323467852944,-0.00478391085634926));
#11102=CARTESIAN_POINT('',(0.0591873524354009,-0.0176698226219211,-0.00478391085634926));
#11103=CARTESIAN_POINT('',(0.0591873524354009,-0.0176698226219211,-0.00478391085634926));
#11104=CARTESIAN_POINT('',(0.0604215458853117,-0.0115411393239661,-0.00478391085634926));
#11105=CARTESIAN_POINT('',(0.0605222909717655,-0.0115623017104639,-0.00478391085634926));
#11106=CARTESIAN_POINT('',(0.0604971347201398,-0.0115467913520478,-0.00478391085634926));
#11107=CARTESIAN_POINT('',(0.0604595695404778,-0.0115448328486747,-0.00478391085634926));
#11108=CARTESIAN_POINT('',(0.0604214625536177,-0.0115411312320237,-0.00478391085634926));
#11109=CARTESIAN_POINT('',(0.0605222627285467,-0.0115622866445275,-0.00478391085634926));
#11110=CARTESIAN_POINT('',(0.0591873524354009,-0.0176698226219211,-0.00478391085634926));
#11111=CARTESIAN_POINT('',(0.0608251154234313,-0.0116364384278329,-0.00478391085634926));
#11112=CARTESIAN_POINT('',(0.0609242693814535,-0.0116642469879179,-0.00478391085634926));
#11113=CARTESIAN_POINT('',(0.0608887628064377,-0.0116499237911622,-0.00478391085634926));
#11114=CARTESIAN_POINT('',(0.0608545420806485,-0.0116343048099358,-0.00478391085634926));
#11115=CARTESIAN_POINT('',(0.060825064318261,-0.0116364421151207,-0.00478391085634926));
#11116=CARTESIAN_POINT('',(0.0609241431209436,-0.0116641960473622,-0.00478391085634926));
#11117=CARTESIAN_POINT('',(0.0591873524354009,-0.0176698226219211,-0.00478391085634926));
#11118=CARTESIAN_POINT('',(0.0591873524354009,-0.0176698226219211,-0.00478391085634926));
#11119=CARTESIAN_POINT('',(0.0624434346186966,-0.0123329769942061,-0.00478391085634926));
#11120=CARTESIAN_POINT('',(0.062530674041194,-0.0123872282240419,-0.00478391085634926));
#11121=CARTESIAN_POINT('',(0.0625123397521832,-0.012364049309906,-0.00478391085634926));
#11122=CARTESIAN_POINT('',(0.0624777098776606,-0.0123493608706064,-0.00478391085634926));
#11123=CARTESIAN_POINT('',(0.0624431670507655,-0.0123328491316469,-0.00478391085634926));
#11124=CARTESIAN_POINT('',(0.0625306240826206,-0.0123871600160063,-0.00478391085634926));
#11125=CARTESIAN_POINT('',(0.0591873524354009,-0.0176698226219211,-0.00478391085634926));
#11126=CARTESIAN_POINT('',(0.062789941417092,-0.0125604836169781,-0.00478391085634926));
#11127=CARTESIAN_POINT('',(0.0628735428480869,-0.0126205101622847,-0.00478391085634926));
#11128=CARTESIAN_POINT('',(0.0628450764033624,-0.0125949067961114,-0.00478391085634926));
#11129=CARTESIAN_POINT('',(0.062818261446058,-0.0125685255771696,-0.00478391085634926));
#11130=CARTESIAN_POINT('',(0.0627898304088395,-0.0125604519985636,-0.00478391085634926));
#11131=CARTESIAN_POINT('',(0.0628732881680413,-0.0126202810374522,-0.00478391085634926));
#11132=CARTESIAN_POINT('',(0.0591873524354009,-0.0176698226219211,-0.00478391085634926));
#11133=CARTESIAN_POINT('',(0.0591873524354009,-0.0176698226219211,0.0132500891436507));
#11134=CARTESIAN_POINT('',(0.0591873524354009,-0.0176698226219211,0.0040499430930615));
#11135=CARTESIAN_POINT('',(0.0654033771155709,-0.0183369280233621,0.00404994309306162));
#11136=CARTESIAN_POINT('',(0.0654033771151382,-0.0183369280253982,-0.00478391085634926));
#11137=CARTESIAN_POINT('',(0.0591873524354009,-0.0176698226219211,0.0132500891436507));
#11138=CARTESIAN_POINT('',(0.0591873524354009,-0.0176698226219211,0.0040499430930615));
#11139=CARTESIAN_POINT('',(0.065008389289987,-0.0199500687437215,0.0040499430930615));
#11140=CARTESIAN_POINT('',(0.0650083892899873,-0.0199500687437215,0.0132500891436507));
#11141=CARTESIAN_POINT('',(0.0591873524354009,-0.0176698226219211,0.0132500891436507));
#11142=CARTESIAN_POINT('',(0.0591873524354009,-0.0176698226219211,0.0040499430930615));
#11143=CARTESIAN_POINT('',(0.0649703253139448,-0.0200449472752958,0.00404994309306147));
#11144=CARTESIAN_POINT('',(0.0648445852155776,-0.0203305950115277,0.0040499430930615));
#11145=CARTESIAN_POINT('',(0.0649703253148055,-0.0200449472743186,0.0132500891436507));
#11146=CARTESIAN_POINT('',(0.0648445852155776,-0.0203305950115277,0.0132500891436507));
#11147=CARTESIAN_POINT('',(0.0591873524354009,-0.0176698226219211,0.0132500891436507));
#11148=CARTESIAN_POINT('',(0.0591873524354009,-0.0176698226219211,0.0040499430930615));
#11149=CARTESIAN_POINT('',(0.0654339111528015,-0.0179237844859942,0.0040499430930615));
#11150=CARTESIAN_POINT('',(0.0654134509463577,-0.0182352337691063,0.00404994309306158));
#11151=CARTESIAN_POINT('',(0.0654339111528015,-0.0179237844859942,0.0132500891436507));
#11152=CARTESIAN_POINT('',(0.0654134509466452,-0.0182352337702615,0.0132500891436507));
#11153=CARTESIAN_POINT('',(0.0591873524354009,-0.0176698226219211,0.0132500891436507));
#11154=CARTESIAN_POINT('',(0.0591873524354009,-0.0176698226219211,0.0040499430930615));
#11155=CARTESIAN_POINT('',(0.0648003110841265,-0.0204227642574303,0.00404994309306145));
#11156=CARTESIAN_POINT('',(0.0648003110831419,-0.0204227642590062,-0.00478391085634926));
#11157=CARTESIAN_POINT('',(0.0591873524354009,-0.0176698226219211,0.0132500891436507));
#11158=CARTESIAN_POINT('',(0.0638775018726517,-0.0218034034781149,0.0132500891436507));
#11159=CARTESIAN_POINT('',(0.0638775018726517,-0.0218034034781149,0.00389995427743648));
#11160=CARTESIAN_POINT('',(0.0638775018726523,-0.0218034034781143,0.00389995427743647));
#11161=CARTESIAN_POINT('',(0.0638920448563024,-0.0217869023453301,0.00390673225049981));
#11162=CARTESIAN_POINT('',(0.0639065412359224,-0.0217702785450954,0.00391330264410077));
#11163=CARTESIAN_POINT('',(0.0639209900244531,-0.0217535302037574,0.00391966289489652));
#11164=CARTESIAN_POINT('',(0.0591873524354009,-0.0176698226219211,0.0132500891436507));
#11165=CARTESIAN_POINT('',(0.063593384849335,-0.0221050081654785,0.0132500891436507));
#11166=CARTESIAN_POINT('',(0.063593384849335,-0.0221050081654785,0.00374499245614104));
#11167=CARTESIAN_POINT('',(0.0635933845470443,-0.022105008465784,0.00374499245614103));
#11168=CARTESIAN_POINT('',(0.0636659377861813,-0.0220329321396288,0.00379012971552674));
#11169=CARTESIAN_POINT('',(0.0637379281095297,-0.0219578821000747,0.00383076236905736));
#11170=CARTESIAN_POINT('',(0.063809194508951,-0.0218796407041663,0.00386677078640651));
#11171=CARTESIAN_POINT('',(0.0638091945089458,-0.0218796407041672,0.00386677078640574));
#11172=CARTESIAN_POINT('',(0.0638091945089458,-0.0218796407041672,0.0132500891436507));
#11173=CARTESIAN_POINT('',(0.0591873524354009,-0.0176698226219211,0.0132500891436507));
#11174=CARTESIAN_POINT('',(0.0634651194352535,-0.0222288468523247,0.00366082624793268));
#11175=CARTESIAN_POINT('',(0.0634834694809908,-0.0222116288652877,0.0036734959111327));
#11176=CARTESIAN_POINT('',(0.0635018135814129,-0.0221942081381116,0.00368588938823125));
#11177=CARTESIAN_POINT('',(0.0635201478539434,-0.022176581579253,0.00369800807956413));
#11178=CARTESIAN_POINT('',(0.0635201478539466,-0.0221765815792506,0.00369800807956415));
#11179=CARTESIAN_POINT('',(0.0635201478539466,-0.0221765815792506,-0.00478391085634926));
#11180=CARTESIAN_POINT('',(0.0591873524354009,-0.0176698226219211,0.0132500891436507));
#11181=CARTESIAN_POINT('',(0.0621810131499443,-0.0231581728261843,0.0132500891436507));
#11182=CARTESIAN_POINT('',(0.0591873524354009,-0.0176698226219211,0.0132500891436507));
#11183=CARTESIAN_POINT('',(0.0620905641940836,-0.0232065503488978,0.0132500891436507));
#11184=CARTESIAN_POINT('',(0.0618107790311716,-0.0233444702175903,0.0132500891436507));
#11185=CARTESIAN_POINT('',(0.0591873524354009,-0.0176698226219211,0.0132500891436507));
#11186=CARTESIAN_POINT('',(0.0617172730934172,-0.0233867705753817,-0.00478391085634926));
#11187=CARTESIAN_POINT('',(0.0591873524354009,-0.0176698226219211,0.0132500891436507));
#11188=CARTESIAN_POINT('',(0.0601235409842288,-0.0238510476978651,0.0132500891436507));
#11189=CARTESIAN_POINT('',(0.0591873524354009,-0.0176698226219211,0.0132500891436507));
#11190=CARTESIAN_POINT('',(0.0600217384775755,-0.0238656108987312,0.0132500891436507));
#11191=CARTESIAN_POINT('',(0.0597117773359411,-0.0238995072818479,0.0132500891436507));
#11192=CARTESIAN_POINT('',(0.0591873524354009,-0.0176698226219211,0.0132500891436507));
#11193=CARTESIAN_POINT('',(0.0596091710440941,-0.0239072949865729,-0.00478391085634926));
#11194=CARTESIAN_POINT('',(0.0591873524354009,-0.0176698226219211,0.0132500891436507));
#11195=CARTESIAN_POINT('',(0.0579531950783797,-0.0237985131881469,0.0132500891436507));
#11196=CARTESIAN_POINT('',(0.0591873524354009,-0.0176698226219211,0.0132500891436507));
#11197=CARTESIAN_POINT('',(0.0578522842115037,-0.0237773304526263,0.0317802910605786));
#11198=CARTESIAN_POINT('',(0.0575495360350207,-0.0237031923169655,0.0132500891436507));
#11199=CARTESIAN_POINT('',(0.0591873524354009,-0.0176698226219211,0.0132500891436507));
#11200=CARTESIAN_POINT('',(0.0574501785072505,-0.0236753383517972,-0.00478391085634926));
#11201=CARTESIAN_POINT('',(0.0591873524354009,-0.0176698226219211,0.0132500891436507));
#11202=CARTESIAN_POINT('',(0.0559316751510244,-0.0230069152629036,0.0132500891436507));
#11203=CARTESIAN_POINT('',(0.0559316751510244,-0.0230069152629036,0.00243071435710357));
#11204=CARTESIAN_POINT('',(0.0559316751510245,-0.0230069152629036,0.00243071435710356));
#11205=CARTESIAN_POINT('',(0.0559707182207119,-0.0230307319068414,0.00230790560016989));
#11206=CARTESIAN_POINT('',(0.0559924155805018,-0.0230434964984828,0.00218126807847601));
#11207=CARTESIAN_POINT('',(0.0559924155805018,-0.0230434964984828,0.0020499430930615));
#11208=CARTESIAN_POINT('',(0.0559924155805018,-0.0230434964984828,0.00204994309306151));
#11209=CARTESIAN_POINT('',(0.0559924155805018,-0.0230434964984828,0.0132500891436507));
#11210=CARTESIAN_POINT('',(0.0559924155805018,-0.0230434964984828,0.00104994309306151));
#11211=CARTESIAN_POINT('',(0.0559924155805018,-0.0230434964984828,0.0010499430930615));
#11212=CARTESIAN_POINT('',(0.0559924155805018,-0.0230434964984828,0.000918618107646983));
#11213=CARTESIAN_POINT('',(0.0559707182207119,-0.0230307319068414,0.00079198058595313));
#11214=CARTESIAN_POINT('',(0.0559316751510245,-0.0230069152629036,0.000669171829019446));
#11215=CARTESIAN_POINT('',(0.0591873524354009,-0.0176698226219211,0.0132500891436507));
#11216=CARTESIAN_POINT('',(0.0555848305610407,-0.0227792089435052,0.0132500891436507));
#11217=CARTESIAN_POINT('',(0.0555848305610407,-0.0227792089435052,0.00304357396425784));
#11218=CARTESIAN_POINT('',(0.0555848305610407,-0.0227792089435052,0.00304357396425783));
#11219=CARTESIAN_POINT('',(0.0556823525414951,-0.0228479696606845,0.00292346011111939));
#11220=CARTESIAN_POINT('',(0.0557714564315928,-0.0229065188811938,0.00279339341184083));
#11221=CARTESIAN_POINT('',(0.0558438521213069,-0.022952340779778,0.00264686311263424));
#11222=CARTESIAN_POINT('',(0.0558438521213072,-0.0229523407797782,0.00264686311263479));
#11223=CARTESIAN_POINT('',(0.0558438521213072,-0.0229523407797782,0.0132500891436507));
#11224=CARTESIAN_POINT('',(0.0591873524354009,-0.0176698226219211,0.0132500891436507));
#11225=CARTESIAN_POINT('',(0.0554407727636697,-0.0226745337226546,0.00320740478718625));
#11226=CARTESIAN_POINT('',(0.0554609783869086,-0.022689659865954,0.00318608978133796));
#11227=CARTESIAN_POINT('',(0.0554809886795644,-0.0227044487683569,0.00316436555349683));
#11228=CARTESIAN_POINT('',(0.0555007762088177,-0.0227188966126669,0.0031422042602701));
#11229=CARTESIAN_POINT('',(0.055500776208818,-0.0227188966126671,0.00314220426027048));
#11230=CARTESIAN_POINT('',(0.055500776208818,-0.0227188966126671,-0.00478391085634926));
#11231=CARTESIAN_POINT('',(0.0591873524354009,-0.0176698226219211,0.0132500891436507));
#11232=CARTESIAN_POINT('',(0.0543027421363919,-0.0215716907213384,0.0132500891436507));
#11233=CARTESIAN_POINT('',(0.0543027421363919,-0.0215716907213384,0.00397893528147009));
#11234=CARTESIAN_POINT('',(0.0543027421363925,-0.021571690721339,0.00397893528147009));
#11235=CARTESIAN_POINT('',(0.0543182649245154,-0.0215911231492947,0.00397361431840766));
#11236=CARTESIAN_POINT('',(0.0543338641641167,-0.0216104135010566,0.00396801668515073));
#11237=CARTESIAN_POINT('',(0.0543495388321916,-0.0216295640249722,0.00396214728048361));
#11238=CARTESIAN_POINT('',(0.0591873524354009,-0.0176698226219211,0.0132500891436507));
#11239=CARTESIAN_POINT('',(0.0540546125293964,-0.0212389924827911,0.0132500891436507));
#11240=CARTESIAN_POINT('',(0.0540546125293964,-0.0212389924827911,0.0040403654904735));
#11241=CARTESIAN_POINT('',(0.0540546125293964,-0.0212389924827912,0.0040403654904735));
#11242=CARTESIAN_POINT('',(0.0541142936934035,-0.0213248185723517,0.00403193579440507));
#11243=CARTESIAN_POINT('',(0.0541756848457807,-0.0214085158978892,0.00401813570543784));
#11244=CARTESIAN_POINT('',(0.0542387398593612,-0.0214901925007019,0.00399942063373785));
#11245=CARTESIAN_POINT('',(0.0542387398593612,-0.021490192500702,0.00399942063373785));
#11246=CARTESIAN_POINT('',(0.0542387398593612,-0.021490192500702,0.0132500891436507));
#11247=CARTESIAN_POINT('',(0.0591873524354009,-0.0176698226219211,0.0132500891436507));
#11248=CARTESIAN_POINT('',(0.0539550659044473,-0.0210913968351212,0.00404936940021812));
#11249=CARTESIAN_POINT('',(0.0539686386528807,-0.0211121523424962,0.00404887215969127));
#11250=CARTESIAN_POINT('',(0.0539823286303886,-0.0211328175110164,0.00404805379545197));
#11251=CARTESIAN_POINT('',(0.0539961356569827,-0.0211533927443535,0.00404692151436293));
#11252=CARTESIAN_POINT('',(0.0539961356569829,-0.0211533927443537,0.00404692151436296));
#11253=CARTESIAN_POINT('',(0.0539961356569829,-0.0211533927443537,-0.00478391085634926));
#11254=CARTESIAN_POINT('',(0.0591873524354009,-0.0176698226219211,0.0132500891436507));
#11255=CARTESIAN_POINT('',(0.0532628470110928,-0.0196658757063305,0.0132500891436507));
#11256=CARTESIAN_POINT('',(0.0591873524354009,-0.0176698226219211,0.0132500891436507));
#11257=CARTESIAN_POINT('',(0.0532305298416629,-0.0195672569488919,0.0132500891436507));
#11258=CARTESIAN_POINT('',(0.0531434396912559,-0.0192682941354603,0.0132500891436507));
#11259=CARTESIAN_POINT('',(0.0591873524354009,-0.0176698226219211,0.0132500891436507));
#11260=CARTESIAN_POINT('',(0.0531177331580202,-0.0191677259118843,-0.00478391085634926));
#11261=CARTESIAN_POINT('',(0.0591873524354009,-0.0176698226219211,0.0132500891436507));
#11262=CARTESIAN_POINT('',(0.0529374463471421,-0.0175192692214939,0.0132500891436507));
#11263=CARTESIAN_POINT('',(0.0591873524354009,-0.0176698226219211,0.0132500891436507));
#11264=CARTESIAN_POINT('',(0.0529408090632617,-0.0174154835993167,0.0132500891436507));
#11265=CARTESIAN_POINT('',(0.0529612198541603,-0.0171047867653159,0.0132500891436507));
#11266=CARTESIAN_POINT('',(0.0591873524354009,-0.0176698226219211,0.0132500891436507));
#11267=CARTESIAN_POINT('',(0.0529714637006898,-0.017001451709832,-0.00478391085634926));
#11268=CARTESIAN_POINT('',(0.0591873524354009,-0.0176698226219211,0.0132500891436507));
#11269=CARTESIAN_POINT('',(0.0533658564339098,-0.0153907489629405,0.0132500891436507));
#11270=CARTESIAN_POINT('',(0.0591873524354009,-0.0176698226219211,0.0132500891436507));
#11271=CARTESIAN_POINT('',(0.053404498642087,-0.015294408038403,0.0132500891436507));
#11272=CARTESIAN_POINT('',(0.0535299511432457,-0.0150094085455119,0.0132500891436507));
#11273=CARTESIAN_POINT('',(0.0535299511432457,-0.0150094085455119,0.00404965257482686));
#11274=CARTESIAN_POINT('',(0.0535299511432457,-0.0150094085455119,0.00404965257482686));
#11275=CARTESIAN_POINT('',(0.0535246156320338,-0.0150207545717911,0.00404984598432646));
#11276=CARTESIAN_POINT('',(0.0535193139842903,-0.0150321172189963,0.0040499430930615));
#11277=CARTESIAN_POINT('',(0.0535140462095939,-0.0150434964984828,0.0040499430930615));
#11278=CARTESIAN_POINT('',(0.0591873524354009,-0.0176698226219211,0.0132500891436507));
#11279=CARTESIAN_POINT('',(0.0536079895076396,-0.0148494145381932,0.00404050386648446));
#11280=CARTESIAN_POINT('',(0.0535968378186889,-0.0148714749344431,0.00404265478044101));
#11281=CARTESIAN_POINT('',(0.0535858055740255,-0.0148936239933805,0.00404444423529949));
#11282=CARTESIAN_POINT('',(0.0535748934230578,-0.0149158625145115,0.00404586632959532));
#11283=CARTESIAN_POINT('',(0.0535748934230576,-0.0149158625145118,0.00404586632959532));
#11284=CARTESIAN_POINT('',(0.0535748934230576,-0.0149158625145118,-0.00478391085634926));
#11285=CARTESIAN_POINT('',(0.0591873524354009,-0.0176698226219211,0.0132500891436507));
#11286=CARTESIAN_POINT('',(0.054496479233413,-0.0135370631271878,0.0132500891436507));
#11287=CARTESIAN_POINT('',(0.054496479233413,-0.0135370631271878,0.00336548803636499));
#11288=CARTESIAN_POINT('',(0.0544964792334124,-0.0135370631271886,0.00336548803636499));
#11289=CARTESIAN_POINT('',(0.0544803384129241,-0.0135553837050938,0.00338646696990748));
#11290=CARTESIAN_POINT('',(0.0544640571453439,-0.0135740800912911,0.00340699232141942));
#11291=CARTESIAN_POINT('',(0.0544476530725462,-0.0135931521191468,0.00342707822852521));
#11292=CARTESIAN_POINT('',(0.0591873524354009,-0.0176698226219211,0.0132500891436507));
#11293=CARTESIAN_POINT('',(0.0547810594736604,-0.0132348959287556,0.0132500891436507));
#11294=CARTESIAN_POINT('',(0.0547810594736604,-0.0132348959287556,0.00290373696700465));
#11295=CARTESIAN_POINT('',(0.0547810594736604,-0.0132348959287557,0.00290373696700465));
#11296=CARTESIAN_POINT('',(0.0547172369047696,-0.013298306432595,0.00303806010619603));
#11297=CARTESIAN_POINT('',(0.0546441788934605,-0.0133736424134925,0.00315967728093497));
#11298=CARTESIAN_POINT('',(0.0545656528060442,-0.0134598481594761,0.00327144132816512));
#11299=CARTESIAN_POINT('',(0.0545656528060442,-0.0134598481594761,0.00327144132816512));
#11300=CARTESIAN_POINT('',(0.0545656528060442,-0.0134598481594761,0.0132500891436507));
#11301=CARTESIAN_POINT('',(0.0591873524354009,-0.0176698226219211,0.0132500891436507));
#11302=CARTESIAN_POINT('',(0.0549091385390619,-0.0131112177590702,0.00256598463520159));
#11303=CARTESIAN_POINT('',(0.0548932430254941,-0.0131261355703483,0.00262184325745838));
#11304=CARTESIAN_POINT('',(0.0548751587352348,-0.0131432625511807,0.00267628672510275));
#11305=CARTESIAN_POINT('',(0.0548551765312439,-0.0131624681457482,0.00272945198646061));
#11306=CARTESIAN_POINT('',(0.0548551765312437,-0.0131624681457483,0.00272945198646061));
#11307=CARTESIAN_POINT('',(0.0548551765312437,-0.0131624681457483,-0.00478391085634926));
#11308=CARTESIAN_POINT('',(0.0591873524354009,-0.0176698226219211,0.0132500891436507));
#11309=CARTESIAN_POINT('',(0.0561929909488396,-0.012181854716928,0.0132500891436507));
#11310=CARTESIAN_POINT('',(0.0591873524354009,-0.0176698226219211,0.0132500891436507));
#11311=CARTESIAN_POINT('',(0.0562842151851401,-0.0121330558267072,0.0132500891436507));
#11312=CARTESIAN_POINT('',(0.0565636586928531,-0.0119952985375814,0.0132500891436507));
#11313=CARTESIAN_POINT('',(0.0591873524354009,-0.0176698226219211,0.0132500891436507));
#11314=CARTESIAN_POINT('',(0.0566578711991935,-0.011952680231346,-0.00478391085634926));
#11315=CARTESIAN_POINT('',(0.0591873524354009,-0.0176698226219211,0.0132500891436507));
#11316=CARTESIAN_POINT('',(0.0582507631491606,-0.0114886582536701,0.0132500891436507));
#11317=CARTESIAN_POINT('',(0.0591873524354009,-0.0176698226219211,0.0132500891436507));
#11318=CARTESIAN_POINT('',(0.058352913566621,-0.0114740414594925,0.0132500891436507));
#11319=CARTESIAN_POINT('',(0.0586627581286047,-0.0114401464260173,0.0317802910605786));
#11320=CARTESIAN_POINT('',(0.0591873524354009,-0.0176698226219211,0.0132500891436507));
#11321=CARTESIAN_POINT('',(0.0587655772412433,-0.0114323473214466,-0.00478391085634926));
#11322=CARTESIAN_POINT('',(0.0591873524354009,-0.0176698226219211,0.0132500891436507));
#11323=CARTESIAN_POINT('',(0.0604215458853117,-0.0115411393239661,0.0132500891436507));
#11324=CARTESIAN_POINT('',(0.0591873524354009,-0.0176698226219211,0.0132500891436507));
#11325=CARTESIAN_POINT('',(0.060522254437346,-0.0115622839127815,0.0132500891436507));
#11326=CARTESIAN_POINT('',(0.0608251154234313,-0.0116364384278329,0.0132500891436507));
#11327=CARTESIAN_POINT('',(0.0591873524354009,-0.0176698226219211,0.0132500891436507));
#11328=CARTESIAN_POINT('',(0.0609241431209436,-0.0116641960473622,-0.00478391085634926));
#11329=CARTESIAN_POINT('',(0.0591873524354009,-0.0176698226219211,0.0132500891436507));
#11330=CARTESIAN_POINT('',(0.0624434346186972,-0.0123329769942065,0.0132500891436507));
#11331=CARTESIAN_POINT('',(0.0591873524354009,-0.0176698226219211,0.0132500891436507));
#11332=CARTESIAN_POINT('',(0.0625306052248622,-0.0123871478047297,0.0132500891436507));
#11333=CARTESIAN_POINT('',(0.0627899414170914,-0.0125604836169779,0.0132500891436507));
#11334=CARTESIAN_POINT('',(0.0591873524354009,-0.0176698226219211,0.0132500891436507));
#11335=CARTESIAN_POINT('',(0.0628732881680409,-0.0126202810374518,-0.00478391085634926));
#11336=CARTESIAN_POINT('',(0.0591873524354009,-0.0176698226219211,0.0132500891436507));
#11337=CARTESIAN_POINT('',(0.0640724958997577,-0.0137686220668241,0.0132500891436507));
#11338=CARTESIAN_POINT('',(0.0640724958997577,-0.0137686220668241,0.00359094769509936));
#11339=CARTESIAN_POINT('',(0.0640724958997572,-0.0137686220668237,0.00359094769509935));
#11340=CARTESIAN_POINT('',(0.0640586169951768,-0.0137512426885923,0.00357656972055209));
#11341=CARTESIAN_POINT('',(0.064044771668257,-0.0137340955505574,0.00356188885187223));
#11342=CARTESIAN_POINT('',(0.0640309668234197,-0.0137171789371687,0.00354690058295554));
#11343=CARTESIAN_POINT('',(0.0591873524354009,-0.0176698226219211,0.0132500891436507));
#11344=CARTESIAN_POINT('',(0.0643202121039011,-0.0141008249948695,0.0132500891436507));
#11345=CARTESIAN_POINT('',(0.0643202121039011,-0.0141008249948695,0.00381385081068185));
#11346=CARTESIAN_POINT('',(0.0643202121039049,-0.0141008249948722,0.00381385081068185));
#11347=CARTESIAN_POINT('',(0.0642590087321408,-0.0140128035526266,0.00376681019484758));
#11348=CARTESIAN_POINT('',(0.0641973819509199,-0.0139289978414646,0.00371361348499671));
#11349=CARTESIAN_POINT('',(0.0641357407807285,-0.0138491623095848,0.00365417681831144));
#11350=CARTESIAN_POINT('',(0.0641357410409167,-0.013849162646576,0.00365417681831177));
#11351=CARTESIAN_POINT('',(0.0641357410409167,-0.013849162646576,0.0132500891436507));
#11352=CARTESIAN_POINT('',(0.0591873524354009,-0.0176698226219211,0.0132500891436507));
#11353=CARTESIAN_POINT('',(0.0644199079482076,-0.0142486597722701,0.00388521816199902));
#11354=CARTESIAN_POINT('',(0.0644059806082087,-0.0142273583660254,0.00387599276560482));
#11355=CARTESIAN_POINT('',(0.064391997119314,-0.014206255048829,0.00386641290347563));
#11356=CARTESIAN_POINT('',(0.064377961080517,-0.014185346430055,0.00385648079265632));
#11357=CARTESIAN_POINT('',(0.0643779610805146,-0.0141853464300506,0.00385648079265631));
#11358=CARTESIAN_POINT('',(0.0643779610805146,-0.0141853464300506,-0.00478391085634926));
#11359=CARTESIAN_POINT('',(0.0591873524354009,-0.0176698226219211,0.0132500891436507));
#11360=CARTESIAN_POINT('',(0.0591873524354009,-0.0176698226219211,0.0040499430930615));
#11361=CARTESIAN_POINT('',(0.0651122189498788,-0.0156748416134765,0.00404994309306145));
#11362=CARTESIAN_POINT('',(0.0651122189498795,-0.0156748416134778,0.0132500891436507));
#11363=CARTESIAN_POINT('',(0.0591873524354009,-0.0176698226219211,0.0132500891436507));
#11364=CARTESIAN_POINT('',(0.0591873524354009,-0.0176698226219211,0.0040499430930615));
#11365=CARTESIAN_POINT('',(0.0651440548637868,-0.0157720110880689,0.0040499430930615));
#11366=CARTESIAN_POINT('',(0.0652313449872893,-0.0160716528980356,0.00404994309306147));
#11367=CARTESIAN_POINT('',(0.0651440548637868,-0.0157720110880689,0.0132500891436507));
#11368=CARTESIAN_POINT('',(0.0652313449879385,-0.0160716528989985,0.0132500891436507));
#11369=CARTESIAN_POINT('',(0.0591873524354009,-0.0176698226219211,0.0132500891436507));
#11370=CARTESIAN_POINT('',(0.0591873524354009,-0.0176698226219211,0.0040499430930615));
#11371=CARTESIAN_POINT('',(0.0652566702210433,-0.0161706981923554,0.0040499430930615));
#11372=CARTESIAN_POINT('',(0.0652566702215072,-0.0161706981942291,-0.00478391085634926));
#11373=CARTESIAN_POINT('',(0.0591873524354009,-0.0176698226219211,0.0132500891436507));
#11374=CARTESIAN_POINT('',(0.0591873524354009,-0.0176698226219211,0.0040499430930615));
#11375=CARTESIAN_POINT('',(0.0654372277663816,-0.0178216474737816,0.0040499430930615));
#11376=CARTESIAN_POINT('',(0.0654372277663821,-0.017821647473788,0.0132500891436507));
#11377=CARTESIAN_POINT('',(0.0654372277663837,-0.0178216474738082,0.0132500891436507));
#11378=CARTESIAN_POINT('',(0.0654372277663837,-0.0178216474738082,0.00404994309306151));
#11379=CARTESIAN_POINT('',(0.0654401933655395,-0.01785950476056,0.0132500891436507));
#11380=CARTESIAN_POINT('',(0.0654401933655395,-0.01785950476056,0.00404994309306151));
#11381=CARTESIAN_POINT('',(0.0654446547703531,-0.0178964851056195,0.0132500891436507));
#11382=CARTESIAN_POINT('',(0.0654446547703531,-0.0178964851056195,0.00404994309306151));
#11383=CARTESIAN_POINT('',(0.0654339110084301,-0.0179237844354743,0.0132500891436507));
#11384=CARTESIAN_POINT('',(0.0654339110084301,-0.0179237844354743,0.00404994309306151));
#11385=CARTESIAN_POINT('',(0.0654363747234885,-0.0178101690267872,0.0040499430930615));
#11386=CARTESIAN_POINT('',(0.0654366448747388,-0.017814003498658,0.0040499430930615));
#11387=CARTESIAN_POINT('',(0.0654397671215311,-0.0178560944073495,0.0040499430930615));
#11388=CARTESIAN_POINT('',(0.0654451100250632,-0.0179002482741662,0.0040499430930615));
#11389=CARTESIAN_POINT('',(0.0654316565948682,-0.0179290119186201,0.0040499430930615));
#11390=CARTESIAN_POINT('',(0.0654306109649199,-0.0179312474918255,0.0040499430930615));
#11391=CARTESIAN_POINT('',(0.0654304158148436,-0.0179316647257449,0.0040499430930615));
#11392=CARTESIAN_POINT('',(0.0654302206647673,-0.0179320819596643,0.0040499430930615));
#11393=CARTESIAN_POINT('',(0.065430025514691,-0.0179324991935837,0.0040499430930615));
#11394=CARTESIAN_POINT('',(0.0652313449793635,-0.0160716528862803,0.0132500891436507));
#11395=CARTESIAN_POINT('',(0.0652313449793635,-0.0160716528862803,0.00404994309306153));
#11396=CARTESIAN_POINT('',(0.0652477507491512,-0.0160959854828244,0.0132500891436508));
#11397=CARTESIAN_POINT('',(0.0652477507491512,-0.0160959854828244,0.00404994309306165));
#11398=CARTESIAN_POINT('',(0.0652513799683273,-0.0161330797048779,0.0132500891436507));
#11399=CARTESIAN_POINT('',(0.0652513799683273,-0.0161330797048779,0.0040499430930615));
#11400=CARTESIAN_POINT('',(0.0652566702209631,-0.0161706981903601,0.0132500891436507));
#11401=CARTESIAN_POINT('',(0.0652566702209631,-0.0161706981903601,0.0040499430930615));
#11402=CARTESIAN_POINT('',(0.0652261883020089,-0.0160645877826756,0.00404994309306145));
#11403=CARTESIAN_POINT('',(0.0652264353942568,-0.0160649158157617,0.00404994309306145));
#11404=CARTESIAN_POINT('',(0.0652266824865047,-0.0160652438488478,0.00404994309306145));
#11405=CARTESIAN_POINT('',(0.0652269295787527,-0.0160655718819339,0.00404994309306145));
#11406=CARTESIAN_POINT('',(0.0652284327919517,-0.0160675675077333,0.00404994309306145));
#11407=CARTESIAN_POINT('',(0.0652474390596202,-0.0160927997223885,0.00404994309306159));
#11408=CARTESIAN_POINT('',(0.065251742889678,-0.0161367891195347,0.00404994309306145));
#11409=CARTESIAN_POINT('',(0.0652577448799913,-0.0161782271176583,0.00404994309306145));
#11410=CARTESIAN_POINT('',(0.0652583054647587,-0.0161819989267778,0.00404994309306145));
#11411=CARTESIAN_POINT('',(0.0651122189498887,-0.0156748416134981,0.0132500891436507));
#11412=CARTESIAN_POINT('',(0.0651122189498887,-0.0156748416134981,0.00404994309306148));
#11413=CARTESIAN_POINT('',(0.0651279618475414,-0.0157094227290223,0.0132500891436507));
#11414=CARTESIAN_POINT('',(0.0651279618475414,-0.0157094227290223,0.00404994309306149));
#11415=CARTESIAN_POINT('',(0.0651448196209087,-0.0157426677272284,0.0132500891436508));
#11416=CARTESIAN_POINT('',(0.0651448196209087,-0.0157426677272284,0.00404994309306161));
#11417=CARTESIAN_POINT('',(0.0651440547143961,-0.0157720110900082,0.0132500891436507));
#11418=CARTESIAN_POINT('',(0.0651440547143961,-0.0157720110900082,0.0040499430930615));
#11419=CARTESIAN_POINT('',(0.0651074900308506,-0.0156643424063799,0.00404994309306145));
#11420=CARTESIAN_POINT('',(0.0651090557594993,-0.0156678548188662,0.00404994309306145));
#11421=CARTESIAN_POINT('',(0.0651263909737533,-0.015706356891734,0.00404994309306145));
#11422=CARTESIAN_POINT('',(0.0651465300262298,-0.0157460380818885,0.00404994309306158));
#11423=CARTESIAN_POINT('',(0.0651437245028694,-0.0157776806894171,0.00404994309306145));
#11424=CARTESIAN_POINT('',(0.0651435065369133,-0.0157801390582546,0.00404994309306145));
#11425=CARTESIAN_POINT('',(0.065143465747129,-0.0157805991132861,0.00404994309306145));
#11426=CARTESIAN_POINT('',(0.0651434249573446,-0.0157810591683176,0.00404994309306145));
#11427=CARTESIAN_POINT('',(0.0651433841675603,-0.0157815192233491,0.00404994309306145));
#11428=CARTESIAN_POINT('',(0.0643202120916913,-0.0141008249860034,0.0132500891436507));
#11429=CARTESIAN_POINT('',(0.0643202120916913,-0.0141008249860034,0.00375723338068402));
#11430=CARTESIAN_POINT('',(0.0643439870379256,-0.0141180888792557,0.0132500891436507));
#11431=CARTESIAN_POINT('',(0.0643439870379256,-0.0141180888792557,0.00375723338068402));
#11432=CARTESIAN_POINT('',(0.0643600974562742,-0.0141517629761907,0.0132500891436507));
#11433=CARTESIAN_POINT('',(0.0643600974562742,-0.0141517629761907,0.00375723338068402));
#11434=CARTESIAN_POINT('',(0.064377961080508,-0.0141853464300381,0.0132500891436507));
#11435=CARTESIAN_POINT('',(0.064377961080508,-0.0141853464300381,0.00375723338068402));
#11436=CARTESIAN_POINT('',(0.064377961080517,-0.014185346430055,0.00385648079265632));
#11437=CARTESIAN_POINT('',(0.0643618046252709,-0.0141549724386413,0.00384205239583077));
#11438=CARTESIAN_POINT('',(0.0643495998657275,-0.0141221645764304,0.00382525515753791));
#11439=CARTESIAN_POINT('',(0.064320212103905,-0.0141008249948723,0.00381385081068183));
#11440=CARTESIAN_POINT('',(0.0640724958997541,-0.0137686220668205,0.0132500891436507));
#11441=CARTESIAN_POINT('',(0.0640724958997541,-0.0137686220668205,0.00353299284640805));
#11442=CARTESIAN_POINT('',(0.0640991544161825,-0.0137957763317311,0.0132500891436507));
#11443=CARTESIAN_POINT('',(0.0640991544161825,-0.0137957763317311,0.00353299284640805));
#11444=CARTESIAN_POINT('',(0.0641264247849373,-0.0138212847549484,0.0132500891436507));
#11445=CARTESIAN_POINT('',(0.0641264247849373,-0.0138212847549484,0.00353299284640805));
#11446=CARTESIAN_POINT('',(0.0641357409105252,-0.0138491626979902,0.0132500891436507));
#11447=CARTESIAN_POINT('',(0.0641357409105252,-0.0138491626979902,0.00353299284640805));
#11448=CARTESIAN_POINT('',(0.0641357407807284,-0.0138491623095846,0.00365417681831177));
#11449=CARTESIAN_POINT('',(0.0641251681796553,-0.0138175250222273,0.00363062320929579));
#11450=CARTESIAN_POINT('',(0.0640968823797286,-0.0137934620439153,0.00361149782950046));
#11451=CARTESIAN_POINT('',(0.0640724958997541,-0.0137686220668205,0.00359094769510157));
#11452=CARTESIAN_POINT('',(0.0627899414027874,-0.0125604836128915,0.0132500891436507));
#11453=CARTESIAN_POINT('',(0.0627899414027874,-0.0125604836128915,-0.00478391085634928));
#11454=CARTESIAN_POINT('',(0.0628182464534737,-0.0125685700183567,0.0132500891436508));
#11455=CARTESIAN_POINT('',(0.0628182464534737,-0.0125685700183567,-0.00478391085634916));
#11456=CARTESIAN_POINT('',(0.0628449534578556,-0.0125947829078718,0.0132500891436507));
#11457=CARTESIAN_POINT('',(0.0628449534578556,-0.0125947829078718,-0.00478391085634928));
#11458=CARTESIAN_POINT('',(0.0628732881663957,-0.0126202810359713,0.0132500891436507));
#11459=CARTESIAN_POINT('',(0.0628732881663957,-0.0126202810359713,-0.0047839108563493));
#11460=CARTESIAN_POINT('',(0.0624434346187167,-0.0123329769942158,0.0132500891436507));
#11461=CARTESIAN_POINT('',(0.0624434346187167,-0.0123329769942158,-0.0047839108563493));
#11462=CARTESIAN_POINT('',(0.0624778468589224,-0.012349416838454,0.0132500891436507));
#11463=CARTESIAN_POINT('',(0.0624778468589224,-0.012349416838454,-0.00478391085634929));
#11464=CARTESIAN_POINT('',(0.0625122962092106,-0.0123640774795071,0.0132500891436508));
#11465=CARTESIAN_POINT('',(0.0625122962092106,-0.0123640774795071,-0.00478391085634917));
#11466=CARTESIAN_POINT('',(0.0625306051297378,-0.0123871478874298,0.0132500891436507));
#11467=CARTESIAN_POINT('',(0.0625306051297378,-0.0123871478874298,-0.00478391085634928));
#11468=CARTESIAN_POINT('',(0.0608251154088688,-0.0116364384288784,0.0132500891436507));
#11469=CARTESIAN_POINT('',(0.0608251154088688,-0.0116364384288784,-0.00478391085634926));
#11470=CARTESIAN_POINT('',(0.0608545466690902,-0.0116343253641719,0.0132500891436507));
#11471=CARTESIAN_POINT('',(0.0608545466690902,-0.0116343253641719,-0.00478391085634926));
#11472=CARTESIAN_POINT('',(0.0608887021931105,-0.0116498950630002,0.0132500891436507));
#11473=CARTESIAN_POINT('',(0.0608887021931105,-0.0116498950630002,-0.00478391085634926));
#11474=CARTESIAN_POINT('',(0.0609241431198662,-0.0116641960469275,0.0132500891436507));
#11475=CARTESIAN_POINT('',(0.0609241431198662,-0.0116641960469275,-0.00478391085634926));
#11476=CARTESIAN_POINT('',(0.0604215458853328,-0.0115411393239681,0.0132500891436507));
#11477=CARTESIAN_POINT('',(0.0604215458853328,-0.0115411393239681,-0.00478391085634929));
#11478=CARTESIAN_POINT('',(0.06045960632552,-0.0115448339663766,0.0132500891436507));
#11479=CARTESIAN_POINT('',(0.06045960632552,-0.0115448339663766,-0.00478391085634928));
#11480=CARTESIAN_POINT('',(0.0604971120569802,-0.0115468069723084,0.0132500891436508));
#11481=CARTESIAN_POINT('',(0.0604971120569802,-0.0115468069723084,-0.00478391085634917));
#11482=CARTESIAN_POINT('',(0.0605222543850212,-0.0115622840083045,0.0132500891436507));
#11483=CARTESIAN_POINT('',(0.0605222543850212,-0.0115622840083045,-0.00478391085634927));
#11484=CARTESIAN_POINT('',(0.0586627575465774,-0.0114401466869441,0.0132500891436507));
#11485=CARTESIAN_POINT('',(0.0586627575465774,-0.0114401466869441,-0.00478391085634926));
#11486=CARTESIAN_POINT('',(0.0586897472165949,-0.0114280470323556,0.0132500891436507));
#11487=CARTESIAN_POINT('',(0.0586897472165949,-0.0114280470323556,-0.00478391085634926));
#11488=CARTESIAN_POINT('',(0.0587272838709072,-0.0114310308763231,0.0132500891436507));
#11489=CARTESIAN_POINT('',(0.0587272838709072,-0.0114310308763231,-0.00478391085634926));
#11490=CARTESIAN_POINT('',(0.0587655772412256,-0.011432347321446,0.0132500891436507));
#11491=CARTESIAN_POINT('',(0.0587655772412256,-0.011432347321446,-0.00478391085634926));
#11492=CARTESIAN_POINT('',(0.0582507631491778,-0.0114886582536657,0.013250089143651));
#11493=CARTESIAN_POINT('',(0.0582507631491778,-0.0114886582536657,-0.00478391085634902));
#11494=CARTESIAN_POINT('',(0.0582878942940806,-0.0114790887773221,0.0132500891436509));
#11495=CARTESIAN_POINT('',(0.0582878942940806,-0.0114790887773222,-0.00478391085634909));
#11496=CARTESIAN_POINT('',(0.0583239250883602,-0.0114680571447753,0.0132500891436502));
#11497=CARTESIAN_POINT('',(0.0583239250883602,-0.0114680571447753,-0.00478391085634981));
#11498=CARTESIAN_POINT('',(0.058352913579051,-0.0114740414620585,0.0132500891436508));
#11499=CARTESIAN_POINT('',(0.058352913579051,-0.0114740414620585,-0.00478391085634914));
#11500=CARTESIAN_POINT('',(0.0565636586837236,-0.0119952985464431,0.0132500891436507));
#11501=CARTESIAN_POINT('',(0.0565636586837236,-0.0119952985464431,-0.00478391085634925));
#11502=CARTESIAN_POINT('',(0.0565849412330862,-0.0119746404250998,0.0132500891436507));
#11503=CARTESIAN_POINT('',(0.0565849412330862,-0.0119746404250998,-0.00478391085634925));
#11504=CARTESIAN_POINT('',(0.0566213358699235,-0.0119645731853995,0.0132500891436507));
#11505=CARTESIAN_POINT('',(0.0566213358699235,-0.0119645731853996,-0.00478391085634926));
#11506=CARTESIAN_POINT('',(0.0566578711991768,-0.0119526802313515,0.0132500891436507));
#11507=CARTESIAN_POINT('',(0.0566578711991768,-0.0119526802313515,-0.00478391085634925));
#11508=CARTESIAN_POINT('',(0.0561929909488541,-0.0121818547169181,0.0132500891436507));
#11509=CARTESIAN_POINT('',(0.0561929909488541,-0.0121818547169181,-0.00478391085634927));
#11510=CARTESIAN_POINT('',(0.0562246893616022,-0.0121601082081716,0.0132500891436507));
#11511=CARTESIAN_POINT('',(0.0562246893616022,-0.0121601082081716,-0.00478391085634926));
#11512=CARTESIAN_POINT('',(0.0562548545296972,-0.0121373578438044,0.0132500891436508));
#11513=CARTESIAN_POINT('',(0.0562548545296972,-0.0121373578438044,-0.00478391085634915));
#11514=CARTESIAN_POINT('',(0.0562842151977354,-0.0121330558248617,0.0132500891436507));
#11515=CARTESIAN_POINT('',(0.0562842151977354,-0.0121330558248617,-0.00478391085634925));
#11516=CARTESIAN_POINT('',(0.0547810594680984,-0.0132348959402341,0.0132500891436507));
#11517=CARTESIAN_POINT('',(0.0547810594680984,-0.0132348959402341,0.00266632816351748));
#11518=CARTESIAN_POINT('',(0.0547940206476549,-0.0132081475982133,0.0132500891436507));
#11519=CARTESIAN_POINT('',(0.0547940206476549,-0.0132081475982133,0.00266632816351748));
#11520=CARTESIAN_POINT('',(0.0548248475549037,-0.0131861902350262,0.0132500891436507));
#11521=CARTESIAN_POINT('',(0.0548248475549037,-0.0131861902350262,0.00266632816351747));
#11522=CARTESIAN_POINT('',(0.0548551765312302,-0.0131624681457589,0.0132500891436507));
#11523=CARTESIAN_POINT('',(0.0548551765312302,-0.0131624681457589,0.00266632816351747));
#11524=CARTESIAN_POINT('',(0.0548551765312439,-0.0131624681457481,0.00272945198646062));
#11525=CARTESIAN_POINT('',(0.0548281663403228,-0.0131835944163238,0.00278793409659404));
#11526=CARTESIAN_POINT('',(0.0547948144720067,-0.0132065093737572,0.00284360542810553));
#11527=CARTESIAN_POINT('',(0.0547810594736604,-0.0132348959287557,0.00290373696700462));
#11528=CARTESIAN_POINT('',(0.0544964792334124,-0.0135370631271887,0.0132500891436507));
#11529=CARTESIAN_POINT('',(0.0544964792334124,-0.0135370631271887,0.00321156944127219));
#11530=CARTESIAN_POINT('',(0.0545188730905363,-0.0135057238507411,0.0132500891436507));
#11531=CARTESIAN_POINT('',(0.0545188730905363,-0.0135057238507411,0.0032115694412722));
#11532=CARTESIAN_POINT('',(0.0545394817921227,-0.0134739609251189,0.0132500891436509));
#11533=CARTESIAN_POINT('',(0.0545394817921227,-0.0134739609251189,0.00321156944127233));
#11534=CARTESIAN_POINT('',(0.0545656528172753,-0.0134598481534197,0.0132500891436508));
#11535=CARTESIAN_POINT('',(0.0545656528172753,-0.0134598481534197,0.00321156944127221));
#11536=CARTESIAN_POINT('',(0.0545656528060442,-0.0134598481594761,0.00327144132816512));
#11537=CARTESIAN_POINT('',(0.0545298321349185,-0.0134791645198694,0.00329648460794514));
#11538=CARTESIAN_POINT('',(0.054516457470807,-0.0135091044106004,0.00333347244928716));
#11539=CARTESIAN_POINT('',(0.0544964792334124,-0.0135370631271886,0.00336548803636499));
#11540=CARTESIAN_POINT('',(0.0535299511419428,-0.0150094085582218,0.0132500891436508));
#11541=CARTESIAN_POINT('',(0.0535299511419428,-0.0150094085582218,0.00399064099271101));
#11542=CARTESIAN_POINT('',(0.0535329865365899,-0.0149797980010646,0.0132500891436509));
#11543=CARTESIAN_POINT('',(0.0535329865365899,-0.0149797980010646,0.00399064099271111));
#11544=CARTESIAN_POINT('',(0.0535544777388774,-0.0149485738958624,0.0132500891436507));
#11545=CARTESIAN_POINT('',(0.0535544777388774,-0.0149485738958624,0.00399064099271099));
#11546=CARTESIAN_POINT('',(0.0535748934230487,-0.0149158625145262,0.0132500891436507));
#11547=CARTESIAN_POINT('',(0.0535748934230487,-0.0149158625145262,0.00399064099271099));
#11548=CARTESIAN_POINT('',(0.0535748934230578,-0.0149158625145115,0.00404586632959532));
#11549=CARTESIAN_POINT('',(0.0535564105841753,-0.0149454769612177,0.00404776009471967));
#11550=CARTESIAN_POINT('',(0.0535335496855937,-0.014974304490675,0.00404905417521868));
#11551=CARTESIAN_POINT('',(0.0535299511432457,-0.0150094085455119,0.00404965257482686));
#11552=CARTESIAN_POINT('',(0.0533658564339144,-0.0153907489629238,0.0132500891436507));
#11553=CARTESIAN_POINT('',(0.0533658564339144,-0.0153907489629238,0.00404994309306145));
#11554=CARTESIAN_POINT('',(0.0533761941155872,-0.0153535937904224,0.0132500891436507));
#11555=CARTESIAN_POINT('',(0.0533761941155872,-0.0153535937904224,0.00404994309306146));
#11556=CARTESIAN_POINT('',(0.0533847078898514,-0.015316648689363,0.0132500891436508));
#11557=CARTESIAN_POINT('',(0.0533847078898514,-0.015316648689363,0.00404994309306157));
#11558=CARTESIAN_POINT('',(0.053404498650582,-0.0152944080288564,0.0132500891436507));
#11559=CARTESIAN_POINT('',(0.053404498650582,-0.0152944080288564,0.00404994309306147));
#11560=CARTESIAN_POINT('',(0.0529612198572851,-0.0171047867777129,0.0132500891436507));
#11561=CARTESIAN_POINT('',(0.0529612198572851,-0.0171047867777129,0.00404994309306147));
#11562=CARTESIAN_POINT('',(0.0529539407141945,-0.0170759076262712,0.0132500891436509));
#11563=CARTESIAN_POINT('',(0.0529539407141945,-0.0170759076262712,0.00404994309306159));
#11564=CARTESIAN_POINT('',(0.0529634627062064,-0.0170391940526125,0.0132500891436507));
#11565=CARTESIAN_POINT('',(0.0529634627062064,-0.0170391940526125,0.00404994309306147));
#11566=CARTESIAN_POINT('',(0.0529714637006862,-0.0170014517098489,0.0132500891436507));
#11567=CARTESIAN_POINT('',(0.0529714637006862,-0.0170014517098489,0.00404994309306145));
#11568=CARTESIAN_POINT('',(0.0529374463471407,-0.0175192692214767,0.0132500891436507));
#11569=CARTESIAN_POINT('',(0.0529374463471407,-0.0175192692214767,0.00404994309306151));
#11570=CARTESIAN_POINT('',(0.0529344516830328,-0.0174808050861766,0.0132500891436507));
#11571=CARTESIAN_POINT('',(0.0529344516830328,-0.0174808050861766,0.0040499430930615));
#11572=CARTESIAN_POINT('',(0.052929814588763,-0.0174431618839624,0.0132500891436507));
#11573=CARTESIAN_POINT('',(0.052929814588763,-0.0174431618839624,0.0040499430930615));
#11574=CARTESIAN_POINT('',(0.0529408090679814,-0.0174154835874351,0.0132500891436507));
#11575=CARTESIAN_POINT('',(0.0529408090679814,-0.0174154835874351,0.0040499430930615));
#11576=CARTESIAN_POINT('',(0.053143439698429,-0.0192682941460361,0.0132500891436508));
#11577=CARTESIAN_POINT('',(0.053143439698429,-0.0192682941460361,0.00404994309306158));
#11578=CARTESIAN_POINT('',(0.0531267286067581,-0.0192436555476316,0.0132500891436505));
#11579=CARTESIAN_POINT('',(0.0531267286067581,-0.0192436555476316,0.00404994309306136));
#11580=CARTESIAN_POINT('',(0.0531231212872878,-0.0192059141787739,0.0132500891436508));
#11581=CARTESIAN_POINT('',(0.0531231212872878,-0.0192059141787739,0.00404994309306159));
#11582=CARTESIAN_POINT('',(0.0531177331580226,-0.0191677259119014,0.0132500891436508));
#11583=CARTESIAN_POINT('',(0.0531177331580226,-0.0191677259119014,0.00404994309306162));
#11584=CARTESIAN_POINT('',(0.0532628470110856,-0.0196658757063147,0.0132500891436507));
#11585=CARTESIAN_POINT('',(0.0532628470110856,-0.0196658757063147,0.00404994309306145));
#11586=CARTESIAN_POINT('',(0.0532468865958463,-0.0196307756170028,0.0132500891436507));
#11587=CARTESIAN_POINT('',(0.0532468865958463,-0.0196307756170028,0.00404994309306146));
#11588=CARTESIAN_POINT('',(0.0532296654419551,-0.0195970092895022,0.0132500891436508));
#11589=CARTESIAN_POINT('',(0.0532296654419551,-0.0195970092895022,0.00404994309306157));
#11590=CARTESIAN_POINT('',(0.053230529842034,-0.0195672569361212,0.0132500891436507));
#11591=CARTESIAN_POINT('',(0.053230529842034,-0.0195672569361212,0.00404994309306147));
#11592=CARTESIAN_POINT('',(0.0540546125397384,-0.0212389924902646,0.0132500891436507));
#11593=CARTESIAN_POINT('',(0.0540546125397384,-0.0212389924902646,0.00398510714855443));
#11594=CARTESIAN_POINT('',(0.0540305130054383,-0.0212215774612905,0.0132500891436507));
#11595=CARTESIAN_POINT('',(0.0540305130054383,-0.0212215774612905,0.00398510714855443));
#11596=CARTESIAN_POINT('',(0.054014236975754,-0.0211873918847173,0.0132500891436507));
#11597=CARTESIAN_POINT('',(0.054014236975754,-0.0211873918847173,0.00398510714855443));
#11598=CARTESIAN_POINT('',(0.0539961356569909,-0.0211533927443688,0.0132500891436507));
#11599=CARTESIAN_POINT('',(0.0539961356569909,-0.0211533927443688,0.00398510714855443));
#11600=CARTESIAN_POINT('',(0.0539961356569827,-0.0211533927443535,0.00404692151436296));
#11601=CARTESIAN_POINT('',(0.0540125485111928,-0.0211842204945916,0.00404522502431396));
#11602=CARTESIAN_POINT('',(0.0540260495127886,-0.0212183520032342,0.00404239276411794));
#11603=CARTESIAN_POINT('',(0.0540546125293964,-0.0212389924827912,0.0040403654904735));
#11604=CARTESIAN_POINT('',(0.0543027421363928,-0.0215716907213393,0.0132500891436507));
#11605=CARTESIAN_POINT('',(0.0543027421363928,-0.0215716907213393,0.00392330835829701));
#11606=CARTESIAN_POINT('',(0.054275778260058,-0.0215442059080223,0.0132500891436508));
#11607=CARTESIAN_POINT('',(0.054275778260058,-0.0215442059080223,0.00392330835829702));
#11608=CARTESIAN_POINT('',(0.0542480899841487,-0.0215184054479598,0.0132500891436509));
#11609=CARTESIAN_POINT('',(0.0542480899841487,-0.0215184054479598,0.00392330835829715));
#11610=CARTESIAN_POINT('',(0.0542387398553488,-0.0214901924885949,0.0132500891436508));
#11611=CARTESIAN_POINT('',(0.0542387398553488,-0.0214901924885949,0.00392330835829703));
#11612=CARTESIAN_POINT('',(0.0542387398593612,-0.0214901925007019,0.00399942063373785));
#11613=CARTESIAN_POINT('',(0.054249882808528,-0.0215238150933715,0.00399171647843654));
#11614=CARTESIAN_POINT('',(0.054278293018163,-0.0215467692507775,0.0039857592472981));
#11615=CARTESIAN_POINT('',(0.0543027421363927,-0.0215716907213393,0.00397893528147031));
#11616=CARTESIAN_POINT('',(0.0555848305732859,-0.0227792089469825,0.0132500891436508));
#11617=CARTESIAN_POINT('',(0.0555848305732859,-0.0227792089469825,0.00298233487318147));
#11618=CARTESIAN_POINT('',(0.0555562856663518,-0.0227711030381176,0.0132500891436509));
#11619=CARTESIAN_POINT('',(0.0555562856663518,-0.0227711030381176,0.00298233487318159));
#11620=CARTESIAN_POINT('',(0.0555293566645715,-0.0227446025230123,0.0132500891436508));
#11621=CARTESIAN_POINT('',(0.0555293566645715,-0.0227446025230123,0.00298233487318146));
#11622=CARTESIAN_POINT('',(0.055500776208831,-0.0227188966126788,0.0132500891436507));
#11623=CARTESIAN_POINT('',(0.055500776208831,-0.0227188966126788,0.00298233487318144));
#11624=CARTESIAN_POINT('',(0.0555007762088179,-0.0227188966126672,0.00314220426027048));
#11625=CARTESIAN_POINT('',(0.0555257087118988,-0.0227413214716129,0.00310780716517441));
#11626=CARTESIAN_POINT('',(0.0555426351471801,-0.0227672266866505,0.00306450502924899));
#11627=CARTESIAN_POINT('',(0.0555848305610407,-0.0227792089435052,0.00304357396425783));
#11628=CARTESIAN_POINT('',(0.0559316751510245,-0.0230069152629036,0.0132500891436507));
#11629=CARTESIAN_POINT('',(0.0559316751510245,-0.0230069152629036,0.00236579810838428));
#11630=CARTESIAN_POINT('',(0.055897011360879,-0.0229903457035461,0.0132500891436507));
#11631=CARTESIAN_POINT('',(0.055897011360879,-0.0229903457035461,0.00236579810838428));
#11632=CARTESIAN_POINT('',(0.0558622483161681,-0.0229756044656771,0.0132500891436507));
#11633=CARTESIAN_POINT('',(0.0558622483161681,-0.0229756044656771,0.00236579810838428));
#11634=CARTESIAN_POINT('',(0.0558438521134159,-0.0229523407697989,0.0132500891436507));
#11635=CARTESIAN_POINT('',(0.0558438521134159,-0.0229523407697989,0.00236579810838428));
#11636=CARTESIAN_POINT('',(0.0558438521213072,-0.0229523407797785,0.00264686311263479));
#11637=CARTESIAN_POINT('',(0.0558622759116894,-0.0229756393627605,0.00257235837928831));
#11638=CARTESIAN_POINT('',(0.0559020220891736,-0.0229927408703629,0.00250380356029908));
#11639=CARTESIAN_POINT('',(0.0559316751510245,-0.0230069152629036,0.00243071435710357));
#11640=CARTESIAN_POINT('',(0.057549536047679,-0.0237031923160477,0.0132500891436507));
#11641=CARTESIAN_POINT('',(0.057549536047679,-0.0237031923160477,-0.00478391085634926));
#11642=CARTESIAN_POINT('',(0.0575200146140749,-0.0237053327928277,0.0132500891436507));
#11643=CARTESIAN_POINT('',(0.0575200146140749,-0.0237053327928277,-0.00478391085634926));
#11644=CARTESIAN_POINT('',(0.0574857376867665,-0.0236896827690311,0.0132500891436507));
#11645=CARTESIAN_POINT('',(0.0574857376867665,-0.0236896827690311,-0.00478391085634926));
#11646=CARTESIAN_POINT('',(0.0574501785072669,-0.0236753383518038,0.0132500891436507));
#11647=CARTESIAN_POINT('',(0.0574501785072669,-0.0236753383518038,-0.00478391085634926));
#11648=CARTESIAN_POINT('',(0.0579531950783621,-0.0237985131881452,0.0132500891436507));
#11649=CARTESIAN_POINT('',(0.0579531950783621,-0.0237985131881452,-0.00478391085634926));
#11650=CARTESIAN_POINT('',(0.0579150600674715,-0.0237948088501947,0.0132500891436507));
#11651=CARTESIAN_POINT('',(0.0579150600674715,-0.0237948088501947,-0.00478391085634926));
#11652=CARTESIAN_POINT('',(0.0578774575782541,-0.0237928560928866,0.0132500891436507));
#11653=CARTESIAN_POINT('',(0.0578774575782541,-0.0237928560928866,-0.00478391085634926));
#11654=CARTESIAN_POINT('',(0.0578522837395619,-0.0237773301615568,0.0132500891436507));
#11655=CARTESIAN_POINT('',(0.0578522837395619,-0.0237773301615568,-0.00478391085634926));
#11656=CARTESIAN_POINT('',(0.0597117773228708,-0.0238995071683136,0.0132500891436507));
#11657=CARTESIAN_POINT('',(0.0597117773228708,-0.0238995071683136,-0.00478391085634928));
#11658=CARTESIAN_POINT('',(0.0596848269174866,-0.0239115614516271,0.0132500891436508));
#11659=CARTESIAN_POINT('',(0.0596848269174866,-0.0239115614516271,-0.00478391085634917));
#11660=CARTESIAN_POINT('',(0.0596473866441636,-0.0239086112974826,0.0132500891436507));
#11661=CARTESIAN_POINT('',(0.0596473866441636,-0.0239086112974826,-0.00478391085634928));
#11662=CARTESIAN_POINT('',(0.0596091710449011,-0.0239072949866007,0.0132500891436507));
#11663=CARTESIAN_POINT('',(0.0596091710449011,-0.0239072949866007,-0.00478391085634929));
#11664=CARTESIAN_POINT('',(0.0601235409842082,-0.0238510476978703,0.0132500891436507));
#11665=CARTESIAN_POINT('',(0.0601235409842082,-0.0238510476978703,-0.00478391085634926));
#11666=CARTESIAN_POINT('',(0.0600865357754487,-0.0238605889025967,0.0132500891436507));
#11667=CARTESIAN_POINT('',(0.0600865357754487,-0.0238605889025967,-0.00478391085634926));
#11668=CARTESIAN_POINT('',(0.0600506390478448,-0.0238715552475491,0.0132500891436507));
#11669=CARTESIAN_POINT('',(0.0600506390478448,-0.0238715552475491,-0.00478391085634926));
#11670=CARTESIAN_POINT('',(0.0600217384630434,-0.0238656108957423,0.0132500891436507));
#11671=CARTESIAN_POINT('',(0.0600217384630434,-0.0238656108957423,-0.00478391085634926));
#11672=CARTESIAN_POINT('',(0.0618107789719305,-0.0233444700994644,0.0132500891436507));
#11673=CARTESIAN_POINT('',(0.0618107789719305,-0.0233444700994644,-0.00478391085634924));
#11674=CARTESIAN_POINT('',(0.0617896095833701,-0.0233649464109204,0.0132500891436506));
#11675=CARTESIAN_POINT('',(0.0617896095833701,-0.0233649464109204,-0.00478391085634935));
#11676=CARTESIAN_POINT('',(0.0617535394466976,-0.0233749742558568,0.0132500891436507));
#11677=CARTESIAN_POINT('',(0.0617535394466976,-0.0233749742558568,-0.00478391085634924));
#11678=CARTESIAN_POINT('',(0.0617172730953697,-0.0233867705747466,0.0132500891436508));
#11679=CARTESIAN_POINT('',(0.0617172730953697,-0.0233867705747466,-0.00478391085634922));
#11680=CARTESIAN_POINT('',(0.0621810131499267,-0.0231581728261964,0.0132500891436507));
#11681=CARTESIAN_POINT('',(0.0621810131499267,-0.0231581728261964,-0.00478391085634926));
#11682=CARTESIAN_POINT('',(0.0621495878071755,-0.0231797440365092,0.0132500891436507));
#11683=CARTESIAN_POINT('',(0.0621495878071755,-0.0231797440365092,-0.00478391085634926));
#11684=CARTESIAN_POINT('',(0.0621196825044555,-0.0232022360828249,0.0132500891436507));
#11685=CARTESIAN_POINT('',(0.0621196825044555,-0.0232022360828249,-0.00478391085634926));
#11686=CARTESIAN_POINT('',(0.0620905641791184,-0.0232065503511154,0.0132500891436507));
#11687=CARTESIAN_POINT('',(0.0620905641791184,-0.0232065503511154,-0.00478391085634926));
#11688=CARTESIAN_POINT('',(0.0635933847426744,-0.0221050080646102,0.0132500891436508));
#11689=CARTESIAN_POINT('',(0.0635933847426744,-0.0221050080646102,0.00364069559317965));
#11690=CARTESIAN_POINT('',(0.0635805016805755,-0.0221314272416426,0.0132500891436509));
#11691=CARTESIAN_POINT('',(0.0635805016805755,-0.0221314272416426,0.00364069559317975));
#11692=CARTESIAN_POINT('',(0.0635501292319403,-0.022153148599981,0.0132500891436507));
#11693=CARTESIAN_POINT('',(0.0635501292319403,-0.022153148599981,0.00364069559317963));
#11694=CARTESIAN_POINT('',(0.0635201478539585,-0.0221765815792412,0.0132500891436507));
#11695=CARTESIAN_POINT('',(0.0635201478539585,-0.0221765815792412,0.00364069559317963));
#11696=CARTESIAN_POINT('',(0.0635201478539434,-0.0221765815792531,0.00369800807956415));
#11697=CARTESIAN_POINT('',(0.0635476597243768,-0.022155078728728,0.0037127918164456));
#11698=CARTESIAN_POINT('',(0.0635786843459524,-0.0221351535645023,0.00372611431386271));
#11699=CARTESIAN_POINT('',(0.0635933845470443,-0.022105008465784,0.00374499245614103));
#11700=CARTESIAN_POINT('',(0.0638775018726525,-0.0218034034781139,0.0132500891436507));
#11701=CARTESIAN_POINT('',(0.0638775018726525,-0.0218034034781139,0.00381047087626224));
#11702=CARTESIAN_POINT('',(0.0638553992202477,-0.0218343601874471,0.0132500891436508));
#11703=CARTESIAN_POINT('',(0.0638553992202477,-0.0218343601874471,0.00381047087626225));
#11704=CARTESIAN_POINT('',(0.0638350225271211,-0.0218656356295803,0.0132500891436509));
#11705=CARTESIAN_POINT('',(0.0638350225271211,-0.0218656356295803,0.00381047087626236));
#11706=CARTESIAN_POINT('',(0.0638091944954447,-0.0218796407114897,0.0132500891436508));
#11707=CARTESIAN_POINT('',(0.0638091944954447,-0.0218796407114897,0.00381047087626226));
#11708=CARTESIAN_POINT('',(0.0638091945089511,-0.021879640704166,0.00386677078640574));
#11709=CARTESIAN_POINT('',(0.0638409391369325,-0.0218624273850978,0.00387469273577502));
#11710=CARTESIAN_POINT('',(0.0638575384186878,-0.0218313640518203,0.00388846924680805));
#11711=CARTESIAN_POINT('',(0.0638775018726524,-0.021803403478114,0.00389995427743565));
#11712=CARTESIAN_POINT('',(0.0648445850719949,-0.0203305949492188,0.0132500891436507));
#11713=CARTESIAN_POINT('',(0.0648445850719949,-0.0203305949492188,0.00404994309306147));
#11714=CARTESIAN_POINT('',(0.0648415046371478,-0.0203597861240368,0.0132500891436508));
#11715=CARTESIAN_POINT('',(0.0648415046371478,-0.0203597861240368,0.00404994309306157));
#11716=CARTESIAN_POINT('',(0.0648204426375534,-0.020390539950381,0.0132500891436507));
#11717=CARTESIAN_POINT('',(0.0648204426375534,-0.020390539950381,0.00404994309306145));
#11718=CARTESIAN_POINT('',(0.0648003110851266,-0.0204227642558293,0.0132500891436507));
#11719=CARTESIAN_POINT('',(0.0648003110851266,-0.0204227642558293,0.00404994309306145));
#11720=CARTESIAN_POINT('',(0.0648451641649653,-0.0203210807980009,0.00404994309306145));
#11721=CARTESIAN_POINT('',(0.0648451444189884,-0.0203215422307877,0.00404994309306145));
#11722=CARTESIAN_POINT('',(0.0648451246730115,-0.0203220036635745,0.00404994309306145));
#11723=CARTESIAN_POINT('',(0.0648451049270347,-0.0203224650963612,0.00404994309306145));
#11724=CARTESIAN_POINT('',(0.0648449994106423,-0.0203249308504385,0.00404994309306145));
#11725=CARTESIAN_POINT('',(0.0648436412705585,-0.020356668473157,0.00404994309306159));
#11726=CARTESIAN_POINT('',(0.0648184842033274,-0.0203933739091973,0.00404994309306145));
#11727=CARTESIAN_POINT('',(0.0647962610613456,-0.0204292771624616,0.00404994309306145));
#11728=CARTESIAN_POINT('',(0.0647942492882944,-0.0204325545478939,0.00404994309306145));
#11729=CARTESIAN_POINT('',(0.0650083892899816,-0.0199500687437423,0.0132500891436507));
#11730=CARTESIAN_POINT('',(0.0650083892899816,-0.0199500687437423,0.00404994309306145));
#11731=CARTESIAN_POINT('',(0.0649982234664971,-0.0199866709092021,0.0132500891436507));
#11732=CARTESIAN_POINT('',(0.0649982234664971,-0.0199866709092021,0.00404994309306147));
#11733=CARTESIAN_POINT('',(0.0649897726776601,-0.0200229703878402,0.0132500891436509));
#11734=CARTESIAN_POINT('',(0.0649897726776601,-0.0200229703878402,0.0040499430930616));
#11735=CARTESIAN_POINT('',(0.0649703253044503,-0.0200449472860254,0.0132500891436507));
#11736=CARTESIAN_POINT('',(0.0649703253044503,-0.0200449472860254,0.00404994309306148));
#11737=CARTESIAN_POINT('',(0.0650114887729769,-0.0199390793163781,0.00404994309306145));
#11738=CARTESIAN_POINT('',(0.0650104396049905,-0.0199427452839045,0.00404994309306145));
#11739=CARTESIAN_POINT('',(0.0649990685455633,-0.0199830409607009,0.00404994309306145));
#11740=CARTESIAN_POINT('',(0.0649890468732103,-0.0200260880048586,0.00404994309306159));
#11741=CARTESIAN_POINT('',(0.0649669036746337,-0.0200486166530438,0.00404994309306145));
#11742=CARTESIAN_POINT('',(0.0649651523015069,-0.020050398512556,0.00404994309306145));
#11743=CARTESIAN_POINT('',(0.0649648644920887,-0.0200506913319111,0.00404994309306145));
#11744=CARTESIAN_POINT('',(0.0649645766826705,-0.0200509841512662,0.00404994309306145));
#11745=CARTESIAN_POINT('',(0.0649642888732523,-0.0200512769706213,0.00404994309306145));
#11746=CARTESIAN_POINT('',(0.0654134509429207,-0.0182352337553014,0.0132500891436508));
#11747=CARTESIAN_POINT('',(0.0654134509429207,-0.0182352337553014,0.00404994309306158));
#11748=CARTESIAN_POINT('',(0.0654205384670458,-0.0182637009231218,0.0132500891436505));
#11749=CARTESIAN_POINT('',(0.0654205384670458,-0.0182637009231218,0.00404994309306136));
#11750=CARTESIAN_POINT('',(0.0654112698869212,-0.0182997836362808,0.0132500891436508));
#11751=CARTESIAN_POINT('',(0.0654112698869212,-0.0182997836362808,0.0040499430930616));
#11752=CARTESIAN_POINT('',(0.0654033771160093,-0.0183369280212989,0.0132500891436508));
#11753=CARTESIAN_POINT('',(0.0654033771160093,-0.0183369280212989,0.00404994309306162));
#11754=CARTESIAN_POINT('',(0.06541102381366,-0.0182268336959912,0.00404994309306162));
#11755=CARTESIAN_POINT('',(0.0654111433037102,-0.01822722499959,0.00404994309306162));
#11756=CARTESIAN_POINT('',(0.0654112627937603,-0.0182276163031889,0.00404994309306162));
#11757=CARTESIAN_POINT('',(0.0654113822838106,-0.0182280076067878,0.00404994309306162));
#11758=CARTESIAN_POINT('',(0.0654121120952974,-0.0182303975786787,0.00404994309306162));
#11759=CARTESIAN_POINT('',(0.0654213349221536,-0.0182606003054678,0.00404994309306133));
#11760=CARTESIAN_POINT('',(0.065410343031136,-0.0183033918996305,0.00404994309306162));
#11761=CARTESIAN_POINT('',(0.065401812322627,-0.0183443675018433,0.00404994309306162));
#11762=CARTESIAN_POINT('',(0.065401049185934,-0.0183481021116409,0.00404994309306162));
#11763=CARTESIAN_POINT('',(0.0478733747739492,-0.0130434964984828,0.00677022041270027));
#11764=CARTESIAN_POINT('',(0.0478733747739492,-0.0130434964984828,0.0010499430930615));
#11765=CARTESIAN_POINT('',(0.0549331979706813,-0.0130434964984828,0.0020499430930615));
#11766=CARTESIAN_POINT('',(0.0478733747739492,-0.0230434964984828,0.00677022041270027));
#11767=CARTESIAN_POINT('',(0.0559924155805018,-0.0230434964984828,0.0010499430930615));
#11768=CARTESIAN_POINT('',(0.0478733747739492,-0.0230434964984828,0.0020499430930615));
#11769=CARTESIAN_POINT('',(0.0575582672857043,-0.0230434964984828,0.0040499430930615));
#11770=CARTESIAN_POINT('',(0.0640965983316301,-0.0150434964984828,0.0040499430930615));
#11771=CARTESIAN_POINT('',(0.0575582672857043,-0.0210434964984828,0.0040499430930615));
#11772=CARTESIAN_POINT('',(0.0575582672857043,-0.0230434964984828,-0.000950056906938496));
#11773=CARTESIAN_POINT('',(0.0575582672857043,-0.0150434964984828,-0.000950056906938495));
#11774=CARTESIAN_POINT('',(0.0632360364695346,-0.0210434964984828,-0.000950056906938495));
#11775=CARTESIAN_POINT('',(0.0478733747739492,-0.0150434964984828,0.0010499430930615));
#11776=CARTESIAN_POINT('',(0.0575582672857043,-0.0150434964984828,0.0020499430930615));
#11777=CARTESIAN_POINT('',(0.0575582672857043,-0.0210434964984828,0.0010499430930615));
#11778=CARTESIAN_POINT('',(0.0478733747739492,-0.0210434964984828,0.0020499430930615));
#11779=MECHANICAL_DESIGN_GEOMETRIC_PRESENTATION_REPRESENTATION('',(#5293),
#11780);
#11780=(
GEOMETRIC_REPRESENTATION_CONTEXT(3)
GLOBAL_UNCERTAINTY_ASSIGNED_CONTEXT((#11781))
GLOBAL_UNIT_ASSIGNED_CONTEXT((#11784,#11783,#11782))
REPRESENTATION_CONTEXT('Gear','TOP_LEVEL_ASSEMBLY_PART')
);
#11781=UNCERTAINTY_MEASURE_WITH_UNIT(LENGTH_MEASURE(2.56832110737498E-5),
#11784,'DISTANCE_ACCURACY_VALUE','Maximum Tolerance applied to model');
#11782=(
NAMED_UNIT(*)
SI_UNIT($,.STERADIAN.)
SOLID_ANGLE_UNIT()
);
#11783=(
NAMED_UNIT(*)
PLANE_ANGLE_UNIT()
SI_UNIT($,.RADIAN.)
);
#11784=(
LENGTH_UNIT()
NAMED_UNIT(*)
SI_UNIT($,.METRE.)
);
#11785=PRODUCT_DEFINITION_SHAPE('','',#11786);
#11786=PRODUCT_DEFINITION('','',#11788,#11787);
#11787=PRODUCT_DEFINITION_CONTEXT('',#11794,'design');
#11788=PRODUCT_DEFINITION_FORMATION_WITH_SPECIFIED_SOURCE('','',#11790,
 .NOT_KNOWN.);
#11789=PRODUCT_RELATED_PRODUCT_CATEGORY('','',(#11790));
#11790=PRODUCT('Gear','Gear','Gear',(#11792));
#11791=PRODUCT_CATEGORY('','');
#11792=PRODUCT_CONTEXT('',#11794,'mechanical');
#11793=APPLICATION_PROTOCOL_DEFINITION('international standard',
'ap242_managed_model_based_3d_engineering',2020,#11794);
#11794=APPLICATION_CONTEXT('managed model based 3d engineering');
ENDSEC;
END-ISO-10303-21;
