ISO-10303-21;
HEADER;
/* Generated by software containing ST-Developer
 * from STEP Tools, Inc. (www.steptools.com) 
 */
/* OPTION: using custom renumber hook */

FILE_DESCRIPTION(
/* description */ ('STEP AP242 Edition 2',
'CAx-IF Rec.Pracs.---Representation and Presentation of Product Manufa
cturing Information (PMI)---4.0---2014-10-13',
'CAx-IF Rec.Pracs.---3D Tessellated Geometry---0.4---2014-09-14','2;1',
'CAx-IF Rec.Pracs.---User Defined Attributes---1.5---2016-08-15'),
/* implementation_level */ '2;1');

FILE_NAME(
/* name */ 'Assembly 1 - SK-12D07-G 5 NS PA_PART1',
/* time_stamp */ '2026-05-14T07:47:26Z',
/* author */ (''),
/* organization */ (''),
/* preprocessor_version */ 'ST-DEVELOPER v20',
/* originating_system */ 'ONSHAPE BY PTC INC, 1.214',
/* authorisation */ '  ');

FILE_SCHEMA (('AP242_MANAGED_MODEL_BASED_3D_ENGINEERING_MIM_LF { 1 0 10303 442 3 1 4 }'));
ENDSEC;

DATA;
#10=SHAPE_REPRESENTATION_RELATIONSHIP('','',#5729,#11);
#11=ADVANCED_BREP_SHAPE_REPRESENTATION('',(#5727),#9093);
#12=CIRCLE('',#5737,0.000316230000000691);
#13=CIRCLE('',#5738,0.000316230000000691);
#14=CIRCLE('',#5748,0.000316229999999655);
#15=CIRCLE('',#5749,0.000316229999999655);
#16=CIRCLE('',#5760,0.000368934999999327);
#17=CIRCLE('',#5761,0.000368934999999285);
#18=CIRCLE('',#5773,0.000368934999999301);
#19=CIRCLE('',#5793,0.000263524999999685);
#20=CIRCLE('',#5794,0.000263525000000184);
#21=CIRCLE('',#5797,0.000421639999999901);
#22=CIRCLE('',#5798,0.000421639999999294);
#23=CIRCLE('',#5803,0.000316230000001088);
#24=CIRCLE('',#5804,0.000316230000001088);
#25=CIRCLE('',#5816,0.000421639999999178);
#26=CIRCLE('',#5817,0.000421639999999189);
#27=CIRCLE('',#5835,0.000316230000005928);
#28=CIRCLE('',#5843,0.000368934999999352);
#29=CIRCLE('',#5844,0.000368934999999864);
#30=CIRCLE('',#5853,0.000368934999999348);
#31=CIRCLE('',#5854,0.000368934999999352);
#32=CIRCLE('',#5883,0.000316229999999886);
#33=CIRCLE('',#5884,0.000316229999999886);
#34=CIRCLE('',#5909,0.000263525000000184);
#35=CIRCLE('',#5924,0.000263525000000172);
#36=CIRCLE('',#5933,0.000316230000004707);
#37=CIRCLE('',#5936,0.000263524999999656);
#38=CIRCLE('',#5955,0.000263524999999672);
#39=CIRCLE('',#6014,0.00036893499999926);
#40=B_SPLINE_CURVE_WITH_KNOTS('',3,(#7479,#7480,#7481,#7482),
 .UNSPECIFIED.,.F.,.F.,(4,4),(0.,1.),.UNSPECIFIED.);
#41=B_SPLINE_CURVE_WITH_KNOTS('',3,(#7592,#7593,#7594,#7595),
 .UNSPECIFIED.,.F.,.F.,(4,4),(0.,1.),.UNSPECIFIED.);
#42=B_SPLINE_CURVE_WITH_KNOTS('',3,(#7608,#7609,#7610,#7611),
 .UNSPECIFIED.,.F.,.F.,(4,4),(0.,1.),.UNSPECIFIED.);
#43=B_SPLINE_CURVE_WITH_KNOTS('',3,(#8208,#8209,#8210,#8211),
 .UNSPECIFIED.,.F.,.F.,(4,4),(0.,1.),.UNSPECIFIED.);
#44=PLANE('',#5734);
#45=PLANE('',#5735);
#46=PLANE('',#5739);
#47=PLANE('',#5740);
#48=PLANE('',#5741);
#49=PLANE('',#5742);
#50=PLANE('',#5743);
#51=PLANE('',#5744);
#52=PLANE('',#5745);
#53=PLANE('',#5746);
#54=PLANE('',#5750);
#55=PLANE('',#5751);
#56=PLANE('',#5752);
#57=PLANE('',#5753);
#58=PLANE('',#5754);
#59=PLANE('',#5755);
#60=PLANE('',#5756);
#61=PLANE('',#5757);
#62=PLANE('',#5758);
#63=PLANE('',#5762);
#64=PLANE('',#5763);
#65=PLANE('',#5764);
#66=PLANE('',#5765);
#67=PLANE('',#5766);
#68=PLANE('',#5767);
#69=PLANE('',#5768);
#70=PLANE('',#5769);
#71=PLANE('',#5770);
#72=PLANE('',#5771);
#73=PLANE('',#5772);
#74=PLANE('',#5774);
#75=PLANE('',#5775);
#76=PLANE('',#5776);
#77=PLANE('',#5777);
#78=PLANE('',#5778);
#79=PLANE('',#5779);
#80=PLANE('',#5780);
#81=PLANE('',#5781);
#82=PLANE('',#5782);
#83=PLANE('',#5783);
#84=PLANE('',#5784);
#85=PLANE('',#5785);
#86=PLANE('',#5786);
#87=PLANE('',#5787);
#88=PLANE('',#5788);
#89=PLANE('',#5789);
#90=PLANE('',#5790);
#91=PLANE('',#5791);
#92=PLANE('',#5795);
#93=PLANE('',#5799);
#94=PLANE('',#5800);
#95=PLANE('',#5801);
#96=PLANE('',#5805);
#97=PLANE('',#5806);
#98=PLANE('',#5807);
#99=PLANE('',#5808);
#100=PLANE('',#5809);
#101=PLANE('',#5812);
#102=PLANE('',#5813);
#103=PLANE('',#5814);
#104=PLANE('',#5818);
#105=PLANE('',#5819);
#106=PLANE('',#5820);
#107=PLANE('',#5821);
#108=PLANE('',#5822);
#109=PLANE('',#5823);
#110=PLANE('',#5824);
#111=PLANE('',#5825);
#112=PLANE('',#5826);
#113=PLANE('',#5827);
#114=PLANE('',#5828);
#115=PLANE('',#5829);
#116=PLANE('',#5830);
#117=PLANE('',#5831);
#118=PLANE('',#5832);
#119=PLANE('',#5833);
#120=PLANE('',#5834);
#121=PLANE('',#5836);
#122=PLANE('',#5837);
#123=PLANE('',#5838);
#124=PLANE('',#5839);
#125=PLANE('',#5840);
#126=PLANE('',#5841);
#127=PLANE('',#5842);
#128=PLANE('',#5845);
#129=PLANE('',#5846);
#130=PLANE('',#5847);
#131=PLANE('',#5848);
#132=PLANE('',#5849);
#133=PLANE('',#5850);
#134=PLANE('',#5851);
#135=PLANE('',#5852);
#136=PLANE('',#5855);
#137=PLANE('',#5856);
#138=PLANE('',#5857);
#139=PLANE('',#5858);
#140=PLANE('',#5860);
#141=PLANE('',#5861);
#142=PLANE('',#5862);
#143=PLANE('',#5863);
#144=PLANE('',#5864);
#145=PLANE('',#5865);
#146=PLANE('',#5866);
#147=PLANE('',#5867);
#148=PLANE('',#5868);
#149=PLANE('',#5869);
#150=PLANE('',#5870);
#151=PLANE('',#5871);
#152=PLANE('',#5872);
#153=PLANE('',#5873);
#154=PLANE('',#5874);
#155=PLANE('',#5875);
#156=PLANE('',#5876);
#157=PLANE('',#5877);
#158=PLANE('',#5878);
#159=PLANE('',#5879);
#160=PLANE('',#5880);
#161=PLANE('',#5881);
#162=PLANE('',#5885);
#163=PLANE('',#5886);
#164=PLANE('',#5887);
#165=PLANE('',#5888);
#166=PLANE('',#5889);
#167=PLANE('',#5890);
#168=PLANE('',#5891);
#169=PLANE('',#5892);
#170=PLANE('',#5893);
#171=PLANE('',#5894);
#172=PLANE('',#5895);
#173=PLANE('',#5896);
#174=PLANE('',#5897);
#175=PLANE('',#5898);
#176=PLANE('',#5899);
#177=PLANE('',#5900);
#178=PLANE('',#5901);
#179=PLANE('',#5902);
#180=PLANE('',#5903);
#181=PLANE('',#5904);
#182=PLANE('',#5905);
#183=PLANE('',#5906);
#184=PLANE('',#5907);
#185=PLANE('',#5908);
#186=PLANE('',#5910);
#187=PLANE('',#5911);
#188=PLANE('',#5912);
#189=PLANE('',#5913);
#190=PLANE('',#5914);
#191=PLANE('',#5915);
#192=PLANE('',#5916);
#193=PLANE('',#5917);
#194=PLANE('',#5918);
#195=PLANE('',#5919);
#196=PLANE('',#5920);
#197=PLANE('',#5921);
#198=PLANE('',#5922);
#199=PLANE('',#5923);
#200=PLANE('',#5925);
#201=PLANE('',#5926);
#202=PLANE('',#5927);
#203=PLANE('',#5928);
#204=PLANE('',#5929);
#205=PLANE('',#5930);
#206=PLANE('',#5931);
#207=PLANE('',#5932);
#208=PLANE('',#5934);
#209=PLANE('',#5937);
#210=PLANE('',#5938);
#211=PLANE('',#5939);
#212=PLANE('',#5940);
#213=PLANE('',#5941);
#214=PLANE('',#5942);
#215=PLANE('',#5943);
#216=PLANE('',#5944);
#217=PLANE('',#5945);
#218=PLANE('',#5946);
#219=PLANE('',#5947);
#220=PLANE('',#5948);
#221=PLANE('',#5949);
#222=PLANE('',#5950);
#223=PLANE('',#5951);
#224=PLANE('',#5952);
#225=PLANE('',#5953);
#226=PLANE('',#5954);
#227=PLANE('',#5956);
#228=PLANE('',#5957);
#229=PLANE('',#5958);
#230=PLANE('',#5959);
#231=PLANE('',#5960);
#232=PLANE('',#5961);
#233=PLANE('',#5962);
#234=PLANE('',#5963);
#235=PLANE('',#5964);
#236=PLANE('',#5966);
#237=PLANE('',#5967);
#238=PLANE('',#5968);
#239=PLANE('',#5969);
#240=PLANE('',#5970);
#241=PLANE('',#5971);
#242=PLANE('',#5972);
#243=PLANE('',#5973);
#244=PLANE('',#5974);
#245=PLANE('',#5975);
#246=PLANE('',#5976);
#247=PLANE('',#5977);
#248=PLANE('',#5978);
#249=PLANE('',#5979);
#250=PLANE('',#5980);
#251=PLANE('',#5981);
#252=PLANE('',#5982);
#253=PLANE('',#5983);
#254=PLANE('',#5984);
#255=PLANE('',#5985);
#256=PLANE('',#5986);
#257=PLANE('',#5987);
#258=PLANE('',#5988);
#259=PLANE('',#5989);
#260=PLANE('',#5990);
#261=PLANE('',#5991);
#262=PLANE('',#5992);
#263=PLANE('',#5993);
#264=PLANE('',#5994);
#265=PLANE('',#5995);
#266=PLANE('',#5996);
#267=PLANE('',#5997);
#268=PLANE('',#5998);
#269=PLANE('',#5999);
#270=PLANE('',#6000);
#271=PLANE('',#6001);
#272=PLANE('',#6002);
#273=PLANE('',#6003);
#274=PLANE('',#6004);
#275=PLANE('',#6005);
#276=PLANE('',#6006);
#277=PLANE('',#6007);
#278=PLANE('',#6009);
#279=PLANE('',#6010);
#280=PLANE('',#6011);
#281=PLANE('',#6012);
#282=PLANE('',#6015);
#283=PLANE('',#6016);
#284=PLANE('',#6017);
#285=PLANE('',#6018);
#286=PLANE('',#6019);
#287=PLANE('',#6020);
#288=PLANE('',#6021);
#289=PLANE('',#6022);
#290=PLANE('',#6023);
#291=PLANE('',#6024);
#292=PLANE('',#6025);
#293=PLANE('',#6026);
#294=PLANE('',#6027);
#295=PLANE('',#6029);
#296=PLANE('',#6030);
#297=PLANE('',#6031);
#298=PLANE('',#6032);
#299=PLANE('',#6034);
#300=PLANE('',#6035);
#301=PLANE('',#6036);
#302=PLANE('',#6037);
#303=PLANE('',#6038);
#304=PLANE('',#6039);
#305=PLANE('',#6040);
#306=PLANE('',#6041);
#307=PLANE('',#6042);
#308=PLANE('',#6043);
#309=PLANE('',#6044);
#310=PLANE('',#6045);
#311=PLANE('',#6046);
#312=ELLIPSE('',#5732,0.000298144503217923,0.000210819999999026);
#313=ELLIPSE('',#5811,0.000298144503217643,0.00021081999999784);
#314=LINE('',#7458,#1084);
#315=LINE('',#7462,#1085);
#316=LINE('',#7464,#1086);
#317=LINE('',#7470,#1087);
#318=LINE('',#7472,#1088);
#319=LINE('',#7475,#1089);
#320=LINE('',#7477,#1090);
#321=LINE('',#7484,#1091);
#322=LINE('',#7487,#1092);
#323=LINE('',#7489,#1093);
#324=LINE('',#7491,#1094);
#325=LINE('',#7493,#1095);
#326=LINE('',#7499,#1096);
#327=LINE('',#7502,#1097);
#328=LINE('',#7504,#1098);
#329=LINE('',#7506,#1099);
#330=LINE('',#7508,#1100);
#331=LINE('',#7510,#1101);
#332=LINE('',#7512,#1102);
#333=LINE('',#7515,#1103);
#334=LINE('',#7517,#1104);
#335=LINE('',#7519,#1105);
#336=LINE('',#7521,#1106);
#337=LINE('',#7524,#1107);
#338=LINE('',#7526,#1108);
#339=LINE('',#7528,#1109);
#340=LINE('',#7530,#1110);
#341=LINE('',#7533,#1111);
#342=LINE('',#7535,#1112);
#343=LINE('',#7537,#1113);
#344=LINE('',#7539,#1114);
#345=LINE('',#7542,#1115);
#346=LINE('',#7544,#1116);
#347=LINE('',#7546,#1117);
#348=LINE('',#7548,#1118);
#349=LINE('',#7550,#1119);
#350=LINE('',#7553,#1120);
#351=LINE('',#7555,#1121);
#352=LINE('',#7556,#1122);
#353=LINE('',#7558,#1123);
#354=LINE('',#7560,#1124);
#355=LINE('',#7562,#1125);
#356=LINE('',#7564,#1126);
#357=LINE('',#7566,#1127);
#358=LINE('',#7568,#1128);
#359=LINE('',#7570,#1129);
#360=LINE('',#7572,#1130);
#361=LINE('',#7574,#1131);
#362=LINE('',#7577,#1132);
#363=LINE('',#7579,#1133);
#364=LINE('',#7581,#1134);
#365=LINE('',#7583,#1135);
#366=LINE('',#7586,#1136);
#367=LINE('',#7588,#1137);
#368=LINE('',#7590,#1138);
#369=LINE('',#7601,#1139);
#370=LINE('',#7604,#1140);
#371=LINE('',#7606,#1141);
#372=LINE('',#7613,#1142);
#373=LINE('',#7616,#1143);
#374=LINE('',#7618,#1144);
#375=LINE('',#7620,#1145);
#376=LINE('',#7622,#1146);
#377=LINE('',#7624,#1147);
#378=LINE('',#7626,#1148);
#379=LINE('',#7628,#1149);
#380=LINE('',#7630,#1150);
#381=LINE('',#7632,#1151);
#382=LINE('',#7634,#1152);
#383=LINE('',#7636,#1153);
#384=LINE('',#7638,#1154);
#385=LINE('',#7641,#1155);
#386=LINE('',#7643,#1156);
#387=LINE('',#7645,#1157);
#388=LINE('',#7647,#1158);
#389=LINE('',#7650,#1159);
#390=LINE('',#7652,#1160);
#391=LINE('',#7654,#1161);
#392=LINE('',#7656,#1162);
#393=LINE('',#7659,#1163);
#394=LINE('',#7661,#1164);
#395=LINE('',#7663,#1165);
#396=LINE('',#7665,#1166);
#397=LINE('',#7668,#1167);
#398=LINE('',#7670,#1168);
#399=LINE('',#7672,#1169);
#400=LINE('',#7674,#1170);
#401=LINE('',#7677,#1171);
#402=LINE('',#7679,#1172);
#403=LINE('',#7681,#1173);
#404=LINE('',#7683,#1174);
#405=LINE('',#7686,#1175);
#406=LINE('',#7688,#1176);
#407=LINE('',#7690,#1177);
#408=LINE('',#7692,#1178);
#409=LINE('',#7695,#1179);
#410=LINE('',#7697,#1180);
#411=LINE('',#7699,#1181);
#412=LINE('',#7701,#1182);
#413=LINE('',#7706,#1183);
#414=LINE('',#7710,#1184);
#415=LINE('',#7713,#1185);
#416=LINE('',#7715,#1186);
#417=LINE('',#7717,#1187);
#418=LINE('',#7719,#1188);
#419=LINE('',#7722,#1189);
#420=LINE('',#7724,#1190);
#421=LINE('',#7726,#1191);
#422=LINE('',#7728,#1192);
#423=LINE('',#7731,#1193);
#424=LINE('',#7733,#1194);
#425=LINE('',#7735,#1195);
#426=LINE('',#7737,#1196);
#427=LINE('',#7740,#1197);
#428=LINE('',#7742,#1198);
#429=LINE('',#7744,#1199);
#430=LINE('',#7746,#1200);
#431=LINE('',#7749,#1201);
#432=LINE('',#7751,#1202);
#433=LINE('',#7753,#1203);
#434=LINE('',#7755,#1204);
#435=LINE('',#7758,#1205);
#436=LINE('',#7760,#1206);
#437=LINE('',#7762,#1207);
#438=LINE('',#7764,#1208);
#439=LINE('',#7767,#1209);
#440=LINE('',#7768,#1210);
#441=LINE('',#7770,#1211);
#442=LINE('',#7773,#1212);
#443=LINE('',#7775,#1213);
#444=LINE('',#7777,#1214);
#445=LINE('',#7779,#1215);
#446=LINE('',#7781,#1216);
#447=LINE('',#7783,#1217);
#448=LINE('',#7785,#1218);
#449=LINE('',#7786,#1219);
#450=LINE('',#7788,#1220);
#451=LINE('',#7790,#1221);
#452=LINE('',#7792,#1222);
#453=LINE('',#7795,#1223);
#454=LINE('',#7797,#1224);
#455=LINE('',#7799,#1225);
#456=LINE('',#7801,#1226);
#457=LINE('',#7804,#1227);
#458=LINE('',#7806,#1228);
#459=LINE('',#7808,#1229);
#460=LINE('',#7810,#1230);
#461=LINE('',#7814,#1231);
#462=LINE('',#7816,#1232);
#463=LINE('',#7817,#1233);
#464=LINE('',#7819,#1234);
#465=LINE('',#7821,#1235);
#466=LINE('',#7822,#1236);
#467=LINE('',#7824,#1237);
#468=LINE('',#7825,#1238);
#469=LINE('',#7826,#1239);
#470=LINE('',#7828,#1240);
#471=LINE('',#7830,#1241);
#472=LINE('',#7831,#1242);
#473=LINE('',#7833,#1243);
#474=LINE('',#7834,#1244);
#475=LINE('',#7836,#1245);
#476=LINE('',#7838,#1246);
#477=LINE('',#7839,#1247);
#478=LINE('',#7841,#1248);
#479=LINE('',#7843,#1249);
#480=LINE('',#7844,#1250);
#481=LINE('',#7846,#1251);
#482=LINE('',#7848,#1252);
#483=LINE('',#7850,#1253);
#484=LINE('',#7852,#1254);
#485=LINE('',#7855,#1255);
#486=LINE('',#7857,#1256);
#487=LINE('',#7859,#1257);
#488=LINE('',#7861,#1258);
#489=LINE('',#7864,#1259);
#490=LINE('',#7866,#1260);
#491=LINE('',#7868,#1261);
#492=LINE('',#7870,#1262);
#493=LINE('',#7873,#1263);
#494=LINE('',#7875,#1264);
#495=LINE('',#7877,#1265);
#496=LINE('',#7879,#1266);
#497=LINE('',#7882,#1267);
#498=LINE('',#7884,#1268);
#499=LINE('',#7886,#1269);
#500=LINE('',#7888,#1270);
#501=LINE('',#7891,#1271);
#502=LINE('',#7893,#1272);
#503=LINE('',#7895,#1273);
#504=LINE('',#7897,#1274);
#505=LINE('',#7898,#1275);
#506=LINE('',#7900,#1276);
#507=LINE('',#7902,#1277);
#508=LINE('',#7904,#1278);
#509=LINE('',#7907,#1279);
#510=LINE('',#7908,#1280);
#511=LINE('',#7910,#1281);
#512=LINE('',#7912,#1282);
#513=LINE('',#7914,#1283);
#514=LINE('',#7916,#1284);
#515=LINE('',#7919,#1285);
#516=LINE('',#7920,#1286);
#517=LINE('',#7922,#1287);
#518=LINE('',#7925,#1288);
#519=LINE('',#7927,#1289);
#520=LINE('',#7929,#1290);
#521=LINE('',#7931,#1291);
#522=LINE('',#7933,#1292);
#523=LINE('',#7935,#1293);
#524=LINE('',#7937,#1294);
#525=LINE('',#7939,#1295);
#526=LINE('',#7941,#1296);
#527=LINE('',#7943,#1297);
#528=LINE('',#7945,#1298);
#529=LINE('',#7946,#1299);
#530=LINE('',#7948,#1300);
#531=LINE('',#7949,#1301);
#532=LINE('',#7951,#1302);
#533=LINE('',#7953,#1303);
#534=LINE('',#7955,#1304);
#535=LINE('',#7957,#1305);
#536=LINE('',#7958,#1306);
#537=LINE('',#7960,#1307);
#538=LINE('',#7962,#1308);
#539=LINE('',#7964,#1309);
#540=LINE('',#7966,#1310);
#541=LINE('',#7968,#1311);
#542=LINE('',#7970,#1312);
#543=LINE('',#7972,#1313);
#544=LINE('',#7973,#1314);
#545=LINE('',#7975,#1315);
#546=LINE('',#7977,#1316);
#547=LINE('',#7979,#1317);
#548=LINE('',#7981,#1318);
#549=LINE('',#7983,#1319);
#550=LINE('',#7985,#1320);
#551=LINE('',#7987,#1321);
#552=LINE('',#7989,#1322);
#553=LINE('',#7991,#1323);
#554=LINE('',#7993,#1324);
#555=LINE('',#7995,#1325);
#556=LINE('',#7997,#1326);
#557=LINE('',#7999,#1327);
#558=LINE('',#8001,#1328);
#559=LINE('',#8003,#1329);
#560=LINE('',#8005,#1330);
#561=LINE('',#8007,#1331);
#562=LINE('',#8009,#1332);
#563=LINE('',#8011,#1333);
#564=LINE('',#8013,#1334);
#565=LINE('',#8014,#1335);
#566=LINE('',#8017,#1336);
#567=LINE('',#8019,#1337);
#568=LINE('',#8021,#1338);
#569=LINE('',#8023,#1339);
#570=LINE('',#8025,#1340);
#571=LINE('',#8026,#1341);
#572=LINE('',#8028,#1342);
#573=LINE('',#8030,#1343);
#574=LINE('',#8032,#1344);
#575=LINE('',#8034,#1345);
#576=LINE('',#8036,#1346);
#577=LINE('',#8038,#1347);
#578=LINE('',#8040,#1348);
#579=LINE('',#8042,#1349);
#580=LINE('',#8044,#1350);
#581=LINE('',#8046,#1351);
#582=LINE('',#8048,#1352);
#583=LINE('',#8050,#1353);
#584=LINE('',#8052,#1354);
#585=LINE('',#8054,#1355);
#586=LINE('',#8056,#1356);
#587=LINE('',#8058,#1357);
#588=LINE('',#8059,#1358);
#589=LINE('',#8061,#1359);
#590=LINE('',#8063,#1360);
#591=LINE('',#8065,#1361);
#592=LINE('',#8067,#1362);
#593=LINE('',#8069,#1363);
#594=LINE('',#8071,#1364);
#595=LINE('',#8072,#1365);
#596=LINE('',#8074,#1366);
#597=LINE('',#8075,#1367);
#598=LINE('',#8076,#1368);
#599=LINE('',#8079,#1369);
#600=LINE('',#8081,#1370);
#601=LINE('',#8083,#1371);
#602=LINE('',#8085,#1372);
#603=LINE('',#8087,#1373);
#604=LINE('',#8089,#1374);
#605=LINE('',#8091,#1375);
#606=LINE('',#8092,#1376);
#607=LINE('',#8095,#1377);
#608=LINE('',#8096,#1378);
#609=LINE('',#8098,#1379);
#610=LINE('',#8100,#1380);
#611=LINE('',#8102,#1381);
#612=LINE('',#8104,#1382);
#613=LINE('',#8106,#1383);
#614=LINE('',#8108,#1384);
#615=LINE('',#8110,#1385);
#616=LINE('',#8112,#1386);
#617=LINE('',#8114,#1387);
#618=LINE('',#8115,#1388);
#619=LINE('',#8117,#1389);
#620=LINE('',#8119,#1390);
#621=LINE('',#8121,#1391);
#622=LINE('',#8123,#1392);
#623=LINE('',#8125,#1393);
#624=LINE('',#8127,#1394);
#625=LINE('',#8129,#1395);
#626=LINE('',#8131,#1396);
#627=LINE('',#8133,#1397);
#628=LINE('',#8135,#1398);
#629=LINE('',#8137,#1399);
#630=LINE('',#8139,#1400);
#631=LINE('',#8141,#1401);
#632=LINE('',#8143,#1402);
#633=LINE('',#8144,#1403);
#634=LINE('',#8146,#1404);
#635=LINE('',#8149,#1405);
#636=LINE('',#8151,#1406);
#637=LINE('',#8153,#1407);
#638=LINE('',#8156,#1408);
#639=LINE('',#8158,#1409);
#640=LINE('',#8160,#1410);
#641=LINE('',#8162,#1411);
#642=LINE('',#8164,#1412);
#643=LINE('',#8166,#1413);
#644=LINE('',#8168,#1414);
#645=LINE('',#8174,#1415);
#646=LINE('',#8177,#1416);
#647=LINE('',#8179,#1417);
#648=LINE('',#8181,#1418);
#649=LINE('',#8183,#1419);
#650=LINE('',#8188,#1420);
#651=LINE('',#8192,#1421);
#652=LINE('',#8194,#1422);
#653=LINE('',#8196,#1423);
#654=LINE('',#8198,#1424);
#655=LINE('',#8200,#1425);
#656=LINE('',#8202,#1426);
#657=LINE('',#8204,#1427);
#658=LINE('',#8206,#1428);
#659=LINE('',#8216,#1429);
#660=LINE('',#8220,#1430);
#661=LINE('',#8222,#1431);
#662=LINE('',#8224,#1432);
#663=LINE('',#8226,#1433);
#664=LINE('',#8228,#1434);
#665=LINE('',#8230,#1435);
#666=LINE('',#8232,#1436);
#667=LINE('',#8234,#1437);
#668=LINE('',#8236,#1438);
#669=LINE('',#8238,#1439);
#670=LINE('',#8240,#1440);
#671=LINE('',#8243,#1441);
#672=LINE('',#8245,#1442);
#673=LINE('',#8247,#1443);
#674=LINE('',#8249,#1444);
#675=LINE('',#8251,#1445);
#676=LINE('',#8253,#1446);
#677=LINE('',#8255,#1447);
#678=LINE('',#8257,#1448);
#679=LINE('',#8259,#1449);
#680=LINE('',#8261,#1450);
#681=LINE('',#8267,#1451);
#682=LINE('',#8268,#1452);
#683=LINE('',#8270,#1453);
#684=LINE('',#8271,#1454);
#685=LINE('',#8273,#1455);
#686=LINE('',#8275,#1456);
#687=LINE('',#8277,#1457);
#688=LINE('',#8279,#1458);
#689=LINE('',#8281,#1459);
#690=LINE('',#8283,#1460);
#691=LINE('',#8286,#1461);
#692=LINE('',#8288,#1462);
#693=LINE('',#8289,#1463);
#694=LINE('',#8291,#1464);
#695=LINE('',#8293,#1465);
#696=LINE('',#8295,#1466);
#697=LINE('',#8297,#1467);
#698=LINE('',#8299,#1468);
#699=LINE('',#8301,#1469);
#700=LINE('',#8303,#1470);
#701=LINE('',#8305,#1471);
#702=LINE('',#8307,#1472);
#703=LINE('',#8309,#1473);
#704=LINE('',#8311,#1474);
#705=LINE('',#8313,#1475);
#706=LINE('',#8315,#1476);
#707=LINE('',#8317,#1477);
#708=LINE('',#8319,#1478);
#709=LINE('',#8321,#1479);
#710=LINE('',#8323,#1480);
#711=LINE('',#8324,#1481);
#712=LINE('',#8326,#1482);
#713=LINE('',#8328,#1483);
#714=LINE('',#8331,#1484);
#715=LINE('',#8333,#1485);
#716=LINE('',#8335,#1486);
#717=LINE('',#8337,#1487);
#718=LINE('',#8339,#1488);
#719=LINE('',#8341,#1489);
#720=LINE('',#8343,#1490);
#721=LINE('',#8345,#1491);
#722=LINE('',#8349,#1492);
#723=LINE('',#8351,#1493);
#724=LINE('',#8353,#1494);
#725=LINE('',#8356,#1495);
#726=LINE('',#8358,#1496);
#727=LINE('',#8360,#1497);
#728=LINE('',#8362,#1498);
#729=LINE('',#8364,#1499);
#730=LINE('',#8366,#1500);
#731=LINE('',#8368,#1501);
#732=LINE('',#8370,#1502);
#733=LINE('',#8372,#1503);
#734=LINE('',#8373,#1504);
#735=LINE('',#8375,#1505);
#736=LINE('',#8377,#1506);
#737=LINE('',#8379,#1507);
#738=LINE('',#8381,#1508);
#739=LINE('',#8383,#1509);
#740=LINE('',#8385,#1510);
#741=LINE('',#8387,#1511);
#742=LINE('',#8389,#1512);
#743=LINE('',#8391,#1513);
#744=LINE('',#8393,#1514);
#745=LINE('',#8397,#1515);
#746=LINE('',#8399,#1516);
#747=LINE('',#8400,#1517);
#748=LINE('',#8402,#1518);
#749=LINE('',#8405,#1519);
#750=LINE('',#8407,#1520);
#751=LINE('',#8408,#1521);
#752=LINE('',#8411,#1522);
#753=LINE('',#8412,#1523);
#754=LINE('',#8413,#1524);
#755=LINE('',#8415,#1525);
#756=LINE('',#8417,#1526);
#757=LINE('',#8419,#1527);
#758=LINE('',#8420,#1528);
#759=LINE('',#8422,#1529);
#760=LINE('',#8424,#1530);
#761=LINE('',#8426,#1531);
#762=LINE('',#8428,#1532);
#763=LINE('',#8430,#1533);
#764=LINE('',#8432,#1534);
#765=LINE('',#8434,#1535);
#766=LINE('',#8436,#1536);
#767=LINE('',#8438,#1537);
#768=LINE('',#8440,#1538);
#769=LINE('',#8442,#1539);
#770=LINE('',#8445,#1540);
#771=LINE('',#8446,#1541);
#772=LINE('',#8447,#1542);
#773=LINE('',#8449,#1543);
#774=LINE('',#8451,#1544);
#775=LINE('',#8453,#1545);
#776=LINE('',#8455,#1546);
#777=LINE('',#8457,#1547);
#778=LINE('',#8460,#1548);
#779=LINE('',#8461,#1549);
#780=LINE('',#8463,#1550);
#781=LINE('',#8465,#1551);
#782=LINE('',#8466,#1552);
#783=LINE('',#8467,#1553);
#784=LINE('',#8468,#1554);
#785=LINE('',#8470,#1555);
#786=LINE('',#8474,#1556);
#787=LINE('',#8475,#1557);
#788=LINE('',#8477,#1558);
#789=LINE('',#8479,#1559);
#790=LINE('',#8480,#1560);
#791=LINE('',#8482,#1561);
#792=LINE('',#8484,#1562);
#793=LINE('',#8486,#1563);
#794=LINE('',#8488,#1564);
#795=LINE('',#8490,#1565);
#796=LINE('',#8492,#1566);
#797=LINE('',#8494,#1567);
#798=LINE('',#8496,#1568);
#799=LINE('',#8498,#1569);
#800=LINE('',#8500,#1570);
#801=LINE('',#8502,#1571);
#802=LINE('',#8504,#1572);
#803=LINE('',#8505,#1573);
#804=LINE('',#8507,#1574);
#805=LINE('',#8509,#1575);
#806=LINE('',#8511,#1576);
#807=LINE('',#8513,#1577);
#808=LINE('',#8514,#1578);
#809=LINE('',#8516,#1579);
#810=LINE('',#8518,#1580);
#811=LINE('',#8520,#1581);
#812=LINE('',#8522,#1582);
#813=LINE('',#8524,#1583);
#814=LINE('',#8526,#1584);
#815=LINE('',#8527,#1585);
#816=LINE('',#8529,#1586);
#817=LINE('',#8531,#1587);
#818=LINE('',#8533,#1588);
#819=LINE('',#8535,#1589);
#820=LINE('',#8538,#1590);
#821=LINE('',#8539,#1591);
#822=LINE('',#8542,#1592);
#823=LINE('',#8545,#1593);
#824=LINE('',#8547,#1594);
#825=LINE('',#8549,#1595);
#826=LINE('',#8551,#1596);
#827=LINE('',#8553,#1597);
#828=LINE('',#8555,#1598);
#829=LINE('',#8557,#1599);
#830=LINE('',#8558,#1600);
#831=LINE('',#8560,#1601);
#832=LINE('',#8562,#1602);
#833=LINE('',#8564,#1603);
#834=LINE('',#8566,#1604);
#835=LINE('',#8568,#1605);
#836=LINE('',#8570,#1606);
#837=LINE('',#8572,#1607);
#838=LINE('',#8574,#1608);
#839=LINE('',#8576,#1609);
#840=LINE('',#8578,#1610);
#841=LINE('',#8580,#1611);
#842=LINE('',#8582,#1612);
#843=LINE('',#8584,#1613);
#844=LINE('',#8586,#1614);
#845=LINE('',#8588,#1615);
#846=LINE('',#8590,#1616);
#847=LINE('',#8592,#1617);
#848=LINE('',#8594,#1618);
#849=LINE('',#8597,#1619);
#850=LINE('',#8599,#1620);
#851=LINE('',#8601,#1621);
#852=LINE('',#8603,#1622);
#853=LINE('',#8605,#1623);
#854=LINE('',#8607,#1624);
#855=LINE('',#8608,#1625);
#856=LINE('',#8610,#1626);
#857=LINE('',#8612,#1627);
#858=LINE('',#8614,#1628);
#859=LINE('',#8616,#1629);
#860=LINE('',#8618,#1630);
#861=LINE('',#8620,#1631);
#862=LINE('',#8621,#1632);
#863=LINE('',#8623,#1633);
#864=LINE('',#8625,#1634);
#865=LINE('',#8627,#1635);
#866=LINE('',#8629,#1636);
#867=LINE('',#8631,#1637);
#868=LINE('',#8633,#1638);
#869=LINE('',#8635,#1639);
#870=LINE('',#8637,#1640);
#871=LINE('',#8639,#1641);
#872=LINE('',#8644,#1642);
#873=LINE('',#8645,#1643);
#874=LINE('',#8646,#1644);
#875=LINE('',#8647,#1645);
#876=LINE('',#8649,#1646);
#877=LINE('',#8651,#1647);
#878=LINE('',#8653,#1648);
#879=LINE('',#8655,#1649);
#880=LINE('',#8657,#1650);
#881=LINE('',#8659,#1651);
#882=LINE('',#8661,#1652);
#883=LINE('',#8662,#1653);
#884=LINE('',#8664,#1654);
#885=LINE('',#8665,#1655);
#886=LINE('',#8667,#1656);
#887=LINE('',#8668,#1657);
#888=LINE('',#8670,#1658);
#889=LINE('',#8672,#1659);
#890=LINE('',#8674,#1660);
#891=LINE('',#8676,#1661);
#892=LINE('',#8679,#1662);
#893=LINE('',#8681,#1663);
#894=LINE('',#8683,#1664);
#895=LINE('',#8685,#1665);
#896=LINE('',#8687,#1666);
#897=LINE('',#8689,#1667);
#898=LINE('',#8691,#1668);
#899=LINE('',#8693,#1669);
#900=LINE('',#8695,#1670);
#901=LINE('',#8697,#1671);
#902=LINE('',#8700,#1672);
#903=LINE('',#8702,#1673);
#904=LINE('',#8704,#1674);
#905=LINE('',#8706,#1675);
#906=LINE('',#8708,#1676);
#907=LINE('',#8710,#1677);
#908=LINE('',#8712,#1678);
#909=LINE('',#8714,#1679);
#910=LINE('',#8716,#1680);
#911=LINE('',#8718,#1681);
#912=LINE('',#8720,#1682);
#913=LINE('',#8722,#1683);
#914=LINE('',#8724,#1684);
#915=LINE('',#8726,#1685);
#916=LINE('',#8728,#1686);
#917=LINE('',#8730,#1687);
#918=LINE('',#8732,#1688);
#919=LINE('',#8734,#1689);
#920=LINE('',#8737,#1690);
#921=LINE('',#8739,#1691);
#922=LINE('',#8741,#1692);
#923=LINE('',#8743,#1693);
#924=LINE('',#8746,#1694);
#925=LINE('',#8747,#1695);
#926=LINE('',#8749,#1696);
#927=LINE('',#8751,#1697);
#928=LINE('',#8753,#1698);
#929=LINE('',#8755,#1699);
#930=LINE('',#8757,#1700);
#931=LINE('',#8759,#1701);
#932=LINE('',#8761,#1702);
#933=LINE('',#8763,#1703);
#934=LINE('',#8765,#1704);
#935=LINE('',#8767,#1705);
#936=LINE('',#8769,#1706);
#937=LINE('',#8771,#1707);
#938=LINE('',#8773,#1708);
#939=LINE('',#8775,#1709);
#940=LINE('',#8777,#1710);
#941=LINE('',#8779,#1711);
#942=LINE('',#8781,#1712);
#943=LINE('',#8783,#1713);
#944=LINE('',#8785,#1714);
#945=LINE('',#8788,#1715);
#946=LINE('',#8789,#1716);
#947=LINE('',#8791,#1717);
#948=LINE('',#8793,#1718);
#949=LINE('',#8795,#1719);
#950=LINE('',#8797,#1720);
#951=LINE('',#8800,#1721);
#952=LINE('',#8801,#1722);
#953=LINE('',#8803,#1723);
#954=LINE('',#8805,#1724);
#955=LINE('',#8807,#1725);
#956=LINE('',#8809,#1726);
#957=LINE('',#8811,#1727);
#958=LINE('',#8813,#1728);
#959=LINE('',#8815,#1729);
#960=LINE('',#8817,#1730);
#961=LINE('',#8819,#1731);
#962=LINE('',#8821,#1732);
#963=LINE('',#8825,#1733);
#964=LINE('',#8827,#1734);
#965=LINE('',#8831,#1735);
#966=LINE('',#8834,#1736);
#967=LINE('',#8836,#1737);
#968=LINE('',#8838,#1738);
#969=LINE('',#8840,#1739);
#970=LINE('',#8841,#1740);
#971=LINE('',#8844,#1741);
#972=LINE('',#8846,#1742);
#973=LINE('',#8848,#1743);
#974=LINE('',#8850,#1744);
#975=LINE('',#8852,#1745);
#976=LINE('',#8854,#1746);
#977=LINE('',#8856,#1747);
#978=LINE('',#8858,#1748);
#979=LINE('',#8860,#1749);
#980=LINE('',#8862,#1750);
#981=LINE('',#8865,#1751);
#982=LINE('',#8867,#1752);
#983=LINE('',#8869,#1753);
#984=LINE('',#8871,#1754);
#985=LINE('',#8873,#1755);
#986=LINE('',#8875,#1756);
#987=LINE('',#8878,#1757);
#988=LINE('',#8880,#1758);
#989=LINE('',#8882,#1759);
#990=LINE('',#8884,#1760);
#991=LINE('',#8885,#1761);
#992=LINE('',#8889,#1762);
#993=LINE('',#8891,#1763);
#994=LINE('',#8893,#1764);
#995=LINE('',#8895,#1765);
#996=LINE('',#8897,#1766);
#997=LINE('',#8899,#1767);
#998=LINE('',#8901,#1768);
#999=LINE('',#8903,#1769);
#1000=LINE('',#8904,#1770);
#1001=LINE('',#8906,#1771);
#1002=LINE('',#8908,#1772);
#1003=LINE('',#8909,#1773);
#1004=LINE('',#8911,#1774);
#1005=LINE('',#8912,#1775);
#1006=LINE('',#8914,#1776);
#1007=LINE('',#8916,#1777);
#1008=LINE('',#8918,#1778);
#1009=LINE('',#8920,#1779);
#1010=LINE('',#8924,#1780);
#1011=LINE('',#8926,#1781);
#1012=LINE('',#8928,#1782);
#1013=LINE('',#8930,#1783);
#1014=LINE('',#8932,#1784);
#1015=LINE('',#8933,#1785);
#1016=LINE('',#8938,#1786);
#1017=LINE('',#8940,#1787);
#1018=LINE('',#8941,#1788);
#1019=LINE('',#8943,#1789);
#1020=LINE('',#8945,#1790);
#1021=LINE('',#8947,#1791);
#1022=LINE('',#8949,#1792);
#1023=LINE('',#8951,#1793);
#1024=LINE('',#8952,#1794);
#1025=LINE('',#8953,#1795);
#1026=LINE('',#8956,#1796);
#1027=LINE('',#8958,#1797);
#1028=LINE('',#8960,#1798);
#1029=LINE('',#8962,#1799);
#1030=LINE('',#8964,#1800);
#1031=LINE('',#8966,#1801);
#1032=LINE('',#8968,#1802);
#1033=LINE('',#8970,#1803);
#1034=LINE('',#8972,#1804);
#1035=LINE('',#8975,#1805);
#1036=LINE('',#8977,#1806);
#1037=LINE('',#8979,#1807);
#1038=LINE('',#8981,#1808);
#1039=LINE('',#8982,#1809);
#1040=LINE('',#8984,#1810);
#1041=LINE('',#8988,#1811);
#1042=LINE('',#8990,#1812);
#1043=LINE('',#8992,#1813);
#1044=LINE('',#8994,#1814);
#1045=LINE('',#8996,#1815);
#1046=LINE('',#8999,#1816);
#1047=LINE('',#9001,#1817);
#1048=LINE('',#9002,#1818);
#1049=LINE('',#9003,#1819);
#1050=LINE('',#9004,#1820);
#1051=LINE('',#9006,#1821);
#1052=LINE('',#9008,#1822);
#1053=LINE('',#9010,#1823);
#1054=LINE('',#9012,#1824);
#1055=LINE('',#9014,#1825);
#1056=LINE('',#9016,#1826);
#1057=LINE('',#9018,#1827);
#1058=LINE('',#9020,#1828);
#1059=LINE('',#9023,#1829);
#1060=LINE('',#9026,#1830);
#1061=LINE('',#9028,#1831);
#1062=LINE('',#9031,#1832);
#1063=LINE('',#9033,#1833);
#1064=LINE('',#9039,#1834);
#1065=LINE('',#9041,#1835);
#1066=LINE('',#9043,#1836);
#1067=LINE('',#9046,#1837);
#1068=LINE('',#9049,#1838);
#1069=LINE('',#9050,#1839);
#1070=LINE('',#9052,#1840);
#1071=LINE('',#9055,#1841);
#1072=LINE('',#9057,#1842);
#1073=LINE('',#9061,#1843);
#1074=LINE('',#9065,#1844);
#1075=LINE('',#9067,#1845);
#1076=LINE('',#9072,#1846);
#1077=LINE('',#9075,#1847);
#1078=LINE('',#9078,#1848);
#1079=LINE('',#9080,#1849);
#1080=LINE('',#9083,#1850);
#1081=LINE('',#9086,#1851);
#1082=LINE('',#9087,#1852);
#1083=LINE('',#9088,#1853);
#1084=VECTOR('',#6051,1.);
#1085=VECTOR('',#6054,1.);
#1086=VECTOR('',#6057,1.);
#1087=VECTOR('',#6058,1.);
#1088=VECTOR('',#6061,1.);
#1089=VECTOR('',#6062,1.);
#1090=VECTOR('',#6063,1.);
#1091=VECTOR('',#6066,1.);
#1092=VECTOR('',#6067,1.);
#1093=VECTOR('',#6068,1.);
#1094=VECTOR('',#6069,1.);
#1095=VECTOR('',#6072,1.);
#1096=VECTOR('',#6079,1.);
#1097=VECTOR('',#6080,1.);
#1098=VECTOR('',#6081,1.);
#1099=VECTOR('',#6082,1.);
#1100=VECTOR('',#6083,1.);
#1101=VECTOR('',#6084,1.);
#1102=VECTOR('',#6087,1.);
#1103=VECTOR('',#6088,1.);
#1104=VECTOR('',#6089,1.);
#1105=VECTOR('',#6090,1.);
#1106=VECTOR('',#6093,1.);
#1107=VECTOR('',#6094,1.);
#1108=VECTOR('',#6095,1.);
#1109=VECTOR('',#6096,1.);
#1110=VECTOR('',#6099,1.);
#1111=VECTOR('',#6100,1.);
#1112=VECTOR('',#6101,1.);
#1113=VECTOR('',#6102,1.);
#1114=VECTOR('',#6105,1.);
#1115=VECTOR('',#6106,1.);
#1116=VECTOR('',#6107,1.);
#1117=VECTOR('',#6108,1.);
#1118=VECTOR('',#6109,1.);
#1119=VECTOR('',#6112,1.);
#1120=VECTOR('',#6113,1.);
#1121=VECTOR('',#6114,1.);
#1122=VECTOR('',#6115,1.);
#1123=VECTOR('',#6116,1.);
#1124=VECTOR('',#6117,1.);
#1125=VECTOR('',#6118,1.);
#1126=VECTOR('',#6119,1.);
#1127=VECTOR('',#6120,1.);
#1128=VECTOR('',#6121,1.);
#1129=VECTOR('',#6122,1.);
#1130=VECTOR('',#6123,1.);
#1131=VECTOR('',#6126,1.);
#1132=VECTOR('',#6127,1.);
#1133=VECTOR('',#6128,1.);
#1134=VECTOR('',#6129,1.);
#1135=VECTOR('',#6132,1.);
#1136=VECTOR('',#6133,1.);
#1137=VECTOR('',#6134,1.);
#1138=VECTOR('',#6135,1.);
#1139=VECTOR('',#6144,1.);
#1140=VECTOR('',#6145,1.);
#1141=VECTOR('',#6146,1.);
#1142=VECTOR('',#6149,1.);
#1143=VECTOR('',#6150,1.);
#1144=VECTOR('',#6151,1.);
#1145=VECTOR('',#6152,1.);
#1146=VECTOR('',#6153,1.);
#1147=VECTOR('',#6154,1.);
#1148=VECTOR('',#6155,1.);
#1149=VECTOR('',#6156,1.);
#1150=VECTOR('',#6157,1.);
#1151=VECTOR('',#6158,1.);
#1152=VECTOR('',#6159,1.);
#1153=VECTOR('',#6160,1.);
#1154=VECTOR('',#6163,1.);
#1155=VECTOR('',#6164,1.);
#1156=VECTOR('',#6165,1.);
#1157=VECTOR('',#6166,1.);
#1158=VECTOR('',#6169,1.);
#1159=VECTOR('',#6170,1.);
#1160=VECTOR('',#6171,1.);
#1161=VECTOR('',#6172,1.);
#1162=VECTOR('',#6175,1.);
#1163=VECTOR('',#6176,1.);
#1164=VECTOR('',#6177,1.);
#1165=VECTOR('',#6178,1.);
#1166=VECTOR('',#6181,1.);
#1167=VECTOR('',#6182,1.);
#1168=VECTOR('',#6183,1.);
#1169=VECTOR('',#6184,1.);
#1170=VECTOR('',#6187,1.);
#1171=VECTOR('',#6188,1.);
#1172=VECTOR('',#6189,1.);
#1173=VECTOR('',#6190,1.);
#1174=VECTOR('',#6193,1.);
#1175=VECTOR('',#6194,1.);
#1176=VECTOR('',#6195,1.);
#1177=VECTOR('',#6196,1.);
#1178=VECTOR('',#6199,1.);
#1179=VECTOR('',#6200,1.);
#1180=VECTOR('',#6201,1.);
#1181=VECTOR('',#6202,1.);
#1182=VECTOR('',#6205,1.);
#1183=VECTOR('',#6208,1.);
#1184=VECTOR('',#6213,1.);
#1185=VECTOR('',#6214,1.);
#1186=VECTOR('',#6215,1.);
#1187=VECTOR('',#6216,1.);
#1188=VECTOR('',#6219,1.);
#1189=VECTOR('',#6220,1.);
#1190=VECTOR('',#6221,1.);
#1191=VECTOR('',#6222,1.);
#1192=VECTOR('',#6225,1.);
#1193=VECTOR('',#6226,1.);
#1194=VECTOR('',#6227,1.);
#1195=VECTOR('',#6228,1.);
#1196=VECTOR('',#6231,1.);
#1197=VECTOR('',#6232,1.);
#1198=VECTOR('',#6233,1.);
#1199=VECTOR('',#6234,1.);
#1200=VECTOR('',#6237,1.);
#1201=VECTOR('',#6238,1.);
#1202=VECTOR('',#6239,1.);
#1203=VECTOR('',#6240,1.);
#1204=VECTOR('',#6243,1.);
#1205=VECTOR('',#6244,1.);
#1206=VECTOR('',#6245,1.);
#1207=VECTOR('',#6246,1.);
#1208=VECTOR('',#6249,1.);
#1209=VECTOR('',#6250,1.);
#1210=VECTOR('',#6251,1.);
#1211=VECTOR('',#6254,1.);
#1212=VECTOR('',#6255,1.);
#1213=VECTOR('',#6256,1.);
#1214=VECTOR('',#6257,1.);
#1215=VECTOR('',#6258,1.);
#1216=VECTOR('',#6259,1.);
#1217=VECTOR('',#6260,1.);
#1218=VECTOR('',#6261,1.);
#1219=VECTOR('',#6262,1.);
#1220=VECTOR('',#6263,1.);
#1221=VECTOR('',#6264,1.);
#1222=VECTOR('',#6267,1.);
#1223=VECTOR('',#6268,1.);
#1224=VECTOR('',#6269,1.);
#1225=VECTOR('',#6270,1.);
#1226=VECTOR('',#6273,1.);
#1227=VECTOR('',#6274,1.);
#1228=VECTOR('',#6275,1.);
#1229=VECTOR('',#6276,1.);
#1230=VECTOR('',#6279,1.);
#1231=VECTOR('',#6282,1.);
#1232=VECTOR('',#6283,1.);
#1233=VECTOR('',#6284,1.);
#1234=VECTOR('',#6285,1.);
#1235=VECTOR('',#6286,1.);
#1236=VECTOR('',#6287,1.);
#1237=VECTOR('',#6288,1.);
#1238=VECTOR('',#6289,1.);
#1239=VECTOR('',#6290,1.);
#1240=VECTOR('',#6291,1.);
#1241=VECTOR('',#6292,1.);
#1242=VECTOR('',#6293,1.);
#1243=VECTOR('',#6294,1.);
#1244=VECTOR('',#6295,1.);
#1245=VECTOR('',#6296,1.);
#1246=VECTOR('',#6297,1.);
#1247=VECTOR('',#6298,1.);
#1248=VECTOR('',#6299,1.);
#1249=VECTOR('',#6300,1.);
#1250=VECTOR('',#6301,1.);
#1251=VECTOR('',#6302,1.);
#1252=VECTOR('',#6305,1.);
#1253=VECTOR('',#6306,1.);
#1254=VECTOR('',#6309,1.);
#1255=VECTOR('',#6310,1.);
#1256=VECTOR('',#6311,1.);
#1257=VECTOR('',#6312,1.);
#1258=VECTOR('',#6315,1.);
#1259=VECTOR('',#6316,1.);
#1260=VECTOR('',#6317,1.);
#1261=VECTOR('',#6318,1.);
#1262=VECTOR('',#6321,1.);
#1263=VECTOR('',#6322,1.);
#1264=VECTOR('',#6323,1.);
#1265=VECTOR('',#6324,1.);
#1266=VECTOR('',#6327,1.);
#1267=VECTOR('',#6328,1.);
#1268=VECTOR('',#6329,1.);
#1269=VECTOR('',#6330,1.);
#1270=VECTOR('',#6333,1.);
#1271=VECTOR('',#6334,1.);
#1272=VECTOR('',#6335,1.);
#1273=VECTOR('',#6336,1.);
#1274=VECTOR('',#6339,1.);
#1275=VECTOR('',#6340,1.);
#1276=VECTOR('',#6341,1.);
#1277=VECTOR('',#6342,1.);
#1278=VECTOR('',#6345,1.);
#1279=VECTOR('',#6346,1.);
#1280=VECTOR('',#6347,1.);
#1281=VECTOR('',#6350,1.);
#1282=VECTOR('',#6351,1.);
#1283=VECTOR('',#6352,1.);
#1284=VECTOR('',#6355,1.);
#1285=VECTOR('',#6356,1.);
#1286=VECTOR('',#6357,1.);
#1287=VECTOR('',#6360,1.);
#1288=VECTOR('',#6361,1.);
#1289=VECTOR('',#6362,1.);
#1290=VECTOR('',#6363,1.);
#1291=VECTOR('',#6366,1.);
#1292=VECTOR('',#6367,1.);
#1293=VECTOR('',#6368,1.);
#1294=VECTOR('',#6371,1.);
#1295=VECTOR('',#6372,1.);
#1296=VECTOR('',#6373,1.);
#1297=VECTOR('',#6376,1.);
#1298=VECTOR('',#6377,1.);
#1299=VECTOR('',#6378,1.);
#1300=VECTOR('',#6379,1.);
#1301=VECTOR('',#6380,1.);
#1302=VECTOR('',#6381,1.);
#1303=VECTOR('',#6382,1.);
#1304=VECTOR('',#6383,1.);
#1305=VECTOR('',#6384,1.);
#1306=VECTOR('',#6385,1.);
#1307=VECTOR('',#6386,1.);
#1308=VECTOR('',#6387,1.);
#1309=VECTOR('',#6388,1.);
#1310=VECTOR('',#6389,1.);
#1311=VECTOR('',#6390,1.);
#1312=VECTOR('',#6391,1.);
#1313=VECTOR('',#6392,1.);
#1314=VECTOR('',#6393,1.);
#1315=VECTOR('',#6394,1.);
#1316=VECTOR('',#6395,1.);
#1317=VECTOR('',#6396,1.);
#1318=VECTOR('',#6397,1.);
#1319=VECTOR('',#6398,1.);
#1320=VECTOR('',#6399,1.);
#1321=VECTOR('',#6400,1.);
#1322=VECTOR('',#6401,1.);
#1323=VECTOR('',#6402,1.);
#1324=VECTOR('',#6403,1.);
#1325=VECTOR('',#6404,1.);
#1326=VECTOR('',#6405,1.);
#1327=VECTOR('',#6406,1.);
#1328=VECTOR('',#6407,1.);
#1329=VECTOR('',#6408,1.);
#1330=VECTOR('',#6409,1.);
#1331=VECTOR('',#6410,1.);
#1332=VECTOR('',#6411,1.);
#1333=VECTOR('',#6412,1.);
#1334=VECTOR('',#6413,1.);
#1335=VECTOR('',#6414,1.);
#1336=VECTOR('',#6415,1.);
#1337=VECTOR('',#6416,1.);
#1338=VECTOR('',#6417,1.);
#1339=VECTOR('',#6418,1.);
#1340=VECTOR('',#6419,1.);
#1341=VECTOR('',#6420,1.);
#1342=VECTOR('',#6421,1.);
#1343=VECTOR('',#6422,1.);
#1344=VECTOR('',#6423,1.);
#1345=VECTOR('',#6424,1.);
#1346=VECTOR('',#6425,1.);
#1347=VECTOR('',#6426,1.);
#1348=VECTOR('',#6427,1.);
#1349=VECTOR('',#6428,1.);
#1350=VECTOR('',#6429,1.);
#1351=VECTOR('',#6430,1.);
#1352=VECTOR('',#6431,1.);
#1353=VECTOR('',#6432,1.);
#1354=VECTOR('',#6433,1.);
#1355=VECTOR('',#6434,1.);
#1356=VECTOR('',#6435,1.);
#1357=VECTOR('',#6436,1.);
#1358=VECTOR('',#6437,1.);
#1359=VECTOR('',#6438,1.);
#1360=VECTOR('',#6439,1.);
#1361=VECTOR('',#6440,1.);
#1362=VECTOR('',#6441,1.);
#1363=VECTOR('',#6442,1.);
#1364=VECTOR('',#6443,1.);
#1365=VECTOR('',#6444,1.);
#1366=VECTOR('',#6445,1.);
#1367=VECTOR('',#6446,1.);
#1368=VECTOR('',#6447,1.);
#1369=VECTOR('',#6448,1.);
#1370=VECTOR('',#6449,1.);
#1371=VECTOR('',#6450,1.);
#1372=VECTOR('',#6451,1.);
#1373=VECTOR('',#6452,1.);
#1374=VECTOR('',#6453,1.);
#1375=VECTOR('',#6454,1.);
#1376=VECTOR('',#6455,1.);
#1377=VECTOR('',#6456,1.);
#1378=VECTOR('',#6457,1.);
#1379=VECTOR('',#6458,1.);
#1380=VECTOR('',#6459,1.);
#1381=VECTOR('',#6460,1.);
#1382=VECTOR('',#6461,1.);
#1383=VECTOR('',#6462,1.);
#1384=VECTOR('',#6463,1.);
#1385=VECTOR('',#6464,1.);
#1386=VECTOR('',#6465,1.);
#1387=VECTOR('',#6468,1.);
#1388=VECTOR('',#6469,1.);
#1389=VECTOR('',#6470,1.);
#1390=VECTOR('',#6471,1.);
#1391=VECTOR('',#6472,1.);
#1392=VECTOR('',#6473,1.);
#1393=VECTOR('',#6474,1.);
#1394=VECTOR('',#6475,1.);
#1395=VECTOR('',#6476,1.);
#1396=VECTOR('',#6477,1.);
#1397=VECTOR('',#6478,1.);
#1398=VECTOR('',#6479,1.);
#1399=VECTOR('',#6480,1.);
#1400=VECTOR('',#6481,1.);
#1401=VECTOR('',#6482,1.);
#1402=VECTOR('',#6483,1.);
#1403=VECTOR('',#6484,1.);
#1404=VECTOR('',#6487,1.);
#1405=VECTOR('',#6488,1.);
#1406=VECTOR('',#6489,1.);
#1407=VECTOR('',#6492,1.);
#1408=VECTOR('',#6493,1.);
#1409=VECTOR('',#6494,1.);
#1410=VECTOR('',#6495,1.);
#1411=VECTOR('',#6498,1.);
#1412=VECTOR('',#6499,1.);
#1413=VECTOR('',#6500,1.);
#1414=VECTOR('',#6503,1.);
#1415=VECTOR('',#6510,1.);
#1416=VECTOR('',#6511,1.);
#1417=VECTOR('',#6512,1.);
#1418=VECTOR('',#6513,1.);
#1419=VECTOR('',#6516,1.);
#1420=VECTOR('',#6519,1.);
#1421=VECTOR('',#6524,1.);
#1422=VECTOR('',#6525,1.);
#1423=VECTOR('',#6526,1.);
#1424=VECTOR('',#6529,1.);
#1425=VECTOR('',#6530,1.);
#1426=VECTOR('',#6533,1.);
#1427=VECTOR('',#6534,1.);
#1428=VECTOR('',#6535,1.);
#1429=VECTOR('',#6540,1.);
#1430=VECTOR('',#6545,1.);
#1431=VECTOR('',#6546,1.);
#1432=VECTOR('',#6549,1.);
#1433=VECTOR('',#6550,1.);
#1434=VECTOR('',#6551,1.);
#1435=VECTOR('',#6554,1.);
#1436=VECTOR('',#6555,1.);
#1437=VECTOR('',#6558,1.);
#1438=VECTOR('',#6559,1.);
#1439=VECTOR('',#6562,1.);
#1440=VECTOR('',#6565,1.);
#1441=VECTOR('',#6570,1.);
#1442=VECTOR('',#6571,1.);
#1443=VECTOR('',#6572,1.);
#1444=VECTOR('',#6575,1.);
#1445=VECTOR('',#6576,1.);
#1446=VECTOR('',#6577,1.);
#1447=VECTOR('',#6580,1.);
#1448=VECTOR('',#6581,1.);
#1449=VECTOR('',#6582,1.);
#1450=VECTOR('',#6585,1.);
#1451=VECTOR('',#6592,1.);
#1452=VECTOR('',#6593,1.);
#1453=VECTOR('',#6596,1.);
#1454=VECTOR('',#6597,1.);
#1455=VECTOR('',#6600,1.);
#1456=VECTOR('',#6601,1.);
#1457=VECTOR('',#6602,1.);
#1458=VECTOR('',#6605,1.);
#1459=VECTOR('',#6606,1.);
#1460=VECTOR('',#6609,1.);
#1461=VECTOR('',#6610,1.);
#1462=VECTOR('',#6611,1.);
#1463=VECTOR('',#6612,1.);
#1464=VECTOR('',#6613,1.);
#1465=VECTOR('',#6614,1.);
#1466=VECTOR('',#6615,1.);
#1467=VECTOR('',#6618,1.);
#1468=VECTOR('',#6619,1.);
#1469=VECTOR('',#6620,1.);
#1470=VECTOR('',#6623,1.);
#1471=VECTOR('',#6624,1.);
#1472=VECTOR('',#6627,1.);
#1473=VECTOR('',#6628,1.);
#1474=VECTOR('',#6631,1.);
#1475=VECTOR('',#6634,1.);
#1476=VECTOR('',#6635,1.);
#1477=VECTOR('',#6638,1.);
#1478=VECTOR('',#6639,1.);
#1479=VECTOR('',#6640,1.);
#1480=VECTOR('',#6643,1.);
#1481=VECTOR('',#6644,1.);
#1482=VECTOR('',#6647,1.);
#1483=VECTOR('',#6650,1.);
#1484=VECTOR('',#6651,1.);
#1485=VECTOR('',#6652,1.);
#1486=VECTOR('',#6653,1.);
#1487=VECTOR('',#6656,1.);
#1488=VECTOR('',#6657,1.);
#1489=VECTOR('',#6658,1.);
#1490=VECTOR('',#6661,1.);
#1491=VECTOR('',#6662,1.);
#1492=VECTOR('',#6667,1.);
#1493=VECTOR('',#6668,1.);
#1494=VECTOR('',#6671,1.);
#1495=VECTOR('',#6672,1.);
#1496=VECTOR('',#6673,1.);
#1497=VECTOR('',#6674,1.);
#1498=VECTOR('',#6675,1.);
#1499=VECTOR('',#6676,1.);
#1500=VECTOR('',#6677,1.);
#1501=VECTOR('',#6678,1.);
#1502=VECTOR('',#6679,1.);
#1503=VECTOR('',#6682,1.);
#1504=VECTOR('',#6683,1.);
#1505=VECTOR('',#6686,1.);
#1506=VECTOR('',#6687,1.);
#1507=VECTOR('',#6688,1.);
#1508=VECTOR('',#6691,1.);
#1509=VECTOR('',#6692,1.);
#1510=VECTOR('',#6695,1.);
#1511=VECTOR('',#6696,1.);
#1512=VECTOR('',#6699,1.);
#1513=VECTOR('',#6702,1.);
#1514=VECTOR('',#6703,1.);
#1515=VECTOR('',#6706,1.);
#1516=VECTOR('',#6707,1.);
#1517=VECTOR('',#6708,1.);
#1518=VECTOR('',#6709,1.);
#1519=VECTOR('',#6712,1.);
#1520=VECTOR('',#6713,1.);
#1521=VECTOR('',#6714,1.);
#1522=VECTOR('',#6715,1.);
#1523=VECTOR('',#6716,1.);
#1524=VECTOR('',#6717,1.);
#1525=VECTOR('',#6720,1.);
#1526=VECTOR('',#6721,1.);
#1527=VECTOR('',#6724,1.);
#1528=VECTOR('',#6725,1.);
#1529=VECTOR('',#6728,1.);
#1530=VECTOR('',#6729,1.);
#1531=VECTOR('',#6730,1.);
#1532=VECTOR('',#6733,1.);
#1533=VECTOR('',#6734,1.);
#1534=VECTOR('',#6735,1.);
#1535=VECTOR('',#6738,1.);
#1536=VECTOR('',#6739,1.);
#1537=VECTOR('',#6742,1.);
#1538=VECTOR('',#6743,1.);
#1539=VECTOR('',#6746,1.);
#1540=VECTOR('',#6747,1.);
#1541=VECTOR('',#6748,1.);
#1542=VECTOR('',#6749,1.);
#1543=VECTOR('',#6750,1.);
#1544=VECTOR('',#6751,1.);
#1545=VECTOR('',#6754,1.);
#1546=VECTOR('',#6755,1.);
#1547=VECTOR('',#6756,1.);
#1548=VECTOR('',#6759,1.);
#1549=VECTOR('',#6760,1.);
#1550=VECTOR('',#6761,1.);
#1551=VECTOR('',#6762,1.);
#1552=VECTOR('',#6763,1.);
#1553=VECTOR('',#6764,1.);
#1554=VECTOR('',#6765,1.);
#1555=VECTOR('',#6766,1.);
#1556=VECTOR('',#6769,1.);
#1557=VECTOR('',#6770,1.);
#1558=VECTOR('',#6771,1.);
#1559=VECTOR('',#6772,1.);
#1560=VECTOR('',#6773,1.);
#1561=VECTOR('',#6776,1.);
#1562=VECTOR('',#6777,1.);
#1563=VECTOR('',#6778,1.);
#1564=VECTOR('',#6781,1.);
#1565=VECTOR('',#6782,1.);
#1566=VECTOR('',#6785,1.);
#1567=VECTOR('',#6786,1.);
#1568=VECTOR('',#6787,1.);
#1569=VECTOR('',#6790,1.);
#1570=VECTOR('',#6793,1.);
#1571=VECTOR('',#6796,1.);
#1572=VECTOR('',#6799,1.);
#1573=VECTOR('',#6800,1.);
#1574=VECTOR('',#6801,1.);
#1575=VECTOR('',#6802,1.);
#1576=VECTOR('',#6803,1.);
#1577=VECTOR('',#6804,1.);
#1578=VECTOR('',#6805,1.);
#1579=VECTOR('',#6808,1.);
#1580=VECTOR('',#6809,1.);
#1581=VECTOR('',#6810,1.);
#1582=VECTOR('',#6811,1.);
#1583=VECTOR('',#6812,1.);
#1584=VECTOR('',#6813,1.);
#1585=VECTOR('',#6814,1.);
#1586=VECTOR('',#6815,1.);
#1587=VECTOR('',#6818,1.);
#1588=VECTOR('',#6819,1.);
#1589=VECTOR('',#6820,1.);
#1590=VECTOR('',#6825,1.);
#1591=VECTOR('',#6826,1.);
#1592=VECTOR('',#6831,1.);
#1593=VECTOR('',#6832,1.);
#1594=VECTOR('',#6833,1.);
#1595=VECTOR('',#6834,1.);
#1596=VECTOR('',#6837,1.);
#1597=VECTOR('',#6838,1.);
#1598=VECTOR('',#6839,1.);
#1599=VECTOR('',#6842,1.);
#1600=VECTOR('',#6843,1.);
#1601=VECTOR('',#6846,1.);
#1602=VECTOR('',#6847,1.);
#1603=VECTOR('',#6850,1.);
#1604=VECTOR('',#6851,1.);
#1605=VECTOR('',#6852,1.);
#1606=VECTOR('',#6855,1.);
#1607=VECTOR('',#6856,1.);
#1608=VECTOR('',#6859,1.);
#1609=VECTOR('',#6862,1.);
#1610=VECTOR('',#6863,1.);
#1611=VECTOR('',#6864,1.);
#1612=VECTOR('',#6867,1.);
#1613=VECTOR('',#6870,1.);
#1614=VECTOR('',#6871,1.);
#1615=VECTOR('',#6872,1.);
#1616=VECTOR('',#6875,1.);
#1617=VECTOR('',#6876,1.);
#1618=VECTOR('',#6877,1.);
#1619=VECTOR('',#6882,1.);
#1620=VECTOR('',#6883,1.);
#1621=VECTOR('',#6884,1.);
#1622=VECTOR('',#6885,1.);
#1623=VECTOR('',#6886,1.);
#1624=VECTOR('',#6887,1.);
#1625=VECTOR('',#6888,1.);
#1626=VECTOR('',#6889,1.);
#1627=VECTOR('',#6890,1.);
#1628=VECTOR('',#6891,1.);
#1629=VECTOR('',#6892,1.);
#1630=VECTOR('',#6893,1.);
#1631=VECTOR('',#6894,1.);
#1632=VECTOR('',#6895,1.);
#1633=VECTOR('',#6896,1.);
#1634=VECTOR('',#6897,1.);
#1635=VECTOR('',#6898,1.);
#1636=VECTOR('',#6899,1.);
#1637=VECTOR('',#6900,1.);
#1638=VECTOR('',#6903,1.);
#1639=VECTOR('',#6906,1.);
#1640=VECTOR('',#6907,1.);
#1641=VECTOR('',#6908,1.);
#1642=VECTOR('',#6917,1.);
#1643=VECTOR('',#6918,1.);
#1644=VECTOR('',#6919,1.);
#1645=VECTOR('',#6920,1.);
#1646=VECTOR('',#6923,1.);
#1647=VECTOR('',#6924,1.);
#1648=VECTOR('',#6925,1.);
#1649=VECTOR('',#6928,1.);
#1650=VECTOR('',#6931,1.);
#1651=VECTOR('',#6932,1.);
#1652=VECTOR('',#6935,1.);
#1653=VECTOR('',#6936,1.);
#1654=VECTOR('',#6939,1.);
#1655=VECTOR('',#6940,1.);
#1656=VECTOR('',#6943,1.);
#1657=VECTOR('',#6944,1.);
#1658=VECTOR('',#6945,1.);
#1659=VECTOR('',#6946,1.);
#1660=VECTOR('',#6949,1.);
#1661=VECTOR('',#6950,1.);
#1662=VECTOR('',#6955,1.);
#1663=VECTOR('',#6958,1.);
#1664=VECTOR('',#6961,1.);
#1665=VECTOR('',#6962,1.);
#1666=VECTOR('',#6965,1.);
#1667=VECTOR('',#6968,1.);
#1668=VECTOR('',#6971,1.);
#1669=VECTOR('',#6974,1.);
#1670=VECTOR('',#6975,1.);
#1671=VECTOR('',#6976,1.);
#1672=VECTOR('',#6981,1.);
#1673=VECTOR('',#6982,1.);
#1674=VECTOR('',#6983,1.);
#1675=VECTOR('',#6986,1.);
#1676=VECTOR('',#6987,1.);
#1677=VECTOR('',#6988,1.);
#1678=VECTOR('',#6991,1.);
#1679=VECTOR('',#6992,1.);
#1680=VECTOR('',#6995,1.);
#1681=VECTOR('',#6998,1.);
#1682=VECTOR('',#7001,1.);
#1683=VECTOR('',#7002,1.);
#1684=VECTOR('',#7003,1.);
#1685=VECTOR('',#7006,1.);
#1686=VECTOR('',#7007,1.);
#1687=VECTOR('',#7008,1.);
#1688=VECTOR('',#7009,1.);
#1689=VECTOR('',#7010,1.);
#1690=VECTOR('',#7015,1.);
#1691=VECTOR('',#7016,1.);
#1692=VECTOR('',#7017,1.);
#1693=VECTOR('',#7020,1.);
#1694=VECTOR('',#7021,1.);
#1695=VECTOR('',#7022,1.);
#1696=VECTOR('',#7025,1.);
#1697=VECTOR('',#7026,1.);
#1698=VECTOR('',#7029,1.);
#1699=VECTOR('',#7030,1.);
#1700=VECTOR('',#7031,1.);
#1701=VECTOR('',#7034,1.);
#1702=VECTOR('',#7035,1.);
#1703=VECTOR('',#7038,1.);
#1704=VECTOR('',#7041,1.);
#1705=VECTOR('',#7042,1.);
#1706=VECTOR('',#7045,1.);
#1707=VECTOR('',#7048,1.);
#1708=VECTOR('',#7051,1.);
#1709=VECTOR('',#7052,1.);
#1710=VECTOR('',#7055,1.);
#1711=VECTOR('',#7056,1.);
#1712=VECTOR('',#7057,1.);
#1713=VECTOR('',#7060,1.);
#1714=VECTOR('',#7063,1.);
#1715=VECTOR('',#7064,1.);
#1716=VECTOR('',#7065,1.);
#1717=VECTOR('',#7068,1.);
#1718=VECTOR('',#7069,1.);
#1719=VECTOR('',#7070,1.);
#1720=VECTOR('',#7071,1.);
#1721=VECTOR('',#7076,1.);
#1722=VECTOR('',#7077,1.);
#1723=VECTOR('',#7080,1.);
#1724=VECTOR('',#7081,1.);
#1725=VECTOR('',#7082,1.);
#1726=VECTOR('',#7085,1.);
#1727=VECTOR('',#7088,1.);
#1728=VECTOR('',#7091,1.);
#1729=VECTOR('',#7094,1.);
#1730=VECTOR('',#7095,1.);
#1731=VECTOR('',#7098,1.);
#1732=VECTOR('',#7101,1.);
#1733=VECTOR('',#7106,1.);
#1734=VECTOR('',#7109,1.);
#1735=VECTOR('',#7114,1.);
#1736=VECTOR('',#7119,1.);
#1737=VECTOR('',#7120,1.);
#1738=VECTOR('',#7121,1.);
#1739=VECTOR('',#7124,1.);
#1740=VECTOR('',#7125,1.);
#1741=VECTOR('',#7130,1.);
#1742=VECTOR('',#7133,1.);
#1743=VECTOR('',#7134,1.);
#1744=VECTOR('',#7137,1.);
#1745=VECTOR('',#7138,1.);
#1746=VECTOR('',#7141,1.);
#1747=VECTOR('',#7144,1.);
#1748=VECTOR('',#7147,1.);
#1749=VECTOR('',#7148,1.);
#1750=VECTOR('',#7151,1.);
#1751=VECTOR('',#7156,1.);
#1752=VECTOR('',#7157,1.);
#1753=VECTOR('',#7160,1.);
#1754=VECTOR('',#7161,1.);
#1755=VECTOR('',#7162,1.);
#1756=VECTOR('',#7165,1.);
#1757=VECTOR('',#7170,1.);
#1758=VECTOR('',#7171,1.);
#1759=VECTOR('',#7172,1.);
#1760=VECTOR('',#7173,1.);
#1761=VECTOR('',#7174,1.);
#1762=VECTOR('',#7179,1.);
#1763=VECTOR('',#7182,1.);
#1764=VECTOR('',#7183,1.);
#1765=VECTOR('',#7186,1.);
#1766=VECTOR('',#7187,1.);
#1767=VECTOR('',#7190,1.);
#1768=VECTOR('',#7193,1.);
#1769=VECTOR('',#7196,1.);
#1770=VECTOR('',#7197,1.);
#1771=VECTOR('',#7198,1.);
#1772=VECTOR('',#7199,1.);
#1773=VECTOR('',#7200,1.);
#1774=VECTOR('',#7201,1.);
#1775=VECTOR('',#7202,1.);
#1776=VECTOR('',#7205,1.);
#1777=VECTOR('',#7206,1.);
#1778=VECTOR('',#7209,1.);
#1779=VECTOR('',#7210,1.);
#1780=VECTOR('',#7217,1.);
#1781=VECTOR('',#7220,1.);
#1782=VECTOR('',#7221,1.);
#1783=VECTOR('',#7224,1.);
#1784=VECTOR('',#7227,1.);
#1785=VECTOR('',#7228,1.);
#1786=VECTOR('',#7237,1.);
#1787=VECTOR('',#7240,1.);
#1788=VECTOR('',#7241,1.);
#1789=VECTOR('',#7242,1.);
#1790=VECTOR('',#7245,1.);
#1791=VECTOR('',#7248,1.);
#1792=VECTOR('',#7251,1.);
#1793=VECTOR('',#7252,1.);
#1794=VECTOR('',#7253,1.);
#1795=VECTOR('',#7254,1.);
#1796=VECTOR('',#7259,1.);
#1797=VECTOR('',#7262,1.);
#1798=VECTOR('',#7265,1.);
#1799=VECTOR('',#7268,1.);
#1800=VECTOR('',#7269,1.);
#1801=VECTOR('',#7272,1.);
#1802=VECTOR('',#7273,1.);
#1803=VECTOR('',#7276,1.);
#1804=VECTOR('',#7277,1.);
#1805=VECTOR('',#7282,1.);
#1806=VECTOR('',#7285,1.);
#1807=VECTOR('',#7288,1.);
#1808=VECTOR('',#7291,1.);
#1809=VECTOR('',#7292,1.);
#1810=VECTOR('',#7295,1.);
#1811=VECTOR('',#7302,1.);
#1812=VECTOR('',#7303,1.);
#1813=VECTOR('',#7306,1.);
#1814=VECTOR('',#7307,1.);
#1815=VECTOR('',#7310,1.);
#1816=VECTOR('',#7315,1.);
#1817=VECTOR('',#7316,1.);
#1818=VECTOR('',#7317,1.);
#1819=VECTOR('',#7318,1.);
#1820=VECTOR('',#7319,1.);
#1821=VECTOR('',#7322,1.);
#1822=VECTOR('',#7325,1.);
#1823=VECTOR('',#7326,1.);
#1824=VECTOR('',#7327,1.);
#1825=VECTOR('',#7330,1.);
#1826=VECTOR('',#7331,1.);
#1827=VECTOR('',#7334,1.);
#1828=VECTOR('',#7337,1.);
#1829=VECTOR('',#7342,1.);
#1830=VECTOR('',#7347,1.);
#1831=VECTOR('',#7350,1.);
#1832=VECTOR('',#7355,1.);
#1833=VECTOR('',#7358,1.);
#1834=VECTOR('',#7369,1.);
#1835=VECTOR('',#7370,1.);
#1836=VECTOR('',#7373,1.);
#1837=VECTOR('',#7378,1.);
#1838=VECTOR('',#7383,1.);
#1839=VECTOR('',#7384,1.);
#1840=VECTOR('',#7387,1.);
#1841=VECTOR('',#7392,1.);
#1842=VECTOR('',#7393,1.);
#1843=VECTOR('',#7400,1.);
#1844=VECTOR('',#7407,1.);
#1845=VECTOR('',#7410,1.);
#1846=VECTOR('',#7419,1.);
#1847=VECTOR('',#7424,1.);
#1848=VECTOR('',#7429,1.);
#1849=VECTOR('',#7432,1.);
#1850=VECTOR('',#7437,1.);
#1851=VECTOR('',#7442,1.);
#1852=VECTOR('',#7443,1.);
#1853=VECTOR('',#7444,1.);
#1854=ORIENTED_EDGE('',*,*,#3466,.T.);
#1855=ORIENTED_EDGE('',*,*,#3467,.F.);
#1856=ORIENTED_EDGE('',*,*,#3468,.F.);
#1857=ORIENTED_EDGE('',*,*,#3469,.F.);
#1858=ORIENTED_EDGE('',*,*,#3468,.T.);
#1859=ORIENTED_EDGE('',*,*,#3470,.F.);
#1860=ORIENTED_EDGE('',*,*,#3471,.F.);
#1861=ORIENTED_EDGE('',*,*,#3472,.F.);
#1862=ORIENTED_EDGE('',*,*,#3473,.T.);
#1863=ORIENTED_EDGE('',*,*,#3474,.T.);
#1864=ORIENTED_EDGE('',*,*,#3475,.T.);
#1865=ORIENTED_EDGE('',*,*,#3476,.T.);
#1866=ORIENTED_EDGE('',*,*,#3477,.T.);
#1867=ORIENTED_EDGE('',*,*,#3478,.T.);
#1868=ORIENTED_EDGE('',*,*,#3479,.T.);
#1869=ORIENTED_EDGE('',*,*,#3480,.T.);
#1870=ORIENTED_EDGE('',*,*,#3481,.T.);
#1871=ORIENTED_EDGE('',*,*,#3482,.T.);
#1872=ORIENTED_EDGE('',*,*,#3476,.F.);
#1873=ORIENTED_EDGE('',*,*,#3483,.T.);
#1874=ORIENTED_EDGE('',*,*,#3484,.F.);
#1875=ORIENTED_EDGE('',*,*,#3485,.F.);
#1876=ORIENTED_EDGE('',*,*,#3486,.F.);
#1877=ORIENTED_EDGE('',*,*,#3487,.F.);
#1878=ORIENTED_EDGE('',*,*,#3488,.T.);
#1879=ORIENTED_EDGE('',*,*,#3489,.T.);
#1880=ORIENTED_EDGE('',*,*,#3490,.T.);
#1881=ORIENTED_EDGE('',*,*,#3491,.F.);
#1882=ORIENTED_EDGE('',*,*,#3492,.F.);
#1883=ORIENTED_EDGE('',*,*,#3493,.T.);
#1884=ORIENTED_EDGE('',*,*,#3494,.F.);
#1885=ORIENTED_EDGE('',*,*,#3495,.T.);
#1886=ORIENTED_EDGE('',*,*,#3496,.T.);
#1887=ORIENTED_EDGE('',*,*,#3497,.T.);
#1888=ORIENTED_EDGE('',*,*,#3498,.T.);
#1889=ORIENTED_EDGE('',*,*,#3499,.F.);
#1890=ORIENTED_EDGE('',*,*,#3500,.F.);
#1891=ORIENTED_EDGE('',*,*,#3501,.T.);
#1892=ORIENTED_EDGE('',*,*,#3502,.F.);
#1893=ORIENTED_EDGE('',*,*,#3503,.F.);
#1894=ORIENTED_EDGE('',*,*,#3504,.F.);
#1895=ORIENTED_EDGE('',*,*,#3505,.T.);
#1896=ORIENTED_EDGE('',*,*,#3506,.F.);
#1897=ORIENTED_EDGE('',*,*,#3507,.T.);
#1898=ORIENTED_EDGE('',*,*,#3508,.T.);
#1899=ORIENTED_EDGE('',*,*,#3509,.F.);
#1900=ORIENTED_EDGE('',*,*,#3486,.T.);
#1901=ORIENTED_EDGE('',*,*,#3510,.T.);
#1902=ORIENTED_EDGE('',*,*,#3511,.T.);
#1903=ORIENTED_EDGE('',*,*,#3512,.T.);
#1904=ORIENTED_EDGE('',*,*,#3513,.T.);
#1905=ORIENTED_EDGE('',*,*,#3514,.F.);
#1906=ORIENTED_EDGE('',*,*,#3515,.F.);
#1907=ORIENTED_EDGE('',*,*,#3516,.F.);
#1908=ORIENTED_EDGE('',*,*,#3517,.T.);
#1909=ORIENTED_EDGE('',*,*,#3518,.T.);
#1910=ORIENTED_EDGE('',*,*,#3519,.T.);
#1911=ORIENTED_EDGE('',*,*,#3520,.F.);
#1912=ORIENTED_EDGE('',*,*,#3521,.T.);
#1913=ORIENTED_EDGE('',*,*,#3522,.F.);
#1914=ORIENTED_EDGE('',*,*,#3523,.T.);
#1915=ORIENTED_EDGE('',*,*,#3524,.T.);
#1916=ORIENTED_EDGE('',*,*,#3525,.T.);
#1917=ORIENTED_EDGE('',*,*,#3526,.F.);
#1918=ORIENTED_EDGE('',*,*,#3527,.F.);
#1919=ORIENTED_EDGE('',*,*,#3528,.T.);
#1920=ORIENTED_EDGE('',*,*,#3526,.T.);
#1921=ORIENTED_EDGE('',*,*,#3529,.T.);
#1922=ORIENTED_EDGE('',*,*,#3530,.T.);
#1923=ORIENTED_EDGE('',*,*,#3531,.T.);
#1924=ORIENTED_EDGE('',*,*,#3532,.T.);
#1925=ORIENTED_EDGE('',*,*,#3533,.T.);
#1926=ORIENTED_EDGE('',*,*,#3534,.F.);
#1927=ORIENTED_EDGE('',*,*,#3535,.T.);
#1928=ORIENTED_EDGE('',*,*,#3536,.F.);
#1929=ORIENTED_EDGE('',*,*,#3537,.T.);
#1930=ORIENTED_EDGE('',*,*,#3538,.F.);
#1931=ORIENTED_EDGE('',*,*,#3539,.F.);
#1932=ORIENTED_EDGE('',*,*,#3540,.F.);
#1933=ORIENTED_EDGE('',*,*,#3541,.T.);
#1934=ORIENTED_EDGE('',*,*,#3542,.T.);
#1935=ORIENTED_EDGE('',*,*,#3543,.T.);
#1936=ORIENTED_EDGE('',*,*,#3544,.F.);
#1937=ORIENTED_EDGE('',*,*,#3545,.T.);
#1938=ORIENTED_EDGE('',*,*,#3546,.T.);
#1939=ORIENTED_EDGE('',*,*,#3547,.F.);
#1940=ORIENTED_EDGE('',*,*,#3548,.F.);
#1941=ORIENTED_EDGE('',*,*,#3549,.T.);
#1942=ORIENTED_EDGE('',*,*,#3550,.T.);
#1943=ORIENTED_EDGE('',*,*,#3551,.F.);
#1944=ORIENTED_EDGE('',*,*,#3552,.F.);
#1945=ORIENTED_EDGE('',*,*,#3553,.T.);
#1946=ORIENTED_EDGE('',*,*,#3554,.F.);
#1947=ORIENTED_EDGE('',*,*,#3555,.T.);
#1948=ORIENTED_EDGE('',*,*,#3556,.T.);
#1949=ORIENTED_EDGE('',*,*,#3557,.F.);
#1950=ORIENTED_EDGE('',*,*,#3558,.T.);
#1951=ORIENTED_EDGE('',*,*,#3559,.F.);
#1952=ORIENTED_EDGE('',*,*,#3560,.T.);
#1953=ORIENTED_EDGE('',*,*,#3561,.F.);
#1954=ORIENTED_EDGE('',*,*,#3562,.T.);
#1955=ORIENTED_EDGE('',*,*,#3563,.T.);
#1956=ORIENTED_EDGE('',*,*,#3564,.T.);
#1957=ORIENTED_EDGE('',*,*,#3565,.F.);
#1958=ORIENTED_EDGE('',*,*,#3566,.T.);
#1959=ORIENTED_EDGE('',*,*,#3567,.F.);
#1960=ORIENTED_EDGE('',*,*,#3568,.F.);
#1961=ORIENTED_EDGE('',*,*,#3569,.T.);
#1962=ORIENTED_EDGE('',*,*,#3570,.T.);
#1963=ORIENTED_EDGE('',*,*,#3571,.F.);
#1964=ORIENTED_EDGE('',*,*,#3572,.F.);
#1965=ORIENTED_EDGE('',*,*,#3573,.T.);
#1966=ORIENTED_EDGE('',*,*,#3574,.F.);
#1967=ORIENTED_EDGE('',*,*,#3575,.T.);
#1968=ORIENTED_EDGE('',*,*,#3576,.F.);
#1969=ORIENTED_EDGE('',*,*,#3577,.T.);
#1970=ORIENTED_EDGE('',*,*,#3578,.T.);
#1971=ORIENTED_EDGE('',*,*,#3579,.F.);
#1972=ORIENTED_EDGE('',*,*,#3580,.F.);
#1973=ORIENTED_EDGE('',*,*,#3581,.T.);
#1974=ORIENTED_EDGE('',*,*,#3582,.F.);
#1975=ORIENTED_EDGE('',*,*,#3583,.T.);
#1976=ORIENTED_EDGE('',*,*,#3584,.T.);
#1977=ORIENTED_EDGE('',*,*,#3585,.F.);
#1978=ORIENTED_EDGE('',*,*,#3586,.T.);
#1979=ORIENTED_EDGE('',*,*,#3587,.F.);
#1980=ORIENTED_EDGE('',*,*,#3588,.T.);
#1981=ORIENTED_EDGE('',*,*,#3589,.T.);
#1982=ORIENTED_EDGE('',*,*,#3590,.F.);
#1983=ORIENTED_EDGE('',*,*,#3591,.F.);
#1984=ORIENTED_EDGE('',*,*,#3592,.F.);
#1985=ORIENTED_EDGE('',*,*,#3593,.F.);
#1986=ORIENTED_EDGE('',*,*,#3594,.T.);
#1987=ORIENTED_EDGE('',*,*,#3595,.F.);
#1988=ORIENTED_EDGE('',*,*,#3596,.F.);
#1989=ORIENTED_EDGE('',*,*,#3597,.T.);
#1990=ORIENTED_EDGE('',*,*,#3598,.F.);
#1991=ORIENTED_EDGE('',*,*,#3599,.T.);
#1992=ORIENTED_EDGE('',*,*,#3600,.T.);
#1993=ORIENTED_EDGE('',*,*,#3601,.F.);
#1994=ORIENTED_EDGE('',*,*,#3602,.T.);
#1995=ORIENTED_EDGE('',*,*,#3603,.F.);
#1996=ORIENTED_EDGE('',*,*,#3518,.F.);
#1997=ORIENTED_EDGE('',*,*,#3604,.T.);
#1998=ORIENTED_EDGE('',*,*,#3605,.T.);
#1999=ORIENTED_EDGE('',*,*,#3606,.T.);
#2000=ORIENTED_EDGE('',*,*,#3607,.T.);
#2001=ORIENTED_EDGE('',*,*,#3608,.T.);
#2002=ORIENTED_EDGE('',*,*,#3609,.T.);
#2003=ORIENTED_EDGE('',*,*,#3610,.T.);
#2004=ORIENTED_EDGE('',*,*,#3611,.T.);
#2005=ORIENTED_EDGE('',*,*,#3612,.T.);
#2006=ORIENTED_EDGE('',*,*,#3579,.T.);
#2007=ORIENTED_EDGE('',*,*,#3613,.T.);
#2008=ORIENTED_EDGE('',*,*,#3614,.T.);
#2009=ORIENTED_EDGE('',*,*,#3615,.T.);
#2010=ORIENTED_EDGE('',*,*,#3616,.T.);
#2011=ORIENTED_EDGE('',*,*,#3617,.T.);
#2012=ORIENTED_EDGE('',*,*,#3618,.T.);
#2013=ORIENTED_EDGE('',*,*,#3619,.T.);
#2014=ORIENTED_EDGE('',*,*,#3620,.T.);
#2015=ORIENTED_EDGE('',*,*,#3621,.T.);
#2016=ORIENTED_EDGE('',*,*,#3622,.T.);
#2017=ORIENTED_EDGE('',*,*,#3623,.F.);
#2018=ORIENTED_EDGE('',*,*,#3624,.F.);
#2019=ORIENTED_EDGE('',*,*,#3625,.F.);
#2020=ORIENTED_EDGE('',*,*,#3522,.T.);
#2021=ORIENTED_EDGE('',*,*,#3626,.T.);
#2022=ORIENTED_EDGE('',*,*,#3627,.T.);
#2023=ORIENTED_EDGE('',*,*,#3540,.T.);
#2024=ORIENTED_EDGE('',*,*,#3628,.F.);
#2025=ORIENTED_EDGE('',*,*,#3629,.T.);
#2026=ORIENTED_EDGE('',*,*,#3630,.T.);
#2027=ORIENTED_EDGE('',*,*,#3631,.T.);
#2028=ORIENTED_EDGE('',*,*,#3632,.T.);
#2029=ORIENTED_EDGE('',*,*,#3524,.F.);
#2030=ORIENTED_EDGE('',*,*,#3633,.T.);
#2031=ORIENTED_EDGE('',*,*,#3544,.T.);
#2032=ORIENTED_EDGE('',*,*,#3634,.T.);
#2033=ORIENTED_EDGE('',*,*,#3635,.T.);
#2034=ORIENTED_EDGE('',*,*,#3636,.T.);
#2035=ORIENTED_EDGE('',*,*,#3577,.F.);
#2036=ORIENTED_EDGE('',*,*,#3637,.T.);
#2037=ORIENTED_EDGE('',*,*,#3638,.F.);
#2038=ORIENTED_EDGE('',*,*,#3488,.F.);
#2039=ORIENTED_EDGE('',*,*,#3639,.F.);
#2040=ORIENTED_EDGE('',*,*,#3640,.T.);
#2041=ORIENTED_EDGE('',*,*,#3641,.F.);
#2042=ORIENTED_EDGE('',*,*,#3642,.F.);
#2043=ORIENTED_EDGE('',*,*,#3620,.F.);
#2044=ORIENTED_EDGE('',*,*,#3643,.F.);
#2045=ORIENTED_EDGE('',*,*,#3644,.F.);
#2046=ORIENTED_EDGE('',*,*,#3645,.F.);
#2047=ORIENTED_EDGE('',*,*,#3646,.F.);
#2048=ORIENTED_EDGE('',*,*,#3647,.T.);
#2049=ORIENTED_EDGE('',*,*,#3648,.T.);
#2050=ORIENTED_EDGE('',*,*,#3621,.F.);
#2051=ORIENTED_EDGE('',*,*,#3642,.T.);
#2052=ORIENTED_EDGE('',*,*,#3649,.T.);
#2053=ORIENTED_EDGE('',*,*,#3650,.F.);
#2054=ORIENTED_EDGE('',*,*,#3651,.F.);
#2055=ORIENTED_EDGE('',*,*,#3652,.T.);
#2056=ORIENTED_EDGE('',*,*,#3653,.T.);
#2057=ORIENTED_EDGE('',*,*,#3654,.F.);
#2058=ORIENTED_EDGE('',*,*,#3655,.F.);
#2059=ORIENTED_EDGE('',*,*,#3656,.T.);
#2060=ORIENTED_EDGE('',*,*,#3657,.T.);
#2061=ORIENTED_EDGE('',*,*,#3658,.T.);
#2062=ORIENTED_EDGE('',*,*,#3659,.F.);
#2063=ORIENTED_EDGE('',*,*,#3660,.T.);
#2064=ORIENTED_EDGE('',*,*,#3661,.T.);
#2065=ORIENTED_EDGE('',*,*,#3662,.F.);
#2066=ORIENTED_EDGE('',*,*,#3663,.F.);
#2067=ORIENTED_EDGE('',*,*,#3664,.T.);
#2068=ORIENTED_EDGE('',*,*,#3665,.T.);
#2069=ORIENTED_EDGE('',*,*,#3666,.T.);
#2070=ORIENTED_EDGE('',*,*,#3667,.F.);
#2071=ORIENTED_EDGE('',*,*,#3668,.T.);
#2072=ORIENTED_EDGE('',*,*,#3640,.F.);
#2073=ORIENTED_EDGE('',*,*,#3669,.F.);
#2074=ORIENTED_EDGE('',*,*,#3515,.T.);
#2075=ORIENTED_EDGE('',*,*,#3670,.F.);
#2076=ORIENTED_EDGE('',*,*,#3671,.F.);
#2077=ORIENTED_EDGE('',*,*,#3672,.F.);
#2078=ORIENTED_EDGE('',*,*,#3673,.F.);
#2079=ORIENTED_EDGE('',*,*,#3674,.T.);
#2080=ORIENTED_EDGE('',*,*,#3506,.T.);
#2081=ORIENTED_EDGE('',*,*,#3675,.F.);
#2082=ORIENTED_EDGE('',*,*,#3676,.F.);
#2083=ORIENTED_EDGE('',*,*,#3677,.T.);
#2084=ORIENTED_EDGE('',*,*,#3678,.T.);
#2085=ORIENTED_EDGE('',*,*,#3635,.F.);
#2086=ORIENTED_EDGE('',*,*,#3679,.F.);
#2087=ORIENTED_EDGE('',*,*,#3680,.T.);
#2088=ORIENTED_EDGE('',*,*,#3554,.T.);
#2089=ORIENTED_EDGE('',*,*,#3681,.F.);
#2090=ORIENTED_EDGE('',*,*,#3682,.T.);
#2091=ORIENTED_EDGE('',*,*,#3683,.F.);
#2092=ORIENTED_EDGE('',*,*,#3684,.F.);
#2093=ORIENTED_EDGE('',*,*,#3685,.T.);
#2094=ORIENTED_EDGE('',*,*,#3659,.T.);
#2095=ORIENTED_EDGE('',*,*,#3686,.T.);
#2096=ORIENTED_EDGE('',*,*,#3687,.F.);
#2097=ORIENTED_EDGE('',*,*,#3688,.T.);
#2098=ORIENTED_EDGE('',*,*,#3687,.T.);
#2099=ORIENTED_EDGE('',*,*,#3689,.T.);
#2100=ORIENTED_EDGE('',*,*,#3690,.T.);
#2101=ORIENTED_EDGE('',*,*,#3691,.T.);
#2102=ORIENTED_EDGE('',*,*,#3692,.T.);
#2103=ORIENTED_EDGE('',*,*,#3693,.T.);
#2104=ORIENTED_EDGE('',*,*,#3470,.T.);
#2105=ORIENTED_EDGE('',*,*,#3467,.T.);
#2106=ORIENTED_EDGE('',*,*,#3694,.F.);
#2107=ORIENTED_EDGE('',*,*,#3695,.F.);
#2108=ORIENTED_EDGE('',*,*,#3549,.F.);
#2109=ORIENTED_EDGE('',*,*,#3696,.F.);
#2110=ORIENTED_EDGE('',*,*,#3697,.F.);
#2111=ORIENTED_EDGE('',*,*,#3698,.F.);
#2112=ORIENTED_EDGE('',*,*,#3699,.F.);
#2113=ORIENTED_EDGE('',*,*,#3700,.F.);
#2114=ORIENTED_EDGE('',*,*,#3685,.F.);
#2115=ORIENTED_EDGE('',*,*,#3701,.F.);
#2116=ORIENTED_EDGE('',*,*,#3702,.F.);
#2117=ORIENTED_EDGE('',*,*,#3703,.F.);
#2118=ORIENTED_EDGE('',*,*,#3704,.F.);
#2119=ORIENTED_EDGE('',*,*,#3705,.F.);
#2120=ORIENTED_EDGE('',*,*,#3706,.F.);
#2121=ORIENTED_EDGE('',*,*,#3707,.F.);
#2122=ORIENTED_EDGE('',*,*,#3708,.F.);
#2123=ORIENTED_EDGE('',*,*,#3501,.F.);
#2124=ORIENTED_EDGE('',*,*,#3709,.F.);
#2125=ORIENTED_EDGE('',*,*,#3710,.F.);
#2126=ORIENTED_EDGE('',*,*,#3711,.F.);
#2127=ORIENTED_EDGE('',*,*,#3712,.F.);
#2128=ORIENTED_EDGE('',*,*,#3713,.F.);
#2129=ORIENTED_EDGE('',*,*,#3714,.F.);
#2130=ORIENTED_EDGE('',*,*,#3715,.F.);
#2131=ORIENTED_EDGE('',*,*,#3716,.F.);
#2132=ORIENTED_EDGE('',*,*,#3717,.F.);
#2133=ORIENTED_EDGE('',*,*,#3718,.F.);
#2134=ORIENTED_EDGE('',*,*,#3719,.F.);
#2135=ORIENTED_EDGE('',*,*,#3720,.F.);
#2136=ORIENTED_EDGE('',*,*,#3721,.F.);
#2137=ORIENTED_EDGE('',*,*,#3722,.F.);
#2138=ORIENTED_EDGE('',*,*,#3723,.F.);
#2139=ORIENTED_EDGE('',*,*,#3724,.F.);
#2140=ORIENTED_EDGE('',*,*,#3725,.F.);
#2141=ORIENTED_EDGE('',*,*,#3726,.F.);
#2142=ORIENTED_EDGE('',*,*,#3727,.F.);
#2143=ORIENTED_EDGE('',*,*,#3728,.F.);
#2144=ORIENTED_EDGE('',*,*,#3729,.F.);
#2145=ORIENTED_EDGE('',*,*,#3553,.F.);
#2146=ORIENTED_EDGE('',*,*,#3730,.F.);
#2147=ORIENTED_EDGE('',*,*,#3731,.F.);
#2148=ORIENTED_EDGE('',*,*,#3732,.F.);
#2149=ORIENTED_EDGE('',*,*,#3733,.F.);
#2150=ORIENTED_EDGE('',*,*,#3734,.F.);
#2151=ORIENTED_EDGE('',*,*,#3735,.F.);
#2152=ORIENTED_EDGE('',*,*,#3664,.F.);
#2153=ORIENTED_EDGE('',*,*,#3736,.F.);
#2154=ORIENTED_EDGE('',*,*,#3737,.F.);
#2155=ORIENTED_EDGE('',*,*,#3738,.F.);
#2156=ORIENTED_EDGE('',*,*,#3739,.F.);
#2157=ORIENTED_EDGE('',*,*,#3740,.F.);
#2158=ORIENTED_EDGE('',*,*,#3741,.F.);
#2159=ORIENTED_EDGE('',*,*,#3742,.F.);
#2160=ORIENTED_EDGE('',*,*,#3743,.F.);
#2161=ORIENTED_EDGE('',*,*,#3744,.F.);
#2162=ORIENTED_EDGE('',*,*,#3745,.F.);
#2163=ORIENTED_EDGE('',*,*,#3746,.F.);
#2164=ORIENTED_EDGE('',*,*,#3747,.F.);
#2165=ORIENTED_EDGE('',*,*,#3748,.F.);
#2166=ORIENTED_EDGE('',*,*,#3749,.F.);
#2167=ORIENTED_EDGE('',*,*,#3750,.F.);
#2168=ORIENTED_EDGE('',*,*,#3751,.F.);
#2169=ORIENTED_EDGE('',*,*,#3752,.F.);
#2170=ORIENTED_EDGE('',*,*,#3652,.F.);
#2171=ORIENTED_EDGE('',*,*,#3753,.F.);
#2172=ORIENTED_EDGE('',*,*,#3754,.F.);
#2173=ORIENTED_EDGE('',*,*,#3755,.F.);
#2174=ORIENTED_EDGE('',*,*,#3756,.F.);
#2175=ORIENTED_EDGE('',*,*,#3757,.F.);
#2176=ORIENTED_EDGE('',*,*,#3758,.F.);
#2177=ORIENTED_EDGE('',*,*,#3759,.F.);
#2178=ORIENTED_EDGE('',*,*,#3493,.F.);
#2179=ORIENTED_EDGE('',*,*,#3760,.F.);
#2180=ORIENTED_EDGE('',*,*,#3761,.F.);
#2181=ORIENTED_EDGE('',*,*,#3656,.F.);
#2182=ORIENTED_EDGE('',*,*,#3762,.F.);
#2183=ORIENTED_EDGE('',*,*,#3763,.F.);
#2184=ORIENTED_EDGE('',*,*,#3764,.F.);
#2185=ORIENTED_EDGE('',*,*,#3765,.F.);
#2186=ORIENTED_EDGE('',*,*,#3766,.F.);
#2187=ORIENTED_EDGE('',*,*,#3767,.F.);
#2188=ORIENTED_EDGE('',*,*,#3768,.F.);
#2189=ORIENTED_EDGE('',*,*,#3769,.F.);
#2190=ORIENTED_EDGE('',*,*,#3770,.F.);
#2191=ORIENTED_EDGE('',*,*,#3771,.F.);
#2192=ORIENTED_EDGE('',*,*,#3772,.F.);
#2193=ORIENTED_EDGE('',*,*,#3581,.F.);
#2194=ORIENTED_EDGE('',*,*,#3773,.F.);
#2195=ORIENTED_EDGE('',*,*,#3774,.F.);
#2196=ORIENTED_EDGE('',*,*,#3775,.F.);
#2197=ORIENTED_EDGE('',*,*,#3776,.F.);
#2198=ORIENTED_EDGE('',*,*,#3777,.F.);
#2199=ORIENTED_EDGE('',*,*,#3778,.F.);
#2200=ORIENTED_EDGE('',*,*,#3779,.F.);
#2201=ORIENTED_EDGE('',*,*,#3780,.F.);
#2202=ORIENTED_EDGE('',*,*,#3781,.F.);
#2203=ORIENTED_EDGE('',*,*,#3782,.F.);
#2204=ORIENTED_EDGE('',*,*,#3569,.F.);
#2205=ORIENTED_EDGE('',*,*,#3783,.F.);
#2206=ORIENTED_EDGE('',*,*,#3784,.F.);
#2207=ORIENTED_EDGE('',*,*,#3785,.F.);
#2208=ORIENTED_EDGE('',*,*,#3786,.F.);
#2209=ORIENTED_EDGE('',*,*,#3787,.F.);
#2210=ORIENTED_EDGE('',*,*,#3788,.F.);
#2211=ORIENTED_EDGE('',*,*,#3789,.F.);
#2212=ORIENTED_EDGE('',*,*,#3790,.F.);
#2213=ORIENTED_EDGE('',*,*,#3791,.F.);
#2214=ORIENTED_EDGE('',*,*,#3792,.F.);
#2215=ORIENTED_EDGE('',*,*,#3793,.F.);
#2216=ORIENTED_EDGE('',*,*,#3794,.F.);
#2217=ORIENTED_EDGE('',*,*,#3795,.F.);
#2218=ORIENTED_EDGE('',*,*,#3796,.F.);
#2219=ORIENTED_EDGE('',*,*,#3797,.F.);
#2220=ORIENTED_EDGE('',*,*,#3573,.F.);
#2221=ORIENTED_EDGE('',*,*,#3798,.F.);
#2222=ORIENTED_EDGE('',*,*,#3597,.F.);
#2223=ORIENTED_EDGE('',*,*,#3799,.F.);
#2224=ORIENTED_EDGE('',*,*,#3800,.F.);
#2225=ORIENTED_EDGE('',*,*,#3801,.F.);
#2226=ORIENTED_EDGE('',*,*,#3802,.F.);
#2227=ORIENTED_EDGE('',*,*,#3803,.T.);
#2228=ORIENTED_EDGE('',*,*,#3804,.T.);
#2229=ORIENTED_EDGE('',*,*,#3805,.F.);
#2230=ORIENTED_EDGE('',*,*,#3806,.T.);
#2231=ORIENTED_EDGE('',*,*,#3807,.F.);
#2232=ORIENTED_EDGE('',*,*,#3808,.T.);
#2233=ORIENTED_EDGE('',*,*,#3803,.F.);
#2234=ORIENTED_EDGE('',*,*,#3809,.T.);
#2235=ORIENTED_EDGE('',*,*,#3810,.T.);
#2236=ORIENTED_EDGE('',*,*,#3805,.T.);
#2237=ORIENTED_EDGE('',*,*,#3811,.T.);
#2238=ORIENTED_EDGE('',*,*,#3812,.T.);
#2239=ORIENTED_EDGE('',*,*,#3813,.F.);
#2240=ORIENTED_EDGE('',*,*,#3814,.T.);
#2241=ORIENTED_EDGE('',*,*,#3815,.T.);
#2242=ORIENTED_EDGE('',*,*,#3816,.F.);
#2243=ORIENTED_EDGE('',*,*,#3817,.T.);
#2244=ORIENTED_EDGE('',*,*,#3818,.F.);
#2245=ORIENTED_EDGE('',*,*,#3819,.T.);
#2246=ORIENTED_EDGE('',*,*,#3820,.T.);
#2247=ORIENTED_EDGE('',*,*,#3821,.F.);
#2248=ORIENTED_EDGE('',*,*,#3822,.F.);
#2249=ORIENTED_EDGE('',*,*,#3699,.T.);
#2250=ORIENTED_EDGE('',*,*,#3552,.T.);
#2251=ORIENTED_EDGE('',*,*,#3823,.F.);
#2252=ORIENTED_EDGE('',*,*,#3824,.F.);
#2253=ORIENTED_EDGE('',*,*,#3694,.T.);
#2254=ORIENTED_EDGE('',*,*,#3825,.T.);
#2255=ORIENTED_EDGE('',*,*,#3826,.F.);
#2256=ORIENTED_EDGE('',*,*,#3827,.F.);
#2257=ORIENTED_EDGE('',*,*,#3712,.T.);
#2258=ORIENTED_EDGE('',*,*,#3828,.F.);
#2259=ORIENTED_EDGE('',*,*,#3829,.T.);
#2260=ORIENTED_EDGE('',*,*,#3830,.F.);
#2261=ORIENTED_EDGE('',*,*,#3831,.T.);
#2262=ORIENTED_EDGE('',*,*,#3832,.T.);
#2263=ORIENTED_EDGE('',*,*,#3833,.T.);
#2264=ORIENTED_EDGE('',*,*,#3641,.T.);
#2265=ORIENTED_EDGE('',*,*,#3672,.T.);
#2266=ORIENTED_EDGE('',*,*,#3834,.T.);
#2267=ORIENTED_EDGE('',*,*,#3835,.F.);
#2268=ORIENTED_EDGE('',*,*,#3836,.F.);
#2269=ORIENTED_EDGE('',*,*,#3789,.T.);
#2270=ORIENTED_EDGE('',*,*,#3485,.T.);
#2271=ORIENTED_EDGE('',*,*,#3837,.T.);
#2272=ORIENTED_EDGE('',*,*,#3838,.T.);
#2273=ORIENTED_EDGE('',*,*,#3510,.F.);
#2274=ORIENTED_EDGE('',*,*,#3637,.F.);
#2275=ORIENTED_EDGE('',*,*,#3576,.T.);
#2276=ORIENTED_EDGE('',*,*,#3839,.T.);
#2277=ORIENTED_EDGE('',*,*,#3840,.F.);
#2278=ORIENTED_EDGE('',*,*,#3638,.T.);
#2279=ORIENTED_EDGE('',*,*,#3840,.T.);
#2280=ORIENTED_EDGE('',*,*,#3841,.T.);
#2281=ORIENTED_EDGE('',*,*,#3489,.F.);
#2282=ORIENTED_EDGE('',*,*,#3466,.F.);
#2283=ORIENTED_EDGE('',*,*,#3842,.F.);
#2284=ORIENTED_EDGE('',*,*,#3843,.T.);
#2285=ORIENTED_EDGE('',*,*,#3692,.F.);
#2286=ORIENTED_EDGE('',*,*,#3844,.T.);
#2287=ORIENTED_EDGE('',*,*,#3845,.F.);
#2288=ORIENTED_EDGE('',*,*,#3846,.T.);
#2289=ORIENTED_EDGE('',*,*,#3527,.T.);
#2290=ORIENTED_EDGE('',*,*,#3847,.T.);
#2291=ORIENTED_EDGE('',*,*,#3848,.F.);
#2292=ORIENTED_EDGE('',*,*,#3849,.F.);
#2293=ORIENTED_EDGE('',*,*,#3750,.T.);
#2294=ORIENTED_EDGE('',*,*,#3850,.T.);
#2295=ORIENTED_EDGE('',*,*,#3851,.F.);
#2296=ORIENTED_EDGE('',*,*,#3852,.F.);
#2297=ORIENTED_EDGE('',*,*,#3706,.T.);
#2298=ORIENTED_EDGE('',*,*,#3853,.F.);
#2299=ORIENTED_EDGE('',*,*,#3854,.T.);
#2300=ORIENTED_EDGE('',*,*,#3477,.F.);
#2301=ORIENTED_EDGE('',*,*,#3855,.T.);
#2302=ORIENTED_EDGE('',*,*,#3474,.F.);
#2303=ORIENTED_EDGE('',*,*,#3856,.T.);
#2304=ORIENTED_EDGE('',*,*,#3853,.T.);
#2305=ORIENTED_EDGE('',*,*,#3857,.T.);
#2306=ORIENTED_EDGE('',*,*,#3858,.T.);
#2307=ORIENTED_EDGE('',*,*,#3479,.F.);
#2308=ORIENTED_EDGE('',*,*,#3859,.T.);
#2309=ORIENTED_EDGE('',*,*,#3828,.T.);
#2310=ORIENTED_EDGE('',*,*,#3860,.F.);
#2311=ORIENTED_EDGE('',*,*,#3861,.F.);
#2312=ORIENTED_EDGE('',*,*,#3862,.F.);
#2313=ORIENTED_EDGE('',*,*,#3830,.T.);
#2314=ORIENTED_EDGE('',*,*,#3863,.T.);
#2315=ORIENTED_EDGE('',*,*,#3647,.F.);
#2316=ORIENTED_EDGE('',*,*,#3646,.T.);
#2317=ORIENTED_EDGE('',*,*,#3864,.T.);
#2318=ORIENTED_EDGE('',*,*,#3865,.F.);
#2319=ORIENTED_EDGE('',*,*,#3866,.T.);
#2320=ORIENTED_EDGE('',*,*,#3867,.T.);
#2321=ORIENTED_EDGE('',*,*,#3555,.F.);
#2322=ORIENTED_EDGE('',*,*,#3680,.F.);
#2323=ORIENTED_EDGE('',*,*,#3868,.F.);
#2324=ORIENTED_EDGE('',*,*,#3869,.F.);
#2325=ORIENTED_EDGE('',*,*,#3870,.F.);
#2326=ORIENTED_EDGE('',*,*,#3871,.F.);
#2327=ORIENTED_EDGE('',*,*,#3537,.F.);
#2328=ORIENTED_EDGE('',*,*,#3872,.F.);
#2329=ORIENTED_EDGE('',*,*,#3873,.F.);
#2330=ORIENTED_EDGE('',*,*,#3874,.F.);
#2331=ORIENTED_EDGE('',*,*,#3548,.T.);
#2332=ORIENTED_EDGE('',*,*,#3875,.F.);
#2333=ORIENTED_EDGE('',*,*,#3876,.F.);
#2334=ORIENTED_EDGE('',*,*,#3696,.T.);
#2335=ORIENTED_EDGE('',*,*,#3876,.T.);
#2336=ORIENTED_EDGE('',*,*,#3877,.F.);
#2337=ORIENTED_EDGE('',*,*,#3878,.F.);
#2338=ORIENTED_EDGE('',*,*,#3697,.T.);
#2339=ORIENTED_EDGE('',*,*,#3822,.T.);
#2340=ORIENTED_EDGE('',*,*,#3879,.F.);
#2341=ORIENTED_EDGE('',*,*,#3682,.F.);
#2342=ORIENTED_EDGE('',*,*,#3700,.T.);
#2343=ORIENTED_EDGE('',*,*,#3880,.T.);
#2344=ORIENTED_EDGE('',*,*,#3881,.F.);
#2345=ORIENTED_EDGE('',*,*,#3490,.F.);
#2346=ORIENTED_EDGE('',*,*,#3759,.T.);
#2347=ORIENTED_EDGE('',*,*,#3882,.T.);
#2348=ORIENTED_EDGE('',*,*,#3883,.F.);
#2349=ORIENTED_EDGE('',*,*,#3884,.F.);
#2350=ORIENTED_EDGE('',*,*,#3728,.T.);
#2351=ORIENTED_EDGE('',*,*,#3885,.T.);
#2352=ORIENTED_EDGE('',*,*,#3607,.F.);
#2353=ORIENTED_EDGE('',*,*,#3886,.F.);
#2354=ORIENTED_EDGE('',*,*,#3778,.T.);
#2355=ORIENTED_EDGE('',*,*,#3886,.T.);
#2356=ORIENTED_EDGE('',*,*,#3606,.F.);
#2357=ORIENTED_EDGE('',*,*,#3887,.F.);
#2358=ORIENTED_EDGE('',*,*,#3779,.T.);
#2359=ORIENTED_EDGE('',*,*,#3888,.T.);
#2360=ORIENTED_EDGE('',*,*,#3889,.T.);
#2361=ORIENTED_EDGE('',*,*,#3890,.T.);
#2362=ORIENTED_EDGE('',*,*,#3891,.F.);
#2363=ORIENTED_EDGE('',*,*,#3892,.T.);
#2364=ORIENTED_EDGE('',*,*,#3893,.F.);
#2365=ORIENTED_EDGE('',*,*,#3894,.F.);
#2366=ORIENTED_EDGE('',*,*,#3738,.T.);
#2367=ORIENTED_EDGE('',*,*,#3492,.T.);
#2368=ORIENTED_EDGE('',*,*,#3895,.F.);
#2369=ORIENTED_EDGE('',*,*,#3896,.F.);
#2370=ORIENTED_EDGE('',*,*,#3760,.T.);
#2371=ORIENTED_EDGE('',*,*,#3897,.F.);
#2372=ORIENTED_EDGE('',*,*,#3898,.F.);
#2373=ORIENTED_EDGE('',*,*,#3899,.F.);
#2374=ORIENTED_EDGE('',*,*,#3513,.F.);
#2375=ORIENTED_EDGE('',*,*,#3900,.F.);
#2376=ORIENTED_EDGE('',*,*,#3901,.F.);
#2377=ORIENTED_EDGE('',*,*,#3902,.F.);
#2378=ORIENTED_EDGE('',*,*,#3903,.F.);
#2379=ORIENTED_EDGE('',*,*,#3904,.F.);
#2380=ORIENTED_EDGE('',*,*,#3905,.T.);
#2381=ORIENTED_EDGE('',*,*,#3906,.T.);
#2382=ORIENTED_EDGE('',*,*,#3907,.F.);
#2383=ORIENTED_EDGE('',*,*,#3908,.F.);
#2384=ORIENTED_EDGE('',*,*,#3909,.T.);
#2385=ORIENTED_EDGE('',*,*,#3611,.F.);
#2386=ORIENTED_EDGE('',*,*,#3910,.F.);
#2387=ORIENTED_EDGE('',*,*,#3774,.T.);
#2388=ORIENTED_EDGE('',*,*,#3911,.T.);
#2389=ORIENTED_EDGE('',*,*,#3912,.F.);
#2390=ORIENTED_EDGE('',*,*,#3913,.F.);
#2391=ORIENTED_EDGE('',*,*,#3747,.T.);
#2392=ORIENTED_EDGE('',*,*,#3913,.T.);
#2393=ORIENTED_EDGE('',*,*,#3914,.F.);
#2394=ORIENTED_EDGE('',*,*,#3915,.F.);
#2395=ORIENTED_EDGE('',*,*,#3748,.T.);
#2396=ORIENTED_EDGE('',*,*,#3916,.T.);
#2397=ORIENTED_EDGE('',*,*,#3917,.F.);
#2398=ORIENTED_EDGE('',*,*,#3911,.F.);
#2399=ORIENTED_EDGE('',*,*,#3746,.T.);
#2400=ORIENTED_EDGE('',*,*,#3915,.T.);
#2401=ORIENTED_EDGE('',*,*,#3918,.F.);
#2402=ORIENTED_EDGE('',*,*,#3847,.F.);
#2403=ORIENTED_EDGE('',*,*,#3749,.T.);
#2404=ORIENTED_EDGE('',*,*,#3919,.T.);
#2405=ORIENTED_EDGE('',*,*,#3592,.T.);
#2406=ORIENTED_EDGE('',*,*,#3920,.F.);
#2407=ORIENTED_EDGE('',*,*,#3921,.F.);
#2408=ORIENTED_EDGE('',*,*,#3922,.F.);
#2409=ORIENTED_EDGE('',*,*,#3923,.F.);
#2410=ORIENTED_EDGE('',*,*,#3872,.T.);
#2411=ORIENTED_EDGE('',*,*,#3536,.T.);
#2412=ORIENTED_EDGE('',*,*,#3924,.T.);
#2413=ORIENTED_EDGE('',*,*,#3925,.F.);
#2414=ORIENTED_EDGE('',*,*,#3617,.F.);
#2415=ORIENTED_EDGE('',*,*,#3926,.F.);
#2416=ORIENTED_EDGE('',*,*,#3927,.F.);
#2417=ORIENTED_EDGE('',*,*,#3928,.T.);
#2418=ORIENTED_EDGE('',*,*,#3929,.F.);
#2419=ORIENTED_EDGE('',*,*,#3930,.F.);
#2420=ORIENTED_EDGE('',*,*,#3666,.F.);
#2421=ORIENTED_EDGE('',*,*,#3931,.F.);
#2422=ORIENTED_EDGE('',*,*,#3689,.F.);
#2423=ORIENTED_EDGE('',*,*,#3686,.F.);
#2424=ORIENTED_EDGE('',*,*,#3658,.F.);
#2425=ORIENTED_EDGE('',*,*,#3932,.F.);
#2426=ORIENTED_EDGE('',*,*,#3651,.T.);
#2427=ORIENTED_EDGE('',*,*,#3933,.F.);
#2428=ORIENTED_EDGE('',*,*,#3934,.F.);
#2429=ORIENTED_EDGE('',*,*,#3753,.T.);
#2430=ORIENTED_EDGE('',*,*,#3935,.T.);
#2431=ORIENTED_EDGE('',*,*,#3614,.F.);
#2432=ORIENTED_EDGE('',*,*,#3936,.F.);
#2433=ORIENTED_EDGE('',*,*,#3771,.T.);
#2434=ORIENTED_EDGE('',*,*,#3937,.F.);
#2435=ORIENTED_EDGE('',*,*,#3903,.T.);
#2436=ORIENTED_EDGE('',*,*,#3938,.F.);
#2437=ORIENTED_EDGE('',*,*,#3939,.F.);
#2438=ORIENTED_EDGE('',*,*,#3940,.T.);
#2439=ORIENTED_EDGE('',*,*,#3941,.F.);
#2440=ORIENTED_EDGE('',*,*,#3942,.F.);
#2441=ORIENTED_EDGE('',*,*,#3770,.T.);
#2442=ORIENTED_EDGE('',*,*,#3943,.T.);
#2443=ORIENTED_EDGE('',*,*,#3944,.F.);
#2444=ORIENTED_EDGE('',*,*,#3940,.F.);
#2445=ORIENTED_EDGE('',*,*,#3769,.T.);
#2446=ORIENTED_EDGE('',*,*,#3535,.F.);
#2447=ORIENTED_EDGE('',*,*,#3945,.F.);
#2448=ORIENTED_EDGE('',*,*,#3946,.F.);
#2449=ORIENTED_EDGE('',*,*,#3924,.F.);
#2450=ORIENTED_EDGE('',*,*,#3947,.T.);
#2451=ORIENTED_EDGE('',*,*,#3948,.F.);
#2452=ORIENTED_EDGE('',*,*,#3502,.T.);
#2453=ORIENTED_EDGE('',*,*,#3674,.F.);
#2454=ORIENTED_EDGE('',*,*,#3949,.F.);
#2455=ORIENTED_EDGE('',*,*,#3599,.F.);
#2456=ORIENTED_EDGE('',*,*,#3950,.F.);
#2457=ORIENTED_EDGE('',*,*,#3951,.F.);
#2458=ORIENTED_EDGE('',*,*,#3952,.F.);
#2459=ORIENTED_EDGE('',*,*,#3953,.F.);
#2460=ORIENTED_EDGE('',*,*,#3954,.T.);
#2461=ORIENTED_EDGE('',*,*,#3955,.F.);
#2462=ORIENTED_EDGE('',*,*,#3956,.F.);
#2463=ORIENTED_EDGE('',*,*,#3619,.F.);
#2464=ORIENTED_EDGE('',*,*,#3957,.F.);
#2465=ORIENTED_EDGE('',*,*,#3945,.T.);
#2466=ORIENTED_EDGE('',*,*,#3534,.T.);
#2467=ORIENTED_EDGE('',*,*,#3958,.T.);
#2468=ORIENTED_EDGE('',*,*,#3959,.F.);
#2469=ORIENTED_EDGE('',*,*,#3960,.T.);
#2470=ORIENTED_EDGE('',*,*,#3469,.T.);
#2471=ORIENTED_EDGE('',*,*,#3961,.T.);
#2472=ORIENTED_EDGE('',*,*,#3861,.T.);
#2473=ORIENTED_EDGE('',*,*,#3962,.F.);
#2474=ORIENTED_EDGE('',*,*,#3538,.T.);
#2475=ORIENTED_EDGE('',*,*,#3874,.T.);
#2476=ORIENTED_EDGE('',*,*,#3963,.F.);
#2477=ORIENTED_EDGE('',*,*,#3964,.F.);
#2478=ORIENTED_EDGE('',*,*,#3965,.F.);
#2479=ORIENTED_EDGE('',*,*,#3966,.F.);
#2480=ORIENTED_EDGE('',*,*,#3590,.T.);
#2481=ORIENTED_EDGE('',*,*,#3668,.F.);
#2482=ORIENTED_EDGE('',*,*,#3967,.F.);
#2483=ORIENTED_EDGE('',*,*,#3968,.F.);
#2484=ORIENTED_EDGE('',*,*,#3969,.F.);
#2485=ORIENTED_EDGE('',*,*,#3660,.F.);
#2486=ORIENTED_EDGE('',*,*,#3688,.F.);
#2487=ORIENTED_EDGE('',*,*,#3691,.F.);
#2488=ORIENTED_EDGE('',*,*,#3970,.F.);
#2489=ORIENTED_EDGE('',*,*,#3971,.T.);
#2490=ORIENTED_EDGE('',*,*,#3972,.F.);
#2491=ORIENTED_EDGE('',*,*,#3973,.F.);
#2492=ORIENTED_EDGE('',*,*,#3785,.T.);
#2493=ORIENTED_EDGE('',*,*,#3974,.T.);
#2494=ORIENTED_EDGE('',*,*,#3975,.F.);
#2495=ORIENTED_EDGE('',*,*,#3892,.F.);
#2496=ORIENTED_EDGE('',*,*,#3737,.T.);
#2497=ORIENTED_EDGE('',*,*,#3976,.T.);
#2498=ORIENTED_EDGE('',*,*,#3977,.F.);
#2499=ORIENTED_EDGE('',*,*,#3978,.F.);
#2500=ORIENTED_EDGE('',*,*,#3800,.T.);
#2501=ORIENTED_EDGE('',*,*,#3979,.T.);
#2502=ORIENTED_EDGE('',*,*,#3628,.T.);
#2503=ORIENTED_EDGE('',*,*,#3539,.T.);
#2504=ORIENTED_EDGE('',*,*,#3962,.T.);
#2505=ORIENTED_EDGE('',*,*,#3860,.T.);
#2506=ORIENTED_EDGE('',*,*,#3829,.F.);
#2507=ORIENTED_EDGE('',*,*,#3859,.F.);
#2508=ORIENTED_EDGE('',*,*,#3478,.F.);
#2509=ORIENTED_EDGE('',*,*,#3854,.F.);
#2510=ORIENTED_EDGE('',*,*,#3856,.F.);
#2511=ORIENTED_EDGE('',*,*,#3473,.F.);
#2512=ORIENTED_EDGE('',*,*,#3482,.F.);
#2513=ORIENTED_EDGE('',*,*,#3980,.F.);
#2514=ORIENTED_EDGE('',*,*,#3926,.T.);
#2515=ORIENTED_EDGE('',*,*,#3616,.F.);
#2516=ORIENTED_EDGE('',*,*,#3956,.T.);
#2517=ORIENTED_EDGE('',*,*,#3596,.T.);
#2518=ORIENTED_EDGE('',*,*,#3981,.F.);
#2519=ORIENTED_EDGE('',*,*,#3566,.F.);
#2520=ORIENTED_EDGE('',*,*,#3782,.T.);
#2521=ORIENTED_EDGE('',*,*,#3654,.T.);
#2522=ORIENTED_EDGE('',*,*,#3982,.T.);
#2523=ORIENTED_EDGE('',*,*,#3895,.T.);
#2524=ORIENTED_EDGE('',*,*,#3491,.T.);
#2525=ORIENTED_EDGE('',*,*,#3881,.T.);
#2526=ORIENTED_EDGE('',*,*,#3983,.T.);
#2527=ORIENTED_EDGE('',*,*,#3984,.T.);
#2528=ORIENTED_EDGE('',*,*,#3985,.T.);
#2529=ORIENTED_EDGE('',*,*,#3986,.T.);
#2530=ORIENTED_EDGE('',*,*,#3987,.T.);
#2531=ORIENTED_EDGE('',*,*,#3933,.T.);
#2532=ORIENTED_EDGE('',*,*,#3650,.T.);
#2533=ORIENTED_EDGE('',*,*,#3988,.T.);
#2534=ORIENTED_EDGE('',*,*,#3944,.T.);
#2535=ORIENTED_EDGE('',*,*,#3989,.T.);
#2536=ORIENTED_EDGE('',*,*,#3990,.T.);
#2537=ORIENTED_EDGE('',*,*,#3991,.T.);
#2538=ORIENTED_EDGE('',*,*,#3992,.T.);
#2539=ORIENTED_EDGE('',*,*,#3993,.T.);
#2540=ORIENTED_EDGE('',*,*,#3994,.T.);
#2541=ORIENTED_EDGE('',*,*,#3941,.T.);
#2542=ORIENTED_EDGE('',*,*,#3977,.T.);
#2543=ORIENTED_EDGE('',*,*,#3995,.T.);
#2544=ORIENTED_EDGE('',*,*,#3996,.T.);
#2545=ORIENTED_EDGE('',*,*,#3496,.F.);
#2546=ORIENTED_EDGE('',*,*,#3997,.T.);
#2547=ORIENTED_EDGE('',*,*,#3998,.F.);
#2548=ORIENTED_EDGE('',*,*,#3999,.T.);
#2549=ORIENTED_EDGE('',*,*,#3690,.F.);
#2550=ORIENTED_EDGE('',*,*,#3932,.T.);
#2551=ORIENTED_EDGE('',*,*,#3657,.F.);
#2552=ORIENTED_EDGE('',*,*,#3970,.T.);
#2553=ORIENTED_EDGE('',*,*,#4000,.T.);
#2554=ORIENTED_EDGE('',*,*,#3929,.T.);
#2555=ORIENTED_EDGE('',*,*,#4001,.T.);
#2556=ORIENTED_EDGE('',*,*,#3968,.T.);
#2557=ORIENTED_EDGE('',*,*,#3667,.T.);
#2558=ORIENTED_EDGE('',*,*,#3930,.T.);
#2559=ORIENTED_EDGE('',*,*,#4000,.F.);
#2560=ORIENTED_EDGE('',*,*,#3967,.T.);
#2561=ORIENTED_EDGE('',*,*,#4002,.T.);
#2562=ORIENTED_EDGE('',*,*,#4003,.T.);
#2563=ORIENTED_EDGE('',*,*,#4004,.T.);
#2564=ORIENTED_EDGE('',*,*,#4005,.F.);
#2565=ORIENTED_EDGE('',*,*,#4006,.T.);
#2566=ORIENTED_EDGE('',*,*,#3952,.T.);
#2567=ORIENTED_EDGE('',*,*,#4007,.T.);
#2568=ORIENTED_EDGE('',*,*,#4008,.F.);
#2569=ORIENTED_EDGE('',*,*,#4009,.T.);
#2570=ORIENTED_EDGE('',*,*,#3990,.F.);
#2571=ORIENTED_EDGE('',*,*,#4010,.F.);
#2572=ORIENTED_EDGE('',*,*,#3767,.T.);
#2573=ORIENTED_EDGE('',*,*,#3517,.F.);
#2574=ORIENTED_EDGE('',*,*,#4011,.F.);
#2575=ORIENTED_EDGE('',*,*,#4012,.T.);
#2576=ORIENTED_EDGE('',*,*,#3604,.F.);
#2577=ORIENTED_EDGE('',*,*,#4013,.T.);
#2578=ORIENTED_EDGE('',*,*,#4014,.F.);
#2579=ORIENTED_EDGE('',*,*,#4015,.F.);
#2580=ORIENTED_EDGE('',*,*,#3793,.T.);
#2581=ORIENTED_EDGE('',*,*,#4016,.T.);
#2582=ORIENTED_EDGE('',*,*,#3904,.T.);
#2583=ORIENTED_EDGE('',*,*,#3937,.T.);
#2584=ORIENTED_EDGE('',*,*,#4017,.F.);
#2585=ORIENTED_EDGE('',*,*,#3878,.T.);
#2586=ORIENTED_EDGE('',*,*,#4018,.F.);
#2587=ORIENTED_EDGE('',*,*,#3820,.F.);
#2588=ORIENTED_EDGE('',*,*,#3698,.T.);
#2589=ORIENTED_EDGE('',*,*,#4019,.T.);
#2590=ORIENTED_EDGE('',*,*,#4020,.F.);
#2591=ORIENTED_EDGE('',*,*,#4021,.F.);
#2592=ORIENTED_EDGE('',*,*,#3726,.T.);
#2593=ORIENTED_EDGE('',*,*,#4022,.F.);
#2594=ORIENTED_EDGE('',*,*,#3629,.F.);
#2595=ORIENTED_EDGE('',*,*,#3979,.F.);
#2596=ORIENTED_EDGE('',*,*,#3481,.F.);
#2597=ORIENTED_EDGE('',*,*,#4023,.T.);
#2598=ORIENTED_EDGE('',*,*,#4024,.F.);
#2599=ORIENTED_EDGE('',*,*,#4025,.F.);
#2600=ORIENTED_EDGE('',*,*,#3752,.T.);
#2601=ORIENTED_EDGE('',*,*,#4026,.F.);
#2602=ORIENTED_EDGE('',*,*,#3561,.T.);
#2603=ORIENTED_EDGE('',*,*,#4027,.T.);
#2604=ORIENTED_EDGE('',*,*,#4028,.F.);
#2605=ORIENTED_EDGE('',*,*,#3896,.T.);
#2606=ORIENTED_EDGE('',*,*,#3982,.F.);
#2607=ORIENTED_EDGE('',*,*,#3653,.F.);
#2608=ORIENTED_EDGE('',*,*,#3761,.T.);
#2609=ORIENTED_EDGE('',*,*,#4029,.F.);
#2610=ORIENTED_EDGE('',*,*,#3602,.F.);
#2611=ORIENTED_EDGE('',*,*,#4012,.F.);
#2612=ORIENTED_EDGE('',*,*,#4030,.F.);
#2613=ORIENTED_EDGE('',*,*,#4031,.F.);
#2614=ORIENTED_EDGE('',*,*,#4032,.T.);
#2615=ORIENTED_EDGE('',*,*,#4033,.F.);
#2616=ORIENTED_EDGE('',*,*,#4034,.F.);
#2617=ORIENTED_EDGE('',*,*,#4017,.T.);
#2618=ORIENTED_EDGE('',*,*,#3939,.T.);
#2619=ORIENTED_EDGE('',*,*,#4035,.T.);
#2620=ORIENTED_EDGE('',*,*,#4036,.T.);
#2621=ORIENTED_EDGE('',*,*,#4037,.T.);
#2622=ORIENTED_EDGE('',*,*,#4038,.T.);
#2623=ORIENTED_EDGE('',*,*,#4039,.T.);
#2624=ORIENTED_EDGE('',*,*,#4040,.T.);
#2625=ORIENTED_EDGE('',*,*,#4041,.T.);
#2626=ORIENTED_EDGE('',*,*,#3681,.T.);
#2627=ORIENTED_EDGE('',*,*,#3557,.T.);
#2628=ORIENTED_EDGE('',*,*,#4042,.F.);
#2629=ORIENTED_EDGE('',*,*,#4043,.F.);
#2630=ORIENTED_EDGE('',*,*,#4044,.F.);
#2631=ORIENTED_EDGE('',*,*,#4045,.F.);
#2632=ORIENTED_EDGE('',*,*,#4046,.F.);
#2633=ORIENTED_EDGE('',*,*,#4047,.F.);
#2634=ORIENTED_EDGE('',*,*,#3600,.F.);
#2635=ORIENTED_EDGE('',*,*,#3949,.T.);
#2636=ORIENTED_EDGE('',*,*,#3673,.T.);
#2637=ORIENTED_EDGE('',*,*,#4048,.F.);
#2638=ORIENTED_EDGE('',*,*,#4049,.T.);
#2639=ORIENTED_EDGE('',*,*,#3959,.T.);
#2640=ORIENTED_EDGE('',*,*,#4050,.T.);
#2641=ORIENTED_EDGE('',*,*,#4051,.T.);
#2642=ORIENTED_EDGE('',*,*,#4051,.F.);
#2643=ORIENTED_EDGE('',*,*,#4052,.T.);
#2644=ORIENTED_EDGE('',*,*,#3533,.F.);
#2645=ORIENTED_EDGE('',*,*,#4053,.T.);
#2646=ORIENTED_EDGE('',*,*,#4054,.T.);
#2647=ORIENTED_EDGE('',*,*,#3908,.T.);
#2648=ORIENTED_EDGE('',*,*,#4055,.T.);
#2649=ORIENTED_EDGE('',*,*,#3919,.F.);
#2650=ORIENTED_EDGE('',*,*,#4056,.T.);
#2651=ORIENTED_EDGE('',*,*,#3871,.T.);
#2652=ORIENTED_EDGE('',*,*,#4057,.T.);
#2653=ORIENTED_EDGE('',*,*,#4038,.F.);
#2654=ORIENTED_EDGE('',*,*,#4058,.T.);
#2655=ORIENTED_EDGE('',*,*,#4059,.F.);
#2656=ORIENTED_EDGE('',*,*,#4060,.F.);
#2657=ORIENTED_EDGE('',*,*,#3704,.T.);
#2658=ORIENTED_EDGE('',*,*,#3824,.T.);
#2659=ORIENTED_EDGE('',*,*,#4061,.F.);
#2660=ORIENTED_EDGE('',*,*,#3546,.F.);
#2661=ORIENTED_EDGE('',*,*,#3695,.T.);
#2662=ORIENTED_EDGE('',*,*,#4062,.T.);
#2663=ORIENTED_EDGE('',*,*,#4063,.T.);
#2664=ORIENTED_EDGE('',*,*,#3624,.T.);
#2665=ORIENTED_EDGE('',*,*,#3833,.F.);
#2666=ORIENTED_EDGE('',*,*,#3531,.F.);
#2667=ORIENTED_EDGE('',*,*,#4064,.T.);
#2668=ORIENTED_EDGE('',*,*,#3816,.T.);
#2669=ORIENTED_EDGE('',*,*,#4065,.T.);
#2670=ORIENTED_EDGE('',*,*,#4066,.T.);
#2671=ORIENTED_EDGE('',*,*,#3901,.T.);
#2672=ORIENTED_EDGE('',*,*,#4067,.T.);
#2673=ORIENTED_EDGE('',*,*,#4036,.F.);
#2674=ORIENTED_EDGE('',*,*,#4068,.F.);
#2675=ORIENTED_EDGE('',*,*,#3890,.F.);
#2676=ORIENTED_EDGE('',*,*,#4069,.T.);
#2677=ORIENTED_EDGE('',*,*,#4070,.T.);
#2678=ORIENTED_EDGE('',*,*,#4071,.T.);
#2679=ORIENTED_EDGE('',*,*,#3806,.F.);
#2680=ORIENTED_EDGE('',*,*,#3802,.T.);
#2681=ORIENTED_EDGE('',*,*,#3810,.F.);
#2682=ORIENTED_EDGE('',*,*,#4072,.T.);
#2683=ORIENTED_EDGE('',*,*,#4073,.F.);
#2684=ORIENTED_EDGE('',*,*,#4013,.F.);
#2685=ORIENTED_EDGE('',*,*,#3792,.T.);
#2686=ORIENTED_EDGE('',*,*,#3580,.T.);
#2687=ORIENTED_EDGE('',*,*,#3612,.F.);
#2688=ORIENTED_EDGE('',*,*,#3909,.F.);
#2689=ORIENTED_EDGE('',*,*,#3773,.T.);
#2690=ORIENTED_EDGE('',*,*,#3873,.T.);
#2691=ORIENTED_EDGE('',*,*,#3923,.T.);
#2692=ORIENTED_EDGE('',*,*,#4074,.F.);
#2693=ORIENTED_EDGE('',*,*,#3963,.T.);
#2694=ORIENTED_EDGE('',*,*,#3978,.T.);
#2695=ORIENTED_EDGE('',*,*,#3996,.F.);
#2696=ORIENTED_EDGE('',*,*,#4075,.F.);
#2697=ORIENTED_EDGE('',*,*,#3801,.T.);
#2698=ORIENTED_EDGE('',*,*,#4076,.T.);
#2699=ORIENTED_EDGE('',*,*,#4077,.F.);
#2700=ORIENTED_EDGE('',*,*,#4072,.F.);
#2701=ORIENTED_EDGE('',*,*,#3791,.T.);
#2702=ORIENTED_EDGE('',*,*,#3910,.T.);
#2703=ORIENTED_EDGE('',*,*,#3610,.F.);
#2704=ORIENTED_EDGE('',*,*,#4078,.F.);
#2705=ORIENTED_EDGE('',*,*,#3775,.T.);
#2706=ORIENTED_EDGE('',*,*,#3846,.F.);
#2707=ORIENTED_EDGE('',*,*,#4079,.F.);
#2708=ORIENTED_EDGE('',*,*,#3817,.F.);
#2709=ORIENTED_EDGE('',*,*,#4064,.F.);
#2710=ORIENTED_EDGE('',*,*,#3530,.F.);
#2711=ORIENTED_EDGE('',*,*,#4052,.F.);
#2712=ORIENTED_EDGE('',*,*,#4050,.F.);
#2713=ORIENTED_EDGE('',*,*,#3958,.F.);
#2714=ORIENTED_EDGE('',*,*,#3545,.F.);
#2715=ORIENTED_EDGE('',*,*,#3633,.F.);
#2716=ORIENTED_EDGE('',*,*,#3523,.F.);
#2717=ORIENTED_EDGE('',*,*,#3528,.F.);
#2718=ORIENTED_EDGE('',*,*,#3887,.T.);
#2719=ORIENTED_EDGE('',*,*,#3605,.F.);
#2720=ORIENTED_EDGE('',*,*,#4080,.F.);
#2721=ORIENTED_EDGE('',*,*,#3780,.T.);
#2722=ORIENTED_EDGE('',*,*,#4081,.T.);
#2723=ORIENTED_EDGE('',*,*,#4082,.F.);
#2724=ORIENTED_EDGE('',*,*,#4083,.F.);
#2725=ORIENTED_EDGE('',*,*,#3741,.T.);
#2726=ORIENTED_EDGE('',*,*,#3655,.T.);
#2727=ORIENTED_EDGE('',*,*,#3988,.F.);
#2728=ORIENTED_EDGE('',*,*,#3649,.F.);
#2729=ORIENTED_EDGE('',*,*,#3762,.T.);
#2730=ORIENTED_EDGE('',*,*,#3588,.F.);
#2731=ORIENTED_EDGE('',*,*,#4084,.F.);
#2732=ORIENTED_EDGE('',*,*,#4085,.T.);
#2733=ORIENTED_EDGE('',*,*,#4086,.T.);
#2734=ORIENTED_EDGE('',*,*,#4087,.T.);
#2735=ORIENTED_EDGE('',*,*,#4088,.F.);
#2736=ORIENTED_EDGE('',*,*,#4089,.F.);
#2737=ORIENTED_EDGE('',*,*,#3743,.T.);
#2738=ORIENTED_EDGE('',*,*,#4090,.T.);
#2739=ORIENTED_EDGE('',*,*,#4091,.F.);
#2740=ORIENTED_EDGE('',*,*,#3916,.F.);
#2741=ORIENTED_EDGE('',*,*,#3745,.T.);
#2742=ORIENTED_EDGE('',*,*,#4092,.T.);
#2743=ORIENTED_EDGE('',*,*,#3991,.F.);
#2744=ORIENTED_EDGE('',*,*,#4009,.F.);
#2745=ORIENTED_EDGE('',*,*,#3766,.T.);
#2746=ORIENTED_EDGE('',*,*,#3818,.T.);
#2747=ORIENTED_EDGE('',*,*,#4079,.T.);
#2748=ORIENTED_EDGE('',*,*,#3845,.T.);
#2749=ORIENTED_EDGE('',*,*,#4093,.T.);
#2750=ORIENTED_EDGE('',*,*,#3998,.T.);
#2751=ORIENTED_EDGE('',*,*,#4094,.T.);
#2752=ORIENTED_EDGE('',*,*,#4095,.T.);
#2753=ORIENTED_EDGE('',*,*,#4096,.T.);
#2754=ORIENTED_EDGE('',*,*,#4097,.F.);
#2755=ORIENTED_EDGE('',*,*,#3564,.F.);
#2756=ORIENTED_EDGE('',*,*,#4098,.T.);
#2757=ORIENTED_EDGE('',*,*,#4099,.T.);
#2758=ORIENTED_EDGE('',*,*,#4100,.T.);
#2759=ORIENTED_EDGE('',*,*,#4101,.F.);
#2760=ORIENTED_EDGE('',*,*,#3582,.T.);
#2761=ORIENTED_EDGE('',*,*,#4102,.F.);
#2762=ORIENTED_EDGE('',*,*,#4103,.T.);
#2763=ORIENTED_EDGE('',*,*,#4104,.F.);
#2764=ORIENTED_EDGE('',*,*,#4105,.F.);
#2765=ORIENTED_EDGE('',*,*,#3719,.T.);
#2766=ORIENTED_EDGE('',*,*,#4106,.F.);
#2767=ORIENTED_EDGE('',*,*,#4107,.F.);
#2768=ORIENTED_EDGE('',*,*,#3812,.F.);
#2769=ORIENTED_EDGE('',*,*,#4108,.T.);
#2770=ORIENTED_EDGE('',*,*,#4109,.T.);
#2771=ORIENTED_EDGE('',*,*,#3807,.T.);
#2772=ORIENTED_EDGE('',*,*,#4071,.F.);
#2773=ORIENTED_EDGE('',*,*,#4110,.T.);
#2774=ORIENTED_EDGE('',*,*,#4111,.T.);
#2775=ORIENTED_EDGE('',*,*,#4112,.F.);
#2776=ORIENTED_EDGE('',*,*,#4113,.F.);
#2777=ORIENTED_EDGE('',*,*,#3721,.T.);
#2778=ORIENTED_EDGE('',*,*,#4113,.T.);
#2779=ORIENTED_EDGE('',*,*,#4114,.F.);
#2780=ORIENTED_EDGE('',*,*,#4115,.F.);
#2781=ORIENTED_EDGE('',*,*,#3722,.T.);
#2782=ORIENTED_EDGE('',*,*,#4105,.T.);
#2783=ORIENTED_EDGE('',*,*,#4116,.F.);
#2784=ORIENTED_EDGE('',*,*,#4111,.F.);
#2785=ORIENTED_EDGE('',*,*,#3720,.T.);
#2786=ORIENTED_EDGE('',*,*,#3521,.F.);
#2787=ORIENTED_EDGE('',*,*,#4117,.F.);
#2788=ORIENTED_EDGE('',*,*,#4118,.T.);
#2789=ORIENTED_EDGE('',*,*,#3626,.F.);
#2790=ORIENTED_EDGE('',*,*,#4119,.F.);
#2791=ORIENTED_EDGE('',*,*,#3868,.T.);
#2792=ORIENTED_EDGE('',*,*,#3679,.T.);
#2793=ORIENTED_EDGE('',*,*,#4041,.F.);
#2794=ORIENTED_EDGE('',*,*,#4057,.F.);
#2795=ORIENTED_EDGE('',*,*,#3870,.T.);
#2796=ORIENTED_EDGE('',*,*,#4120,.T.);
#2797=ORIENTED_EDGE('',*,*,#4039,.F.);
#2798=ORIENTED_EDGE('',*,*,#3894,.T.);
#2799=ORIENTED_EDGE('',*,*,#4121,.F.);
#2800=ORIENTED_EDGE('',*,*,#4122,.F.);
#2801=ORIENTED_EDGE('',*,*,#3739,.T.);
#2802=ORIENTED_EDGE('',*,*,#4123,.T.);
#2803=ORIENTED_EDGE('',*,*,#4124,.F.);
#2804=ORIENTED_EDGE('',*,*,#4125,.F.);
#2805=ORIENTED_EDGE('',*,*,#3724,.T.);
#2806=ORIENTED_EDGE('',*,*,#4060,.T.);
#2807=ORIENTED_EDGE('',*,*,#4126,.F.);
#2808=ORIENTED_EDGE('',*,*,#3850,.F.);
#2809=ORIENTED_EDGE('',*,*,#3705,.T.);
#2810=ORIENTED_EDGE('',*,*,#4127,.F.);
#2811=ORIENTED_EDGE('',*,*,#4128,.F.);
#2812=ORIENTED_EDGE('',*,*,#3586,.F.);
#2813=ORIENTED_EDGE('',*,*,#4129,.T.);
#2814=ORIENTED_EDGE('',*,*,#4130,.F.);
#2815=ORIENTED_EDGE('',*,*,#4004,.F.);
#2816=ORIENTED_EDGE('',*,*,#4131,.T.);
#2817=ORIENTED_EDGE('',*,*,#4132,.T.);
#2818=ORIENTED_EDGE('',*,*,#4133,.T.);
#2819=ORIENTED_EDGE('',*,*,#3558,.F.);
#2820=ORIENTED_EDGE('',*,*,#4026,.T.);
#2821=ORIENTED_EDGE('',*,*,#4134,.F.);
#2822=ORIENTED_EDGE('',*,*,#4085,.F.);
#2823=ORIENTED_EDGE('',*,*,#4135,.F.);
#2824=ORIENTED_EDGE('',*,*,#4127,.T.);
#2825=ORIENTED_EDGE('',*,*,#4136,.T.);
#2826=ORIENTED_EDGE('',*,*,#4086,.F.);
#2827=ORIENTED_EDGE('',*,*,#4136,.F.);
#2828=ORIENTED_EDGE('',*,*,#4129,.F.);
#2829=ORIENTED_EDGE('',*,*,#3589,.F.);
#2830=ORIENTED_EDGE('',*,*,#4137,.F.);
#2831=ORIENTED_EDGE('',*,*,#4138,.T.);
#2832=ORIENTED_EDGE('',*,*,#4139,.F.);
#2833=ORIENTED_EDGE('',*,*,#4132,.F.);
#2834=ORIENTED_EDGE('',*,*,#4140,.F.);
#2835=ORIENTED_EDGE('',*,*,#3559,.T.);
#2836=ORIENTED_EDGE('',*,*,#4133,.F.);
#2837=ORIENTED_EDGE('',*,*,#4139,.T.);
#2838=ORIENTED_EDGE('',*,*,#4131,.F.);
#2839=ORIENTED_EDGE('',*,*,#4003,.F.);
#2840=ORIENTED_EDGE('',*,*,#4141,.F.);
#2841=ORIENTED_EDGE('',*,*,#4137,.T.);
#2842=ORIENTED_EDGE('',*,*,#3556,.F.);
#2843=ORIENTED_EDGE('',*,*,#3867,.F.);
#2844=ORIENTED_EDGE('',*,*,#4142,.T.);
#2845=ORIENTED_EDGE('',*,*,#4042,.T.);
#2846=ORIENTED_EDGE('',*,*,#4015,.T.);
#2847=ORIENTED_EDGE('',*,*,#4143,.F.);
#2848=ORIENTED_EDGE('',*,*,#4144,.F.);
#2849=ORIENTED_EDGE('',*,*,#3794,.T.);
#2850=ORIENTED_EDGE('',*,*,#3663,.T.);
#2851=ORIENTED_EDGE('',*,*,#4145,.F.);
#2852=ORIENTED_EDGE('',*,*,#3974,.F.);
#2853=ORIENTED_EDGE('',*,*,#3736,.T.);
#2854=ORIENTED_EDGE('',*,*,#3838,.F.);
#2855=ORIENTED_EDGE('',*,*,#4146,.F.);
#2856=ORIENTED_EDGE('',*,*,#4147,.F.);
#2857=ORIENTED_EDGE('',*,*,#3511,.F.);
#2858=ORIENTED_EDGE('',*,*,#4078,.T.);
#2859=ORIENTED_EDGE('',*,*,#3609,.F.);
#2860=ORIENTED_EDGE('',*,*,#4148,.F.);
#2861=ORIENTED_EDGE('',*,*,#3776,.T.);
#2862=ORIENTED_EDGE('',*,*,#4149,.T.);
#2863=ORIENTED_EDGE('',*,*,#4134,.T.);
#2864=ORIENTED_EDGE('',*,*,#4028,.T.);
#2865=ORIENTED_EDGE('',*,*,#4150,.T.);
#2866=ORIENTED_EDGE('',*,*,#4027,.F.);
#2867=ORIENTED_EDGE('',*,*,#3560,.F.);
#2868=ORIENTED_EDGE('',*,*,#4140,.T.);
#2869=ORIENTED_EDGE('',*,*,#4138,.F.);
#2870=ORIENTED_EDGE('',*,*,#4141,.T.);
#2871=ORIENTED_EDGE('',*,*,#4002,.F.);
#2872=ORIENTED_EDGE('',*,*,#4151,.T.);
#2873=ORIENTED_EDGE('',*,*,#4150,.F.);
#2874=ORIENTED_EDGE('',*,*,#4151,.F.);
#2875=ORIENTED_EDGE('',*,*,#4005,.T.);
#2876=ORIENTED_EDGE('',*,*,#4130,.T.);
#2877=ORIENTED_EDGE('',*,*,#4149,.F.);
#2878=ORIENTED_EDGE('',*,*,#4152,.T.);
#2879=ORIENTED_EDGE('',*,*,#4153,.F.);
#2880=ORIENTED_EDGE('',*,*,#4154,.F.);
#2881=ORIENTED_EDGE('',*,*,#3714,.T.);
#2882=ORIENTED_EDGE('',*,*,#4155,.T.);
#2883=ORIENTED_EDGE('',*,*,#3984,.F.);
#2884=ORIENTED_EDGE('',*,*,#4156,.F.);
#2885=ORIENTED_EDGE('',*,*,#3757,.T.);
#2886=ORIENTED_EDGE('',*,*,#4080,.T.);
#2887=ORIENTED_EDGE('',*,*,#3615,.F.);
#2888=ORIENTED_EDGE('',*,*,#3935,.F.);
#2889=ORIENTED_EDGE('',*,*,#3781,.T.);
#2890=ORIENTED_EDGE('',*,*,#4157,.T.);
#2891=ORIENTED_EDGE('',*,*,#3927,.T.);
#2892=ORIENTED_EDGE('',*,*,#3980,.T.);
#2893=ORIENTED_EDGE('',*,*,#3955,.T.);
#2894=ORIENTED_EDGE('',*,*,#3684,.T.);
#2895=ORIENTED_EDGE('',*,*,#4158,.F.);
#2896=ORIENTED_EDGE('',*,*,#4159,.F.);
#2897=ORIENTED_EDGE('',*,*,#3701,.T.);
#2898=ORIENTED_EDGE('',*,*,#4160,.T.);
#2899=ORIENTED_EDGE('',*,*,#4161,.F.);
#2900=ORIENTED_EDGE('',*,*,#4058,.F.);
#2901=ORIENTED_EDGE('',*,*,#3703,.T.);
#2902=ORIENTED_EDGE('',*,*,#4162,.T.);
#2903=ORIENTED_EDGE('',*,*,#3920,.T.);
#2904=ORIENTED_EDGE('',*,*,#3591,.T.);
#2905=ORIENTED_EDGE('',*,*,#3966,.T.);
#2906=ORIENTED_EDGE('',*,*,#4083,.T.);
#2907=ORIENTED_EDGE('',*,*,#4163,.F.);
#2908=ORIENTED_EDGE('',*,*,#4087,.F.);
#2909=ORIENTED_EDGE('',*,*,#3742,.T.);
#2910=ORIENTED_EDGE('',*,*,#4144,.T.);
#2911=ORIENTED_EDGE('',*,*,#4164,.F.);
#2912=ORIENTED_EDGE('',*,*,#4165,.F.);
#2913=ORIENTED_EDGE('',*,*,#3795,.T.);
#2914=ORIENTED_EDGE('',*,*,#4166,.F.);
#2915=ORIENTED_EDGE('',*,*,#3891,.T.);
#2916=ORIENTED_EDGE('',*,*,#4068,.T.);
#2917=ORIENTED_EDGE('',*,*,#3809,.F.);
#2918=ORIENTED_EDGE('',*,*,#4001,.F.);
#2919=ORIENTED_EDGE('',*,*,#3931,.T.);
#2920=ORIENTED_EDGE('',*,*,#3665,.F.);
#2921=ORIENTED_EDGE('',*,*,#3969,.T.);
#2922=ORIENTED_EDGE('',*,*,#4167,.F.);
#2923=ORIENTED_EDGE('',*,*,#3950,.T.);
#2924=ORIENTED_EDGE('',*,*,#3598,.T.);
#2925=ORIENTED_EDGE('',*,*,#4168,.F.);
#2926=ORIENTED_EDGE('',*,*,#4169,.T.);
#2927=ORIENTED_EDGE('',*,*,#4170,.F.);
#2928=ORIENTED_EDGE('',*,*,#4171,.F.);
#2929=ORIENTED_EDGE('',*,*,#3716,.T.);
#2930=ORIENTED_EDGE('',*,*,#3827,.T.);
#2931=ORIENTED_EDGE('',*,*,#4172,.F.);
#2932=ORIENTED_EDGE('',*,*,#4152,.F.);
#2933=ORIENTED_EDGE('',*,*,#3713,.T.);
#2934=ORIENTED_EDGE('',*,*,#3525,.F.);
#2935=ORIENTED_EDGE('',*,*,#3632,.F.);
#2936=ORIENTED_EDGE('',*,*,#3842,.T.);
#2937=ORIENTED_EDGE('',*,*,#3960,.F.);
#2938=ORIENTED_EDGE('',*,*,#4049,.F.);
#2939=ORIENTED_EDGE('',*,*,#4053,.F.);
#2940=ORIENTED_EDGE('',*,*,#3532,.F.);
#2941=ORIENTED_EDGE('',*,*,#4065,.F.);
#2942=ORIENTED_EDGE('',*,*,#3819,.F.);
#2943=ORIENTED_EDGE('',*,*,#4093,.F.);
#2944=ORIENTED_EDGE('',*,*,#3844,.F.);
#2945=ORIENTED_EDGE('',*,*,#3529,.F.);
#2946=ORIENTED_EDGE('',*,*,#3584,.F.);
#2947=ORIENTED_EDGE('',*,*,#4173,.F.);
#2948=ORIENTED_EDGE('',*,*,#4174,.T.);
#2949=ORIENTED_EDGE('',*,*,#4175,.F.);
#2950=ORIENTED_EDGE('',*,*,#4176,.T.);
#2951=ORIENTED_EDGE('',*,*,#3562,.F.);
#2952=ORIENTED_EDGE('',*,*,#4177,.T.);
#2953=ORIENTED_EDGE('',*,*,#4178,.F.);
#2954=ORIENTED_EDGE('',*,*,#4177,.F.);
#2955=ORIENTED_EDGE('',*,*,#3565,.T.);
#2956=ORIENTED_EDGE('',*,*,#4097,.T.);
#2957=ORIENTED_EDGE('',*,*,#4179,.F.);
#2958=ORIENTED_EDGE('',*,*,#3852,.T.);
#2959=ORIENTED_EDGE('',*,*,#4180,.F.);
#2960=ORIENTED_EDGE('',*,*,#4181,.F.);
#2961=ORIENTED_EDGE('',*,*,#3707,.T.);
#2962=ORIENTED_EDGE('',*,*,#4182,.T.);
#2963=ORIENTED_EDGE('',*,*,#4183,.F.);
#2964=ORIENTED_EDGE('',*,*,#3661,.F.);
#2965=ORIENTED_EDGE('',*,*,#3735,.T.);
#2966=ORIENTED_EDGE('',*,*,#3541,.F.);
#2967=ORIENTED_EDGE('',*,*,#3627,.F.);
#2968=ORIENTED_EDGE('',*,*,#4118,.F.);
#2969=ORIENTED_EDGE('',*,*,#4184,.F.);
#2970=ORIENTED_EDGE('',*,*,#3543,.F.);
#2971=ORIENTED_EDGE('',*,*,#4185,.T.);
#2972=ORIENTED_EDGE('',*,*,#3676,.T.);
#2973=ORIENTED_EDGE('',*,*,#3634,.F.);
#2974=ORIENTED_EDGE('',*,*,#4030,.T.);
#2975=ORIENTED_EDGE('',*,*,#4011,.T.);
#2976=ORIENTED_EDGE('',*,*,#3516,.T.);
#2977=ORIENTED_EDGE('',*,*,#3669,.T.);
#2978=ORIENTED_EDGE('',*,*,#3639,.T.);
#2979=ORIENTED_EDGE('',*,*,#3487,.T.);
#2980=ORIENTED_EDGE('',*,*,#3509,.T.);
#2981=ORIENTED_EDGE('',*,*,#4186,.T.);
#2982=ORIENTED_EDGE('',*,*,#4046,.T.);
#2983=ORIENTED_EDGE('',*,*,#4187,.T.);
#2984=ORIENTED_EDGE('',*,*,#4188,.T.);
#2985=ORIENTED_EDGE('',*,*,#4189,.T.);
#2986=ORIENTED_EDGE('',*,*,#4107,.T.);
#2987=ORIENTED_EDGE('',*,*,#4190,.T.);
#2988=ORIENTED_EDGE('',*,*,#4191,.T.);
#2989=ORIENTED_EDGE('',*,*,#3813,.T.);
#2990=ORIENTED_EDGE('',*,*,#4128,.T.);
#2991=ORIENTED_EDGE('',*,*,#4135,.T.);
#2992=ORIENTED_EDGE('',*,*,#4084,.T.);
#2993=ORIENTED_EDGE('',*,*,#3587,.T.);
#2994=ORIENTED_EDGE('',*,*,#3997,.F.);
#2995=ORIENTED_EDGE('',*,*,#3495,.F.);
#2996=ORIENTED_EDGE('',*,*,#4192,.F.);
#2997=ORIENTED_EDGE('',*,*,#4094,.F.);
#2998=ORIENTED_EDGE('',*,*,#4171,.T.);
#2999=ORIENTED_EDGE('',*,*,#4193,.F.);
#3000=ORIENTED_EDGE('',*,*,#4194,.F.);
#3001=ORIENTED_EDGE('',*,*,#3717,.T.);
#3002=ORIENTED_EDGE('',*,*,#4195,.T.);
#3003=ORIENTED_EDGE('',*,*,#4196,.F.);
#3004=ORIENTED_EDGE('',*,*,#4182,.F.);
#3005=ORIENTED_EDGE('',*,*,#3734,.T.);
#3006=ORIENTED_EDGE('',*,*,#4075,.T.);
#3007=ORIENTED_EDGE('',*,*,#3995,.F.);
#3008=ORIENTED_EDGE('',*,*,#3976,.F.);
#3009=ORIENTED_EDGE('',*,*,#3799,.T.);
#3010=ORIENTED_EDGE('',*,*,#4179,.T.);
#3011=ORIENTED_EDGE('',*,*,#4102,.T.);
#3012=ORIENTED_EDGE('',*,*,#3585,.T.);
#3013=ORIENTED_EDGE('',*,*,#4178,.T.);
#3014=ORIENTED_EDGE('',*,*,#3572,.T.);
#3015=ORIENTED_EDGE('',*,*,#4197,.F.);
#3016=ORIENTED_EDGE('',*,*,#3594,.F.);
#3017=ORIENTED_EDGE('',*,*,#3798,.T.);
#3018=ORIENTED_EDGE('',*,*,#3568,.T.);
#3019=ORIENTED_EDGE('',*,*,#4198,.F.);
#3020=ORIENTED_EDGE('',*,*,#4199,.F.);
#3021=ORIENTED_EDGE('',*,*,#3783,.T.);
#3022=ORIENTED_EDGE('',*,*,#4199,.T.);
#3023=ORIENTED_EDGE('',*,*,#4200,.F.);
#3024=ORIENTED_EDGE('',*,*,#3971,.F.);
#3025=ORIENTED_EDGE('',*,*,#3784,.T.);
#3026=ORIENTED_EDGE('',*,*,#4201,.T.);
#3027=ORIENTED_EDGE('',*,*,#3993,.F.);
#3028=ORIENTED_EDGE('',*,*,#4202,.F.);
#3029=ORIENTED_EDGE('',*,*,#3764,.T.);
#3030=ORIENTED_EDGE('',*,*,#4202,.T.);
#3031=ORIENTED_EDGE('',*,*,#3992,.F.);
#3032=ORIENTED_EDGE('',*,*,#4092,.F.);
#3033=ORIENTED_EDGE('',*,*,#3765,.T.);
#3034=ORIENTED_EDGE('',*,*,#3942,.T.);
#3035=ORIENTED_EDGE('',*,*,#3994,.F.);
#3036=ORIENTED_EDGE('',*,*,#4201,.F.);
#3037=ORIENTED_EDGE('',*,*,#3763,.T.);
#3038=ORIENTED_EDGE('',*,*,#4010,.T.);
#3039=ORIENTED_EDGE('',*,*,#3989,.F.);
#3040=ORIENTED_EDGE('',*,*,#3943,.F.);
#3041=ORIENTED_EDGE('',*,*,#3768,.T.);
#3042=ORIENTED_EDGE('',*,*,#4122,.T.);
#3043=ORIENTED_EDGE('',*,*,#4203,.F.);
#3044=ORIENTED_EDGE('',*,*,#4081,.F.);
#3045=ORIENTED_EDGE('',*,*,#3740,.T.);
#3046=ORIENTED_EDGE('',*,*,#4055,.F.);
#3047=ORIENTED_EDGE('',*,*,#4204,.F.);
#3048=ORIENTED_EDGE('',*,*,#4031,.T.);
#3049=ORIENTED_EDGE('',*,*,#4189,.F.);
#3050=ORIENTED_EDGE('',*,*,#4205,.T.);
#3051=ORIENTED_EDGE('',*,*,#4206,.F.);
#3052=ORIENTED_EDGE('',*,*,#3593,.T.);
#3053=ORIENTED_EDGE('',*,*,#4089,.T.);
#3054=ORIENTED_EDGE('',*,*,#4207,.F.);
#3055=ORIENTED_EDGE('',*,*,#4090,.F.);
#3056=ORIENTED_EDGE('',*,*,#3744,.T.);
#3057=ORIENTED_EDGE('',*,*,#3836,.T.);
#3058=ORIENTED_EDGE('',*,*,#4208,.F.);
#3059=ORIENTED_EDGE('',*,*,#4076,.F.);
#3060=ORIENTED_EDGE('',*,*,#3790,.T.);
#3061=ORIENTED_EDGE('',*,*,#4209,.F.);
#3062=ORIENTED_EDGE('',*,*,#4210,.F.);
#3063=ORIENTED_EDGE('',*,*,#4187,.F.);
#3064=ORIENTED_EDGE('',*,*,#4045,.T.);
#3065=ORIENTED_EDGE('',*,*,#4211,.T.);
#3066=ORIENTED_EDGE('',*,*,#4056,.F.);
#3067=ORIENTED_EDGE('',*,*,#4212,.F.);
#3068=ORIENTED_EDGE('',*,*,#4156,.T.);
#3069=ORIENTED_EDGE('',*,*,#3983,.F.);
#3070=ORIENTED_EDGE('',*,*,#3880,.F.);
#3071=ORIENTED_EDGE('',*,*,#3758,.T.);
#3072=ORIENTED_EDGE('',*,*,#4098,.F.);
#3073=ORIENTED_EDGE('',*,*,#3563,.F.);
#3074=ORIENTED_EDGE('',*,*,#4176,.F.);
#3075=ORIENTED_EDGE('',*,*,#4213,.T.);
#3076=ORIENTED_EDGE('',*,*,#4007,.F.);
#3077=ORIENTED_EDGE('',*,*,#3951,.T.);
#3078=ORIENTED_EDGE('',*,*,#4167,.T.);
#3079=ORIENTED_EDGE('',*,*,#4214,.F.);
#3080=ORIENTED_EDGE('',*,*,#4215,.T.);
#3081=ORIENTED_EDGE('',*,*,#3905,.F.);
#3082=ORIENTED_EDGE('',*,*,#4016,.F.);
#3083=ORIENTED_EDGE('',*,*,#4034,.T.);
#3084=ORIENTED_EDGE('',*,*,#4216,.T.);
#3085=ORIENTED_EDGE('',*,*,#4217,.F.);
#3086=ORIENTED_EDGE('',*,*,#3570,.F.);
#3087=ORIENTED_EDGE('',*,*,#3797,.T.);
#3088=ORIENTED_EDGE('',*,*,#4218,.F.);
#3089=ORIENTED_EDGE('',*,*,#4190,.F.);
#3090=ORIENTED_EDGE('',*,*,#4106,.T.);
#3091=ORIENTED_EDGE('',*,*,#4219,.T.);
#3092=ORIENTED_EDGE('',*,*,#4220,.T.);
#3093=ORIENTED_EDGE('',*,*,#4221,.F.);
#3094=ORIENTED_EDGE('',*,*,#4195,.F.);
#3095=ORIENTED_EDGE('',*,*,#3733,.T.);
#3096=ORIENTED_EDGE('',*,*,#3618,.F.);
#3097=ORIENTED_EDGE('',*,*,#3925,.T.);
#3098=ORIENTED_EDGE('',*,*,#3946,.T.);
#3099=ORIENTED_EDGE('',*,*,#3957,.T.);
#3100=ORIENTED_EDGE('',*,*,#3603,.T.);
#3101=ORIENTED_EDGE('',*,*,#4029,.T.);
#3102=ORIENTED_EDGE('',*,*,#4222,.F.);
#3103=ORIENTED_EDGE('',*,*,#3507,.F.);
#3104=ORIENTED_EDGE('',*,*,#4205,.F.);
#3105=ORIENTED_EDGE('',*,*,#4188,.F.);
#3106=ORIENTED_EDGE('',*,*,#4210,.T.);
#3107=ORIENTED_EDGE('',*,*,#4223,.F.);
#3108=ORIENTED_EDGE('',*,*,#3814,.F.);
#3109=ORIENTED_EDGE('',*,*,#4191,.F.);
#3110=ORIENTED_EDGE('',*,*,#4218,.T.);
#3111=ORIENTED_EDGE('',*,*,#4224,.T.);
#3112=ORIENTED_EDGE('',*,*,#4174,.F.);
#3113=ORIENTED_EDGE('',*,*,#4225,.T.);
#3114=ORIENTED_EDGE('',*,*,#4100,.F.);
#3115=ORIENTED_EDGE('',*,*,#4226,.T.);
#3116=ORIENTED_EDGE('',*,*,#4095,.F.);
#3117=ORIENTED_EDGE('',*,*,#4192,.T.);
#3118=ORIENTED_EDGE('',*,*,#3494,.T.);
#3119=ORIENTED_EDGE('',*,*,#4227,.T.);
#3120=ORIENTED_EDGE('',*,*,#4148,.T.);
#3121=ORIENTED_EDGE('',*,*,#3608,.F.);
#3122=ORIENTED_EDGE('',*,*,#3885,.F.);
#3123=ORIENTED_EDGE('',*,*,#3777,.T.);
#3124=ORIENTED_EDGE('',*,*,#3936,.T.);
#3125=ORIENTED_EDGE('',*,*,#3613,.F.);
#3126=ORIENTED_EDGE('',*,*,#3578,.F.);
#3127=ORIENTED_EDGE('',*,*,#3772,.T.);
#3128=ORIENTED_EDGE('',*,*,#4228,.T.);
#3129=ORIENTED_EDGE('',*,*,#4229,.F.);
#3130=ORIENTED_EDGE('',*,*,#4220,.F.);
#3131=ORIENTED_EDGE('',*,*,#3732,.T.);
#3132=ORIENTED_EDGE('',*,*,#4025,.T.);
#3133=ORIENTED_EDGE('',*,*,#4230,.F.);
#3134=ORIENTED_EDGE('',*,*,#4231,.F.);
#3135=ORIENTED_EDGE('',*,*,#3730,.T.);
#3136=ORIENTED_EDGE('',*,*,#4231,.T.);
#3137=ORIENTED_EDGE('',*,*,#4232,.F.);
#3138=ORIENTED_EDGE('',*,*,#4228,.F.);
#3139=ORIENTED_EDGE('',*,*,#3731,.T.);
#3140=ORIENTED_EDGE('',*,*,#4067,.F.);
#3141=ORIENTED_EDGE('',*,*,#3900,.T.);
#3142=ORIENTED_EDGE('',*,*,#4054,.F.);
#3143=ORIENTED_EDGE('',*,*,#4037,.F.);
#3144=ORIENTED_EDGE('',*,*,#3503,.T.);
#3145=ORIENTED_EDGE('',*,*,#3948,.T.);
#3146=ORIENTED_EDGE('',*,*,#4233,.T.);
#3147=ORIENTED_EDGE('',*,*,#4234,.F.);
#3148=ORIENTED_EDGE('',*,*,#4235,.F.);
#3149=ORIENTED_EDGE('',*,*,#3898,.T.);
#3150=ORIENTED_EDGE('',*,*,#4236,.T.);
#3151=ORIENTED_EDGE('',*,*,#4146,.T.);
#3152=ORIENTED_EDGE('',*,*,#3837,.F.);
#3153=ORIENTED_EDGE('',*,*,#4237,.F.);
#3154=ORIENTED_EDGE('',*,*,#4181,.T.);
#3155=ORIENTED_EDGE('',*,*,#4238,.F.);
#3156=ORIENTED_EDGE('',*,*,#3498,.F.);
#3157=ORIENTED_EDGE('',*,*,#3708,.T.);
#3158=ORIENTED_EDGE('',*,*,#4239,.T.);
#3159=ORIENTED_EDGE('',*,*,#4240,.F.);
#3160=ORIENTED_EDGE('',*,*,#4241,.F.);
#3161=ORIENTED_EDGE('',*,*,#3710,.T.);
#3162=ORIENTED_EDGE('',*,*,#4242,.T.);
#3163=ORIENTED_EDGE('',*,*,#4243,.F.);
#3164=ORIENTED_EDGE('',*,*,#3834,.F.);
#3165=ORIENTED_EDGE('',*,*,#3788,.T.);
#3166=ORIENTED_EDGE('',*,*,#4165,.T.);
#3167=ORIENTED_EDGE('',*,*,#4244,.F.);
#3168=ORIENTED_EDGE('',*,*,#4216,.F.);
#3169=ORIENTED_EDGE('',*,*,#3796,.T.);
#3170=ORIENTED_EDGE('',*,*,#4245,.T.);
#3171=ORIENTED_EDGE('',*,*,#3985,.F.);
#3172=ORIENTED_EDGE('',*,*,#4155,.F.);
#3173=ORIENTED_EDGE('',*,*,#3756,.T.);
#3174=ORIENTED_EDGE('',*,*,#3475,.F.);
#3175=ORIENTED_EDGE('',*,*,#3857,.F.);
#3176=ORIENTED_EDGE('',*,*,#3855,.F.);
#3177=ORIENTED_EDGE('',*,*,#3480,.F.);
#3178=ORIENTED_EDGE('',*,*,#3858,.F.);
#3179=ORIENTED_EDGE('',*,*,#3831,.F.);
#3180=ORIENTED_EDGE('',*,*,#3862,.T.);
#3181=ORIENTED_EDGE('',*,*,#3961,.F.);
#3182=ORIENTED_EDGE('',*,*,#3472,.T.);
#3183=ORIENTED_EDGE('',*,*,#3630,.F.);
#3184=ORIENTED_EDGE('',*,*,#4022,.T.);
#3185=ORIENTED_EDGE('',*,*,#3483,.F.);
#3186=ORIENTED_EDGE('',*,*,#3678,.F.);
#3187=ORIENTED_EDGE('',*,*,#4246,.T.);
#3188=ORIENTED_EDGE('',*,*,#3574,.T.);
#3189=ORIENTED_EDGE('',*,*,#3636,.F.);
#3190=ORIENTED_EDGE('',*,*,#4120,.F.);
#3191=ORIENTED_EDGE('',*,*,#3869,.T.);
#3192=ORIENTED_EDGE('',*,*,#4119,.T.);
#3193=ORIENTED_EDGE('',*,*,#4040,.F.);
#3194=ORIENTED_EDGE('',*,*,#4154,.T.);
#3195=ORIENTED_EDGE('',*,*,#4247,.F.);
#3196=ORIENTED_EDGE('',*,*,#4169,.F.);
#3197=ORIENTED_EDGE('',*,*,#3715,.T.);
#3198=ORIENTED_EDGE('',*,*,#3500,.T.);
#3199=ORIENTED_EDGE('',*,*,#4248,.F.);
#3200=ORIENTED_EDGE('',*,*,#4239,.F.);
#3201=ORIENTED_EDGE('',*,*,#3709,.T.);
#3202=ORIENTED_EDGE('',*,*,#4147,.T.);
#3203=ORIENTED_EDGE('',*,*,#4236,.F.);
#3204=ORIENTED_EDGE('',*,*,#3897,.T.);
#3205=ORIENTED_EDGE('',*,*,#3512,.F.);
#3206=ORIENTED_EDGE('',*,*,#3849,.T.);
#3207=ORIENTED_EDGE('',*,*,#4249,.F.);
#3208=ORIENTED_EDGE('',*,*,#4023,.F.);
#3209=ORIENTED_EDGE('',*,*,#3751,.T.);
#3210=ORIENTED_EDGE('',*,*,#3865,.T.);
#3211=ORIENTED_EDGE('',*,*,#4211,.F.);
#3212=ORIENTED_EDGE('',*,*,#4044,.T.);
#3213=ORIENTED_EDGE('',*,*,#4250,.T.);
#3214=ORIENTED_EDGE('',*,*,#4142,.F.);
#3215=ORIENTED_EDGE('',*,*,#3866,.F.);
#3216=ORIENTED_EDGE('',*,*,#4250,.F.);
#3217=ORIENTED_EDGE('',*,*,#4043,.T.);
#3218=ORIENTED_EDGE('',*,*,#4186,.F.);
#3219=ORIENTED_EDGE('',*,*,#3508,.F.);
#3220=ORIENTED_EDGE('',*,*,#4222,.T.);
#3221=ORIENTED_EDGE('',*,*,#4047,.T.);
#3222=ORIENTED_EDGE('',*,*,#4063,.F.);
#3223=ORIENTED_EDGE('',*,*,#4251,.T.);
#3224=ORIENTED_EDGE('',*,*,#3519,.F.);
#3225=ORIENTED_EDGE('',*,*,#3625,.T.);
#3226=ORIENTED_EDGE('',*,*,#3973,.T.);
#3227=ORIENTED_EDGE('',*,*,#4252,.F.);
#3228=ORIENTED_EDGE('',*,*,#4253,.F.);
#3229=ORIENTED_EDGE('',*,*,#3786,.T.);
#3230=ORIENTED_EDGE('',*,*,#4253,.T.);
#3231=ORIENTED_EDGE('',*,*,#4254,.F.);
#3232=ORIENTED_EDGE('',*,*,#4242,.F.);
#3233=ORIENTED_EDGE('',*,*,#3787,.T.);
#3234=ORIENTED_EDGE('',*,*,#3928,.F.);
#3235=ORIENTED_EDGE('',*,*,#4157,.F.);
#3236=ORIENTED_EDGE('',*,*,#3954,.F.);
#3237=ORIENTED_EDGE('',*,*,#4212,.T.);
#3238=ORIENTED_EDGE('',*,*,#4255,.T.);
#3239=ORIENTED_EDGE('',*,*,#3986,.F.);
#3240=ORIENTED_EDGE('',*,*,#4245,.F.);
#3241=ORIENTED_EDGE('',*,*,#3755,.T.);
#3242=ORIENTED_EDGE('',*,*,#3934,.T.);
#3243=ORIENTED_EDGE('',*,*,#3987,.F.);
#3244=ORIENTED_EDGE('',*,*,#4255,.F.);
#3245=ORIENTED_EDGE('',*,*,#3754,.T.);
#3246=ORIENTED_EDGE('',*,*,#4256,.F.);
#3247=ORIENTED_EDGE('',*,*,#4257,.T.);
#3248=ORIENTED_EDGE('',*,*,#4233,.F.);
#3249=ORIENTED_EDGE('',*,*,#3947,.F.);
#3250=ORIENTED_EDGE('',*,*,#4006,.F.);
#3251=ORIENTED_EDGE('',*,*,#4074,.T.);
#3252=ORIENTED_EDGE('',*,*,#3922,.T.);
#3253=ORIENTED_EDGE('',*,*,#4258,.T.);
#3254=ORIENTED_EDGE('',*,*,#3964,.T.);
#3255=ORIENTED_EDGE('',*,*,#4224,.F.);
#3256=ORIENTED_EDGE('',*,*,#4219,.F.);
#3257=ORIENTED_EDGE('',*,*,#4108,.F.);
#3258=ORIENTED_EDGE('',*,*,#3815,.F.);
#3259=ORIENTED_EDGE('',*,*,#4226,.F.);
#3260=ORIENTED_EDGE('',*,*,#4099,.F.);
#3261=ORIENTED_EDGE('',*,*,#4213,.F.);
#3262=ORIENTED_EDGE('',*,*,#4175,.T.);
#3263=ORIENTED_EDGE('',*,*,#4227,.F.);
#3264=ORIENTED_EDGE('',*,*,#3497,.F.);
#3265=ORIENTED_EDGE('',*,*,#3999,.F.);
#3266=ORIENTED_EDGE('',*,*,#4096,.F.);
#3267=ORIENTED_EDGE('',*,*,#4110,.F.);
#3268=ORIENTED_EDGE('',*,*,#4070,.F.);
#3269=ORIENTED_EDGE('',*,*,#4259,.F.);
#3270=ORIENTED_EDGE('',*,*,#4260,.T.);
#3271=ORIENTED_EDGE('',*,*,#4214,.T.);
#3272=ORIENTED_EDGE('',*,*,#4168,.T.);
#3273=ORIENTED_EDGE('',*,*,#3601,.T.);
#3274=ORIENTED_EDGE('',*,*,#4048,.T.);
#3275=ORIENTED_EDGE('',*,*,#3675,.T.);
#3276=ORIENTED_EDGE('',*,*,#3505,.F.);
#3277=ORIENTED_EDGE('',*,*,#3644,.T.);
#3278=ORIENTED_EDGE('',*,*,#4256,.T.);
#3279=ORIENTED_EDGE('',*,*,#4008,.T.);
#3280=ORIENTED_EDGE('',*,*,#4235,.T.);
#3281=ORIENTED_EDGE('',*,*,#3670,.T.);
#3282=ORIENTED_EDGE('',*,*,#3514,.T.);
#3283=ORIENTED_EDGE('',*,*,#3899,.T.);
#3284=ORIENTED_EDGE('',*,*,#4194,.T.);
#3285=ORIENTED_EDGE('',*,*,#4261,.F.);
#3286=ORIENTED_EDGE('',*,*,#4103,.F.);
#3287=ORIENTED_EDGE('',*,*,#3718,.T.);
#3288=ORIENTED_EDGE('',*,*,#4101,.T.);
#3289=ORIENTED_EDGE('',*,*,#4225,.F.);
#3290=ORIENTED_EDGE('',*,*,#4173,.T.);
#3291=ORIENTED_EDGE('',*,*,#3583,.F.);
#3292=ORIENTED_EDGE('',*,*,#3843,.F.);
#3293=ORIENTED_EDGE('',*,*,#3631,.F.);
#3294=ORIENTED_EDGE('',*,*,#3471,.T.);
#3295=ORIENTED_EDGE('',*,*,#3693,.F.);
#3296=ORIENTED_EDGE('',*,*,#3864,.F.);
#3297=ORIENTED_EDGE('',*,*,#3645,.T.);
#3298=ORIENTED_EDGE('',*,*,#3504,.T.);
#3299=ORIENTED_EDGE('',*,*,#4237,.T.);
#3300=ORIENTED_EDGE('',*,*,#3484,.T.);
#3301=ORIENTED_EDGE('',*,*,#4262,.T.);
#3302=ORIENTED_EDGE('',*,*,#3671,.T.);
#3303=ORIENTED_EDGE('',*,*,#4234,.T.);
#3304=ORIENTED_EDGE('',*,*,#4257,.F.);
#3305=ORIENTED_EDGE('',*,*,#3643,.T.);
#3306=ORIENTED_EDGE('',*,*,#3623,.T.);
#3307=ORIENTED_EDGE('',*,*,#4263,.T.);
#3308=ORIENTED_EDGE('',*,*,#3622,.F.);
#3309=ORIENTED_EDGE('',*,*,#3648,.F.);
#3310=ORIENTED_EDGE('',*,*,#3863,.F.);
#3311=ORIENTED_EDGE('',*,*,#4262,.F.);
#3312=ORIENTED_EDGE('',*,*,#3841,.F.);
#3313=ORIENTED_EDGE('',*,*,#3839,.F.);
#3314=ORIENTED_EDGE('',*,*,#3575,.F.);
#3315=ORIENTED_EDGE('',*,*,#4246,.F.);
#3316=ORIENTED_EDGE('',*,*,#3677,.F.);
#3317=ORIENTED_EDGE('',*,*,#4185,.F.);
#3318=ORIENTED_EDGE('',*,*,#3542,.F.);
#3319=ORIENTED_EDGE('',*,*,#4184,.T.);
#3320=ORIENTED_EDGE('',*,*,#4117,.T.);
#3321=ORIENTED_EDGE('',*,*,#3520,.T.);
#3322=ORIENTED_EDGE('',*,*,#4251,.F.);
#3323=ORIENTED_EDGE('',*,*,#4062,.F.);
#3324=ORIENTED_EDGE('',*,*,#3832,.F.);
#3325=ORIENTED_EDGE('',*,*,#4263,.F.);
#3326=ORIENTED_EDGE('',*,*,#4206,.T.);
#3327=ORIENTED_EDGE('',*,*,#4223,.T.);
#3328=ORIENTED_EDGE('',*,*,#4209,.T.);
#3329=ORIENTED_EDGE('',*,*,#3953,.T.);
#3330=ORIENTED_EDGE('',*,*,#4258,.F.);
#3331=ORIENTED_EDGE('',*,*,#3921,.T.);
#3332=ORIENTED_EDGE('',*,*,#4162,.F.);
#3333=ORIENTED_EDGE('',*,*,#3965,.T.);
#3334=ORIENTED_EDGE('',*,*,#4264,.F.);
#3335=ORIENTED_EDGE('',*,*,#3906,.F.);
#3336=ORIENTED_EDGE('',*,*,#4215,.F.);
#3337=ORIENTED_EDGE('',*,*,#4033,.T.);
#3338=ORIENTED_EDGE('',*,*,#3938,.T.);
#3339=ORIENTED_EDGE('',*,*,#3902,.T.);
#3340=ORIENTED_EDGE('',*,*,#4066,.F.);
#3341=ORIENTED_EDGE('',*,*,#4035,.F.);
#3342=ORIENTED_EDGE('',*,*,#4125,.T.);
#3343=ORIENTED_EDGE('',*,*,#4265,.F.);
#3344=ORIENTED_EDGE('',*,*,#4019,.F.);
#3345=ORIENTED_EDGE('',*,*,#3725,.T.);
#3346=ORIENTED_EDGE('',*,*,#4204,.T.);
#3347=ORIENTED_EDGE('',*,*,#3907,.T.);
#3348=ORIENTED_EDGE('',*,*,#4264,.T.);
#3349=ORIENTED_EDGE('',*,*,#4032,.F.);
#3350=ORIENTED_EDGE('',*,*,#4069,.F.);
#3351=ORIENTED_EDGE('',*,*,#3889,.F.);
#3352=ORIENTED_EDGE('',*,*,#4266,.T.);
#3353=ORIENTED_EDGE('',*,*,#4259,.T.);
#3354=ORIENTED_EDGE('',*,*,#4241,.T.);
#3355=ORIENTED_EDGE('',*,*,#4267,.F.);
#3356=ORIENTED_EDGE('',*,*,#3825,.F.);
#3357=ORIENTED_EDGE('',*,*,#3711,.T.);
#3358=ORIENTED_EDGE('',*,*,#3804,.F.);
#3359=ORIENTED_EDGE('',*,*,#3808,.F.);
#3360=ORIENTED_EDGE('',*,*,#4109,.F.);
#3361=ORIENTED_EDGE('',*,*,#4260,.F.);
#3362=ORIENTED_EDGE('',*,*,#4266,.F.);
#3363=ORIENTED_EDGE('',*,*,#3888,.F.);
#3364=ORIENTED_EDGE('',*,*,#4166,.T.);
#3365=ORIENTED_EDGE('',*,*,#3811,.F.);
#3366=ORIENTED_EDGE('',*,*,#4159,.T.);
#3367=ORIENTED_EDGE('',*,*,#4268,.F.);
#3368=ORIENTED_EDGE('',*,*,#4160,.F.);
#3369=ORIENTED_EDGE('',*,*,#3702,.T.);
#3370=ORIENTED_EDGE('',*,*,#4249,.T.);
#3371=ORIENTED_EDGE('',*,*,#3848,.T.);
#3372=ORIENTED_EDGE('',*,*,#3918,.T.);
#3373=ORIENTED_EDGE('',*,*,#3914,.T.);
#3374=ORIENTED_EDGE('',*,*,#3912,.T.);
#3375=ORIENTED_EDGE('',*,*,#3917,.T.);
#3376=ORIENTED_EDGE('',*,*,#4091,.T.);
#3377=ORIENTED_EDGE('',*,*,#4207,.T.);
#3378=ORIENTED_EDGE('',*,*,#4088,.T.);
#3379=ORIENTED_EDGE('',*,*,#4163,.T.);
#3380=ORIENTED_EDGE('',*,*,#4082,.T.);
#3381=ORIENTED_EDGE('',*,*,#4203,.T.);
#3382=ORIENTED_EDGE('',*,*,#4121,.T.);
#3383=ORIENTED_EDGE('',*,*,#3893,.T.);
#3384=ORIENTED_EDGE('',*,*,#3975,.T.);
#3385=ORIENTED_EDGE('',*,*,#4145,.T.);
#3386=ORIENTED_EDGE('',*,*,#3662,.T.);
#3387=ORIENTED_EDGE('',*,*,#4183,.T.);
#3388=ORIENTED_EDGE('',*,*,#4196,.T.);
#3389=ORIENTED_EDGE('',*,*,#4221,.T.);
#3390=ORIENTED_EDGE('',*,*,#4229,.T.);
#3391=ORIENTED_EDGE('',*,*,#4232,.T.);
#3392=ORIENTED_EDGE('',*,*,#4230,.T.);
#3393=ORIENTED_EDGE('',*,*,#4024,.T.);
#3394=ORIENTED_EDGE('',*,*,#4197,.T.);
#3395=ORIENTED_EDGE('',*,*,#3571,.T.);
#3396=ORIENTED_EDGE('',*,*,#4217,.T.);
#3397=ORIENTED_EDGE('',*,*,#4244,.T.);
#3398=ORIENTED_EDGE('',*,*,#4164,.T.);
#3399=ORIENTED_EDGE('',*,*,#4143,.T.);
#3400=ORIENTED_EDGE('',*,*,#4014,.T.);
#3401=ORIENTED_EDGE('',*,*,#4073,.T.);
#3402=ORIENTED_EDGE('',*,*,#4077,.T.);
#3403=ORIENTED_EDGE('',*,*,#4208,.T.);
#3404=ORIENTED_EDGE('',*,*,#3835,.T.);
#3405=ORIENTED_EDGE('',*,*,#4243,.T.);
#3406=ORIENTED_EDGE('',*,*,#4254,.T.);
#3407=ORIENTED_EDGE('',*,*,#4252,.T.);
#3408=ORIENTED_EDGE('',*,*,#3972,.T.);
#3409=ORIENTED_EDGE('',*,*,#4200,.T.);
#3410=ORIENTED_EDGE('',*,*,#4198,.T.);
#3411=ORIENTED_EDGE('',*,*,#3567,.T.);
#3412=ORIENTED_EDGE('',*,*,#3981,.T.);
#3413=ORIENTED_EDGE('',*,*,#3595,.T.);
#3414=ORIENTED_EDGE('',*,*,#4269,.T.);
#3415=ORIENTED_EDGE('',*,*,#3883,.T.);
#3416=ORIENTED_EDGE('',*,*,#4270,.T.);
#3417=ORIENTED_EDGE('',*,*,#4020,.T.);
#3418=ORIENTED_EDGE('',*,*,#4265,.T.);
#3419=ORIENTED_EDGE('',*,*,#4124,.T.);
#3420=ORIENTED_EDGE('',*,*,#4271,.T.);
#3421=ORIENTED_EDGE('',*,*,#4114,.T.);
#3422=ORIENTED_EDGE('',*,*,#4112,.T.);
#3423=ORIENTED_EDGE('',*,*,#4116,.T.);
#3424=ORIENTED_EDGE('',*,*,#4104,.T.);
#3425=ORIENTED_EDGE('',*,*,#4261,.T.);
#3426=ORIENTED_EDGE('',*,*,#4193,.T.);
#3427=ORIENTED_EDGE('',*,*,#4170,.T.);
#3428=ORIENTED_EDGE('',*,*,#4247,.T.);
#3429=ORIENTED_EDGE('',*,*,#4153,.T.);
#3430=ORIENTED_EDGE('',*,*,#4172,.T.);
#3431=ORIENTED_EDGE('',*,*,#3826,.T.);
#3432=ORIENTED_EDGE('',*,*,#4267,.T.);
#3433=ORIENTED_EDGE('',*,*,#4240,.T.);
#3434=ORIENTED_EDGE('',*,*,#4248,.T.);
#3435=ORIENTED_EDGE('',*,*,#3499,.T.);
#3436=ORIENTED_EDGE('',*,*,#4238,.T.);
#3437=ORIENTED_EDGE('',*,*,#4180,.T.);
#3438=ORIENTED_EDGE('',*,*,#3851,.T.);
#3439=ORIENTED_EDGE('',*,*,#4126,.T.);
#3440=ORIENTED_EDGE('',*,*,#4059,.T.);
#3441=ORIENTED_EDGE('',*,*,#4161,.T.);
#3442=ORIENTED_EDGE('',*,*,#4268,.T.);
#3443=ORIENTED_EDGE('',*,*,#4158,.T.);
#3444=ORIENTED_EDGE('',*,*,#3683,.T.);
#3445=ORIENTED_EDGE('',*,*,#3879,.T.);
#3446=ORIENTED_EDGE('',*,*,#3821,.T.);
#3447=ORIENTED_EDGE('',*,*,#4018,.T.);
#3448=ORIENTED_EDGE('',*,*,#3877,.T.);
#3449=ORIENTED_EDGE('',*,*,#3875,.T.);
#3450=ORIENTED_EDGE('',*,*,#3547,.T.);
#3451=ORIENTED_EDGE('',*,*,#4061,.T.);
#3452=ORIENTED_EDGE('',*,*,#3823,.T.);
#3453=ORIENTED_EDGE('',*,*,#3551,.T.);
#3454=ORIENTED_EDGE('',*,*,#3884,.T.);
#3455=ORIENTED_EDGE('',*,*,#4269,.F.);
#3456=ORIENTED_EDGE('',*,*,#3550,.F.);
#3457=ORIENTED_EDGE('',*,*,#3729,.T.);
#3458=ORIENTED_EDGE('',*,*,#4115,.T.);
#3459=ORIENTED_EDGE('',*,*,#4271,.F.);
#3460=ORIENTED_EDGE('',*,*,#4123,.F.);
#3461=ORIENTED_EDGE('',*,*,#3723,.T.);
#3462=ORIENTED_EDGE('',*,*,#4021,.T.);
#3463=ORIENTED_EDGE('',*,*,#4270,.F.);
#3464=ORIENTED_EDGE('',*,*,#3882,.F.);
#3465=ORIENTED_EDGE('',*,*,#3727,.T.);
#3466=EDGE_CURVE('',#4272,#4273,#4804,.T.);
#3467=EDGE_CURVE('',#4274,#4273,#314,.T.);
#3468=EDGE_CURVE('',#4275,#4274,#312,.T.);
#3469=EDGE_CURVE('',#4272,#4275,#315,.T.);
#3470=EDGE_CURVE('',#4276,#4274,#316,.T.);
#3471=EDGE_CURVE('',#4277,#4276,#4805,.T.);
#3472=EDGE_CURVE('',#4275,#4277,#317,.T.);
#3473=EDGE_CURVE('',#4278,#4279,#318,.T.);
#3474=EDGE_CURVE('',#4279,#4280,#319,.T.);
#3475=EDGE_CURVE('',#4280,#4281,#320,.T.);
#3476=EDGE_CURVE('',#4281,#4278,#40,.T.);
#3477=EDGE_CURVE('',#4282,#4283,#321,.T.);
#3478=EDGE_CURVE('',#4283,#4284,#322,.T.);
#3479=EDGE_CURVE('',#4284,#4285,#323,.T.);
#3480=EDGE_CURVE('',#4285,#4282,#324,.T.);
#3481=EDGE_CURVE('',#4286,#4287,#325,.T.);
#3482=EDGE_CURVE('',#4287,#4278,#12,.T.);
#3483=EDGE_CURVE('',#4281,#4286,#13,.F.);
#3484=EDGE_CURVE('',#4288,#4289,#326,.T.);
#3485=EDGE_CURVE('',#4290,#4288,#327,.T.);
#3486=EDGE_CURVE('',#4291,#4290,#328,.T.);
#3487=EDGE_CURVE('',#4292,#4291,#329,.T.);
#3488=EDGE_CURVE('',#4292,#4293,#330,.T.);
#3489=EDGE_CURVE('',#4293,#4289,#331,.T.);
#3490=EDGE_CURVE('',#4294,#4295,#332,.T.);
#3491=EDGE_CURVE('',#4296,#4295,#333,.T.);
#3492=EDGE_CURVE('',#4297,#4296,#334,.T.);
#3493=EDGE_CURVE('',#4297,#4294,#335,.T.);
#3494=EDGE_CURVE('',#4298,#4299,#336,.T.);
#3495=EDGE_CURVE('',#4298,#4300,#337,.T.);
#3496=EDGE_CURVE('',#4300,#4301,#338,.T.);
#3497=EDGE_CURVE('',#4301,#4299,#339,.T.);
#3498=EDGE_CURVE('',#4302,#4303,#340,.T.);
#3499=EDGE_CURVE('',#4304,#4303,#341,.T.);
#3500=EDGE_CURVE('',#4305,#4304,#342,.T.);
#3501=EDGE_CURVE('',#4305,#4302,#343,.T.);
#3502=EDGE_CURVE('',#4306,#4307,#344,.T.);
#3503=EDGE_CURVE('',#4308,#4306,#345,.T.);
#3504=EDGE_CURVE('',#4309,#4308,#346,.T.);
#3505=EDGE_CURVE('',#4309,#4310,#347,.T.);
#3506=EDGE_CURVE('',#4307,#4310,#348,.T.);
#3507=EDGE_CURVE('',#4311,#4312,#349,.T.);
#3508=EDGE_CURVE('',#4312,#4313,#350,.T.);
#3509=EDGE_CURVE('',#4291,#4313,#351,.T.);
#3510=EDGE_CURVE('',#4290,#4314,#352,.T.);
#3511=EDGE_CURVE('',#4314,#4315,#353,.T.);
#3512=EDGE_CURVE('',#4315,#4316,#354,.T.);
#3513=EDGE_CURVE('',#4316,#4317,#355,.T.);
#3514=EDGE_CURVE('',#4318,#4317,#356,.T.);
#3515=EDGE_CURVE('',#4319,#4318,#357,.T.);
#3516=EDGE_CURVE('',#4320,#4319,#358,.T.);
#3517=EDGE_CURVE('',#4320,#4321,#359,.T.);
#3518=EDGE_CURVE('',#4321,#4311,#360,.T.);
#3519=EDGE_CURVE('',#4322,#4323,#361,.T.);
#3520=EDGE_CURVE('',#4324,#4323,#362,.T.);
#3521=EDGE_CURVE('',#4324,#4325,#363,.T.);
#3522=EDGE_CURVE('',#4322,#4325,#364,.T.);
#3523=EDGE_CURVE('',#4326,#4327,#365,.T.);
#3524=EDGE_CURVE('',#4327,#4328,#366,.T.);
#3525=EDGE_CURVE('',#4328,#4329,#367,.T.);
#3526=EDGE_CURVE('',#4326,#4329,#368,.T.);
#3527=EDGE_CURVE('',#4330,#4331,#41,.T.);
#3528=EDGE_CURVE('',#4330,#4326,#14,.F.);
#3529=EDGE_CURVE('',#4329,#4331,#15,.T.);
#3530=EDGE_CURVE('',#4332,#4333,#369,.T.);
#3531=EDGE_CURVE('',#4333,#4334,#370,.T.);
#3532=EDGE_CURVE('',#4334,#4335,#371,.T.);
#3533=EDGE_CURVE('',#4335,#4332,#42,.T.);
#3534=EDGE_CURVE('',#4336,#4337,#372,.T.);
#3535=EDGE_CURVE('',#4336,#4338,#373,.T.);
#3536=EDGE_CURVE('',#4339,#4338,#374,.T.);
#3537=EDGE_CURVE('',#4339,#4340,#375,.T.);
#3538=EDGE_CURVE('',#4341,#4340,#376,.T.);
#3539=EDGE_CURVE('',#4342,#4341,#377,.T.);
#3540=EDGE_CURVE('',#4343,#4342,#378,.T.);
#3541=EDGE_CURVE('',#4343,#4344,#379,.T.);
#3542=EDGE_CURVE('',#4344,#4345,#380,.T.);
#3543=EDGE_CURVE('',#4345,#4346,#381,.T.);
#3544=EDGE_CURVE('',#4347,#4346,#382,.T.);
#3545=EDGE_CURVE('',#4347,#4337,#383,.T.);
#3546=EDGE_CURVE('',#4348,#4349,#384,.T.);
#3547=EDGE_CURVE('',#4350,#4349,#385,.T.);
#3548=EDGE_CURVE('',#4351,#4350,#386,.T.);
#3549=EDGE_CURVE('',#4351,#4348,#387,.T.);
#3550=EDGE_CURVE('',#4352,#4353,#388,.T.);
#3551=EDGE_CURVE('',#4354,#4353,#389,.T.);
#3552=EDGE_CURVE('',#4355,#4354,#390,.T.);
#3553=EDGE_CURVE('',#4355,#4352,#391,.T.);
#3554=EDGE_CURVE('',#4356,#4357,#392,.T.);
#3555=EDGE_CURVE('',#4356,#4358,#393,.T.);
#3556=EDGE_CURVE('',#4358,#4359,#394,.T.);
#3557=EDGE_CURVE('',#4357,#4359,#395,.T.);
#3558=EDGE_CURVE('',#4360,#4361,#396,.T.);
#3559=EDGE_CURVE('',#4362,#4361,#397,.T.);
#3560=EDGE_CURVE('',#4362,#4363,#398,.T.);
#3561=EDGE_CURVE('',#4360,#4363,#399,.T.);
#3562=EDGE_CURVE('',#4364,#4365,#400,.T.);
#3563=EDGE_CURVE('',#4365,#4366,#401,.T.);
#3564=EDGE_CURVE('',#4366,#4367,#402,.T.);
#3565=EDGE_CURVE('',#4364,#4367,#403,.T.);
#3566=EDGE_CURVE('',#4368,#4369,#404,.T.);
#3567=EDGE_CURVE('',#4370,#4369,#405,.T.);
#3568=EDGE_CURVE('',#4371,#4370,#406,.T.);
#3569=EDGE_CURVE('',#4371,#4368,#407,.T.);
#3570=EDGE_CURVE('',#4372,#4373,#408,.T.);
#3571=EDGE_CURVE('',#4374,#4373,#409,.T.);
#3572=EDGE_CURVE('',#4375,#4374,#410,.T.);
#3573=EDGE_CURVE('',#4375,#4372,#411,.T.);
#3574=EDGE_CURVE('',#4376,#4377,#412,.T.);
#3575=EDGE_CURVE('',#4376,#4378,#16,.T.);
#3576=EDGE_CURVE('',#4379,#4378,#413,.T.);
#3577=EDGE_CURVE('',#4379,#4377,#17,.T.);
#3578=EDGE_CURVE('',#4380,#4381,#414,.T.);
#3579=EDGE_CURVE('',#4382,#4381,#415,.T.);
#3580=EDGE_CURVE('',#4383,#4382,#416,.T.);
#3581=EDGE_CURVE('',#4383,#4380,#417,.T.);
#3582=EDGE_CURVE('',#4384,#4385,#418,.T.);
#3583=EDGE_CURVE('',#4384,#4386,#419,.T.);
#3584=EDGE_CURVE('',#4386,#4387,#420,.T.);
#3585=EDGE_CURVE('',#4385,#4387,#421,.T.);
#3586=EDGE_CURVE('',#4388,#4389,#422,.T.);
#3587=EDGE_CURVE('',#4390,#4389,#423,.T.);
#3588=EDGE_CURVE('',#4390,#4391,#424,.T.);
#3589=EDGE_CURVE('',#4391,#4388,#425,.T.);
#3590=EDGE_CURVE('',#4392,#4393,#426,.T.);
#3591=EDGE_CURVE('',#4394,#4392,#427,.T.);
#3592=EDGE_CURVE('',#4395,#4394,#428,.T.);
#3593=EDGE_CURVE('',#4393,#4395,#429,.T.);
#3594=EDGE_CURVE('',#4396,#4397,#430,.T.);
#3595=EDGE_CURVE('',#4398,#4397,#431,.T.);
#3596=EDGE_CURVE('',#4399,#4398,#432,.T.);
#3597=EDGE_CURVE('',#4399,#4396,#433,.T.);
#3598=EDGE_CURVE('',#4400,#4401,#434,.T.);
#3599=EDGE_CURVE('',#4400,#4402,#435,.T.);
#3600=EDGE_CURVE('',#4402,#4403,#436,.T.);
#3601=EDGE_CURVE('',#4401,#4403,#437,.T.);
#3602=EDGE_CURVE('',#4404,#4405,#438,.T.);
#3603=EDGE_CURVE('',#4311,#4405,#439,.T.);
#3604=EDGE_CURVE('',#4321,#4404,#440,.T.);
#3605=EDGE_CURVE('',#4406,#4407,#441,.T.);
#3606=EDGE_CURVE('',#4407,#4408,#442,.T.);
#3607=EDGE_CURVE('',#4408,#4409,#443,.T.);
#3608=EDGE_CURVE('',#4409,#4410,#444,.T.);
#3609=EDGE_CURVE('',#4410,#4411,#445,.T.);
#3610=EDGE_CURVE('',#4411,#4412,#446,.T.);
#3611=EDGE_CURVE('',#4412,#4413,#447,.T.);
#3612=EDGE_CURVE('',#4413,#4382,#448,.T.);
#3613=EDGE_CURVE('',#4381,#4414,#449,.T.);
#3614=EDGE_CURVE('',#4414,#4415,#450,.T.);
#3615=EDGE_CURVE('',#4415,#4406,#451,.T.);
#3616=EDGE_CURVE('',#4416,#4417,#452,.T.);
#3617=EDGE_CURVE('',#4417,#4418,#453,.T.);
#3618=EDGE_CURVE('',#4418,#4419,#454,.T.);
#3619=EDGE_CURVE('',#4419,#4416,#455,.T.);
#3620=EDGE_CURVE('',#4420,#4421,#456,.T.);
#3621=EDGE_CURVE('',#4421,#4422,#457,.T.);
#3622=EDGE_CURVE('',#4422,#4423,#458,.T.);
#3623=EDGE_CURVE('',#4420,#4423,#459,.T.);
#3624=EDGE_CURVE('',#4424,#4425,#460,.T.);
#3625=EDGE_CURVE('',#4322,#4424,#18,.T.);
#3626=EDGE_CURVE('',#4325,#4426,#461,.T.);
#3627=EDGE_CURVE('',#4426,#4343,#462,.T.);
#3628=EDGE_CURVE('',#4427,#4342,#463,.T.);
#3629=EDGE_CURVE('',#4427,#4428,#464,.T.);
#3630=EDGE_CURVE('',#4428,#4277,#465,.T.);
#3631=EDGE_CURVE('',#4277,#4429,#466,.T.);
#3632=EDGE_CURVE('',#4429,#4328,#467,.T.);
#3633=EDGE_CURVE('',#4327,#4347,#468,.T.);
#3634=EDGE_CURVE('',#4346,#4430,#469,.T.);
#3635=EDGE_CURVE('',#4430,#4431,#470,.T.);
#3636=EDGE_CURVE('',#4431,#4377,#471,.T.);
#3637=EDGE_CURVE('',#4379,#4432,#472,.T.);
#3638=EDGE_CURVE('',#4293,#4432,#473,.T.);
#3639=EDGE_CURVE('',#4433,#4292,#474,.T.);
#3640=EDGE_CURVE('',#4433,#4434,#475,.T.);
#3641=EDGE_CURVE('',#4425,#4434,#476,.T.);
#3642=EDGE_CURVE('',#4421,#4435,#477,.T.);
#3643=EDGE_CURVE('',#4436,#4420,#478,.T.);
#3644=EDGE_CURVE('',#4309,#4436,#479,.T.);
#3645=EDGE_CURVE('',#4437,#4309,#480,.T.);
#3646=EDGE_CURVE('',#4435,#4437,#481,.T.);
#3647=EDGE_CURVE('',#4435,#4438,#482,.T.);
#3648=EDGE_CURVE('',#4438,#4422,#483,.T.);
#3649=EDGE_CURVE('',#4439,#4440,#484,.T.);
#3650=EDGE_CURVE('',#4441,#4440,#485,.T.);
#3651=EDGE_CURVE('',#4442,#4441,#486,.T.);
#3652=EDGE_CURVE('',#4442,#4439,#487,.T.);
#3653=EDGE_CURVE('',#4443,#4444,#488,.T.);
#3654=EDGE_CURVE('',#4445,#4444,#489,.T.);
#3655=EDGE_CURVE('',#4446,#4445,#490,.T.);
#3656=EDGE_CURVE('',#4446,#4443,#491,.T.);
#3657=EDGE_CURVE('',#4447,#4448,#492,.T.);
#3658=EDGE_CURVE('',#4448,#4449,#493,.T.);
#3659=EDGE_CURVE('',#4450,#4449,#494,.T.);
#3660=EDGE_CURVE('',#4450,#4447,#495,.T.);
#3661=EDGE_CURVE('',#4451,#4452,#496,.T.);
#3662=EDGE_CURVE('',#4453,#4452,#497,.T.);
#3663=EDGE_CURVE('',#4454,#4453,#498,.T.);
#3664=EDGE_CURVE('',#4454,#4451,#499,.T.);
#3665=EDGE_CURVE('',#4455,#4456,#500,.T.);
#3666=EDGE_CURVE('',#4456,#4457,#501,.T.);
#3667=EDGE_CURVE('',#4458,#4457,#502,.T.);
#3668=EDGE_CURVE('',#4458,#4455,#503,.T.);
#3669=EDGE_CURVE('',#4319,#4433,#504,.T.);
#3670=EDGE_CURVE('',#4459,#4318,#505,.T.);
#3671=EDGE_CURVE('',#4460,#4459,#506,.T.);
#3672=EDGE_CURVE('',#4434,#4460,#507,.T.);
#3673=EDGE_CURVE('',#4461,#4462,#508,.T.);
#3674=EDGE_CURVE('',#4461,#4307,#509,.T.);
#3675=EDGE_CURVE('',#4462,#4310,#510,.T.);
#3676=EDGE_CURVE('',#4463,#4430,#511,.T.);
#3677=EDGE_CURVE('',#4463,#4464,#512,.T.);
#3678=EDGE_CURVE('',#4464,#4431,#513,.T.);
#3679=EDGE_CURVE('',#4465,#4466,#514,.T.);
#3680=EDGE_CURVE('',#4465,#4356,#515,.T.);
#3681=EDGE_CURVE('',#4466,#4357,#516,.T.);
#3682=EDGE_CURVE('',#4467,#4468,#517,.T.);
#3683=EDGE_CURVE('',#4469,#4468,#518,.T.);
#3684=EDGE_CURVE('',#4470,#4469,#519,.T.);
#3685=EDGE_CURVE('',#4470,#4467,#520,.T.);
#3686=EDGE_CURVE('',#4449,#4471,#521,.T.);
#3687=EDGE_CURVE('',#4472,#4471,#522,.T.);
#3688=EDGE_CURVE('',#4472,#4450,#523,.T.);
#3689=EDGE_CURVE('',#4471,#4473,#524,.T.);
#3690=EDGE_CURVE('',#4473,#4474,#525,.T.);
#3691=EDGE_CURVE('',#4474,#4472,#526,.T.);
#3692=EDGE_CURVE('',#4273,#4475,#527,.T.);
#3693=EDGE_CURVE('',#4475,#4276,#528,.T.);
#3694=EDGE_CURVE('',#4476,#4355,#529,.T.);
#3695=EDGE_CURVE('',#4348,#4476,#530,.T.);
#3696=EDGE_CURVE('',#4477,#4351,#531,.T.);
#3697=EDGE_CURVE('',#4478,#4477,#532,.T.);
#3698=EDGE_CURVE('',#4479,#4478,#533,.T.);
#3699=EDGE_CURVE('',#4480,#4479,#534,.T.);
#3700=EDGE_CURVE('',#4467,#4480,#535,.T.);
#3701=EDGE_CURVE('',#4481,#4470,#536,.T.);
#3702=EDGE_CURVE('',#4482,#4481,#537,.T.);
#3703=EDGE_CURVE('',#4483,#4482,#538,.T.);
#3704=EDGE_CURVE('',#4484,#4483,#539,.T.);
#3705=EDGE_CURVE('',#4485,#4484,#540,.T.);
#3706=EDGE_CURVE('',#4486,#4485,#541,.T.);
#3707=EDGE_CURVE('',#4487,#4486,#542,.T.);
#3708=EDGE_CURVE('',#4302,#4487,#543,.T.);
#3709=EDGE_CURVE('',#4488,#4305,#544,.T.);
#3710=EDGE_CURVE('',#4489,#4488,#545,.T.);
#3711=EDGE_CURVE('',#4490,#4489,#546,.T.);
#3712=EDGE_CURVE('',#4491,#4490,#547,.T.);
#3713=EDGE_CURVE('',#4492,#4491,#548,.T.);
#3714=EDGE_CURVE('',#4493,#4492,#549,.T.);
#3715=EDGE_CURVE('',#4494,#4493,#550,.T.);
#3716=EDGE_CURVE('',#4495,#4494,#551,.T.);
#3717=EDGE_CURVE('',#4496,#4495,#552,.T.);
#3718=EDGE_CURVE('',#4497,#4496,#553,.T.);
#3719=EDGE_CURVE('',#4498,#4497,#554,.T.);
#3720=EDGE_CURVE('',#4499,#4498,#555,.T.);
#3721=EDGE_CURVE('',#4500,#4499,#556,.T.);
#3722=EDGE_CURVE('',#4501,#4500,#557,.T.);
#3723=EDGE_CURVE('',#4502,#4501,#558,.T.);
#3724=EDGE_CURVE('',#4503,#4502,#559,.T.);
#3725=EDGE_CURVE('',#4504,#4503,#560,.T.);
#3726=EDGE_CURVE('',#4505,#4504,#561,.T.);
#3727=EDGE_CURVE('',#4506,#4505,#562,.T.);
#3728=EDGE_CURVE('',#4507,#4506,#563,.T.);
#3729=EDGE_CURVE('',#4352,#4507,#564,.T.);
#3730=EDGE_CURVE('',#4508,#4509,#565,.T.);
#3731=EDGE_CURVE('',#4510,#4508,#566,.T.);
#3732=EDGE_CURVE('',#4511,#4510,#567,.T.);
#3733=EDGE_CURVE('',#4512,#4511,#568,.T.);
#3734=EDGE_CURVE('',#4513,#4512,#569,.T.);
#3735=EDGE_CURVE('',#4451,#4513,#570,.T.);
#3736=EDGE_CURVE('',#4514,#4454,#571,.T.);
#3737=EDGE_CURVE('',#4515,#4514,#572,.T.);
#3738=EDGE_CURVE('',#4516,#4515,#573,.T.);
#3739=EDGE_CURVE('',#4517,#4516,#574,.T.);
#3740=EDGE_CURVE('',#4518,#4517,#575,.T.);
#3741=EDGE_CURVE('',#4519,#4518,#576,.T.);
#3742=EDGE_CURVE('',#4520,#4519,#577,.T.);
#3743=EDGE_CURVE('',#4521,#4520,#578,.T.);
#3744=EDGE_CURVE('',#4522,#4521,#579,.T.);
#3745=EDGE_CURVE('',#4523,#4522,#580,.T.);
#3746=EDGE_CURVE('',#4524,#4523,#581,.T.);
#3747=EDGE_CURVE('',#4525,#4524,#582,.T.);
#3748=EDGE_CURVE('',#4526,#4525,#583,.T.);
#3749=EDGE_CURVE('',#4527,#4526,#584,.T.);
#3750=EDGE_CURVE('',#4528,#4527,#585,.T.);
#3751=EDGE_CURVE('',#4529,#4528,#586,.T.);
#3752=EDGE_CURVE('',#4509,#4529,#587,.T.);
#3753=EDGE_CURVE('',#4530,#4442,#588,.T.);
#3754=EDGE_CURVE('',#4531,#4530,#589,.T.);
#3755=EDGE_CURVE('',#4532,#4531,#590,.T.);
#3756=EDGE_CURVE('',#4533,#4532,#591,.T.);
#3757=EDGE_CURVE('',#4534,#4533,#592,.T.);
#3758=EDGE_CURVE('',#4535,#4534,#593,.T.);
#3759=EDGE_CURVE('',#4294,#4535,#594,.T.);
#3760=EDGE_CURVE('',#4536,#4297,#595,.T.);
#3761=EDGE_CURVE('',#4443,#4536,#596,.T.);
#3762=EDGE_CURVE('',#4439,#4446,#597,.T.);
#3763=EDGE_CURVE('',#4537,#4538,#598,.T.);
#3764=EDGE_CURVE('',#4539,#4537,#599,.T.);
#3765=EDGE_CURVE('',#4540,#4539,#600,.T.);
#3766=EDGE_CURVE('',#4541,#4540,#601,.T.);
#3767=EDGE_CURVE('',#4542,#4541,#602,.T.);
#3768=EDGE_CURVE('',#4543,#4542,#603,.T.);
#3769=EDGE_CURVE('',#4544,#4543,#604,.T.);
#3770=EDGE_CURVE('',#4538,#4544,#605,.T.);
#3771=EDGE_CURVE('',#4545,#4546,#606,.T.);
#3772=EDGE_CURVE('',#4380,#4545,#607,.T.);
#3773=EDGE_CURVE('',#4547,#4383,#608,.T.);
#3774=EDGE_CURVE('',#4548,#4547,#609,.T.);
#3775=EDGE_CURVE('',#4549,#4548,#610,.T.);
#3776=EDGE_CURVE('',#4550,#4549,#611,.T.);
#3777=EDGE_CURVE('',#4551,#4550,#612,.T.);
#3778=EDGE_CURVE('',#4552,#4551,#613,.T.);
#3779=EDGE_CURVE('',#4553,#4552,#614,.T.);
#3780=EDGE_CURVE('',#4554,#4553,#615,.T.);
#3781=EDGE_CURVE('',#4546,#4554,#616,.T.);
#3782=EDGE_CURVE('',#4368,#4399,#617,.T.);
#3783=EDGE_CURVE('',#4555,#4371,#618,.T.);
#3784=EDGE_CURVE('',#4556,#4555,#619,.T.);
#3785=EDGE_CURVE('',#4557,#4556,#620,.T.);
#3786=EDGE_CURVE('',#4558,#4557,#621,.T.);
#3787=EDGE_CURVE('',#4559,#4558,#622,.T.);
#3788=EDGE_CURVE('',#4560,#4559,#623,.T.);
#3789=EDGE_CURVE('',#4561,#4560,#624,.T.);
#3790=EDGE_CURVE('',#4562,#4561,#625,.T.);
#3791=EDGE_CURVE('',#4563,#4562,#626,.T.);
#3792=EDGE_CURVE('',#4564,#4563,#627,.T.);
#3793=EDGE_CURVE('',#4565,#4564,#628,.T.);
#3794=EDGE_CURVE('',#4566,#4565,#629,.T.);
#3795=EDGE_CURVE('',#4567,#4566,#630,.T.);
#3796=EDGE_CURVE('',#4568,#4567,#631,.T.);
#3797=EDGE_CURVE('',#4372,#4568,#632,.T.);
#3798=EDGE_CURVE('',#4396,#4375,#633,.T.);
#3799=EDGE_CURVE('',#4569,#4570,#634,.T.);
#3800=EDGE_CURVE('',#4571,#4569,#635,.T.);
#3801=EDGE_CURVE('',#4570,#4571,#636,.T.);
#3802=EDGE_CURVE('',#4572,#4573,#637,.T.);
#3803=EDGE_CURVE('',#4572,#4574,#638,.T.);
#3804=EDGE_CURVE('',#4574,#4575,#639,.T.);
#3805=EDGE_CURVE('',#4573,#4575,#640,.T.);
#3806=EDGE_CURVE('',#4572,#4576,#641,.T.);
#3807=EDGE_CURVE('',#4577,#4576,#642,.T.);
#3808=EDGE_CURVE('',#4577,#4574,#643,.T.);
#3809=EDGE_CURVE('',#4578,#4579,#644,.T.);
#3810=EDGE_CURVE('',#4579,#4573,#19,.T.);
#3811=EDGE_CURVE('',#4575,#4578,#20,.T.);
#3812=EDGE_CURVE('',#4580,#4581,#645,.T.);
#3813=EDGE_CURVE('',#4582,#4581,#646,.T.);
#3814=EDGE_CURVE('',#4582,#4583,#647,.T.);
#3815=EDGE_CURVE('',#4583,#4580,#648,.T.);
#3816=EDGE_CURVE('',#4584,#4585,#649,.T.);
#3817=EDGE_CURVE('',#4584,#4586,#21,.T.);
#3818=EDGE_CURVE('',#4587,#4586,#650,.T.);
#3819=EDGE_CURVE('',#4587,#4585,#22,.T.);
#3820=EDGE_CURVE('',#4479,#4588,#651,.T.);
#3821=EDGE_CURVE('',#4589,#4588,#652,.T.);
#3822=EDGE_CURVE('',#4480,#4589,#653,.T.);
#3823=EDGE_CURVE('',#4590,#4354,#654,.T.);
#3824=EDGE_CURVE('',#4476,#4590,#655,.T.);
#3825=EDGE_CURVE('',#4490,#4591,#656,.T.);
#3826=EDGE_CURVE('',#4592,#4591,#657,.T.);
#3827=EDGE_CURVE('',#4491,#4592,#658,.T.);
#3828=EDGE_CURVE('',#4593,#4594,#43,.T.);
#3829=EDGE_CURVE('',#4593,#4595,#23,.T.);
#3830=EDGE_CURVE('',#4596,#4595,#659,.T.);
#3831=EDGE_CURVE('',#4596,#4594,#24,.F.);
#3832=EDGE_CURVE('',#4460,#4597,#660,.T.);
#3833=EDGE_CURVE('',#4597,#4425,#661,.T.);
#3834=EDGE_CURVE('',#4560,#4598,#662,.T.);
#3835=EDGE_CURVE('',#4599,#4598,#663,.T.);
#3836=EDGE_CURVE('',#4561,#4599,#664,.T.);
#3837=EDGE_CURVE('',#4288,#4600,#665,.T.);
#3838=EDGE_CURVE('',#4600,#4314,#666,.T.);
#3839=EDGE_CURVE('',#4378,#4601,#667,.T.);
#3840=EDGE_CURVE('',#4432,#4601,#668,.T.);
#3841=EDGE_CURVE('',#4601,#4289,#669,.T.);
#3842=EDGE_CURVE('',#4429,#4272,#670,.T.);
#3843=EDGE_CURVE('',#4429,#4475,#313,.T.);
#3844=EDGE_CURVE('',#4331,#4602,#671,.T.);
#3845=EDGE_CURVE('',#4603,#4602,#672,.T.);
#3846=EDGE_CURVE('',#4603,#4330,#673,.T.);
#3847=EDGE_CURVE('',#4527,#4604,#674,.T.);
#3848=EDGE_CURVE('',#4605,#4604,#675,.T.);
#3849=EDGE_CURVE('',#4528,#4605,#676,.T.);
#3850=EDGE_CURVE('',#4485,#4606,#677,.T.);
#3851=EDGE_CURVE('',#4607,#4606,#678,.T.);
#3852=EDGE_CURVE('',#4486,#4607,#679,.T.);
#3853=EDGE_CURVE('',#4608,#4609,#680,.T.);
#3854=EDGE_CURVE('',#4608,#4283,#25,.T.);
#3855=EDGE_CURVE('',#4282,#4609,#26,.T.);
#3856=EDGE_CURVE('',#4279,#4608,#681,.T.);
#3857=EDGE_CURVE('',#4609,#4280,#682,.T.);
#3858=EDGE_CURVE('',#4594,#4285,#683,.T.);
#3859=EDGE_CURVE('',#4284,#4593,#684,.T.);
#3860=EDGE_CURVE('',#4610,#4595,#685,.T.);
#3861=EDGE_CURVE('',#4611,#4610,#686,.T.);
#3862=EDGE_CURVE('',#4596,#4611,#687,.T.);
#3863=EDGE_CURVE('',#4612,#4438,#688,.T.);
#3864=EDGE_CURVE('',#4437,#4612,#689,.T.);
#3865=EDGE_CURVE('',#4613,#4614,#690,.T.);
#3866=EDGE_CURVE('',#4613,#4615,#691,.T.);
#3867=EDGE_CURVE('',#4615,#4358,#692,.T.);
#3868=EDGE_CURVE('',#4616,#4465,#693,.T.);
#3869=EDGE_CURVE('',#4617,#4616,#694,.T.);
#3870=EDGE_CURVE('',#4618,#4617,#695,.T.);
#3871=EDGE_CURVE('',#4614,#4618,#696,.T.);
#3872=EDGE_CURVE('',#4619,#4339,#697,.T.);
#3873=EDGE_CURVE('',#4620,#4619,#698,.T.);
#3874=EDGE_CURVE('',#4340,#4620,#699,.T.);
#3875=EDGE_CURVE('',#4621,#4350,#700,.T.);
#3876=EDGE_CURVE('',#4477,#4621,#701,.T.);
#3877=EDGE_CURVE('',#4622,#4621,#702,.T.);
#3878=EDGE_CURVE('',#4478,#4622,#703,.T.);
#3879=EDGE_CURVE('',#4468,#4589,#704,.T.);
#3880=EDGE_CURVE('',#4535,#4623,#705,.T.);
#3881=EDGE_CURVE('',#4295,#4623,#706,.T.);
#3882=EDGE_CURVE('',#4506,#4624,#707,.T.);
#3883=EDGE_CURVE('',#4625,#4624,#708,.T.);
#3884=EDGE_CURVE('',#4507,#4625,#709,.T.);
#3885=EDGE_CURVE('',#4551,#4409,#710,.T.);
#3886=EDGE_CURVE('',#4552,#4408,#711,.T.);
#3887=EDGE_CURVE('',#4553,#4407,#712,.T.);
#3888=EDGE_CURVE('',#4626,#4627,#713,.T.);
#3889=EDGE_CURVE('',#4627,#4628,#714,.T.);
#3890=EDGE_CURVE('',#4628,#4629,#715,.T.);
#3891=EDGE_CURVE('',#4626,#4629,#716,.T.);
#3892=EDGE_CURVE('',#4515,#4630,#717,.T.);
#3893=EDGE_CURVE('',#4631,#4630,#718,.T.);
#3894=EDGE_CURVE('',#4516,#4631,#719,.T.);
#3895=EDGE_CURVE('',#4632,#4296,#720,.T.);
#3896=EDGE_CURVE('',#4536,#4632,#721,.T.);
#3897=EDGE_CURVE('',#4633,#4316,#27,.T.);
#3898=EDGE_CURVE('',#4634,#4633,#722,.T.);
#3899=EDGE_CURVE('',#4317,#4634,#723,.T.);
#3900=EDGE_CURVE('',#4635,#4636,#724,.T.);
#3901=EDGE_CURVE('',#4637,#4635,#725,.T.);
#3902=EDGE_CURVE('',#4638,#4637,#726,.T.);
#3903=EDGE_CURVE('',#4639,#4638,#727,.T.);
#3904=EDGE_CURVE('',#4640,#4639,#728,.T.);
#3905=EDGE_CURVE('',#4640,#4641,#729,.T.);
#3906=EDGE_CURVE('',#4641,#4642,#730,.T.);
#3907=EDGE_CURVE('',#4643,#4642,#731,.T.);
#3908=EDGE_CURVE('',#4636,#4643,#732,.T.);
#3909=EDGE_CURVE('',#4547,#4413,#733,.T.);
#3910=EDGE_CURVE('',#4548,#4412,#734,.T.);
#3911=EDGE_CURVE('',#4524,#4644,#735,.T.);
#3912=EDGE_CURVE('',#4645,#4644,#736,.T.);
#3913=EDGE_CURVE('',#4525,#4645,#737,.T.);
#3914=EDGE_CURVE('',#4646,#4645,#738,.T.);
#3915=EDGE_CURVE('',#4526,#4646,#739,.T.);
#3916=EDGE_CURVE('',#4523,#4647,#740,.T.);
#3917=EDGE_CURVE('',#4644,#4647,#741,.T.);
#3918=EDGE_CURVE('',#4604,#4646,#742,.T.);
#3919=EDGE_CURVE('',#4648,#4395,#743,.T.);
#3920=EDGE_CURVE('',#4649,#4394,#744,.T.);
#3921=EDGE_CURVE('',#4650,#4649,#28,.T.);
#3922=EDGE_CURVE('',#4651,#4650,#745,.T.);
#3923=EDGE_CURVE('',#4619,#4651,#746,.T.);
#3924=EDGE_CURVE('',#4338,#4652,#747,.T.);
#3925=EDGE_CURVE('',#4418,#4652,#748,.T.);
#3926=EDGE_CURVE('',#4653,#4417,#29,.T.);
#3927=EDGE_CURVE('',#4654,#4653,#749,.T.);
#3928=EDGE_CURVE('',#4654,#4648,#750,.T.);
#3929=EDGE_CURVE('',#4655,#4656,#751,.T.);
#3930=EDGE_CURVE('',#4457,#4655,#752,.T.);
#3931=EDGE_CURVE('',#4656,#4456,#753,.T.);
#3932=EDGE_CURVE('',#4473,#4448,#754,.T.);
#3933=EDGE_CURVE('',#4657,#4441,#755,.T.);
#3934=EDGE_CURVE('',#4530,#4657,#756,.T.);
#3935=EDGE_CURVE('',#4546,#4415,#757,.T.);
#3936=EDGE_CURVE('',#4545,#4414,#758,.T.);
#3937=EDGE_CURVE('',#4639,#4658,#759,.T.);
#3938=EDGE_CURVE('',#4659,#4638,#760,.T.);
#3939=EDGE_CURVE('',#4658,#4659,#761,.T.);
#3940=EDGE_CURVE('',#4544,#4660,#762,.T.);
#3941=EDGE_CURVE('',#4661,#4660,#763,.T.);
#3942=EDGE_CURVE('',#4538,#4661,#764,.T.);
#3943=EDGE_CURVE('',#4543,#4662,#765,.T.);
#3944=EDGE_CURVE('',#4660,#4662,#766,.T.);
#3945=EDGE_CURVE('',#4663,#4336,#767,.T.);
#3946=EDGE_CURVE('',#4652,#4663,#768,.T.);
#3947=EDGE_CURVE('',#4664,#4665,#769,.T.);
#3948=EDGE_CURVE('',#4306,#4665,#770,.T.);
#3949=EDGE_CURVE('',#4402,#4461,#771,.T.);
#3950=EDGE_CURVE('',#4666,#4400,#772,.T.);
#3951=EDGE_CURVE('',#4667,#4666,#773,.T.);
#3952=EDGE_CURVE('',#4664,#4667,#774,.T.);
#3953=EDGE_CURVE('',#4668,#4393,#775,.T.);
#3954=EDGE_CURVE('',#4668,#4669,#776,.T.);
#3955=EDGE_CURVE('',#4670,#4669,#777,.T.);
#3956=EDGE_CURVE('',#4416,#4670,#30,.T.);
#3957=EDGE_CURVE('',#4663,#4419,#778,.T.);
#3958=EDGE_CURVE('',#4337,#4671,#779,.T.);
#3959=EDGE_CURVE('',#4672,#4671,#780,.T.);
#3960=EDGE_CURVE('',#4672,#4272,#781,.T.);
#3961=EDGE_CURVE('',#4275,#4611,#782,.T.);
#3962=EDGE_CURVE('',#4341,#4610,#783,.T.);
#3963=EDGE_CURVE('',#4673,#4620,#784,.T.);
#3964=EDGE_CURVE('',#4674,#4673,#785,.T.);
#3965=EDGE_CURVE('',#4675,#4674,#31,.T.);
#3966=EDGE_CURVE('',#4392,#4675,#786,.T.);
#3967=EDGE_CURVE('',#4676,#4458,#787,.T.);
#3968=EDGE_CURVE('',#4677,#4676,#788,.T.);
#3969=EDGE_CURVE('',#4455,#4677,#789,.T.);
#3970=EDGE_CURVE('',#4447,#4474,#790,.T.);
#3971=EDGE_CURVE('',#4556,#4678,#791,.T.);
#3972=EDGE_CURVE('',#4679,#4678,#792,.T.);
#3973=EDGE_CURVE('',#4557,#4679,#793,.T.);
#3974=EDGE_CURVE('',#4514,#4680,#794,.T.);
#3975=EDGE_CURVE('',#4630,#4680,#795,.T.);
#3976=EDGE_CURVE('',#4569,#4681,#796,.T.);
#3977=EDGE_CURVE('',#4682,#4681,#797,.T.);
#3978=EDGE_CURVE('',#4571,#4682,#798,.T.);
#3979=EDGE_CURVE('',#4287,#4427,#799,.T.);
#3980=EDGE_CURVE('',#4653,#4670,#800,.T.);
#3981=EDGE_CURVE('',#4369,#4398,#801,.T.);
#3982=EDGE_CURVE('',#4444,#4632,#802,.T.);
#3983=EDGE_CURVE('',#4623,#4683,#803,.T.);
#3984=EDGE_CURVE('',#4683,#4684,#804,.T.);
#3985=EDGE_CURVE('',#4684,#4685,#805,.T.);
#3986=EDGE_CURVE('',#4685,#4686,#806,.T.);
#3987=EDGE_CURVE('',#4686,#4657,#807,.T.);
#3988=EDGE_CURVE('',#4440,#4445,#808,.T.);
#3989=EDGE_CURVE('',#4662,#4687,#809,.T.);
#3990=EDGE_CURVE('',#4687,#4688,#810,.T.);
#3991=EDGE_CURVE('',#4688,#4689,#811,.T.);
#3992=EDGE_CURVE('',#4689,#4690,#812,.T.);
#3993=EDGE_CURVE('',#4690,#4691,#813,.T.);
#3994=EDGE_CURVE('',#4691,#4661,#814,.T.);
#3995=EDGE_CURVE('',#4681,#4692,#815,.T.);
#3996=EDGE_CURVE('',#4692,#4682,#816,.T.);
#3997=EDGE_CURVE('',#4300,#4693,#817,.T.);
#3998=EDGE_CURVE('',#4694,#4693,#818,.T.);
#3999=EDGE_CURVE('',#4694,#4301,#819,.T.);
#4000=EDGE_CURVE('',#4676,#4655,#820,.T.);
#4001=EDGE_CURVE('',#4656,#4677,#821,.T.);
#4002=EDGE_CURVE('',#4695,#4696,#822,.T.);
#4003=EDGE_CURVE('',#4696,#4697,#823,.T.);
#4004=EDGE_CURVE('',#4697,#4698,#824,.T.);
#4005=EDGE_CURVE('',#4695,#4698,#825,.T.);
#4006=EDGE_CURVE('',#4699,#4664,#826,.T.);
#4007=EDGE_CURVE('',#4667,#4700,#827,.T.);
#4008=EDGE_CURVE('',#4699,#4700,#828,.T.);
#4009=EDGE_CURVE('',#4541,#4688,#829,.T.);
#4010=EDGE_CURVE('',#4542,#4687,#830,.T.);
#4011=EDGE_CURVE('',#4701,#4320,#831,.T.);
#4012=EDGE_CURVE('',#4701,#4404,#832,.T.);
#4013=EDGE_CURVE('',#4564,#4702,#833,.T.);
#4014=EDGE_CURVE('',#4703,#4702,#834,.T.);
#4015=EDGE_CURVE('',#4565,#4703,#835,.T.);
#4016=EDGE_CURVE('',#4704,#4640,#836,.T.);
#4017=EDGE_CURVE('',#4704,#4658,#837,.T.);
#4018=EDGE_CURVE('',#4588,#4622,#838,.T.);
#4019=EDGE_CURVE('',#4504,#4705,#839,.T.);
#4020=EDGE_CURVE('',#4706,#4705,#840,.T.);
#4021=EDGE_CURVE('',#4505,#4706,#841,.T.);
#4022=EDGE_CURVE('',#4428,#4286,#842,.T.);
#4023=EDGE_CURVE('',#4529,#4707,#843,.T.);
#4024=EDGE_CURVE('',#4708,#4707,#844,.T.);
#4025=EDGE_CURVE('',#4509,#4708,#845,.T.);
#4026=EDGE_CURVE('',#4360,#4709,#846,.T.);
#4027=EDGE_CURVE('',#4363,#4710,#847,.T.);
#4028=EDGE_CURVE('',#4709,#4710,#848,.T.);
#4029=EDGE_CURVE('',#4405,#4711,#849,.T.);
#4030=EDGE_CURVE('',#4712,#4701,#850,.T.);
#4031=EDGE_CURVE('',#4713,#4712,#851,.T.);
#4032=EDGE_CURVE('',#4713,#4714,#852,.T.);
#4033=EDGE_CURVE('',#4715,#4714,#853,.T.);
#4034=EDGE_CURVE('',#4704,#4715,#854,.T.);
#4035=EDGE_CURVE('',#4659,#4716,#855,.T.);
#4036=EDGE_CURVE('',#4716,#4717,#856,.T.);
#4037=EDGE_CURVE('',#4717,#4718,#857,.T.);
#4038=EDGE_CURVE('',#4718,#4719,#858,.T.);
#4039=EDGE_CURVE('',#4719,#4720,#859,.T.);
#4040=EDGE_CURVE('',#4720,#4721,#860,.T.);
#4041=EDGE_CURVE('',#4721,#4466,#861,.T.);
#4042=EDGE_CURVE('',#4722,#4359,#862,.T.);
#4043=EDGE_CURVE('',#4723,#4722,#863,.T.);
#4044=EDGE_CURVE('',#4724,#4723,#864,.T.);
#4045=EDGE_CURVE('',#4725,#4724,#865,.T.);
#4046=EDGE_CURVE('',#4726,#4725,#866,.T.);
#4047=EDGE_CURVE('',#4711,#4726,#867,.T.);
#4048=EDGE_CURVE('',#4403,#4462,#868,.T.);
#4049=EDGE_CURVE('',#4727,#4672,#869,.T.);
#4050=EDGE_CURVE('',#4671,#4728,#870,.T.);
#4051=EDGE_CURVE('',#4728,#4727,#871,.T.);
#4052=EDGE_CURVE('',#4728,#4332,#32,.F.);
#4053=EDGE_CURVE('',#4335,#4727,#33,.T.);
#4054=EDGE_CURVE('',#4718,#4636,#872,.T.);
#4055=EDGE_CURVE('',#4643,#4395,#873,.T.);
#4056=EDGE_CURVE('',#4648,#4614,#874,.T.);
#4057=EDGE_CURVE('',#4618,#4719,#875,.T.);
#4058=EDGE_CURVE('',#4483,#4729,#876,.T.);
#4059=EDGE_CURVE('',#4730,#4729,#877,.T.);
#4060=EDGE_CURVE('',#4484,#4730,#878,.T.);
#4061=EDGE_CURVE('',#4349,#4590,#879,.T.);
#4062=EDGE_CURVE('',#4597,#4731,#880,.T.);
#4063=EDGE_CURVE('',#4731,#4424,#881,.T.);
#4064=EDGE_CURVE('',#4333,#4584,#882,.T.);
#4065=EDGE_CURVE('',#4585,#4334,#883,.T.);
#4066=EDGE_CURVE('',#4716,#4637,#884,.T.);
#4067=EDGE_CURVE('',#4635,#4717,#885,.T.);
#4068=EDGE_CURVE('',#4629,#4579,#886,.T.);
#4069=EDGE_CURVE('',#4628,#4732,#887,.T.);
#4070=EDGE_CURVE('',#4732,#4733,#888,.T.);
#4071=EDGE_CURVE('',#4733,#4576,#889,.T.);
#4072=EDGE_CURVE('',#4563,#4734,#890,.T.);
#4073=EDGE_CURVE('',#4702,#4734,#891,.T.);
#4074=EDGE_CURVE('',#4673,#4651,#892,.T.);
#4075=EDGE_CURVE('',#4570,#4692,#893,.T.);
#4076=EDGE_CURVE('',#4562,#4735,#894,.T.);
#4077=EDGE_CURVE('',#4734,#4735,#895,.T.);
#4078=EDGE_CURVE('',#4549,#4411,#896,.T.);
#4079=EDGE_CURVE('',#4586,#4603,#897,.T.);
#4080=EDGE_CURVE('',#4554,#4406,#898,.T.);
#4081=EDGE_CURVE('',#4518,#4736,#899,.T.);
#4082=EDGE_CURVE('',#4737,#4736,#900,.T.);
#4083=EDGE_CURVE('',#4519,#4737,#901,.T.);
#4084=EDGE_CURVE('',#4738,#4390,#902,.T.);
#4085=EDGE_CURVE('',#4738,#4739,#903,.T.);
#4086=EDGE_CURVE('',#4739,#4391,#904,.T.);
#4087=EDGE_CURVE('',#4520,#4740,#905,.T.);
#4088=EDGE_CURVE('',#4741,#4740,#906,.T.);
#4089=EDGE_CURVE('',#4521,#4741,#907,.T.);
#4090=EDGE_CURVE('',#4522,#4742,#908,.T.);
#4091=EDGE_CURVE('',#4647,#4742,#909,.T.);
#4092=EDGE_CURVE('',#4540,#4689,#910,.T.);
#4093=EDGE_CURVE('',#4602,#4587,#911,.T.);
#4094=EDGE_CURVE('',#4693,#4743,#912,.T.);
#4095=EDGE_CURVE('',#4743,#4744,#913,.T.);
#4096=EDGE_CURVE('',#4744,#4694,#914,.T.);
#4097=EDGE_CURVE('',#4367,#4745,#915,.T.);
#4098=EDGE_CURVE('',#4366,#4746,#916,.T.);
#4099=EDGE_CURVE('',#4746,#4747,#917,.T.);
#4100=EDGE_CURVE('',#4747,#4748,#918,.T.);
#4101=EDGE_CURVE('',#4384,#4748,#919,.T.);
#4102=EDGE_CURVE('',#4745,#4385,#34,.T.);
#4103=EDGE_CURVE('',#4497,#4749,#920,.T.);
#4104=EDGE_CURVE('',#4750,#4749,#921,.T.);
#4105=EDGE_CURVE('',#4498,#4750,#922,.T.);
#4106=EDGE_CURVE('',#4751,#4752,#923,.T.);
#4107=EDGE_CURVE('',#4581,#4751,#924,.T.);
#4108=EDGE_CURVE('',#4580,#4752,#925,.T.);
#4109=EDGE_CURVE('',#4753,#4577,#926,.T.);
#4110=EDGE_CURVE('',#4733,#4753,#927,.T.);
#4111=EDGE_CURVE('',#4499,#4754,#928,.T.);
#4112=EDGE_CURVE('',#4755,#4754,#929,.T.);
#4113=EDGE_CURVE('',#4500,#4755,#930,.T.);
#4114=EDGE_CURVE('',#4756,#4755,#931,.T.);
#4115=EDGE_CURVE('',#4501,#4756,#932,.T.);
#4116=EDGE_CURVE('',#4754,#4750,#933,.T.);
#4117=EDGE_CURVE('',#4757,#4324,#934,.T.);
#4118=EDGE_CURVE('',#4757,#4426,#935,.T.);
#4119=EDGE_CURVE('',#4616,#4721,#936,.T.);
#4120=EDGE_CURVE('',#4617,#4720,#937,.T.);
#4121=EDGE_CURVE('',#4758,#4631,#938,.T.);
#4122=EDGE_CURVE('',#4517,#4758,#939,.T.);
#4123=EDGE_CURVE('',#4502,#4759,#940,.T.);
#4124=EDGE_CURVE('',#4760,#4759,#941,.T.);
#4125=EDGE_CURVE('',#4503,#4760,#942,.T.);
#4126=EDGE_CURVE('',#4606,#4730,#943,.T.);
#4127=EDGE_CURVE('',#4761,#4762,#944,.T.);
#4128=EDGE_CURVE('',#4389,#4761,#945,.T.);
#4129=EDGE_CURVE('',#4388,#4762,#946,.T.);
#4130=EDGE_CURVE('',#4698,#4763,#947,.T.);
#4131=EDGE_CURVE('',#4697,#4764,#948,.T.);
#4132=EDGE_CURVE('',#4764,#4765,#949,.T.);
#4133=EDGE_CURVE('',#4765,#4361,#950,.T.);
#4134=EDGE_CURVE('',#4763,#4709,#35,.T.);
#4135=EDGE_CURVE('',#4761,#4738,#951,.T.);
#4136=EDGE_CURVE('',#4762,#4739,#952,.T.);
#4137=EDGE_CURVE('',#4766,#4764,#953,.T.);
#4138=EDGE_CURVE('',#4766,#4767,#954,.T.);
#4139=EDGE_CURVE('',#4765,#4767,#955,.T.);
#4140=EDGE_CURVE('',#4362,#4767,#956,.T.);
#4141=EDGE_CURVE('',#4766,#4696,#957,.T.);
#4142=EDGE_CURVE('',#4615,#4722,#958,.T.);
#4143=EDGE_CURVE('',#4768,#4703,#959,.T.);
#4144=EDGE_CURVE('',#4566,#4768,#960,.T.);
#4145=EDGE_CURVE('',#4680,#4453,#961,.T.);
#4146=EDGE_CURVE('',#4769,#4600,#962,.T.);
#4147=EDGE_CURVE('',#4315,#4769,#36,.T.);
#4148=EDGE_CURVE('',#4550,#4410,#963,.T.);
#4149=EDGE_CURVE('',#4770,#4763,#964,.T.);
#4150=EDGE_CURVE('',#4710,#4770,#37,.T.);
#4151=EDGE_CURVE('',#4695,#4770,#965,.T.);
#4152=EDGE_CURVE('',#4492,#4771,#966,.T.);
#4153=EDGE_CURVE('',#4772,#4771,#967,.T.);
#4154=EDGE_CURVE('',#4493,#4772,#968,.T.);
#4155=EDGE_CURVE('',#4533,#4684,#969,.T.);
#4156=EDGE_CURVE('',#4534,#4683,#970,.T.);
#4157=EDGE_CURVE('',#4669,#4654,#971,.T.);
#4158=EDGE_CURVE('',#4773,#4469,#972,.T.);
#4159=EDGE_CURVE('',#4481,#4773,#973,.T.);
#4160=EDGE_CURVE('',#4482,#4774,#974,.T.);
#4161=EDGE_CURVE('',#4729,#4774,#975,.T.);
#4162=EDGE_CURVE('',#4675,#4649,#976,.T.);
#4163=EDGE_CURVE('',#4740,#4737,#977,.T.);
#4164=EDGE_CURVE('',#4775,#4768,#978,.T.);
#4165=EDGE_CURVE('',#4567,#4775,#979,.T.);
#4166=EDGE_CURVE('',#4626,#4578,#980,.T.);
#4167=EDGE_CURVE('',#4666,#4776,#981,.T.);
#4168=EDGE_CURVE('',#4776,#4401,#982,.T.);
#4169=EDGE_CURVE('',#4494,#4777,#983,.T.);
#4170=EDGE_CURVE('',#4778,#4777,#984,.T.);
#4171=EDGE_CURVE('',#4495,#4778,#985,.T.);
#4172=EDGE_CURVE('',#4771,#4592,#986,.T.);
#4173=EDGE_CURVE('',#4779,#4386,#987,.T.);
#4174=EDGE_CURVE('',#4779,#4780,#988,.T.);
#4175=EDGE_CURVE('',#4781,#4780,#989,.T.);
#4176=EDGE_CURVE('',#4781,#4365,#990,.T.);
#4177=EDGE_CURVE('',#4364,#4782,#991,.T.);
#4178=EDGE_CURVE('',#4387,#4782,#38,.T.);
#4179=EDGE_CURVE('',#4782,#4745,#992,.T.);
#4180=EDGE_CURVE('',#4783,#4607,#993,.T.);
#4181=EDGE_CURVE('',#4487,#4783,#994,.T.);
#4182=EDGE_CURVE('',#4513,#4784,#995,.T.);
#4183=EDGE_CURVE('',#4452,#4784,#996,.T.);
#4184=EDGE_CURVE('',#4344,#4757,#997,.T.);
#4185=EDGE_CURVE('',#4345,#4463,#998,.T.);
#4186=EDGE_CURVE('',#4313,#4726,#999,.T.);
#4187=EDGE_CURVE('',#4725,#4785,#1000,.T.);
#4188=EDGE_CURVE('',#4785,#4786,#1001,.T.);
#4189=EDGE_CURVE('',#4786,#4712,#1002,.T.);
#4190=EDGE_CURVE('',#4751,#4787,#1003,.T.);
#4191=EDGE_CURVE('',#4787,#4582,#1004,.T.);
#4192=EDGE_CURVE('',#4743,#4298,#1005,.T.);
#4193=EDGE_CURVE('',#4788,#4778,#1006,.T.);
#4194=EDGE_CURVE('',#4496,#4788,#1007,.T.);
#4195=EDGE_CURVE('',#4512,#4789,#1008,.T.);
#4196=EDGE_CURVE('',#4784,#4789,#1009,.T.);
#4197=EDGE_CURVE('',#4397,#4374,#1010,.T.);
#4198=EDGE_CURVE('',#4790,#4370,#1011,.T.);
#4199=EDGE_CURVE('',#4555,#4790,#1012,.T.);
#4200=EDGE_CURVE('',#4678,#4790,#1013,.T.);
#4201=EDGE_CURVE('',#4537,#4691,#1014,.T.);
#4202=EDGE_CURVE('',#4539,#4690,#1015,.T.);
#4203=EDGE_CURVE('',#4736,#4758,#1016,.T.);
#4204=EDGE_CURVE('',#4713,#4643,#1017,.T.);
#4205=EDGE_CURVE('',#4786,#4791,#1018,.T.);
#4206=EDGE_CURVE('',#4393,#4791,#1019,.T.);
#4207=EDGE_CURVE('',#4742,#4741,#1020,.T.);
#4208=EDGE_CURVE('',#4735,#4599,#1021,.T.);
#4209=EDGE_CURVE('',#4792,#4668,#1022,.T.);
#4210=EDGE_CURVE('',#4785,#4792,#1023,.T.);
#4211=EDGE_CURVE('',#4724,#4614,#1024,.T.);
#4212=EDGE_CURVE('',#4668,#4648,#1025,.T.);
#4213=EDGE_CURVE('',#4781,#4746,#1026,.T.);
#4214=EDGE_CURVE('',#4700,#4776,#1027,.T.);
#4215=EDGE_CURVE('',#4715,#4641,#1028,.T.);
#4216=EDGE_CURVE('',#4568,#4793,#1029,.T.);
#4217=EDGE_CURVE('',#4373,#4793,#1030,.T.);
#4218=EDGE_CURVE('',#4787,#4794,#1031,.T.);
#4219=EDGE_CURVE('',#4752,#4794,#1032,.T.);
#4220=EDGE_CURVE('',#4511,#4795,#1033,.T.);
#4221=EDGE_CURVE('',#4789,#4795,#1034,.T.);
#4222=EDGE_CURVE('',#4312,#4711,#1035,.T.);
#4223=EDGE_CURVE('',#4791,#4792,#1036,.T.);
#4224=EDGE_CURVE('',#4794,#4583,#1037,.T.);
#4225=EDGE_CURVE('',#4779,#4748,#1038,.T.);
#4226=EDGE_CURVE('',#4747,#4780,#1039,.T.);
#4227=EDGE_CURVE('',#4299,#4744,#1040,.T.);
#4228=EDGE_CURVE('',#4510,#4796,#1041,.T.);
#4229=EDGE_CURVE('',#4795,#4796,#1042,.T.);
#4230=EDGE_CURVE('',#4797,#4708,#1043,.T.);
#4231=EDGE_CURVE('',#4508,#4797,#1044,.T.);
#4232=EDGE_CURVE('',#4796,#4797,#1045,.T.);
#4233=EDGE_CURVE('',#4665,#4798,#1046,.T.);
#4234=EDGE_CURVE('',#4459,#4798,#1047,.T.);
#4235=EDGE_CURVE('',#4634,#4459,#1048,.T.);
#4236=EDGE_CURVE('',#4633,#4769,#1049,.T.);
#4237=EDGE_CURVE('',#4308,#4288,#1050,.T.);
#4238=EDGE_CURVE('',#4303,#4783,#1051,.T.);
#4239=EDGE_CURVE('',#4488,#4799,#1052,.T.);
#4240=EDGE_CURVE('',#4800,#4799,#1053,.T.);
#4241=EDGE_CURVE('',#4489,#4800,#1054,.T.);
#4242=EDGE_CURVE('',#4559,#4801,#1055,.T.);
#4243=EDGE_CURVE('',#4598,#4801,#1056,.T.);
#4244=EDGE_CURVE('',#4793,#4775,#1057,.T.);
#4245=EDGE_CURVE('',#4532,#4685,#1058,.T.);
#4246=EDGE_CURVE('',#4464,#4376,#1059,.T.);
#4247=EDGE_CURVE('',#4777,#4772,#1060,.T.);
#4248=EDGE_CURVE('',#4799,#4304,#1061,.T.);
#4249=EDGE_CURVE('',#4707,#4605,#1062,.T.);
#4250=EDGE_CURVE('',#4723,#4613,#1063,.T.);
#4251=EDGE_CURVE('',#4731,#4323,#39,.T.);
#4252=EDGE_CURVE('',#4802,#4679,#1064,.T.);
#4253=EDGE_CURVE('',#4558,#4802,#1065,.T.);
#4254=EDGE_CURVE('',#4801,#4802,#1066,.T.);
#4255=EDGE_CURVE('',#4531,#4686,#1067,.T.);
#4256=EDGE_CURVE('',#4436,#4699,#1068,.T.);
#4257=EDGE_CURVE('',#4436,#4798,#1069,.T.);
#4258=EDGE_CURVE('',#4650,#4674,#1070,.T.);
#4259=EDGE_CURVE('',#4803,#4732,#1071,.T.);
#4260=EDGE_CURVE('',#4803,#4753,#1072,.T.);
#4261=EDGE_CURVE('',#4749,#4788,#1073,.T.);
#4262=EDGE_CURVE('',#4289,#4612,#1074,.T.);
#4263=EDGE_CURVE('',#4423,#4460,#1075,.T.);
#4264=EDGE_CURVE('',#4642,#4714,#1076,.T.);
#4265=EDGE_CURVE('',#4705,#4760,#1077,.T.);
#4266=EDGE_CURVE('',#4627,#4803,#1078,.T.);
#4267=EDGE_CURVE('',#4591,#4800,#1079,.T.);
#4268=EDGE_CURVE('',#4774,#4773,#1080,.T.);
#4269=EDGE_CURVE('',#4353,#4625,#1081,.T.);
#4270=EDGE_CURVE('',#4624,#4706,#1082,.T.);
#4271=EDGE_CURVE('',#4759,#4756,#1083,.T.);
#4272=VERTEX_POINT('',#7456);
#4273=VERTEX_POINT('',#7457);
#4274=VERTEX_POINT('',#7459);
#4275=VERTEX_POINT('',#7461);
#4276=VERTEX_POINT('',#7465);
#4277=VERTEX_POINT('',#7469);
#4278=VERTEX_POINT('',#7473);
#4279=VERTEX_POINT('',#7474);
#4280=VERTEX_POINT('',#7476);
#4281=VERTEX_POINT('',#7478);
#4282=VERTEX_POINT('',#7485);
#4283=VERTEX_POINT('',#7486);
#4284=VERTEX_POINT('',#7488);
#4285=VERTEX_POINT('',#7490);
#4286=VERTEX_POINT('',#7494);
#4287=VERTEX_POINT('',#7495);
#4288=VERTEX_POINT('',#7500);
#4289=VERTEX_POINT('',#7501);
#4290=VERTEX_POINT('',#7503);
#4291=VERTEX_POINT('',#7505);
#4292=VERTEX_POINT('',#7507);
#4293=VERTEX_POINT('',#7509);
#4294=VERTEX_POINT('',#7513);
#4295=VERTEX_POINT('',#7514);
#4296=VERTEX_POINT('',#7516);
#4297=VERTEX_POINT('',#7518);
#4298=VERTEX_POINT('',#7522);
#4299=VERTEX_POINT('',#7523);
#4300=VERTEX_POINT('',#7525);
#4301=VERTEX_POINT('',#7527);
#4302=VERTEX_POINT('',#7531);
#4303=VERTEX_POINT('',#7532);
#4304=VERTEX_POINT('',#7534);
#4305=VERTEX_POINT('',#7536);
#4306=VERTEX_POINT('',#7540);
#4307=VERTEX_POINT('',#7541);
#4308=VERTEX_POINT('',#7543);
#4309=VERTEX_POINT('',#7545);
#4310=VERTEX_POINT('',#7547);
#4311=VERTEX_POINT('',#7551);
#4312=VERTEX_POINT('',#7552);
#4313=VERTEX_POINT('',#7554);
#4314=VERTEX_POINT('',#7557);
#4315=VERTEX_POINT('',#7559);
#4316=VERTEX_POINT('',#7561);
#4317=VERTEX_POINT('',#7563);
#4318=VERTEX_POINT('',#7565);
#4319=VERTEX_POINT('',#7567);
#4320=VERTEX_POINT('',#7569);
#4321=VERTEX_POINT('',#7571);
#4322=VERTEX_POINT('',#7575);
#4323=VERTEX_POINT('',#7576);
#4324=VERTEX_POINT('',#7578);
#4325=VERTEX_POINT('',#7580);
#4326=VERTEX_POINT('',#7584);
#4327=VERTEX_POINT('',#7585);
#4328=VERTEX_POINT('',#7587);
#4329=VERTEX_POINT('',#7589);
#4330=VERTEX_POINT('',#7596);
#4331=VERTEX_POINT('',#7597);
#4332=VERTEX_POINT('',#7602);
#4333=VERTEX_POINT('',#7603);
#4334=VERTEX_POINT('',#7605);
#4335=VERTEX_POINT('',#7607);
#4336=VERTEX_POINT('',#7614);
#4337=VERTEX_POINT('',#7615);
#4338=VERTEX_POINT('',#7617);
#4339=VERTEX_POINT('',#7619);
#4340=VERTEX_POINT('',#7621);
#4341=VERTEX_POINT('',#7623);
#4342=VERTEX_POINT('',#7625);
#4343=VERTEX_POINT('',#7627);
#4344=VERTEX_POINT('',#7629);
#4345=VERTEX_POINT('',#7631);
#4346=VERTEX_POINT('',#7633);
#4347=VERTEX_POINT('',#7635);
#4348=VERTEX_POINT('',#7639);
#4349=VERTEX_POINT('',#7640);
#4350=VERTEX_POINT('',#7642);
#4351=VERTEX_POINT('',#7644);
#4352=VERTEX_POINT('',#7648);
#4353=VERTEX_POINT('',#7649);
#4354=VERTEX_POINT('',#7651);
#4355=VERTEX_POINT('',#7653);
#4356=VERTEX_POINT('',#7657);
#4357=VERTEX_POINT('',#7658);
#4358=VERTEX_POINT('',#7660);
#4359=VERTEX_POINT('',#7662);
#4360=VERTEX_POINT('',#7666);
#4361=VERTEX_POINT('',#7667);
#4362=VERTEX_POINT('',#7669);
#4363=VERTEX_POINT('',#7671);
#4364=VERTEX_POINT('',#7675);
#4365=VERTEX_POINT('',#7676);
#4366=VERTEX_POINT('',#7678);
#4367=VERTEX_POINT('',#7680);
#4368=VERTEX_POINT('',#7684);
#4369=VERTEX_POINT('',#7685);
#4370=VERTEX_POINT('',#7687);
#4371=VERTEX_POINT('',#7689);
#4372=VERTEX_POINT('',#7693);
#4373=VERTEX_POINT('',#7694);
#4374=VERTEX_POINT('',#7696);
#4375=VERTEX_POINT('',#7698);
#4376=VERTEX_POINT('',#7702);
#4377=VERTEX_POINT('',#7703);
#4378=VERTEX_POINT('',#7705);
#4379=VERTEX_POINT('',#7707);
#4380=VERTEX_POINT('',#7711);
#4381=VERTEX_POINT('',#7712);
#4382=VERTEX_POINT('',#7714);
#4383=VERTEX_POINT('',#7716);
#4384=VERTEX_POINT('',#7720);
#4385=VERTEX_POINT('',#7721);
#4386=VERTEX_POINT('',#7723);
#4387=VERTEX_POINT('',#7725);
#4388=VERTEX_POINT('',#7729);
#4389=VERTEX_POINT('',#7730);
#4390=VERTEX_POINT('',#7732);
#4391=VERTEX_POINT('',#7734);
#4392=VERTEX_POINT('',#7738);
#4393=VERTEX_POINT('',#7739);
#4394=VERTEX_POINT('',#7741);
#4395=VERTEX_POINT('',#7743);
#4396=VERTEX_POINT('',#7747);
#4397=VERTEX_POINT('',#7748);
#4398=VERTEX_POINT('',#7750);
#4399=VERTEX_POINT('',#7752);
#4400=VERTEX_POINT('',#7756);
#4401=VERTEX_POINT('',#7757);
#4402=VERTEX_POINT('',#7759);
#4403=VERTEX_POINT('',#7761);
#4404=VERTEX_POINT('',#7765);
#4405=VERTEX_POINT('',#7766);
#4406=VERTEX_POINT('',#7771);
#4407=VERTEX_POINT('',#7772);
#4408=VERTEX_POINT('',#7774);
#4409=VERTEX_POINT('',#7776);
#4410=VERTEX_POINT('',#7778);
#4411=VERTEX_POINT('',#7780);
#4412=VERTEX_POINT('',#7782);
#4413=VERTEX_POINT('',#7784);
#4414=VERTEX_POINT('',#7787);
#4415=VERTEX_POINT('',#7789);
#4416=VERTEX_POINT('',#7793);
#4417=VERTEX_POINT('',#7794);
#4418=VERTEX_POINT('',#7796);
#4419=VERTEX_POINT('',#7798);
#4420=VERTEX_POINT('',#7802);
#4421=VERTEX_POINT('',#7803);
#4422=VERTEX_POINT('',#7805);
#4423=VERTEX_POINT('',#7807);
#4424=VERTEX_POINT('',#7811);
#4425=VERTEX_POINT('',#7812);
#4426=VERTEX_POINT('',#7815);
#4427=VERTEX_POINT('',#7818);
#4428=VERTEX_POINT('',#7820);
#4429=VERTEX_POINT('',#7823);
#4430=VERTEX_POINT('',#7827);
#4431=VERTEX_POINT('',#7829);
#4432=VERTEX_POINT('',#7832);
#4433=VERTEX_POINT('',#7835);
#4434=VERTEX_POINT('',#7837);
#4435=VERTEX_POINT('',#7840);
#4436=VERTEX_POINT('',#7842);
#4437=VERTEX_POINT('',#7845);
#4438=VERTEX_POINT('',#7849);
#4439=VERTEX_POINT('',#7853);
#4440=VERTEX_POINT('',#7854);
#4441=VERTEX_POINT('',#7856);
#4442=VERTEX_POINT('',#7858);
#4443=VERTEX_POINT('',#7862);
#4444=VERTEX_POINT('',#7863);
#4445=VERTEX_POINT('',#7865);
#4446=VERTEX_POINT('',#7867);
#4447=VERTEX_POINT('',#7871);
#4448=VERTEX_POINT('',#7872);
#4449=VERTEX_POINT('',#7874);
#4450=VERTEX_POINT('',#7876);
#4451=VERTEX_POINT('',#7880);
#4452=VERTEX_POINT('',#7881);
#4453=VERTEX_POINT('',#7883);
#4454=VERTEX_POINT('',#7885);
#4455=VERTEX_POINT('',#7889);
#4456=VERTEX_POINT('',#7890);
#4457=VERTEX_POINT('',#7892);
#4458=VERTEX_POINT('',#7894);
#4459=VERTEX_POINT('',#7899);
#4460=VERTEX_POINT('',#7901);
#4461=VERTEX_POINT('',#7905);
#4462=VERTEX_POINT('',#7906);
#4463=VERTEX_POINT('',#7911);
#4464=VERTEX_POINT('',#7913);
#4465=VERTEX_POINT('',#7917);
#4466=VERTEX_POINT('',#7918);
#4467=VERTEX_POINT('',#7923);
#4468=VERTEX_POINT('',#7924);
#4469=VERTEX_POINT('',#7926);
#4470=VERTEX_POINT('',#7928);
#4471=VERTEX_POINT('',#7932);
#4472=VERTEX_POINT('',#7934);
#4473=VERTEX_POINT('',#7938);
#4474=VERTEX_POINT('',#7940);
#4475=VERTEX_POINT('',#7944);
#4476=VERTEX_POINT('',#7947);
#4477=VERTEX_POINT('',#7950);
#4478=VERTEX_POINT('',#7952);
#4479=VERTEX_POINT('',#7954);
#4480=VERTEX_POINT('',#7956);
#4481=VERTEX_POINT('',#7959);
#4482=VERTEX_POINT('',#7961);
#4483=VERTEX_POINT('',#7963);
#4484=VERTEX_POINT('',#7965);
#4485=VERTEX_POINT('',#7967);
#4486=VERTEX_POINT('',#7969);
#4487=VERTEX_POINT('',#7971);
#4488=VERTEX_POINT('',#7974);
#4489=VERTEX_POINT('',#7976);
#4490=VERTEX_POINT('',#7978);
#4491=VERTEX_POINT('',#7980);
#4492=VERTEX_POINT('',#7982);
#4493=VERTEX_POINT('',#7984);
#4494=VERTEX_POINT('',#7986);
#4495=VERTEX_POINT('',#7988);
#4496=VERTEX_POINT('',#7990);
#4497=VERTEX_POINT('',#7992);
#4498=VERTEX_POINT('',#7994);
#4499=VERTEX_POINT('',#7996);
#4500=VERTEX_POINT('',#7998);
#4501=VERTEX_POINT('',#8000);
#4502=VERTEX_POINT('',#8002);
#4503=VERTEX_POINT('',#8004);
#4504=VERTEX_POINT('',#8006);
#4505=VERTEX_POINT('',#8008);
#4506=VERTEX_POINT('',#8010);
#4507=VERTEX_POINT('',#8012);
#4508=VERTEX_POINT('',#8015);
#4509=VERTEX_POINT('',#8016);
#4510=VERTEX_POINT('',#8018);
#4511=VERTEX_POINT('',#8020);
#4512=VERTEX_POINT('',#8022);
#4513=VERTEX_POINT('',#8024);
#4514=VERTEX_POINT('',#8027);
#4515=VERTEX_POINT('',#8029);
#4516=VERTEX_POINT('',#8031);
#4517=VERTEX_POINT('',#8033);
#4518=VERTEX_POINT('',#8035);
#4519=VERTEX_POINT('',#8037);
#4520=VERTEX_POINT('',#8039);
#4521=VERTEX_POINT('',#8041);
#4522=VERTEX_POINT('',#8043);
#4523=VERTEX_POINT('',#8045);
#4524=VERTEX_POINT('',#8047);
#4525=VERTEX_POINT('',#8049);
#4526=VERTEX_POINT('',#8051);
#4527=VERTEX_POINT('',#8053);
#4528=VERTEX_POINT('',#8055);
#4529=VERTEX_POINT('',#8057);
#4530=VERTEX_POINT('',#8060);
#4531=VERTEX_POINT('',#8062);
#4532=VERTEX_POINT('',#8064);
#4533=VERTEX_POINT('',#8066);
#4534=VERTEX_POINT('',#8068);
#4535=VERTEX_POINT('',#8070);
#4536=VERTEX_POINT('',#8073);
#4537=VERTEX_POINT('',#8077);
#4538=VERTEX_POINT('',#8078);
#4539=VERTEX_POINT('',#8080);
#4540=VERTEX_POINT('',#8082);
#4541=VERTEX_POINT('',#8084);
#4542=VERTEX_POINT('',#8086);
#4543=VERTEX_POINT('',#8088);
#4544=VERTEX_POINT('',#8090);
#4545=VERTEX_POINT('',#8093);
#4546=VERTEX_POINT('',#8094);
#4547=VERTEX_POINT('',#8097);
#4548=VERTEX_POINT('',#8099);
#4549=VERTEX_POINT('',#8101);
#4550=VERTEX_POINT('',#8103);
#4551=VERTEX_POINT('',#8105);
#4552=VERTEX_POINT('',#8107);
#4553=VERTEX_POINT('',#8109);
#4554=VERTEX_POINT('',#8111);
#4555=VERTEX_POINT('',#8116);
#4556=VERTEX_POINT('',#8118);
#4557=VERTEX_POINT('',#8120);
#4558=VERTEX_POINT('',#8122);
#4559=VERTEX_POINT('',#8124);
#4560=VERTEX_POINT('',#8126);
#4561=VERTEX_POINT('',#8128);
#4562=VERTEX_POINT('',#8130);
#4563=VERTEX_POINT('',#8132);
#4564=VERTEX_POINT('',#8134);
#4565=VERTEX_POINT('',#8136);
#4566=VERTEX_POINT('',#8138);
#4567=VERTEX_POINT('',#8140);
#4568=VERTEX_POINT('',#8142);
#4569=VERTEX_POINT('',#8147);
#4570=VERTEX_POINT('',#8148);
#4571=VERTEX_POINT('',#8150);
#4572=VERTEX_POINT('',#8154);
#4573=VERTEX_POINT('',#8155);
#4574=VERTEX_POINT('',#8157);
#4575=VERTEX_POINT('',#8159);
#4576=VERTEX_POINT('',#8163);
#4577=VERTEX_POINT('',#8165);
#4578=VERTEX_POINT('',#8169);
#4579=VERTEX_POINT('',#8170);
#4580=VERTEX_POINT('',#8175);
#4581=VERTEX_POINT('',#8176);
#4582=VERTEX_POINT('',#8178);
#4583=VERTEX_POINT('',#8180);
#4584=VERTEX_POINT('',#8184);
#4585=VERTEX_POINT('',#8185);
#4586=VERTEX_POINT('',#8187);
#4587=VERTEX_POINT('',#8189);
#4588=VERTEX_POINT('',#8193);
#4589=VERTEX_POINT('',#8195);
#4590=VERTEX_POINT('',#8199);
#4591=VERTEX_POINT('',#8203);
#4592=VERTEX_POINT('',#8205);
#4593=VERTEX_POINT('',#8212);
#4594=VERTEX_POINT('',#8213);
#4595=VERTEX_POINT('',#8215);
#4596=VERTEX_POINT('',#8217);
#4597=VERTEX_POINT('',#8221);
#4598=VERTEX_POINT('',#8225);
#4599=VERTEX_POINT('',#8227);
#4600=VERTEX_POINT('',#8231);
#4601=VERTEX_POINT('',#8235);
#4602=VERTEX_POINT('',#8244);
#4603=VERTEX_POINT('',#8246);
#4604=VERTEX_POINT('',#8250);
#4605=VERTEX_POINT('',#8252);
#4606=VERTEX_POINT('',#8256);
#4607=VERTEX_POINT('',#8258);
#4608=VERTEX_POINT('',#8262);
#4609=VERTEX_POINT('',#8263);
#4610=VERTEX_POINT('',#8274);
#4611=VERTEX_POINT('',#8276);
#4612=VERTEX_POINT('',#8280);
#4613=VERTEX_POINT('',#8284);
#4614=VERTEX_POINT('',#8285);
#4615=VERTEX_POINT('',#8287);
#4616=VERTEX_POINT('',#8290);
#4617=VERTEX_POINT('',#8292);
#4618=VERTEX_POINT('',#8294);
#4619=VERTEX_POINT('',#8298);
#4620=VERTEX_POINT('',#8300);
#4621=VERTEX_POINT('',#8304);
#4622=VERTEX_POINT('',#8308);
#4623=VERTEX_POINT('',#8314);
#4624=VERTEX_POINT('',#8318);
#4625=VERTEX_POINT('',#8320);
#4626=VERTEX_POINT('',#8329);
#4627=VERTEX_POINT('',#8330);
#4628=VERTEX_POINT('',#8332);
#4629=VERTEX_POINT('',#8334);
#4630=VERTEX_POINT('',#8338);
#4631=VERTEX_POINT('',#8340);
#4632=VERTEX_POINT('',#8344);
#4633=VERTEX_POINT('',#8348);
#4634=VERTEX_POINT('',#8350);
#4635=VERTEX_POINT('',#8354);
#4636=VERTEX_POINT('',#8355);
#4637=VERTEX_POINT('',#8357);
#4638=VERTEX_POINT('',#8359);
#4639=VERTEX_POINT('',#8361);
#4640=VERTEX_POINT('',#8363);
#4641=VERTEX_POINT('',#8365);
#4642=VERTEX_POINT('',#8367);
#4643=VERTEX_POINT('',#8369);
#4644=VERTEX_POINT('',#8376);
#4645=VERTEX_POINT('',#8378);
#4646=VERTEX_POINT('',#8382);
#4647=VERTEX_POINT('',#8386);
#4648=VERTEX_POINT('',#8392);
#4649=VERTEX_POINT('',#8394);
#4650=VERTEX_POINT('',#8396);
#4651=VERTEX_POINT('',#8398);
#4652=VERTEX_POINT('',#8401);
#4653=VERTEX_POINT('',#8404);
#4654=VERTEX_POINT('',#8406);
#4655=VERTEX_POINT('',#8409);
#4656=VERTEX_POINT('',#8410);
#4657=VERTEX_POINT('',#8416);
#4658=VERTEX_POINT('',#8423);
#4659=VERTEX_POINT('',#8425);
#4660=VERTEX_POINT('',#8429);
#4661=VERTEX_POINT('',#8431);
#4662=VERTEX_POINT('',#8435);
#4663=VERTEX_POINT('',#8439);
#4664=VERTEX_POINT('',#8443);
#4665=VERTEX_POINT('',#8444);
#4666=VERTEX_POINT('',#8448);
#4667=VERTEX_POINT('',#8450);
#4668=VERTEX_POINT('',#8454);
#4669=VERTEX_POINT('',#8456);
#4670=VERTEX_POINT('',#8458);
#4671=VERTEX_POINT('',#8462);
#4672=VERTEX_POINT('',#8464);
#4673=VERTEX_POINT('',#8469);
#4674=VERTEX_POINT('',#8471);
#4675=VERTEX_POINT('',#8473);
#4676=VERTEX_POINT('',#8476);
#4677=VERTEX_POINT('',#8478);
#4678=VERTEX_POINT('',#8483);
#4679=VERTEX_POINT('',#8485);
#4680=VERTEX_POINT('',#8489);
#4681=VERTEX_POINT('',#8493);
#4682=VERTEX_POINT('',#8495);
#4683=VERTEX_POINT('',#8506);
#4684=VERTEX_POINT('',#8508);
#4685=VERTEX_POINT('',#8510);
#4686=VERTEX_POINT('',#8512);
#4687=VERTEX_POINT('',#8517);
#4688=VERTEX_POINT('',#8519);
#4689=VERTEX_POINT('',#8521);
#4690=VERTEX_POINT('',#8523);
#4691=VERTEX_POINT('',#8525);
#4692=VERTEX_POINT('',#8528);
#4693=VERTEX_POINT('',#8532);
#4694=VERTEX_POINT('',#8534);
#4695=VERTEX_POINT('',#8543);
#4696=VERTEX_POINT('',#8544);
#4697=VERTEX_POINT('',#8546);
#4698=VERTEX_POINT('',#8548);
#4699=VERTEX_POINT('',#8552);
#4700=VERTEX_POINT('',#8554);
#4701=VERTEX_POINT('',#8561);
#4702=VERTEX_POINT('',#8565);
#4703=VERTEX_POINT('',#8567);
#4704=VERTEX_POINT('',#8571);
#4705=VERTEX_POINT('',#8577);
#4706=VERTEX_POINT('',#8579);
#4707=VERTEX_POINT('',#8585);
#4708=VERTEX_POINT('',#8587);
#4709=VERTEX_POINT('',#8591);
#4710=VERTEX_POINT('',#8593);
#4711=VERTEX_POINT('',#8598);
#4712=VERTEX_POINT('',#8600);
#4713=VERTEX_POINT('',#8602);
#4714=VERTEX_POINT('',#8604);
#4715=VERTEX_POINT('',#8606);
#4716=VERTEX_POINT('',#8609);
#4717=VERTEX_POINT('',#8611);
#4718=VERTEX_POINT('',#8613);
#4719=VERTEX_POINT('',#8615);
#4720=VERTEX_POINT('',#8617);
#4721=VERTEX_POINT('',#8619);
#4722=VERTEX_POINT('',#8622);
#4723=VERTEX_POINT('',#8624);
#4724=VERTEX_POINT('',#8626);
#4725=VERTEX_POINT('',#8628);
#4726=VERTEX_POINT('',#8630);
#4727=VERTEX_POINT('',#8636);
#4728=VERTEX_POINT('',#8638);
#4729=VERTEX_POINT('',#8650);
#4730=VERTEX_POINT('',#8652);
#4731=VERTEX_POINT('',#8658);
#4732=VERTEX_POINT('',#8669);
#4733=VERTEX_POINT('',#8671);
#4734=VERTEX_POINT('',#8675);
#4735=VERTEX_POINT('',#8684);
#4736=VERTEX_POINT('',#8694);
#4737=VERTEX_POINT('',#8696);
#4738=VERTEX_POINT('',#8701);
#4739=VERTEX_POINT('',#8703);
#4740=VERTEX_POINT('',#8707);
#4741=VERTEX_POINT('',#8709);
#4742=VERTEX_POINT('',#8713);
#4743=VERTEX_POINT('',#8721);
#4744=VERTEX_POINT('',#8723);
#4745=VERTEX_POINT('',#8727);
#4746=VERTEX_POINT('',#8729);
#4747=VERTEX_POINT('',#8731);
#4748=VERTEX_POINT('',#8733);
#4749=VERTEX_POINT('',#8738);
#4750=VERTEX_POINT('',#8740);
#4751=VERTEX_POINT('',#8744);
#4752=VERTEX_POINT('',#8745);
#4753=VERTEX_POINT('',#8750);
#4754=VERTEX_POINT('',#8754);
#4755=VERTEX_POINT('',#8756);
#4756=VERTEX_POINT('',#8760);
#4757=VERTEX_POINT('',#8766);
#4758=VERTEX_POINT('',#8774);
#4759=VERTEX_POINT('',#8778);
#4760=VERTEX_POINT('',#8780);
#4761=VERTEX_POINT('',#8786);
#4762=VERTEX_POINT('',#8787);
#4763=VERTEX_POINT('',#8792);
#4764=VERTEX_POINT('',#8794);
#4765=VERTEX_POINT('',#8796);
#4766=VERTEX_POINT('',#8804);
#4767=VERTEX_POINT('',#8806);
#4768=VERTEX_POINT('',#8816);
#4769=VERTEX_POINT('',#8822);
#4770=VERTEX_POINT('',#8828);
#4771=VERTEX_POINT('',#8835);
#4772=VERTEX_POINT('',#8837);
#4773=VERTEX_POINT('',#8847);
#4774=VERTEX_POINT('',#8851);
#4775=VERTEX_POINT('',#8859);
#4776=VERTEX_POINT('',#8866);
#4777=VERTEX_POINT('',#8870);
#4778=VERTEX_POINT('',#8872);
#4779=VERTEX_POINT('',#8879);
#4780=VERTEX_POINT('',#8881);
#4781=VERTEX_POINT('',#8883);
#4782=VERTEX_POINT('',#8886);
#4783=VERTEX_POINT('',#8892);
#4784=VERTEX_POINT('',#8896);
#4785=VERTEX_POINT('',#8905);
#4786=VERTEX_POINT('',#8907);
#4787=VERTEX_POINT('',#8910);
#4788=VERTEX_POINT('',#8915);
#4789=VERTEX_POINT('',#8919);
#4790=VERTEX_POINT('',#8927);
#4791=VERTEX_POINT('',#8942);
#4792=VERTEX_POINT('',#8950);
#4793=VERTEX_POINT('',#8963);
#4794=VERTEX_POINT('',#8967);
#4795=VERTEX_POINT('',#8971);
#4796=VERTEX_POINT('',#8989);
#4797=VERTEX_POINT('',#8993);
#4798=VERTEX_POINT('',#9000);
#4799=VERTEX_POINT('',#9009);
#4800=VERTEX_POINT('',#9011);
#4801=VERTEX_POINT('',#9015);
#4802=VERTEX_POINT('',#9040);
#4803=VERTEX_POINT('',#9056);
#4804=(
BOUNDED_CURVE()
B_SPLINE_CURVE(2,(#7453,#7454,#7455),.UNSPECIFIED.,.F.,.F.)
B_SPLINE_CURVE_WITH_KNOTS((3,3),(3.141592653578,4.712388980369),
 .UNSPECIFIED.)
CURVE()
GEOMETRIC_REPRESENTATION_ITEM()
RATIONAL_B_SPLINE_CURVE((1.,0.707106781188,1.))
REPRESENTATION_ITEM('')
);
#4805=(
BOUNDED_CURVE()
B_SPLINE_CURVE(2,(#7466,#7467,#7468),.UNSPECIFIED.,.F.,.F.)
B_SPLINE_CURVE_WITH_KNOTS((3,3),(3.141592653589,4.712388980387),
 .UNSPECIFIED.)
CURVE()
GEOMETRIC_REPRESENTATION_ITEM()
RATIONAL_B_SPLINE_CURVE((1.,0.707106781185,1.))
REPRESENTATION_ITEM('')
);
#4806=EDGE_LOOP('',(#1854,#1855,#1856,#1857));
#4807=EDGE_LOOP('',(#1858,#1859,#1860,#1861));
#4808=EDGE_LOOP('',(#1862,#1863,#1864,#1865));
#4809=EDGE_LOOP('',(#1866,#1867,#1868,#1869));
#4810=EDGE_LOOP('',(#1870,#1871,#1872,#1873));
#4811=EDGE_LOOP('',(#1874,#1875,#1876,#1877,#1878,#1879));
#4812=EDGE_LOOP('',(#1880,#1881,#1882,#1883));
#4813=EDGE_LOOP('',(#1884,#1885,#1886,#1887));
#4814=EDGE_LOOP('',(#1888,#1889,#1890,#1891));
#4815=EDGE_LOOP('',(#1892,#1893,#1894,#1895,#1896));
#4816=EDGE_LOOP('',(#1897,#1898,#1899,#1900,#1901,#1902,#1903,#1904,#1905,
#1906,#1907,#1908,#1909));
#4817=EDGE_LOOP('',(#1910,#1911,#1912,#1913));
#4818=EDGE_LOOP('',(#1914,#1915,#1916,#1917));
#4819=EDGE_LOOP('',(#1918,#1919,#1920,#1921));
#4820=EDGE_LOOP('',(#1922,#1923,#1924,#1925));
#4821=EDGE_LOOP('',(#1926,#1927,#1928,#1929,#1930,#1931,#1932,#1933,#1934,
#1935,#1936,#1937));
#4822=EDGE_LOOP('',(#1938,#1939,#1940,#1941));
#4823=EDGE_LOOP('',(#1942,#1943,#1944,#1945));
#4824=EDGE_LOOP('',(#1946,#1947,#1948,#1949));
#4825=EDGE_LOOP('',(#1950,#1951,#1952,#1953));
#4826=EDGE_LOOP('',(#1954,#1955,#1956,#1957));
#4827=EDGE_LOOP('',(#1958,#1959,#1960,#1961));
#4828=EDGE_LOOP('',(#1962,#1963,#1964,#1965));
#4829=EDGE_LOOP('',(#1966,#1967,#1968,#1969));
#4830=EDGE_LOOP('',(#1970,#1971,#1972,#1973));
#4831=EDGE_LOOP('',(#1974,#1975,#1976,#1977));
#4832=EDGE_LOOP('',(#1978,#1979,#1980,#1981));
#4833=EDGE_LOOP('',(#1982,#1983,#1984,#1985));
#4834=EDGE_LOOP('',(#1986,#1987,#1988,#1989));
#4835=EDGE_LOOP('',(#1990,#1991,#1992,#1993));
#4836=EDGE_LOOP('',(#1994,#1995,#1996,#1997));
#4837=EDGE_LOOP('',(#1998,#1999,#2000,#2001,#2002,#2003,#2004,#2005,#2006,
#2007,#2008,#2009));
#4838=EDGE_LOOP('',(#2010,#2011,#2012,#2013));
#4839=EDGE_LOOP('',(#2014,#2015,#2016,#2017));
#4840=EDGE_LOOP('',(#2018,#2019,#2020,#2021,#2022,#2023,#2024,#2025,#2026,
#2027,#2028,#2029,#2030,#2031,#2032,#2033,#2034,#2035,#2036,#2037,#2038,
#2039,#2040,#2041));
#4841=EDGE_LOOP('',(#2042,#2043,#2044,#2045,#2046,#2047));
#4842=EDGE_LOOP('',(#2048,#2049,#2050,#2051));
#4843=EDGE_LOOP('',(#2052,#2053,#2054,#2055));
#4844=EDGE_LOOP('',(#2056,#2057,#2058,#2059));
#4845=EDGE_LOOP('',(#2060,#2061,#2062,#2063));
#4846=EDGE_LOOP('',(#2064,#2065,#2066,#2067));
#4847=EDGE_LOOP('',(#2068,#2069,#2070,#2071));
#4848=EDGE_LOOP('',(#2072,#2073,#2074,#2075,#2076,#2077));
#4849=EDGE_LOOP('',(#2078,#2079,#2080,#2081));
#4850=EDGE_LOOP('',(#2082,#2083,#2084,#2085));
#4851=EDGE_LOOP('',(#2086,#2087,#2088,#2089));
#4852=EDGE_LOOP('',(#2090,#2091,#2092,#2093));
#4853=EDGE_LOOP('',(#2094,#2095,#2096,#2097));
#4854=EDGE_LOOP('',(#2098,#2099,#2100,#2101));
#4855=EDGE_LOOP('',(#2102,#2103,#2104,#2105));
#4856=EDGE_LOOP('',(#2106,#2107,#2108,#2109,#2110,#2111,#2112,#2113,#2114,
#2115,#2116,#2117,#2118,#2119,#2120,#2121,#2122,#2123,#2124,#2125,#2126,
#2127,#2128,#2129,#2130,#2131,#2132,#2133,#2134,#2135,#2136,#2137,#2138,
#2139,#2140,#2141,#2142,#2143,#2144,#2145));
#4857=EDGE_LOOP('',(#2146,#2147,#2148,#2149,#2150,#2151,#2152,#2153,#2154,
#2155,#2156,#2157,#2158,#2159,#2160,#2161,#2162,#2163,#2164,#2165,#2166,
#2167,#2168,#2169));
#4858=EDGE_LOOP('',(#2170,#2171,#2172,#2173,#2174,#2175,#2176,#2177,#2178,
#2179,#2180,#2181,#2182));
#4859=EDGE_LOOP('',(#2183,#2184,#2185,#2186,#2187,#2188,#2189,#2190));
#4860=EDGE_LOOP('',(#2191,#2192,#2193,#2194,#2195,#2196,#2197,#2198,#2199,
#2200,#2201,#2202));
#4861=EDGE_LOOP('',(#2203,#2204,#2205,#2206,#2207,#2208,#2209,#2210,#2211,
#2212,#2213,#2214,#2215,#2216,#2217,#2218,#2219,#2220,#2221,#2222));
#4862=EDGE_LOOP('',(#2223,#2224,#2225));
#4863=EDGE_LOOP('',(#2226,#2227,#2228,#2229));
#4864=EDGE_LOOP('',(#2230,#2231,#2232,#2233));
#4865=EDGE_LOOP('',(#2234,#2235,#2236,#2237));
#4866=EDGE_LOOP('',(#2238,#2239,#2240,#2241));
#4867=EDGE_LOOP('',(#2242,#2243,#2244,#2245));
#4868=EDGE_LOOP('',(#2246,#2247,#2248,#2249));
#4869=EDGE_LOOP('',(#2250,#2251,#2252,#2253));
#4870=EDGE_LOOP('',(#2254,#2255,#2256,#2257));
#4871=EDGE_LOOP('',(#2258,#2259,#2260,#2261));
#4872=EDGE_LOOP('',(#2262,#2263,#2264,#2265));
#4873=EDGE_LOOP('',(#2266,#2267,#2268,#2269));
#4874=EDGE_LOOP('',(#2270,#2271,#2272,#2273));
#4875=EDGE_LOOP('',(#2274,#2275,#2276,#2277));
#4876=EDGE_LOOP('',(#2278,#2279,#2280,#2281));
#4877=EDGE_LOOP('',(#2282,#2283,#2284,#2285));
#4878=EDGE_LOOP('',(#2286,#2287,#2288,#2289));
#4879=EDGE_LOOP('',(#2290,#2291,#2292,#2293));
#4880=EDGE_LOOP('',(#2294,#2295,#2296,#2297));
#4881=EDGE_LOOP('',(#2298,#2299,#2300,#2301));
#4882=EDGE_LOOP('',(#2302,#2303,#2304,#2305));
#4883=EDGE_LOOP('',(#2306,#2307,#2308,#2309));
#4884=EDGE_LOOP('',(#2310,#2311,#2312,#2313));
#4885=EDGE_LOOP('',(#2314,#2315,#2316,#2317));
#4886=EDGE_LOOP('',(#2318,#2319,#2320,#2321,#2322,#2323,#2324,#2325,#2326));
#4887=EDGE_LOOP('',(#2327,#2328,#2329,#2330));
#4888=EDGE_LOOP('',(#2331,#2332,#2333,#2334));
#4889=EDGE_LOOP('',(#2335,#2336,#2337,#2338));
#4890=EDGE_LOOP('',(#2339,#2340,#2341,#2342));
#4891=EDGE_LOOP('',(#2343,#2344,#2345,#2346));
#4892=EDGE_LOOP('',(#2347,#2348,#2349,#2350));
#4893=EDGE_LOOP('',(#2351,#2352,#2353,#2354));
#4894=EDGE_LOOP('',(#2355,#2356,#2357,#2358));
#4895=EDGE_LOOP('',(#2359,#2360,#2361,#2362));
#4896=EDGE_LOOP('',(#2363,#2364,#2365,#2366));
#4897=EDGE_LOOP('',(#2367,#2368,#2369,#2370));
#4898=EDGE_LOOP('',(#2371,#2372,#2373,#2374));
#4899=EDGE_LOOP('',(#2375,#2376,#2377,#2378,#2379,#2380,#2381,#2382,#2383));
#4900=EDGE_LOOP('',(#2384,#2385,#2386,#2387));
#4901=EDGE_LOOP('',(#2388,#2389,#2390,#2391));
#4902=EDGE_LOOP('',(#2392,#2393,#2394,#2395));
#4903=EDGE_LOOP('',(#2396,#2397,#2398,#2399));
#4904=EDGE_LOOP('',(#2400,#2401,#2402,#2403));
#4905=EDGE_LOOP('',(#2404,#2405,#2406,#2407,#2408,#2409,#2410,#2411,#2412,
#2413,#2414,#2415,#2416,#2417));
#4906=EDGE_LOOP('',(#2418,#2419,#2420,#2421));
#4907=EDGE_LOOP('',(#2422,#2423,#2424,#2425));
#4908=EDGE_LOOP('',(#2426,#2427,#2428,#2429));
#4909=EDGE_LOOP('',(#2430,#2431,#2432,#2433));
#4910=EDGE_LOOP('',(#2434,#2435,#2436,#2437));
#4911=EDGE_LOOP('',(#2438,#2439,#2440,#2441));
#4912=EDGE_LOOP('',(#2442,#2443,#2444,#2445));
#4913=EDGE_LOOP('',(#2446,#2447,#2448,#2449));
#4914=EDGE_LOOP('',(#2450,#2451,#2452,#2453,#2454,#2455,#2456,#2457,#2458));
#4915=EDGE_LOOP('',(#2459,#2460,#2461,#2462,#2463,#2464,#2465,#2466,#2467,
#2468,#2469,#2470,#2471,#2472,#2473,#2474,#2475,#2476,#2477,#2478,#2479,
#2480));
#4916=EDGE_LOOP('',(#2481,#2482,#2483,#2484));
#4917=EDGE_LOOP('',(#2485,#2486,#2487,#2488));
#4918=EDGE_LOOP('',(#2489,#2490,#2491,#2492));
#4919=EDGE_LOOP('',(#2493,#2494,#2495,#2496));
#4920=EDGE_LOOP('',(#2497,#2498,#2499,#2500));
#4921=EDGE_LOOP('',(#2501,#2502,#2503,#2504,#2505,#2506,#2507,#2508,#2509,
#2510,#2511,#2512));
#4922=EDGE_LOOP('',(#2513,#2514,#2515,#2516));
#4923=EDGE_LOOP('',(#2517,#2518,#2519,#2520));
#4924=EDGE_LOOP('',(#2521,#2522,#2523,#2524,#2525,#2526,#2527,#2528,#2529,
#2530,#2531,#2532,#2533));
#4925=EDGE_LOOP('',(#2534,#2535,#2536,#2537,#2538,#2539,#2540,#2541));
#4926=EDGE_LOOP('',(#2542,#2543,#2544));
#4927=EDGE_LOOP('',(#2545,#2546,#2547,#2548));
#4928=EDGE_LOOP('',(#2549,#2550,#2551,#2552));
#4929=EDGE_LOOP('',(#2553,#2554,#2555,#2556));
#4930=EDGE_LOOP('',(#2557,#2558,#2559,#2560));
#4931=EDGE_LOOP('',(#2561,#2562,#2563,#2564));
#4932=EDGE_LOOP('',(#2565,#2566,#2567,#2568));
#4933=EDGE_LOOP('',(#2569,#2570,#2571,#2572));
#4934=EDGE_LOOP('',(#2573,#2574,#2575,#2576));
#4935=EDGE_LOOP('',(#2577,#2578,#2579,#2580));
#4936=EDGE_LOOP('',(#2581,#2582,#2583,#2584));
#4937=EDGE_LOOP('',(#2585,#2586,#2587,#2588));
#4938=EDGE_LOOP('',(#2589,#2590,#2591,#2592));
#4939=EDGE_LOOP('',(#2593,#2594,#2595,#2596));
#4940=EDGE_LOOP('',(#2597,#2598,#2599,#2600));
#4941=EDGE_LOOP('',(#2601,#2602,#2603,#2604));
#4942=EDGE_LOOP('',(#2605,#2606,#2607,#2608));
#4943=EDGE_LOOP('',(#2609,#2610,#2611,#2612,#2613,#2614,#2615,#2616,#2617,
#2618,#2619,#2620,#2621,#2622,#2623,#2624,#2625,#2626,#2627,#2628,#2629,
#2630,#2631,#2632,#2633));
#4944=EDGE_LOOP('',(#2634,#2635,#2636,#2637));
#4945=EDGE_LOOP('',(#2638,#2639,#2640,#2641));
#4946=EDGE_LOOP('',(#2642,#2643,#2644,#2645));
#4947=EDGE_LOOP('',(#2646,#2647,#2648,#2649,#2650,#2651,#2652,#2653));
#4948=EDGE_LOOP('',(#2654,#2655,#2656,#2657));
#4949=EDGE_LOOP('',(#2658,#2659,#2660,#2661));
#4950=EDGE_LOOP('',(#2662,#2663,#2664,#2665));
#4951=EDGE_LOOP('',(#2666,#2667,#2668,#2669));
#4952=EDGE_LOOP('',(#2670,#2671,#2672,#2673));
#4953=EDGE_LOOP('',(#2674,#2675,#2676,#2677,#2678,#2679,#2680,#2681));
#4954=EDGE_LOOP('',(#2682,#2683,#2684,#2685));
#4955=EDGE_LOOP('',(#2686,#2687,#2688,#2689));
#4956=EDGE_LOOP('',(#2690,#2691,#2692,#2693));
#4957=EDGE_LOOP('',(#2694,#2695,#2696,#2697));
#4958=EDGE_LOOP('',(#2698,#2699,#2700,#2701));
#4959=EDGE_LOOP('',(#2702,#2703,#2704,#2705));
#4960=EDGE_LOOP('',(#2706,#2707,#2708,#2709,#2710,#2711,#2712,#2713,#2714,
#2715,#2716,#2717));
#4961=EDGE_LOOP('',(#2718,#2719,#2720,#2721));
#4962=EDGE_LOOP('',(#2722,#2723,#2724,#2725));
#4963=EDGE_LOOP('',(#2726,#2727,#2728,#2729));
#4964=EDGE_LOOP('',(#2730,#2731,#2732,#2733));
#4965=EDGE_LOOP('',(#2734,#2735,#2736,#2737));
#4966=EDGE_LOOP('',(#2738,#2739,#2740,#2741));
#4967=EDGE_LOOP('',(#2742,#2743,#2744,#2745));
#4968=EDGE_LOOP('',(#2746,#2747,#2748,#2749));
#4969=EDGE_LOOP('',(#2750,#2751,#2752,#2753));
#4970=EDGE_LOOP('',(#2754,#2755,#2756,#2757,#2758,#2759,#2760,#2761));
#4971=EDGE_LOOP('',(#2762,#2763,#2764,#2765));
#4972=EDGE_LOOP('',(#2766,#2767,#2768,#2769));
#4973=EDGE_LOOP('',(#2770,#2771,#2772,#2773));
#4974=EDGE_LOOP('',(#2774,#2775,#2776,#2777));
#4975=EDGE_LOOP('',(#2778,#2779,#2780,#2781));
#4976=EDGE_LOOP('',(#2782,#2783,#2784,#2785));
#4977=EDGE_LOOP('',(#2786,#2787,#2788,#2789));
#4978=EDGE_LOOP('',(#2790,#2791,#2792,#2793));
#4979=EDGE_LOOP('',(#2794,#2795,#2796,#2797));
#4980=EDGE_LOOP('',(#2798,#2799,#2800,#2801));
#4981=EDGE_LOOP('',(#2802,#2803,#2804,#2805));
#4982=EDGE_LOOP('',(#2806,#2807,#2808,#2809));
#4983=EDGE_LOOP('',(#2810,#2811,#2812,#2813));
#4984=EDGE_LOOP('',(#2814,#2815,#2816,#2817,#2818,#2819,#2820,#2821));
#4985=EDGE_LOOP('',(#2822,#2823,#2824,#2825));
#4986=EDGE_LOOP('',(#2826,#2827,#2828,#2829));
#4987=EDGE_LOOP('',(#2830,#2831,#2832,#2833));
#4988=EDGE_LOOP('',(#2834,#2835,#2836,#2837));
#4989=EDGE_LOOP('',(#2838,#2839,#2840,#2841));
#4990=EDGE_LOOP('',(#2842,#2843,#2844,#2845));
#4991=EDGE_LOOP('',(#2846,#2847,#2848,#2849));
#4992=EDGE_LOOP('',(#2850,#2851,#2852,#2853));
#4993=EDGE_LOOP('',(#2854,#2855,#2856,#2857));
#4994=EDGE_LOOP('',(#2858,#2859,#2860,#2861));
#4995=EDGE_LOOP('',(#2862,#2863,#2864,#2865));
#4996=EDGE_LOOP('',(#2866,#2867,#2868,#2869,#2870,#2871,#2872,#2873));
#4997=EDGE_LOOP('',(#2874,#2875,#2876,#2877));
#4998=EDGE_LOOP('',(#2878,#2879,#2880,#2881));
#4999=EDGE_LOOP('',(#2882,#2883,#2884,#2885));
#5000=EDGE_LOOP('',(#2886,#2887,#2888,#2889));
#5001=EDGE_LOOP('',(#2890,#2891,#2892,#2893));
#5002=EDGE_LOOP('',(#2894,#2895,#2896,#2897));
#5003=EDGE_LOOP('',(#2898,#2899,#2900,#2901));
#5004=EDGE_LOOP('',(#2902,#2903,#2904,#2905));
#5005=EDGE_LOOP('',(#2906,#2907,#2908,#2909));
#5006=EDGE_LOOP('',(#2910,#2911,#2912,#2913));
#5007=EDGE_LOOP('',(#2914,#2915,#2916,#2917));
#5008=EDGE_LOOP('',(#2918,#2919,#2920,#2921));
#5009=EDGE_LOOP('',(#2922,#2923,#2924,#2925));
#5010=EDGE_LOOP('',(#2926,#2927,#2928,#2929));
#5011=EDGE_LOOP('',(#2930,#2931,#2932,#2933));
#5012=EDGE_LOOP('',(#2934,#2935,#2936,#2937,#2938,#2939,#2940,#2941,#2942,
#2943,#2944,#2945));
#5013=EDGE_LOOP('',(#2946,#2947,#2948,#2949,#2950,#2951,#2952,#2953));
#5014=EDGE_LOOP('',(#2954,#2955,#2956,#2957));
#5015=EDGE_LOOP('',(#2958,#2959,#2960,#2961));
#5016=EDGE_LOOP('',(#2962,#2963,#2964,#2965));
#5017=EDGE_LOOP('',(#2966,#2967,#2968,#2969));
#5018=EDGE_LOOP('',(#2970,#2971,#2972,#2973));
#5019=EDGE_LOOP('',(#2974,#2975,#2976,#2977,#2978,#2979,#2980,#2981,#2982,
#2983,#2984,#2985));
#5020=EDGE_LOOP('',(#2986,#2987,#2988,#2989));
#5021=EDGE_LOOP('',(#2990,#2991,#2992,#2993));
#5022=EDGE_LOOP('',(#2994,#2995,#2996,#2997));
#5023=EDGE_LOOP('',(#2998,#2999,#3000,#3001));
#5024=EDGE_LOOP('',(#3002,#3003,#3004,#3005));
#5025=EDGE_LOOP('',(#3006,#3007,#3008,#3009));
#5026=EDGE_LOOP('',(#3010,#3011,#3012,#3013));
#5027=EDGE_LOOP('',(#3014,#3015,#3016,#3017));
#5028=EDGE_LOOP('',(#3018,#3019,#3020,#3021));
#5029=EDGE_LOOP('',(#3022,#3023,#3024,#3025));
#5030=EDGE_LOOP('',(#3026,#3027,#3028,#3029));
#5031=EDGE_LOOP('',(#3030,#3031,#3032,#3033));
#5032=EDGE_LOOP('',(#3034,#3035,#3036,#3037));
#5033=EDGE_LOOP('',(#3038,#3039,#3040,#3041));
#5034=EDGE_LOOP('',(#3042,#3043,#3044,#3045));
#5035=EDGE_LOOP('',(#3046,#3047,#3048,#3049,#3050,#3051,#3052));
#5036=EDGE_LOOP('',(#3053,#3054,#3055,#3056));
#5037=EDGE_LOOP('',(#3057,#3058,#3059,#3060));
#5038=EDGE_LOOP('',(#3061,#3062,#3063,#3064,#3065,#3066,#3067));
#5039=EDGE_LOOP('',(#3068,#3069,#3070,#3071));
#5040=EDGE_LOOP('',(#3072,#3073,#3074,#3075));
#5041=EDGE_LOOP('',(#3076,#3077,#3078,#3079));
#5042=EDGE_LOOP('',(#3080,#3081,#3082,#3083));
#5043=EDGE_LOOP('',(#3084,#3085,#3086,#3087));
#5044=EDGE_LOOP('',(#3088,#3089,#3090,#3091));
#5045=EDGE_LOOP('',(#3092,#3093,#3094,#3095));
#5046=EDGE_LOOP('',(#3096,#3097,#3098,#3099));
#5047=EDGE_LOOP('',(#3100,#3101,#3102,#3103));
#5048=EDGE_LOOP('',(#3104,#3105,#3106,#3107));
#5049=EDGE_LOOP('',(#3108,#3109,#3110,#3111));
#5050=EDGE_LOOP('',(#3112,#3113,#3114,#3115));
#5051=EDGE_LOOP('',(#3116,#3117,#3118,#3119));
#5052=EDGE_LOOP('',(#3120,#3121,#3122,#3123));
#5053=EDGE_LOOP('',(#3124,#3125,#3126,#3127));
#5054=EDGE_LOOP('',(#3128,#3129,#3130,#3131));
#5055=EDGE_LOOP('',(#3132,#3133,#3134,#3135));
#5056=EDGE_LOOP('',(#3136,#3137,#3138,#3139));
#5057=EDGE_LOOP('',(#3140,#3141,#3142,#3143));
#5058=EDGE_LOOP('',(#3144,#3145,#3146,#3147,#3148,#3149,#3150,#3151,#3152,
#3153));
#5059=EDGE_LOOP('',(#3154,#3155,#3156,#3157));
#5060=EDGE_LOOP('',(#3158,#3159,#3160,#3161));
#5061=EDGE_LOOP('',(#3162,#3163,#3164,#3165));
#5062=EDGE_LOOP('',(#3166,#3167,#3168,#3169));
#5063=EDGE_LOOP('',(#3170,#3171,#3172,#3173));
#5064=EDGE_LOOP('',(#3174,#3175,#3176,#3177,#3178,#3179,#3180,#3181,#3182,
#3183,#3184,#3185));
#5065=EDGE_LOOP('',(#3186,#3187,#3188,#3189));
#5066=EDGE_LOOP('',(#3190,#3191,#3192,#3193));
#5067=EDGE_LOOP('',(#3194,#3195,#3196,#3197));
#5068=EDGE_LOOP('',(#3198,#3199,#3200,#3201));
#5069=EDGE_LOOP('',(#3202,#3203,#3204,#3205));
#5070=EDGE_LOOP('',(#3206,#3207,#3208,#3209));
#5071=EDGE_LOOP('',(#3210,#3211,#3212,#3213));
#5072=EDGE_LOOP('',(#3214,#3215,#3216,#3217));
#5073=EDGE_LOOP('',(#3218,#3219,#3220,#3221));
#5074=EDGE_LOOP('',(#3222,#3223,#3224,#3225));
#5075=EDGE_LOOP('',(#3226,#3227,#3228,#3229));
#5076=EDGE_LOOP('',(#3230,#3231,#3232,#3233));
#5077=EDGE_LOOP('',(#3234,#3235,#3236,#3237));
#5078=EDGE_LOOP('',(#3238,#3239,#3240,#3241));
#5079=EDGE_LOOP('',(#3242,#3243,#3244,#3245));
#5080=EDGE_LOOP('',(#3246,#3247,#3248,#3249,#3250));
#5081=EDGE_LOOP('',(#3251,#3252,#3253,#3254));
#5082=EDGE_LOOP('',(#3255,#3256,#3257,#3258));
#5083=EDGE_LOOP('',(#3259,#3260,#3261,#3262));
#5084=EDGE_LOOP('',(#3263,#3264,#3265,#3266));
#5085=EDGE_LOOP('',(#3267,#3268,#3269,#3270));
#5086=EDGE_LOOP('',(#3271,#3272,#3273,#3274,#3275,#3276,#3277,#3278,#3279));
#5087=EDGE_LOOP('',(#3280,#3281,#3282,#3283));
#5088=EDGE_LOOP('',(#3284,#3285,#3286,#3287));
#5089=EDGE_LOOP('',(#3288,#3289,#3290,#3291));
#5090=EDGE_LOOP('',(#3292,#3293,#3294,#3295));
#5091=EDGE_LOOP('',(#3296,#3297,#3298,#3299,#3300,#3301));
#5092=EDGE_LOOP('',(#3302,#3303,#3304,#3305,#3306,#3307));
#5093=EDGE_LOOP('',(#3308,#3309,#3310,#3311,#3312,#3313,#3314,#3315,#3316,
#3317,#3318,#3319,#3320,#3321,#3322,#3323,#3324,#3325));
#5094=EDGE_LOOP('',(#3326,#3327,#3328,#3329));
#5095=EDGE_LOOP('',(#3330,#3331,#3332,#3333));
#5096=EDGE_LOOP('',(#3334,#3335,#3336,#3337));
#5097=EDGE_LOOP('',(#3338,#3339,#3340,#3341));
#5098=EDGE_LOOP('',(#3342,#3343,#3344,#3345));
#5099=EDGE_LOOP('',(#3346,#3347,#3348,#3349));
#5100=EDGE_LOOP('',(#3350,#3351,#3352,#3353));
#5101=EDGE_LOOP('',(#3354,#3355,#3356,#3357));
#5102=EDGE_LOOP('',(#3358,#3359,#3360,#3361,#3362,#3363,#3364,#3365));
#5103=EDGE_LOOP('',(#3366,#3367,#3368,#3369));
#5104=EDGE_LOOP('',(#3370,#3371,#3372,#3373,#3374,#3375,#3376,#3377,#3378,
#3379,#3380,#3381,#3382,#3383,#3384,#3385,#3386,#3387,#3388,#3389,#3390,
#3391,#3392,#3393));
#5105=EDGE_LOOP('',(#3394,#3395,#3396,#3397,#3398,#3399,#3400,#3401,#3402,
#3403,#3404,#3405,#3406,#3407,#3408,#3409,#3410,#3411,#3412,#3413));
#5106=EDGE_LOOP('',(#3414,#3415,#3416,#3417,#3418,#3419,#3420,#3421,#3422,
#3423,#3424,#3425,#3426,#3427,#3428,#3429,#3430,#3431,#3432,#3433,#3434,
#3435,#3436,#3437,#3438,#3439,#3440,#3441,#3442,#3443,#3444,#3445,#3446,
#3447,#3448,#3449,#3450,#3451,#3452,#3453));
#5107=EDGE_LOOP('',(#3454,#3455,#3456,#3457));
#5108=EDGE_LOOP('',(#3458,#3459,#3460,#3461));
#5109=EDGE_LOOP('',(#3462,#3463,#3464,#3465));
#5110=FACE_BOUND('',#4806,.T.);
#5111=FACE_BOUND('',#4807,.T.);
#5112=FACE_BOUND('',#4808,.T.);
#5113=FACE_BOUND('',#4809,.T.);
#5114=FACE_BOUND('',#4810,.T.);
#5115=FACE_BOUND('',#4811,.T.);
#5116=FACE_BOUND('',#4812,.T.);
#5117=FACE_BOUND('',#4813,.T.);
#5118=FACE_BOUND('',#4814,.T.);
#5119=FACE_BOUND('',#4815,.T.);
#5120=FACE_BOUND('',#4816,.T.);
#5121=FACE_BOUND('',#4817,.T.);
#5122=FACE_BOUND('',#4818,.T.);
#5123=FACE_BOUND('',#4819,.T.);
#5124=FACE_BOUND('',#4820,.T.);
#5125=FACE_BOUND('',#4821,.T.);
#5126=FACE_BOUND('',#4822,.T.);
#5127=FACE_BOUND('',#4823,.T.);
#5128=FACE_BOUND('',#4824,.T.);
#5129=FACE_BOUND('',#4825,.T.);
#5130=FACE_BOUND('',#4826,.T.);
#5131=FACE_BOUND('',#4827,.T.);
#5132=FACE_BOUND('',#4828,.T.);
#5133=FACE_BOUND('',#4829,.T.);
#5134=FACE_BOUND('',#4830,.T.);
#5135=FACE_BOUND('',#4831,.T.);
#5136=FACE_BOUND('',#4832,.T.);
#5137=FACE_BOUND('',#4833,.T.);
#5138=FACE_BOUND('',#4834,.T.);
#5139=FACE_BOUND('',#4835,.T.);
#5140=FACE_BOUND('',#4836,.T.);
#5141=FACE_BOUND('',#4837,.T.);
#5142=FACE_BOUND('',#4838,.T.);
#5143=FACE_BOUND('',#4839,.T.);
#5144=FACE_BOUND('',#4840,.T.);
#5145=FACE_BOUND('',#4841,.T.);
#5146=FACE_BOUND('',#4842,.T.);
#5147=FACE_BOUND('',#4843,.T.);
#5148=FACE_BOUND('',#4844,.T.);
#5149=FACE_BOUND('',#4845,.T.);
#5150=FACE_BOUND('',#4846,.T.);
#5151=FACE_BOUND('',#4847,.T.);
#5152=FACE_BOUND('',#4848,.T.);
#5153=FACE_BOUND('',#4849,.T.);
#5154=FACE_BOUND('',#4850,.T.);
#5155=FACE_BOUND('',#4851,.T.);
#5156=FACE_BOUND('',#4852,.T.);
#5157=FACE_BOUND('',#4853,.T.);
#5158=FACE_BOUND('',#4854,.T.);
#5159=FACE_BOUND('',#4855,.T.);
#5160=FACE_BOUND('',#4856,.T.);
#5161=FACE_BOUND('',#4857,.T.);
#5162=FACE_BOUND('',#4858,.T.);
#5163=FACE_BOUND('',#4859,.T.);
#5164=FACE_BOUND('',#4860,.T.);
#5165=FACE_BOUND('',#4861,.T.);
#5166=FACE_BOUND('',#4862,.T.);
#5167=FACE_BOUND('',#4863,.T.);
#5168=FACE_BOUND('',#4864,.T.);
#5169=FACE_BOUND('',#4865,.T.);
#5170=FACE_BOUND('',#4866,.T.);
#5171=FACE_BOUND('',#4867,.T.);
#5172=FACE_BOUND('',#4868,.T.);
#5173=FACE_BOUND('',#4869,.T.);
#5174=FACE_BOUND('',#4870,.T.);
#5175=FACE_BOUND('',#4871,.T.);
#5176=FACE_BOUND('',#4872,.T.);
#5177=FACE_BOUND('',#4873,.T.);
#5178=FACE_BOUND('',#4874,.T.);
#5179=FACE_BOUND('',#4875,.T.);
#5180=FACE_BOUND('',#4876,.T.);
#5181=FACE_BOUND('',#4877,.T.);
#5182=FACE_BOUND('',#4878,.T.);
#5183=FACE_BOUND('',#4879,.T.);
#5184=FACE_BOUND('',#4880,.T.);
#5185=FACE_BOUND('',#4881,.T.);
#5186=FACE_BOUND('',#4882,.T.);
#5187=FACE_BOUND('',#4883,.T.);
#5188=FACE_BOUND('',#4884,.T.);
#5189=FACE_BOUND('',#4885,.T.);
#5190=FACE_BOUND('',#4886,.T.);
#5191=FACE_BOUND('',#4887,.T.);
#5192=FACE_BOUND('',#4888,.T.);
#5193=FACE_BOUND('',#4889,.T.);
#5194=FACE_BOUND('',#4890,.T.);
#5195=FACE_BOUND('',#4891,.T.);
#5196=FACE_BOUND('',#4892,.T.);
#5197=FACE_BOUND('',#4893,.T.);
#5198=FACE_BOUND('',#4894,.T.);
#5199=FACE_BOUND('',#4895,.T.);
#5200=FACE_BOUND('',#4896,.T.);
#5201=FACE_BOUND('',#4897,.T.);
#5202=FACE_BOUND('',#4898,.T.);
#5203=FACE_BOUND('',#4899,.T.);
#5204=FACE_BOUND('',#4900,.T.);
#5205=FACE_BOUND('',#4901,.T.);
#5206=FACE_BOUND('',#4902,.T.);
#5207=FACE_BOUND('',#4903,.T.);
#5208=FACE_BOUND('',#4904,.T.);
#5209=FACE_BOUND('',#4905,.T.);
#5210=FACE_BOUND('',#4906,.T.);
#5211=FACE_BOUND('',#4907,.T.);
#5212=FACE_BOUND('',#4908,.T.);
#5213=FACE_BOUND('',#4909,.T.);
#5214=FACE_BOUND('',#4910,.T.);
#5215=FACE_BOUND('',#4911,.T.);
#5216=FACE_BOUND('',#4912,.T.);
#5217=FACE_BOUND('',#4913,.T.);
#5218=FACE_BOUND('',#4914,.T.);
#5219=FACE_BOUND('',#4915,.T.);
#5220=FACE_BOUND('',#4916,.T.);
#5221=FACE_BOUND('',#4917,.T.);
#5222=FACE_BOUND('',#4918,.T.);
#5223=FACE_BOUND('',#4919,.T.);
#5224=FACE_BOUND('',#4920,.T.);
#5225=FACE_BOUND('',#4921,.T.);
#5226=FACE_BOUND('',#4922,.T.);
#5227=FACE_BOUND('',#4923,.T.);
#5228=FACE_BOUND('',#4924,.T.);
#5229=FACE_BOUND('',#4925,.T.);
#5230=FACE_BOUND('',#4926,.T.);
#5231=FACE_BOUND('',#4927,.T.);
#5232=FACE_BOUND('',#4928,.T.);
#5233=FACE_BOUND('',#4929,.T.);
#5234=FACE_BOUND('',#4930,.T.);
#5235=FACE_BOUND('',#4931,.T.);
#5236=FACE_BOUND('',#4932,.T.);
#5237=FACE_BOUND('',#4933,.T.);
#5238=FACE_BOUND('',#4934,.T.);
#5239=FACE_BOUND('',#4935,.T.);
#5240=FACE_BOUND('',#4936,.T.);
#5241=FACE_BOUND('',#4937,.T.);
#5242=FACE_BOUND('',#4938,.T.);
#5243=FACE_BOUND('',#4939,.T.);
#5244=FACE_BOUND('',#4940,.T.);
#5245=FACE_BOUND('',#4941,.T.);
#5246=FACE_BOUND('',#4942,.T.);
#5247=FACE_BOUND('',#4943,.T.);
#5248=FACE_BOUND('',#4944,.T.);
#5249=FACE_BOUND('',#4945,.T.);
#5250=FACE_BOUND('',#4946,.T.);
#5251=FACE_BOUND('',#4947,.T.);
#5252=FACE_BOUND('',#4948,.T.);
#5253=FACE_BOUND('',#4949,.T.);
#5254=FACE_BOUND('',#4950,.T.);
#5255=FACE_BOUND('',#4951,.T.);
#5256=FACE_BOUND('',#4952,.T.);
#5257=FACE_BOUND('',#4953,.T.);
#5258=FACE_BOUND('',#4954,.T.);
#5259=FACE_BOUND('',#4955,.T.);
#5260=FACE_BOUND('',#4956,.T.);
#5261=FACE_BOUND('',#4957,.T.);
#5262=FACE_BOUND('',#4958,.T.);
#5263=FACE_BOUND('',#4959,.T.);
#5264=FACE_BOUND('',#4960,.T.);
#5265=FACE_BOUND('',#4961,.T.);
#5266=FACE_BOUND('',#4962,.T.);
#5267=FACE_BOUND('',#4963,.T.);
#5268=FACE_BOUND('',#4964,.T.);
#5269=FACE_BOUND('',#4965,.T.);
#5270=FACE_BOUND('',#4966,.T.);
#5271=FACE_BOUND('',#4967,.T.);
#5272=FACE_BOUND('',#4968,.T.);
#5273=FACE_BOUND('',#4969,.T.);
#5274=FACE_BOUND('',#4970,.T.);
#5275=FACE_BOUND('',#4971,.T.);
#5276=FACE_BOUND('',#4972,.T.);
#5277=FACE_BOUND('',#4973,.T.);
#5278=FACE_BOUND('',#4974,.T.);
#5279=FACE_BOUND('',#4975,.T.);
#5280=FACE_BOUND('',#4976,.T.);
#5281=FACE_BOUND('',#4977,.T.);
#5282=FACE_BOUND('',#4978,.T.);
#5283=FACE_BOUND('',#4979,.T.);
#5284=FACE_BOUND('',#4980,.T.);
#5285=FACE_BOUND('',#4981,.T.);
#5286=FACE_BOUND('',#4982,.T.);
#5287=FACE_BOUND('',#4983,.T.);
#5288=FACE_BOUND('',#4984,.T.);
#5289=FACE_BOUND('',#4985,.T.);
#5290=FACE_BOUND('',#4986,.T.);
#5291=FACE_BOUND('',#4987,.T.);
#5292=FACE_BOUND('',#4988,.T.);
#5293=FACE_BOUND('',#4989,.T.);
#5294=FACE_BOUND('',#4990,.T.);
#5295=FACE_BOUND('',#4991,.T.);
#5296=FACE_BOUND('',#4992,.T.);
#5297=FACE_BOUND('',#4993,.T.);
#5298=FACE_BOUND('',#4994,.T.);
#5299=FACE_BOUND('',#4995,.T.);
#5300=FACE_BOUND('',#4996,.T.);
#5301=FACE_BOUND('',#4997,.T.);
#5302=FACE_BOUND('',#4998,.T.);
#5303=FACE_BOUND('',#4999,.T.);
#5304=FACE_BOUND('',#5000,.T.);
#5305=FACE_BOUND('',#5001,.T.);
#5306=FACE_BOUND('',#5002,.T.);
#5307=FACE_BOUND('',#5003,.T.);
#5308=FACE_BOUND('',#5004,.T.);
#5309=FACE_BOUND('',#5005,.T.);
#5310=FACE_BOUND('',#5006,.T.);
#5311=FACE_BOUND('',#5007,.T.);
#5312=FACE_BOUND('',#5008,.T.);
#5313=FACE_BOUND('',#5009,.T.);
#5314=FACE_BOUND('',#5010,.T.);
#5315=FACE_BOUND('',#5011,.T.);
#5316=FACE_BOUND('',#5012,.T.);
#5317=FACE_BOUND('',#5013,.T.);
#5318=FACE_BOUND('',#5014,.T.);
#5319=FACE_BOUND('',#5015,.T.);
#5320=FACE_BOUND('',#5016,.T.);
#5321=FACE_BOUND('',#5017,.T.);
#5322=FACE_BOUND('',#5018,.T.);
#5323=FACE_BOUND('',#5019,.T.);
#5324=FACE_BOUND('',#5020,.T.);
#5325=FACE_BOUND('',#5021,.T.);
#5326=FACE_BOUND('',#5022,.T.);
#5327=FACE_BOUND('',#5023,.T.);
#5328=FACE_BOUND('',#5024,.T.);
#5329=FACE_BOUND('',#5025,.T.);
#5330=FACE_BOUND('',#5026,.T.);
#5331=FACE_BOUND('',#5027,.T.);
#5332=FACE_BOUND('',#5028,.T.);
#5333=FACE_BOUND('',#5029,.T.);
#5334=FACE_BOUND('',#5030,.T.);
#5335=FACE_BOUND('',#5031,.T.);
#5336=FACE_BOUND('',#5032,.T.);
#5337=FACE_BOUND('',#5033,.T.);
#5338=FACE_BOUND('',#5034,.T.);
#5339=FACE_BOUND('',#5035,.T.);
#5340=FACE_BOUND('',#5036,.T.);
#5341=FACE_BOUND('',#5037,.T.);
#5342=FACE_BOUND('',#5038,.T.);
#5343=FACE_BOUND('',#5039,.T.);
#5344=FACE_BOUND('',#5040,.T.);
#5345=FACE_BOUND('',#5041,.T.);
#5346=FACE_BOUND('',#5042,.T.);
#5347=FACE_BOUND('',#5043,.T.);
#5348=FACE_BOUND('',#5044,.T.);
#5349=FACE_BOUND('',#5045,.T.);
#5350=FACE_BOUND('',#5046,.T.);
#5351=FACE_BOUND('',#5047,.T.);
#5352=FACE_BOUND('',#5048,.T.);
#5353=FACE_BOUND('',#5049,.T.);
#5354=FACE_BOUND('',#5050,.T.);
#5355=FACE_BOUND('',#5051,.T.);
#5356=FACE_BOUND('',#5052,.T.);
#5357=FACE_BOUND('',#5053,.T.);
#5358=FACE_BOUND('',#5054,.T.);
#5359=FACE_BOUND('',#5055,.T.);
#5360=FACE_BOUND('',#5056,.T.);
#5361=FACE_BOUND('',#5057,.T.);
#5362=FACE_BOUND('',#5058,.T.);
#5363=FACE_BOUND('',#5059,.T.);
#5364=FACE_BOUND('',#5060,.T.);
#5365=FACE_BOUND('',#5061,.T.);
#5366=FACE_BOUND('',#5062,.T.);
#5367=FACE_BOUND('',#5063,.T.);
#5368=FACE_BOUND('',#5064,.T.);
#5369=FACE_BOUND('',#5065,.T.);
#5370=FACE_BOUND('',#5066,.T.);
#5371=FACE_BOUND('',#5067,.T.);
#5372=FACE_BOUND('',#5068,.T.);
#5373=FACE_BOUND('',#5069,.T.);
#5374=FACE_BOUND('',#5070,.T.);
#5375=FACE_BOUND('',#5071,.T.);
#5376=FACE_BOUND('',#5072,.T.);
#5377=FACE_BOUND('',#5073,.T.);
#5378=FACE_BOUND('',#5074,.T.);
#5379=FACE_BOUND('',#5075,.T.);
#5380=FACE_BOUND('',#5076,.T.);
#5381=FACE_BOUND('',#5077,.T.);
#5382=FACE_BOUND('',#5078,.T.);
#5383=FACE_BOUND('',#5079,.T.);
#5384=FACE_BOUND('',#5080,.T.);
#5385=FACE_BOUND('',#5081,.T.);
#5386=FACE_BOUND('',#5082,.T.);
#5387=FACE_BOUND('',#5083,.T.);
#5388=FACE_BOUND('',#5084,.T.);
#5389=FACE_BOUND('',#5085,.T.);
#5390=FACE_BOUND('',#5086,.T.);
#5391=FACE_BOUND('',#5087,.T.);
#5392=FACE_BOUND('',#5088,.T.);
#5393=FACE_BOUND('',#5089,.T.);
#5394=FACE_BOUND('',#5090,.T.);
#5395=FACE_BOUND('',#5091,.T.);
#5396=FACE_BOUND('',#5092,.T.);
#5397=FACE_BOUND('',#5093,.T.);
#5398=FACE_BOUND('',#5094,.T.);
#5399=FACE_BOUND('',#5095,.T.);
#5400=FACE_BOUND('',#5096,.T.);
#5401=FACE_BOUND('',#5097,.T.);
#5402=FACE_BOUND('',#5098,.T.);
#5403=FACE_BOUND('',#5099,.T.);
#5404=FACE_BOUND('',#5100,.T.);
#5405=FACE_BOUND('',#5101,.T.);
#5406=FACE_BOUND('',#5102,.T.);
#5407=FACE_BOUND('',#5103,.T.);
#5408=FACE_BOUND('',#5104,.T.);
#5409=FACE_BOUND('',#5105,.T.);
#5410=FACE_BOUND('',#5106,.T.);
#5411=FACE_BOUND('',#5107,.T.);
#5412=FACE_BOUND('',#5108,.T.);
#5413=FACE_BOUND('',#5109,.T.);
#5414=CYLINDRICAL_SURFACE('',#5731,0.00021081999999601);
#5415=CYLINDRICAL_SURFACE('',#5733,0.000210820000000668);
#5416=CYLINDRICAL_SURFACE('',#5736,0.000316230000000691);
#5417=CYLINDRICAL_SURFACE('',#5747,0.000316229999999655);
#5418=CYLINDRICAL_SURFACE('',#5759,0.000368934999999125);
#5419=CYLINDRICAL_SURFACE('',#5792,0.000263524999999278);
#5420=CYLINDRICAL_SURFACE('',#5796,0.000421639999999268);
#5421=CYLINDRICAL_SURFACE('',#5802,0.000316230000001088);
#5422=CYLINDRICAL_SURFACE('',#5810,0.000210819999997505);
#5423=CYLINDRICAL_SURFACE('',#5815,0.000421639999999355);
#5424=CYLINDRICAL_SURFACE('',#5859,0.000368934999999754);
#5425=CYLINDRICAL_SURFACE('',#5882,0.000316229999999886);
#5426=CYLINDRICAL_SURFACE('',#5935,0.000263524999999738);
#5427=CYLINDRICAL_SURFACE('',#5965,0.000263525000000261);
#5428=CYLINDRICAL_SURFACE('',#6008,0.000316230000003158);
#5429=CYLINDRICAL_SURFACE('',#6013,0.000368934999999486);
#5430=CYLINDRICAL_SURFACE('',#6028,0.000210819999999886);
#5431=CYLINDRICAL_SURFACE('',#6033,0.000368935000000263);
#5432=ADVANCED_FACE('',(#5110),#5414,.T.);
#5433=ADVANCED_FACE('',(#5111),#5415,.T.);
#5434=ADVANCED_FACE('',(#5112),#44,.F.);
#5435=ADVANCED_FACE('',(#5113),#45,.T.);
#5436=ADVANCED_FACE('',(#5114),#5416,.F.);
#5437=ADVANCED_FACE('',(#5115),#46,.T.);
#5438=ADVANCED_FACE('',(#5116),#47,.F.);
#5439=ADVANCED_FACE('',(#5117),#48,.T.);
#5440=ADVANCED_FACE('',(#5118),#49,.F.);
#5441=ADVANCED_FACE('',(#5119),#50,.T.);
#5442=ADVANCED_FACE('',(#5120),#51,.F.);
#5443=ADVANCED_FACE('',(#5121),#52,.F.);
#5444=ADVANCED_FACE('',(#5122),#53,.T.);
#5445=ADVANCED_FACE('',(#5123),#5417,.F.);
#5446=ADVANCED_FACE('',(#5124),#54,.T.);
#5447=ADVANCED_FACE('',(#5125),#55,.T.);
#5448=ADVANCED_FACE('',(#5126),#56,.F.);
#5449=ADVANCED_FACE('',(#5127),#57,.F.);
#5450=ADVANCED_FACE('',(#5128),#58,.F.);
#5451=ADVANCED_FACE('',(#5129),#59,.T.);
#5452=ADVANCED_FACE('',(#5130),#60,.F.);
#5453=ADVANCED_FACE('',(#5131),#61,.F.);
#5454=ADVANCED_FACE('',(#5132),#62,.F.);
#5455=ADVANCED_FACE('',(#5133),#5418,.T.);
#5456=ADVANCED_FACE('',(#5134),#63,.F.);
#5457=ADVANCED_FACE('',(#5135),#64,.T.);
#5458=ADVANCED_FACE('',(#5136),#65,.F.);
#5459=ADVANCED_FACE('',(#5137),#66,.T.);
#5460=ADVANCED_FACE('',(#5138),#67,.F.);
#5461=ADVANCED_FACE('',(#5139),#68,.F.);
#5462=ADVANCED_FACE('',(#5140),#69,.T.);
#5463=ADVANCED_FACE('',(#5141),#70,.T.);
#5464=ADVANCED_FACE('',(#5142),#71,.T.);
#5465=ADVANCED_FACE('',(#5143),#72,.T.);
#5466=ADVANCED_FACE('',(#5144,#5145),#73,.F.);
#5467=ADVANCED_FACE('',(#5146),#74,.T.);
#5468=ADVANCED_FACE('',(#5147),#75,.F.);
#5469=ADVANCED_FACE('',(#5148),#76,.F.);
#5470=ADVANCED_FACE('',(#5149),#77,.T.);
#5471=ADVANCED_FACE('',(#5150),#78,.F.);
#5472=ADVANCED_FACE('',(#5151),#79,.F.);
#5473=ADVANCED_FACE('',(#5152),#80,.F.);
#5474=ADVANCED_FACE('',(#5153),#81,.F.);
#5475=ADVANCED_FACE('',(#5154),#82,.T.);
#5476=ADVANCED_FACE('',(#5155),#83,.F.);
#5477=ADVANCED_FACE('',(#5156),#84,.F.);
#5478=ADVANCED_FACE('',(#5157),#85,.T.);
#5479=ADVANCED_FACE('',(#5158),#86,.F.);
#5480=ADVANCED_FACE('',(#5159,#5160,#5161,#5162,#5163,#5164),#87,.F.);
#5481=ADVANCED_FACE('',(#5165),#88,.F.);
#5482=ADVANCED_FACE('',(#5166),#89,.F.);
#5483=ADVANCED_FACE('',(#5167),#90,.T.);
#5484=ADVANCED_FACE('',(#5168),#91,.T.);
#5485=ADVANCED_FACE('',(#5169),#5419,.T.);
#5486=ADVANCED_FACE('',(#5170),#92,.F.);
#5487=ADVANCED_FACE('',(#5171),#5420,.T.);
#5488=ADVANCED_FACE('',(#5172),#93,.F.);
#5489=ADVANCED_FACE('',(#5173),#94,.F.);
#5490=ADVANCED_FACE('',(#5174),#95,.F.);
#5491=ADVANCED_FACE('',(#5175),#5421,.F.);
#5492=ADVANCED_FACE('',(#5176),#96,.T.);
#5493=ADVANCED_FACE('',(#5177),#97,.F.);
#5494=ADVANCED_FACE('',(#5178),#98,.T.);
#5495=ADVANCED_FACE('',(#5179),#99,.F.);
#5496=ADVANCED_FACE('',(#5180),#100,.T.);
#5497=ADVANCED_FACE('',(#5181),#5422,.T.);
#5498=ADVANCED_FACE('',(#5182),#101,.F.);
#5499=ADVANCED_FACE('',(#5183),#102,.F.);
#5500=ADVANCED_FACE('',(#5184),#103,.F.);
#5501=ADVANCED_FACE('',(#5185),#5423,.T.);
#5502=ADVANCED_FACE('',(#5186),#104,.F.);
#5503=ADVANCED_FACE('',(#5187),#105,.T.);
#5504=ADVANCED_FACE('',(#5188),#106,.T.);
#5505=ADVANCED_FACE('',(#5189),#107,.F.);
#5506=ADVANCED_FACE('',(#5190),#108,.T.);
#5507=ADVANCED_FACE('',(#5191),#109,.F.);
#5508=ADVANCED_FACE('',(#5192),#110,.F.);
#5509=ADVANCED_FACE('',(#5193),#111,.F.);
#5510=ADVANCED_FACE('',(#5194),#112,.F.);
#5511=ADVANCED_FACE('',(#5195),#113,.F.);
#5512=ADVANCED_FACE('',(#5196),#114,.F.);
#5513=ADVANCED_FACE('',(#5197),#115,.F.);
#5514=ADVANCED_FACE('',(#5198),#116,.F.);
#5515=ADVANCED_FACE('',(#5199),#117,.F.);
#5516=ADVANCED_FACE('',(#5200),#118,.F.);
#5517=ADVANCED_FACE('',(#5201),#119,.F.);
#5518=ADVANCED_FACE('',(#5202),#120,.F.);
#5519=ADVANCED_FACE('',(#5203),#121,.T.);
#5520=ADVANCED_FACE('',(#5204),#122,.F.);
#5521=ADVANCED_FACE('',(#5205),#123,.F.);
#5522=ADVANCED_FACE('',(#5206),#124,.F.);
#5523=ADVANCED_FACE('',(#5207),#125,.F.);
#5524=ADVANCED_FACE('',(#5208),#126,.F.);
#5525=ADVANCED_FACE('',(#5209,#5210,#5211),#127,.F.);
#5526=ADVANCED_FACE('',(#5212),#128,.F.);
#5527=ADVANCED_FACE('',(#5213),#129,.F.);
#5528=ADVANCED_FACE('',(#5214),#130,.F.);
#5529=ADVANCED_FACE('',(#5215),#131,.F.);
#5530=ADVANCED_FACE('',(#5216),#132,.F.);
#5531=ADVANCED_FACE('',(#5217),#133,.T.);
#5532=ADVANCED_FACE('',(#5218),#134,.F.);
#5533=ADVANCED_FACE('',(#5219,#5220,#5221),#135,.T.);
#5534=ADVANCED_FACE('',(#5222),#136,.F.);
#5535=ADVANCED_FACE('',(#5223),#137,.F.);
#5536=ADVANCED_FACE('',(#5224),#138,.F.);
#5537=ADVANCED_FACE('',(#5225),#139,.T.);
#5538=ADVANCED_FACE('',(#5226),#5424,.T.);
#5539=ADVANCED_FACE('',(#5227),#140,.F.);
#5540=ADVANCED_FACE('',(#5228),#141,.T.);
#5541=ADVANCED_FACE('',(#5229,#5230),#142,.T.);
#5542=ADVANCED_FACE('',(#5231),#143,.F.);
#5543=ADVANCED_FACE('',(#5232),#144,.F.);
#5544=ADVANCED_FACE('',(#5233),#145,.T.);
#5545=ADVANCED_FACE('',(#5234),#146,.T.);
#5546=ADVANCED_FACE('',(#5235),#147,.F.);
#5547=ADVANCED_FACE('',(#5236),#148,.F.);
#5548=ADVANCED_FACE('',(#5237),#149,.F.);
#5549=ADVANCED_FACE('',(#5238),#150,.F.);
#5550=ADVANCED_FACE('',(#5239),#151,.F.);
#5551=ADVANCED_FACE('',(#5240),#152,.T.);
#5552=ADVANCED_FACE('',(#5241),#153,.F.);
#5553=ADVANCED_FACE('',(#5242),#154,.F.);
#5554=ADVANCED_FACE('',(#5243),#155,.T.);
#5555=ADVANCED_FACE('',(#5244),#156,.F.);
#5556=ADVANCED_FACE('',(#5245),#157,.T.);
#5557=ADVANCED_FACE('',(#5246),#158,.F.);
#5558=ADVANCED_FACE('',(#5247),#159,.T.);
#5559=ADVANCED_FACE('',(#5248),#160,.F.);
#5560=ADVANCED_FACE('',(#5249),#161,.T.);
#5561=ADVANCED_FACE('',(#5250),#5425,.F.);
#5562=ADVANCED_FACE('',(#5251),#162,.F.);
#5563=ADVANCED_FACE('',(#5252),#163,.F.);
#5564=ADVANCED_FACE('',(#5253),#164,.F.);
#5565=ADVANCED_FACE('',(#5254),#165,.T.);
#5566=ADVANCED_FACE('',(#5255),#166,.T.);
#5567=ADVANCED_FACE('',(#5256),#167,.T.);
#5568=ADVANCED_FACE('',(#5257),#168,.F.);
#5569=ADVANCED_FACE('',(#5258),#169,.F.);
#5570=ADVANCED_FACE('',(#5259),#170,.F.);
#5571=ADVANCED_FACE('',(#5260),#171,.T.);
#5572=ADVANCED_FACE('',(#5261),#172,.F.);
#5573=ADVANCED_FACE('',(#5262),#173,.F.);
#5574=ADVANCED_FACE('',(#5263),#174,.F.);
#5575=ADVANCED_FACE('',(#5264),#175,.F.);
#5576=ADVANCED_FACE('',(#5265),#176,.F.);
#5577=ADVANCED_FACE('',(#5266),#177,.F.);
#5578=ADVANCED_FACE('',(#5267),#178,.F.);
#5579=ADVANCED_FACE('',(#5268),#179,.F.);
#5580=ADVANCED_FACE('',(#5269),#180,.F.);
#5581=ADVANCED_FACE('',(#5270),#181,.F.);
#5582=ADVANCED_FACE('',(#5271),#182,.T.);
#5583=ADVANCED_FACE('',(#5272),#183,.F.);
#5584=ADVANCED_FACE('',(#5273),#184,.F.);
#5585=ADVANCED_FACE('',(#5274),#185,.F.);
#5586=ADVANCED_FACE('',(#5275),#186,.F.);
#5587=ADVANCED_FACE('',(#5276),#187,.F.);
#5588=ADVANCED_FACE('',(#5277),#188,.T.);
#5589=ADVANCED_FACE('',(#5278),#189,.F.);
#5590=ADVANCED_FACE('',(#5279),#190,.F.);
#5591=ADVANCED_FACE('',(#5280),#191,.F.);
#5592=ADVANCED_FACE('',(#5281),#192,.T.);
#5593=ADVANCED_FACE('',(#5282),#193,.F.);
#5594=ADVANCED_FACE('',(#5283),#194,.F.);
#5595=ADVANCED_FACE('',(#5284),#195,.F.);
#5596=ADVANCED_FACE('',(#5285),#196,.F.);
#5597=ADVANCED_FACE('',(#5286),#197,.F.);
#5598=ADVANCED_FACE('',(#5287),#198,.T.);
#5599=ADVANCED_FACE('',(#5288),#199,.F.);
#5600=ADVANCED_FACE('',(#5289),#200,.T.);
#5601=ADVANCED_FACE('',(#5290,#5291),#201,.T.);
#5602=ADVANCED_FACE('',(#5292),#202,.T.);
#5603=ADVANCED_FACE('',(#5293),#203,.F.);
#5604=ADVANCED_FACE('',(#5294),#204,.F.);
#5605=ADVANCED_FACE('',(#5295),#205,.F.);
#5606=ADVANCED_FACE('',(#5296),#206,.F.);
#5607=ADVANCED_FACE('',(#5297),#207,.T.);
#5608=ADVANCED_FACE('',(#5298),#208,.F.);
#5609=ADVANCED_FACE('',(#5299),#5426,.T.);
#5610=ADVANCED_FACE('',(#5300),#209,.T.);
#5611=ADVANCED_FACE('',(#5301),#210,.T.);
#5612=ADVANCED_FACE('',(#5302),#211,.F.);
#5613=ADVANCED_FACE('',(#5303),#212,.F.);
#5614=ADVANCED_FACE('',(#5304),#213,.F.);
#5615=ADVANCED_FACE('',(#5305),#214,.F.);
#5616=ADVANCED_FACE('',(#5306),#215,.F.);
#5617=ADVANCED_FACE('',(#5307),#216,.F.);
#5618=ADVANCED_FACE('',(#5308),#217,.T.);
#5619=ADVANCED_FACE('',(#5309),#218,.F.);
#5620=ADVANCED_FACE('',(#5310),#219,.F.);
#5621=ADVANCED_FACE('',(#5311),#220,.T.);
#5622=ADVANCED_FACE('',(#5312),#221,.F.);
#5623=ADVANCED_FACE('',(#5313),#222,.F.);
#5624=ADVANCED_FACE('',(#5314),#223,.F.);
#5625=ADVANCED_FACE('',(#5315),#224,.F.);
#5626=ADVANCED_FACE('',(#5316),#225,.T.);
#5627=ADVANCED_FACE('',(#5317),#226,.T.);
#5628=ADVANCED_FACE('',(#5318),#227,.T.);
#5629=ADVANCED_FACE('',(#5319),#228,.F.);
#5630=ADVANCED_FACE('',(#5320),#229,.F.);
#5631=ADVANCED_FACE('',(#5321),#230,.F.);
#5632=ADVANCED_FACE('',(#5322),#231,.T.);
#5633=ADVANCED_FACE('',(#5323,#5324,#5325,#5326),#232,.T.);
#5634=ADVANCED_FACE('',(#5327),#233,.F.);
#5635=ADVANCED_FACE('',(#5328),#234,.F.);
#5636=ADVANCED_FACE('',(#5329),#235,.F.);
#5637=ADVANCED_FACE('',(#5330),#5427,.T.);
#5638=ADVANCED_FACE('',(#5331),#236,.F.);
#5639=ADVANCED_FACE('',(#5332),#237,.F.);
#5640=ADVANCED_FACE('',(#5333),#238,.F.);
#5641=ADVANCED_FACE('',(#5334),#239,.F.);
#5642=ADVANCED_FACE('',(#5335),#240,.F.);
#5643=ADVANCED_FACE('',(#5336),#241,.F.);
#5644=ADVANCED_FACE('',(#5337),#242,.F.);
#5645=ADVANCED_FACE('',(#5338),#243,.F.);
#5646=ADVANCED_FACE('',(#5339),#244,.F.);
#5647=ADVANCED_FACE('',(#5340),#245,.F.);
#5648=ADVANCED_FACE('',(#5341),#246,.F.);
#5649=ADVANCED_FACE('',(#5342),#247,.T.);
#5650=ADVANCED_FACE('',(#5343),#248,.F.);
#5651=ADVANCED_FACE('',(#5344),#249,.F.);
#5652=ADVANCED_FACE('',(#5345),#250,.F.);
#5653=ADVANCED_FACE('',(#5346),#251,.F.);
#5654=ADVANCED_FACE('',(#5347),#252,.F.);
#5655=ADVANCED_FACE('',(#5348),#253,.T.);
#5656=ADVANCED_FACE('',(#5349),#254,.F.);
#5657=ADVANCED_FACE('',(#5350),#255,.T.);
#5658=ADVANCED_FACE('',(#5351),#256,.T.);
#5659=ADVANCED_FACE('',(#5352),#257,.T.);
#5660=ADVANCED_FACE('',(#5353),#258,.T.);
#5661=ADVANCED_FACE('',(#5354),#259,.T.);
#5662=ADVANCED_FACE('',(#5355),#260,.T.);
#5663=ADVANCED_FACE('',(#5356),#261,.F.);
#5664=ADVANCED_FACE('',(#5357),#262,.F.);
#5665=ADVANCED_FACE('',(#5358),#263,.F.);
#5666=ADVANCED_FACE('',(#5359),#264,.F.);
#5667=ADVANCED_FACE('',(#5360),#265,.F.);
#5668=ADVANCED_FACE('',(#5361),#266,.T.);
#5669=ADVANCED_FACE('',(#5362),#267,.F.);
#5670=ADVANCED_FACE('',(#5363),#268,.F.);
#5671=ADVANCED_FACE('',(#5364),#269,.F.);
#5672=ADVANCED_FACE('',(#5365),#270,.F.);
#5673=ADVANCED_FACE('',(#5366),#271,.F.);
#5674=ADVANCED_FACE('',(#5367),#272,.F.);
#5675=ADVANCED_FACE('',(#5368),#273,.F.);
#5676=ADVANCED_FACE('',(#5369),#274,.T.);
#5677=ADVANCED_FACE('',(#5370),#275,.T.);
#5678=ADVANCED_FACE('',(#5371),#276,.F.);
#5679=ADVANCED_FACE('',(#5372),#277,.F.);
#5680=ADVANCED_FACE('',(#5373),#5428,.T.);
#5681=ADVANCED_FACE('',(#5374),#278,.F.);
#5682=ADVANCED_FACE('',(#5375),#279,.T.);
#5683=ADVANCED_FACE('',(#5376),#280,.T.);
#5684=ADVANCED_FACE('',(#5377),#281,.T.);
#5685=ADVANCED_FACE('',(#5378),#5429,.T.);
#5686=ADVANCED_FACE('',(#5379),#282,.F.);
#5687=ADVANCED_FACE('',(#5380),#283,.F.);
#5688=ADVANCED_FACE('',(#5381),#284,.T.);
#5689=ADVANCED_FACE('',(#5382),#285,.F.);
#5690=ADVANCED_FACE('',(#5383),#286,.F.);
#5691=ADVANCED_FACE('',(#5384),#287,.F.);
#5692=ADVANCED_FACE('',(#5385),#288,.F.);
#5693=ADVANCED_FACE('',(#5386,#5387),#289,.T.);
#5694=ADVANCED_FACE('',(#5388,#5389),#290,.T.);
#5695=ADVANCED_FACE('',(#5390),#291,.T.);
#5696=ADVANCED_FACE('',(#5391),#292,.T.);
#5697=ADVANCED_FACE('',(#5392),#293,.F.);
#5698=ADVANCED_FACE('',(#5393),#294,.T.);
#5699=ADVANCED_FACE('',(#5394),#5430,.T.);
#5700=ADVANCED_FACE('',(#5395),#295,.F.);
#5701=ADVANCED_FACE('',(#5396),#296,.F.);
#5702=ADVANCED_FACE('',(#5397),#297,.T.);
#5703=ADVANCED_FACE('',(#5398),#298,.F.);
#5704=ADVANCED_FACE('',(#5399),#5431,.T.);
#5705=ADVANCED_FACE('',(#5400),#299,.F.);
#5706=ADVANCED_FACE('',(#5401),#300,.T.);
#5707=ADVANCED_FACE('',(#5402),#301,.F.);
#5708=ADVANCED_FACE('',(#5403),#302,.T.);
#5709=ADVANCED_FACE('',(#5404),#303,.F.);
#5710=ADVANCED_FACE('',(#5405),#304,.F.);
#5711=ADVANCED_FACE('',(#5406),#305,.T.);
#5712=ADVANCED_FACE('',(#5407),#306,.F.);
#5713=ADVANCED_FACE('',(#5408,#5409),#307,.T.);
#5714=ADVANCED_FACE('',(#5410),#308,.T.);
#5715=ADVANCED_FACE('',(#5411),#309,.F.);
#5716=ADVANCED_FACE('',(#5412),#310,.F.);
#5717=ADVANCED_FACE('',(#5413),#311,.F.);
#5718=CLOSED_SHELL('',(#5432,#5433,#5434,#5435,#5436,#5437,#5438,#5439,
#5440,#5441,#5442,#5443,#5444,#5445,#5446,#5447,#5448,#5449,#5450,#5451,
#5452,#5453,#5454,#5455,#5456,#5457,#5458,#5459,#5460,#5461,#5462,#5463,
#5464,#5465,#5466,#5467,#5468,#5469,#5470,#5471,#5472,#5473,#5474,#5475,
#5476,#5477,#5478,#5479,#5480,#5481,#5482,#5483,#5484,#5485,#5486,#5487,
#5488,#5489,#5490,#5491,#5492,#5493,#5494,#5495,#5496,#5497,#5498,#5499,
#5500,#5501,#5502,#5503,#5504,#5505,#5506,#5507,#5508,#5509,#5510,#5511,
#5512,#5513,#5514,#5515,#5516,#5517,#5518,#5519,#5520,#5521,#5522,#5523,
#5524,#5525,#5526,#5527,#5528,#5529,#5530,#5531,#5532,#5533,#5534,#5535,
#5536,#5537,#5538,#5539,#5540,#5541,#5542,#5543,#5544,#5545,#5546,#5547,
#5548,#5549,#5550,#5551,#5552,#5553,#5554,#5555,#5556,#5557,#5558,#5559,
#5560,#5561,#5562,#5563,#5564,#5565,#5566,#5567,#5568,#5569,#5570,#5571,
#5572,#5573,#5574,#5575,#5576,#5577,#5578,#5579,#5580,#5581,#5582,#5583,
#5584,#5585,#5586,#5587,#5588,#5589,#5590,#5591,#5592,#5593,#5594,#5595,
#5596,#5597,#5598,#5599,#5600,#5601,#5602,#5603,#5604,#5605,#5606,#5607,
#5608,#5609,#5610,#5611,#5612,#5613,#5614,#5615,#5616,#5617,#5618,#5619,
#5620,#5621,#5622,#5623,#5624,#5625,#5626,#5627,#5628,#5629,#5630,#5631,
#5632,#5633,#5634,#5635,#5636,#5637,#5638,#5639,#5640,#5641,#5642,#5643,
#5644,#5645,#5646,#5647,#5648,#5649,#5650,#5651,#5652,#5653,#5654,#5655,
#5656,#5657,#5658,#5659,#5660,#5661,#5662,#5663,#5664,#5665,#5666,#5667,
#5668,#5669,#5670,#5671,#5672,#5673,#5674,#5675,#5676,#5677,#5678,#5679,
#5680,#5681,#5682,#5683,#5684,#5685,#5686,#5687,#5688,#5689,#5690,#5691,
#5692,#5693,#5694,#5695,#5696,#5697,#5698,#5699,#5700,#5701,#5702,#5703,
#5704,#5705,#5706,#5707,#5708,#5709,#5710,#5711,#5712,#5713,#5714,#5715,
#5716,#5717));
#5719=STYLED_ITEM('',(#5720),#5727);
#5720=PRESENTATION_STYLE_ASSIGNMENT((#5721));
#5721=SURFACE_STYLE_USAGE(.BOTH.,#5722);
#5722=SURFACE_SIDE_STYLE('',(#5723));
#5723=SURFACE_STYLE_FILL_AREA(#5724);
#5724=FILL_AREA_STYLE('',(#5725));
#5725=FILL_AREA_STYLE_COLOUR('',#5726);
#5726=COLOUR_RGB('',0.917647058823529,0.917647058823529,0.917647058823529);
#5727=MANIFOLD_SOLID_BREP('SK-12D07-G 5 NS PA_PART1',#5718);
#5728=SHAPE_DEFINITION_REPRESENTATION(#9098,#5729);
#5729=SHAPE_REPRESENTATION('SK-12D07-G 5 NS PA_PART1',(#5730),#9093);
#5730=AXIS2_PLACEMENT_3D('',#7451,#6047,#6048);
#5731=AXIS2_PLACEMENT_3D('',#7452,#6049,#6050);
#5732=AXIS2_PLACEMENT_3D('',#7460,#6052,#6053);
#5733=AXIS2_PLACEMENT_3D('',#7463,#6055,#6056);
#5734=AXIS2_PLACEMENT_3D('',#7471,#6059,#6060);
#5735=AXIS2_PLACEMENT_3D('',#7483,#6064,#6065);
#5736=AXIS2_PLACEMENT_3D('',#7492,#6070,#6071);
#5737=AXIS2_PLACEMENT_3D('',#7496,#6073,#6074);
#5738=AXIS2_PLACEMENT_3D('',#7497,#6075,#6076);
#5739=AXIS2_PLACEMENT_3D('',#7498,#6077,#6078);
#5740=AXIS2_PLACEMENT_3D('',#7511,#6085,#6086);
#5741=AXIS2_PLACEMENT_3D('',#7520,#6091,#6092);
#5742=AXIS2_PLACEMENT_3D('',#7529,#6097,#6098);
#5743=AXIS2_PLACEMENT_3D('',#7538,#6103,#6104);
#5744=AXIS2_PLACEMENT_3D('',#7549,#6110,#6111);
#5745=AXIS2_PLACEMENT_3D('',#7573,#6124,#6125);
#5746=AXIS2_PLACEMENT_3D('',#7582,#6130,#6131);
#5747=AXIS2_PLACEMENT_3D('',#7591,#6136,#6137);
#5748=AXIS2_PLACEMENT_3D('',#7598,#6138,#6139);
#5749=AXIS2_PLACEMENT_3D('',#7599,#6140,#6141);
#5750=AXIS2_PLACEMENT_3D('',#7600,#6142,#6143);
#5751=AXIS2_PLACEMENT_3D('',#7612,#6147,#6148);
#5752=AXIS2_PLACEMENT_3D('',#7637,#6161,#6162);
#5753=AXIS2_PLACEMENT_3D('',#7646,#6167,#6168);
#5754=AXIS2_PLACEMENT_3D('',#7655,#6173,#6174);
#5755=AXIS2_PLACEMENT_3D('',#7664,#6179,#6180);
#5756=AXIS2_PLACEMENT_3D('',#7673,#6185,#6186);
#5757=AXIS2_PLACEMENT_3D('',#7682,#6191,#6192);
#5758=AXIS2_PLACEMENT_3D('',#7691,#6197,#6198);
#5759=AXIS2_PLACEMENT_3D('',#7700,#6203,#6204);
#5760=AXIS2_PLACEMENT_3D('',#7704,#6206,#6207);
#5761=AXIS2_PLACEMENT_3D('',#7708,#6209,#6210);
#5762=AXIS2_PLACEMENT_3D('',#7709,#6211,#6212);
#5763=AXIS2_PLACEMENT_3D('',#7718,#6217,#6218);
#5764=AXIS2_PLACEMENT_3D('',#7727,#6223,#6224);
#5765=AXIS2_PLACEMENT_3D('',#7736,#6229,#6230);
#5766=AXIS2_PLACEMENT_3D('',#7745,#6235,#6236);
#5767=AXIS2_PLACEMENT_3D('',#7754,#6241,#6242);
#5768=AXIS2_PLACEMENT_3D('',#7763,#6247,#6248);
#5769=AXIS2_PLACEMENT_3D('',#7769,#6252,#6253);
#5770=AXIS2_PLACEMENT_3D('',#7791,#6265,#6266);
#5771=AXIS2_PLACEMENT_3D('',#7800,#6271,#6272);
#5772=AXIS2_PLACEMENT_3D('',#7809,#6277,#6278);
#5773=AXIS2_PLACEMENT_3D('',#7813,#6280,#6281);
#5774=AXIS2_PLACEMENT_3D('',#7847,#6303,#6304);
#5775=AXIS2_PLACEMENT_3D('',#7851,#6307,#6308);
#5776=AXIS2_PLACEMENT_3D('',#7860,#6313,#6314);
#5777=AXIS2_PLACEMENT_3D('',#7869,#6319,#6320);
#5778=AXIS2_PLACEMENT_3D('',#7878,#6325,#6326);
#5779=AXIS2_PLACEMENT_3D('',#7887,#6331,#6332);
#5780=AXIS2_PLACEMENT_3D('',#7896,#6337,#6338);
#5781=AXIS2_PLACEMENT_3D('',#7903,#6343,#6344);
#5782=AXIS2_PLACEMENT_3D('',#7909,#6348,#6349);
#5783=AXIS2_PLACEMENT_3D('',#7915,#6353,#6354);
#5784=AXIS2_PLACEMENT_3D('',#7921,#6358,#6359);
#5785=AXIS2_PLACEMENT_3D('',#7930,#6364,#6365);
#5786=AXIS2_PLACEMENT_3D('',#7936,#6369,#6370);
#5787=AXIS2_PLACEMENT_3D('',#7942,#6374,#6375);
#5788=AXIS2_PLACEMENT_3D('',#8113,#6466,#6467);
#5789=AXIS2_PLACEMENT_3D('',#8145,#6485,#6486);
#5790=AXIS2_PLACEMENT_3D('',#8152,#6490,#6491);
#5791=AXIS2_PLACEMENT_3D('',#8161,#6496,#6497);
#5792=AXIS2_PLACEMENT_3D('',#8167,#6501,#6502);
#5793=AXIS2_PLACEMENT_3D('',#8171,#6504,#6505);
#5794=AXIS2_PLACEMENT_3D('',#8172,#6506,#6507);
#5795=AXIS2_PLACEMENT_3D('',#8173,#6508,#6509);
#5796=AXIS2_PLACEMENT_3D('',#8182,#6514,#6515);
#5797=AXIS2_PLACEMENT_3D('',#8186,#6517,#6518);
#5798=AXIS2_PLACEMENT_3D('',#8190,#6520,#6521);
#5799=AXIS2_PLACEMENT_3D('',#8191,#6522,#6523);
#5800=AXIS2_PLACEMENT_3D('',#8197,#6527,#6528);
#5801=AXIS2_PLACEMENT_3D('',#8201,#6531,#6532);
#5802=AXIS2_PLACEMENT_3D('',#8207,#6536,#6537);
#5803=AXIS2_PLACEMENT_3D('',#8214,#6538,#6539);
#5804=AXIS2_PLACEMENT_3D('',#8218,#6541,#6542);
#5805=AXIS2_PLACEMENT_3D('',#8219,#6543,#6544);
#5806=AXIS2_PLACEMENT_3D('',#8223,#6547,#6548);
#5807=AXIS2_PLACEMENT_3D('',#8229,#6552,#6553);
#5808=AXIS2_PLACEMENT_3D('',#8233,#6556,#6557);
#5809=AXIS2_PLACEMENT_3D('',#8237,#6560,#6561);
#5810=AXIS2_PLACEMENT_3D('',#8239,#6563,#6564);
#5811=AXIS2_PLACEMENT_3D('',#8241,#6566,#6567);
#5812=AXIS2_PLACEMENT_3D('',#8242,#6568,#6569);
#5813=AXIS2_PLACEMENT_3D('',#8248,#6573,#6574);
#5814=AXIS2_PLACEMENT_3D('',#8254,#6578,#6579);
#5815=AXIS2_PLACEMENT_3D('',#8260,#6583,#6584);
#5816=AXIS2_PLACEMENT_3D('',#8264,#6586,#6587);
#5817=AXIS2_PLACEMENT_3D('',#8265,#6588,#6589);
#5818=AXIS2_PLACEMENT_3D('',#8266,#6590,#6591);
#5819=AXIS2_PLACEMENT_3D('',#8269,#6594,#6595);
#5820=AXIS2_PLACEMENT_3D('',#8272,#6598,#6599);
#5821=AXIS2_PLACEMENT_3D('',#8278,#6603,#6604);
#5822=AXIS2_PLACEMENT_3D('',#8282,#6607,#6608);
#5823=AXIS2_PLACEMENT_3D('',#8296,#6616,#6617);
#5824=AXIS2_PLACEMENT_3D('',#8302,#6621,#6622);
#5825=AXIS2_PLACEMENT_3D('',#8306,#6625,#6626);
#5826=AXIS2_PLACEMENT_3D('',#8310,#6629,#6630);
#5827=AXIS2_PLACEMENT_3D('',#8312,#6632,#6633);
#5828=AXIS2_PLACEMENT_3D('',#8316,#6636,#6637);
#5829=AXIS2_PLACEMENT_3D('',#8322,#6641,#6642);
#5830=AXIS2_PLACEMENT_3D('',#8325,#6645,#6646);
#5831=AXIS2_PLACEMENT_3D('',#8327,#6648,#6649);
#5832=AXIS2_PLACEMENT_3D('',#8336,#6654,#6655);
#5833=AXIS2_PLACEMENT_3D('',#8342,#6659,#6660);
#5834=AXIS2_PLACEMENT_3D('',#8346,#6663,#6664);
#5835=AXIS2_PLACEMENT_3D('',#8347,#6665,#6666);
#5836=AXIS2_PLACEMENT_3D('',#8352,#6669,#6670);
#5837=AXIS2_PLACEMENT_3D('',#8371,#6680,#6681);
#5838=AXIS2_PLACEMENT_3D('',#8374,#6684,#6685);
#5839=AXIS2_PLACEMENT_3D('',#8380,#6689,#6690);
#5840=AXIS2_PLACEMENT_3D('',#8384,#6693,#6694);
#5841=AXIS2_PLACEMENT_3D('',#8388,#6697,#6698);
#5842=AXIS2_PLACEMENT_3D('',#8390,#6700,#6701);
#5843=AXIS2_PLACEMENT_3D('',#8395,#6704,#6705);
#5844=AXIS2_PLACEMENT_3D('',#8403,#6710,#6711);
#5845=AXIS2_PLACEMENT_3D('',#8414,#6718,#6719);
#5846=AXIS2_PLACEMENT_3D('',#8418,#6722,#6723);
#5847=AXIS2_PLACEMENT_3D('',#8421,#6726,#6727);
#5848=AXIS2_PLACEMENT_3D('',#8427,#6731,#6732);
#5849=AXIS2_PLACEMENT_3D('',#8433,#6736,#6737);
#5850=AXIS2_PLACEMENT_3D('',#8437,#6740,#6741);
#5851=AXIS2_PLACEMENT_3D('',#8441,#6744,#6745);
#5852=AXIS2_PLACEMENT_3D('',#8452,#6752,#6753);
#5853=AXIS2_PLACEMENT_3D('',#8459,#6757,#6758);
#5854=AXIS2_PLACEMENT_3D('',#8472,#6767,#6768);
#5855=AXIS2_PLACEMENT_3D('',#8481,#6774,#6775);
#5856=AXIS2_PLACEMENT_3D('',#8487,#6779,#6780);
#5857=AXIS2_PLACEMENT_3D('',#8491,#6783,#6784);
#5858=AXIS2_PLACEMENT_3D('',#8497,#6788,#6789);
#5859=AXIS2_PLACEMENT_3D('',#8499,#6791,#6792);
#5860=AXIS2_PLACEMENT_3D('',#8501,#6794,#6795);
#5861=AXIS2_PLACEMENT_3D('',#8503,#6797,#6798);
#5862=AXIS2_PLACEMENT_3D('',#8515,#6806,#6807);
#5863=AXIS2_PLACEMENT_3D('',#8530,#6816,#6817);
#5864=AXIS2_PLACEMENT_3D('',#8536,#6821,#6822);
#5865=AXIS2_PLACEMENT_3D('',#8537,#6823,#6824);
#5866=AXIS2_PLACEMENT_3D('',#8540,#6827,#6828);
#5867=AXIS2_PLACEMENT_3D('',#8541,#6829,#6830);
#5868=AXIS2_PLACEMENT_3D('',#8550,#6835,#6836);
#5869=AXIS2_PLACEMENT_3D('',#8556,#6840,#6841);
#5870=AXIS2_PLACEMENT_3D('',#8559,#6844,#6845);
#5871=AXIS2_PLACEMENT_3D('',#8563,#6848,#6849);
#5872=AXIS2_PLACEMENT_3D('',#8569,#6853,#6854);
#5873=AXIS2_PLACEMENT_3D('',#8573,#6857,#6858);
#5874=AXIS2_PLACEMENT_3D('',#8575,#6860,#6861);
#5875=AXIS2_PLACEMENT_3D('',#8581,#6865,#6866);
#5876=AXIS2_PLACEMENT_3D('',#8583,#6868,#6869);
#5877=AXIS2_PLACEMENT_3D('',#8589,#6873,#6874);
#5878=AXIS2_PLACEMENT_3D('',#8595,#6878,#6879);
#5879=AXIS2_PLACEMENT_3D('',#8596,#6880,#6881);
#5880=AXIS2_PLACEMENT_3D('',#8632,#6901,#6902);
#5881=AXIS2_PLACEMENT_3D('',#8634,#6904,#6905);
#5882=AXIS2_PLACEMENT_3D('',#8640,#6909,#6910);
#5883=AXIS2_PLACEMENT_3D('',#8641,#6911,#6912);
#5884=AXIS2_PLACEMENT_3D('',#8642,#6913,#6914);
#5885=AXIS2_PLACEMENT_3D('',#8643,#6915,#6916);
#5886=AXIS2_PLACEMENT_3D('',#8648,#6921,#6922);
#5887=AXIS2_PLACEMENT_3D('',#8654,#6926,#6927);
#5888=AXIS2_PLACEMENT_3D('',#8656,#6929,#6930);
#5889=AXIS2_PLACEMENT_3D('',#8660,#6933,#6934);
#5890=AXIS2_PLACEMENT_3D('',#8663,#6937,#6938);
#5891=AXIS2_PLACEMENT_3D('',#8666,#6941,#6942);
#5892=AXIS2_PLACEMENT_3D('',#8673,#6947,#6948);
#5893=AXIS2_PLACEMENT_3D('',#8677,#6951,#6952);
#5894=AXIS2_PLACEMENT_3D('',#8678,#6953,#6954);
#5895=AXIS2_PLACEMENT_3D('',#8680,#6956,#6957);
#5896=AXIS2_PLACEMENT_3D('',#8682,#6959,#6960);
#5897=AXIS2_PLACEMENT_3D('',#8686,#6963,#6964);
#5898=AXIS2_PLACEMENT_3D('',#8688,#6966,#6967);
#5899=AXIS2_PLACEMENT_3D('',#8690,#6969,#6970);
#5900=AXIS2_PLACEMENT_3D('',#8692,#6972,#6973);
#5901=AXIS2_PLACEMENT_3D('',#8698,#6977,#6978);
#5902=AXIS2_PLACEMENT_3D('',#8699,#6979,#6980);
#5903=AXIS2_PLACEMENT_3D('',#8705,#6984,#6985);
#5904=AXIS2_PLACEMENT_3D('',#8711,#6989,#6990);
#5905=AXIS2_PLACEMENT_3D('',#8715,#6993,#6994);
#5906=AXIS2_PLACEMENT_3D('',#8717,#6996,#6997);
#5907=AXIS2_PLACEMENT_3D('',#8719,#6999,#7000);
#5908=AXIS2_PLACEMENT_3D('',#8725,#7004,#7005);
#5909=AXIS2_PLACEMENT_3D('',#8735,#7011,#7012);
#5910=AXIS2_PLACEMENT_3D('',#8736,#7013,#7014);
#5911=AXIS2_PLACEMENT_3D('',#8742,#7018,#7019);
#5912=AXIS2_PLACEMENT_3D('',#8748,#7023,#7024);
#5913=AXIS2_PLACEMENT_3D('',#8752,#7027,#7028);
#5914=AXIS2_PLACEMENT_3D('',#8758,#7032,#7033);
#5915=AXIS2_PLACEMENT_3D('',#8762,#7036,#7037);
#5916=AXIS2_PLACEMENT_3D('',#8764,#7039,#7040);
#5917=AXIS2_PLACEMENT_3D('',#8768,#7043,#7044);
#5918=AXIS2_PLACEMENT_3D('',#8770,#7046,#7047);
#5919=AXIS2_PLACEMENT_3D('',#8772,#7049,#7050);
#5920=AXIS2_PLACEMENT_3D('',#8776,#7053,#7054);
#5921=AXIS2_PLACEMENT_3D('',#8782,#7058,#7059);
#5922=AXIS2_PLACEMENT_3D('',#8784,#7061,#7062);
#5923=AXIS2_PLACEMENT_3D('',#8790,#7066,#7067);
#5924=AXIS2_PLACEMENT_3D('',#8798,#7072,#7073);
#5925=AXIS2_PLACEMENT_3D('',#8799,#7074,#7075);
#5926=AXIS2_PLACEMENT_3D('',#8802,#7078,#7079);
#5927=AXIS2_PLACEMENT_3D('',#8808,#7083,#7084);
#5928=AXIS2_PLACEMENT_3D('',#8810,#7086,#7087);
#5929=AXIS2_PLACEMENT_3D('',#8812,#7089,#7090);
#5930=AXIS2_PLACEMENT_3D('',#8814,#7092,#7093);
#5931=AXIS2_PLACEMENT_3D('',#8818,#7096,#7097);
#5932=AXIS2_PLACEMENT_3D('',#8820,#7099,#7100);
#5933=AXIS2_PLACEMENT_3D('',#8823,#7102,#7103);
#5934=AXIS2_PLACEMENT_3D('',#8824,#7104,#7105);
#5935=AXIS2_PLACEMENT_3D('',#8826,#7107,#7108);
#5936=AXIS2_PLACEMENT_3D('',#8829,#7110,#7111);
#5937=AXIS2_PLACEMENT_3D('',#8830,#7112,#7113);
#5938=AXIS2_PLACEMENT_3D('',#8832,#7115,#7116);
#5939=AXIS2_PLACEMENT_3D('',#8833,#7117,#7118);
#5940=AXIS2_PLACEMENT_3D('',#8839,#7122,#7123);
#5941=AXIS2_PLACEMENT_3D('',#8842,#7126,#7127);
#5942=AXIS2_PLACEMENT_3D('',#8843,#7128,#7129);
#5943=AXIS2_PLACEMENT_3D('',#8845,#7131,#7132);
#5944=AXIS2_PLACEMENT_3D('',#8849,#7135,#7136);
#5945=AXIS2_PLACEMENT_3D('',#8853,#7139,#7140);
#5946=AXIS2_PLACEMENT_3D('',#8855,#7142,#7143);
#5947=AXIS2_PLACEMENT_3D('',#8857,#7145,#7146);
#5948=AXIS2_PLACEMENT_3D('',#8861,#7149,#7150);
#5949=AXIS2_PLACEMENT_3D('',#8863,#7152,#7153);
#5950=AXIS2_PLACEMENT_3D('',#8864,#7154,#7155);
#5951=AXIS2_PLACEMENT_3D('',#8868,#7158,#7159);
#5952=AXIS2_PLACEMENT_3D('',#8874,#7163,#7164);
#5953=AXIS2_PLACEMENT_3D('',#8876,#7166,#7167);
#5954=AXIS2_PLACEMENT_3D('',#8877,#7168,#7169);
#5955=AXIS2_PLACEMENT_3D('',#8887,#7175,#7176);
#5956=AXIS2_PLACEMENT_3D('',#8888,#7177,#7178);
#5957=AXIS2_PLACEMENT_3D('',#8890,#7180,#7181);
#5958=AXIS2_PLACEMENT_3D('',#8894,#7184,#7185);
#5959=AXIS2_PLACEMENT_3D('',#8898,#7188,#7189);
#5960=AXIS2_PLACEMENT_3D('',#8900,#7191,#7192);
#5961=AXIS2_PLACEMENT_3D('',#8902,#7194,#7195);
#5962=AXIS2_PLACEMENT_3D('',#8913,#7203,#7204);
#5963=AXIS2_PLACEMENT_3D('',#8917,#7207,#7208);
#5964=AXIS2_PLACEMENT_3D('',#8921,#7211,#7212);
#5965=AXIS2_PLACEMENT_3D('',#8922,#7213,#7214);
#5966=AXIS2_PLACEMENT_3D('',#8923,#7215,#7216);
#5967=AXIS2_PLACEMENT_3D('',#8925,#7218,#7219);
#5968=AXIS2_PLACEMENT_3D('',#8929,#7222,#7223);
#5969=AXIS2_PLACEMENT_3D('',#8931,#7225,#7226);
#5970=AXIS2_PLACEMENT_3D('',#8934,#7229,#7230);
#5971=AXIS2_PLACEMENT_3D('',#8935,#7231,#7232);
#5972=AXIS2_PLACEMENT_3D('',#8936,#7233,#7234);
#5973=AXIS2_PLACEMENT_3D('',#8937,#7235,#7236);
#5974=AXIS2_PLACEMENT_3D('',#8939,#7238,#7239);
#5975=AXIS2_PLACEMENT_3D('',#8944,#7243,#7244);
#5976=AXIS2_PLACEMENT_3D('',#8946,#7246,#7247);
#5977=AXIS2_PLACEMENT_3D('',#8948,#7249,#7250);
#5978=AXIS2_PLACEMENT_3D('',#8954,#7255,#7256);
#5979=AXIS2_PLACEMENT_3D('',#8955,#7257,#7258);
#5980=AXIS2_PLACEMENT_3D('',#8957,#7260,#7261);
#5981=AXIS2_PLACEMENT_3D('',#8959,#7263,#7264);
#5982=AXIS2_PLACEMENT_3D('',#8961,#7266,#7267);
#5983=AXIS2_PLACEMENT_3D('',#8965,#7270,#7271);
#5984=AXIS2_PLACEMENT_3D('',#8969,#7274,#7275);
#5985=AXIS2_PLACEMENT_3D('',#8973,#7278,#7279);
#5986=AXIS2_PLACEMENT_3D('',#8974,#7280,#7281);
#5987=AXIS2_PLACEMENT_3D('',#8976,#7283,#7284);
#5988=AXIS2_PLACEMENT_3D('',#8978,#7286,#7287);
#5989=AXIS2_PLACEMENT_3D('',#8980,#7289,#7290);
#5990=AXIS2_PLACEMENT_3D('',#8983,#7293,#7294);
#5991=AXIS2_PLACEMENT_3D('',#8985,#7296,#7297);
#5992=AXIS2_PLACEMENT_3D('',#8986,#7298,#7299);
#5993=AXIS2_PLACEMENT_3D('',#8987,#7300,#7301);
#5994=AXIS2_PLACEMENT_3D('',#8991,#7304,#7305);
#5995=AXIS2_PLACEMENT_3D('',#8995,#7308,#7309);
#5996=AXIS2_PLACEMENT_3D('',#8997,#7311,#7312);
#5997=AXIS2_PLACEMENT_3D('',#8998,#7313,#7314);
#5998=AXIS2_PLACEMENT_3D('',#9005,#7320,#7321);
#5999=AXIS2_PLACEMENT_3D('',#9007,#7323,#7324);
#6000=AXIS2_PLACEMENT_3D('',#9013,#7328,#7329);
#6001=AXIS2_PLACEMENT_3D('',#9017,#7332,#7333);
#6002=AXIS2_PLACEMENT_3D('',#9019,#7335,#7336);
#6003=AXIS2_PLACEMENT_3D('',#9021,#7338,#7339);
#6004=AXIS2_PLACEMENT_3D('',#9022,#7340,#7341);
#6005=AXIS2_PLACEMENT_3D('',#9024,#7343,#7344);
#6006=AXIS2_PLACEMENT_3D('',#9025,#7345,#7346);
#6007=AXIS2_PLACEMENT_3D('',#9027,#7348,#7349);
#6008=AXIS2_PLACEMENT_3D('',#9029,#7351,#7352);
#6009=AXIS2_PLACEMENT_3D('',#9030,#7353,#7354);
#6010=AXIS2_PLACEMENT_3D('',#9032,#7356,#7357);
#6011=AXIS2_PLACEMENT_3D('',#9034,#7359,#7360);
#6012=AXIS2_PLACEMENT_3D('',#9035,#7361,#7362);
#6013=AXIS2_PLACEMENT_3D('',#9036,#7363,#7364);
#6014=AXIS2_PLACEMENT_3D('',#9037,#7365,#7366);
#6015=AXIS2_PLACEMENT_3D('',#9038,#7367,#7368);
#6016=AXIS2_PLACEMENT_3D('',#9042,#7371,#7372);
#6017=AXIS2_PLACEMENT_3D('',#9044,#7374,#7375);
#6018=AXIS2_PLACEMENT_3D('',#9045,#7376,#7377);
#6019=AXIS2_PLACEMENT_3D('',#9047,#7379,#7380);
#6020=AXIS2_PLACEMENT_3D('',#9048,#7381,#7382);
#6021=AXIS2_PLACEMENT_3D('',#9051,#7385,#7386);
#6022=AXIS2_PLACEMENT_3D('',#9053,#7388,#7389);
#6023=AXIS2_PLACEMENT_3D('',#9054,#7390,#7391);
#6024=AXIS2_PLACEMENT_3D('',#9058,#7394,#7395);
#6025=AXIS2_PLACEMENT_3D('',#9059,#7396,#7397);
#6026=AXIS2_PLACEMENT_3D('',#9060,#7398,#7399);
#6027=AXIS2_PLACEMENT_3D('',#9062,#7401,#7402);
#6028=AXIS2_PLACEMENT_3D('',#9063,#7403,#7404);
#6029=AXIS2_PLACEMENT_3D('',#9064,#7405,#7406);
#6030=AXIS2_PLACEMENT_3D('',#9066,#7408,#7409);
#6031=AXIS2_PLACEMENT_3D('',#9068,#7411,#7412);
#6032=AXIS2_PLACEMENT_3D('',#9069,#7413,#7414);
#6033=AXIS2_PLACEMENT_3D('',#9070,#7415,#7416);
#6034=AXIS2_PLACEMENT_3D('',#9071,#7417,#7418);
#6035=AXIS2_PLACEMENT_3D('',#9073,#7420,#7421);
#6036=AXIS2_PLACEMENT_3D('',#9074,#7422,#7423);
#6037=AXIS2_PLACEMENT_3D('',#9076,#7425,#7426);
#6038=AXIS2_PLACEMENT_3D('',#9077,#7427,#7428);
#6039=AXIS2_PLACEMENT_3D('',#9079,#7430,#7431);
#6040=AXIS2_PLACEMENT_3D('',#9081,#7433,#7434);
#6041=AXIS2_PLACEMENT_3D('',#9082,#7435,#7436);
#6042=AXIS2_PLACEMENT_3D('',#9084,#7438,#7439);
#6043=AXIS2_PLACEMENT_3D('',#9085,#7440,#7441);
#6044=AXIS2_PLACEMENT_3D('',#9089,#7445,#7446);
#6045=AXIS2_PLACEMENT_3D('',#9090,#7447,#7448);
#6046=AXIS2_PLACEMENT_3D('',#9091,#7449,#7450);
#6047=DIRECTION('',(0.,0.,1.));
#6048=DIRECTION('',(1.,0.,0.));
#6049=DIRECTION('',(0.00591685671275453,-0.999656818217646,-0.0255193377189415));
#6050=DIRECTION('',(-0.0523193683814988,0.0251753606130371,-0.998313019503484));
#6051=DIRECTION('',(-0.00591685671198489,0.99965681821769,0.0255193377174056));
#6052=DIRECTION('',(-0.702909691445903,-0.711018411690411,-0.0192557500157818));
#6053=DIRECTION('',(-0.711277390454592,0.702709818351694,0.0168340434903956));
#6054=DIRECTION('',(0.00591685671195872,-0.999656818217684,-0.0255193377176195));
#6055=DIRECTION('',(-0.999981275478235,-0.00587506269390418,-0.00171240511106283));
#6056=DIRECTION('',(-0.00171243466482498,-1.22654618794202E-16,0.999998533782684));
#6057=DIRECTION('',(0.999981275478248,0.00587506269171592,0.00171240511133836));
#6058=DIRECTION('',(-0.999981275478248,-0.00587506269164487,-0.00171240511149706));
#6059=DIRECTION('',(0.998131318430606,0.00745607623233905,-0.0606488095117843));
#6060=DIRECTION('',(0.0349106677166098,0.745013496886747,0.666135222560826));
#6061=DIRECTION('',(-0.0608182700728714,0.0251127998856991,-0.997832894480455));
#6062=DIRECTION('',(0.00591685671173732,-0.999656818217761,-0.0255193377146623));
#6063=DIRECTION('',(0.0608182700727151,-0.0251127998857362,0.997832894480464));
#6064=DIRECTION('',(0.973552980899163,0.0115870293009774,-0.228167338009482));
#6065=DIRECTION('',(0.00342064429560759,0.997861791448704,0.065269781364621));
#6066=DIRECTION('',(-0.00591685670924436,0.999656818217719,0.0255193377169053));
#6067=DIRECTION('',(0.228384728448549,-0.0234943938598051,0.973287434044354));
#6068=DIRECTION('',(0.00591685671161285,-0.999656818217701,-0.0255193377170292));
#6069=DIRECTION('',(-0.228384728448727,0.023494393859829,-0.973287434044312));
#6070=DIRECTION('',(-0.00591685671225081,0.999656818217698,0.0255193377170309));
#6071=DIRECTION('',(0.0523193683815013,-0.0251753606111553,0.998313019503532));
#6072=DIRECTION('',(-0.0059168567114754,0.999656818217643,0.025519337719335));
#6073=DIRECTION('',(-0.00591685671225081,0.999656818217698,0.0255193377170309));
#6074=DIRECTION('',(0.0523193683815013,-0.0251753606111553,0.998313019503532));
#6075=DIRECTION('',(-0.00591685671225081,0.999656818217698,0.0255193377170309));
#6076=DIRECTION('',(0.0523193683815013,-0.0251753606111553,0.998313019503532));
#6077=DIRECTION('',(-0.00591685671208221,0.999656818217696,0.025519337717135));
#6078=DIRECTION('',(-0.974158338822287,-8.04926724007247E-17,-0.225866179192463));
#6079=DIRECTION('',(-0.999981275478281,-0.00587506268854528,-0.00171240510304597));
#6080=DIRECTION('',(-0.999981275478234,-0.00587506269029779,-0.00171240512419227));
#6081=DIRECTION('',(-0.00156188973614809,-0.0255289919350574,0.999672862025989));
#6082=DIRECTION('',(0.999981275478244,0.00587506269249738,0.00171240511119055));
#6083=DIRECTION('',(-0.00156188973733231,-0.0255289919350568,0.999672862025987));
#6084=DIRECTION('',(0.999981275478249,0.00587506269092336,0.00171240511278835));
#6085=DIRECTION('',(0.269378557352546,0.962709663627571,0.0250059272323649));
#6086=DIRECTION('',(-0.0924308149597566,-1.32202303889696E-16,0.99571910920996));
#6087=DIRECTION('',(0.00156188973634197,0.0255289919363386,-0.999672862025956));
#6088=DIRECTION('',(-0.96303310085334,0.269329489897985,0.00537331667526591));
#6089=DIRECTION('',(0.00156188973634158,0.0255289919363303,-0.999672862025956));
#6090=DIRECTION('',(-0.96303310085334,0.269329489897984,0.00537331667526501));
#6091=DIRECTION('',(0.999981275478245,0.00587506269178694,0.00171240511287111));
#6092=DIRECTION('',(0.00565595372678657,-0.994143272600529,0.107922026160332));
#6093=DIRECTION('',(-0.0015618897347469,-0.0255289919371653,0.999672862025937));
#6094=DIRECTION('',(-0.00591685671171255,0.999656818217699,0.0255193377171163));
#6095=DIRECTION('',(-0.00156188973474948,-0.0255289919318438,0.999672862026073));
#6096=DIRECTION('',(0.00591685671260949,-0.999656818217693,-0.0255193377171404));
#6097=DIRECTION('',(0.968926413636395,-0.247302546695361,-0.004801599285994));
#6098=DIRECTION('',(-0.0514566061188592,-0.182542446896881,-0.981850534841036));
#6099=DIRECTION('',(0.00156188973633698,0.02552899193633,-0.999672862025956));
#6100=DIRECTION('',(0.24734422463314,0.968601941443292,0.0251219739056509));
#6101=DIRECTION('',(0.00156188973634108,0.02552899193633,-0.999672862025956));
#6102=DIRECTION('',(0.247344224625213,0.968601941445337,0.0251219739048459));
#6103=DIRECTION('',(-0.00591685671183672,0.999656818217688,0.025519337717507));
#6104=DIRECTION('',(-0.974158338825073,-8.04926724025058E-17,-0.225866179180445));
#6105=DIRECTION('',(-0.999981275478247,-0.00587506269166306,-0.00171240511165292));
#6106=DIRECTION('',(-0.00156188973666027,-0.0255289919353121,0.999672862025982));
#6107=DIRECTION('',(0.999981275478254,0.00587506269064494,0.00171240511159368));
#6108=DIRECTION('',(-0.999981275478247,-0.00587506269175999,-0.00171240511184258));
#6109=DIRECTION('',(0.00156188973660891,0.0255289919357624,-0.99967286202597));
#6110=DIRECTION('',(0.99998127547825,0.00587506269122944,0.0017124051117446));
#6111=DIRECTION('',(0.00565595372637247,-0.994143272601389,0.107922026152431));
#6112=DIRECTION('',(-0.00591685671141549,0.999656818217692,0.0255193377174409));
#6113=DIRECTION('',(0.00156188973616569,0.0255289919356474,-0.999672862025974));
#6114=DIRECTION('',(-0.00591685671083891,0.999656818217692,0.0255193377175605));
#6115=DIRECTION('',(-0.00591685670589348,0.999656818218407,0.0255193376907094));
#6116=DIRECTION('',(-0.00156188973669883,-0.0255289919356916,0.999672862025972));
#6117=DIRECTION('',(0.00591685671132326,-0.999656818217693,-0.0255193377174381));
#6118=DIRECTION('',(0.00156188973669883,0.0255289919356914,-0.999672862025972));
#6119=DIRECTION('',(0.0059168567056607,-0.999656818218433,-0.0255193376897405));
#6120=DIRECTION('',(-0.00156188973614809,-0.0255289919350579,0.999672862025989));
#6121=DIRECTION('',(-0.00591685671168213,0.999656818217686,0.0255193377176253));
#6122=DIRECTION('',(-0.00156188973614811,-0.0255289919362431,0.999672862025958));
#6123=DIRECTION('',(-0.00171243466563877,-1.22654618794292E-16,0.999998533782683));
#6124=DIRECTION('',(-0.00591685671134228,0.999656818217758,0.0255193377148658));
#6125=DIRECTION('',(-0.974158338824082,-8.04926724018724E-17,-0.225866179184719));
#6126=DIRECTION('',(0.999981275478241,0.00587506269092289,0.00171240511752517));
#6127=DIRECTION('',(0.00156188973505682,0.025528991937225,-0.999672862025935));
#6128=DIRECTION('',(-0.999981275478249,-0.00587506269092439,-0.00171240511278935));
#6129=DIRECTION('',(-0.0015618897396683,-0.0255289919364098,0.999672862025949));
#6130=DIRECTION('',(0.00156188973609422,0.0255289919356077,-0.999672862025975));
#6131=DIRECTION('',(-0.427603048762021,0.903688794254446,0.0224097262002644));
#6132=DIRECTION('',(-0.99998127547825,-0.00587506269107779,-0.00171240511232608));
#6133=DIRECTION('',(-0.00591685671398134,0.999656818217684,0.0255193377171531));
#6134=DIRECTION('',(0.999981275478252,0.00587506269106591,0.00171240511132561));
#6135=DIRECTION('',(-0.00591685671148886,0.999656818217642,0.0255193377193965));
#6136=DIRECTION('',(-0.00591685671378865,0.999656818217738,0.0255193377151004));
#6137=DIRECTION('',(0.052319368381504,-0.0251753606091472,0.998313019503582));
#6138=DIRECTION('',(-0.00591685671378865,0.999656818217738,0.0255193377151004));
#6139=DIRECTION('',(0.052319368381504,-0.0251753606091472,0.998313019503582));
#6140=DIRECTION('',(-0.00591685671378865,0.999656818217738,0.0255193377151004));
#6141=DIRECTION('',(0.052319368381504,-0.0251753606091472,0.998313019503582));
#6142=DIRECTION('',(0.997936462420703,0.00427116670379241,0.0640669501868206));
#6143=DIRECTION('',(0.00192229857794004,-0.999325226658856,0.0366796419203156));
#6144=DIRECTION('',(0.063935966230456,0.0258457525690028,-0.997619260688324));
#6145=DIRECTION('',(-0.00591685671398139,0.999656818217684,0.0255193377171521));
#6146=DIRECTION('',(-0.0639359662308355,-0.0258457525690917,0.997619260688298));
#6147=DIRECTION('',(0.00156188973646572,0.0255289919356222,-0.999672862025974));
#6148=DIRECTION('',(-0.427603048759815,0.903688794255492,0.0224097262001487));
#6149=DIRECTION('',(-0.00591685670390169,0.999656818217452,0.0255193377285826));
#6150=DIRECTION('',(-0.999981275478249,-0.00587506269092748,-0.00171240511278835));
#6151=DIRECTION('',(-0.00591685671194206,0.99965681821769,0.0255193377173811));
#6152=DIRECTION('',(0.999981275478254,0.00587506269092489,0.00171240511042199));
#6153=DIRECTION('',(-0.00591685666799737,0.999656818218682,0.0255193376887299));
#6154=DIRECTION('',(0.999981275478247,0.00587506269163834,0.00171240511165761));
#6155=DIRECTION('',(0.00591685670390157,-0.999656818217452,-0.0255193377285821));
#6156=DIRECTION('',(0.999981275478235,0.00587506269329565,0.00171240511278828));
#6157=DIRECTION('',(-0.00591685671182549,0.999656818217695,0.0255193377172493));
#6158=DIRECTION('',(-0.999981275478249,-0.00587506269092336,-0.00171240511278835));
#6159=DIRECTION('',(0.00591685670367292,-0.999656818217478,-0.0255193377276135));
#6160=DIRECTION('',(0.999981275478247,0.00587506269163805,0.00171240511165761));
#6161=DIRECTION('',(-0.842899659282068,-0.537860193318083,-0.0150524691000532));
#6162=DIRECTION('',(0.538065035589267,-0.84243150790697,-0.02819879362507));
#6163=DIRECTION('',(0.00156188973633748,0.0255289919363384,-0.999672862025956));
#6164=DIRECTION('',(0.5380685131896,-0.842647425090214,-0.0206783002871354));
#6165=DIRECTION('',(0.00156188973633698,0.02552899193633,-0.999672862025956));
#6166=DIRECTION('',(0.538068513189595,-0.842647425090217,-0.0206783002871351));
#6167=DIRECTION('',(0.999998779454016,1.10830828267356E-16,0.00156239895005284));
#6168=DIRECTION('',(1.110223024625E-16,-1.,-1.224646799147E-16));
#6169=DIRECTION('',(0.00156188973583025,0.0255289919360967,-0.999672862025963));
#6170=DIRECTION('',(-3.98864707490671E-5,0.999674082174115,0.0255289607780914));
#6171=DIRECTION('',(0.00156188973582985,0.0255289919360965,-0.999672862025963));
#6172=DIRECTION('',(-3.98864707531754E-5,0.999674082174115,0.0255289607780916));
#6173=DIRECTION('',(-0.00591685671169131,0.999656818217706,0.02551933771684));
#6174=DIRECTION('',(-0.974158338824996,-8.04926724024561E-17,-0.225866179180782));
#6175=DIRECTION('',(-0.999981275478139,-0.00587506270724343,-0.00171240512139515));
#6176=DIRECTION('',(-0.00156188973722257,-0.0255289919362526,0.999672862025956));
#6177=DIRECTION('',(-0.999981275478241,-0.00587506268999419,-0.00171240512139529));
#6178=DIRECTION('',(-0.00156188973727943,-0.0255289919352261,0.999672862025983));
#6179=DIRECTION('',(-0.00425509157663268,0.868647506083719,-0.495412357910267));
#6180=DIRECTION('',(-0.999963116669724,-1.12070016653496E-16,0.00858867278287656));
#6181=DIRECTION('',(-0.00439805509058863,0.495395795111367,0.868656240003718));
#6182=DIRECTION('',(-0.999981275478227,-0.00587506269470739,-0.00171240511306681));
#6183=DIRECTION('',(0.00439805509247853,-0.495395795109895,-0.868656240004547));
#6184=DIRECTION('',(0.999981275478243,0.00587506269212826,0.0017124051129271));
#6185=DIRECTION('',(-0.00595406218519956,0.869441223014106,0.494000515047537));
#6186=DIRECTION('',(-0.999927373582926,-1.09538310964134E-16,-0.0120518695459721));
#6187=DIRECTION('',(0.00141344840104897,-0.49400146088961,0.869459923632222));
#6188=DIRECTION('',(-0.999981275478242,-0.00587506269214553,-0.00171240511306571));
#6189=DIRECTION('',(-0.00141344840085145,0.494001460889809,-0.869459923632109));
#6190=DIRECTION('',(-0.999981275478262,-0.005875062689565,-0.00171240511036669));
#6191=DIRECTION('',(-0.761512647175853,-0.64790735131798,-0.0177356223275386));
#6192=DIRECTION('',(0.648094142338557,-0.760802437936122,-0.033965174766294));
#6193=DIRECTION('',(0.00156188973634158,0.0255289919363384,-0.999672862025956));
#6194=DIRECTION('',(0.648148168778122,-0.761291228558711,-0.0184286903803724));
#6195=DIRECTION('',(0.00156188973634108,0.02552899193633,-0.999672862025956));
#6196=DIRECTION('',(0.648148168784635,-0.761291228552812,-0.018428690395022));
#6197=DIRECTION('',(-0.761564349493541,0.647907351326682,0.0153559655288776));
#6198=DIRECTION('',(0.0201596159433192,-1.20201624964683E-16,0.999796774292165));
#6199=DIRECTION('',(0.00156188973633698,0.0255289919363382,-0.999672862025956));
#6200=DIRECTION('',(-0.648087418536577,-0.761291228560542,-0.0204539299738962));
#6201=DIRECTION('',(0.00156188973583016,0.025528991926607,-0.999672862026205));
#6202=DIRECTION('',(-0.648087418538061,-0.761291228558923,-0.0204539299871388));
#6203=DIRECTION('',(0.999981275478237,0.00587506269288596,0.00171240511340001));
#6204=DIRECTION('',(0.00171243466716217,1.22654618794461E-16,-0.99999853378268));
#6205=DIRECTION('',(-0.99998127547824,-0.00587506269329383,-0.00171240511042202));
#6206=DIRECTION('',(-0.999981275478243,-0.00587506269262849,-0.00171240511132179));
#6207=DIRECTION('',(-0.00591685671281161,0.999656818217488,0.0255193377251161));
#6208=DIRECTION('',(0.999981275478235,0.00587506269329308,0.00171240511278828));
#6209=DIRECTION('',(0.999981275478248,0.00587506269147107,0.00171240511224019));
#6210=DIRECTION('',(0.00591685671164001,-0.999656818218113,-0.0255193377008928));
#6211=DIRECTION('',(-0.999998779454015,-1.10830828267295E-16,-0.00156239895054768));
#6212=DIRECTION('',(1.110223024625E-16,-1.,-1.224646799147E-16));
#6213=DIRECTION('',(0.00156188973582569,0.0255289919360924,-0.999672862025963));
#6214=DIRECTION('',(3.98864617707694E-5,-0.99967408217437,-0.0255289607681352));
#6215=DIRECTION('',(0.00156188973583025,0.0255289919360926,-0.999672862025963));
#6216=DIRECTION('',(3.98864707527981E-5,-0.999674082174122,-0.0255289607778494));
#6217=DIRECTION('',(-0.00591685671138059,0.999656818217692,0.0255193377174609));
#6218=DIRECTION('',(-0.974158338828815,-8.04926724048973E-17,-0.22586617916431));
#6219=DIRECTION('',(0.00156188973645993,0.0255289919356391,-0.999672862025973));
#6220=DIRECTION('',(0.999981275478247,0.00587506269214635,0.00171240511050536));
#6221=DIRECTION('',(0.00156188973676365,0.0255289919356384,-0.999672862025973));
#6222=DIRECTION('',(0.999981275478247,0.00587506269214412,0.00171240511050555));
#6223=DIRECTION('',(-0.00591685671147628,0.9996568182177,0.0255193377171287));
#6224=DIRECTION('',(-0.974158338827364,-8.049267240397E-17,-0.225866179170567));
#6225=DIRECTION('',(0.00156188973446021,0.0255289919370275,-0.999672862025941));
#6226=DIRECTION('',(-0.999981275478254,-0.00587506269050066,-0.00171240511206664));
#6227=DIRECTION('',(-0.00156188973446241,-0.0255289919370274,0.999672862025941));
#6228=DIRECTION('',(-0.999981275478254,-0.00587506269050067,-0.00171240511206784));
#6229=DIRECTION('',(0.00156188973584682,0.0255289919353239,-0.999672862025982));
#6230=DIRECTION('',(-0.427603048759736,0.90368879425553,0.0224097262001447));
#6231=DIRECTION('',(-0.00591685674353211,0.999656818218159,0.0255193376917185));
#6232=DIRECTION('',(0.999981275478249,0.00587506269092388,0.00171240511278835));
#6233=DIRECTION('',(0.00591685670387041,-0.999656818217453,-0.0255193377285474));
#6234=DIRECTION('',(-0.999981275478254,-0.00587506269092463,-0.00171240511042199));
#6235=DIRECTION('',(-0.999998779454028,-1.10830828268312E-16,-0.00156239894225742));
#6236=DIRECTION('',(1.110223024625E-16,-1.,-1.224646799147E-16));
#6237=DIRECTION('',(0.00156188973633748,0.0255289919363303,-0.999672862025956));
#6238=DIRECTION('',(3.98864716682054E-5,-0.999674082174195,-0.0255289607749772));
#6239=DIRECTION('',(0.00156188973582985,0.0255289919360965,-0.999672862025963));
#6240=DIRECTION('',(3.98864645676702E-5,-0.999674082174214,-0.0255289607742485));
#6241=DIRECTION('',(0.711277390454227,-0.702709818352206,-0.016834043484445));
#6242=DIRECTION('',(-0.0523138854988478,-0.0290387295285538,-0.998208399870177));
#6243=DIRECTION('',(0.00156188973663487,0.0255289919357745,-0.99967286202597));
#6244=DIRECTION('',(0.702909691445721,0.711018411690543,0.0192557500175578));
#6245=DIRECTION('',(0.00156188973663487,0.0255289919357749,-0.99967286202597));
#6246=DIRECTION('',(0.702909691446879,0.711018411689342,0.0192557500196404));
#6247=DIRECTION('',(0.00587505407711987,-0.999982741670262,1.00606610171073E-5));
#6248=DIRECTION('',(-0.0523359536045415,-0.000317528910347305,-0.998629484411357));
#6249=DIRECTION('',(-0.00171243466551807,-1.22654618794279E-16,0.999998533782683));
#6250=DIRECTION('',(0.999981275478249,0.00587506269137453,0.00171240511180043));
#6251=DIRECTION('',(0.999981275478224,0.00587506269137324,0.00171240512651631));
#6252=DIRECTION('',(-0.0015618897368073,-0.0255289919364254,0.999672862025953));
#6253=DIRECTION('',(-0.999998779454015,-1.10830828267304E-16,-0.00156239895047626));
#6254=DIRECTION('',(0.87439461292764,0.485020551452174,0.013752292614432));
#6255=DIRECTION('',(0.865431000831278,-0.500897516405222,-0.0114394431355907));
#6256=DIRECTION('',(-3.98864612746587E-5,0.999674082174129,0.0255289607775951));
#6257=DIRECTION('',(-0.866103390412247,0.499734688357788,0.0114086970489425));
#6258=DIRECTION('',(0.866063512109564,0.499734688357954,0.014115036104281));
#6259=DIRECTION('',(-3.98864707490671E-5,0.999674082174115,0.0255289607780914));
#6260=DIRECTION('',(-0.865391029735753,-0.500897516406098,-0.0141436809599051));
#6261=DIRECTION('',(-0.874433317057565,0.485020551452123,0.0110199223582875));
#6262=DIRECTION('',(0.866103390413081,-0.499734688356298,-0.011408697050983));
#6263=DIRECTION('',(-0.866063512109934,-0.499734688357367,-0.0141150361024001));
#6264=DIRECTION('',(3.98864707531746E-5,-0.999674082174115,-0.0255289607780915));
#6265=DIRECTION('',(-0.00591685671183157,0.999656818217704,0.0255193377168779));
#6266=DIRECTION('',(-0.974158338823891,-8.04926724017502E-17,-0.225866179185544));
#6267=DIRECTION('',(-0.999981275478254,-0.00587506269090041,-0.00171240511016471));
#6268=DIRECTION('',(-0.00156188973600318,-0.0255289919361689,0.999672862025961));
#6269=DIRECTION('',(0.999981275478254,0.00587506269092412,0.00171240511042199));
#6270=DIRECTION('',(0.00156188973600049,0.0255289919361744,-0.99967286202596));
#6271=DIRECTION('',(-0.00591685671161383,0.999656818217702,0.0255193377170006));
#6272=DIRECTION('',(-0.974158338825959,-8.0492672403072E-17,-0.225866179176625));
#6273=DIRECTION('',(-0.00156188973615404,-0.0255289919353838,0.99967286202598));
#6274=DIRECTION('',(0.99998127547825,0.00587506269092439,0.00171240511279034));
#6275=DIRECTION('',(0.00156188973660783,0.0255289919353942,-0.999672862025979));
#6276=DIRECTION('',(0.99998127547825,0.00587506269091048,0.00171240511266016));
#6277=DIRECTION('',(0.999981275478248,0.00587506269161393,0.0017124051116632));
#6278=DIRECTION('',(0.00565595372674672,-0.994143272600611,0.107922026159572));
#6279=DIRECTION('',(-0.0015618897361866,-0.0255289919353134,0.999672862025982));
#6280=DIRECTION('',(0.999981275478242,0.0058750626927843,0.00171240511095795));
#6281=DIRECTION('',(0.00591685671292392,-0.999656818218046,-0.0255193377032508));
#6282=DIRECTION('',(0.00591685671050012,-0.999656818217712,-0.0255193377168559));
#6283=DIRECTION('',(-0.00156188973643527,-0.0255289919357087,0.999672862025972));
#6284=DIRECTION('',(-0.00156188973659031,-0.0255289919355817,0.999672862025975));
#6285=DIRECTION('',(0.0059168567116131,-0.999656818217701,-0.0255193377170294));
#6286=DIRECTION('',(-0.00156188973659048,-0.0255289919358312,0.999672862025968));
#6287=DIRECTION('',(-0.00591685671185564,0.999656818217688,0.0255193377175092));
#6288=DIRECTION('',(0.00156188973657918,0.0255289919356146,-0.999672862025974));
#6289=DIRECTION('',(-0.00156188973660215,-0.0255289919355869,0.999672862025975));
#6290=DIRECTION('',(0.00156188973643527,0.0255289919357083,-0.999672862025972));
#6291=DIRECTION('',(0.0059168567103835,-0.999656818217664,-0.0255193377187973));
#6292=DIRECTION('',(0.00156188973633957,0.0255289919363356,-0.999672862025956));
#6293=DIRECTION('',(-0.0015618897372361,-0.0255289919353606,0.999672862025979));
#6294=DIRECTION('',(-0.00591685670390084,0.999656818217454,0.0255193377285159));
#6295=DIRECTION('',(-0.00591685671174577,0.999656818217692,0.0255193377173481));
#6296=DIRECTION('',(-0.00156188973614821,-0.0255289919362431,0.999672862025958));
#6297=DIRECTION('',(-0.00591685670611952,0.999656818218382,0.0255193376916441));
#6298=DIRECTION('',(-0.00591685671183329,0.999656818217694,0.0255193377172602));
#6299=DIRECTION('',(0.00591685671111164,-0.999656818217693,-0.0255193377174658));
#6300=DIRECTION('',(0.00591685671195557,-0.999656818217697,-0.025519337717126));
#6301=DIRECTION('',(0.00591685671135754,-0.999656818217697,-0.0255193377172482));
#6302=DIRECTION('',(0.00156188973658454,0.025528991935814,-0.999672862025969));
#6303=DIRECTION('',(0.00156188973689284,0.0255289919356205,-0.999672862025973));
#6304=DIRECTION('',(-0.427603048757026,0.903688794256815,0.0224097262000027));
#6305=DIRECTION('',(0.999981275478253,0.00587506269092206,0.00171240511041989));
#6306=DIRECTION('',(0.00591685671182086,-0.999656818217688,-0.0255193377174967));
#6307=DIRECTION('',(-0.284138029913736,-0.958459467683522,-0.0249204487230984));
#6308=DIRECTION('',(0.957903269149318,-0.282667875795776,-0.050201583104056));
#6309=DIRECTION('',(0.00156188973583025,0.0255289919360967,-0.999672862025963));
#6310=DIRECTION('',(0.958782113129574,-0.284084000567345,-0.00575674946836821));
#6311=DIRECTION('',(0.00156188974530347,0.0255289919360752,-0.999672862025948));
#6312=DIRECTION('',(0.958782113129377,-0.284084000567988,-0.00575674946941518));
#6313=DIRECTION('',(-0.999998779454015,-1.10830828267295E-16,-0.00156239895054368));
#6314=DIRECTION('',(1.110223024625E-16,-1.,-1.224646799147E-16));
#6315=DIRECTION('',(0.00156188973633748,0.0255289919363384,-0.999672862025956));
#6316=DIRECTION('',(3.98864612787679E-5,-0.999674082174129,-0.0255289607775954));
#6317=DIRECTION('',(0.00156188974580651,0.0255289919363252,-0.999672862025942));
#6318=DIRECTION('',(3.98864712456088E-5,-0.999674082174357,-0.0255289607686231));
#6319=DIRECTION('',(-0.00591685671275911,0.999656818217685,0.0255193377173869));
#6320=DIRECTION('',(-0.974158338817092,-8.0492672397404E-17,-0.225866179214869));
#6321=DIRECTION('',(-0.99998127547825,-0.00587506269090945,-0.00171240511266016));
#6322=DIRECTION('',(-0.00156188973621219,-0.0255289919354833,0.999672862025978));
#6323=DIRECTION('',(-0.999981275478235,-0.00587506269329616,-0.00171240511278828));
#6324=DIRECTION('',(0.00156188973616958,0.0255289919354629,-0.999672862025978));
#6325=DIRECTION('',(3.98864704776441E-5,-0.999674082174188,-0.0255289607752687));
#6326=DIRECTION('',(0.998628588866504,0.00137636165907012,-0.0523359066710245));
#6327=DIRECTION('',(0.00156188973634108,0.0255289919363382,-0.999672862025956));
#6328=DIRECTION('',(0.999998779454016,1.1083082826745E-16,0.00156239894928095));
#6329=DIRECTION('',(0.00156188973583025,0.0255289919360967,-0.999672862025963));
#6330=DIRECTION('',(0.999998779454017,1.10830828267431E-16,0.00156239894943846));
#6331=DIRECTION('',(0.00156188973646258,0.0255289919356562,-0.999672862025973));
#6332=DIRECTION('',(-0.427603048760301,0.903688794255262,0.0224097262001743));
#6333=DIRECTION('',(-0.999981275478253,-0.00587506269094008,-0.00171240511054809));
#6334=DIRECTION('',(0.00591685671129205,-0.999656818217713,-0.0255193377166646));
#6335=DIRECTION('',(-0.99998127547824,-0.00587506269329589,-0.00171240511041992));
#6336=DIRECTION('',(-0.00591685671265231,0.999656818217702,0.0255193377167698));
#6337=DIRECTION('',(-0.00591685671209816,0.999656818217695,0.0255193377171585));
#6338=DIRECTION('',(-0.974158338822199,-8.04926724006683E-17,-0.225866179192844));
#6339=DIRECTION('',(-0.999981275478254,-0.00587506269061915,-0.00171240511119223));
#6340=DIRECTION('',(0.999981275478234,0.00587506269029777,0.00171240512420711));
#6341=DIRECTION('',(0.999981275478281,0.00587506268852474,0.00171240510304627));
#6342=DIRECTION('',(0.999981275478254,0.00587506269092514,0.00171240511042199));
#6343=DIRECTION('',(0.71127739045426,-0.702709818352168,-0.0168340434845772));
#6344=DIRECTION('',(-0.0523138854988481,-0.0290387295283702,-0.998208399870183));
#6345=DIRECTION('',(0.00156188973663487,0.0255289919357741,-0.99967286202597));
#6346=DIRECTION('',(0.702909691445305,0.711018411690958,0.0192557500174027));
#6347=DIRECTION('',(0.702909691446143,0.71101841169013,0.0192557500174264));
#6348=DIRECTION('',(0.00156188973620569,0.0255289919362367,-0.999672862025958));
#6349=DIRECTION('',(-0.42760304876991,0.903688794250703,0.0224097262006778));
#6350=DIRECTION('',(-0.999981275478253,-0.00587506269092412,-0.00171240511041999));
#6351=DIRECTION('',(0.00591685671048808,-0.999656818217714,-0.025519337716805));
#6352=DIRECTION('',(-0.999981275478253,-0.00587506269092412,-0.00171240511042099));
#6353=DIRECTION('',(0.00156188973724481,0.0255289919363209,-0.999672862025955));
#6354=DIRECTION('',(-0.427603048764337,0.903688794253347,0.0224097262003858));
#6355=DIRECTION('',(-0.99998127547827,-0.00587506268999966,-0.00171240510418557));
#6356=DIRECTION('',(-0.00591685671169609,0.99965681821766,0.0255193377186251));
#6357=DIRECTION('',(-0.00591685671323881,0.999656818217685,0.025519337717283));
#6358=DIRECTION('',(-0.364728570129833,0.930824788235117,0.0232009426122489));
#6359=DIRECTION('',(0.0634832202008574,-1.15169603874428E-16,0.997982906042447));
#6360=DIRECTION('',(0.00156188973582609,0.0255289919360967,-0.999672862025963));
#6361=DIRECTION('',(-0.93111257677609,-0.364573016251604,-0.0107649984021589));
#6362=DIRECTION('',(0.00156188973582569,0.0255289919360965,-0.999672862025963));
#6363=DIRECTION('',(-0.931112576775297,-0.364573016253362,-0.0107649984111652));
#6364=DIRECTION('',(0.00156188973777734,0.0255289919362445,-0.999672862025956));
#6365=DIRECTION('',(-0.427603048759844,0.903688794255479,0.0224097262001503));
#6366=DIRECTION('',(-0.00591685671257199,0.999656818217669,0.0255193377180878));
#6367=DIRECTION('',(-0.999981275478235,-0.00587506269329513,-0.00171240511279039));
#6368=DIRECTION('',(0.00591685671257193,-0.999656818217669,-0.025519337718089));
#6369=DIRECTION('',(-0.00591685671164882,0.999656818217682,0.025519337717766));
#6370=DIRECTION('',(-0.974158338827156,-8.04926724038369E-17,-0.225866179171465));
#6371=DIRECTION('',(0.00156188973621153,0.0255289919362731,-0.999672862025958));
#6372=DIRECTION('',(0.99998127547825,0.00587506269092336,0.00171240511279034));
#6373=DIRECTION('',(-0.00156188973616889,-0.0255289919354629,0.999672862025978));
#6374=DIRECTION('',(0.00156188973668671,0.0255289919356594,-0.999672862025972));
#6375=DIRECTION('',(-0.427603048758893,0.90368879425593,0.0224097262001005));
#6376=DIRECTION('',(-0.99998127547825,-0.00587506269124095,-0.00171240511168622));
#6377=DIRECTION('',(0.00591685671176475,-0.999656818217694,-0.0255193377172987));
#6378=DIRECTION('',(0.987954156104977,-0.154728110255098,-0.00240776489497872));
#6379=DIRECTION('',(0.787251536932026,-0.616461188402291,-0.0145127802918185));
#6380=DIRECTION('',(0.247421538388244,-0.968601936251925,-0.0243489513247685));
#6381=DIRECTION('',(3.98864650508521E-5,-0.999674082174181,-0.0255289607755219));
#6382=DIRECTION('',(-0.247344224626872,-0.968601941444744,-0.0251219739113975));
#6383=DIRECTION('',(-0.538001134087802,-0.842647512329869,-0.0223595546584128));
#6384=DIRECTION('',(-0.787202317767197,-0.616461221849669,-0.0169727091993875));
#6385=DIRECTION('',(-0.987941805649511,-0.154728131402406,-0.0054949069786566));
#6386=DIRECTION('',(-0.999998779454013,-1.10830828267165E-16,-0.00156239895160841));
#6387=DIRECTION('',(-0.987954156105939,0.154728110248967,0.00240776489423495));
#6388=DIRECTION('',(-0.931141763885275,0.364572774860151,0.00785540447009368));
#6389=DIRECTION('',(-0.787251536937208,0.616461188395655,0.0145127802926108));
#6390=DIRECTION('',(-0.53806851318663,0.842647425092028,0.0206783002905312));
#6391=DIRECTION('',(-0.247421538376035,0.968601936255092,0.0243489513228682));
#6392=DIRECTION('',(-3.98864713651414E-5,0.99967408217416,0.0255289607763369));
#6393=DIRECTION('',(0.53800113408566,0.842647512331359,0.0223595546537998));
#6394=DIRECTION('',(0.78720231776909,0.616461221847358,0.0169727091954958));
#6395=DIRECTION('',(0.987941805649975,0.154728131399447,0.00549490697837298));
#6396=DIRECTION('',(3.98864707445274E-5,-0.999674082174115,-0.0255289607780994));
#6397=DIRECTION('',(-0.967548908814172,-0.252558360874529,-0.00796136953512369));
#6398=DIRECTION('',(-0.648087418537817,-0.761291228559518,-0.0204539299727242));
#6399=DIRECTION('',(-0.304001640020279,-0.952348775070857,-0.0247954327653155));
#6400=DIRECTION('',(3.98864713671242E-5,-0.999674082174173,-0.0255289607758528));
#6401=DIRECTION('',(0.304077636441913,-0.952348775073525,-0.0238453691910179));
#6402=DIRECTION('',(0.648148168784648,-0.761291228552801,-0.0184286903950098));
#6403=DIRECTION('',(0.886426708899629,-0.462751394302792,-0.0104324886864895));
#6404=DIRECTION('',(0.981365533074001,-0.192120570512079,-0.00337296316232323));
#6405=DIRECTION('',(0.999998779454017,1.10830828267431E-16,0.00156239894944115));
#6406=DIRECTION('',(0.981350202055866,0.192120570505166,0.00643951191328993));
#6407=DIRECTION('',(0.886389959206772,0.462751054771075,0.0132023303122801));
#6408=DIRECTION('',(0.648087418537297,0.761291228559576,0.0204539299870364));
#6409=DIRECTION('',(0.30400164001285,0.952348775072994,0.0247954327743061));
#6410=DIRECTION('',(-3.98864650483632E-5,0.999674082174177,0.0255289607756833));
#6411=DIRECTION('',(-0.304077636449295,0.952348775071198,0.0238453691898382));
#6412=DIRECTION('',(-0.648148168785504,0.761291228552429,0.0184286903802323));
#6413=DIRECTION('',(-0.967568942526826,0.252558821054899,0.00493795148622481));
#6414=DIRECTION('',(-3.98864716682056E-5,0.999674082174195,0.0255289607749774));
#6415=DIRECTION('',(0.247344224631304,0.968601941443857,0.0251219739019601));
#6416=DIRECTION('',(0.538001134093707,0.842647512326195,0.0223595546547653));
#6417=DIRECTION('',(0.787202317768226,0.61646122184824,0.0169727092035749));
#6418=DIRECTION('',(0.931112576772562,0.36457301626051,0.0107649984057408));
#6419=DIRECTION('',(0.987941805649594,0.154728131401864,0.00549490697896406));
#6420=DIRECTION('',(0.987954156105983,-0.154728110248598,-0.0024077648995885));
#6421=DIRECTION('',(0.931141763884001,-0.364572774863566,-0.00785540446256325));
#6422=DIRECTION('',(0.787251536929627,-0.616461188405369,-0.0145127802911788));
#6423=DIRECTION('',(0.538068513178439,-0.842647425097413,-0.0206783002842399));
#6424=DIRECTION('',(0.247421538380067,-0.968601936253909,-0.0243489513289333));
#6425=DIRECTION('',(3.98864716675996E-5,-0.9996740821742,-0.0255289607748019));
#6426=DIRECTION('',(-0.247344224637822,-0.968601941441916,-0.0251219739125956));
#6427=DIRECTION('',(-0.538001134088346,-0.842647512329628,-0.0223595546544051));
#6428=DIRECTION('',(-0.787202317767881,-0.61646122184877,-0.0169727092002817));
#6429=DIRECTION('',(-0.931112576775402,-0.364573016252967,-0.0107649984154978));
#6430=DIRECTION('',(-0.987941805649512,-0.154728131402395,-0.00549490697888476));
#6431=DIRECTION('',(-0.999998779454016,-1.10830828267411E-16,-0.00156239894960139));
#6432=DIRECTION('',(-0.987954156105667,0.154728110250656,0.00240776489727267));
#6433=DIRECTION('',(-0.931141763885617,0.364572774859451,0.00785540446200238));
#6434=DIRECTION('',(-0.787251536931322,0.616461188403008,0.0145127802995309));
#6435=DIRECTION('',(-0.538068513184398,0.842647425093421,0.0206783002918359));
#6436=DIRECTION('',(-0.247421538388406,0.968601936251859,0.0243489513257755));
#6437=DIRECTION('',(3.98864692803978E-5,-0.999674082174133,-0.0255289607774));
#6438=DIRECTION('',(-0.958759506825127,-0.284083787099916,-0.00875271268860274));
#6439=DIRECTION('',(0.999998779454015,1.10830828267362E-16,0.001562398950002));
#6440=DIRECTION('',(3.9886467561972E-5,-0.999674082174021,-0.0255289607818055));
#6441=DIRECTION('',(-0.999998779454015,-1.1083082826731E-16,-0.00156239895042517));
#6442=DIRECTION('',(-3.98864717827607E-5,0.999674082174048,0.0255289607807273));
#6443=DIRECTION('',(0.963011608643274,0.269329489898074,0.00838257058056525));
#6444=DIRECTION('',(-3.98864739072033E-5,0.999674082174111,0.0255289607782567));
#6445=DIRECTION('',(0.999998779454015,1.10830828267297E-16,0.00156239895052826));
#6446=DIRECTION('',(-0.999998779454014,-1.10830828267214E-16,-0.0015623989512054));
#6447=DIRECTION('',(0.966223452420614,0.257578788378131,0.00808750703519615));
#6448=DIRECTION('',(3.98864707490671E-5,-0.999674082174115,-0.0255289607780914));
#6449=DIRECTION('',(-0.967548908811941,-0.25255836088309,-0.00796136953471671));
#6450=DIRECTION('',(3.98864692329769E-5,-0.999674082174178,-0.025528960775658));
#6451=DIRECTION('',(0.967568942527129,-0.252558821053525,-0.00493795149708734));
#6452=DIRECTION('',(3.98864707486367E-5,-0.999674082174115,-0.0255289607780997));
#6453=DIRECTION('',(-0.966244006937,0.257578788378237,0.00506821822050309));
#6454=DIRECTION('',(-3.98864740582094E-5,0.999674082174266,0.025528960772198));
#6455=DIRECTION('',(-0.866063512110073,-0.499734688357076,-0.0141150361041497));
#6456=DIRECTION('',(0.866103390411695,-0.499734688358702,-0.0114086970508869));
#6457=DIRECTION('',(-0.874433317057257,0.485020551452677,0.0110199223583467));
#6458=DIRECTION('',(-0.865391029735024,-0.500897516407405,-0.0141436809582191));
#6459=DIRECTION('',(-3.98864707482577E-5,0.999674082174121,0.0255289607778575));
#6460=DIRECTION('',(0.866063512109936,0.499734688357307,0.0141150361044265));
#6461=DIRECTION('',(-0.866103390412574,0.499734688357177,0.0114086970508985));
#6462=DIRECTION('',(-3.98864707490671E-5,0.999674082174115,0.0255289607780914));
#6463=DIRECTION('',(0.865431000830552,-0.500897516406479,-0.0114394431355797));
#6464=DIRECTION('',(0.87439461292764,0.485020551452126,0.0137522926160516));
#6465=DIRECTION('',(3.98864707527441E-5,-0.999674082174115,-0.0255289607780998));
#6466=DIRECTION('',(0.00156188973691587,0.0255289919357183,-0.999672862025971));
#6467=DIRECTION('',(-0.427603048758217,0.90368879425625,0.022409726200065));
#6468=DIRECTION('',(0.30407763643776,-0.952348775075235,-0.0238453691757029));
#6469=DIRECTION('',(0.88642670889753,-0.462751394306471,-0.0104324887016697));
#6470=DIRECTION('',(0.981365533076434,-0.192120570499504,-0.00337296317080635));
#6471=DIRECTION('',(0.999998779454012,1.10830828267106E-16,0.00156239895208911));
#6472=DIRECTION('',(0.981350202055435,0.192120570507606,0.00643951190616804));
#6473=DIRECTION('',(0.886389959201792,0.462751054780731,0.0132023303081165));
#6474=DIRECTION('',(0.648087418548176,0.761291228550403,0.0204539299837321));
#6475=DIRECTION('',(0.30400164000798,0.952348775074762,0.0247954327661153));
#6476=DIRECTION('',(-3.98864716706794E-5,0.9996740821742,0.0255289607748021));
#6477=DIRECTION('',(-0.30407763644611,0.952348775072561,0.0238453691760057));
#6478=DIRECTION('',(-0.648148168776532,0.761291228559733,0.0184286903940831));
#6479=DIRECTION('',(-0.886426708896443,0.462751394308682,0.0104324886960121));
#6480=DIRECTION('',(-0.981365533076092,0.192120570501454,0.00337296315935296));
#6481=DIRECTION('',(-0.999998779454012,-1.10830828267106E-16,-0.00156239895208651));
#6482=DIRECTION('',(-0.981350202055029,-0.192120570509656,-0.00643951190681905));
#6483=DIRECTION('',(-0.886389959202702,-0.462751054778901,-0.0132023303112218));
#6484=DIRECTION('',(-0.304001640007985,-0.95234877507476,-0.0247954327661149));
#6485=DIRECTION('',(0.00156188973609762,0.0255289919354241,-0.99967286202598));
#6486=DIRECTION('',(-0.427603048759486,0.903688794255648,0.0224097262001316));
#6487=DIRECTION('',(0.967568942526798,-0.252558821054818,-0.00493795149567541));
#6488=DIRECTION('',(-3.98864675922831E-5,0.999674082174118,0.0255289607780096));
#6489=DIRECTION('',(-0.967548908811335,-0.252558360885427,-0.00796136953429185));
#6490=DIRECTION('',(-0.00591685671241918,0.999656818217688,0.0255193377173458));
#6491=DIRECTION('',(-0.974158338819867,-8.04926723991778E-17,-0.225866179202901));
#6492=DIRECTION('',(0.00156188973676365,0.0255289919356383,-0.999672862025973));
#6493=DIRECTION('',(0.999981275478247,0.00587506269214523,0.00171240511050525));
#6494=DIRECTION('',(0.00156188973647636,0.0255289919356465,-0.999672862025973));
#6495=DIRECTION('',(0.999981275478242,0.00587506269215946,0.0017124051132043));
#6496=DIRECTION('',(-0.00425509157538499,0.868647506083699,-0.495412357910312));
#6497=DIRECTION('',(-0.999963116669746,-1.1207001665319E-16,0.00858867278035756));
#6498=DIRECTION('',(-0.00439805509069871,0.495395795110752,0.868656240004068));
#6499=DIRECTION('',(-0.999981275478227,-0.0058750626947085,-0.0017124051130657));
#6500=DIRECTION('',(0.00439805509059272,-0.495395795109941,-0.868656240004531));
#6501=DIRECTION('',(0.999981275478246,0.00587506269187999,0.00171240511129767));
#6502=DIRECTION('',(0.00171243466505968,1.22654618794228E-16,-0.999998533782684));
#6503=DIRECTION('',(-0.999981275478242,-0.00587506269215945,-0.0017124051132042));
#6504=DIRECTION('',(0.999981275478246,0.00587506269189329,0.00171240511131079));
#6505=DIRECTION('',(0.00591685671206113,-0.999656818217729,-0.0255193377158575));
#6506=DIRECTION('',(-0.999981275478242,-0.00587506269180317,-0.00171240511443553));
#6507=DIRECTION('',(-0.00591685671205314,0.999656818217691,0.0255193377173514));
#6508=DIRECTION('',(0.99998127547825,0.00587506269132017,0.00171240511124912));
#6509=DIRECTION('',(0.00565595372650996,-0.994143272601103,0.107922026155054));
#6510=DIRECTION('',(0.0015618897400619,0.0255289919371511,-0.999672862025929));
#6511=DIRECTION('',(-0.00591685671166514,0.999656818217676,0.0255193377180177));
#6512=DIRECTION('',(-0.00156188973446021,-0.0255289919370321,0.999672862025941));
#6513=DIRECTION('',(-0.00591685671171788,0.999656818217698,0.0255193377171393));
#6514=DIRECTION('',(-0.00591685671062591,0.999656818217674,0.0255193377183443));
#6515=DIRECTION('',(0.0523193683814995,-0.0251753606125517,0.998313019503496));
#6516=DIRECTION('',(-0.00591685671159294,0.999656818217692,0.0255193377174077));
#6517=DIRECTION('',(-0.0059168567112428,0.999656818217665,0.0255193377185297));
#6518=DIRECTION('',(0.973552980901421,0.0115870293009187,-0.228167337999848));
#6519=DIRECTION('',(0.0059168567115787,-0.999656818217693,-0.025519337717371));
#6520=DIRECTION('',(0.0059168567111909,-0.99965681821766,-0.0255193377187537));
#6521=DIRECTION('',(-0.972834795623991,0.000151664971319891,-0.231500404796543));
#6522=DIRECTION('',(-0.842942667220009,0.537860056646254,0.0124185041170772));
#6523=DIRECTION('',(0.014730725059709,-1.20815953114432E-16,0.999891496983156));
#6524=DIRECTION('',(0.00156188973633698,0.02552899193633,-0.999672862025956));
#6525=DIRECTION('',(-0.538001134081637,-0.842647512333752,-0.0223595546604188));
#6526=DIRECTION('',(0.00156188973582979,0.0255289919360882,-0.999672862025964));
#6527=DIRECTION('',(-0.154738960625465,-0.987627198120602,-0.0254631419310155));
#6528=DIRECTION('',(0.986828461029641,-0.153280429013794,-0.0517174881758388));
#6529=DIRECTION('',(0.987954156105905,-0.154728110249188,-0.00240776489410919));
#6530=DIRECTION('',(0.00156188973634158,0.0255289919363303,-0.999672862025956));
#6531=DIRECTION('',(-0.999998779454012,-1.1083082826707E-16,-0.00156239895238475));
#6532=DIRECTION('',(1.110223024625E-16,-1.,-1.224646799147E-16));
#6533=DIRECTION('',(0.00156188973583019,0.0255289919360885,-0.999672862025964));
#6534=DIRECTION('',(3.98864707531754E-5,-0.999674082174115,-0.0255289607780916));
#6535=DIRECTION('',(0.00156188973633698,0.0255289919363382,-0.999672862025956));
#6536=DIRECTION('',(-0.00591685671327191,0.999656818217695,0.0255193377168934));
#6537=DIRECTION('',(0.0523193683815016,-0.0251753606109648,0.998313019503536));
#6538=DIRECTION('',(-0.00591685671327191,0.999656818217695,0.0255193377168934));
#6539=DIRECTION('',(0.0523193683815016,-0.0251753606109648,0.998313019503536));
#6540=DIRECTION('',(-0.00591685671161289,0.999656818217701,0.0255193377170285));
#6541=DIRECTION('',(-0.00591685671327191,0.999656818217695,0.0255193377168934));
#6542=DIRECTION('',(0.0523193683815016,-0.0251753606109648,0.998313019503536));
#6543=DIRECTION('',(0.00156188973598127,0.0255289919355121,-0.999672862025977));
#6544=DIRECTION('',(-0.427603048761444,0.90368879425472,0.0224097262002342));
#6545=DIRECTION('',(0.00591685670389511,-0.999656818217453,-0.0255193377285489));
#6546=DIRECTION('',(-0.99998127547825,-0.00587506269092491,-0.00171240511279034));
#6547=DIRECTION('',(0.952670228026944,-0.303940917265901,-0.00627339163886065));
#6548=DIRECTION('',(-0.0518057935710112,-0.141976623898842,-0.988513428345192));
#6549=DIRECTION('',(0.00156188973634197,0.0255289919363304,-0.999672862025956));
#6550=DIRECTION('',(0.30400164000798,0.952348775074762,0.0247954327661153));
#6551=DIRECTION('',(0.00156188973634108,0.0255289919363382,-0.999672862025956));
#6552=DIRECTION('',(0.00156188973607844,0.0255289919354655,-0.999672862025979));
#6553=DIRECTION('',(-0.427603048760177,0.903688794255321,0.0224097262001678));
#6554=DIRECTION('',(-0.00591685670390169,0.999656818217452,0.0255193377285826));
#6555=DIRECTION('',(0.999981275478266,0.00587506269020208,0.00171240510603542));
#6556=DIRECTION('',(-0.0059168567115362,0.999656818217704,0.0255193377169264));
#6557=DIRECTION('',(-0.974158338826467,-8.04926724033964E-17,-0.225866179174436));
#6558=DIRECTION('',(-0.00156188973649349,-0.0255289919364051,0.999672862025954));
#6559=DIRECTION('',(0.999981275478253,0.00587506269092617,0.00171240511041999));
#6560=DIRECTION('',(0.0015618897360313,0.025528991935396,-0.99967286202598));
#6561=DIRECTION('',(-0.427603048759531,0.903688794255627,0.0224097262001339));
#6562=DIRECTION('',(0.00591685670589654,-0.999656818218409,-0.025519337690642));
#6563=DIRECTION('',(0.999981275478242,0.00587506269286535,0.00171240511047065));
#6564=DIRECTION('',(0.00171243466423282,1.22654618794136E-16,-0.999998533782685));
#6565=DIRECTION('',(0.999981275478249,0.00587506269143458,0.00171240511137191));
#6566=DIRECTION('',(0.702909691445784,0.711018411690476,0.0192557500177419));
#6567=DIRECTION('',(-0.711277390454696,0.702709818351751,0.0168340434835775));
#6568=DIRECTION('',(0.998131318430623,0.00745607623211503,-0.0606488095115384));
#6569=DIRECTION('',(0.034910667716601,0.745013496886896,0.666135222560661));
#6570=DIRECTION('',(-0.0608182700726506,0.0251127998855434,-0.997832894480473));
#6571=DIRECTION('',(-0.00591685671161283,0.999656818217701,0.0255193377170291));
#6572=DIRECTION('',(0.0608182700723634,-0.0251127998858854,0.997832894480482));
#6573=DIRECTION('',(0.616630017188426,0.78697132969712,0.021060582540573));
#6574=DIRECTION('',(-0.034134420690635,-1.38137924512528E-9,0.999417250863779));
#6575=DIRECTION('',(0.00156188973634158,0.0255289919363384,-0.999672862025956));
#6576=DIRECTION('',(-0.787251536930669,0.616461188404042,0.0145127802910444));
#6577=DIRECTION('',(0.00156188973634158,0.0255289919363303,-0.999672862025956));
#6578=DIRECTION('',(0.842899659284293,0.537860193314646,0.0150524690982483));
#6579=DIRECTION('',(0.052022384679139,-0.109306140251125,0.992645878042969));
#6580=DIRECTION('',(0.00156188973634117,0.0255289919363218,-0.999672862025956));
#6581=DIRECTION('',(-0.538068513186631,0.842647425092028,0.0206783002905104));
#6582=DIRECTION('',(0.00156188973685296,0.025528991936572,-0.999672862025949));
#6583=DIRECTION('',(-0.00591685671064952,0.999656818217669,0.025519337718522));
#6584=DIRECTION('',(0.0523193683814993,-0.0251753606127279,0.998313019503492));
#6585=DIRECTION('',(0.00591685671161286,-0.999656818217701,-0.025519337717029));
#6586=DIRECTION('',(0.00591685671125333,-0.99965681821771,-0.0255193377167769));
#6587=DIRECTION('',(-0.972834795623808,0.000151664970820826,-0.231500404797314));
#6588=DIRECTION('',(-0.00591685671247297,0.999656818217678,0.0255193377177419));
#6589=DIRECTION('',(0.973552980900683,0.0115870293020133,-0.228167338002943));
#6590=DIRECTION('',(0.972834795623875,-0.000151664970332135,0.231500404797032));
#6591=DIRECTION('',(-2.81375533521131E-5,-0.999999855475202,-0.000536896501572425));
#6592=DIRECTION('',(0.231424828465111,0.0261958544170898,-0.97250003906491));
#6593=DIRECTION('',(-0.231424828464833,-0.0261958544160294,0.972500039065005));
#6594=DIRECTION('',(0.997936462420711,0.00427116670364272,0.0640669501867038));
#6595=DIRECTION('',(0.00192229857787468,-0.999325226658902,0.0366796419190684));
#6596=DIRECTION('',(0.0639359662303864,0.0258457525695794,-0.997619260688315));
#6597=DIRECTION('',(-0.063935966230903,-0.0258457525693724,0.997619260688287));
#6598=DIRECTION('',(0.00156188973649545,0.0255289919358381,-0.999672862025968));
#6599=DIRECTION('',(-0.427603048762576,0.903688794254182,0.0224097262002935));
#6600=DIRECTION('',(-0.999981275478246,-0.00587506269192684,-0.00171240511183795));
#6601=DIRECTION('',(-0.00591685671161284,0.999656818217701,0.0255193377170294));
#6602=DIRECTION('',(0.999981275478245,0.00587506269193204,0.00171240511188644));
#6603=DIRECTION('',(-0.00591685671162421,0.999656818217691,0.0255193377174372));
#6604=DIRECTION('',(-0.974158338826722,-8.04926724035598E-17,-0.225866179173333));
#6605=DIRECTION('',(-0.00156188973615404,-0.0255289919353844,0.99967286202598));
#6606=DIRECTION('',(0.999981275478249,0.00587506269093933,0.00171240511291645));
#6607=DIRECTION('',(0.999981275478247,0.00587506269170499,0.0017124051119122));
#6608=DIRECTION('',(0.00565595372680764,-0.994143272600485,0.107922026160734));
#6609=DIRECTION('',(0.00591685674179751,-0.999656818217177,-0.0255193377305609));
#6610=DIRECTION('',(-0.00156188973650138,-0.0255289919355415,0.999672862025976));
#6611=DIRECTION('',(0.00591685671141232,-0.999656818217708,-0.0255193377168188));
#6612=DIRECTION('',(-0.00156188973617001,-0.0255289919351997,0.999672862025985));
#6613=DIRECTION('',(0.00591685671177397,-0.999656818217697,-0.0255193377171685));
#6614=DIRECTION('',(-0.00156188973716492,-0.0255289919351705,0.999672862025984));
#6615=DIRECTION('',(0.00591685671175921,-0.999656818217721,-0.0255193377162142));
#6616=DIRECTION('',(-0.00591685671167481,0.999656818217694,0.0255193377173083));
#6617=DIRECTION('',(-0.974158338826047,-8.04926724031278E-17,-0.225866179176249));
#6618=DIRECTION('',(-0.00156188973614981,-0.0255289919354313,0.999672862025979));
#6619=DIRECTION('',(-0.999981275478253,-0.00587506269092514,-0.00171240511041999));
#6620=DIRECTION('',(0.00156188973644969,0.0255289919357156,-0.999672862025972));
#6621=DIRECTION('',(-0.968906673961786,-0.247302567018846,-0.00782927188180517));
#6622=DIRECTION('',(0.247387715943751,-0.968829822887803,-0.0129650408145094));
#6623=DIRECTION('',(0.247421538375261,-0.968601936255261,-0.0243489513239976));
#6624=DIRECTION('',(0.00156188974529928,0.0255289919360834,-0.999672862025948));
#6625=DIRECTION('',(-0.999998779454014,-1.10830828267214E-16,-0.00156239895120811));
#6626=DIRECTION('',(1.110223024625E-16,-1.,-1.224646799147E-16));
#6627=DIRECTION('',(3.98864710328517E-5,-0.99967408217402,-0.0255289607818421));
#6628=DIRECTION('',(0.00156188973633748,0.0255289919363384,-0.999672862025956));
#6629=DIRECTION('',(-0.616692850124059,0.786971303501502,0.0191336371610513));
#6630=DIRECTION('',(0.0310112924113273,9.86958784482816E-9,0.999519034207442));
#6631=DIRECTION('',(-0.787202317767835,-0.616461221848684,-0.0169727092055469));
#6632=DIRECTION('',(0.269455380571304,-0.962709663627564,-0.0241640526252774));
#6633=DIRECTION('',(-0.0523331167801423,0.0104166270462547,-0.998575354577238));
#6634=DIRECTION('',(0.00156188973582985,0.0255289919360965,-0.999672862025963));
#6635=DIRECTION('',(0.963011608643463,0.269329489897391,0.00838257058062761));
#6636=DIRECTION('',(0.761512647164626,0.647907351331264,0.0177356223242526));
#6637=DIRECTION('',(0.0521305874821176,-0.0885001867424903,0.994711073023375));
#6638=DIRECTION('',(0.00156188973633748,0.0255289919363384,-0.999672862025956));
#6639=DIRECTION('',(-0.648148168778374,0.761291228558505,0.0184286903800296));
#6640=DIRECTION('',(0.00156188973634108,0.0255289919363382,-0.999672862025956));
#6641=DIRECTION('',(0.999998779454016,1.10830828267356E-16,0.00156239895004935));
#6642=DIRECTION('',(1.110223024625E-16,-1.,-1.224646799147E-16));
#6643=DIRECTION('',(0.00156188973633748,0.0255289919363343,-0.999672862025956));
#6644=DIRECTION('',(0.00156188973583019,0.0255289919360885,-0.999672862025964));
#6645=DIRECTION('',(-0.501025691259558,-0.865130018337261,-0.0228759277331508));
#6646=DIRECTION('',(0.864986240391627,-0.499743747321196,-0.0453320079692894));
#6647=DIRECTION('',(0.00156188973634197,0.0255289919363345,-0.999672862025956));
#6648=DIRECTION('',(-0.00587139548609874,0.842229117822975,0.539087784879402));
#6649=DIRECTION('',(-0.999940694488562,-1.09681991243199E-16,-0.0108907073108694));
#6650=DIRECTION('',(0.00172493708465371,-0.53908774492569,0.842247842302365));
#6651=DIRECTION('',(-0.999981275478242,-0.00587506269215946,-0.0017124051132043));
#6652=DIRECTION('',(-0.00172493708653929,0.539087744925733,-0.842247842302332));
#6653=DIRECTION('',(-0.999981275478247,-0.00587506269214412,-0.00171240511050525));
#6654=DIRECTION('',(-0.6166300171876,-0.786971329697812,-0.0210605825388983));
#6655=DIRECTION('',(0.78701166769056,-0.615557829015816,-0.0412455337734845));
#6656=DIRECTION('',(0.00156188973634108,0.0255289919363382,-0.999672862025956));
#6657=DIRECTION('',(0.787251536930157,-0.616461188404665,-0.0145127802923794));
#6658=DIRECTION('',(0.00156188973634158,0.0255289919363303,-0.999672862025956));
#6659=DIRECTION('',(0.999998779454007,1.10830828266703E-16,0.00156239895537008));
#6660=DIRECTION('',(1.110223024625E-16,-1.,-1.224646799147E-16));
#6661=DIRECTION('',(-3.98864739071699E-5,0.999674082174107,0.0255289607784237));
#6662=DIRECTION('',(0.00156188973634108,0.0255289919363382,-0.999672862025956));
#6663=DIRECTION('',(-0.00591685671165311,0.999656818217692,0.0255193377173914));
#6664=DIRECTION('',(-0.974158338826391,-8.04926724033477E-17,-0.225866179174766));
#6665=DIRECTION('',(-0.00591685670554871,0.99965681821781,0.0255193377141686));
#6666=DIRECTION('',(-0.999981275478316,-0.00587506268589036,-0.00171240509134576));
#6667=DIRECTION('',(-0.00156188973652156,-0.0255289919358374,0.999672862025969));
#6668=DIRECTION('',(-0.999981275478264,-0.00587506269030325,-0.00171240510696753));
#6669=DIRECTION('',(0.999981275478247,0.005875062691707,0.00171240511193073));
#6670=DIRECTION('',(0.00565595372680764,-0.994143272600485,0.107922026160734));
#6671=DIRECTION('',(0.00156188973611228,0.0255289919351724,-0.999672862025986));
#6672=DIRECTION('',(0.00591685671178247,-0.999656818217696,-0.0255193377172082));
#6673=DIRECTION('',(0.00156188973722267,0.0255289919362518,-0.999672862025956));
#6674=DIRECTION('',(-0.00591685671179118,0.999656818217695,0.0255193377172443));
#6675=DIRECTION('',(0.00156188973622594,0.0255289919352266,-0.999672862025984));
#6676=DIRECTION('',(0.00591685671140362,-0.999656818217709,-0.0255193377167749));
#6677=DIRECTION('',(0.00156188973685193,0.0255289919355409,-0.999672862025976));
#6678=DIRECTION('',(0.00591685674375825,-0.999656818218133,-0.0255193376926536));
#6679=DIRECTION('',(0.00591685671166593,-0.999656818217676,-0.0255193377180177));
#6680=DIRECTION('',(-0.501094727724412,0.865130018337672,0.0213102139327045));
#6681=DIRECTION('',(0.0424889114168538,-1.17636869995612E-16,0.999096938443218));
#6682=DIRECTION('',(0.00156188973634108,0.02552899193633,-0.999672862025956));
#6683=DIRECTION('',(0.00156188973634108,0.0255289919363341,-0.999672862025956));
#6684=DIRECTION('',(-3.98864702001595E-5,0.999674082174149,0.0255289607767881));
#6685=DIRECTION('',(-0.999998779454015,-1.1083082826734E-16,-0.00156239895017754));
#6686=DIRECTION('',(0.00156188973582569,0.0255289919360965,-0.999672862025963));
#6687=DIRECTION('',(-0.999998779454013,-1.10830828267126E-16,-0.00156239895192886));
#6688=DIRECTION('',(0.00156188973634158,0.0255289919363384,-0.999672862025956));
#6689=DIRECTION('',(0.154738960625221,0.987627198120561,0.0254631419340966));
#6690=DIRECTION('',(-0.162371823376497,1.03280712358708E-8,0.986729644316716));
#6691=DIRECTION('',(-0.987954156104651,0.154728110257315,0.00240776488626439));
#6692=DIRECTION('',(0.00156188973582569,0.0255289919360882,-0.999672862025963));
#6693=DIRECTION('',(-0.154817793395995,0.98762719480676,0.0249794901094034));
#6694=DIRECTION('',(0.159287617513447,-1.03216599693116E-16,0.987232219341979));
#6695=DIRECTION('',(0.00156188973633698,0.0255289919363382,-0.999672862025956));
#6696=DIRECTION('',(-0.987941805649937,-0.154728131399706,-0.00549490697785967));
#6697=DIRECTION('',(0.364654049816349,0.930824882780375,0.0243405330557327));
#6698=DIRECTION('',(-0.0666014508004899,-1.29587012908713E-16,0.997779658417263));
#6699=DIRECTION('',(-0.931141763881946,0.364572774868605,0.00785540447234193));
#6700=DIRECTION('',(0.999981275478247,0.00587506269162964,0.00171240511162126));
#6701=DIRECTION('',(0.00565595372676599,-0.994143272600571,0.107922026159939));
#6702=DIRECTION('',(0.00591685671174577,-0.999656818217692,-0.0255193377173481));
#6703=DIRECTION('',(-0.00156188973613597,-0.0255289919362369,0.999672862025959));
#6704=DIRECTION('',(0.999981275478243,0.00587506269246666,0.00171240511193084));
#6705=DIRECTION('',(0.00591685671265198,-0.999656818217713,-0.0255193377163495));
#6706=DIRECTION('',(0.00156188973600334,0.0255289919330127,-0.999672862026042));
#6707=DIRECTION('',(-0.0059168567123783,0.999656818217649,0.0255193377189007));
#6708=DIRECTION('',(0.00156188973643506,0.0255289919357088,-0.999672862025972));
#6709=DIRECTION('',(-0.00591685671048852,0.999656818217714,0.025519337716805));
#6710=DIRECTION('',(0.999981275478243,0.00587506269239806,0.00171240511139136));
#6711=DIRECTION('',(0.00591685671257286,-0.999656818217661,-0.0255193377183857));
#6712=DIRECTION('',(0.00156188973713443,0.0255289919362596,-0.999672862025957));
#6713=DIRECTION('',(0.00591685674183229,-0.999656818217178,-0.0255193377305306));
#6714=DIRECTION('',(-0.00591685671257316,0.999656818217669,0.0255193377180878));
#6715=DIRECTION('',(-0.0015618897369597,-0.0255289919354618,0.999672862025978));
#6716=DIRECTION('',(0.0015618897369164,0.0255289919354409,-0.999672862025978));
#6717=DIRECTION('',(0.00591685671121974,-0.999656818217678,-0.0255193377180172));
#6718=DIRECTION('',(-0.999998779454019,-1.10830828267567E-16,-0.00156239894833332));
#6719=DIRECTION('',(1.110223024625E-16,-1.,-1.224646799147E-16));
#6720=DIRECTION('',(3.98864696528056E-5,-0.999674082174315,-0.0255289607702986));
#6721=DIRECTION('',(0.00156188973583016,0.0255289919266153,-0.999672862026205));
#6722=DIRECTION('',(-0.499931548806659,0.865802235977201,0.021329197937413));
#6723=DIRECTION('',(0.0426254601264415,-1.17620997740121E-16,0.999091122044936));
#6724=DIRECTION('',(0.00156188973582985,0.0255289919360924,-0.999672862025963));
#6725=DIRECTION('',(0.001561889735822,0.0255289919360926,-0.999672862025963));
#6726=DIRECTION('',(0.00156188973747378,0.0255289919363806,-0.999672862025954));
#6727=DIRECTION('',(-0.427603048763672,0.903688794253662,0.0224097262003509));
#6728=DIRECTION('',(-0.999981275478236,-0.0058750626901891,-0.00171240512325989));
#6729=DIRECTION('',(0.999981275478266,0.00587506269020206,0.00171240510603523));
#6730=DIRECTION('',(-0.00591685671316347,0.999656818217649,0.0255193377187398));
#6731=DIRECTION('',(0.999998779454009,1.1083082826681E-16,0.00156239895450292));
#6732=DIRECTION('',(1.110223024625E-16,-1.,-1.224646799147E-16));
#6733=DIRECTION('',(0.0015618897363374,0.0255289919268571,-0.999672862026198));
#6734=DIRECTION('',(-3.98864736861247E-5,0.999674082174085,0.025528960779293));
#6735=DIRECTION('',(0.00156188973633698,0.02552899193633,-0.999672862025956));
#6736=DIRECTION('',(0.257623911077007,0.965919995832252,0.0250695451256695));
#6737=DIRECTION('',(-0.0968531420430213,-1.32641793493936E-16,0.995298683248599));
#6738=DIRECTION('',(0.00156188973634108,0.02552899193633,-0.999672862025956));
#6739=DIRECTION('',(-0.96624400693706,0.257578788378009,0.00506821822054658));
#6740=DIRECTION('',(-0.00591685671156429,0.999656818217694,0.0255193377173433));
#6741=DIRECTION('',(-0.974158338827042,-8.04926724037645E-17,-0.225866179171953));
#6742=DIRECTION('',(-0.00156188973670598,-0.025528991935708,0.999672862025971));
#6743=DIRECTION('',(0.999981275478254,0.00587506269091019,0.0017124051102927));
#6744=DIRECTION('',(0.00156188973655441,0.0255289919356017,-0.999672862025974));
#6745=DIRECTION('',(-0.42760304875896,0.903688794255898,0.022409726200104));
#6746=DIRECTION('',(0.999981275478248,0.00587506269166187,0.00171240511164308));
#6747=DIRECTION('',(0.005916856712084,-0.999656818217698,-0.025519337717041));
#6748=DIRECTION('',(-0.711277390453962,0.702709818352492,0.016834043483664));
#6749=DIRECTION('',(-0.711277390456084,0.702709818350287,0.0168340434860764));
#6750=DIRECTION('',(0.70290969144688,0.711018411689341,0.0192557500196394));
#6751=DIRECTION('',(-0.711277390454241,0.70270981835219,0.016834043484519));
#6752=DIRECTION('',(0.999981275478247,0.00587506269164623,0.00171240511181012));
#6753=DIRECTION('',(0.00565595372676227,-0.994143272600579,0.107922026159868));
#6754=DIRECTION('',(0.00591685671174577,-0.999656818217692,-0.0255193377173481));
#6755=DIRECTION('',(-0.00591685670393801,0.999656818217454,0.0255193377285186));
#6756=DIRECTION('',(-0.0015618897361872,-0.0255289919353136,0.999672862025982));
#6757=DIRECTION('',(-0.99998127547825,-0.00587506269110674,-0.00171240511217337));
#6758=DIRECTION('',(-0.00591685671130346,0.999656818217654,0.0255193377189476));
#6759=DIRECTION('',(0.00591685671249317,-0.999656818217698,-0.0255193377169591));
#6760=DIRECTION('',(0.00156188973660225,0.0255289919355873,-0.999672862025975));
#6761=DIRECTION('',(0.00591685671161493,-0.999656818217701,-0.0255193377170284));
#6762=DIRECTION('',(-0.0015618897374211,-0.0255289919356142,0.999672862025973));
#6763=DIRECTION('',(0.0015618897372219,0.0255289919358303,-0.999672862025967));
#6764=DIRECTION('',(0.00156188973660205,0.0255289919355873,-0.999672862025975));
#6765=DIRECTION('',(0.0059168567104986,-0.999656818217712,-0.0255193377168558));
#6766=DIRECTION('',(-0.00156188973898809,-0.025528991932927,0.999672862026039));
#6767=DIRECTION('',(-0.999981275478243,-0.00587506269248247,-0.00171240511131285));
#6768=DIRECTION('',(-0.00591685671265548,0.999656818217643,0.0255193377190677));
#6769=DIRECTION('',(0.00156188973613597,0.0255289919362371,-0.999672862025959));
#6770=DIRECTION('',(0.00156188973612763,0.0255289919362328,-0.999672862025959));
#6771=DIRECTION('',(0.00591685671256633,-0.99965681821767,-0.0255193377180533));
#6772=DIRECTION('',(-0.00156188973695975,-0.0255289919346723,0.999672862025998));
#6773=DIRECTION('',(-0.00591685671257311,0.999656818217669,0.025519337718089));
#6774=DIRECTION('',(3.98864704726778E-5,-0.999674082174187,-0.0255289607752865));
#6775=DIRECTION('',(0.998628588866504,0.00137636165906609,-0.0523359066710245));
#6776=DIRECTION('',(0.00156188973582609,0.0255289919360885,-0.999672862025963));
#6777=DIRECTION('',(0.999998779454016,1.1083082826745E-16,0.00156239894928354));
#6778=DIRECTION('',(0.00156188973634108,0.02552899193633,-0.999672862025956));
#6779=DIRECTION('',(-0.3646540498206,-0.930824882778612,-0.0243405330594528));
#6780=DIRECTION('',(0.930425553018889,-0.363222524830597,-0.0487615396104514));
#6781=DIRECTION('',(0.00156188973582979,0.0255289919360882,-0.999672862025964));
#6782=DIRECTION('',(0.93114176388325,-0.364572774865292,-0.00785540447156862));
#6783=DIRECTION('',(0.999998779454023,1.10830828267915E-16,0.00156239894548791));
#6784=DIRECTION('',(1.110223024625E-16,-1.,-1.224646799147E-16));
#6785=DIRECTION('',(0.00156188973583019,0.0255289919360885,-0.999672862025964));
#6786=DIRECTION('',(-3.9886470915825E-5,0.999674082174198,0.0255289607748547));
#6787=DIRECTION('',(0.00156188973634158,0.0255289919363343,-0.999672862025956));
#6788=DIRECTION('',(-0.00591685671180963,0.999656818217691,0.0255193377173774));
#6789=DIRECTION('',(-0.974158338825049,-8.04926724024899E-17,-0.225866179180553));
#6790=DIRECTION('',(-0.999981275478246,-0.00587506269192143,-0.00171240511178865));
#6791=DIRECTION('',(0.999981275478243,0.00587506269253315,0.00171240511121783));
#6792=DIRECTION('',(0.00171243466497999,1.22654618794219E-16,-0.999998533782684));
#6793=DIRECTION('',(0.999981275478254,0.00587506269091226,0.00171240511029281));
#6794=DIRECTION('',(-0.95264597386371,-0.303940917258471,-0.00925025931210887));
#6795=DIRECTION('',(0.304055759740548,-0.952520957428358,-0.0159348871462121));
#6796=DIRECTION('',(0.304077636449299,-0.952348775071196,-0.0238453691898619));
#6797=DIRECTION('',(-0.0015618897367578,-0.0255289919354412,0.999672862025978));
#6798=DIRECTION('',(-0.999998779454015,-1.1083082826731E-16,-0.00156239895042677));
#6799=DIRECTION('',(0.999998779454015,1.10830828267297E-16,0.00156239895052746));
#6800=DIRECTION('',(-3.98864721159525E-5,0.999674082174209,0.0255289607744261));
#6801=DIRECTION('',(-0.999998779454017,-1.10830828267426E-16,-0.00156239894947949));
#6802=DIRECTION('',(3.9886468066731E-5,-0.999674082174263,-0.0255289607723375));
#6803=DIRECTION('',(0.999998779454014,1.10830828267222E-16,0.00156239895114154));
#6804=DIRECTION('',(-0.958759506825226,-0.28408378709962,-0.00875271268738027));
#6805=DIRECTION('',(-0.999998779454016,-1.1083082826737E-16,-0.00156239894993808));
#6806=DIRECTION('',(-0.00156188973591386,-0.0255289919357432,0.999672862025972));
#6807=DIRECTION('',(-0.999998779454016,-1.10830828267413E-16,-0.00156239894958257));
#6808=DIRECTION('',(3.98864707490665E-5,-0.999674082174115,-0.0255289607780916));
#6809=DIRECTION('',(0.9675689425269,-0.252558821054402,-0.00493795149691956));
#6810=DIRECTION('',(3.98864692316332E-5,-0.99967408217418,-0.0255289607755852));
#6811=DIRECTION('',(-0.967548908811941,-0.25255836088309,-0.00796136953471671));
#6812=DIRECTION('',(3.98864712456094E-5,-0.999674082174357,-0.0255289607686233));
#6813=DIRECTION('',(0.96622345242061,0.257578788378117,0.00808750703611123));
#6814=DIRECTION('',(0.967568942526474,-0.252558821056051,-0.0049379514962184));
#6815=DIRECTION('',(-0.967548908811155,-0.252558360886138,-0.00796136953366242));
#6816=DIRECTION('',(-0.00591685671144248,0.999656818217699,0.025519337717162));
#6817=DIRECTION('',(-0.974158338827713,-8.0492672404193E-17,-0.225866179169062));
#6818=DIRECTION('',(0.99998127547824,0.00587506269291792,0.00171240511193519));
#6819=DIRECTION('',(0.0015618897347492,0.0255289919371653,-0.999672862025937));
#6820=DIRECTION('',(-0.999981275478254,-0.00587506269048428,-0.00171240511193524));
#6821=DIRECTION('',(0.00156188973776305,0.0255289919362748,-0.999672862025956));
#6822=DIRECTION('',(-0.427603048760351,0.903688794255238,0.0224097262001769));
#6823=DIRECTION('',(0.00156188973776185,0.0255289919362742,-0.999672862025956));
#6824=DIRECTION('',(-0.427603048760351,0.903688794255238,0.0224097262001769));
#6825=DIRECTION('',(-0.999981275478249,-0.00587506269092335,-0.00171240511278825));
#6826=DIRECTION('',(0.999981275478249,0.00587506269092336,0.00171240511278835));
#6827=DIRECTION('',(-0.00591685671143113,0.999656818217702,0.0255193377170553));
#6828=DIRECTION('',(-0.9741583388276,-8.0492672404121E-17,-0.225866179169547));
#6829=DIRECTION('',(-0.00587139548482015,0.842229117823281,0.539087784878936));
#6830=DIRECTION('',(-0.999940694488588,-1.09681991243491E-16,-0.0108907073085074));
#6831=DIRECTION('',(0.00172493708465553,-0.53908774492435,0.842247842303222));
#6832=DIRECTION('',(-0.999981275478247,-0.00587506269214634,-0.00171240511050525));
#6833=DIRECTION('',(-0.00172493708644255,0.539087744926589,-0.842247842301786));
#6834=DIRECTION('',(-0.999981275478262,-0.00587506268956723,-0.00171240511036678));
#6835=DIRECTION('',(0.70290969144526,0.711018411690994,0.0192557500177315));
#6836=DIRECTION('',(-0.0273840709217577,-1.25458996551273E-16,0.999624986012131));
#6837=DIRECTION('',(-0.00156188973663444,-0.0255289919353004,0.999672862025982));
#6838=DIRECTION('',(0.00156188973663454,0.0255289919353001,-0.999672862025982));
#6839=DIRECTION('',(-0.711277390454241,0.702709818352189,0.0168340434845205));
#6840=DIRECTION('',(-0.25260226039875,-0.967244701447176,-0.025095528761234));
#6841=DIRECTION('',(0.966627662595821,-0.251126754759369,-0.0506588091901785));
#6842=DIRECTION('',(0.00156188973634108,0.0255289919363341,-0.999672862025956));
#6843=DIRECTION('',(0.00156188973634158,0.0255289919363343,-0.999672862025956));
#6844=DIRECTION('',(-0.00591685671190202,0.999656818217681,0.0255193377177671));
#6845=DIRECTION('',(-0.974158338825032,-8.04926724024789E-17,-0.225866179180628));
#6846=DIRECTION('',(-0.999981275478247,-0.00587506269166286,-0.00171240511180064));
#6847=DIRECTION('',(-0.00156188973532031,-0.0255289919359138,0.999672862025969));
#6848=DIRECTION('',(0.462866341674843,0.886120430661732,0.0233523469572917));
#6849=DIRECTION('',(-0.050387512256071,-1.27903255865954E-16,0.998729742527299));
#6850=DIRECTION('',(0.00156188973685285,0.0255289919365802,-0.999672862025949));
#6851=DIRECTION('',(-0.886426708898765,0.462751394303948,0.0104324887086701));
#6852=DIRECTION('',(0.00156188973634108,0.0255289919363382,-0.999672862025956));
#6853=DIRECTION('',(-0.00591685671162021,0.999656818217706,0.0255193377168279));
#6854=DIRECTION('',(-0.974158338825569,-8.04926724028227E-17,-0.225866179178307));
#6855=DIRECTION('',(0.999981275478164,0.0058750627074513,0.00171240510603507));
#6856=DIRECTION('',(0.00156188973727763,0.0255289919352256,-0.999672862025983));
#6857=DIRECTION('',(-0.968926413637248,0.247302546692072,0.00480159928303189));
#6858=DIRECTION('',(0.0049555263924832,3.61908854800382E-10,0.999987721303704));
#6859=DIRECTION('',(-0.247344224623979,-0.96860194144573,-0.0251219739018426));
#6860=DIRECTION('',(0.999998779454027,1.10830828268213E-16,0.00156239894306237));
#6861=DIRECTION('',(1.110223024625E-16,-1.,-1.224646799147E-16));
#6862=DIRECTION('',(0.00156188973685246,0.0255289919365801,-0.999672862025949));
#6863=DIRECTION('',(-3.98864713611067E-5,0.999674082174177,0.0255289607756967));
#6864=DIRECTION('',(0.00156188973684836,0.0255289919365801,-0.999672862025949));
#6865=DIRECTION('',(0.0015618897364401,0.0255289919357417,-0.999672862025971));
#6866=DIRECTION('',(-0.427603048761616,0.903688794254638,0.0224097262002432));
#6867=DIRECTION('',(0.999981275478252,0.00587506269102311,0.00171240511093515));
#6868=DIRECTION('',(0.968906673959641,0.247302567027168,0.00782927188431853));
#6869=DIRECTION('',(0.050929117317962,-0.230300632984266,0.971785904125111));
#6870=DIRECTION('',(0.00156188973634158,0.0255289919363384,-0.999672862025956));
#6871=DIRECTION('',(-0.247421538383125,0.968601936253221,0.0243489513252556));
#6872=DIRECTION('',(0.00156188973634158,0.0255289919363384,-0.999672862025956));
#6873=DIRECTION('',(-0.00591685671239787,0.999656818217689,0.0255193377173249));
#6874=DIRECTION('',(-0.974158338820005,-8.04926723992662E-17,-0.225866179202304));
#6875=DIRECTION('',(0.00156188973676365,0.0255289919356384,-0.999672862025973));
#6876=DIRECTION('',(0.00156188973642717,0.0255289919356234,-0.999672862025974));
#6877=DIRECTION('',(0.999981275478247,0.00587506269214413,0.00171240511050555));
#6878=DIRECTION('',(3.98864694023653E-5,-0.999674082174172,-0.0255289607758953));
#6879=DIRECTION('',(0.998628588866506,0.0013763616580288,-0.0523359066710246));
#6880=DIRECTION('',(0.999981275478244,0.00587506269206674,0.00171240511185164));
#6881=DIRECTION('',(0.0056559537271581,-0.994143272599757,0.107922026167421));
#6882=DIRECTION('',(-0.00591685671217599,0.99965681821769,0.0255193377173547));
#6883=DIRECTION('',(0.00591685671172655,-0.999656818217707,-0.0255193377167874));
#6884=DIRECTION('',(0.00156188973614859,0.0255289919350581,-0.999672862025989));
#6885=DIRECTION('',(0.00591685670390159,-0.999656818217452,-0.0255193377285822));
#6886=DIRECTION('',(0.00156188973652029,0.0255289919355504,-0.999672862025976));
#6887=DIRECTION('',(0.00591685671313479,-0.999656818217695,-0.0255193377169103));
#6888=DIRECTION('',(0.00156188973616994,0.0255289919362536,-0.999672862025958));
#6889=DIRECTION('',(0.00591685671322281,-0.999656818217687,-0.0255193377172086));
#6890=DIRECTION('',(0.00156188973716492,0.0255289919351709,-0.999672862025984));
#6891=DIRECTION('',(-0.00591685671242625,0.999656818217692,0.0255193377172191));
#6892=DIRECTION('',(-0.00156188973617001,-0.0255289919351988,0.999672862025985));
#6893=DIRECTION('',(0.0059168567117911,-0.999656818217695,-0.0255193377172455));
#6894=DIRECTION('',(-0.00156188973616994,-0.0255289919362532,0.999672862025958));
#6895=DIRECTION('',(0.00591685671131159,-0.999656818217666,-0.0255193377184963));
#6896=DIRECTION('',(-0.00156188973650138,-0.0255289919355415,0.999672862025976));
#6897=DIRECTION('',(-0.00591685670412769,0.999656818217427,0.025519337729517));
#6898=DIRECTION('',(-0.00156188973733278,-0.0255289919362419,0.999672862025957));
#6899=DIRECTION('',(0.0059168567125209,-0.99965681821768,-0.0255193377176691));
#6900=DIRECTION('',(0.00156188973723994,0.025528991935915,-0.999672862025965));
#6901=DIRECTION('',(0.702909691446032,0.711018411690222,0.0192557500180589));
#6902=DIRECTION('',(-0.0273840709221931,-1.2545899655132E-16,0.999624986012119));
#6903=DIRECTION('',(-0.71127739045505,0.702709818351388,0.016834043483816));
#6904=DIRECTION('',(0.00156188973608689,0.0255289919355673,-0.999672862025976));
#6905=DIRECTION('',(-0.427603048761516,0.903688794254686,0.0224097262002379));
#6906=DIRECTION('',(0.999981275478246,0.00587506269198133,0.00171240511142335));
#6907=DIRECTION('',(-0.999981275478246,-0.00587506269196916,-0.00171240511132602));
#6908=DIRECTION('',(-0.00591685671161091,0.999656818217701,0.0255193377170274));
#6909=DIRECTION('',(-0.00591685671214488,0.999656818217631,0.025519337719662));
#6910=DIRECTION('',(0.0523193683814978,-0.0251753606137884,0.998313019503465));
#6911=DIRECTION('',(-0.00591685671214488,0.999656818217631,0.025519337719662));
#6912=DIRECTION('',(0.0523193683814978,-0.0251753606137884,0.998313019503465));
#6913=DIRECTION('',(-0.00591685671214488,0.999656818217631,0.025519337719662));
#6914=DIRECTION('',(0.0523193683814978,-0.0251753606137884,0.998313019503465));
#6915=DIRECTION('',(0.00156188973673604,0.0255289919357442,-0.999672862025971));
#6916=DIRECTION('',(-0.427603048759736,0.90368879425553,0.0224097262001447));
#6917=DIRECTION('',(0.999981275478266,0.00587506269020206,0.00171240510603523));
#6918=DIRECTION('',(0.999981275478246,0.00587506268863408,0.00171240512303479));
#6919=DIRECTION('',(-0.999981275478134,-0.00587506270762471,-0.00171240512303461));
#6920=DIRECTION('',(-0.999981275478241,-0.00587506268999428,-0.00171240512139609));
#6921=DIRECTION('',(0.364654049828164,0.930824882775754,0.0243405330554406));
#6922=DIRECTION('',(-0.0666013981237786,-2.07270810356316E-8,0.997779661933413));
#6923=DIRECTION('',(0.00156188973582979,0.0255289919360882,-0.999672862025964));
#6924=DIRECTION('',(-0.931141763883101,0.364572774865868,0.0078554044624306));
#6925=DIRECTION('',(0.00156188973582609,0.0255289919360885,-0.999672862025963));
#6926=DIRECTION('',(-0.616630017187215,-0.786971329698183,-0.02106058253632));
#6927=DIRECTION('',(0.787011667690822,-0.61555782901548,-0.0412455337734982));
#6928=DIRECTION('',(0.78725153693535,-0.616461188398038,-0.0145127802921775));
#6929=DIRECTION('',(-0.00591685671168931,0.999656818217682,0.0255193377177592));
#6930=DIRECTION('',(-0.974158338826802,-8.0492672403611E-17,-0.225866179172989));
#6931=DIRECTION('',(0.00156188973623764,0.0255289919362852,-0.999672862025958));
#6932=DIRECTION('',(-0.999981275478235,-0.00587506269329565,-0.00171240511278938));
#6933=DIRECTION('',(0.973552980899169,0.0115870293013227,-0.228167338009435));
#6934=DIRECTION('',(0.00342064429570999,0.997861791448576,0.0652697813665749));
#6935=DIRECTION('',(-0.228384728448685,0.0234943938598221,-0.973287434044322));
#6936=DIRECTION('',(0.228384728448747,-0.0234943938598305,0.973287434044307));
#6937=DIRECTION('',(0.00156188973469953,0.0255289919350737,-0.99967286202599));
#6938=DIRECTION('',(-0.427603048763739,0.903688794253631,0.0224097262003544));
#6939=DIRECTION('',(0.999981275478369,0.00587506267284413,0.00171240510511808));
#6940=DIRECTION('',(-0.999981275478266,-0.00587506269020214,-0.00171240510603602));
#6941=DIRECTION('',(0.999981275478248,0.00587506269162283,0.00171240511180068));
#6942=DIRECTION('',(0.00565595372674098,-0.994143272600623,0.107922026159462));
#6943=DIRECTION('',(0.00156188973646003,0.0255289919356387,-0.999672862025973));
#6944=DIRECTION('',(-0.00156188973545475,-0.0255289919366609,0.999672862025949));
#6945=DIRECTION('',(-0.00591685671229232,0.999656818217694,0.0255193377171606));
#6946=DIRECTION('',(0.00156188973809481,0.0255289919342147,-0.999672862026007));
#6947=DIRECTION('',(0.761512647172228,0.647907351322174,0.0177356223299387));
#6948=DIRECTION('',(0.0521305874731025,-0.0885001867424903,0.994711073023847));
#6949=DIRECTION('',(0.00156188973583025,0.0255289919360967,-0.999672862025963));
#6950=DIRECTION('',(-0.648148168778378,0.761291228558501,0.0184286903800298));
#6951=DIRECTION('',(0.485143210321182,0.874130044809784,0.0230809497227335));
#6952=DIRECTION('',(-0.0475217882311293,-1.27602297861794E-16,0.998870201599445));
#6953=DIRECTION('',(0.00156188973622726,0.0255289919362916,-0.999672862025957));
#6954=DIRECTION('',(-0.427603048770521,0.903688794250412,0.0224097262007099));
#6955=DIRECTION('',(-0.999981275478254,-0.00587506269092565,-0.00171240511042189));
#6956=DIRECTION('',(-0.252678985193753,0.967244821602844,0.02430607997884));
#6957=DIRECTION('',(0.0957515323012719,-1.11271431735343E-16,0.995405266241825));
#6958=DIRECTION('',(0.00156188973582985,0.0255289919360924,-0.999672862025963));
#6959=DIRECTION('',(0.952645973861405,0.303940917265865,0.0092502593066249));
#6960=DIRECTION('',(0.051373919502796,-0.190855958144379,0.980272780217686));
#6961=DIRECTION('',(0.00156188973633748,0.0255289919363303,-0.999672862025956));
#6962=DIRECTION('',(-0.304077636440944,0.952348775073872,0.023845369189547));
#6963=DIRECTION('',(0.999998779454016,1.10830828267356E-16,0.00156239895004885));
#6964=DIRECTION('',(1.110223024625E-16,-1.,-1.224646799147E-16));
#6965=DIRECTION('',(0.00156188973583025,0.0255289919360926,-0.999672862025963));
#6966=DIRECTION('',(-0.00591685671181741,0.999656818217691,0.0255193377173759));
#6967=DIRECTION('',(-0.97415833882498,-8.04926724024461E-17,-0.225866179180848));
#6968=DIRECTION('',(-0.231424828464804,-0.0261958544171579,0.972500039064981));
#6969=DIRECTION('',(0.485212964979475,-0.874130044809746,-0.0215648644034391));
#6970=DIRECTION('',(-0.0523354463130949,-0.00441437337930203,-0.998619804713925));
#6971=DIRECTION('',(0.00156188973583025,0.0255289919360926,-0.999672862025963));
#6972=DIRECTION('',(-0.999998779454007,-1.10830828266675E-16,-0.00156239895560109));
#6973=DIRECTION('',(1.110223024625E-16,-1.,-1.224646799147E-16));
#6974=DIRECTION('',(0.00156188974530347,0.0255289919360752,-0.999672862025948));
#6975=DIRECTION('',(3.98864716712871E-5,-0.999674082174195,-0.0255289607749774));
#6976=DIRECTION('',(0.00156188973582569,0.0255289919360882,-0.999672862025963));
#6977=DIRECTION('',(-3.98864701940435E-5,0.999674082174149,0.0255289607767881));
#6978=DIRECTION('',(-0.999998779454016,-1.1083082826737E-16,-0.00156239894993808));
#6979=DIRECTION('',(0.999981275478251,0.00587506269130298,0.00171240511109076));
#6980=DIRECTION('',(0.00565595372650997,-0.994143272601103,0.107922026155054));
#6981=DIRECTION('',(-0.00591685671171296,0.999656818217699,0.0255193377171159));
#6982=DIRECTION('',(-0.00156188973475177,-0.0255289919318485,0.999672862026073));
#6983=DIRECTION('',(-0.00591685671172325,0.999656818217697,0.025519337717162));
#6984=DIRECTION('',(-0.842942667217417,0.537860056650396,0.0124185041136694));
#6985=DIRECTION('',(0.0147307233704994,-2.64166620358279E-9,0.999891497008041));
#6986=DIRECTION('',(0.00156188973583019,0.0255289919360885,-0.999672862025964));
#6987=DIRECTION('',(-0.538001134083934,-0.842647512332192,-0.0223595546639236));
#6988=DIRECTION('',(0.00156188973633698,0.0255289919363382,-0.999672862025956));
#6989=DIRECTION('',(-0.364728570136585,0.930824788232435,0.0232009426137029));
#6990=DIRECTION('',(0.0634832728881042,2.07270800689186E-8,0.99798290269093));
#6991=DIRECTION('',(0.00156188973634108,0.02552899193633,-0.999672862025956));
#6992=DIRECTION('',(-0.931112576774801,-0.364573016254749,-0.0107649984071207));
#6993=DIRECTION('',(0.999998779454022,1.10830828267864E-16,0.00156239894590523));
#6994=DIRECTION('',(1.110223024625E-16,-1.,-1.224646799147E-16));
#6995=DIRECTION('',(0.00156188973582985,0.0255289919360924,-0.999672862025963));
#6996=DIRECTION('',(0.972834795623857,-0.000151664970964284,0.231500404797109));
#6997=DIRECTION('',(-2.81375534693847E-5,-0.999999855475201,-0.000536896503810099));
#6998=DIRECTION('',(0.23142482846512,0.0261958544160549,-0.972500039064936));
#6999=DIRECTION('',(0.999981275478251,0.0058750626912802,0.00171240511092903));
#7000=DIRECTION('',(0.005655953726505,-0.994143272601114,0.107922026154959));
#7001=DIRECTION('',(0.00591685671170723,-0.999656818217699,-0.0255193377170928));
#7002=DIRECTION('',(-0.00156188973446241,-0.0255289919370297,0.999672862025941));
#7003=DIRECTION('',(-0.0059168567116598,0.999656818217676,0.0255193377179946));
#7004=DIRECTION('',(0.999981275478248,0.00587506269161591,0.00171240511170496));
#7005=DIRECTION('',(0.00565595372674429,-0.994143272600616,0.107922026159525));
#7006=DIRECTION('',(0.0015618897364436,0.0255289919356311,-0.999672862025974));
#7007=DIRECTION('',(-0.00156188973809461,-0.0255289919342147,0.999672862026007));
#7008=DIRECTION('',(-0.00591685671159799,0.999656818217697,0.0255193377172059));
#7009=DIRECTION('',(0.00156188973559018,0.0255289919342182,-0.999672862026011));
#7010=DIRECTION('',(-0.00416794916630923,0.448979314864661,0.893532429754739));
#7011=DIRECTION('',(0.999981275478247,0.0058750626918826,0.00171240511132438));
#7012=DIRECTION('',(0.00591685671205402,-0.99965681821768,-0.025519337717775));
#7013=DIRECTION('',(-0.462866341680445,-0.886120430658777,-0.0233523469583685));
#7014=DIRECTION('',(0.885907904994102,-0.461531777530697,-0.0464284632344878));
#7015=DIRECTION('',(0.00156188973634197,0.0255289919363386,-0.999672862025956));
#7016=DIRECTION('',(0.886426708899139,-0.462751394303457,-0.0104324886985682));
#7017=DIRECTION('',(0.00156188973634108,0.02552899193633,-0.999672862025956));
#7018=DIRECTION('',(-0.00591685671143615,0.9996568182177,0.0255193377171348));
#7019=DIRECTION('',(-0.974158338827713,-8.0492672404193E-17,-0.225866179169061));
#7020=DIRECTION('',(-0.00156188974006419,-0.0255289919371557,0.999672862025929));
#7021=DIRECTION('',(-0.999981275478254,-0.00587506269051493,-0.00171240511219813));
#7022=DIRECTION('',(-0.999981275478254,-0.00587506269051493,-0.00171240511219813));
#7023=DIRECTION('',(-0.0059168567131944,0.999656818217679,0.0255193377175216));
#7024=DIRECTION('',(-0.974158338813698,-8.04926723952346E-17,-0.225866179229507));
#7025=DIRECTION('',(0.00156188973809466,0.0255289919367214,-0.999672862025943));
#7026=DIRECTION('',(0.999981275478247,0.00587506269214523,0.00171240511050525));
#7027=DIRECTION('',(3.98864686458878E-5,-0.999674082174094,-0.0255289607789207));
#7028=DIRECTION('',(0.998628588866506,0.0013763616574316,-0.0523359066710246));
#7029=DIRECTION('',(0.00156188973633698,0.02552899193633,-0.999672862025956));
#7030=DIRECTION('',(0.999998779454012,1.10830828267086E-16,0.00156239895224926));
#7031=DIRECTION('',(0.00156188973634108,0.02552899193633,-0.999672862025956));
#7032=DIRECTION('',(0.192222114823789,-0.981039222945372,-0.024752810252809));
#7033=DIRECTION('',(-0.0523301105202459,0.0149404056026856,-0.998518073854132));
#7034=DIRECTION('',(0.981350202057521,0.192120570496687,0.00643951191394478));
#7035=DIRECTION('',(0.00156188973582985,0.0255289919360965,-0.999672862025963));
#7036=DIRECTION('',(-0.1921438289272,-0.981039222945123,-0.0253533439298366));
#7037=DIRECTION('',(0.980308295581305,-0.190672948506206,-0.0513757951026201));
#7038=DIRECTION('',(0.981365533074804,-0.192120570507959,-0.00337296316339583));
#7039=DIRECTION('',(0.00156188973622786,0.0255289919362919,-0.999672862025957));
#7040=DIRECTION('',(-0.42760304877052,0.903688794250413,0.0224097262007098));
#7041=DIRECTION('',(-0.00591685671237735,0.999656818217649,0.0255193377189024));
#7042=DIRECTION('',(-0.999981275478253,-0.00587506269092515,-0.00171240511042099));
#7043=DIRECTION('',(-0.0059168567117127,0.999656818217679,0.0255193377178736));
#7044=DIRECTION('',(-0.974158338826828,-8.04926724036278E-17,-0.225866179172875));
#7045=DIRECTION('',(-0.999981275478238,-0.00587506269009538,-0.00171240512234252));
#7046=DIRECTION('',(-0.00591685671161854,0.999656818217708,0.0255193377167644));
#7047=DIRECTION('',(-0.97415833882546,-8.04926724027526E-17,-0.22586617917878));
#7048=DIRECTION('',(-0.99998127547824,-0.0058750626899942,-0.00171240512138042));
#7049=DIRECTION('',(-0.842899659282177,-0.537860193317833,-0.0150524691029044));
#7050=DIRECTION('',(0.538065035541341,-0.84243150729484,-0.0281988128267742));
#7051=DIRECTION('',(0.538068513189311,-0.84264742509046,-0.0206783002846473));
#7052=DIRECTION('',(0.00156188973634158,0.0255289919363384,-0.999672862025956));
#7053=DIRECTION('',(0.761564349502045,-0.647907351316686,-0.0153559655288684));
#7054=DIRECTION('',(-0.0522984998496318,-0.0378213399185403,-0.997915033036503));
#7055=DIRECTION('',(0.00156188974581524,0.0255289919363254,-0.999672862025941));
#7056=DIRECTION('',(0.648087418549179,0.761291228549968,0.0204539299681582));
#7057=DIRECTION('',(0.00156188973634197,0.0255289919363386,-0.999672862025956));
#7058=DIRECTION('',(0.61663001718668,0.786971329698553,0.0210605825381527));
#7059=DIRECTION('',(-0.0341344314956548,7.0977490197852E-9,0.999417250494741));
#7060=DIRECTION('',(-0.787251536935743,0.616461188397547,0.0145127802916905));
#7061=DIRECTION('',(0.999981275478251,0.00587506269152735,0.00171240511003318));
#7062=DIRECTION('',(0.00565595372683268,-0.994143272600433,0.107922026161212));
#7063=DIRECTION('',(-0.00156188973474686,-0.025528991937163,0.999672862025938));
#7064=DIRECTION('',(0.00591685671171257,-0.999656818217699,-0.0255193377171159));
#7065=DIRECTION('',(0.00591685671171791,-0.999656818217698,-0.025519337717139));
#7066=DIRECTION('',(0.999981275478247,0.00587506269163031,0.001712405111789));
#7067=DIRECTION('',(0.0056559537267493,-0.994143272600606,0.107922026159621));
#7068=DIRECTION('',(0.00156188973677989,0.0255289919356459,-0.999672862025973));
#7069=DIRECTION('',(-0.00156188973795938,-0.0255289919366575,0.999672862025945));
#7070=DIRECTION('',(-0.00591685671137409,0.999656818217699,0.0255193377171595));
#7071=DIRECTION('',(0.00156188973572537,0.0255289919342821,-0.999672862026009));
#7072=DIRECTION('',(0.999981275478246,0.00587506269198228,0.00171240511137357));
#7073=DIRECTION('',(0.00591685671215425,-0.999656818217688,-0.0255193377174094));
#7074=DIRECTION('',(-0.00591685671138741,0.999656818217699,0.0255193377171763));
#7075=DIRECTION('',(-0.974158338828203,-8.04926724045064E-17,-0.225866179166947));
#7076=DIRECTION('',(0.99998127547824,0.00587506269291897,0.0017124051119351));
#7077=DIRECTION('',(0.999981275478254,0.00587506269049856,0.00171240511206674));
#7078=DIRECTION('',(0.00156188973637463,0.0255289919355028,-0.999672862025977));
#7079=DIRECTION('',(-0.42760304875877,0.903688794255988,0.0224097262000941));
#7080=DIRECTION('',(-0.999981275478243,-0.00587506269213049,-0.0017124051129271));
#7081=DIRECTION('',(-0.00591685671137449,0.999656818217699,0.0255193377171596));
#7082=DIRECTION('',(0.999981275478227,0.00587506269470961,0.0017124051130657));
#7083=DIRECTION('',(-0.00591685671320617,0.999656818217678,0.0255193377175723));
#7084=DIRECTION('',(-0.974158338813698,-8.04926723952345E-17,-0.225866179229508));
#7085=DIRECTION('',(-0.00156188973559003,-0.0255289919367248,0.999672862025947));
#7086=DIRECTION('',(-0.00591685671323184,0.999656818217679,0.0255193377175139));
#7087=DIRECTION('',(-0.974158338813368,-8.04926723950239E-17,-0.225866179230928));
#7088=DIRECTION('',(0.00156188973782434,0.0255289919340869,-0.999672862026011));
#7089=DIRECTION('',(0.00156188973426869,0.025528991934534,-0.999672862026005));
#7090=DIRECTION('',(-0.42760304875914,0.903688794255812,0.0224097262001134));
#7091=DIRECTION('',(-0.99998127547827,-0.00587506268999967,-0.00171240510417064));
#7092=DIRECTION('',(0.19214382891566,0.981039222947478,0.0253533439261423));
#7093=DIRECTION('',(-0.130815933545391,-1.35935787031428E-16,0.991406673131993));
#7094=DIRECTION('',(-0.981365533074773,0.192120570507981,0.0033729631713451));
#7095=DIRECTION('',(0.00156188973582569,0.0255289919360882,-0.999672862025963));
#7096=DIRECTION('',(-0.154738960613612,-0.987627198122604,-0.0254631419254076));
#7097=DIRECTION('',(0.986828461756762,-0.153280429511605,-0.0517174728261298));
#7098=DIRECTION('',(0.987954156105806,-0.154728110249876,-0.00240776489034104));
#7099=DIRECTION('',(-0.00591685671159287,0.999656818217692,0.0255193377173958));
#7100=DIRECTION('',(-0.974158338826905,-8.04926724036765E-17,-0.225866179172547));
#7101=DIRECTION('',(0.0015618897369162,0.0255289919354416,-0.999672862025978));
#7102=DIRECTION('',(0.00591685671993917,-0.999656818217474,-0.0255193377240127));
#7103=DIRECTION('',(-0.817552756605967,-0.0195309956410487,0.575522397805032));
#7104=DIRECTION('',(0.49993154880787,-0.865802235976531,-0.0213291979362369));
#7105=DIRECTION('',(-0.0523351302312999,-0.00561831752603014,-0.99861377351399));
#7106=DIRECTION('',(0.00156188973583025,0.0255289919360926,-0.999672862025963));
#7107=DIRECTION('',(0.999981275478247,0.00587506269190652,0.00171240511132558));
#7108=DIRECTION('',(0.00171243466508765,1.22654618794231E-16,-0.999998533782684));
#7109=DIRECTION('',(-0.999981275478247,-0.00587506269214634,-0.00171240511050515));
#7110=DIRECTION('',(-0.999981275478258,-0.00587506269023146,-0.0017124051102351));
#7111=DIRECTION('',(-0.00591685671036626,0.999656818217857,0.0255193377112338));
#7112=DIRECTION('',(0.999981275478246,0.00587506269166023,0.00171240511202437));
#7113=DIRECTION('',(0.00565595372675348,-0.994143272600597,0.107922026159701));
#7114=DIRECTION('',(0.00156188973646013,0.0255289919356386,-0.999672862025973));
#7115=DIRECTION('',(0.0059168567105982,-0.999656818217697,-0.025519337717433));
#7116=DIRECTION('',(0.998603313618252,0.00724662350024644,-0.0523345820513927));
#7117=DIRECTION('',(-0.761564349500467,0.647907351318705,0.0153559655219476));
#7118=DIRECTION('',(0.0201596159340416,-1.20201624965736E-16,0.999796774292351));
#7119=DIRECTION('',(0.00156188973582985,0.0255289919360965,-0.999672862025963));
#7120=DIRECTION('',(-0.64808741853657,-0.761291228560548,-0.0204539299738969));
#7121=DIRECTION('',(0.00156188974581517,0.0255289919268357,-0.999672862026183));
#7122=DIRECTION('',(-3.98864702065239E-5,0.999674082174149,0.0255289607767883));
#7123=DIRECTION('',(-0.999998779454015,-1.1083082826731E-16,-0.00156239895042677));
#7124=DIRECTION('',(0.00156188973582159,0.0255289919360965,-0.999672862025963));
#7125=DIRECTION('',(0.00156188973582659,0.0255289919360969,-0.999672862025963));
#7126=DIRECTION('',(-0.999998779454016,-1.10830828267356E-16,-0.00156239895005284));
#7127=DIRECTION('',(1.110223024625E-16,-1.,-1.224646799147E-16));
#7128=DIRECTION('',(-0.00591685671171716,0.999656818217683,0.0255193377177069));
#7129=DIRECTION('',(-0.974158338826467,-8.04926724033964E-17,-0.225866179174436));
#7130=DIRECTION('',(-0.999981275478235,-0.00587506269329513,-0.00171240511278828));
#7131=DIRECTION('',(-0.15481779338863,0.987627194807838,0.0249794901124002));
#7132=DIRECTION('',(0.159287467182158,-2.41831964212715E-8,0.98723224359757));
#7133=DIRECTION('',(-0.987941805649299,-0.154728131403745,-0.00549490697915799));
#7134=DIRECTION('',(0.00156188973582656,0.0255289919266154,-0.999672862026205));
#7135=DIRECTION('',(0.154738960617573,0.987627198121884,0.0254631419292838));
#7136=DIRECTION('',(-0.162371673124418,-1.3846956158372E-8,0.986729669041515));
#7137=DIRECTION('',(0.00156188973582606,0.0255289919266153,-0.999672862026205));
#7138=DIRECTION('',(-0.987954156105068,0.154728110254415,0.0024077649012661));
#7139=DIRECTION('',(-0.00591685671167414,0.999656818217684,0.0255193377176936));
#7140=DIRECTION('',(-0.974158338826802,-8.04926724036108E-17,-0.22586617917299));
#7141=DIRECTION('',(-0.99998127547824,-0.00587506269329692,-0.00171240511041992));
#7142=DIRECTION('',(-0.968926413636533,0.247302546694935,0.00480159928013718));
#7143=DIRECTION('',(0.00495552656002605,1.03004479328584E-9,0.999987721302873));
#7144=DIRECTION('',(-0.247344224635401,-0.968601941442497,-0.0251219739140465));
#7145=DIRECTION('',(-3.98864701732298E-5,0.999674082174149,0.0255289607767801));
#7146=DIRECTION('',(-0.999998779454017,-1.1083082826747E-16,-0.00156239894912319));
#7147=DIRECTION('',(-0.999998779454016,-1.1083082826745E-16,-0.00156239894928345));
#7148=DIRECTION('',(0.00156188973583074,0.0255289919360886,-0.999672862025963));
#7149=DIRECTION('',(0.0059168567123632,-0.999656818217692,-0.0255193377172152));
#7150=DIRECTION('',(0.998603313618239,0.00724662350199813,-0.052334582051392));
#7151=DIRECTION('',(0.00156188973646013,0.0255289919356388,-0.999672862025973));
#7152=DIRECTION('',(-0.00591685671162712,0.999656818217702,0.0255193377169866));
#7153=DIRECTION('',(-0.974158338825821,-8.04926724029831E-17,-0.225866179177225));
#7154=DIRECTION('',(0.702909691445956,0.711018411690298,0.0192557500180305));
#7155=DIRECTION('',(-0.0273840709221556,-1.25458996551316E-16,0.99962498601212));
#7156=DIRECTION('',(0.00156188973616122,0.0255289919353011,-0.999672862025983));
#7157=DIRECTION('',(-0.711277390453949,0.702709818352504,0.0168340434837258));
#7158=DIRECTION('',(-0.999998779454014,-1.10830828267214E-16,-0.00156239895120811));
#7159=DIRECTION('',(1.110223024625E-16,-1.,-1.224646799147E-16));
#7160=DIRECTION('',(0.00156188973582569,0.0255289919360882,-0.999672862025963));
#7161=DIRECTION('',(3.98864713648562E-5,-0.99967408217416,-0.0255289607763423));
#7162=DIRECTION('',(0.00156188973583019,0.0255289919360885,-0.999672862025964));
#7163=DIRECTION('',(-0.252678985194533,0.967244821602657,0.0243060799781663));
#7164=DIRECTION('',(0.0957516884963485,4.11820832026389E-8,0.995405251216859));
#7165=DIRECTION('',(-0.967548908814169,-0.25255836087454,-0.00796136953512364));
#7166=DIRECTION('',(-0.00591685671183293,0.999656818217688,0.0255193377175115));
#7167=DIRECTION('',(-0.974158338825114,-8.04926724025317E-17,-0.225866179180271));
#7168=DIRECTION('',(0.999981275478247,0.00587506269161709,0.00171240511171588));
#7169=DIRECTION('',(0.00565595372674428,-0.994143272600616,0.107922026159525));
#7170=DIRECTION('',(0.00416794916436682,-0.448979314864704,-0.893532429754726));
#7171=DIRECTION('',(-0.00156188973559003,-0.0255289919367248,0.999672862025947));
#7172=DIRECTION('',(-0.00591685671159842,0.999656818217697,0.0255193377172059));
#7173=DIRECTION('',(0.00156188973558993,0.025528991936727,-0.999672862025947));
#7174=DIRECTION('',(0.00156188973677998,0.0255289919356461,-0.999672862025973));
#7175=DIRECTION('',(-0.999981275478246,-0.00587506269199921,-0.00171240511121087));
#7176=DIRECTION('',(-0.00591685671217066,0.999656818217648,0.0255193377189939));
#7177=DIRECTION('',(0.00591685671059971,-0.999656818217697,-0.0255193377174333));
#7178=DIRECTION('',(0.998603313618252,0.00724662350024797,-0.0523345820513927));
#7179=DIRECTION('',(-0.999981275478258,-0.00587506268956419,-0.0017124051129271));
#7180=DIRECTION('',(0.96890667395992,0.247302567026241,0.00782927187904089));
#7181=DIRECTION('',(0.0509291374202665,-0.230300711103803,0.971785884558276));
#7182=DIRECTION('',(-0.24742153837868,0.968601936254409,0.024348951323138));
#7183=DIRECTION('',(0.00156188973634108,0.02552899193633,-0.999672862025956));
#7184=DIRECTION('',(0.154817793394974,-0.987627194806863,-0.024979490111651));
#7185=DIRECTION('',(-0.0523283504688775,0.0170512419115041,-0.998484350847063));
#7186=DIRECTION('',(0.00156188973634158,0.0255289919363384,-0.999672862025956));
#7187=DIRECTION('',(0.987941805649381,0.154728131403208,0.00549490697948054));
#7188=DIRECTION('',(-0.00591685671168513,0.999656818217693,0.025519337717327));
#7189=DIRECTION('',(-0.974158338825996,-8.04926724030955E-17,-0.225866179176467));
#7190=DIRECTION('',(0.00156188973642067,0.0255289919354309,-0.999672862025979));
#7191=DIRECTION('',(-0.0059168567115734,0.999656818217693,0.0255193377173567));
#7192=DIRECTION('',(-0.974158338826993,-8.04926724037324E-17,-0.22586617917217));
#7193=DIRECTION('',(0.00156188973642074,0.0255289919357014,-0.999672862025972));
#7194=DIRECTION('',(0.00156188973632589,0.0255289919356014,-0.999672862025974));
#7195=DIRECTION('',(-0.427603048760436,0.903688794255198,0.0224097262001814));
#7196=DIRECTION('',(0.999981275478247,0.00587506269166633,0.00171240511154385));
#7197=DIRECTION('',(0.999981275478246,0.00587506269208269,0.00171240511120608));
#7198=DIRECTION('',(0.00591685671174577,-0.999656818217692,-0.0255193377173481));
#7199=DIRECTION('',(-0.999981275478245,-0.00587506269210544,-0.00171240511140817));
#7200=DIRECTION('',(0.00591685671171257,-0.999656818217699,-0.0255193377171159));
#7201=DIRECTION('',(0.99998127547824,0.00587506269293325,0.00171240511206667));
#7202=DIRECTION('',(-0.999981275478258,-0.00587506269048611,-0.00171240510950722));
#7203=DIRECTION('',(-0.952645973860842,-0.303940917267649,-0.00925025930588583));
#7204=DIRECTION('',(0.304055759773964,-0.952520957315034,-0.0159348932825933));
#7205=DIRECTION('',(0.304077636446336,-0.952348775072114,-0.0238453691910008));
#7206=DIRECTION('',(0.00156188973634158,0.0255289919363384,-0.999672862025956));
#7207=DIRECTION('',(0.364728570131929,-0.930824788234331,-0.0232009426108454));
#7208=DIRECTION('',(-0.0523354478379475,0.00438395161052763,-0.998619938649273));
#7209=DIRECTION('',(0.00156188973634158,0.0255289919363303,-0.999672862025956));
#7210=DIRECTION('',(0.93111257677533,0.364573016253477,0.0107649984044468));
#7211=DIRECTION('',(-0.252602260398204,-0.967244701447221,-0.0250955287649811));
#7212=DIRECTION('',(0.966627661818634,-0.251126754084027,-0.050658827367614));
#7213=DIRECTION('',(0.999981275478247,0.00587506269188106,0.00171240511132168));
#7214=DIRECTION('',(0.00171243466508376,1.22654618794231E-16,-0.999998533782683));
#7215=DIRECTION('',(-0.95267022802601,0.303940917268836,0.00627339163838164));
#7216=DIRECTION('',(0.00658491830816482,-1.21730951989224E-16,0.999978319190408));
#7217=DIRECTION('',(-0.304001640016348,-0.95234877507212,-0.024795432764984));
#7218=DIRECTION('',(-0.462866341674664,-0.886120430661841,-0.0233523469566859));
#7219=DIRECTION('',(0.885907904360903,-0.461531776641236,-0.046428484158515));
#7220=DIRECTION('',(0.886426708900606,-0.462751394300863,-0.0104324886890637));
#7221=DIRECTION('',(0.00156188973634108,0.0255289919363382,-0.999672862025956));
#7222=DIRECTION('',(-0.192143828916565,-0.981039222947426,-0.0253533439213182));
#7223=DIRECTION('',(0.980308296235263,-0.190672948992812,-0.0513757808184061));
#7224=DIRECTION('',(0.981365533074429,-0.192120570509939,-0.00337296315988226));
#7225=DIRECTION('',(-0.999998779454016,-1.10830828267383E-16,-0.00156239894982852));
#7226=DIRECTION('',(1.110223024625E-16,-1.,-1.224646799147E-16));
#7227=DIRECTION('',(0.00156188973634108,0.0255289919363341,-0.999672862025956));
#7228=DIRECTION('',(0.00156188973634108,0.0255289919363341,-0.999672862025956));
#7229=DIRECTION('',(-0.252678985194691,0.96724482160262,0.0243060799779949));
#7230=DIRECTION('',(0.0957513567715529,-4.62779874938495E-8,0.995405283126629));
#7231=DIRECTION('',(0.257700990477381,-0.965919995832104,-0.02426440105763));
#7232=DIRECTION('',(-0.052332718896013,0.0111225103786011,-0.99856776249578));
#7233=DIRECTION('',(-0.999998779454015,-1.10830828267295E-16,-0.00156239895054768));
#7234=DIRECTION('',(1.110223024625E-16,-1.,-1.224646799147E-16));
#7235=DIRECTION('',(-0.968906673959432,-0.247302567028147,-0.00782927187935208));
#7236=DIRECTION('',(0.247387715917775,-0.968829823002121,-0.0129650327676302));
#7237=DIRECTION('',(0.247421538382713,-0.968601936253227,-0.0243489513291937));
#7238=DIRECTION('',(-0.0059168567120332,0.999656818217702,0.0255193377168987));
#7239=DIRECTION('',(-0.974158338822238,-8.04926724006936E-17,-0.225866179192673));
#7240=DIRECTION('',(0.999981275478266,0.00587506269020206,0.00171240510603523));
#7241=DIRECTION('',(-0.00156188973733278,-0.0255289919362414,0.999672862025957));
#7242=DIRECTION('',(0.999981275478736,0.00587506260095783,0.00171240513713854));
#7243=DIRECTION('',(-0.616692850123397,0.786971303501731,0.0191336371729779));
#7244=DIRECTION('',(0.0310112816091545,1.38137899787195E-9,0.999519034542593));
#7245=DIRECTION('',(-0.787202317768799,-0.61646122184758,-0.0169727092009569));
#7246=DIRECTION('',(0.999998779454012,1.10830828267127E-16,0.00156239895191279));
#7247=DIRECTION('',(1.110223024625E-16,-1.,-1.224646799147E-16));
#7248=DIRECTION('',(-3.9886471667924E-5,0.9996740821742,0.0255289607747956));
#7249=DIRECTION('',(-0.00591685671224128,0.999656818217674,0.0255193377179317));
#7250=DIRECTION('',(-0.974158338822502,-8.04926724008623E-17,-0.225866179191535));
#7251=DIRECTION('',(-0.999981275478735,-0.00587506260114211,-0.00171240513713859));
#7252=DIRECTION('',(-0.00156188973733278,-0.0255289919362409,0.999672862025957));
#7253=DIRECTION('',(0.999981275478268,0.00587506269010086,0.00171240510510294));
#7254=DIRECTION('',(-0.999981275478254,-0.00587506269092206,-0.00171240511042199));
#7255=DIRECTION('',(0.999998779454012,1.10830828267081E-16,0.0015623989522944));
#7256=DIRECTION('',(1.110223024625E-16,-1.,-1.224646799147E-16));
#7257=DIRECTION('',(-0.00591685671318814,0.999656818217678,0.0255193377175627));
#7258=DIRECTION('',(-0.974158338813831,-8.04926723953193E-17,-0.225866179228935));
#7259=DIRECTION('',(-0.999981275478242,-0.00587506269214331,-0.00171240511306571));
#7260=DIRECTION('',(0.711277390454236,-0.702709818352196,-0.0168340434844457));
#7261=DIRECTION('',(-0.0523138854988478,-0.0290387295285538,-0.998208399870177));
#7262=DIRECTION('',(0.70290969144572,0.711018411690545,0.0192557500175558));
#7263=DIRECTION('',(0.00156188973434914,0.0255289919345721,-0.999672862026004));
#7264=DIRECTION('',(-0.42760304875914,0.903688794255813,0.0224097262001134));
#7265=DIRECTION('',(0.999981275478268,0.00587506269010086,0.00171240510511787));
#7266=DIRECTION('',(-0.462936713517763,0.886120607972833,0.0219058759977761));
#7267=DIRECTION('',(0.0472664869510918,-1.17080168767818E-16,0.998882314995766));
#7268=DIRECTION('',(0.00156188973634158,0.0255289919363384,-0.999672862025956));
#7269=DIRECTION('',(-0.886389959200124,-0.462751054783867,-0.0132023303102872));
#7270=DIRECTION('',(0.999981275478244,0.00587506269185753,0.00171240511302636));
#7271=DIRECTION('',(0.00565595372683771,-0.994143272600422,0.107922026161308));
#7272=DIRECTION('',(-0.00156188973977729,-0.0255289919370201,0.999672862025933));
#7273=DIRECTION('',(0.00591685671262019,-0.999656818217691,-0.0255193377171861));
#7274=DIRECTION('',(0.616692850130826,-0.786971303496063,-0.0191336371666807));
#7275=DIRECTION('',(-0.0523286315858154,-0.0167299009329498,-0.998489771971216));
#7276=DIRECTION('',(0.00156188973583019,0.0255289919360885,-0.999672862025964));
#7277=DIRECTION('',(0.787202317766663,0.616461221850423,0.0169727091967399));
#7278=DIRECTION('',(0.00156188973478976,0.0255289919356119,-0.999672862025977));
#7279=DIRECTION('',(-0.427603048770521,0.903688794250412,0.0224097262007098));
#7280=DIRECTION('',(-0.00156188973662518,-0.0255289919357064,0.999672862025971));
#7281=DIRECTION('',(-0.999998779454015,-1.10830828267326E-16,-0.0015623989502941));
#7282=DIRECTION('',(0.99998127547825,0.00587506269138449,0.00171240511160601));
#7283=DIRECTION('',(0.999981275478245,0.00587506269175338,0.00171240511238781));
#7284=DIRECTION('',(0.00565595372680456,-0.994143272600491,0.107922026160675));
#7285=DIRECTION('',(-0.00591685671192285,0.999656818217691,0.0255193377173573));
#7286=DIRECTION('',(-0.00591685671138745,0.999656818217699,0.0255193377171764));
#7287=DIRECTION('',(-0.974158338828203,-8.04926724045063E-17,-0.225866179166948));
#7288=DIRECTION('',(0.999981275478257,0.00587506269051359,0.001712405109769));
#7289=DIRECTION('',(-0.00591685671319426,0.999656818217679,0.0255193377175208));
#7290=DIRECTION('',(-0.974158338813697,-8.04926723952343E-17,-0.225866179229509));
#7291=DIRECTION('',(-0.999981275478243,-0.00587506269212827,-0.00171240511292719));
#7292=DIRECTION('',(0.999981275478232,0.00587506269469094,0.00171240511036786));
#7293=DIRECTION('',(-0.00591685671138741,0.999656818217699,0.0255193377171763));
#7294=DIRECTION('',(-0.974158338828203,-8.04926724045064E-17,-0.225866179166947));
#7295=DIRECTION('',(0.999981275478239,0.00587506269294646,0.00171240511219921));
#7296=DIRECTION('',(0.499862458697672,0.865802235977912,0.0228912769492293));
#7297=DIRECTION('',(-0.0457472060462976,-1.27415425482815E-16,0.998953048515774));
#7298=DIRECTION('',(-0.499862458698324,-0.865802235977505,-0.022891276950404));
#7299=DIRECTION('',(0.865656407804192,-0.498578787301643,-0.0453671299551298));
#7300=DIRECTION('',(0.842942667217222,-0.537860056650844,-0.0124185041074494));
#7301=DIRECTION('',(-0.0522451754663465,-0.058862347162242,-0.996898021728924));
#7302=DIRECTION('',(0.00156188973583019,0.0255289919360885,-0.999672862025964));
#7303=DIRECTION('',(0.538001134092072,0.842647512327331,0.0223595546513213));
#7304=DIRECTION('',(0.999998779454008,1.10830828266736E-16,0.00156239895510286));
#7305=DIRECTION('',(1.110223024625E-16,-1.,-1.224646799147E-16));
#7306=DIRECTION('',(-3.98864712991651E-5,0.999674082174009,0.0255289607822601));
#7307=DIRECTION('',(0.00156188973583019,0.0255289919360885,-0.999672862025964));
#7308=DIRECTION('',(0.968926413635369,-0.247302546699383,-0.00480159928575119));
#7309=DIRECTION('',(-0.0514566334699247,-0.182542554471737,-0.981850513407655));
#7310=DIRECTION('',(0.247344224637065,0.968601941442086,0.0251219739135121));
#7311=DIRECTION('',(-0.00591685671161408,0.999656818217707,0.0255193377168013));
#7312=DIRECTION('',(-0.974158338825569,-8.04926724028226E-17,-0.225866179178308));
#7313=DIRECTION('',(0.999981275478248,0.00587506269159321,0.0017124051117449));
#7314=DIRECTION('',(0.00565595372671856,-0.99414327260067,0.107922026159034));
#7315=DIRECTION('',(0.00156188973663464,0.0255289919353002,-0.999672862025982));
#7316=DIRECTION('',(-0.00591685671182667,0.999656818217687,0.0255193377175459));
#7317=DIRECTION('',(-0.00591685670611136,0.999656818218382,0.0255193376916438));
#7318=DIRECTION('',(-0.00591685671153563,0.999656818217709,0.0255193377167459));
#7319=DIRECTION('',(-0.0059168567118563,0.999656818217701,0.0255193377169801));
#7320=DIRECTION('',(0.999998779454014,1.10830828267214E-16,0.00156239895120421));
#7321=DIRECTION('',(1.110223024625E-16,-1.,-1.224646799147E-16));
#7322=DIRECTION('',(-3.98864713608215E-5,0.999674082174176,0.0255289607757021));
#7323=DIRECTION('',(0.616692850128472,-0.78697130349786,-0.0191336371686207));
#7324=DIRECTION('',(-0.0523286315858177,-0.0167299009302944,-0.99848977197126));
#7325=DIRECTION('',(0.00156188973583019,0.0255289919360802,-0.999672862025964));
#7326=DIRECTION('',(0.787202317770066,0.616461221845852,0.0169727092049185));
#7327=DIRECTION('',(0.00156188973583019,0.0255289919360885,-0.999672862025964));
#7328=DIRECTION('',(0.761564349498218,-0.647907351321361,-0.0153559655213976));
#7329=DIRECTION('',(-0.0522984998406208,-0.0378213399188626,-0.997915033036963));
#7330=DIRECTION('',(0.00156188973582609,0.0255289919360885,-0.999672862025963));
#7331=DIRECTION('',(0.648087418549172,0.761291228549973,0.0204539299681705));
#7332=DIRECTION('',(-0.192222114822409,0.981039222945781,0.02475281024731));
#7333=DIRECTION('',(0.127717353168998,-1.07282293757287E-16,0.99181060576075));
#7334=DIRECTION('',(-0.98135020205709,-0.192120570499129,-0.00643951190683263));
#7335=DIRECTION('',(-0.99999877945402,-1.10830828267677E-16,-0.00156239894743324));
#7336=DIRECTION('',(1.110223024625E-16,-1.,-1.224646799147E-16));
#7337=DIRECTION('',(0.00156188973634108,0.02552899193633,-0.999672862025956));
#7338=DIRECTION('',(-0.0059168567117842,0.999656818217694,0.0255193377172723));
#7339=DIRECTION('',(-0.974158338825058,-8.04926724024956E-17,-0.225866179180514));
#7340=DIRECTION('',(-0.00591685671187399,0.999656818217702,0.0255193377169278));
#7341=DIRECTION('',(-0.974158338823633,-8.04926724015846E-17,-0.225866179186661));
#7342=DIRECTION('',(0.00156188973633997,0.0255289919363301,-0.999672862025956));
#7343=DIRECTION('',(0.0015618897370707,0.0255289919361462,-0.999672862025959));
#7344=DIRECTION('',(-0.427603048763072,0.903688794253947,0.0224097262003195));
#7345=DIRECTION('',(-0.952670228027161,0.303940917265048,0.00627339164725546));
#7346=DIRECTION('',(0.00658491831747088,-1.21730951988183E-16,0.999978319190347));
#7347=DIRECTION('',(-0.304001640012429,-0.952348775073379,-0.0247954327646752));
#7348=DIRECTION('',(0.842942667224417,-0.537860056639419,-0.0124185041138803));
#7349=DIRECTION('',(-0.0522452026250179,-0.0588623898067645,-0.99689801778763));
#7350=DIRECTION('',(0.538001134094188,0.842647512325935,0.0223595546530384));
#7351=DIRECTION('',(-0.00591685671131197,0.999656818217688,0.0255193377176043));
#7352=DIRECTION('',(0.0523193683815005,-0.025175360611777,0.998313019503516));
#7353=DIRECTION('',(0.842899659280377,0.537860193320697,0.0150524691013976));
#7354=DIRECTION('',(0.0520223981190317,-0.109306161233087,0.992645875028165));
#7355=DIRECTION('',(-0.5380685131928,0.842647425088347,0.0206783002799879));
#7356=DIRECTION('',(0.00156188973477503,0.0255289919342644,-0.999672862026011));
#7357=DIRECTION('',(-0.427603048752172,0.903688794259119,0.0224097261997483));
#7358=DIRECTION('',(0.99998127547827,0.00587506268999975,0.00171240510418636));
#7359=DIRECTION('',(-0.00591685671159809,0.999656818217696,0.02551933771722));
#7360=DIRECTION('',(-0.974158338826519,-8.04926724034296E-17,-0.225866179174213));
#7361=DIRECTION('',(-0.00591685671179908,0.999656818217697,0.0255193377171369));
#7362=DIRECTION('',(-0.974158338824669,-8.04926724022471E-17,-0.225866179182192));
#7363=DIRECTION('',(0.999981275478236,0.0058750626934106,0.00171240511270004));
#7364=DIRECTION('',(0.00171243466646225,1.22654618794384E-16,-0.999998533782682));
#7365=DIRECTION('',(-0.999981275478248,-0.00587506269163661,-0.00171240511149626));
#7366=DIRECTION('',(-0.00591685671183183,0.999656818217371,0.0255193377299332));
#7367=DIRECTION('',(0.192222114814553,-0.981039222947233,-0.024752810250769));
#7368=DIRECTION('',(-0.0523301148135219,0.0149404047545041,-0.998518073641822));
#7369=DIRECTION('',(0.981350202057042,0.192120570499007,0.00643951191774395));
#7370=DIRECTION('',(0.00156188973582985,0.0255289919360965,-0.999672862025963));
#7371=DIRECTION('',(0.462936713521438,-0.88612060797094,-0.0219058759967132));
#7372=DIRECTION('',(-0.0523357826103088,-0.00265469228613758,-0.998626015316762));
#7373=DIRECTION('',(0.88638995919897,0.462751054786114,0.0132023303089713));
#7374=DIRECTION('',(0.00156188973615725,0.0255289919354556,-0.999672862025979));
#7375=DIRECTION('',(-0.427603048759531,0.903688794255627,0.0224097262001339));
#7376=DIRECTION('',(3.98864694041593E-5,-0.999674082174131,-0.0255289607774874));
#7377=DIRECTION('',(0.998628588866505,0.00137636165811399,-0.0523359066710245));
#7378=DIRECTION('',(0.00156188974530387,0.0255289919360754,-0.999672862025948));
#7379=DIRECTION('',(-0.284214300436756,0.958459530954681,0.0240324561661534));
#7380=DIRECTION('',(0.0842568386026152,-1.12674815896981E-16,0.996444070256174));
#7381=DIRECTION('',(-0.00591685671173128,0.999656818217694,0.0255193377172942));
#7382=DIRECTION('',(-0.974158338825544,-8.04926724028069E-17,-0.225866179178414));
#7383=DIRECTION('',(-0.999981275478248,-0.00587506269155382,-0.00171240511163664));
#7384=DIRECTION('',(0.999981275478253,0.00587506269065731,0.00171240511170768));
#7385=DIRECTION('',(-0.00591685671124895,0.999656818217767,0.0255193377145298));
#7386=DIRECTION('',(-0.974158338824212,-8.04926724019553E-17,-0.22586617918416));
#7387=DIRECTION('',(0.999981275478253,0.00587506269092514,0.00171240511042099));
#7388=DIRECTION('',(0.00156188973645068,0.0255289919355628,-0.999672862025976));
#7389=DIRECTION('',(-0.427603048759099,0.903688794255832,0.0224097262001113));
#7390=DIRECTION('',(0.0015618897364409,0.0255289919355848,-0.999672862025975));
#7391=DIRECTION('',(-0.427603048759463,0.903688794255659,0.0224097262001304));
#7392=DIRECTION('',(-0.999981275478247,-0.00587506269214523,-0.00171240511050525));
#7393=DIRECTION('',(-0.00591685671229232,0.999656818217694,0.0255193377171606));
#7394=DIRECTION('',(0.00156188973641099,0.025528991935585,-0.999672862025975));
#7395=DIRECTION('',(-0.42760304875966,0.903688794255566,0.0224097262001407));
#7396=DIRECTION('',(0.00156188973666629,0.0255289919351604,-0.999672862025985));
#7397=DIRECTION('',(-0.427603048752196,0.903688794259108,0.0224097261997495));
#7398=DIRECTION('',(-0.761512647172194,-0.647907351322223,-0.0177356223295928));
#7399=DIRECTION('',(0.648094142342871,-0.760802437932436,-0.0339651747665202));
#7400=DIRECTION('',(0.648148168785255,-0.761291228552633,-0.018428690380588));
#7401=DIRECTION('',(-0.00448072456821251,0.893522836005059,-0.4489953949038));
#7402=DIRECTION('',(-0.999950209063933,-1.12238843168314E-16,0.00997894748943225));
#7403=DIRECTION('',(-0.00591685670857474,0.9996568182177,0.0255193377177827));
#7404=DIRECTION('',(0.0523193683815001,-0.0251753606120979,0.998313019503508));
#7405=DIRECTION('',(0.00156188973602087,0.0255289919353789,-0.999672862025981));
#7406=DIRECTION('',(-0.427603048759365,0.903688794255706,0.0224097262001252));
#7407=DIRECTION('',(0.00591685671149065,-0.999656818217687,-0.0255193377176283));
#7408=DIRECTION('',(0.00156188973666327,0.0255289919356824,-0.999672862025972));
#7409=DIRECTION('',(-0.427603048759361,0.903688794255708,0.022409726200125));
#7410=DIRECTION('',(0.00591685671149048,-0.999656818217687,-0.0255193377176258));
#7411=DIRECTION('',(0.999981275478248,0.00587506269162501,0.00171240511164338));
#7412=DIRECTION('',(0.00565595372675932,-0.994143272600585,0.107922026159812));
#7413=DIRECTION('',(0.00156188973653963,0.0255289919356534,-0.999672862025974));
#7414=DIRECTION('',(-0.427603048759764,0.903688794255517,0.0224097262001461));
#7415=DIRECTION('',(0.999981275478243,0.0058750626925313,0.00171240511138018));
#7416=DIRECTION('',(0.00171243466514233,1.22654618794237E-16,-0.999998533782683));
#7417=DIRECTION('',(-0.00591685671160964,0.999656818217696,0.0255193377172238));
#7418=DIRECTION('',(-0.974158338826429,-8.04926724033723E-17,-0.225866179174599));
#7419=DIRECTION('',(-0.999981275478236,-0.00587506269019283,-0.00171240512327481));
#7420=DIRECTION('',(-0.00591685671161384,0.99965681821768,0.025519337717861));
#7421=DIRECTION('',(-0.974158338827635,-8.0492672404143E-17,-0.225866179169398));
#7422=DIRECTION('',(0.952670228027469,-0.303940917264276,-0.00627339163769217));
#7423=DIRECTION('',(-0.051805776694995,-0.141976570831856,-0.988513436851445));
#7424=DIRECTION('',(0.304001640019637,0.952348775071117,0.0247954327631925));
#7425=DIRECTION('',(0.00156188973528852,0.0255289919351569,-0.999672862025987));
#7426=DIRECTION('',(-0.427603048761064,0.903688794254899,0.0224097262002142));
#7427=DIRECTION('',(-0.00591685671319099,0.99965681821768,0.0255193377175068));
#7428=DIRECTION('',(-0.974158338813698,-8.04926723952346E-17,-0.225866179229507));
#7429=DIRECTION('',(-0.00156188973558993,-0.0255289919367248,0.999672862025947));
#7430=DIRECTION('',(0.154817793396628,-0.987627194806744,-0.0249794901060831));
#7431=DIRECTION('',(-0.0523283467496253,0.0170512424934879,-0.998484351032042));
#7432=DIRECTION('',(0.987941805650188,0.15472813139811,0.00549490697786415));
#7433=DIRECTION('',(0.999981275478247,0.00587506269162152,0.0017124051117887));
#7434=DIRECTION('',(0.00565595372674098,-0.994143272600623,0.107922026159462));
#7435=DIRECTION('',(-3.98864702223182E-5,0.999674082174385,0.0255289607675485));
#7436=DIRECTION('',(-0.999998779454013,-1.10830828267165E-16,-0.00156239895161101));
#7437=DIRECTION('',(-0.999998779454013,-1.10830828267145E-16,-0.00156239895177126));
#7438=DIRECTION('',(-0.00156188973651023,-0.0255289919358856,0.999672862025967));
#7439=DIRECTION('',(-0.999998779454015,-1.1083082826734E-16,-0.00156239895017923));
#7440=DIRECTION('',(-0.00156188973675693,-0.0255289919366587,0.999672862025947));
#7441=DIRECTION('',(-0.999998779454015,-1.1083082826731E-16,-0.00156239895042598));
#7442=DIRECTION('',(-0.967568942526708,0.252558821055067,0.00493795150058952));
#7443=DIRECTION('',(-0.304077636433831,0.952348775076497,0.0238453691753947));
#7444=DIRECTION('',(0.886389959206526,0.46275105477187,0.0132023303009006));
#7445=DIRECTION('',(0.252602260399538,0.967244701446973,0.0250955287611123));
#7446=DIRECTION('',(-0.0988615611774122,6.5254879916123E-8,0.995101196724011));
#7447=DIRECTION('',(0.462936713523842,-0.886120607969617,-0.0219058759993946));
#7448=DIRECTION('',(-0.052335794993369,-0.00265469876902323,-0.998626014650558));
#7449=DIRECTION('',(0.952645973860404,0.303940917268983,0.00925025930728448));
#7450=DIRECTION('',(0.051373919502796,-0.190855958144379,0.980272780217686));
#7451=CARTESIAN_POINT('',(0.,0.,0.));
#7452=CARTESIAN_POINT('',(0.146258456629759,-0.103290876642022,0.00634929711205968));
#7453=CARTESIAN_POINT('',(0.146469272684942,-0.103289638515794,0.00634965810969791));
#7454=CARTESIAN_POINT('',(0.14646894340735,-0.103295020537872,0.00656040914246737));
#7455=CARTESIAN_POINT('',(0.14625937474659,-0.103507006769001,0.00655466814644731));
#7456=CARTESIAN_POINT('',(0.146469272684947,-0.10328963851579,0.00634965810969865));
#7457=CARTESIAN_POINT('',(0.14625937474659,-0.103507006769001,0.00655466814644631));
#7458=CARTESIAN_POINT('',(0.146284946277103,-0.107827333602547,0.00644437841750635));
#7459=CARTESIAN_POINT('',(0.146310517807607,-0.112147660436094,0.00633408868856592));
#7460=CARTESIAN_POINT('',(0.146310847085197,-0.112142278414011,0.00612333765579471));
#7461=CARTESIAN_POINT('',(0.146522910529426,-0.112351787483712,0.00611831867826131));
#7462=CARTESIAN_POINT('',(0.14649609160719,-0.107820712999751,0.0062339883939793));
#7463=CARTESIAN_POINT('',(0.146521663592329,-0.112141039830624,0.00612369866581732));
#7464=CARTESIAN_POINT('',(0.144255061295769,-0.112159736598077,0.00633056884842059));
#7465=CARTESIAN_POINT('',(0.142199604783931,-0.112171812760065,0.00632704900827626));
#7466=CARTESIAN_POINT('',(0.141990365400759,-0.112378416969119,0.00611055697947985));
#7467=CARTESIAN_POINT('',(0.141990036123165,-0.112383798991199,0.00632130801225446));
#7468=CARTESIAN_POINT('',(0.142199604783931,-0.112171812760065,0.00632704900827626));
#7469=CARTESIAN_POINT('',(0.14199036540076,-0.112378416969119,0.0061105569794798));
#7470=CARTESIAN_POINT('',(0.144256637965093,-0.112365102226415,0.00611443782887106));
#7471=CARTESIAN_POINT('',(0.143620528168704,-0.112022394970306,-0.000517687871940167));
#7472=CARTESIAN_POINT('',(0.143683101888305,-0.111804379938229,0.000538925216747233));
#7473=CARTESIAN_POINT('',(0.143733815396063,-0.111825350132937,0.00137213895083196));
#7474=CARTESIAN_POINT('',(0.143631737990769,-0.111783170994295,-0.000303791724866575));
#7475=CARTESIAN_POINT('',(0.143632985382501,-0.111993918644711,-0.000309171711643575));
#7476=CARTESIAN_POINT('',(0.143634232774233,-0.112204666295128,-0.000314551698420576));
#7477=CARTESIAN_POINT('',(0.143685594037997,-0.112225874151537,0.000528122031434505));
#7478=CARTESIAN_POINT('',(0.143736314527211,-0.11224684932706,0.00136153248881949));
#7479=CARTESIAN_POINT('',(0.143736379918067,-0.112246844423506,0.00136135555889751));
#7480=CARTESIAN_POINT('',(0.143735548323579,-0.112106345989785,0.00136494221675292));
#7481=CARTESIAN_POINT('',(0.14373471672909,-0.111965847556064,0.00136852887460832));
#7482=CARTESIAN_POINT('',(0.143733885134602,-0.111825349122343,0.00137211553246373));
#7483=CARTESIAN_POINT('',(0.144674551061712,-0.112173428630896,-0.00126941466873873));
#7484=CARTESIAN_POINT('',(0.14467723952923,-0.111963789259207,-0.00124729729139465));
#7485=CARTESIAN_POINT('',(0.144678486920966,-0.112174536909624,-0.00125267727817133));
#7486=CARTESIAN_POINT('',(0.144675992137502,-0.111753041608791,-0.00124191730461633));
#7487=CARTESIAN_POINT('',(0.144786313221624,-0.111764390559393,-0.00077177148700432));
#7488=CARTESIAN_POINT('',(0.144896634305747,-0.111775739509995,-0.000301625669392305));
#7489=CARTESIAN_POINT('',(0.144897881697478,-0.111986487160411,-0.000307005656176795));
#7490=CARTESIAN_POINT('',(0.14489912908921,-0.112197234810828,-0.000312385642948304));
#7491=CARTESIAN_POINT('',(0.144788808005088,-0.112185885860226,-0.000782531460559819));
#7492=CARTESIAN_POINT('',(0.143419666521114,-0.112164665617879,0.00137324649259775));
#7493=CARTESIAN_POINT('',(0.143102694007327,-0.11204007489826,0.00137593297080674));
#7494=CARTESIAN_POINT('',(0.143103941399059,-0.112250822548676,0.00137055298402874));
#7495=CARTESIAN_POINT('',(0.143101446615595,-0.111829327247843,0.00138131295758471));
#7496=CARTESIAN_POINT('',(0.14341767069434,-0.111827469376768,0.0013818544714531));
#7497=CARTESIAN_POINT('',(0.143420165477804,-0.112248964677602,0.00137109449789808));
#7498=CARTESIAN_POINT('',(0.1426696652153,-0.10492320682501,0.00233754244428528));
#7499=CARTESIAN_POINT('',(0.142399785889577,-0.104945230345616,0.00313768567141033));
#7500=CARTESIAN_POINT('',(0.142426137896139,-0.104945075523027,0.00313773079756581));
#7501=CARTESIAN_POINT('',(0.142373433883015,-0.104945385168206,0.00313764054525485));
#7502=CARTESIAN_POINT('',(0.142455125103357,-0.104944905218178,0.00313778043633745));
#7503=CARTESIAN_POINT('',(0.142484112310575,-0.10494473491333,0.00313783007510909));
#7504=CARTESIAN_POINT('',(0.142484770865764,-0.10493397086917,0.00271632800956431));
#7505=CARTESIAN_POINT('',(0.142485429420953,-0.104923206825011,0.00229482594401959));
#7506=CARTESIAN_POINT('',(0.142219274154676,-0.104924770533165,0.00229437016984709));
#7507=CARTESIAN_POINT('',(0.1419531188884,-0.10492633424132,0.00229391439567359));
#7508=CARTESIAN_POINT('',(0.141952460333211,-0.104937098285479,0.00271541646121834));
#7509=CARTESIAN_POINT('',(0.141951801778022,-0.104947862329639,0.00313691852676309));
#7510=CARTESIAN_POINT('',(0.142162617830518,-0.104946623748922,0.00313727953600897));
#7511=CARTESIAN_POINT('',(0.143836444276179,-0.107953760216563,0.0062399611266943));
#7512=CARTESIAN_POINT('',(0.14382783055071,-0.107955105722084,0.00638455420949224));
#7513=CARTESIAN_POINT('',(0.143827748231311,-0.107956451227604,0.00643724196768514));
#7514=CARTESIAN_POINT('',(0.143827912870109,-0.107953760216563,0.00633186645129929));
#7515=CARTESIAN_POINT('',(0.14429889840069,-0.108085479772816,0.00632923855159055));
#7516=CARTESIAN_POINT('',(0.144769883931271,-0.108217199329069,0.00632661065188177));
#7517=CARTESIAN_POINT('',(0.144769801611873,-0.108218544834588,0.00637929841007467));
#7518=CARTESIAN_POINT('',(0.144769719292474,-0.108219890340108,0.00643198616826757));
#7519=CARTESIAN_POINT('',(0.144298733761893,-0.108088170783855,0.00643461406797636));
#7520=CARTESIAN_POINT('',(0.144039294107199,-0.109267146550101,0.0023709337171818));
#7521=CARTESIAN_POINT('',(0.144046131255826,-0.110396064330858,0.00225147724778881));
#7522=CARTESIAN_POINT('',(0.144046277986582,-0.110393666025648,0.00215756360483363));
#7523=CARTESIAN_POINT('',(0.144045984525071,-0.110398462636069,0.00234539089074392));
#7524=CARTESIAN_POINT('',(0.144043003583285,-0.109840453443304,0.00217168607012464));
#7525=CARTESIAN_POINT('',(0.144039729179989,-0.10928724086096,0.00218580853541565));
#7526=CARTESIAN_POINT('',(0.144039582449233,-0.10928963916617,0.00227972217837081));
#7527=CARTESIAN_POINT('',(0.144039435718477,-0.10929203747138,0.00237363582132598));
#7528=CARTESIAN_POINT('',(0.144042710121774,-0.109845250053724,0.00235951335603496));
#7529=CARTESIAN_POINT('',(0.144748218057488,-0.106389834175208,0.0064976624972243));
#7530=CARTESIAN_POINT('',(0.14476972523134,-0.106304220533304,0.00642818505310311));
#7531=CARTESIAN_POINT('',(0.144769642911942,-0.106305566038826,0.00648087281129602));
#7532=CARTESIAN_POINT('',(0.144769807550738,-0.106302875027788,0.00637549729491026));
#7533=CARTESIAN_POINT('',(0.144758595487822,-0.106346781554913,0.00637435852099135));
#7534=CARTESIAN_POINT('',(0.144747383424906,-0.106390688082038,0.00637321974707244));
#7535=CARTESIAN_POINT('',(0.14474730110889,-0.10639203357431,0.00642590750560878));
#7536=CARTESIAN_POINT('',(0.144747218786109,-0.106393379093078,0.00647859526345825));
#7537=CARTESIAN_POINT('',(0.144758430849025,-0.106349472565951,0.00647973403737716));
#7538=CARTESIAN_POINT('',(0.142897174287737,-0.106710087095266,0.00319946465895779));
#7539=CARTESIAN_POINT('',(0.139771733902033,-0.106779544429698,0.00519562598494839));
#7540=CARTESIAN_POINT('',(0.142433292025951,-0.106763907316065,0.00520018373602646));
#7541=CARTESIAN_POINT('',(0.137110175778114,-0.106795181543331,0.00519106823387132));
#7542=CARTESIAN_POINT('',(0.142434938413924,-0.106736997205666,0.00414642857216532));
#7543=CARTESIAN_POINT('',(0.142436584801895,-0.106710087095267,0.00309267340830423));
#7544=CARTESIAN_POINT('',(0.142199416742836,-0.106711480498572,0.0030922672729029));
#7545=CARTESIAN_POINT('',(0.141962248683774,-0.106712873901292,0.00309186113751576));
#7546=CARTESIAN_POINT('',(0.139537858618917,-0.106727117612205,0.00308770952182439));
#7547=CARTESIAN_POINT('',(0.137113468554056,-0.106741361322532,0.0030835579061472));
#7548=CARTESIAN_POINT('',(0.137111822166086,-0.106768271432931,0.00413731307000923));
#7549=CARTESIAN_POINT('',(0.142469770991689,-0.103334789609951,0.0059890950777714));
#7550=CARTESIAN_POINT('',(0.142496088061291,-0.107800186325795,0.00594115596612235));
#7551=CARTESIAN_POINT('',(0.142519602456402,-0.11177295878683,0.00583973863943573));
#7552=CARTESIAN_POINT('',(0.14247257366618,-0.103827413864761,0.00604257329280997));
#7553=CARTESIAN_POINT('',(0.142475477661924,-0.103779948232458,0.00418389808106158));
#7554=CARTESIAN_POINT('',(0.142478381657667,-0.103732482600156,0.00232522286931319));
#7555=CARTESIAN_POINT('',(0.14248190553931,-0.104327844712583,0.00231002440666636));
#7556=CARTESIAN_POINT('',(0.142484034348593,-0.104931563185179,0.00313816632428228));
#7557=CARTESIAN_POINT('',(0.14248395638661,-0.104918391457028,0.00313850257345652));
#7558=CARTESIAN_POINT('',(0.142481838199085,-0.104953013102192,0.00449422861218254));
#7559=CARTESIAN_POINT('',(0.14247972001156,-0.104987634747357,0.00584995465090852));
#7560=CARTESIAN_POINT('',(0.142496559799942,-0.107832728027981,0.00577732482941201));
#7561=CARTESIAN_POINT('',(0.142513399588322,-0.110677821308606,0.00570469500791455));
#7562=CARTESIAN_POINT('',(0.142515517775845,-0.110643199663442,0.00434896896918763));
#7563=CARTESIAN_POINT('',(0.142517635963373,-0.110608578018278,0.00299324293046149));
#7564=CARTESIAN_POINT('',(0.142517558001387,-0.110595406290126,0.00299357917963484));
#7565=CARTESIAN_POINT('',(0.142517480039406,-0.110582234561975,0.00299391542880898));
#7566=CARTESIAN_POINT('',(0.142518138594595,-0.110571470517815,0.00257241336326426));
#7567=CARTESIAN_POINT('',(0.142518797149783,-0.110560706473656,0.00215091129771954));
#7568=CARTESIAN_POINT('',(0.142522321031425,-0.111156068586083,0.00213571283507278));
#7569=CARTESIAN_POINT('',(0.142525844913068,-0.11175143069851,0.00212051437242599));
#7570=CARTESIAN_POINT('',(0.142525186357879,-0.11176219474267,0.00254201643797071));
#7571=CARTESIAN_POINT('',(0.142524527802691,-0.11177295878683,0.00296351850351543));
#7572=CARTESIAN_POINT('',(0.142522065129547,-0.11177295878683,0.00440162857147559));
#7573=CARTESIAN_POINT('',(0.142482058217721,-0.111319934939213,0.00193648697062728));
#7574=CARTESIAN_POINT('',(0.142202153742349,-0.111321173519929,0.00192010727378228));
#7575=CARTESIAN_POINT('',(0.141991337689853,-0.111322412100646,0.0019197462645354));
#7576=CARTESIAN_POINT('',(0.142412969794845,-0.111319934939212,0.0019204682830362));
#7577=CARTESIAN_POINT('',(0.14241272283665,-0.111323971455772,0.00207853155760939));
#7578=CARTESIAN_POINT('',(0.142412475878454,-0.111328007972332,0.00223659483218258));
#7579=CARTESIAN_POINT('',(0.142201659825958,-0.111329246553048,0.0022362338229337));
#7580=CARTESIAN_POINT('',(0.141990843773462,-0.111330485133766,0.00223587281369183));
#7581=CARTESIAN_POINT('',(0.141991090731657,-0.111326448617206,0.00207780953911364));
#7582=CARTESIAN_POINT('',(0.142146358070901,-0.104038767317928,0.00157877095222307));
#7583=CARTESIAN_POINT('',(0.14249971471183,-0.103613418343416,0.00159018532094689));
#7584=CARTESIAN_POINT('',(0.143052798338039,-0.103610168881593,0.00159113244188979));
#7585=CARTESIAN_POINT('',(0.141946631085622,-0.103616667805238,0.00158923819998444));
#7586=CARTESIAN_POINT('',(0.141945383693889,-0.103405920154821,0.00159461818676196));
#7587=CARTESIAN_POINT('',(0.141944136302157,-0.103195172504405,0.00159999817353949));
#7588=CARTESIAN_POINT('',(0.142497219928366,-0.103191923042583,0.00160094529450239));
#7589=CARTESIAN_POINT('',(0.143050303554575,-0.10318867358076,0.00160189241544525));
#7590=CARTESIAN_POINT('',(0.143051550946294,-0.103399421231176,0.00159651242866096));
#7591=CARTESIAN_POINT('',(0.143368523460105,-0.10352401195063,0.00159382595048368));
#7592=CARTESIAN_POINT('',(0.143685239046768,-0.103606191660529,0.00158197094293291));
#7593=CARTESIAN_POINT('',(0.143684407452281,-0.103465693227024,0.00158555760077915));
#7594=CARTESIAN_POINT('',(0.143683575857793,-0.10332519479352,0.00158914425862539));
#7595=CARTESIAN_POINT('',(0.143682744263306,-0.103184696360015,0.00159273091647162));
#7596=CARTESIAN_POINT('',(0.14368517048566,-0.103606194362958,0.00158206091302249));
#7597=CARTESIAN_POINT('',(0.143682675702462,-0.103184699062206,0.00159282089539079));
#7598=CARTESIAN_POINT('',(0.143369022416797,-0.103608311010519,0.00159167395577994));
#7599=CARTESIAN_POINT('',(0.143366527633332,-0.103186815709685,0.00160243392933416));
#7600=CARTESIAN_POINT('',(0.144737294043021,-0.103073585431013,0.00160018340684487));
#7601=CARTESIAN_POINT('',(0.144793989530076,-0.103578408922575,0.000750723453785135));
#7602=CARTESIAN_POINT('',(0.144740670454355,-0.103599991427806,0.00158380218471391));
#7603=CARTESIAN_POINT('',(0.144847986028199,-0.103556581143745,-9.18061850682249E-5));
#7604=CARTESIAN_POINT('',(0.144846738636468,-0.103345833493328,-8.64261982967428E-5));
#7605=CARTESIAN_POINT('',(0.144845491244736,-0.103135085842912,-8.10462115122262E-5));
#7606=CARTESIAN_POINT('',(0.144791494400556,-0.103156913761632,0.000761488826985814));
#7607=CARTESIAN_POINT('',(0.144738154425771,-0.103178513615813,0.00159524230258683));
#7608=CARTESIAN_POINT('',(0.144738105451605,-0.103178495942145,0.0015945386254143));
#7609=CARTESIAN_POINT('',(0.144738937046093,-0.103318994375555,0.00159095196756223));
#7610=CARTESIAN_POINT('',(0.14473976864058,-0.103459492808966,0.00158736530971015));
#7611=CARTESIAN_POINT('',(0.144740600235067,-0.103599991242376,0.00158377865185808));
#7612=CARTESIAN_POINT('',(0.142806585697041,-0.113681101867347,0.00586767613777672));
#7613=CARTESIAN_POINT('',(0.146472174707999,-0.103718923522699,0.00612781085419672));
#7614=CARTESIAN_POINT('',(0.146472252669982,-0.10373209525085,0.00612747460502297));
#7615=CARTESIAN_POINT('',(0.146472096746016,-0.103705751794548,0.00612814710337046));
#7616=CARTESIAN_POINT('',(0.146261436617486,-0.103733333831566,0.00612711359577709));
#7617=CARTESIAN_POINT('',(0.14605062056499,-0.103734572412283,0.00612675258653122));
#7618=CARTESIAN_POINT('',(0.146074788779796,-0.107817808139105,0.00602251534271669));
#7619=CARTESIAN_POINT('',(0.146098956994604,-0.111901043865928,0.00591827809890112));
#7620=CARTESIAN_POINT('',(0.1463097730471,-0.111899805285211,0.0059186391081465));
#7621=CARTESIAN_POINT('',(0.146520589099596,-0.111898566704495,0.00591900011739088));
#7622=CARTESIAN_POINT('',(0.14652066706158,-0.111911738432646,0.00591866386821761));
#7623=CARTESIAN_POINT('',(0.146520745023563,-0.111924910160797,0.00591832761904438));
#7624=CARTESIAN_POINT('',(0.144254472459227,-0.111938224903501,0.00591444676965376));
#7625=CARTESIAN_POINT('',(0.141988199894892,-0.111951539646205,0.00591056592026313));
#7626=CARTESIAN_POINT('',(0.141988121932909,-0.111938367918054,0.00591090216943688));
#7627=CARTESIAN_POINT('',(0.141988043970925,-0.111925196189903,0.00591123841861062));
#7628=CARTESIAN_POINT('',(0.142198860023422,-0.111923957609186,0.0059115994278565));
#7629=CARTESIAN_POINT('',(0.142409676075918,-0.11192271902847,0.00591196043710238));
#7630=CARTESIAN_POINT('',(0.142385507861111,-0.107839483301647,0.00601619768091743));
#7631=CARTESIAN_POINT('',(0.142361339646303,-0.103756247574824,0.00612043492473348));
#7632=CARTESIAN_POINT('',(0.142150523593807,-0.10375748615554,0.0061200739154876));
#7633=CARTESIAN_POINT('',(0.141939707541311,-0.103758724736258,0.00611971290624172));
#7634=CARTESIAN_POINT('',(0.141939629579328,-0.103745553008106,0.00612004915541547));
#7635=CARTESIAN_POINT('',(0.141939551617345,-0.103732381279955,0.00612038540458921));
#7636=CARTESIAN_POINT('',(0.14420582418168,-0.103719066537251,0.00612426625397984));
#7637=CARTESIAN_POINT('',(0.143737713256617,-0.106390019986397,0.00637166526746949));
#7638=CARTESIAN_POINT('',(0.143782915721001,-0.10646228400081,0.00642260673959155));
#7639=CARTESIAN_POINT('',(0.143782833401602,-0.10646362950633,0.00647529449778445));
#7640=CARTESIAN_POINT('',(0.143782998040399,-0.10646093849529,0.00636991898139864));
#7641=CARTESIAN_POINT('',(0.14376056900645,-0.106425813288664,0.00637078094281866));
#7642=CARTESIAN_POINT('',(0.143738139972501,-0.106390688082038,0.00637164290423767));
#7643=CARTESIAN_POINT('',(0.143738057653102,-0.106392033587558,0.00642433066243057));
#7644=CARTESIAN_POINT('',(0.143737975333703,-0.106393379093078,0.00647701842062348));
#7645=CARTESIAN_POINT('',(0.143760404367653,-0.106428504299704,0.00647615645920446));
#7646=CARTESIAN_POINT('',(0.143984681390168,-0.106443375904539,0.00647605836721568));
#7647=CARTESIAN_POINT('',(0.143984763709567,-0.106444721434157,0.00642337060840639));
#7648=CARTESIAN_POINT('',(0.143984681390168,-0.106446066915578,0.00647605836721468));
#7649=CARTESIAN_POINT('',(0.143984846028965,-0.106443375904539,0.00637068285082888));
#7650=CARTESIAN_POINT('',(0.14398484813118,-0.10649606372704,0.00636933734695112));
#7651=CARTESIAN_POINT('',(0.143984850233397,-0.106548751549541,0.00636799184307331));
#7652=CARTESIAN_POINT('',(0.143984767913999,-0.106550097055061,0.00642067960126666));
#7653=CARTESIAN_POINT('',(0.1439846855946,-0.106551442560581,0.00647336735946006));
#7654=CARTESIAN_POINT('',(0.143984683492384,-0.10649875473808,0.00647471286333787));
#7655=CARTESIAN_POINT('',(0.146217586962152,-0.105525670431907,0.005074560847196));
#7656=CARTESIAN_POINT('',(0.145981334486306,-0.105525840736755,0.00502645514563108));
#7657=CARTESIAN_POINT('',(0.146010321693525,-0.105525670431906,0.00502650478440264));
#7658=CARTESIAN_POINT('',(0.145952347279086,-0.105526011041604,0.00502640550685952));
#7659=CARTESIAN_POINT('',(0.146009580818938,-0.105537779981586,0.0055006946081403));
#7660=CARTESIAN_POINT('',(0.14600883994435,-0.105549889531266,0.00597488443187795));
#7661=CARTESIAN_POINT('',(0.145979852737131,-0.105550059836114,0.00597483479310639));
#7662=CARTESIAN_POINT('',(0.145950865529911,-0.105550230140964,0.00597478515433383));
#7663=CARTESIAN_POINT('',(0.145951606404498,-0.105538120591283,0.00550059533059668));
#7664=CARTESIAN_POINT('',(0.144418049728084,-0.105345050573363,0.00161881359351956));
#7665=CARTESIAN_POINT('',(0.144026909757989,-0.105213850274327,0.00185221743801334));
#7666=CARTESIAN_POINT('',(0.144028074536028,-0.105345050573363,0.00162216308637736));
#7667=CARTESIAN_POINT('',(0.144025744979949,-0.105082649975293,0.00208227178965033));
#7668=CARTESIAN_POINT('',(0.144220749828508,-0.10508150428813,0.00208260572320183));
#7669=CARTESIAN_POINT('',(0.144415754677067,-0.105080358600967,0.00208293965675432));
#7670=CARTESIAN_POINT('',(0.144416919455107,-0.105211558900002,0.00185288530511831));
#7671=CARTESIAN_POINT('',(0.144418084233147,-0.105342759199037,0.00162283095348228));
#7672=CARTESIAN_POINT('',(0.144223079384588,-0.1053439048862,0.00162249701992983));
#7673=CARTESIAN_POINT('',(0.144439789001509,-0.107977104829245,0.00155565478961912));
#7674=CARTESIAN_POINT('',(0.144434039906629,-0.10810407040197,0.00177904498659586));
#7675=CARTESIAN_POINT('',(0.144433676629797,-0.107977104829245,0.00155558111876228));
#7676=CARTESIAN_POINT('',(0.14443440318346,-0.108231035974696,0.0020025088544295));
#7677=CARTESIAN_POINT('',(0.144239398334901,-0.108232181661859,0.00200217492087701));
#7678=CARTESIAN_POINT('',(0.144044393486342,-0.108233327349021,0.00200184098732452));
#7679=CARTESIAN_POINT('',(0.144044030209511,-0.108106361776296,0.00177837711949187));
#7680=CARTESIAN_POINT('',(0.144043666932678,-0.107979396203571,0.00155491325165934));
#7681=CARTESIAN_POINT('',(0.144238671781237,-0.107978250516407,0.00155524718521031));
#7682=CARTESIAN_POINT('',(0.14456691872411,-0.106846069290429,0.00636133403771107));
#7683=CARTESIAN_POINT('',(0.14461275564977,-0.106901349171569,0.00641269072295066));
#7684=CARTESIAN_POINT('',(0.144612673330372,-0.106902694677089,0.00646537848114356));
#7685=CARTESIAN_POINT('',(0.144612837969168,-0.10690000366605,0.0063600029647578));
#7686=CARTESIAN_POINT('',(0.144590409288533,-0.106873659754799,0.00636064067574887));
#7687=CARTESIAN_POINT('',(0.144567980607897,-0.106847315843548,0.00636127838673993));
#7688=CARTESIAN_POINT('',(0.144567898313633,-0.106848661378589,0.00641396614421844));
#7689=CARTESIAN_POINT('',(0.144567815969101,-0.106850006854588,0.00646665390312669));
#7690=CARTESIAN_POINT('',(0.144590244649737,-0.106876350765838,0.00646601619213512));
#7691=CARTESIAN_POINT('',(0.144565707554045,-0.107236384253094,0.00635145750150399));
#7692=CARTESIAN_POINT('',(0.144567913704754,-0.107235038747574,0.00640409911564166));
#7693=CARTESIAN_POINT('',(0.144567831385356,-0.107236384253094,0.00645678687383456));
#7694=CARTESIAN_POINT('',(0.144567996024154,-0.107233693242053,0.0063514113574487));
#7695=CARTESIAN_POINT('',(0.144590422602573,-0.107207349330803,0.00635211915033392));
#7696=CARTESIAN_POINT('',(0.144612849180991,-0.107181005419553,0.0063528269432202));
#7697=CARTESIAN_POINT('',(0.144612766861592,-0.107182350925072,0.00640551470141365));
#7698=CARTESIAN_POINT('',(0.144612684542193,-0.107183696430592,0.00645820245960705));
#7699=CARTESIAN_POINT('',(0.144590257963774,-0.107210040341843,0.00645749466672031));
#7700=CARTESIAN_POINT('',(0.141951109306496,-0.104525800374709,0.00209325083811036));
#7701=CARTESIAN_POINT('',(0.142159742423461,-0.104155753405763,0.00210302682421589));
#7702=CARTESIAN_POINT('',(0.142370558475958,-0.104154514825046,0.00210338783346326));
#7703=CARTESIAN_POINT('',(0.141948926370965,-0.10415699198648,0.0021026658149715));
#7704=CARTESIAN_POINT('',(0.142372741411489,-0.104523323213275,0.00209397285660166));
#7705=CARTESIAN_POINT('',(0.142374924347019,-0.104892131601503,0.00208455787974627));
#7706=CARTESIAN_POINT('',(0.142164108294524,-0.104893370182221,0.00208419687049734));
#7707=CARTESIAN_POINT('',(0.141953292242028,-0.104894608762938,0.00208383586125147));
#7708=CARTESIAN_POINT('',(0.141951109306496,-0.104525800374708,0.00209325083811018));
#7709=CARTESIAN_POINT('',(0.143715834970307,-0.109358768883585,0.00629312013366445));
#7710=CARTESIAN_POINT('',(0.143715752650908,-0.109465490034108,0.00634580789185786));
#7711=CARTESIAN_POINT('',(0.143715670331509,-0.109466835539628,0.00639849565005126));
#7712=CARTESIAN_POINT('',(0.143715834970307,-0.109464144528588,0.00629312013366445));
#7713=CARTESIAN_POINT('',(0.143715832868091,-0.109411456706087,0.00629446563754174));
#7714=CARTESIAN_POINT('',(0.143715830765875,-0.109358768883586,0.00629581114141902));
#7715=CARTESIAN_POINT('',(0.143715748446475,-0.109360114389105,0.00634849889961248));
#7716=CARTESIAN_POINT('',(0.143715666127076,-0.109361459894625,0.00640118665780588));
#7717=CARTESIAN_POINT('',(0.143715668229293,-0.109414147717126,0.00639984115392807));
#7718=CARTESIAN_POINT('',(0.145154214478805,-0.107366276158757,-0.0015520906745457));
#7719=CARTESIAN_POINT('',(0.144043116818584,-0.107410547305306,-7.54948370218989E-5));
#7720=CARTESIAN_POINT('',(0.144040548453349,-0.107452527077529,0.00156836321860231));
#7721=CARTESIAN_POINT('',(0.14404568518382,-0.107368567533082,-0.00171935289264616));
#7722=CARTESIAN_POINT('',(0.144235553301908,-0.107451381390366,0.00156869715215429));
#7723=CARTESIAN_POINT('',(0.144430558150466,-0.107450235703203,0.00156903108570629));
#7724=CARTESIAN_POINT('',(0.144433126515702,-0.10740825593098,-7.48269699179416E-5));
#7725=CARTESIAN_POINT('',(0.144435694880938,-0.107366276158757,-0.00171868502554217));
#7726=CARTESIAN_POINT('',(0.144240690032379,-0.107367421845919,-0.00171901895909416));
#7727=CARTESIAN_POINT('',(0.144466921686436,-0.10506987262023,0.00230362977753642));
#7728=CARTESIAN_POINT('',(0.144014634614593,-0.105074686157837,0.00238732191392236));
#7729=CARTESIAN_POINT('',(0.144014487883838,-0.105077084463048,0.00248123555687799));
#7730=CARTESIAN_POINT('',(0.14401478134535,-0.105072287852627,0.00229340827096665));
#7731=CARTESIAN_POINT('',(0.144220326996534,-0.105071080236427,0.00229376025498123));
#7732=CARTESIAN_POINT('',(0.144425872647718,-0.105069872620229,0.00229411223899581));
#7733=CARTESIAN_POINT('',(0.144425725916962,-0.10507227092544,0.00238802588195148));
#7734=CARTESIAN_POINT('',(0.144425579186206,-0.105074669230651,0.00248193952490715));
#7735=CARTESIAN_POINT('',(0.144220033535022,-0.105075876846849,0.00248158754089257));
#7736=CARTESIAN_POINT('',(0.146172367366326,-0.110748442619557,0.00299538131519789));
#7737=CARTESIAN_POINT('',(0.146517792597507,-0.110571904221028,0.00300042933007103));
#7738=CARTESIAN_POINT('',(0.146517870559491,-0.11058507594918,0.00300009308089776));
#7739=CARTESIAN_POINT('',(0.146517714635523,-0.110558732492877,0.0030007655792443));
#7740=CARTESIAN_POINT('',(0.146307054506994,-0.110586314529897,0.00299973207165188));
#7741=CARTESIAN_POINT('',(0.146096238454498,-0.110587553110613,0.002999371062406));
#7742=CARTESIAN_POINT('',(0.146096160492515,-0.110574381382462,0.00299970731157974));
#7743=CARTESIAN_POINT('',(0.146096082530531,-0.110561209654311,0.00300004356075354));
#7744=CARTESIAN_POINT('',(0.146306898583027,-0.110559971073592,0.00300040456999892));
#7745=CARTESIAN_POINT('',(0.144635274007561,-0.106970254129548,0.00635465599019439));
#7746=CARTESIAN_POINT('',(0.144635191688163,-0.107112100461574,0.00640734374838729));
#7747=CARTESIAN_POINT('',(0.144635109368764,-0.107113445967094,0.0064600315065802));
#7748=CARTESIAN_POINT('',(0.144635274007561,-0.107110754956053,0.00635465599019439));
#7749=CARTESIAN_POINT('',(0.144635271204606,-0.107040504542801,0.00635644999493685));
#7750=CARTESIAN_POINT('',(0.144635268401652,-0.106970254129549,0.00635824399967932));
#7751=CARTESIAN_POINT('',(0.144635186082254,-0.106971599635068,0.00641093175787266));
#7752=CARTESIAN_POINT('',(0.144635103762856,-0.106972945140588,0.00646361951606607));
#7753=CARTESIAN_POINT('',(0.14463510656581,-0.107043195553841,0.00646182551132363));
#7754=CARTESIAN_POINT('',(0.13669658463345,-0.1078504015786,0.00519766029261635));
#7755=CARTESIAN_POINT('',(0.136696437942058,-0.107824486782277,0.00410969113633433));
#7756=CARTESIAN_POINT('',(0.136694791554087,-0.107851396892677,0.00516344630019592));
#7757=CARTESIAN_POINT('',(0.13669808433003,-0.107797576671878,0.00305593597247275));
#7758=CARTESIAN_POINT('',(0.13685197076408,-0.107692404473594,0.00516775212157299));
#7759=CARTESIAN_POINT('',(0.137009149974072,-0.107533412054511,0.00517205794295007));
#7760=CARTESIAN_POINT('',(0.137010796362044,-0.107506501944111,0.00411830277908848));
#7761=CARTESIAN_POINT('',(0.137012442750016,-0.107479591833712,0.00306454761522684));
#7762=CARTESIAN_POINT('',(0.136855263540023,-0.107638584252795,0.00306024179384929));
#7763=CARTESIAN_POINT('',(0.142529411995916,-0.111772899271101,0.0060269158037364));
#7764=CARTESIAN_POINT('',(0.145989989193113,-0.111752584134042,0.00440756717359234));
#7765=CARTESIAN_POINT('',(0.145992451866257,-0.111752584134042,0.00296945710565674));
#7766=CARTESIAN_POINT('',(0.145987526519968,-0.111752584134042,0.005845677241528));
#7767=CARTESIAN_POINT('',(0.144253564488185,-0.111762771460436,0.00584270794048137));
#7768=CARTESIAN_POINT('',(0.144258489834474,-0.111762771460436,0.00296648780458659));
#7769=CARTESIAN_POINT('',(0.144769929479296,-0.109358768883586,0.00629745806615377));
#7770=CARTESIAN_POINT('',(0.143984984424876,-0.109911990818858,0.00628210384725615));
#7771=CARTESIAN_POINT('',(0.143715858795415,-0.110061272915615,0.00627787109656022));
#7772=CARTESIAN_POINT('',(0.144254110054335,-0.109762708722101,0.00628633659795313));
#7773=CARTESIAN_POINT('',(0.144512033781587,-0.109911990818857,0.00628292730962352));
#7774=CARTESIAN_POINT('',(0.144769957508837,-0.110061272915615,0.00627951802129397));
#7775=CARTESIAN_POINT('',(0.144769955406621,-0.110008585093114,0.00628086352517176));
#7776=CARTESIAN_POINT('',(0.144769953304405,-0.109955897270613,0.00628220902904954));
#7777=CARTESIAN_POINT('',(0.144556885887316,-0.109832959085106,0.00628501564733493));
#7778=CARTESIAN_POINT('',(0.144343818470227,-0.109710020899601,0.00628782226562033));
#7779=CARTESIAN_POINT('',(0.144556876076978,-0.109587082714094,0.00629129466200874));
#7780=CARTESIAN_POINT('',(0.144769933683729,-0.109464144528588,0.00629476705839715));
#7781=CARTESIAN_POINT('',(0.144769931581513,-0.109411456706087,0.00629611256227596));
#7782=CARTESIAN_POINT('',(0.144769929479296,-0.109358768883586,0.00629745806615377));
#7783=CARTESIAN_POINT('',(0.1445120176646,-0.109508050980342,0.00629324283593123));
#7784=CARTESIAN_POINT('',(0.144254105849903,-0.109657333077099,0.00628902760570875));
#7785=CARTESIAN_POINT('',(0.143984968307889,-0.109508050980342,0.00629241937356438));
#7786=CARTESIAN_POINT('',(0.143928902387396,-0.109587082714094,0.00629031351537856));
#7787=CARTESIAN_POINT('',(0.144141969804484,-0.109710020899601,0.00628750689709272));
#7788=CARTESIAN_POINT('',(0.143928912197733,-0.109832959085107,0.00628403450070478));
#7789=CARTESIAN_POINT('',(0.143715854590982,-0.109955897270613,0.00628056210431584));
#7790=CARTESIAN_POINT('',(0.143715856693199,-0.110008585093114,0.00627921660043803));
#7791=CARTESIAN_POINT('',(0.146550559922515,-0.104130362501072,0.00212644620134973));
#7792=CARTESIAN_POINT('',(0.14627065544714,-0.104131601081786,0.00211006650450538));
#7793=CARTESIAN_POINT('',(0.146481471499636,-0.104130362501072,0.00211042751375176));
#7794=CARTESIAN_POINT('',(0.146059839394643,-0.104132839662505,0.00210970549526006));
#7795=CARTESIAN_POINT('',(0.146059592436448,-0.104136876179065,0.00226776876983971));
#7796=CARTESIAN_POINT('',(0.146059345478252,-0.104140912695625,0.00242583204441942));
#7797=CARTESIAN_POINT('',(0.146270161530748,-0.104139674114908,0.00242619305366081));
#7798=CARTESIAN_POINT('',(0.146480977583245,-0.104138435534192,0.00242655406291118));
#7799=CARTESIAN_POINT('',(0.146481224541441,-0.104134399017632,0.00226849078833142));
#7800=CARTESIAN_POINT('',(0.14290924009917,-0.109871611496696,0.00312935373004423));
#7801=CARTESIAN_POINT('',(0.141979148532989,-0.109903689779568,0.00417029201608542));
#7802=CARTESIAN_POINT('',(0.141980959559757,-0.109874088658129,0.00301116133583754));
#7803=CARTESIAN_POINT('',(0.141977337506221,-0.109933290901007,0.00532942269633328));
#7804=CARTESIAN_POINT('',(0.142188153558717,-0.10993205232029,0.00532978370557916));
#7805=CARTESIAN_POINT('',(0.142398969611214,-0.109930813739574,0.00533014471482404));
#7806=CARTESIAN_POINT('',(0.142400780637982,-0.109901212618135,0.00417101403457664));
#7807=CARTESIAN_POINT('',(0.142402591664751,-0.109871611496696,0.00301188335432925));
#7808=CARTESIAN_POINT('',(0.142191775612254,-0.109872850077412,0.0030115223450834));
#7809=CARTESIAN_POINT('',(0.141933152429997,-0.102687870400877,0.00627367893751144));
#7810=CARTESIAN_POINT('',(0.141986148624805,-0.110598250379387,0.00246545380018598));
#7811=CARTESIAN_POINT('',(0.141986971818791,-0.110584795324188,0.00193857621825544));
#7812=CARTESIAN_POINT('',(0.14198532543082,-0.110611705434587,0.00299233138211651));
#7813=CARTESIAN_POINT('',(0.141989154754322,-0.110953603712416,0.00192916124139393));
#7814=CARTESIAN_POINT('',(0.141992325051143,-0.111580747968635,0.0022294840793896));
#7815=CARTESIAN_POINT('',(0.141993806328825,-0.111831010803505,0.00222309534509535));
#7816=CARTESIAN_POINT('',(0.141990925149875,-0.111878103496704,0.00406716688185299));
#7817=CARTESIAN_POINT('',(0.14199173962903,-0.111893682908846,0.00364499231796025));
#7818=CARTESIAN_POINT('',(0.141995279363169,-0.111835826171488,0.00137941871565736));
#7819=CARTESIAN_POINT('',(0.141996526754901,-0.112046573821904,0.00137403872888086));
#7820=CARTESIAN_POINT('',(0.141997774146632,-0.112257321472321,0.00136865874210336));
#7821=CARTESIAN_POINT('',(0.141994069773697,-0.11231786922072,0.00373960786079155));
#7822=CARTESIAN_POINT('',(0.141963546478524,-0.107847342485159,0.00622622669519831));
#7823=CARTESIAN_POINT('',(0.141936727556289,-0.103316268001199,0.00634189641091772));
#7824=CARTESIAN_POINT('',(0.141940431929221,-0.103255720252803,0.00397094729222819));
#7825=CARTESIAN_POINT('',(0.141943091351483,-0.103674524542596,0.00385481180228682));
#7826=CARTESIAN_POINT('',(0.141942588720261,-0.103711632043058,0.00427564136948408));
#7827=CARTESIAN_POINT('',(0.141945469899211,-0.10366453934986,0.00243156983272639));
#7828=CARTESIAN_POINT('',(0.141946951176893,-0.10391480218473,0.00242518109842766));
#7829=CARTESIAN_POINT('',(0.141948432454574,-0.1041650650196,0.00241879236412893));
#7830=CARTESIAN_POINT('',(0.14194867941277,-0.104161028503039,0.00226072908955022));
#7831=CARTESIAN_POINT('',(0.141952469048042,-0.104908063818137,0.00261071344318103));
#7832=CARTESIAN_POINT('',(0.141951645854056,-0.104921518873337,0.00313759102511058));
#7833=CARTESIAN_POINT('',(0.141951723816039,-0.104934690601488,0.00313725477593684));
#7834=CARTESIAN_POINT('',(0.141969802752815,-0.107745084065643,0.00222195707252357));
#7835=CARTESIAN_POINT('',(0.14198648661723,-0.110563833889966,0.00214999974937355));
#7836=CARTESIAN_POINT('',(0.141985828062042,-0.110574597934126,0.00257150181491827));
#7837=CARTESIAN_POINT('',(0.141985169506853,-0.110585361978286,0.002993003880463));
#7838=CARTESIAN_POINT('',(0.141985247468836,-0.110598533706436,0.00299266763128975));
#7839=CARTESIAN_POINT('',(0.141964863588901,-0.10782581439684,0.00538322256410881));
#7840=CARTESIAN_POINT('',(0.141952389671581,-0.105718337892674,0.00543702243188434));
#7841=CARTESIAN_POINT('',(0.141977841080427,-0.109347219532087,0.00302461130278153));
#7842=CARTESIAN_POINT('',(0.141974722601098,-0.108820350406046,0.00303806126972552));
#7843=CARTESIAN_POINT('',(0.141968485642436,-0.107766612153669,0.00306496120362064));
#7844=CARTESIAN_POINT('',(0.141959130204446,-0.106186004775543,0.00310531110445215));
#7845=CARTESIAN_POINT('',(0.141956011725118,-0.105659135649795,0.00311876107138855));
#7846=CARTESIAN_POINT('',(0.14195420069835,-0.105688736771234,0.00427789175163644));
#7847=CARTESIAN_POINT('',(0.142053466418048,-0.11009418040995,0.00532543294912522));
#7848=CARTESIAN_POINT('',(0.142163205724078,-0.105717099311957,0.00543738344113071));
#7849=CARTESIAN_POINT('',(0.142374021776574,-0.105715860731241,0.00543774445037609));
#7850=CARTESIAN_POINT('',(0.142386495693894,-0.107823337235407,0.00538394458260006));
#7851=CARTESIAN_POINT('',(0.143711287756356,-0.108022685697311,0.00633013254107982));
#7852=CARTESIAN_POINT('',(0.14454552741882,-0.108271232657089,0.0063776024967209));
#7853=CARTESIAN_POINT('',(0.144545445099421,-0.108272578162609,0.00643029025491431));
#7854=CARTESIAN_POINT('',(0.144545609738219,-0.108269887151569,0.00632491473852745));
#7855=CARTESIAN_POINT('',(0.144130693623969,-0.108146948865568,0.00632740599080199));
#7856=CARTESIAN_POINT('',(0.143715777509719,-0.108024010579569,0.00632989724307654));
#7857=CARTESIAN_POINT('',(0.143715695190321,-0.108025356085089,0.00638258500126992));
#7858=CARTESIAN_POINT('',(0.143715612870923,-0.108026701590609,0.00643527275946329));
#7859=CARTESIAN_POINT('',(0.144130528985172,-0.108149639876609,0.0064327815071883));
#7860=CARTESIAN_POINT('',(0.143715791524497,-0.108269887151569,0.00632092721551467));
#7861=CARTESIAN_POINT('',(0.143715709205099,-0.108376608302091,0.00637361497370757));
#7862=CARTESIAN_POINT('',(0.143715626885701,-0.108377953807611,0.00642630273190042));
#7863=CARTESIAN_POINT('',(0.143715791524498,-0.108375262796571,0.00632092721551461));
#7864=CARTESIAN_POINT('',(0.143715789422282,-0.10832257497407,0.00632227271939245));
#7865=CARTESIAN_POINT('',(0.143715787320066,-0.108269887151569,0.00632361822327023));
#7866=CARTESIAN_POINT('',(0.143715705000667,-0.108271232657089,0.00637630598146316));
#7867=CARTESIAN_POINT('',(0.143715622681268,-0.108272578162609,0.00642899373965604));
#7868=CARTESIAN_POINT('',(0.143715624783484,-0.10832526598511,0.00642764823577878));
#7869=CARTESIAN_POINT('',(0.146784651885267,-0.109181366386146,0.00383811135676059));
#7870=CARTESIAN_POINT('',(0.146297482141224,-0.109182604966862,0.00377367559710255));
#7871=CARTESIAN_POINT('',(0.14650829819372,-0.109181366386146,0.00377403660634944));
#7872=CARTESIAN_POINT('',(0.146086666088727,-0.109183843547579,0.00377331458785869));
#7873=CARTESIAN_POINT('',(0.146085678255945,-0.109199989613818,0.00440556768617503));
#7874=CARTESIAN_POINT('',(0.146084690423162,-0.109216135680059,0.00503782078449137));
#7875=CARTESIAN_POINT('',(0.146295506475658,-0.109214897099342,0.00503818179373724));
#7876=CARTESIAN_POINT('',(0.146506322528154,-0.109213658518625,0.00503854280298312));
#7877=CARTESIAN_POINT('',(0.146507310360937,-0.109197512452385,0.00440628970466628));
#7878=CARTESIAN_POINT('',(0.144068919140748,-0.107391764531475,0.00634690137187196));
#7879=CARTESIAN_POINT('',(0.144410926412886,-0.107393102215077,0.00639981731707543));
#7880=CARTESIAN_POINT('',(0.144410844222488,-0.107394447720597,0.00645250507547025));
#7881=CARTESIAN_POINT('',(0.144411008861285,-0.107391756709557,0.00634712955908344));
#7882=CARTESIAN_POINT('',(0.144242801624126,-0.107391756709557,0.00634686675195208));
#7883=CARTESIAN_POINT('',(0.144074594386968,-0.107391756709557,0.00634660394482071));
#7884=CARTESIAN_POINT('',(0.14407451223584,-0.107393102215077,0.00639929170327688));
#7885=CARTESIAN_POINT('',(0.144074429748172,-0.107394447720597,0.00645197946120747));
#7886=CARTESIAN_POINT('',(0.14424263698533,-0.107394447720597,0.00645224226833886));
#7887=CARTESIAN_POINT('',(0.146150321083235,-0.107237256552356,0.00382312470842557));
#7888=CARTESIAN_POINT('',(0.146280642352842,-0.106337511686238,0.00384630541860108));
#7889=CARTESIAN_POINT('',(0.146491458405338,-0.106336273105522,0.00384666642784649));
#7890=CARTESIAN_POINT('',(0.146069826300346,-0.106338750266955,0.00384594440935468));
#7891=CARTESIAN_POINT('',(0.146072009235877,-0.106707558655184,0.00383652943249418));
#7892=CARTESIAN_POINT('',(0.146074192171408,-0.107076367043413,0.00382711445563369));
#7893=CARTESIAN_POINT('',(0.146285008223904,-0.107075128462696,0.00382747546487907));
#7894=CARTESIAN_POINT('',(0.1464958242764,-0.107073889881979,0.00382783647412445));
#7895=CARTESIAN_POINT('',(0.146493641340869,-0.10670508149375,0.00383725145098497));
#7896=CARTESIAN_POINT('',(0.14270303294413,-0.110560706473656,0.00219362779798624));
#7897=CARTESIAN_POINT('',(0.142252641883506,-0.11056227018181,0.00215045552354704));
#7898=CARTESIAN_POINT('',(0.142488492832188,-0.110582404866824,0.00299386579003735));
#7899=CARTESIAN_POINT('',(0.14245950562497,-0.110582575171673,0.00299381615126571));
#7900=CARTESIAN_POINT('',(0.142433153618408,-0.110582729994262,0.00299377102511023));
#7901=CARTESIAN_POINT('',(0.142406801611846,-0.110582884816852,0.00299372589895475));
#7902=CARTESIAN_POINT('',(0.142195985559349,-0.110584123397568,0.00299336488970838));
#7903=CARTESIAN_POINT('',(0.13669343998353,-0.107217815994525,0.00522520322628632));
#7904=CARTESIAN_POINT('',(0.136692695702236,-0.107192232912266,0.00412583137540161));
#7905=CARTESIAN_POINT('',(0.136691049314265,-0.107219143022666,0.00517958653926319));
#7906=CARTESIAN_POINT('',(0.136694342090207,-0.107165322801866,0.00307207621154002));
#7907=CARTESIAN_POINT('',(0.13690061254619,-0.107007162282998,0.00518532738656676));
#7908=CARTESIAN_POINT('',(0.136903905322132,-0.1069533420622,0.00307781705884358));
#7909=CARTESIAN_POINT('',(0.142024561366405,-0.104325954528546,0.0024148026169196));
#7910=CARTESIAN_POINT('',(0.142156285951707,-0.103663300769142,0.00243193084197078));
#7911=CARTESIAN_POINT('',(0.142367102004204,-0.103662062188426,0.00243229185121715));
#7912=CARTESIAN_POINT('',(0.142368583281885,-0.103912325023296,0.00242590311691892));
#7913=CARTESIAN_POINT('',(0.142370064559566,-0.104162587858166,0.00241951438262068));
#7914=CARTESIAN_POINT('',(0.14215924850707,-0.104163826438882,0.00241915337337431));
#7915=CARTESIAN_POINT('',(0.145966869027592,-0.106233063212939,0.00500837195959136));
#7916=CARTESIAN_POINT('',(0.145985388509434,-0.106210770600609,0.00500897018860358));
#7917=CARTESIAN_POINT('',(0.146014375716654,-0.106210600295761,0.00500901982737464));
#7918=CARTESIAN_POINT('',(0.145956401302215,-0.106210940905458,0.00500892054983251));
#7919=CARTESIAN_POINT('',(0.14601234870509,-0.105868135363833,0.00501776230588864));
#7920=CARTESIAN_POINT('',(0.14595437429065,-0.105868475973531,0.00501766302834604));
#7921=CARTESIAN_POINT('',(0.143865846728592,-0.105919188712487,0.0063843977908117));
#7922=CARTESIAN_POINT('',(0.143872604468082,-0.105917843206967,0.00643665044238894));
#7923=CARTESIAN_POINT('',(0.143872522204661,-0.105919188690569,0.00648933820122959));
#7924=CARTESIAN_POINT('',(0.14387268684346,-0.105916497679528,0.00638396268484368));
#7925=CARTESIAN_POINT('',(0.143917541409627,-0.10589893507229,0.00638448126803669));
#7926=CARTESIAN_POINT('',(0.143962395975795,-0.105881372465052,0.00638499985122971));
#7927=CARTESIAN_POINT('',(0.143962313693157,-0.105882717956179,0.00643768760984879));
#7928=CARTESIAN_POINT('',(0.143962231336997,-0.105884063476092,0.00649037536761651));
#7929=CARTESIAN_POINT('',(0.143917376770829,-0.10590162608333,0.00648985678442305));
#7930=CARTESIAN_POINT('',(0.14616081933499,-0.109377025189002,0.00503383103728325));
#7931=CARTESIAN_POINT('',(0.146082507487631,-0.10884732729183,0.00504723576135239));
#7932=CARTESIAN_POINT('',(0.146080324552099,-0.108478518903601,0.00505665073821341));
#7933=CARTESIAN_POINT('',(0.146291140604596,-0.108477280322884,0.00505701174745928));
#7934=CARTESIAN_POINT('',(0.146501956657092,-0.108476041742167,0.00505737275670516));
#7935=CARTESIAN_POINT('',(0.146504139592623,-0.108844850130396,0.00504795777984414));
#7936=CARTESIAN_POINT('',(0.146780286014152,-0.108443749609688,0.00385694131045734));
#7937=CARTESIAN_POINT('',(0.146081312384882,-0.108462372837361,0.00442439763989707));
#7938=CARTESIAN_POINT('',(0.146082300217665,-0.108446226771121,0.00379214454158073));
#7939=CARTESIAN_POINT('',(0.146293116270161,-0.108444988190404,0.00379250555082461));
#7940=CARTESIAN_POINT('',(0.146503932322657,-0.108443749609688,0.00379286656007149));
#7941=CARTESIAN_POINT('',(0.146502944489874,-0.108459895675927,0.00442511965838832));
#7942=CARTESIAN_POINT('',(0.14294186167425,-0.113740485472264,0.00628814897299612));
#7943=CARTESIAN_POINT('',(0.144203918234756,-0.103519082930994,0.00655114830630127));
#7944=CARTESIAN_POINT('',(0.142148461722922,-0.103531159092979,0.00654762846615624));
#7945=CARTESIAN_POINT('',(0.142174033253426,-0.107851485926522,0.0064373387372173));
#7946=CARTESIAN_POINT('',(0.14392861616256,-0.106542661265205,0.00647350400751031));
#7947=CARTESIAN_POINT('',(0.143872546730519,-0.106533879969829,0.00647364065556155));
#7948=CARTESIAN_POINT('',(0.143827690066061,-0.106498754738079,0.006474467576673));
#7949=CARTESIAN_POINT('',(0.143726759766111,-0.106349472565953,0.00647812215359342));
#7950=CARTESIAN_POINT('',(0.143715544198518,-0.106305566038829,0.00647922588656337));
#7951=CARTESIAN_POINT('',(0.143715541045194,-0.106226534317639,0.00648124414205909));
#7952=CARTESIAN_POINT('',(0.143715537891871,-0.106147502596449,0.00648326239755482));
#7953=CARTESIAN_POINT('',(0.143726749955769,-0.106103596075604,0.00648440117131512));
#7954=CARTESIAN_POINT('',(0.143737962019667,-0.106059689554759,0.00648553994507541));
#7955=CARTESIAN_POINT('',(0.143760388250661,-0.10602456433557,0.00648647198871881));
#7956=CARTESIAN_POINT('',(0.143782814481656,-0.105989439116382,0.00648740403236321));
#7957=CARTESIAN_POINT('',(0.143827668343158,-0.105954313903475,0.0064883711167969));
#7958=CARTESIAN_POINT('',(0.144018300060445,-0.10587528217208,0.00649068722063877));
#7959=CARTESIAN_POINT('',(0.144074368783893,-0.105866500868068,0.00649099907366103));
#7960=CARTESIAN_POINT('',(0.144242576021054,-0.105866500868068,0.00649126188079179));
#7961=CARTESIAN_POINT('',(0.144410783258215,-0.105866500868068,0.00649152468792356));
#7962=CARTESIAN_POINT('',(0.144466852713815,-0.10587528217208,0.00649138803968852));
#7963=CARTESIAN_POINT('',(0.144522922169416,-0.105884063476092,0.00649125139145348));
#7964=CARTESIAN_POINT('',(0.144567778129207,-0.105901626083329,0.00649087297206298));
#7965=CARTESIAN_POINT('',(0.144612634088998,-0.105919188690568,0.00649049455267249));
#7966=CARTESIAN_POINT('',(0.144657490749531,-0.105954313903476,0.00648966763203619));
#7967=CARTESIAN_POINT('',(0.144702347410063,-0.105989439116384,0.00648884071139889));
#7968=CARTESIAN_POINT('',(0.144724776441067,-0.106024564335571,0.00648797874965503));
#7969=CARTESIAN_POINT('',(0.144747205472071,-0.106059689554759,0.00648711678791023));
#7970=CARTESIAN_POINT('',(0.144758421038682,-0.106103596075604,0.00648601305509888));
#7971=CARTESIAN_POINT('',(0.144769636605293,-0.106147502596449,0.00648490932228752));
#7972=CARTESIAN_POINT('',(0.144769639758618,-0.106226534317637,0.00648289106679277));
#7973=CARTESIAN_POINT('',(0.144724792558059,-0.106428504299704,0.00647766322013919));
#7974=CARTESIAN_POINT('',(0.14470236633001,-0.10646362950633,0.00647673117682108));
#7975=CARTESIAN_POINT('',(0.144657512472434,-0.10649875473808,0.00647576409191324));
#7976=CARTESIAN_POINT('',(0.144612658614858,-0.10653387996983,0.0064747970070054));
#7977=CARTESIAN_POINT('',(0.144556589859996,-0.106542661265205,0.00647448515415398));
#7978=CARTESIAN_POINT('',(0.144500521105133,-0.106551442560581,0.00647417330130357));
#7979=CARTESIAN_POINT('',(0.144500519002917,-0.10649875473808,0.00647551880518138));
#7980=CARTESIAN_POINT('',(0.1445005169007,-0.106446066915579,0.00647686430905919));
#7981=CARTESIAN_POINT('',(0.144534158026036,-0.106437285620203,0.00647714112096173));
#7982=CARTESIAN_POINT('',(0.144567799151372,-0.106428504324828,0.00647741793286531));
#7983=CARTESIAN_POINT('',(0.14459022572979,-0.106402160413577,0.00647812572575156));
#7984=CARTESIAN_POINT('',(0.144612652308209,-0.106375816502326,0.0064788335186378));
#7985=CARTESIAN_POINT('',(0.144623864721495,-0.106340691270576,0.00647974804212437));
#7986=CARTESIAN_POINT('',(0.14463507713478,-0.106305566038827,0.00648066256561094));
#7987=CARTESIAN_POINT('',(0.144635073981456,-0.106226534317637,0.0064826808211067));
#7988=CARTESIAN_POINT('',(0.144635070828132,-0.106147502596447,0.00648469907660245));
#7989=CARTESIAN_POINT('',(0.14462385561189,-0.106112377377259,0.00648557855882072));
#7990=CARTESIAN_POINT('',(0.144612640395649,-0.106077252158073,0.00648645804103898));
#7991=CARTESIAN_POINT('',(0.144590211715014,-0.106050908246822,0.00648709575203055));
#7992=CARTESIAN_POINT('',(0.144567783034379,-0.106024564335572,0.00648773346302211));
#7993=CARTESIAN_POINT('',(0.144534140857935,-0.106007001725977,0.00648812940289725));
#7994=CARTESIAN_POINT('',(0.144500498681491,-0.105989439116383,0.00648852534277238));
#7995=CARTESIAN_POINT('',(0.144455643072068,-0.105980657814726,0.00648867951147021));
#7996=CARTESIAN_POINT('',(0.144410787462645,-0.10597187651307,0.00648883368016804));
#7997=CARTESIAN_POINT('',(0.144242580225487,-0.10597187651307,0.00648857087303665));
#7998=CARTESIAN_POINT('',(0.144074372988329,-0.10597187651307,0.00648830806590526));
#7999=CARTESIAN_POINT('',(0.144029518079644,-0.105980657814726,0.00648801373341706));
#8000=CARTESIAN_POINT('',(0.143984663170958,-0.105989439116384,0.00648771940092887));
#8001=CARTESIAN_POINT('',(0.143951022427406,-0.106007001725978,0.00648721833816177));
#8002=CARTESIAN_POINT('',(0.143917381683854,-0.106024564335572,0.00648671727539368));
#8003=CARTESIAN_POINT('',(0.143894955097582,-0.106050908246821,0.00648600948249541));
#8004=CARTESIAN_POINT('',(0.143872528511311,-0.106077252158071,0.00648530168959613));
#8005=CARTESIAN_POINT('',(0.143861316098025,-0.106112377377259,0.00648438716643049));
#8006=CARTESIAN_POINT('',(0.143850103684739,-0.106147502596449,0.00648347264326489));
#8007=CARTESIAN_POINT('',(0.143850106838063,-0.106226534317638,0.00648145438776817));
#8008=CARTESIAN_POINT('',(0.143850109991387,-0.106305566038828,0.00647943613227244));
#8009=CARTESIAN_POINT('',(0.143861325207629,-0.106340691270576,0.0064785566497342));
#8010=CARTESIAN_POINT('',(0.143872540423871,-0.106375816502326,0.00647767716719495));
#8011=CARTESIAN_POINT('',(0.14389496911236,-0.106402160413576,0.00647703945621586));
#8012=CARTESIAN_POINT('',(0.143917397800848,-0.106428504324827,0.00647640174523683));
#8013=CARTESIAN_POINT('',(0.143951039595508,-0.106437285620203,0.00647623005622623));
#8014=CARTESIAN_POINT('',(0.144769672342971,-0.10704319555384,0.00646203575700873));
#8015=CARTESIAN_POINT('',(0.144769675145926,-0.107113445967092,0.00646024175226627));
#8016=CARTESIAN_POINT('',(0.144769669540017,-0.106972945140588,0.00646382976175119));
#8017=CARTESIAN_POINT('',(0.14475846308301,-0.107157352519342,0.00645910297770545));
#8018=CARTESIAN_POINT('',(0.144747251020095,-0.107201259071593,0.00645796420314464));
#8019=CARTESIAN_POINT('',(0.144724824792045,-0.107236384253094,0.00645703216046693));
#8020=CARTESIAN_POINT('',(0.144702398563995,-0.107271509434595,0.00645610011779028));
#8021=CARTESIAN_POINT('',(0.144657544706418,-0.107306634666345,0.00645513303288196));
#8022=CARTESIAN_POINT('',(0.144612690848842,-0.107341759898096,0.00645416594797365));
#8023=CARTESIAN_POINT('',(0.144567836290527,-0.107359322488847,0.00645364736521377));
#8024=CARTESIAN_POINT('',(0.144522981732211,-0.107376885079598,0.00645312878245393));
#8025=CARTESIAN_POINT('',(0.14446691297735,-0.107385666400097,0.00645281692896209));
#8026=CARTESIAN_POINT('',(0.144018360323984,-0.107385666400097,0.00645211610991164));
#8027=CARTESIAN_POINT('',(0.143962290899796,-0.107376885079598,0.00645225275861681));
#8028=CARTESIAN_POINT('',(0.143917434932149,-0.107359322488846,0.00645263117757433));
#8029=CARTESIAN_POINT('',(0.143872578964503,-0.107341759898095,0.0064530095965318));
#8030=CARTESIAN_POINT('',(0.143827722300045,-0.107306634666346,0.00645383651764325));
#8031=CARTESIAN_POINT('',(0.143782865635587,-0.107271509434597,0.00645466343875465));
#8032=CARTESIAN_POINT('',(0.143760436601638,-0.107236384253094,0.00645552539953176));
#8033=CARTESIAN_POINT('',(0.14373800756769,-0.107201259071591,0.00645638736030982));
#8034=CARTESIAN_POINT('',(0.143726792000097,-0.107157352519342,0.0064574910939207));
#8035=CARTESIAN_POINT('',(0.143715576432503,-0.107113445967094,0.00645859482753257));
#8036=CARTESIAN_POINT('',(0.143715573629548,-0.107043195553841,0.00646038883227503));
#8037=CARTESIAN_POINT('',(0.143715570826594,-0.106972945140589,0.00646218283701849));
#8038=CARTESIAN_POINT('',(0.143726782890493,-0.106929038638586,0.00646332161029656));
#8039=CARTESIAN_POINT('',(0.143737994954393,-0.106885132136584,0.00646446038357563));
#8040=CARTESIAN_POINT('',(0.143760421185385,-0.106850006904834,0.00646539242754106));
#8041=CARTESIAN_POINT('',(0.143782847416379,-0.106814881673086,0.00646632447150543));
#8042=CARTESIAN_POINT('',(0.143827701277881,-0.106779756441336,0.00646729155641982));
#8043=CARTESIAN_POINT('',(0.143872555139383,-0.106744631209587,0.00646825864133416));
#8044=CARTESIAN_POINT('',(0.143917409705553,-0.106727068618835,0.00646877722410647));
#8045=CARTESIAN_POINT('',(0.143962264271723,-0.106709506028083,0.00646929580687878));
#8046=CARTESIAN_POINT('',(0.144018332995171,-0.106700724732707,0.00646960765968024));
#8047=CARTESIAN_POINT('',(0.144074401718619,-0.106691943437332,0.0064699195124817));
#8048=CARTESIAN_POINT('',(0.144242608955776,-0.106691943437332,0.00647018231961312));
#8049=CARTESIAN_POINT('',(0.144410816192934,-0.106691943437332,0.00647044512674454));
#8050=CARTESIAN_POINT('',(0.144466885648537,-0.106700724732708,0.00647030847873069));
#8051=CARTESIAN_POINT('',(0.144522955104138,-0.106709506028084,0.0064701718307159));
#8052=CARTESIAN_POINT('',(0.144567811063931,-0.106727068618835,0.0064697934117464));
#8053=CARTESIAN_POINT('',(0.144612667023723,-0.106744631209587,0.00646941499277696));
#8054=CARTESIAN_POINT('',(0.144657523684254,-0.106779756441336,0.00646858807165904));
#8055=CARTESIAN_POINT('',(0.144702380344786,-0.106814881673085,0.00646776115054111));
#8056=CARTESIAN_POINT('',(0.144724809375791,-0.106850006904835,0.00646689918847628));
#8057=CARTESIAN_POINT('',(0.144747238406797,-0.106885132136586,0.00646603722641045));
#8058=CARTESIAN_POINT('',(0.144758453973407,-0.106929038638587,0.00646493349408132));
#8059=CARTESIAN_POINT('',(0.143715610067965,-0.107956451127109,0.00643706676548916));
#8060=CARTESIAN_POINT('',(0.14371560726501,-0.10788620066361,0.00643886077151493));
#8061=CARTESIAN_POINT('',(0.144130513568916,-0.107763262478103,0.006442648536481));
#8062=CARTESIAN_POINT('',(0.144545419872824,-0.107640324292597,0.00644643630144702));
#8063=CARTESIAN_POINT('',(0.144130508663748,-0.107640324292597,0.00644578804381839));
#8064=CARTESIAN_POINT('',(0.143715597454671,-0.107640324292597,0.00644513978618876));
#8065=CARTESIAN_POINT('',(0.143715595352453,-0.107587636419849,0.00644648529134992));
#8066=CARTESIAN_POINT('',(0.143715593250234,-0.107534948547102,0.00644783079651114));
#8067=CARTESIAN_POINT('',(0.144242642606945,-0.107534948547102,0.00644865425887796));
#8068=CARTESIAN_POINT('',(0.144769691963657,-0.107534948547102,0.00644947772124479));
#8069=CARTESIAN_POINT('',(0.144769695116984,-0.1076139803311,0.0064474594641447));
#8070=CARTESIAN_POINT('',(0.14476969827031,-0.107693012115098,0.00644544120704567));
#8071=CARTESIAN_POINT('',(0.144298723250811,-0.107824731671351,0.00644134158736491));
#8072=CARTESIAN_POINT('',(0.144769722445799,-0.108298922073859,0.00642996791245085));
#8073=CARTESIAN_POINT('',(0.144769725599123,-0.108377953807611,0.00642794965663417));
#8074=CARTESIAN_POINT('',(0.144242676242412,-0.108377953807611,0.0064271261942673));
#8075=CARTESIAN_POINT('',(0.144130533890345,-0.108272578162609,0.00642964199728517));
#8076=CARTESIAN_POINT('',(0.144242704271961,-0.109080458040628,0.00640918614427552));
#8077=CARTESIAN_POINT('',(0.143715660521164,-0.109220958967627,0.00640477466985751));
#8078=CARTESIAN_POINT('',(0.144769748022759,-0.10893995711363,0.00641359761869353));
#8079=CARTESIAN_POINT('',(0.143715658418947,-0.109168271145126,0.00640612017373532));
#8080=CARTESIAN_POINT('',(0.143715656316731,-0.109115583322625,0.00640746567761313));
#8081=CARTESIAN_POINT('',(0.143850220708119,-0.109080458040628,0.00640857292761922));
#8082=CARTESIAN_POINT('',(0.143984785099508,-0.109045332758631,0.0064096801776253));
#8083=CARTESIAN_POINT('',(0.143984778092123,-0.108869706750624,0.00641416518884001));
#8084=CARTESIAN_POINT('',(0.143984771084737,-0.108694080742617,0.00641865020005471));
#8085=CARTESIAN_POINT('',(0.143850203890388,-0.10865895546062,0.00641933695864067));
#8086=CARTESIAN_POINT('',(0.143715636696039,-0.108623830178624,0.00642002371722664));
#8087=CARTESIAN_POINT('',(0.143715634593822,-0.108571142356123,0.00642136922110445));
#8088=CARTESIAN_POINT('',(0.143715632491606,-0.108518454533622,0.00642271472498226));
#8089=CARTESIAN_POINT('',(0.14424268745423,-0.10865895546062,0.0064199501752975));
#8090=CARTESIAN_POINT('',(0.144769742416855,-0.108799456387619,0.00641718562561269));
#8091=CARTESIAN_POINT('',(0.144769745219808,-0.108869706750624,0.00641539162215359));
#8092=CARTESIAN_POINT('',(0.143928747558936,-0.109835650096146,0.00638941001709109));
#8093=CARTESIAN_POINT('',(0.144141805165688,-0.10971271191064,0.00639288241347947));
#8094=CARTESIAN_POINT('',(0.143715689952185,-0.109958588281653,0.00638593762070265));
#8095=CARTESIAN_POINT('',(0.143928737748598,-0.109589773725134,0.00639568903176539));
#8096=CARTESIAN_POINT('',(0.143984803669091,-0.109510741991383,0.00639779488995022));
#8097=CARTESIAN_POINT('',(0.144253941211105,-0.10966002408814,0.00639440312209455));
#8098=CARTESIAN_POINT('',(0.144511853025802,-0.109510741991382,0.00639861835231759));
#8099=CARTESIAN_POINT('',(0.144769764840498,-0.109361459894625,0.00640283358253963));
#8100=CARTESIAN_POINT('',(0.144769766942716,-0.109414147717126,0.00640148807866177));
#8101=CARTESIAN_POINT('',(0.144769769044931,-0.109466835539628,0.00640014257478401));
#8102=CARTESIAN_POINT('',(0.14455671143818,-0.109589773725134,0.00639667017839557));
#8103=CARTESIAN_POINT('',(0.14434365383143,-0.10971271191064,0.00639319778200713));
#8104=CARTESIAN_POINT('',(0.144556721248518,-0.109835650096147,0.00639039116372127));
#8105=CARTESIAN_POINT('',(0.144769788665607,-0.109958588281653,0.0063875845454354));
#8106=CARTESIAN_POINT('',(0.144769790767825,-0.110011276104154,0.00638623904155854));
#8107=CARTESIAN_POINT('',(0.144769792870041,-0.110063963926655,0.00638489353768073));
#8108=CARTESIAN_POINT('',(0.14451186914279,-0.109914681829898,0.00638830282600933));
#8109=CARTESIAN_POINT('',(0.144253945415538,-0.109765399733141,0.00639171211433893));
#8110=CARTESIAN_POINT('',(0.143984819786078,-0.109914681829898,0.00638747936364251));
#8111=CARTESIAN_POINT('',(0.143715694156617,-0.110063963926655,0.00638324661294608));
#8112=CARTESIAN_POINT('',(0.143715692054402,-0.110011276104154,0.00638459211682484));
#8113=CARTESIAN_POINT('',(0.144021339542847,-0.107498097759848,0.00644924956609088));
#8114=CARTESIAN_POINT('',(0.144623888546613,-0.106937819908838,0.00646449899860484));
#8115=CARTESIAN_POINT('',(0.144534173792659,-0.106832444263837,0.00646704984252059));
#8116=CARTESIAN_POINT('',(0.144500531616216,-0.106814881673086,0.0064674457819145));
#8117=CARTESIAN_POINT('',(0.144455676006792,-0.106806100352587,0.00646759995109356));
#8118=CARTESIAN_POINT('',(0.144410820397368,-0.106797319032088,0.00646775412027261));
#8119=CARTESIAN_POINT('',(0.144242613160209,-0.106797319032088,0.00646749131314077));
#8120=CARTESIAN_POINT('',(0.14407440592305,-0.106797319032088,0.00646722850600894));
#8121=CARTESIAN_POINT('',(0.144029551014365,-0.106806100352586,0.00646693417304001));
#8122=CARTESIAN_POINT('',(0.143984696105681,-0.106814881673086,0.00646663984007109));
#8123=CARTESIAN_POINT('',(0.143951055362129,-0.106832444263836,0.00646613877778465));
#8124=CARTESIAN_POINT('',(0.143917414618578,-0.106850006854588,0.0064656377154992));
#8125=CARTESIAN_POINT('',(0.143894988032305,-0.106876350765838,0.00646492992259995));
#8126=CARTESIAN_POINT('',(0.143872561446033,-0.106902694677089,0.00646422212970171));
#8127=CARTESIAN_POINT('',(0.143861349032748,-0.106937819908838,0.00646330760621411));
#8128=CARTESIAN_POINT('',(0.143850136619463,-0.106972945140588,0.00646239308272751));
#8129=CARTESIAN_POINT('',(0.143850139422417,-0.10704319555384,0.0064605990779851));
#8130=CARTESIAN_POINT('',(0.143850142225372,-0.107113445967093,0.00645880507324264));
#8131=CARTESIAN_POINT('',(0.143861357441614,-0.107148571198843,0.0064579255907039));
#8132=CARTESIAN_POINT('',(0.143872572657855,-0.107183696430593,0.00645704610816415));
#8133=CARTESIAN_POINT('',(0.143895001346344,-0.107210040341843,0.00645640839718559));
#8134=CARTESIAN_POINT('',(0.143917430034833,-0.107236384253094,0.00645577068620603));
#8135=CARTESIAN_POINT('',(0.143951072179861,-0.107253946843844,0.00645537474676264));
#8136=CARTESIAN_POINT('',(0.14398471432489,-0.107271509434596,0.00645497880731926));
#8137=CARTESIAN_POINT('',(0.144029569934314,-0.107280290755096,0.00645482463814072));
#8138=CARTESIAN_POINT('',(0.144074425543737,-0.107289072075595,0.00645467046896219));
#8139=CARTESIAN_POINT('',(0.144242632780896,-0.107289072075595,0.00645493327609303));
#8140=CARTESIAN_POINT('',(0.144410840018055,-0.107289072075595,0.00645519608322487));
#8141=CARTESIAN_POINT('',(0.144455694926739,-0.107280290755095,0.00645549041619382));
#8142=CARTESIAN_POINT('',(0.144500549835423,-0.107271509434596,0.00645578474916277));
#8143=CARTESIAN_POINT('',(0.144534190610389,-0.107253946843845,0.00645628581149916));
#8144=CARTESIAN_POINT('',(0.144623896955479,-0.107148571198843,0.0064591169830936));
#8145=CARTESIAN_POINT('',(0.14412408783612,-0.109132579025086,0.00640766978623192));
#8146=CARTESIAN_POINT('',(0.144377258459802,-0.108790675005691,0.00641679666153179));
#8147=CARTESIAN_POINT('',(0.14407448230358,-0.108711643283122,0.00641834186426435));
#8148=CARTESIAN_POINT('',(0.144680034603488,-0.108869706776261,0.00641525145755458));
#8149=CARTESIAN_POINT('',(0.144074488610229,-0.108869706750624,0.00641430535263095));
#8150=CARTESIAN_POINT('',(0.144074494916878,-0.109027770218127,0.00641026884099754));
#8151=CARTESIAN_POINT('',(0.144377264760183,-0.108948738497194,0.00641276014927606));
#8152=CARTESIAN_POINT('',(0.145166688396239,-0.109473752662924,-0.00160589054226465));
#8153=CARTESIAN_POINT('',(0.144055590735904,-0.109518023809473,-0.000129294704797925));
#8154=CARTESIAN_POINT('',(0.144053022370668,-0.109560003581696,0.0015145633508263));
#8155=CARTESIAN_POINT('',(0.144058159101139,-0.10947604403725,-0.00177315276042215));
#8156=CARTESIAN_POINT('',(0.144248027219227,-0.109558857894533,0.0015148972843783));
#8157=CARTESIAN_POINT('',(0.144443032067786,-0.10955771220737,0.00151523121793029));
#8158=CARTESIAN_POINT('',(0.144445600433022,-0.109515732435147,-0.000128626837693468));
#8159=CARTESIAN_POINT('',(0.144448168798256,-0.109473752662924,-0.00177248489331712));
#8160=CARTESIAN_POINT('',(0.144253163949698,-0.109474898350087,-0.00177281882686964));
#8161=CARTESIAN_POINT('',(0.144442997562724,-0.109560003581696,0.00151121385796851));
#8162=CARTESIAN_POINT('',(0.144051857592628,-0.109428803282661,0.0017446177024618));
#8163=CARTESIAN_POINT('',(0.144050692814589,-0.109297602983626,0.00197467205409829));
#8164=CARTESIAN_POINT('',(0.144245697663148,-0.109296457296462,0.00197500598764978));
#8165=CARTESIAN_POINT('',(0.144440702511707,-0.1092953116093,0.00197533992120226));
#8166=CARTESIAN_POINT('',(0.144441867289747,-0.109426511908335,0.00174528556956622));
#8167=CARTESIAN_POINT('',(0.144059718340804,-0.109739478600271,-0.00177987774389506));
#8168=CARTESIAN_POINT('',(0.144256282429028,-0.110001767476129,-0.00178626879381365));
#8169=CARTESIAN_POINT('',(0.144451287277586,-0.110000621788966,-0.00178593486026113));
#8170=CARTESIAN_POINT('',(0.144061277580469,-0.110002913163292,-0.00178660272736616));
#8171=CARTESIAN_POINT('',(0.144059718340804,-0.10973947860027,-0.00177987774389461));
#8172=CARTESIAN_POINT('',(0.144449728037922,-0.109737187225945,-0.00177920987678914));
#8173=CARTESIAN_POINT('',(0.144437911492247,-0.107157254813538,0.00242543755298596));
#8174=CARTESIAN_POINT('',(0.144438199834282,-0.107179747429607,0.00233422601417595));
#8175=CARTESIAN_POINT('',(0.144438053103525,-0.107182145734818,0.00242813965713115));
#8176=CARTESIAN_POINT('',(0.144438346565037,-0.107177349124396,0.00224031237122081));
#8177=CARTESIAN_POINT('',(0.144441620968334,-0.10773056170674,0.0022261899059293));
#8178=CARTESIAN_POINT('',(0.14444489537163,-0.108283774289084,0.0022120674406378));
#8179=CARTESIAN_POINT('',(0.144444748640874,-0.108286172594294,0.00230598108359347));
#8180=CARTESIAN_POINT('',(0.144444601910118,-0.108288570899505,0.00239989472654914));
#8181=CARTESIAN_POINT('',(0.144441327506822,-0.107735358317161,0.00241401719184014));
#8182=CARTESIAN_POINT('',(0.144216854981087,-0.103538768797576,-0.000935893343893659));
#8183=CARTESIAN_POINT('',(0.144626096468223,-0.103323135592124,-0.00102671783351389));
#8184=CARTESIAN_POINT('',(0.144627343859954,-0.103533883242541,-0.00103209782029108));
#8185=CARTESIAN_POINT('',(0.14462484907649,-0.103112387941708,-0.00102133784673569));
#8186=CARTESIAN_POINT('',(0.144216854981087,-0.103538768797576,-0.000935893343893035));
#8187=CARTESIAN_POINT('',(0.143806668917861,-0.103538704849558,-0.00103350317457045));
#8188=CARTESIAN_POINT('',(0.14380542152613,-0.103327957199141,-0.00102812318779394));
#8189=CARTESIAN_POINT('',(0.143804174134397,-0.103117209548724,-0.00102274320101667));
#8190=CARTESIAN_POINT('',(0.144214360197624,-0.103117273496744,-0.000925133370338532));
#8191=CARTESIAN_POINT('',(0.143736409961748,-0.106059689561509,0.00638018971937782));
#8192=CARTESIAN_POINT('',(0.143738044334756,-0.106058344055989,0.0064328521867028));
#8193=CARTESIAN_POINT('',(0.143738126658464,-0.106056998543719,0.00638016442868861));
#8194=CARTESIAN_POINT('',(0.143760552889458,-0.106021873324531,0.00638109647233306));
#8195=CARTESIAN_POINT('',(0.143782979120451,-0.105986748105344,0.00638202851597751));
#8196=CARTESIAN_POINT('',(0.143782896773067,-0.105988093654697,0.00643471627300695));
#8197=CARTESIAN_POINT('',(0.143867580110053,-0.106530391939193,0.00636853405707869));
#8198=CARTESIAN_POINT('',(0.143928780801357,-0.106539970254165,0.0063681284911245));
#8199=CARTESIAN_POINT('',(0.143872711369317,-0.10653118895879,0.00636826513917569));
#8200=CARTESIAN_POINT('',(0.143872629049918,-0.106532534464309,0.00642095289736865));
#8201=CARTESIAN_POINT('',(0.144500685743931,-0.106443375904539,0.00636879778479157));
#8202=CARTESIAN_POINT('',(0.144500603424532,-0.106550097059981,0.00642148554298497));
#8203=CARTESIAN_POINT('',(0.14450068574393,-0.106548751549541,0.00636879778491776));
#8204=CARTESIAN_POINT('',(0.144500683641714,-0.10649606372704,0.00637014328879458));
#8205=CARTESIAN_POINT('',(0.144500681539497,-0.106443375904539,0.00637148879267239));
#8206=CARTESIAN_POINT('',(0.144500599220099,-0.106444721425267,0.00642417655047772));
#8207=CARTESIAN_POINT('',(0.14510742898744,-0.112154749721466,0.00137613667980072));
#8208=CARTESIAN_POINT('',(0.144789249191438,-0.111819149334819,0.00137394857559619));
#8209=CARTESIAN_POINT('',(0.144790080785924,-0.111959647768234,0.00137036191774987));
#8210=CARTESIAN_POINT('',(0.144790912380411,-0.112100146201648,0.00136677525990356));
#8211=CARTESIAN_POINT('',(0.144791743974898,-0.112240644635062,0.00136318860205724));
#8212=CARTESIAN_POINT('',(0.144789317308779,-0.111819151239844,0.00137403899375395));
#8213=CARTESIAN_POINT('',(0.144791812095757,-0.112240646537679,0.00136327891514249));
#8214=CARTESIAN_POINT('',(0.145105433160668,-0.1118175534808,0.00138474465864468));
#8215=CARTESIAN_POINT('',(0.145421657239413,-0.111815695609724,0.00138528617251224));
#8216=CARTESIAN_POINT('',(0.145422904631145,-0.112026443260141,0.00137990618573474));
#8217=CARTESIAN_POINT('',(0.145424152022877,-0.112237190910558,0.00137452619895724));
#8218=CARTESIAN_POINT('',(0.145107927944133,-0.112239048781633,0.00137398468508972));
#8219=CARTESIAN_POINT('',(0.142061454342647,-0.11077259494353,0.00298834163490839));
#8220=CARTESIAN_POINT('',(0.142406879573829,-0.110596056545003,0.00299338964978101));
#8221=CARTESIAN_POINT('',(0.142406957535812,-0.110609228273154,0.00299305340060727));
#8222=CARTESIAN_POINT('',(0.142196141483316,-0.11061046685387,0.00299269239136139));
#8223=CARTESIAN_POINT('',(0.143850807177961,-0.10697110743818,0.00647518810108932));
#8224=CARTESIAN_POINT('',(0.14387264376072,-0.106901349186328,0.00641153437112386));
#8225=CARTESIAN_POINT('',(0.143872726084829,-0.10690000366605,0.00635884661331495));
#8226=CARTESIAN_POINT('',(0.143861513671544,-0.106935128897799,0.00635793208982836));
#8227=CARTESIAN_POINT('',(0.143850301258259,-0.106970254129549,0.00635701756634176));
#8228=CARTESIAN_POINT('',(0.143850218938861,-0.106971599635071,0.00640970532453466));
#8229=CARTESIAN_POINT('',(0.142436605621516,-0.104967197830507,0.00313718220732466));
#8230=CARTESIAN_POINT('',(0.142426059934157,-0.104931903794876,0.0031380670467395));
#8231=CARTESIAN_POINT('',(0.142425981972173,-0.104918732066725,0.00313840329591329));
#8232=CARTESIAN_POINT('',(0.142454969179391,-0.104918561761876,0.00313845293468441));
#8233=CARTESIAN_POINT('',(0.142605219089934,-0.104892131601505,0.00213795350506687));
#8234=CARTESIAN_POINT('',(0.142374101153034,-0.104905586656704,0.00261143546167381));
#8235=CARTESIAN_POINT('',(0.142373277959048,-0.104919041711904,0.00313831304360134));
#8236=CARTESIAN_POINT('',(0.142162461906552,-0.10492028029262,0.00313795203435596));
#8237=CARTESIAN_POINT('',(0.142027930689851,-0.105108751838583,0.00313292877955493));
#8238=CARTESIAN_POINT('',(0.142373355921031,-0.104932213440055,0.0031379767944281));
#8239=CARTESIAN_POINT('',(0.141937974493382,-0.103527015654284,0.00633651642336307));
#8240=CARTESIAN_POINT('',(0.144203000120618,-0.103302953258498,0.00634577726030768));
#8241=CARTESIAN_POINT('',(0.142148791000514,-0.103525777070897,0.006336877433387));
#8242=CARTESIAN_POINT('',(0.143569385107694,-0.103381741303224,-0.00029710841406114));
#8243=CARTESIAN_POINT('',(0.143631958407064,-0.103163726097626,0.000759497779982592));
#8244=CARTESIAN_POINT('',(0.143580594929758,-0.103142517327212,-8.32122669864955E-5));
#8245=CARTESIAN_POINT('',(0.143581842321491,-0.103353264977628,-8.85922537640478E-5));
#8246=CARTESIAN_POINT('',(0.143583089713222,-0.103564012628045,-9.39722405414957E-5));
#8247=CARTESIAN_POINT('',(0.143634453162797,-0.103585221387009,0.000748737351461384));
#8248=CARTESIAN_POINT('',(0.144612992604977,-0.106741940195465,0.00635932703329027));
#8249=CARTESIAN_POINT('',(0.144612749335267,-0.106743285700991,0.00641672723465021));
#8250=CARTESIAN_POINT('',(0.144612831662519,-0.106741940198546,0.00636403947639021));
#8251=CARTESIAN_POINT('',(0.144657688323052,-0.106777065430296,0.0063632125552727));
#8252=CARTESIAN_POINT('',(0.144702544983584,-0.106812190662046,0.00636238563415525));
#8253=CARTESIAN_POINT('',(0.144702462622282,-0.106813536131679,0.00641507339319935));
#8254=CARTESIAN_POINT('',(0.144696890974571,-0.105977974421011,0.00638472590569228));
#8255=CARTESIAN_POINT('',(0.144702429727665,-0.105988093625225,0.00643615295283647));
#8256=CARTESIAN_POINT('',(0.14470251204886,-0.105986748105343,0.00638346519501308));
#8257=CARTESIAN_POINT('',(0.144724941079864,-0.106021873324531,0.00638260323326823));
#8258=CARTESIAN_POINT('',(0.144747370110869,-0.106056998543719,0.00638174127152438));
#8259=CARTESIAN_POINT('',(0.144747287785196,-0.10605834402224,0.00643442903039712));
#8260=CARTESIAN_POINT('',(0.144267998042094,-0.112179422464659,-0.0011564728017747));
#8261=CARTESIAN_POINT('',(0.143856564587137,-0.111968610866223,-0.00124870264567478));
#8262=CARTESIAN_POINT('',(0.143855317195409,-0.111757863215807,-0.00124332265889749));
#8263=CARTESIAN_POINT('',(0.143857811978872,-0.11217935851664,-0.00125408263245249));
#8264=CARTESIAN_POINT('',(0.144265503258631,-0.111757927163825,-0.00114571282821973));
#8265=CARTESIAN_POINT('',(0.144267998042094,-0.112179422464659,-0.0011564728017747));
#8266=CARTESIAN_POINT('',(0.143631738688852,-0.111758361362951,-0.000303778404660506));
#8267=CARTESIAN_POINT('',(0.143743527593089,-0.111770517105051,-0.000773557191882033));
#8268=CARTESIAN_POINT('',(0.143746022376553,-0.112192012405884,-0.000784317165436534));
#8269=CARTESIAN_POINT('',(0.144788438339372,-0.111714239800277,0.00137958475352939));
#8270=CARTESIAN_POINT('',(0.144845132591086,-0.112219062589657,0.000530143995904609));
#8271=CARTESIAN_POINT('',(0.144842637460984,-0.11179756742895,0.000540909378186694));
#8272=CARTESIAN_POINT('',(0.145623879008158,-0.112659290423251,0.00136405895119576));
#8273=CARTESIAN_POINT('',(0.145974740865626,-0.111812446147902,0.00138623329347542));
#8274=CARTESIAN_POINT('',(0.14652782449184,-0.11180919668608,0.00138718041443961));
#8275=CARTESIAN_POINT('',(0.146529071883571,-0.112019944336496,0.00138180042766111));
#8276=CARTESIAN_POINT('',(0.146530319275302,-0.112230691986913,0.00137642044088466));
#8277=CARTESIAN_POINT('',(0.14597723564909,-0.112233941448735,0.00137547331992045));
#8278=CARTESIAN_POINT('',(0.142884292264523,-0.105656658488362,0.00323695346559265));
#8279=CARTESIAN_POINT('',(0.142375832803342,-0.105686259609802,0.00427861377012822));
#8280=CARTESIAN_POINT('',(0.14237764383011,-0.105656658488362,0.00311948308988036));
#8281=CARTESIAN_POINT('',(0.142166827777614,-0.105657897069078,0.00311912208063445));
#8282=CARTESIAN_POINT('',(0.146003264541314,-0.104593294932422,0.00594874891147192));
#8283=CARTESIAN_POINT('',(0.146009932826594,-0.104910847922693,0.00314420420391535));
#8284=CARTESIAN_POINT('',(0.146009854864611,-0.104897676194542,0.00314454045308907));
#8285=CARTESIAN_POINT('',(0.146010010788577,-0.104924019650844,0.00314386795474159));
#8286=CARTESIAN_POINT('',(0.146007632240849,-0.104934004843582,0.00456710992430253));
#8287=CARTESIAN_POINT('',(0.146005409617088,-0.104970333492621,0.00598967939551594));
#8288=CARTESIAN_POINT('',(0.146007124780719,-0.105260111511943,0.00598228191369695));
#8289=CARTESIAN_POINT('',(0.146015116591241,-0.106198490746081,0.00453483000363701));
#8290=CARTESIAN_POINT('',(0.146015857465828,-0.106186381196402,0.00406064017989938));
#8291=CARTESIAN_POINT('',(0.146013830454264,-0.105843916264474,0.00406938265841488));
#8292=CARTESIAN_POINT('',(0.146011803442699,-0.105501451332547,0.00407812513692738));
#8293=CARTESIAN_POINT('',(0.146012544317286,-0.105489341782868,0.00360393531318923));
#8294=CARTESIAN_POINT('',(0.146013285191873,-0.105477232233188,0.00312974548945113));
#8295=CARTESIAN_POINT('',(0.146011647990226,-0.105200625942016,0.00313680672209633));
#8296=CARTESIAN_POINT('',(0.147332383057709,-0.111804381318097,0.00241774173250709));
#8297=CARTESIAN_POINT('',(0.146101838173553,-0.111853951172729,0.00407420656214301));
#8298=CARTESIAN_POINT('',(0.146104719352502,-0.111806858479531,0.0022301350253849));
#8299=CARTESIAN_POINT('',(0.146315535404999,-0.111805619898813,0.00223049603462324));
#8300=CARTESIAN_POINT('',(0.146526351457496,-0.111804381318097,0.00223085704387661));
#8301=CARTESIAN_POINT('',(0.146523470278546,-0.111851474011296,0.00407492858063374));
#8302=CARTESIAN_POINT('',(0.143715713357504,-0.106302860061346,0.00637281823332548));
#8303=CARTESIAN_POINT('',(0.143726924404908,-0.106346781554913,0.00637274663720659));
#8304=CARTESIAN_POINT('',(0.143715708837316,-0.106302875027788,0.00637385037017651));
#8305=CARTESIAN_POINT('',(0.143715626517917,-0.106304220533309,0.00642653812836994));
#8306=CARTESIAN_POINT('',(0.143715708837316,-0.106144811585406,0.00637385037017651));
#8307=CARTESIAN_POINT('',(0.143715705683992,-0.106223843306597,0.00637586862567276));
#8308=CARTESIAN_POINT('',(0.143715702530668,-0.106144811585406,0.00637788688116801));
#8309=CARTESIAN_POINT('',(0.14371562021127,-0.106146157101054,0.00643057463910254));
#8310=CARTESIAN_POINT('',(0.143779548352766,-0.105989439161256,0.00638213495770765));
#8311=CARTESIAN_POINT('',(0.143827832981955,-0.105951622892436,0.00638299560041059));
#8312=CARTESIAN_POINT('',(0.143830612872478,-0.10795702141911,0.00649190257735822));
#8313=CARTESIAN_POINT('',(0.144769780589709,-0.107691666609579,0.00639275344885222));
#8314=CARTESIAN_POINT('',(0.144769862909107,-0.107690321104058,0.00634006569065887));
#8315=CARTESIAN_POINT('',(0.144298887889608,-0.107822040660311,0.00633596607097908));
#8316=CARTESIAN_POINT('',(0.143867064217442,-0.106366519740725,0.00637318499228683));
#8317=CARTESIAN_POINT('',(0.143872622738556,-0.106374470982046,0.00642498940937122));
#8318=CARTESIAN_POINT('',(0.143872705062668,-0.106373125491287,0.00637230165080815));
#8319=CARTESIAN_POINT('',(0.143895133751157,-0.106399469402537,0.00637166393983006));
#8320=CARTESIAN_POINT('',(0.143917562439646,-0.106425813313788,0.00637102622885097));
#8321=CARTESIAN_POINT('',(0.14391748008377,-0.106427158785688,0.00642371398784503));
#8322=CARTESIAN_POINT('',(0.144769788665608,-0.109955897270613,0.00638758454543635));
#8323=CARTESIAN_POINT('',(0.144769870985006,-0.109957242776133,0.0063348967872425));
#8324=CARTESIAN_POINT('',(0.14476987518944,-0.110062618421135,0.00633220577948732));
#8325=CARTESIAN_POINT('',(0.144251018179961,-0.10976092239902,0.00628649863622292));
#8326=CARTESIAN_POINT('',(0.144254027734937,-0.109764054227621,0.00633902435614603));
#8327=CARTESIAN_POINT('',(0.144451922383412,-0.110084581333412,0.00150184411409515));
#8328=CARTESIAN_POINT('',(0.144446607378329,-0.110227352979918,0.00172484161981203));
#8329=CARTESIAN_POINT('',(0.144446150547116,-0.110084581333412,0.00150178125098628));
#8330=CARTESIAN_POINT('',(0.144447064209539,-0.110370124626425,0.00194790198863688));
#8331=CARTESIAN_POINT('',(0.144252059360981,-0.110371270313588,0.00194756805508437));
#8332=CARTESIAN_POINT('',(0.144057054512422,-0.110372416000751,0.00194723412153184));
#8333=CARTESIAN_POINT('',(0.14405659768121,-0.110229644354244,0.00172417375270707));
#8334=CARTESIAN_POINT('',(0.144056140849998,-0.110086872707738,0.00150111338388229));
#8335=CARTESIAN_POINT('',(0.144251145698557,-0.110085727020575,0.00150144731743428));
#8336=CARTESIAN_POINT('',(0.143780811365875,-0.107267082913674,0.00634940420934573));
#8337=CARTESIAN_POINT('',(0.143872661276047,-0.107340414386424,0.0064003218384832));
#8338=CARTESIAN_POINT('',(0.143872743603302,-0.107339068887056,0.00634763408014489));
#8339=CARTESIAN_POINT('',(0.143827886938843,-0.107303943655305,0.00634846100125639));
#8340=CARTESIAN_POINT('',(0.143783030274383,-0.107268818423556,0.00634928792236789));
#8341=CARTESIAN_POINT('',(0.143782947922902,-0.107270163903954,0.0064019756811527));
#8342=CARTESIAN_POINT('',(0.144769719292474,-0.108217199329068,0.00643198616826757));
#8343=CARTESIAN_POINT('',(0.144769887084596,-0.10829623106282,0.00632459239606504));
#8344=CARTESIAN_POINT('',(0.14476989023792,-0.108375262796571,0.00632257414024836));
#8345=CARTESIAN_POINT('',(0.144769807918523,-0.108376608302091,0.00637526189844122));
#8346=CARTESIAN_POINT('',(0.143110214942359,-0.110608578018278,0.00313063697053465));
#8347=CARTESIAN_POINT('',(0.142771934296548,-0.110671645021861,0.00552269756005109));
#8348=CARTESIAN_POINT('',(0.142455710217802,-0.110673502892933,0.00552215604618877));
#8349=CARTESIAN_POINT('',(0.142457685883371,-0.110641210760454,0.00425764984955392));
#8350=CARTESIAN_POINT('',(0.142459661548936,-0.110608918627974,0.00299314365291922));
#8351=CARTESIAN_POINT('',(0.142488648756154,-0.110608748323126,0.00299319329169036));
#8352=CARTESIAN_POINT('',(0.146030388116183,-0.109154527677483,0.00575864280722659));
#8353=CARTESIAN_POINT('',(0.146039363239524,-0.110020416266826,0.00348826559747117));
#8354=CARTESIAN_POINT('',(0.146038622364936,-0.110032525816505,0.00396245542120935));
#8355=CARTESIAN_POINT('',(0.146040104114111,-0.110008306717146,0.00301407577373304));
#8356=CARTESIAN_POINT('',(0.146036595353373,-0.109690060884578,0.00397119789972279));
#8357=CARTESIAN_POINT('',(0.146034568341807,-0.109347595952651,0.00397994037823635));
#8358=CARTESIAN_POINT('',(0.146033827467221,-0.109359705502331,0.00445413020197395));
#8359=CARTESIAN_POINT('',(0.146033086592634,-0.109371815052011,0.00492832002571161));
#8360=CARTESIAN_POINT('',(0.146035113604198,-0.109714279983937,0.00491957754719711));
#8361=CARTESIAN_POINT('',(0.146037140615763,-0.110056744915864,0.0049108350686846));
#8362=CARTESIAN_POINT('',(0.146036399741176,-0.110068854465544,0.00538502489242173));
#8363=CARTESIAN_POINT('',(0.146035658866588,-0.110080964015224,0.00585921471615891));
#8364=CARTESIAN_POINT('',(0.14603737403022,-0.110370742034547,0.00585181723433986));
#8365=CARTESIAN_POINT('',(0.146039089193851,-0.11066052005387,0.00584441975252087));
#8366=CARTESIAN_POINT('',(0.146041311817613,-0.110624191404832,0.00442185028130743));
#8367=CARTESIAN_POINT('',(0.146043534441374,-0.110587862755792,0.00299928081009404));
#8368=CARTESIAN_POINT('',(0.146043456479391,-0.110574691027641,0.00299961705926826));
#8369=CARTESIAN_POINT('',(0.146043378517408,-0.11056151929949,0.00299995330844153));
#8370=CARTESIAN_POINT('',(0.146041741315759,-0.110284913008318,0.00300701454108729));
#8371=CARTESIAN_POINT('',(0.144249468260617,-0.109660024088139,0.00628922482993461));
#8372=CARTESIAN_POINT('',(0.144254023530504,-0.10965867858262,0.00634171536390165));
#8373=CARTESIAN_POINT('',(0.144769847159898,-0.109360114389105,0.00635014582434668));
#8374=CARTESIAN_POINT('',(0.144410980855291,-0.106689252426292,0.00636506961039473));
#8375=CARTESIAN_POINT('',(0.144074484038017,-0.106690597931812,0.0064172317542883));
#8376=CARTESIAN_POINT('',(0.144074566357416,-0.106689252426293,0.00636454399609489));
#8377=CARTESIAN_POINT('',(0.144242773594575,-0.106689252426293,0.00636480680322771));
#8378=CARTESIAN_POINT('',(0.144410980831735,-0.106689252426293,0.00636506961035852));
#8379=CARTESIAN_POINT('',(0.144410898535893,-0.106690597931812,0.00641775736858864));
#8380=CARTESIAN_POINT('',(0.14441398111801,-0.106689252422882,0.00634683694674051));
#8381=CARTESIAN_POINT('',(0.144467050287335,-0.106698033721668,0.00636493296234431));
#8382=CARTESIAN_POINT('',(0.144523119742936,-0.106706815017044,0.00636479631433009));
#8383=CARTESIAN_POINT('',(0.144523037439246,-0.106708160528714,0.00641748407239019));
#8384=CARTESIAN_POINT('',(0.143945697671288,-0.106709506039075,0.00636661982523184));
#8385=CARTESIAN_POINT('',(0.143962346520942,-0.106708160533555,0.00641660804829526));
#8386=CARTESIAN_POINT('',(0.143962428910518,-0.106706815017044,0.00636392029049308));
#8387=CARTESIAN_POINT('',(0.144018497633967,-0.106698033721668,0.00636423214329349));
#8388=CARTESIAN_POINT('',(0.14452356797746,-0.106706815017044,0.00635808115595549));
#8389=CARTESIAN_POINT('',(0.144567975702727,-0.106724377607794,0.00636441789536015));
#8390=CARTESIAN_POINT('',(0.146047839911209,-0.10324581872314,0.00607369455166003));
#8391=CARTESIAN_POINT('',(0.146079398666117,-0.107742459829988,0.00307200088390352));
#8392=CARTESIAN_POINT('',(0.146062714801701,-0.104923710005665,0.00314395820705359));
#8393=CARTESIAN_POINT('',(0.146097061648484,-0.110574098055414,0.00247249348047497));
#8394=CARTESIAN_POINT('',(0.146097884842469,-0.110560643000213,0.00194561589854394));
#8395=CARTESIAN_POINT('',(0.146100067778,-0.11092945138844,0.00193620092168326));
#8396=CARTESIAN_POINT('',(0.146102250713532,-0.111298259776671,0.0019267859448229));
#8397=CARTESIAN_POINT('',(0.146102003755336,-0.111302296293231,0.00208484921940261));
#8398=CARTESIAN_POINT('',(0.146101756797139,-0.111306332809791,0.00224291249398237));
#8399=CARTESIAN_POINT('',(0.146103238074822,-0.111556595644661,0.00223652375967656));
#8400=CARTESIAN_POINT('',(0.146053501743939,-0.103687479719084,0.00428268104977358));
#8401=CARTESIAN_POINT('',(0.146056382922889,-0.103640387025885,0.00243860951301595));
#8402=CARTESIAN_POINT('',(0.146057864200571,-0.103890649860755,0.00243222077871367));
#8403=CARTESIAN_POINT('',(0.146062022330175,-0.104501648050732,0.00210029051840009));
#8404=CARTESIAN_POINT('',(0.146064205265705,-0.104870456438964,0.00209087554153902));
#8405=CARTESIAN_POINT('',(0.14606338207172,-0.104883911494164,0.00261775312346952));
#8406=CARTESIAN_POINT('',(0.146062558877734,-0.104897366549363,0.00314463070540008));
#8407=CARTESIAN_POINT('',(0.146062636839718,-0.104910538277514,0.00314429445622731));
#8408=CARTESIAN_POINT('',(0.146070033570311,-0.106739850787663,0.00510103562912839));
#8409=CARTESIAN_POINT('',(0.146072216505842,-0.107108659175892,0.00509162065226742));
#8410=CARTESIAN_POINT('',(0.146067850634779,-0.106371042399434,0.00511045060598946));
#8411=CARTESIAN_POINT('',(0.146073204338625,-0.107092513109652,0.00445936755395056));
#8412=CARTESIAN_POINT('',(0.146068838467562,-0.106354896333194,0.0044781975076721));
#8413=CARTESIAN_POINT('',(0.146084483153196,-0.10881503515935,0.00378272956471768));
#8414=CARTESIAN_POINT('',(0.143715777509719,-0.10788350965257,0.00632989724307654));
#8415=CARTESIAN_POINT('',(0.143715774706762,-0.107953760116069,0.00633169124910286));
#8416=CARTESIAN_POINT('',(0.143715771903806,-0.10788350965257,0.00633348525512817));
#8417=CARTESIAN_POINT('',(0.143715689584407,-0.107884855158089,0.00638617301332158));
#8418=CARTESIAN_POINT('',(0.143711202653839,-0.109958588281653,0.00628076057566371));
#8419=CARTESIAN_POINT('',(0.143715772271584,-0.109957242776133,0.00633324986250924));
#8420=CARTESIAN_POINT('',(0.144141887485086,-0.10971136640512,0.00634019465528607));
#8421=CARTESIAN_POINT('',(0.145989633926701,-0.110079207833042,0.00491018720089928));
#8422=CARTESIAN_POINT('',(0.146008153408544,-0.110056915220713,0.00491078542991199));
#8423=CARTESIAN_POINT('',(0.145979166201325,-0.110057085525562,0.00491073579114238));
#8424=CARTESIAN_POINT('',(0.146004099385415,-0.109371985356859,0.0049282703869395));
#8425=CARTESIAN_POINT('',(0.145975112178196,-0.109372155661708,0.00492822074816938));
#8426=CARTESIAN_POINT('',(0.14597713918976,-0.109714620593635,0.00491947826965441));
#8427=CARTESIAN_POINT('',(0.144769742416855,-0.108796765376579,0.00641718562561269));
#8428=CARTESIAN_POINT('',(0.144769824736253,-0.108798110882099,0.00636449786741979));
#8429=CARTESIAN_POINT('',(0.144769907055652,-0.108796765376579,0.00631181010922688));
#8430=CARTESIAN_POINT('',(0.144769909858605,-0.108867015739584,0.00631001610576728));
#8431=CARTESIAN_POINT('',(0.144769912661556,-0.10893726610259,0.00630822210230772));
#8432=CARTESIAN_POINT('',(0.144769830342159,-0.10893861160811,0.00636090986050058));
#8433=CARTESIAN_POINT('',(0.143726218234406,-0.108515763522582,0.00621024809235743));
#8434=CARTESIAN_POINT('',(0.143715714811005,-0.108517109028102,0.00637002696678936));
#8435=CARTESIAN_POINT('',(0.143715797130403,-0.108515763522582,0.00631733920859645));
#8436=CARTESIAN_POINT('',(0.144242852093027,-0.10865626444958,0.00631457465891167));
#8437=CARTESIAN_POINT('',(0.147284046628079,-0.103637909864452,0.00262621622013399));
#8438=CARTESIAN_POINT('',(0.146475133848931,-0.103685002557651,0.00428340306826536));
#8439=CARTESIAN_POINT('',(0.146478015027881,-0.103637909864452,0.0024393315315077));
#8440=CARTESIAN_POINT('',(0.146267198975385,-0.103639148445168,0.00243897052225731));
#8441=CARTESIAN_POINT('',(0.137899219497407,-0.111021158899786,0.00508438078979045));
#8442=CARTESIAN_POINT('',(0.139784207819353,-0.108887020933864,0.00514182611717336));
#8443=CARTESIAN_POINT('',(0.137122649695434,-0.108902658047497,0.00513726836609532));
#8444=CARTESIAN_POINT('',(0.142445765943272,-0.108871383820231,0.00514638386825141));
#8445=CARTESIAN_POINT('',(0.142439528984612,-0.107817645568148,0.00517328380213894));
#8446=CARTESIAN_POINT('',(0.136850099644169,-0.107376277538588,0.00517582224110663));
#8447=CARTESIAN_POINT('',(0.136853841883992,-0.108008531408599,0.00515968200203881));
#8448=CARTESIAN_POINT('',(0.137012892213896,-0.108165665924522,0.00515591770388169));
#8449=CARTESIAN_POINT('',(0.136855713003903,-0.108324658343605,0.00515161188250514));
#8450=CARTESIAN_POINT('',(0.13669853379391,-0.108483650762688,0.0051473060611276));
#8451=CARTESIAN_POINT('',(0.136910591744672,-0.108693154405092,0.00514228721361146));
#8452=CARTESIAN_POINT('',(0.146465697558667,-0.102661240915468,0.00628144063629174));
#8453=CARTESIAN_POINT('',(0.146501030771108,-0.107739982668554,0.00307272290239433));
#8454=CARTESIAN_POINT('',(0.146484346906693,-0.104921232844231,0.00314468022554435));
#8455=CARTESIAN_POINT('',(0.14648426894471,-0.10490806111608,0.00314501647471809));
#8456=CARTESIAN_POINT('',(0.146484190982727,-0.104894889387929,0.00314535272389184));
#8457=CARTESIAN_POINT('',(0.146485014176712,-0.10488143433273,0.00261847514196131));
#8458=CARTESIAN_POINT('',(0.146485837370699,-0.10486797927753,0.00209159756003072));
#8459=CARTESIAN_POINT('',(0.146483654435167,-0.104499170889298,0.00210101253689043));
#8460=CARTESIAN_POINT('',(0.146479496305563,-0.103888172699321,0.00243294279720444));
#8461=CARTESIAN_POINT('',(0.146475636480154,-0.103647895057189,0.00386257350106807));
#8462=CARTESIAN_POINT('',(0.146479176214292,-0.10359003831983,0.00159699989876569));
#8463=CARTESIAN_POINT('',(0.146477928822559,-0.103379290669413,0.00160237988554225));
#8464=CARTESIAN_POINT('',(0.146476681430827,-0.103168543018997,0.0016077598723208));
#8465=CARTESIAN_POINT('',(0.146472977057889,-0.103229090767395,0.00397870899100959));
#8466=CARTESIAN_POINT('',(0.146526614902365,-0.112291239735312,0.00374736955957293));
#8467=CARTESIAN_POINT('',(0.146524284757701,-0.111867053423438,0.003652754016742));
#8468=CARTESIAN_POINT('',(0.146524870179814,-0.111554118483227,0.00223724577816785));
#8469=CARTESIAN_POINT('',(0.146523388902133,-0.111303855648358,0.00224363451247408));
#8470=CARTESIAN_POINT('',(0.146523635860328,-0.111299819131798,0.00208557123789389));
#8471=CARTESIAN_POINT('',(0.146523882818524,-0.111295782615238,0.00192750796331366));
#8472=CARTESIAN_POINT('',(0.146521699882993,-0.110926974227006,0.00193692294017433));
#8473=CARTESIAN_POINT('',(0.146519516947461,-0.11055816583878,0.0019463379170357));
#8474=CARTESIAN_POINT('',(0.146518693753476,-0.110571620893981,0.00247321549896673));
#8475=CARTESIAN_POINT('',(0.146494836443618,-0.107090035948219,0.00446008957244178));
#8476=CARTESIAN_POINT('',(0.146493848610834,-0.107106182014459,0.00509234267075917));
#8477=CARTESIAN_POINT('',(0.146491665675303,-0.106737373626229,0.00510175764762019));
#8478=CARTESIAN_POINT('',(0.146489482739772,-0.106368565238,0.00511117262448021));
#8479=CARTESIAN_POINT('',(0.146490470572555,-0.106352419171761,0.00447891952616335));
#8480=CARTESIAN_POINT('',(0.146506115258188,-0.108812557997917,0.00378345158320947));
#8481=CARTESIAN_POINT('',(0.144068895315626,-0.106794635842966,0.00636215041667443));
#8482=CARTESIAN_POINT('',(0.144410902716767,-0.106795973526568,0.00641506636207921));
#8483=CARTESIAN_POINT('',(0.144410985036164,-0.106794628021047,0.00636237860388586));
#8484=CARTESIAN_POINT('',(0.144242777799005,-0.106794628021047,0.0063621157967545));
#8485=CARTESIAN_POINT('',(0.144074570561847,-0.106794628021047,0.00636185298962313));
#8486=CARTESIAN_POINT('',(0.144074488242448,-0.106795973526568,0.00641454074781603));
#8487=CARTESIAN_POINT('',(0.143868729720317,-0.107337501931401,0.00634784443858309));
#8488=CARTESIAN_POINT('',(0.143962373318285,-0.10737553961595,0.00639956499950913));
#8489=CARTESIAN_POINT('',(0.143962455538593,-0.107374194068558,0.006346877242231));
#8490=CARTESIAN_POINT('',(0.143917599570948,-0.107356631477807,0.00634725566118795));
#8491=CARTESIAN_POINT('',(0.144074482303574,-0.108708952118265,0.00641834186819207));
#8492=CARTESIAN_POINT('',(0.144074564622973,-0.108710297623785,0.00636565410999867));
#8493=CARTESIAN_POINT('',(0.144074646942378,-0.108708952272081,0.00631296634787754));
#8494=CARTESIAN_POINT('',(0.144074653249027,-0.108867015739584,0.00630892983624461));
#8495=CARTESIAN_POINT('',(0.144074659555676,-0.109025079207088,0.00630489332461168));
#8496=CARTESIAN_POINT('',(0.144074577236277,-0.109026424712607,0.00635758108280464));
#8497=CARTESIAN_POINT('',(0.148055190936705,-0.111746881758652,-0.000699720674802233));
#8498=CARTESIAN_POINT('',(0.142548362989382,-0.111832576709665,0.00138036583662152));
#8499=CARTESIAN_POINT('',(0.146062022330174,-0.104501648050732,0.00210029051839997));
#8500=CARTESIAN_POINT('',(0.146275021318202,-0.104869217858244,0.00209123655078437));
#8501=CARTESIAN_POINT('',(0.144612840285002,-0.106899993164378,0.00635941940746644));
#8502=CARTESIAN_POINT('',(0.14462405318541,-0.106935128897799,0.00635912348221856));
#8503=CARTESIAN_POINT('',(0.144769856602454,-0.107532257536061,0.00634410220485798));
#8504=CARTESIAN_POINT('',(0.144242840881209,-0.108375262796572,0.00632175067788149));
#8505=CARTESIAN_POINT('',(0.144769859755781,-0.10761128932006,0.0063420839477584));
#8506=CARTESIAN_POINT('',(0.144769856602454,-0.107532257536062,0.00634410220485798));
#8507=CARTESIAN_POINT('',(0.144242807245743,-0.107532257536061,0.00634327874249166));
#8508=CARTESIAN_POINT('',(0.143715757889031,-0.107532257536062,0.00634245528012434));
#8509=CARTESIAN_POINT('',(0.14371575999125,-0.107584945408809,0.00634110977496362));
#8510=CARTESIAN_POINT('',(0.143715762093468,-0.107637633281557,0.00633976426980295));
#8511=CARTESIAN_POINT('',(0.144130673302545,-0.107637633281558,0.00634041252743206));
#8512=CARTESIAN_POINT('',(0.144545584511622,-0.107637633281558,0.00634106078506017));
#8513=CARTESIAN_POINT('',(0.144130678207714,-0.107760571467064,0.00633727302009467));
#8514=CARTESIAN_POINT('',(0.144130698529142,-0.108269887151569,0.00632426648089884));
#8515=CARTESIAN_POINT('',(0.144769895843826,-0.108515763522582,0.00631898613332915));
#8516=CARTESIAN_POINT('',(0.14371579923262,-0.108568451345083,0.00631599370471864));
#8517=CARTESIAN_POINT('',(0.143715801334836,-0.108621139167584,0.00631464820084083));
#8518=CARTESIAN_POINT('',(0.143850368529185,-0.10865626444958,0.00631396144225489));
#8519=CARTESIAN_POINT('',(0.143984935723533,-0.108691389731577,0.00631327468366895));
#8520=CARTESIAN_POINT('',(0.14398494273092,-0.108867015739584,0.0063087896724542));
#8521=CARTESIAN_POINT('',(0.143984949738305,-0.109042641747592,0.0063043046612395));
#8522=CARTESIAN_POINT('',(0.143850385346916,-0.109077767029588,0.00630319741123341));
#8523=CARTESIAN_POINT('',(0.143715820955528,-0.109112892311585,0.00630209016122733));
#8524=CARTESIAN_POINT('',(0.143715823057744,-0.109165580134086,0.00630074465734902));
#8525=CARTESIAN_POINT('',(0.143715825159961,-0.109218267956587,0.00629939915347171));
#8526=CARTESIAN_POINT('',(0.144242868910759,-0.109077767029588,0.00630381062788922));
#8527=CARTESIAN_POINT('',(0.14437742307718,-0.10878798398906,0.00631142114525513));
#8528=CARTESIAN_POINT('',(0.144680199193179,-0.108867015778038,0.00630987594076525));
#8529=CARTESIAN_POINT('',(0.144377429374428,-0.108946047492562,0.00630738463268797));
#8530=CARTESIAN_POINT('',(0.144491869521075,-0.109284825628562,0.00219603004198441));
#8531=CARTESIAN_POINT('',(0.144245274831173,-0.109286033244761,0.0021861605194302));
#8532=CARTESIAN_POINT('',(0.144450820482358,-0.109284825628562,0.00218651250344475));
#8533=CARTESIAN_POINT('',(0.144450673751601,-0.109287223933772,0.00228042614639998));
#8534=CARTESIAN_POINT('',(0.144450527020845,-0.109289622238983,0.0023743397893551));
#8535=CARTESIAN_POINT('',(0.144244981369661,-0.109290829855181,0.00237398780534054));
#8536=CARTESIAN_POINT('',(0.146162795000556,-0.109344733056523,0.00376932484064853));
#8537=CARTESIAN_POINT('',(0.14614834541767,-0.107269548684836,0.00508763090505925));
#8538=CARTESIAN_POINT('',(0.146283032558338,-0.107107420595175,0.0050919816615133));
#8539=CARTESIAN_POINT('',(0.146278666687275,-0.106369803818717,0.00511081161523534));
#8540=CARTESIAN_POINT('',(0.146772177967893,-0.10707388988198,0.00389191122451041));
#8541=CARTESIAN_POINT('',(0.144426974548772,-0.10586962832508,0.00160944384964621));
#8542=CARTESIAN_POINT('',(0.144421659543689,-0.106012399971586,0.00183244135536308));
#8543=CARTESIAN_POINT('',(0.144421202712477,-0.10586962832508,0.00160938098653827));
#8544=CARTESIAN_POINT('',(0.1444221163749,-0.106155171618092,0.00205550172418688));
#8545=CARTESIAN_POINT('',(0.144227111526341,-0.106156317305255,0.00205516779063489));
#8546=CARTESIAN_POINT('',(0.144032106677783,-0.106157462992418,0.0020548338570829));
#8547=CARTESIAN_POINT('',(0.14403164984657,-0.106014691345911,0.00183177348825862));
#8548=CARTESIAN_POINT('',(0.144031193015358,-0.105871919699406,0.00160871311943335));
#8549=CARTESIAN_POINT('',(0.144226197863918,-0.105870774012242,0.00160904705298631));
#8550=CARTESIAN_POINT('',(0.136702419378869,-0.10842983054189,0.00301815590100545));
#8551=CARTESIAN_POINT('',(0.137124296083405,-0.108875747937098,0.00408351320223373));
#8552=CARTESIAN_POINT('',(0.137125942471377,-0.108848837826699,0.00302975803837214));
#8553=CARTESIAN_POINT('',(0.136700180181881,-0.108456740652289,0.00409355089726601));
#8554=CARTESIAN_POINT('',(0.136701826569853,-0.10842983054189,0.00303979573340442));
#8555=CARTESIAN_POINT('',(0.136913884520615,-0.108639334184294,0.00303477688588828));
#8556=CARTESIAN_POINT('',(0.143711140683763,-0.10861992834544,0.00631489245521359));
#8557=CARTESIAN_POINT('',(0.143984853404136,-0.108692735237097,0.0063659624418618));
#8558=CARTESIAN_POINT('',(0.143715719015437,-0.108622484673104,0.00636733595903374));
#8559=CARTESIAN_POINT('',(0.146178004770981,-0.111731056045721,0.00216916947478185));
#8560=CARTESIAN_POINT('',(0.14425980694485,-0.111741243372115,0.00212348367347162));
#8561=CARTESIAN_POINT('',(0.145993768976633,-0.111731056045721,0.00212645297451726));
#8562=CARTESIAN_POINT('',(0.145993110421445,-0.111741820089881,0.002547955040087));
#8563=CARTESIAN_POINT('',(0.143917805337837,-0.107233693234673,0.00634621931927443));
#8564=CARTESIAN_POINT('',(0.143917512340094,-0.107235038740193,0.00640308292817976));
#8565=CARTESIAN_POINT('',(0.14391759467363,-0.107233693242054,0.00635039516982022));
#8566=CARTESIAN_POINT('',(0.143951236818658,-0.107251255832805,0.00634999923037736));
#8567=CARTESIAN_POINT('',(0.143984878963686,-0.107268818423556,0.0063496032909335));
#8568=CARTESIAN_POINT('',(0.143984796644289,-0.107270163929076,0.00640229104912635));
#8569=CARTESIAN_POINT('',(0.14624440588439,-0.110056744915865,0.00495889113147691));
#8570=CARTESIAN_POINT('',(0.146006671659369,-0.110081134320073,0.0058591650773878));
#8571=CARTESIAN_POINT('',(0.14597768445215,-0.110081304624922,0.00585911543861668));
#8572=CARTESIAN_POINT('',(0.145978425326738,-0.110069195075242,0.00538492561487953));
#8573=CARTESIAN_POINT('',(0.143715015711173,-0.106147502606612,0.00637789028450417));
#8574=CARTESIAN_POINT('',(0.143726914594566,-0.106100905064562,0.00637902565492878));
#8575=CARTESIAN_POINT('',(0.143850103684739,-0.106144811585406,0.00648347264326389));
#8576=CARTESIAN_POINT('',(0.143850186004138,-0.106146157103491,0.00643078488475104));
#8577=CARTESIAN_POINT('',(0.143850268323536,-0.106144811585406,0.00637809712687908));
#8578=CARTESIAN_POINT('',(0.143850271476861,-0.106223843306596,0.00637607887138333));
#8579=CARTESIAN_POINT('',(0.143850274630185,-0.106302875027787,0.00637406061588758));
#8580=CARTESIAN_POINT('',(0.143850192310785,-0.106304220533308,0.00642674837408004));
#8581=CARTESIAN_POINT('',(0.142197501131913,-0.112679420985014,0.00135819149434194));
#8582=CARTESIAN_POINT('',(0.142550857772846,-0.112254072010499,0.00136960586306605));
#8583=CARTESIAN_POINT('',(0.144741992001387,-0.106861407958304,0.00636592987038317));
#8584=CARTESIAN_POINT('',(0.144747320722594,-0.106883786595693,0.00641334946911524));
#8585=CARTESIAN_POINT('',(0.144747403045594,-0.106882441125545,0.00636066171002464));
#8586=CARTESIAN_POINT('',(0.144758618612204,-0.106926347627547,0.00635955797769451));
#8587=CARTESIAN_POINT('',(0.144769834178814,-0.106970254129549,0.00635845424536538));
#8588=CARTESIAN_POINT('',(0.144769751859417,-0.10697159965635,0.00641114200301446));
#8589=CARTESIAN_POINT('',(0.145141740561599,-0.105258799654591,-0.00149829080671559));
#8590=CARTESIAN_POINT('',(0.144030642901264,-0.10530307080114,-2.16949692468718E-5));
#8591=CARTESIAN_POINT('',(0.144033211266499,-0.105261091028917,-0.0016655530248711));
#8592=CARTESIAN_POINT('',(0.144420652598382,-0.105300779426814,-2.10271021429147E-5));
#8593=CARTESIAN_POINT('',(0.144423220963617,-0.105258799654592,-0.00166488515776812));
#8594=CARTESIAN_POINT('',(0.144228216115058,-0.105259945341754,-0.00166521909131911));
#8595=CARTESIAN_POINT('',(0.143710116278277,-0.108375270618489,0.00632122464256597));
#8596=CARTESIAN_POINT('',(0.145937695055249,-0.103314414957109,0.00599503367984895));
#8597=CARTESIAN_POINT('',(0.145964012124854,-0.107779811673007,0.00594709456821428));
#8598=CARTESIAN_POINT('',(0.145940497729739,-0.103807039211973,0.00604851189490055));
#8599=CARTESIAN_POINT('',(0.145990245094991,-0.111135693933294,0.00214165143716351));
#8600=CARTESIAN_POINT('',(0.145986721213348,-0.110540331820867,0.00215684989980981));
#8601=CARTESIAN_POINT('',(0.145986062658159,-0.110551095865025,0.00257835196535458));
#8602=CARTESIAN_POINT('',(0.145985404102971,-0.110561859909187,0.00299985403089926));
#8603=CARTESIAN_POINT('',(0.145985482064953,-0.110575031637338,0.00299951778172557));
#8604=CARTESIAN_POINT('',(0.145985560026937,-0.110588203365489,0.00299918153255182));
#8605=CARTESIAN_POINT('',(0.145983337403175,-0.110624532014529,0.00442175100376473));
#8606=CARTESIAN_POINT('',(0.145981114779413,-0.110660860663567,0.00584432047497769));
#8607=CARTESIAN_POINT('',(0.145979399615782,-0.110371082644244,0.00585171795679766));
#8608=CARTESIAN_POINT('',(0.145975853052783,-0.109360046112028,0.00445403092443176));
#8609=CARTESIAN_POINT('',(0.145976593927369,-0.109347936562347,0.00397984110069418));
#8610=CARTESIAN_POINT('',(0.145978620938934,-0.109690401494275,0.00397109862218065));
#8611=CARTESIAN_POINT('',(0.145980647950499,-0.110032866426203,0.00396235614366712));
#8612=CARTESIAN_POINT('',(0.145981388825087,-0.110020756876523,0.00348816631992897));
#8613=CARTESIAN_POINT('',(0.145982129699674,-0.110008647326844,0.00301397649619081));
#8614=CARTESIAN_POINT('',(0.145968720238554,-0.107743110084865,0.00307181135404941));
#8615=CARTESIAN_POINT('',(0.145955310777434,-0.105477572842886,0.00312964621190901));
#8616=CARTESIAN_POINT('',(0.145954569902847,-0.105489682392565,0.00360383603564663));
#8617=CARTESIAN_POINT('',(0.14595382902826,-0.105501791942244,0.00407802585938427));
#8618=CARTESIAN_POINT('',(0.145955856039824,-0.105844256874171,0.00406928338087176));
#8619=CARTESIAN_POINT('',(0.14595788305139,-0.106186721806098,0.00406054090235721));
#8620=CARTESIAN_POINT('',(0.145957142176802,-0.106198831355778,0.00453473072609489));
#8621=CARTESIAN_POINT('',(0.14594915036628,-0.105260452121641,0.00598218263615333));
#8622=CARTESIAN_POINT('',(0.145947435202648,-0.104970674102318,0.00598958011797282));
#8623=CARTESIAN_POINT('',(0.14594965782641,-0.104934345453279,0.00456701064675941));
#8624=CARTESIAN_POINT('',(0.145951880450172,-0.10489801680424,0.00314444117554595));
#8625=CARTESIAN_POINT('',(0.145951958412154,-0.10491118853239,0.00314410492637325));
#8626=CARTESIAN_POINT('',(0.145952036374139,-0.104924360260541,0.00314376867719941));
#8627=CARTESIAN_POINT('',(0.145952694929326,-0.10491359621638,0.00272226661165476));
#8628=CARTESIAN_POINT('',(0.145953353484516,-0.104902832172221,0.00230076454610996));
#8629=CARTESIAN_POINT('',(0.145949829602874,-0.104307470059794,0.00231596300875673));
#8630=CARTESIAN_POINT('',(0.14594630572123,-0.103712107947367,0.00233116147140357));
#8631=CARTESIAN_POINT('',(0.145943401725485,-0.10375957357967,0.00418983668315205));
#8632=CARTESIAN_POINT('',(0.136694786716166,-0.107165322801867,0.0030558456365033));
#8633=CARTESIAN_POINT('',(0.136853392420111,-0.10732245731779,0.00306831191338345));
#8634=CARTESIAN_POINT('',(0.145572735947153,-0.104018636756164,0.00158463840907753));
#8635=CARTESIAN_POINT('',(0.145923597804618,-0.103171792480819,0.00160681275135685));
#8636=CARTESIAN_POINT('',(0.14537051417841,-0.103175041942641,0.00160586563037387));
#8637=CARTESIAN_POINT('',(0.145926092588083,-0.103593287781652,0.0015960527778018));
#8638=CARTESIAN_POINT('',(0.145373008961881,-0.103596537243474,0.00159510565682552));
#8639=CARTESIAN_POINT('',(0.145371761570156,-0.103385789593057,0.00160048564358965));
#8640=CARTESIAN_POINT('',(0.145056285926423,-0.103514096054383,0.00159671613768263));
#8641=CARTESIAN_POINT('',(0.145056784883116,-0.103598395114549,0.00159456414297141));
#8642=CARTESIAN_POINT('',(0.145054290099652,-0.103176899813717,0.00160532411652752));
#8643=CARTESIAN_POINT('',(0.146052894631387,-0.110581630488108,0.00299945459004049));
#8644=CARTESIAN_POINT('',(0.146011116906893,-0.110008477021995,0.00301402613496192));
#8645=CARTESIAN_POINT('',(0.146069730523969,-0.110561364476898,0.00299999843459754));
#8646=CARTESIAN_POINT('',(0.146036362795139,-0.104923864828253,0.00314391308089758));
#8647=CARTESIAN_POINT('',(0.145984297984653,-0.105477402538037,0.00312969585067957));
#8648=CARTESIAN_POINT('',(0.144523534951267,-0.105881372445677,0.00637916071520821));
#8649=CARTESIAN_POINT('',(0.144523004397579,-0.105882717951337,0.00643856363360946));
#8650=CARTESIAN_POINT('',(0.144523086808209,-0.105881372465051,0.00638587587506788));
#8651=CARTESIAN_POINT('',(0.144567942768004,-0.10589893507229,0.00638549745567668));
#8652=CARTESIAN_POINT('',(0.144612798727799,-0.10591649767953,0.00638511903628653));
#8653=CARTESIAN_POINT('',(0.144612716406557,-0.105917843167841,0.00643780679491597));
#8654=CARTESIAN_POINT('',(0.143780779163975,-0.106459203010531,0.00637003526778457));
#8655=CARTESIAN_POINT('',(0.143827854704858,-0.106496063727039,0.00636909206028717));
#8656=CARTESIAN_POINT('',(0.142638898666698,-0.110582318162755,0.00199269386207079));
#8657=CARTESIAN_POINT('',(0.142407780729798,-0.110595773217954,0.00246617581867723));
#8658=CARTESIAN_POINT('',(0.142408603923783,-0.110582318162754,0.0019392982367472));
#8659=CARTESIAN_POINT('',(0.142197787871287,-0.110583556743471,0.00193893722750132));
#8660=CARTESIAN_POINT('',(0.144623408000702,-0.103532774963813,-0.00104883521085784));
#8661=CARTESIAN_POINT('',(0.144737664944079,-0.103545232193143,-0.000561952002679965));
#8662=CARTESIAN_POINT('',(0.144735170160615,-0.10312373689231,-0.00055119202912479));
#8663=CARTESIAN_POINT('',(0.145991115675876,-0.110054988733684,0.00396180755342597));
#8664=CARTESIAN_POINT('',(0.146005581134588,-0.109347766257499,0.00397989073946527));
#8665=CARTESIAN_POINT('',(0.146009635157718,-0.110032696121354,0.00396240578243824));
#8666=CARTESIAN_POINT('',(0.144048472179312,-0.109026920455507,0.00234276069754004));
#8667=CARTESIAN_POINT('',(0.144058709215233,-0.110044892935515,-0.000142744671741911));
#8668=CARTESIAN_POINT('',(0.144056743142869,-0.110377505317001,0.00214652328087333));
#8669=CARTESIAN_POINT('',(0.144056431773315,-0.110382594633252,0.00234581244021486));
#8670=CARTESIAN_POINT('',(0.144053250924398,-0.109845188124689,0.00235953140649757));
#8671=CARTESIAN_POINT('',(0.144050070075482,-0.109307781616126,0.00237325037278024));
#8672=CARTESIAN_POINT('',(0.144050381445036,-0.109302692299876,0.00217396121343923));
#8673=CARTESIAN_POINT('',(0.143867096451428,-0.107174399668993,0.00635255393325598));
#8674=CARTESIAN_POINT('',(0.143872654972542,-0.107182350910314,0.00640435835034087));
#8675=CARTESIAN_POINT('',(0.143872737296652,-0.107181005419552,0.0063516705917784));
#8676=CARTESIAN_POINT('',(0.143895165985141,-0.107207349330803,0.00635103288079931));
#8677=CARTESIAN_POINT('',(0.143717368364992,-0.109358768883586,0.00626349203056469));
#8678=CARTESIAN_POINT('',(0.146180848264334,-0.111967747988477,0.00222614527816953));
#8679=CARTESIAN_POINT('',(0.146312572849636,-0.111305094229074,0.0022432735032207));
#8680=CARTESIAN_POINT('',(0.144064452919438,-0.109027770218128,0.00630587513683679));
#8681=CARTESIAN_POINT('',(0.144680116726464,-0.108868361322013,0.00636256369774593));
#8682=CARTESIAN_POINT('',(0.143844809515545,-0.107093634758345,0.0063570509081319));
#8683=CARTESIAN_POINT('',(0.14385022454477,-0.107112100461571,0.00640611731504974));
#8684=CARTESIAN_POINT('',(0.143850306864169,-0.107110754956054,0.00635342955685683));
#8685=CARTESIAN_POINT('',(0.14386152208041,-0.107145880187803,0.00635255007431762));
#8686=CARTESIAN_POINT('',(0.144769764840499,-0.109358768883585,0.00640283358253958));
#8687=CARTESIAN_POINT('',(0.144769851364331,-0.109465490034107,0.00634745481659056));
#8688=CARTESIAN_POINT('',(0.14800654265916,-0.103527723392402,-0.000489901190475261));
#8689=CARTESIAN_POINT('',(0.143694879315542,-0.103551358738801,-0.000563737707555822));
#8690=CARTESIAN_POINT('',(0.143717679837298,-0.1100637964391,0.00642113565743052));
#8691=CARTESIAN_POINT('',(0.143715776476017,-0.110062618421134,0.00633055885475362));
#8692=CARTESIAN_POINT('',(0.143715741071302,-0.106970254129549,0.00635321931050481));
#8693=CARTESIAN_POINT('',(0.143715658751902,-0.107112100486696,0.00640590706869824));
#8694=CARTESIAN_POINT('',(0.1437157410713,-0.107110754956053,0.00635321931114676));
#8695=CARTESIAN_POINT('',(0.143715738268345,-0.107040504542801,0.00635501331588922));
#8696=CARTESIAN_POINT('',(0.143715735465391,-0.106970254129549,0.00635680732063168));
#8697=CARTESIAN_POINT('',(0.143715653145994,-0.106971599664038,0.00640949507808501));
#8698=CARTESIAN_POINT('',(0.144545609738219,-0.108269887151569,0.00632491473852745));
#8699=CARTESIAN_POINT('',(0.144425437574928,-0.105049778309371,0.00247923742076196));
#8700=CARTESIAN_POINT('',(0.144429147051014,-0.105623085202573,0.00227998977370481));
#8701=CARTESIAN_POINT('',(0.144432421454311,-0.106176297784917,0.0022658673084138));
#8702=CARTESIAN_POINT('',(0.144432274723555,-0.106178696090127,0.00235978095136897));
#8703=CARTESIAN_POINT('',(0.144432127992799,-0.106181094395337,0.00245369459432415));
#8704=CARTESIAN_POINT('',(0.144428853589502,-0.105627881812994,0.00246781705961515));
#8705=CARTESIAN_POINT('',(0.143736442893978,-0.10688513213468,0.00635911015807594));
#8706=CARTESIAN_POINT('',(0.143738077266808,-0.106883786629439,0.00641177262541373));
#8707=CARTESIAN_POINT('',(0.143738159593189,-0.106882441125546,0.00635908486718988));
#8708=CARTESIAN_POINT('',(0.143760585824182,-0.106847315893795,0.00636001691115475));
#8709=CARTESIAN_POINT('',(0.143783012055177,-0.106812190662045,0.00636094895511957));
#8710=CARTESIAN_POINT('',(0.143782929747892,-0.106813536161154,0.00641363671349577));
#8711=CARTESIAN_POINT('',(0.143865879663818,-0.106744631247816,0.0063633182313345));
#8712=CARTESIAN_POINT('',(0.143872637408821,-0.106743285740116,0.00641557088214264));
#8713=CARTESIAN_POINT('',(0.143872719778181,-0.106741940198546,0.00636288312494831));
#8714=CARTESIAN_POINT('',(0.14391757434435,-0.106724377607795,0.00636340170772019));
#8715=CARTESIAN_POINT('',(0.143984771084737,-0.108691389731577,0.00641865020005471));
#8716=CARTESIAN_POINT('',(0.143984867418909,-0.109043987321474,0.00635699241768637));
#8717=CARTESIAN_POINT('',(0.143580595627842,-0.103117707695868,-8.31989467794805E-5));
#8718=CARTESIAN_POINT('',(0.143692384532079,-0.103129863437968,-0.000552977734001003));
#8719=CARTESIAN_POINT('',(0.144450385409567,-0.109264731317704,0.00237163768521096));
#8720=CARTESIAN_POINT('',(0.144454094885653,-0.109838038210906,0.0021723900381528));
#8721=CARTESIAN_POINT('',(0.14445736928895,-0.110391250793251,0.00215826757286175));
#8722=CARTESIAN_POINT('',(0.144457222558193,-0.110393649098461,0.00225218121581747));
#8723=CARTESIAN_POINT('',(0.144457075827437,-0.110396047403672,0.00234609485877315));
#8724=CARTESIAN_POINT('',(0.144453801424141,-0.109842834821327,0.00236021732406364));
#8725=CARTESIAN_POINT('',(0.14403600810768,-0.106919898685166,0.00239237118639636));
#8726=CARTESIAN_POINT('',(0.144046235297914,-0.107937416431347,-8.89448039654127E-5));
#8727=CARTESIAN_POINT('',(0.144048803663149,-0.107895436659125,-0.00173280285959011));
#8728=CARTESIAN_POINT('',(0.144044082116789,-0.108238416665272,0.00220113014666547));
#8729=CARTESIAN_POINT('',(0.144043770747235,-0.108243505981522,0.00240041930600647));
#8730=CARTESIAN_POINT('',(0.144040777007079,-0.107737711620522,0.00241333127427258));
#8731=CARTESIAN_POINT('',(0.144037783266922,-0.107231917259522,0.00242624324253967));
#8732=CARTESIAN_POINT('',(0.144038094636475,-0.107226827943272,0.0022269540831987));
#8733=CARTESIAN_POINT('',(0.144038406006029,-0.107221738627021,0.00202766492385771));
#8734=CARTESIAN_POINT('',(0.144039477229689,-0.107337132852274,0.00179801407122901));
#8735=CARTESIAN_POINT('',(0.144047244423484,-0.107632002096103,-0.00172607787611804));
#8736=CARTESIAN_POINT('',(0.144497300155086,-0.105984995998333,0.006383326082293));
#8737=CARTESIAN_POINT('',(0.144567865350035,-0.106023218825655,0.00643504570493522));
#8738=CARTESIAN_POINT('',(0.144567947673176,-0.106021873324531,0.00638235794663531));
#8739=CARTESIAN_POINT('',(0.144534305496732,-0.106004310714937,0.00638275388651094));
#8740=CARTESIAN_POINT('',(0.144500663320288,-0.105986748105343,0.00638314982638657));
#8741=CARTESIAN_POINT('',(0.144500581051153,-0.105988093639545,0.00643583758392598));
#8742=CARTESIAN_POINT('',(0.144479395603756,-0.107177349124397,0.00224982990976042));
#8743=CARTESIAN_POINT('',(0.144027108531913,-0.107182162662004,0.00233352204614684));
#8744=CARTESIAN_POINT('',(0.144027255262671,-0.107179764356794,0.00223960840319159));
#8745=CARTESIAN_POINT('',(0.144026961801159,-0.107184560967215,0.00242743568910193));
#8746=CARTESIAN_POINT('',(0.144232800913854,-0.107178556740594,0.0022399603872062));
#8747=CARTESIAN_POINT('',(0.144232507452342,-0.107183353351016,0.00242778767311654));
#8748=CARTESIAN_POINT('',(0.144527810499029,-0.109295311609299,0.00199553658481691));
#8749=CARTESIAN_POINT('',(0.144440391142154,-0.109300400925549,0.00217462908054322));
#8750=CARTESIAN_POINT('',(0.1444400797726,-0.1093054902418,0.00237391823988422));
#8751=CARTESIAN_POINT('',(0.144245074924041,-0.109306635928963,0.00237358430633223));
#8752=CARTESIAN_POINT('',(0.144068862284657,-0.105969193323948,0.00638322997641982));
#8753=CARTESIAN_POINT('',(0.144410869878293,-0.10597053100755,0.00643614592212507));
#8754=CARTESIAN_POINT('',(0.144410952101442,-0.10596918550203,0.00638345816378124));
#8755=CARTESIAN_POINT('',(0.144242744864284,-0.10596918550203,0.00638319535665037));
#8756=CARTESIAN_POINT('',(0.144074537627125,-0.10596918550203,0.0063829325495185));
#8757=CARTESIAN_POINT('',(0.144074455211479,-0.10597053100755,0.00643562030756142));
#8758=CARTESIAN_POINT('',(0.143984925867736,-0.105989514134244,0.0064927318861726));
#8759=CARTESIAN_POINT('',(0.14402968271844,-0.105977966803687,0.00638263821703028));
#8760=CARTESIAN_POINT('',(0.143984827809755,-0.105986748105343,0.00638234388454306));
#8761=CARTESIAN_POINT('',(0.14398474554062,-0.105988093619866,0.00643503164258465));
#8762=CARTESIAN_POINT('',(0.144405989740577,-0.105968220288893,0.00638371823082221));
#8763=CARTESIAN_POINT('',(0.144455807710865,-0.105977966803686,0.0063833039950844));
#8764=CARTESIAN_POINT('',(0.142069935240656,-0.111991900312451,0.00221910559788304));
#8765=CARTESIAN_POINT('',(0.142413957156135,-0.111578270807202,0.00223020609788088));
#8766=CARTESIAN_POINT('',(0.142415438433817,-0.111828533642072,0.00222381736358611));
#8767=CARTESIAN_POINT('',(0.142204622381321,-0.111829772222788,0.00222345635433673));
#8768=CARTESIAN_POINT('',(0.146223122734449,-0.106186381196401,0.00410869624269006));
#8769=CARTESIAN_POINT('',(0.145986870258609,-0.106186551501249,0.00406059054112979));
#8770=CARTESIAN_POINT('',(0.146220550460502,-0.105477232233189,0.00317780155224439));
#8771=CARTESIAN_POINT('',(0.145982816235479,-0.105501621637396,0.00407807549815683));
#8772=CARTESIAN_POINT('',(0.143737745489513,-0.10719789993808,0.00635103420786892));
#8773=CARTESIAN_POINT('',(0.143760601240435,-0.107233693242053,0.00635014988314596));
#8774=CARTESIAN_POINT('',(0.143738172206486,-0.107198568060551,0.00635101184392307));
#8775=CARTESIAN_POINT('',(0.143738089887087,-0.107199913540948,0.00640369960275787));
#8776=CARTESIAN_POINT('',(0.143872829275118,-0.106077034665313,0.00649104081785048));
#8777=CARTESIAN_POINT('',(0.143917464043119,-0.106023218773996,0.00643402951869438));
#8778=CARTESIAN_POINT('',(0.143917546322653,-0.106021873324531,0.00638134175900777));
#8779=CARTESIAN_POINT('',(0.143895119736379,-0.106048217235781,0.0063806339661091));
#8780=CARTESIAN_POINT('',(0.143872693150107,-0.106074561147033,0.00637992617321038));
#8781=CARTESIAN_POINT('',(0.143872610819582,-0.106075906674847,0.00643261393081677));
#8782=CARTESIAN_POINT('',(0.144612959676354,-0.105916497662354,0.00638040659248251));
#8783=CARTESIAN_POINT('',(0.144657655388329,-0.105951622892437,0.00638429211564931));
#8784=CARTESIAN_POINT('',(0.14401434627256,-0.105052193541767,0.00247853345273285));
#8785=CARTESIAN_POINT('',(0.144021183421186,-0.106181111322524,0.00235907698333986));
#8786=CARTESIAN_POINT('',(0.144021330151942,-0.106178713017315,0.00226516334038469));
#8787=CARTESIAN_POINT('',(0.144021036690431,-0.106183509627735,0.00245299062629498));
#8788=CARTESIAN_POINT('',(0.144018055748646,-0.105625500434971,0.00227928580567569));
#8789=CARTESIAN_POINT('',(0.144017762287134,-0.105630297045391,0.00246711309158604));
#8790=CARTESIAN_POINT('',(0.144023524344672,-0.104811967447175,0.00245036043309209));
#8791=CARTESIAN_POINT('',(0.144033761380594,-0.105829939927182,-3.51449361903855E-5));
#8792=CARTESIAN_POINT('',(0.144036329745829,-0.105787960154959,-0.00167900299181411));
#8793=CARTESIAN_POINT('',(0.144031795308229,-0.106162552308667,0.0022541230164244));
#8794=CARTESIAN_POINT('',(0.144031483938675,-0.106167641624918,0.00245341217576591));
#8795=CARTESIAN_POINT('',(0.144028303089759,-0.105630235116356,0.0024671311420486));
#8796=CARTESIAN_POINT('',(0.144025122240843,-0.105092828607794,0.0024808501083313));
#8797=CARTESIAN_POINT('',(0.144025433610396,-0.105087739291544,0.00228156094899081));
#8798=CARTESIAN_POINT('',(0.144034770506164,-0.105524525591938,-0.00167227800834213));
#8799=CARTESIAN_POINT('',(0.144473470493028,-0.106176297784917,0.00227538484695346));
#8800=CARTESIAN_POINT('',(0.144226875803126,-0.106177505401116,0.00226551532439924));
#8801=CARTESIAN_POINT('',(0.144226582341615,-0.106182302011535,0.00245334261030956));
#8802=CARTESIAN_POINT('',(0.144095262379462,-0.106340376898955,0.00244910062276713));
#8803=CARTESIAN_POINT('',(0.144226488787235,-0.106166495937755,0.00245374610931837));
#8804=CARTESIAN_POINT('',(0.144421493635794,-0.106165350250592,0.00245408004287083));
#8805=CARTESIAN_POINT('',(0.144418312786878,-0.10562794374203,0.00246779900915353));
#8806=CARTESIAN_POINT('',(0.14441513193796,-0.105090537233468,0.00248151797543628));
#8807=CARTESIAN_POINT('',(0.144220127089402,-0.10509168292063,0.00248118404188378));
#8808=CARTESIAN_POINT('',(0.144502862664389,-0.105080358600967,0.00210313632036896));
#8809=CARTESIAN_POINT('',(0.144415443307514,-0.105085447917217,0.00228222881609529));
#8810=CARTESIAN_POINT('',(0.144509224362223,-0.106155171618091,0.00207569838780253));
#8811=CARTESIAN_POINT('',(0.144421805005348,-0.106160260934342,0.00225479088352883));
#8812=CARTESIAN_POINT('',(0.145961333255288,-0.105572352448444,0.00597423656409368));
#8813=CARTESIAN_POINT('',(0.145976422409868,-0.104970503797469,0.00598962975674388));
#8814=CARTESIAN_POINT('',(0.143986454163546,-0.107268818423557,0.00633766542060319));
#8815=CARTESIAN_POINT('',(0.144029734573111,-0.107277599744055,0.00634944912175442));
#8816=CARTESIAN_POINT('',(0.144074590182535,-0.107286381064555,0.00634929495257533));
#8817=CARTESIAN_POINT('',(0.144074507863135,-0.107287726570075,0.00640198271076879));
#8818=CARTESIAN_POINT('',(0.143957324276892,-0.10737339707493,0.00634714615930634));
#8819=CARTESIAN_POINT('',(0.14401852496278,-0.107382975389057,0.00634674059352536));
#8820=CARTESIAN_POINT('',(0.143076535365597,-0.104918391457028,0.00327589661352862));
#8821=CARTESIAN_POINT('',(0.142424006306607,-0.104951024199204,0.00440290949254797));
#8822=CARTESIAN_POINT('',(0.142422030641039,-0.104983316331684,0.0056674156891828));
#8823=CARTESIAN_POINT('',(0.142738254719786,-0.104981458460605,0.00566795720304793));
#8824=CARTESIAN_POINT('',(0.144345256195604,-0.10971253989252,0.00642377271183255));
#8825=CARTESIAN_POINT('',(0.144343736150828,-0.10971136640512,0.00634051002381373));
#8826=CARTESIAN_POINT('',(0.144034770506164,-0.105524525591939,-0.00167227800834201));
#8827=CARTESIAN_POINT('',(0.144231334594388,-0.105786814467797,-0.00167866905826212));
#8828=CARTESIAN_POINT('',(0.144426339442947,-0.105785668780634,-0.00167833512471013));
#8829=CARTESIAN_POINT('',(0.144424780203283,-0.105522234217613,-0.00167161014123851));
#8830=CARTESIAN_POINT('',(0.14441353404179,-0.104809676072849,0.00245102830019607));
#8831=CARTESIAN_POINT('',(0.144423771077712,-0.105827648552857,-3.44770690859292E-5));
#8832=CARTESIAN_POINT('',(0.143858778847727,-0.105789248599022,-0.00166969794353485));
#8833=CARTESIAN_POINT('',(0.144565675320062,-0.106428504324828,0.00637208856053468));
#8834=CARTESIAN_POINT('',(0.144567881487416,-0.106427158799755,0.00642473017519743));
#8835=CARTESIAN_POINT('',(0.14456796379017,-0.106425813313788,0.00637204241647845));
#8836=CARTESIAN_POINT('',(0.144590390368588,-0.106399469402537,0.00637275020936572));
#8837=CARTESIAN_POINT('',(0.144612816947006,-0.106373125491287,0.00637345800225199));
#8838=CARTESIAN_POINT('',(0.144612734627608,-0.106374470996806,0.00642614576044487));
#8839=CARTESIAN_POINT('',(0.144769856602454,-0.107532257536062,0.00634410220485798));
#8840=CARTESIAN_POINT('',(0.143715675569633,-0.107533603041582,0.00639514303831769));
#8841=CARTESIAN_POINT('',(0.144769774283056,-0.107533603041582,0.00639678996305138));
#8842=CARTESIAN_POINT('',(0.143715858795415,-0.109955897270613,0.00627787109656022));
#8843=CARTESIAN_POINT('',(0.146716132113612,-0.104867979277531,0.00214499318535337));
#8844=CARTESIAN_POINT('',(0.146273374930231,-0.104896127968647,0.00314499171464596));
#8845=CARTESIAN_POINT('',(0.143945664820635,-0.105884063465148,0.00638769938143738));
#8846=CARTESIAN_POINT('',(0.144018464699243,-0.10587259116104,0.00638531170425194));
#8847=CARTESIAN_POINT('',(0.144074533422691,-0.105863809857028,0.00638562355727418));
#8848=CARTESIAN_POINT('',(0.144074451158435,-0.105865155362548,0.00643831131555378));
#8849=CARTESIAN_POINT('',(0.14441394814602,-0.105863809856773,0.00636791652156379));
#8850=CARTESIAN_POINT('',(0.144410865546032,-0.105865155362548,0.0064388369296809));
#8851=CARTESIAN_POINT('',(0.144410947897012,-0.105863809857028,0.00638614917153775));
#8852=CARTESIAN_POINT('',(0.14446701735261,-0.10587259116104,0.00638601252330232));
#8853=CARTESIAN_POINT('',(0.146749811690376,-0.110558165838781,0.0019997335423583));
#8854=CARTESIAN_POINT('',(0.146308700894965,-0.110559404419495,0.00194597690778932));
#8855=CARTESIAN_POINT('',(0.143715048645879,-0.106972945169667,0.00635681072348908));
#8856=CARTESIAN_POINT('',(0.14372694752929,-0.106926347627548,0.00635794609391078));
#8857=CARTESIAN_POINT('',(0.144411004656852,-0.107286381064555,0.00634982056683806));
#8858=CARTESIAN_POINT('',(0.144242797419694,-0.107286381064555,0.0063495577597067));
#8859=CARTESIAN_POINT('',(0.144411004656852,-0.107286381064555,0.00634982056683806));
#8860=CARTESIAN_POINT('',(0.144410922337454,-0.107287726570075,0.00640250832503147));
#8861=CARTESIAN_POINT('',(0.143883726682366,-0.110004201607355,-0.00177729767908686));
#8862=CARTESIAN_POINT('',(0.144448718912352,-0.110042601561189,-0.000142076804636982));
#8863=CARTESIAN_POINT('',(0.14676781209684,-0.106336273105522,0.00391074117823697));
#8864=CARTESIAN_POINT('',(0.136698528955989,-0.107797576671878,0.00303970539743498));
#8865=CARTESIAN_POINT('',(0.137014538601867,-0.108138755814123,0.00410216254002013));
#8866=CARTESIAN_POINT('',(0.137016184989838,-0.108111845703724,0.00304840737615857));
#8867=CARTESIAN_POINT('',(0.136857134659934,-0.107954711187801,0.00305217167431516));
#8868=CARTESIAN_POINT('',(0.144635241773577,-0.106144811585409,0.00637528704922414));
#8869=CARTESIAN_POINT('',(0.144635159454179,-0.106304220533305,0.00642797480741754));
#8870=CARTESIAN_POINT('',(0.144635241773577,-0.106302875027786,0.00637528704922414));
#8871=CARTESIAN_POINT('',(0.144635238620253,-0.106223843306597,0.00637730530472089));
#8872=CARTESIAN_POINT('',(0.144635235466929,-0.106144811585409,0.00637932356021664));
#8873=CARTESIAN_POINT('',(0.14463515314753,-0.106146157103489,0.00643201131808859));
#8874=CARTESIAN_POINT('',(0.144490474887044,-0.106446066935106,0.00637247060779706));
#8875=CARTESIAN_POINT('',(0.144534322664833,-0.106434594609163,0.00637176560457592));
#8876=CARTESIAN_POINT('',(0.148050106824272,-0.103106228091569,-0.000468462091859738));
#8877=CARTESIAN_POINT('',(0.144426017804799,-0.10691760731084,0.00239303905350029));
#8878=CARTESIAN_POINT('',(0.144429486926807,-0.107334841477949,0.00179868193833397));
#8879=CARTESIAN_POINT('',(0.144428415703147,-0.107219447252695,0.00202833279096165));
#8880=CARTESIAN_POINT('',(0.144428104333594,-0.107224536568945,0.00222762195030263));
#8881=CARTESIAN_POINT('',(0.144427792964041,-0.107229625885196,0.0024269111096436));
#8882=CARTESIAN_POINT('',(0.144430786704198,-0.107735420246196,0.0024139991413775));
#8883=CARTESIAN_POINT('',(0.144433780444353,-0.108241214607196,0.00240108717311145));
#8884=CARTESIAN_POINT('',(0.144434091813907,-0.108236125290945,0.00220179801377042));
#8885=CARTESIAN_POINT('',(0.144436244995032,-0.107935125057022,-8.82769368614554E-5));
#8886=CARTESIAN_POINT('',(0.144438813360268,-0.107893145284799,-0.00173213499248518));
#8887=CARTESIAN_POINT('',(0.144437254120603,-0.107629710721777,-0.00172541000901456));
#8888=CARTESIAN_POINT('',(0.143871252765046,-0.107896725103187,-0.00172349781131086));
#8889=CARTESIAN_POINT('',(0.144243808511708,-0.107894290971961,-0.00173246892603765));
#8890=CARTESIAN_POINT('',(0.144741959062012,-0.106035965377231,0.00638700943548319));
#8891=CARTESIAN_POINT('',(0.144758585677479,-0.106100905064562,0.00638063753871307));
#8892=CARTESIAN_POINT('',(0.14476980124409,-0.106144811585407,0.00637953380590176));
#8893=CARTESIAN_POINT('',(0.144769718924692,-0.106146157093368,0.00643222156403254));
#8894=CARTESIAN_POINT('',(0.144411168072679,-0.107394553289519,0.00645868696615217));
#8895=CARTESIAN_POINT('',(0.144523064022703,-0.107375539598809,0.00640044102358398));
#8896=CARTESIAN_POINT('',(0.144523146371007,-0.107374194068559,0.00634775326606718));
#8897=CARTESIAN_POINT('',(0.144467077616146,-0.107382975389057,0.00634744141257531));
#8898=CARTESIAN_POINT('',(0.143221470034031,-0.111828533642072,0.00241070205222059));
#8899=CARTESIAN_POINT('',(0.142412557254867,-0.11187562633527,0.00406788890034424));
#8900=CARTESIAN_POINT('',(0.1431731336044,-0.103662062188426,0.00261917653984654));
#8901=CARTESIAN_POINT('',(0.142364220825253,-0.103709154881625,0.00427636338797534));
#8902=CARTESIAN_POINT('',(0.143152005212854,-0.113074746909572,0.00208769870163899));
#8903=CARTESIAN_POINT('',(0.144212343689449,-0.103722295273761,0.00232819217035837));
#8904=CARTESIAN_POINT('',(0.146220685364819,-0.104901261551254,0.00230122233516006));
#8905=CARTESIAN_POINT('',(0.146488017245122,-0.10489969093029,0.00230168012421016));
#8906=CARTESIAN_POINT('',(0.146504701109537,-0.107718440754613,0.00222972280106013));
#8907=CARTESIAN_POINT('',(0.146521384973952,-0.110537190578936,0.00215776547791011));
#8908=CARTESIAN_POINT('',(0.14625405309365,-0.1105387611999,0.00215730768885996));
#8909=CARTESIAN_POINT('',(0.144030529665966,-0.107732976939138,0.00222548593789964));
#8910=CARTESIAN_POINT('',(0.144033804069262,-0.108286189521482,0.00221136347260863));
#8911=CARTESIAN_POINT('',(0.144239349720446,-0.108284981905283,0.00221171545662322));
#8912=CARTESIAN_POINT('',(0.144251823637766,-0.110392458409449,0.0021579155888477));
#8913=CARTESIAN_POINT('',(0.144612807353916,-0.106074550644206,0.00638049896794434));
#8914=CARTESIAN_POINT('',(0.144624020250688,-0.10610968636622,0.00638020304243488));
#8915=CARTESIAN_POINT('',(0.144612805034446,-0.106074561147032,0.00638108252465318));
#8916=CARTESIAN_POINT('',(0.144612722721465,-0.10607590666009,0.00643377028266398));
#8917=CARTESIAN_POINT('',(0.144523273563356,-0.107376909552393,0.00645869780392225));
#8918=CARTESIAN_POINT('',(0.144612773202495,-0.107340414365751,0.00640147819051901));
#8919=CARTESIAN_POINT('',(0.14461285548764,-0.107339068887055,0.00634879043158779));
#8920=CARTESIAN_POINT('',(0.144568000929324,-0.107356631477807,0.00634827184882796));
#8921=CARTESIAN_POINT('',(0.144069986289449,-0.108707741295643,0.00631321060636304));
#8922=CARTESIAN_POINT('',(0.144047244423484,-0.107632002096103,-0.00172607787611799));
#8923=CARTESIAN_POINT('',(0.144611990675209,-0.107183696430593,0.00635283259653389));
#8924=CARTESIAN_POINT('',(0.144624061594276,-0.107145880187803,0.00635374146670782));
#8925=CARTESIAN_POINT('',(0.144497333095593,-0.106810438539216,0.0063622465220073));
#8926=CARTESIAN_POINT('',(0.144534338431455,-0.106829753252797,0.00636167432613431));
#8927=CARTESIAN_POINT('',(0.144500696255012,-0.106812190662046,0.00636207026552874));
#8928=CARTESIAN_POINT('',(0.144500613985879,-0.106813536177407,0.0064147580235487));
#8929=CARTESIAN_POINT('',(0.144406022673219,-0.106793662826343,0.00636263867030781));
#8930=CARTESIAN_POINT('',(0.144455840645588,-0.106803409341546,0.0063622244347073));
#8931=CARTESIAN_POINT('',(0.143715825159961,-0.109112892243222,0.00629939915347171));
#8932=CARTESIAN_POINT('',(0.143715742840562,-0.109219613462108,0.00635208691166461));
#8933=CARTESIAN_POINT('',(0.143715738636127,-0.109114237748742,0.00635477792116576));
#8934=CARTESIAN_POINT('',(0.143705614320795,-0.109115583253772,0.00630307197136576));
#8935=CARTESIAN_POINT('',(0.143718844869306,-0.109221635751598,0.00646553565203479));
#8936=CARTESIAN_POINT('',(0.143715801334836,-0.108515763522582,0.00631464820084083));
#8937=CARTESIAN_POINT('',(0.143715745585472,-0.107110739991138,0.00635218717296276));
#8938=CARTESIAN_POINT('',(0.143726956638894,-0.107154661508302,0.00635211557753489));
#8939=CARTESIAN_POINT('',(0.146705620768299,-0.110537190578935,0.00220048197817581));
#8940=CARTESIAN_POINT('',(0.146014391310189,-0.110561689604336,0.00299990366967042));
#8941=CARTESIAN_POINT('',(0.146520726418764,-0.110547954623095,0.00257926754345481));
#8942=CARTESIAN_POINT('',(0.146520067863576,-0.110558718667256,0.00300076960899957));
#8943=CARTESIAN_POINT('',(0.146518891249549,-0.110558725580065,0.00300076759412193));
#8944=CARTESIAN_POINT('',(0.143779581318106,-0.106814881675137,0.00636105539787193));
#8945=CARTESIAN_POINT('',(0.143827865916679,-0.106777065430296,0.00636191604003394));
#8946=CARTESIAN_POINT('',(0.143850136619462,-0.106970254129549,0.00646239308272756));
#8947=CARTESIAN_POINT('',(0.143850304061214,-0.107040504542801,0.0063552235615993));
#8948=CARTESIAN_POINT('',(0.146672253039469,-0.104899690930289,0.00234439662447586));
#8949=CARTESIAN_POINT('',(0.146485523520719,-0.104921225931419,0.00314468224042198));
#8950=CARTESIAN_POINT('',(0.146486700134745,-0.10492121901861,0.00314468425529961));
#8951=CARTESIAN_POINT('',(0.146487358689933,-0.104910454974449,0.00272318218975491));
#8952=CARTESIAN_POINT('',(0.145981023581358,-0.104924189955691,0.0031438183159705));
#8953=CARTESIAN_POINT('',(0.146273530854197,-0.104922471424946,0.00314431921629896));
#8954=CARTESIAN_POINT('',(0.144769691963657,-0.107532257536062,0.00644947772124479));
#8955=CARTESIAN_POINT('',(0.144521511170783,-0.108231035974695,0.00202270551804409));
#8956=CARTESIAN_POINT('',(0.144238775595794,-0.108242360294359,0.00240075323955897));
#8957=CARTESIAN_POINT('',(0.136700326873273,-0.108482655448611,0.00518152005354903));
#8958=CARTESIAN_POINT('',(0.136859005779845,-0.108270838122807,0.0030441015547815));
#8959=CARTESIAN_POINT('',(0.14599158250479,-0.110682982971048,0.00584377188473754));
#8960=CARTESIAN_POINT('',(0.146010101986632,-0.110660690358719,0.00584437011374978));
#8961=CARTESIAN_POINT('',(0.144495575039663,-0.107271509434596,0.00635065242760808));
#8962=CARTESIAN_POINT('',(0.144500632154821,-0.107270163929076,0.00640309699096986));
#8963=CARTESIAN_POINT('',(0.14450071447422,-0.107268818423556,0.00635040923277696));
#8964=CARTESIAN_POINT('',(0.144534355249187,-0.107251255832804,0.00635091029511333));
#8965=CARTESIAN_POINT('',(0.144026820189879,-0.107159670045935,0.00242473358495684));
#8966=CARTESIAN_POINT('',(0.144033657338506,-0.108288587826691,0.00230527711556434));
#8967=CARTESIAN_POINT('',(0.144033510607751,-0.108290986131902,0.00239919075851993));
#8968=CARTESIAN_POINT('',(0.144030236204453,-0.107737773549558,0.00241331322381001));
#8969=CARTESIAN_POINT('',(0.144613099054959,-0.107341629391188,0.00646195498468329));
#8970=CARTESIAN_POINT('',(0.144702480925627,-0.107270163896002,0.00640341236050779));
#8971=CARTESIAN_POINT('',(0.144702563202791,-0.107268818423557,0.00635072460140352));
#8972=CARTESIAN_POINT('',(0.144657709345216,-0.107303943655306,0.00634975751649563));
#8973=CARTESIAN_POINT('',(0.146135474390084,-0.104301802204571,0.00242184229720711));
#8974=CARTESIAN_POINT('',(0.145987209496904,-0.103807039211973,0.00604858487740618));
#8975=CARTESIAN_POINT('',(0.14420653569796,-0.103817226538367,0.00604554259385526));
#8976=CARTESIAN_POINT('',(0.146486064556737,-0.104809503889661,0.00313255670447151));
#8977=CARTESIAN_POINT('',(0.14650338399916,-0.107739968842933,0.00307272693214961));
#8978=CARTESIAN_POINT('',(0.144485944410348,-0.108283774289084,0.00222158497917746));
#8979=CARTESIAN_POINT('',(0.144239056258935,-0.108289778515702,0.00239954274253403));
#8980=CARTESIAN_POINT('',(0.144515523690469,-0.107219447252695,0.00204852945457634));
#8981=CARTESIAN_POINT('',(0.144233410854588,-0.107220592939858,0.00202799885740918));
#8982=CARTESIAN_POINT('',(0.144232788115482,-0.107230771572358,0.00242657717609164));
#8983=CARTESIAN_POINT('',(0.144498418327668,-0.110391250793251,0.00216778511140141));
#8984=CARTESIAN_POINT('',(0.144251530176254,-0.11039725501987,0.00234574287475854));
#8985=CARTESIAN_POINT('',(0.144344966809174,-0.109710020899601,0.00626274670817843));
#8986=CARTESIAN_POINT('',(0.143712734687364,-0.109462358906376,0.0062932826126086));
#8987=CARTESIAN_POINT('',(0.144702834133032,-0.107271018724549,0.00646441098932081));
#8988=CARTESIAN_POINT('',(0.144747333342875,-0.107199913527701,0.00640527644593658));
#8989=CARTESIAN_POINT('',(0.144747415658893,-0.107198568060551,0.00635258868675778));
#8990=CARTESIAN_POINT('',(0.144724989430842,-0.107233693242054,0.00635165664408115));
#8991=CARTESIAN_POINT('',(0.144769669540017,-0.106970254129549,0.00646382976175119));
#8992=CARTESIAN_POINT('',(0.144769836981768,-0.1070405045428,0.00635666024062242));
#8993=CARTESIAN_POINT('',(0.144769839784723,-0.107110754956052,0.00635486623587946));
#8994=CARTESIAN_POINT('',(0.144769757465326,-0.107112100486693,0.00640755399343091));
#8995=CARTESIAN_POINT('',(0.144748250287032,-0.107197714146364,0.00647703145659609));
#8996=CARTESIAN_POINT('',(0.144758627721807,-0.107154661508301,0.00635372746131915));
#8997=CARTESIAN_POINT('',(0.146247369382739,-0.110008306717147,0.00306213183652635));
#8998=CARTESIAN_POINT('',(0.142420123907021,-0.104648170944844,0.00563103303670622));
#8999=CARTESIAN_POINT('',(0.142447412331243,-0.108844473709832,0.00409262870438982));
#9000=CARTESIAN_POINT('',(0.142449058719215,-0.108817563599433,0.00303887354052823));
#9001=CARTESIAN_POINT('',(0.142454282172092,-0.109700069385553,0.00301634484589697));
#9002=CARTESIAN_POINT('',(0.142459583586953,-0.110595746899823,0.00299347990209247));
#9003=CARTESIAN_POINT('',(0.142438870429421,-0.107828409612308,0.0055947858676943));
#9004=CARTESIAN_POINT('',(0.142431361349018,-0.105827581309147,0.003115202102935));
#9005=CARTESIAN_POINT('',(0.144769636605294,-0.106144811585407,0.00648490932228852));
#9006=CARTESIAN_POINT('',(0.144769804397415,-0.106223843306597,0.00637751555040596));
#9007=CARTESIAN_POINT('',(0.144613066820829,-0.106533749462969,0.00648258604092787));
#9008=CARTESIAN_POINT('',(0.144702448659559,-0.106462283992861,0.00642404341884674));
#9009=CARTESIAN_POINT('',(0.144702530968807,-0.10646093849529,0.00637135566043427));
#9010=CARTESIAN_POINT('',(0.144657677111232,-0.106496063727039,0.0063703885755269));
#9011=CARTESIAN_POINT('',(0.144612823253656,-0.106531188958789,0.00636942149061854));
#9012=CARTESIAN_POINT('',(0.14461274094211,-0.10653253445816,0.0064221092489812));
#9013=CARTESIAN_POINT('',(0.14387286221602,-0.106902477176965,0.00646996125364377));
#9014=CARTESIAN_POINT('',(0.143917496948971,-0.106848661326928,0.00641294995788819));
#9015=CARTESIAN_POINT('',(0.143917579257375,-0.106847315843548,0.0063602621991124));
#9016=CARTESIAN_POINT('',(0.143895152671102,-0.106873659754799,0.00635955440621368));
#9017=CARTESIAN_POINT('',(0.144397494636733,-0.107289072075595,0.00635156027803059));
#9018=CARTESIAN_POINT('',(0.144455859565536,-0.107277599744055,0.00635011489980801));
#9019=CARTESIAN_POINT('',(0.143715762093468,-0.107532257536062,0.00633976426980295));
#9020=CARTESIAN_POINT('',(0.14371567977407,-0.107638978787077,0.00639245202799586));
#9021=CARTESIAN_POINT('',(0.14810374466875,-0.112168377059486,-0.000699801523292976));
#9022=CARTESIAN_POINT('',(0.142439646898835,-0.104154514825046,0.00211940652106028));
#9023=CARTESIAN_POINT('',(0.142370311517762,-0.104158551341606,0.00226145110804197));
#9024=CARTESIAN_POINT('',(0.145968350776766,-0.10620884411358,0.0040599923121171));
#9025=CARTESIAN_POINT('',(0.144611958441225,-0.106375816502326,0.00637346365556469));
#9026=CARTESIAN_POINT('',(0.144624029360292,-0.106338000259536,0.00637437252573757));
#9027=CARTESIAN_POINT('',(0.144702801888205,-0.106463138788284,0.00648504205479285));
#9028=CARTESIAN_POINT('',(0.144724957196856,-0.106425813288664,0.00637228770375335));
#9029=CARTESIAN_POINT('',(0.142771934296545,-0.110671645021861,0.00552269756005142));
#9030=CARTESIAN_POINT('',(0.144696923873787,-0.106803416934683,0.00636364634640192));
#9031=CARTESIAN_POINT('',(0.144724974014589,-0.106847315893796,0.00636152367208995));
#9032=CARTESIAN_POINT('',(0.145962504099514,-0.104946482568022,0.00314322008695836));
#9033=CARTESIAN_POINT('',(0.145980867657391,-0.104897846499391,0.00314449081431801));
#9034=CARTESIAN_POINT('',(0.14663165067048,-0.104897676194543,0.00328870864146274));
#9035=CARTESIAN_POINT('',(0.146758720492224,-0.103712107947367,0.00251952614778316));
#9036=CARTESIAN_POINT('',(0.141989154754321,-0.110953603712416,0.00192916124139321));
#9037=CARTESIAN_POINT('',(0.142410786859314,-0.110951126550983,0.00192988325988482));
#9038=CARTESIAN_POINT('',(0.143984958798967,-0.106814956672807,0.00647165232656731));
#9039=CARTESIAN_POINT('',(0.144029715653163,-0.106803409341547,0.00636155865665368));
#9040=CARTESIAN_POINT('',(0.143984860744479,-0.106812190662046,0.00636126432368423));
#9041=CARTESIAN_POINT('',(0.143984778475343,-0.106813536157726,0.00641395208220757));
#9042=CARTESIAN_POINT('',(0.143917656153335,-0.106849994589696,0.00647024660105217));
#9043=CARTESIAN_POINT('',(0.143951220000927,-0.106829753252796,0.00636076326139881));
#9044=CARTESIAN_POINT('',(0.146138843713529,-0.105084599514608,0.00313996845984542));
#9045=CARTESIAN_POINT('',(0.143710086847248,-0.107637641103475,0.00634006169685426));
#9046=CARTESIAN_POINT('',(0.144545502192223,-0.107638978787077,0.0063937485432536));
#9047=CARTESIAN_POINT('',(0.143706761397644,-0.107886200663609,0.00633424716117615));
#9048=CARTESIAN_POINT('',(0.142909648205053,-0.108817563599434,0.00314566479118));
#9049=CARTESIAN_POINT('',(0.139550332536237,-0.108834594116372,0.00303390965404883));
#9050=CARTESIAN_POINT('',(0.142211890660156,-0.10881895700274,0.00303846740512688));
#9051=CARTESIAN_POINT('',(0.146592971241402,-0.111295782615239,0.00194352665091267));
#9052=CARTESIAN_POINT('',(0.146313066766028,-0.111297021195952,0.00192714695406828));
#9053=CARTESIAN_POINT('',(0.144107736296782,-0.108447853403122,0.00239530075499107));
#9054=CARTESIAN_POINT('',(0.144120210214102,-0.110555329907288,0.00234150088721602));
#9055=CARTESIAN_POINT('',(0.144251436621874,-0.110381448946089,0.00234614637376685));
#9056=CARTESIAN_POINT('',(0.144446441470433,-0.110380303258926,0.00234648030731884));
#9057=CARTESIAN_POINT('',(0.144443260621517,-0.109842896750363,0.00236019927360151));
#9058=CARTESIAN_POINT('',(0.137816867247547,-0.110786337981429,0.00298135892767623));
#9059=CARTESIAN_POINT('',(0.142470129274312,-0.110631040935455,0.00299259506267812));
#9060=CARTESIAN_POINT('',(0.144566885785645,-0.106020626767016,0.00638241359771351));
#9061=CARTESIAN_POINT('',(0.144590376353811,-0.106048217235781,0.00638172023564424));
#9062=CARTESIAN_POINT('',(0.144430512649259,-0.107452527077528,0.00156447159260065));
#9063=CARTESIAN_POINT('',(0.142201181455946,-0.112377178842892,0.00611091797712463));
#9064=CARTESIAN_POINT('',(0.142047893709584,-0.10689387459944,0.00308737267189241));
#9065=CARTESIAN_POINT('',(0.142375538856562,-0.105301021828284,0.0031285618175676));
#9066=CARTESIAN_POINT('',(0.142342398639702,-0.11063794767948,0.00299221911631153));
#9067=CARTESIAN_POINT('',(0.142404696638297,-0.110227248156774,0.00300280462664205));
#9068=CARTESIAN_POINT('',(0.142358558992523,-0.103267493885681,0.00606737688986129));
#9069=CARTESIAN_POINT('',(0.146518139528906,-0.110559630455108,0.0030007433115257));
#9070=CARTESIAN_POINT('',(0.146100067778,-0.110929451388439,0.0019362009216829));
#9071=CARTESIAN_POINT('',(0.146665330247245,-0.110587862755793,0.00314344899846861));
#9072=CARTESIAN_POINT('',(0.146014547234155,-0.110588033060641,0.00299923117132343));
#9073=CARTESIAN_POINT('',(0.146241833610429,-0.109347595952651,0.00402799644102598));
#9074=CARTESIAN_POINT('',(0.143850774242698,-0.106145664908167,0.00649626765529519));
#9075=CARTESIAN_POINT('',(0.143861480736822,-0.10610968636622,0.00637901165004421));
#9076=CARTESIAN_POINT('',(0.145996027752314,-0.11061032567297,0.00299863294231067));
#9077=CARTESIAN_POINT('',(0.144534172196863,-0.110370124626425,0.00196809865225147));
#9078=CARTESIAN_POINT('',(0.144446752839987,-0.110375213942675,0.00214719114797781));
#9079=CARTESIAN_POINT('',(0.14450084508392,-0.106551548134303,0.00648035518478841));
#9080=CARTESIAN_POINT('',(0.144556754498793,-0.106539970254165,0.00636910963776815));
#9081=CARTESIAN_POINT('',(0.14443848187643,-0.109024629081181,0.00234342856464502));
#9082=CARTESIAN_POINT('',(0.144410947897012,-0.105863809857029,0.00638614917153775));
#9083=CARTESIAN_POINT('',(0.144242740659852,-0.105863809857028,0.00638588636440596));
#9084=CARTESIAN_POINT('',(0.144769822973017,-0.106689252422691,0.00636563026571998));
#9085=CARTESIAN_POINT('',(0.14476979003227,-0.105863809857028,0.00638670982679731));
#9086=CARTESIAN_POINT('',(0.143951204234305,-0.106434594609163,0.00637085453983992));
#9087=CARTESIAN_POINT('',(0.143861489846426,-0.106338000259537,0.00637318113334786));
#9088=CARTESIAN_POINT('',(0.143951187066204,-0.106004310714937,0.00638184282177542));
#9089=CARTESIAN_POINT('',(0.143918253787811,-0.106425813280624,0.00636406702652572));
#9090=CARTESIAN_POINT('',(0.143917623211017,-0.106024552055841,0.00649132616289977));
#9091=CARTESIAN_POINT('',(0.14384477728156,-0.106285754830081,0.0063776819671617));
#9092=MECHANICAL_DESIGN_GEOMETRIC_PRESENTATION_REPRESENTATION('',(#5719),
#9093);
#9093=(
GEOMETRIC_REPRESENTATION_CONTEXT(3)
GLOBAL_UNCERTAINTY_ASSIGNED_CONTEXT((#9094))
GLOBAL_UNIT_ASSIGNED_CONTEXT((#9097,#9096,#9095))
REPRESENTATION_CONTEXT('SK-12D07-G 5 NS PA_PART1',
'TOP_LEVEL_ASSEMBLY_PART')
);
#9094=UNCERTAINTY_MEASURE_WITH_UNIT(LENGTH_MEASURE(2.E-5),#9097,
'DISTANCE_ACCURACY_VALUE','Maximum Tolerance applied to model');
#9095=(
NAMED_UNIT(*)
SI_UNIT($,.STERADIAN.)
SOLID_ANGLE_UNIT()
);
#9096=(
NAMED_UNIT(*)
PLANE_ANGLE_UNIT()
SI_UNIT($,.RADIAN.)
);
#9097=(
LENGTH_UNIT()
NAMED_UNIT(*)
SI_UNIT($,.METRE.)
);
#9098=PRODUCT_DEFINITION_SHAPE('','',#9099);
#9099=PRODUCT_DEFINITION('','',#9101,#9100);
#9100=PRODUCT_DEFINITION_CONTEXT('',#9107,'design');
#9101=PRODUCT_DEFINITION_FORMATION_WITH_SPECIFIED_SOURCE('','',#9103,
 .NOT_KNOWN.);
#9102=PRODUCT_RELATED_PRODUCT_CATEGORY('','',(#9103));
#9103=PRODUCT('SK-12D07-G 5 NS PA_PART1','SK-12D07-G 5 NS PA_PART1',
'SK-12D07-G 5 NS PA_PART1',(#9105));
#9104=PRODUCT_CATEGORY('','');
#9105=PRODUCT_CONTEXT('',#9107,'mechanical');
#9106=APPLICATION_PROTOCOL_DEFINITION('international standard',
'ap242_managed_model_based_3d_engineering',2020,#9107);
#9107=APPLICATION_CONTEXT('managed model based 3d engineering');
ENDSEC;
END-ISO-10303-21;
