t_ms,mass_g,status
108,5.6036,D
108,5.6036,D
108,5.6036,D
219,5.6036,D
219,5.6036,D
329,5.6036,D
329,5.6036,D
329,5.6036,D
438,5.6036,D
438,5.6036,D
549,5.6036,D
549,5.6036,D
658,5.6036,D
659,5.6036,D
659,5.6036,D
768,5.6036,D
768,5.6036,D
878,5.6036,D
878,5.6036,D
878,5.6036,D
986,5.6036,D
986,5.6036,D
987,5.6035,D
1096,5.6035,D
1096,5.6035,D
1206,5.6035,D
1206,5.6035,D
1206,5.6035,D
1316,5.6035,D
1316,5.6035,D
1427,5.6035,D
1427,5.6035,D
1427,5.6035,D
1538,5.6035,D
1538,5.6035,D
1647,5.6035,D
1647,5.6035,D
1647,5.6035,D
1758,5.6035,D
1758,5.6035,D
1869,5.6035,D
1869,5.6035,D
1869,5.6035,D
1979,5.6035,D
1979,5.6035,D
2089,5.6035,D
2089,5.6035,D
2089,5.6035,D
2197,5.6034,D
2198,5.6034,D
2307,5.6034,D
2307,5.6034,D
2307,5.6034,D
2415,5.6034,D
2415,5.6034,D
2525,5.6034,D
2525,5.6034,D
2525,5.6034,D
2635,5.6034,D
2636,5.6034,D
2747,5.6034,D
2747,5.6034,D
2747,5.6034,D
2856,5.6034,D
2856,5.6034,D
2856,5.6034,D
2966,5.6034,D
2966,5.6034,D
3076,5.6033,D
3076,5.6033,D
3076,5.6033,D
3187,5.6033,D
3187,5.6033,D
3298,5.6033,D
3299,5.6033,D
3410,5.6033,D
3410,5.6033,D
3410,5.6033,D
3519,5.6032,D
3519,5.6032,D
3519,5.6032,D
3629,5.6032,D
3629,5.6032,D
3739,5.6032,D
3739,5.6032,D
3739,5.6032,D
3847,5.6032,D
3847,5.6032,D
3957,5.6032,D
3957,5.6032,D
3957,5.6032,D
4067,5.6032,D
4068,5.6032,D
4177,5.6032,D
4177,5.6032,D
4177,5.6032,D
4288,5.6032,D
4288,5.6032,D
4397,5.6032,D
4397,5.6032,D
4397,5.6032,D
4507,5.6032,D
4507,5.6032,D
4618,5.6032,D
4618,5.6032,D
4618,5.6032,D
4728,5.6032,D
4728,5.6032,D
4839,5.6032,D
4839,5.6032,D
4839,5.6032,D
4949,5.6032,D
4949,5.6032,D
5058,5.6032,D
5058,5.6031,D
5058,5.6031,D
5168,5.6031,D
5168,5.6031,D
5279,5.6031,D
5279,5.6031,D
5279,5.6031,D
5388,5.6031,D
5388,5.6031,D
5498,5.6031,D
5498,5.6031,D
5498,5.6031,D
5609,5.6031,D
5609,5.6031,D
5609,5.6031,D
5720,5.6031,D
5720,5.6031,D
5828,5.6031,D
5829,5.6031,D
5829,5.6031,D
5938,5.6031,D
5938,5.6031,D
6047,5.6031,D
6047,5.6031,D
6047,5.6030,D
6157,5.6030,D
6157,5.6030,D
6267,5.6030,D
6267,5.6030,D
6267,5.6030,D
6377,5.6030,D
6377,5.6030,D
6486,5.6030,D
6487,5.6030,D
6487,5.6030,D
6597,5.6030,D
6597,5.6030,D
6707,5.6030,D
6707,5.6030,D
6707,5.6030,D
6817,5.6030,D
6817,5.6030,D
6926,5.6030,D
6926,5.6030,D
6926,5.6030,D
7036,5.6030,D
7036,5.6030,D
7146,5.6030,D
7146,5.6030,D
7146,5.6030,D
7256,5.6030,D
7256,5.6030,D
7366,5.6030,D
7366,5.6030,D
7366,5.6030,D
7475,5.6030,D
7475,5.6030,D
7585,5.6030,D
7585,5.6030,D
7693,5.6030,D
7694,5.6030,D
7694,5.6030,D
7805,5.6030,D
7805,5.6030,D
7805,5.6030,D
7915,5.6030,D
7915,5.6030,D
8026,5.6030,D
8026,5.6029,D
8026,5.6029,D
8135,5.6029,D
8136,5.6029,D
8136,5.6029,D
8244,5.6029,D
8244,5.6029,D
8354,5.6029,D
8354,5.6029,D
8464,5.6029,D
8464,5.6029,D
8464,5.6029,D
8573,5.6029,D
8573,5.6029,D
8573,5.6029,D
8684,5.6029,D
8684,5.6029,D
8794,5.6029,D
8794,5.6029,D
8905,5.6029,D
8905,5.6029,D
8905,5.6029,D
9014,5.6029,D
9014,5.6029,D
9124,5.6029,D
9124,5.6029,D
9124,5.6029,D
9235,5.6029,D
9235,5.6029,D
9235,5.6029,D
9345,5.6029,D
9345,5.6029,D
9456,5.6029,D
9456,5.6029,D
9456,5.6029,D
9568,5.6029,D
9568,5.6029,D
9679,5.6029,D
9679,5.6028,D
9679,5.6027,D
9789,5.6027,D
9789,5.6027,D
9899,5.6027,D
9900,5.6027,D
9900,5.6027,D
10010,5.6027,D
10011,5.6027,D
10119,5.6027,D
10119,5.6027,D
10119,5.6027,D
10229,5.6027,D
10229,5.6027,D
10338,5.6027,D
10338,5.6027,D
10338,5.6027,D
10448,5.6027,D
10448,5.6026,D
10563,5.6026,D
10563,5.6026,D
10563,5.6026,D
10676,5.6026,D
10676,5.6026,D
10676,5.6026,D
10787,5.6026,D
10787,5.6026,D
10900,5.6026,D
10900,5.6026,D
10900,5.6026,D
11012,5.6026,D
11012,5.6026,D
11124,5.6026,D
11124,5.6026,D
11124,5.6026,D
11237,5.6026,D
11237,5.6026,D
11348,5.6026,D
11348,5.6026,D
11348,5.6026,D
11460,5.6026,D
11460,5.6026,D
11571,5.6026,D
11572,5.6025,D
11572,5.6025,D
11683,5.6025,D
11683,5.6025,D
11683,5.6025,D
11795,5.6025,D
11795,5.6025,D
11908,5.6025,D
11908,5.6025,D
11908,5.6025,D
12020,5.6025,D
12020,5.6025,D
12132,5.6025,D
12133,5.6025,D
12133,5.6025,D
12245,5.6025,D
12245,5.6025,D
12359,5.6025,D
12359,5.6025,D
12359,5.6025,D
12471,5.6025,D
12471,5.6025,D
12583,5.6024,D
12583,5.6024,D
12583,5.6024,D
12693,5.6024,D
12693,5.6024,D
12693,5.6024,D
12804,5.6024,D
12804,5.6024,D
12914,5.6024,D
12914,5.6024,D
12915,5.6024,D
13025,5.6024,D
13025,5.6024,D
13134,5.6024,D
13134,5.6024,D
13134,5.6024,D
13243,5.6024,D
13243,5.6024,D
13352,5.6024,D
13352,5.6024,D
13352,5.6024,D
13463,5.6024,D
13463,5.6024,D
13571,5.6024,D
13571,5.6024,D
13571,5.6024,D
13681,5.6023,D
13681,5.6023,D
13792,5.6023,D
13792,5.6023,D
13792,5.6022,D
13902,5.6022,D
13902,5.6022,D
14012,5.6022,D
14012,5.6022,D
14012,5.6022,D
14122,5.6022,D
14122,5.6022,D
14231,5.6022,D
14231,5.6022,D
14231,5.6022,D
14340,5.6022,D
14340,5.6022,D
14450,5.6022,D
14451,5.6022,D
14451,5.6020,D
14562,5.6020,D
14563,5.6020,D
14563,5.6020,D
14676,5.6020,D
14676,5.6020,D
14788,5.6020,D
14789,5.6020,D
14789,5.6020,D
14901,5.6020,D
14901,5.6020,D
15013,5.6020,D
15013,5.6020,D
15014,5.6020,D
15127,5.6020,D
15127,5.6019,D
15238,5.6019,D
15238,5.6019,D
15238,5.6019,D
15351,5.6019,D
15351,5.6019,D
15351,5.6019,D
15464,5.6019,D
15464,5.6019,D
15577,5.6019,D
15577,5.6019,D
15577,5.6019,D
15688,5.6019,D
15688,5.6019,D
15801,5.6019,D
15801,5.6019,D
15801,5.6019,D
15913,5.6019,D
15913,5.6019,D
16025,5.6019,D
16025,5.6019,D
16025,5.6019,D
16138,5.6018,D
16138,5.6018,D
16251,5.6018,D
16251,5.6017,D
16251,5.6017,D
16363,5.6017,D
16363,5.6017,D
16363,5.6017,D
16476,5.6017,D
16476,5.6017,D
16587,5.6017,D
16587,5.6017,D
16587,5.6017,D
16696,5.6016,D
16696,5.6016,D
16805,5.6016,D
16805,5.6016,D
16805,5.6016,D
16917,5.6016,D
16917,5.6016,D
17029,5.6016,D
17029,5.6016,D
17029,5.6016,D
17138,5.6016,D
17138,5.6016,D
17249,5.6016,D
17249,5.6016,D
17249,5.6016,D
17360,5.6016,D
17360,5.6016,D
17470,5.6016,D
17470,5.6016,D
17470,5.6016,D
17579,5.6015,D
17579,5.6015,D
17579,5.6015,D
17688,5.6015,D
17688,5.6015,D
17797,5.6015,D
17797,5.6015,D
17797,5.6015,D
17907,5.6015,D
17907,5.6015,D
18016,5.6015,D
18016,5.6015,D
18016,5.6015,D
18126,5.6015,D
18126,5.6015,D
18235,5.6015,D
18235,5.6014,D
18235,5.6014,D
18344,5.6014,D
18344,5.6014,D
18454,5.6014,D
18454,5.6014,D
18454,5.6014,D
18565,5.6014,D
18565,5.6014,D
18676,5.6014,D
18676,5.6014,D
18676,5.6014,D
18785,5.6014,D
18786,5.6013,D
18896,5.6013,D
18896,5.6013,D
18896,5.6013,D
19006,5.6013,D
19006,5.6013,D
19116,5.6013,D
19117,5.6013,D
19117,5.6013,D
19227,5.6013,D
19227,5.6013,D
19335,5.6013,D
19335,5.6012,D
19335,5.6012,D
19446,5.6012,D
19446,5.6012,D
19555,5.6012,D
19556,5.6012,D
19556,5.6012,D
19666,5.6012,D
19666,5.6011,D
19775,5.6011,D
19776,5.6011,D
19776,5.6011,D
19886,5.6011,D
19886,5.6011,D
19997,5.6011,D
19997,5.6011,D
19997,5.6011,D
20108,5.6011,D
20108,5.6011,D
20217,5.6011,D
20217,5.6011,D
20218,5.6011,D
20327,5.6011,D
20328,5.6011,D
20437,5.6011,D
20438,5.6011,D
20438,5.6011,D
20546,5.6011,D
20546,5.6011,D
20660,5.6011,D
20660,5.6011,D
20660,5.6011,D
20774,5.6010,D
20774,5.6010,D
20774,5.6010,D
20884,5.6010,D
20885,5.6010,D
20997,5.6010,D
20997,5.6010,D
20997,5.6010,D
21110,5.6010,D
21110,5.6010,D
21223,5.6010,D
21223,5.6010,D
21223,5.6010,D
21335,5.6010,D
21336,5.6010,D
21336,5.6010,D
21447,5.6009,D
21447,5.6009,D
21560,5.6009,D
21560,5.6009,D
21560,5.6009,D
21673,5.6009,D
21673,5.6009,D
21785,5.6009,D
21785,5.6009,D
21785,5.6009,D
21897,5.6009,D
21897,5.6009,D
22010,5.6009,D
22010,5.6009,D
22010,5.6009,D
22124,5.6009,D
22124,5.6009,D
22124,5.6009,D
22236,5.6009,D
22236,5.6008,D
22348,5.6008,D
22348,5.6008,D
22348,5.6008,D
22460,5.6008,D
22461,5.6008,D
22573,5.6008,D
22573,5.6008,D
22573,5.6008,D
22683,5.6008,D
22683,5.6008,D
22794,5.6008,D
22794,5.6008,D
22794,5.6008,D
22903,5.6008,D
22904,5.6008,D
23012,5.6008,D
23012,5.6007,D
23012,5.6007,D
23122,5.6007,D
23122,5.6007,D
23233,5.6007,D
23233,5.6006,D
23233,5.6005,D
23344,5.6005,D
23344,5.6005,D
23455,5.6005,D
23455,5.6005,D
23455,5.6005,D
23565,5.6005,D
23565,5.6005,D
23565,5.6005,D
23674,5.6005,D
23674,5.6005,D
23784,5.6005,D
23784,5.6005,D
23784,5.6005,D
23893,5.6005,D
23894,5.6005,D
24001,5.6005,D
24001,5.6005,D
24001,5.6005,D
24110,5.6005,D
24111,5.6005,D
24220,5.6005,D
24220,5.6005,D
24220,5.6005,D
24330,5.6005,D
24330,5.6005,D
24440,5.6005,D
24441,5.6005,D
24441,5.6005,D
24552,5.6005,D
24552,5.6005,D
24664,5.6005,D
24664,5.6005,D
24664,5.6005,D
24773,5.6004,D
24773,5.6004,D
24883,5.6004,D
24884,5.6004,D
24884,5.6004,D
24994,5.6004,D
24994,5.6004,D
25103,5.6004,D
25103,5.6004,D
25103,5.6004,D
25214,5.6004,D
25214,5.6004,D
25325,5.6004,D
25325,5.6004,D
25325,5.6004,D
25437,5.6004,D
25437,5.6004,D
25549,5.6004,D
25549,5.6004,D
25549,5.6004,D
25660,5.6004,D
25660,5.6004,D
25660,5.6004,D
25771,5.6004,D
25771,5.6004,D
25882,5.6004,D
25882,5.6004,D
25882,5.6004,D
25994,5.6004,D
25994,5.6004,D
26102,5.6004,D
26102,5.6004,D
26102,5.6004,D
26213,5.6004,D
26213,5.6004,D
26324,5.6004,D
26436,5.6004,S
26436,5.6004,S
26436,5.6004,S
26548,5.6004,S
26548,0.0000,S
26659,0.0000,S
26659,0.0000,S
26770,0.0000,S
26770,0.0000,D
26770,0.0000,D
26882,0.0000,D
26882,0.0000,D
26993,0.0000,D
26993,0.0000,D
26994,0.0000,D
27101,0.0000,D
27101,0.0000,D
27212,0.0000,D
27212,0.0000,D
27212,0.0000,D
27324,0.0000,D
27324,0.0000,D
27324,0.0000,D
27435,0.0000,D
27435,0.0000,D
27546,0.0000,D
27546,0.0000,D
27658,0.0000,D
27658,0.0000,D
27658,0.0000,D
27769,0.0000,D
27769,0.0000,D
27769,0.0000,D
27880,0.0000,D
27880,0.0000,D
27992,0.0000,D
27992,0.0000,D
27992,0.0000,D
28101,0.0000,D
28101,0.0000,D
28212,0.0000,D
28212,0.0000,D
28212,0.0000,D
28322,0.0000,D
28322,0.0000,D
28433,0.0000,D
28433,0.0000,D
28433,0.0000,D
28543,0.0000,D
28544,0.0000,D
28656,0.0000,D
28656,0.0000,D
28656,0.0000,D
28766,0.0000,D
28766,0.0000,D
28766,0.0000,D
28877,0.0000,D
28877,0.0000,D
28987,0.0001,D
28987,0.0001,D
28987,0.0001,D
29099,0.0001,D
29099,0.0001,S
29210,0.0001,S
29210,0.0001,S
29210,0.0001,S
29321,0.0001,S
29321,0.0001,S
29430,0.0001,S
29430,0.0001,S
29430,0.0001,S
29542,0.0001,S
29542,0.0001,S
29652,0.0001,S
29652,0.0001,S
29652,0.0001,S
29762,0.0001,S
29762,0.0001,S
29872,0.0001,S
29872,0.0001,S
29872,0.0001,S
29984,0.0001,S
29984,0.0001,S
30093,0.0001,S
30093,0.0001,S
30093,0.0001,S
30202,0.0001,S
30203,0.0001,S
30313,0.0001,S
30313,0.0001,S
30313,0.0001,S
30422,0.0001,S
30422,0.0001,S
30534,0.0001,S
30534,0.0001,S
30534,0.0001,S
30643,0.0001,S
30643,0.0001,S
30754,0.0001,S
30754,0.0001,S
30754,0.0001,S
30864,0.0001,S
30864,0.0000,S
30864,0.0000,S
30974,0.0000,S
30974,0.0000,S
31084,0.0000,S
31084,0.0000,S
31085,0.0000,S
31196,0.0000,S
31196,0.0000,D
31306,0.0000,D
31306,0.0000,D
31306,0.0000,D
31417,0.0000,D
31418,0.0000,D
31528,0.0000,D
31528,0.0000,D
31528,0.0000,D
31639,0.0000,D
31639,0.0000,D
31750,0.0000,D
31750,0.0000,D
31750,0.0000,D
31861,0.0000,D
31861,0.0000,D
31972,0.0000,D
31972,0.0000,D
31972,-0.0001,D
32082,-0.0001,D
32082,-0.0001,D
32082,0.0000,D
32193,0.0000,D
32193,0.0000,D
32304,0.0001,D
32304,0.0001,D
32304,0.0002,D
32415,0.0005,D
32415,0.0012,D
32525,0.0013,D
32525,0.0014,D
32635,0.0014,D
32635,0.0014,D
32635,0.0015,D
32746,0.0015,D
32746,0.0015,D
32746,0.0015,D
32857,0.0015,D
32857,0.0015,D
32966,0.0049,D
32966,0.0100,D
32966,0.0142,D
33077,0.0354,D
33077,0.0436,D
33189,0.0439,D
33189,0.0434,D
33189,0.0427,D
33300,0.0420,D
33300,0.0416,D
33408,0.0412,D
33408,0.0409,D
33408,0.0406,D
33520,0.0403,D
33520,0.0401,D
33630,0.0399,D
33630,0.0397,D
33630,0.0396,D
33740,0.0395,D
33741,0.0394,D
33851,0.0392,D
33851,0.0391,D
33851,0.0392,D
33963,0.0392,D
33963,0.0393,D
33963,0.0397,D
34074,0.0406,D
34074,0.0422,D
34185,0.0444,D
34186,0.0608,D
34186,0.0800,D
34296,0.0806,D
34296,0.0805,D
34407,0.0802,D
34407,0.0799,D
34517,0.0796,D
34517,0.0793,D
34517,0.0790,D
34627,0.0788,D
34627,0.0786,D
34735,0.0784,D
34736,0.0782,D
34736,0.0781,D
34845,0.0780,D
34845,0.0779,D
34845,0.0778,D
34956,0.0777,D
34956,0.0777,D
35066,0.0876,D
35066,0.1150,D
35066,0.1190,D
35176,0.1206,D
35176,0.1209,D
35286,0.1209,D
35286,0.1206,D
35286,0.1202,D
35398,0.1196,D
35398,0.1191,D
35508,0.1186,D
35508,0.1182,D
35508,0.1178,D
35620,0.1175,D
35620,0.1173,D
35731,0.1170,D
35731,0.1169,D
35731,0.1167,D
35842,0.1160,D
35842,0.1159,D
35842,0.1158,D
35953,0.1158,D
35953,0.1158,D
36064,0.1159,D
36064,0.1160,D
36064,0.1165,D
36175,0.1177,D
36175,0.1197,D
36287,0.1225,D
36287,0.1367,D
36287,0.1570,D
36395,0.1576,D
36395,0.1576,D
36505,0.1573,D
36505,0.1569,D
36505,0.1566,D
36615,0.1563,D
36615,0.1561,D
36725,0.1559,D
36725,0.1557,D
36725,0.1555,D
36835,0.1554,D
36835,0.1553,D
36944,0.1551,D
36944,0.1550,D
36944,0.1550,D
37054,0.1549,D
37055,0.1549,D
37165,0.1659,D
37165,0.1903,D
37165,0.1950,D
37275,0.1975,D
37275,0.1984,D
37385,0.1986,D
37385,0.1985,D
37385,0.1981,D
37493,0.1977,D
37493,0.1972,D
37601,0.1967,D
37601,0.1962,D
37601,0.1958,D
37712,0.1954,D
37712,0.1951,D
37823,0.1949,D
37823,0.1946,D
37823,0.1945,D
37933,0.1941,D
37933,0.1936,D
38044,0.1935,D
38044,0.1935,D
38154,0.1935,D
38155,0.1936,D
38155,0.1937,D
38155,0.1941,D
38266,0.1952,D
38266,0.1970,D
38377,0.1996,D
38377,0.2080,D
38377,0.2345,D
38487,0.2352,D
38487,0.2352,D
38596,0.2349,D
38596,0.2346,D
38596,0.2343,D
38706,0.2340,D
38706,0.2337,D
38818,0.2335,D
38818,0.2333,D
38930,0.2331,D
38930,0.2330,D
38930,0.2328,D
39041,0.2327,D
39041,0.2326,D
39041,0.2325,D
39153,0.2325,D
39153,0.2324,D
39153,0.2375,D
39263,0.2664,D
39263,0.2714,D
39374,0.2744,D
39374,0.2755,D
39485,0.2758,D
39485,0.2757,D
39485,0.2754,D
39595,0.2750,D
39595,0.2745,D
39703,0.2740,D
39703,0.2735,D
39703,0.2731,D
39815,0.2727,D
39815,0.2724,D
39815,0.2721,D
39926,0.2719,D
39926,0.2717,D
40035,0.2716,D
40035,0.2709,D
40035,0.2708,D
40145,0.2708,D
40145,0.2708,D
40255,0.2708,D
40255,0.2708,D
40365,0.2711,D
40365,0.2719,D
40365,0.2735,D
40476,0.2758,D
40476,0.2788,D
40476,0.3059,D
40586,0.3120,D
40586,0.3124,D
40697,0.3123,D
40697,0.3120,D
40697,0.3117,D
40808,0.3114,D
40808,0.3112,D
40918,0.3110,D
40918,0.3107,D
40918,0.3106,D
41027,0.3104,D
41027,0.3102,D
41136,0.3101,D
41136,0.3100,D
41136,0.3099,D
41245,0.3098,D
41245,0.3098,D
41354,0.3097,D
41354,0.3380,D
41354,0.3471,D
41464,0.3510,D
41464,0.3527,D
41574,0.3531,D
41574,0.3531,D
41574,0.3529,D
41684,0.3525,D
41684,0.3520,D
41794,0.3516,D
41794,0.3511,D
41794,0.3506,D
41904,0.3502,D
41905,0.3499,D
42014,0.3496,D
42014,0.3494,D
42014,0.3492,D
42122,0.3490,D
42122,0.3484,D
42233,0.3482,D
42233,0.3482,D
42233,0.3482,D
42342,0.3482,D
42342,0.3482,D
42452,0.3484,D
42452,0.3490,D
42452,0.3503,D
42564,0.3524,D
42564,0.3552,D
42674,0.3750,D
42675,0.3890,D
42675,0.3897,D
42784,0.3896,D
42784,0.3893,D
42892,0.3890,D
42893,0.3888,D
42893,0.3885,D
43002,0.3883,D
43002,0.3880,D
43110,0.3878,D
43110,0.3877,D
43110,0.3875,D
43220,0.3874,D
43220,0.3873,D
43330,0.3872,D
43330,0.3871,D
43330,0.3870,D
43441,0.3870,D
43441,0.4019,D
43442,0.4224,D
43552,0.4271,D
43552,0.4295,D
43662,0.4303,D
43662,0.4304,D
43662,0.4303,D
43772,0.4300,D
43772,0.4295,D
43882,0.4291,D
43882,0.4286,D
43882,0.4281,D
43992,0.4277,D
43993,0.4274,D
44102,0.4270,D
44102,0.4268,D
44103,0.4266,D
44214,0.4264,D
44214,0.4260,D
44324,0.4255,D
44324,0.4255,D
44324,0.4255,D
44434,0.4255,D
44434,0.4255,D
44546,0.4256,D
44546,0.4260,D
44546,0.4270,D
44657,0.4286,D
44657,0.4311,D
44767,0.4360,D
44767,0.4664,D
44767,0.4672,D
44877,0.4672,D
44877,0.4669,D
44986,0.4666,D
44986,0.4663,D
44986,0.4660,D
45095,0.4657,D
45096,0.4655,D
45205,0.4653,D
45205,0.4651,D
45205,0.4650,D
45315,0.4648,D
45315,0.4647,D
45424,0.4646,D
45424,0.4645,D
45424,0.4645,D
45533,0.4644,D
45533,0.4678,D
45643,0.4978,D
45643,0.5029,D
45643,0.5061,D
45751,0.5074,D
45751,0.5078,D
45859,0.5077,D
45859,0.5074,D
45859,0.5070,D
45969,0.5066,D
45969,0.5061,D
46078,0.5056,D
46079,0.5052,D
46079,0.5048,D
46189,0.5045,D
46189,0.5042,D
46298,0.5040,D
46299,0.5038,D
46299,0.5036,D
46408,0.5029,D
46408,0.5028,D
46518,0.5028,D
46518,0.5028,D
46518,0.5028,D
46627,0.5029,D
46627,0.5031,D
46627,0.5038,D
46736,0.5051,D
46736,0.5072,D
46846,0.5100,D
46846,0.5317,D
46956,0.5437,D
46956,0.5443,D
46956,0.5443,D
47067,0.5440,D
47067,0.5437,D
47067,0.5434,D
47177,0.5431,D
47177,0.5429,D
47286,0.5427,D
47286,0.5425,D
47286,0.5423,D
47399,0.5422,D
47400,0.5420,D
47509,0.5419,D
47510,0.5418,D
47510,0.5418,D
47618,0.5417,D
47619,0.5417,D
47728,0.5586,D
47729,0.5773,D
47840,0.5818,D
47840,0.5841,D
47840,0.5849,D
47949,0.5850,D
47949,0.5849,D
47949,0.5845,D
48058,0.5841,D
48058,0.5836,D
48168,0.5832,D
48168,0.5827,D
48168,0.5823,D
48278,0.5819,D
48278,0.5816,D
48389,0.5814,D
48389,0.5812,D
48389,0.5810,D
48501,0.5806,D
48501,0.5801,D
48611,0.5801,D
48611,0.5801,D
48611,0.5801,D
48721,0.5801,D
48721,0.5802,D
48832,0.5806,D
48832,0.5816,D
48832,0.5833,D
48943,0.5858,D
48943,0.5924,D
49054,0.6210,D
49055,0.6217,D
49055,0.6217,D
49165,0.6214,D
49165,0.6211,D
49165,0.6208,D
49276,0.6205,D
49276,0.6203,D
49386,0.6201,D
49387,0.6199,D
49387,0.6197,D
49497,0.6195,D
49497,0.6193,D
49608,0.6192,D
49608,0.6191,D
49608,0.6190,D
49718,0.6190,D
49718,0.6189,D
49828,0.6206,D
49828,0.6516,D
49828,0.6569,D
49938,0.6604,D
49938,0.6618,D
50048,0.6622,D
50048,0.6622,D
50048,0.6620,D
50157,0.6616,D
50157,0.6611,D
50268,0.6606,D
50268,0.6602,D
50268,0.6597,D
50378,0.6593,D
50379,0.6590,D
50489,0.6587,D
50489,0.6585,D
50489,0.6583,D
50596,0.6581,D
50596,0.6575,D
50705,0.6573,D
50705,0.6573,D
50705,0.6573,D
50814,0.6573,D
50814,0.6573,D
50924,0.6575,D
50924,0.6581,D
50924,0.6593,D
51034,0.6612,D
51034,0.6639,D
51144,0.6799,D
51144,0.6982,D
51255,0.6988,D
51255,0.6988,D
51255,0.6985,D
51367,0.6982,D
51368,0.6979,D
51368,0.6977,D
51478,0.6974,D
51478,0.6972,D
51478,0.6970,D
51587,0.6968,D
51587,0.6967,D
51697,0.6965,D
51697,0.6964,D
51697,0.6963,D
51806,0.6963,D
51806,0.6962,D
51914,0.6962,D
51915,0.7068,D
52025,0.7306,D
52025,0.7355,D
52025,0.7382,D
52136,0.7393,D
52136,0.7395,D
52136,0.7394,D
52245,0.7391,D
52246,0.7387,D
52356,0.7383,D
52356,0.7378,D
52465,0.7373,D
52466,0.7369,D
52466,0.7365,D
52575,0.7362,D
52575,0.7359,D
52575,0.7357,D
52685,0.7355,D
52685,0.7354,D
52796,0.7347,D
52796,0.7346,D
52796,0.7346,D
52905,0.7346,D
52905,0.7346,D
53014,0.7347,D
53014,0.7350,D
53015,0.7358,D
53123,0.7374,D
53123,0.7397,D
53232,0.7426,D
53232,0.7715,D
53342,0.7758,D
53342,0.7761,D
53342,0.7759,D
53453,0.7756,D
53453,0.7754,D
53453,0.7751,D
53562,0.7748,D
53562,0.7746,D
53672,0.7744,D
53672,0.7742,D
53672,0.7740,D
53780,0.7739,D
53781,0.7737,D
53891,0.7736,D
53891,0.7735,D
54001,0.7735,D
54001,0.7734,D
54001,0.7734,D
54001,0.7946,D
54111,0.8094,D
54111,0.8138,D
54222,0.8159,D
54222,0.8166,D
54332,0.8167,D
54332,0.8165,D
54332,0.8162,D
54441,0.8158,D
54441,0.8153,D
54550,0.8148,D
54550,0.8144,D
54550,0.8140,D
54658,0.8136,D
54658,0.8133,D
54769,0.8131,D
54769,0.8129,D
54769,0.8127,D
54878,0.8123,D
54878,0.8118,D
54987,0.8118,D
54987,0.8118,D
54987,0.8118,D
55096,0.8118,D
55097,0.8119,D
55206,0.8123,D
55206,0.8132,D
55207,0.8149,D
55315,0.8173,D
55315,0.8221,D
55425,0.8527,D
55425,0.8535,D
55425,0.8535,D
55535,0.8532,D
55535,0.8529,D
55645,0.8526,D
55645,0.8524,D
55645,0.8521,D
55754,0.8519,D
55754,0.8517,D
55864,0.8515,D
55864,0.8514,D
55864,0.8512,D
55973,0.8511,D
55973,0.8510,D
56083,0.8509,D
56083,0.8509,D
56083,0.8508,D
56194,0.8508,D
56194,0.8808,D
56303,0.8881,D
56304,0.8919,D
56304,0.8936,D
56413,0.8941,D
56413,0.8941,D
56523,0.8940,D
56523,0.8936,D
56523,0.8931,D
56632,0.8926,D
56632,0.8922,D
56742,0.8917,D
56742,0.8913,D
56742,0.8910,D
56851,0.8907,D
56852,0.8905,D
56852,0.8903,D
56962,0.8901,D
56962,0.8898,D
57072,0.8893,D
57073,0.8893,D
57073,0.8893,D
57183,0.8893,D
57183,0.8894,D
57293,0.8895,D
57293,0.8900,D
57293,0.8911,D
57404,0.8930,D
57404,0.8956,D
57515,0.9078,D
57515,0.9302,D
57515,0.9308,D
57626,0.9308,D
57626,0.9305,D
57734,0.9302,D
57734,0.9299,D
57734,0.9297,D
57846,0.9295,D
57846,0.9292,D
57955,0.9290,D
57955,0.9289,D
58065,0.9287,D
58065,0.9286,D
58065,0.9284,D
58174,0.9283,D
58174,0.9283,D
58174,0.9282,D
58283,0.9282,D
58284,0.9314,D
58392,0.9608,D
58392,0.9661,D
58392,0.9696,D
58503,0.9711,D
58503,0.9715,D
58614,0.9715,D
58614,0.9712,D
58614,0.9708,D
58726,0.9704,D
58726,0.9699,D
58836,0.9694,D
58836,0.9689,D
58836,0.9686,D
58947,0.9683,D
58948,0.9681,D
59059,0.9678,D
59059,0.9677,D
59059,0.9675,D
59169,0.9667,D
59169,0.9666,D
59169,0.9666,D
59279,0.9666,D
59279,0.9666,D
59390,0.9666,D
59390,0.9667,D
59390,0.9673,D
59501,0.9684,D
59501,0.9702,D
59611,0.9728,D
59611,0.9870,D
59611,1.0075,D
59721,1.0081,D
59721,1.0081,D
59831,1.0078,D
59831,1.0075,D
59831,1.0073,D
59941,1.0070,D
59941,1.0068,D
60052,1.0066,D
60052,1.0064,D
60161,1.0062,D
60161,1.0060,D
60161,1.0059,D
60272,1.0057,D
60272,1.0056,D
60272,1.0056,D
60382,1.0055,D
60382,1.0055,D
60491,1.0122,D
60491,1.0388,D
60491,1.0440,D
60600,1.0471,D
60600,1.0484,D
60710,1.0487,D
60710,1.0487,D
60710,1.0485,D
60819,1.0481,D
60820,1.0476,D
60931,1.0471,D
60931,1.0467,D
60931,1.0462,D
61043,1.0459,D
61043,1.0455,D
61154,1.0453,D
61154,1.0450,D
61154,1.0448,D
61264,1.0447,D
61264,1.0440,D
61264,1.0438,D
61375,1.0438,D
61375,1.0438,D
61484,1.0438,D
61485,1.0438,D
61485,1.0440,D
61596,1.0446,D
61596,1.0458,D
61707,1.0477,D
61707,1.0504,D
61707,1.0683,D
61817,1.0845,D
61817,1.0851,D
61927,1.0851,D
61927,1.0848,D
61927,1.0845,D
62036,1.0842,D
62036,1.0840,D
62145,1.0837,D
62145,1.0835,D
62145,1.0834,D
62255,1.0832,D
62255,1.0831,D
62366,1.0829,D
62366,1.0828,D
62366,1.0827,D
62475,1.0826,D
62475,1.0826,D
62579,1.0825,D
62580,1.0892,D
62580,1.1159,D
62691,1.1210,D
62691,1.1242,D
62803,1.1254,D
62804,1.1257,D
62804,1.1257,D
62915,1.1254,D
62915,1.1251,D
63029,1.1247,D
63029,1.1244,D
63029,1.1241,D
63141,1.1236,D
63141,1.1231,D
63252,1.1226,D
63253,1.1222,D
63253,1.1219,D
63365,1.1217,D
63365,1.1215,D
63365,1.1214,D
63477,1.1213,D
63477,1.1212,D
63589,1.1209,D
63589,1.1209,D
63589,1.1209,D
63702,1.1212,D
63702,1.1219,D
63814,1.1231,D
63814,1.1249,D
63814,1.1409,D
63926,1.1604,D
63927,1.1614,D
64039,1.1614,D
64039,1.1611,D
64039,1.1608,D
64151,1.1606,D
64151,1.1603,D
64151,1.1600,D
64264,1.1598,D
64265,1.1596,D
64377,1.1594,D
64377,1.1592,D
64377,1.1590,D
64490,1.1589,D
64490,1.1588,D
64601,1.1587,D
64601,1.1586,D
64601,1.1586,D
64711,1.1586,D
64711,1.1828,D
64822,1.1961,D
64822,1.1997,D
64822,1.2012,D
64931,1.2017,D
64931,1.2016,D
65042,1.2014,D
65042,1.2011,D
65042,1.2006,D
65153,1.2002,D
65153,1.1998,D
65153,1.1994,D
65262,1.1990,D
65262,1.1987,D
65374,1.1984,D
65374,1.1982,D
65374,1.1980,D
65485,1.1977,D
65485,1.1970,D
65595,1.1969,D
65596,1.1969,D
65596,1.1970,D
65706,1.1970,D
65706,1.1971,D
65816,1.1972,D
65816,1.1975,D
65925,1.1984,D
65925,1.2001,D
65925,1.2026,D
66035,1.2147,D
66035,1.2376,D
66144,1.2383,D
66144,1.2383,D
66144,1.2380,D
66253,1.2377,D
66253,1.2374,D
66253,1.2371,D
66363,1.2369,D
66363,1.2367,D
66472,1.2364,D
66472,1.2362,D
66581,1.2361,D
66581,1.2360,D
66582,1.2359,D
66691,1.2358,D
66691,1.2357,D
66691,1.2357,D
66800,1.2356,D
66800,1.2355,D
66911,1.2614,D
66911,1.2725,D
66911,1.2765,D
67021,1.2783,D
67021,1.2788,D
67129,1.2789,D
67129,1.2787,D
67129,1.2784,D
67237,1.2779,D
67237,1.2774,D
67346,1.2769,D
67346,1.2764,D
67346,1.2760,D
67456,1.2757,D
67457,1.2754,D
67566,1.2752,D
67566,1.2750,D
67566,1.2748,D
67676,1.2744,D
67676,1.2740,D
67787,1.2740,D
67787,1.2740,D
67787,1.2740,D
67897,1.2740,D
67897,1.2741,D
68007,1.2744,D
68007,1.2754,D
68007,1.2770,D
68116,1.2794,D
68116,1.2842,D
68226,1.3147,D
68226,1.3154,D
68226,1.3154,D
68335,1.3151,D
68335,1.3148,D
68445,1.3146,D
68445,1.3143,D
68445,1.3141,D
68555,1.3139,D
68555,1.3137,D
68664,1.3135,D
68664,1.3133,D
68664,1.3132,D
68772,1.3130,D
68773,1.3129,D
68882,1.3128,D
68882,1.3128,D
68883,1.3127,D
68991,1.3127,D
68991,1.3338,D
69100,1.3486,D
69100,1.3530,D
69100,1.3552,D
69211,1.3559,D
69211,1.3560,D
69322,1.3559,D
69322,1.3556,D
69322,1.3552,D
69431,1.3547,D
69432,1.3542,D
69432,1.3537,D
69542,1.3533,D
69542,1.3529,D
69652,1.3527,D
69652,1.3524,D
69652,1.3522,D
69763,1.3520,D
69763,1.3519,D
69873,1.3512,D
69873,1.3511,D
69873,1.3511,D
69984,1.3512,D
69984,1.3512,D
70093,1.3512,D
70093,1.3515,D
70093,1.3524,D
70202,1.3539,D
70202,1.3561,D
70311,1.3590,D
70311,1.3879,D
70421,1.3922,D
70421,1.3925,D
70421,1.3924,D
70530,1.3921,D
70530,1.3918,D
70640,1.3915,D
70641,1.3913,D
70641,1.3911,D
70751,1.3909,D
70751,1.3907,D
70751,1.3905,D
70860,1.3903,D
70861,1.3902,D
70970,1.3901,D
70970,1.3900,D
70970,1.3899,D
71080,1.3899,D
71081,1.3898,D
71191,1.4065,D
71191,1.4249,D
71191,1.4295,D
71301,1.4320,D
71301,1.4328,D
71411,1.4330,D
71411,1.4329,D
71411,1.4327,D
71521,1.4322,D
71521,1.4317,D
71630,1.4312,D
71630,1.4308,D
71630,1.4304,D
71740,1.4301,D
71741,1.4298,D
71850,1.4295,D
71850,1.4293,D
71850,1.4291,D
71960,1.4289,D
71960,1.4282,D
72068,1.4282,D
72068,1.4282,D
72068,1.4282,D
72177,1.4282,D
72177,1.4282,D
72287,1.4284,D
72287,1.4290,D
72287,1.4303,D
72398,1.4323,D
72398,1.4351,D
72509,1.4568,D
72509,1.4689,D
72509,1.4695,D
72619,1.4694,D
72619,1.4691,D
72730,1.4688,D
72730,1.4686,D
72730,1.4683,D
72840,1.4681,D
72840,1.4679,D
72840,1.4677,D
72949,1.4676,D
72949,1.4674,D
73059,1.4673,D
73059,1.4671,D
73059,1.4671,D
73169,1.4670,D
73169,1.4669,D
73279,1.4669,D
73279,1.4735,D
73279,1.5001,D
73389,1.5053,D
73389,1.5085,D
73500,1.5098,D
73500,1.5101,D
73500,1.5101,D
73608,1.5099,D
73608,1.5095,D
73717,1.5091,D
73718,1.5086,D
73718,1.5081,D
73827,1.5077,D
73828,1.5073,D
73938,1.5070,D
73938,1.5067,D
74047,1.5065,D
74048,1.5063,D
74048,1.5061,D
74158,1.5056,D
74158,1.5053,D
74158,1.5053,D
74269,1.5053,D
74269,1.5053,D
74380,1.5054,D
74381,1.5055,D
74381,1.5060,D
74490,1.5071,D
74490,1.5089,D
74601,1.5114,D
74601,1.5236,D
74601,1.5461,D
74711,1.5467,D
74711,1.5467,D
74821,1.5464,D
74821,1.5461,D
74821,1.5458,D
74931,1.5456,D
74931,1.5454,D
75040,1.5452,D
75040,1.5450,D
75040,1.5448,D
75151,1.5446,D
75151,1.5445,D
75261,1.5443,D
75261,1.5442,D
75261,1.5442,D
75372,1.5441,D
75372,1.5441,D
75372,1.5440,D
75482,1.5735,D
75482,1.5808,D
75592,1.5848,D
75593,1.5867,D
75593,1.5872,D
75702,1.5873,D
75702,1.5871,D
75812,1.5868,D
75812,1.5863,D
75812,1.5858,D
75922,1.5853,D
75923,1.5848,D
76034,1.5844,D
76034,1.5841,D
76143,1.5838,D
76143,1.5836,D
76143,1.5834,D
76254,1.5832,D
76254,1.5827,D
76254,1.5823,D
76364,1.5823,D
76364,1.5823,D
76475,1.5823,D
76475,1.5823,D
76475,1.5823,D
76583,1.5826,D
76583,1.5834,D
76692,1.5848,D
76692,1.5870,D
76693,1.5898,D
76802,1.6191,D
76803,1.6235,D
76912,1.6237,D
76912,1.6236,D
76912,1.6233,D
77021,1.6230,D
77021,1.6228,D
77130,1.6226,D
77130,1.6223,D
77130,1.6222,D
77240,1.6220,D
77240,1.6218,D
77351,1.6216,D
77351,1.6215,D
77460,1.6214,D
77460,1.6213,D
77460,1.6213,D
77568,1.6212,D
77569,1.6212,D
77569,1.6352,D
77679,1.6552,D
77679,1.6601,D
77789,1.6630,D
77789,1.6642,D
77789,1.6644,D
77901,1.6644,D
77901,1.6642,D
78012,1.6638,D
78012,1.6633,D
78012,1.6628,D
78123,1.6623,D
78123,1.6619,D
78232,1.6616,D
78232,1.6613,D
78232,1.6610,D
78341,1.6608,D
78341,1.6606,D
78453,1.6605,D
78453,1.6601,D
78453,1.6598,D
78563,1.6598,D
78563,1.6597,D
78673,1.6597,D
78673,1.6597,D
78673,1.6599,D
78782,1.6605,D
78782,1.6618,D
78782,1.6638,D
78892,1.6664,D
78892,1.6823,D
79004,1.7003,D
79004,1.7009,D
79004,1.7009,D
79115,1.7006,D
79115,1.7003,D
79226,1.7000,D
79226,1.6997,D
79226,1.6995,D
79335,1.6994,D
79335,1.6992,D
79445,1.6991,D
79446,1.6989,D
79555,1.6988,D
79555,1.6987,D
79555,1.6986,D
79664,1.6985,D
79665,1.6985,D
79665,1.6984,D
79775,1.6982,D
79776,1.7297,D
79885,1.7354,D
79885,1.7391,D
79885,1.7409,D
79996,1.7414,D
79996,1.7414,D
80107,1.7413,D
80107,1.7409,D
80107,1.7405,D
80217,1.7400,D
80217,1.7395,D
80328,1.7391,D
80328,1.7387,D
80328,1.7384,D
80439,1.7381,D
80439,1.7379,D
80550,1.7377,D
80550,1.7375,D
80550,1.7372,D
80662,1.7368,D
80662,1.7367,D
80662,1.7367,D
80773,1.7368,D
80773,1.7368,D
80883,1.7368,D
80883,1.7371,D
80883,1.7379,D
80993,1.7394,D
80993,1.7416,D
81102,1.7445,D
81102,1.7756,D
81102,1.7782,D
81210,1.7783,D
81210,1.7781,D
81322,1.7779,D
81322,1.7776,D
81322,1.7774,D
81432,1.7772,D
81432,1.7770,D
81543,1.7768,D
81544,1.7766,D
81544,1.7765,D
81653,1.7763,D
81653,1.7762,D
81764,1.7760,D
81764,1.7759,D
81764,1.7759,D
81875,1.7758,D
81875,1.7757,D
81986,1.7899,D
81986,1.8100,D
81986,1.8148,D
82096,1.8176,D
82097,1.8187,D
82205,1.8190,D
82205,1.8190,D
82205,1.8188,D
82315,1.8184,D
82315,1.8179,D
82426,1.8173,D
82426,1.8168,D
82426,1.8164,D
82537,1.8161,D
82538,1.8157,D
82538,1.8155,D
82650,1.8152,D
82650,1.8150,D
82760,1.8149,D
82760,1.8143,D
82760,1.8140,D
82870,1.8140,D
82870,1.8139,D
82980,1.8139,D
82980,1.8139,D
82980,1.8140,D
83090,1.8144,D
83090,1.8155,D
83201,1.8173,D
83201,1.8198,D
83202,1.8317,D
83312,1.8538,D
83312,1.8544,D
83423,1.8544,D
83423,1.8541,D
83423,1.8538,D
83533,1.8535,D
83533,1.8532,D
83644,1.8530,D
83644,1.8527,D
83644,1.8525,D
83755,1.8523,D
83755,1.8521,D
83865,1.8519,D
83865,1.8518,D
83865,1.8517,D
83975,1.8516,D
83975,1.8515,D
84085,1.8514,D
84086,1.8513,D
84086,1.8725,D
84196,1.8873,D
84197,1.8915,D
84197,1.8935,D
84307,1.8942,D
84307,1.8943,D
84418,1.8942,D
84419,1.8939,D
84529,1.8935,D
84529,1.8930,D
84529,1.8925,D
84639,1.8920,D
84640,1.8917,D
84640,1.8914,D
84750,1.8912,D
84750,1.8910,D
84861,1.8908,D
84861,1.8906,D
84861,1.8905,D
84973,1.8901,D
84973,1.8898,D
85084,1.8898,D
85084,1.8899,D
85085,1.8899,D
85196,1.8900,D
85196,1.8903,D
85305,1.8910,D
85305,1.8925,D
85305,1.8946,D
85417,1.8974,D
85417,1.9271,D
85526,1.9317,D
85526,1.9320,D
85526,1.9318,D
85637,1.9315,D
85637,1.9312,D
85749,1.9309,D
85749,1.9307,D
85749,1.9304,D
85860,1.9302,D
85860,1.9300,D
85860,1.9298,D
85968,1.9297,D
85968,1.9296,D
86079,1.9295,D
86079,1.9295,D
86079,1.9294,D
86189,1.9294,D
86189,1.9294,D
86299,1.9359,D
86299,1.9622,D
86299,1.9675,D
86409,1.9710,D
86409,1.9726,D
86520,1.9731,D
86520,1.9731,D
86627,1.9728,D
86627,1.9724,D
86627,1.9719,D
86738,1.9714,D
86738,1.9708,D
86738,1.9704,D
86850,1.9700,D
86850,1.9697,D
86961,1.9695,D
86961,1.9693,D
86961,1.9691,D
87072,1.9689,D
87072,1.9683,D
87182,1.9682,D
87182,1.9682,D
87182,1.9682,D
87293,1.9682,D
87293,1.9682,D
87403,1.9682,D
87403,1.9684,D
87403,1.9691,D
87515,1.9706,D
87515,1.9727,D
87625,1.9755,D
87625,2.0071,D
87625,2.0096,D
87736,2.0097,D
87736,2.0095,D
87736,2.0092,D
87849,2.0090,D
87849,2.0087,D
87962,2.0085,D
87962,2.0084,D
87962,2.0082,D
88073,2.0081,D
88073,2.0079,D
88186,2.0078,D
88187,2.0077,D
88187,2.0076,D
88299,2.0075,D
88299,2.0074,D
88412,2.0074,D
88412,2.0072,D
88412,2.0192,D
88525,2.0410,D
88525,2.0460,D
88525,2.0491,D
88637,2.0505,D
88637,2.0509,D
88748,2.0509,D
88748,2.0506,D
88748,2.0501,D
88858,2.0496,D
88858,2.0490,D
88968,2.0485,D
88968,2.0481,D
88968,2.0477,D
89077,2.0474,D
89077,2.0472,D
89188,2.0470,D
89188,2.0469,D
89188,2.0467,D
89299,2.0460,D
89299,2.0459,D
89408,2.0459,D
89408,2.0458,D
89408,2.0458,D
89518,2.0458,D
89518,2.0459,D
89628,2.0462,D
89628,2.0471,D
89628,2.0488,D
89738,2.0512,D
89738,2.0614,D
89849,2.0867,D
89849,2.0875,D
89849,2.0875,D
89960,2.0872,D
89960,2.0870,D
90072,2.0867,D
90072,2.0864,D
90072,2.0862,D
90180,2.0861,D
90180,2.0859,D
90290,2.0858,D
90290,2.0856,D
90290,2.0855,D
90401,2.0854,D
90401,2.0853,D
90401,2.0852,D
90511,2.0851,D
90512,2.0851,D
90620,2.0849,D
90620,2.1033,D
90620,2.1200,D
90729,2.1246,D
90729,2.1273,D
90840,2.1283,D
90840,2.1285,D
90840,2.1283,D
90950,2.1280,D
90950,2.1275,D
91060,2.1270,D
91060,2.1264,D
91060,2.1259,D
91172,2.1255,D
91172,2.1252,D
91280,2.1249,D
91280,2.1247,D
91390,2.1245,D
91390,2.1244,D
91390,2.1237,D
91501,2.1234,D
91501,2.1234,D
91612,2.1233,D
91612,2.1233,D
91612,2.1233,D
91722,2.1233,D
91722,2.1233,D
91722,2.1237,D
91831,2.1246,D
91831,2.1263,D
91941,2.1288,D
91941,2.1410,D
91941,2.1640,D
92051,2.1647,D
92051,2.1646,D
92163,2.1643,D
92163,2.1640,D
92163,2.1638,D
92272,2.1635,D
92273,2.1633,D
92384,2.1631,D
92384,2.1630,D
92384,2.1628,D
92494,2.1627,D
92494,2.1625,D
92603,2.1624,D
92603,2.1623,D
92603,2.1623,D
92714,2.1622,D
92714,2.1621,D
92714,2.1619,D
92825,2.1847,D
92825,2.1978,D
92935,2.2022,D
92935,2.2046,D
92935,2.2055,D
93045,2.2056,D
93045,2.2054,D
93155,2.2050,D
93155,2.2045,D
93155,2.2040,D
93264,2.2035,D
93265,2.2030,D
93374,2.2026,D
93374,2.2022,D
93374,2.2020,D
93482,2.2017,D
93482,2.2015,D
93592,2.2014,D
93592,2.2009,D
93701,2.2006,D
93701,2.2006,D
93701,2.2005,D
93811,2.2005,D
93811,2.2004,D
93811,2.2004,D
93921,2.2005,D
93921,2.2010,D
94030,2.2021,D
94031,2.2040,D
94031,2.2066,D
94141,2.2268,D
94141,2.2413,D
94251,2.2419,D
94251,2.2418,D
94251,2.2415,D
94361,2.2412,D
94361,2.2409,D
94471,2.2406,D
94471,2.2405,D
94471,2.2403,D
94580,2.2402,D
94580,2.2400,D
94691,2.2399,D
94691,2.2398,D
94691,2.2397,D
94803,2.2396,D
94803,2.2395,D
94916,2.2394,D
94916,2.2393,D
95027,2.2392,D
95028,2.2661,D
95028,2.2755,D
95139,2.2798,D
95139,2.2822,D
95139,2.2830,D
95251,2.2831,D
95251,2.2828,D
95251,2.2823,D
95365,2.2818,D
95365,2.2813,D
95476,2.2808,D
95476,2.2803,D
95476,2.2799,D
95588,2.2796,D
95588,2.2793,D
95701,2.2791,D
95702,2.2789,D
95814,2.2787,D
95814,2.2783,D
95814,2.2779,D
95925,2.2779,D
95925,2.2778,D
95926,2.2778,D
96038,2.2778,D
96038,2.2778,D
96038,2.2779,D
96150,2.2784,D
96150,2.2795,D
96261,2.2814,D
96262,2.2839,D
96262,2.3041,D
96374,2.3187,D
96374,2.3193,D
96486,2.3192,D
96486,2.3189,D
96486,2.3187,D
96599,2.3184,D
96599,2.3182,D
96710,2.3180,D
96710,2.3178,D
96710,2.3176,D
96820,2.3175,D
96820,2.3173,D
96820,2.3172,D
96930,2.3171,D
96930,2.3170,D
97041,2.3169,D
97041,2.3168,D
97041,2.3167,D
97150,2.3166,D
97150,2.3457,D
97259,2.3532,D
97260,2.3573,D
97370,2.3594,D
97370,2.3602,D
97370,2.3603,D
97479,2.3601,D
97479,2.3598,D
97479,2.3593,D
97590,2.3587,D
97590,2.3582,D
97699,2.3577,D
97699,2.3573,D
97699,2.3570,D
97808,2.3567,D
97808,2.3565,D
97918,2.3563,D
97918,2.3562,D
98027,2.3557,D
98027,2.3553,D
98027,2.3552,D
98135,2.3552,D
98135,2.3552,D
98135,2.3552,D
98245,2.3552,D
98245,2.3553,D
98356,2.3559,D
98356,2.3570,D
98356,2.3589,D
98466,2.3615,D
98466,2.3816,D
98580,2.3961,D
98580,2.3966,D
98580,2.3965,D
98693,2.3962,D
98693,2.3959,D
98693,2.3956,D
98806,2.3954,D
98806,2.3953,D
98919,2.3951,D
98919,2.3950,D
98919,2.3949,D
99030,2.3947,D
99031,2.3946,D
99141,2.3945,D
99141,2.3944,D
99252,2.3943,D
99252,2.3943,D
99252,2.3941,D
99363,2.3940,D
99363,2.4227,D
99475,2.4303,D
99475,2.4345,D
99475,2.4367,D
99586,2.4375,D
99586,2.4376,D
99586,2.4375,D
99699,2.4371,D
99699,2.4366,D
99810,2.4361,D
99810,2.4356,D
99810,2.4351,D
99920,2.4347,D
99920,2.4343,D
100031,2.4341,D
100031,2.4339,D
100031,2.4337,D
100141,2.4336,D
100141,2.4331,D
100252,2.4327,D
100253,2.4327,D
100253,2.4326,D
100363,2.4326,D
100363,2.4326,D
100474,2.4326,D
100474,2.4327,D
100474,2.4332,D
100586,2.4342,D
100586,2.4361,D
100586,2.4386,D
100697,2.4568,D
100697,2.4734,D
100807,2.4741,D
100807,2.4740,D
100807,2.4737,D
100919,2.4734,D
100919,2.4732,D
101029,2.4729,D
101029,2.4727,D
101029,2.4725,D
101138,2.4724,D
101138,2.4722,D
101138,2.4721,D
101249,2.4719,D
101249,2.4718,D
101360,2.4717,D
101360,2.4716,D
101470,2.4716,D
101470,2.4715,D
101470,2.4713,D
101582,2.5001,D
101582,2.5077,D
101693,2.5118,D
101693,2.5141,D
101693,2.5149,D
101803,2.5150,D
101803,2.5149,D
101803,2.5144,D
101913,2.5139,D
101914,2.5134,D
102024,2.5128,D
102024,2.5123,D
102024,2.5119,D
102134,2.5116,D
102134,2.5113,D
102245,2.5111,D
102245,2.5110,D
102355,2.5108,D
102355,2.5107,D
102355,2.5104,D
102466,2.5101,D
102466,2.5100,D
102466,2.5099,D
102580,2.5099,D
102580,2.5099,D
102691,2.5100,D
102692,2.5106,D
102692,2.5118,D
102803,2.5137,D
102803,2.5163,D
102913,2.5323,D
102913,2.5507,D
102913,2.5514,D
103025,2.5514,D
103025,2.5511,D
103135,2.5508,D
103135,2.5505,D
103135,2.5503,D
103247,2.5501,D
103247,2.5499,D
103248,2.5498,D
103359,2.5496,D
103359,2.5495,D
103470,2.5493,D
103470,2.5492,D
103470,2.5491,D
103580,2.5490,D
103581,2.5489,D
103691,2.5489,D
103692,2.5487,D
103692,2.5728,D
103802,2.5842,D
103802,2.5887,D
103914,2.5913,D
103914,2.5923,D
103914,2.5925,D
104025,2.5923,D
104025,2.5920,D
104136,2.5915,D
104136,2.5910,D
104136,2.5904,D
104247,2.5899,D
104247,2.5895,D
104247,2.5892,D
104358,2.5889,D
104358,2.5887,D
104469,2.5885,D
104469,2.5883,D
104580,2.5879,D
104580,2.5875,D
104580,2.5874,D
104690,2.5874,D
104691,2.5873,D
104691,2.5873,D
104800,2.5873,D
104800,2.5874,D
104911,2.5878,D
104911,2.5887,D
104911,2.5903,D
105021,2.5927,D
105021,2.6050,D
105131,2.6283,D
105131,2.6290,D
105241,2.6289,D
105241,2.6286,D
105241,2.6283,D
105351,2.6281,D
105352,2.6278,D
105352,2.6276,D
105462,2.6274,D
105462,2.6273,D
105572,2.6271,D
105572,2.6270,D
105572,2.6269,D
105681,2.6268,D
105682,2.6267,D
105789,2.6266,D
105790,2.6265,D
105790,2.6264,D
105900,2.6262,D
105900,2.6442,D
106010,2.6608,D
106010,2.6655,D
106010,2.6684,D
106120,2.6696,D
106121,2.6699,D
106229,2.6698,D
106230,2.6695,D
106230,2.6690,D
106339,2.6685,D
106339,2.6680,D
106449,2.6675,D
106449,2.6670,D
106449,2.6667,D
106559,2.6664,D
106559,2.6662,D
106669,2.6660,D
106669,2.6658,D
106669,2.6655,D
106779,2.6649,D
106779,2.6649,D
106889,2.6648,D
106889,2.6648,D
106889,2.6648,D
106998,2.6647,D
106998,2.6648,D
107107,2.6651,D
107107,2.6658,D
107107,2.6673,D
107218,2.6695,D
107218,2.6741,D
107328,2.7056,D
107328,2.7063,D
107328,2.7063,D
107438,2.7059,D
107438,2.7056,D
107438,2.7054,D
107549,2.7051,D
107549,2.7049,D
107657,2.7047,D
107657,2.7045,D
107658,2.7044,D
107767,2.7042,D
107767,2.7041,D
107876,2.7040,D
107877,2.7039,D
107877,2.7038,D
107986,2.7037,D
107986,2.7036,D
108096,2.7034,D
108096,2.7134,D
108096,2.7367,D
108207,2.7418,D
108207,2.7451,D
108318,2.7466,D
108318,2.7470,D
108318,2.7470,D
108428,2.7468,D
108428,2.7464,D
108538,2.7459,D
108538,2.7453,D
108647,2.7448,D
108647,2.7443,D
108647,2.7440,D
108759,2.7437,D
108759,2.7434,D
108759,2.7432,D
108870,2.7431,D
108870,2.7429,D
108980,2.7422,D
108980,2.7421,D
108980,2.7421,D
109090,2.7420,D
109090,2.7420,D
109201,2.7420,D
109201,2.7420,D
109201,2.7422,D
109312,2.7429,D
109312,2.7443,D
109423,2.7464,D
109423,2.7491,D
109423,2.7787,D
109534,2.7832,D
109534,2.7834,D
109534,2.7833,D
109645,2.7830,D
109646,2.7827,D
109755,2.7825,D
109755,2.7823,D
109755,2.7821,D
109867,2.7819,D
109867,2.7817,D
109977,2.7815,D
109977,2.7814,D
109977,2.7812,D
110088,2.7811,D
110088,2.7810,D
110197,2.7809,D
110198,2.7808,D
110198,2.7807,D
110306,2.7838,D
110307,2.8123,D
110418,2.8178,D
110418,2.8216,D
110418,2.8236,D
110528,2.8242,D
110528,2.8243,D
110644,2.8241,D
110644,2.8237,D
110757,2.8232,D
110757,2.8226,D
110757,2.8221,D
110757,2.8216,D
110868,2.8212,D
110869,2.8209,D
110981,2.8206,D
110981,2.8204,D
110981,2.8203,D
111093,2.8201,D
111093,2.8199,D
111206,2.8194,D
111207,2.8193,D
111207,2.8192,D
111319,2.8192,D
111319,2.8192,D
111433,2.8192,D
111433,2.8194,D
111433,2.8200,D
111545,2.8211,D
111545,2.8231,D
111658,2.8257,D
111659,2.8478,D
111659,2.8603,D
111769,2.8608,D
111769,2.8607,D
111769,2.8603,D
111880,2.8599,D
111881,2.8595,D
111993,2.8591,D
111993,2.8589,D
111993,2.8588,D
112105,2.8587,D
112105,2.8586,D
112105,2.8586,D
112217,2.8585,D
112217,2.8584,D
112327,2.8583,D
112328,2.8583,D
112440,2.8582,D
112440,2.8581,D
112440,2.8580,D
112551,2.8845,D
112551,2.8939,D
112660,2.8982,D
112660,2.9005,D
112660,2.9013,D
112769,2.9015,D
112769,2.9013,D
112769,2.9010,D
112877,2.9005,D
112877,2.9000,D
112985,2.8994,D
112985,2.8989,D
113094,2.8985,D
113095,2.8982,D
113095,2.8979,D
113204,2.8977,D
113204,2.8975,D
113204,2.8974,D
113313,2.8970,D
113313,2.8965,D
113423,2.8964,D
113423,2.8964,D
113423,2.8964,D
113533,2.8964,D
113533,2.8964,D
113641,2.8965,D
113641,2.8968,D
113642,2.8978,D
113753,2.8994,D
113753,2.9018,D
113865,2.9141,D
113865,2.9372,D
113865,2.9379,D
113975,2.9378,D
113975,2.9375,D
114085,2.9372,D
114086,2.9369,D
114086,2.9367,D
114195,2.9365,D
114195,2.9363,D
114307,2.9362,D
114307,2.9360,D
114415,2.9359,D
114415,2.9358,D
114416,2.9356,D
114526,2.9356,D
114526,2.9355,D
114526,2.9354,D
114628,2.9353,D
114628,2.9351,D
114740,2.9509,D
114740,2.9692,D
114740,2.9740,D
114851,2.9770,D
114851,2.9784,D
114963,2.9787,D
114963,2.9786,D
114963,2.9783,D
115076,2.9779,D
115076,2.9774,D
115188,2.9769,D
115189,2.9764,D
115189,2.9759,D
115301,2.9756,D
115301,2.9753,D
115301,2.9750,D
115414,2.9748,D
115414,2.9747,D
115526,2.9744,D
115526,2.9738,D
115526,2.9737,D
115636,2.9737,D
115636,2.9736,D
115747,2.9736,D
115747,2.9736,D
115747,2.9736,D
115859,2.9738,D
115860,2.9745,D
115972,2.9758,D
115972,2.9779,D
115972,2.9806,D
116085,3.0123,D
116085,3.0150,D
116196,3.0151,D
116196,3.0149,D
116196,3.0146,D
116307,3.0143,D
116308,3.0140,D
116308,3.0137,D
116420,3.0135,D
116420,3.0134,D
116532,3.0132,D
116532,3.0131,D
116532,3.0129,D
116641,3.0128,D
116641,3.0127,D
116751,3.0126,D
116751,3.0125,D
116751,3.0125,D
116862,3.0123,D
116862,3.0170,D
116971,3.0441,D
116971,3.0495,D
116971,3.0531,D
117080,3.0550,D
117080,3.0556,D
117189,3.0556,D
117189,3.0554,D
117301,3.0550,D
117301,3.0546,D
117301,3.0541,D
117412,3.0535,D
117412,3.0531,D
117412,3.0527,D
117521,3.0524,D
117521,3.0521,D
117630,3.0519,D
117630,3.0517,D
117630,3.0515,D
117740,3.0511,D
117740,3.0507,D
117849,3.0507,D
117849,3.0506,D
117849,3.0506,D
117959,3.0506,D
117959,3.0506,D
118069,3.0507,D
118070,3.0512,D
118070,3.0523,D
118181,3.0541,D
118181,3.0566,D
118291,3.0768,D
118291,3.0913,D
118291,3.0920,D
118401,3.0920,D
118401,3.0917,D
118401,3.0914,D
118511,3.0911,D
118511,3.0908,D
118623,3.0906,D
118623,3.0905,D
118732,3.0903,D
118733,3.0902,D
118733,3.0901,D
118842,3.0899,D
118842,3.0898,D
118842,3.0897,D
118952,3.0897,D
118953,3.0896,D
119064,3.0895,D
119064,3.0893,D
119064,3.1113,D
119174,3.1244,D
119174,3.1290,D
119285,3.1317,D
119285,3.1328,D
119395,3.1331,D
119395,3.1330,D
119395,3.1327,D
119505,3.1323,D
119505,3.1318,D
119505,3.1313,D
119614,3.1308,D
119614,3.1304,D
119724,3.1301,D
119724,3.1298,D
119724,3.1296,D
119832,3.1295,D
119832,3.1293,D
119941,3.1292,D
119941,3.1291,D
119941,3.1289,D
120050,3.1286,D
120050,3.1286,D
120160,3.1286,D
120161,3.1286,D
120161,3.1287,D
120269,3.1291,D
120269,3.1303,D
120378,3.1321,D
120379,3.1346,D
120379,3.1410,D
120489,3.1696,D
120489,3.1703,D
120489,3.1703,D
120595,3.1700,D
120704,3.1697,D
120704,3.1694,D
120704,3.1691,D
120813,3.1689,D
120813,3.1687,D
120813,3.1685,D
120922,3.1684,D
120922,3.1682,D
121031,3.1681,D
121031,3.1679,D
121031,3.1678,D
121142,3.1677,D
121142,3.1676,D
121253,3.1676,D
121253,3.1673,D
121253,3.1720,D
121362,3.1994,D
121362,3.2046,D
121472,3.2083,D
121472,3.2101,D
121472,3.2106,D
121581,3.2107,D
121581,3.2105,D
121692,3.2101,D
121692,3.2097,D
121692,3.2091,D
121801,3.2086,D
121802,3.2082,D
121911,3.2078,D
121911,3.2075,D
121911,3.2072,D
122022,3.2070,D
122023,3.2069,D
122133,3.2067,D
122133,3.2064,D
122133,3.2059,D
122244,3.2058,D
122244,3.2058,D
122353,3.2058,D
122353,3.2058,D
122353,3.2058,D
122462,3.2059,D
122462,3.2064,D
122573,3.2075,D
122574,3.2093,D
122574,3.2118,D
122684,3.2300,D
122684,3.2467,D
122793,3.2473,D
122793,3.2473,D
122793,3.2470,D
122902,3.2467,D
122903,3.2464,D
122903,3.2462,D
123013,3.2460,D
123013,3.2458,D
123124,3.2457,D
123124,3.2456,D
123124,3.2454,D
123234,3.2453,D
123234,3.2453,D
123346,3.2452,D
123346,3.2451,D
123456,3.2451,D
123456,3.2450,D
123456,3.2450,D
123567,3.2643,D
123567,3.2792,D
123567,3.2839,D
123678,3.2870,D
123678,3.2883,D
123788,3.2887,D
123788,3.2887,D
123788,3.2884,D
123899,3.2879,D
123899,3.2874,D
124010,3.2869,D
124010,3.2864,D
124010,3.2860,D
124120,3.2857,D
124120,3.2854,D
124231,3.2851,D
124231,3.2849,D
124231,3.2847,D
124340,3.2845,D
124340,3.2839,D
124449,3.2837,D
124449,3.2836,D
124449,3.2836,D
124559,3.2836,D
124559,3.2836,D
124670,3.2836,D
124670,3.2837,D
124670,3.2841,D
124779,3.2851,D
124779,3.2867,D
124889,3.2891,D
124889,3.3077,D
124889,3.3251,D
124999,3.3258,D
124999,3.3258,D
124999,3.3255,D
125109,3.3252,D
125109,3.3249,D
125218,3.3247,D
125218,3.3245,D
125218,3.3243,D
125328,3.3242,D
125328,3.3240,D
125439,3.3239,D
125439,3.3238,D
125439,3.3237,D
125549,3.3236,D
125549,3.3235,D
125659,3.3234,D
125659,3.3233,D
125659,3.3231,D
125770,3.3473,D
125770,3.3567,D
125880,3.3613,D
125880,3.3645,D
125880,3.3658,D
125989,3.3662,D
125989,3.3662,D
126100,3.3659,D
126100,3.3655,D
126210,3.3650,D
126210,3.3644,D
126210,3.3639,D
126320,3.3635,D
126320,3.3631,D
126320,3.3629,D
126430,3.3626,D
126431,3.3624,D
126541,3.3623,D
126541,3.3621,D
126541,3.3614,D
126644,3.3613,D
126644,3.3612,D
126757,3.3612,D
126757,3.3612,D
126757,3.3612,D
126868,3.3612,D
126869,3.3615,D
126981,3.3622,D
126982,3.3636,D
126982,3.3657,D
127095,3.3684,D
127095,3.4019,D
127095,3.4027,D
127207,3.4027,D
127208,3.4025,D
127320,3.4022,D
127321,3.4019,D
127321,3.4016,D
127433,3.4014,D
127433,3.4012,D
127544,3.4011,D
127545,3.4009,D
127545,3.4008,D
127657,3.4007,D
127657,3.4005,D
127770,3.4004,D
127770,3.4004,D
127770,3.4003,D
127882,3.4002,D
127882,3.4001,D
127882,3.4015,D
127994,3.4305,D
127994,3.4363,D
128106,3.4404,D
128106,3.4427,D
128106,3.4436,D
128220,3.4438,D
128221,3.4437,D
128334,3.4434,D
128334,3.4429,D
128334,3.4424,D
128445,3.4419,D
128445,3.4414,D
128558,3.4410,D
128558,3.4407,D
128558,3.4404,D
128669,3.4402,D
128669,3.4400,D
128669,3.4399,D
128779,3.4396,D
128780,3.4391,D
128888,3.4390,D
128888,3.4389,D
128888,3.4389,D
128997,3.4389,D
128997,3.4389,D
129107,3.4390,D
129107,3.4393,D
129107,3.4401,D
129217,3.4416,D
129217,3.4439,D
129327,3.4521,D
129327,3.4797,D
129327,3.4805,D
129438,3.4805,D
129438,3.4802,D
129548,3.4799,D
129549,3.4797,D
129549,3.4794,D
129658,3.4792,D
129658,3.4790,D
129769,3.4788,D
129769,3.4787,D
129880,3.4785,D
129880,3.4784,D
129880,3.4783,D
129989,3.4782,D
129989,3.4781,D
129989,3.4781,D
130098,3.4780,D
130099,3.4779,D
130208,3.4873,D
130208,3.5100,D
130208,3.5151,D
130317,3.5187,D
130317,3.5205,D
130427,3.5211,D
130427,3.5212,D
130427,3.5210,D
130537,3.5207,D
130537,3.5202,D
130642,3.5197,D
130642,3.5192,D
130642,3.5188,D
130750,3.5184,D
130750,3.5181,D
130861,3.5178,D
130861,3.5176,D
130861,3.5175,D
130970,3.5173,D
130971,3.5167,D
131080,3.5165,D
131081,3.5164,D
131189,3.5164,D
131189,3.5164,D
131189,3.5163,D
131298,3.5164,D
131298,3.5165,D
131298,3.5169,D
131408,3.5180,D
131408,3.5198,D
131517,3.5222,D
131517,3.5425,D
131517,3.5573,D
131626,3.5580,D
131626,3.5580,D
131736,3.5577,D
131736,3.5574,D
131736,3.5571,D
131845,3.5568,D
131846,3.5566,D
131955,3.5564,D
131955,3.5563,D
131955,3.5561,D
132066,3.5560,D
132066,3.5559,D
132177,3.5558,D
132177,3.5557,D
132177,3.5556,D
132286,3.5556,D
132286,3.5555,D
132396,3.5553,D
132396,3.5746,D
132396,3.5892,D
132506,3.5938,D
132506,3.5969,D
132614,3.5984,D
132614,3.5988,D
132614,3.5988,D
132723,3.5986,D
132723,3.5982,D
132833,3.5978,D
132833,3.5972,D
132833,3.5967,D
132944,3.5963,D
132944,3.5959,D
133054,3.5956,D
133054,3.5954,D
133054,3.5952,D
133165,3.5950,D
133165,3.5949,D
133275,3.5944,D
133275,3.5941,D
133275,3.5940,D
133384,3.5940,D
133384,3.5940,D
133384,3.5940,D
133494,3.5940,D
133495,3.5942,D
133604,3.5948,D
133604,3.5960,D
133604,3.5980,D
133714,3.6006,D
133715,3.6265,D
133823,3.6347,D
133823,3.6354,D
133932,3.6353,D
133933,3.6350,D
133933,3.6347,D
134041,3.6345,D
134042,3.6343,D
134151,3.6341,D
134151,3.6339,D
134151,3.6338,D
134260,3.6336,D
134260,3.6335,D
134260,3.6334,D
134370,3.6333,D
134370,3.6332,D
134480,3.6331,D
134480,3.6331,D
134595,3.6329,D
134595,3.6328,D
134595,3.6586,D
134708,3.6679,D
134708,3.6723,D
134708,3.6750,D
134820,3.6760,D
134821,3.6763,D
134933,3.6762,D
134933,3.6760,D
134934,3.6756,D
135047,3.6751,D
135047,3.6746,D
135160,3.6741,D
135160,3.6736,D
135160,3.6733,D
135272,3.6730,D
135272,3.6728,D
135384,3.6726,D
135384,3.6724,D
135384,3.6723,D
135497,3.6716,D
135497,3.6715,D
135497,3.6715,D
135609,3.6714,D
135609,3.6714,D
135721,3.6714,D
135721,3.6715,D
135721,3.6718,D
135835,3.6726,D
135835,3.6740,D
135835,3.6762,D
135947,3.6807,D
135947,3.7119,D
136059,3.7129,D
136059,3.7130,D
136171,3.7129,D
136172,3.7127,D
136172,3.7124,D
136283,3.7121,D
136283,3.7118,D
136283,3.7116,D
136396,3.7114,D
136396,3.7112,D
136508,3.7111,D
136508,3.7109,D
136508,3.7108,D
136619,3.7107,D
136619,3.7106,D
136619,3.7105,D
136728,3.7105,D
136728,3.7104,D
136838,3.7133,D
136838,3.7410,D
136947,3.7465,D
136947,3.7504,D
136947,3.7526,D
137057,3.7535,D
137057,3.7537,D
137167,3.7536,D
137167,3.7533,D
137167,3.7528,D
137276,3.7523,D
137276,3.7518,D
137276,3.7513,D
137386,3.7509,D
137386,3.7506,D
137496,3.7503,D
137496,3.7501,D
137496,3.7499,D
137605,3.7498,D
137605,3.7494,D
137713,3.7490,D
137713,3.7489,D
137714,3.7488,D
137823,3.7488,D
137823,3.7488,D
137933,3.7488,D
137933,3.7489,D
137933,3.7492,D
138042,3.7500,D
138042,3.7515,D
138152,3.7537,D
138153,3.7619,D
138263,3.7895,D
138263,3.7903,D
138263,3.7903,D
138373,3.7901,D
138373,3.7898,D
138373,3.7895,D
138483,3.7892,D
138483,3.7890,D
138594,3.7888,D
138594,3.7887,D
138594,3.7885,D
138707,3.7884,D
138707,3.7883,D
138819,3.7882,D
138820,3.7881,D
138820,3.7880,D
138932,3.7879,D
138932,3.7878,D
139044,3.7877,D
139044,3.7938,D
139044,3.8190,D
139156,3.8244,D
139156,3.8282,D
139156,3.8303,D
139269,3.8310,D
139269,3.8311,D
139380,3.8310,D
139380,3.8307,D
139380,3.8302,D
139493,3.8297,D
139493,3.8292,D
139605,3.8288,D
139605,3.8284,D
139605,3.8280,D
139718,3.8278,D
139718,3.8275,D
139831,3.8274,D
139831,3.8272,D
139831,3.8267,D
139942,3.8264,D
139942,3.8263,D
139942,3.8263,D
140054,3.8262,D
140054,3.8262,D
140167,3.8262,D
140167,3.8263,D
140167,3.8267,D
140280,3.8276,D
140280,3.8292,D
140392,3.8315,D
140392,3.8457,D
140392,3.8669,D
140504,3.8676,D
140504,3.8676,D
140616,3.8674,D
140616,3.8671,D
140616,3.8668,D
140724,3.8666,D
140725,3.8664,D
140725,3.8662,D
140835,3.8660,D
140836,3.8659,D
140944,3.8657,D
140944,3.8656,D
140944,3.8655,D
141055,3.8654,D
141055,3.8653,D
141166,3.8652,D
141166,3.8652,D
141166,3.8650,D
141276,3.8729,D
141276,3.8972,D
141386,3.9023,D
141386,3.9057,D
141386,3.9076,D
141495,3.9082,D
141496,3.9083,D
141605,3.9081,D
141605,3.9078,D
141605,3.9073,D
141715,3.9068,D
141716,3.9063,D
141825,3.9059,D
141825,3.9055,D
141936,3.9051,D
141936,3.9049,D
141936,3.9047,D
141936,3.9045,D
142047,3.9043,D
142047,3.9037,D
142158,3.9035,D
142159,3.9034,D
142267,3.9034,D
142267,3.9034,D
142267,3.9034,D
142378,3.9034,D
142378,3.9035,D
142489,3.9039,D
142489,3.9048,D
142489,3.9064,D
142595,3.9087,D
142595,3.9250,D
142700,3.9442,D
142701,3.9450,D
142701,3.9450,D
142812,3.9447,D
142812,3.9444,D
142924,3.9442,D
142925,3.9439,D
142925,3.9437,D
143036,3.9435,D
143037,3.9434,D
143150,3.9432,D
143150,3.9431,D
143150,3.9430,D
143262,3.9428,D
143262,3.9428,D
143262,3.9427,D
143374,3.9426,D
143375,3.9426,D
143487,3.9424,D
143487,3.9537,D
143487,3.9748,D
143599,3.9798,D
143599,3.9833,D
143711,3.9851,D
143711,3.9858,D
143711,3.9859,D
143824,3.9857,D
143824,3.9853,D
143935,3.9849,D
143935,3.9844,D
143935,3.9839,D
144046,3.9834,D
144047,3.9830,D
144047,3.9827,D
144157,3.9825,D
144157,3.9822,D
144269,3.9821,D
144269,3.9819,D
144269,3.9812,D
144380,3.9811,D
144381,3.9810,D
144493,3.9810,D
144493,3.9810,D
144493,3.9810,D
144603,3.9810,D
144603,3.9811,D
144713,3.9814,D
144713,3.9823,D
144822,3.9840,D
144822,3.9862,D
144822,4.0025,D
144932,4.0216,D
144932,4.0224,D
144932,4.0224,D
145043,4.0221,D
145043,4.0218,D
145153,4.0216,D
145153,4.0213,D
145153,4.0211,D
145263,4.0209,D
145263,4.0208,D
145372,4.0206,D
145372,4.0205,D
145372,4.0204,D
145481,4.0203,D
145482,4.0202,D
145592,4.0201,D
145592,4.0200,D
145592,4.0200,D
145702,4.0198,D
145702,4.0292,D
145809,4.0518,D
145809,4.0569,D
145809,4.0604,D
145920,4.0624,D
145920,4.0631,D
146029,4.0632,D
146029,4.0631,D
146029,4.0627,D
146139,4.0623,D
146139,4.0618,D
146250,4.0613,D
146251,4.0608,D
146251,4.0604,D
146361,4.0601,D
146361,4.0599,D
146361,4.0596,D
146470,4.0595,D
146470,4.0593,D
146579,4.0587,D
146579,4.0585,D
146579,4.0585,D
146691,4.0584,D
146692,4.0584,D
146802,4.0584,D
146802,4.0584,D
146916,4.0585,D
146916,4.0589,D
146916,4.0597,D
147028,4.0613,D
147028,4.0635,D
147028,4.0778,D
147140,4.0993,D
147140,4.1001,D
147253,4.1001,D
147253,4.0998,D
147254,4.0995,D
147365,4.0993,D
147365,4.0990,D
147365,4.0988,D
147477,4.0986,D
147478,4.0985,D
147590,4.0983,D
147590,4.0982,D
147703,4.0980,D
147703,4.0979,D
147703,4.0978,D
147815,4.0977,D
147815,4.0977,D
147815,4.0976,D
147927,4.0974,D
147927,4.1052,D
148040,4.1293,D
148040,4.1344,D
148041,4.1379,D
148153,4.1399,D
148153,4.1407,D
148265,4.1408,D
148266,4.1406,D
148266,4.1403,D
148379,4.1399,D
148379,4.1394,D
148490,4.1389,D
148490,4.1384,D
148490,4.1380,D
148602,4.1377,D
148602,4.1375,D
148602,4.1372,D
148712,4.1371,D
148712,4.1369,D
148822,4.1364,D
148822,4.1361,D
148822,4.1361,D
148933,4.1360,D
148933,4.1360,D
149042,4.1360,D
149042,4.1360,D
149042,4.1361,D
149153,4.1365,D
149153,4.1373,D
149263,4.1388,D
149263,4.1410,D
149263,4.1532,D
149372,4.1768,D
149373,4.1776,D
149482,4.1776,D
149482,4.1774,D
149482,4.1771,D
149592,4.1768,D
149592,4.1766,D
149592,4.1764,D
149703,4.1762,D
149703,4.1761,D
149812,4.1759,D
149812,4.1758,D
149812,4.1757,D
149923,4.1756,D
149924,4.1755,D
150034,4.1754,D
150034,4.1754,D
150034,4.1753,D
150143,4.1753,D
150143,4.1813,D
150253,4.2064,D
150253,4.2119,D
150253,4.2157,D
150364,4.2180,D
150364,4.2189,D
150474,4.2191,D
150474,4.2190,D
150579,4.2187,D
150579,4.2183,D
150579,4.2178,D
150690,4.2173,D
150690,4.2169,D
150690,4.2165,D
150801,4.2161,D
150801,4.2158,D
150912,4.2156,D
150912,4.2154,D
150912,4.2152,D
151024,4.2144,D
151024,4.2141,D
151135,4.2140,D
151136,4.2140,D
151136,4.2139,D
151248,4.2139,D
151249,4.2139,D
151360,4.2139,D
151360,4.2142,D
151360,4.2149,D
151473,4.2163,D
151473,4.2184,D
151473,4.2246,D
151585,4.2542,D
151586,4.2551,D
151697,4.2551,D
151697,4.2549,D
151697,4.2546,D
151809,4.2543,D
151809,4.2541,D
151921,4.2539,D
151921,4.2537,D
151921,4.2535,D
152034,4.2534,D
152034,4.2532,D
152147,4.2531,D
152147,4.2530,D
152147,4.2529,D
152258,4.2528,D
152258,4.2528,D
152258,4.2527,D
152371,4.2526,D
152371,4.2555,D
152483,4.2827,D
152483,4.2884,D
152483,4.2922,D
152595,4.2947,D
152595,4.2957,D
152705,4.2960,D
152706,4.2959,D
152706,4.2956,D
152814,4.2952,D
152815,4.2947,D
152925,4.2942,D
152925,4.2937,D
152925,4.2933,D
153035,4.2929,D
153035,4.2926,D
153146,4.2924,D
153146,4.2922,D
153147,4.2920,D
153257,4.2913,D
153257,4.2911,D
153366,4.2910,D
153367,4.2910,D
153367,4.2909,D
153477,4.2909,D
153477,4.2909,D
153587,4.2910,D
153587,4.2912,D
153587,4.2918,D
153697,4.2930,D
153697,4.2950,D
153806,4.2975,D
153806,4.3314,D
153806,4.3323,D
153914,4.3323,D
153914,4.3321,D
154022,4.3318,D
154022,4.3315,D
154022,4.3312,D
154132,4.3310,D
154132,4.3308,D
154242,4.3306,D
154243,4.3304,D
154243,4.3302,D
154353,4.3301,D
154353,4.3299,D
154353,4.3298,D
154464,4.3297,D
154465,4.3296,D
154580,4.3295,D
154580,4.3294,D
154580,4.3292,D
154692,4.3549,D
154693,4.3642,D
154804,4.3684,D
154805,4.3712,D
154805,4.3725,D
154917,4.3729,D
154917,4.3728,D
155030,4.3726,D
155030,4.3722,D
155030,4.3718,D
155142,4.3713,D
155143,4.3708,D
155143,4.3704,D
155255,4.3700,D
155255,4.3698,D
155367,4.3695,D
155367,4.3693,D
155367,4.3692,D
155480,4.3688,D
155480,4.3683,D
155591,4.3682,D
155591,4.3682,D
155591,4.3682,D
155704,4.3682,D
155704,4.3682,D
155816,4.3683,D
155816,4.3685,D
155816,4.3690,D
155928,4.3703,D
155928,4.3722,D
155928,4.3747,D
156040,4.4068,D
156040,4.4096,D
156152,4.4099,D
156152,4.4098,D
156152,4.4095,D
156265,4.4092,D
156265,4.4090,D
156376,4.4088,D
156376,4.4086,D
156376,4.4084,D
156489,4.4083,D
156489,4.4081,D
156600,4.4080,D
156600,4.4079,D
156600,4.4078,D
156710,4.4077,D
156710,4.4076,D
156821,4.4076,D
156821,4.4075,D
156821,4.4074,D
156930,4.4264,D
156930,4.4410,D
156930,4.4456,D
157040,4.4487,D
157040,4.4503,D
157151,4.4509,D
157151,4.4509,D
157151,4.4506,D
157261,4.4502,D
157261,4.4498,D
157371,4.4494,D
157372,4.4489,D
157372,4.4485,D
157480,4.4481,D
157480,4.4478,D
157590,4.4476,D
157590,4.4474,D
157590,4.4472,D
157700,4.4470,D
157700,4.4463,D
157810,4.4463,D
157810,4.4462,D
157919,4.4462,D
157919,4.4462,D
157919,4.4462,D
158030,4.4463,D
158030,4.4464,D
158140,4.4468,D
158140,4.4478,D
158140,4.4494,D
158250,4.4517,D
158251,4.4741,D
158251,4.4870,D
158360,4.4878,D
158360,4.4878,D
158470,4.4876,D
158470,4.4874,D
158470,4.4871,D
158579,4.4869,D
158579,4.4867,D
158690,4.4865,D
158691,4.4863,D
158691,4.4862,D
158803,4.4860,D
158803,4.4859,D
158915,4.4858,D
158916,4.4857,D
158916,4.4856,D
159027,4.4856,D
159027,4.4855,D
159140,4.4854,D
159140,4.4965,D
159140,4.5174,D
159253,4.5223,D
159253,4.5256,D
159253,4.5275,D
159366,4.5284,D
159366,4.5286,D
159477,4.5286,D
159477,4.5283,D
159477,4.5279,D
159587,4.5275,D
159588,4.5270,D
159698,4.5266,D
159698,4.5262,D
159698,4.5259,D
159809,4.5256,D
159809,4.5254,D
159921,4.5252,D
159922,4.5250,D
159922,4.5249,D
160033,4.5243,D
160034,4.5242,D
160144,4.5241,D
160145,4.5241,D
160145,4.5241,D
160256,4.5242,D
160256,4.5243,D
160256,4.5246,D
160370,4.5255,D
160370,4.5271,D
160482,4.5293,D
160483,4.5394,D
160483,4.5647,D
160594,4.5656,D
160595,4.5656,D
160705,4.5654,D
160705,4.5652,D
160705,4.5649,D
160815,4.5647,D
160815,4.5645,D
160924,4.5643,D
160925,4.5641,D
160925,4.5639,D
161034,4.5638,D
161034,4.5637,D
161144,4.5636,D
161144,4.5635,D
161144,4.5634,D
161253,4.5633,D
161253,4.5633,D
161363,4.5632,D
161363,4.5646,D
161363,4.5930,D
161473,4.5989,D
161473,4.6027,D
161584,4.6050,D
161584,4.6061,D
161584,4.6065,D
161694,4.6064,D
161694,4.6061,D
161694,4.6057,D
161805,4.6052,D
161805,4.6048,D
161915,4.6043,D
161915,4.6039,D
161915,4.6036,D
162023,4.6033,D
162023,4.6031,D
162133,4.6029,D
162133,4.6028,D
162245,4.6023,D
162245,4.6019,D
162245,4.6018,D
162354,4.6017,D
162354,4.6017,D
162354,4.6017,D
162464,4.6017,D
162464,4.6018,D
162564,4.6020,D
162564,4.6025,D
162677,4.6037,D
162677,4.6056,D
162677,4.6081,D
162790,4.6402,D
162790,4.6430,D
162902,4.6433,D
162902,4.6431,D
162902,4.6429,D
163014,4.6426,D
163014,4.6424,D
163014,4.6422,D
163127,4.6420,D
163127,4.6418,D
163240,4.6417,D
163240,4.6415,D
163240,4.6413,D
163352,4.6412,D
163352,4.6411,D
163352,4.6410,D
163466,4.6409,D
163466,4.6409,D
163578,4.6408,D
163578,4.6406,D
163691,4.6634,D
163691,4.6747,D
163691,4.6792,D
163803,4.6821,D
163803,4.6835,D
163803,4.6840,D
163915,4.6840,D
163915,4.6838,D
164028,4.6834,D
164028,4.6830,D
164028,4.6825,D
164141,4.6820,D
164141,4.6816,D
164141,4.6812,D
164254,4.6809,D
164254,4.6807,D
164366,4.6805,D
164366,4.6803,D
164477,4.6799,D
164478,4.6794,D
164478,4.6792,D
164589,4.6792,D
164589,4.6792,D
164589,4.6791,D
164699,4.6791,D
164700,4.6791,D
164809,4.6792,D
164809,4.6796,D
164809,4.6805,D
164920,4.6822,D
164920,4.6844,D
165031,4.7047,D
165031,4.7197,D
165031,4.7205,D
165141,4.7205,D
165141,4.7203,D
165251,4.7200,D
165251,4.7197,D
165251,4.7195,D
165362,4.7192,D
165363,4.7191,D
165363,4.7189,D
165473,4.7187,D
165473,4.7186,D
165582,4.7185,D
165582,4.7184,D
165582,4.7183,D
165691,4.7183,D
165691,4.7182,D
165800,4.7182,D
165800,4.7182,D
165800,4.7259,D
165910,4.7499,D
165910,4.7549,D
166021,4.7582,D
166021,4.7601,D
166021,4.7611,D
166131,4.7613,D
166131,4.7612,D
166241,4.7608,D
166241,4.7605,D
166241,4.7600,D
166351,4.7595,D
166351,4.7591,D
166460,4.7587,D
166460,4.7584,D
166570,4.7581,D
166570,4.7579,D
166570,4.7577,D
166680,4.7576,D
166681,4.7574,D
166681,4.7573,D
166789,4.7572,D
166789,4.7570,D
166899,4.7568,D
166899,4.7568,D
167008,4.7568,D
167008,4.7569,D
167008,4.7573,D
167118,4.7584,D
167118,4.7602,D
167118,4.7626,D
167226,4.7654,D
167227,4.7973,D
167336,4.7982,D
167337,4.7983,D
167337,4.7981,D
167446,4.7979,D
167446,4.7976,D
167556,4.7973,D
167556,4.7971,D
167556,4.7969,D
167666,4.7967,D
167666,4.7965,D
167775,4.7963,D
167775,4.7962,D
167775,4.7961,D
167886,4.7960,D
167886,4.7959,D
167994,4.7959,D
167994,4.7959,D
167994,4.7958,D
168104,4.7957,D
168104,4.8223,D
168214,4.8300,D
168214,4.8341,D
168215,4.8367,D
168324,4.8380,D
168324,4.8386,D
168434,4.8387,D
168434,4.8386,D
168435,4.8384,D
168544,4.8381,D
168545,4.8377,D
168654,4.8372,D
168654,4.8367,D
168654,4.8363,D
168765,4.8359,D
168765,4.8357,D
168876,4.8354,D
168876,4.8352,D
168877,4.8351,D
168987,4.8347,D
168987,4.8343,D
168987,4.8342,D
169099,4.8342,D
169099,4.8342,D
169208,4.8342,D
169209,4.8342,D
169319,4.8344,D
169319,4.8348,D
169319,4.8359,D
169430,4.8376,D
169430,4.8400,D
169430,4.8600,D
169540,4.8747,D
169541,4.8756,D
169651,4.8756,D
169651,4.8753,D
169651,4.8751,D
169762,4.8748,D
169762,4.8746,D
169873,4.8744,D
169874,4.8742,D
169874,4.8741,D
169982,4.8739,D
169982,4.8737,D
169982,4.8736,D
170090,4.8735,D
170091,4.8734,D
170200,4.8733,D
170200,4.8732,D
170310,4.8732,D
170310,4.8730,D
170310,4.8822,D
170420,4.9046,D
170420,4.9098,D
170528,4.9132,D
170528,4.9152,D
170528,4.9162,D
170643,4.9164,D
170643,4.9162,D
170755,4.9159,D
170755,4.9155,D
170755,4.9151,D
170868,4.9146,D
170868,4.9142,D
170868,4.9138,D
170981,4.9135,D
170981,4.9132,D
171093,4.9129,D
171093,4.9127,D
171093,4.9126,D
171205,4.9120,D
171205,4.9117,D
171317,4.9117,D
171318,4.9116,D
171318,4.9116,D
171429,4.9116,D
171430,4.9116,D
171542,4.9117,D
171542,4.9119,D
171542,4.9127,D
171655,4.9140,D
171655,4.9161,D
171655,4.9223,D
171767,4.9521,D
171767,4.9530,D
171880,4.9531,D
171880,4.9529,D
171880,4.9526,D
171991,4.9524,D
171991,4.9521,D
172103,4.9519,D
172103,4.9517,D
172103,4.9516,D
172216,4.9514,D
172216,4.9512,D
172328,4.9511,D
172329,4.9510,D
172329,4.9509,D
172441,4.9509,D
172441,4.9508,D
172441,4.9508,D
172553,4.9506,D
172553,4.9505,D
172663,4.9751,D
172663,4.9848,D
172663,4.9892,D
172773,4.9920,D
172773,4.9935,D
172884,4.9940,D
172884,4.9941,D
172884,4.9939,D
172994,4.9935,D
172994,4.9931,D
173105,4.9926,D
173105,4.9921,D
173105,4.9916,D
173215,4.9913,D
173215,4.9910,D
173324,4.9908,D
173325,4.9906,D
173325,4.9904,D
173434,4.9903,D
173434,4.9899,D
173544,4.9895,D
173544,4.9894,D
173650,4.9894,D
173650,4.9893,D
173650,4.9893,D
173759,4.9894,D
173759,4.9895,D
173868,4.9899,D
173868,4.9909,D
173868,4.9925,D
173978,4.9948,D
173978,5.0130,D
173978,5.0299,D
174089,5.0308,D
174090,5.0308,D
174200,5.0306,D
174200,5.0304,D
174200,5.0301,D
174309,5.0299,D
174310,5.0297,D
174420,5.0296,D
174420,5.0294,D
174420,5.0292,D
174530,5.0291,D
174530,5.0290,D
174644,5.0288,D
174644,5.0288,D
174644,5.0287,D
174756,5.0286,D
174757,5.0286,D
174868,5.0284,D
174868,5.0358,D
174868,5.0591,D
174981,5.0645,D
174981,5.0681,D
174981,5.0703,D
175093,5.0713,D
175094,5.0717,D
175205,5.0716,D
175205,5.0714,D
175205,5.0710,D
175317,5.0705,D
175317,5.0700,D
175430,5.0696,D
175430,5.0691,D
175430,5.0688,D
175542,5.0685,D
175542,5.0683,D
175542,5.0681,D
175654,5.0679,D
175654,5.0676,D
175763,5.0670,D
175763,5.0669,D
175873,5.0669,D
175873,5.0668,D
175873,5.0668,D
175986,5.0668,D
175986,5.0668,D
175986,5.0670,D
176098,5.0677,D
176098,5.0689,D
176211,5.0709,D
176211,5.0790,D
176211,5.1072,D
176322,5.1082,D
176323,5.1083,D
176435,5.1081,D
176436,5.1079,D
176436,5.1076,D
176547,5.1074,D
176547,5.1072,D
176547,5.1070,D
176658,5.1068,D
176659,5.1066,D
176771,5.1064,D
176771,5.1062,D
176771,5.1061,D
176883,5.1060,D
176883,5.1059,D
176995,5.1058,D
176995,5.1057,D
176995,5.1056,D
177108,5.1055,D
177108,5.1220,D
177219,5.1383,D
177219,5.1431,D
177219,5.1462,D
177332,5.1479,D
177332,5.1485,D
177332,5.1485,D
177444,5.1483,D
177444,5.1480,D
177557,5.1476,D
177557,5.1472,D
177557,5.1467,D
177668,5.1463,D
177669,5.1459,D
177781,5.1456,D
177781,5.1454,D
177781,5.1452,D
177893,5.1450,D
177893,5.1446,D
178005,5.1440,D
178005,5.1439,D
178005,5.1439,D
178117,5.1439,D
178117,5.1439,D
178117,5.1440,D
178230,5.1440,D
178230,5.1441,D
178342,5.1443,D
178343,5.1451,D
178343,5.1465,D
178452,5.1486,D
178452,5.1628,D
178560,5.1845,D
178561,5.1854,D
178561,5.1855,D
178670,5.1853,D
178670,5.1851,D
178778,5.1848,D
178778,5.1846,D
178888,5.1844,D
178888,5.1843,D
178888,5.1841,D
178997,5.1839,D
178997,5.1838,D
179106,5.1837,D
179106,5.1836,D
179106,5.1835,D
179215,5.1834,D
179215,5.1833,D
179215,5.1833,D
179325,5.1832,D
179325,5.1845,D
179440,5.2124,D
179440,5.2184,D
179440,5.2223,D
179553,5.2247,D
179553,5.2260,D
179666,5.2264,D
179666,5.2264,D
179666,5.2261,D
179778,5.2258,D
179778,5.2254,D
179778,5.2249,D
179889,5.2245,D
179889,5.2241,D
180002,5.2238,D
180002,5.2235,D
180114,5.2232,D
180114,5.2230,D
180114,5.2228,D
180227,5.2227,D
180228,5.2221,D
180228,5.2219,D
180339,5.2219,D
180339,5.2218,D
180451,5.2218,D
180451,5.2219,D
180451,5.2219,D
180563,5.2220,D
180564,5.2225,D
180564,5.2235,D
180674,5.2251,D
180674,5.2274,D
180783,5.2517,D
180783,5.2625,D
180783,5.2633,D
180893,5.2633,D
180893,5.2630,D
181003,5.2628,D
181003,5.2625,D
181112,5.2624,D
181112,5.2622,D
181112,5.2620,D
181222,5.2619,D
181222,5.2617,D
181222,5.2616,D
181334,5.2614,D
181334,5.2613,D
181444,5.2612,D
181444,5.2612,D
181444,5.2611,D
181553,5.2611,D
181553,5.2609,D
181663,5.2668,D
181663,5.2913,D
181774,5.2969,D
181774,5.3006,D
181774,5.3028,D
181882,5.3039,D
181882,5.3042,D
181882,5.3042,D
181990,5.3039,D
181990,5.3036,D
182101,5.3031,D
182101,5.3026,D
182101,5.3022,D
182213,5.3018,D
182213,5.3015,D
182324,5.3012,D
182324,5.3010,D
182324,5.3008,D
182434,5.3006,D
182434,5.3002,D
182543,5.2998,D
182543,5.2997,D
182543,5.2997,D
182658,5.2997,D
182659,5.2997,D
182771,5.2997,D
182771,5.2998,D
182771,5.3000,D
182883,5.3005,D
182883,5.3017,D
182883,5.3035,D
182994,5.3059,D
182995,5.3379,D
183107,5.3408,D
183107,5.3411,D
183107,5.3409,D
183219,5.3407,D
183219,5.3404,D
183331,5.3402,D
183331,5.3400,D
183332,5.3398,D
183443,5.3397,D
183443,5.3395,D
183556,5.3394,D
183556,5.3392,D
183556,5.3391,D
183668,5.3390,D
183668,5.3389,D
183668,5.3388,D
183780,5.3388,D
183780,5.3387,D
183891,5.3386,D
183891,5.3536,D
183891,5.3714,D
184003,5.3762,D
184003,5.3793,D
184115,5.3810,D
184115,5.3817,D
184115,5.3818,D
184225,5.3817,D
184226,5.3814,D
184336,5.3810,D
184336,5.3806,D
184336,5.3801,D
184446,5.3797,D
184446,5.3793,D
184558,5.3790,D
184558,5.3787,D
184558,5.3785,D
184669,5.3784,D
184669,5.3782,D
184669,5.3776,D
184778,5.3774,D
184778,5.3773,D
184887,5.3773,D
184888,5.3773,D
184888,5.3773,D
184997,5.3773,D
184997,5.3774,D
185105,5.3777,D
185105,5.3784,D
185214,5.3797,D
185214,5.3817,D
185214,5.3898,D
185323,5.4177,D
185323,5.4187,D
185434,5.4188,D
185434,5.4186,D
185434,5.4183,D
185543,5.4180,D
185543,5.4178,D
185543,5.4176,D
185654,5.4174,D
185654,5.4173,D
185763,5.4171,D
185763,5.4170,D
185763,5.4168,D
185873,5.4167,D
185873,5.4166,D
185983,5.4165,D
185983,5.4164,D
185983,5.4164,D
186093,5.4163,D
186094,5.4162,D
186202,5.4369,D
186203,5.4498,D
186203,5.4544,D
186313,5.4573,D
186313,5.4589,D
186423,5.4595,D
186424,5.4595,D
186424,5.4594,D
186534,5.4591,D
186534,5.4587,D
186643,5.4582,D
186643,5.4577,D
186754,5.4573,D
186755,5.4570,D
186755,5.4567,D
186865,5.4564,D
186865,5.4562,D
186865,5.4560,D
186977,5.4559,D
186977,5.4552,D
187087,5.4550,D
187088,5.4550,D
187088,5.4550,D
187197,5.4550,D
187197,5.4550,D
187306,5.4550,D
187306,5.4551,D
187306,5.4554,D
187415,5.4563,D
187415,5.4578,D
187525,5.4599,D
187525,5.4741,D
187525,5.4954,D
187636,5.4963,D
187636,5.4963,D
187746,5.4961,D
187746,5.4959,D
187746,5.4956,D
187856,5.4954,D
187856,5.4952,D
187966,5.4950,D
187966,5.4949,D
187966,5.4947,D
188077,5.4945,D
188077,5.4944,D
188077,5.4943,D
188186,5.4942,D
188186,5.4941,D
188296,5.4940,D
188296,5.4940,D
188296,5.4938,D
188406,5.4938,D
188406,5.5206,D
188516,5.5284,D
188516,5.5326,D
188516,5.5352,D
188626,5.5365,D
188626,5.5370,D
188735,5.5370,D
188735,5.5368,D
188845,5.5365,D
188846,5.5361,D
188846,5.5357,D
188954,5.5352,D
188954,5.5348,D
188954,5.5345,D
189064,5.5342,D
189064,5.5339,D
189175,5.5337,D
189175,5.5335,D
189175,5.5334,D
189284,5.5328,D
189284,5.5326,D
189395,5.5326,D
189395,5.5326,D
189395,5.5326,D
189505,5.5326,D
189505,5.5326,D
189617,5.5328,D
189617,5.5331,D
189617,5.5340,D
189727,5.5356,D
189727,5.5378,D
189836,5.5561,D
189836,5.5732,D
189836,5.5741,D
189945,5.5741,D
189945,5.5739,D
190056,5.5736,D
190056,5.5734,D
190056,5.5733,D
190166,5.5731,D
190166,5.5729,D
190276,5.5728,D
190276,5.5726,D
190276,5.5724,D
190385,5.5723,D
190385,5.5722,D
190495,5.5721,D
190496,5.5720,D
190496,5.5720,D
190611,5.5719,D
190611,5.5718,D
190611,5.5746,D
190723,5.6010,D
190723,5.6070,D
190836,5.6109,D
190836,5.6134,D
190947,5.6146,D
190947,5.6151,D
190947,5.6151,D
191059,5.6150,D
191060,5.6147,D
191060,5.6143,D
191172,5.6138,D
191172,5.6133,D
191285,5.6129,D
191285,5.6125,D
191285,5.6122,D
191397,5.6120,D
191397,5.6118,D
191397,5.6116,D
191510,5.6115,D
191510,5.6109,D
191622,5.6107,D
191622,5.6106,D
191734,5.6106,D
191734,5.6106,D
191734,5.6106,D
191847,5.6106,D
191847,5.6108,D
191847,5.6112,D
191958,5.6122,D
191959,5.6138,D
192070,5.6161,D
192070,5.6362,D
192070,5.6510,D
192183,5.6518,D
192183,5.6518,D
192183,5.6516,D
192296,5.6514,D
192296,5.6511,D
192408,5.6510,D
192408,5.6508,D
192521,5.6506,D
192521,5.6504,D
192521,5.6503,D
192632,5.6501,D
192632,5.6500,D
192632,5.6499,D
192742,5.6498,D
192742,5.6497,D
192851,5.6496,D
192851,5.6496,D
192851,5.6494,D
192960,5.6523,D
192961,5.6790,D
193069,5.6849,D
193070,5.6886,D
193070,5.6910,D
193178,5.6921,D
193178,5.6925,D
193289,5.6925,D
193290,5.6923,D
193290,5.6919,D
193398,5.6915,D
193398,5.6910,D
193508,5.6905,D
193508,5.6901,D
193508,5.6898,D
193617,5.6895,D
193617,5.6893,D
193725,5.6891,D
193725,5.6889,D
193836,5.6886,D
193836,5.6880,D
193836,5.6879,D
193945,5.6879,D
193945,5.6879,D
193945,5.6879,D
194055,5.6879,D
194055,5.6879,D
194162,5.6880,D
194163,5.6884,D
194163,5.6894,D
194273,5.6910,D
194273,5.6933,D
194384,5.7134,D
194384,5.7283,D
194384,5.7291,D
194495,5.7291,D
194495,5.7288,D
194605,5.7286,D
194605,5.7283,D
194605,5.7281,D
194714,5.7279,D
194714,5.7278,D
194825,5.7276,D
194825,5.7274,D
194825,5.7273,D
194935,5.7271,D
194936,5.7270,D
195044,5.7269,D
195044,5.7269,D
195044,5.7268,D
195154,5.7267,D
195154,5.7266,D
195154,5.7325,D
195264,5.7570,D
195264,5.7624,D
195375,5.7661,D
195375,5.7683,D
195375,5.7693,D
195484,5.7697,D
195485,5.7697,D
195593,5.7694,D
195593,5.7691,D
195593,5.7687,D
195703,5.7682,D
195703,5.7677,D
195813,5.7673,D
195813,5.7670,D
195922,5.7667,D
195922,5.7665,D
195923,5.7663,D
196033,5.7661,D
196034,5.7657,D
196034,5.7652,D
196144,5.7651,D
196144,5.7651,D
196254,5.7651,D
196254,5.7651,D
196254,5.7652,D
196364,5.7652,D
196364,5.7654,D
196472,5.7658,D
196472,5.7668,D
196472,5.7685,D
196581,5.7708,D
196581,5.7970,D
196693,5.8057,D
196693,5.8065,D
196693,5.8065,D
196804,5.8063,D
196804,5.8060,D
196913,5.8058,D
196914,5.8056,D
196914,5.8054,D
197024,5.8053,D
197024,5.8051,D
197132,5.8050,D
197132,5.8048,D
197242,5.8047,D
197242,5.8046,D
197242,5.8045,D
197353,5.8045,D
197354,5.8044,D
197354,5.8043,D
197463,5.8042,D
197463,5.8100,D
197573,5.8342,D
197573,5.8398,D
197573,5.8435,D
197684,5.8458,D
197684,5.8470,D
197794,5.8475,D
197794,5.8476,D
197794,5.8474,D
197903,5.8470,D
197903,5.8466,D
198014,5.8461,D
198014,5.8456,D
198014,5.8452,D
198121,5.8449,D
198121,5.8446,D
198231,5.8444,D
198231,5.8442,D
198231,5.8440,D
198340,5.8439,D
198340,5.8432,D
198450,5.8431,D
198450,5.8431,D
198450,5.8431,D
198559,5.8431,D
198559,5.8431,D
198668,5.8432,D
198668,5.8433,D
198668,5.8438,D
198778,5.8448,D
198778,5.8465,D
198887,5.8488,D
198887,5.8730,D
198887,5.8838,D
198998,5.8846,D
198998,5.8846,D
198998,5.8844,D
199109,5.8841,D
199110,5.8839,D
199219,5.8837,D
199219,5.8835,D
199328,5.8833,D
199328,5.8832,D
199328,5.8830,D
199439,5.8829,D
199439,5.8828,D
199439,5.8826,D
199548,5.8826,D
199549,5.8825,D
199659,5.8824,D
199659,5.8823,D
199659,5.8822,D
199770,5.8879,D
199770,5.9118,D
199880,5.9176,D
199880,5.9214,D
199880,5.9238,D
199989,5.9250,D
199989,5.9255,D
200098,5.9255,D
200098,5.9253,D
200098,5.9249,D
200207,5.9245,D
200207,5.9240,D
200317,5.9235,D
200317,5.9231,D
200317,5.9228,D
200427,5.9225,D
200427,5.9223,D
200538,5.9221,D
200538,5.9219,D
200538,5.9215,D
200648,5.9210,D
200648,5.9209,D
200758,5.9209,D
200758,5.9210,D
200758,5.9210,D
200870,5.9210,D
200870,5.9211,D
200982,5.9212,D
200982,5.9216,D
200982,5.9225,D
201091,5.9241,D
201091,5.9262,D
201201,5.9506,D
201202,5.9615,D
201202,5.9623,D
201309,5.9623,D
201309,5.9621,D
201420,5.9618,D
201421,5.9615,D
201421,5.9614,D
201531,5.9612,D
201531,5.9610,D
201531,5.9609,D
201641,5.9607,D
201641,5.9606,D
201750,5.9604,D
201750,5.9603,D
201750,5.9602,D
201861,5.9601,D
201861,5.9600,D
201972,5.9600,D
201972,5.9598,D
202082,5.9627,D
202082,5.9892,D
202082,5.9950,D
202191,5.9990,D
202192,6.0013,D
202192,6.0025,D
202304,6.0029,D
202304,6.0029,D
202414,6.0026,D
202414,6.0022,D
202414,6.0016,D
202524,6.0011,D
202524,6.0006,D
202636,6.0002,D
202636,5.9999,D
202636,5.9997,D
202749,5.9995,D
202749,5.9993,D
202861,5.9992,D
202861,5.9991,D
202861,5.9990,D
202973,5.9989,D
202973,5.9989,D
203085,5.9988,D
203085,5.9988,D
203085,5.9988,D
203198,5.9988,D
203198,5.9988,D
203199,5.9991,D
203311,5.9997,D
203311,6.0007,D
203423,6.0021,D
203423,6.0230,D
203423,6.0391,D
203535,6.0400,D
203535,6.0400,D
203647,6.0398,D
203647,6.0398,D
203647,6.0398,D
203760,6.0398,D
203760,6.0398,D
203760,6.0398,D
203872,6.0397,D
203872,6.0396,D
203984,6.0394,D
203984,6.0393,D
204096,6.0391,D
204096,6.0389,D
204096,6.0387,D
204208,6.0386,D
204208,6.0384,D
204321,6.0382,D
204321,6.0381,D
204321,6.0528,D
204433,6.0700,D
204433,6.0751,D
204433,6.0783,D
204545,6.0799,D
204545,6.0805,D
204545,6.0807,D
204654,6.0806,D
204654,6.0804,D
204762,6.0801,D
204763,6.0796,D
204874,6.0792,D
204874,6.0789,D
204874,6.0786,D
204984,6.0783,D
204984,6.0781,D
205095,6.0779,D
205095,6.0778,D
205095,6.0776,D
205205,6.0771,D
205205,6.0767,D
205315,6.0766,D
205315,6.0766,D
205315,6.0766,D
205423,6.0767,D
205423,6.0767,D
205423,6.0767,D
205531,6.0770,D
205531,6.0777,D
205640,6.0790,D
205640,6.0810,D
205640,6.0891,D
205750,6.1171,D
205750,6.1181,D
205859,6.1181,D
205859,6.1179,D
205859,6.1177,D
205968,6.1174,D
205969,6.1172,D
206078,6.1170,D
206078,6.1169,D
206078,6.1167,D
206186,6.1165,D
206186,6.1164,D
206297,6.1163,D
206297,6.1161,D
206407,6.1160,D
206407,6.1160,D
206407,6.1159,D
206519,6.1158,D
206519,6.1157,D
206519,6.1156,D
206626,6.1267,D
206627,6.1476,D
206738,6.1526,D
206738,6.1560,D
206738,6.1580,D
206851,6.1588,D
206852,6.1591,D
206963,6.1590,D
206963,6.1588,D
206963,6.1584,D
207076,6.1579,D
207076,6.1574,D
207188,6.1570,D
207189,6.1566,D
207189,6.1564,D
207300,6.1561,D
207301,6.1559,D
207301,6.1557,D
207411,6.1556,D
207412,6.1549,D
207523,6.1546,D
207523,6.1545,D
207523,6.1545,D
207635,6.1545,D
207635,6.1546,D
207749,6.1546,D
207749,6.1547,D
207749,6.1549,D
207862,6.1554,D
207862,6.1565,D
207973,6.1583,D
207973,6.1625,D
207973,6.1949,D
208085,6.1959,D
208085,6.1960,D
208085,6.1959,D
208196,6.1956,D
208196,6.1954,D
208309,6.1951,D
208309,6.1949,D
208309,6.1948,D
208422,6.1946,D
208422,6.1944,D
208534,6.1943,D
208534,6.1941,D
208534,6.1940,D
208645,6.1939,D
208645,6.1938,D
208754,6.1938,D
208754,6.1937,D
208754,6.1936,D
208866,6.1935,D
208866,6.1994,D
208976,6.2237,D
208976,6.2293,D
208976,6.2330,D
209088,6.2353,D
209088,6.2364,D
209198,6.2368,D
209198,6.2368,D
209198,6.2367,D
209308,6.2363,D
209308,6.2359,D
209308,6.2354,D
209418,6.2349,D
209418,6.2345,D
209527,6.2342,D
209527,6.2340,D
209527,6.2337,D
209637,6.2335,D
209637,6.2334,D
209744,6.2332,D
209744,6.2325,D
209744,6.2324,D
209854,6.2323,D
209854,6.2323,D
209964,6.2324,D
209964,6.2324,D
210074,6.2324,D
210074,6.2325,D
210074,6.2329,D
210184,6.2338,D
210184,6.2354,D
210184,6.2376,D
210292,6.2578,D
210292,6.2729,D
210404,6.2737,D
210404,6.2737,D
210404,6.2734,D
210513,6.2732,D
210513,6.2729,D
210622,6.2728,D
210622,6.2726,D
210622,6.2724,D
210731,6.2723,D
210731,6.2721,D
210842,6.2720,D
210842,6.2719,D
210842,6.2718,D
210954,6.2717,D
210954,6.2716,D
211065,6.2715,D
211065,6.2715,D
211065,6.2713,D
211174,6.2727,D
211174,6.2995,D
211284,6.3058,D
211284,6.3099,D
211393,6.3126,D
211393,6.3139,D
211393,6.3145,D
211502,6.3146,D
211502,6.3144,D
211502,6.3142,D
211614,6.3137,D
211614,6.3132,D
211724,6.3128,D
211724,6.3124,D
211724,6.3120,D
211833,6.3118,D
211833,6.3115,D
211943,6.3113,D
211943,6.3112,D
211943,6.3110,D
212055,6.3102,D
212055,6.3101,D
212164,6.3101,D
212164,6.3101,D
212164,6.3101,D
212273,6.3101,D
212274,6.3101,D
212382,6.3102,D
212383,6.3105,D
212383,6.3112,D
212492,6.3126,D
212493,6.3146,D
212601,6.3267,D
212601,6.3505,D
212601,6.3515,D
212711,6.3515,D
212711,6.3513,D
212823,6.3510,D
212823,6.3508,D
212823,6.3506,D
212934,6.3505,D
212934,6.3503,D
212934,6.3501,D
213044,6.3500,D
213044,6.3498,D
213155,6.3497,D
213155,6.3496,D
213155,6.3495,D
213266,6.3494,D
213266,6.3493,D
213376,6.3492,D
213376,6.3491,D
213486,6.3491,D
213486,6.3689,D
213486,6.3818,D
213596,6.3864,D
213596,6.3894,D
213596,6.3912,D
213706,6.3920,D
213706,6.3923,D
213816,6.3923,D
213816,6.3920,D
213816,6.3916,D
213926,6.3911,D
213926,6.3906,D
214035,6.3902,D
214035,6.3898,D
214035,6.3895,D
214146,6.3893,D
214147,6.3891,D
214256,6.3889,D
214256,6.3887,D
214257,6.3884,D
214367,6.3879,D
214367,6.3878,D
214477,6.3878,D
214477,6.3878,D
214477,6.3878,D
214579,6.3879,D
214579,6.3879,D
214691,6.3881,D
214691,6.3887,D
214800,6.3898,D
214800,6.3917,D
214800,6.3940,D
214910,6.4282,D
214910,6.4293,D
214910,6.4294,D
215019,6.4291,D
215019,6.4288,D
215129,6.4285,D
215129,6.4283,D
215129,6.4281,D
215238,6.4280,D
215238,6.4279,D
215348,6.4277,D
215348,6.4276,D
215348,6.4275,D
215457,6.4274,D
215457,6.4273,D
215565,6.4272,D
215565,6.4271,D
215565,6.4270,D
215675,6.4269,D
215675,6.4268,D
215786,6.4390,D
215786,6.4578,D
215786,6.4630,D
215897,6.4665,D
215897,6.4687,D
216008,6.4697,D
216008,6.4700,D
216008,6.4700,D
216119,6.4699,D
216120,6.4695,D
216229,6.4690,D
216229,6.4685,D
216230,6.4681,D
216339,6.4677,D
216339,6.4673,D
216449,6.4671,D
216450,6.4668,D
216450,6.4667,D
216560,6.4665,D
216560,6.4664,D
216560,6.4661,D
216670,6.4656,D
216670,6.4656,D
216778,6.4656,D
216778,6.4656,D
216888,6.4657,D
216888,6.4657,D
216888,6.4659,D
217000,6.4663,D
217000,6.4674,D
217000,6.4691,D
217109,6.4714,D
217109,6.4954,D
217218,6.5062,D
217218,6.5070,D
217218,6.5070,D
217329,6.5067,D
217329,6.5065,D
217438,6.5062,D
217438,6.5061,D
217438,6.5059,D
217547,6.5057,D
217547,6.5056,D
217657,6.5054,D
217658,6.5053,D
217658,6.5052,D
217768,6.5051,D
217768,6.5050,D
217877,6.5049,D
217878,6.5048,D
217878,6.5048,D
217985,6.5046,D
217986,6.5059,D
218096,6.5324,D
218096,6.5388,D
218205,6.5429,D
218206,6.5456,D
218206,6.5470,D
218316,6.5476,D
218317,6.5478,D
218317,6.5477,D
218425,6.5475,D
218425,6.5470,D
218535,6.5465,D
218535,6.5461,D
218535,6.5456,D
218644,6.5453,D
218644,6.5450,D
218644,6.5448,D
218752,6.5446,D
218752,6.5444,D
218861,6.5443,D
218861,6.5440,D
218971,6.5434,D
218971,6.5434,D
218971,6.5434,D
219080,6.5434,D
219080,6.5434,D
219190,6.5434,D
219190,6.5435,D
219190,6.5438,D
219300,6.5446,D
219300,6.5460,D
219408,6.5481,D
219408,6.5602,D
219518,6.5838,D
219518,6.5847,D
219518,6.5847,D
219628,6.5845,D
219628,6.5843,D
219628,6.5841,D
219738,6.5839,D
219738,6.5838,D
219846,6.5836,D
219846,6.5834,D
219846,6.5833,D
219956,6.5831,D
219956,6.5830,D
220066,6.5828,D
220066,6.5827,D
220066,6.5827,D
220176,6.5826,D
220176,6.5825,D
220287,6.5824,D
220287,6.5824,D
220287,6.6000,D
220397,6.6145,D
220397,6.6194,D
220508,6.6226,D
220509,6.6245,D
220509,6.6253,D
220619,6.6256,D
220619,6.6256,D
220731,6.6254,D
220731,6.6251,D
220731,6.6246,D
220842,6.6241,D
220842,6.6237,D
220842,6.6233,D
220952,6.6230,D
220952,6.6227,D
221062,6.6225,D
221062,6.6223,D
221062,6.6222,D
221173,6.6220,D
221173,6.6213,D
221283,6.6212,D
221283,6.6212,D
221283,6.6212,D
221393,6.6213,D
221393,6.6213,D
221505,6.6214,D
221505,6.6215,D
221505,6.6220,D
221615,6.6231,D
221615,6.6248,D
221726,6.6271,D
221727,6.6595,D
221727,6.6625,D
221837,6.6629,D
221837,6.6627,D
221947,6.6625,D
221947,6.6622,D
221947,6.6620,D
222058,6.6618,D
222058,6.6617,D
222169,6.6615,D
222169,6.6614,D
222169,6.6612,D
222279,6.6611,D
222279,6.6609,D
222390,6.6608,D
222390,6.6607,D
222390,6.6606,D
222500,6.6605,D
222500,6.6605,D
222500,6.6603,D
222608,6.6631,D
222608,6.6892,D
222717,6.6952,D
222717,6.6991,D
222717,6.7017,D
222827,6.7030,D
222828,6.7036,D
222937,6.7037,D
222938,6.7036,D
223047,6.7032,D
223047,6.7027,D
223047,6.7021,D
223155,6.7016,D
223155,6.7012,D
223265,6.7009,D
223265,6.7006,D
223265,6.7004,D
223374,6.7002,D
223374,6.7001,D
223374,6.6999,D
223485,6.6992,D
223485,6.6991,D
223595,6.6991,D
223595,6.6991,D
223705,6.6992,D
223706,6.6992,D
223706,6.6993,D
223816,6.6993,D
223816,6.6997,D
223816,6.7004,D
223924,6.7019,D
223924,6.7039,D
224034,6.7223,D
224034,6.7400,D
224034,6.7409,D
224144,6.7409,D
224144,6.7406,D
224254,6.7403,D
224254,6.7400,D
224254,6.7398,D
224363,6.7396,D
224363,6.7394,D
224473,6.7392,D
224473,6.7391,D
224473,6.7390,D
224583,6.7389,D
224583,6.7388,D
224693,6.7388,D
224693,6.7387,D
224693,6.7387,D
224804,6.7387,D
224804,6.7386,D
224915,6.7386,D
224915,6.7527,D
224915,6.7700,D
225024,6.7752,D
225024,6.7786,D
225135,6.7806,D
225135,6.7816,D
225135,6.7820,D
225244,6.7820,D
225244,6.7818,D
225352,6.7814,D
225352,6.7809,D
225352,6.7804,D
225463,6.7800,D
225463,6.7796,D
225573,6.7793,D
225573,6.7790,D
225573,6.7788,D
225683,6.7786,D
225683,6.7785,D
225791,6.7781,D
225792,6.7774,D
225792,6.7774,D
225902,6.7773,D
225902,6.7774,D
226011,6.7774,D
226012,6.7774,D
226012,6.7774,D
226121,6.7775,D
226121,6.7779,D
226232,6.7788,D
226232,6.7804,D
226232,6.7826,D
226343,6.8049,D
226343,6.8179,D
226452,6.8187,D
226452,6.8187,D
226453,6.8184,D
226563,6.8182,D
226563,6.8180,D
226563,6.8178,D
226673,6.8176,D
226673,6.8175,D
226784,6.8173,D
226785,6.8172,D
226896,6.8170,D
226896,6.8169,D
226896,6.8168,D
227006,6.8167,D
227006,6.8166,D
227115,6.8166,D
227115,6.8166,D
227115,6.8165,D
227225,6.8165,D
227226,6.8437,D
227226,6.8504,D
227335,6.8546,D
227335,6.8574,D
227446,6.8589,D
227446,6.8596,D
227446,6.8598,D
227555,6.8597,D
227555,6.8594,D
227666,6.8590,D
227666,6.8585,D
227666,6.8580,D
227776,6.8576,D
227776,6.8572,D
227886,6.8570,D
227886,6.8567,D
227886,6.8565,D
227996,6.8564,D
227996,6.8562,D
228106,6.8556,D
228106,6.8553,D
228106,6.8552,D
228215,6.8553,D
228215,6.8553,D
228322,6.8553,D
228322,6.8554,D
228322,6.8554,D
228433,6.8556,D
228433,6.8563,D
228541,6.8575,D
228541,6.8594,D
228542,6.8674,D
228651,6.8957,D
228651,6.8967,D
228760,6.8968,D
228760,6.8966,D
228760,6.8963,D
228869,6.8961,D
228869,6.8959,D
228980,6.8958,D
228980,6.8956,D
228980,6.8955,D
229090,6.8953,D
229090,6.8952,D
229200,6.8950,D
229201,6.8949,D
229201,6.8948,D
229311,6.8947,D
229311,6.8947,D
229422,6.8946,D
229422,6.8945,D
229422,6.8944,D
229531,6.9030,D
229531,6.9244,D
229531,6.9299,D
229641,6.9335,D
229641,6.9357,D
229751,6.9368,D
229751,6.9373,D
229751,6.9373,D
229860,6.9372,D
229860,6.9368,D
229969,6.9363,D
229970,6.9358,D
229970,6.9353,D
230079,6.9349,D
230079,6.9346,D
230188,6.9344,D
230189,6.9342,D
230189,6.9340,D
230297,6.9338,D
230297,6.9337,D
230407,6.9335,D
230407,6.9330,D
230514,6.9330,D
230514,6.9331,D
230514,6.9331,D
230627,6.9332,D
230627,6.9332,D
230627,6.9334,D
230736,6.9338,D
230736,6.9347,D
230846,6.9363,D
230846,6.9385,D
230846,6.9629,D
230955,6.9739,D
230955,6.9748,D
231066,6.9748,D
231066,6.9745,D
231066,6.9743,D
231176,6.9741,D
231176,6.9739,D
231285,6.9738,D
231285,6.9736,D
231285,6.9734,D
231395,6.9733,D
231395,6.9731,D
231506,6.9730,D
231506,6.9729,D
231506,6.9728,D
231615,6.9727,D
231615,6.9727,D
231725,6.9726,D
231725,6.9726,D
231835,6.9725,D
231835,6.9936,D
231835,7.0051,D
231944,7.0098,D
231944,7.0130,D
232054,7.0148,D
232054,7.0157,D
232054,7.0161,D
232164,7.0161,D
232164,7.0159,D
232164,7.0155,D
232273,7.0150,D
232273,7.0145,D
232385,7.0141,D
232386,7.0138,D
232386,7.0135,D
232495,7.0132,D
232495,7.0130,D
232605,7.0129,D
232605,7.0127,D
232605,7.0124,D
232715,7.0118,D
232715,7.0117,D
232824,7.0117,D
232824,7.0117,D
232824,7.0117,D
232934,7.0118,D
232934,7.0118,D
232934,7.0119,D
233044,7.0124,D
233154,7.0134,D
233154,7.0150,D
233154,7.0172,D
233264,7.0435,D
233264,7.0522,D
233264,7.0529,D
233375,7.0529,D
233375,7.0526,D
233485,7.0524,D
233485,7.0522,D
233485,7.0521,D
233594,7.0519,D
233594,7.0517,D
233704,7.0516,D
233705,7.0514,D
233705,7.0513,D
233814,7.0511,D
233814,7.0510,D
233922,7.0509,D
233922,7.0508,D
233922,7.0507,D
234031,7.0507,D
234031,7.0505,D
234141,7.0518,D
234141,7.0780,D
234141,7.0845,D
234250,7.0886,D
234250,7.0914,D
234360,7.0929,D
234360,7.0936,D
234360,7.0938,D
234470,7.0938,D
234470,7.0935,D
234470,7.0930,D
234578,7.0925,D
234578,7.0921,D
234686,7.0917,D
234686,7.0914,D
234686,7.0911,D
234797,7.0909,D
234797,7.0907,D
234905,7.0905,D
234905,7.0903,D
234905,7.0899,D
235014,7.0895,D
235014,7.0894,D
235124,7.0894,D
235124,7.0895,D
235233,7.0895,D
235234,7.0895,D
235234,7.0896,D
235343,7.0898,D
235344,7.0904,D
235344,7.0916,D
235452,7.0934,D
235452,7.0977,D
235562,7.1299,D
235562,7.1309,D
235562,7.1310,D
235670,7.1307,D
235670,7.1305,D
235781,7.1303,D
235782,7.1301,D
235782,7.1300,D
235892,7.1298,D
235892,7.1297,D
236003,7.1295,D
236004,7.1294,D
236004,7.1292,D
236113,7.1291,D
236113,7.1290,D
236223,7.1289,D
236223,7.1288,D
236223,7.1288,D
236332,7.1287,D
236332,7.1286,D
236442,7.1371,D
236442,7.1584,D
236550,7.1640,D
236550,7.1677,D
236550,7.1699,D
236660,7.1711,D
236661,7.1716,D
236771,7.1718,D
236771,7.1717,D
236771,7.1713,D
236882,7.1708,D
236882,7.1703,D
236882,7.1699,D
236993,7.1695,D
236993,7.1692,D
237104,7.1689,D
237104,7.1687,D
237104,7.1685,D
237215,7.1684,D
237215,7.1682,D
237325,7.1676,D
237325,7.1674,D
237325,7.1673,D
237436,7.1674,D
237436,7.1674,D
237545,7.1674,D
237545,7.1674,D
237546,7.1675,D
237656,7.1678,D
237656,7.1684,D
237767,7.1697,D
237767,7.1717,D
237767,7.1817,D
237877,7.2079,D
237877,7.2088,D
237987,7.2089,D
237987,7.2086,D
237987,7.2084,D
238096,7.2082,D
238096,7.2080,D
238096,7.2079,D
238206,7.2077,D
238206,7.2076,D
238316,7.2074,D
238316,7.2072,D
238316,7.2071,D
238424,7.2070,D
238424,7.2069,D
238534,7.2068,D
238534,7.2067,D
238644,7.2066,D
238644,7.2065,D
238644,7.2064,D
238754,7.2167,D
238754,7.2368,D
238754,7.2422,D
238865,7.2457,D
238865,7.2479,D
238974,7.2490,D
238974,7.2496,D
238974,7.2497,D
239084,7.2496,D
239084,7.2492,D
239196,7.2487,D
239196,7.2482,D
239196,7.2477,D
239306,7.2473,D
239306,7.2470,D
239415,7.2468,D
239415,7.2466,D
239415,7.2464,D
239524,7.2462,D
239525,7.2460,D
239634,7.2454,D
239634,7.2452,D
239634,7.2452,D
239743,7.2452,D
239743,7.2453,D
239852,7.2453,D
239852,7.2453,D
239961,7.2454,D
239962,7.2457,D
239962,7.2465,D
240072,7.2479,D
240072,7.2499,D
240072,7.2662,D
240184,7.2860,D
240184,7.2869,D
240293,7.2869,D
240293,7.2866,D
240293,7.2864,D
240403,7.2862,D
240403,7.2861,D
240514,7.2859,D
240514,7.2857,D
240514,7.2856,D
240624,7.2854,D
240624,7.2853,D
240734,7.2851,D
240734,7.2850,D
240734,7.2849,D
240845,7.2848,D
240845,7.2847,D
240956,7.2846,D
240957,7.2845,D
240957,7.2844,D
241065,7.2966,D
241066,7.3155,D
241066,7.3206,D
241174,7.3238,D
241174,7.3258,D
241283,7.3268,D
241284,7.3273,D
241284,7.3274,D
241392,7.3272,D
241393,7.3268,D
241503,7.3262,D
241503,7.3257,D
241503,7.3253,D
241615,7.3249,D
241615,7.3246,D
241725,7.3244,D
241725,7.3242,D
241836,7.3240,D
241836,7.3238,D
241836,7.3237,D
241946,7.3229,D
241946,7.3228,D
241946,7.3228,D
242057,7.3228,D
242057,7.3228,D
242168,7.3228,D
242168,7.3228,D
242168,7.3229,D
242278,7.3232,D
242278,7.3240,D
242388,7.3254,D
242388,7.3275,D
242388,7.3416,D
242498,7.3633,D
242498,7.3642,D
242612,7.3642,D
242612,7.3640,D
242612,7.3637,D
242724,7.3636,D
242724,7.3634,D
242837,7.3633,D
242837,7.3631,D
242837,7.3630,D
242949,7.3628,D
242949,7.3627,D
242949,7.3625,D
243062,7.3624,D
243062,7.3623,D
243174,7.3622,D
243174,7.3622,D
243174,7.3621,D
243286,7.3620,D
243286,7.3619,D
243400,7.3790,D
243400,7.3935,D
243400,7.3985,D
243512,7.4018,D
243512,7.4038,D
243623,7.4048,D
243623,7.4052,D
243623,7.4053,D
243736,7.4051,D
243736,7.4047,D
243850,7.4042,D
243851,7.4037,D
243851,7.4033,D
243963,7.4030,D
243963,7.4027,D
243963,7.4024,D
244076,7.4022,D
244076,7.4021,D
244188,7.4019,D
244188,7.4017,D
244188,7.4009,D
244301,7.4008,D
244301,7.4008,D
244414,7.4009,D
244414,7.4009,D
244414,7.4009,D
244527,7.4009,D
244527,7.4010,D
244527,7.4014,D
244640,7.4023,D
244640,7.4038,D
244748,7.4060,D
244748,7.4262,D
244748,7.4413,D
244857,7.4421,D
244858,7.4421,D
244967,7.4418,D
244967,7.4416,D
244967,7.4415,D
245076,7.4413,D
245076,7.4412,D
245185,7.4410,D
245185,7.4408,D
245185,7.4407,D
245294,7.4405,D
245294,7.4404,D
245403,7.4403,D
245403,7.4402,D
245403,7.4401,D
245513,7.4400,D
245513,7.4400,D
245624,7.4398,D
245624,7.4398,D
245624,7.4589,D
245731,7.4719,D
245732,7.4767,D
245842,7.4798,D
245842,7.4816,D
245842,7.4826,D
245950,7.4830,D
245950,7.4830,D
246059,7.4828,D
246059,7.4824,D
246059,7.4819,D
246168,7.4814,D
246169,7.4810,D
246278,7.4807,D
246278,7.4804,D
246278,7.4802,D
246388,7.4800,D
246388,7.4798,D
246497,7.4796,D
246497,7.4794,D
246497,7.4787,D
246611,7.4786,D
246611,7.4786,D
246722,7.4787,D
246723,7.4787,D
246723,7.4787,D
246835,7.4788,D
246836,7.4789,D
246836,7.4792,D
246948,7.4801,D
246948,7.4816,D
247060,7.4837,D
247060,7.5061,D
247060,7.5191,D
247173,7.5200,D
247173,7.5200,D
247285,7.5197,D
247285,7.5196,D
247285,7.5194,D
247398,7.5192,D
247398,7.5191,D
247509,7.5189,D
247509,7.5187,D
247509,7.5185,D
247621,7.5184,D
247622,7.5183,D
247622,7.5181,D
247734,7.5180,D
247734,7.5180,D
247846,7.5179,D
247846,7.5178,D
247846,7.5178,D
247959,7.5177,D
247959,7.5404,D
248071,7.5503,D
248071,7.5549,D
248071,7.5579,D
248183,7.5596,D
248183,7.5605,D
248183,7.5609,D
248295,7.5610,D
248295,7.5608,D
248408,7.5603,D
248408,7.5598,D
248408,7.5594,D
248521,7.5590,D
248521,7.5586,D
248632,7.5584,D
248632,7.5581,D
248632,7.5579,D
248742,7.5578,D
248742,7.5576,D
248852,7.5574,D
248852,7.5567,D
248852,7.5566,D
248964,7.5566,D
248964,7.5567,D
249074,7.5567,D
249074,7.5567,D
249074,7.5567,D
249182,7.5569,D
249183,7.5573,D
249292,7.5583,D
249292,7.5599,D
249292,7.5621,D
249402,7.5863,D
249402,7.5971,D
249512,7.5978,D
249512,7.5978,D
249512,7.5976,D
249621,7.5974,D
249621,7.5972,D
249731,7.5971,D
249731,7.5969,D
249731,7.5967,D
249842,7.5966,D
249842,7.5964,D
249952,7.5963,D
249952,7.5961,D
249952,7.5960,D
250060,7.5959,D
250060,7.5958,D
250169,7.5958,D
250169,7.5957,D
250169,7.5956,D
250280,7.5956,D
250280,7.6184,D
250389,7.6283,D
250389,7.6328,D
250389,7.6358,D
250499,7.6375,D
250500,7.6384,D
250611,7.6388,D
250611,7.6389,D
250611,7.6387,D
250723,7.6383,D
250723,7.6377,D
250723,7.6373,D
250835,7.6369,D
250835,7.6365,D
250947,7.6363,D
250947,7.6360,D
250947,7.6358,D
251060,7.6356,D
251060,7.6355,D
251060,7.6353,D
251172,7.6345,D
251172,7.6345,D
251284,7.6345,D
251284,7.6345,D
251396,7.6345,D
251396,7.6345,D
251396,7.6346,D
251508,7.6347,D
251508,7.6351,D
251508,7.6359,D
251621,7.6375,D
251621,7.6396,D
251733,7.6620,D
251733,7.6751,D
251733,7.6758,D
251846,7.6758,D
251846,7.6756,D
251957,7.6754,D
251957,7.6753,D
251957,7.6752,D
252069,7.6750,D
252069,7.6748,D
252181,7.6747,D
252181,7.6745,D
252293,7.6744,D
252293,7.6742,D
252293,7.6741,D
252293,7.6740,D
252405,7.6739,D
252405,7.6739,D
252515,7.6738,D
252515,7.6738,D
252515,7.6737,D
252627,7.6961,D
252627,7.7062,D
252737,7.7107,D
252737,7.7138,D
252737,7.7156,D
252847,7.7165,D
252847,7.7169,D
252959,7.7169,D
252959,7.7167,D
253070,7.7163,D
253070,7.7157,D
253070,7.7153,D
253181,7.7149,D
253181,7.7145,D
253181,7.7142,D
253293,7.7140,D
253293,7.7138,D
253403,7.7136,D
253403,7.7135,D
253403,7.7131,D
253514,7.7126,D
253514,7.7125,D
253626,7.7125,D
253626,7.7126,D
253626,7.7126,D
253738,7.7126,D
253738,7.7126,D
253849,7.7127,D
253849,7.7131,D
253849,7.7140,D
253961,7.7154,D
253961,7.7175,D
253961,7.7378,D
254073,7.7530,D
254073,7.7538,D
254187,7.7538,D
254187,7.7536,D
254187,7.7534,D
254299,7.7532,D
254299,7.7531,D
254412,7.7529,D
254412,7.7527,D
254412,7.7526,D
254524,7.7524,D
254524,7.7523,D
254634,7.7521,D
254634,7.7520,D
254634,7.7519,D
254745,7.7518,D
254745,7.7518,D
254745,7.7517,D
254854,7.7517,D
254854,7.7516,D
254964,7.7721,D
254964,7.7835,D
254964,7.7882,D
255074,7.7914,D
255074,7.7933,D
255184,7.7943,D
255184,7.7948,D
255184,7.7949,D
255294,7.7946,D
255294,7.7942,D
255406,7.7937,D
255406,7.7933,D
255406,7.7929,D
255516,7.7925,D
255516,7.7923,D
255627,7.7920,D
255627,7.7918,D
255627,7.7916,D
255737,7.7915,D
255737,7.7912,D
255845,7.7905,D
255846,7.7905,D
255956,7.7905,D
255956,7.7905,D
255956,7.7906,D
256066,7.7906,D
256066,7.7906,D
256066,7.7907,D
256177,7.7910,D
256177,7.7919,D
256286,7.7934,D
256287,7.7955,D
256287,7.8158,D
256397,7.8310,D
256397,7.8318,D
256505,7.8318,D
256506,7.8316,D
256506,7.8314,D
256612,7.8313,D
256612,7.8311,D
256724,7.8309,D
256724,7.8308,D
256724,7.8306,D
256836,7.8305,D
256837,7.8303,D
256950,7.8302,D
256950,7.8301,D
256950,7.8300,D
257062,7.8299,D
257062,7.8298,D
257062,7.8298,D
257174,7.8297,D
257175,7.8297,D
257287,7.8468,D
257287,7.8613,D
257287,7.8661,D
257400,7.8694,D
257400,7.8714,D
257512,7.8724,D
257512,7.8729,D
257512,7.8730,D
257624,7.8728,D
257624,7.8724,D
257624,7.8719,D
257736,7.8714,D
257737,7.8710,D
257850,7.8706,D
257850,7.8704,D
257850,7.8701,D
257962,7.8699,D
257962,7.8697,D
258075,7.8695,D
258075,7.8693,D
258075,7.8686,D
258186,7.8685,D
258186,7.8685,D
258298,7.8686,D
258298,7.8686,D
258298,7.8686,D
258411,7.8686,D
258411,7.8687,D
258411,7.8690,D
258523,7.8697,D
258523,7.8710,D
258633,7.8729,D
258633,7.8850,D
258633,7.9090,D
258743,7.9098,D
258743,7.9098,D
258853,7.9096,D
258854,7.9095,D
258964,7.9093,D
258964,7.9091,D
258964,7.9090,D
259075,7.9088,D
259075,7.9087,D
259075,7.9085,D
259185,7.9083,D
259185,7.9082,D
259295,7.9081,D
259296,7.9080,D
259296,7.9079,D
259407,7.9078,D
259407,7.9078,D
259516,7.9077,D
259516,7.9076,D
259516,7.9192,D
259627,7.9375,D
259627,7.9430,D
259737,7.9465,D
259737,7.9488,D
259737,7.9501,D
259847,7.9507,D
259847,7.9509,D
259957,7.9507,D
259957,7.9503,D
259957,7.9499,D
260067,7.9494,D
260067,7.9490,D
260177,7.9486,D
260177,7.9483,D
260177,7.9481,D
260288,7.9478,D
260288,7.9477,D
260397,7.9475,D
260397,7.9473,D
260397,7.9466,D
260507,7.9465,D
260507,7.9465,D
260508,7.9465,D
260617,7.9465,D
260617,7.9465,D
260726,7.9466,D
260726,7.9466,D
260726,7.9468,D
260837,7.9475,D
260837,7.9488,D
260945,7.9507,D
260946,7.9586,D
260946,7.9868,D
261053,7.9877,D
261053,7.9877,D
261162,7.9876,D
261162,7.9874,D
261162,7.9872,D
261272,7.9871,D
261273,7.9869,D
261382,7.9868,D
261382,7.9866,D
261382,7.9865,D
261492,7.9863,D
261492,7.9862,D
261601,7.9860,D
261601,7.9859,D
261711,7.9858,D
261711,7.9858,D
261711,7.9857,D
261819,7.9857,D
261819,7.9856,D
261819,7.9924,D
261928,8.0144,D
261928,8.0202,D
262037,8.0240,D
262037,8.0265,D
262037,8.0280,D
262148,8.0287,D
262149,8.0289,D
262259,8.0288,D
262259,8.0285,D
262259,8.0280,D
262369,8.0275,D
262369,8.0271,D
262479,8.0267,D
262479,8.0264,D
262479,8.0262,D
262589,8.0259,D
262589,8.0257,D
262699,8.0256,D
262699,8.0254,D
262699,8.0248,D
262808,8.0245,D
262808,8.0245,D
262918,8.0245,D
262918,8.0246,D
263028,8.0246,D
263028,8.0246,D
263028,8.0246,D
263138,8.0248,D
263138,8.0253,D
263138,8.0264,D
263249,8.0281,D
263250,8.0303,D
263360,8.0606,D
263360,8.0653,D
263360,8.0657,D
263470,8.0657,D
263470,8.0655,D
263580,8.0653,D
263580,8.0652,D
263580,8.0650,D
263689,8.0649,D
263689,8.0647,D
263799,8.0645,D
263799,8.0644,D
263799,8.0642,D
263909,8.0641,D
263909,8.0640,D
264019,8.0639,D
264019,8.0638,D
264019,8.0638,D
264129,8.0637,D
264129,8.0637,D
264237,8.0649,D
264238,8.0906,D
264238,8.0972,D
264347,8.1012,D
264347,8.1041,D
264456,8.1058,D
264456,8.1067,D
264456,8.1070,D
264566,8.1070,D
264566,8.1067,D
264676,8.1063,D
264676,8.1058,D
264676,8.1053,D
264786,8.1049,D
264786,8.1046,D
264786,8.1044,D
264896,8.1041,D
264896,8.1039,D
265006,8.1037,D
265006,8.1036,D
265116,8.1031,D
265116,8.1027,D
265116,8.1027,D
265225,8.1027,D
265225,8.1027,D
265225,8.1027,D
265336,8.1027,D
265336,8.1028,D
265447,8.1029,D
265447,8.1033,D
265447,8.1042,D
265556,8.1058,D
265556,8.1079,D
265666,8.1323,D
265666,8.1431,D
265666,8.1439,D
265776,8.1439,D
265776,8.1437,D
265883,8.1435,D
265883,8.1434,D
265883,8.1432,D
265992,8.1431,D
265992,8.1429,D
266103,8.1427,D
266103,8.1426,D
266103,8.1424,D
266212,8.1423,D
266212,8.1421,D
266321,8.1420,D
266321,8.1420,D
266431,8.1419,D
266431,8.1419,D
266431,8.1418,D
266539,8.1417,D
266539,8.1606,D
266539,8.1734,D
266648,8.1781,D
266648,8.1813,D
266758,8.1833,D
266758,8.1844,D
266758,8.1849,D
266868,8.1850,D
266868,8.1848,D
266977,8.1844,D
266977,8.1839,D
266977,8.1834,D
267089,8.1830,D
267089,8.1827,D
267199,8.1824,D
267199,8.1822,D
267199,8.1819,D
267309,8.1818,D
267309,8.1816,D
267419,8.1813,D
267419,8.1806,D
267419,8.1806,D
267529,8.1806,D
267529,8.1806,D
267639,8.1807,D
267639,8.1807,D
267639,8.1807,D
267748,8.1808,D
267748,8.1810,D
267857,8.1817,D
267857,8.1831,D
267858,8.1850,D
267968,8.1970,D
267968,8.2211,D
268077,8.2219,D
268077,8.2219,D
268077,8.2218,D
268187,8.2216,D
268187,8.2215,D
268298,8.2213,D
268298,8.2211,D
268298,8.2210,D
268409,8.2208,D
268409,8.2207,D
268520,8.2205,D
268520,8.2204,D
268520,8.2202,D
268630,8.2201,D
268630,8.2200,D
268630,8.2200,D
268740,8.2199,D
268740,8.2199,D
268850,8.2198,D
268850,8.2296,D
268850,8.2492,D
268960,8.2548,D
268961,8.2585,D
269070,8.2610,D
269070,8.2623,D
269070,8.2630,D
269180,8.2632,D
269180,8.2631,D
269291,8.2627,D
269291,8.2622,D
269291,8.2617,D
269400,8.2613,D
269400,8.2610,D
269510,8.2607,D
269510,8.2604,D
269510,8.2602,D
269619,8.2600,D
269619,8.2598,D
269729,8.2596,D
269729,8.2588,D
269840,8.2587,D
269840,8.2587,D
269840,8.2588,D
269948,8.2588,D
269949,8.2588,D
270058,8.2589,D
270058,8.2589,D
270058,8.2590,D
270166,8.2595,D
270166,8.2606,D
270166,8.2622,D
270276,8.2644,D
270276,8.2969,D
270386,8.2998,D
270386,8.3001,D
270386,8.3000,D
270497,8.2998,D
270497,8.2997,D
270603,8.2995,D
270604,8.2994,D
270604,8.2992,D
270714,8.2990,D
270714,8.2989,D
270825,8.2987,D
270825,8.2986,D
270825,8.2984,D
270937,8.2983,D
270937,8.2982,D
271047,8.2981,D
271047,8.2981,D
271157,8.2980,D
271157,8.2980,D
271157,8.2980,D
271267,8.3222,D
271267,8.3305,D
271267,8.3349,D
271379,8.3380,D
271379,8.3398,D
271490,8.3408,D
271490,8.3412,D
271490,8.3412,D
271600,8.3410,D
271600,8.3405,D
271601,8.3400,D
271711,8.3396,D
271711,8.3392,D
271823,8.3389,D
271823,8.3386,D
271933,8.3383,D
271933,8.3381,D
271933,8.3379,D
272044,8.3377,D
272044,8.3373,D
272044,8.3368,D
272155,8.3367,D
272155,8.3368,D
272267,8.3368,D
272267,8.3368,D
272267,8.3368,D
272376,8.3368,D
272377,8.3369,D
272488,8.3372,D
272489,8.3379,D
272489,8.3392,D
272596,8.3411,D
272596,8.3531,D
272707,8.3773,D
272707,8.3781,D
272707,8.3781,D
272817,8.3780,D
272817,8.3778,D
272927,8.3777,D
272928,8.3775,D
272928,8.3773,D
273038,8.3772,D
273039,8.3770,D
273149,8.3769,D
273149,8.3767,D
273149,8.3766,D
273259,8.3764,D
273259,8.3763,D
273259,8.3763,D
273368,8.3762,D
273368,8.3761,D
273480,8.3761,D
273480,8.3761,D
273480,8.3874,D
273590,8.4057,D
273590,8.4111,D
273700,8.4147,D
273700,8.4171,D
273700,8.4185,D
273812,8.4192,D
273812,8.4194,D
273923,8.4192,D
273923,8.4188,D
274035,8.4184,D
274035,8.4179,D
274035,8.4175,D
274145,8.4172,D
274145,8.4169,D
274145,8.4166,D
274256,8.4164,D
274256,8.4162,D
274367,8.4160,D
274367,8.4158,D
274367,8.4150,D
274476,8.4149,D
274477,8.4149,D
274587,8.4150,D
274587,8.4150,D
274587,8.4150,D
274697,8.4151,D
274697,8.4151,D
274806,8.4152,D
274807,8.4156,D
274807,8.4166,D
274918,8.4181,D
274918,8.4202,D
275030,8.4488,D
275030,8.4556,D
275030,8.4563,D
275142,8.4563,D
275142,8.4561,D
275142,8.4560,D
275253,8.4559,D
275253,8.4557,D
275363,8.4555,D
275363,8.4554,D
275363,8.4552,D
275473,8.4551,D
275473,8.4549,D
275583,8.4548,D
275583,8.4546,D
275583,8.4545,D
275694,8.4545,D
275694,8.4544,D
275803,8.4544,D
275803,8.4544,D
275803,8.4543,D
275913,8.4759,D
275913,8.4858,D
276024,8.4905,D
276024,8.4938,D
276135,8.4959,D
276135,8.4971,D
276135,8.4977,D
276245,8.4977,D
276245,8.4975,D
276245,8.4971,D
276355,8.4966,D
276355,8.4962,D
276466,8.4958,D
276466,8.4955,D
276466,8.4952,D
276579,8.4949,D
276580,8.4947,D
276692,8.4945,D
276692,8.4943,D
276692,8.4940,D
276806,8.4934,D
276806,8.4934,D
276919,8.4934,D
276919,8.4934,D
276919,8.4934,D
277032,8.4935,D
277033,8.4935,D
277033,8.4935,D
277146,8.4938,D
277147,8.4945,D
277147,8.4957,D
277260,8.4976,D
277260,8.5075,D
277374,8.5338,D
277374,8.5346,D
277374,8.5346,D
277487,8.5345,D
277487,8.5344,D
277600,8.5342,D
277600,8.5341,D
277600,8.5339,D
277714,8.5338,D
277714,8.5336,D
277828,8.5334,D
277828,8.5333,D
277828,8.5331,D
277942,8.5330,D
277942,8.5329,D
277942,8.5328,D
278055,8.5328,D
278055,8.5327,D
278167,8.5327,D
278168,8.5327,D
278168,8.5393,D
278281,8.5608,D
278281,8.5667,D
278394,8.5706,D
278394,8.5734,D
278394,8.5750,D
278508,8.5758,D
278508,8.5761,D
278618,8.5760,D
278618,8.5756,D
278618,8.5751,D
278729,8.5747,D
278729,8.5743,D
278729,8.5739,D
278841,8.5736,D
278841,8.5733,D
278952,8.5731,D
278952,8.5729,D
278952,8.5727,D
279063,8.5726,D
279063,8.5720,D
279175,8.5717,D
279175,8.5717,D
279175,8.5718,D
279285,8.5718,D
279285,8.5718,D
279396,8.5719,D
279396,8.5719,D
279396,8.5720,D
279506,8.5724,D
279507,8.5733,D
279615,8.5748,D
279615,8.5768,D
279616,8.6013,D
279728,8.6123,D
279728,8.6130,D
279728,8.6130,D
279837,8.6129,D
279837,8.6128,D
279947,8.6127,D
279947,8.6125,D
280057,8.6124,D
280058,8.6122,D
280058,8.6120,D
280168,8.6119,D
280168,8.6117,D
280168,8.6116,D
280279,8.6114,D
280279,8.6113,D
280391,8.6113,D
280391,8.6112,D
280391,8.6112,D
280502,8.6111,D
280503,8.6111,D
280613,8.6289,D
280613,8.6415,D
280613,8.6466,D
280724,8.6501,D
280724,8.6524,D
280834,8.6538,D
280834,8.6544,D
280835,8.6545,D
280944,8.6543,D
280944,8.6539,D
281054,8.6534,D
281054,8.6529,D
281054,8.6526,D
281165,8.6522,D
281165,8.6519,D
281274,8.6517,D
281275,8.6515,D
281275,8.6513,D
281384,8.6511,D
281384,8.6507,D
281496,8.6501,D
281497,8.6501,D
281497,8.6501,D
281607,8.6501,D
281607,8.6502,D
281607,8.6502,D
281718,8.6502,D
281718,8.6503,D
281828,8.6504,D
281828,8.6510,D
281828,8.6521,D
281938,8.6538,D
281939,8.6598,D
282050,8.6905,D
282050,8.6915,D
282161,8.6915,D
282161,8.6914,D
282161,8.6913,D
282271,8.6912,D
282271,8.6910,D
282271,8.6909,D
282380,8.6907,D
282380,8.6906,D
282490,8.6904,D
282490,8.6902,D
282490,8.6901,D
282600,8.6899,D
282600,8.6898,D
282711,8.6897,D
282711,8.6897,D
282711,8.6896,D
282822,8.6896,D
282822,8.6896,D
282933,8.6908,D
282933,8.7156,D
282933,8.7222,D
283044,8.7265,D
283044,8.7296,D
283153,8.7315,D
283153,8.7325,D
283153,8.7329,D
283265,8.7329,D
283265,8.7326,D
283265,8.7322,D
283375,8.7317,D
283375,8.7313,D
283486,8.7310,D
283486,8.7307,D
283597,8.7304,D
283597,8.7302,D
283597,8.7300,D
283706,8.7298,D
283706,8.7296,D
283706,8.7291,D
283819,8.7287,D
283819,8.7287,D
283931,8.7287,D
283931,8.7288,D
283931,8.7288,D
284041,8.7288,D
284041,8.7288,D
284151,8.7289,D
284152,8.7291,D
284152,8.7299,D
284260,8.7311,D
284261,8.7330,D
284372,8.7471,D
284372,8.7692,D
284372,8.7700,D
284483,8.7700,D
284483,8.7699,D
284592,8.7698,D
284592,8.7697,D
284592,8.7695,D
284703,8.7694,D
284703,8.7692,D
284813,8.7690,D
284813,8.7689,D
284813,8.7687,D
284924,8.7686,D
284925,8.7684,D
285034,8.7683,D
285034,8.7682,D
285034,8.7682,D
285145,8.7681,D
285145,8.7681,D
285145,8.7681,D
285257,8.7759,D
285257,8.7959,D
285367,8.8018,D
285367,8.8057,D
285367,8.8085,D
285478,8.8102,D
285478,8.8112,D
285588,8.8115,D
285588,8.8114,D
285700,8.8110,D
285700,8.8106,D
285700,8.8101,D
285810,8.8097,D
285810,8.8094,D
285810,8.8091,D
285921,8.8088,D
285921,8.8086,D
286030,8.8084,D
286031,8.8082,D
286031,8.8080,D
286141,8.8073,D
286141,8.8071,D
286251,8.8071,D
286251,8.8071,D
286251,8.8071,D
286363,8.8072,D
286363,8.8072,D
286363,8.8072,D
286472,8.8073,D
286472,8.8077,D
286582,8.8086,D
286582,8.8100,D
286694,8.8120,D
286694,8.8342,D
286694,8.8472,D
286805,8.8479,D
286805,8.8479,D
286805,8.8478,D
286917,8.8477,D
286917,8.8475,D
287026,8.8474,D
287026,8.8472,D
287138,8.8471,D
287138,8.8469,D
287138,8.8467,D
287250,8.8466,D
287250,8.8464,D
287250,8.8463,D
287360,8.8462,D
287360,8.8462,D
287471,8.8461,D
287471,8.8461,D
287471,8.8461,D
287582,8.8461,D
287582,8.8591,D
287693,8.8759,D
287693,8.8813,D
287693,8.8849,D
287804,8.8874,D
287804,8.8889,D
287915,8.8896,D
287916,8.8898,D
287916,8.8897,D
288026,8.8893,D
288026,8.8889,D
288026,8.8884,D
288136,8.8881,D
288136,8.8878,D
288246,8.8875,D
288246,8.8872,D
288246,8.8870,D
288357,8.8868,D
288357,8.8866,D
288468,8.8864,D
288468,8.8855,D
288468,8.8854,D
288578,8.8854,D
288579,8.8854,D
288688,8.8854,D
288688,8.8854,D
288688,8.8854,D
288799,8.8854,D
288800,8.8855,D
288910,8.8859,D
288910,8.8868,D
288910,8.8882,D
289021,8.8902,D
289021,8.9125,D
289131,8.9255,D
289131,8.9262,D
289242,8.9262,D
289242,8.9261,D
289242,8.9260,D
289354,8.9259,D
289354,8.9257,D
289354,8.9256,D
289463,8.9254,D
289463,8.9252,D
289574,8.9250,D
289574,8.9249,D
289574,8.9247,D
289685,8.9246,D
289685,8.9244,D
289685,8.9244,D
289796,8.9243,D
289796,8.9242,D
289906,8.9242,D
289907,8.9240,D
290018,8.9406,D
290018,8.9547,D
290018,8.9594,D
290128,8.9628,D
290128,8.9650,D
290128,8.9663,D
290236,8.9669,D
290237,8.9670,D
290346,8.9668,D
290347,8.9664,D
290347,8.9659,D
290458,8.9654,D
290458,8.9650,D
290569,8.9646,D
290569,8.9643,D
290569,8.9641,D
290679,8.9639,D
290679,8.9636,D
290789,8.9634,D
290789,8.9630,D
290789,8.9623,D
290900,8.9623,D
290900,8.9623,D
291012,8.9623,D
291012,8.9623,D
291012,8.9624,D
291123,8.9624,D
291123,8.9624,D
291233,8.9625,D
291234,8.9630,D
291234,8.9641,D
291346,8.9657,D
291346,8.9678,D
291346,8.9983,D
291456,9.0031,D
291456,9.0035,D
291568,9.0035,D
291568,9.0034,D
291568,9.0033,D
291678,9.0031,D
291678,9.0030,D
291788,9.0028,D
291788,9.0026,D
291897,9.0025,D
291897,9.0023,D
291898,9.0021,D
292008,9.0020,D
292008,9.0019,D
292119,9.0018,D
292119,9.0017,D
292119,9.0017,D
292230,9.0016,D
292230,9.0016,D
292230,9.0016,D
292342,9.0246,D
292342,9.0331,D
292452,9.0377,D
292452,9.0410,D
292452,9.0432,D
292563,9.0444,D
292563,9.0449,D
292674,9.0450,D
292674,9.0448,D
292674,9.0444,D
292785,9.0439,D
292785,9.0435,D
292895,9.0432,D
292895,9.0429,D
292895,9.0426,D
293007,9.0423,D
293007,9.0421,D
293007,9.0419,D
293117,9.0417,D
293117,9.0414,D
293226,9.0409,D
293226,9.0409,D
293226,9.0409,D
293338,9.0410,D
293338,9.0410,D
293449,9.0410,D
293449,9.0410,D
293449,9.0411,D
293561,9.0412,D
293561,9.0418,D
293671,9.0429,D
293671,9.0446,D
293671,9.0526,D
293783,9.0814,D
293783,9.0823,D
293893,9.0825,D
293893,9.0824,D
293893,9.0823,D
294004,9.0822,D
294004,9.0820,D
294115,9.0819,D
294115,9.0817,D
294115,9.0816,D
294227,9.0814,D
294227,9.0812,D
294227,9.0810,D
294338,9.0809,D
294338,9.0808,D
294450,9.0807,D
294450,9.0806,D
294450,9.0806,D
294561,9.0806,D
294561,9.0805,D
294675,9.0854,D
294675,9.1067,D
294675,9.1130,D
294786,9.1172,D
294786,9.1203,D
294897,9.1223,D
294897,9.1234,D
294897,9.1238,D
295008,9.1238,D
295008,9.1234,D
295118,9.1230,D
295118,9.1226,D
295118,9.1222,D
295229,9.1218,D
295230,9.1215,D
295340,9.1212,D
295341,9.1210,D
295341,9.1207,D
295451,9.1205,D
295451,9.1204,D
295451,9.1196,D
295562,9.1194,D
295563,9.1194,D
295673,9.1194,D
295673,9.1195,D
295784,9.1195,D
295784,9.1195,D
295784,9.1195,D
295894,9.1196,D
295895,9.1198,D
295895,9.1205,D
296005,9.1216,D
296005,9.1234,D
296116,9.1375,D
296116,9.1598,D
296116,9.1607,D
296227,9.1608,D
296227,9.1607,D
296339,9.1606,D
296339,9.1604,D
296339,9.1603,D
296451,9.1601,D
296451,9.1600,D
296562,9.1598,D
296562,9.1596,D
296562,9.1595,D
296672,9.1593,D
296673,9.1592,D
296673,9.1591,D
296784,9.1590,D
296784,9.1589,D
296896,9.1589,D
296896,9.1589,D
296896,9.1589,D
297007,9.1663,D
297007,9.1857,D
297118,9.1919,D
297118,9.1960,D
297118,9.1989,D
297230,9.2007,D
297230,9.2017,D
297341,9.2020,D
297341,9.2020,D
297341,9.2017,D
297452,9.2012,D
297452,9.2008,D
297564,9.2003,D
297564,9.2000,D
297564,9.1997,D
297675,9.1994,D
297675,9.1992,D
297786,9.1990,D
297786,9.1988,D
297787,9.1986,D
297897,9.1979,D
297898,9.1976,D
297898,9.1976,D
298008,9.1977,D
298009,9.1977,D
298120,9.1978,D
298121,9.1978,D
298121,9.1978,D
298231,9.1979,D
298231,9.1981,D
298342,9.1988,D
298342,9.2001,D
298342,9.2019,D
298453,9.2160,D
298453,9.2381,D
298565,9.2389,D
298566,9.2390,D
298566,9.2389,D
298676,9.2388,D
298677,9.2386,D
298788,9.2385,D
298788,9.2383,D
298788,9.2382,D
298898,9.2380,D
298898,9.2378,D
299008,9.2376,D
299008,9.2375,D
299008,9.2374,D
299118,9.2373,D
299118,9.2372,D
299228,9.2371,D
299229,9.2371,D
299229,9.2370,D
299338,9.2370,D
299339,9.2460,D
299449,9.2647,D
299449,9.2706,D
299449,9.2745,D
299560,9.2773,D
299560,9.2790,D
299560,9.2799,D
299670,9.2802,D
299670,9.2801,D
299780,9.2798,D
299780,9.2793,D
299780,9.2789,D
299892,9.2785,D
299892,9.2781,D
300001,9.2778,D
300001,9.2776,D
300001,9.2773,D
300112,9.2771,D
300112,9.2769,D
300224,9.2767,D
300224,9.2760,D
300224,9.2758,D
300333,9.2758,D
300334,9.2759,D
300443,9.2759,D
300443,9.2759,D
300443,9.2759,D
300554,9.2759,D
300554,9.2760,D
300665,9.2763,D
300665,9.2770,D
300775,9.2784,D
300775,9.2802,D
300775,9.2963,D
300883,9.3160,D
300883,9.3168,D
300883,9.3168,D
300992,9.3168,D
300992,9.3166,D
301103,9.3165,D
301104,9.3164,D
301104,9.3162,D
301215,9.3160,D
301215,9.3159,D
301325,9.3157,D
301326,9.3155,D
301326,9.3153,D
301435,9.3152,D
301435,9.3151,D
301546,9.3150,D
301546,9.3150,D
301546,9.3149,D
301657,9.3149,D
301657,9.3149,D
301768,9.3226,D
301768,9.3425,D
301768,9.3484,D
301879,9.3523,D
301879,9.3551,D
301879,9.3568,D
301989,9.3577,D
301989,9.3580,D
302100,9.3579,D
302101,9.3576,D
302101,9.3572,D
302211,9.3568,D
302211,9.3564,D
302320,9.3561,D
302320,9.3558,D
302320,9.3555,D
302430,9.3553,D
302430,9.3550,D
302540,9.3548,D
302540,9.3547,D
302540,9.3541,D
302650,9.3538,D
302651,9.3538,D
302763,9.3538,D
302763,9.3539,D
302763,9.3539,D
302874,9.3539,D
302874,9.3539,D
302984,9.3540,D
302984,9.3543,D
302984,9.3551,D
303094,9.3564,D
303094,9.3583,D
303205,9.3745,D
303205,9.3942,D
303205,9.3950,D
303316,9.3951,D
303316,9.3950,D
303316,9.3949,D
303427,9.3948,D
303427,9.3946,D
303537,9.3945,D
303537,9.3943,D
303647,9.3941,D
303647,9.3939,D
303647,9.3937,D
303756,9.3936,D
303757,9.3935,D
303757,9.3934,D
303868,9.3933,D
303868,9.3932,D
303978,9.3932,D
303978,9.3932,D
303978,9.3931,D
304089,9.4022,D
304089,9.4210,D
304199,9.4269,D
304199,9.4307,D
304199,9.4335,D
304309,9.4352,D
304309,9.4361,D
304420,9.4364,D
304420,9.4363,D
304420,9.4359,D
304532,9.4355,D
304532,9.4350,D
304641,9.4346,D
304641,9.4343,D
304641,9.4340,D
304752,9.4337,D
304753,9.4335,D
304864,9.4333,D
304864,9.4331,D
304864,9.4329,D
304974,9.4321,D
304974,9.4320,D
304974,9.4320,D
305086,9.4320,D
305086,9.4321,D
305197,9.4321,D
305197,9.4321,D
305197,9.4322,D
305308,9.4322,D
305308,9.4325,D
305419,9.4332,D
305419,9.4345,D
305419,9.4364,D
305530,9.4547,D
305530,9.4724,D
305641,9.4732,D
305642,9.4733,D
305642,9.4732,D
305753,9.4731,D
305753,9.4730,D
305864,9.4728,D
305864,9.4727,D
305864,9.4725,D
305976,9.4723,D
305976,9.4721,D
306087,9.4720,D
306087,9.4718,D
306087,9.4717,D
306198,9.4716,D
306199,9.4715,D
306310,9.4714,D
306310,9.4714,D
306310,9.4714,D
306422,9.4714,D
306422,9.4791,D
306533,9.4989,D
306533,9.5049,D
306533,9.5089,D
306644,9.5117,D
306644,9.5135,D
306644,9.5144,D
306753,9.5147,D
306753,9.5146,D
306862,9.5143,D
306862,9.5139,D
306862,9.5134,D
306970,9.5130,D
306971,9.5127,D
307081,9.5124,D
307081,9.5121,D
307081,9.5119,D
307190,9.5117,D
307190,9.5115,D
307302,9.5113,D
307302,9.5106,D
307303,9.5104,D
307412,9.5104,D
307413,9.5104,D
307413,9.5104,D
307524,9.5104,D
307524,9.5105,D
307635,9.5105,D
307635,9.5105,D
307746,9.5108,D
307746,9.5116,D
307746,9.5129,D
307858,9.5148,D
307858,9.5310,D
307858,9.5507,D
307969,9.5515,D
307969,9.5516,D
308078,9.5515,D
308079,9.5514,D
308079,9.5513,D
308189,9.5511,D
308189,9.5510,D
308299,9.5508,D
308299,9.5506,D
308299,9.5504,D
308409,9.5503,D
308409,9.5501,D
308520,9.5500,D
308520,9.5499,D
308630,9.5499,D
308630,9.5498,D
308630,9.5498,D
308740,9.5498,D
308740,9.5498,D
308740,9.5573,D
308852,9.5769,D
308852,9.5830,D
308961,9.5871,D
308961,9.5900,D
308962,9.5918,D
309071,9.5928,D
309071,9.5932,D
309182,9.5931,D
309182,9.5928,D
309182,9.5924,D
309292,9.5919,D
309292,9.5915,D
309403,9.5912,D
309403,9.5909,D
309403,9.5906,D
309515,9.5904,D
309515,9.5901,D
309627,9.5899,D
309627,9.5897,D
309627,9.5891,D
309737,9.5888,D
309737,9.5888,D
309848,9.5888,D
309848,9.5889,D
309848,9.5889,D
309958,9.5889,D
309958,9.5889,D
309958,9.5889,D
310070,9.5892,D
310070,9.5899,D
310180,9.5911,D
310181,9.5929,D
310181,9.6027,D
310293,9.6290,D
310293,9.6298,D
310401,9.6299,D
310402,9.6298,D
310402,9.6297,D
310511,9.6296,D
310511,9.6295,D
310626,9.6293,D
310627,9.6291,D
310627,9.6289,D
310737,9.6287,D
310737,9.6285,D
310848,9.6284,D
310848,9.6283,D
310848,9.6282,D
310959,9.6281,D
310959,9.6281,D
310959,9.6280,D
311070,9.6280,D
311070,9.6280,D
311180,9.6342,D
311180,9.6545,D
311180,9.6608,D
311291,9.6648,D
311291,9.6678,D
311402,9.6697,D
311402,9.6707,D
311513,9.6711,D
311513,9.6711,D
311513,9.6708,D
311613,9.6704,D
311613,9.6699,D
311724,9.6696,D
311725,9.6692,D
311725,9.6689,D
311837,9.6687,D
311837,9.6684,D
311837,9.6682,D
311951,9.6680,D
311951,9.6678,D
312063,9.6673,D
312063,9.6669,D
312064,9.6669,D
312176,9.6670,D
312176,9.6670,D
312287,9.6670,D
312288,9.6670,D
312288,9.6670,D
312400,9.6671,D
312400,9.6673,D
312400,9.6679,D
312513,9.6691,D
312513,9.6709,D
312626,9.6807,D
312626,9.7072,D
312626,9.7081,D
312737,9.7082,D
312737,9.7081,D
312849,9.7080,D
312849,9.7079,D
312849,9.7077,D
312958,9.7076,D
312958,9.7074,D
313070,9.7072,D
313070,9.7070,D
313070,9.7069,D
313180,9.7067,D
313181,9.7066,D
313291,9.7065,D
313291,9.7064,D
313291,9.7063,D
313400,9.7063,D
313400,9.7063,D
313512,9.7063,D
313512,9.7086,D
313512,9.7312,D
313622,9.7380,D
313622,9.7425,D
313733,9.7458,D
313733,9.7479,D
313733,9.7490,D
313845,9.7495,D
313845,9.7495,D
313845,9.7493,D
313956,9.7489,D
313956,9.7484,D
314067,9.7480,D
314067,9.7477,D
314067,9.7474,D
314177,9.7471,D
314178,9.7468,D
314288,9.7466,D
314288,9.7464,D
314399,9.7462,D
314399,9.7459,D
314399,9.7453,D
314508,9.7453,D
314509,9.7453,D
314509,9.7453,D
314612,9.7454,D
314612,9.7454,D
314724,9.7454,D
314724,9.7454,D
314724,9.7456,D
314838,9.7462,D
314838,9.7473,D
314951,9.7489,D
314952,9.7530,D
314952,9.7855,D
315065,9.7864,D
315065,9.7865,D
315178,9.7865,D
315178,9.7864,D
315178,9.7863,D
315291,9.7861,D
315292,9.7860,D
315292,9.7858,D
315404,9.7856,D
315404,9.7854,D
315516,9.7852,D
315516,9.7851,D
315516,9.7850,D
315629,9.7849,D
315629,9.7848,D
315742,9.7847,D
315742,9.7847,D
315742,9.7847,D
315855,9.7846,D
315855,9.7846,D
315968,9.8091,D
315969,9.8161,D
315969,9.8206,D
316082,9.8239,D
316082,9.8260,D
316083,9.8273,D
316197,9.8278,D
316197,9.8278,D
316310,9.8276,D
316311,9.8272,D
316311,9.8268,D
316424,9.8264,D
316424,9.8260,D
316424,9.8257,D
316537,9.8254,D
316537,9.8252,D
316648,9.8249,D
316649,9.8247,D
316759,9.8245,D
316759,9.8243,D
316759,9.8237,D
316870,9.8236,D
316870,9.8236,D
316870,9.8237,D
316982,9.8237,D
316982,9.8237,D
317092,9.8237,D
317092,9.8237,D
317092,9.8238,D
317201,9.8243,D
317201,9.8252,D
317311,9.8267,D
317311,9.8287,D
317311,9.8573,D
317422,9.8640,D
317423,9.8647,D
317533,9.8647,D
317533,9.8646,D
317533,9.8645,D
317643,9.8644,D
317643,9.8643,D
317643,9.8641,D
317754,9.8639,D
317754,9.8637,D
317866,9.8635,D
317866,9.8633,D
317866,9.8631,D
317977,9.8630,D
317977,9.8629,D
318088,9.8629,D
318088,9.8628,D
318088,9.8628,D
318198,9.8628,D
318198,9.8628,D
318308,9.8780,D
318308,9.8919,D
318308,9.8974,D
318420,9.9012,D
318420,9.9038,D
318530,9.9053,D
318530,9.9060,D
318530,9.9062,D
318641,9.9061,D
318641,9.9058,D
318753,9.9053,D
318753,9.9049,D
318753,9.9046,D
318863,9.9043,D
318863,9.9040,D
318974,9.9037,D
318974,9.9034,D
318974,9.9032,D
319085,9.9030,D
319086,9.9028,D
319086,9.9021,D
319195,9.9019,D
319195,9.9019,D
319307,9.9020,D
319307,9.9020,D
319307,9.9020,D
319418,9.9020,D
319418,9.9020,D
319530,9.9021,D
319531,9.9024,D
319639,9.9031,D
319639,9.9045,D
319639,9.9063,D
319750,9.9225,D
319750,9.9428,D
319750,9.9429,D
319859,9.9429,D
319859,9.9428,D
319971,9.9427,D
319971,9.9425,D
319972,9.9423,D
320082,9.9420,D
320082,9.9417,D
320191,9.9415,D
320192,9.9413,D
320192,9.9412,D
320303,9.9411,D
320303,9.9411,D
320412,9.9411,D
320412,9.9411,D
320412,9.9411,D
320522,9.9411,D
320522,9.9411,D
320631,9.9411,D
320631,9.9412,D
320631,9.9412,D
320742,9.9413,D
320742,9.9417,D
320852,9.9424,D
320852,9.9435,D
320852,9.9561,D
320964,9.9827,D
320964,9.9832,D
321075,9.9831,D
321075,9.9828,D
321075,9.9826,D
321186,9.9824,D
321186,9.9822,D
321186,9.9820,D
321295,9.9817,D
321296,9.9815,D
321406,9.9813,D
321406,9.9811,D
321406,9.9809,D
321517,9.9808,D
321517,9.9807,D
321628,9.9806,D
321628,9.9806,D
321739,9.9805,D
321739,9.9805,D
321740,9.9805,D
321850,9.9805,D
321850,9.9824,D
321850,10.0153,D
321960,10.0193,D
321960,10.0219,D
322070,10.0234,D
322071,10.0240,D
322071,10.0241,D
322180,10.0238,D
322180,10.0233,D
322291,10.0228,D
322291,10.0224,D
322291,10.0220,D
322402,10.0217,D
322402,10.0214,D
322512,10.0211,D
322512,10.0208,D
322512,10.0206,D
322623,10.0204,D
322623,10.0202,D
322733,10.0201,D
322733,10.0196,D
322733,10.0195,D
322845,10.0196,D
322845,10.0196,D
322845,10.0196,D
322955,10.0197,D
322955,10.0197,D
323066,10.0197,D
323066,10.0198,D
323066,10.0203,D
323177,10.0214,D
323177,10.0231,D
323289,10.0254,D
323289,10.0558,D
323289,10.0605,D
323399,10.0609,D
323399,10.0609,D
323509,10.0608,D
323509,10.0607,D
323509,10.0606,D
323620,10.0604,D
323620,10.0602,D
323730,10.0600,D
323730,10.0598,D
323730,10.0596,D
323841,10.0594,D
323842,10.0592,D
323952,10.0591,D
323952,10.0590,D
323952,10.0590,D
324063,10.0589,D
324063,10.0589,D
324063,10.0589,D
324173,10.0589,D
324173,10.0722,D
324284,10.0892,D
324284,10.0942,D
324395,10.0978,D
324395,10.1002,D
324395,10.1016,D
324506,10.1022,D
324506,10.1023,D
324616,10.1020,D
324616,10.1016,D
324616,10.1012,D
324725,10.1007,D
324725,10.1004,D
324725,10.1001,D
324837,10.0998,D
324837,10.0995,D
324948,10.0993,D
324948,10.0991,D
324949,10.0988,D
325058,10.0986,D
325059,10.0979,D
325169,10.0979,D
325169,10.0979,D
325169,10.0980,D
325279,10.0980,D
325279,10.0980,D
325389,10.0981,D
325389,10.0981,D
325389,10.0982,D
325501,10.0985,D
325501,10.0993,D
325612,10.1007,D
325612,10.1026,D
325612,10.1251,D
325722,10.1383,D
325722,10.1391,D
325833,10.1392,D
325833,10.1392,D
325833,10.1391,D
325945,10.1390,D
325945,10.1388,D
325945,10.1386,D
326055,10.1384,D
326055,10.1382,D
326166,10.1380,D
326166,10.1379,D
326166,10.1377,D
326276,10.1376,D
326276,10.1375,D
326387,10.1375,D
326387,10.1374,D
326387,10.1374,D
326499,10.1374,D
326499,10.1374,D
326611,10.1424,D
326611,10.1640,D
326611,10.1703,D
326722,10.1745,D
326723,10.1776,D
326833,10.1794,D
326833,10.1804,D
326833,10.1808,D
326943,10.1807,D
326943,10.1804,D
327054,10.1800,D
327054,10.1796,D
327055,10.1792,D
327165,10.1789,D
327165,10.1785,D
327275,10.1783,D
327276,10.1780,D
327276,10.1778,D
327386,10.1775,D
327386,10.1773,D
327497,10.1770,D
327497,10.1765,D
327497,10.1765,D
327607,10.1765,D
327607,10.1765,D
327607,10.1766,D
327719,10.1766,D
327720,10.1766,D
327830,10.1766,D
327830,10.1768,D
327830,10.1773,D
327940,10.1784,D
327940,10.1801,D
328050,10.1822,D
328050,10.2166,D
328050,10.2175,D
328162,10.2176,D
328162,10.2176,D
328273,10.2175,D
328273,10.2174,D
328273,10.2173,D
328383,10.2171,D
328383,10.2169,D
328494,10.2167,D
328494,10.2165,D
328494,10.2163,D
328605,10.2161,D
328605,10.2160,D
328714,10.2159,D
328714,10.2158,D
328714,10.2158,D
328826,10.2157,D
328826,10.2157,D
328826,10.2157,D
328936,10.2157,D
328936,10.2363,D
329046,10.2462,D
329047,10.2511,D
329047,10.2547,D
329158,10.2570,D
329158,10.2584,D
329268,10.2589,D
329268,10.2590,D
329268,10.2588,D
329378,10.2585,D
329378,10.2580,D
329489,10.2576,D
329489,10.2573,D
329600,10.2570,D
329600,10.2567,D
329600,10.2564,D
329710,10.2562,D
329710,10.2559,D
329710,10.2557,D
329822,10.2555,D
329823,10.2553,D
329933,10.2549,D
329933,10.2549,D
329933,10.2549,D
330044,10.2549,D
330044,10.2549,D
330154,10.2549,D
330155,10.2549,D
330155,10.2550,D
330265,10.2554,D
330265,10.2562,D
330374,10.2576,D
330375,10.2596,D
330375,10.2781,D
330485,10.2956,D
330485,10.2959,D
330596,10.2958,D
330596,10.2956,D
330596,10.2955,D
330707,10.2953,D
330707,10.2950,D
330707,10.2947,D
330818,10.2945,D
330818,10.2943,D
330929,10.2941,D
330929,10.2940,D
330929,10.2939,D
331039,10.2939,D
331039,10.2939,D
331149,10.2939,D
331149,10.2939,D
331149,10.2939,D
331259,10.2939,D
331259,10.2940,D
331369,10.2940,D
331369,10.2940,D
331369,10.2941,D
331479,10.2945,D
331479,10.2952,D
331590,10.2963,D
331590,10.3087,D
331590,10.3352,D
331701,10.3357,D
331701,10.3357,D
331812,10.3354,D
331812,10.3352,D
331812,10.3350,D
331922,10.3348,D
331922,10.3345,D
332033,10.3343,D
332033,10.3340,D
332033,10.3338,D
332144,10.3336,D
332144,10.3334,D
332254,10.3333,D
332254,10.3332,D
332254,10.3332,D
332366,10.3331,D
332366,10.3331,D
332474,10.3331,D
332475,10.3331,D
332475,10.3330,D
332584,10.3349,D
332584,10.3679,D
332584,10.3718,D
332694,10.3745,D
332694,10.3761,D
332806,10.3767,D
332806,10.3767,D
332806,10.3765,D
332918,10.3760,D
332918,10.3756,D
333029,10.3752,D
333030,10.3748,D
333030,10.3745,D
333140,10.3742,D
333140,10.3739,D
333250,10.3736,D
333250,10.3733,D
333250,10.3731,D
333362,10.3729,D
333362,10.3728,D
333473,10.3727,D
333473,10.3726,D
333473,10.3724,D
333583,10.3723,D
333583,10.3723,D
333693,10.3723,D
333694,10.3723,D
333694,10.3724,D
333804,10.3724,D
333804,10.3727,D
333917,10.3733,D
333917,10.3743,D
333917,10.3757,D
334026,10.4058,D
334026,10.4129,D
334026,10.4136,D
334137,10.4136,D
334137,10.4136,D
334248,10.4135,D
334248,10.4133,D
334249,10.4131,D
334360,10.4129,D
334361,10.4127,D
334471,10.4125,D
334471,10.4123,D
334471,10.4121,D
334580,10.4120,D
334581,10.4119,D
334690,10.4118,D
334691,10.4118,D
334691,10.4117,D
334801,10.4117,D
334801,10.4117,D
334911,10.4117,D
334912,10.4186,D
334912,10.4405,D
335022,10.4462,D
335022,10.4499,D
335133,10.4526,D
335133,10.4541,D
335243,10.4548,D
335243,10.4550,D
335243,10.4548,D
335356,10.4544,D
335356,10.4540,D
335356,10.4536,D
335466,10.4532,D
335467,10.4529,D
335467,10.4526,D
335576,10.4523,D
335576,10.4520,D
335688,10.4518,D
335689,10.4516,D
335689,10.4514,D
335799,10.4513,D
335799,10.4511,D
335910,10.4510,D
335910,10.4509,D
335910,10.4508,D
336020,10.4508,D
336020,10.4508,D
336129,10.4508,D
336129,10.4508,D
336129,10.4509,D
336241,10.4512,D
336242,10.4519,D
336353,10.4529,D
336353,10.4584,D
336353,10.4914,D
336463,10.4921,D
336463,10.4920,D
336572,10.4918,D
336572,10.4917,D
336572,10.4915,D
336683,10.4912,D
336683,10.4909,D
336794,10.4906,D
336795,10.4903,D
336795,10.4902,D
336904,10.4901,D
336904,10.4900,D
337014,10.4900,D
337015,10.4900,D
337015,10.4900,D
337125,10.4900,D
337125,10.4901,D
337125,10.4901,D
337235,10.4901,D
337236,10.4901,D
337346,10.4902,D
337346,10.4902,D
337456,10.4905,D
337456,10.4910,D
337456,10.4920,D
337566,10.4934,D
337566,10.5268,D
337566,10.5318,D
337676,10.5320,D
337676,10.5319,D
337787,10.5317,D
337787,10.5315,D
337787,10.5313,D
337898,10.5311,D
337898,10.5309,D
338010,10.5306,D
338011,10.5304,D
338011,10.5302,D
338120,10.5300,D
338120,10.5299,D
338232,10.5298,D
338232,10.5297,D
338232,10.5297,D
338343,10.5297,D
338343,10.5296,D
338453,10.5296,D
338453,10.5296,D
338453,10.5296,D
338561,10.5480,D
338561,10.5662,D
338673,10.5699,D
338673,10.5721,D
338673,10.5731,D
338783,10.5734,D
338783,10.5733,D
338893,10.5730,D
338893,10.5725,D
338893,10.5721,D
339003,10.5717,D
339004,10.5713,D
339004,10.5710,D
339114,10.5707,D
339114,10.5704,D
339225,10.5702,D
339226,10.5699,D
339226,10.5697,D
339336,10.5696,D
339337,10.5694,D
339448,10.5693,D
339448,10.5692,D
339558,10.5690,D
339558,10.5690,D
339558,10.5690,D
339668,10.5690,D
339669,10.5691,D
339669,10.5691,D
339780,10.5692,D
339780,10.5695,D
339891,10.5702,D
339891,10.5712,D
339892,10.5748,D
340004,10.6094,D
340004,10.6103,D
340115,10.6105,D
340115,10.6104,D
340115,10.6103,D
340224,10.6102,D
340224,10.6100,D
340335,10.6098,D
340335,10.6096,D
340335,10.6094,D
340446,10.6091,D
340447,10.6090,D
340447,10.6088,D
340556,10.6087,D
340556,10.6086,D
340666,10.6085,D
340666,10.6085,D
340666,10.6084,D
340777,10.6084,D
340777,10.6084,D
340887,10.6084,D
340887,10.6216,D
340887,10.6386,D
340998,10.6438,D
340998,10.6474,D
341107,10.6498,D
341107,10.6511,D
341107,10.6517,D
341217,10.6518,D
341217,10.6516,D
341329,10.6512,D
341329,10.6508,D
341329,10.6504,D
341438,10.6501,D
341438,10.6497,D
341549,10.6494,D
341549,10.6491,D
341549,10.6488,D
341661,10.6486,D
341661,10.6484,D
341770,10.6482,D
341770,10.6480,D
341770,10.6479,D
341881,10.6478,D
341881,10.6477,D
341991,10.6475,D
341992,10.6475,D
341992,10.6475,D
342102,10.6476,D
342102,10.6476,D
342212,10.6477,D
342212,10.6482,D
342212,10.6489,D
342321,10.6500,D
342321,10.6643,D
342431,10.6877,D
342431,10.6886,D
342431,10.6887,D
342541,10.6887,D
342541,10.6886,D
342652,10.6885,D
342652,10.6883,D
342652,10.6881,D
342762,10.6879,D
342762,10.6877,D
342762,10.6874,D
342873,10.6873,D
342873,10.6871,D
342984,10.6870,D
342985,10.6869,D
343095,10.6869,D
343095,10.6868,D
343095,10.6868,D
343206,10.6868,D
343206,10.6868,D
343206,10.6868,D
343319,10.7109,D
343319,10.7181,D
343428,10.7228,D
343429,10.7262,D
343429,10.7283,D
343538,10.7295,D
343538,10.7300,D
343650,10.7300,D
343650,10.7298,D
343650,10.7294,D
343761,10.7291,D
343761,10.7287,D
343872,10.7284,D
343872,10.7280,D
343872,10.7277,D
343984,10.7274,D
343984,10.7272,D
343984,10.7269,D
344094,10.7267,D
344094,10.7266,D
344206,10.7264,D
344206,10.7263,D
344318,10.7262,D
344318,10.7260,D
344318,10.7259,D
344428,10.7259,D
344428,10.7259,D
344540,10.7259,D
344540,10.7260,D
344540,10.7262,D
344651,10.7266,D
344651,10.7274,D
344651,10.7285,D
344761,10.7553,D
344761,10.7669,D
344872,10.7673,D
344872,10.7672,D
344872,10.7670,D
344983,10.7668,D
344984,10.7666,D
345094,10.7663,D
345094,10.7660,D
345094,10.7657,D
345203,10.7655,D
345204,10.7653,D
345313,10.7652,D
345313,10.7652,D
345313,10.7651,D
345425,10.7651,D
345425,10.7652,D
345425,10.7652,D
345534,10.7652,D
345534,10.7652,D
345646,10.7652,D
345646,10.7652,D
345646,10.7652,D
345757,10.7653,D
345757,10.7656,D
345868,10.7663,D
345868,10.7673,D
345868,10.7774,D
345980,10.8066,D
345980,10.8072,D
346091,10.8072,D
346091,10.8070,D
346091,10.8068,D
346202,10.8066,D
346202,10.8063,D
346312,10.8061,D
346313,10.8058,D
346313,10.8056,D
346423,10.8054,D
346423,10.8052,D
346533,10.8050,D
346533,10.8049,D
346533,10.8048,D
346644,10.8048,D
346644,10.8047,D
346754,10.8047,D
346754,10.8047,D
346754,10.8047,D
346865,10.8047,D
346865,10.8047,D
346977,10.8364,D
346977,10.8424,D
346977,10.8455,D
347088,10.8473,D
347088,10.8481,D
347088,10.8483,D
347198,10.8481,D
347199,10.8477,D
347310,10.8473,D
347310,10.8469,D
347420,10.8465,D
347421,10.8462,D
347421,10.8459,D
347532,10.8456,D
347532,10.8453,D
347532,10.8450,D
347643,10.8448,D
347643,10.8446,D
347753,10.8445,D
347754,10.8444,D
347754,10.8443,D
347863,10.8442,D
347863,10.8440,D
347972,10.8440,D
347972,10.8441,D
347972,10.8441,D
348083,10.8441,D
348083,10.8441,D
348195,10.8443,D
348195,10.8447,D
348195,10.8455,D
348305,10.8466,D
348305,10.8610,D
348415,10.8844,D
348415,10.8853,D
348415,10.8853,D
348526,10.8853,D
348526,10.8852,D
348526,10.8850,D
348635,10.8848,D
348747,10.8846,D
348747,10.8843,D
348747,10.8841,D
348747,10.8838,D
348858,10.8836,D
348858,10.8835,D
348970,10.8834,D
348970,10.8833,D
348970,10.8832,D
349081,10.8832,D
349081,10.8831,D
349192,10.8831,D
349192,10.8831,D
349192,10.8831,D
349301,10.9039,D
349301,10.9151,D
349412,10.9196,D
349412,10.9229,D
349412,10.9249,D
349522,10.9259,D
349522,10.9263,D
349631,10.9263,D
349632,10.9260,D
349632,10.9256,D
349743,10.9253,D
349743,10.9249,D
349854,10.9246,D
349854,10.9242,D
349854,10.9239,D
349965,10.9236,D
349965,10.9233,D
350074,10.9231,D
350074,10.9229,D
350074,10.9227,D
350184,10.9226,D
350185,10.9225,D
350294,10.9224,D
350294,10.9222,D
350294,10.9222,D
350403,10.9222,D
350403,10.9222,D
350513,10.9222,D
350514,10.9222,D
350514,10.9224,D
350624,10.9229,D
350624,10.9237,D
350624,10.9248,D
350735,10.9466,D
350735,10.9633,D
350845,10.9636,D
350845,10.9635,D
350845,10.9633,D
350955,10.9632,D
350955,10.9629,D
351066,10.9626,D
351067,10.9623,D
351067,10.9620,D
351178,10.9618,D
351178,10.9617,D
351289,10.9616,D
351289,10.9616,D
351289,10.9616,D
351399,10.9616,D
351399,10.9616,D
351509,10.9616,D
351509,10.9616,D
351619,10.9617,D
351619,10.9617,D
351619,10.9617,D
351729,10.9617,D
351729,10.9618,D
351729,10.9621,D
351839,10.9627,D
351840,10.9637,D
351950,10.9694,D
351950,11.0031,D
351950,11.0038,D
352062,11.0038,D
352062,11.0036,D
352173,11.0034,D
352173,11.0032,D
352173,11.0029,D
352283,11.0026,D
352284,11.0024,D
352394,11.0021,D
352394,11.0019,D
352394,11.0017,D
352504,11.0015,D
352505,11.0014,D
352505,11.0014,D
352614,11.0013,D
352614,11.0013,D
352726,11.0012,D
352726,11.0012,D
352726,11.0012,D
352837,11.0012,D
352838,11.0012,D
352947,11.0240,D
352947,11.0380,D
352947,11.0416,D
353057,11.0435,D
353058,11.0445,D
353168,11.0447,D
353168,11.0446,D
353168,11.0442,D
353279,11.0438,D
353279,11.0434,D
353390,11.0430,D
353390,11.0426,D
353390,11.0423,D
353501,11.0420,D
353501,11.0416,D
353611,11.0413,D
353611,11.0411,D
353611,11.0409,D
353723,11.0407,D
353723,11.0406,D
353833,11.0405,D
353834,11.0404,D
353834,11.0401,D
353944,11.0401,D
353944,11.0401,D
353944,11.0400,D
354055,11.0400,D
354055,11.0402,D
354165,11.0410,D
354165,11.0425,D
354165,11.0447,D
354275,11.0475,D
354276,11.0538,D
354386,11.0804,D
354387,11.0813,D
354498,11.0815,D
354498,11.0814,D
354499,11.0813,D
354609,11.0812,D
354610,11.0810,D
354610,11.0808,D
354721,11.0806,D
354721,11.0804,D
354832,11.0802,D
354832,11.0800,D
354832,11.0799,D
354943,11.0798,D
354943,11.0797,D
355054,11.0797,D
355055,11.0796,D
355055,11.0796,D
355163,11.0796,D
355163,11.0796,D
355273,11.0796,D
355273,11.0974,D
355273,11.1102,D
355384,11.1152,D
355384,11.1188,D
355493,11.1210,D
355493,11.1223,D
355493,11.1229,D
355604,11.1229,D
355604,11.1227,D
355604,11.1224,D
355715,11.1220,D
355715,11.1216,D
355825,11.1213,D
355825,11.1209,D
355825,11.1206,D
355937,11.1203,D
355937,11.1200,D
356046,11.1198,D
356046,11.1196,D
356046,11.1194,D
356157,11.1192,D
356157,11.1191,D
356267,11.1190,D
356267,11.1189,D
356267,11.1188,D
356378,11.1188,D
356378,11.1188,D
356487,11.1188,D
356487,11.1188,D
356596,11.1189,D
356596,11.1192,D
356596,11.1198,D
356705,11.1208,D
356705,11.1408,D
356705,11.1600,D
356816,11.1604,D
356816,11.1602,D
356927,11.1598,D
356927,11.1596,D
356927,11.1594,D
357037,11.1591,D
357037,11.1588,D
357149,11.1585,D
357149,11.1583,D
357149,11.1581,D
357259,11.1580,D
357259,11.1580,D
357369,11.1580,D
357370,11.1580,D
357370,11.1580,D
357479,11.1580,D
357479,11.1580,D
357591,11.1581,D
357591,11.1581,D
357591,11.1581,D
357703,11.1581,D
357703,11.1582,D
357703,11.1583,D
357814,11.1588,D
357814,11.1596,D
357924,11.1608,D
357924,11.1897,D
358036,11.1993,D
358036,11.1999,D
358036,11.1999,D
358145,11.1997,D
358145,11.1995,D
358145,11.1993,D
358254,11.1990,D
358254,11.1988,D
358366,11.1985,D
358366,11.1983,D
358366,11.1981,D
358476,11.1979,D
358476,11.1978,D
358586,11.1978,D
358586,11.1977,D
358586,11.1977,D
358698,11.1977,D
358698,11.1977,D
358808,11.1977,D
358808,11.1977,D
358808,11.1977,D
358919,11.2114,D
358919,11.2336,D
359029,11.2373,D
359029,11.2397,D
359029,11.2410,D
359140,11.2414,D
359140,11.2414,D
359249,11.2411,D
359249,11.2407,D
359249,11.2403,D
359360,11.2399,D
359361,11.2395,D
359471,11.2391,D
359471,11.2387,D
359471,11.2384,D
359583,11.2380,D
359583,11.2378,D
359583,11.2375,D
359694,11.2373,D
359695,11.2368,D
359805,11.2364,D
359805,11.2364,D
359805,11.2364,D
359915,11.2364,D
359915,11.2363,D
360025,11.2363,D
360025,11.2363,D
360025,11.2362,D
360136,11.2363,D
360136,11.2367,D
360247,11.2376,D
360247,11.2391,D
360247,11.2411,D
360356,11.2676,D
360356,11.2764,D
360466,11.2773,D
360466,11.2774,D
360466,11.2774,D
360577,11.2773,D
360577,11.2771,D
360687,11.2769,D
360687,11.2767,D
360687,11.2765,D
360796,11.2763,D
360797,11.2761,D
360908,11.2760,D
360908,11.2759,D
360908,11.2758,D
361020,11.2758,D
361020,11.2758,D
361020,11.2758,D
361131,11.2758,D
361131,11.2758,D
361240,11.2758,D
361240,11.2795,D
361240,11.3019,D
361351,11.3087,D
361351,11.3130,D
361463,11.3162,D
361463,11.3180,D
361573,11.3190,D
361573,11.3194,D
361573,11.3194,D
361683,11.3191,D
361683,11.3188,D
361683,11.3184,D
361795,11.3180,D
361795,11.3177,D
361905,11.3174,D
361905,11.3170,D
361905,11.3167,D
362015,11.3165,D
362016,11.3162,D
362127,11.3160,D
362127,11.3158,D
362127,11.3152,D
362239,11.3151,D
362239,11.3151,D
362347,11.3151,D
362348,11.3152,D
362348,11.3152,D
362457,11.3152,D
362457,11.3152,D
362568,11.3152,D
362568,11.3155,D
362568,11.3162,D
362679,11.3175,D
362679,11.3193,D
362788,11.3570,D
362788,11.3572,D
362788,11.3571,D
362900,11.3566,D
362900,11.3563,D
362900,11.3561,D
363008,11.3558,D
363008,11.3555,D
363119,11.3552,D
363119,11.3549,D
363119,11.3547,D
363229,11.3545,D
363229,11.3545,D
363340,11.3545,D
363340,11.3545,D
363340,11.3544,D
363449,11.3545,D
363449,11.3545,D
363561,11.3545,D
363561,11.3545,D
363672,11.3545,D
363672,11.3545,D
363672,11.3545,D
363783,11.3546,D
363783,11.3548,D
363783,11.3554,D
363893,11.3562,D
363894,11.3597,D
364004,11.3959,D
364004,11.3967,D
364004,11.3967,D
364114,11.3965,D
364115,11.3963,D
364226,11.3961,D
364226,11.3958,D
364226,11.3956,D
364337,11.3953,D
364337,11.3950,D
364448,11.3948,D
364448,11.3946,D
364448,11.3945,D
364564,11.3944,D
364564,11.3943,D
364564,11.3943,D
364677,11.3942,D
364677,11.3942,D
364791,11.3942,D
364792,11.3942,D
364792,11.3942,D
364903,11.3942,D
364903,11.4142,D
365016,11.4304,D
365016,11.4340,D
365016,11.4363,D
365129,11.4374,D
365129,11.4379,D
365243,11.4378,D
365243,11.4375,D
365243,11.4371,D
365356,11.4367,D
365356,11.4364,D
365356,11.4360,D
365469,11.4357,D
365469,11.4353,D
365582,11.4350,D
365582,11.4347,D
365582,11.4345,D
365695,11.4343,D
365696,11.4341,D
365696,11.4340,D
365808,11.4339,D
365809,11.4338,D
365922,11.4337,D
365922,11.4336,D
366035,11.4336,D
366035,11.4336,D
366035,11.4336,D
366148,11.4336,D
366148,11.4337,D
366148,11.4339,D
366261,11.4344,D
366261,11.4353,D
366374,11.4365,D
366374,11.4646,D
366374,11.4741,D
366486,11.4750,D
366487,11.4751,D
366487,11.4750,D
366598,11.4749,D
366598,11.4747,D
366709,11.4745,D
366709,11.4742,D
366819,11.4740,D
366819,11.4738,D
366819,11.4736,D
366929,11.4735,D
366929,11.4734,D
366929,11.4733,D
367040,11.4732,D
367040,11.4732,D
367150,11.4732,D
367150,11.4732,D
367150,11.4731,D
367263,11.4731,D
367263,11.4769,D
367372,11.4996,D
367372,11.5062,D
367372,11.5104,D
367483,11.5134,D
367483,11.5151,D
367593,11.5161,D
367593,11.5164,D
367593,11.5163,D
367704,11.5161,D
367704,11.5157,D
367704,11.5154,D
367815,11.5150,D
367815,11.5147,D
367925,11.5143,D
367925,11.5140,D
367925,11.5137,D
368034,11.5134,D
368035,11.5132,D
368146,11.5130,D
368147,11.5129,D
368147,11.5127,D
368258,11.5126,D
368258,11.5126,D
368369,11.5123,D
368369,11.5123,D
368369,11.5122,D
368480,11.5122,D
368480,11.5122,D
368581,11.5126,D
368581,11.5137,D
368581,11.5154,D
368694,11.5178,D
368695,11.5206,D
368808,11.5518,D
368808,11.5540,D
368808,11.5540,D
368922,11.5536,D
368922,11.5533,D
369036,11.5531,D
369036,11.5528,D
369036,11.5524,D
369149,11.5521,D
369149,11.5518,D
369149,11.5517,D
369263,11.5516,D
369263,11.5515,D
369376,11.5515,D
369377,11.5515,D
369377,11.5515,D
369490,11.5515,D
369490,11.5515,D
369604,11.5515,D
369604,11.5516,D
369604,11.5516,D
369717,11.5516,D
369717,11.5516,D
369717,11.5517,D
369831,11.5519,D
369831,11.5525,D
369943,11.5534,D
369943,11.5569,D
369943,11.5931,D
370056,11.5939,D
370057,11.5939,D
370170,11.5937,D
370170,11.5935,D
370170,11.5932,D
370284,11.5930,D
370284,11.5927,D
370284,11.5924,D
370398,11.5922,D
370398,11.5919,D
370511,11.5918,D
370511,11.5916,D
370511,11.5915,D
370624,11.5915,D
370624,11.5914,D
370734,11.5914,D
370734,11.5913,D
370734,11.5913,D
370846,11.5913,D
370846,11.5913,D
370955,11.5913,D
370955,11.6113,D
370955,11.6275,D
371066,11.6311,D
371066,11.6333,D
371177,11.6344,D
371178,11.6348,D
371178,11.6348,D
371287,11.6345,D
371287,11.6341,D
371287,11.6337,D
371397,11.6334,D
371397,11.6330,D
371507,11.6326,D
371507,11.6323,D
371507,11.6319,D
371616,11.6316,D
371616,11.6314,D
371728,11.6312,D
371728,11.6310,D
371728,11.6309,D
371837,11.6308,D
371837,11.6307,D
371946,11.6305,D
371946,11.6304,D
372057,11.6304,D
372057,11.6304,D
372057,11.6304,D
372168,11.6304,D
372168,11.6305,D
372168,11.6307,D
372279,11.6313,D
372279,11.6322,D
372390,11.6335,D
372390,11.6637,D
372390,11.6710,D
372501,11.6717,D
372502,11.6718,D
372612,11.6718,D
372612,11.6717,D
372612,11.6715,D
372724,11.6713,D
372724,11.6710,D
372835,11.6708,D
372835,11.6706,D
372835,11.6704,D
372946,11.6703,D
372946,11.6702,D
372946,11.6702,D
373057,11.6701,D
373057,11.6701,D
373166,11.6700,D
373166,11.6700,D
373166,11.6700,D
373276,11.6700,D
373277,11.6751,D
373386,11.6968,D
373387,11.7033,D
373387,11.7074,D
373498,11.7102,D
373499,11.7119,D
373607,11.7129,D
373608,11.7132,D
373608,11.7132,D
373718,11.7129,D
373718,11.7126,D
373828,11.7123,D
373828,11.7119,D
373828,11.7115,D
373937,11.7112,D
373938,11.7108,D
374047,11.7105,D
374047,11.7103,D
374158,11.7100,D
374158,11.7098,D
374158,11.7097,D
374270,11.7096,D
374270,11.7095,D
374270,11.7094,D
374380,11.7092,D
374380,11.7091,D
374491,11.7091,D
374491,11.7091,D
374491,11.7091,D
374601,11.7091,D
374601,11.7092,D
374712,11.7096,D
374712,11.7103,D
374712,11.7136,D
374823,11.7509,D
374823,11.7512,D
374932,11.7511,D
374933,11.7506,D
374933,11.7503,D
375044,11.7501,D
375044,11.7498,D
375044,11.7494,D
375156,11.7491,D
375156,11.7488,D
375265,11.7487,D
375265,11.7485,D
375376,11.7485,D
375376,11.7485,D
375376,11.7485,D
375485,11.7485,D
375485,11.7485,D
375485,11.7485,D
375595,11.7485,D
375595,11.7485,D
375705,11.7485,D
375706,11.7485,D
375706,11.7485,D
375816,11.7485,D
375816,11.7487,D
375926,11.7491,D
375926,11.7498,D
375926,11.7510,D
376037,11.7826,D
376037,11.7900,D
376146,11.7906,D
376147,11.7906,D
376147,11.7904,D
376257,11.7902,D
376257,11.7899,D
376366,11.7896,D
376366,11.7893,D
376366,11.7891,D
376476,11.7889,D
376476,11.7887,D
376580,11.7886,D
376580,11.7885,D
376580,11.7884,D
376691,11.7884,D
376691,11.7883,D
376802,11.7883,D
376803,11.7883,D
376803,11.7883,D
376912,11.7883,D
376913,11.7883,D
377024,11.7995,D
377024,11.8235,D
377024,11.8272,D
377135,11.8297,D
377135,11.8312,D
377246,11.8318,D
377246,11.8319,D
377246,11.8316,D
377357,11.8313,D
377357,11.8309,D
377358,11.8305,D
377467,11.8301,D
377468,11.8297,D
377578,11.8293,D
377578,11.8290,D
377691,11.8287,D
377691,11.8284,D
377691,11.8282,D
377802,11.8281,D
377802,11.8279,D
377802,11.8278,D
377912,11.8278,D
377912,11.8276,D
378022,11.8275,D
378023,11.8275,D
378023,11.8275,D
378133,11.8275,D
378133,11.8275,D
378243,11.8275,D
378244,11.8277,D
378244,11.8280,D
378356,11.8287,D
378356,11.8298,D
378466,11.8443,D
378467,11.8688,D
378467,11.8692,D
378575,11.8690,D
378575,11.8687,D
378687,11.8685,D
378687,11.8682,D
378687,11.8678,D
378798,11.8675,D
378798,11.8673,D
378910,11.8672,D
378910,11.8672,D
378910,11.8672,D
379020,11.8672,D
379021,11.8672,D
379021,11.8672,D
379131,11.8672,D
379132,11.8673,D
379244,11.8673,D
379244,11.8673,D
379244,11.8673,D
379354,11.8673,D
379354,11.8674,D
379464,11.8674,D
379464,11.8676,D
379464,11.8680,D
379575,11.8689,D
379575,11.8702,D
379575,11.8991,D
379686,11.9087,D
379686,11.9093,D
379795,11.9093,D
379795,11.9090,D
379906,11.9088,D
379906,11.9085,D
379906,11.9082,D
380016,11.9079,D
380017,11.9076,D
380128,11.9074,D
380128,11.9072,D
380128,11.9070,D
380238,11.9069,D
380238,11.9068,D
380350,11.9067,D
380350,11.9067,D
380350,11.9066,D
380461,11.9066,D
380461,11.9065,D
380461,11.9065,D
380565,11.9064,D
380565,11.9064,D
380675,11.9413,D
380675,11.9451,D
380786,11.9477,D
380786,11.9491,D
380786,11.9497,D
380897,11.9498,D
380897,11.9496,D
381008,11.9493,D
381008,11.9489,D
381008,11.9485,D
381120,11.9481,D
381120,11.9478,D
381230,11.9474,D
381230,11.9470,D
381230,11.9467,D
381340,11.9464,D
381340,11.9462,D
381340,11.9461,D
381450,11.9459,D
381450,11.9458,D
381562,11.9458,D
381562,11.9456,D
381562,11.9455,D
381673,11.9455,D
381673,11.9455,D
381784,11.9455,D
381784,11.9455,D
381784,11.9455,D
381895,11.9456,D
381895,11.9459,D
382006,11.9467,D
382006,11.9478,D
382006,11.9598,D
382117,11.9857,D
382117,11.9867,D
382229,11.9868,D
382229,11.9867,D
382229,11.9866,D
382339,11.9864,D
382339,11.9861,D
382449,11.9858,D
382449,11.9856,D
382449,11.9853,D
382560,11.9851,D
382561,11.9850,D
382561,11.9849,D
382671,11.9848,D
382672,11.9847,D
382782,11.9846,D
382782,11.9846,D
382782,11.9845,D
382892,11.9845,D
382892,11.9844,D
383001,11.9844,D
383001,11.9927,D
383001,12.0135,D
383110,12.0193,D
383110,12.0229,D
383221,12.0253,D
383222,12.0268,D
383335,12.0275,D
383335,12.0277,D
383335,12.0275,D
383444,12.0273,D
383445,12.0269,D
383445,12.0266,D
383552,12.0262,D
383552,12.0258,D
383662,12.0255,D
383662,12.0252,D
383662,12.0249,D
383773,12.0247,D
383773,12.0245,D
383884,12.0243,D
383884,12.0242,D
383884,12.0241,D
383994,12.0240,D
383994,12.0239,D
384103,12.0238,D
384103,12.0238,D
384103,12.0239,D
384213,12.0239,D
384213,12.0238,D
384324,12.0239,D
384324,12.0241,D
384324,12.0246,D
384434,12.0254,D
384435,12.0356,D
384435,12.0659,D
384543,12.0663,D
384655,12.0660,D
384655,12.0655,D
384655,12.0652,D
384655,12.0650,D
384766,12.0646,D
384767,12.0643,D
384877,12.0640,D
384877,12.0637,D
384877,12.0636,D
384988,12.0635,D
384988,12.0635,D
385098,12.0635,D
385098,12.0634,D
385098,12.0634,D
385209,12.0634,D
385209,12.0634,D
385321,12.0635,D
385321,12.0635,D
385321,12.0635,D
385431,12.0635,D
385431,12.0635,D
385540,12.0635,D
385540,12.0637,D
385540,12.0642,D
385650,12.0650,D
385650,12.0662,D
385760,12.1024,D
385760,12.1054,D
385760,12.1056,D
385871,12.1055,D
385871,12.1053,D
385981,12.1050,D
385981,12.1048,D
385981,12.1045,D
386092,12.1042,D
386092,12.1039,D
386203,12.1037,D
386203,12.1035,D
386203,12.1034,D
386314,12.1033,D
386314,12.1032,D
386314,12.1032,D
386423,12.1031,D
386423,12.1031,D
386533,12.1031,D
386533,12.1031,D
386533,12.1031,D
386643,12.1030,D
386643,12.1164,D
386752,12.1385,D
386752,12.1421,D
386863,12.1445,D
386863,12.1459,D
386863,12.1465,D
386974,12.1466,D
386974,12.1464,D
386974,12.1461,D
387085,12.1457,D
387085,12.1453,D
387195,12.1449,D
387195,12.1445,D
387195,12.1442,D
387306,12.1438,D
387307,12.1435,D
387417,12.1433,D
387417,12.1431,D
387417,12.1429,D
387527,12.1428,D
387527,12.1427,D
387638,12.1426,D
387638,12.1425,D
387638,12.1424,D
387748,12.1424,D
387748,12.1424,D
387860,12.1424,D
387860,12.1424,D
387860,12.1424,D
387971,12.1425,D
387971,12.1428,D
388080,12.1435,D
388081,12.1445,D
388081,12.1566,D
388190,12.1837,D
388190,12.1839,D
388301,12.1837,D
388301,12.1833,D
388301,12.1831,D
388413,12.1828,D
388413,12.1824,D
388413,12.1821,D
388524,12.1819,D
388524,12.1817,D
388629,12.1817,D
388629,12.1817,D
388629,12.1817,D
388743,12.1817,D
388743,12.1817,D
388856,12.1817,D
388856,12.1817,D
388856,12.1817,D
388970,12.1817,D
388970,12.1817,D
389083,12.1817,D
389083,12.1817,D
389083,12.1817,D
389197,12.1818,D
389197,12.1822,D
389197,12.1829,D
389310,12.1841,D
389310,12.2038,D
389423,12.2232,D
389423,12.2240,D
389423,12.2239,D
389537,12.2237,D
389537,12.2234,D
389650,12.2232,D
389650,12.2229,D
389650,12.2226,D
389763,12.2223,D
389763,12.2221,D
389875,12.2219,D
389875,12.2218,D
389875,12.2217,D
389988,12.2216,D
389988,12.2216,D
390101,12.2215,D
390101,12.2215,D
390101,12.2215,D
390215,12.2215,D
390216,12.2215,D
390216,12.2215,D
390328,12.2215,D
390328,12.2491,D
390442,12.2589,D
390442,12.2622,D
390442,12.2641,D
390556,12.2651,D
390556,12.2654,D
390669,12.2652,D
390669,12.2649,D
390669,12.2646,D
390778,12.2642,D
390778,12.2638,D
390890,12.2634,D
390890,12.2630,D
390890,12.2626,D
391000,12.2623,D
391000,12.2620,D
391000,12.2617,D
391112,12.2616,D
391112,12.2614,D
391223,12.2613,D
391223,12.2612,D
391223,12.2608,D
391333,12.2608,D
391333,12.2607,D
391444,12.2607,D
391444,12.2607,D
391444,12.2606,D
391553,12.2606,D
391554,12.2607,D
391663,12.2612,D
391663,12.2622,D
391663,12.2639,D
391774,12.2661,D
391774,12.2943,D
391883,12.3014,D
391883,12.3016,D
391883,12.3015,D
391994,12.3013,D
391995,12.3010,D
392106,12.3006,D
392106,12.3002,D
392106,12.2999,D
392217,12.2998,D
392217,12.2997,D
392217,12.2997,D
392328,12.2997,D
392329,12.2997,D
392440,12.2997,D
392440,12.2997,D
392440,12.2997,D
392564,12.2997,D
392564,12.2997,D
392564,12.2998,D
392676,12.2998,D
392677,12.2998,D
392790,12.2998,D
392790,12.2998,D
392790,12.3000,D
392904,12.3005,D
392904,12.3015,D
393017,12.3029,D
393018,12.3390,D
393018,12.3420,D
393129,12.3421,D
393129,12.3420,D
393129,12.3417,D
393243,12.3414,D
393243,12.3411,D
393356,12.3408,D
393356,12.3405,D
393356,12.3403,D
393469,12.3401,D
393469,12.3399,D
393582,12.3398,D
393582,12.3397,D
393582,12.3396,D
393695,12.3396,D
393696,12.3395,D
393809,12.3395,D
393809,12.3395,D
393809,12.3395,D
393923,12.3395,D
393923,12.3394,D
393923,12.3413,D
394036,12.3745,D
394036,12.3782,D
394149,12.3808,D
394149,12.3823,D
394149,12.3830,D
394262,12.3832,D
394263,12.3830,D
394376,12.3827,D
394377,12.3823,D
394377,12.3819,D
394490,12.3815,D
394490,12.3811,D
394603,12.3807,D
394604,12.3804,D
394604,12.3801,D
394714,12.3798,D
394714,12.3796,D
394714,12.3795,D
394822,12.3794,D
394823,12.3793,D
394934,12.3792,D
394934,12.3791,D
394934,12.3790,D
395046,12.3789,D
395046,12.3789,D
395156,12.3789,D
395157,12.3789,D
395157,12.3789,D
395268,12.3790,D
395268,12.3794,D
395379,12.3800,D
395380,12.3810,D
395380,12.3887,D
395490,12.4193,D
395491,12.4203,D
395491,12.4205,D
395603,12.4204,D
395603,12.4203,D
395712,12.4201,D
395712,12.4199,D
395712,12.4196,D
395822,12.4194,D
395822,12.4192,D
395933,12.4190,D
395933,12.4189,D
395933,12.4188,D
396043,12.4187,D
396043,12.4186,D
396153,12.4186,D
396154,12.4185,D
396154,12.4185,D
396265,12.4185,D
396265,12.4185,D
396265,12.4185,D
396374,12.4249,D
396374,12.4459,D
396484,12.4524,D
396484,12.4562,D
396596,12.4588,D
396597,12.4605,D
396597,12.4614,D
396711,12.4617,D
396711,12.4617,D
396711,12.4615,D
396824,12.4612,D
396824,12.4608,D
396938,12.4604,D
396938,12.4600,D
396938,12.4597,D
397051,12.4593,D
397051,12.4590,D
397164,12.4588,D
397164,12.4586,D
397164,12.4584,D
397277,12.4583,D
397277,12.4582,D
397277,12.4581,D
397389,12.4580,D
397389,12.4578,D
397502,12.4577,D
397502,12.4577,D
397502,12.4577,D
397612,12.4577,D
397612,12.4577,D
397723,12.4578,D
397723,12.4582,D
397723,12.4588,D
397834,12.4666,D
397834,12.4999,D
397834,12.5003,D
397945,12.5001,D
397946,12.4994,D
398056,12.4990,D
398056,12.4987,D
398167,12.4984,D
398167,12.4981,D
398167,12.4978,D
398280,12.4975,D
398280,12.4974,D
398393,12.4973,D
398393,12.4972,D
398393,12.4972,D
398507,12.4972,D
398507,12.4971,D
398507,12.4971,D
398618,12.4971,D
398618,12.4971,D
398728,12.4971,D
398728,12.4971,D
398728,12.4971,D
398838,12.4971,D
398838,12.4971,D
398949,12.4972,D
398950,12.4975,D
398950,12.4980,D
399059,12.4990,D
399060,12.5139,D
399172,12.5386,D
399172,12.5394,D
399172,12.5394,D
399283,12.5392,D
399283,12.5389,D
399396,12.5387,D
399396,12.5384,D
399396,12.5381,D
399505,12.5378,D
399505,12.5376,D
399505,12.5374,D
399616,12.5373,D
399616,12.5372,D
399728,12.5371,D
399728,12.5370,D
399837,12.5370,D
399837,12.5369,D
399837,12.5369,D
399947,12.5369,D
399947,12.5369,D
399947,12.5368,D
400058,12.5368,D
400058,12.5633,D
400168,12.5732,D
400168,12.5765,D
400168,12.5788,D
400280,12.5799,D
400280,12.5804,D
400393,12.5803,D
400394,12.5801,D
400394,12.5798,D
400504,12.5795,D
400504,12.5791,D
400612,12.5787,D
400612,12.5783,D
400612,12.5780,D
400726,12.5776,D
400726,12.5774,D
400838,12.5772,D
400838,12.5770,D
400838,12.5769,D
400951,12.5768,D
400951,12.5767,D
400951,12.5766,D
401064,12.5765,D
401065,12.5764,D
401178,12.5764,D
401178,12.5764,D
401178,12.5764,D
401292,12.5764,D
401292,12.5764,D
401405,12.5765,D
401405,12.5769,D
401405,12.5777,D
401517,12.5788,D
401517,12.6010,D
401517,12.6180,D
401628,12.6181,D
401628,12.6179,D
401739,12.6176,D
401739,12.6173,D
401739,12.6170,D
401853,12.6166,D
401853,12.6163,D
401967,12.6161,D
401968,12.6160,D
401968,12.6160,D
402080,12.6160,D
402081,12.6159,D
402195,12.6159,D
402195,12.6159,D
402195,12.6159,D
402307,12.6159,D
402307,12.6159,D
402307,12.6159,D
402421,12.6159,D
402421,12.6159,D
402534,12.6159,D
402534,12.6159,D
402534,12.6160,D
402649,12.6164,D
402649,12.6172,D
402757,12.6184,D
402757,12.6451,D
402757,12.6573,D
402867,12.6580,D
402867,12.6580,D
402977,12.6577,D
402977,12.6575,D
402977,12.6572,D
403090,12.6569,D
403090,12.6566,D
403201,12.6564,D
403201,12.6562,D
403201,12.6560,D
403312,12.6559,D
403312,12.6558,D
403312,12.6557,D
403422,12.6557,D
403422,12.6556,D
403532,12.6556,D
403532,12.6556,D
403532,12.6555,D
403644,12.6555,D
403644,12.6555,D
403757,12.6554,D
403757,12.6872,D
403757,12.6930,D
403869,12.6959,D
403869,12.6977,D
403979,12.6986,D
403980,12.6989,D
403980,12.6988,D
404091,12.6985,D
404091,12.6981,D
404202,12.6977,D
404202,12.6973,D
404202,12.6969,D
404311,12.6965,D
404311,12.6961,D
404422,12.6958,D
404422,12.6955,D
404422,12.6953,D
404532,12.6951,D
404533,12.6950,D
404533,12.6949,D
404643,12.6948,D
404643,12.6947,D
404755,12.6945,D
404755,12.6945,D
404755,12.6945,D
404866,12.6945,D
404866,12.6945,D
404975,12.6945,D
404976,12.6953,D
405086,12.6968,D
405086,12.6991,D
405086,12.7017,D
405197,12.7047,D
405197,12.7313,D
405197,12.7359,D
405309,12.7359,D
405309,12.7355,D
405420,12.7353,D
405420,12.7350,D
405420,12.7346,D
405531,12.7342,D
405532,12.7340,D
405643,12.7339,D
405643,12.7339,D
405643,12.7339,D
405753,12.7339,D
405753,12.7339,D
405865,12.7339,D
405865,12.7339,D
405865,12.7339,D
405976,12.7340,D
405976,12.7340,D
405976,12.7340,D
406088,12.7340,D
406088,12.7340,D
406198,12.7339,D
406198,12.7340,D
406198,12.7342,D
406306,12.7347,D
406307,12.7356,D
406418,12.7369,D
406418,12.7729,D
406419,12.7759,D
406529,12.7761,D
406530,12.7759,D
406641,12.7756,D
406641,12.7753,D
406641,12.7750,D
406751,12.7747,D
406752,12.7744,D
406862,12.7742,D
406862,12.7740,D
406862,12.7738,D
406973,12.7737,D
406973,12.7736,D
407084,12.7735,D
407084,12.7735,D
407084,12.7734,D
407195,12.7734,D
407196,12.7734,D
407196,12.7733,D
407305,12.7733,D
407305,12.7732,D
407416,12.7732,D
407416,12.8058,D
407416,12.8113,D
407528,12.8141,D
407528,12.8158,D
407639,12.8167,D
407639,12.8169,D
407639,12.8169,D
407749,12.8166,D
407749,12.8163,D
407858,12.8159,D
407858,12.8155,D
407969,12.8151,D
407969,12.8147,D
407969,12.8143,D
408081,12.8140,D
408081,12.8137,D
408081,12.8135,D
408191,12.8134,D
408192,12.8133,D
408302,12.8132,D
408302,12.8131,D
408302,12.8130,D
408411,12.8128,D
408411,12.8128,D
408522,12.8128,D
408522,12.8128,D
408522,12.8128,D
408633,12.8127,D
408633,12.8128,D
408744,12.8130,D
408744,12.8135,D
408744,12.8144,D
408854,12.8157,D
408854,12.8490,D
408854,12.8544,D
408965,12.8544,D
408965,12.8541,D
409076,12.8538,D
409076,12.8535,D
409076,12.8531,D
409187,12.8528,D
409187,12.8525,D
409298,12.8524,D
409298,12.8524,D
409298,12.8523,D
409409,12.8523,D
409409,12.8523,D
409409,12.8523,D
409520,12.8523,D
409520,12.8523,D
409630,12.8523,D
409630,12.8523,D
409742,12.8523,D
409742,12.8523,D
409742,12.8523,D
409852,12.8523,D
409852,12.8523,D
409962,12.8525,D
409962,12.8530,D
410071,12.8539,D
410071,12.8551,D
410071,12.8889,D
410179,12.8941,D
410179,12.8945,D
410179,12.8944,D
410292,12.8941,D
410292,12.8939,D
410403,12.8936,D
410403,12.8933,D
410403,12.8930,D
410513,12.8927,D
410513,12.8926,D
410623,12.8924,D
410623,12.8923,D
410624,12.8922,D
410734,12.8921,D
410734,12.8921,D
410845,12.8920,D
410845,12.8920,D
410845,12.8919,D
410955,12.8919,D
410955,12.8919,D
411067,12.8918,D
411067,12.8918,D
411067,12.9217,D
411177,12.9293,D
411177,12.9324,D
411177,12.9343,D
411287,12.9352,D
411287,12.9355,D
411398,12.9354,D
411399,12.9352,D
411399,12.9348,D
411508,12.9344,D
411509,12.9340,D
411619,12.9336,D
411620,12.9332,D
411620,12.9328,D
411729,12.9325,D
411730,12.9323,D
411841,12.9321,D
411841,12.9319,D
411841,12.9318,D
411952,12.9317,D
411952,12.9316,D
412063,12.9316,D
412063,12.9314,D
412063,12.9314,D
412175,12.9314,D
412176,12.9313,D
412176,12.9313,D
412286,12.9313,D
412286,12.9313,D
412397,12.9315,D
412397,12.9319,D
412397,12.9327,D
412506,12.9339,D
412506,12.9610,D
412618,12.9730,D
412619,12.9731,D
412619,12.9728,D
412731,12.9726,D
412731,12.9723,D
412842,12.9719,D
412842,12.9716,D
412842,12.9713,D
412952,12.9712,D
412952,12.9711,D
413063,12.9710,D
413063,12.9710,D
413063,12.9710,D
413174,12.9710,D
413174,12.9709,D
413286,12.9709,D
413286,12.9709,D
413286,12.9709,D
413396,12.9709,D
413396,12.9709,D
413506,12.9709,D
413506,12.9709,D
413506,12.9709,D
413617,12.9711,D
413617,12.9715,D
413728,12.9723,D
413728,12.9734,D
413728,13.0026,D
413838,13.0123,D
413838,13.0130,D
413838,13.0130,D
413949,13.0127,D
413950,13.0124,D
414060,13.0121,D
414060,13.0118,D
414170,13.0115,D
414170,13.0113,D
414170,13.0111,D
414282,13.0110,D
414282,13.0108,D
414282,13.0107,D
414393,13.0107,D
414394,13.0106,D
414505,13.0105,D
414505,13.0105,D
414506,13.0105,D
414616,13.0105,D
414616,13.0104,D
414728,13.0103,D
414728,13.0103,D
414728,13.0355,D
414838,13.0473,D
414838,13.0504,D
414949,13.0524,D
414949,13.0535,D
414949,13.0539,D
415060,13.0539,D
415060,13.0537,D
415172,13.0534,D
415172,13.0530,D
415172,13.0526,D
415283,13.0522,D
415284,13.0518,D
415284,13.0514,D
415395,13.0511,D
415395,13.0508,D
415506,13.0506,D
415506,13.0504,D
415506,13.0503,D
415617,13.0502,D
415617,13.0501,D
415727,13.0500,D
415727,13.0499,D
415727,13.0498,D
415838,13.0498,D
415838,13.0498,D
415949,13.0498,D
415949,13.0497,D
415949,13.0498,D
416061,13.0499,D
416061,13.0503,D
416061,13.0510,D
416172,13.0521,D
416172,13.0720,D
416282,13.0916,D
416282,13.0917,D
416282,13.0914,D
416392,13.0911,D
416392,13.0908,D
416503,13.0904,D
416503,13.0901,D
416614,13.0898,D
416614,13.0896,D
416614,13.0895,D
416724,13.0895,D
416724,13.0895,D
416724,13.0895,D
416833,13.0895,D
416834,13.0894,D
416944,13.0894,D
416944,13.0894,D
416944,13.0895,D
417056,13.0895,D
417056,13.0895,D
417166,13.0895,D
417166,13.0894,D
417166,13.0894,D
417277,13.0895,D
417277,13.0899,D
417387,13.0905,D
417387,13.0915,D
417387,13.1089,D
417499,13.1312,D
417499,13.1320,D
417610,13.1320,D
417610,13.1317,D
417610,13.1314,D
417720,13.1311,D
417721,13.1308,D
417831,13.1305,D
417832,13.1303,D
417942,13.1301,D
417942,13.1299,D
417942,13.1298,D
417942,13.1297,D
418053,13.1296,D
418053,13.1295,D
418165,13.1295,D
418165,13.1294,D
418165,13.1294,D
418274,13.1294,D
418275,13.1294,D
418386,13.1294,D
418386,13.1293,D
418386,13.1473,D
418497,13.1653,D
418497,13.1686,D
418612,13.1709,D
418612,13.1722,D
418612,13.1728,D
418722,13.1729,D
418722,13.1728,D
418833,13.1725,D
418833,13.1721,D
418833,13.1717,D
418945,13.1713,D
418945,13.1709,D
418945,13.1706,D
419056,13.1702,D
419056,13.1699,D
419167,13.1697,D
419167,13.1696,D
419167,13.1694,D
419278,13.1693,D
419278,13.1692,D
419389,13.1692,D
419389,13.1690,D
419500,13.1689,D
419500,13.1689,D
419500,13.1689,D
419612,13.1688,D
419612,13.1688,D
419612,13.1688,D
419724,13.1689,D
419724,13.1692,D
419835,13.1698,D
419835,13.1707,D
419835,13.1835,D
419945,13.2108,D
419946,13.2109,D
420055,13.2105,D
420055,13.2101,D
420055,13.2099,D
420164,13.2095,D
420164,13.2091,D
420274,13.2088,D
420274,13.2086,D
420274,13.2085,D
420383,13.2085,D
420383,13.2084,D
420495,13.2084,D
420495,13.2084,D
420495,13.2083,D
420606,13.2083,D
420606,13.2083,D
420606,13.2083,D
420716,13.2083,D
420716,13.2083,D
420828,13.2083,D
420828,13.2083,D
420828,13.2083,D
420938,13.2084,D
420938,13.2086,D
421049,13.2091,D
421050,13.2100,D
421050,13.2156,D
421160,13.2498,D
421160,13.2506,D
421269,13.2506,D
421270,13.2504,D
421378,13.2501,D
421379,13.2499,D
421379,13.2496,D
421490,13.2493,D
421490,13.2490,D
421600,13.2488,D
421600,13.2486,D
421600,13.2485,D
421711,13.2484,D
421711,13.2483,D
421711,13.2482,D
421821,13.2481,D
421821,13.2481,D
421933,13.2481,D
421933,13.2480,D
421933,13.2480,D
422044,13.2480,D
422044,13.2479,D
422155,13.2552,D
422155,13.2828,D
422155,13.2864,D
422266,13.2889,D
422266,13.2905,D
422376,13.2913,D
422376,13.2915,D
422376,13.2914,D
422487,13.2911,D
422487,13.2908,D
422487,13.2904,D
422597,13.2900,D
422597,13.2896,D
422708,13.2892,D
422708,13.2888,D
422708,13.2886,D
422818,13.2883,D
422818,13.2881,D
422928,13.2880,D
422928,13.2879,D
422928,13.2878,D
423038,13.2877,D
423038,13.2877,D
423149,13.2875,D
423149,13.2875,D
423149,13.2874,D
423260,13.2874,D
423260,13.2874,D
423369,13.2874,D
423369,13.2874,D
423369,13.2877,D
423481,13.2882,D
423481,13.2892,D
423593,13.2904,D
423593,13.3290,D
423593,13.3295,D
423704,13.3290,D
423704,13.3286,D
423814,13.3284,D
423815,13.3281,D
423815,13.3277,D
423924,13.3274,D
423924,13.3272,D
423925,13.3270,D
424034,13.3270,D
424034,13.3269,D
424145,13.3269,D
424145,13.3269,D
424145,13.3269,D
424256,13.3268,D
424256,13.3268,D
424366,13.3268,D
424366,13.3268,D
424476,13.3268,D
424477,13.3268,D
424477,13.3268,D
424588,13.3268,D
424588,13.3268,D
424588,13.3270,D
424698,13.3275,D
424699,13.3283,D
424810,13.3295,D
424810,13.3657,D
424810,13.3688,D
424921,13.3690,D
424922,13.3688,D
425033,13.3686,D
425033,13.3683,D
425033,13.3680,D
425144,13.3677,D
425144,13.3674,D
425255,13.3672,D
425255,13.3670,D
425255,13.3669,D
425365,13.3668,D
425366,13.3667,D
425475,13.3666,D
425476,13.3665,D
425476,13.3665,D
425586,13.3664,D
425586,13.3664,D
425586,13.3664,D
425697,13.3663,D
425697,13.3663,D
425808,13.3662,D
425808,13.3979,D
425808,13.4036,D
425918,13.4065,D
425918,13.4085,D
426029,13.4095,D
426029,13.4098,D
426029,13.4098,D
426139,13.4096,D
426139,13.4092,D
426251,13.4088,D
426251,13.4084,D
426251,13.4080,D
426362,13.4076,D
426362,13.4072,D
426473,13.4069,D
426473,13.4067,D
426473,13.4065,D
426583,13.4063,D
426583,13.4062,D
426692,13.4061,D
426692,13.4060,D
426692,13.4060,D
426804,13.4058,D
426804,13.4057,D
426915,13.4057,D
426915,13.4057,D
426915,13.4056,D
427024,13.4056,D
427025,13.4061,D
427135,13.4074,D
427135,13.4094,D
427135,13.4119,D
427247,13.4148,D
427247,13.4377,D
427357,13.4472,D
427357,13.4472,D
427357,13.4470,D
427467,13.4467,D
427467,13.4464,D
427467,13.4460,D
427578,13.4457,D
427578,13.4455,D
427689,13.4453,D
427689,13.4452,D
427689,13.4452,D
427798,13.4452,D
427798,13.4452,D
427909,13.4451,D
427909,13.4451,D
428019,13.4451,D
428019,13.4451,D
428019,13.4451,D
428130,13.4451,D
428130,13.4451,D
428130,13.4451,D
428241,13.4450,D
428241,13.4450,D
428352,13.4451,D
428352,13.4455,D
428352,13.4461,D
428462,13.4472,D
428462,13.4693,D
428573,13.4864,D
428573,13.4871,D
428573,13.4871,D
428685,13.4868,D
428685,13.4866,D
428795,13.4863,D
428795,13.4860,D
428795,13.4857,D
428905,13.4855,D
428905,13.4853,D
428906,13.4851,D
429015,13.4850,D
429016,13.4849,D
429126,13.4848,D
429126,13.4847,D
429237,13.4846,D
429237,13.4846,D
429237,13.4846,D
429347,13.4846,D
429348,13.4845,D
429457,13.4844,D
429457,13.4844,D
429457,13.4981,D
429568,13.5202,D
429568,13.5236,D
429568,13.5259,D
429680,13.5273,D
429681,13.5280,D
429792,13.5281,D
429792,13.5280,D
429792,13.5277,D
429903,13.5274,D
429904,13.5270,D
430015,13.5265,D
430015,13.5261,D
430015,13.5257,D
430126,13.5254,D
430126,13.5251,D
430237,13.5249,D
430237,13.5247,D
430237,13.5246,D
430348,13.5245,D
430348,13.5244,D
430348,13.5243,D
430458,13.5243,D
430458,13.5241,D
430564,13.5240,D
430564,13.5240,D
430564,13.5240,D
430677,13.5240,D
430677,13.5240,D
430791,13.5240,D
430791,13.5243,D
430791,13.5249,D
430905,13.5258,D
430905,13.5362,D
431019,13.5663,D
431019,13.5664,D
431019,13.5660,D
431131,13.5656,D
431131,13.5653,D
431244,13.5650,D
431244,13.5646,D
431244,13.5643,D
431358,13.5641,D
431358,13.5640,D
431358,13.5639,D
431472,13.5639,D
431472,13.5639,D
431585,13.5638,D
431585,13.5638,D
431585,13.5638,D
431698,13.5638,D
431698,13.5638,D
431812,13.5638,D
431812,13.5638,D
431813,13.5638,D
431926,13.5638,D
431926,13.5638,D
431926,13.5638,D
432039,13.5640,D
432040,13.5644,D
432152,13.5653,D
432152,13.5664,D
432152,13.6027,D
432265,13.6058,D
432265,13.6060,D
432379,13.6058,D
432380,13.6056,D
432380,13.6053,D
432493,13.6050,D
432493,13.6047,D
432605,13.6044,D
432605,13.6042,D
432605,13.6040,D
432716,13.6039,D
432717,13.6038,D
432717,13.6037,D
432825,13.6036,D
432825,13.6035,D
432935,13.6035,D
432936,13.6035,D
432936,13.6034,D
433046,13.6034,D
433046,13.6034,D
433157,13.6033,D
433157,13.6033,D
433157,13.6325,D
433268,13.6402,D
433268,13.6434,D
433378,13.6454,D
433378,13.6465,D
433379,13.6469,D
433488,13.6469,D
433488,13.6468,D
433598,13.6464,D
433598,13.6460,D
433598,13.6456,D
433709,13.6452,D
433709,13.6448,D
433820,13.6445,D
433820,13.6441,D
433820,13.6439,D
433930,13.6437,D
433930,13.6436,D
433930,13.6434,D
434040,13.6433,D
434040,13.6433,D
434150,13.6432,D
434150,13.6431,D
434150,13.6430,D
434261,13.6430,D
434261,13.6429,D
434372,13.6429,D
434372,13.6429,D
434482,13.6429,D
434483,13.6430,D
434483,13.6434,D
434594,13.6441,D
434594,13.6452,D
434704,13.6652,D
434704,13.6845,D
434704,13.6846,D
434813,13.6843,D
434814,13.6840,D
434814,13.6837,D
434924,13.6833,D
434924,13.6830,D
434924,13.6827,D
435036,13.6825,D
435036,13.6824,D
435145,13.6824,D
435145,13.6823,D
435256,13.6823,D
435256,13.6822,D
435256,13.6822,D
435366,13.6822,D
435366,13.6822,D
435477,13.6821,D
435478,13.6821,D
435478,13.6821,D
435589,13.6821,D
435589,13.6820,D
435589,13.6820,D
435701,13.6825,D
435701,13.6837,D
435812,13.6855,D
435812,13.6878,D
435812,13.6999,D
435924,13.7233,D
435924,13.7241,D
436034,13.7241,D
436034,13.7238,D
436034,13.7236,D
436145,13.7233,D
436146,13.7230,D
436256,13.7227,D
436256,13.7225,D
436256,13.7223,D
436367,13.7221,D
436367,13.7220,D
436478,13.7219,D
436478,13.7218,D
436478,13.7217,D
436590,13.7217,D
436590,13.7216,D
436699,13.7216,D
436699,13.7216,D
436699,13.7216,D
436810,13.7215,D
436810,13.7215,D
436920,13.7308,D
436920,13.7567,D
436920,13.7602,D
437030,13.7627,D
437030,13.7643,D
437030,13.7651,D
437142,13.7653,D
437142,13.7652,D
437253,13.7650,D
437253,13.7646,D
437253,13.7643,D
437362,13.7639,D
437362,13.7634,D
437473,13.7631,D
437473,13.7627,D
437584,13.7625,D
437584,13.7623,D
437584,13.7621,D
437694,13.7620,D
437694,13.7619,D
437694,13.7618,D
437805,13.7618,D
437805,13.7618,D
437915,13.7617,D
437916,13.7617,D
437916,13.7617,D
438027,13.7616,D
438027,13.7616,D
438136,13.7616,D
438137,13.7617,D
438137,13.7619,D
438247,13.7625,D
438247,13.7635,D
438358,13.7647,D
438358,13.8038,D
438358,13.8039,D
438469,13.8035,D
438469,13.8030,D
438579,13.8027,D
438579,13.8024,D
438579,13.8020,D
438691,13.8017,D
438691,13.8015,D
438691,13.8014,D
438801,13.8013,D
438801,13.8013,D
438913,13.8013,D
438913,13.8012,D
438913,13.8012,D
439024,13.8012,D
439024,13.8012,D
439135,13.8012,D
439135,13.8012,D
439135,13.8012,D
439246,13.8012,D
439246,13.8012,D
439358,13.8012,D
439358,13.8011,D
439358,13.8012,D
439468,13.8015,D
439468,13.8022,D
439579,13.8031,D
439579,13.8229,D
439579,13.8427,D
439690,13.8434,D
439690,13.8434,D
439802,13.8431,D
439802,13.8428,D
439802,13.8426,D
439914,13.8423,D
439914,13.8420,D
440023,13.8418,D
440023,13.8416,D
440023,13.8414,D
440132,13.8413,D
440132,13.8411,D
440132,13.8410,D
440244,13.8410,D
440244,13.8409,D
440356,13.8408,D
440356,13.8408,D
440465,13.8407,D
440465,13.8406,D
440465,13.8406,D
440575,13.8405,D
440575,13.8519,D
440575,13.8758,D
440685,13.8792,D
440686,13.8817,D
440796,13.8832,D
440796,13.8839,D
440796,13.8841,D
440908,13.8841,D
440909,13.8838,D
441020,13.8834,D
441020,13.8830,D
441020,13.8826,D
441131,13.8822,D
441131,13.8818,D
441242,13.8815,D
441242,13.8812,D
441242,13.8810,D
441353,13.8808,D
441353,13.8807,D
441464,13.8806,D
441464,13.8805,D
441464,13.8804,D
441574,13.8803,D
441575,13.8802,D
441575,13.8801,D
441686,13.8801,D
441687,13.8801,D
441796,13.8800,D
441796,13.8800,D
441796,13.8807,D
441907,13.8821,D
441907,13.8841,D
442018,13.8866,D
442018,13.8950,D
442018,13.9226,D
442130,13.9227,D
442130,13.9222,D
442239,13.9216,D
442240,13.9212,D
442240,13.9209,D
442350,13.9206,D
442350,13.9203,D
442460,13.9201,D
442461,13.9199,D
442461,13.9199,D
442570,13.9198,D
442570,13.9198,D
442681,13.9197,D
442681,13.9196,D
442681,13.9196,D
442792,13.9196,D
442792,13.9196,D
442901,13.9196,D
442901,13.9196,D
442901,13.9196,D
443012,13.9195,D
443013,13.9195,D
443123,13.9195,D
443123,13.9196,D
443123,13.9198,D
443235,13.9204,D
443235,13.9213,D
443345,13.9363,D
443346,13.9613,D
443346,13.9620,D
443456,13.9620,D
443456,13.9618,D
443456,13.9615,D
443567,13.9612,D
443567,13.9609,D
443676,13.9606,D
443676,13.9604,D
443676,13.9602,D
443787,13.9601,D
443787,13.9600,D
443899,13.9599,D
443899,13.9598,D
443899,13.9597,D
444010,13.9596,D
444010,13.9596,D
444120,13.9595,D
444120,13.9594,D
444120,13.9594,D
444230,13.9593,D
444230,13.9593,D
444341,13.9664,D
444341,13.9936,D
444341,13.9974,D
444452,14.0002,D
444452,14.0020,D
444553,14.0028,D
444554,14.0031,D
444554,14.0030,D
444663,14.0028,D
444663,14.0025,D
444773,14.0022,D
444774,14.0018,D
444774,14.0014,D
444884,14.0010,D
444884,14.0006,D
444994,14.0003,D
444994,14.0001,D
444994,13.9999,D
445107,13.9998,D
445107,13.9997,D
445218,13.9996,D
445218,13.9995,D
445218,13.9994,D
445328,13.9993,D
445328,13.9992,D
445440,13.9992,D
445440,13.9992,D
445440,13.9992,D
445550,13.9991,D
445550,13.9991,D
445550,13.9993,D
445660,13.9997,D
445660,14.0004,D
445769,14.0038,D
445769,14.0418,D
445769,14.0419,D
445880,14.0415,D
445880,14.0410,D
445991,14.0406,D
445992,14.0402,D
445992,14.0399,D
446103,14.0395,D
446103,14.0393,D
446213,14.0392,D
446213,14.0391,D
446213,14.0390,D
446325,14.0389,D
446325,14.0389,D
446435,14.0389,D
446435,14.0389,D
446435,14.0388,D
446547,14.0388,D
446547,14.0389,D
446658,14.0389,D
446658,14.0389,D
446768,14.0389,D
446769,14.0388,D
446769,14.0388,D
446880,14.0389,D
446880,14.0391,D
446880,14.0396,D
446990,14.0405,D
446990,14.0483,D
446990,14.0807,D
447101,14.0815,D
447101,14.0815,D
447213,14.0813,D
447213,14.0810,D
447213,14.0808,D
447323,14.0805,D
447323,14.0802,D
447434,14.0799,D
447434,14.0797,D
447545,14.0796,D
447545,14.0794,D
447545,14.0793,D
447656,14.0792,D
447656,14.0791,D
447656,14.0790,D
447768,14.0789,D
447768,14.0789,D
447879,14.0788,D
447879,14.0786,D
447879,14.0786,D
447989,14.0786,D
447989,14.0785,D
448099,14.1096,D
448099,14.1156,D
448099,14.1186,D
448209,14.1206,D
448209,14.1217,D
448319,14.1221,D
448319,14.1222,D
448319,14.1220,D
448431,14.1217,D
448431,14.1213,D
448541,14.1209,D
448541,14.1205,D
448541,14.1201,D
448652,14.1197,D
448652,14.1194,D
448652,14.1192,D
448763,14.1190,D
448763,14.1189,D
448875,14.1188,D
448875,14.1187,D
448985,14.1186,D
448985,14.1186,D
448985,14.1185,D
449097,14.1183,D
449097,14.1180,D
449097,14.1178,D
449208,14.1177,D
449208,14.1177,D
449319,14.1179,D
449319,14.1187,D
449319,14.1202,D
449430,14.1223,D
449430,14.1247,D
449541,14.1447,D
449541,14.1590,D
449541,14.1594,D
449651,14.1590,D
449651,14.1587,D
449762,14.1585,D
449762,14.1581,D
449762,14.1578,D
449874,14.1575,D
449874,14.1574,D
449874,14.1573,D
449986,14.1573,D
449986,14.1572,D
450096,14.1572,D
450096,14.1572,D
450205,14.1572,D
450205,14.1572,D
450205,14.1572,D
450316,14.1572,D
450316,14.1572,D
450427,14.1572,D
450427,14.1571,D
450427,14.1571,D
450537,14.1571,D
450537,14.1572,D
450537,14.1574,D
450647,14.1580,D
450647,14.1589,D
450756,14.1714,D
450756,14.1985,D
450756,14.1992,D
450866,14.1992,D
450866,14.1990,D
450974,14.1988,D
450975,14.1986,D
450975,14.1982,D
451084,14.1979,D
451084,14.1977,D
451193,14.1975,D
451193,14.1973,D
451193,14.1971,D
451302,14.1970,D
451302,14.1969,D
451413,14.1968,D
451413,14.1968,D
451413,14.1967,D
451523,14.1967,D
451524,14.1966,D
451635,14.1965,D
451635,14.1964,D
451635,14.1964,D
451746,14.1982,D
451747,14.2309,D
451855,14.2345,D
451855,14.2371,D
451855,14.2389,D
451964,14.2398,D
451964,14.2401,D
452073,14.2402,D
452073,14.2400,D
452073,14.2397,D
452183,14.2393,D
452183,14.2388,D
452291,14.2384,D
452291,14.2380,D
452291,14.2377,D
452400,14.2374,D
452400,14.2372,D
452509,14.2371,D
452509,14.2369,D
452509,14.2368,D
452618,14.2367,D
452619,14.2366,D
452729,14.2365,D
452729,14.2364,D
452729,14.2363,D
452838,14.2362,D
452838,14.2360,D
452947,14.2360,D
452948,14.2359,D
452948,14.2361,D
453057,14.2368,D
453057,14.2382,D
453166,14.2402,D
453166,14.2426,D
453166,14.2765,D
453274,14.2788,D
453275,14.2784,D
453385,14.2777,D
453386,14.2774,D
453386,14.2772,D
453495,14.2769,D
453495,14.2767,D
453606,14.2765,D
453606,14.2763,D
453606,14.2762,D
453716,14.2761,D
453716,14.2760,D
453825,14.2760,D
453825,14.2759,D
453825,14.2759,D
453935,14.2759,D
453935,14.2759,D
453935,14.2759,D
454043,14.2759,D
454044,14.2759,D
454154,14.2759,D
454154,14.2758,D
454154,14.2758,D
454263,14.2758,D
454263,14.2760,D
454371,14.2764,D
454371,14.2771,D
454371,14.2782,D
454481,14.3150,D
454481,14.3181,D
454595,14.3183,D
454595,14.3182,D
454595,14.3180,D
454707,14.3178,D
454707,14.3175,D
454819,14.3172,D
454820,14.3170,D
454820,14.3168,D
454933,14.3166,D
454933,14.3165,D
455046,14.3164,D
455046,14.3163,D
455046,14.3162,D
455159,14.3161,D
455159,14.3161,D
455159,14.3161,D
455270,14.3160,D
455270,14.3160,D
455383,14.3160,D
455383,14.3160,D
455383,14.3160,D
455493,14.3415,D
455494,14.3522,D
455605,14.3555,D
455605,14.3577,D
455605,14.3591,D
455719,14.3597,D
455719,14.3599,D
455830,14.3598,D
455830,14.3595,D
455830,14.3592,D
455942,14.3587,D
455942,14.3583,D
456055,14.3579,D
456055,14.3576,D
456055,14.3572,D
456167,14.3570,D
456167,14.3568,D
456167,14.3566,D
456279,14.3565,D
456279,14.3564,D
456390,14.3563,D
456391,14.3562,D
456391,14.3561,D
456502,14.3559,D
456502,14.3558,D
456613,14.3558,D
456613,14.3556,D
456613,14.3556,D
456723,14.3556,D
456723,14.3560,D
456723,14.3569,D
456834,14.3586,D
456835,14.3608,D
456944,14.3823,D
456945,14.3983,D
457054,14.3983,D
457054,14.3979,D
457054,14.3974,D
457164,14.3970,D
457164,14.3967,D
457275,14.3963,D
457276,14.3960,D
457276,14.3958,D
457385,14.3956,D
457385,14.3955,D
457496,14.3955,D
457496,14.3954,D
457496,14.3953,D
457607,14.3953,D
457607,14.3953,D
457607,14.3953,D
457716,14.3952,D
457716,14.3952,D
457826,14.3952,D
457826,14.3952,D
457826,14.3952,D
457936,14.3952,D
457936,14.3952,D
458046,14.3953,D
458046,14.3956,D
458047,14.3962,D
458156,14.3971,D
458156,14.4192,D
458266,14.4366,D
458266,14.4373,D
458266,14.4373,D
458376,14.4371,D
458376,14.4368,D
458485,14.4366,D
458485,14.4363,D
458485,14.4360,D
458594,14.4358,D
458594,14.4356,D
458702,14.4355,D
458702,14.4354,D
458812,14.4353,D
458812,14.4352,D
458812,14.4351,D
458920,14.4350,D
458920,14.4350,D
458920,14.4350,D
459030,14.4349,D
459030,14.4348,D
459140,14.4348,D
459140,14.4347,D
459140,14.4477,D
459248,14.4695,D
459249,14.4730,D
459358,14.4756,D
459358,14.4772,D
459467,14.4780,D
459467,14.4783,D
459467,14.4783,D
459578,14.4781,D
459578,14.4777,D
459578,14.4773,D
459688,14.4769,D
459688,14.4765,D
459798,14.4761,D
459798,14.4757,D
459798,14.4754,D
459908,14.4752,D
459908,14.4750,D
460016,14.4749,D
460016,14.4747,D
460125,14.4746,D
460126,14.4745,D
460126,14.4745,D
460236,14.4743,D
460236,14.4742,D
460236,14.4741,D
460344,14.4740,D
460344,14.4740,D
460453,14.4740,D
460453,14.4743,D
460454,14.4751,D
460563,14.4767,D
460563,14.4789,D
460672,14.4895,D
460672,14.5169,D
460672,14.5170,D
460781,14.5165,D
460782,14.5160,D
460892,14.5156,D
460892,14.5153,D
460893,14.5149,D
461003,14.5146,D
461004,14.5144,D
461114,14.5143,D
461114,14.5142,D
461114,14.5141,D
461224,14.5140,D
461224,14.5140,D
461335,14.5139,D
461335,14.5139,D
461335,14.5139,D
461446,14.5139,D
461446,14.5139,D
461556,14.5139,D
461557,14.5139,D
461557,14.5139,D
461665,14.5139,D
461665,14.5138,D
461775,14.5139,D
461775,14.5141,D
461775,14.5145,D
461885,14.5153,D
461886,14.5208,D
461886,14.5552,D
461996,14.5560,D
461996,14.5560,D
462106,14.5558,D
462106,14.5556,D
462216,14.5553,D
462216,14.5550,D
462216,14.5547,D
462325,14.5544,D
462325,14.5542,D
462325,14.5541,D
462435,14.5539,D
462435,14.5538,D
462545,14.5537,D
462545,14.5536,D
462545,14.5535,D
462655,14.5535,D
462655,14.5534,D
462766,14.5534,D
462766,14.5534,D
462766,14.5533,D
462877,14.5533,D
462877,14.5532,D
462986,14.5819,D
462986,14.5900,D
463098,14.5932,D
463098,14.5953,D
463098,14.5965,D
463206,14.5970,D
463206,14.5972,D
463206,14.5971,D
463317,14.5968,D
463317,14.5964,D
463426,14.5960,D
463426,14.5956,D
463426,14.5953,D
463537,14.5949,D
463537,14.5946,D
463647,14.5944,D
463648,14.5942,D
463648,14.5940,D
463756,14.5939,D
463756,14.5938,D
463868,14.5937,D
463868,14.5936,D
463868,14.5935,D
463978,14.5933,D
463978,14.5933,D
464087,14.5932,D
464087,14.5931,D
464088,14.5931,D
464197,14.5932,D
464197,14.5938,D
464307,14.5950,D
464307,14.5969,D
464307,14.5994,D
464417,14.6272,D
464417,14.6359,D
464527,14.6359,D
464527,14.6355,D
464527,14.6351,D
464635,14.6347,D
464635,14.6344,D
464745,14.6341,D
464746,14.6338,D
464746,14.6337,D
464855,14.6336,D
464855,14.6335,D
464966,14.6334,D
464966,14.6334,D
464966,14.6333,D
465077,14.6333,D
465077,14.6333,D
465077,14.6333,D
465185,14.6333,D
465185,14.6333,D
465294,14.6333,D
465294,14.6333,D
465294,14.6333,D
465405,14.6333,D
465405,14.6333,D
465513,14.6334,D
465513,14.6337,D
465623,14.6343,D
465623,14.6352,D
465623,14.6574,D
465733,14.6748,D
465733,14.6756,D
465733,14.6756,D
465842,14.6754,D
465843,14.6751,D
465952,14.6748,D
465952,14.6745,D
465952,14.6743,D
466062,14.6741,D
466062,14.6739,D
466173,14.6738,D
466173,14.6736,D
466173,14.6735,D
466283,14.6734,D
466283,14.6734,D
466393,14.6733,D
466393,14.6733,D
466393,14.6733,D
466503,14.6733,D
466503,14.6732,D
466613,14.6732,D
466613,14.6731,D
466613,14.6818,D
466722,14.7074,D
466722,14.7111,D
466832,14.7137,D
466832,14.7154,D
466941,14.7163,D
466942,14.7167,D
466942,14.7168,D
467052,14.7166,D
467052,14.7163,D
467052,14.7159,D
467160,14.7155,D
467160,14.7150,D
467269,14.7146,D
467269,14.7143,D
467269,14.7140,D
467379,14.7138,D
467379,14.7136,D
467491,14.7135,D
467491,14.7134,D
467491,14.7133,D
467600,14.7132,D
467600,14.7131,D
467709,14.7130,D
467709,14.7129,D
467709,14.7128,D
467820,14.7128,D
467820,14.7127,D
467930,14.7127,D
467930,14.7130,D
467930,14.7140,D
468041,14.7157,D
468041,14.7179,D
468152,14.7245,D
468152,14.7555,D
468152,14.7557,D
468263,14.7553,D
468263,14.7546,D
468263,14.7542,D
468373,14.7539,D
468373,14.7536,D
468483,14.7533,D
468483,14.7531,D
468483,14.7530,D
468593,14.7529,D
468593,14.7528,D
468704,14.7527,D
468704,14.7527,D
468704,14.7526,D
468814,14.7526,D
468814,14.7526,D
468925,14.7526,D
468925,14.7526,D
469036,14.7526,D
469036,14.7525,D
469036,14.7525,D
469147,14.7525,D
469147,14.7525,D
469147,14.7525,D
469258,14.7527,D
469258,14.7531,D
469367,14.7539,D
469367,14.7549,D
469367,14.7940,D
469478,14.7949,D
469478,14.7949,D
469589,14.7947,D
469589,14.7945,D
469589,14.7943,D
469698,14.7940,D
469698,14.7937,D
469807,14.7935,D
469807,14.7933,D
469807,14.7932,D
469918,14.7930,D
469918,14.7929,D
470028,14.7928,D
470028,14.7927,D
470029,14.7927,D
470137,14.7926,D
470137,14.7926,D
470247,14.7926,D
470247,14.7925,D
470359,14.7925,D
470359,14.7924,D
470359,14.7924,D
470468,14.8137,D
470468,14.8281,D
470468,14.8314,D
470578,14.8338,D
470579,14.8352,D
470579,14.8358,D
470690,14.8361,D
470690,14.8361,D
470800,14.8359,D
470800,14.8355,D
470800,14.8351,D
470911,14.8347,D
470911,14.8343,D
471022,14.8339,D
471022,14.8335,D
471132,14.8333,D
471132,14.8331,D
471132,14.8329,D
471243,14.8328,D
471243,14.8326,D
471243,14.8325,D
471354,14.8324,D
471354,14.8324,D
471463,14.8322,D
471463,14.8321,D
471463,14.8320,D
471574,14.8319,D
471574,14.8318,D
471686,14.8318,D
471686,14.8320,D
471686,14.8327,D
471795,14.8341,D
471795,14.8361,D
471906,14.8535,D
471906,14.8746,D
471906,14.8747,D
472017,14.8742,D
472017,14.8736,D
472128,14.8733,D
472128,14.8730,D
472128,14.8727,D
472238,14.8724,D
472238,14.8722,D
472238,14.8720,D
472349,14.8719,D
472349,14.8719,D
472460,14.8718,D
472460,14.8717,D
472564,14.8717,D
472564,14.8717,D
472564,14.8716,D
472670,14.8716,D
472670,14.8716,D
472783,14.8716,D
472783,14.8716,D
472783,14.8716,D
472896,14.8715,D
472896,14.8714,D
472896,14.8717,D
473010,14.8724,D
473010,14.8736,D
473124,14.8755,D
473124,14.8778,D
473236,14.9129,D
473236,14.9138,D
473236,14.9138,D
473349,14.9137,D
473349,14.9135,D
473349,14.9132,D
473463,14.9130,D
473463,14.9127,D
473463,14.9125,D
473577,14.9123,D
473577,14.9122,D
473690,14.9120,D
473690,14.9119,D
473690,14.9118,D
473804,14.9118,D
473804,14.9117,D
473916,14.9117,D
473916,14.9116,D
473916,14.9116,D
474029,14.9116,D
474030,14.9116,D
474030,14.9116,D
474142,14.9115,D
474142,14.9407,D
474256,14.9476,D
474257,14.9509,D
474257,14.9532,D
474370,14.9545,D
474370,14.9552,D
474482,14.9554,D
474482,14.9554,D
474482,14.9551,D
474595,14.9547,D
474595,14.9543,D
474710,14.9539,D
474710,14.9535,D
474710,14.9531,D
474823,14.9528,D
474824,14.9526,D
474824,14.9524,D
474937,14.9522,D
474938,14.9521,D
475050,14.9519,D
475050,14.9518,D
475050,14.9517,D
475165,14.9517,D
475165,14.9515,D
475165,14.9514,D
475279,14.9512,D
475279,14.9512,D
475393,14.9511,D
475393,14.9512,D
475393,14.9514,D
475506,14.9523,D
475506,14.9538,D
475619,14.9557,D
475619,14.9798,D
475619,14.9938,D
475733,14.9938,D
475733,14.9934,D
475847,14.9929,D
475847,14.9925,D
475847,14.9922,D
475959,14.9919,D
475960,14.9916,D
475960,14.9914,D
476073,14.9913,D
476073,14.9912,D
476185,14.9911,D
476186,14.9910,D
476186,14.9910,D
476299,14.9909,D
476299,14.9909,D
476413,14.9909,D
476413,14.9909,D
476413,14.9909,D
476526,14.9909,D
476526,14.9908,D
476628,14.9908,D
476628,14.9907,D
476628,14.9907,D
476740,14.9911,D
476740,14.9920,D
476740,14.9934,D
476851,14.9954,D
476851,15.0056,D
476964,15.0322,D
476964,15.0330,D
476964,15.0330,D
477077,15.0328,D
477077,15.0326,D
477190,15.0323,D
477190,15.0321,D
477190,15.0318,D
477302,15.0316,D
477302,15.0314,D
477415,15.0313,D
477415,15.0311,D
477415,15.0310,D
477528,15.0309,D
477528,15.0308,D
477528,15.0308,D
477642,15.0308,D
477642,15.0307,D
477755,15.0307,D
477756,15.0307,D
477756,15.0305,D
477868,15.0305,D
477868,15.0304,D
477981,15.0582,D
477982,15.0664,D
477982,15.0696,D
478094,15.0719,D
478094,15.0732,D
478207,15.0738,D
478207,15.0740,D
478207,15.0739,D
478320,15.0736,D
478320,15.0732,D
478434,15.0728,D
478434,15.0724,D
478434,15.0720,D
478547,15.0717,D
478547,15.0714,D
478547,15.0712,D
478657,15.0710,D
478657,15.0708,D
478768,15.0707,D
478768,15.0706,D
478768,15.0705,D
478879,15.0705,D
478879,15.0704,D
478990,15.0703,D
478990,15.0702,D
478990,15.0702,D
479101,15.0702,D
479101,15.0701,D
479101,15.0701,D
479212,15.0702,D
479213,15.0704,D
479323,15.0708,D
479323,15.0716,D
479434,15.0973,D
479434,15.1127,D
479434,15.1127,D
479545,15.1124,D
479545,15.1119,D
479545,15.1116,D
479657,15.1112,D
479657,15.1109,D
479769,15.1106,D
479769,15.1104,D
479769,15.1102,D
479878,15.1101,D
479878,15.1100,D
479989,15.1100,D
479989,15.1099,D
479989,15.1099,D
480098,15.1098,D
480098,15.1098,D
480210,15.1098,D
480210,15.1097,D
480210,15.1096,D
480322,15.1096,D
480322,15.1095,D
480432,15.1095,D
480432,15.1095,D
480432,15.1097,D
480542,15.1102,D
480542,15.1113,D
480543,15.1129,D
480653,15.1209,D
480653,15.1509,D
480764,15.1517,D
480764,15.1517,D
480764,15.1515,D
480875,15.1513,D
480875,15.1510,D
480986,15.1507,D
480986,15.1505,D
481097,15.1502,D
481097,15.1500,D
481097,15.1499,D
481208,15.1497,D
481209,15.1496,D
481209,15.1495,D
481319,15.1494,D
481319,15.1493,D
481430,15.1493,D
481430,15.1492,D
481430,15.1491,D
481541,15.1490,D
481541,15.1490,D
481651,15.1489,D
481651,15.1489,D
481651,15.1745,D
481761,15.1851,D
481761,15.1884,D
481872,15.1906,D
481872,15.1919,D
481872,15.1925,D
481983,15.1928,D
481983,15.1928,D
481983,15.1926,D
482093,15.1922,D
482093,15.1918,D
482203,15.1914,D
482203,15.1911,D
482203,15.1907,D
482314,15.1904,D
482314,15.1902,D
482424,15.1900,D
482424,15.1899,D
482425,15.1898,D
482535,15.1897,D
482535,15.1896,D
482645,15.1895,D
482645,15.1895,D
482645,15.1894,D
482757,15.1893,D
482758,15.1893,D
482871,15.1893,D
482871,15.1893,D
482871,15.1892,D
482984,15.1893,D
482984,15.1895,D
482984,15.1900,D
483096,15.1908,D
483096,15.2114,D
483209,15.2319,D
483209,15.2319,D
483209,15.2315,D
483322,15.2310,D
483322,15.2306,D
483436,15.2303,D
483436,15.2300,D
483436,15.2297,D
483548,15.2295,D
483548,15.2294,D
483661,15.2293,D
483661,15.2292,D
483661,15.2291,D
483774,15.2291,D
483774,15.2290,D
483774,15.2290,D
483887,15.2290,D
483887,15.2290,D
484000,15.2290,D
484000,15.2290,D
484000,15.2290,D
484111,15.2289,D
484111,15.2289,D
484221,15.2289,D
484221,15.2289,D
484221,15.2291,D
484333,15.2296,D
484333,15.2304,D
484445,15.2404,D
484445,15.2705,D
484445,15.2713,D
484554,15.2713,D
484555,15.2712,D
484665,15.2709,D
484665,15.2707,D
484665,15.2704,D
484777,15.2702,D
484777,15.2700,D
484777,15.2698,D
484887,15.2696,D
484887,15.2695,D
484997,15.2694,D
484997,15.2693,D
484997,15.2692,D
485106,15.2691,D
485106,15.2691,D
485218,15.2691,D
485219,15.2690,D
485219,15.2690,D
485328,15.2689,D
485328,15.2689,D
485439,15.2688,D
485439,15.2940,D
485549,15.3048,D
485549,15.3081,D
485549,15.3104,D
485658,15.3117,D
485659,15.3124,D
485659,15.3127,D
485767,15.3128,D
485767,15.3125,D
485877,15.3122,D
485877,15.3118,D
485989,15.3114,D
485989,15.3110,D
485989,15.3106,D
486099,15.3103,D
486100,15.3101,D
486100,15.3099,D
486211,15.3098,D
486211,15.3096,D
486324,15.3095,D
486324,15.3094,D
486324,15.3093,D
486435,15.3093,D
486435,15.3092,D
486545,15.3091,D
486546,15.3090,D
486546,15.3090,D
486656,15.3090,D
486656,15.3090,D
486656,15.3090,D
486768,15.3092,D
486768,15.3095,D
486879,15.3102,D
486880,15.3337,D
486991,15.3521,D
486991,15.3522,D
486991,15.3517,D
487101,15.3511,D
487102,15.3507,D
487102,15.3504,D
487212,15.3501,D
487212,15.3498,D
487322,15.3496,D
487322,15.3495,D
487322,15.3493,D
487433,15.3492,D
487433,15.3492,D
487544,15.3491,D
487544,15.3490,D
487544,15.3490,D
487654,15.3490,D
487655,15.3490,D
487764,15.3490,D
487764,15.3490,D
487764,15.3490,D
487874,15.3490,D
487874,15.3489,D
487986,15.3489,D
487986,15.3489,D
487986,15.3491,D
488096,15.3495,D
488097,15.3501,D
488097,15.3511,D
488209,15.3880,D
488209,15.3911,D
488319,15.3913,D
488319,15.3912,D
488319,15.3910,D
488429,15.3908,D
488429,15.3905,D
488540,15.3902,D
488540,15.3900,D
488540,15.3898,D
488644,15.3897,D
488644,15.3895,D
488757,15.3894,D
488757,15.3893,D
488757,15.3892,D
488870,15.3892,D
488870,15.3891,D
488983,15.3891,D
488984,15.3890,D
488984,15.3890,D
489097,15.3889,D
489097,15.3888,D
489209,15.3888,D
489209,15.4054,D
489209,15.4238,D
489323,15.4273,D
489323,15.4298,D
489323,15.4313,D
489437,15.4321,D
489437,15.4325,D
489550,15.4325,D
489551,15.4323,D
489551,15.4320,D
489664,15.4316,D
489664,15.4312,D
489777,15.4308,D
489777,15.4304,D
489777,15.4301,D
489891,15.4298,D
489891,15.4296,D
489891,15.4294,D
490005,15.4293,D
490006,15.4292,D
490119,15.4291,D
490119,15.4290,D
490119,15.4289,D
490232,15.4288,D
490233,15.4286,D
490347,15.4286,D
490347,15.4285,D
490347,15.4284,D
490461,15.4284,D
490461,15.4286,D
490461,15.4292,D
490574,15.4305,D
490574,15.4324,D
490686,15.4455,D
490686,15.4715,D
490686,15.4717,D
490796,15.4713,D
490796,15.4706,D
490906,15.4702,D
490906,15.4699,D
490906,15.4696,D
491017,15.4693,D
491018,15.4691,D
491127,15.4689,D
491127,15.4688,D
491127,15.4687,D
491239,15.4686,D
491239,15.4685,D
491351,15.4685,D
491351,15.4685,D
491351,15.4684,D
491462,15.4684,D
491462,15.4684,D
491574,15.4684,D
491574,15.4684,D
491574,15.4684,D
491684,15.4683,D
491684,15.4683,D
491684,15.4684,D
491794,15.4689,D
491795,15.4700,D
491906,15.4716,D
491906,15.4737,D
491906,15.4988,D
492015,15.5100,D
492015,15.5107,D
492126,15.5107,D
492126,15.5105,D
492126,15.5103,D
492237,15.5100,D
492237,15.5098,D
492347,15.5095,D
492347,15.5093,D
492347,15.5092,D
492458,15.5090,D
492458,15.5089,D
492569,15.5088,D
492569,15.5087,D
492569,15.5086,D
492680,15.5086,D
492680,15.5085,D
492791,15.5085,D
492791,15.5084,D
492791,15.5083,D
492900,15.5083,D
492901,15.5082,D
493010,15.5184,D
493011,15.5419,D
493011,15.5460,D
493122,15.5487,D
493122,15.5504,D
493122,15.5513,D
493232,15.5518,D
493233,15.5519,D
493345,15.5518,D
493345,15.5515,D
493345,15.5511,D
493454,15.5507,D
493454,15.5503,D
493566,15.5499,D
493566,15.5496,D
493676,15.5493,D
493677,15.5491,D
493677,15.5489,D
493787,15.5488,D
493787,15.5486,D
493787,15.5485,D
493899,15.5484,D
493899,15.5483,D
494010,15.5483,D
494010,15.5481,D
494010,15.5480,D
494121,15.5479,D
494121,15.5478,D
494231,15.5478,D
494231,15.5479,D
494231,15.5484,D
494341,15.5495,D
494341,15.5513,D
494452,15.5535,D
494452,15.5907,D
494452,15.5911,D
494564,15.5905,D
494564,15.5898,D
494564,15.5894,D
494673,15.5891,D
494673,15.5888,D
494784,15.5886,D
494784,15.5883,D
494784,15.5881,D
494894,15.5880,D
494894,15.5879,D
495004,15.5878,D
495004,15.5878,D
495004,15.5877,D
495115,15.5877,D
495115,15.5877,D
495226,15.5877,D
495226,15.5877,D
495226,15.5877,D
495338,15.5877,D
495338,15.5876,D
495449,15.5876,D
495449,15.5876,D
495449,15.5876,D
495560,15.5876,D
495561,15.5879,D
495670,15.5884,D
495670,15.5893,D
495780,15.6090,D
495780,15.6290,D
495780,15.6298,D
495890,15.6298,D
495890,15.6296,D
495890,15.6294,D
496002,15.6292,D
496002,15.6289,D
496002,15.6287,D
496112,15.6285,D
496112,15.6283,D
496223,15.6281,D
496223,15.6280,D
496223,15.6279,D
496333,15.6278,D
496333,15.6277,D
496445,15.6277,D
496445,15.6276,D
496549,15.6276,D
496549,15.6275,D
496549,15.6274,D
496659,15.6273,D
496659,15.6273,D
496659,15.6289,D
496770,15.6594,D
496770,15.6643,D
496881,15.6672,D
496882,15.6691,D
496992,15.6701,D
496992,15.6708,D
496992,15.6710,D
497103,15.6710,D
497103,15.6707,D
497103,15.6703,D
497214,15.6699,D
497214,15.6695,D
497324,15.6691,D
497324,15.6688,D
497324,15.6685,D
497433,15.6682,D
497433,15.6681,D
497543,15.6679,D
497543,15.6678,D
497543,15.6676,D
497651,15.6675,D
497652,15.6675,D
497762,15.6674,D
497762,15.6672,D
497873,15.6671,D
497873,15.6670,D
497873,15.6669,D
497985,15.6669,D
497985,15.6669,D
497985,15.6672,D
498097,15.6680,D
498097,15.6695,D
498207,15.6714,D
498207,15.7031,D
498207,15.7103,D
498317,15.7103,D
498317,15.7097,D
498427,15.7091,D
498427,15.7088,D
498427,15.7085,D
498537,15.7082,D
498537,15.7079,D
498649,15.7077,D
498649,15.7076,D
498649,15.7074,D
498759,15.7073,D
498759,15.7073,D
498759,15.7072,D
498871,15.7072,D
498871,15.7071,D
498982,15.7071,D
498982,15.7071,D
498982,15.7071,D
499093,15.7071,D
499093,15.7071,D
499205,15.7071,D
499205,15.7070,D
499205,15.7070,D
499314,15.7072,D
499315,15.7079,D
499425,15.7091,D
499425,15.7109,D
499425,15.7131,D
499537,15.7486,D
499537,15.7495,D
499647,15.7495,D
499648,15.7493,D
499648,15.7491,D
499758,15.7489,D
499758,15.7487,D
499869,15.7484,D
499869,15.7482,D
499869,15.7480,D
499981,15.7478,D
499981,15.7477,D
499981,15.7476,D
500092,15.7475,D
500092,15.7474,D
500202,15.7473,D
500202,15.7472,D
500202,15.7472,D
500313,15.7472,D
500313,15.7471,D
500423,15.7470,D
500423,15.7470,D
500423,15.7469,D
500533,15.7632,D
500533,15.7817,D
500643,15.7853,D
500643,15.7879,D
500643,15.7894,D
500755,15.7902,D
500755,15.7906,D
500866,15.7907,D
500866,15.7906,D
500866,15.7902,D
500976,15.7898,D
500976,15.7894,D
501087,15.7890,D
501087,15.7886,D
501087,15.7883,D
501198,15.7881,D
501198,15.7878,D
501307,15.7877,D
501307,15.7875,D
501307,15.7874,D
501418,15.7873,D
501418,15.7872,D
501418,15.7871,D
501529,15.7870,D
501529,15.7869,D
501640,15.7868,D
501640,15.7867,D
501640,15.7866,D
501751,15.7866,D
501751,15.7868,D
501861,15.7873,D
501861,15.7884,D
501861,15.7902,D
501972,15.8036,D
501972,15.8302,D
502083,15.8306,D
502083,15.8300,D
502083,15.8294,D
502194,15.8289,D
502195,15.8286,D
502305,15.8283,D
502305,15.8280,D
502305,15.8277,D
502415,15.8276,D
502415,15.8274,D
502525,15.8273,D
502525,15.8272,D
502525,15.8271,D
502635,15.8270,D
502635,15.8270,D
502745,15.8270,D
502745,15.8270,D
502855,15.8269,D
502855,15.8269,D
502855,15.8269,D
502965,15.8268,D
502965,15.8267,D
502965,15.8267,D
503075,15.8268,D
503075,15.8272,D
503186,15.8281,D
503186,15.8295,D
503186,15.8314,D
503297,15.8567,D
503297,15.8680,D
503297,15.8687,D
503407,15.8687,D
503407,15.8685,D
503518,15.8683,D
503518,15.8680,D
503518,15.8678,D
503628,15.8675,D
503628,15.8673,D
503738,15.8672,D
503738,15.8670,D
503849,15.8669,D
503849,15.8667,D
503849,15.8666,D
503960,15.8666,D
503960,15.8665,D
503960,15.8665,D
504070,15.8664,D
504071,15.8663,D
504181,15.8662,D
504181,15.8662,D
504181,15.8661,D
504293,15.8766,D
504293,15.9005,D
504402,15.9043,D
504403,15.9068,D
504403,15.9083,D
504513,15.9091,D
504513,15.9096,D
504628,15.9098,D
504628,15.9096,D
504628,15.9093,D
504742,15.9089,D
504742,15.9085,D
504855,15.9082,D
504855,15.9078,D
504855,15.9075,D
504968,15.9072,D
504968,15.9070,D
504968,15.9069,D
505081,15.9067,D
505081,15.9066,D
505193,15.9065,D
505193,15.9064,D
505193,15.9063,D
505305,15.9063,D
505305,15.9061,D
505418,15.9061,D
505418,15.9060,D
505418,15.9060,D
505531,15.9059,D
505531,15.9062,D
505531,15.9071,D
505645,15.9087,D
505645,15.9108,D
505759,15.9153,D
505759,15.9490,D
505759,15.9493,D
505872,15.9487,D
505872,15.9481,D
505986,15.9477,D
505987,15.9475,D
505987,15.9472,D
506098,15.9469,D
506098,15.9466,D
506098,15.9465,D
506212,15.9463,D
506212,15.9462,D
506326,15.9462,D
506326,15.9461,D
506326,15.9461,D
506438,15.9460,D
506439,15.9460,D
506551,15.9460,D
506551,15.9460,D
506551,15.9460,D
506662,15.9460,D
506662,15.9460,D
506772,15.9460,D
506772,15.9459,D
506772,15.9459,D
506881,15.9460,D
506881,15.9463,D
506881,15.9469,D
506992,15.9478,D
506992,15.9725,D
507102,15.9876,D
507102,15.9883,D
507213,15.9883,D
507213,15.9881,D
507213,15.9879,D
507323,15.9877,D
507323,15.9874,D
507323,15.9872,D
507435,15.9870,D
507435,15.9868,D
507545,15.9866,D
507545,15.9865,D
507545,15.9864,D
507657,15.9863,D
507657,15.9862,D
507767,15.9861,D
507767,15.9861,D
507767,15.9860,D
507878,15.9860,D
507878,15.9859,D
507988,15.9858,D
507988,15.9858,D
508098,15.9925,D
508098,16.0196,D
508098,16.0237,D
508210,16.0263,D
508210,16.0278,D
508210,16.0286,D
508322,16.0291,D
508323,16.0293,D
508323,16.0292,D
508433,16.0289,D
508433,16.0285,D
508543,16.0282,D
508544,16.0278,D
508544,16.0274,D
508644,16.0271,D
508644,16.0269,D
508757,16.0266,D
508757,16.0265,D
508871,16.0263,D
508871,16.0262,D
508871,16.0261,D
508985,16.0260,D
508985,16.0259,D
509098,16.0259,D
509099,16.0257,D
509099,16.0257,D
509211,16.0256,D
509211,16.0256,D
509211,16.0256,D
509325,16.0256,D
509326,16.0257,D
509439,16.0259,D
509439,16.0265,D
509439,16.0273,D
509551,16.0662,D
509551,16.0691,D
509664,16.0687,D
509664,16.0680,D
509664,16.0675,D
509777,16.0672,D
509777,16.0669,D
509777,16.0666,D
509891,16.0664,D
509891,16.0663,D
510004,16.0662,D
510005,16.0660,D
510005,16.0659,D
510118,16.0659,D
510118,16.0658,D
510118,16.0658,D
510231,16.0658,D
510231,16.0658,D
510231,16.0658,D
510345,16.0658,D
510345,16.0657,D
510458,16.0657,D
510459,16.0657,D
510570,16.0656,D
510571,16.0657,D
510571,16.0661,D
510683,16.0671,D
510683,16.0686,D
510683,16.0706,D
510795,16.0893,D
510795,16.1071,D
510904,16.1078,D
510904,16.1078,D
510905,16.1076,D
511016,16.1075,D
511016,16.1073,D
511126,16.1070,D
511126,16.1068,D
511237,16.1065,D
511237,16.1063,D
511237,16.1062,D
511346,16.1060,D
511347,16.1059,D
511347,16.1058,D
511458,16.1057,D
511458,16.1056,D
511568,16.1056,D
511568,16.1055,D
511568,16.1054,D
511680,16.1053,D
511680,16.1052,D
511791,16.1052,D
511791,16.1084,D
511791,16.1380,D
511901,16.1425,D
511901,16.1452,D
512012,16.1469,D
512012,16.1478,D
512012,16.1483,D
512123,16.1485,D
512123,16.1484,D
512123,16.1481,D
512235,16.1478,D
512235,16.1474,D
512347,16.1470,D
512347,16.1467,D
512347,16.1463,D
512455,16.1461,D
512456,16.1458,D
512564,16.1457,D
512564,16.1455,D
512564,16.1454,D
512677,16.1452,D
512677,16.1452,D
512791,16.1451,D
512791,16.1450,D
512791,16.1448,D
512903,16.1447,D
512903,16.1446,D
513016,16.1446,D
513016,16.1446,D
513017,16.1446,D
513129,16.1450,D
513129,16.1458,D
513129,16.1472,D
513243,16.1491,D
513243,16.1807,D
513355,16.1879,D
513355,16.1879,D
513355,16.1872,D
513468,16.1868,D
513468,16.1865,D
513580,16.1862,D
513580,16.1860,D
513580,16.1858,D
513694,16.1856,D
513694,16.1854,D
513694,16.1853,D
513807,16.1852,D
513807,16.1851,D
513921,16.1850,D
513921,16.1850,D
513921,16.1850,D
514035,16.1850,D
514035,16.1850,D
514149,16.1850,D
514149,16.1850,D
514149,16.1850,D
514263,16.1850,D
514263,16.1850,D
514377,16.1849,D
514377,16.1850,D
514377,16.1851,D
514489,16.1855,D
514489,16.1862,D
514489,16.1895,D
514601,16.2268,D
514601,16.2276,D
514712,16.2277,D
514712,16.2275,D
514712,16.2274,D
514825,16.2272,D
514825,16.2270,D
514935,16.2267,D
514935,16.2266,D
514935,16.2264,D
515047,16.2262,D
515047,16.2261,D
515158,16.2260,D
515158,16.2259,D
515158,16.2258,D
515268,16.2258,D
515268,16.2257,D
515268,16.2257,D
515378,16.2256,D
515378,16.2256,D
515487,16.2255,D
515487,16.2254,D
515487,16.2254,D
515600,16.2435,D
515600,16.2604,D
515711,16.2639,D
515711,16.2663,D
515711,16.2677,D
515821,16.2686,D
515821,16.2691,D
515933,16.2693,D
515933,16.2692,D
515933,16.2689,D
516044,16.2684,D
516044,16.2680,D
516154,16.2676,D
516154,16.2673,D
516154,16.2670,D
516264,16.2667,D
516264,16.2665,D
516375,16.2663,D
516375,16.2662,D
516375,16.2661,D
516485,16.2659,D
516485,16.2658,D
516596,16.2658,D
516596,16.2655,D
516596,16.2653,D
516709,16.2653,D
516709,16.2652,D
516709,16.2652,D
516823,16.2652,D
516823,16.2652,D
516937,16.2655,D
516937,16.2663,D
516937,16.2675,D
517051,16.2759,D
517051,16.3083,D
517165,16.3085,D
517165,16.3079,D
517165,16.3073,D
517279,16.3069,D
517279,16.3067,D
517279,16.3064,D
517392,16.3061,D
517392,16.3058,D
517506,16.3057,D
517506,16.3055,D
517506,16.3054,D
517619,16.3053,D
517620,16.3052,D
517732,16.3052,D
517732,16.3051,D
517732,16.3051,D
517847,16.3051,D
517847,16.3051,D
517960,16.3050,D
517960,16.3050,D
517960,16.3049,D
518073,16.3049,D
518073,16.3048,D
518073,16.3049,D
518186,16.3052,D
518186,16.3059,D
518299,16.3072,D
518299,16.3090,D
518299,16.3258,D
518412,16.3464,D
518412,16.3472,D
518524,16.3472,D
518524,16.3471,D
518524,16.3469,D
518636,16.3467,D
518637,16.3464,D
518637,16.3462,D
518747,16.3460,D
518747,16.3459,D
518856,16.3457,D
518856,16.3456,D
518967,16.3454,D
518967,16.3454,D
518967,16.3453,D
519077,16.3452,D
519077,16.3452,D
519077,16.3451,D
519188,16.3451,D
519188,16.3451,D
519297,16.3450,D
519297,16.3449,D
519297,16.3449,D
519407,16.3719,D
519408,16.3810,D
519518,16.3843,D
519519,16.3864,D
519519,16.3876,D
519630,16.3884,D
519630,16.3888,D
519740,16.3888,D
519740,16.3885,D
519740,16.3881,D
519851,16.3877,D
519851,16.3873,D
519962,16.3870,D
519962,16.3866,D
519962,16.3863,D
520073,16.3861,D
520073,16.3859,D
520184,16.3857,D
520184,16.3856,D
520184,16.3854,D
520296,16.3853,D
520296,16.3850,D
520406,16.3848,D
520406,16.3847,D
520406,16.3846,D
520518,16.3846,D
520518,16.3845,D
520518,16.3845,D
520627,16.3845,D
520627,16.3845,D
520740,16.3848,D
520740,16.3855,D
520740,16.3868,D
520853,16.4075,D
520853,16.4276,D
520967,16.4277,D
520967,16.4273,D
520967,16.4267,D
521079,16.4265,D
521079,16.4263,D
521192,16.4260,D
521192,16.4257,D
521192,16.4255,D
521305,16.4253,D
521305,16.4251,D
521305,16.4250,D
521418,16.4249,D
521418,16.4248,D
521530,16.4248,D
521530,16.4248,D
521530,16.4247,D
521644,16.4247,D
521644,16.4247,D
521644,16.4247,D
521757,16.4247,D
521757,16.4247,D
521870,16.4245,D
521870,16.4245,D
521982,16.4247,D
521982,16.4251,D
521982,16.4260,D
522097,16.4276,D
522097,16.4296,D
522097,16.4549,D
522210,16.4661,D
522210,16.4669,D
522210,16.4669,D
522323,16.4668,D
522323,16.4666,D
522437,16.4664,D
522437,16.4662,D
522437,16.4659,D
522549,16.4657,D
522549,16.4656,D
522662,16.4654,D
522663,16.4653,D
522663,16.4652,D
522773,16.4651,D
522774,16.4650,D
522884,16.4649,D
522884,16.4649,D
522884,16.4649,D
522994,16.4648,D
522994,16.4648,D
523105,16.4647,D
523105,16.4646,D
523105,16.4678,D
523214,16.4972,D
523214,16.5019,D
523326,16.5046,D
523326,16.5064,D
523326,16.5075,D
523435,16.5082,D
523435,16.5085,D
523546,16.5084,D
523547,16.5081,D
523547,16.5077,D
523658,16.5073,D
523658,16.5069,D
523658,16.5066,D
523769,16.5062,D
523770,16.5060,D
523881,16.5057,D
523881,16.5055,D
523881,16.5054,D
523992,16.5052,D
523992,16.5051,D
524101,16.5050,D
524101,16.5049,D
524212,16.5049,D
524213,16.5047,D
524213,16.5046,D
524324,16.5045,D
524324,16.5044,D
524324,16.5044,D
524436,16.5044,D
524437,16.5046,D
524545,16.5053,D
524546,16.5067,D
524546,16.5085,D
524657,16.5332,D
524657,16.5476,D
524657,16.5476,D
524768,16.5472,D
524768,16.5467,D
524879,16.5464,D
524879,16.5461,D
524879,16.5457,D
524991,16.5454,D
524991,16.5452,D
525101,16.5450,D
525101,16.5449,D
525101,16.5448,D
525211,16.5447,D
525212,16.5446,D
525322,16.5446,D
525322,16.5445,D
525433,16.5445,D
525433,16.5445,D
525433,16.5445,D
525543,16.5445,D
525543,16.5445,D
525543,16.5445,D
525654,16.5444,D
525654,16.5443,D
525764,16.5445,D
525764,16.5450,D
525764,16.5461,D
525875,16.5477,D
525875,16.5498,D
525986,16.5771,D
525986,16.5860,D
525986,16.5867,D
526098,16.5867,D
526098,16.5865,D
526208,16.5863,D
526208,16.5861,D
526208,16.5858,D
526319,16.5856,D
526319,16.5854,D
526429,16.5853,D
526429,16.5851,D
526429,16.5850,D
526539,16.5849,D
526539,16.5848,D
526539,16.5847,D
526644,16.5847,D
526644,16.5846,D
526758,16.5846,D
526758,16.5846,D
526758,16.5845,D
526870,16.5844,D
526870,16.5844,D
526984,16.5926,D
526984,16.6179,D
526984,16.6221,D
527097,16.6248,D
527097,16.6264,D
527210,16.6274,D
527210,16.6280,D
527210,16.6283,D
527324,16.6281,D
527324,16.6278,D
527437,16.6274,D
527437,16.6270,D
527437,16.6266,D
527550,16.6262,D
527550,16.6259,D
527550,16.6257,D
527664,16.6254,D
527664,16.6253,D
527777,16.6251,D
527777,16.6249,D
527778,16.6248,D
527891,16.6247,D
527891,16.6246,D
528004,16.6244,D
528004,16.6242,D
528004,16.6241,D
528117,16.6241,D
528117,16.6241,D
528117,16.6241,D
528229,16.6241,D
528229,16.6242,D
528341,16.6247,D
528341,16.6257,D
528456,16.6272,D
528456,16.6623,D
528456,16.6672,D
528569,16.6671,D
528569,16.6664,D
528569,16.6661,D
528679,16.6659,D
528679,16.6656,D
528789,16.6654,D
528790,16.6651,D
528790,16.6650,D
528897,16.6648,D
528897,16.6647,D
528897,16.6645,D
529007,16.6644,D
529007,16.6643,D
529117,16.6643,D
529117,16.6642,D
529117,16.6642,D
529227,16.6642,D
529227,16.6642,D
529339,16.6641,D
529339,16.6641,D
529450,16.6641,D
529451,16.6640,D
529451,16.6640,D
529561,16.6641,D
529561,16.6645,D
529561,16.6654,D
529672,16.6667,D
529672,16.6685,D
529783,16.7010,D
529783,16.7059,D
529783,16.7064,D
529893,16.7064,D
529893,16.7062,D
530003,16.7060,D
530003,16.7058,D
530003,16.7056,D
530113,16.7053,D
530114,16.7051,D
530224,16.7050,D
530224,16.7048,D
530224,16.7047,D
530335,16.7046,D
530335,16.7045,D
530444,16.7044,D
530444,16.7044,D
530444,16.7043,D
530560,16.7043,D
530560,16.7043,D
530675,16.7042,D
530675,16.7041,D
530675,16.7041,D
530786,16.7141,D
530786,16.7380,D
530898,16.7421,D
530898,16.7447,D
530899,16.7462,D
531011,16.7470,D
531011,16.7475,D
531011,16.7477,D
531125,16.7475,D
531125,16.7473,D
531125,16.7470,D
531239,16.7467,D
531239,16.7463,D
531352,16.7460,D
531352,16.7456,D
531352,16.7454,D
531466,16.7451,D
531466,16.7449,D
531580,16.7448,D
531580,16.7447,D
531692,16.7445,D
531692,16.7445,D
531692,16.7444,D
531692,16.7443,D
531804,16.7441,D
531804,16.7439,D
531917,16.7439,D
531917,16.7438,D
531917,16.7438,D
532030,16.7439,D
532030,16.7442,D
532143,16.7450,D
532144,16.7464,D
532144,16.7482,D
532257,16.7847,D
532257,16.7873,D
532369,16.7869,D
532369,16.7863,D
532369,16.7860,D
532484,16.7857,D
532484,16.7855,D
532484,16.7852,D
532597,16.7849,D
532597,16.7847,D
532707,16.7845,D
532707,16.7844,D
532707,16.7843,D
532819,16.7842,D
532819,16.7841,D
532929,16.7841,D
532929,16.7840,D
532929,16.7840,D
533038,16.7840,D
533039,16.7840,D
533150,16.7840,D
533150,16.7840,D
533150,16.7839,D
533262,16.7838,D
533262,16.7838,D
533371,16.7840,D
533371,16.7846,D
533371,16.7857,D
533482,16.7873,D
533482,16.7893,D
533592,16.8252,D
533592,16.8260,D
533592,16.8261,D
533703,16.8260,D
533703,16.8259,D
533703,16.8257,D
533813,16.8254,D
533813,16.8252,D
533924,16.8250,D
533924,16.8248,D
534034,16.8247,D
534034,16.8245,D
534034,16.8244,D
534146,16.8243,D
534146,16.8242,D
534146,16.8242,D
534256,16.8241,D
534256,16.8241,D
534367,16.8240,D
534367,16.8240,D
534368,16.8239,D
534478,16.8238,D
534478,16.8238,D
534580,16.8358,D
534580,16.8580,D
534693,16.8620,D
534693,16.8646,D
534693,16.8660,D
534807,16.8669,D
534807,16.8674,D
534807,16.8676,D
534921,16.8674,D
534921,16.8671,D
535034,16.8668,D
535034,16.8664,D
535034,16.8661,D
535145,16.8658,D
535145,16.8655,D
535145,16.8652,D
535258,16.8650,D
535258,16.8648,D
535372,16.8647,D
535372,16.8646,D
535372,16.8644,D
535485,16.8644,D
535485,16.8643,D
535598,16.8642,D
535598,16.8640,D
535598,16.8640,D
535712,16.8639,D
535712,16.8638,D
535712,16.8638,D
535825,16.8639,D
535825,16.8642,D
535939,16.8650,D
535939,16.8666,D
535939,16.8686,D
536052,16.9047,D
536052,16.9074,D
536165,16.9069,D
536165,16.9063,D
536165,16.9059,D
536278,16.9057,D
536278,16.9054,D
536391,16.9051,D
536391,16.9049,D
536391,16.9047,D
536504,16.9045,D
536504,16.9044,D
536504,16.9043,D
536617,16.9042,D
536617,16.9041,D
536727,16.9041,D
536727,16.9041,D
536727,16.9041,D
536836,16.9041,D
536836,16.9040,D
536947,16.9040,D
536947,16.9040,D
536947,16.9039,D
537057,16.9038,D
537057,16.9039,D
537167,16.9041,D
537167,16.9046,D
537167,16.9057,D
537278,16.9074,D
537278,16.9115,D
537387,16.9453,D
537387,16.9461,D
537387,16.9462,D
537496,16.9461,D
537496,16.9460,D
537607,16.9458,D
537607,16.9456,D
537718,16.9453,D
537718,16.9451,D
537718,16.9450,D
537829,16.9448,D
537829,16.9446,D
537829,16.9445,D
537940,16.9444,D
537940,16.9443,D
537940,16.9442,D
538051,16.9442,D
538051,16.9441,D
538164,16.9441,D
538164,16.9441,D
538164,16.9441,D
538275,16.9439,D
538275,16.9439,D
538387,16.9540,D
538387,16.9780,D
538387,16.9819,D
538499,16.9845,D
538499,16.9860,D
538609,16.9869,D
538609,16.9874,D
538609,16.9876,D
538720,16.9874,D
538721,16.9871,D
538832,16.9867,D
538832,16.9864,D
538832,16.9860,D
538942,16.9857,D
538942,16.9854,D
539054,16.9852,D
539054,16.9850,D
539054,16.9848,D
539165,16.9846,D
539165,16.9845,D
539277,16.9844,D
539277,16.9843,D
539277,16.9842,D
539388,16.9841,D
539388,16.9839,D
539388,16.9838,D
539499,16.9837,D
539499,16.9837,D
539610,16.9837,D
539610,16.9837,D
539610,16.9840,D
539721,16.9847,D
539721,16.9859,D
539832,16.9876,D
539832,17.0218,D
539832,17.0267,D
539944,17.0266,D
539944,17.0261,D
540054,17.0257,D
540054,17.0255,D
540054,17.0253,D
540165,17.0250,D
540165,17.0247,D
540275,17.0245,D
540275,17.0244,D
540275,17.0242,D
540386,17.0241,D
540386,17.0240,D
540386,17.0239,D
540497,17.0239,D
540497,17.0238,D
540597,17.0238,D
540597,17.0238,D
540710,17.0238,D
540710,17.0237,D
540710,17.0236,D
540824,17.0236,D
540825,17.0236,D
540825,17.0236,D
540938,17.0237,D
540939,17.0242,D
541052,17.0251,D
541052,17.0265,D
541053,17.0284,D
541166,17.0627,D
541166,17.0655,D
541279,17.0658,D
541279,17.0658,D
541279,17.0656,D
541392,17.0655,D
541392,17.0652,D
541392,17.0650,D
541506,17.0648,D
541506,17.0646,D
541619,17.0644,D
541619,17.0643,D
541619,17.0641,D
541732,17.0640,D
541732,17.0640,D
541845,17.0639,D
541845,17.0638,D
541845,17.0638,D
541958,17.0638,D
541958,17.0637,D
541958,17.0637,D
542073,17.0635,D
542073,17.0635,D
542185,17.0735,D
542185,17.0973,D
542185,17.1014,D
542298,17.1041,D
542299,17.1056,D
542411,17.1065,D
542412,17.1071,D
542412,17.1073,D
542524,17.1072,D
542524,17.1069,D
542635,17.1065,D
542635,17.1061,D
542635,17.1058,D
542746,17.1055,D
542746,17.1052,D
542746,17.1049,D
542855,17.1047,D
542855,17.1045,D
542964,17.1043,D
542964,17.1042,D
542964,17.1041,D
543074,17.1040,D
543074,17.1039,D
543185,17.1038,D
543185,17.1036,D
543185,17.1035,D
543297,17.1034,D
543298,17.1034,D
543407,17.1034,D
543408,17.1034,D
543408,17.1036,D
543517,17.1042,D
543518,17.1053,D
543628,17.1069,D
543629,17.1392,D
543739,17.1464,D
543739,17.1464,D
543739,17.1460,D
543849,17.1457,D
543849,17.1454,D
543849,17.1452,D
543959,17.1448,D
543959,17.1446,D
544068,17.1444,D
544068,17.1442,D
544068,17.1440,D
544179,17.1439,D
544179,17.1438,D
544290,17.1437,D
544290,17.1437,D
544290,17.1437,D
544401,17.1437,D
544401,17.1437,D
544511,17.1437,D
544511,17.1436,D
544511,17.1436,D
544621,17.1436,D
544621,17.1435,D
544731,17.1434,D
544731,17.1436,D
544731,17.1440,D
544842,17.1449,D
544842,17.1464,D
544842,17.1484,D
544953,17.1759,D
544953,17.1849,D
545062,17.1857,D
545063,17.1857,D
545173,17.1856,D
545173,17.1854,D
545173,17.1852,D
545284,17.1850,D
545284,17.1848,D
545284,17.1846,D
545395,17.1844,D
545395,17.1842,D
545506,17.1841,D
545506,17.1840,D
545506,17.1839,D
545617,17.1838,D
545617,17.1838,D
545726,17.1837,D
545726,17.1837,D
545726,17.1837,D
545836,17.1836,D
545837,17.1835,D
545946,17.1834,D
545946,17.1882,D
545946,17.2163,D
546058,17.2207,D
546058,17.2233,D
546170,17.2252,D
546170,17.2263,D
546170,17.2269,D
546281,17.2270,D
546281,17.2268,D
546391,17.2265,D
546391,17.2261,D
546391,17.2258,D
546501,17.2255,D
546501,17.2251,D
546611,17.2248,D
546611,17.2246,D
546612,17.2244,D
546722,17.2242,D
546722,17.2240,D
546722,17.2239,D
546832,17.2238,D
546832,17.2237,D
546941,17.2236,D
546941,17.2235,D
546941,17.2233,D
547051,17.2232,D
547051,17.2231,D
547160,17.2231,D
547161,17.2231,D
547161,17.2231,D
547271,17.2233,D
547272,17.2239,D
547382,17.2251,D
547382,17.2267,D
547382,17.2539,D
547492,17.2658,D
547493,17.2659,D
547603,17.2656,D
547603,17.2652,D
547603,17.2650,D
547715,17.2647,D
547715,17.2644,D
547826,17.2642,D
547826,17.2640,D
547826,17.2638,D
547937,17.2637,D
547937,17.2636,D
548048,17.2635,D
548048,17.2635,D
548048,17.2634,D
548158,17.2634,D
548158,17.2634,D
548270,17.2634,D
548270,17.2634,D
548270,17.2634,D
548379,17.2634,D
548380,17.2634,D
548380,17.2634,D
548490,17.2633,D
548490,17.2633,D
548600,17.2634,D
548600,17.2637,D
548712,17.2641,D
548712,17.2649,D
548712,17.2847,D
548821,17.3048,D
548821,17.3056,D
548821,17.3057,D
548932,17.3057,D
548933,17.3055,D
549043,17.3054,D
549043,17.3051,D
549043,17.3049,D
549153,17.3047,D
549154,17.3046,D
549265,17.3044,D
549265,17.3042,D
549265,17.3041,D
549377,17.3040,D
549377,17.3039,D
549488,17.3039,D
549488,17.3038,D
549488,17.3038,D
549597,17.3037,D
549597,17.3037,D
549707,17.3036,D
549708,17.3035,D
549708,17.3035,D
549819,17.3238,D
549819,17.3388,D
549929,17.3424,D
549929,17.3445,D
549929,17.3459,D
550040,17.3468,D
550040,17.3473,D
550040,17.3474,D
550151,17.3472,D
550151,17.3469,D
550261,17.3465,D
550261,17.3461,D
550261,17.3458,D
550370,17.3454,D
550371,17.3451,D
550480,17.3449,D
550480,17.3447,D
550480,17.3445,D
550591,17.3443,D
550591,17.3442,D
550702,17.3441,D
550702,17.3440,D
550812,17.3439,D
550812,17.3437,D
550812,17.3435,D
550924,17.3435,D
550924,17.3434,D
550924,17.3434,D
551035,17.3434,D
551036,17.3434,D
551146,17.3436,D
551146,17.3441,D
551146,17.3450,D
551256,17.3511,D
551257,17.3870,D
551367,17.3872,D
551367,17.3868,D
551367,17.3863,D
551476,17.3859,D
551477,17.3856,D
551587,17.3852,D
551587,17.3849,D
551587,17.3847,D
551697,17.3844,D
551698,17.3843,D
551809,17.3841,D
551809,17.3840,D
551809,17.3839,D
551919,17.3838,D
551919,17.3838,D
551919,17.3837,D
552032,17.3837,D
552032,17.3837,D
552141,17.3837,D
552141,17.3836,D
552250,17.3836,D
552251,17.3835,D
552251,17.3835,D
552361,17.3835,D
552361,17.3835,D
552361,17.3838,D
552472,17.3845,D
552472,17.3857,D
552582,17.3873,D
552582,17.4132,D
552582,17.4248,D
552692,17.4256,D
552692,17.4257,D
552802,17.4257,D
552802,17.4255,D
552913,17.4253,D
552913,17.4251,D
552913,17.4249,D
553023,17.4248,D
553023,17.4246,D
553023,17.4244,D
553135,17.4243,D
553135,17.4241,D
553245,17.4240,D
553245,17.4240,D
553245,17.4239,D
553356,17.4239,D
553356,17.4238,D
553467,17.4238,D
553467,17.4238,D
553467,17.4237,D
553578,17.4236,D
553578,17.4236,D
553690,17.4537,D
553690,17.4597,D
553690,17.4629,D
553801,17.4649,D
553801,17.4661,D
553801,17.4669,D
553913,17.4673,D
553913,17.4673,D
554023,17.4671,D
554023,17.4668,D
554023,17.4664,D
554132,17.4661,D
554132,17.4658,D
554243,17.4655,D
554244,17.4652,D
554244,17.4650,D
554354,17.4648,D
554354,17.4646,D
554465,17.4645,D
554465,17.4643,D
554465,17.4642,D
554580,17.4642,D
554580,17.4641,D
554693,17.4639,D
554693,17.4638,D
554693,17.4637,D
554807,17.4636,D
554807,17.4636,D
554807,17.4636,D
554920,17.4637,D
554921,17.4640,D
555034,17.4649,D
555035,17.4664,D
555035,17.4821,D
555149,17.5066,D
555149,17.5069,D
555262,17.5066,D
555262,17.5061,D
555262,17.5059,D
555374,17.5056,D
555375,17.5053,D
555487,17.5050,D
555487,17.5048,D
555487,17.5046,D
555601,17.5044,D
555601,17.5043,D
555601,17.5042,D
555714,17.5041,D
555715,17.5040,D
555828,17.5040,D
555828,17.5040,D
555828,17.5040,D
555940,17.5039,D
555941,17.5039,D
556055,17.5039,D
556055,17.5038,D
556055,17.5038,D
556169,17.5038,D
556169,17.5038,D
556169,17.5039,D
556282,17.5043,D
556282,17.5052,D
556396,17.5066,D
556396,17.5084,D
556396,17.5454,D
556510,17.5463,D
556510,17.5464,D
556510,17.5464,D
556624,17.5462,D
556624,17.5460,D
556734,17.5458,D
556735,17.5456,D
556735,17.5454,D
556844,17.5452,D
556845,17.5450,D
556954,17.5449,D
556954,17.5447,D
556954,17.5446,D
557065,17.5445,D
557065,17.5444,D
557175,17.5444,D
557175,17.5444,D
557175,17.5443,D
557285,17.5443,D
557285,17.5442,D
557395,17.5441,D
557396,17.5440,D
557396,17.5487,D
557507,17.5762,D
557507,17.5812,D
557618,17.5840,D
557618,17.5857,D
557618,17.5868,D
557728,17.5875,D
557728,17.5878,D
557728,17.5877,D
557840,17.5875,D
557840,17.5872,D
557950,17.5869,D
557951,17.5865,D
557951,17.5862,D
558061,17.5859,D
558061,17.5856,D
558172,17.5854,D
558173,17.5852,D
558173,17.5850,D
558285,17.5849,D
558285,17.5847,D
558395,17.5847,D
558395,17.5846,D
558395,17.5845,D
558505,17.5843,D
558505,17.5842,D
558612,17.5841,D
558612,17.5840,D
558612,17.5840,D
558726,17.5840,D
558726,17.5841,D
558839,17.5845,D
558839,17.5856,D
558839,17.5871,D
558953,17.6075,D
558953,17.6269,D
558953,17.6273,D
559065,17.6270,D
559066,17.6267,D
559178,17.6263,D
559178,17.6260,D
559178,17.6256,D
559292,17.6253,D
559292,17.6251,D
559405,17.6250,D
559405,17.6249,D
559405,17.6247,D
559519,17.6246,D
559519,17.6245,D
559519,17.6245,D
559633,17.6244,D
559633,17.6244,D
559746,17.6244,D
559746,17.6244,D
559747,17.6244,D
559859,17.6243,D
559859,17.6242,D
559973,17.6242,D
559973,17.6242,D
559973,17.6242,D
560085,17.6243,D
560085,17.6248,D
560086,17.6258,D
560199,17.6273,D
560199,17.6312,D
560313,17.6655,D
560313,17.6664,D
560313,17.6665,D
560427,17.6665,D
560427,17.6664,D
560540,17.6662,D
560540,17.6660,D
560540,17.6658,D
560652,17.6656,D
560652,17.6654,D
560763,17.6653,D
560763,17.6651,D
560763,17.6650,D
560874,17.6649,D
560874,17.6648,D
560874,17.6647,D
560986,17.6647,D
560986,17.6646,D
561096,17.6646,D
561097,17.6646,D
561097,17.6645,D
561208,17.6645,D
561208,17.6644,D
561318,17.6780,D
561319,17.6983,D
561319,17.7022,D
561430,17.7048,D
561430,17.7064,D
561540,17.7074,D
561540,17.7079,D
561540,17.7080,D
561650,17.7079,D
561650,17.7076,D
561760,17.7073,D
561760,17.7069,D
561760,17.7066,D
561870,17.7063,D
561870,17.7060,D
561981,17.7058,D
561981,17.7055,D
561981,17.7054,D
562091,17.7052,D
562091,17.7051,D
562201,17.7050,D
562201,17.7049,D
562201,17.7048,D
562312,17.7047,D
562312,17.7044,D
562422,17.7044,D
562423,17.7043,D
562423,17.7043,D
562532,17.7043,D
562532,17.7043,D
562532,17.7044,D
562640,17.7049,D
562641,17.7058,D
562750,17.7073,D
562750,17.7425,D
562861,17.7475,D
562861,17.7475,D
562861,17.7470,D
562973,17.7467,D
562973,17.7465,D
562973,17.7462,D
563083,17.7459,D
563084,17.7457,D
563195,17.7455,D
563195,17.7453,D
563195,17.7451,D
563306,17.7450,D
563307,17.7449,D
563418,17.7448,D
563418,17.7448,D
563418,17.7447,D
563529,17.7447,D
563529,17.7447,D
563639,17.7447,D
563639,17.7447,D
563639,17.7445,D
563749,17.7445,D
563749,17.7444,D
563858,17.7444,D
563858,17.7445,D
563858,17.7447,D
563968,17.7454,D
563968,17.7466,D
564078,17.7482,D
564078,17.7650,D
564078,17.7858,D
564190,17.7866,D
564190,17.7867,D
564301,17.7867,D
564301,17.7865,D
564301,17.7863,D
564411,17.7861,D
564411,17.7859,D
564411,17.7857,D
564520,17.7856,D
564520,17.7854,D
564629,17.7853,D
564629,17.7852,D
564629,17.7851,D
564743,17.7850,D
564743,17.7849,D
564856,17.7849,D
564856,17.7848,D
564970,17.7848,D
564970,17.7848,D
564970,17.7847,D
565084,17.7846,D
565084,17.7846,D
565084,17.8086,D
565197,17.8202,D
565197,17.8234,D
565197,17.8256,D
565310,17.8271,D
565310,17.8280,D
565423,17.8285,D
565424,17.8285,D
565424,17.8283,D
565537,17.8280,D
565537,17.8277,D
565650,17.8274,D
565650,17.8270,D
565763,17.8267,D
565763,17.8264,D
565763,17.8262,D
565876,17.8260,D
565876,17.8258,D
565876,17.8257,D
565989,17.8256,D
565989,17.8255,D
565989,17.8254,D
566101,17.8253,D
566102,17.8252,D
566214,17.8251,D
566214,17.8250,D
566214,17.8249,D
566328,17.8249,D
566328,17.8249,D
566442,17.8250,D
566442,17.8253,D
566442,17.8262,D
566555,17.8277,D
566555,17.8385,D
566555,17.8679,D
566668,17.8684,D
566668,17.8681,D
566777,17.8676,D
566777,17.8673,D
566777,17.8670,D
566887,17.8667,D
566887,17.8664,D
566997,17.8662,D
566997,17.8660,D
566997,17.8658,D
567108,17.8656,D
567108,17.8655,D
567220,17.8654,D
567220,17.8653,D
567220,17.8653,D
567329,17.8652,D
567329,17.8652,D
567439,17.8652,D
567439,17.8651,D
567439,17.8651,D
567550,17.8650,D
567550,17.8650,D
567660,17.8649,D
567660,17.8649,D
567660,17.8650,D
567770,17.8653,D
567770,17.8660,D
567880,17.8671,D
567880,17.8688,D
567880,17.8969,D
567989,17.9062,D
567989,17.9070,D
568100,17.9071,D
568100,17.9070,D
568100,17.9068,D
568212,17.9066,D
568212,17.9064,D
568212,17.9062,D
568323,17.9060,D
568323,17.9058,D
568435,17.9056,D
568435,17.9055,D
568435,17.9054,D
568544,17.9053,D
568544,17.9052,D
568655,17.9051,D
568655,17.9051,D
568655,17.9051,D
568765,17.9050,D
568765,17.9049,D
568876,17.9048,D
568876,17.9048,D
568876,17.9048,D
568988,17.9351,D
568988,17.9410,D
569098,17.9442,D
569098,17.9462,D
569098,17.9475,D
569208,17.9482,D
569208,17.9485,D
569320,17.9484,D
569320,17.9482,D
569320,17.9479,D
569430,17.9476,D
569430,17.9472,D
569540,17.9469,D
569540,17.9466,D
569540,17.9463,D
569650,17.9461,D
569650,17.9459,D
569762,17.9458,D
569762,17.9456,D
569762,17.9455,D
569873,17.9454,D
569873,17.9453,D
569873,17.9452,D
569984,17.9449,D
569984,17.9449,D
570094,17.9448,D
570094,17.9448,D
570205,17.9448,D
570205,17.9447,D
570205,17.9448,D
570316,17.9450,D
570316,17.9456,D
570316,17.9467,D
570427,17.9625,D
570427,17.9876,D
570537,17.9879,D
570537,17.9876,D
570537,17.9872,D
570647,17.9869,D
570647,17.9866,D
570758,17.9863,D
570758,17.9861,D
570758,17.9859,D
570868,17.9857,D
570868,17.9855,D
570978,17.9853,D
570978,17.9852,D
570978,17.9851,D
571089,17.9851,D
571089,17.9850,D
571198,17.9850,D
571198,17.9850,D
571198,17.9850,D
571308,17.9849,D
571309,17.9848,D
571419,17.9848,D
571419,17.9848,D
571419,17.9848,D
571531,17.9848,D
571531,17.9849,D
571642,17.9853,D
571642,17.9861,D
571642,17.9875,D
571752,17.9893,D
571752,18.0260,D
571752,18.0270,D
571861,18.0271,D
571862,18.0270,D
571970,18.0269,D
571970,18.0267,D
571970,18.0265,D
572080,18.0262,D
572080,18.0260,D
572191,18.0259,D
572191,18.0257,D
572303,18.0255,D
572303,18.0254,D
572303,18.0253,D
572413,18.0252,D
572413,18.0251,D
572413,18.0251,D
572524,18.0251,D
572524,18.0250,D
572634,18.0250,D
572634,18.0249,D
572635,18.0248,D
572745,18.0247,D
572746,18.0295,D
572856,18.0574,D
572856,18.0622,D
572856,18.0646,D
572965,18.0663,D
572965,18.0675,D
573077,18.0682,D
573077,18.0684,D
573077,18.0683,D
573188,18.0681,D
573188,18.0678,D
573299,18.0674,D
573299,18.0671,D
573299,18.0667,D
573409,18.0664,D
573410,18.0662,D
573410,18.0659,D
573519,18.0657,D
573519,18.0656,D
573629,18.0654,D
573629,18.0653,D
573741,18.0652,D
573741,18.0652,D
573741,18.0651,D
573852,18.0648,D
573852,18.0647,D
573852,18.0647,D
573963,18.0646,D
573963,18.0646,D
574073,18.0646,D
574073,18.0647,D
574073,18.0650,D
574182,18.0657,D
574182,18.0670,D
574293,18.0876,D
574293,18.1074,D
574404,18.1078,D
574404,18.1076,D
574404,18.1072,D
574516,18.1068,D
574516,18.1065,D
574516,18.1061,D
574626,18.1058,D
574626,18.1056,D
574735,18.1054,D
574735,18.1052,D
574735,18.1051,D
574846,18.1050,D
574846,18.1049,D
574956,18.1049,D
574956,18.1048,D
574956,18.1048,D
575068,18.1048,D
575068,18.1047,D
575180,18.1046,D
575180,18.1046,D
575180,18.1046,D
575291,18.1045,D
575291,18.1045,D
575291,18.1045,D
575402,18.1046,D
575402,18.1050,D
575513,18.1058,D
575513,18.1071,D
575513,18.1088,D
575624,18.1459,D
575624,18.1469,D
575734,18.1470,D
575734,18.1470,D
575845,18.1468,D
575846,18.1466,D
575846,18.1464,D
575955,18.1462,D
575955,18.1460,D
575955,18.1458,D
576066,18.1457,D
576066,18.1455,D
576177,18.1454,D
576177,18.1453,D
576177,18.1452,D
576288,18.1452,D
576288,18.1451,D
576399,18.1451,D
576399,18.1450,D
576399,18.1450,D
576510,18.1450,D
576510,18.1448,D
576621,18.1448,D
576621,18.1509,D
576621,18.1768,D
576731,18.1821,D
576731,18.1846,D
576731,18.1862,D
576841,18.1874,D
576841,18.1882,D
576952,18.1886,D
576952,18.1886,D
577062,18.1884,D
577062,18.1881,D
577062,18.1878,D
577174,18.1874,D
577174,18.1871,D
577284,18.1868,D
577284,18.1865,D
577284,18.1863,D
577394,18.1861,D
577394,18.1859,D
577394,18.1858,D
577506,18.1856,D
577506,18.1855,D
577615,18.1855,D
577616,18.1852,D
577616,18.1850,D
577728,18.1849,D
577728,18.1849,D
577839,18.1849,D
577839,18.1848,D
577839,18.1848,D
577951,18.1849,D
577951,18.1850,D
578061,18.1856,D
578061,18.1866,D
578061,18.2051,D
578172,18.2280,D
578172,18.2285,D
578172,18.2282,D
578282,18.2278,D
578283,18.2274,D
578393,18.2271,D
578393,18.2267,D
578393,18.2265,D
578504,18.2262,D
578504,18.2260,D
578614,18.2258,D
578614,18.2257,D
578614,18.2256,D
578725,18.2255,D
578725,18.2254,D
578835,18.2254,D
578835,18.2254,D
578835,18.2253,D
578945,18.2253,D
578945,18.2252,D
579056,18.2252,D
579056,18.2252,D
579056,18.2252,D
579166,18.2252,D
579167,18.2252,D
579278,18.2253,D
579278,18.2256,D
579278,18.2262,D
579390,18.2274,D
579390,18.2290,D
579501,18.2573,D
579501,18.2668,D
579501,18.2677,D
579612,18.2678,D
579612,18.2678,D
579612,18.2676,D
579722,18.2674,D
579722,18.2672,D
579833,18.2670,D
579833,18.2668,D
579833,18.2667,D
579943,18.2665,D
579943,18.2664,D
580054,18.2663,D
580054,18.2662,D
580164,18.2661,D
580164,18.2661,D
580164,18.2660,D
580275,18.2660,D
580275,18.2660,D
580275,18.2659,D
580386,18.2659,D
580387,18.2658,D
580497,18.2657,D
580497,18.2931,D
580497,18.3015,D
580608,18.3048,D
580608,18.3066,D
580718,18.3079,D
580718,18.3088,D
580718,18.3093,D
580829,18.3094,D
580830,18.3093,D
580940,18.3091,D
580940,18.3088,D
580941,18.3084,D
581051,18.3081,D
581052,18.3078,D
581162,18.3075,D
581162,18.3072,D
581162,18.3070,D
581273,18.3068,D
581273,18.3066,D
581273,18.3065,D
581385,18.3064,D
581385,18.3058,D
581496,18.3057,D
581497,18.3057,D
581497,18.3056,D
581605,18.3056,D
581605,18.3056,D
581715,18.3055,D
581715,18.3055,D
581715,18.3055,D
581824,18.3056,D
581824,18.3059,D
581934,18.3067,D
581934,18.3126,D
581934,18.3483,D
582045,18.3488,D
582045,18.3485,D
582157,18.3481,D
582157,18.3477,D
582268,18.3474,D
582268,18.3471,D
582268,18.3468,D
582379,18.3465,D
582379,18.3463,D
582379,18.3461,D
582490,18.3459,D
582490,18.3457,D
582601,18.3456,D
582601,18.3456,D
582601,18.3455,D
582710,18.3455,D
582710,18.3455,D
582821,18.3454,D
582821,18.3454,D
582821,18.3453,D
582932,18.3452,D
582932,18.3452,D
582932,18.3452,D
583041,18.3452,D
583041,18.3452,D
583151,18.3454,D
583151,18.3460,D
583151,18.3469,D
583263,18.3484,D
583263,18.3654,D
583373,18.3865,D
583373,18.3874,D
583373,18.3875,D
583484,18.3875,D
583484,18.3873,D
583596,18.3871,D
583596,18.3869,D
583707,18.3867,D
583707,18.3865,D
583707,18.3863,D
583817,18.3861,D
583817,18.3860,D
583817,18.3859,D
583929,18.3858,D
583929,18.3857,D
584039,18.3856,D
584039,18.3856,D
584039,18.3855,D
584150,18.3855,D
584150,18.3855,D
584260,18.3853,D
584260,18.3853,D
584260,18.3852,D
584371,18.4026,D
584371,18.4199,D
584482,18.4238,D
584482,18.4258,D
584482,18.4271,D
584592,18.4282,D
584592,18.4288,D
584592,18.4289,D
584703,18.4289,D
584703,18.4287,D
584813,18.4284,D
584813,18.4281,D
584923,18.4277,D
584924,18.4274,D
584924,18.4271,D
585035,18.4268,D
585035,18.4266,D
585144,18.4264,D
585144,18.4263,D
585144,18.4261,D
585254,18.4260,D
585254,18.4259,D
585254,18.4259,D
585366,18.4258,D
585366,18.4254,D
585478,18.4254,D
585478,18.4254,D
585478,18.4253,D
585588,18.4253,D
585588,18.4253,D
585588,18.4254,D
585700,18.4258,D
585700,18.4267,D
585811,18.4280,D
585811,18.4636,D
585921,18.4685,D
585921,18.4687,D
585921,18.4684,D
586031,18.4680,D
586031,18.4677,D
586142,18.4673,D
586142,18.4670,D
586142,18.4667,D
586251,18.4665,D
586251,18.4663,D
586363,18.4661,D
586364,18.4660,D
586364,18.4659,D
586472,18.4658,D
586472,18.4658,D
586472,18.4657,D
586583,18.4657,D
586584,18.4657,D
586694,18.4656,D
586694,18.4656,D
586695,18.4655,D
586805,18.4655,D
586805,18.4655,D
586917,18.4655,D
586917,18.4655,D
586917,18.4657,D
587026,18.4661,D
587026,18.4670,D
587136,18.4685,D
587136,18.4786,D
587247,18.5067,D
587248,18.5077,D
587248,18.5079,D
587357,18.5078,D
587357,18.5077,D
587357,18.5075,D
587467,18.5073,D
587467,18.5071,D
587575,18.5069,D
587576,18.5067,D
587576,18.5065,D
587686,18.5064,D
587686,18.5063,D
587797,18.5062,D
587797,18.5061,D
587797,18.5060,D
587905,18.5060,D
587906,18.5059,D
588014,18.5059,D
588015,18.5059,D
588015,18.5058,D
588124,18.5057,D
588124,18.5056,D
588232,18.5135,D
588232,18.5385,D
588232,18.5435,D
588342,18.5457,D
588342,18.5472,D
588451,18.5483,D
588451,18.5490,D
588560,18.5493,D
588560,18.5493,D
588560,18.5491,D
588670,18.5489,D
588670,18.5486,D
588670,18.5482,D
588779,18.5479,D
588779,18.5476,D
588890,18.5473,D
588890,18.5471,D
588890,18.5469,D
588999,18.5467,D
588999,18.5466,D
589108,18.5465,D
589109,18.5464,D
589109,18.5463,D
589219,18.5460,D
589220,18.5458,D
589330,18.5458,D
589330,18.5458,D
589330,18.5457,D
589441,18.5457,D
589441,18.5457,D
589550,18.5457,D
589551,18.5460,D
589551,18.5465,D
589659,18.5476,D
589659,18.5685,D
589769,18.5886,D
589769,18.5891,D
589769,18.5889,D
589879,18.5885,D
589879,18.5882,D
589879,18.5878,D
589989,18.5875,D
589989,18.5872,D
590100,18.5869,D
590100,18.5867,D
590100,18.5866,D
590209,18.5864,D
590209,18.5863,D
590321,18.5862,D
590321,18.5862,D
590321,18.5861,D
590430,18.5861,D
590430,18.5861,D
590541,18.5860,D
590541,18.5860,D
590650,18.5859,D
590650,18.5859,D
590650,18.5859,D
590760,18.5859,D
590760,18.5859,D
590760,18.5860,D
590869,18.5863,D
590869,18.5870,D
590979,18.5883,D
590980,18.5900,D
590980,18.6225,D
591088,18.6276,D
591088,18.6281,D
591197,18.6282,D
591197,18.6281,D
591197,18.6279,D
591307,18.6277,D
591307,18.6275,D
591415,18.6273,D
591415,18.6271,D
591415,18.6269,D
591524,18.6268,D
591524,18.6266,D
591633,18.6265,D
591633,18.6264,D
591634,18.6264,D
591743,18.6263,D
591743,18.6263,D
591853,18.6262,D
591853,18.6262,D
591963,18.6261,D
591963,18.6260,D
591963,18.6260,D
592072,18.6275,D
592072,18.6568,D
592184,18.6629,D
592184,18.6656,D
592184,18.6670,D
592295,18.6682,D
592296,18.6691,D
592296,18.6695,D
592406,18.6696,D
592407,18.6695,D
592516,18.6693,D
592516,18.6690,D
592516,18.6686,D
592637,18.6683,D
592637,18.6680,D
592748,18.6677,D
592748,18.6675,D
592748,18.6673,D
592860,18.6671,D
592861,18.6670,D
592861,18.6668,D
592973,18.6667,D
592973,18.6666,D
593084,18.6666,D
593084,18.6664,D
593196,18.6662,D
593196,18.6661,D
593196,18.6661,D
593308,18.6661,D
593309,18.6661,D
593309,18.6661,D
593420,18.6663,D
593421,18.6668,D
593533,18.6678,D
593533,18.6761,D
593533,18.7091,D
593646,18.7096,D
593646,18.7094,D
593646,18.7090,D
593757,18.7087,D
593757,18.7083,D
593869,18.7080,D
593870,18.7077,D
593870,18.7074,D
593981,18.7072,D
593981,18.7070,D
594094,18.7069,D
594094,18.7068,D
594094,18.7067,D
594206,18.7066,D
594206,18.7065,D
594319,18.7065,D
594319,18.7065,D
594319,18.7065,D
594430,18.7064,D
594431,18.7063,D
594431,18.7063,D
594542,18.7063,D
594542,18.7063,D
594542,18.7062,D
594653,18.7063,D
594653,18.7065,D
594762,18.7070,D
594762,18.7080,D
594871,18.7095,D
594871,18.7264,D
594871,18.7475,D
594980,18.7485,D
594980,18.7487,D
594980,18.7486,D
595091,18.7485,D
595091,18.7483,D
595201,18.7481,D
595202,18.7479,D
595312,18.7477,D
595312,18.7475,D
595312,18.7473,D
595422,18.7472,D
595422,18.7471,D
595531,18.7470,D
595531,18.7469,D
595531,18.7468,D
595642,18.7468,D
595642,18.7467,D
595753,18.7467,D
595753,18.7466,D
595753,18.7465,D
595862,18.7464,D
595862,18.7464,D
595972,18.7637,D
595972,18.7810,D
595972,18.7850,D
596082,18.7869,D
596082,18.7881,D
596082,18.7891,D
596191,18.7897,D
596191,18.7900,D
596301,18.7899,D
596301,18.7898,D
596410,18.7895,D
596411,18.7892,D
596411,18.7889,D
596520,18.7886,D
596521,18.7883,D
596521,18.7880,D
596630,18.7878,D
596631,18.7876,D
596741,18.7874,D
596741,18.7873,D
596742,18.7872,D
596850,18.7871,D
596850,18.7870,D
596960,18.7867,D
596960,18.7865,D
596960,18.7865,D
597070,18.7865,D
597070,18.7864,D
597181,18.7864,D
597181,18.7864,D
597181,18.7865,D
597292,18.7868,D
597292,18.7875,D
597403,18.7887,D
597403,18.8168,D
597404,18.8292,D
597511,18.8297,D
597512,18.8296,D
597621,18.8292,D
597621,18.8288,D
597732,18.8285,D
597732,18.8281,D
597732,18.8279,D
597842,18.8276,D
597842,18.8274,D
597842,18.8272,D
597952,18.8271,D
597952,18.8270,D
598061,18.8269,D
598061,18.8269,D
598061,18.8268,D
598172,18.8268,D
598172,18.8268,D
598281,18.8268,D
598281,18.8267,D
598281,18.8266,D
598392,18.8266,D
598392,18.8265,D
598503,18.8265,D
598503,18.8265,D
598503,18.8266,D
598612,18.8270,D
598612,18.8278,D
598720,18.8290,D
598721,18.8307,D
598721,18.8654,D
598830,18.8685,D
598830,18.8690,D
598940,18.8690,D
598940,18.8689,D
599051,18.8687,D
599051,18.8685,D
599051,18.8683,D
599162,18.8681,D
599162,18.8679,D
599162,18.8677,D
599272,18.8676,D
599272,18.8675,D
599272,18.8673,D
599383,18.8673,D
599383,18.8672,D
599494,18.8671,D
599494,18.8671,D
599494,18.8671,D
599603,18.8670,D
599603,18.8670,D
599713,18.8668,D
599713,18.8668,D
599823,18.8668,D
599823,18.8964,D
599823,18.9031,D
599932,18.9063,D
599932,18.9078,D
600043,18.9089,D
600043,18.9097,D
600043,18.9102,D
