t_ms,mass_g,status
119,14.5205,D
119,14.5205,D
119,14.5205,D
228,14.5205,D
228,14.5204,D
228,14.5204,D
338,14.5204,D
338,14.5204,D
448,14.5204,D
448,14.5204,D
448,14.5204,D
556,14.5204,D
556,14.5204,D
665,14.5617,D
665,14.5650,D
665,14.5651,D
774,14.5647,D
774,14.5640,D
895,14.5632,D
895,14.5627,D
895,14.5623,D
1007,14.5620,D
1007,14.5617,D
1119,14.5614,D
1120,14.5611,D
1120,14.5610,D
1232,14.5608,D
1232,14.5608,D
1232,14.5608,D
1343,14.5607,D
1343,14.5607,D
1455,14.5607,D
1455,14.5607,D
1455,14.5607,D
1567,14.5607,D
1568,14.5607,D
1680,14.5607,D
1680,14.5607,D
1680,14.5606,D
1792,14.5606,D
1792,14.5606,D
1903,14.5605,D
1903,14.5605,D
2015,14.5605,D
2015,14.5605,D
2015,14.5605,D
2015,14.5605,D
2127,14.5605,D
2127,14.5605,D
2240,14.5605,D
2240,14.5605,D
2240,14.5605,D
2352,14.5605,D
2352,14.5605,D
2464,14.5605,D
2464,14.5605,D
2464,14.5605,D
2576,14.5605,D
2576,14.5605,D
2689,14.5605,D
2689,14.5605,D
2689,14.5605,D
2802,14.5605,D
2802,14.5605,D
2802,14.5605,D
2914,14.5605,D
2914,14.5605,D
3023,14.5605,D
3023,14.5605,D
3023,14.5605,D
3133,14.5605,D
3133,14.5605,D
3241,14.5605,D
3241,14.5605,D
3241,14.5605,D
3351,14.5605,D
3351,14.5605,D
3458,14.5605,D
3458,14.5605,D
3567,14.5605,D
3567,14.5605,D
3567,14.5605,D
3675,14.5605,D
3675,14.5605,D
3675,14.5707,D
3783,14.6047,D
3783,14.6053,D
3891,14.6052,D
3891,14.6047,D
3891,14.6040,D
4000,14.6033,D
4000,14.6028,D
4109,14.6025,D
4109,14.6023,D
4217,14.6021,D
4217,14.6019,D
4217,14.6017,D
4327,14.6015,D
4327,14.6014,D
4436,14.6013,D
4436,14.6012,D
4436,14.6011,D
4544,14.6010,D
4544,14.6008,D
4652,14.6008,D
4652,14.6008,D
4652,14.6008,D
4761,14.6008,D
4761,14.6007,D
4871,14.6007,D
4871,14.6007,D
4871,14.6007,D
4981,14.6007,D
4981,14.6007,D
5092,14.6007,D
5092,14.6007,D
5092,14.6007,D
5204,14.6007,D
5204,14.6007,D
5204,14.6007,D
5316,14.6006,D
5316,14.6006,D
5428,14.6006,D
5428,14.6006,D
5428,14.6006,D
5540,14.6006,D
5541,14.6006,D
5653,14.6006,D
5654,14.6006,D
5654,14.6006,D
5766,14.6006,D
5766,14.6006,D
5878,14.6006,D
5878,14.6006,D
5878,14.6006,D
5990,14.6006,D
5990,14.6006,D
5990,14.6006,D
6103,14.6006,D
6103,14.6006,D
6214,14.6005,D
6214,14.6005,D
6214,14.6005,D
6325,14.6005,D
6325,14.6005,D
6436,14.6005,D
6436,14.6005,D
6436,14.6005,D
6546,14.6005,D
6546,14.6005,D
6657,14.6005,D
6657,14.6005,D
6657,14.6005,D
6768,14.6005,D
6768,14.6005,D
6878,14.6005,D
6878,14.6081,D
6878,14.6447,D
6990,14.6453,D
6990,14.6451,D
7101,14.6446,D
7101,14.6438,D
7101,14.6432,D
7213,14.6427,D
7213,14.6423,D
7213,14.6421,D
7323,14.6419,D
7323,14.6417,D
7434,14.6415,D
7434,14.6414,D
7434,14.6412,D
7545,14.6411,D
7545,14.6410,D
7656,14.6410,D
7656,14.6408,D
7767,14.6407,D
7767,14.6406,D
7767,14.6406,D
7878,14.6406,D
7878,14.6406,D
7878,14.6405,D
7990,14.6405,D
7990,14.6405,D
8101,14.6405,D
8101,14.6404,D
8101,14.6404,D
8210,14.6404,D
8210,14.6404,D
8321,14.6404,D
8321,14.6404,D
8321,14.6404,D
8432,14.6404,D
8432,14.6404,D
8542,14.6404,D
8542,14.6404,D
8542,14.6404,D
8653,14.6404,D
8653,14.6404,D
8653,14.6404,D
8764,14.6404,D
8764,14.6404,D
8875,14.6404,D
8876,14.6403,D
8876,14.6403,D
8986,14.6403,D
8986,14.6403,D
9095,14.6403,D
9096,14.6403,D
9096,14.6403,D
9204,14.6403,D
9204,14.6403,D
9314,14.6403,D
9314,14.6403,D
9314,14.6403,D
9422,14.6403,D
9422,14.6403,D
9531,14.6403,D
9531,14.6403,D
9531,14.6403,D
9641,14.6403,D
9641,14.6403,D
9751,14.6403,D
9751,14.6403,D
9861,14.6403,D
9861,14.6403,D
9861,14.6403,D
9972,14.6402,D
9972,14.6402,D
10084,14.6453,D
10084,14.6843,D
10084,14.6850,D
10195,14.6849,D
10195,14.6844,D
10195,14.6837,D
10304,14.6830,D
10304,14.6825,D
10414,14.6821,D
10414,14.6819,D
10414,14.6817,D
10523,14.6815,D
10523,14.6813,D
10632,14.6811,D
10632,14.6810,D
10632,14.6809,D
10741,14.6808,D
10741,14.6807,D
10852,14.6806,D
10852,14.6804,D
10852,14.6804,D
10961,14.6804,D
10961,14.6804,D
11071,14.6804,D
11071,14.6804,D
11071,14.6804,D
11180,14.6804,D
11180,14.6804,D
11291,14.6804,D
11291,14.6804,D
11291,14.6804,D
11399,14.6804,D
11399,14.6804,D
11508,14.6804,D
11508,14.6803,D
11508,14.6803,D
11616,14.6803,D
11616,14.6803,D
11726,14.6803,D
11726,14.6803,D
11726,14.6803,D
11834,14.6803,D
11834,14.6803,D
11944,14.6803,D
11944,14.6803,D
11944,14.6803,D
12053,14.6803,D
12053,14.6803,D
12161,14.6803,D
12161,14.6803,D
12161,14.6803,D
12271,14.6803,D
12271,14.6803,D
12380,14.6803,D
12380,14.6803,D
12489,14.6803,D
12489,14.6803,D
12489,14.6803,D
12597,14.6802,D
12597,14.6802,D
12597,14.6802,D
12705,14.6802,D
12705,14.6802,D
12814,14.6802,D
12814,14.6802,D
12814,14.6802,D
12922,14.6802,D
12922,14.6802,D
13030,14.6802,D
13030,14.6802,D
13030,14.6802,D
13139,14.6802,D
13139,14.6828,D
13249,14.7240,D
13249,14.7242,D
13249,14.7236,D
13359,14.7232,D
13359,14.7231,D
13468,14.7231,D
13468,14.7231,D
13468,14.7229,D
13577,14.7227,D
13577,14.7223,D
13686,14.7220,D
13686,14.7216,D
13797,14.7214,D
13797,14.7212,D
13797,14.7210,D
13905,14.7209,D
13905,14.7208,D
14015,14.7207,D
14015,14.7207,D
14015,14.7206,D
14124,14.7204,D
14124,14.7203,D
14124,14.7203,D
14233,14.7203,D
14233,14.7203,D
14345,14.7202,D
14345,14.7202,D
14345,14.7202,D
14454,14.7202,D
14454,14.7202,D
14565,14.7202,D
14565,14.7202,D
14565,14.7202,D
14673,14.7202,D
14673,14.7202,D
14782,14.7202,D
14782,14.7202,D
14782,14.7202,D
14896,14.7202,D
14896,14.7201,D
15007,14.7200,D
15008,14.7200,D
15008,14.7200,D
15119,14.7200,D
15119,14.7200,D
15119,14.7200,D
15231,14.7200,D
15231,14.7200,D
15342,14.7200,D
15342,14.7200,D
15342,14.7200,D
15454,14.7200,D
15454,14.7200,D
15567,14.7200,D
15567,14.7200,D
15567,14.7200,D
15680,14.7200,D
15680,14.7201,D
15791,14.7201,D
15791,14.7201,D
15791,14.7201,D
15904,14.7201,D
15904,14.7201,D
16016,14.7201,D
16016,14.7201,D
16017,14.7201,D
16128,14.7201,D
16128,14.7200,D
16128,14.7200,D
16240,14.7200,D
16240,14.7200,D
16352,14.7250,D
16352,14.7636,D
16352,14.7642,D
16465,14.7641,D
16465,14.7636,D
16577,14.7629,D
16577,14.7622,D
16577,14.7617,D
16690,14.7614,D
16690,14.7611,D
16690,14.7609,D
16803,14.7607,D
16803,14.7605,D
16915,14.7603,D
16915,14.7602,D
16915,14.7601,D
17024,14.7600,D
17024,14.7599,D
17133,14.7598,D
17133,14.7596,D
17133,14.7596,D
17242,14.7595,D
17242,14.7595,D
17352,14.7595,D
17353,14.7594,D
17463,14.7594,D
17463,14.7594,D
17463,14.7594,D
17573,14.7594,D
17573,14.7594,D
17573,14.7593,D
17681,14.7593,D
17681,14.7593,D
17790,14.7593,D
17790,14.7593,D
17790,14.7593,D
17900,14.7593,D
17900,14.7593,D
18008,14.7593,D
18008,14.7592,D
18008,14.7592,D
18118,14.7592,D
18118,14.7592,D
18227,14.7592,D
18227,14.7592,D
18227,14.7592,D
18335,14.7592,D
18335,14.7592,D
18443,14.7592,D
18444,14.7592,D
18552,14.7592,D
18552,14.7591,D
18552,14.7591,D
18662,14.7591,D
18662,14.7591,D
18771,14.7591,D
18771,14.7591,D
18771,14.7591,D
18882,14.7591,D
18883,14.7591,D
18883,14.7591,D
18992,14.7591,D
18992,14.7590,D
19101,14.7590,D
19101,14.7590,D
19101,14.7590,D
19211,14.7590,D
19211,14.7590,D
19321,14.7590,D
19321,14.7590,D
19321,14.7590,D
19433,14.7590,D
19433,14.7616,D
19543,14.8038,D
19543,14.8046,D
19543,14.8045,D
19651,14.8039,D
19651,14.8032,D
19761,14.8025,D
19761,14.8020,D
19761,14.8016,D
19871,14.8014,D
19871,14.8012,D
19982,14.8010,D
19982,14.8008,D
20091,14.8006,D
20091,14.8004,D
20091,14.8003,D
20201,14.8002,D
20201,14.8002,D
20201,14.8001,D
20310,14.7999,D
20310,14.7998,D
20420,14.7998,D
20420,14.7998,D
20420,14.7998,D
20531,14.7998,D
20531,14.7998,D
20638,14.7998,D
20638,14.7998,D
20638,14.7998,D
20748,14.7998,D
20749,14.7998,D
20858,14.7998,D
20858,14.7998,D
20858,14.7998,D
20959,14.7998,D
20959,14.7998,D
21072,14.7998,D
21072,14.7998,D
21072,14.7998,D
21185,14.7998,D
21185,14.7999,D
21297,14.7999,D
21297,14.7999,D
21297,14.7999,D
21409,14.7999,D
21409,14.8000,D
21409,14.8000,D
21522,14.8000,D
21522,14.8000,D
21633,14.8000,D
21633,14.8000,D
21633,14.8000,D
21746,14.8001,D
21746,14.8001,D
21857,14.8001,D
21857,14.8001,D
21857,14.8001,D
21970,14.8001,D
21970,14.8001,D
22082,14.8001,D
22082,14.8001,D
22193,14.8001,D
22193,14.8001,D
22193,14.8001,D
22305,14.8001,D
22305,14.8001,D
22305,14.8001,D
22417,14.8001,D
22417,14.8001,D
22417,14.8000,D
22530,14.8000,D
22530,14.8000,D
22642,14.8000,D
22642,14.8353,D
22642,14.8435,D
22756,14.8439,D
22756,14.8437,D
22868,14.8430,D
22868,14.8423,D
22980,14.8418,D
22980,14.8414,D
22980,14.8411,D
23089,14.8409,D
23089,14.8407,D
23089,14.8405,D
23199,14.8403,D
23199,14.8402,D
23199,14.8401,D
23309,14.8400,D
23309,14.8399,D
23417,14.8398,D
23417,14.8396,D
23526,14.8396,D
23526,14.8396,D
23526,14.8395,D
23636,14.8395,D
23636,14.8395,D
23745,14.8395,D
23745,14.8395,D
23745,14.8395,D
23854,14.8395,D
23854,14.8395,D
23964,14.8394,D
23964,14.8394,D
23964,14.8394,D
24075,14.8394,D
24075,14.8394,D
24185,14.8394,D
24185,14.8394,D
24185,14.8394,D
24294,14.8393,D
24294,14.8393,D
24294,14.8393,D
24404,14.8393,D
24404,14.8393,D
24513,14.8393,D
24513,14.8393,D
24513,14.8393,D
24622,14.8393,D
24622,14.8393,D
24731,14.8393,D
24731,14.8393,D
24731,14.8393,D
24840,14.8392,D
24840,14.8392,D
24952,14.8392,D
24952,14.8392,D
25065,14.8392,D
25065,14.8392,D
25065,14.8392,D
25176,14.8391,D
25176,14.8391,D
25176,14.8391,D
25288,14.8391,D
25288,14.8391,D
25401,14.8391,D
25401,14.8391,D
25401,14.8390,D
25514,14.8390,D
25514,14.8390,D
25626,14.8390,D
25626,14.8390,D
25626,14.8390,D
25739,14.8389,D
25739,14.8389,D
25851,14.8686,D
25852,14.8825,D
25852,14.8828,D
25964,14.8826,D
25964,14.8820,D
25964,14.8813,D
26077,14.8807,D
26077,14.8803,D
26190,14.8800,D
26190,14.8798,D
26190,14.8797,D
26302,14.8795,D
26302,14.8793,D
26416,14.8792,D
26416,14.8790,D
26416,14.8789,D
26529,14.8789,D
26529,14.8787,D
26529,14.8786,D
26641,14.8785,D
26641,14.8785,D
26753,14.8785,D
26754,14.8785,D
26754,14.8785,D
26865,14.8785,D
26866,14.8785,D
26977,14.8785,D
26977,14.8785,D
26977,14.8785,D
27086,14.8786,D
27086,14.8786,D
27195,14.8786,D
27195,14.8786,D
27195,14.8786,D
27305,14.8786,D
27305,14.8786,D
27414,14.8786,D
27414,14.8787,D
27414,14.8787,D
27524,14.8787,D
27524,14.8787,D
27634,14.8787,D
27634,14.8787,D
27634,14.8787,D
27744,14.8787,D
27744,14.8787,D
27744,14.8787,D
27855,14.8787,D
27855,14.8787,D
27963,14.8787,D
27963,14.8787,D
27963,14.8787,D
28072,14.8787,D
28072,14.8787,D
28183,14.8787,D
28183,14.8787,D
28183,14.8787,D
28292,14.8787,D
28292,14.8787,D
28402,14.8787,D
28402,14.8787,D
28402,14.8787,D
28512,14.8787,D
28512,14.8787,D
28621,14.8786,D
28621,14.8786,D
28730,14.8785,D
28730,14.8784,D
28730,14.8784,D
28841,14.8784,D
28841,14.8784,D
28841,14.8786,D
28943,14.9164,D
28943,14.9223,D
29054,14.9226,D
29054,14.9222,D
29167,14.9215,D
29167,14.9209,D
29167,14.9204,D
29281,14.9200,D
29281,14.9198,D
29281,14.9196,D
29392,14.9194,D
29392,14.9192,D
29504,14.9190,D
29504,14.9188,D
29504,14.9187,D
29616,14.9186,D
29616,14.9186,D
29730,14.9185,D
29730,14.9183,D
29730,14.9183,D
29843,14.9183,D
29843,14.9183,D
29843,14.9183,D
29956,14.9183,D
29956,14.9183,D
30068,14.9183,D
30068,14.9183,D
30068,14.9183,D
30180,14.9182,D
30180,14.9182,D
30292,14.9182,D
30293,14.9182,D
30293,14.9182,D
30403,14.9182,D
30403,14.9182,D
30516,14.9182,D
30516,14.9182,D
30516,14.9182,D
30629,14.9182,D
30629,14.9182,D
30629,14.9182,D
30742,14.9182,D
30742,14.9182,D
30853,14.9182,D
30853,14.9182,D
30853,14.9182,D
30966,14.9182,D
30966,14.9182,D
31077,14.9182,D
31078,14.9182,D
31078,14.9182,D
31186,14.9182,D
31186,14.9182,D
31296,14.9182,D
31296,14.9182,D
31296,14.9182,D
31406,14.9182,D
31406,14.9182,D
31516,14.9182,D
31516,14.9182,D
31516,14.9182,D
31624,14.9182,D
31624,14.9183,D
31733,14.9183,D
31733,14.9183,D
31733,14.9183,D
31842,14.9183,D
31842,14.9183,D
31951,14.9183,D
31951,14.9183,D
31951,14.9183,D
32060,14.9183,D
32060,14.9487,D
32169,14.9630,D
32169,14.9635,D
32169,14.9633,D
32279,14.9626,D
32279,14.9619,D
32389,14.9614,D
32389,14.9610,D
32389,14.9607,D
32499,14.9604,D
32499,14.9602,D
32610,14.9600,D
32610,14.9598,D
32610,14.9596,D
32721,14.9595,D
32721,14.9594,D
32830,14.9593,D
32830,14.9592,D
32830,14.9590,D
32944,14.9589,D
32944,14.9589,D
33056,14.9589,D
33056,14.9589,D
33056,14.9589,D
33169,14.9589,D
33169,14.9589,D
33169,14.9589,D
33282,14.9589,D
33282,14.9589,D
33394,14.9589,D
33394,14.9589,D
33394,14.9589,D
33506,14.9589,D
33506,14.9589,D
33619,14.9589,D
33619,14.9589,D
33619,14.9588,D
33733,14.9588,D
33733,14.9588,D
33733,14.9588,D
33844,14.9588,D
33845,14.9588,D
33957,14.9588,D
33957,14.9588,D
33957,14.9587,D
34069,14.9587,D
34069,14.9587,D
34181,14.9587,D
34181,14.9587,D
34181,14.9587,D
34293,14.9587,D
34293,14.9587,D
34406,14.9587,D
34406,14.9587,D
34406,14.9587,D
34518,14.9587,D
34518,14.9587,D
34518,14.9587,D
34631,14.9586,D
34631,14.9586,D
34743,14.9586,D
34743,14.9586,D
34743,14.9586,D
34856,14.9586,D
34856,14.9586,D
34957,14.9586,D
34957,14.9586,D
34957,14.9586,D
35067,14.9586,D
35067,14.9586,D
35176,14.9586,D
35176,14.9586,D
35287,14.9717,D
35287,15.0029,D
35287,15.0035,D
35397,15.0034,D
35397,15.0028,D
35397,15.0021,D
35507,15.0014,D
35507,15.0010,D
35617,15.0008,D
35617,15.0006,D
35617,15.0004,D
35727,15.0002,D
35727,15.0000,D
35837,14.9998,D
35837,14.9996,D
35837,14.9995,D
35947,14.9994,D
35947,14.9993,D
36056,14.9992,D
36056,14.9990,D
36056,14.9990,D
36166,14.9989,D
36166,14.9989,D
36276,14.9989,D
36277,14.9989,D
36277,14.9989,D
36386,14.9989,D
36386,14.9989,D
36497,14.9989,D
36497,14.9989,D
36497,14.9989,D
36608,14.9989,D
36608,14.9989,D
36717,14.9989,D
36718,14.9989,D
36718,14.9989,D
36828,14.9989,D
36828,14.9989,D
36937,14.9989,D
36937,14.9989,D
36937,14.9989,D
37045,14.9989,D
37045,14.9989,D
37157,14.9988,D
37157,14.9988,D
37157,14.9988,D
37267,14.9988,D
37267,14.9988,D
37375,14.9987,D
37375,14.9987,D
37375,14.9987,D
37486,14.9987,D
37486,14.9987,D
37486,14.9986,D
37596,14.9986,D
37597,14.9986,D
37706,14.9986,D
37706,14.9985,D
37706,14.9985,D
37816,14.9985,D
37816,14.9985,D
37926,14.9984,D
37926,14.9984,D
37926,14.9984,D
38036,14.9984,D
38036,14.9983,D
38145,14.9983,D
38145,14.9982,D
38145,14.9980,D
38254,14.9980,D
38254,14.9982,D
38365,14.9989,D
38365,15.0047,D
38365,15.0420,D
38474,15.0429,D
38474,15.0426,D
38583,15.0421,D
38583,15.0414,D
38693,15.0407,D
38693,15.0403,D
38693,15.0400,D
38802,15.0398,D
38802,15.0396,D
38912,15.0394,D
38912,15.0392,D
38912,15.0391,D
39025,15.0390,D
39025,15.0389,D
39025,15.0388,D
39138,15.0387,D
39138,15.0386,D
39250,15.0385,D
39250,15.0385,D
39250,15.0384,D
39363,15.0384,D
39363,15.0384,D
39476,15.0384,D
39476,15.0384,D
39476,15.0384,D
39588,15.0384,D
39588,15.0384,D
39588,15.0384,D
39700,15.0384,D
39700,15.0384,D
39813,15.0384,D
39813,15.0384,D
39813,15.0384,D
39925,15.0384,D
39925,15.0384,D
40039,15.0384,D
40039,15.0384,D
40039,15.0384,D
40151,15.0384,D
40151,15.0384,D
40264,15.0384,D
40264,15.0384,D
40265,15.0384,D
40377,15.0384,D
40377,15.0384,D
40377,15.0384,D
40489,15.0384,D
40489,15.0384,D
40601,15.0384,D
40601,15.0384,D
40601,15.0384,D
40713,15.0384,D
40713,15.0384,D
40826,15.0384,D
40826,15.0384,D
40826,15.0384,D
40937,15.0384,D
40937,15.0384,D
41048,15.0384,D
41048,15.0384,D
41048,15.0384,D
41157,15.0384,D
41157,15.0384,D
41157,15.0384,D
41267,15.0384,D
41267,15.0384,D
41375,15.0384,D
41375,15.0384,D
41375,15.0384,D
41484,15.0384,D
41484,15.0384,D
41595,15.0791,D
41595,15.0822,D
41595,15.0823,D
41705,15.0821,D
41705,15.0815,D
41813,15.0807,D
41813,15.0802,D
41813,15.0798,D
41922,15.0796,D
41922,15.0794,D
42030,15.0792,D
42030,15.0790,D
42138,15.0789,D
42138,15.0788,D
42138,15.0787,D
42248,15.0786,D
42248,15.0785,D
42357,15.0784,D
42357,15.0781,D
42357,15.0781,D
42466,15.0780,D
42466,15.0780,D
42466,15.0779,D
42574,15.0779,D
42574,15.0778,D
42684,15.0778,D
42684,15.0778,D
42684,15.0778,D
42791,15.0778,D
42791,15.0778,D
42892,15.0778,D
42892,15.0778,D
43006,15.0778,D
43006,15.0778,D
43006,15.0778,D
43118,15.0778,D
43118,15.0778,D
43230,15.0778,D
43230,15.0778,D
43230,15.0778,D
43343,15.0778,D
43343,15.0778,D
43343,15.0778,D
43455,15.0778,D
43455,15.0778,D
43567,15.0778,D
43567,15.0778,D
43567,15.0778,D
43679,15.0778,D
43679,15.0778,D
43790,15.0778,D
43790,15.0778,D
43790,15.0779,D
43901,15.0779,D
43901,15.0779,D
44013,15.0779,D
44013,15.0779,D
44013,15.0778,D
44125,15.0778,D
44125,15.0778,D
44125,15.0778,D
44237,15.0778,D
44237,15.0778,D
44348,15.0778,D
44348,15.0778,D
44460,15.0778,D
44460,15.0777,D
44460,15.0777,D
44573,15.0777,D
44573,15.0777,D
44573,15.0777,D
44686,15.0777,D
44687,15.1162,D
44798,15.1221,D
44798,15.1224,D
44799,15.1221,D
44910,15.1215,D
44910,15.1208,D
44910,15.1203,D
45022,15.1199,D
45022,15.1197,D
45131,15.1195,D
45131,15.1193,D
45241,15.1191,D
45241,15.1189,D
45241,15.1188,D
45348,15.1187,D
45348,15.1186,D
45348,15.1185,D
45459,15.1184,D
45459,15.1183,D
45569,15.1182,D
45569,15.1182,D
45569,15.1182,D
45677,15.1182,D
45677,15.1182,D
45786,15.1182,D
45786,15.1182,D
45786,15.1182,D
45895,15.1182,D
45895,15.1182,D
46003,15.1181,D
46003,15.1181,D
46003,15.1181,D
46114,15.1182,D
46114,15.1182,D
46222,15.1182,D
46222,15.1182,D
46222,15.1182,D
46332,15.1182,D
46332,15.1181,D
46440,15.1181,D
46440,15.1181,D
46550,15.1181,D
46550,15.1181,D
46550,15.1181,D
46658,15.1181,D
46658,15.1181,D
46768,15.1181,D
46768,15.1181,D
46768,15.1181,D
46875,15.1181,D
46875,15.1181,D
46984,15.1181,D
46985,15.1181,D
46985,15.1181,D
47092,15.1181,D
47092,15.1181,D
47202,15.1182,D
47202,15.1182,D
47202,15.1182,D
47311,15.1182,D
47311,15.1182,D
47419,15.1182,D
47419,15.1182,D
47419,15.1182,D
47529,15.1181,D
47529,15.1181,D
47637,15.1181,D
47637,15.1181,D
47747,15.1181,S
47747,15.1181,S
47747,15.1181,S
47856,15.1181,S
47856,15.1369,D
47856,15.1624,D
47965,15.1629,D
47965,15.1628,D
48073,15.1622,D
48074,15.1614,D
48074,15.1608,D
48182,15.1604,D
48182,15.1601,D
48293,15.1598,D
48293,15.1596,D
48403,15.1594,D
48403,15.1592,D
48403,15.1591,D
48512,15.1590,D
48512,15.1589,D
48512,15.1588,D
48622,15.1587,D
48622,15.1586,D
48731,15.1584,D
48731,15.1584,D
48731,15.1584,D
48841,15.1584,D
48841,15.1584,D
48950,15.1583,D
48950,15.1583,D
48950,15.1583,D
49059,15.1583,D
49059,15.1583,D
49167,15.1583,D
49167,15.1583,D
49167,15.1583,D
49277,15.1583,D
49277,15.1583,D
49390,15.1583,D
49390,15.1583,D
49390,15.1583,D
49502,15.1583,D
49502,15.1583,D
49502,15.1583,D
49614,15.1583,D
49614,15.1583,D
49725,15.1583,D
49725,15.1583,D
49725,15.1583,D
49837,15.1583,D
49837,15.1583,D
49950,15.1582,D
49950,15.1582,D
49950,15.1582,D
50063,15.1582,D
50063,15.1582,D
50176,15.1582,D
50176,15.1582,D
50176,15.1582,D
50287,15.1582,D
50287,15.1582,D
50399,15.1582,D
50399,15.1582,D
50399,15.1582,D
50511,15.1582,D
50511,15.1582,D
50511,15.1582,D
50622,15.1582,D
50622,15.1582,D
50733,15.1582,D
50733,15.1581,D
50733,15.1581,D
50844,15.1581,D
50844,15.1581,D
50960,15.1581,D
50960,15.1581,D
50960,15.1581,D
51070,15.2013,D
51070,15.2020,D
51179,15.2020,D
51179,15.2014,D
51179,15.2007,D
51288,15.1999,D
51288,15.1994,D
51396,15.1991,D
51396,15.1988,D
51396,15.1986,D
51505,15.1984,D
51505,15.1982,D
51615,15.1980,D
51615,15.1978,D
51615,15.1977,D
51725,15.1976,D
51725,15.1976,D
51833,15.1975,D
51833,15.1973,D
51833,15.1973,D
51943,15.1973,D
51943,15.1973,D
52052,15.1973,D
52052,15.1972,D
52052,15.1972,D
52163,15.1972,D
52163,15.1972,D
52271,15.1971,D
52271,15.1970,D
52271,15.1970,D
52379,15.1970,D
52379,15.1970,D
52488,15.1970,D
52488,15.1970,D
52488,15.1970,D
52598,15.1970,D
52598,15.1970,D
52708,15.1969,D
52708,15.1969,D
52708,15.1969,D
52818,15.1969,D
52818,15.1969,D
52818,15.1969,D
52927,15.1969,D
52928,15.1969,D
53039,15.1969,D
53039,15.1969,D
53039,15.1969,D
53150,15.1969,D
53150,15.1969,D
53263,15.1969,D
53263,15.1969,D
53375,15.1969,D
53375,15.1969,D
53375,15.1969,D
53486,15.1969,D
53486,15.1969,D
53486,15.1969,D
53597,15.1969,D
53597,15.1969,D
53709,15.1969,D
53709,15.1970,D
53709,15.1970,D
53821,15.1970,D
53821,15.1970,D
53933,15.1970,D
53933,15.1970,D
53933,15.1970,D
54046,15.1970,D
54046,15.1970,D
54158,15.1970,D
54158,15.1970,D
54158,15.2327,D
54271,15.2411,D
54271,15.2417,D
54271,15.2414,D
54382,15.2407,D
54383,15.2400,D
54494,15.2394,D
54494,15.2390,D
54494,15.2387,D
54606,15.2385,D
54606,15.2383,D
54718,15.2381,D
54718,15.2379,D
54718,15.2377,D
54830,15.2376,D
54830,15.2375,D
54942,15.2374,D
54942,15.2373,D
54942,15.2371,D
55053,15.2370,D
55053,15.2370,D
55053,15.2369,D
55163,15.2369,D
55163,15.2369,D
55273,15.2369,D
55273,15.2369,D
55273,15.2369,D
55382,15.2368,D
55383,15.2368,D
55492,15.2368,D
55492,15.2368,D
55492,15.2368,D
55601,15.2368,D
55601,15.2368,D
55710,15.2368,D
55710,15.2368,D
55710,15.2368,D
55819,15.2368,D
55819,15.2367,D
55926,15.2367,D
55926,15.2367,D
55926,15.2367,D
56037,15.2367,D
56038,15.2366,D
56147,15.2366,D
56147,15.2366,D
56256,15.2366,D
56256,15.2365,D
56256,15.2365,D
56365,15.2365,D
56365,15.2365,D
56474,15.2365,D
56474,15.2364,D
56474,15.2364,D
56583,15.2364,D
56583,15.2364,D
56583,15.2364,D
56692,15.2363,D
56692,15.2363,D
56801,15.2363,D
56801,15.2363,D
56801,15.2362,D
56912,15.2361,D
56912,15.2361,D
57023,15.2361,D
57023,15.2361,D
57023,15.2361,D
57135,15.2361,D
57135,15.2361,D
57248,15.2361,D
57248,15.2361,D
57248,15.2387,D
57360,15.2804,D
57360,15.2812,D
57472,15.2811,D
57472,15.2806,D
57472,15.2799,D
57584,15.2792,D
57584,15.2787,D
57584,15.2784,D
57696,15.2782,D
57696,15.2780,D
57807,15.2778,D
57808,15.2776,D
57808,15.2775,D
57920,15.2774,D
57920,15.2773,D
58031,15.2772,D
58032,15.2772,D
58032,15.2771,D
58143,15.2770,D
58143,15.2770,D
58254,15.2770,D
58254,15.2769,D
58254,15.2769,D
58366,15.2769,D
58366,15.2769,D
58478,15.2768,D
58478,15.2768,D
58478,15.2768,D
58591,15.2765,D
58591,15.2765,D
58591,15.2764,D
58704,15.2764,D
58704,15.2763,D
58815,15.2763,D
58815,15.2762,D
58815,15.2762,D
58927,15.2761,D
58927,15.2761,D
59035,15.2761,D
59035,15.2761,D
59035,15.2761,D
59146,15.2761,D
59146,15.2760,D
59255,15.2760,D
59255,15.2760,D
59255,15.2760,D
59366,15.2760,D
59366,15.2757,D
59476,15.2755,D
59476,15.2755,D
59476,15.2754,D
59585,15.2754,D
59585,15.2754,D
59695,15.2754,D
59695,15.2754,D
59695,15.2754,D
59805,15.2754,D
59805,15.2754,D
59916,15.2754,D
59916,15.2754,D
59916,15.2754,D
60024,15.2754,D
60024,15.2754,D
60024,15.2754,D
60135,15.2754,D
60135,15.2754,D
60243,15.2753,D
60243,15.2753,D
60243,15.2753,D
60351,15.2753,D
60351,15.2753,D
60460,15.2753,D
60460,15.3117,D
60568,15.3200,D
60568,15.3206,D
60568,15.3204,D
60678,15.3198,D
60679,15.3191,D
60790,15.3186,D
60790,15.3182,D
60790,15.3179,D
60896,15.3177,D
60896,15.3175,D
61007,15.3173,D
61007,15.3171,D
61007,15.3170,D
61119,15.3169,D
61119,15.3168,D
61230,15.3168,D
61230,15.3167,D
61230,15.3166,D
61342,15.3165,D
61342,15.3165,D
61342,15.3165,D
61454,15.3165,D
61454,15.3164,D
61565,15.3164,D
61565,15.3164,D
61565,15.3164,D
61677,15.3164,D
61677,15.3164,D
61789,15.3165,D
61789,15.3165,D
61789,15.3165,D
61900,15.3166,D
61900,15.3166,D
62013,15.3166,D
62013,15.3166,D
62013,15.3167,D
62125,15.3167,D
62125,15.3167,D
62125,15.3167,D
62236,15.3167,D
62236,15.3167,D
62348,15.3167,D
62348,15.3167,D
62348,15.3167,D
62461,15.3167,D
62461,15.3167,D
62572,15.3166,D
62572,15.3166,D
62572,15.3166,D
62683,15.3167,D
62684,15.3167,D
62795,15.3167,D
62795,15.3167,D
62795,15.3167,D
62906,15.3167,D
62906,15.3167,D
62906,15.3167,D
63014,15.3167,D
63014,15.3167,D
63124,15.3168,D
63124,15.3168,D
63234,15.3168,D
63234,15.3168,D
63343,15.3168,D
63343,15.3168,D
63343,15.3168,D
63453,15.3168,D
63453,15.3169,D
63453,15.3169,D
63562,15.3169,D
63562,15.3169,D
63562,15.3364,D
63670,15.3614,D
63670,15.3620,D
63781,15.3619,D
63781,15.3613,D
63889,15.3605,D
63889,15.3599,D
63889,15.3595,D
63998,15.3592,D
63998,15.3590,D
64107,15.3588,D
64107,15.3586,D
64107,15.3584,D
64217,15.3583,D
64217,15.3581,D
64325,15.3580,D
64325,15.3580,D
64325,15.3579,D
64436,15.3578,D
64436,15.3576,D
64544,15.3575,D
64544,15.3575,D
64544,15.3575,D
64652,15.3575,D
64652,15.3575,D
64760,15.3575,D
64760,15.3575,D
64760,15.3575,D
64869,15.3575,D
64869,15.3575,D
64976,15.3575,D
64976,15.3575,D
64976,15.3575,D
65086,15.3575,D
65086,15.3575,D
65196,15.3575,D
65196,15.3575,D
65196,15.3575,D
65306,15.3575,D
65306,15.3575,D
65415,15.3575,D
65415,15.3575,D
65415,15.3576,D
65524,15.3576,D
65524,15.3576,D
65634,15.3576,D
65635,15.3576,D
65635,15.3576,D
65744,15.3576,D
65745,15.3576,D
65854,15.3576,D
65854,15.3576,D
65854,15.3576,D
65963,15.3576,D
65963,15.3576,D
66074,15.3576,D
66074,15.3576,D
66074,15.3576,D
66186,15.3576,D
66186,15.3576,D
66186,15.3575,D
66295,15.3575,D
66295,15.3575,D
66403,15.3575,D
66403,15.3575,D
66403,15.3575,D
66513,15.3575,D
66513,15.3575,D
66621,15.3575,D
66622,15.3575,D
66731,15.3575,D
66731,15.3576,D
66731,15.3680,D
66840,15.4014,D
66840,15.4021,D
66943,15.4021,D
66943,15.4015,D
66943,15.4007,D
67055,15.4000,D
67055,15.3996,D
67167,15.3993,D
67167,15.3991,D
67167,15.3989,D
67278,15.3987,D
67279,15.3985,D
67279,15.3983,D
67390,15.3981,D
67390,15.3980,D
67502,15.3979,D
67502,15.3976,D
67502,15.3971,D
67614,15.3970,D
67614,15.3969,D
67725,15.3968,D
67725,15.3968,D
67725,15.3967,D
67838,15.3967,D
67838,15.3966,D
67950,15.3966,D
67950,15.3965,D
67950,15.3964,D
68062,15.3964,D
68062,15.3963,D
68174,15.3963,D
68174,15.3962,D
68174,15.3960,D
68285,15.3958,D
68285,15.3957,D
68285,15.3957,D
68397,15.3957,D
68397,15.3957,D
68509,15.3957,D
68509,15.3958,D
68509,15.3958,D
68620,15.3958,D
68620,15.3958,D
68731,15.3958,D
68731,15.3958,D
68731,15.3958,D
68844,15.3958,D
68844,15.3958,D
68954,15.3958,D
68954,15.3958,D
68954,15.3958,D
69063,15.3958,D
69063,15.3958,D
69174,15.3959,D
69174,15.3959,D
69174,15.3959,D
69283,15.3959,D
69283,15.3959,D
69393,15.3959,D
69393,15.3959,D
69393,15.3959,D
69501,15.3959,D
69501,15.3959,D
69610,15.3959,D
69610,15.3960,D
69610,15.3960,D
69718,15.3960,D
69718,15.3960,D
69827,15.3960,D
69827,15.3960,D
69827,15.3960,D
69936,15.4036,D
69936,15.4403,D
70046,15.4410,D
70046,15.4410,D
70046,15.4404,D
70156,15.4397,D
70156,15.4390,D
70267,15.4386,D
70267,15.4382,D
70267,15.4380,D
70375,15.4378,D
70375,15.4376,D
70486,15.4374,D
70486,15.4372,D
70486,15.4370,D
70595,15.4369,D
70595,15.4368,D
70595,15.4367,D
70704,15.4367,D
70704,15.4364,D
70812,15.4363,D
70812,15.4362,D
70928,15.4362,D
70928,15.4362,D
70928,15.4362,D
71030,15.4362,D
71030,15.4362,D
71141,15.4362,D
71141,15.4362,D
71141,15.4362,D
71253,15.4362,D
71253,15.4363,D
71253,15.4363,D
71364,15.4363,D
71364,15.4363,D
71475,15.4363,D
71475,15.4364,D
71586,15.4364,D
71586,15.4364,D
71586,15.4364,D
71697,15.4364,D
71697,15.4364,D
71697,15.4365,D
71809,15.4365,D
71809,15.4365,D
71919,15.4365,D
71919,15.4365,D
71919,15.4366,D
72030,15.4366,D
72030,15.4366,D
72141,15.4366,D
72141,15.4367,D
72141,15.4367,D
72252,15.4367,D
72252,15.4367,D
72363,15.4367,D
72363,15.4368,D
72363,15.4368,D
72472,15.4368,D
72472,15.4368,D
72584,15.4370,D
72584,15.4370,D
72584,15.4370,D
72695,15.4370,D
72695,15.4371,D
72807,15.4371,D
72807,15.4371,D
72807,15.4371,D
72915,15.4371,D
72915,15.4371,D
73024,15.4372,D
73024,15.4372,D
73024,15.4382,D
73133,15.4785,D
73133,15.4814,D
73133,15.4814,D
73243,15.4810,D
73243,15.4803,D
73354,15.4796,D
73354,15.4790,D
73354,15.4787,D
73463,15.4784,D
73463,15.4782,D
73572,15.4780,D
73572,15.4778,D
73572,15.4777,D
73681,15.4776,D
73681,15.4775,D
73789,15.4774,D
73789,15.4774,D
73789,15.4773,D
73898,15.4772,D
73898,15.4771,D
74007,15.4771,D
74007,15.4770,D
74007,15.4770,D
74114,15.4770,D
74115,15.4770,D
74225,15.4770,D
74225,15.4770,D
74335,15.4770,D
74335,15.4769,D
74335,15.4769,D
74443,15.4769,D
74443,15.4769,D
74443,15.4769,D
74553,15.4769,D
74553,15.4769,D
74663,15.4769,D
74663,15.4769,D
74663,15.4769,D
74772,15.4769,D
74772,15.4769,D
74881,15.4769,D
74882,15.4770,D
74882,15.4770,D
74991,15.4770,D
74991,15.4770,D
75101,15.4770,D
75101,15.4770,D
75101,15.4770,D
75211,15.4770,D
75211,15.4770,D
75319,15.4771,D
75319,15.4771,D
75427,15.4771,D
75428,15.4771,D
75428,15.4771,D
75535,15.4771,D
75535,15.4771,D
75645,15.4771,D
75645,15.4772,D
75645,15.4772,D
75754,15.4772,D
75754,15.4772,D
75754,15.4772,D
75863,15.4772,D
75864,15.4772,D
75973,15.4772,D
75973,15.4772,D
75973,15.4772,D
76083,15.4772,D
76083,15.4772,D
76192,15.4772,D
76192,15.4772,D
76192,15.5017,D
76300,15.5216,D
76300,15.5222,D
76409,15.5220,D
76409,15.5213,D
76409,15.5206,D
76519,15.5200,D
76519,15.5196,D
76629,15.5193,D
76629,15.5191,D
76629,15.5189,D
76739,15.5186,D
76739,15.5184,D
76847,15.5182,D
76848,15.5181,D
76959,15.5180,D
76959,15.5179,D
76959,15.5177,D
77071,15.5172,D
77071,15.5172,D
77071,15.5171,D
77182,15.5171,D
77182,15.5170,D
77292,15.5170,D
77292,15.5170,D
77292,15.5170,D
77403,15.5170,D
77403,15.5169,D
77513,15.5169,D
77513,15.5169,D
77513,15.5169,D
77625,15.5169,D
77625,15.5169,D
77737,15.5169,D
77737,15.5169,D
77737,15.5169,D
77848,15.5169,D
77848,15.5169,D
77848,15.5169,D
77959,15.5169,D
77959,15.5169,D
78071,15.5170,D
78071,15.5170,D
78071,15.5170,D
78183,15.5170,D
78183,15.5170,D
78294,15.5170,D
78294,15.5170,D
78294,15.5170,D
78406,15.5170,D
78406,15.5170,D
78518,15.5170,D
78518,15.5170,D
78518,15.5170,D
78631,15.5170,D
78631,15.5170,D
78742,15.5170,D
78742,15.5170,D
78742,15.5170,D
78853,15.5170,D
78853,15.5170,D
78853,15.5170,D
78964,15.5170,D
78964,15.5169,D
79074,15.5169,D
79074,15.5169,D
79074,15.5169,D
79183,15.5169,D
79183,15.5169,D
79293,15.5169,D
79293,15.5169,D
79293,15.5169,D
79404,15.5298,D
79404,15.5608,D
79511,15.5614,D
79511,15.5612,D
79512,15.5605,D
79620,15.5598,D
79620,15.5592,D
79729,15.5587,D
79729,15.5584,D
79840,15.5582,D
79841,15.5579,D
79841,15.5577,D
79951,15.5576,D
79951,15.5574,D
79951,15.5573,D
80061,15.5572,D
80061,15.5571,D
80171,15.5570,D
80171,15.5569,D
80171,15.5568,D
80278,15.5567,D
80278,15.5567,D
80387,15.5567,D
80387,15.5567,D
80387,15.5567,D
80497,15.5567,D
80497,15.5566,D
80606,15.5566,D
80606,15.5566,D
80606,15.5566,D
80716,15.5566,D
80716,15.5566,D
80827,15.5566,D
80827,15.5566,D
80827,15.5566,D
80926,15.5566,D
80927,15.5565,D
81038,15.5565,D
81038,15.5565,D
81148,15.5565,D
81148,15.5565,D
81148,15.5565,D
81260,15.5565,D
81260,15.5565,D
81260,15.5564,D
81371,15.5564,D
81371,15.5564,D
81482,15.5564,D
81482,15.5564,D
81482,15.5564,D
81594,15.5564,D
81594,15.5563,D
81704,15.5563,D
81705,15.5563,D
81705,15.5563,D
81815,15.5563,D
81815,15.5563,D
81927,15.5563,D
81927,15.5563,D
81927,15.5563,D
82037,15.5562,D
82037,15.5562,D
82147,15.5562,D
82147,15.5562,D
82147,15.5562,D
82258,15.5562,D
82258,15.5562,D
82369,15.5562,D
82369,15.5562,D
82369,15.5562,D
82480,15.5561,D
82480,15.5561,D
82480,15.5637,D
82590,15.6000,D
82590,15.6007,D
82701,15.6006,D
82701,15.5999,D
82701,15.5992,D
82812,15.5986,D
82812,15.5981,D
82923,15.5978,D
82923,15.5975,D
82923,15.5973,D
83032,15.5971,D
83032,15.5969,D
83141,15.5968,D
83141,15.5967,D
83250,15.5966,D
83250,15.5965,D
83250,15.5965,D
83361,15.5965,D
83361,15.5964,D
83361,15.5963,D
83472,15.5963,D
83472,15.5963,D
83581,15.5963,D
83581,15.5963,D
83581,15.5963,D
83692,15.5963,D
83692,15.5963,D
83802,15.5963,D
83802,15.5963,D
83802,15.5962,D
83913,15.5962,D
83914,15.5962,D
84022,15.5962,D
84022,15.5962,D
84022,15.5962,D
84132,15.5962,D
84132,15.5962,D
84243,15.5962,D
84243,15.5962,D
84243,15.5961,D
84354,15.5961,D
84354,15.5960,D
84354,15.5960,D
84465,15.5960,D
84465,15.5960,D
84574,15.5960,D
84574,15.5960,D
84685,15.5960,D
84685,15.5959,D
84685,15.5959,D
84794,15.5959,D
84794,15.5959,D
84794,15.5959,D
84895,15.5959,D
84895,15.5959,D
85006,15.5959,D
85007,15.5959,D
85117,15.5959,D
85117,15.5959,D
85117,15.5959,D
85227,15.5959,D
85227,15.5959,D
85338,15.5959,D
85338,15.5959,D
85338,15.5959,D
85450,15.5959,D
85450,15.5959,D
85450,15.5959,D
85562,15.5959,D
85562,15.5959,D
85673,15.5959,D
85673,15.5960,D
85673,15.6372,D
85784,15.6406,D
85784,15.6408,D
85895,15.6404,D
85895,15.6397,D
85895,15.6390,D
86004,15.6385,D
86004,15.6381,D
86116,15.6379,D
86116,15.6376,D
86116,15.6374,D
86228,15.6372,D
86228,15.6371,D
86342,15.6369,D
86342,15.6368,D
86342,15.6368,D
86454,15.6367,D
86454,15.6367,D
86454,15.6365,D
86566,15.6364,D
86566,15.6364,D
86678,15.6364,D
86678,15.6364,D
86679,15.6364,D
86791,15.6364,D
86791,15.6363,D
86903,15.6363,D
86903,15.6363,D
86903,15.6363,D
87016,15.6363,D
87016,15.6363,D
87127,15.6363,D
87127,15.6363,D
87127,15.6363,D
87235,15.6363,D
87235,15.6363,D
87344,15.6363,D
87344,15.6363,D
87344,15.6363,D
87455,15.6363,D
87455,15.6363,D
87563,15.6363,D
87563,15.6363,D
87563,15.6363,D
87673,15.6363,D
87673,15.6363,D
87782,15.6363,D
87783,15.6363,D
87783,15.6363,D
87893,15.6363,D
87893,15.6363,D
88003,15.6363,D
88003,15.6363,D
88003,15.6363,D
88114,15.6363,D
88114,15.6363,D
88223,15.6363,D
88223,15.6363,D
88223,15.6363,D
88333,15.6363,D
88333,15.6363,D
88333,15.6363,D
88445,15.6363,D
88445,15.6363,D
88553,15.6364,D
88554,15.6364,D
88554,15.6364,D
88662,15.6364,D
88662,15.6364,D
88772,15.6364,D
88772,15.6364,D
88772,15.6364,D
88895,15.6550,D
88895,15.6804,D
89007,15.6811,D
89007,15.6809,D
89007,15.6803,D
89118,15.6796,D
89119,15.6790,D
89119,15.6785,D
89232,15.6782,D
89232,15.6779,D
89345,15.6777,D
89345,15.6775,D
89345,15.6773,D
89458,15.6771,D
89458,15.6770,D
89570,15.6769,D
89570,15.6768,D
89570,15.6767,D
89683,15.6766,D
89683,15.6764,D
89795,15.6763,D
89795,15.6763,D
89795,15.6762,D
89908,15.6762,D
89908,15.6762,D
89908,15.6762,D
90020,15.6762,D
90020,15.6762,D
90133,15.6761,D
90133,15.6761,D
90133,15.6761,D
90245,15.6761,D
90245,15.6761,D
90357,15.6760,D
90357,15.6760,D
90357,15.6760,D
90470,15.6759,D
90470,15.6759,D
90583,15.6759,D
90583,15.6759,D
90583,15.6759,D
90695,15.6758,D
90695,15.6758,D
90695,15.6758,D
90807,15.6758,D
90807,15.6758,D
90919,15.6758,D
90920,15.6758,D
90920,15.6758,D
91032,15.6758,D
91032,15.6757,D
91140,15.6757,D
91140,15.6757,D
91140,15.6757,D
91250,15.6757,D
91251,15.6757,D
91359,15.6757,D
91359,15.6757,D
91359,15.6757,D
91467,15.6757,D
91467,15.6757,D
91577,15.6757,D
91577,15.6757,D
91577,15.6757,D
91686,15.6757,D
91686,15.6757,D
91795,15.6757,D
91796,15.6757,D
91904,15.6757,D
91904,15.6757,D
91904,15.6757,D
92013,15.6757,D
92013,15.6757,D
92013,15.7200,D
92122,15.7208,D
92122,15.7206,D
92232,15.7201,D
92232,15.7193,D
92232,15.7187,D
92342,15.7182,D
92342,15.7178,D
92452,15.7176,D
92452,15.7173,D
92452,15.7171,D
92561,15.7169,D
92561,15.7168,D
92670,15.7166,D
92670,15.7165,D
92670,15.7164,D
92780,15.7164,D
92780,15.7162,D
92896,15.7161,D
92896,15.7160,D
92896,15.7160,D
93007,15.7158,D
93007,15.7158,D
93007,15.7157,D
93121,15.7157,D
93121,15.7156,D
93233,15.7156,D
93233,15.7156,D
93233,15.7156,D
93345,15.7155,D
93346,15.7155,D
93458,15.7155,D
93458,15.7155,D
93458,15.7155,D
93571,15.7155,D
93571,15.7155,D
93684,15.7154,D
93684,15.7154,D
93684,15.7154,D
93796,15.7154,D
93796,15.7154,D
93909,15.7154,D
93909,15.7154,D
93909,15.7154,D
94020,15.7154,D
94020,15.7154,D
94020,15.7153,D
94131,15.7153,D
94131,15.7153,D
94243,15.7153,D
94243,15.7153,D
94243,15.7153,D
94355,15.7153,D
94355,15.7153,D
94467,15.7153,D
94467,15.7153,D
94467,15.7154,D
94579,15.7154,D
94579,15.7154,D
94579,15.7154,D
94691,15.7154,D
94691,15.7154,D
94803,15.7154,D
94803,15.7154,D
94803,15.7154,D
94914,15.7154,D
94914,15.7154,D
95025,15.7154,D
95025,15.7154,D
95025,15.7154,D
95133,15.7154,D
95133,15.7154,D
95242,15.7509,D
95242,15.7592,D
95242,15.7597,D
95353,15.7594,D
95353,15.7587,D
95462,15.7580,D
95462,15.7574,D
95571,15.7570,D
95571,15.7568,D
95571,15.7566,D
95681,15.7564,D
95681,15.7562,D
95791,15.7560,D
95791,15.7559,D
95791,15.7558,D
95901,15.7557,D
95901,15.7556,D
95901,15.7556,D
96011,15.7554,D
96011,15.7554,D
96121,15.7553,D
96121,15.7553,D
96121,15.7553,D
96230,15.7553,D
96230,15.7553,D
96339,15.7553,D
96339,15.7553,D
96339,15.7553,D
96449,15.7553,D
96449,15.7553,D
96559,15.7553,D
96559,15.7553,D
96559,15.7553,D
96670,15.7553,D
96670,15.7553,D
96779,15.7553,D
96779,15.7553,D
96779,15.7553,D
96896,15.7553,D
96896,15.7552,D
96896,15.7552,D
97009,15.7552,D
97009,15.7552,D
97121,15.7552,D
97121,15.7552,D
97121,15.7552,D
97233,15.7552,D
97233,15.7552,D
97345,15.7552,D
97345,15.7552,D
97345,15.7552,D
97458,15.7552,D
97458,15.7552,D
97570,15.7552,D
97570,15.7552,D
97570,15.7552,D
97682,15.7552,D
97682,15.7552,D
97794,15.7552,D
97795,15.7552,D
97795,15.7552,D
97906,15.7552,D
97906,15.7552,D
97906,15.7552,D
98018,15.7552,D
98019,15.7552,D
98131,15.7552,D
98132,15.7552,D
98132,15.7552,D
98245,15.7552,D
98245,15.7552,D
98357,15.7552,D
98357,15.7794,D
98357,15.7992,D
98469,15.7998,D
98469,15.7996,D
98469,15.7990,D
98582,15.7983,D
98582,15.7977,D
98694,15.7973,D
98694,15.7970,D
98694,15.7968,D
98805,15.7966,D
98805,15.7963,D
98918,15.7962,D
98918,15.7960,D
98918,15.7959,D
99029,15.7958,D
99030,15.7957,D
99140,15.7957,D
99140,15.7955,D
99140,15.7954,D
99250,15.7954,D
99250,15.7953,D
99360,15.7953,D
99360,15.7953,D
99360,15.7953,D
99470,15.7953,D
99470,15.7952,D
99579,15.7952,D
99579,15.7952,D
99579,15.7952,D
99688,15.7952,D
99688,15.7952,D
99798,15.7952,D
99799,15.7952,D
99799,15.7952,D
99908,15.7952,D
99908,15.7951,D
100017,15.7951,D
100017,15.7951,D
100017,15.7951,D
100126,15.7951,D
100126,15.7951,D
100234,15.7950,D
100234,15.7950,D
100234,15.7950,D
100343,15.7950,D
100343,15.7950,D
100452,15.7950,D
100452,15.7949,D
100452,15.7949,D
100561,15.7949,D
100561,15.7949,D
100671,15.7949,D
100671,15.7949,D
100671,15.7948,D
100780,15.7948,D
100780,15.7948,D
100896,15.7948,D
100896,15.7948,D
100896,15.7948,D
101008,15.7948,D
101008,15.7948,D
101008,15.7947,D
101122,15.7947,D
101122,15.7947,D
101233,15.7947,D
101233,15.7947,D
101233,15.7947,D
101346,15.7947,D
101346,15.7947,D
101458,15.7947,D
101458,15.7947,D
101458,15.7972,D
101570,15.8386,D
101570,15.8393,D
101570,15.8392,D
101683,15.8387,D
101683,15.8379,D
101795,15.8373,D
101796,15.8368,D
101796,15.8365,D
101908,15.8362,D
101908,15.8360,D
101908,15.8358,D
102020,15.8356,D
102020,15.8354,D
102132,15.8352,D
102132,15.8351,D
102244,15.8350,D
102244,15.8350,D
102244,15.8348,D
102357,15.8346,D
102357,15.8345,D
102357,15.8344,D
102469,15.8344,D
102469,15.8344,D
102581,15.8344,D
102581,15.8343,D
102581,15.8343,D
102693,15.8343,D
102693,15.8343,D
102804,15.8343,D
102804,15.8343,D
102804,15.8342,D
102915,15.8342,D
102915,15.8342,D
103025,15.8342,D
103025,15.8342,D
103025,15.8342,D
103135,15.8342,D
103135,15.8342,D
103246,15.8342,D
103246,15.8342,D
103246,15.8342,D
103356,15.8342,D
103356,15.8342,D
103468,15.8342,D
103468,15.8342,D
103468,15.8341,D
103579,15.8341,D
103579,15.8341,D
103689,15.8341,D
103689,15.8341,D
103689,15.8341,D
103797,15.8341,D
103797,15.8340,D
103797,15.8340,D
103907,15.8340,D
103907,15.8340,D
104016,15.8337,D
104016,15.8334,D
104016,15.8333,D
104125,15.8333,D
104125,15.8333,D
104235,15.8332,D
104235,15.8332,D
104235,15.8332,D
104345,15.8331,D
104345,15.8331,D
104455,15.8331,D
104455,15.8330,D
104455,15.8330,D
104566,15.8330,D
104566,15.8330,D
104676,15.8331,D
104676,15.8601,D
104676,15.8770,D
104785,15.8776,D
104785,15.8775,D
104896,15.8769,D
104896,15.8762,D
105008,15.8757,D
105008,15.8753,D
105008,15.8751,D
105121,15.8749,D
105121,15.8747,D
105121,15.8746,D
105235,15.8744,D
105235,15.8743,D
105347,15.8742,D
105348,15.8741,D
105348,15.8741,D
105460,15.8740,D
105460,15.8740,D
105461,15.8738,D
105573,15.8738,D
105573,15.8738,D
105685,15.8738,D
105685,15.8738,D
105797,15.8738,D
105797,15.8738,D
105797,15.8738,D
105910,15.8738,D
105910,15.8738,D
105910,15.8738,D
106023,15.8738,D
106023,15.8738,D
106134,15.8738,D
106134,15.8738,D
106134,15.8738,D
106246,15.8738,D
106246,15.8738,D
106246,15.8738,D
106359,15.8738,D
106359,15.8738,D
106471,15.8738,D
106471,15.8738,D
106584,15.8738,D
106584,15.8738,D
106584,15.8738,D
106696,15.8738,D
106696,15.8738,D
106696,15.8738,D
106809,15.8738,D
106809,15.8738,D
106921,15.8738,D
106921,15.8738,D
106921,15.8738,D
107031,15.8738,D
107031,15.8739,D
107031,15.8739,D
107142,15.8739,D
107142,15.8739,D
107252,15.8739,D
107252,15.8739,D
107362,15.8739,D
107362,15.8739,D
107362,15.8739,D
107471,15.8739,D
107471,15.8739,D
107471,15.8739,D
107581,15.8740,D
107581,15.8740,D
107690,15.8740,D
107690,15.8740,D
107690,15.8740,D
107801,15.8740,D
107801,15.8844,D
107911,15.9187,D
107911,15.9194,D
107911,15.9193,D
108019,15.9187,D
108019,15.9180,D
108130,15.9174,D
108130,15.9169,D
108130,15.9166,D
108240,15.9163,D
108240,15.9161,D
108349,15.9159,D
108350,15.9157,D
108350,15.9155,D
108459,15.9154,D
108459,15.9153,D
108569,15.9152,D
108569,15.9151,D
108569,15.9150,D
108678,15.9148,D
108679,15.9148,D
108788,15.9148,D
108788,15.9147,D
108788,15.9146,D
108897,15.9146,D
108897,15.9146,D
109005,15.9146,D
109005,15.9146,D
109113,15.9146,D
109113,15.9146,D
109113,15.9146,D
109224,15.9146,D
109224,15.9146,D
109224,15.9146,D
109333,15.9146,D
109333,15.9146,D
109444,15.9146,D
109444,15.9145,D
109444,15.9145,D
109552,15.9145,D
109552,15.9145,D
109661,15.9145,D
109661,15.9145,D
109661,15.9145,D
109770,15.9145,D
109771,15.9145,D
109880,15.9145,D
109880,15.9145,D
109880,15.9145,D
109988,15.9145,D
109989,15.9145,D
110098,15.9145,D
110098,15.9145,D
110098,15.9145,D
110206,15.9144,D
110207,15.9144,D
110315,15.9144,D
110315,15.9144,D
110315,15.9144,D
110425,15.9144,D
110425,15.9144,D
110535,15.9144,D
110535,15.9144,D
110535,15.9144,D
110647,15.9144,D
110647,15.9143,D
110755,15.9143,D
110755,15.9143,D
110755,15.9143,D
110866,15.9143,D
110866,15.9143,D
110977,15.9143,D
110977,15.9143,D
110977,15.9555,D
111088,15.9589,D
111088,15.9590,D
111200,15.9586,D
111200,15.9579,D
111200,15.9573,D
111313,15.9568,D
111313,15.9564,D
111313,15.9562,D
111424,15.9560,D
111424,15.9558,D
111535,15.9556,D
111535,15.9554,D
111535,15.9553,D
111647,15.9551,D
111648,15.9550,D
111759,15.9550,D
111759,15.9549,D
111759,15.9546,D
111871,15.9544,D
111872,15.9543,D
111983,15.9543,D
111983,15.9543,D
111983,15.9543,D
112096,15.9542,D
112096,15.9542,D
112096,15.9542,D
112209,15.9542,D
112209,15.9542,D
112321,15.9541,D
112322,15.9541,D
112322,15.9541,D
112434,15.9541,D
112434,15.9541,D
112546,15.9541,D
112546,15.9541,D
112546,15.9541,D
112658,15.9541,D
112658,15.9541,D
112771,15.9541,D
112771,15.9540,D
112771,15.9540,D
112884,15.9540,D
112884,15.9540,D
112884,15.9540,D
112993,15.9540,D
112993,15.9540,D
113102,15.9540,D
113102,15.9540,D
113102,15.9540,D
113211,15.9540,D
113211,15.9540,D
113321,15.9539,D
113321,15.9539,D
113321,15.9539,D
113429,15.9539,D
113429,15.9539,D
113538,15.9539,D
113538,15.9539,D
113648,15.9539,D
113648,15.9539,D
113648,15.9539,D
113758,15.9539,D
113758,15.9539,D
113758,15.9539,D
113867,15.9539,D
113867,15.9539,D
113976,15.9539,D
113976,15.9539,D
113976,15.9538,D
114087,15.9538,D
114088,15.9538,D
114197,15.9725,D
114197,15.9978,D
114197,15.9985,D
114308,15.9984,D
114308,15.9978,D
114417,15.9970,D
114417,15.9964,D
114417,15.9960,D
114528,15.9957,D
114528,15.9955,D
114638,15.9953,D
114638,15.9951,D
114638,15.9949,D
114747,15.9948,D
114748,15.9946,D
114856,15.9945,D
114856,15.9944,D
114967,15.9944,D
114967,15.9943,D
114967,15.9941,D
115076,15.9941,D
115076,15.9941,D
115187,15.9941,D
115187,15.9941,D
115187,15.9941,D
115296,15.9941,D
115296,15.9941,D
115296,15.9941,D
115407,15.9941,D
115407,15.9941,D
115518,15.9941,D
115518,15.9941,D
115518,15.9941,D
115627,15.9941,D
115627,15.9941,D
115738,15.9941,D
115738,15.9941,D
115738,15.9941,D
115847,15.9941,D
115847,15.9941,D
115956,15.9941,D
115956,15.9941,D
115956,15.9941,D
116066,15.9941,D
116066,15.9941,D
116176,15.9941,D
116176,15.9941,D
116176,15.9941,D
116286,15.9941,D
116286,15.9941,D
116396,15.9941,D
116396,15.9941,D
116396,15.9941,D
116505,15.9941,D
116505,15.9941,D
116614,15.9941,D
116614,15.9941,D
116614,15.9941,D
116724,15.9940,D
116724,15.9940,D
116833,15.9940,D
116833,15.9940,D
116833,15.9940,D
116944,15.9940,D
116944,15.9940,D
117055,15.9940,D
117056,15.9940,D
117056,15.9940,D
117168,15.9940,D
117168,15.9940,D
117168,15.9940,D
117281,15.9940,D
117281,15.9940,D
117394,16.0268,D
117394,16.0380,D
117394,16.0387,D
117506,16.0386,D
117507,16.0379,D
117618,16.0372,D
117618,16.0366,D
117618,16.0362,D
117731,16.0359,D
117731,16.0357,D
117844,16.0355,D
117844,16.0352,D
117844,16.0351,D
117956,16.0349,D
117956,16.0348,D
117956,16.0347,D
118069,16.0347,D
118069,16.0346,D
118182,16.0345,D
118182,16.0343,D
118182,16.0343,D
118295,16.0343,D
118295,16.0343,D
118409,16.0343,D
118409,16.0343,D
118409,16.0342,D
118521,16.0342,D
118521,16.0342,D
118632,16.0342,D
118632,16.0342,D
118632,16.0342,D
118744,16.0342,D
118744,16.0342,D
118744,16.0342,D
118856,16.0342,D
118856,16.0342,D
118968,16.0342,D
118968,16.0342,D
118968,16.0342,D
119078,16.0342,D
119078,16.0342,D
119186,16.0342,D
119186,16.0342,D
119186,16.0342,D
119296,16.0342,D
119296,16.0342,D
119407,16.0342,D
119407,16.0342,D
119407,16.0342,D
119518,16.0342,D
119518,16.0342,D
119628,16.0342,D
119628,16.0342,D
119628,16.0342,D
119736,16.0342,D
119736,16.0342,D
119847,16.0342,D
119847,16.0342,D
119847,16.0342,D
119957,16.0342,D
119957,16.0342,D
120066,16.0342,D
120066,16.0342,D
120066,16.0342,D
120175,16.0342,D
120175,16.0341,D
120285,16.0341,D
120285,16.0341,D
120285,16.0341,D
120393,16.0341,D
120393,16.0341,D
120504,16.0342,D
120504,16.0472,D
120504,16.0781,D
120614,16.0787,D
120614,16.0786,D
120724,16.0780,D
120724,16.0773,D
120724,16.0767,D
120834,16.0762,D
120834,16.0759,D
120834,16.0757,D
120943,16.0755,D
120943,16.0753,D
121055,16.0751,D
121055,16.0749,D
121055,16.0748,D
121167,16.0747,D
121167,16.0746,D
121280,16.0746,D
121280,16.0744,D
121280,16.0743,D
121393,16.0742,D
121393,16.0742,D
121505,16.0742,D
121505,16.0742,D
121505,16.0742,D
121618,16.0742,D
121618,16.0741,D
121618,16.0741,D
121731,16.0741,D
121731,16.0741,D
121843,16.0741,D
121843,16.0741,D
121843,16.0741,D
121957,16.0740,D
121957,16.0740,D
122068,16.0740,D
122069,16.0740,D
122069,16.0740,D
122180,16.0740,D
122180,16.0740,D
122180,16.0740,D
122292,16.0740,D
122292,16.0740,D
122405,16.0740,D
122405,16.0740,D
122405,16.0740,D
122518,16.0740,D
122518,16.0740,D
122630,16.0740,D
122630,16.0740,D
122630,16.0740,D
122742,16.0740,D
122742,16.0740,D
122854,16.0740,D
122854,16.0740,D
122854,16.0740,D
122964,16.0740,D
122964,16.0740,D
123073,16.0740,D
123073,16.0740,D
123073,16.0739,D
123183,16.0739,D
123183,16.0739,D
123293,16.0739,D
123293,16.0739,D
123293,16.0739,D
123403,16.0739,D
123403,16.0739,D
123513,16.0739,D
123513,16.0739,D
123513,16.0739,D
123624,16.0739,D
123624,16.0739,D
123733,16.1176,D
123733,16.1183,D
123733,16.1183,D
123844,16.1178,D
123844,16.1171,D
123953,16.1164,D
123953,16.1159,D
123953,16.1156,D
124062,16.1153,D
124062,16.1151,D
124173,16.1149,D
124173,16.1147,D
124173,16.1145,D
124284,16.1144,D
124284,16.1143,D
124394,16.1142,D
124394,16.1141,D
124394,16.1140,D
124504,16.1138,D
124504,16.1137,D
124504,16.1137,D
124614,16.1137,D
124614,16.1137,D
124723,16.1137,D
124723,16.1137,D
124723,16.1137,D
124834,16.1136,D
124834,16.1136,D
124949,16.1136,D
124949,16.1136,D
125061,16.1136,D
125061,16.1136,D
125061,16.1136,D
125174,16.1136,D
125174,16.1136,D
125174,16.1136,D
125285,16.1136,D
125285,16.1136,D
125398,16.1136,D
125398,16.1136,D
125398,16.1136,D
125511,16.1136,D
125511,16.1136,D
125511,16.1136,D
125623,16.1136,D
125623,16.1136,D
125736,16.1136,D
125736,16.1136,D
125736,16.1136,D
125849,16.1136,D
125849,16.1136,D
125960,16.1136,D
125960,16.1136,D
125961,16.1136,D
126074,16.1136,D
126074,16.1136,D
126184,16.1136,D
126184,16.1136,D
126184,16.1136,D
126295,16.1136,D
126295,16.1136,D
126295,16.1136,D
126408,16.1136,D
126408,16.1136,D
126519,16.1136,D
126519,16.1136,D
126519,16.1136,D
126632,16.1136,D
126632,16.1136,D
126745,16.1135,D
126745,16.1135,D
126745,16.1135,D
126856,16.1238,D
126856,16.1576,D
126969,16.1583,D
126969,16.1583,D
126969,16.1577,D
127080,16.1568,D
127080,16.1562,D
127080,16.1558,D
127189,16.1554,D
127299,16.1552,D
127299,16.1550,D
127299,16.1548,D
127299,16.1547,D
127409,16.1545,D
127409,16.1544,D
127518,16.1543,D
127519,16.1541,D
127519,16.1541,D
127626,16.1540,D
127626,16.1538,D
127735,16.1537,D
127735,16.1537,D
127735,16.1537,D
127845,16.1537,D
127845,16.1537,D
127955,16.1537,D
127955,16.1536,D
128065,16.1536,D
128065,16.1536,D
128065,16.1536,D
128174,16.1536,D
128174,16.1536,D
128283,16.1536,D
128283,16.1536,D
128283,16.1536,D
128392,16.1536,D
128392,16.1536,D
128392,16.1536,D
128502,16.1536,D
128502,16.1536,D
128610,16.1536,D
128610,16.1536,D
128610,16.1536,D
128721,16.1536,D
128721,16.1536,D
128832,16.1536,D
128832,16.1536,D
128832,16.1535,D
128941,16.1535,D
128942,16.1535,D
129052,16.1535,D
129052,16.1535,D
129052,16.1535,D
129161,16.1535,D
129161,16.1535,D
129271,16.1535,D
129271,16.1535,D
129383,16.1535,D
129383,16.1535,D
129383,16.1535,D
129493,16.1535,D
129493,16.1535,D
129493,16.1535,D
129604,16.1535,D
129604,16.1535,D
129715,16.1534,D
129715,16.1534,D
129715,16.1534,D
129826,16.1534,D
129826,16.1534,D
129936,16.1534,D
129936,16.1534,D
129936,16.1534,D
130046,16.1833,D
130046,16.1974,D
130154,16.1979,D
130154,16.1978,D
130154,16.1972,D
130263,16.1965,D
130263,16.1959,D
130372,16.1955,D
130372,16.1952,D
130372,16.1950,D
130481,16.1947,D
130481,16.1945,D
130590,16.1943,D
130591,16.1942,D
130699,16.1940,D
130699,16.1939,D
130699,16.1939,D
130810,16.1938,D
130810,16.1936,D
130810,16.1935,D
130912,16.1934,D
130912,16.1933,D
131022,16.1933,D
131022,16.1933,D
131022,16.1932,D
131134,16.1932,D
131134,16.1932,D
131246,16.1932,D
131246,16.1932,D
131246,16.1932,D
131358,16.1932,D
131358,16.1932,D
131470,16.1932,D
131471,16.1932,D
131471,16.1932,D
131583,16.1932,D
131584,16.1932,D
131584,16.1932,D
131696,16.1932,D
131696,16.1932,D
131807,16.1932,D
131807,16.1932,D
131807,16.1932,D
131919,16.1931,D
131919,16.1931,D
132032,16.1931,D
132032,16.1931,D
132032,16.1931,D
132141,16.1931,D
132141,16.1931,D
132252,16.1931,D
132252,16.1931,D
132252,16.1931,D
132362,16.1931,D
132362,16.1931,D
132472,16.1931,D
132473,16.1931,D
132473,16.1931,D
132583,16.1931,D
132583,16.1931,D
132583,16.1931,D
132696,16.1931,D
132696,16.1931,D
132809,16.1931,D
132809,16.1931,D
132920,16.1931,D
132920,16.1931,D
132920,16.1931,D
133030,16.1931,D
133030,16.1931,D
133030,16.1931,D
133139,16.1931,D
133139,16.1957,D
133248,16.2372,D
133248,16.2380,D
133357,16.2379,D
133357,16.2374,D
133357,16.2367,D
133467,16.2360,D
133467,16.2356,D
133576,16.2352,D
133576,16.2350,D
133576,16.2348,D
133686,16.2345,D
133686,16.2343,D
133686,16.2342,D
133797,16.2340,D
133797,16.2339,D
133907,16.2338,D
133907,16.2337,D
133907,16.2336,D
134016,16.2334,D
134016,16.2333,D
134126,16.2333,D
134126,16.2333,D
134126,16.2333,D
134235,16.2333,D
134235,16.2333,D
134344,16.2333,D
134344,16.2333,D
134344,16.2333,D
134452,16.2333,D
134453,16.2333,D
134564,16.2333,D
134565,16.2333,D
134565,16.2333,D
134673,16.2333,D
134673,16.2333,D
134782,16.2333,D
134782,16.2333,D
134782,16.2333,D
134896,16.2333,D
134896,16.2333,D
135009,16.2333,D
135009,16.2333,D
135009,16.2333,D
135122,16.2333,D
135122,16.2333,D
135122,16.2332,D
135235,16.2332,D
135235,16.2332,D
135347,16.2332,D
135347,16.2332,D
135347,16.2332,D
135459,16.2332,D
135459,16.2332,D
135573,16.2332,D
135573,16.2332,D
135573,16.2332,D
135685,16.2332,D
135685,16.2332,D
135685,16.2332,D
135798,16.2332,D
135799,16.2332,D
135910,16.2332,D
135910,16.2332,D
135910,16.2332,D
136024,16.2332,D
136024,16.2332,D
136136,16.2332,D
136136,16.2332,D
136136,16.2332,D
136248,16.2332,D
136249,16.2332,D
136362,16.2332,D
136363,16.2712,D
136363,16.2770,D
136474,16.2775,D
136474,16.2772,D
136474,16.2765,D
136587,16.2758,D
136587,16.2753,D
136699,16.2749,D
136699,16.2746,D
136699,16.2744,D
136810,16.2742,D
136810,16.2740,D
136922,16.2738,D
136922,16.2737,D
136922,16.2736,D
137035,16.2735,D
137035,16.2734,D
137145,16.2734,D
137145,16.2732,D
137145,16.2731,D
137255,16.2730,D
137255,16.2730,D
137364,16.2730,D
137364,16.2730,D
137364,16.2730,D
137474,16.2730,D
137474,16.2729,D
137583,16.2728,D
137583,16.2729,D
137583,16.2729,D
137692,16.2729,D
137692,16.2729,D
137803,16.2729,D
137803,16.2729,D
137803,16.2729,D
137913,16.2729,D
137913,16.2729,D
138022,16.2730,D
138022,16.2730,D
138022,16.2730,D
138131,16.2730,D
138131,16.2730,D
138131,16.2730,D
138239,16.2730,D
138239,16.2730,D
138350,16.2730,D
138350,16.2730,D
138350,16.2730,D
138462,16.2730,D
138462,16.2730,D
138569,16.2730,D
138569,16.2730,D
138569,16.2730,D
138677,16.2730,D
138677,16.2730,D
138787,16.2730,D
138787,16.2730,D
138787,16.2730,D
138895,16.2729,D
138895,16.2729,D
139007,16.2729,D
139007,16.2729,D
139007,16.2729,D
139119,16.2729,D
139119,16.2729,D
139233,16.2729,D
139233,16.2729,D
139344,16.2729,D
139344,16.2729,D
139344,16.2729,D
139456,16.2729,D
139456,16.2729,D
139456,16.2831,D
139568,16.3168,D
139568,16.3175,D
139682,16.3175,D
139682,16.3169,D
139682,16.3162,D
139793,16.3156,D
139793,16.3151,D
139793,16.3148,D
139904,16.3146,D
139904,16.3143,D
140016,16.3141,D
140016,16.3139,D
140128,16.3138,D
140128,16.3136,D
140128,16.3135,D
140239,16.3134,D
140239,16.3133,D
140240,16.3132,D
140351,16.3130,D
140351,16.3130,D
140462,16.3130,D
140462,16.3129,D
140462,16.3129,D
140573,16.3129,D
140573,16.3128,D
140684,16.3128,D
140684,16.3128,D
140684,16.3128,D
140798,16.3128,D
140798,16.3128,D
140907,16.3128,D
140907,16.3128,D
140907,16.3128,D
141018,16.3128,D
141018,16.3128,D
141018,16.3128,D
141128,16.3128,D
141128,16.3128,D
141236,16.3127,D
141236,16.3127,D
141236,16.3127,D
141346,16.3127,D
141346,16.3127,D
141455,16.3127,D
141455,16.3127,D
141455,16.3127,D
141564,16.3127,D
141564,16.3127,D
141674,16.3127,D
141674,16.3127,D
141674,16.3127,D
141784,16.3127,D
141784,16.3127,D
141893,16.3126,D
141894,16.3126,D
142004,16.3126,D
142004,16.3126,D
142004,16.3126,D
142114,16.3126,D
142114,16.3126,D
142225,16.3126,D
142225,16.3126,D
142225,16.3126,D
142334,16.3126,D
142334,16.3126,D
142334,16.3126,D
142444,16.3126,D
142444,16.3126,D
142554,16.3126,D
142554,16.3126,D
142554,16.3125,D
142663,16.3125,D
142663,16.3311,D
142772,16.3565,D
142772,16.3572,D
142772,16.3570,D
142880,16.3564,D
142880,16.3556,D
142990,16.3551,D
142990,16.3547,D
142990,16.3544,D
143099,16.3541,D
143099,16.3539,D
143209,16.3537,D
143209,16.3535,D
143209,16.3534,D
143319,16.3532,D
143320,16.3531,D
143429,16.3531,D
143429,16.3530,D
143537,16.3529,D
143537,16.3527,D
143537,16.3527,D
143645,16.3526,D
143645,16.3526,D
143645,16.3526,D
143756,16.3526,D
143756,16.3526,D
143865,16.3526,D
143865,16.3525,D
143865,16.3525,D
143973,16.3525,D
143973,16.3525,D
143973,16.3525,D
144082,16.3525,D
144082,16.3525,D
144192,16.3525,D
144193,16.3525,D
144302,16.3525,D
144302,16.3525,D
144302,16.3525,D
144412,16.3525,D
144412,16.3525,D
144521,16.3525,D
144521,16.3525,D
144521,16.3525,D
144631,16.3525,D
144631,16.3525,D
144741,16.3525,D
144741,16.3525,D
144741,16.3525,D
144850,16.3525,D
144850,16.3525,D
144959,16.3524,D
144959,16.3524,D
144959,16.3524,D
145072,16.3524,D
145072,16.3524,D
145184,16.3524,D
145184,16.3524,D
145184,16.3524,D
145296,16.3524,D
145296,16.3524,D
145296,16.3524,D
145409,16.3524,D
145409,16.3524,D
145522,16.3524,D
145522,16.3524,D
145636,16.3524,D
145636,16.3524,D
145636,16.3524,D
145749,16.3524,D
145749,16.3524,D
145749,16.3524,D
145861,16.3524,D
145861,16.3850,D
145974,16.3963,D
145974,16.3968,D
145974,16.3967,D
146086,16.3960,D
146086,16.3953,D
146086,16.3948,D
146198,16.3944,D
146198,16.3941,D
146311,16.3939,D
146312,16.3936,D
146424,16.3934,D
146424,16.3932,D
146424,16.3930,D
146537,16.3929,D
146537,16.3928,D
146537,16.3927,D
146650,16.3926,D
146650,16.3924,D
146650,16.3923,D
146761,16.3923,D
146761,16.3923,D
146874,16.3923,D
146874,16.3923,D
146874,16.3923,D
146987,16.3923,D
146987,16.3923,D
147097,16.3922,D
147097,16.3922,D
147206,16.3922,D
147206,16.3922,D
147206,16.3922,D
147316,16.3922,D
147316,16.3921,D
147316,16.3921,D
147426,16.3921,D
147426,16.3921,D
147533,16.3921,D
147533,16.3921,D
147533,16.3921,D
147642,16.3921,D
147642,16.3921,D
147751,16.3921,D
147751,16.3921,D
147751,16.3921,D
147861,16.3921,D
147861,16.3921,D
147972,16.3921,D
147972,16.3921,D
147972,16.3921,D
148082,16.3921,D
148082,16.3920,D
148191,16.3920,D
148192,16.3920,D
148192,16.3920,D
148301,16.3920,D
148302,16.3920,D
148411,16.3920,D
148411,16.3920,D
148520,16.3920,D
148521,16.3920,D
148521,16.3920,D
148629,16.3920,D
148629,16.3920,D
148629,16.3920,D
148739,16.3920,D
148739,16.3920,D
148846,16.3920,D
148846,16.3920,D
148847,16.3920,D
148955,16.3920,D
148956,16.3920,D
149065,16.4022,D
149065,16.4359,D
149065,16.4366,D
149174,16.4365,D
149174,16.4359,D
149285,16.4352,D
149285,16.4346,D
149285,16.4341,D
149395,16.4338,D
149395,16.4336,D
149505,16.4334,D
149505,16.4332,D
149505,16.4330,D
149616,16.4329,D
149616,16.4327,D
149725,16.4326,D
149725,16.4325,D
149725,16.4324,D
149834,16.4323,D
149834,16.4321,D
149944,16.4321,D
149944,16.4320,D
149944,16.4320,D
150053,16.4320,D
150053,16.4321,D
150164,16.4322,D
150164,16.4323,D
150165,16.4324,D
150275,16.4324,D
150275,16.4324,D
150385,16.4324,D
150386,16.4324,D
150386,16.4323,D
150494,16.4318,D
150494,16.4316,D
150606,16.4316,D
150606,16.4316,D
150606,16.4316,D
150717,16.4316,D
150717,16.4316,D
150717,16.4316,D
150825,16.4316,D
150825,16.4317,D
150928,16.4317,D
150928,16.4317,D
151041,16.4317,D
151041,16.4317,D
151041,16.4317,D
151152,16.4317,D
151152,16.4318,D
151265,16.4318,D
151265,16.4318,D
151265,16.4318,D
151377,16.4318,D
151377,16.4318,D
151377,16.4318,D
151490,16.4318,D
151490,16.4318,D
151601,16.4318,D
151601,16.4318,D
151601,16.4318,D
151712,16.4318,D
151712,16.4318,D
151824,16.4318,D
151824,16.4318,D
151824,16.4318,D
151938,16.4318,D
151938,16.4318,D
151938,16.4318,D
152050,16.4318,D
152050,16.4318,D
152162,16.4318,D
152162,16.4318,D
152162,16.4560,D
152275,16.4758,D
152275,16.4764,D
152387,16.4763,D
152387,16.4756,D
152387,16.4749,D
152500,16.4744,D
152500,16.4740,D
152612,16.4737,D
152613,16.4734,D
152613,16.4732,D
152725,16.4730,D
152725,16.4728,D
152725,16.4727,D
152838,16.4725,D
152838,16.4724,D
152948,16.4724,D
152948,16.4723,D
152948,16.4722,D
153058,16.4720,D
153058,16.4719,D
153168,16.4719,D
153168,16.4719,D
153168,16.4719,D
153277,16.4719,D
153277,16.4718,D
153386,16.4718,D
153386,16.4718,D
153495,16.4718,D
153495,16.4718,D
153495,16.4718,D
153606,16.4718,D
153606,16.4718,D
153606,16.4718,D
153715,16.4718,D
153715,16.4717,D
153825,16.4717,D
153825,16.4717,D
153825,16.4717,D
153934,16.4717,D
153935,16.4717,D
154043,16.4717,D
154043,16.4717,D
154043,16.4717,D
154153,16.4717,D
154153,16.4717,D
154261,16.4717,D
154262,16.4717,D
154262,16.4716,D
154372,16.4716,D
154372,16.4716,D
154482,16.4716,D
154482,16.4716,D
154482,16.4716,D
154592,16.4716,D
154592,16.4716,D
154702,16.4716,D
154702,16.4716,D
154702,16.4716,D
154813,16.4716,D
154813,16.4716,D
154813,16.4716,D
154928,16.4716,D
154928,16.4716,D
155029,16.4716,D
155029,16.4716,D
155141,16.4716,D
155141,16.4716,D
155141,16.4716,D
155254,16.4716,D
155254,16.4716,D
155367,16.4716,D
155367,16.4716,D
155367,16.5014,D
155479,16.5155,D
155479,16.5161,D
155591,16.5159,D
155591,16.5152,D
155591,16.5145,D
155702,16.5139,D
155702,16.5136,D
155703,16.5133,D
155815,16.5131,D
155816,16.5129,D
155928,16.5127,D
155928,16.5125,D
155928,16.5123,D
156041,16.5122,D
156041,16.5121,D
156153,16.5120,D
156153,16.5120,D
156153,16.5118,D
156264,16.5117,D
156264,16.5116,D
156375,16.5116,D
156375,16.5116,D
156375,16.5116,D
156488,16.5116,D
156488,16.5116,D
156488,16.5115,D
156601,16.5115,D
156601,16.5115,D
156713,16.5115,D
156714,16.5115,D
156714,16.5115,D
156826,16.5114,D
156826,16.5114,D
156939,16.5114,D
156940,16.5114,D
156940,16.5114,D
157051,16.5114,D
157051,16.5114,D
157161,16.5113,D
157161,16.5113,D
157161,16.5113,D
157269,16.5113,D
157269,16.5113,D
157269,16.5113,D
157379,16.5113,D
157379,16.5113,D
157487,16.5113,D
157487,16.5112,D
157487,16.5112,D
157598,16.5112,D
157598,16.5112,D
157707,16.5112,D
157707,16.5112,D
157707,16.5112,D
157817,16.5112,D
157818,16.5112,D
157927,16.5112,D
157927,16.5112,D
157927,16.5111,D
158037,16.5111,D
158037,16.5111,D
158147,16.5111,D
158147,16.5111,D
158147,16.5111,D
158258,16.5111,D
158258,16.5111,D
158369,16.5111,D
158369,16.5111,D
158369,16.5111,D
158477,16.5111,D
158478,16.5111,D
158588,16.5111,D
158588,16.5520,D
158588,16.5554,D
158697,16.5556,D
158697,16.5552,D
158806,16.5545,D
158806,16.5539,D
158806,16.5534,D
158911,16.5530,D
158911,16.5528,D
159024,16.5525,D
159024,16.5523,D
159024,16.5521,D
159137,16.5519,D
159137,16.5518,D
159248,16.5517,D
159248,16.5516,D
159248,16.5515,D
159361,16.5514,D
159361,16.5512,D
159473,16.5512,D
159473,16.5511,D
159473,16.5511,D
159585,16.5511,D
159585,16.5511,D
159585,16.5511,D
159698,16.5511,D
159698,16.5511,D
159811,16.5510,D
159811,16.5510,D
159811,16.5510,D
159923,16.5510,D
159923,16.5510,D
160035,16.5510,D
160035,16.5510,D
160036,16.5510,D
160147,16.5510,D
160147,16.5510,D
160147,16.5510,D
160259,16.5510,D
160259,16.5510,D
160372,16.5510,D
160372,16.5510,D
160372,16.5510,D
160484,16.5510,D
160484,16.5510,D
160596,16.5510,D
160596,16.5510,D
160596,16.5510,D
160708,16.5510,D
160708,16.5510,D
160821,16.5510,D
160821,16.5510,D
160821,16.5510,D
160933,16.5510,D
160933,16.5510,D
160933,16.5510,D
161043,16.5510,D
161044,16.5510,D
161154,16.5510,D
161154,16.5510,D
161154,16.5510,D
161262,16.5510,D
161262,16.5510,D
161373,16.5510,D
161373,16.5510,D
161373,16.5510,D
161482,16.5510,D
161482,16.5510,D
161591,16.5510,D
161591,16.5510,D
161591,16.5510,D
161701,16.5510,D
161701,16.5669,D
161809,16.5952,D
161809,16.5959,D
161809,16.5958,D
161919,16.5952,D
161919,16.5945,D
162030,16.5939,D
162030,16.5935,D
162139,16.5932,D
162139,16.5930,D
162139,16.5928,D
162249,16.5925,D
162249,16.5923,D
162357,16.5922,D
162357,16.5921,D
162357,16.5920,D
162467,16.5919,D
162467,16.5918,D
162467,16.5917,D
162577,16.5915,D
162577,16.5915,D
162686,16.5915,D
162687,16.5915,D
162687,16.5915,D
162795,16.5915,D
162795,16.5915,D
162906,16.5915,D
162906,16.5915,D
162906,16.5914,D
163015,16.5914,D
163015,16.5914,D
163126,16.5914,D
163126,16.5914,D
163126,16.5914,D
163237,16.5913,D
163237,16.5913,D
163347,16.5912,D
163347,16.5912,D
163347,16.5911,D
163457,16.5911,D
163457,16.5911,D
163566,16.5910,D
163567,16.5910,D
163567,16.5910,D
163675,16.5911,D
163675,16.5911,D
163783,16.5911,D
163783,16.5912,D
163783,16.5912,D
163892,16.5912,D
163892,16.5913,D
164002,16.5913,D
164002,16.5913,D
164002,16.5913,D
164110,16.5914,D
164111,16.5914,D
164219,16.5914,D
164219,16.5914,D
164219,16.5914,D
164327,16.5914,D
164327,16.5914,D
164436,16.5914,D
164436,16.5914,D
164436,16.5914,D
164544,16.5914,D
164544,16.5914,D
164654,16.5914,D
164654,16.5914,D
164763,16.5914,D
164763,16.5913,D
164763,16.5913,D
164871,16.5913,D
164871,16.5913,D
164983,16.6181,D
164983,16.6351,D
164983,16.6357,D
165095,16.6354,D
165095,16.6348,D
165095,16.6340,D
165207,16.6335,D
165207,16.6331,D
165307,16.6328,D
165307,16.6326,D
165307,16.6324,D
165411,16.6321,D
165411,16.6320,D
165522,16.6318,D
165522,16.6317,D
165522,16.6316,D
165623,16.6315,D
165623,16.6314,D
165726,16.6312,D
165726,16.6311,D
165841,16.6311,D
165841,16.6311,D
165841,16.6311,D
165954,16.6311,D
165954,16.6310,D
166056,16.6309,D
166056,16.6309,D
166056,16.6309,D
166168,16.6309,D
166168,16.6309,D
166271,16.6309,D
166271,16.6309,D
166271,16.6309,D
166391,16.6309,D
166391,16.6309,D
166492,16.6309,D
166492,16.6309,D
166606,16.6309,D
166606,16.6309,D
166606,16.6309,D
166713,16.6308,D
166713,16.6308,D
166713,16.6308,D
166817,16.6308,D
166818,16.6308,D
166926,16.6308,D
166926,16.6308,D
166926,16.6308,D
167029,16.6308,D
167029,16.6308,D
167139,16.6308,D
167139,16.6308,D
167139,16.6308,D
167248,16.6307,D
167248,16.6307,D
167358,16.6307,D
167358,16.6307,D
167358,16.6307,D
167469,16.6307,D
167469,16.6307,D
167578,16.6307,D
167578,16.6307,D
167578,16.6307,D
167689,16.6307,D
167689,16.6307,D
167798,16.6307,D
167798,16.6307,D
167907,16.6307,D
167907,16.6307,D
167907,16.6307,D
168016,16.6307,D
168016,16.6307,D
168016,16.6307,D
168126,16.6604,D
168126,16.6746,D
168235,16.6752,D
168235,16.6750,D
168235,16.6743,D
168347,16.6736,D
168347,16.6731,D
168456,16.6727,D
168456,16.6724,D
168456,16.6722,D
168566,16.6720,D
168566,16.6717,D
168676,16.6716,D
168676,16.6714,D
168676,16.6713,D
168786,16.6712,D
168786,16.6711,D
168897,16.6710,D
168897,16.6709,D
168897,16.6708,D
169006,16.6707,D
169006,16.6707,D
169115,16.6707,D
169115,16.6707,D
169223,16.6707,D
169223,16.6707,D
169223,16.6707,D
169332,16.6706,D
169332,16.6706,D
169332,16.6706,D
169442,16.6706,D
169443,16.6706,D
169551,16.6706,D
169551,16.6706,D
169551,16.6706,D
169661,16.6706,D
169661,16.6706,D
169771,16.6706,D
169771,16.6705,D
169771,16.6705,D
169879,16.6705,D
169879,16.6705,D
169990,16.6705,D
169990,16.6705,D
169990,16.6705,D
170098,16.6705,D
170098,16.6705,D
170207,16.6705,D
170207,16.6705,D
170207,16.6705,D
170316,16.6705,D
170316,16.6705,D
170425,16.6705,D
170425,16.6705,D
170425,16.6705,D
170534,16.6705,D
170534,16.6705,D
170642,16.6705,D
170642,16.6705,D
170642,16.6705,D
170751,16.6705,D
170751,16.6705,D
170860,16.6705,D
170860,16.6705,D
170860,16.6705,D
170970,16.6705,D
170970,16.6705,D
171079,16.6705,D
171079,16.6704,D
171079,16.6704,D
171187,16.6704,D
171187,16.6704,D
171297,16.6704,D
171297,16.7058,D
171297,16.7142,D
171406,16.7148,D
171406,16.7146,D
171515,16.7140,D
171515,16.7133,D
171515,16.7128,D
171617,16.7124,D
171617,16.7121,D
171723,16.7119,D
171723,16.7117,D
171832,16.7115,D
171832,16.7113,D
171832,16.7111,D
171933,16.7110,D
171933,16.7109,D
172037,16.7109,D
172037,16.7108,D
172037,16.7106,D
172148,16.7105,D
172148,16.7105,D
172262,16.7105,D
172262,16.7104,D
172262,16.7104,D
172374,16.7104,D
172374,16.7103,D
172487,16.7103,D
172487,16.7103,D
172487,16.7103,D
172597,16.7103,D
172597,16.7103,D
172597,16.7103,D
172710,16.7103,D
172710,16.7103,D
172823,16.7103,D
172823,16.7103,D
172823,16.7103,D
172935,16.7103,D
172935,16.7103,D
173045,16.7103,D
173045,16.7103,D
173157,16.7103,D
173157,16.7103,D
173157,16.7103,D
173267,16.7103,D
173267,16.7102,D
173267,16.7102,D
173377,16.7102,D
173377,16.7102,D
173487,16.7102,D
173487,16.7102,D
173487,16.7102,D
173597,16.7102,D
173597,16.7102,D
173705,16.7102,D
173705,16.7102,D
173705,16.7102,D
173814,16.7102,D
173814,16.7102,D
173924,16.7102,D
173924,16.7102,D
173924,16.7102,D
174034,16.7102,D
174034,16.7102,D
174144,16.7101,D
174144,16.7101,D
174144,16.7101,D
174254,16.7101,D
174254,16.7101,D
174364,16.7100,D
174364,16.7100,D
174474,16.7100,D
174474,16.7149,D
174474,16.7528,D
174584,16.7538,D
174584,16.7541,D
174584,16.7536,D
174694,16.7530,D
174694,16.7524,D
174694,16.7519,D
174802,16.7516,D
174802,16.7514,D
174912,16.7512,D
174912,16.7510,D
174912,16.7509,D
175020,16.7507,D
175020,16.7506,D
175130,16.7505,D
175130,16.7504,D
175240,16.7503,D
175240,16.7503,D
175240,16.7501,D
175350,16.7497,D
175350,16.7491,D
175350,16.7487,D
175460,16.7483,D
175460,16.7477,D
175570,16.7474,D
175570,16.7476,D
175681,16.7480,D
175681,16.7486,D
175681,16.7493,D
175789,16.7501,D
175789,16.7507,D
175789,16.7512,D
175900,16.7516,D
175900,16.7518,D
176009,16.7520,D
176009,16.7520,D
176009,16.7520,D
176119,16.7519,D
176119,16.7518,D
176228,16.7517,D
176228,16.7515,D
176228,16.7513,D
176338,16.7512,D
176338,16.7510,D
176447,16.7508,D
176447,16.7506,D
176558,16.7505,D
176558,16.7503,D
176558,16.7502,D
176669,16.7496,D
176669,16.7495,D
176669,16.7495,D
176779,16.7495,D
176779,16.7495,D
176895,16.7495,D
176895,16.7495,D
176895,16.7495,D
177008,16.7495,D
177008,16.7495,D
177119,16.7496,D
177119,16.7496,D
177119,16.7496,D
177230,16.7496,D
177230,16.7496,D
177343,16.7496,D
177343,16.7496,D
177343,16.7496,D
177455,16.7496,D
177455,16.7496,D
177455,16.7496,D
177568,16.7496,D
177568,16.7496,D
177680,16.7879,D
177680,16.7934,D
177680,16.7935,D
177792,16.7935,D
177793,16.7929,D
177906,16.7922,D
177906,16.7917,D
177906,16.7913,D
178019,16.7910,D
178019,16.7908,D
178132,16.7906,D
178132,16.7904,D
178132,16.7902,D
178245,16.7901,D
178245,16.7899,D
178245,16.7899,D
178357,16.7898,D
178357,16.7897,D
178470,16.7895,D
178470,16.7894,D
178470,16.7894,D
178583,16.7894,D
178583,16.7894,D
178583,16.7894,D
178696,16.7894,D
178696,16.7894,D
178808,16.7894,D
178808,16.7894,D
178920,16.7894,D
178920,16.7894,D
178920,16.7894,D
179030,16.7894,D
179030,16.7894,D
179030,16.7894,D
179139,16.7893,D
179139,16.7893,D
179250,16.7893,D
179250,16.7893,D
179250,16.7893,D
179360,16.7893,D
179360,16.7893,D
179469,16.7893,D
179470,16.7893,D
179470,16.7893,D
179578,16.7893,D
179578,16.7893,D
179689,16.7893,D
179689,16.7893,D
179689,16.7893,D
179798,16.7893,D
179798,16.7893,D
179907,16.7893,D
179907,16.7893,D
179907,16.7893,D
180017,16.7893,D
180017,16.7893,D
180125,16.7893,D
180125,16.7893,D
180125,16.7893,D
180236,16.7893,D
180236,16.7893,D
180345,16.7892,D
180346,16.7892,D
180346,16.7892,D
180453,16.7892,D
180453,16.7892,D
180563,16.7892,D
180563,16.7892,D
180563,16.7892,D
180672,16.7892,D
180672,16.7892,D
180780,16.7892,D
180780,16.7893,D
180780,16.8191,D
180885,16.8332,D
180885,16.8339,D
180998,16.8337,D
180998,16.8330,D
180998,16.8323,D
181110,16.8317,D
181110,16.8313,D
181222,16.8311,D
181222,16.8308,D
181222,16.8306,D
181333,16.8304,D
181333,16.8303,D
181445,16.8301,D
181445,16.8300,D
181445,16.8299,D
181558,16.8298,D
181558,16.8297,D
181558,16.8295,D
181671,16.8293,D
181671,16.8293,D
181783,16.8293,D
181783,16.8293,D
181783,16.8293,D
181895,16.8293,D
181895,16.8292,D
182007,16.8292,D
182007,16.8292,D
182007,16.8292,D
182119,16.8292,D
182119,16.8292,D
182231,16.8292,D
182231,16.8292,D
182231,16.8292,D
182343,16.8292,D
182343,16.8292,D
182343,16.8292,D
182456,16.8292,D
182456,16.8292,D
182568,16.8292,D
182568,16.8292,D
182568,16.8292,D
182682,16.8292,D
182682,16.8292,D
182793,16.8292,D
182794,16.8292,D
182794,16.8292,D
182906,16.8292,D
182906,16.8292,D
183016,16.8292,D
183016,16.8292,D
183016,16.8292,D
183127,16.8292,D
183127,16.8292,D
183127,16.8292,D
183236,16.8292,D
183236,16.8292,D
183345,16.8292,D
183345,16.8292,D
183345,16.8292,D
183454,16.8292,D
183454,16.8291,D
183566,16.8291,D
183566,16.8291,D
183566,16.8291,D
183675,16.8291,D
183675,16.8291,D
183785,16.8291,D
183785,16.8291,D
183897,16.8291,D
183897,16.8291,D
183897,16.8291,D
184007,16.8291,D
184007,16.8616,D
184007,16.8729,D
184117,16.8736,D
184117,16.8733,D
184225,16.8727,D
184225,16.8720,D
184225,16.8715,D
184335,16.8711,D
184335,16.8708,D
184445,16.8706,D
184445,16.8703,D
184556,16.8701,D
184556,16.8699,D
184556,16.8697,D
184666,16.8696,D
184666,16.8695,D
184666,16.8695,D
184775,16.8694,D
184775,16.8693,D
184896,16.8691,D
184896,16.8690,D
184896,16.8689,D
185009,16.8689,D
185009,16.8689,D
185009,16.8689,D
185122,16.8689,D
185122,16.8689,D
185234,16.8689,D
185234,16.8689,D
185234,16.8689,D
185346,16.8689,D
185347,16.8689,D
185458,16.8689,D
185458,16.8689,D
185458,16.8689,D
185571,16.8689,D
185571,16.8689,D
185571,16.8689,D
185683,16.8689,D
185683,16.8689,D
185796,16.8688,D
185796,16.8688,D
185796,16.8688,D
185909,16.8688,D
185909,16.8688,D
186022,16.8688,D
186022,16.8688,D
186022,16.8688,D
186135,16.8688,D
186135,16.8688,D
186248,16.8688,D
186248,16.8688,D
186248,16.8688,D
186361,16.8688,D
186361,16.8688,D
186361,16.8688,D
186473,16.8688,D
186473,16.8688,D
186585,16.8688,D
186586,16.8688,D
186586,16.8687,D
186699,16.8687,D
186699,16.8687,D
186811,16.8687,D
186812,16.8687,D
186812,16.8687,D
186924,16.8687,D
186924,16.8687,D
187033,16.8687,D
187033,16.8687,D
187033,16.8687,D
187142,16.8687,D
187142,16.8687,D
187252,16.9096,D
187252,16.9131,D
187252,16.9133,D
187361,16.9130,D
187361,16.9123,D
187471,16.9116,D
187471,16.9111,D
187471,16.9108,D
187581,16.9105,D
187581,16.9103,D
187689,16.9101,D
187689,16.9099,D
187689,16.9097,D
187798,16.9096,D
187798,16.9095,D
187907,16.9094,D
187907,16.9093,D
187907,16.9092,D
188018,16.9090,D
188018,16.9088,D
188018,16.9085,D
188129,16.9084,D
188129,16.9084,D
188240,16.9084,D
188240,16.9085,D
188350,16.9086,D
188350,16.9087,D
188350,16.9087,D
188459,16.9088,D
188459,16.9088,D
188459,16.9089,D
188568,16.9090,D
188568,16.9090,D
188675,16.9091,D
188675,16.9092,D
188785,16.9093,D
188785,16.9093,D
188785,16.9093,D
188894,16.9092,D
188894,16.9092,D
188894,16.9091,D
189002,16.9090,D
189002,16.9089,D
189106,16.9089,D
189107,16.9088,D
189208,16.9087,D
189208,16.9087,D
189208,16.9086,D
189308,16.9086,D
189308,16.9085,D
189418,16.9085,D
189418,16.9085,D
189418,16.9085,D
189524,16.9085,D
189524,16.9085,D
189627,16.9085,D
189627,16.9085,D
189729,16.9085,D
189729,16.9085,D
189729,16.9085,D
189844,16.9085,D
189844,16.9085,D
189944,16.9085,D
189944,16.9085,D
189944,16.9085,D
190045,16.9085,D
190046,16.9085,D
190146,16.9085,D
190146,16.9085,D
190260,16.9085,D
190261,16.9085,D
190261,16.9085,D
190375,16.9111,D
190375,16.9524,D
190486,16.9533,D
190487,16.9533,D
190487,16.9528,D
190591,16.9521,D
190592,16.9514,D
190703,16.9510,D
190704,16.9506,D
190704,16.9504,D
190815,16.9501,D
190815,16.9499,D
190815,16.9497,D
190926,16.9495,D
190927,16.9494,D
191039,16.9493,D
191039,16.9492,D
191039,16.9491,D
191148,16.9490,D
191148,16.9489,D
191258,16.9487,D
191258,16.9487,D
191258,16.9487,D
191366,16.9486,D
191367,16.9486,D
191478,16.9486,D
191478,16.9487,D
191478,16.9487,D
191589,16.9488,D
191589,16.9489,D
191699,16.9489,D
191700,16.9489,D
191700,16.9488,D
191809,16.9488,D
191809,16.9487,D
191919,16.9487,D
191919,16.9486,D
192028,16.9486,D
192028,16.9485,D
192028,16.9485,D
192137,16.9485,D
192137,16.9484,D
192137,16.9484,D
192247,16.9484,D
192247,16.9484,D
192359,16.9483,D
192359,16.9483,D
192359,16.9483,D
192470,16.9483,D
192470,16.9483,D
192579,16.9482,D
192579,16.9482,D
192579,16.9482,D
192689,16.9482,D
192689,16.9482,D
192799,16.9482,D
192799,16.9483,D
192799,16.9483,D
192911,16.9483,D
192911,16.9483,D
193022,16.9484,D
193022,16.9484,D
193022,16.9484,D
193136,16.9485,D
193136,16.9485,D
193136,16.9485,D
193247,16.9485,D
193247,16.9485,D
193359,16.9486,D
193360,16.9486,D
193360,16.9486,D
193473,16.9486,D
193473,16.9486,D
193586,16.9560,D
193586,16.9923,D
193586,16.9931,D
193698,16.9931,D
193699,16.9926,D
193699,16.9919,D
193810,16.9912,D
193810,16.9907,D
193922,16.9904,D
193922,16.9902,D
194034,16.9899,D
194035,16.9897,D
194035,16.9895,D
194148,16.9894,D
194149,16.9892,D
194149,16.9891,D
194260,16.9890,D
194260,16.9890,D
194372,16.9888,D
194372,16.9886,D
194372,16.9886,D
194485,16.9886,D
194485,16.9886,D
194485,16.9885,D
194598,16.9885,D
194598,16.9884,D
194711,16.9884,D
194711,16.9884,D
194711,16.9884,D
194824,16.9884,D
194824,16.9884,D
194938,16.9884,D
194938,16.9884,D
194938,16.9884,D
195048,16.9884,D
195048,16.9884,D
195157,16.9884,D
195157,16.9884,D
195157,16.9884,D
195266,16.9884,D
195266,16.9884,D
195377,16.9884,D
195377,16.9884,D
195377,16.9884,D
195486,16.9884,D
195486,16.9884,D
195597,16.9884,D
195597,16.9884,D
195597,16.9883,D
195708,16.9883,D
195708,16.9883,D
195708,16.9883,D
195819,16.9883,D
195819,16.9883,D
195929,16.9883,D
195930,16.9883,D
195930,16.9883,D
196040,16.9883,D
196040,16.9883,D
196151,16.9883,D
196151,16.9883,D
196151,16.9883,D
196260,16.9883,D
196261,16.9883,D
196370,16.9883,D
196370,16.9883,D
196479,16.9883,D
196479,16.9883,D
196479,16.9883,D
196588,16.9883,D
196588,16.9883,D
196588,16.9883,D
196697,16.9883,D
196697,16.9984,D
196806,17.0321,D
196806,17.0327,D
196806,17.0327,D
196916,17.0323,D
196916,17.0315,D
197027,17.0309,D
197027,17.0304,D
197027,17.0300,D
197137,17.0298,D
197137,17.0296,D
197245,17.0294,D
197245,17.0292,D
197245,17.0291,D
197353,17.0289,D
197353,17.0288,D
197464,17.0287,D
197465,17.0286,D
197465,17.0286,D
197574,17.0284,D
197574,17.0283,D
197684,17.0283,D
197684,17.0282,D
197791,17.0282,D
197791,17.0282,D
197791,17.0282,D
197902,17.0282,D
197902,17.0282,D
197902,17.0282,D
198012,17.0282,D
198012,17.0281,D
198122,17.0281,D
198122,17.0281,D
198122,17.0281,D
198231,17.0281,D
198232,17.0281,D
198232,17.0281,D
198342,17.0281,D
198342,17.0281,D
198453,17.0281,D
198453,17.0281,D
198562,17.0281,D
198562,17.0280,D
198562,17.0280,D
198670,17.0280,D
198671,17.0280,D
198780,17.0280,D
198780,17.0280,D
198780,17.0280,D
198896,17.0280,D
198896,17.0280,D
198896,17.0280,D
199008,17.0280,D
199008,17.0280,D
199121,17.0280,D
199121,17.0280,D
199121,17.0280,D
199232,17.0280,D
199232,17.0280,D
199345,17.0280,D
199345,17.0280,D
199345,17.0280,D
199458,17.0280,D
199459,17.0280,D
199570,17.0280,D
199570,17.0280,D
199570,17.0280,D
199683,17.0280,D
199683,17.0280,D
199683,17.0280,D
199794,17.0280,D
199794,17.0280,D
199908,17.0280,D
199908,17.0462,D
199908,17.0713,D
200021,17.0718,D
200022,17.0718,D
200135,17.0713,D
200135,17.0706,D
200135,17.0701,D
200248,17.0697,D
200248,17.0695,D
200248,17.0692,D
200360,17.0690,D
200360,17.0688,D
200473,17.0687,D
200473,17.0685,D
200473,17.0684,D
200585,17.0683,D
200585,17.0682,D
200698,17.0682,D
200698,17.0681,D
200698,17.0678,D
200811,17.0678,D
200811,17.0678,D
200923,17.0678,D
200923,17.0678,D
200923,17.0678,D
201033,17.0677,D
201033,17.0677,D
201144,17.0677,D
201144,17.0677,D
201144,17.0677,D
201255,17.0677,D
201255,17.0677,D
201255,17.0677,D
201365,17.0677,D
201365,17.0677,D
201475,17.0677,D
201475,17.0677,D
201475,17.0677,D
201585,17.0677,D
201585,17.0677,D
201695,17.0677,D
201695,17.0676,D
201695,17.0676,D
201805,17.0676,D
201805,17.0676,D
201914,17.0676,D
201914,17.0676,D
201914,17.0676,D
202023,17.0676,D
202023,17.0676,D
202134,17.0676,D
202134,17.0676,D
202244,17.0676,D
202244,17.0676,D
202244,17.0676,D
202352,17.0676,D
202352,17.0676,D
202352,17.0676,D
202461,17.0675,D
202461,17.0675,D
202572,17.0675,D
202572,17.0674,D
202572,17.0674,D
202681,17.0673,D
202682,17.0673,D
202791,17.0673,D
202791,17.0672,D
202894,17.0672,D
202894,17.0672,D
202894,17.0672,D
203006,17.0672,D
203006,17.0673,D
203006,17.0773,D
203119,17.1114,D
203119,17.1120,D
203232,17.1120,D
203232,17.1117,D
203232,17.1109,D
203344,17.1102,D
203344,17.1097,D
203456,17.1093,D
203456,17.1091,D
203456,17.1089,D
203568,17.1087,D
203568,17.1085,D
203568,17.1083,D
203681,17.1082,D
203681,17.1081,D
203794,17.1080,D
203794,17.1079,D
203794,17.1079,D
203906,17.1076,D
203906,17.1075,D
204019,17.1075,D
204019,17.1075,D
204019,17.1074,D
204131,17.1073,D
204131,17.1073,D
204244,17.1073,D
204244,17.1073,D
204244,17.1073,D
204357,17.1073,D
204358,17.1073,D
204358,17.1073,D
204471,17.1073,D
204471,17.1073,D
204585,17.1072,D
204585,17.1072,D
204585,17.1072,D
204698,17.1072,D
204698,17.1072,D
204810,17.1072,D
204810,17.1072,D
204810,17.1072,D
204922,17.1072,D
204922,17.1072,D
204922,17.1072,D
205035,17.1072,D
205035,17.1072,D
205145,17.1072,D
205145,17.1072,D
205145,17.1072,D
205256,17.1072,D
205256,17.1072,D
205366,17.1072,D
205366,17.1072,D
205366,17.1072,D
205476,17.1072,D
205476,17.1072,D
205586,17.1072,D
205586,17.1071,D
205586,17.1071,D
205696,17.1071,D
205696,17.1071,D
205805,17.1071,D
205805,17.1071,D
205914,17.1071,D
205915,17.1071,D
205915,17.1071,D
206022,17.1071,D
206023,17.1071,D
206133,17.1071,D
206133,17.1071,D
206133,17.1071,D
206242,17.1071,D
206242,17.1146,D
206242,17.1510,D
206352,17.1517,D
206352,17.1516,D
206463,17.1511,D
206463,17.1504,D
206463,17.1497,D
206573,17.1493,D
206573,17.1490,D
206682,17.1488,D
206682,17.1485,D
206682,17.1483,D
206791,17.1481,D
206791,17.1479,D
206895,17.1478,D
206896,17.1476,D
206896,17.1475,D
207008,17.1474,D
207008,17.1473,D
207120,17.1471,D
207120,17.1471,D
207120,17.1471,D
207233,17.1470,D
207233,17.1470,D
207345,17.1470,D
207345,17.1470,D
207345,17.1470,D
207456,17.1469,D
207457,17.1469,D
207569,17.1469,D
207569,17.1469,D
207569,17.1469,D
207681,17.1469,D
207682,17.1469,D
207682,17.1469,D
207795,17.1469,D
207795,17.1469,D
207907,17.1468,D
207907,17.1468,D
207907,17.1468,D
208019,17.1468,D
208019,17.1468,D
208131,17.1468,D
208132,17.1468,D
208132,17.1468,D
208244,17.1468,D
208244,17.1468,D
208244,17.1468,D
208357,17.1468,D
208357,17.1468,D
208469,17.1468,D
208470,17.1468,D
208470,17.1468,D
208583,17.1468,D
208583,17.1467,D
208694,17.1467,D
208694,17.1467,D
208808,17.1467,D
208808,17.1467,D
208808,17.1467,D
208920,17.1467,D
208920,17.1467,D
208920,17.1467,D
209032,17.1467,D
209032,17.1467,D
209032,17.1467,D
209142,17.1467,D
209143,17.1467,D
209253,17.1467,D
209253,17.1467,D
209361,17.1467,D
209361,17.1467,D
209361,17.1467,D
209470,17.1467,D
209470,17.1905,D
209579,17.1913,D
209579,17.1913,D
209579,17.1909,D
209689,17.1901,D
209689,17.1895,D
209689,17.1890,D
209799,17.1887,D
209800,17.1884,D
209909,17.1882,D
209909,17.1880,D
209909,17.1878,D
210020,17.1876,D
210020,17.1874,D
210129,17.1873,D
210129,17.1872,D
210240,17.1872,D
210240,17.1871,D
210240,17.1869,D
210349,17.1868,D
210349,17.1868,D
210349,17.1868,D
210460,17.1868,D
210460,17.1868,D
210570,17.1868,D
210570,17.1867,D
210570,17.1867,D
210679,17.1867,D
210679,17.1867,D
210789,17.1867,D
210789,17.1867,D
210789,17.1867,D
210896,17.1867,D
210896,17.1866,D
211009,17.1866,D
211009,17.1866,D
211009,17.1866,D
211121,17.1866,D
211122,17.1866,D
211234,17.1866,D
211234,17.1866,D
211234,17.1866,D
211346,17.1866,D
211346,17.1866,D
211346,17.1866,D
211459,17.1866,D
211459,17.1866,D
211571,17.1866,D
211571,17.1866,D
211683,17.1866,D
211683,17.1866,D
211683,17.1866,D
211795,17.1866,D
211796,17.1866,D
211796,17.1866,D
211908,17.1866,D
211908,17.1866,D
212021,17.1866,D
212022,17.1866,D
212022,17.1866,D
212135,17.1866,D
212135,17.1866,D
212135,17.1866,D
212248,17.1866,D
212248,17.1866,D
212360,17.1866,D
212360,17.1866,D
212472,17.1865,D
212472,17.1865,D
212472,17.1865,D
212585,17.1865,D
212585,17.1865,D
212585,17.1967,D
212698,17.2305,D
212698,17.2312,D
212811,17.2311,D
212811,17.2305,D
212811,17.2298,D
212922,17.2292,D
212922,17.2287,D
212922,17.2284,D
213034,17.2282,D
213034,17.2279,D
213143,17.2277,D
213143,17.2276,D
213251,17.2274,D
213251,17.2273,D
213251,17.2272,D
213362,17.2271,D
213362,17.2270,D
213362,17.2269,D
213470,17.2268,D
213470,17.2267,D
213578,17.2267,D
213578,17.2267,D
213578,17.2267,D
213690,17.2267,D
213690,17.2267,D
213799,17.2267,D
213799,17.2267,D
213799,17.2267,D
213907,17.2267,D
213907,17.2267,D
214017,17.2267,D
214017,17.2267,D
214017,17.2267,D
214126,17.2267,D
214126,17.2267,D
214236,17.2267,D
214236,17.2267,D
214236,17.2267,D
214346,17.2267,D
214346,17.2267,D
214454,17.2267,D
214454,17.2267,D
214563,17.2267,D
214563,17.2267,D
214564,17.2267,D
214673,17.2268,D
214673,17.2268,D
214673,17.2268,D
214784,17.2268,D
214784,17.2268,D
214894,17.2268,D
214894,17.2268,D
214894,17.2268,D
215004,17.2268,D
215004,17.2268,D
215114,17.2268,D
215114,17.2268,D
215114,17.2268,D
215224,17.2268,D
215224,17.2268,D
215332,17.2267,D
215332,17.2267,D
215332,17.2267,D
215442,17.2267,D
215442,17.2267,D
215552,17.2267,D
215552,17.2267,D
215552,17.2267,D
215662,17.2267,D
215662,17.2267,D
215773,17.2267,D
215773,17.2267,D
215773,17.2397,D
215883,17.2708,D
215883,17.2713,D
215992,17.2713,D
215993,17.2706,D
215993,17.2699,D
216104,17.2694,D
216104,17.2690,D
216214,17.2687,D
216214,17.2684,D
216214,17.2682,D
216326,17.2679,D
216326,17.2677,D
216326,17.2675,D
216436,17.2674,D
216436,17.2673,D
216546,17.2672,D
216546,17.2671,D
216658,17.2670,D
216658,17.2668,D
216658,17.2668,D
216767,17.2668,D
216767,17.2667,D
216767,17.2667,D
216878,17.2666,D
216879,17.2666,D
216993,17.2666,D
216993,17.2666,D
216993,17.2666,D
217105,17.2666,D
217105,17.2666,D
217218,17.2666,D
217218,17.2666,D
217218,17.2666,D
217330,17.2666,D
217330,17.2666,D
217443,17.2665,D
217444,17.2665,D
217444,17.2665,D
217556,17.2665,D
217556,17.2665,D
217556,17.2665,D
217668,17.2665,D
217668,17.2665,D
217781,17.2665,D
217781,17.2665,D
217781,17.2665,D
217892,17.2665,D
217892,17.2665,D
218005,17.2665,D
218005,17.2664,D
218005,17.2664,D
218118,17.2664,D
218118,17.2664,D
218229,17.2664,D
218229,17.2664,D
218229,17.2664,D
218341,17.2664,D
218341,17.2664,D
218341,17.2664,D
218452,17.2664,D
218452,17.2664,D
218566,17.2664,D
218566,17.2663,D
218566,17.2663,D
218678,17.2663,D
218678,17.2663,D
218790,17.2663,D
218790,17.2663,D
218790,17.2663,D
218902,17.2663,D
218902,17.2663,D
219015,17.2662,D
219015,17.2790,D
219015,17.3097,D
219126,17.3103,D
219126,17.3103,D
219235,17.3098,D
219235,17.3091,D
219235,17.3085,D
219345,17.3081,D
219345,17.3078,D
219345,17.3075,D
219456,17.3073,D
219456,17.3070,D
219566,17.3068,D
219566,17.3067,D
219566,17.3065,D
219676,17.3064,D
219677,17.3063,D
219787,17.3062,D
219787,17.3061,D
219787,17.3059,D
219897,17.3059,D
219897,17.3059,D
220005,17.3059,D
220005,17.3058,D
220005,17.3058,D
220116,17.3057,D
220116,17.3057,D
220225,17.3057,D
220225,17.3057,D
220225,17.3057,D
220334,17.3057,D
220334,17.3057,D
220443,17.3057,D
220443,17.3057,D
220443,17.3057,D
220553,17.3057,D
220553,17.3057,D
220661,17.3057,D
220661,17.3057,D
220661,17.3057,D
220771,17.3057,D
220771,17.3057,D
220880,17.3057,D
220880,17.3056,D
220880,17.3056,D
220989,17.3056,D
220990,17.3056,D
221099,17.3056,D
221099,17.3056,D
221099,17.3057,D
221208,17.3057,D
221208,17.3057,D
221319,17.3057,D
221319,17.3057,D
221319,17.3057,D
221427,17.3057,D
221427,17.3057,D
221538,17.3057,D
221538,17.3057,D
221649,17.3057,D
221649,17.3057,D
221649,17.3057,D
221759,17.3057,D
221760,17.3057,D
221760,17.3057,D
221869,17.3057,D
221869,17.3057,D
221978,17.3057,D
221978,17.3057,D
221978,17.3057,D
222088,17.3057,D
222088,17.3057,D
222198,17.3057,D
222198,17.3160,D
222198,17.3500,D
222307,17.3506,D
222307,17.3504,D
222417,17.3499,D
222417,17.3493,D
222417,17.3487,D
222526,17.3483,D
222526,17.3479,D
222636,17.3477,D
222636,17.3475,D
222636,17.3473,D
222744,17.3471,D
222744,17.3469,D
222853,17.3468,D
222853,17.3467,D
222853,17.3466,D
222960,17.3466,D
222960,17.3464,D
223073,17.3463,D
223073,17.3463,D
223073,17.3462,D
223185,17.3462,D
223186,17.3462,D
223186,17.3462,D
223297,17.3462,D
223298,17.3462,D
223410,17.3462,D
223410,17.3462,D
223410,17.3462,D
223522,17.3462,D
223523,17.3462,D
223635,17.3462,D
223636,17.3462,D
223636,17.3462,D
223748,17.3462,D
223748,17.3462,D
223860,17.3462,D
223860,17.3462,D
223860,17.3462,D
223971,17.3462,D
223971,17.3462,D
223971,17.3462,D
224084,17.3462,D
224084,17.3462,D
224197,17.3462,D
224197,17.3462,D
224197,17.3462,D
224310,17.3462,D
224310,17.3462,D
224423,17.3462,D
224423,17.3462,D
224423,17.3462,D
224536,17.3462,D
224536,17.3462,D
224648,17.3462,D
224648,17.3462,D
224648,17.3462,D
224761,17.3462,D
224761,17.3462,D
224761,17.3462,D
224874,17.3462,D
224874,17.3462,D
224987,17.3462,D
224987,17.3462,D
224987,17.3462,D
225097,17.3462,D
225097,17.3462,D
225207,17.3462,D
225316,17.3462,S
225316,17.3462,S
225316,17.3462,S
225427,17.3487,D
225427,17.3899,D
225427,17.3907,D
225536,17.3907,D
225536,17.3902,D
225536,17.3894,D
225646,17.3888,D
225646,17.3884,D
225757,17.3881,D
225757,17.3878,D
225867,17.3876,D
225867,17.3873,D
225867,17.3871,D
225978,17.3870,D
225978,17.3868,D
226087,17.3867,D
226087,17.3866,D
226087,17.3866,D
226196,17.3865,D
226196,17.3863,D
226306,17.3862,D
226306,17.3862,D
226306,17.3862,D
226418,17.3861,D
226418,17.3861,D
226528,17.3860,D
226528,17.3860,D
226528,17.3860,D
226637,17.3860,D
226638,17.3860,D
226638,17.3860,D
226747,17.3860,D
226747,17.3860,D
226857,17.3860,D
226857,17.3860,D
226857,17.3860,D
226959,17.3860,D
226960,17.3860,D
227072,17.3860,D
227072,17.3860,D
227184,17.3860,D
227184,17.3860,D
227184,17.3860,D
227297,17.3860,D
227297,17.3860,D
227409,17.3860,D
227410,17.3860,D
227410,17.3860,D
227522,17.3860,D
227522,17.3860,D
227522,17.3860,D
227635,17.3860,D
227635,17.3860,D
227748,17.3860,D
227748,17.3860,D
227748,17.3860,D
227861,17.3860,D
227861,17.3860,D
227861,17.3860,D
227973,17.3860,D
227973,17.3860,D
228086,17.3859,D
228086,17.3859,D
228086,17.3859,D
228198,17.3859,D
228198,17.3859,D
228310,17.3859,D
228311,17.3859,D
228311,17.3859,D
228423,17.3859,D
228423,17.3859,D
228535,17.3859,D
228535,17.3859,D
228535,17.3884,D
228648,17.4296,D
228648,17.4305,D
228761,17.4305,D
228761,17.4301,D
228761,17.4294,D
228873,17.4288,D
228873,17.4283,D
228986,17.4280,D
228986,17.4277,D
228986,17.4274,D
229097,17.4272,D
229097,17.4270,D
229097,17.4268,D
229206,17.4267,D
229206,17.4266,D
229317,17.4265,D
229317,17.4264,D
229317,17.4263,D
229427,17.4262,D
229427,17.4261,D
229537,17.4261,D
229538,17.4261,D
229538,17.4261,D
229648,17.4261,D
229649,17.4261,D
229758,17.4261,D
229758,17.4261,D
229758,17.4262,D
229868,17.4262,D
229868,17.4262,D
229868,17.4262,D
229978,17.4262,D
229978,17.4262,D
230086,17.4262,D
230086,17.4262,D
230086,17.4262,D
230196,17.4263,D
230196,17.4263,D
230306,17.4263,D
230306,17.4263,D
230306,17.4263,D
230416,17.4263,D
230416,17.4263,D
230524,17.4263,D
230524,17.4263,D
230524,17.4263,D
230634,17.4263,D
230634,17.4263,D
230743,17.4263,D
230743,17.4263,D
230743,17.4263,D
230854,17.4263,D
230854,17.4263,D
230959,17.4263,D
230959,17.4263,D
231069,17.4263,D
231069,17.4263,D
231069,17.4263,D
231179,17.4263,D
231179,17.4263,D
231179,17.4263,D
231289,17.4262,D
231289,17.4262,D
231398,17.4259,D
231398,17.4259,D
231398,17.4259,D
231506,17.4258,D
231506,17.4258,D
231616,17.4258,D
231616,17.4258,D
231616,17.4258,D
231725,17.4258,D
231725,17.4258,D
231833,17.4613,D
231833,17.4694,D
231833,17.4701,D
231942,17.4700,D
231942,17.4693,D
232056,17.4686,D
232056,17.4681,D
232056,17.4677,D
232169,17.4675,D
232169,17.4673,D
232282,17.4671,D
232282,17.4669,D
232395,17.4667,D
232395,17.4666,D
232395,17.4665,D
232508,17.4664,D
232508,17.4663,D
232508,17.4663,D
232622,17.4661,D
232622,17.4660,D
232622,17.4659,D
232734,17.4659,D
232734,17.4658,D
232847,17.4657,D
232848,17.4656,D
232848,17.4656,D
232960,17.4656,D
232960,17.4656,D
233070,17.4655,D
233070,17.4655,D
233070,17.4655,D
233179,17.4655,D
233179,17.4655,D
233290,17.4655,D
233290,17.4654,D
233290,17.4654,D
233402,17.4654,D
233402,17.4654,D
233510,17.4654,D
233510,17.4654,D
233510,17.4654,D
233620,17.4653,D
233620,17.4653,D
233731,17.4653,D
233731,17.4653,D
233731,17.4653,D
233842,17.4653,D
233843,17.4653,D
233952,17.4653,D
233952,17.4653,D
233952,17.4653,D
234064,17.4653,D
234064,17.4653,D
234064,17.4652,D
234173,17.4652,D
234173,17.4652,D
234283,17.4652,D
234283,17.4652,D
234283,17.4652,D
234395,17.4652,D
234395,17.4652,D
234506,17.4652,D
234506,17.4652,D
234615,17.4652,D
234615,17.4652,D
234615,17.4652,D
234726,17.4652,D
234726,17.4652,D
234726,17.4652,D
234834,17.4652,D
234834,17.4651,D
234944,17.4651,D
234944,17.4651,D
234944,17.4865,D
235054,17.5091,D
235055,17.5098,D
235164,17.5097,D
235164,17.5091,D
235164,17.5085,D
235274,17.5079,D
235274,17.5075,D
235385,17.5072,D
235385,17.5070,D
235385,17.5067,D
235494,17.5065,D
235494,17.5063,D
235605,17.5061,D
235605,17.5060,D
235605,17.5059,D
235716,17.5058,D
235716,17.5058,D
235825,17.5057,D
235825,17.5055,D
235825,17.5055,D
235935,17.5055,D
235935,17.5054,D
236044,17.5054,D
236044,17.5054,D
236044,17.5054,D
236153,17.5054,D
236153,17.5053,D
236263,17.5052,D
236263,17.5052,D
236263,17.5052,D
236372,17.5051,D
236372,17.5051,D
236480,17.5051,D
236481,17.5051,D
236481,17.5050,D
236592,17.5050,D
236592,17.5050,D
236703,17.5049,D
236703,17.5049,D
236703,17.5049,D
236813,17.5048,D
236813,17.5048,D
236813,17.5048,D
236927,17.5047,D
236927,17.5047,D
237040,17.5047,D
237040,17.5047,D
237040,17.5046,D
237153,17.5046,D
237153,17.5046,D
237265,17.5046,D
237265,17.5045,D
237265,17.5045,D
237378,17.5045,D
237378,17.5045,D
237491,17.5044,D
237491,17.5043,D
237491,17.5043,D
237604,17.5043,D
237604,17.5043,D
237604,17.5043,D
237716,17.5043,D
237716,17.5043,D
237829,17.5043,D
237830,17.5043,D
237830,17.5043,D
237943,17.5043,D
237943,17.5043,D
238056,17.5043,D
238056,17.5043,D
238056,17.5044,D
238169,17.5044,D
238169,17.5071,D
238169,17.5479,D
238282,17.5488,D
238282,17.5492,D
238394,17.5488,D
238394,17.5482,D
238394,17.5478,D
238508,17.5474,D
238508,17.5471,D
238612,17.5469,D
238612,17.5466,D
238612,17.5463,D
238721,17.5460,D
238721,17.5458,D
238833,17.5457,D
238833,17.5456,D
238833,17.5455,D
238935,17.5454,D
238935,17.5454,D
239047,17.5453,D
239047,17.5453,D
239047,17.5452,D
239155,17.5452,D
239155,17.5451,D
239264,17.5451,D
239264,17.5451,D
239264,17.5451,D
239374,17.5451,D
239375,17.5451,D
239484,17.5451,D
239484,17.5451,D
239484,17.5451,D
239593,17.5451,D
239594,17.5451,D
239702,17.5451,D
239702,17.5451,D
239702,17.5451,D
239811,17.5451,D
239811,17.5451,D
239921,17.5451,D
239921,17.5451,D
239921,17.5451,D
240029,17.5451,D
240029,17.5451,D
240138,17.5451,D
240138,17.5452,D
240248,17.5452,D
240248,17.5452,D
240248,17.5452,D
240357,17.5452,D
240357,17.5452,D
240467,17.5452,D
240467,17.5452,D
240467,17.5452,D
240576,17.5452,D
240576,17.5452,D
240576,17.5452,D
240685,17.5452,D
240685,17.5452,D
240794,17.5452,D
240794,17.5452,D
240794,17.5452,D
240895,17.5452,D
240896,17.5452,D
241006,17.5452,D
241006,17.5453,D
241006,17.5453,D
241118,17.5453,D
241118,17.5453,D
241232,17.5453,D
241232,17.5453,D
241232,17.5453,D
241344,17.5452,D
241344,17.5453,D
241455,17.5807,D
241455,17.5891,D
241455,17.5897,D
241566,17.5895,D
241566,17.5888,D
241677,17.5881,D
241677,17.5876,D
241677,17.5871,D
241788,17.5868,D
241788,17.5866,D
241900,17.5863,D
241900,17.5861,D
241900,17.5859,D
242013,17.5858,D
242013,17.5856,D
242013,17.5855,D
242126,17.5855,D
242126,17.5854,D
242238,17.5852,D
242238,17.5851,D
242350,17.5851,D
242350,17.5851,D
242350,17.5851,D
242462,17.5851,D
242462,17.5851,D
242462,17.5851,D
242574,17.5852,D
242574,17.5852,D
242686,17.5852,D
242686,17.5853,D
242686,17.5853,D
242800,17.5853,D
242800,17.5854,D
242800,17.5854,D
242911,17.5854,D
242911,17.5855,D
243019,17.5855,D
243019,17.5855,D
243128,17.5855,D
243128,17.5856,D
243128,17.5856,D
243236,17.5856,D
243236,17.5856,D
243236,17.5856,D
243345,17.5855,D
243345,17.5855,D
243455,17.5855,D
243455,17.5855,D
243455,17.5855,D
243563,17.5854,D
243563,17.5854,D
243673,17.5853,D
243673,17.5849,D
243673,17.5849,D
243782,17.5848,D
243782,17.5848,D
243892,17.5848,D
243892,17.5847,D
244000,17.5847,D
244000,17.5847,D
244000,17.5847,D
244109,17.5847,D
244109,17.5847,D
244109,17.5846,D
244218,17.5846,D
244218,17.5846,D
244327,17.5845,D
244327,17.5844,D
244436,17.5844,D
244436,17.5844,D
244436,17.5845,D
244544,17.5847,D
244545,17.5854,D
244545,17.6120,D
244653,17.6285,D
244653,17.6291,D
244762,17.6289,D
244763,17.6282,D
244871,17.6276,D
244872,17.6271,D
244872,17.6267,D
244976,17.6265,D
244976,17.6262,D
245088,17.6260,D
245088,17.6258,D
245088,17.6257,D
245201,17.6255,D
245201,17.6254,D
245201,17.6253,D
245313,17.6252,D
245313,17.6251,D
245425,17.6250,D
245425,17.6249,D
245425,17.6248,D
245538,17.6248,D
245538,17.6248,D
245651,17.6248,D
245651,17.6248,D
245651,17.6248,D
245764,17.6248,D
245764,17.6248,D
245764,17.6248,D
245875,17.6248,D
245875,17.6248,D
245988,17.6248,D
245988,17.6248,D
245988,17.6249,D
246100,17.6249,D
246100,17.6249,D
246213,17.6250,D
246213,17.6250,D
246319,17.6251,D
246319,17.6251,D
246319,17.6252,D
246431,17.6252,D
246431,17.6253,D
246543,17.6253,D
246543,17.6253,D
246543,17.6252,D
246655,17.6252,D
246656,17.6251,D
246656,17.6251,D
246768,17.6250,D
246768,17.6250,D
246881,17.6246,D
246881,17.6243,D
246881,17.6243,D
246991,17.6243,D
246991,17.6243,D
247100,17.6243,D
247100,17.6243,D
247100,17.6243,D
247211,17.6244,D
247211,17.6244,D
247320,17.6244,D
247321,17.6244,D
247321,17.6244,D
247431,17.6244,D
247431,17.6245,D
247431,17.6245,D
247542,17.6245,D
247542,17.6245,D
247650,17.6245,D
247650,17.6245,D
247650,17.6245,D
247759,17.6245,D
247759,17.6321,D
247870,17.6687,D
247870,17.6692,D
247870,17.6692,D
247978,17.6688,D
247978,17.6680,D
248087,17.6674,D
248088,17.6669,D
248088,17.6666,D
248197,17.6664,D
248197,17.6661,D
248307,17.6659,D
248307,17.6657,D
248307,17.6655,D
248415,17.6654,D
248415,17.6653,D
248524,17.6652,D
248524,17.6651,D
248632,17.6650,D
248632,17.6648,D
248632,17.6648,D
248742,17.6647,D
248742,17.6647,D
248742,17.6647,D
248852,17.6647,D
248852,17.6647,D
248960,17.6647,D
248960,17.6647,D
248960,17.6647,D
249071,17.6647,D
249071,17.6646,D
249183,17.6646,D
249183,17.6646,D
249183,17.6646,D
249295,17.6646,D
249296,17.6646,D
249407,17.6646,D
249407,17.6646,D
249407,17.6646,D
249519,17.6646,D
249519,17.6646,D
249630,17.6646,D
249630,17.6646,D
249630,17.6646,D
249742,17.6646,D
249742,17.6646,D
249742,17.6646,D
249854,17.6646,D
249854,17.6646,D
249965,17.6646,D
249965,17.6646,D
249965,17.6645,D
250077,17.6645,D
250077,17.6645,D
250188,17.6645,D
250188,17.6645,D
250188,17.6645,D
250301,17.6645,D
250301,17.6645,D
250412,17.6645,D
250412,17.6645,D
250412,17.6645,D
250522,17.6645,D
250522,17.6645,D
250634,17.6645,D
250634,17.6645,D
250744,17.6645,D
250745,17.6645,D
250745,17.6645,D
250856,17.6645,D
250856,17.6645,D
250856,17.6645,D
250966,17.6645,D
250966,17.6670,D
250966,17.7081,D
251073,17.7089,D
251073,17.7089,D
251182,17.7083,D
251183,17.7077,D
251292,17.7072,D
251292,17.7067,D
251292,17.7064,D
251402,17.7062,D
251402,17.7060,D
251511,17.7059,D
251511,17.7057,D
251511,17.7057,D
251620,17.7056,D
251620,17.7055,D
251728,17.7054,D
251728,17.7052,D
251728,17.7051,D
251839,17.7044,D
251839,17.7042,D
251839,17.7042,D
251949,17.7042,D
251949,17.7042,D
252057,17.7042,D
252058,17.7042,D
252169,17.7043,D
252169,17.7043,D
252169,17.7043,D
252277,17.7043,D
252277,17.7043,D
252277,17.7043,D
252385,17.7043,D
252385,17.7043,D
252494,17.7043,D
252494,17.7043,D
252603,17.7043,D
252603,17.7043,D
252603,17.7043,D
252712,17.7043,D
252712,17.7043,D
252821,17.7043,D
252821,17.7043,D
252821,17.7043,D
252928,17.7043,D
252928,17.7043,D
253040,17.7043,D
253040,17.7043,D
253040,17.7043,D
253151,17.7043,D
253152,17.7043,D
253152,17.7043,D
253264,17.7043,D
253264,17.7043,D
253375,17.7042,D
253375,17.7042,D
253375,17.7042,D
253487,17.7042,D
253487,17.7042,D
253599,17.7042,D
253599,17.7042,D
253599,17.7041,D
253711,17.7041,D
253711,17.7041,D
253824,17.7041,D
253824,17.7041,D
253824,17.7041,D
253935,17.7041,D
253935,17.7041,D
254047,17.7041,D
254047,17.7041,D
254047,17.7041,D
254159,17.7041,D
254159,17.7041,D
254159,17.7339,D
254272,17.7481,D
254272,17.7488,D
254384,17.7486,D
254384,17.7480,D
254384,17.7473,D
254496,17.7467,D
254496,17.7464,D
254608,17.7461,D
254609,17.7458,D
254609,17.7456,D
254721,17.7454,D
254721,17.7452,D
254832,17.7450,D
254832,17.7449,D
254832,17.7448,D
254942,17.7448,D
254942,17.7447,D
255053,17.7446,D
255053,17.7444,D
255053,17.7444,D
255163,17.7443,D
255164,17.7442,D
255164,17.7442,D
255271,17.7442,D
255272,17.7442,D
255382,17.7442,D
255382,17.7442,D
255382,17.7442,D
255491,17.7441,D
255491,17.7441,D
255601,17.7441,D
255601,17.7441,D
255710,17.7441,D
255710,17.7441,D
255710,17.7441,D
255821,17.7441,D
255821,17.7441,D
255821,17.7440,D
255930,17.7440,D
255930,17.7440,D
256040,17.7440,D
256040,17.7440,D
256040,17.7440,D
256149,17.7440,D
256149,17.7440,D
256259,17.7440,D
256259,17.7440,D
256259,17.7440,D
256368,17.7440,D
256368,17.7440,D
256475,17.7440,D
256475,17.7440,D
256475,17.7439,D
256585,17.7439,D
256585,17.7439,D
256693,17.7439,D
256693,17.7439,D
256693,17.7439,D
256804,17.7439,D
256804,17.7439,D
256912,17.7439,D
256912,17.7439,D
257023,17.7439,D
257023,17.7438,D
257023,17.7438,D
257136,17.7438,D
257136,17.7438,D
257136,17.7438,D
257248,17.7438,D
257248,17.7438,D
257361,17.7438,D
257361,17.7438,D
257361,17.7733,D
257473,17.7875,D
257473,17.7881,D
257584,17.7880,D
257585,17.7874,D
257585,17.7867,D
257696,17.7862,D
257696,17.7858,D
257809,17.7855,D
257809,17.7853,D
257809,17.7851,D
257921,17.7848,D
257921,17.7846,D
258032,17.7845,D
258032,17.7844,D
258032,17.7843,D
258145,17.7842,D
258145,17.7841,D
258145,17.7840,D
258258,17.7839,D
258258,17.7839,D
258370,17.7839,D
258370,17.7839,D
258370,17.7838,D
258481,17.7838,D
258482,17.7838,D
258594,17.7838,D
258594,17.7838,D
258594,17.7838,D
258707,17.7838,D
258707,17.7838,D
258707,17.7838,D
258820,17.7838,D
258820,17.7838,D
258931,17.7838,D
258931,17.7838,D
258932,17.7838,D
259040,17.7838,D
259040,17.7838,D
259150,17.7838,D
259150,17.7838,D
259150,17.7838,D
259258,17.7838,D
259259,17.7838,D
259368,17.7838,D
259368,17.7838,D
259368,17.7838,D
259477,17.7838,D
259477,17.7838,D
259585,17.7838,D
259585,17.7838,D
259585,17.7838,D
259693,17.7838,D
259693,17.7838,D
259802,17.7838,D
259802,17.7838,D
259802,17.7838,D
259911,17.7838,D
259912,17.7838,D
260020,17.7838,D
260021,17.7838,D
260021,17.7838,D
260131,17.7838,D
260131,17.7838,D
260242,17.7838,D
260242,17.7838,D
260242,17.7838,D
260350,17.7838,D
260350,17.7838,D
260460,17.7838,D
260460,17.7838,D
260569,17.7838,S
260569,17.7838,S
260569,17.7939,D
260678,17.8276,D
260678,17.8283,D
260678,17.8283,D
260787,17.8278,D
260787,17.8270,D
260896,17.8265,D
260896,17.8260,D
260896,17.8257,D
261006,17.8255,D
261006,17.8252,D
261115,17.8250,D
261115,17.8248,D
261115,17.8246,D
261223,17.8245,D
261223,17.8244,D
261332,17.8243,D
261332,17.8242,D
261332,17.8242,D
261442,17.8240,D
261442,17.8239,D
261549,17.8238,D
261550,17.8238,D
261550,17.8238,D
261659,17.8237,D
261659,17.8237,D
261768,17.8237,D
261768,17.8237,D
261768,17.8236,D
261877,17.8236,D
261877,17.8236,D
261988,17.8236,D
261988,17.8236,D
261988,17.8236,D
262096,17.8236,D
262096,17.8236,D
262205,17.8236,D
262205,17.8236,D
262205,17.8236,D
262314,17.8236,D
262314,17.8236,D
262423,17.8236,D
262423,17.8236,D
262532,17.8236,D
262532,17.8236,D
262532,17.8236,D
262642,17.8236,D
262642,17.8236,D
262642,17.8236,D
262750,17.8236,D
262750,17.8236,D
262859,17.8236,D
262859,17.8236,D
262859,17.8236,D
262959,17.8236,D
262959,17.8236,D
263071,17.8236,D
263072,17.8236,D
263072,17.8236,D
263184,17.8236,D
263185,17.8236,D
263296,17.8237,D
263296,17.8237,D
263296,17.8237,D
263408,17.8236,D
263408,17.8236,D
263520,17.8236,D
263520,17.8236,D
263520,17.8236,D
263633,17.8236,D
263633,17.8236,D
263745,17.8236,D
263745,17.8236,D
263745,17.8236,D
263857,17.8592,D
263857,17.8681,D
263857,17.8683,D
263969,17.8681,D
263969,17.8676,D
264081,17.8669,D
264081,17.8664,D
264081,17.8660,D
264193,17.8657,D
264193,17.8654,D
264305,17.8652,D
264305,17.8649,D
264305,17.8647,D
264417,17.8646,D
264417,17.8644,D
264528,17.8643,D
264529,17.8642,D
264529,17.8639,D
264640,17.8637,D
264640,17.8636,D
264640,17.8636,D
264752,17.8636,D
264752,17.8636,D
264864,17.8635,D
264864,17.8635,D
264864,17.8635,D
264974,17.8635,D
264974,17.8635,D
265084,17.8635,D
265084,17.8634,D
265084,17.8634,D
265192,17.8634,D
265192,17.8634,D
265303,17.8634,D
265303,17.8634,D
265411,17.8634,D
265411,17.8634,D
265411,17.8634,D
265520,17.8633,D
265520,17.8633,D
265520,17.8633,D
265629,17.8633,D
265629,17.8633,D
265740,17.8633,D
265740,17.8633,D
265740,17.8632,D
265847,17.8632,D
265848,17.8632,D
265956,17.8632,D
265957,17.8632,D
265957,17.8632,D
266063,17.8632,D
266063,17.8632,D
266172,17.8631,D
266172,17.8631,D
266172,17.8631,D
266282,17.8631,D
266282,17.8631,D
266390,17.8631,D
266390,17.8631,D
266500,17.8631,D
266500,17.8631,D
266500,17.8631,D
266609,17.8630,D
266609,17.8630,D
266718,17.8630,D
266718,17.8630,D
266718,17.8630,D
266828,17.8630,D
266828,17.8630,D
266828,17.8630,D
266944,17.8630,D
266944,17.8630,D
267055,17.8844,D
267056,17.9071,D
267056,17.9078,D
267167,17.9077,D
267167,17.9070,D
267279,17.9063,D
267279,17.9058,D
267279,17.9054,D
267390,17.9051,D
267390,17.9049,D
267502,17.9047,D
267502,17.9044,D
267502,17.9042,D
267613,17.9041,D
267614,17.9040,D
267726,17.9039,D
267726,17.9038,D
267726,17.9037,D
267837,17.9036,D
267837,17.9033,D
267837,17.9033,D
267949,17.9032,D
267949,17.9032,D
268060,17.9032,D
268060,17.9032,D
268060,17.9032,D
268173,17.9032,D
268173,17.9032,D
268285,17.9032,D
268285,17.9032,D
268285,17.9032,D
268396,17.9032,D
268397,17.9032,D
268397,17.9032,D
268507,17.9032,D
268508,17.9032,D
268619,17.9032,D
268619,17.9032,D
268619,17.9032,D
268730,17.9032,D
268730,17.9032,D
268842,17.9032,D
268842,17.9032,D
268842,17.9032,D
268952,17.9032,D
268952,17.9032,D
269061,17.9032,D
269061,17.9032,D
269061,17.9032,D
269170,17.9032,D
269170,17.9032,D
269280,17.9032,D
269280,17.9032,D
269280,17.9032,D
269387,17.9032,D
269387,17.9032,D
269497,17.9032,D
269497,17.9032,D
269606,17.9032,D
269606,17.9032,D
269606,17.9032,D
269715,17.9032,D
269715,17.9032,D
269715,17.9032,D
269825,17.9032,D
269825,17.9032,D
269934,17.9032,D
269934,17.9032,D
269934,17.9031,D
270044,17.9031,D
270044,17.9031,D
270152,17.9031,D
270152,17.9031,D
270152,17.9215,D
270260,17.9467,D
270260,17.9475,D
270370,17.9474,D
270370,17.9467,D
270370,17.9460,D
270480,17.9454,D
270480,17.9450,D
270588,17.9447,D
270588,17.9444,D
270588,17.9442,D
270697,17.9439,D
270697,17.9437,D
270806,17.9435,D
270807,17.9433,D
270911,17.9432,D
270911,17.9431,D
270911,17.9430,D
271022,17.9429,D
271022,17.9426,D
271022,17.9425,D
271133,17.9425,D
271133,17.9425,D
271244,17.9426,D
271245,17.9426,D
271245,17.9426,D
271356,17.9426,D
271356,17.9426,D
271468,17.9426,D
271468,17.9426,D
271468,17.9426,D
271580,17.9426,D
271580,17.9426,D
271692,17.9426,D
271692,17.9426,D
271692,17.9426,D
271804,17.9426,D
271804,17.9427,D
271805,17.9427,D
271915,17.9427,D
271915,17.9427,D
272027,17.9427,D
272027,17.9427,D
272027,17.9428,D
272139,17.9428,D
272139,17.9428,D
272248,17.9428,D
272248,17.9428,D
272248,17.9428,D
272360,17.9429,D
272360,17.9429,D
272471,17.9429,D
272472,17.9429,D
272472,17.9429,D
272582,17.9429,D
272582,17.9429,D
272695,17.9430,D
272695,17.9430,D
272695,17.9430,D
272808,17.9430,D
272808,17.9430,D
272808,17.9430,D
272921,17.9431,D
272921,17.9431,D
273031,17.9432,D
273032,17.9432,D
273032,17.9432,D
273141,17.9432,D
273141,17.9432,D
273252,17.9432,D
273252,17.9432,D
273252,17.9432,D
273359,17.9432,D
273360,17.9433,D
273469,17.9841,D
273469,17.9875,D
273469,17.9877,D
273578,17.9873,D
273578,17.9866,D
273687,17.9859,D
273687,17.9854,D
273797,17.9851,D
273797,17.9848,D
273797,17.9845,D
273907,17.9843,D
273907,17.9841,D
273907,17.9839,D
274017,17.9837,D
274017,17.9836,D
274127,17.9835,D
274127,17.9834,D
274127,17.9833,D
274236,17.9829,D
274236,17.9828,D
274347,17.9827,D
274347,17.9827,D
274347,17.9826,D
274457,17.9826,D
274458,17.9825,D
274567,17.9825,D
274567,17.9824,D
274567,17.9824,D
274676,17.9823,D
274676,17.9823,D
274785,17.9822,D
274786,17.9822,D
274786,17.9821,D
274890,17.9821,D
274890,17.9821,D
275002,17.9820,D
275002,17.9820,D
275115,17.9820,D
275115,17.9819,D
275115,17.9819,D
275227,17.9819,D
275228,17.9819,D
275228,17.9818,D
275340,17.9818,D
275340,17.9818,D
275452,17.9818,D
275453,17.9818,D
275453,17.9818,D
275565,17.9817,D
275565,17.9817,D
275565,17.9817,D
275678,17.9817,D
275678,17.9817,D
275790,17.9817,D
275790,17.9817,D
275790,17.9817,D
275903,17.9817,D
275903,17.9817,D
276015,17.9817,D
276015,17.9817,D
276015,17.9817,D
276127,17.9817,D
276127,17.9817,D
276127,17.9818,D
276240,17.9818,D
276240,17.9818,D
276352,17.9818,D
276352,17.9818,D
276352,17.9818,D
276465,17.9818,D
276465,17.9818,D
276576,17.9818,D
276576,17.9818,D
276576,17.9974,D
276688,18.0256,D
276689,18.0263,D
276800,18.0263,D
276800,18.0257,D
276800,18.0250,D
276911,18.0244,D
276911,18.0240,D
277022,18.0237,D
277022,18.0234,D
277022,18.0232,D
277132,18.0229,D
277132,18.0227,D
277132,18.0226,D
277242,18.0224,D
277242,18.0223,D
277351,18.0222,D
277351,18.0221,D
277460,18.0221,D
277460,18.0218,D
277460,18.0218,D
277571,18.0217,D
277571,18.0217,D
277571,18.0217,D
277681,18.0217,D
277681,18.0216,D
277791,18.0216,D
277791,18.0216,D
277791,18.0217,D
277899,18.0217,D
277899,18.0217,D
278008,18.0217,D
278009,18.0217,D
278009,18.0217,D
278119,18.0217,D
278119,18.0217,D
278229,18.0217,D
278229,18.0217,D
278229,18.0217,D
278340,18.0217,D
278340,18.0217,D
278451,18.0217,D
278451,18.0217,D
278451,18.0217,D
278560,18.0217,D
278560,18.0218,D
278671,18.0218,D
278671,18.0218,D
278780,18.0218,D
278780,18.0218,D
278780,18.0219,D
278895,18.0219,D
278895,18.0219,D
278895,18.0219,D
279008,18.0220,D
279008,18.0220,D
279121,18.0220,D
279121,18.0220,D
279121,18.0221,D
279234,18.0221,D
279234,18.0221,D
279234,18.0221,D
279346,18.0223,D
279346,18.0224,D
279458,18.0224,D
279458,18.0225,D
279458,18.0225,D
279572,18.0225,D
279572,18.0226,D
279684,18.0227,D
279684,18.0227,D
279684,18.0231,D
279797,18.0251,D
279797,18.0267,D
279797,18.0643,D
279908,18.0675,D
279908,18.0677,D
280021,18.0674,D
280021,18.0666,D
280021,18.0660,D
280134,18.0655,D
280134,18.0652,D
280245,18.0649,D
280245,18.0646,D
280245,18.0644,D
280358,18.0642,D
280358,18.0640,D
280470,18.0639,D
280470,18.0638,D
280470,18.0637,D
280583,18.0636,D
280583,18.0636,D
280583,18.0634,D
280696,18.0633,D
280696,18.0633,D
280809,18.0633,D
280809,18.0633,D
280809,18.0633,D
280921,18.0633,D
280921,18.0632,D
281031,18.0632,D
281031,18.0632,D
281031,18.0632,D
281141,18.0632,D
281141,18.0632,D
281253,18.0632,D
281253,18.0632,D
281253,18.0632,D
281362,18.0632,D
281362,18.0632,D
281471,18.0632,D
281472,18.0632,D
281472,18.0632,D
281581,18.0632,D
281581,18.0632,D
281689,18.0632,D
281689,18.0632,D
281689,18.0632,D
281799,18.0632,D
281799,18.0632,D
281907,18.0632,D
281907,18.0632,D
281908,18.0631,D
282016,18.0631,D
282016,18.0631,D
282124,18.0631,D
282124,18.0631,D
282124,18.0631,D
282234,18.0631,D
282234,18.0631,D
282343,18.0630,D
282343,18.0630,D
282452,18.0630,D
282452,18.0630,D
282452,18.0630,D
282562,18.0630,D
282562,18.0630,D
282562,18.0630,D
282671,18.0630,D
282671,18.0629,D
282781,18.0629,D
282781,18.0629,D
282781,18.0629,D
282895,18.0629,D
282896,18.0629,D
283008,18.0629,D
283008,18.0629,D
283008,18.0897,D
283121,18.1066,D
283121,18.1073,D
283233,18.1072,D
283233,18.1065,D
283233,18.1058,D
283347,18.1053,D
283347,18.1049,D
283347,18.1047,D
283460,18.1044,D
283460,18.1042,D
283572,18.1039,D
283572,18.1038,D
283572,18.1036,D
283685,18.1035,D
283685,18.1034,D
283796,18.1033,D
283797,18.1032,D
283797,18.1032,D
283910,18.1030,D
283910,18.1030,D
284022,18.1030,D
284022,18.1029,D
284022,18.1029,D
284134,18.1029,D
284135,18.1029,D
284135,18.1029,D
284247,18.1029,D
284247,18.1029,D
284359,18.1029,D
284359,18.1029,D
284359,18.1029,D
284472,18.1029,D
284473,18.1029,D
284473,18.1029,D
284585,18.1029,D
284585,18.1029,D
284697,18.1029,D
284698,18.1029,D
284811,18.1029,D
284811,18.1029,D
284811,18.1029,D
284923,18.1029,D
284923,18.1029,D
284923,18.1029,D
285033,18.1029,D
285033,18.1029,D
285145,18.1029,D
285145,18.1029,D
285145,18.1029,D
285254,18.1029,D
285254,18.1029,D
285364,18.1029,D
285364,18.1029,D
285364,18.1029,D
285472,18.1029,D
285473,18.1029,D
285581,18.1029,D
285581,18.1029,D
285581,18.1029,D
285691,18.1029,D
285691,18.1029,D
285800,18.1029,D
285800,18.1029,D
285800,18.1029,D
285911,18.1029,D
285911,18.1029,D
286021,18.1029,D
286131,18.1029,S
286131,18.1029,S
286131,18.1029,S
286240,18.1029,S
286240,18.1131,D
286240,18.1469,D
286350,18.1477,D
286350,18.1477,D
286350,18.1471,D
286460,18.1464,D
286460,18.1459,D
286571,18.1454,D
286571,18.1451,D
286571,18.1449,D
286681,18.1447,D
286681,18.1444,D
286791,18.1442,D
286791,18.1441,D
286902,18.1439,D
286902,18.1438,D
286902,18.1437,D
287012,18.1437,D
287012,18.1436,D
287121,18.1434,D
287121,18.1433,D
287121,18.1433,D
287230,18.1433,D
287231,18.1433,D
287231,18.1433,D
287338,18.1432,D
287338,18.1432,D
287447,18.1432,D
287447,18.1432,D
287447,18.1432,D
287557,18.1432,D
287558,18.1432,D
287668,18.1432,D
287668,18.1432,D
287668,18.1432,D
287778,18.1432,D
287778,18.1432,D
287887,18.1432,D
287887,18.1432,D
287887,18.1432,D
287996,18.1432,D
287996,18.1432,D
288106,18.1432,D
288106,18.1432,D
288215,18.1432,D
288215,18.1432,D
288215,18.1432,D
288325,18.1432,D
288325,18.1432,D
288325,18.1432,D
288435,18.1432,D
288435,18.1432,D
288545,18.1432,D
288545,18.1432,D
288545,18.1432,D
288655,18.1432,D
288655,18.1432,D
288763,18.1432,D
288763,18.1432,D
288763,18.1432,D
288870,18.1432,D
288870,18.1432,D
288977,18.1432,D
288977,18.1432,D
288977,18.1432,D
289090,18.1432,D
289090,18.1432,D
289202,18.1432,D
289202,18.1432,D
289202,18.1432,D
289315,18.1432,D
289315,18.1432,D
289427,18.1432,D
289427,18.1432,D
289427,18.1673,D
289540,18.1871,D
289540,18.1878,D
289652,18.1876,D
289653,18.1870,D
289653,18.1863,D
289765,18.1858,D
289765,18.1854,D
289765,18.1851,D
289877,18.1848,D
289877,18.1846,D
289990,18.1843,D
289990,18.1841,D
289990,18.1840,D
290103,18.1838,D
290103,18.1837,D
290215,18.1836,D
290215,18.1836,D
290215,18.1835,D
290327,18.1833,D
290327,18.1832,D
290327,18.1832,D
290439,18.1832,D
290439,18.1832,D
290552,18.1831,D
290552,18.1831,D
290552,18.1831,D
290664,18.1831,D
290664,18.1831,D
290776,18.1831,D
290776,18.1831,D
290776,18.1831,D
290888,18.1831,D
290888,18.1831,D
290999,18.1830,D
290999,18.1830,D
290999,18.1830,D
291109,18.1830,D
291109,18.1830,D
291217,18.1830,D
291217,18.1830,D
291217,18.1830,D
291327,18.1830,D
291327,18.1830,D
291327,18.1830,D
291437,18.1830,D
291437,18.1830,D
291548,18.1830,D
291548,18.1830,D
291657,18.1830,D
291657,18.1830,D
291657,18.1830,D
291765,18.1830,D
291765,18.1830,D
291875,18.1830,D
291875,18.1830,D
291875,18.1830,D
291984,18.1830,D
291984,18.1830,D
292093,18.1830,D
292093,18.1830,D
292093,18.1830,D
292203,18.1830,D
292203,18.1830,D
292313,18.1830,D
292313,18.1830,D
292425,18.1830,D
292425,18.1830,D
292425,18.1830,D
292425,18.1830,D
292535,18.1830,D
292535,18.1830,D
292645,18.1830,D
292645,18.1830,D
292645,18.2266,D
292754,18.2275,D
292754,18.2276,D
292863,18.2272,D
292863,18.2264,D
292863,18.2258,D
292972,18.2253,D
292972,18.2249,D
293081,18.2246,D
293081,18.2243,D
293191,18.2241,D
293191,18.2238,D
293191,18.2236,D
293303,18.2235,D
293303,18.2233,D
293303,18.2232,D
293414,18.2231,D
293414,18.2230,D
293528,18.2227,D
293528,18.2226,D
293528,18.2226,D
293640,18.2226,D
293640,18.2226,D
293752,18.2226,D
293753,18.2226,D
293753,18.2225,D
293864,18.2225,D
293864,18.2225,D
293976,18.2225,D
293976,18.2225,D
293976,18.2225,D
294089,18.2225,D
294089,18.2225,D
294089,18.2225,D
294200,18.2225,D
294200,18.2225,D
294310,18.2225,D
294310,18.2225,D
294310,18.2225,D
294422,18.2225,D
294422,18.2225,D
294535,18.2225,D
294535,18.2225,D
294535,18.2225,D
294647,18.2225,D
294647,18.2225,D
294761,18.2225,D
294761,18.2225,D
294761,18.2225,D
294873,18.2225,D
294873,18.2225,D
294873,18.2225,D
294985,18.2224,D
294985,18.2224,D
295095,18.2224,D
295095,18.2224,D
295095,18.2224,D
295205,18.2224,D
295205,18.2224,D
295316,18.2224,D
295316,18.2224,D
295316,18.2224,D
295427,18.2224,D
295427,18.2224,D
295536,18.2224,D
295536,18.2224,D
295536,18.2224,D
295646,18.2224,D
295647,18.2224,D
295757,18.2224,D
295758,18.2224,D
295758,18.2224,D
295867,18.2224,D
295867,18.2467,D
295977,18.2668,D
295977,18.2675,D
296085,18.2674,D
296085,18.2667,D
296085,18.2660,D
296195,18.2655,D
296195,18.2651,D
296195,18.2648,D
296302,18.2646,D
296302,18.2643,D
296412,18.2641,D
296412,18.2639,D
296412,18.2638,D
296520,18.2637,D
296520,18.2636,D
296628,18.2635,D
296628,18.2634,D
296628,18.2633,D
296738,18.2631,D
296738,18.2630,D
296848,18.2630,D
296849,18.2630,D
296849,18.2629,D
296959,18.2629,D
296959,18.2629,D
297069,18.2629,D
297069,18.2629,D
297069,18.2629,D
297180,18.2629,D
297180,18.2629,D
297289,18.2629,D
297290,18.2629,D
297290,18.2629,D
297400,18.2629,D
297400,18.2629,D
297510,18.2629,D
297510,18.2629,D
297510,18.2629,D
297620,18.2628,D
297620,18.2628,D
297620,18.2628,D
297729,18.2628,D
297730,18.2628,D
297839,18.2628,D
297839,18.2628,D
297839,18.2628,D
297948,18.2628,D
297948,18.2628,D
298057,18.2628,D
298058,18.2628,D
298167,18.2628,D
298167,18.2628,D
298167,18.2628,D
298276,18.2628,D
298276,18.2628,D
298276,18.2628,D
298385,18.2628,D
298385,18.2628,D
298493,18.2628,D
298493,18.2628,D
298604,18.2628,D
298604,18.2628,D
298604,18.2628,D
298714,18.2628,D
298714,18.2628,D
298714,18.2628,D
298823,18.2628,D
298823,18.2628,D
298928,18.2628,D
298928,18.2628,D
299040,18.2628,D
299040,18.2628,D
299040,18.2678,D
299152,18.3066,D
299152,18.3075,D
299265,18.3075,D
299265,18.3071,D
299265,18.3064,D
299377,18.3058,D
299377,18.3053,D
299490,18.3050,D
299491,18.3047,D
299491,18.3045,D
299604,18.3043,D
299604,18.3041,D
299604,18.3039,D
299716,18.3037,D
299716,18.3036,D
299716,18.3035,D
299828,18.3034,D
299828,18.3034,D
299940,18.3032,D
299940,18.3030,D
299940,18.3029,D
300053,18.3029,D
300053,18.3029,D
300167,18.3028,D
300167,18.3028,D
300280,18.3028,D
300280,18.3027,D
300280,18.3027,D
300393,18.3027,D
300393,18.3027,D
300393,18.3027,D
300506,18.3026,D
300506,18.3026,D
300506,18.3026,D
300619,18.3025,D
300619,18.3025,D
300731,18.3025,D
300731,18.3025,D
300731,18.3025,D
300843,18.3024,D
300843,18.3024,D
300955,18.3024,D
300955,18.3024,D
300955,18.3024,D
301068,18.3023,D
301068,18.3023,D
301178,18.3023,D
301178,18.3023,D
301178,18.3023,D
301288,18.3023,D
301288,18.3022,D
301395,18.3022,D
301395,18.3022,D
301395,18.3022,D
301504,18.3022,D
301504,18.3022,D
301613,18.3022,D
301613,18.3022,D
301613,18.3021,D
301722,18.3021,D
301723,18.3021,D
301832,18.3021,D
301832,18.3021,D
301833,18.3020,D
301943,18.3019,D
301943,18.3019,D
302053,18.3019,D
302053,18.3019,D
302053,18.3019,D
302162,18.3020,D
302162,18.3020,D
302272,18.3021,D
302272,18.3023,D
302272,18.3237,D
302382,18.3460,D
302382,18.3468,D
302382,18.3467,D
302492,18.3461,D
302493,18.3454,D
302602,18.3449,D
302602,18.3445,D
302712,18.3442,D
302712,18.3439,D
302712,18.3437,D
302822,18.3434,D
302822,18.3432,D
302927,18.3431,D
302927,18.3430,D
302927,18.3428,D
303040,18.3428,D
303040,18.3427,D
303152,18.3426,D
303152,18.3424,D
303152,18.3423,D
303265,18.3423,D
303265,18.3423,D
303265,18.3423,D
303377,18.3422,D
303377,18.3422,D
303490,18.3422,D
303490,18.3422,D
303490,18.3422,D
303603,18.3421,D
303603,18.3421,D
303714,18.3421,D
303714,18.3421,D
303714,18.3421,D
303827,18.3421,D
303827,18.3421,D
303940,18.3421,D
303940,18.3421,D
303940,18.3421,D
304051,18.3421,D
304051,18.3421,D
304051,18.3421,D
304164,18.3421,D
304164,18.3421,D
304277,18.3421,D
304277,18.3421,D
304277,18.3421,D
304389,18.3421,D
304389,18.3420,D
304501,18.3420,D
304501,18.3420,D
304501,18.3420,D
304614,18.3420,D
304614,18.3420,D
304726,18.3420,D
304727,18.3420,D
304727,18.3420,D
304840,18.3420,D
304840,18.3420,D
304840,18.3420,D
304951,18.3420,D
304952,18.3420,D
305063,18.3420,D
305063,18.3420,D
305063,18.3420,D
305174,18.3420,D
305174,18.3420,D
305284,18.3420,D
305284,18.3420,D
305284,18.3420,D
305396,18.3420,D
305396,18.3420,D
305505,18.3420,D
305505,18.3420,D
305505,18.3800,D
305616,18.3861,D
305616,18.3866,D
305616,18.3863,D
305727,18.3856,D
305727,18.3850,D
305838,18.3845,D
305838,18.3842,D
305948,18.3839,D
305948,18.3836,D
305948,18.3834,D
306059,18.3832,D
306059,18.3830,D
306059,18.3829,D
306167,18.3828,D
306167,18.3827,D
306277,18.3826,D
306277,18.3825,D
306277,18.3824,D
306387,18.3822,D
306387,18.3822,D
306496,18.3822,D
306497,18.3822,D
306497,18.3822,D
306607,18.3822,D
306607,18.3822,D
306718,18.3822,D
306718,18.3821,D
306718,18.3821,D
306828,18.3821,D
306828,18.3821,D
306944,18.3821,D
306944,18.3821,D
306944,18.3821,D
307056,18.3821,D
307056,18.3821,D
307168,18.3821,D
307168,18.3821,D
307168,18.3821,D
307281,18.3821,D
307281,18.3821,D
307281,18.3821,D
307393,18.3821,D
307393,18.3821,D
307506,18.3821,D
307506,18.3821,D
307506,18.3821,D
307619,18.3821,D
307619,18.3821,D
307731,18.3821,D
307732,18.3821,D
307732,18.3821,D
307843,18.3822,D
307843,18.3822,D
307843,18.3822,D
307955,18.3822,D
307956,18.3822,D
308068,18.3822,D
308068,18.3822,D
308068,18.3822,D
308181,18.3822,D
308181,18.3822,D
308293,18.3822,D
308293,18.3822,D
308405,18.3822,D
308406,18.3822,D
308406,18.3822,D
308518,18.3822,D
308518,18.3822,D
308518,18.3822,D
308629,18.3822,D
308630,18.3822,D
308630,18.3822,D
308741,18.3923,D
308741,18.4258,D
308854,18.4267,D
308854,18.4270,D
308854,18.4265,D
308964,18.4256,D
308965,18.4251,D
309075,18.4246,D
309075,18.4244,D
309186,18.4242,D
309186,18.4239,D
309186,18.4237,D
309297,18.4235,D
309297,18.4234,D
309297,18.4232,D
309408,18.4231,D
309408,18.4230,D
309519,18.4230,D
309519,18.4229,D
309519,18.4229,D
309630,18.4227,D
309630,18.4227,D
309740,18.4227,D
309740,18.4226,D
309740,18.4226,D
309848,18.4226,D
309849,18.4226,D
309958,18.4226,D
309958,18.4226,D
309958,18.4226,D
310067,18.4226,D
310067,18.4226,D
310179,18.4226,D
310179,18.4226,D
310179,18.4226,D
310290,18.4226,D
310290,18.4226,D
310290,18.4226,D
310400,18.4226,D
310401,18.4225,D
310510,18.4225,D
310510,18.4225,D
310510,18.4225,D
310619,18.4225,D
310619,18.4225,D
310728,18.4225,D
310728,18.4225,D
310728,18.4225,D
310836,18.4225,D
310836,18.4224,D
310943,18.4224,D
310943,18.4224,D
310943,18.4224,D
311055,18.4224,D
311055,18.4224,D
311168,18.4224,D
311168,18.4224,D
311281,18.4224,D
311281,18.4224,D
311281,18.4224,D
311394,18.4224,D
311394,18.4224,D
311394,18.4224,D
311513,18.4224,D
311513,18.4224,D
311513,18.4224,D
311625,18.4224,D
311625,18.4224,D
311736,18.4224,D
311736,18.4224,D
311736,18.4224,D
311847,18.4224,D
311847,18.4224,D
311958,18.4224,D
311959,18.4606,D
312069,18.4665,D
312069,18.4668,D
312069,18.4664,D
312181,18.4656,D
312181,18.4650,D
312181,18.4647,D
312292,18.4644,D
312292,18.4641,D
312405,18.4638,D
312405,18.4635,D
312405,18.4632,D
312517,18.4630,D
312517,18.4629,D
312517,18.4628,D
312631,18.4627,D
312631,18.4626,D
312743,18.4625,D
312743,18.4623,D
312855,18.4623,D
312855,18.4623,D
312855,18.4622,D
312965,18.4622,D
312965,18.4622,D
312965,18.4622,D
313076,18.4622,D
313076,18.4622,D
313186,18.4621,D
313186,18.4621,D
313186,18.4621,D
313296,18.4621,D
313296,18.4621,D
313406,18.4621,D
313406,18.4621,D
313406,18.4621,D
313517,18.4621,D
313517,18.4621,D
313625,18.4621,D
313626,18.4621,D
313626,18.4621,D
313735,18.4620,D
313735,18.4620,D
313844,18.4620,D
313844,18.4620,D
313844,18.4620,D
313952,18.4620,D
313952,18.4620,D
314062,18.4620,D
314062,18.4620,D
314062,18.4620,D
314171,18.4620,D
314172,18.4620,D
314283,18.4620,D
314283,18.4620,D
314283,18.4620,D
314393,18.4620,D
314393,18.4620,D
314501,18.4620,D
314501,18.4620,D
314501,18.4620,D
314611,18.4620,D
314611,18.4620,D
314719,18.4620,D
314720,18.4620,D
314720,18.4620,D
314829,18.4620,D
314829,18.4620,D
314938,18.4620,D
314938,18.4620,D
314938,18.4620,D
315048,18.4620,D
315048,18.4620,D
315158,18.4620,D
315158,18.4670,D
315158,18.5060,D
315267,18.5069,D
315267,18.5069,D
315376,18.5064,D
315376,18.5057,D
315484,18.5051,D
315484,18.5047,D
315484,18.5043,D
315594,18.5040,D
315594,18.5038,D
315594,18.5035,D
315705,18.5033,D
315705,18.5031,D
315705,18.5030,D
315815,18.5029,D
315815,18.5028,D
315924,18.5027,D
315924,18.5026,D
316034,18.5024,D
316034,18.5023,D
316034,18.5023,D
316144,18.5023,D
316144,18.5022,D
316254,18.5022,D
316254,18.5022,D
316254,18.5022,D
316364,18.5022,D
316364,18.5022,D
316473,18.5022,D
316473,18.5022,D
316473,18.5022,D
316583,18.5022,D
316583,18.5021,D
316583,18.5021,D
316691,18.5021,D
316691,18.5021,D
316800,18.5021,D
316800,18.5021,D
316800,18.5021,D
316910,18.5021,D
316910,18.5021,D
317020,18.5021,D
317020,18.5021,D
317020,18.5021,D
317130,18.5021,D
317130,18.5021,D
317239,18.5021,D
317239,18.5021,D
317239,18.5021,D
317349,18.5021,D
317349,18.5021,D
317459,18.5021,D
317459,18.5021,D
317570,18.5021,D
317570,18.5021,D
317570,18.5021,D
317679,18.5020,D
317679,18.5020,D
317679,18.5020,D
317788,18.5020,D
317788,18.5020,D
317896,18.5020,D
317897,18.5020,D
317897,18.5020,D
318007,18.5020,D
318007,18.5020,D
318118,18.5020,D
318118,18.5020,D
318118,18.5020,D
318226,18.5020,D
318226,18.5020,D
318334,18.5020,D
318334,18.5020,D
318334,18.5149,D
318444,18.5459,D
318444,18.5467,D
318555,18.5467,D
318555,18.5462,D
318555,18.5455,D
318664,18.5449,D
318664,18.5445,D
318774,18.5442,D
318774,18.5439,D
318884,18.5436,D
318884,18.5434,D
318884,18.5432,D
318994,18.5430,D
318994,18.5429,D
318994,18.5428,D
319103,18.5427,D
319103,18.5426,D
319212,18.5426,D
319212,18.5424,D
319212,18.5423,D
319322,18.5423,D
319322,18.5422,D
319432,18.5422,D
319432,18.5422,D
319432,18.5421,D
319541,18.5421,D
319541,18.5421,D
319650,18.5421,D
319650,18.5421,D
319650,18.5421,D
319759,18.5421,D
319759,18.5421,D
319869,18.5421,D
319869,18.5420,D
319869,18.5420,D
319980,18.5420,D
319980,18.5420,D
320090,18.5420,D
320090,18.5420,D
320090,18.5420,D
320199,18.5420,D
320199,18.5420,D
320307,18.5420,D
320307,18.5420,D
320307,18.5420,D
320417,18.5420,D
320417,18.5420,D
320526,18.5420,D
320526,18.5419,D
320526,18.5419,D
320637,18.5419,D
320637,18.5419,D
320747,18.5419,D
320747,18.5419,D
320747,18.5419,D
320856,18.5419,D
320856,18.5419,D
320966,18.5419,D
320966,18.5419,D
320966,18.5419,D
321076,18.5419,D
321076,18.5419,D
321184,18.5419,D
321184,18.5419,D
321184,18.5419,D
321295,18.5419,D
321295,18.5419,D
321404,18.5419,D
321404,18.5419,D
321514,18.5419,D
321514,18.5419,D
321514,18.5419,D
321514,18.5419,D
321622,18.5659,D
321622,18.5859,D
321732,18.5867,D
321732,18.5866,D
321841,18.5859,D
321841,18.5851,D
321841,18.5846,D
321950,18.5842,D
321950,18.5839,D
322060,18.5836,D
322060,18.5834,D
322060,18.5831,D
322170,18.5829,D
322170,18.5828,D
322278,18.5826,D
322278,18.5825,D
322278,18.5824,D
322387,18.5824,D
322387,18.5823,D
322496,18.5822,D
322496,18.5821,D
322496,18.5821,D
322606,18.5821,D
322606,18.5821,D
322715,18.5821,D
322715,18.5821,D
322715,18.5821,D
322826,18.5820,D
322826,18.5820,D
322826,18.5820,D
322936,18.5820,D
322936,18.5820,D
323045,18.5820,D
323046,18.5820,D
323046,18.5820,D
323156,18.5820,D
323156,18.5820,D
323266,18.5819,D
323266,18.5819,D
323376,18.5819,D
323376,18.5819,D
323376,18.5819,D
323486,18.5819,D
323486,18.5819,D
323595,18.5819,D
323595,18.5819,D
323595,18.5818,D
323706,18.5818,D
323706,18.5818,D
323706,18.5818,D
323815,18.5818,D
323815,18.5818,D
323923,18.5818,D
323923,18.5818,D
323923,18.5818,D
324033,18.5818,D
324033,18.5817,D
324141,18.5817,D
324141,18.5817,D
324141,18.5817,D
324251,18.5817,D
324251,18.5817,D
324360,18.5817,D
324360,18.5817,D
324360,18.5817,D
324469,18.5816,D
324469,18.5816,D
324578,18.5816,D
324578,18.5816,D
324578,18.5816,D
324688,18.5816,D
324688,18.5816,D
324799,18.5816,D
324799,18.5816,D
324909,18.6248,D
324909,18.6258,D
324909,18.6258,D
325018,18.6254,D
325018,18.6246,D
325128,18.6240,D
325128,18.6236,D
325128,18.6232,D
325239,18.6229,D
325239,18.6227,D
325239,18.6224,D
325349,18.6222,D
325349,18.6220,D
325458,18.6219,D
325458,18.6218,D
325458,18.6217,D
325568,18.6217,D
325568,18.6216,D
325676,18.6215,D
325676,18.6215,D
325676,18.6216,D
325786,18.6217,D
325786,18.6217,D
325895,18.6217,D
325895,18.6217,D
325895,18.6216,D
326002,18.6216,D
326003,18.6215,D
326112,18.6215,D
326112,18.6214,D
326221,18.6214,D
326222,18.6213,D
326222,18.6213,D
326331,18.6213,D
326331,18.6213,D
326331,18.6213,D
326438,18.6213,D
326438,18.6213,D
326548,18.6213,D
326548,18.6213,D
326548,18.6213,D
326658,18.6214,D
326658,18.6214,D
326768,18.6214,D
326768,18.6214,D
326768,18.6214,D
326876,18.6213,D
326876,18.6213,D
326991,18.6213,D
326991,18.6213,D
326991,18.6213,D
327103,18.6213,D
327104,18.6213,D
327216,18.6213,D
327216,18.6213,D
327216,18.6212,D
327329,18.6212,D
327329,18.6212,D
327329,18.6212,D
327441,18.6212,D
327441,18.6212,D
327555,18.6212,D
327555,18.6212,D
327555,18.6212,D
327667,18.6212,D
327667,18.6211,D
327780,18.6211,D
327780,18.6211,D
327780,18.6211,D
327892,18.6211,D
327892,18.6211,D
327892,18.6211,D
328004,18.6211,D
328004,18.6340,D
328117,18.6649,D
328117,18.6652,D
328117,18.6652,D
328229,18.6645,D
328229,18.6638,D
328342,18.6634,D
328342,18.6630,D
328342,18.6627,D
328455,18.6625,D
328455,18.6622,D
328566,18.6620,D
328566,18.6618,D
328566,18.6616,D
328679,18.6615,D
328679,18.6614,D
328679,18.6613,D
328791,18.6613,D
328791,18.6611,D
328902,18.6607,D
328903,18.6606,D
328903,18.6607,D
329011,18.6608,D
329012,18.6609,D
329122,18.6609,D
329122,18.6610,D
329122,18.6610,D
329230,18.6611,D
329230,18.6611,D
329339,18.6611,D
329339,18.6612,D
329340,18.6612,D
329447,18.6612,D
329448,18.6613,D
329557,18.6613,D
329557,18.6613,D
329557,18.6613,D
329665,18.6614,D
329665,18.6614,D
329775,18.6614,D
329776,18.6614,D
329884,18.6614,D
329885,18.6614,D
329885,18.6614,D
329994,18.6614,D
329994,18.6614,D
329994,18.6614,D
330103,18.6614,D
330103,18.6614,D
330211,18.6614,D
330211,18.6614,D
330211,18.6614,D
330320,18.6614,D
330320,18.6614,D
330429,18.6614,D
330429,18.6614,D
330429,18.6614,D
330538,18.6614,D
330538,18.6614,D
330647,18.6614,D
330647,18.6614,D
330647,18.6614,D
330757,18.6614,D
330757,18.6614,D
330868,18.6614,D
330868,18.6614,D
330977,18.6614,D
330977,18.6614,D
330977,18.6614,D
331089,18.6614,D
331089,18.6614,D
331201,18.6614,D
331201,18.6614,D
331201,18.6614,D
331314,18.6911,D
331314,18.7052,D
331314,18.7059,D
331427,18.7058,D
331427,18.7049,D
331540,18.7042,D
331540,18.7037,D
331540,18.7034,D
331644,18.7031,D
331644,18.7029,D
331644,18.7027,D
331755,18.7025,D
331755,18.7023,D
331866,18.7021,D
331866,18.7020,D
331977,18.7019,D
331977,18.7018,D
331977,18.7018,D
332090,18.7017,D
332090,18.7015,D
332090,18.7014,D
332202,18.7014,D
332202,18.7014,D
332313,18.7014,D
332314,18.7013,D
332314,18.7013,D
332424,18.7013,D
332424,18.7013,D
332537,18.7013,D
332537,18.7013,D
332537,18.7013,D
332648,18.7013,D
332649,18.7013,D
332760,18.7013,D
332760,18.7013,D
332760,18.7013,D
332871,18.7013,D
332871,18.7013,D
332982,18.7013,D
332982,18.7013,D
332982,18.7013,D
333091,18.7013,D
333091,18.7013,D
333201,18.7013,D
333202,18.7013,D
333202,18.7013,D
333311,18.7013,D
333311,18.7013,D
333421,18.7013,D
333421,18.7013,D
333421,18.7013,D
333531,18.7013,D
333531,18.7013,D
333531,18.7013,D
333639,18.7013,D
333639,18.7013,D
333749,18.7013,D
333749,18.7013,D
333749,18.7013,D
333858,18.7013,D
333858,18.7013,D
333968,18.7013,D
333968,18.7013,D
334078,18.7013,D
334078,18.7013,D
334078,18.7013,D
334188,18.7013,D
334188,18.7013,D
334188,18.7013,D
334296,18.7013,D
334296,18.7013,D
334406,18.7013,D
334406,18.7013,D
334406,18.7087,D
334515,18.7445,D
334515,18.7460,D
334623,18.7460,D
334624,18.7455,D
334624,18.7449,D
334731,18.7443,D
334731,18.7438,D
334840,18.7435,D
334841,18.7433,D
334841,18.7430,D
334949,18.7428,D
334949,18.7426,D
335058,18.7424,D
335058,18.7422,D
335058,18.7421,D
335167,18.7420,D
335167,18.7419,D
335276,18.7419,D
335276,18.7416,D
335387,18.7415,D
335387,18.7414,D
335387,18.7414,D
335494,18.7414,D
335494,18.7414,D
335603,18.7414,D
335603,18.7414,D
335603,18.7413,D
335712,18.7413,D
335712,18.7413,D
335712,18.7413,D
335821,18.7413,D
335821,18.7413,D
335930,18.7413,D
335930,18.7413,D
335930,18.7413,D
336040,18.7413,D
336040,18.7413,D
336150,18.7413,D
336150,18.7412,D
336150,18.7412,D
336260,18.7412,D
336260,18.7412,D
336369,18.7412,D
336369,18.7412,D
336369,18.7412,D
336479,18.7412,D
336479,18.7412,D
336587,18.7412,D
336587,18.7412,D
336695,18.7411,D
336695,18.7411,D
336695,18.7411,D
336803,18.7411,D
336803,18.7411,D
336911,18.7411,D
336911,18.7411,D
336911,18.7411,D
337023,18.7411,D
337023,18.7411,D
337023,18.7411,D
337135,18.7411,D
337135,18.7411,D
337246,18.7411,D
337246,18.7411,D
337246,18.7411,D
337357,18.7410,D
337357,18.7410,D
337466,18.7410,D
337466,18.7410,D
337466,18.7410,D
337577,18.7410,D
337577,18.7410,D
337688,18.7810,D
337689,18.7847,D
337689,18.7851,D
337800,18.7847,D
337800,18.7838,D
337911,18.7832,D
337911,18.7827,D
338022,18.7823,D
338022,18.7821,D
338022,18.7818,D
338134,18.7816,D
338134,18.7814,D
338134,18.7812,D
338246,18.7811,D
338246,18.7810,D
338246,18.7809,D
338358,18.7808,D
338358,18.7807,D
338471,18.7806,D
338471,18.7804,D
338471,18.7804,D
338583,18.7803,D
338583,18.7803,D
338694,18.7803,D
338694,18.7803,D
338694,18.7802,D
338806,18.7802,D
338806,18.7802,D
338916,18.7802,D
338916,18.7802,D
338916,18.7802,D
339026,18.7802,D
339026,18.7802,D
339135,18.7802,D
339135,18.7802,D
339135,18.7802,D
339243,18.7802,D
339244,18.7802,D
339353,18.7802,D
339353,18.7802,D
339353,18.7801,D
339461,18.7801,D
339461,18.7801,D
339571,18.7801,D
339571,18.7801,D
339571,18.7801,D
339680,18.7801,D
339680,18.7801,D
339790,18.7801,D
339790,18.7801,D
339790,18.7801,D
339898,18.7801,D
339898,18.7801,D
340008,18.7801,D
340008,18.7801,D
340008,18.7801,D
340116,18.7801,D
340116,18.7801,D
340225,18.7801,D
340226,18.7801,D
340226,18.7801,D
340334,18.7801,D
340334,18.7801,D
340444,18.7801,D
340444,18.7801,D
340444,18.7801,D
340553,18.7801,D
340553,18.7801,D
340663,18.7801,D
340663,18.7801,D
340663,18.7801,D
340771,18.7801,D
340771,18.7801,D
340880,18.8125,D
340880,18.8239,D
340880,18.8243,D
340988,18.8242,D
340988,18.8235,D
341097,18.8229,D
341097,18.8224,D
341097,18.8221,D
341205,18.8218,D
341205,18.8215,D
341314,18.8213,D
341315,18.8211,D
341315,18.8209,D
341423,18.8207,D
341423,18.8206,D
341531,18.8205,D
341531,18.8204,D
341531,18.8203,D
341640,18.8201,D
341640,18.8201,D
341750,18.8200,D
341750,18.8200,D
341750,18.8200,D
341860,18.8199,D
341860,18.8199,D
341969,18.8199,D
341969,18.8199,D
341969,18.8199,D
342078,18.8199,D
342078,18.8199,D
342188,18.8199,D
342188,18.8198,D
342188,18.8198,D
342298,18.8198,D
342298,18.8198,D
342409,18.8198,D
342409,18.8198,D
342409,18.8198,D
342519,18.8198,D
342519,18.8198,D
342629,18.8198,D
342629,18.8198,D
342629,18.8197,D
342738,18.8197,D
342738,18.8197,D
342848,18.8197,D
342848,18.8197,D
342848,18.8197,D
342959,18.8197,D
342959,18.8197,D
343072,18.8197,D
343072,18.8196,D
343072,18.8196,D
343184,18.8196,D
343184,18.8196,D
343184,18.8196,D
343298,18.8196,D
343298,18.8196,D
343410,18.8196,D
343410,18.8196,D
343522,18.8196,D
343523,18.8196,D
343523,18.8196,D
343635,18.8196,D
343635,18.8196,D
343635,18.8195,D
343748,18.8195,D
343748,18.8195,D
343860,18.8195,D
343860,18.8195,D
343860,18.8195,D
343974,18.8195,D
343974,18.8195,D
344087,18.8295,D
344087,18.8628,D
344087,18.8632,D
344198,18.8632,D
344199,18.8627,D
344310,18.8621,D
344310,18.8616,D
344310,18.8612,D
344422,18.8609,D
344422,18.8605,D
344422,18.8603,D
344534,18.8600,D
344534,18.8598,D
344646,18.8596,D
344646,18.8595,D
344646,18.8593,D
344758,18.8592,D
344758,18.8592,D
344758,18.8590,D
344870,18.8588,D
344870,18.8588,D
344979,18.8588,D
344979,18.8588,D
345088,18.8587,D
345088,18.8587,D
345088,18.8587,D
345197,18.8587,D
345197,18.8586,D
345197,18.8586,D
345305,18.8586,D
345305,18.8586,D
345415,18.8586,D
345415,18.8586,D
345415,18.8586,D
345525,18.8586,D
345525,18.8586,D
345632,18.8586,D
345632,18.8586,D
345632,18.8586,D
345742,18.8586,D
345742,18.8586,D
345851,18.8586,D
345851,18.8585,D
345851,18.8585,D
345961,18.8585,D
345961,18.8585,D
346070,18.8585,D
346070,18.8585,D
346070,18.8585,D
346178,18.8585,D
346178,18.8585,D
346286,18.8585,D
346287,18.8585,D
346393,18.8585,D
346394,18.8585,D
346394,18.8585,D
346504,18.8585,D
346504,18.8585,D
346504,18.8585,D
346614,18.8585,D
346614,18.8585,D
346723,18.8585,D
346723,18.8585,D
346833,18.8585,D
346833,18.8585,D
346833,18.8585,D
346943,18.8585,D
346943,18.8585,D
346943,18.8585,D
347054,18.8586,D
347054,18.8586,D
347163,18.8586,D
347163,18.8586,D
347163,18.8586,D
347271,18.8772,D
347271,18.9026,D
347382,18.9035,D
347382,18.9035,D
347382,18.9029,D
347490,18.9022,D
347490,18.9017,D
347599,18.9014,D
347599,18.9011,D
347707,18.9008,D
347707,18.9006,D
347707,18.9004,D
347817,18.9002,D
347817,18.9000,D
347817,18.8999,D
347925,18.8998,D
347926,18.8997,D
348035,18.8996,D
348035,18.8995,D
348035,18.8994,D
348145,18.8993,D
348145,18.8993,D
348253,18.8992,D
348253,18.8992,D
348253,18.8992,D
348362,18.8992,D
348362,18.8991,D
348473,18.8991,D
348473,18.8991,D
348473,18.8991,D
348582,18.8991,D
348582,18.8990,D
348691,18.8990,D
348691,18.8990,D
348691,18.8990,D
348800,18.8990,D
348800,18.8989,D
348911,18.8989,D
348911,18.8989,D
349022,18.8988,D
349022,18.8988,D
349022,18.8988,D
349134,18.8987,D
349134,18.8987,D
349134,18.8986,D
349246,18.8981,D
349246,18.8979,D
349358,18.8979,D
349358,18.8979,D
349358,18.8979,D
349468,18.8979,D
349468,18.8979,D
349579,18.8979,D
349580,18.8979,D
349580,18.8979,D
349691,18.8979,D
349691,18.8979,D
349803,18.8979,D
349803,18.8979,D
349803,18.8979,D
349913,18.8979,D
349913,18.8979,D
349913,18.8979,D
350024,18.8979,D
350024,18.8979,D
350135,18.8979,D
350135,18.8979,D
350135,18.8979,D
350246,18.8979,D
350246,18.8979,D
350358,18.8979,D
350358,18.8979,D
350358,18.8979,D
350468,18.9215,D
350468,18.9413,D
350580,18.9422,D
350580,18.9420,D
350580,18.9415,D
350690,18.9409,D
350690,18.9403,D
350802,18.9399,D
350802,18.9396,D
350802,18.9393,D
350912,18.9390,D
350912,18.9388,D
351022,18.9387,D
351022,18.9385,D
351022,18.9384,D
351132,18.9383,D
351133,18.9383,D
351133,18.9382,D
351242,18.9381,D
351242,18.9380,D
351350,18.9380,D
351350,18.9380,D
351459,18.9380,D
351459,18.9380,D
351459,18.9380,D
351570,18.9380,D
351570,18.9380,D
351570,18.9380,D
351678,18.9380,D
351678,18.9380,D
351787,18.9380,D
351787,18.9380,D
351895,18.9380,D
351895,18.9380,D
351895,18.9380,D
352006,18.9380,D
352006,18.9380,D
352006,18.9380,D
352114,18.9381,D
352114,18.9381,D
352224,18.9381,D
352225,18.9381,D
352333,18.9381,D
352333,18.9381,D
352333,18.9381,D
352444,18.9381,D
352444,18.9381,D
352554,18.9381,D
352554,18.9381,D
352554,18.9381,D
352662,18.9381,D
352662,18.9381,D
352662,18.9381,D
352771,18.9381,D
352771,18.9382,D
352879,18.9382,D
352879,18.9382,D
352879,18.9382,D
352987,18.9382,D
352987,18.9382,D
353098,18.9382,D
353098,18.9382,D
353207,18.9382,D
353207,18.9382,D
353207,18.9382,D
353316,18.9382,D
353316,18.9382,D
353316,18.9382,D
353424,18.9382,D
353424,18.9382,D
353532,18.9382,D
353532,18.9382,D
353641,18.9382,D
353641,18.9482,D
353751,18.9812,D
353751,18.9825,D
353751,18.9826,D
353860,18.9818,D
353860,18.9811,D
353860,18.9805,D
353969,18.9801,D
353969,18.9798,D
354078,18.9796,D
354078,18.9794,D
354078,18.9793,D
354187,18.9792,D
354187,18.9791,D
354296,18.9791,D
354296,18.9791,D
354296,18.9791,D
354405,18.9790,D
354405,18.9789,D
354515,18.9788,D
354515,18.9787,D
354515,18.9783,D
354623,18.9776,D
354623,18.9774,D
354732,18.9774,D
354732,18.9774,D
354732,18.9774,D
354842,18.9775,D
354842,18.9776,D
354943,18.9776,D
354943,18.9777,D
355055,18.9777,D
355055,18.9777,D
355055,18.9778,D
355167,18.9778,D
355167,18.9778,D
355167,18.9779,D
355278,18.9779,D
355278,18.9779,D
355278,18.9779,D
355389,18.9780,D
355389,18.9780,D
355501,18.9780,D
355501,18.9780,D
355501,18.9780,D
355613,18.9781,D
355613,18.9781,D
355726,18.9781,D
355726,18.9781,D
355837,18.9781,D
355837,18.9781,D
355837,18.9782,D
355950,18.9782,D
355950,18.9782,D
355950,18.9782,D
356062,18.9782,D
356062,18.9782,D
356173,18.9782,D
356173,18.9782,D
356173,18.9782,D
356286,18.9782,D
356286,18.9783,D
356399,18.9783,D
356400,18.9783,D
356400,18.9783,D
356512,18.9783,D
356512,18.9783,D
356624,18.9783,D
356624,18.9783,D
356624,18.9783,D
356736,18.9784,D
356736,18.9784,D
356736,18.9784,D
356848,18.9784,D
356848,18.9969,D
356958,19.0220,D
356958,19.0230,D
356959,19.0230,D
357068,19.0224,D
357068,19.0217,D
357177,19.0212,D
357177,19.0208,D
357177,19.0205,D
357285,19.0202,D
357286,19.0200,D
357395,19.0197,D
357395,19.0196,D
357395,19.0194,D
357503,19.0193,D
357503,19.0192,D
357612,19.0191,D
357612,19.0190,D
357612,19.0189,D
357721,19.0187,D
357721,19.0186,D
357830,19.0184,D
357830,19.0184,D
357830,19.0184,D
357940,19.0183,D
357940,19.0183,D
358048,19.0184,D
358048,19.0184,D
358048,19.0184,D
358158,19.0184,D
358158,19.0184,D
358266,19.0185,D
358266,19.0185,D
358266,19.0185,D
358374,19.0185,D
358374,19.0185,D
358483,19.0185,D
358483,19.0185,D
358483,19.0185,D
358594,19.0185,D
358594,19.0185,D
358704,19.0185,D
358704,19.0185,D
358704,19.0185,D
358813,19.0185,D
358813,19.0185,D
358928,19.0184,D
358928,19.0184,D
358928,19.0184,D
359041,19.0184,D
359041,19.0184,D
359041,19.0184,D
359153,19.0184,D
359153,19.0184,D
359265,19.0184,D
359265,19.0184,D
359265,19.0184,D
359376,19.0184,D
359376,19.0184,D
359489,19.0184,D
359489,19.0184,D
359489,19.0184,D
359600,19.0184,D
359600,19.0184,D
359712,19.0183,D
359712,19.0183,D
359712,19.0183,D
359824,19.0183,D
359824,19.0183,D
359937,19.0183,D
359937,19.0183,D
359937,19.0183,D
360049,19.0183,D
360049,19.0183,D
360049,19.0450,D
360160,19.0620,D
360161,19.0628,D
360272,19.0627,D
360272,19.0621,D
360272,19.0615,D
360385,19.0610,D
360385,19.0606,D
360497,19.0603,D
360497,19.0600,D
360497,19.0597,D
360608,19.0595,D
360608,19.0593,D
360719,19.0591,D
360719,19.0590,D
360831,19.0589,D
360831,19.0588,D
360831,19.0588,D
360831,19.0587,D
360943,19.0585,D
360943,19.0584,D
361054,19.0584,D
361054,19.0584,D
361054,19.0584,D
361163,19.0584,D
361164,19.0583,D
361273,19.0583,D
361273,19.0583,D
361273,19.0583,D
361382,19.0583,D
361382,19.0583,D
361492,19.0583,D
361492,19.0583,D
361600,19.0583,D
361600,19.0583,D
361600,19.0583,D
361707,19.0583,D
361707,19.0583,D
361708,19.0583,D
361816,19.0583,D
361817,19.0583,D
361924,19.0583,D
361924,19.0583,D
362034,19.0583,D
362034,19.0583,D
362034,19.0583,D
362144,19.0583,D
362144,19.0582,D
362144,19.0582,D
362251,19.0582,D
362251,19.0582,D
362360,19.0582,D
362360,19.0582,D
362360,19.0582,D
362469,19.0582,D
362469,19.0582,D
362578,19.0582,D
362579,19.0582,D
362579,19.0582,D
362686,19.0582,D
362686,19.0582,D
362796,19.0582,D
362797,19.0582,D
362912,19.0582,D
362912,19.0583,D
362912,19.0583,D
363024,19.0583,D
363024,19.0583,D
363024,19.0583,D
363136,19.0583,D
363136,19.0583,D
363247,19.0583,D
363247,19.0583,D
363247,19.0583,D
363358,19.0963,D
363358,19.1024,D
363468,19.1029,D
363468,19.1027,D
363468,19.1020,D
363578,19.1014,D
363578,19.1009,D
363689,19.1005,D
363689,19.1003,D
363689,19.1000,D
363800,19.0998,D
363800,19.0995,D
363910,19.0994,D
363910,19.0992,D
363910,19.0991,D
364020,19.0990,D
364020,19.0989,D
364020,19.0988,D
364132,19.0987,D
364132,19.0986,D
364243,19.0985,D
364244,19.0985,D
364244,19.0985,D
364355,19.0985,D
364355,19.0985,D
364467,19.0985,D
364467,19.0984,D
364467,19.0984,D
364579,19.0984,D
364579,19.0984,D
364691,19.0984,D
364691,19.0984,D
364691,19.0983,D
364803,19.0983,D
364803,19.0983,D
364914,19.0983,D
364914,19.0983,D
364914,19.0983,D
365026,19.0983,D
365026,19.0983,D
365026,19.0983,D
365134,19.0982,D
365134,19.0982,D
365244,19.0982,D
365244,19.0982,D
365244,19.0982,D
365352,19.0982,D
365352,19.0981,D
365462,19.0981,D
365463,19.0981,D
365463,19.0981,D
365572,19.0980,D
365573,19.0980,D
365683,19.0979,D
365683,19.0973,D
365792,19.0972,D
365792,19.0971,D
365792,19.0971,D
365901,19.0970,D
365901,19.0970,D
365901,19.0969,D
366011,19.0969,D
366011,19.0968,D
366121,19.0968,D
366121,19.0968,D
366121,19.0967,D
366229,19.0967,D
366229,19.0967,D
366339,19.0967,D
366339,19.0967,D
366339,19.0966,D
366449,19.0966,D
366449,19.0967,D
366558,19.1068,D
366558,19.1403,D
366558,19.1411,D
366667,19.1411,D
366667,19.1406,D
366775,19.1399,D
366775,19.1394,D
366884,19.1390,D
366884,19.1387,D
366884,19.1384,D
366993,19.1382,D
366993,19.1379,D
367100,19.1377,D
367101,19.1376,D
367101,19.1375,D
367209,19.1374,D
367209,19.1373,D
367209,19.1373,D
367320,19.1372,D
367320,19.1371,D
367429,19.1370,D
367429,19.1370,D
367429,19.1370,D
367539,19.1371,D
367539,19.1371,D
367647,19.1371,D
367647,19.1371,D
367647,19.1371,D
367755,19.1371,D
367755,19.1371,D
367864,19.1372,D
367864,19.1372,D
367864,19.1372,D
367973,19.1372,D
367973,19.1372,D
368083,19.1372,D
368083,19.1372,D
368083,19.1372,D
368192,19.1372,D
368192,19.1373,D
368302,19.1373,D
368302,19.1373,D
368411,19.1373,D
368411,19.1373,D
368411,19.1373,D
368520,19.1373,D
368520,19.1373,D
368520,19.1373,D
368628,19.1373,D
368628,19.1373,D
368735,19.1373,D
368736,19.1373,D
368736,19.1373,D
368845,19.1373,D
368845,19.1374,D
368959,19.1374,D
368959,19.1374,D
369071,19.1374,D
369071,19.1374,D
369071,19.1374,D
369183,19.1374,D
369183,19.1374,D
369183,19.1374,D
369296,19.1374,D
369296,19.1374,D
369407,19.1374,D
369407,19.1374,D
369407,19.1374,D
369519,19.1374,D
369519,19.1374,D
369630,19.1374,D
369630,19.1374,D
369630,19.1374,D
369742,19.1374,D
369742,19.1502,D
369742,19.1810,D
369854,19.1818,D
369854,19.1818,D
369965,19.1813,D
369965,19.1806,D
369965,19.1801,D
370076,19.1796,D
370076,19.1793,D
370187,19.1791,D
370187,19.1788,D
370187,19.1786,D
370297,19.1784,D
370297,19.1782,D
370408,19.1781,D
370408,19.1780,D
370520,19.1779,D
370520,19.1778,D
370520,19.1777,D
370631,19.1776,D
370631,19.1775,D
370631,19.1775,D
370742,19.1775,D
370742,19.1775,D
370853,19.1775,D
370853,19.1775,D
370853,19.1775,D
370962,19.1775,D
370962,19.1776,D
371072,19.1776,D
371072,19.1776,D
371072,19.1776,D
371180,19.1776,D
371180,19.1776,D
371180,19.1776,D
371289,19.1776,D
371289,19.1775,D
371399,19.1775,D
371399,19.1775,D
371507,19.1775,D
371507,19.1775,D
371507,19.1773,D
371617,19.1773,D
371617,19.1773,D
371724,19.1773,D
371724,19.1773,D
371724,19.1773,D
371834,19.1773,D
371834,19.1774,D
371945,19.1774,D
371945,19.1774,D
371945,19.1774,D
372054,19.1774,D
372055,19.1774,D
372165,19.1774,D
372165,19.1774,D
372165,19.1774,D
372275,19.1774,D
372275,19.1774,D
372383,19.1774,D
372384,19.1774,D
372384,19.1774,D
372492,19.1774,D
372492,19.1774,D
372602,19.1774,D
372602,19.1774,D
372602,19.1774,D
372712,19.1774,D
372712,19.1774,D
372712,19.1775,D
372821,19.1775,D
372821,19.1775,D
372929,19.1775,D
372929,19.1775,D
373037,19.1932,D
373037,19.2215,D
373148,19.2223,D
373148,19.2223,D
373148,19.2217,D
373148,19.2210,D
373258,19.2205,D
373258,19.2201,D
373368,19.2198,D
373368,19.2195,D
373368,19.2193,D
373476,19.2190,D
373476,19.2188,D
373585,19.2186,D
373585,19.2185,D
373693,19.2184,D
373693,19.2183,D
373693,19.2182,D
373802,19.2182,D
373802,19.2179,D
373911,19.2179,D
373911,19.2178,D
373911,19.2178,D
374021,19.2177,D
374021,19.2177,D
374131,19.2177,D
374131,19.2177,D
374131,19.2177,D
374241,19.2177,D
374241,19.2177,D
374241,19.2177,D
374351,19.2177,D
374351,19.2177,D
374461,19.2176,D
374461,19.2176,D
374461,19.2176,D
374570,19.2176,D
374570,19.2176,D
374679,19.2176,D
374679,19.2176,D
374679,19.2176,D
374790,19.2176,D
374790,19.2176,D
374895,19.2176,D
374895,19.2176,D
374895,19.2176,D
375006,19.2176,D
375006,19.2176,D
375118,19.2176,D
375118,19.2176,D
375228,19.2176,D
375229,19.2176,D
375229,19.2176,D
375342,19.2176,D
375342,19.2176,D
375342,19.2176,D
375454,19.2176,D
375454,19.2176,D
375566,19.2175,D
375566,19.2175,D
375566,19.2175,D
375678,19.2175,D
375679,19.2175,D
375790,19.2175,D
375790,19.2175,D
375790,19.2175,D
375903,19.2175,D
375903,19.2175,D
376015,19.2175,D
376015,19.2175,D
376015,19.2175,D
376125,19.2175,D
376125,19.2175,D
376125,19.2175,D
376239,19.2413,D
376239,19.2610,D
376351,19.2617,D
376351,19.2615,D
376351,19.2608,D
376462,19.2601,D
376463,19.2597,D
376573,19.2593,D
376574,19.2590,D
376574,19.2588,D
376685,19.2585,D
376685,19.2583,D
376798,19.2581,D
376798,19.2579,D
376798,19.2578,D
376908,19.2577,D
376909,19.2576,D
376909,19.2576,D
377017,19.2574,D
377017,19.2573,D
377126,19.2572,D
377126,19.2572,D
377126,19.2572,D
377236,19.2572,D
377236,19.2572,D
377345,19.2572,D
377345,19.2571,D
377345,19.2571,D
377453,19.2571,D
377454,19.2570,D
377562,19.2570,D
377562,19.2570,D
377562,19.2570,D
377672,19.2570,D
377672,19.2570,D
377782,19.2570,D
377782,19.2570,D
377782,19.2570,D
377891,19.2569,D
377891,19.2569,D
377997,19.2569,D
377997,19.2569,D
378108,19.2569,D
378108,19.2569,D
378108,19.2569,D
378217,19.2569,D
378217,19.2569,D
378217,19.2569,D
378325,19.2569,D
378325,19.2569,D
378434,19.2569,D
378434,19.2569,D
378544,19.2569,D
378544,19.2569,D
378544,19.2569,D
378653,19.2569,D
378653,19.2569,D
378762,19.2569,D
378762,19.2569,D
378762,19.2569,D
378872,19.2569,D
378872,19.2569,D
378976,19.2569,D
378976,19.2569,D
378976,19.2569,D
379089,19.2569,D
379089,19.2569,D
379200,19.2569,D
379200,19.2569,D
379200,19.2569,D
379312,19.2569,D
379312,19.2569,D
379423,19.2569,D
379423,19.2569,D
379423,19.2945,D
379536,19.3006,D
379537,19.3011,D
379537,19.3009,D
379648,19.3002,D
379648,19.2996,D
379761,19.2991,D
379761,19.2988,D
379761,19.2985,D
379873,19.2982,D
379873,19.2979,D
379985,19.2977,D
379985,19.2976,D
379985,19.2974,D
380097,19.2973,D
380097,19.2972,D
380209,19.2971,D
380209,19.2970,D
380209,19.2969,D
380322,19.2967,D
380322,19.2967,D
380322,19.2967,D
380433,19.2967,D
380433,19.2967,D
380545,19.2966,D
380546,19.2966,D
380546,19.2966,D
380658,19.2966,D
380658,19.2966,D
380771,19.2967,D
380771,19.2967,D
380771,19.2967,D
380882,19.2967,D
380883,19.2967,D
380990,19.2967,D
380991,19.2967,D
380991,19.2967,D
381099,19.2967,D
381099,19.2967,D
381209,19.2967,D
381209,19.2967,D
381209,19.2967,D
381318,19.2967,D
381318,19.2967,D
381318,19.2967,D
381427,19.2967,D
381427,19.2967,D
381536,19.2967,D
381537,19.2967,D
381537,19.2967,D
381644,19.2967,D
381644,19.2967,D
381754,19.2967,D
381754,19.2967,D
381863,19.2967,D
381863,19.2967,D
381863,19.2967,D
381971,19.2967,D
381971,19.2967,D
382079,19.2967,D
382079,19.2967,D
382079,19.2967,D
382189,19.2967,D
382189,19.2967,D
382298,19.2967,D
382298,19.2967,D
382298,19.2967,D
382408,19.2967,D
382408,19.2967,D
382517,19.2967,D
382517,19.2967,D
382517,19.2967,D
382626,19.2967,D
382626,19.2968,D
382735,19.3348,D
382735,19.3408,D
382735,19.3413,D
382843,19.3411,D
382843,19.3404,D
382959,19.3399,D
382959,19.3394,D
382959,19.3390,D
383070,19.3388,D
383071,19.3385,D
383071,19.3383,D
383183,19.3380,D
383183,19.3379,D
383295,19.3377,D
383295,19.3376,D
383295,19.3375,D
383406,19.3374,D
383407,19.3374,D
383518,19.3372,D
383518,19.3371,D
383631,19.3370,D
383631,19.3370,D
383631,19.3370,D
383743,19.3370,D
383743,19.3370,D
383743,19.3370,D
383853,19.3369,D
383853,19.3369,D
383853,19.3369,D
383965,19.3369,D
383965,19.3369,D
384077,19.3369,D
384077,19.3369,D
384077,19.3369,D
384188,19.3369,D
384188,19.3368,D
384300,19.3368,D
384300,19.3368,D
384412,19.3368,D
384412,19.3368,D
384412,19.3368,D
384523,19.3368,D
384523,19.3368,D
384523,19.3368,D
384634,19.3368,D
384635,19.3368,D
384747,19.3368,D
384747,19.3368,D
384747,19.3368,D
384859,19.3368,D
384859,19.3368,D
384859,19.3368,D
384971,19.3368,D
384971,19.3368,D
385082,19.3368,D
385082,19.3368,D
385194,19.3368,D
385194,19.3368,D
385194,19.3368,D
385305,19.3368,D
385305,19.3368,D
385305,19.3368,D
385417,19.3368,D
385417,19.3368,D
385531,19.3368,D
385531,19.3368,D
385531,19.3367,D
385642,19.3367,D
385642,19.3367,D
385643,19.3367,D
385755,19.3367,D
385755,19.3367,D
385866,19.3367,D
385867,19.3367,D
385979,19.3746,D
385979,19.3805,D
385979,19.3811,D
386091,19.3808,D
386091,19.3801,D
386091,19.3796,D
386203,19.3791,D
386204,19.3788,D
386316,19.3785,D
386316,19.3782,D
386316,19.3780,D
386427,19.3777,D
386427,19.3775,D
386539,19.3774,D
386539,19.3773,D
386539,19.3771,D
386652,19.3770,D
386652,19.3770,D
386765,19.3768,D
386765,19.3766,D
386765,19.3765,D
386877,19.3765,D
386877,19.3765,D
386877,19.3765,D
386989,19.3764,D
386989,19.3764,D
387098,19.3764,D
387098,19.3764,D
387098,19.3764,D
387207,19.3764,D
387208,19.3764,D
387317,19.3764,D
387317,19.3764,D
387317,19.3764,D
387427,19.3764,D
387427,19.3764,D
387534,19.3764,D
387534,19.3764,D
387534,19.3764,D
387643,19.3764,D
387643,19.3764,D
387752,19.3764,D
387752,19.3764,D
387752,19.3764,D
387862,19.3764,D
387862,19.3764,D
387970,19.3764,D
387970,19.3764,D
388079,19.3764,D
388079,19.3764,D
388079,19.3764,D
388187,19.3764,D
388187,19.3764,D
388187,19.3764,D
388296,19.3764,D
388296,19.3764,D
388404,19.3764,D
388404,19.3764,D
388404,19.3764,D
388512,19.3764,D
388512,19.3764,D
388621,19.3764,D
388621,19.3764,D
388621,19.3764,D
388730,19.3764,D
388730,19.3764,D
388838,19.3764,D
388838,19.3764,D
388838,19.3764,D
388943,19.3764,D
388943,19.3764,D
389055,19.3764,D
389055,19.3764,D
389055,19.3764,D
389167,19.4172,D
389167,19.4208,D
389278,19.4211,D
389279,19.4208,D
389390,19.4202,D
389390,19.4196,D
389390,19.4192,D
389503,19.4188,D
389503,19.4185,D
389503,19.4183,D
389614,19.4181,D
389614,19.4178,D
389727,19.4177,D
389727,19.4175,D
389727,19.4174,D
389838,19.4173,D
389838,19.4172,D
389838,19.4172,D
389950,19.4171,D
389950,19.4169,D
390062,19.4168,D
390062,19.4168,D
390174,19.4168,D
390174,19.4168,D
390174,19.4167,D
390286,19.4167,D
390286,19.4167,D
390286,19.4167,D
390398,19.4167,D
390398,19.4167,D
390511,19.4166,D
390511,19.4166,D
390511,19.4166,D
390623,19.4166,D
390623,19.4166,D
390734,19.4166,D
390734,19.4166,D
390734,19.4166,D
390845,19.4166,D
390845,19.4166,D
390956,19.4166,D
390956,19.4166,D
390956,19.4166,D
391065,19.4166,D
391065,19.4166,D
391065,19.4166,D
391174,19.4166,D
391174,19.4166,D
391284,19.4165,D
391284,19.4165,D
391284,19.4165,D
391394,19.4165,D
391394,19.4165,D
391503,19.4165,D
391503,19.4165,D
391503,19.4165,D
391612,19.4165,D
391612,19.4165,D
391721,19.4165,D
391721,19.4165,D
391721,19.4165,D
391829,19.4165,D
391829,19.4165,D
391938,19.4165,D
391938,19.4165,D
391938,19.4165,D
392047,19.4165,D
392047,19.4165,D
392157,19.4165,D
392157,19.4165,D
392266,19.4165,D
392266,19.4165,D
392266,19.4165,D
392373,19.4190,D
392373,19.4602,D
392483,19.4612,D
392483,19.4612,D
392483,19.4608,D
392590,19.4601,D
392590,19.4596,D
392590,19.4592,D
392699,19.4588,D
392699,19.4586,D
392807,19.4583,D
392808,19.4581,D
392808,19.4579,D
392912,19.4577,D
392912,19.4575,D
393024,19.4574,D
393024,19.4573,D
393136,19.4573,D
393136,19.4572,D
393136,19.4571,D
393247,19.4569,D
393248,19.4569,D
393248,19.4569,D
393360,19.4569,D
393360,19.4569,D
393472,19.4568,D
393472,19.4568,D
393584,19.4568,D
393584,19.4568,D
393584,19.4568,D
393696,19.4568,D
393697,19.4568,D
393697,19.4567,D
393808,19.4567,D
393809,19.4567,D
393920,19.4567,D
393920,19.4567,D
393920,19.4567,D
394032,19.4567,D
394032,19.4567,D
394032,19.4567,D
394144,19.4567,D
394144,19.4567,D
394255,19.4567,D
394255,19.4567,D
394367,19.4566,D
394367,19.4566,D
394367,19.4566,D
394479,19.4566,D
394479,19.4566,D
394479,19.4566,D
394591,19.4566,D
394591,19.4566,D
394702,19.4566,D
394703,19.4566,D
394703,19.4566,D
394814,19.4565,D
394814,19.4565,D
394926,19.4565,D
394926,19.4565,D
394926,19.4565,D
395037,19.4565,D
395037,19.4565,D
395146,19.4565,D
395146,19.4564,D
395146,19.4564,D
395255,19.4564,D
395255,19.4564,D
395363,19.4564,D
395363,19.4564,D
395363,19.4564,D
395472,19.4564,D
395472,19.4563,D
395472,19.4563,D
395580,19.4588,D
395580,19.4995,D
395689,19.5004,D
395689,19.5004,D
395689,19.5000,D
395799,19.4993,D
395799,19.4987,D
395907,19.4983,D
395907,19.4980,D
396015,19.4977,D
396015,19.4974,D
396015,19.4972,D
396124,19.4970,D
396124,19.4968,D
396233,19.4967,D
396233,19.4965,D
396233,19.4964,D
396340,19.4964,D
396340,19.4963,D
396451,19.4961,D
396451,19.4960,D
396451,19.4959,D
396559,19.4959,D
396559,19.4959,D
396669,19.4959,D
396669,19.4959,D
396669,19.4959,D
396779,19.4959,D
396779,19.4959,D
396888,19.4959,D
396888,19.4959,D
396888,19.4959,D
396995,19.4960,D
396995,19.4960,D
397103,19.4960,D
397103,19.4960,D
397103,19.4960,D
397213,19.4961,D
397213,19.4961,D
397322,19.4961,D
397322,19.4961,D
397322,19.4961,D
397430,19.4961,D
397430,19.4962,D
397539,19.4962,D
397539,19.4962,D
397539,19.4962,D
397648,19.4962,D
397648,19.4962,D
397757,19.4962,D
397758,19.4962,D
397758,19.4962,D
397867,19.4962,D
397867,19.4962,D
397976,19.4962,D
397976,19.4962,D
397976,19.4962,D
398086,19.4962,D
398086,19.4962,D
398196,19.4962,D
398196,19.4962,D
398196,19.4962,D
398306,19.4962,D
398306,19.4962,D
398416,19.4962,D
398416,19.4961,D
398416,19.4961,D
398526,19.4961,D
398526,19.4961,D
398635,19.4961,D
398636,19.4961,D
398636,19.4961,D
398744,19.4961,D
398744,19.4961,D
398852,19.4961,D
398852,19.5394,D
398852,19.5403,D
398959,19.5404,D
398960,19.5399,D
399072,19.5393,D
399072,19.5387,D
399072,19.5383,D
399183,19.5379,D
399183,19.5376,D
399295,19.5374,D
399295,19.5372,D
399295,19.5369,D
399408,19.5368,D
399408,19.5366,D
399408,19.5365,D
399520,19.5364,D
399520,19.5363,D
399631,19.5363,D
399631,19.5361,D
399631,19.5360,D
399743,19.5360,D
399744,19.5360,D
399854,19.5360,D
399855,19.5360,D
399855,19.5360,D
399967,19.5359,D
399967,19.5359,D
400079,19.5359,D
400079,19.5359,D
400079,19.5359,D
400190,19.5359,D
400190,19.5359,D
400190,19.5359,D
400294,19.5359,D
400294,19.5359,D
400407,19.5359,D
400407,19.5359,D
400407,19.5359,D
400520,19.5359,D
400520,19.5359,D
400631,19.5359,D
400631,19.5359,D
400631,19.5359,D
400744,19.5359,D
400744,19.5359,D
400857,19.5359,D
400857,19.5359,D
400857,19.5359,D
400967,19.5359,D
400967,19.5359,D
401076,19.5359,D
401076,19.5359,D
401076,19.5359,D
401184,19.5359,D
401184,19.5359,D
401293,19.5359,D
401293,19.5359,D
401293,19.5359,D
401402,19.5359,D
401402,19.5359,D
401511,19.5359,D
401511,19.5359,D
401511,19.5359,D
401619,19.5359,D
401619,19.5359,D
401728,19.5359,D
401728,19.5359,D
401728,19.5359,D
401836,19.5359,D
401836,19.5359,D
401946,19.5359,D
401946,19.5359,D
401946,19.5359,D
402056,19.5359,S
402056,19.5794,D
402164,19.5804,D
402165,19.5805,D
402165,19.5800,D
402274,19.5794,D
402274,19.5788,D
402384,19.5784,D
402384,19.5781,D
402493,19.5778,D
402493,19.5775,D
402493,19.5773,D
402600,19.5771,D
402601,19.5769,D
402601,19.5768,D
402709,19.5766,D
402709,19.5765,D
402820,19.5765,D
402820,19.5764,D
402820,19.5763,D
402927,19.5761,D
402927,19.5761,D
403039,19.5761,D
403039,19.5761,D
403040,19.5760,D
403151,19.5760,D
403151,19.5760,D
403262,19.5760,D
403262,19.5760,D
403262,19.5760,D
403373,19.5760,D
403373,19.5760,D
403485,19.5759,D
403485,19.5759,D
403485,19.5759,D
403598,19.5759,D
403598,19.5759,D
403598,19.5759,D
403710,19.5759,D
403710,19.5759,D
403822,19.5759,D
403822,19.5759,D
403822,19.5759,D
403934,19.5759,D
403934,19.5759,D
404046,19.5759,D
404046,19.5758,D
404046,19.5758,D
404157,19.5758,D
404157,19.5758,D
404269,19.5758,D
404269,19.5758,D
404269,19.5758,D
404380,19.5758,D
404381,19.5758,D
404493,19.5758,D
404493,19.5758,D
404604,19.5758,D
404604,19.5758,D
404604,19.5758,D
404604,19.5758,D
404716,19.5758,D
404716,19.5758,D
404827,19.5758,D
404827,19.5758,D
404827,19.5758,D
404941,19.5758,D
404941,19.5758,D
405051,19.5758,D
405051,19.5758,D
405051,19.5757,D
405161,19.5757,D
405161,19.5757,D
405270,19.5757,D
405270,19.5832,D
405379,19.6192,D
405379,19.6200,D
405379,19.6200,D
405488,19.6195,D
405488,19.6189,D
405488,19.6184,D
405597,19.6179,D
405597,19.6176,D
405708,19.6174,D
405709,19.6171,D
405709,19.6169,D
405818,19.6166,D
405818,19.6165,D
405926,19.6163,D
405926,19.6162,D
405926,19.6161,D
406036,19.6160,D
406036,19.6160,D
406145,19.6158,D
406145,19.6157,D
406145,19.6156,D
406253,19.6156,D
406253,19.6156,D
406361,19.6155,D
406361,19.6155,D
406361,19.6155,D
406470,19.6155,D
406470,19.6155,D
406578,19.6155,D
406578,19.6155,D
406688,19.6155,D
406688,19.6155,D
406688,19.6155,D
406799,19.6155,D
406799,19.6155,D
406799,19.6155,D
406908,19.6155,D
406908,19.6155,D
407017,19.6155,D
407017,19.6155,D
407017,19.6155,D
407128,19.6155,D
407128,19.6155,D
407237,19.6155,D
407237,19.6154,D
407237,19.6154,D
407346,19.6154,D
407346,19.6154,D
407455,19.6154,D
407455,19.6154,D
407455,19.6154,D
407564,19.6154,D
407564,19.6154,D
407671,19.6154,D
407671,19.6154,D
407671,19.6154,D
407779,19.6154,D
407779,19.6154,D
407779,19.6154,D
407888,19.6154,D
407998,19.6154,D
407998,19.6154,D
407998,19.6154,D
408105,19.6154,D
408105,19.6154,D
408105,19.6154,D
408214,19.6154,D
408214,19.6154,D
408324,19.6154,D
408324,19.6154,D
408324,19.6154,D
408432,19.6154,D
408432,19.6154,D
408540,19.6228,D
408540,19.6588,D
408651,19.6597,D
408651,19.6597,D
408651,19.6592,D
408758,19.6585,D
408759,19.6580,D
408759,19.6576,D
408868,19.6573,D
408868,19.6570,D
408974,19.6568,D
408974,19.6565,D
408974,19.6563,D
409086,19.6561,D
409086,19.6560,D
409198,19.6559,D
409198,19.6558,D
409198,19.6557,D
409311,19.6556,D
409311,19.6555,D
409422,19.6554,D
409422,19.6553,D
409423,19.6553,D
409536,19.6553,D
409536,19.6553,D
409648,19.6552,D
409648,19.6552,D
409648,19.6552,D
409760,19.6552,D
409760,19.6552,D
409872,19.6552,D
409872,19.6552,D
409872,19.6552,D
409984,19.6552,D
409984,19.6552,D
410095,19.6552,D
410096,19.6552,D
410096,19.6552,D
410096,19.6552,D
410207,19.6552,D
410207,19.6552,D
410320,19.6552,D
410320,19.6552,D
410432,19.6551,D
410432,19.6551,D
410432,19.6551,D
410545,19.6551,D
410545,19.6551,D
410545,19.6551,D
410657,19.6551,D
410657,19.6551,D
410769,19.6551,D
410769,19.6551,D
410881,19.6551,D
410881,19.6551,D
410881,19.6551,D
410989,19.6551,D
410989,19.6551,D
410989,19.6551,D
411101,19.6551,D
411101,19.6551,D
411211,19.6551,D
411211,19.6551,D
411211,19.6551,D
411319,19.6551,D
411320,19.6551,D
411427,19.6551,D
411427,19.6551,D
411427,19.6551,D
411536,19.6551,D
411536,19.6551,D
411646,19.6551,D
411646,19.6551,D
411646,19.6551,D
411755,19.6551,D
411755,19.6958,D
411863,19.6993,D
411863,19.6995,D
411863,19.6992,D
411973,19.6985,D
411973,19.6980,D
412081,19.6975,D
412081,19.6972,D
412191,19.6969,D
412191,19.6966,D
412191,19.6964,D
412300,19.6962,D
412301,19.6960,D
412301,19.6959,D
412411,19.6957,D
412411,19.6956,D
412520,19.6956,D
412520,19.6955,D
412520,19.6954,D
412631,19.6952,D
412631,19.6952,D
412741,19.6952,D
412741,19.6952,D
412741,19.6951,D
412850,19.6951,D
412850,19.6951,D
412959,19.6951,D
412959,19.6951,D
412959,19.6951,D
413071,19.6951,D
413071,19.6951,D
413183,19.6950,D
413183,19.6950,D
413183,19.6950,D
413295,19.6950,D
413295,19.6950,D
413295,19.6950,D
413407,19.6950,D
413407,19.6950,D
413519,19.6950,D
413519,19.6950,D
413519,19.6950,D
413631,19.6950,D
413631,19.6950,D
413743,19.6950,D
413744,19.6950,D
413744,19.6950,D
413856,19.6950,D
413856,19.6950,D
413967,19.6950,D
413967,19.6950,D
413967,19.6950,D
414078,19.6950,D
414078,19.6950,D
414189,19.6950,D
414189,19.6950,D
414189,19.6950,D
414301,19.6950,D
414301,19.6950,D
414301,19.6950,D
414413,19.6950,D
414413,19.6949,D
414524,19.6949,D
414524,19.6949,D
414524,19.6949,D
414635,19.6949,D
414635,19.6949,D
414742,19.6949,D
414742,19.6949,D
414742,19.6949,D
414850,19.6949,D
414851,19.6949,D
414961,19.6949,D
414961,19.6949,D
415072,19.7300,D
415072,19.7385,D
415072,19.7392,D
415181,19.7390,D
415181,19.7384,D
415181,19.7378,D
415290,19.7373,D
415290,19.7370,D
415398,19.7367,D
415398,19.7364,D
415506,19.7362,D
415506,19.7360,D
415506,19.7358,D
415616,19.7357,D
415616,19.7355,D
415616,19.7354,D
415725,19.7354,D
415725,19.7353,D
415834,19.7352,D
415834,19.7350,D
415834,19.7350,D
415943,19.7349,D
415943,19.7349,D
416051,19.7349,D
416052,19.7349,D
416052,19.7349,D
416161,19.7349,D
416161,19.7349,D
416270,19.7349,D
416270,19.7349,D
416379,19.7349,D
416379,19.7348,D
416379,19.7348,D
416489,19.7348,D
416489,19.7348,D
416489,19.7348,D
416598,19.7348,D
416598,19.7348,D
416706,19.7348,D
416706,19.7348,D
416706,19.7348,D
416817,19.7348,D
416817,19.7348,D
416927,19.7348,D
416927,19.7348,D
416927,19.7348,D
417038,19.7348,D
417038,19.7348,D
417151,19.7348,D
417151,19.7348,D
417151,19.7348,D
417263,19.7348,D
417263,19.7348,D
417375,19.7348,D
417375,19.7347,D
417375,19.7347,D
417487,19.7347,D
417487,19.7347,D
417598,19.7347,D
417598,19.7347,D
417598,19.7347,D
417710,19.7347,D
417710,19.7347,D
417710,19.7347,D
417822,19.7347,D
417822,19.7347,D
417934,19.7347,D
417934,19.7347,D
417934,19.7347,D
418046,19.7347,D
418046,19.7347,D
418157,19.7347,D
418158,19.7347,D
418158,19.7347,D
418270,19.7697,D
418270,19.7783,D
418382,19.7791,D
418382,19.7789,D
418382,19.7781,D
418494,19.7775,D
418494,19.7771,D
418494,19.7768,D
418605,19.7765,D
418605,19.7762,D
418717,19.7760,D
418717,19.7758,D
418717,19.7756,D
418830,19.7754,D
418830,19.7753,D
418941,19.7752,D
418941,19.7751,D
418941,19.7751,D
419049,19.7750,D
419050,19.7748,D
419158,19.7747,D
419158,19.7747,D
419267,19.7747,D
419268,19.7747,D
419268,19.7746,D
419376,19.7746,D
419376,19.7746,D
419376,19.7746,D
419486,19.7746,D
419486,19.7746,D
419594,19.7746,D
419594,19.7746,D
419594,19.7746,D
419705,19.7746,D
419705,19.7746,D
419814,19.7746,D
419814,19.7746,D
419814,19.7745,D
419923,19.7745,D
419924,19.7745,D
420034,19.7745,D
420034,19.7745,D
420034,19.7745,D
420144,19.7745,D
420144,19.7745,D
420254,19.7745,D
420254,19.7745,D
420254,19.7745,D
420365,19.7745,D
420365,19.7745,D
420474,19.7745,D
420474,19.7745,D
420474,19.7745,D
420583,19.7745,D
420583,19.7745,D
420692,19.7745,D
420692,19.7745,D
420692,19.7745,D
420802,19.7745,D
420802,19.7745,D
420911,19.7745,D
420911,19.7745,D
420911,19.7745,D
421022,19.7744,D
421022,19.7744,D
421134,19.7744,D
421134,19.7744,D
421134,19.7744,D
421247,19.7744,D
421247,19.7744,D
421358,19.7744,D
421358,19.7744,D
421358,19.7744,D
421471,19.7744,D
421471,19.8151,D
421471,19.8188,D
421584,19.8191,D
421584,19.8187,D
421697,19.8179,D
421697,19.8173,D
421697,19.8169,D
421810,19.8166,D
421810,19.8163,D
421923,19.8161,D
421923,19.8158,D
421923,19.8156,D
422037,19.8154,D
422037,19.8153,D
422149,19.8152,D
422149,19.8151,D
422149,19.8150,D
422261,19.8149,D
422261,19.8148,D
422261,19.8146,D
422372,19.8146,D
422372,19.8146,D
422483,19.8146,D
422483,19.8146,D
422483,19.8146,D
422596,19.8145,D
422596,19.8145,D
422709,19.8145,D
422709,19.8145,D
422709,19.8145,D
422823,19.8145,D
422823,19.8145,D
422935,19.8145,D
422935,19.8145,D
422935,19.8145,D
423045,19.8145,D
423045,19.8145,D
423045,19.8145,D
423156,19.8144,D
423157,19.8144,D
423266,19.8144,D
423266,19.8144,D
423266,19.8144,D
423375,19.8144,D
423375,19.8144,D
423486,19.8144,D
423487,19.8144,D
423487,19.8143,D
423596,19.8143,D
423596,19.8143,D
423707,19.8143,D
423708,19.8143,D
423708,19.8143,D
423817,19.8143,D
423817,19.8143,D
423927,19.8143,D
423927,19.8143,D
423927,19.8143,D
424036,19.8143,D
424036,19.8143,D
424148,19.8143,D
424148,19.8143,D
424148,19.8143,D
424257,19.8143,D
424257,19.8143,D
424367,19.8143,D
424368,19.8143,D
424368,19.8143,D
424477,19.8143,D
424477,19.8143,D
424587,19.8143,D
424587,19.8143,D
424587,19.8143,D
424696,19.8143,D
424696,19.8410,D
424696,19.8580,D
424806,19.8587,D
424806,19.8586,D
424912,19.8580,D
424912,19.8574,D
425025,19.8569,D
425025,19.8566,D
425025,19.8562,D
425138,19.8560,D
425138,19.8557,D
425138,19.8555,D
425250,19.8553,D
425250,19.8552,D
425363,19.8551,D
425363,19.8550,D
425363,19.8549,D
425476,19.8548,D
425476,19.8548,D
425589,19.8545,D
425589,19.8545,D
425589,19.8545,D
425702,19.8544,D
425702,19.8544,D
425814,19.8544,D
425814,19.8543,D
425814,19.8543,D
425928,19.8543,D
425928,19.8543,D
425928,19.8543,D
426040,19.8543,D
426041,19.8543,D
426153,19.8543,D
426153,19.8543,D
426153,19.8543,D
426266,19.8543,D
426266,19.8543,D
426378,19.8543,D
426378,19.8543,D
426378,19.8543,D
426489,19.8543,D
426489,19.8543,D
426602,19.8543,D
426602,19.8543,D
426602,19.8543,D
426713,19.8543,D
426713,19.8543,D
426713,19.8542,D
426826,19.8542,D
426826,19.8542,D
426937,19.8542,D
426937,19.8542,D
426937,19.8542,D
427046,19.8542,D
427046,19.8542,D
427155,19.8542,D
427156,19.8542,D
427156,19.8542,D
427264,19.8542,D
427265,19.8542,D
427374,19.8542,D
427374,19.8542,D
427374,19.8542,D
427484,19.8542,D
427484,19.8542,D
427595,19.8542,D
427595,19.8542,D
427595,19.8542,D
427705,19.8542,D
427705,19.8542,D
427815,19.8542,D
427815,19.8542,D
427815,19.8542,D
427923,19.8542,D
427923,19.8725,D
428034,19.8978,D
428034,19.8986,D
428034,19.8986,D
428144,19.8980,D
428144,19.8974,D
428254,19.8969,D
428254,19.8965,D
428254,19.8962,D
428365,19.8960,D
428365,19.8957,D
428365,19.8954,D
428475,19.8952,D
428475,19.8951,D
428586,19.8950,D
428586,19.8949,D
428694,19.8948,D
428694,19.8947,D
428694,19.8946,D
428804,19.8945,D
428804,19.8944,D
428804,19.8944,D
428911,19.8944,D
428911,19.8944,D
429023,19.8943,D
429023,19.8943,D
429023,19.8943,D
429137,19.8943,D
429137,19.8943,D
429250,19.8943,D
429250,19.8943,D
429250,19.8943,D
429362,19.8943,D
429362,19.8943,D
429475,19.8943,D
429475,19.8943,D
429475,19.8943,D
429586,19.8943,D
429586,19.8943,D
429698,19.8943,D
429698,19.8943,D
429698,19.8943,D
429810,19.8942,D
429810,19.8942,D
429810,19.8942,D
429921,19.8942,D
429921,19.8942,D
430033,19.8942,D
430033,19.8942,D
430033,19.8942,D
430146,19.8942,D
430146,19.8942,D
430258,19.8942,D
430258,19.8942,D
430258,19.8942,D
430371,19.8942,D
430371,19.8942,D
430484,19.8942,D
430484,19.8942,D
430484,19.8942,D
430596,19.8942,D
430596,19.8942,D
430596,19.8942,D
430709,19.8942,D
430709,19.8942,D
430821,19.8942,D
430821,19.8942,D
430821,19.8942,D
430933,19.8942,D
430933,19.8942,D
431044,19.8942,D
431044,19.8942,D
431044,19.8942,D
431155,19.8942,D
431155,19.9097,D
431265,19.9377,D
431266,19.9385,D
431266,19.9385,D
431376,19.9379,D
431376,19.9373,D
431486,19.9368,D
431486,19.9364,D
431486,19.9361,D
431597,19.9358,D
431597,19.9355,D
431597,19.9353,D
431707,19.9351,D
431707,19.9349,D
431816,19.9348,D
431816,19.9347,D
431925,19.9346,D
431925,19.9345,D
431925,19.9345,D
432035,19.9343,D
432035,19.9342,D
432035,19.9342,D
432145,19.9342,D
432145,19.9342,D
432254,19.9342,D
432255,19.9341,D
432366,19.9341,D
432366,19.9341,D
432366,19.9341,D
432477,19.9341,D
432477,19.9341,D
432477,19.9341,D
432586,19.9341,D
432587,19.9341,D
432696,19.9341,D
432696,19.9341,D
432696,19.9341,D
432806,19.9341,D
432806,19.9341,D
432911,19.9341,D
432911,19.9341,D
432911,19.9341,D
433024,19.9341,D
433024,19.9341,D
433137,19.9341,D
433137,19.9341,D
433137,19.9341,D
433248,19.9341,D
433248,19.9341,D
433359,19.9341,D
433359,19.9341,D
433359,19.9341,D
433473,19.9341,D
433473,19.9341,D
433584,19.9341,D
433585,19.9340,D
433585,19.9340,D
433697,19.9340,D
433697,19.9340,D
433697,19.9340,D
433809,19.9340,D
433809,19.9340,D
433922,19.9340,D
433922,19.9340,D
433922,19.9340,D
434034,19.9340,D
434034,19.9340,D
434034,19.9340,D
434146,19.9340,D
434146,19.9340,D
434257,19.9340,D
434258,19.9340,D
434369,19.9340,D
434369,19.9340,D
434481,19.9522,D
434481,19.9774,D
434481,19.9781,D
434481,19.9781,D
434594,19.9775,D
434595,19.9769,D
434708,19.9765,D
434708,19.9761,D
434708,19.9757,D
434820,19.9755,D
434820,19.9752,D
434931,19.9750,D
434931,19.9747,D
434931,19.9746,D
435041,19.9744,D
435041,19.9743,D
435151,19.9742,D
435151,19.9741,D
435261,19.9740,D
435261,19.9738,D
435261,19.9737,D
435370,19.9736,D
435370,19.9736,D
435370,19.9736,D
435479,19.9735,D
435480,19.9735,D
435589,19.9735,D
435589,19.9735,D
435589,19.9735,D
435698,19.9735,D
435698,19.9735,D
435808,19.9735,D
435808,19.9735,D
435808,19.9735,D
435918,19.9735,D
435918,19.9735,D
436028,19.9735,D
436028,19.9735,D
436028,19.9735,D
436139,19.9735,D
436139,19.9735,D
436251,19.9735,D
436251,19.9734,D
436251,19.9734,D
436362,19.9734,D
436362,19.9734,D
436471,19.9734,D
436472,19.9734,D
436472,19.9734,D
436582,19.9734,D
436582,19.9734,D
436582,19.9734,D
436692,19.9734,D
436692,19.9734,D
436801,19.9734,D
436801,19.9734,D
436801,19.9734,D
436911,19.9734,D
436912,19.9734,D
437024,19.9734,D
437024,19.9734,D
437024,19.9734,D
437136,19.9734,D
437136,19.9734,D
437250,19.9734,D
437250,19.9734,D
437250,19.9734,D
437362,19.9734,D
437363,19.9734,D
437476,19.9734,D
437476,19.9734,D
437476,19.9734,D
437590,19.9734,D
437590,19.9734,D
437590,19.9808,D
437702,20.0166,D
437702,20.0175,D
437814,20.0178,D
437814,20.0172,D
437926,20.0168,D
437926,20.0164,D
438038,20.0160,D
438038,20.0156,D
438038,20.0153,D
438150,20.0149,D
438150,20.0146,D
438150,20.0144,D
438263,20.0142,D
438263,20.0141,D
438375,20.0139,D
438375,20.0138,D
438375,20.0138,D
438487,20.0137,D
438487,20.0136,D
438599,20.0135,D
438599,20.0135,D
438599,20.0135,D
438712,20.0135,D
438712,20.0135,D
438825,20.0135,D
438825,20.0135,D
438825,20.0135,D
438937,20.0135,D
438937,20.0135,D
438937,20.0135,D
439046,20.0136,D
439046,20.0136,D
439155,20.0136,D
439155,20.0136,D
439155,20.0136,D
439265,20.0136,D
439265,20.0137,D
439376,20.0137,D
439376,20.0137,D
439376,20.0137,D
439484,20.0137,D
439484,20.0137,D
439592,20.0137,D
439593,20.0137,D
439702,20.0137,D
439702,20.0137,D
439702,20.0137,D
439811,20.0137,D
439811,20.0137,D
439921,20.0137,D
439921,20.0137,D
439921,20.0137,D
440029,20.0137,D
440029,20.0137,D
440139,20.0137,D
440139,20.0137,D
440139,20.0137,D
440248,20.0137,D
440248,20.0137,D
440248,20.0137,D
440357,20.0137,D
440358,20.0137,D
440466,20.0137,D
440466,20.0137,D
440466,20.0137,D
440576,20.0137,D
440576,20.0137,D
440685,20.0137,D
440685,20.0137,D
440685,20.0137,D
440796,20.0137,D
440796,20.0137,D
440911,20.0137,D
440911,20.0459,D
441024,20.0577,D
441024,20.0582,D
441024,20.0581,D
441136,20.0575,D
441136,20.0569,D
441136,20.0565,D
441248,20.0561,D
441248,20.0558,D
441359,20.0555,D
441359,20.0553,D
441359,20.0551,D
441471,20.0549,D
441471,20.0547,D
441471,20.0546,D
441585,20.0545,D
441585,20.0544,D
441697,20.0543,D
441697,20.0541,D
441809,20.0540,D
441809,20.0540,D
441809,20.0540,D
441921,20.0540,D
441921,20.0540,D
441921,20.0539,D
442034,20.0539,D
442034,20.0539,D
442147,20.0539,D
442147,20.0539,D
442147,20.0539,D
442259,20.0539,D
442259,20.0539,D
442259,20.0539,D
442371,20.0539,D
442371,20.0539,D
442483,20.0539,D
442483,20.0539,D
442595,20.0539,D
442595,20.0539,D
442595,20.0539,D
442707,20.0539,D
442707,20.0539,D
442707,20.0539,D
442819,20.0538,D
442819,20.0538,D
442930,20.0538,D
442931,20.0538,D
442931,20.0538,D
443040,20.0538,D
443040,20.0538,D
443150,20.0538,D
443151,20.0538,D
443151,20.0538,D
443260,20.0538,D
443260,20.0538,D
443370,20.0538,D
443370,20.0538,D
443370,20.0538,D
443480,20.0538,D
443480,20.0538,D
443480,20.0538,D
443588,20.0538,D
443588,20.0538,D
443696,20.0538,D
443696,20.0538,D
443806,20.0538,D
443806,20.0538,D
443806,20.0538,D
443916,20.0538,D
443916,20.0538,D
444025,20.0538,D
444025,20.0538,D
444025,20.0537,D
444134,20.0537,D
444134,20.0775,D
444134,20.0972,D
444243,20.0980,D
444243,20.0980,D
444355,20.0974,D
444355,20.0968,D
444355,20.0964,D
444465,20.0960,D
444465,20.0957,D
444574,20.0954,D
444574,20.0951,D
444684,20.0949,D
444684,20.0947,D
444684,20.0945,D
444794,20.0944,D
444794,20.0943,D
444794,20.0942,D
444895,20.0941,D
445007,20.0938,D
445008,20.0938,D
445120,20.0938,D
445120,20.0938,D
445120,20.0938,D
445232,20.0937,D
445232,20.0937,D
445232,20.0937,D
445345,20.0937,D
445345,20.0937,D
445458,20.0937,D
445458,20.0937,D
445458,20.0937,D
445570,20.0937,D
445570,20.0937,D
445682,20.0937,D
445683,20.0937,D
445683,20.0937,D
445794,20.0937,D
445795,20.0936,D
445795,20.0936,D
445908,20.0936,D
445908,20.0936,D
446019,20.0936,D
446020,20.0936,D
446020,20.0936,D
446132,20.0936,D
446132,20.0936,D
446245,20.0936,D
446245,20.0936,D
446245,20.0936,D
446358,20.0936,D
446358,20.0936,D
446470,20.0936,D
446470,20.0936,D
446470,20.0936,D
446581,20.0936,D
446582,20.0936,D
446582,20.0936,D
446695,20.0936,D
446695,20.0936,D
446807,20.0936,D
446807,20.0936,D
446807,20.0936,D
446918,20.0936,D
446918,20.0935,D
447029,20.0935,D
447029,20.0935,D
447029,20.0935,D
447138,20.0935,D
447139,20.0935,D
447249,20.0935,D
447249,20.0935,D
447249,20.0935,D
447358,20.0935,D
447358,20.1145,D
447468,20.1369,D
447468,20.1376,D
447468,20.1376,D
447578,20.1370,D
447578,20.1364,D
447688,20.1360,D
447688,20.1356,D
447688,20.1353,D
447798,20.1350,D
447798,20.1348,D
447907,20.1345,D
447907,20.1343,D
447907,20.1342,D
448016,20.1340,D
448016,20.1339,D
448127,20.1338,D
448127,20.1338,D
448127,20.1337,D
448235,20.1335,D
448236,20.1334,D
448345,20.1334,D
448345,20.1333,D
448345,20.1332,D
448454,20.1332,D
448454,20.1332,D
448563,20.1332,D
448563,20.1332,D
448563,20.1332,D
448673,20.1332,D
448673,20.1332,D
448784,20.1332,D
448784,20.1332,D
448784,20.1331,D
448895,20.1331,D
448896,20.1331,D
449008,20.1331,D
449008,20.1331,D
449008,20.1331,D
449121,20.1331,D
449121,20.1331,D
449121,20.1331,D
449232,20.1331,D
449233,20.1331,D
449345,20.1331,D
449345,20.1331,D
449345,20.1331,D
449460,20.1331,D
449460,20.1331,D
449572,20.1331,D
449573,20.1331,D
449573,20.1330,D
449684,20.1330,D
449684,20.1330,D
449684,20.1330,D
449797,20.1330,D
449797,20.1330,D
449910,20.1330,D
449910,20.1330,D
449910,20.1330,D
450024,20.1330,D
450024,20.1330,D
450135,20.1330,D
450135,20.1330,D
450135,20.1330,D
450248,20.1330,D
450248,20.1329,D
450360,20.1329,D
450360,20.1329,D
450360,20.1329,D
450473,20.1329,D
450473,20.1329,D
450473,20.1329,D
450584,20.1329,D
450584,20.1403,D
450698,20.1764,D
450698,20.1772,D
450698,20.1773,D
450809,20.1768,D
450809,20.1762,D
450922,20.1757,D
450922,20.1753,D
450922,20.1750,D
451032,20.1747,D
451033,20.1745,D
451142,20.1742,D
451142,20.1741,D
451250,20.1739,D
451250,20.1738,D
451250,20.1737,D
451359,20.1736,D
451359,20.1735,D
451359,20.1734,D
451469,20.1733,D
451469,20.1732,D
451578,20.1732,D
451578,20.1731,D
451578,20.1731,D
451689,20.1731,D
451689,20.1731,D
451798,20.1731,D
451798,20.1731,D
451798,20.1731,D
451908,20.1731,D
451908,20.1731,D
452018,20.1731,D
452018,20.1731,D
452018,20.1730,D
452126,20.1730,D
452126,20.1730,D
452235,20.1730,D
452235,20.1730,D
452235,20.1730,D
452343,20.1730,D
452344,20.1730,D
452453,20.1730,D
452454,20.1729,D
452454,20.1729,D
452561,20.1729,D
452561,20.1729,D
452673,20.1729,D
452673,20.1729,D
452673,20.1729,D
452782,20.1729,D
452782,20.1729,D
452895,20.1729,D
452895,20.1729,D
452895,20.1729,D
453006,20.1729,D
453007,20.1729,D
453007,20.1728,D
453119,20.1728,D
453119,20.1728,D
453232,20.1728,D
453232,20.1728,D
453345,20.1728,D
453345,20.1728,D
453345,20.1728,D
453457,20.1728,D
453458,20.1728,D
453458,20.1728,D
453570,20.1728,D
453570,20.1728,D
453681,20.1728,D
453681,20.1728,D
453681,20.1728,D
453794,20.1728,D
453795,20.1728,D
453795,20.1728,D
453906,20.2050,D
453906,20.2163,D
454018,20.2171,D
454018,20.2169,D
454018,20.2163,D
454131,20.2157,D
454131,20.2153,D
454245,20.2149,D
454245,20.2146,D
454245,20.2144,D
454358,20.2141,D
454358,20.2139,D
454358,20.2137,D
454471,20.2136,D
454471,20.2134,D
454583,20.2133,D
454583,20.2133,D
454583,20.2132,D
454696,20.2131,D
454696,20.2129,D
454808,20.2129,D
454809,20.2129,D
454809,20.2129,D
454921,20.2128,D
454921,20.2128,D
455032,20.2128,D
455032,20.2128,D
455032,20.2128,D
455142,20.2128,D
455142,20.2128,D
455252,20.2128,D
455252,20.2128,D
455252,20.2128,D
455362,20.2128,D
455362,20.2128,D
455362,20.2128,D
455472,20.2128,D
455472,20.2128,D
455582,20.2128,D
455582,20.2128,D
455692,20.2128,D
455692,20.2128,D
455692,20.2128,D
455801,20.2128,D
455801,20.2128,D
455801,20.2127,D
455912,20.2127,D
455912,20.2127,D
456022,20.2127,D
456022,20.2127,D
456022,20.2127,D
456132,20.2127,D
456132,20.2127,D
456243,20.2127,D
456243,20.2126,D
456243,20.2126,D
456353,20.2126,D
456353,20.2126,D
456463,20.2126,D
456463,20.2126,D
456463,20.2126,D
456573,20.2126,D
456573,20.2126,D
456684,20.2126,D
456684,20.2126,D
456684,20.2126,D
456796,20.2126,D
456796,20.2126,D
456904,20.2126,D
456904,20.2126,D
456904,20.2126,D
457014,20.2126,D
457014,20.2125,D
457122,20.2126,D
457122,20.2308,D
457122,20.2560,D
457233,20.2569,D
457233,20.2569,D
457344,20.2563,D
457344,20.2557,D
457344,20.2552,D
457454,20.2549,D
457454,20.2546,D
457563,20.2543,D
457563,20.2541,D
457563,20.2538,D
457674,20.2536,D
457674,20.2535,D
457784,20.2534,D
457784,20.2533,D
457784,20.2532,D
457895,20.2531,D
457895,20.2531,D
457895,20.2529,D
458004,20.2528,D
458004,20.2528,D
458113,20.2528,D
458113,20.2528,D
458113,20.2527,D
458221,20.2527,D
458222,20.2527,D
458331,20.2527,D
458331,20.2527,D
458442,20.2527,D
458442,20.2527,D
458442,20.2527,D
458552,20.2527,D
458552,20.2527,D
458552,20.2527,D
458661,20.2527,D
458661,20.2527,D
458771,20.2527,D
458771,20.2527,D
458771,20.2527,D
458880,20.2527,D
458880,20.2527,D
458991,20.2527,D
458991,20.2527,D
459101,20.2527,D
459101,20.2527,D
459211,20.2527,D
459211,20.2527,D
459320,20.2527,D
459320,20.2527,D
459320,20.2527,D
459430,20.2527,D
459430,20.2526,D
459430,20.2526,D
459541,20.2526,D
459541,20.2526,D
459651,20.2526,D
459651,20.2526,D
459652,20.2526,D
459761,20.2526,D
459761,20.2526,D
459871,20.2526,D
459871,20.2526,D
459871,20.2526,D
459979,20.2526,D
459979,20.2526,D
460088,20.2526,D
460088,20.2526,D
460088,20.2526,D
460198,20.2526,D
460198,20.2526,D
460310,20.2526,D
460310,20.2526,D
460310,20.2626,D
460419,20.2960,D
460419,20.2969,D
460530,20.2969,D
460530,20.2964,D
460530,20.2957,D
460640,20.2953,D
460640,20.2949,D
460751,20.2946,D
460751,20.2943,D
460751,20.2940,D
460860,20.2938,D
460860,20.2936,D
460969,20.2934,D
460969,20.2933,D
460969,20.2932,D
461081,20.2931,D
461081,20.2930,D
461191,20.2930,D
461191,20.2928,D
461191,20.2927,D
461300,20.2927,D
461300,20.2927,D
461409,20.2927,D
461409,20.2927,D
461409,20.2926,D
461518,20.2926,D
461518,20.2926,D
461627,20.2926,D
461628,20.2926,D
461737,20.2926,D
461737,20.2926,D
461737,20.2926,D
461846,20.2926,D
461846,20.2926,D
461846,20.2926,D
461955,20.2926,D
461955,20.2925,D
462065,20.2925,D
462066,20.2925,D
462066,20.2925,D
462174,20.2925,D
462174,20.2925,D
462284,20.2925,D
462284,20.2925,D
462284,20.2925,D
462393,20.2925,D
462393,20.2925,D
462504,20.2925,D
462505,20.2925,D
462505,20.2925,D
462614,20.2924,D
462614,20.2924,D
462614,20.2924,D
462723,20.2924,D
462723,20.2924,D
462833,20.2924,D
462833,20.2924,D
462939,20.2924,D
462939,20.2924,D
462939,20.2924,D
463051,20.2924,D
463051,20.2924,D
463051,20.2924,D
463163,20.2924,D
463163,20.2924,D
463276,20.2924,D
463276,20.2924,D
463276,20.2924,D
463388,20.2924,D
463388,20.2924,D
463500,20.2924,D
463501,20.2924,D
463501,20.2924,D
463611,20.2924,D
463611,20.3328,D
463721,20.3364,D
463721,20.3367,D
463721,20.3363,D
463832,20.3357,D
463832,20.3352,D
463943,20.3348,D
463943,20.3344,D
463943,20.3341,D
464054,20.3337,D
464054,20.3334,D
464168,20.3331,D
464168,20.3329,D
464168,20.3328,D
464280,20.3327,D
464280,20.3327,D
464280,20.3326,D
464390,20.3326,D
464390,20.3326,D
464502,20.3326,D
464502,20.3326,D
464613,20.3325,D
464613,20.3325,D
464613,20.3324,D
464724,20.3324,D
464724,20.3323,D
464724,20.3323,D
464836,20.3323,D
464836,20.3323,D
464948,20.3322,D
464948,20.3322,D
464948,20.3322,D
465056,20.3322,D
465056,20.3322,D
465167,20.3321,D
465167,20.3321,D
465167,20.3321,D
465278,20.3321,D
465278,20.3321,D
465388,20.3321,D
465388,20.3321,D
465388,20.3321,D
465496,20.3321,D
465496,20.3321,D
465496,20.3321,D
465607,20.3321,D
465607,20.3321,D
465715,20.3321,D
465715,20.3321,D
465715,20.3321,D
465823,20.3321,D
465823,20.3321,D
465932,20.3321,D
465932,20.3321,D
465932,20.3321,D
466040,20.3321,D
466040,20.3321,D
466150,20.3321,D
466150,20.3321,D
466259,20.3321,D
466259,20.3321,D
466259,20.3321,D
466368,20.3321,D
466368,20.3321,D
466368,20.3321,D
466479,20.3320,D
466479,20.3320,D
466589,20.3320,D
466589,20.3320,D
466697,20.3320,D
466697,20.3320,D
466697,20.3320,D
466808,20.3320,D
466808,20.3320,D
466808,20.3504,D
466910,20.3756,D
466911,20.3763,D
467023,20.3763,D
467023,20.3757,D
467134,20.3751,D
467134,20.3746,D
467134,20.3743,D
467246,20.3739,D
467246,20.3737,D
467246,20.3734,D
467358,20.3732,D
467358,20.3730,D
467470,20.3728,D
467470,20.3727,D
467470,20.3726,D
467581,20.3725,D
467581,20.3724,D
467692,20.3724,D
467692,20.3721,D
467692,20.3720,D
467804,20.3720,D
467804,20.3720,D
467916,20.3719,D
467916,20.3719,D
467916,20.3719,D
468027,20.3719,D
468027,20.3719,D
468140,20.3719,D
468140,20.3719,D
468140,20.3719,D
468253,20.3719,D
468253,20.3719,D
468253,20.3719,D
468365,20.3719,D
468365,20.3719,D
468477,20.3719,D
468477,20.3719,D
468477,20.3719,D
468588,20.3719,D
468588,20.3719,D
468700,20.3719,D
468700,20.3719,D
468812,20.3719,D
468812,20.3719,D
468812,20.3719,D
468926,20.3719,D
468926,20.3719,D
468926,20.3719,D
469038,20.3719,D
469038,20.3719,D
469038,20.3719,D
469147,20.3719,D
469148,20.3719,D
469259,20.3719,D
469259,20.3719,D
469259,20.3719,D
469368,20.3719,D
469368,20.3719,D
469476,20.3719,D
469476,20.3719,D
469585,20.3719,D
469585,20.3719,D
469585,20.3719,D
469695,20.3719,D
469695,20.3719,D
469803,20.3719,D
469803,20.3719,D
469803,20.3719,D
469912,20.3719,D
469912,20.3719,D
469912,20.3719,D
470023,20.3719,D
470023,20.3719,D
470131,20.3744,D
470131,20.4152,D
470131,20.4161,D
470240,20.4162,D
470240,20.4158,D
470350,20.4152,D
470350,20.4147,D
470350,20.4142,D
470460,20.4139,D
470460,20.4136,D
470569,20.4133,D
470569,20.4131,D
470569,20.4129,D
470677,20.4127,D
470677,20.4126,D
470787,20.4125,D
470787,20.4124,D
470891,20.4123,D
470891,20.4122,D
470891,20.4121,D
470993,20.4119,D
470993,20.4118,D
471104,20.4117,D
471104,20.4117,D
471104,20.4117,D
471215,20.4116,D
471215,20.4116,D
471327,20.4116,D
471327,20.4116,D
471327,20.4116,D
471439,20.4116,D
471439,20.4116,D
471439,20.4116,D
471551,20.4116,D
471551,20.4116,D
471663,20.4116,D
471663,20.4116,D
471663,20.4115,D
471774,20.4115,D
471774,20.4115,D
471885,20.4115,D
471885,20.4115,D
471886,20.4115,D
471997,20.4115,D
471997,20.4115,D
472109,20.4115,D
472109,20.4115,D
472221,20.4115,D
472221,20.4115,D
472221,20.4115,D
472332,20.4115,D
472332,20.4114,D
472332,20.4114,D
472445,20.4114,D
472445,20.4114,D
472445,20.4114,D
472558,20.4114,D
472558,20.4114,D
472671,20.4114,D
472671,20.4114,D
472671,20.4114,D
472784,20.4114,D
472784,20.4114,D
472896,20.4114,D
472896,20.4114,D
472896,20.4114,D
473009,20.4114,D
473009,20.4113,D
473009,20.4113,D
473119,20.4113,D
473119,20.4113,D
473227,20.4113,D
473227,20.4113,D
473227,20.4113,D
473335,20.4113,D
473335,20.4463,D
473445,20.4548,D
473445,20.4555,D
473553,20.4554,D
473554,20.4547,D
473554,20.4542,D
473663,20.4538,D
473663,20.4535,D
473773,20.4532,D
473773,20.4529,D
473773,20.4527,D
473884,20.4524,D
473884,20.4523,D
473884,20.4521,D
473992,20.4520,D
473992,20.4519,D
474101,20.4518,D
474101,20.4517,D
474101,20.4517,D
474210,20.4514,D
474210,20.4514,D
474318,20.4514,D
474318,20.4514,D
474428,20.4514,D
474428,20.4514,D
474428,20.4513,D
474538,20.4513,D
474538,20.4513,D
474647,20.4513,D
474647,20.4513,D
474647,20.4513,D
474757,20.4513,D
474757,20.4512,D
474757,20.4512,D
474867,20.4512,D
474867,20.4512,D
474976,20.4512,D
474976,20.4512,D
475088,20.4512,D
475088,20.4512,D
475088,20.4512,D
475198,20.4512,D
475198,20.4512,D
475306,20.4512,D
475306,20.4512,D
475306,20.4512,D
475417,20.4512,D
475417,20.4512,D
475417,20.4512,D
475527,20.4512,D
475527,20.4512,D
475639,20.4512,D
475639,20.4512,D
475639,20.4512,D
475748,20.4512,D
475748,20.4512,D
475857,20.4512,D
475857,20.4512,D
475857,20.4512,D
475967,20.4512,D
475967,20.4512,D
476076,20.4512,D
476076,20.4512,D
476076,20.4512,D
476187,20.4512,D
476187,20.4512,D
476300,20.4512,D
476300,20.4512,D
476300,20.4512,D
476412,20.4512,D
476412,20.4512,D
476525,20.4512,D
476525,20.4512,D
476525,20.4512,D
476638,20.4694,D
476638,20.4946,D
476638,20.4954,D
476751,20.4954,D
476751,20.4949,D
476862,20.4943,D
476862,20.4938,D
476862,20.4934,D
476974,20.4931,D
476974,20.4928,D
477083,20.4926,D
477083,20.4924,D
477194,20.4922,D
477194,20.4920,D
477194,20.4919,D
477305,20.4918,D
477305,20.4917,D
477305,20.4916,D
477414,20.4916,D
477414,20.4914,D
477523,20.4913,D
477523,20.4913,D
477523,20.4913,D
477633,20.4912,D
477633,20.4912,D
477633,20.4912,D
477742,20.4912,D
477742,20.4912,D
477852,20.4911,D
477852,20.4911,D
477962,20.4911,D
477962,20.4911,D
477962,20.4911,D
478070,20.4911,D
478070,20.4911,D
478178,20.4911,D
478179,20.4911,D
478179,20.4911,D
478288,20.4911,D
478288,20.4911,D
478398,20.4911,D
478398,20.4911,D
478398,20.4911,D
478509,20.4911,D
478509,20.4911,D
478618,20.4911,D
478618,20.4911,D
478618,20.4911,D
478729,20.4911,D
478729,20.4911,D
478838,20.4911,D
478838,20.4910,D
478838,20.4910,D
478944,20.4910,D
478944,20.4910,D
479057,20.4910,D
479057,20.4910,D
479057,20.4910,D
479169,20.4910,D
479169,20.4910,D
479282,20.4910,D
479282,20.4910,D
479282,20.4910,D
479394,20.4910,D
479394,20.4910,D
479394,20.4910,D
479506,20.4910,D
479506,20.4910,D
479617,20.4910,D
479618,20.4910,D
479618,20.4910,D
479730,20.4910,D
479730,20.4910,D
479842,20.4910,D
479842,20.4910,D
479842,20.5259,D
479954,20.5345,D
479954,20.5353,D
480066,20.5351,D
480066,20.5345,D
480066,20.5340,D
480178,20.5336,D
480178,20.5332,D
480290,20.5329,D
480290,20.5327,D
480290,20.5324,D
480402,20.5322,D
480402,20.5320,D
480402,20.5319,D
480515,20.5318,D
480515,20.5317,D
480515,20.5316,D
480627,20.5315,D
480627,20.5314,D
480738,20.5312,D
480738,20.5312,D
480850,20.5312,D
480850,20.5312,D
480850,20.5312,D
480963,20.5311,D
480963,20.5311,D
480963,20.5311,D
481075,20.5311,D
481075,20.5311,D
481184,20.5311,D
481184,20.5311,D
481293,20.5311,D
481293,20.5311,D
481293,20.5311,D
481400,20.5311,D
481400,20.5311,D
481400,20.5311,D
481508,20.5311,D
481508,20.5311,D
481619,20.5311,D
481619,20.5311,D
481619,20.5311,D
481728,20.5311,D
481728,20.5311,D
481839,20.5311,D
481839,20.5311,D
481839,20.5311,D
481948,20.5311,D
481948,20.5311,D
482060,20.5311,D
482060,20.5311,D
482170,20.5310,D
482170,20.5310,D
482170,20.5310,D
482279,20.5310,D
482279,20.5310,D
482390,20.5310,D
482390,20.5310,D
482390,20.5310,D
482499,20.5310,D
482499,20.5310,D
482499,20.5310,D
482608,20.5310,D
482608,20.5310,D
482717,20.5310,D
482717,20.5310,D
482717,20.5310,D
482827,20.5310,D
482827,20.5310,D
482927,20.5310,D
482927,20.5310,D
482927,20.5310,D
483040,20.5310,D
483040,20.5310,D
483152,20.5465,D
483152,20.5744,D
483152,20.5753,D
483265,20.5753,D
483265,20.5748,D
483377,20.5742,D
483377,20.5738,D
483377,20.5734,D
483489,20.5731,D
483489,20.5728,D
483603,20.5726,D
483603,20.5723,D
483603,20.5721,D
483715,20.5720,D
483715,20.5718,D
483715,20.5717,D
483828,20.5716,D
483828,20.5716,D
483939,20.5715,D
483939,20.5713,D
483939,20.5712,D
484052,20.5712,D
484052,20.5712,D
484164,20.5712,D
484164,20.5711,D
484164,20.5711,D
484276,20.5711,D
484276,20.5711,D
484387,20.5711,D
484387,20.5711,D
484387,20.5710,D
484499,20.5710,D
484499,20.5710,D
484499,20.5710,D
484610,20.5710,D
484610,20.5710,D
484723,20.5710,D
484723,20.5710,D
484723,20.5710,D
484834,20.5710,D
484834,20.5710,D
484946,20.5710,D
484947,20.5710,D
484947,20.5710,D
485057,20.5710,D
485057,20.5710,D
485169,20.5710,D
485169,20.5710,D
485169,20.5710,D
485278,20.5710,D
485278,20.5709,D
485390,20.5709,D
485390,20.5709,D
485390,20.5709,D
485499,20.5709,D
485500,20.5709,D
485608,20.5709,D
485608,20.5709,D
485609,20.5709,D
485718,20.5709,D
485718,20.5709,D
485828,20.5709,D
485828,20.5709,D
485828,20.5709,D
485936,20.5709,D
485936,20.5709,D
486046,20.5709,D
486047,20.5709,D
486047,20.5709,D
486157,20.5709,D
486157,20.5709,D
486266,20.5709,D
486266,20.5709,D
486266,20.5709,D
486376,20.5709,D
486376,20.6141,D
486376,20.6151,D
486485,20.6153,D
486485,20.6149,D
486595,20.6143,D
486595,20.6138,D
486595,20.6133,D
486705,20.6130,D
486705,20.6127,D
486816,20.6124,D
486816,20.6122,D
486816,20.6119,D
486925,20.6118,D
486926,20.6116,D
487036,20.6115,D
487036,20.6114,D
487146,20.6113,D
487147,20.6112,D
487147,20.6112,D
487256,20.6110,D
487257,20.6109,D
487257,20.6109,D
487367,20.6109,D
487367,20.6109,D
487476,20.6109,D
487476,20.6109,D
487476,20.6108,D
487586,20.6108,D
487586,20.6108,D
487695,20.6108,D
487695,20.6108,D
487695,20.6108,D
487805,20.6108,D
487805,20.6108,D
487914,20.6108,D
487914,20.6108,D
487914,20.6108,D
488023,20.6108,D
488023,20.6108,D
488131,20.6108,D
488131,20.6108,D
488131,20.6108,D
488242,20.6108,D
488242,20.6108,D
488351,20.6108,D
488351,20.6108,D
488460,20.6108,D
488460,20.6108,D
488460,20.6108,D
488569,20.6108,D
488569,20.6108,D
488569,20.6108,D
488678,20.6108,D
488678,20.6108,D
488787,20.6108,D
488787,20.6108,D
488787,20.6108,D
488896,20.6108,D
488896,20.6108,D
489005,20.6108,D
489006,20.6108,D
489006,20.6108,D
489115,20.6108,D
489115,20.6108,D
489226,20.6108,D
489226,20.6108,D
489226,20.6108,D
489335,20.6108,D
489335,20.6108,D
489445,20.6108,D
489446,20.6109,D
489446,20.6109,D
489555,20.6109,D
489555,20.6109,D
489665,20.6376,D
489665,20.6546,D
489774,20.6554,D
489774,20.6553,D
489774,20.6547,D
489885,20.6541,D
489885,20.6537,D
489885,20.6534,D
489995,20.6531,D
489995,20.6528,D
490107,20.6526,D
490108,20.6524,D
490108,20.6522,D
490215,20.6521,D
490215,20.6520,D
490324,20.6519,D
490324,20.6518,D
490324,20.6517,D
490433,20.6517,D
490433,20.6515,D
490542,20.6515,D
490542,20.6514,D
490542,20.6514,D
490651,20.6514,D
490651,20.6514,D
490761,20.6514,D
490761,20.6514,D
490761,20.6514,D
490870,20.6514,D
490870,20.6514,D
490979,20.6514,D
490979,20.6514,D
490979,20.6513,D
491088,20.6513,D
491088,20.6513,D
491197,20.6513,D
491197,20.6513,D
491197,20.6512,D
491307,20.6512,D
491307,20.6512,D
491307,20.6512,D
491417,20.6512,D
491417,20.6511,D
491526,20.6511,D
491526,20.6511,D
491636,20.6511,D
491636,20.6511,D
491636,20.6511,D
491746,20.6511,D
491746,20.6511,D
491855,20.6510,D
491855,20.6510,D
491855,20.6510,D
491963,20.6510,D
491963,20.6510,D
492072,20.6510,D
492072,20.6510,D
492072,20.6510,D
492182,20.6510,D
492182,20.6510,D
492292,20.6509,D
492292,20.6509,D
492402,20.6509,D
492402,20.6509,D
492402,20.6509,D
492510,20.6509,D
492510,20.6509,D
492510,20.6509,D
492621,20.6509,D
492621,20.6509,D
492729,20.6509,D
492729,20.6509,D
492729,20.6509,D
492840,20.6509,D
492840,20.6509,D
492950,20.6914,D
492950,20.6951,D
492950,20.6954,D
493060,20.6951,D
493061,20.6945,D
493170,20.6940,D
493170,20.6935,D
493171,20.6932,D
493281,20.6929,D
493281,20.6926,D
493391,20.6924,D
493391,20.6921,D
493391,20.6920,D
493501,20.6918,D
493501,20.6917,D
493502,20.6916,D
493610,20.6915,D
493610,20.6914,D
493721,20.6913,D
493721,20.6911,D
493721,20.6911,D
493832,20.6911,D
493832,20.6910,D
493940,20.6910,D
493941,20.6909,D
493941,20.6909,D
494050,20.6909,D
494050,20.6909,D
494160,20.6909,D
494160,20.6909,D
494160,20.6909,D
494270,20.6909,D
494270,20.6909,D
494380,20.6909,D
494380,20.6909,D
494489,20.6909,D
494489,20.6909,D
494489,20.6909,D
494598,20.6909,D
494598,20.6909,D
494598,20.6909,D
494707,20.6909,D
494707,20.6909,D
494817,20.6909,D
494817,20.6909,D
494817,20.6909,D
494928,20.6908,D
494928,20.6908,D
495040,20.6908,D
495040,20.6908,D
495040,20.6908,D
495151,20.6908,D
495151,20.6908,D
495264,20.6908,D
495264,20.6908,D
495264,20.6908,D
495376,20.6908,D
495376,20.6908,D
495376,20.6908,D
495489,20.6908,D
495489,20.6908,D
495600,20.6908,D
495600,20.6908,D
495600,20.6908,D
495713,20.6908,D
495713,20.6908,D
495825,20.6908,D
495826,20.6908,D
495826,20.6907,D
495938,20.6907,D
495938,20.6907,D
496050,20.6907,D
496050,20.6907,D
496050,20.6907,D
496161,20.7007,D
496161,20.7341,D
496274,20.7349,D
496274,20.7350,D
496274,20.7345,D
496385,20.7339,D
496385,20.7334,D
496385,20.7330,D
496496,20.7327,D
496497,20.7324,D
496608,20.7321,D
496608,20.7318,D
496609,20.7316,D
496721,20.7315,D
496721,20.7313,D
496833,20.7312,D
496833,20.7311,D
496833,20.7310,D
496944,20.7310,D
496944,20.7308,D
497053,20.7306,D
497053,20.7306,D
497053,20.7305,D
497163,20.7305,D
497163,20.7305,D
497271,20.7305,D
497271,20.7305,D
497271,20.7305,D
497381,20.7305,D
497381,20.7305,D
497490,20.7305,D
497490,20.7305,D
497490,20.7305,D
497598,20.7305,D
497598,20.7305,D
497708,20.7305,D
497708,20.7305,D
497708,20.7305,D
497817,20.7305,D
497817,20.7305,D
497925,20.7305,D
497925,20.7305,D
497925,20.7304,D
498035,20.7304,D
498035,20.7304,D
498144,20.7304,D
498144,20.7304,D
498144,20.7304,D
498253,20.7304,D
498253,20.7304,D
498363,20.7304,D
498363,20.7304,D
498363,20.7304,D
498473,20.7304,D
498473,20.7304,D
498583,20.7303,D
498583,20.7303,D
498583,20.7303,D
498693,20.7303,D
498693,20.7303,D
498803,20.7303,D
498804,20.7303,D
498804,20.7303,D
498910,20.7303,D
498910,20.7303,D
499024,20.7303,D
499024,20.7303,D
499024,20.7303,D
499135,20.7302,D
499135,20.7302,D
499248,20.7302,D
499248,20.7302,D
499248,20.7302,D
499360,20.7302,D
499360,20.7302,D
499472,20.7649,D
499472,20.7735,D
499472,20.7743,D
499585,20.7742,D
499585,20.7736,D
499585,20.7730,D
499696,20.7726,D
499697,20.7722,D
499809,20.7719,D
499809,20.7716,D
499809,20.7714,D
499921,20.7711,D
499921,20.7710,D
499921,20.7708,D
500032,20.7707,D
500032,20.7706,D
500145,20.7705,D
500145,20.7705,D
500256,20.7704,D
500256,20.7702,D
500256,20.7701,D
500367,20.7701,D
500367,20.7700,D
500367,20.7699,D
500479,20.7699,D
500479,20.7699,D
500590,20.7699,D
500590,20.7699,D
500590,20.7699,D
500701,20.7699,D
500701,20.7699,D
500812,20.7699,D
500812,20.7699,D
500812,20.7699,D
500923,20.7699,D
500923,20.7699,D
501033,20.7699,D
501033,20.7699,D
501033,20.7699,D
501143,20.7699,D
501143,20.7699,D
501251,20.7699,D
501251,20.7699,D
501251,20.7699,D
501360,20.7699,D
501360,20.7699,D
501469,20.7699,D
501469,20.7699,D
501469,20.7698,D
501578,20.7698,D
501578,20.7698,D
501578,20.7698,D
501687,20.7698,D
501687,20.7698,D
501794,20.7698,D
501794,20.7698,D
501903,20.7698,D
501903,20.7698,D
501903,20.7698,D
502012,20.7698,D
502012,20.7698,D
502121,20.7698,D
502121,20.7698,D
502121,20.7698,D
502231,20.7698,D
502231,20.7698,D
502340,20.7698,D
502340,20.7698,D
502341,20.7698,D
502451,20.7698,D
502451,20.7698,D
502561,20.7698,D
502561,20.7698,D
502561,20.7698,D
502670,20.7880,D
502670,20.8133,D
502670,20.8141,D
502780,20.8141,D
502780,20.8136,D
502890,20.8131,D
502890,20.8126,D
502890,20.8122,D
502998,20.8119,D
502999,20.8116,D
503109,20.8113,D
503109,20.8111,D
503109,20.8109,D
503218,20.8108,D
503218,20.8106,D
503328,20.8105,D
503328,20.8104,D
503328,20.8103,D
503438,20.8103,D
503439,20.8101,D
503548,20.8099,D
503548,20.8099,D
503657,20.8099,D
503657,20.8099,D
503657,20.8099,D
503766,20.8098,D
503766,20.8098,D
503875,20.8098,D
503875,20.8098,D
503875,20.8098,D
503985,20.8098,D
503985,20.8098,D
503985,20.8098,D
504094,20.8098,D
504094,20.8098,D
504203,20.8098,D
504203,20.8098,D
504203,20.8098,D
504314,20.8098,D
504314,20.8098,D
504424,20.8098,D
504424,20.8098,D
504424,20.8098,D
504533,20.8098,D
504533,20.8098,D
504642,20.8097,D
504642,20.8097,D
504642,20.8097,D
504753,20.8097,D
504753,20.8097,D
504864,20.8097,D
504864,20.8097,D
504977,20.8097,D
504977,20.8097,D
504977,20.8097,D
505089,20.8097,D
505089,20.8097,D
505089,20.8097,D
505202,20.8097,D
505202,20.8097,D
505315,20.8097,D
505315,20.8097,D
505315,20.8097,D
505428,20.8097,D
505428,20.8097,D
505428,20.8097,D
505539,20.8097,D
505539,20.8097,D
505652,20.8097,D
505652,20.8097,D
505652,20.8097,D
505764,20.8097,D
505764,20.8097,D
505876,20.8097,D
505876,20.8097,D
505876,20.8462,D
505989,20.8530,D
505989,20.8536,D
506102,20.8532,D
506102,20.8528,D
506102,20.8524,D
506214,20.8520,D
506214,20.8517,D
506214,20.8514,D
506326,20.8511,D
506326,20.8508,D
506438,20.8505,D
506438,20.8503,D
506438,20.8501,D
506550,20.8499,D
506550,20.8498,D
506550,20.8497,D
506662,20.8497,D
506662,20.8496,D
506774,20.8494,D
506774,20.8494,D
506886,20.8494,D
506886,20.8494,D
506886,20.8494,D
506998,20.8495,D
506998,20.8495,D
507108,20.8496,D
507108,20.8497,D
507108,20.8497,D
507217,20.8498,D
507217,20.8498,D
507325,20.8498,D
507325,20.8498,D
507325,20.8498,D
507434,20.8498,D
507434,20.8498,D
507434,20.8498,D
507545,20.8497,D
507545,20.8497,D
507654,20.8497,D
507654,20.8497,D
507654,20.8497,D
507761,20.8496,D
507762,20.8496,D
507871,20.8496,D
507871,20.8496,D
507871,20.8496,D
507979,20.8496,D
507980,20.8495,D
508087,20.8495,D
508087,20.8495,D
508087,20.8495,D
508197,20.8495,D
508197,20.8495,D
508306,20.8495,D
508307,20.8495,D
508307,20.8495,D
508415,20.8495,D
508415,20.8495,D
508525,20.8495,D
508525,20.8495,D
508634,20.8495,D
508635,20.8495,D
508635,20.8495,D
508742,20.8495,D
508742,20.8495,D
508742,20.8495,D
508852,20.8495,D
508852,20.8495,D
508961,20.8495,D
508961,20.8495,D
509071,20.8495,D
509071,20.8495,D
509071,20.8495,D
509179,20.8594,D
509179,20.8927,D
509179,20.8937,D
509289,20.8937,D
509289,20.8933,D
509397,20.8927,D
509397,20.8923,D
509506,20.8919,D
509506,20.8915,D
509506,20.8912,D
509617,20.8910,D
509617,20.8907,D
509725,20.8905,D
509725,20.8903,D
509725,20.8902,D
509836,20.8901,D
509836,20.8900,D
509945,20.8899,D
509945,20.8898,D
509945,20.8897,D
510054,20.8895,D
510055,20.8895,D
510055,20.8895,D
510164,20.8895,D
510164,20.8895,D
510274,20.8895,D
510274,20.8895,D
510274,20.8895,D
510384,20.8895,D
510384,20.8895,D
510494,20.8894,D
510494,20.8894,D
510494,20.8894,D
510604,20.8894,D
510604,20.8894,D
510714,20.8894,D
510714,20.8894,D
510714,20.8894,D
510824,20.8894,D
510824,20.8894,D
510927,20.8894,D
510927,20.8894,D
510927,20.8894,D
511037,20.8894,D
511037,20.8894,D
511149,20.8894,D
511149,20.8894,D
511260,20.8894,D
511260,20.8894,D
511260,20.8894,D
511371,20.8893,D
511371,20.8893,D
511371,20.8893,D
511484,20.8893,D
511484,20.8893,D
511596,20.8893,D
511596,20.8893,D
511596,20.8893,D
511709,20.8893,D
511709,20.8893,D
511820,20.8893,D
511821,20.8893,D
511821,20.8893,D
511933,20.8893,D
511933,20.8893,D
512046,20.8893,D
512046,20.8893,D
512046,20.8893,D
512157,20.8893,D
512157,20.8893,D
512157,20.8893,D
512269,20.8893,D
512269,20.8893,D
512382,20.8893,D
512382,20.8893,D
512382,20.9266,D
512493,20.9328,D
512494,20.9335,D
512607,20.9335,D
512607,20.9331,D
512607,20.9327,D
512719,20.9322,D
512719,20.9316,D
512831,20.9312,D
512831,20.9308,D
512831,20.9304,D
512943,20.9301,D
512943,20.9299,D
512943,20.9298,D
513053,20.9297,D
513053,20.9296,D
513164,20.9295,D
513164,20.9294,D
513164,20.9294,D
513273,20.9291,D
513273,20.9290,D
513382,20.9290,D
513382,20.9290,D
513382,20.9290,D
513490,20.9290,D
513491,20.9291,D
513599,20.9291,D
513599,20.9291,D
513599,20.9291,D
513708,20.9291,D
513708,20.9292,D
513819,20.9292,D
513819,20.9292,D
513819,20.9292,D
513928,20.9292,D
513929,20.9291,D
514037,20.9291,D
514037,20.9291,D
514146,20.9291,D
514146,20.9291,D
514146,20.9291,D
514257,20.9291,D
514257,20.9291,D
514257,20.9291,D
514366,20.9291,D
514366,20.9291,D
514476,20.9290,D
514476,20.9289,D
514476,20.9289,D
514587,20.9289,D
514587,20.9289,D
514695,20.9289,D
514696,20.9289,D
514696,20.9289,D
514805,20.9289,D
514805,20.9289,D
514914,20.9289,D
514914,20.9289,D
514914,20.9289,D
515024,20.9289,D
515024,20.9289,D
515132,20.9289,D
515133,20.9289,D
515133,20.9289,D
515242,20.9289,D
515242,20.9288,D
515352,20.9288,D
515352,20.9288,D
515352,20.9288,D
515461,20.9288,D
515461,20.9288,D
515570,20.9288,D
515570,20.9288,D
515570,20.9288,D
515679,20.9525,D
515679,20.9722,D
515789,20.9729,D
515789,20.9729,D
515789,20.9723,D
515898,20.9718,D
515898,20.9714,D
516007,20.9710,D
516007,20.9707,D
516007,20.9704,D
516118,20.9701,D
516118,20.9699,D
516229,20.9697,D
516229,20.9695,D
516229,20.9694,D
516339,20.9693,D
516339,20.9692,D
516447,20.9692,D
516448,20.9691,D
516448,20.9689,D
516557,20.9688,D
516557,20.9688,D
516667,20.9688,D
516668,20.9688,D
516668,20.9687,D
516778,20.9687,D
516778,20.9687,D
516888,20.9687,D
516888,20.9687,D
516888,20.9687,D
516997,20.9686,D
516997,20.9686,D
517106,20.9686,D
517107,20.9686,D
517107,20.9686,D
517216,20.9686,D
517216,20.9686,D
517325,20.9686,D
517325,20.9686,D
517325,20.9686,D
517434,20.9686,D
517434,20.9686,D
517544,20.9686,D
517544,20.9686,D
517544,20.9686,D
517653,20.9686,D
517653,20.9686,D
517762,20.9686,D
517762,20.9686,D
517762,20.9686,D
517872,20.9686,D
517872,20.9686,D
517872,20.9686,D
517981,20.9686,D
517981,20.9686,D
518091,20.9686,D
518091,20.9686,D
518200,20.9686,D
518200,20.9685,D
518200,20.9685,D
518309,20.9685,D
518309,20.9685,D
518418,20.9685,D
518418,20.9685,D
518418,20.9685,D
518527,20.9685,D
518527,20.9685,D
518527,20.9685,D
518638,20.9685,D
518638,20.9685,D
518749,20.9685,D
518749,20.9685,D
518859,20.9685,D
518859,20.9685,D
518859,20.9685,D
518959,21.0090,D
518959,21.0125,D
519069,21.0128,D
519069,21.0125,D
519069,21.0119,D
519180,21.0114,D
519180,21.0110,D
519290,21.0106,D
519291,21.0103,D
519291,21.0101,D
519403,21.0098,D
519403,21.0096,D
519403,21.0094,D
519515,21.0092,D
519516,21.0091,D
519628,21.0090,D
519629,21.0090,D
519629,21.0089,D
519740,21.0088,D
519740,21.0086,D
519851,21.0085,D
519851,21.0085,D
519851,21.0085,D
519962,21.0084,D
519962,21.0084,D
520073,21.0084,D
520073,21.0084,D
520073,21.0084,D
520185,21.0084,D
520185,21.0084,D
520296,21.0084,D
520296,21.0084,D
520296,21.0084,D
520407,21.0084,D
520407,21.0083,D
520407,21.0083,D
520518,21.0083,D
520518,21.0083,D
520630,21.0083,D
520630,21.0083,D
520630,21.0083,D
520742,21.0083,D
520742,21.0083,D
520854,21.0083,D
520854,21.0083,D
520854,21.0083,D
520963,21.0083,D
520963,21.0083,D
521072,21.0083,D
521072,21.0083,D
521072,21.0083,D
521181,21.0083,D
521181,21.0083,D
521289,21.0083,D
521289,21.0083,D
521289,21.0083,D
521398,21.0083,D
521398,21.0083,D
521508,21.0083,D
521508,21.0083,D
521508,21.0083,D
521617,21.0083,D
521617,21.0083,D
521726,21.0083,D
521726,21.0083,D
521726,21.0083,D
521835,21.0083,D
521835,21.0083,D
521942,21.0083,D
521942,21.0083,D
521942,21.0083,D
522052,21.0083,D
522052,21.0083,D
522160,21.0083,D
522160,21.0209,D
522271,21.0515,D
522271,21.0524,D
522271,21.0525,D
522380,21.0520,D
522380,21.0515,D
522380,21.0511,D
522489,21.0507,D
522489,21.0504,D
522596,21.0501,D
522596,21.0498,D
522596,21.0496,D
522705,21.0494,D
522705,21.0492,D
522815,21.0491,D
522815,21.0489,D
522815,21.0489,D
522923,21.0488,D
522923,21.0487,D
523032,21.0486,D
523033,21.0484,D
523033,21.0484,D
523143,21.0484,D
523143,21.0484,D
523254,21.0483,D
523254,21.0483,D
523254,21.0483,D
523363,21.0483,D
523363,21.0484,D
523473,21.0484,D
523473,21.0485,D
523583,21.0485,D
523583,21.0486,D
523583,21.0486,D
523692,21.0486,D
523692,21.0486,D
523692,21.0486,D
523803,21.0486,D
523913,21.0486,D
523913,21.0484,D
523913,21.0481,D
524023,21.0481,D
524023,21.0480,D
524133,21.0481,D
524133,21.0481,D
524133,21.0481,D
524241,21.0481,D
524241,21.0481,D
524352,21.0481,D
524352,21.0481,D
524352,21.0481,D
524459,21.0481,D
524459,21.0481,D
524569,21.0482,D
524569,21.0482,D
524569,21.0482,D
524679,21.0482,D
524679,21.0482,D
524787,21.0482,D
524787,21.0482,D
524787,21.0482,D
524895,21.0482,D
524895,21.0482,D
525007,21.0482,D
525007,21.0482,D
525007,21.0482,D
525118,21.0482,D
525119,21.0482,D
525230,21.0482,D
525230,21.0482,D
525230,21.0482,D
525342,21.0482,D
525342,21.0482,D
525342,21.0482,D
525456,21.0773,D
525456,21.0914,D
525568,21.0924,D
525568,21.0924,D
525680,21.0919,D
525680,21.0914,D
525680,21.0909,D
525793,21.0905,D
525793,21.0901,D
525793,21.0898,D
525905,21.0896,D
525905,21.0894,D
526018,21.0892,D
526018,21.0891,D
526018,21.0890,D
526130,21.0889,D
526130,21.0888,D
526130,21.0887,D
526243,21.0886,D
526243,21.0884,D
526355,21.0883,D
526355,21.0883,D
526467,21.0883,D
526467,21.0883,D
526467,21.0883,D
526580,21.0883,D
526580,21.0883,D
526580,21.0883,D
526692,21.0883,D
526692,21.0882,D
526805,21.0882,D
526805,21.0882,D
526805,21.0882,D
526917,21.0882,D
526917,21.0882,D
526917,21.0882,D
527028,21.0882,D
527028,21.0882,D
527139,21.0882,D
527140,21.0881,D
527249,21.0881,D
527249,21.0881,D
527249,21.0881,D
527359,21.0881,D
527359,21.0881,D
527359,21.0881,D
527469,21.0881,D
527469,21.0881,D
527578,21.0881,D
527578,21.0881,D
527579,21.0881,D
527687,21.0881,D
527687,21.0881,D
527798,21.0881,D
527798,21.0880,D
527907,21.0880,D
527907,21.0880,D
527907,21.0880,D
528018,21.0880,D
528018,21.0880,D
528018,21.0880,D
528127,21.0880,D
528127,21.0880,D
528235,21.0880,D
528236,21.0880,D
528236,21.0880,D
528345,21.0880,D
528345,21.0880,D
528456,21.0880,D
528456,21.0880,D
528456,21.0879,D
528564,21.0879,D
528564,21.0879,D
528674,21.0879,D
528674,21.0879,D
528674,21.1312,D
528783,21.1320,D
528783,21.1321,D
528895,21.1319,D
528895,21.1314,D
528895,21.1311,D
529006,21.1307,D
529006,21.1304,D
529118,21.1300,D
529118,21.1297,D
529118,21.1295,D
529230,21.1293,D
529230,21.1291,D
529342,21.1290,D
529342,21.1289,D
529342,21.1288,D
529452,21.1287,D
529453,21.1287,D
529453,21.1286,D
529563,21.1284,D
529563,21.1284,D
529674,21.1284,D
529674,21.1284,D
529674,21.1284,D
529786,21.1284,D
529786,21.1284,D
529898,21.1283,D
529898,21.1283,D
529898,21.1283,D
530009,21.1283,D
530009,21.1283,D
530120,21.1283,D
530120,21.1283,D
530121,21.1283,D
530232,21.1282,D
530232,21.1281,D
530343,21.1281,D
530343,21.1281,D
530343,21.1281,D
530455,21.1281,D
530455,21.1280,D
530455,21.1280,D
530566,21.1280,D
530566,21.1280,D
530679,21.1280,D
530679,21.1280,D
530679,21.1280,D
530790,21.1280,D
530790,21.1279,D
530901,21.1279,D
530901,21.1279,D
531009,21.1279,D
531009,21.1279,D
531118,21.1279,D
531118,21.1279,D
531118,21.1279,D
531228,21.1279,D
531228,21.1279,D
531336,21.1279,D
531336,21.1279,D
531445,21.1279,D
531445,21.1279,D
531445,21.1279,D
531554,21.1279,D
531554,21.1279,D
531554,21.1279,D
531665,21.1279,D
531665,21.1279,D
531776,21.1279,D
531776,21.1279,D
531776,21.1279,D
531885,21.1279,D
531886,21.1279,D
531995,21.1405,D
531995,21.1710,D
531995,21.1718,D
532103,21.1718,D
532103,21.1715,D
532211,21.1709,D
532211,21.1705,D
532211,21.1701,D
532320,21.1697,D
532320,21.1694,D
532431,21.1692,D
532431,21.1689,D
532431,21.1687,D
532540,21.1685,D
532540,21.1684,D
532650,21.1683,D
532650,21.1682,D
532760,21.1681,D
532760,21.1680,D
532760,21.1678,D
532868,21.1677,D
532868,21.1677,D
532868,21.1677,D
532976,21.1677,D
532976,21.1678,D
533089,21.1678,D
533089,21.1678,D
533089,21.1678,D
533200,21.1677,D
533200,21.1675,D
533313,21.1674,D
533313,21.1673,D
533313,21.1673,D
533426,21.1673,D
533426,21.1673,D
533539,21.1673,D
533539,21.1673,D
533539,21.1673,D
533650,21.1673,D
533650,21.1673,D
533650,21.1673,D
533762,21.1674,D
533763,21.1674,D
533875,21.1674,D
533875,21.1674,D
533875,21.1674,D
533987,21.1674,D
533987,21.1674,D
534099,21.1674,D
534099,21.1674,D
534099,21.1674,D
534212,21.1674,D
534212,21.1674,D
534325,21.1674,D
534325,21.1674,D
534325,21.1674,D
534437,21.1674,D
534437,21.1674,D
534437,21.1674,D
534549,21.1674,D
534549,21.1674,D
534662,21.1674,D
534662,21.1674,D
534662,21.1674,D
534774,21.1674,D
534774,21.1674,D
534886,21.1674,D
534886,21.1674,D
534886,21.1674,D
534998,21.1674,D
534998,21.1674,D
535107,21.1674,D
535107,21.1674,D
535107,21.1674,D
535217,21.1674,D
535217,21.1884,D
535217,21.2109,D
535326,21.2118,D
535326,21.2118,D
535437,21.2113,D
535437,21.2108,D
535437,21.2104,D
535547,21.2100,D
535547,21.2097,D
535657,21.2094,D
535657,21.2091,D
535657,21.2089,D
535766,21.2087,D
535766,21.2085,D
535875,21.2084,D
535875,21.2083,D
535875,21.2082,D
535985,21.2081,D
535985,21.2081,D
536096,21.2079,D
536096,21.2078,D
536096,21.2078,D
536206,21.2078,D
536206,21.2078,D
536317,21.2078,D
536317,21.2078,D
536426,21.2078,D
536426,21.2078,D
536426,21.2077,D
536535,21.2077,D
536535,21.2077,D
536535,21.2077,D
536644,21.2077,D
536644,21.2077,D
536753,21.2077,D
536753,21.2077,D
536753,21.2077,D
536862,21.2077,D
536862,21.2077,D
536975,21.2077,D
536975,21.2077,D
536975,21.2077,D
537089,21.2077,D
537089,21.2077,D
537202,21.2077,D
537202,21.2077,D
537202,21.2077,D
537312,21.2077,D
537313,21.2077,D
537313,21.2077,D
537422,21.2077,D
537422,21.2077,D
537532,21.2077,D
537532,21.2077,D
537532,21.2077,D
537641,21.2077,D
537641,21.2077,D
537750,21.2077,D
537750,21.2077,D
537750,21.2077,D
537858,21.2077,D
537858,21.2077,D
537968,21.2077,D
537968,21.2077,D
538076,21.2077,D
538076,21.2077,D
538185,21.2077,D
538185,21.2077,D
538185,21.2077,D
538299,21.2077,D
538299,21.2077,D
538410,21.2077,D
538410,21.2077,D
538523,21.2077,D
538523,21.2505,D
538523,21.2516,D
538634,21.2518,D
538634,21.2514,D
538634,21.2509,D
538745,21.2504,D
538745,21.2500,D
538857,21.2497,D
538857,21.2494,D
538857,21.2491,D
538968,21.2489,D
538968,21.2486,D
539077,21.2485,D
539078,21.2483,D
539078,21.2482,D
539187,21.2481,D
539187,21.2481,D
539296,21.2480,D
539296,21.2479,D
539296,21.2478,D
539405,21.2478,D
539405,21.2477,D
539515,21.2477,D
539515,21.2477,D
539515,21.2477,D
539625,21.2477,D
539626,21.2477,D
539734,21.2476,D
539734,21.2476,D
539844,21.2476,D
539844,21.2476,D
539844,21.2476,D
539952,21.2476,D
539952,21.2476,D
539952,21.2476,D
540062,21.2475,D
540062,21.2475,D
540170,21.2475,D
540170,21.2475,D
540170,21.2475,D
540279,21.2475,D
540279,21.2475,D
540389,21.2475,D
540389,21.2475,D
540389,21.2475,D
540498,21.2475,D
540498,21.2475,D
540608,21.2475,D
540608,21.2475,D
540608,21.2475,D
540717,21.2475,D
540717,21.2475,D
540826,21.2475,D
540826,21.2475,D
540826,21.2475,D
540928,21.2475,D
540928,21.2475,D
541042,21.2475,D
541042,21.2475,D
541042,21.2475,D
541156,21.2475,D
541156,21.2475,D
541269,21.2475,D
541269,21.2475,D
541269,21.2475,D
541381,21.2475,D
541381,21.2475,D
541381,21.2475,D
541494,21.2475,D
541494,21.2475,D
541606,21.2475,D
541606,21.2474,D
541606,21.2474,D
541718,21.2475,D
541718,21.2740,D
541831,21.2909,D
541831,21.2917,D
541831,21.2917,D
541943,21.2912,D
541943,21.2907,D
542056,21.2903,D
542057,21.2899,D
542057,21.2896,D
542169,21.2893,D
542170,21.2890,D
542170,21.2888,D
542282,21.2886,D
542282,21.2884,D
542396,21.2883,D
542396,21.2882,D
542396,21.2881,D
542507,21.2880,D
542507,21.2880,D
542621,21.2878,D
542621,21.2877,D
542621,21.2877,D
542733,21.2877,D
542734,21.2877,D
542734,21.2876,D
542846,21.2876,D
542846,21.2876,D
542959,21.2876,D
542959,21.2876,D
542959,21.2876,D
543069,21.2876,D
543070,21.2876,D
543179,21.2875,D
543179,21.2875,D
543179,21.2875,D
543289,21.2875,D
543289,21.2875,D
543398,21.2875,D
543398,21.2875,D
543509,21.2875,D
543509,21.2875,D
543509,21.2875,D
543617,21.2875,D
543617,21.2875,D
543617,21.2874,D
543725,21.2874,D
543725,21.2874,D
543834,21.2874,D
543834,21.2874,D
543834,21.2874,D
543942,21.2874,D
543942,21.2874,D
544053,21.2874,D
544053,21.2874,D
544053,21.2874,D
544163,21.2874,D
544163,21.2874,D
544271,21.2874,D
544271,21.2874,D
544271,21.2874,D
544379,21.2874,D
544379,21.2874,D
544489,21.2874,D
544489,21.2874,D
544489,21.2874,D
544598,21.2874,D
544598,21.2873,D
544707,21.2873,D
544707,21.2873,D
544707,21.2873,D
544816,21.2873,D
544816,21.2873,D
544927,21.2873,D
544927,21.2873,D
544927,21.2947,D
545038,21.3315,D
545149,21.3316,D
545149,21.3313,D
545149,21.3307,D
545260,21.3302,D
545260,21.3298,D
545370,21.3295,D
545370,21.3292,D
545370,21.3289,D
545482,21.3286,D
545482,21.3284,D
545594,21.3283,D
545594,21.3281,D
545594,21.3280,D
545706,21.3279,D
545706,21.3279,D
545706,21.3278,D
545822,21.3277,D
545822,21.3275,D
545930,21.3275,D
545930,21.3275,D
545930,21.3275,D
546041,21.3275,D
546041,21.3274,D
546151,21.3274,D
546151,21.3274,D
546151,21.3274,D
546262,21.3274,D
546262,21.3273,D
546262,21.3273,D
546374,21.3273,D
546374,21.3273,D
546484,21.3273,D
546484,21.3273,D
546595,21.3273,D
546595,21.3273,D
546595,21.3273,D
546705,21.3273,D
546706,21.3273,D
546706,21.3273,D
546817,21.3273,D
546817,21.3273,D
546926,21.3273,D
546926,21.3273,D
546926,21.3273,D
547037,21.3273,D
547037,21.3273,D
547147,21.3273,D
547147,21.3273,D
547147,21.3273,D
547257,21.3273,D
547257,21.3273,D
547367,21.3273,D
547367,21.3272,D
547367,21.3272,D
547476,21.3272,D
547477,21.3272,D
547586,21.3272,D
547586,21.3272,D
547696,21.3272,D
547696,21.3272,D
547696,21.3272,D
547805,21.3272,D
547805,21.3271,D
547805,21.3271,D
547915,21.3271,D
547915,21.3271,D
548026,21.3271,D
548026,21.3271,D
548026,21.3271,D
548135,21.3270,D
548135,21.3270,D
548246,21.3270,D
548246,21.3396,D
548246,21.3702,D
548353,21.3710,D
548353,21.3711,D
548464,21.3707,D
548464,21.3702,D
548464,21.3698,D
548573,21.3694,D
548573,21.3690,D
548682,21.3687,D
548682,21.3684,D
548682,21.3682,D
548791,21.3680,D
548791,21.3678,D
548901,21.3677,D
548901,21.3676,D
548901,21.3675,D
549010,21.3674,D
549010,21.3673,D
549121,21.3671,D
549121,21.3670,D
549121,21.3670,D
549230,21.3670,D
549230,21.3670,D
549339,21.3670,D
549339,21.3669,D
549339,21.3669,D
549448,21.3669,D
549448,21.3669,D
549557,21.3669,D
549557,21.3669,D
549557,21.3669,D
549667,21.3669,D
549667,21.3669,D
549775,21.3669,D
549775,21.3669,D
549775,21.3668,D
549885,21.3668,D
549885,21.3668,D
549994,21.3668,D
549995,21.3668,D
549995,21.3668,D
550103,21.3668,D
550103,21.3668,D
550213,21.3668,D
550213,21.3668,D
550213,21.3668,D
550323,21.3668,D
550323,21.3668,D
550433,21.3668,D
550433,21.3668,D
550433,21.3668,D
550542,21.3668,D
550542,21.3668,D
550650,21.3668,D
550651,21.3668,D
550651,21.3668,D
550762,21.3668,D
550762,21.3668,D
550871,21.3668,D
550871,21.3668,D
550871,21.3668,D
550975,21.3668,D
550975,21.3668,D
551087,21.3668,D
551087,21.3668,D
551087,21.3668,D
551199,21.3668,D
551199,21.3668,D
551311,21.3668,D
551311,21.3668,D
551311,21.3668,D
551423,21.3668,D
551423,21.3668,D
551423,21.3668,D
551537,21.3986,D
551537,21.4099,D
551649,21.4107,D
551649,21.4107,D
551762,21.4103,D
551763,21.4098,D
551763,21.4094,D
551874,21.4091,D
551874,21.4088,D
551874,21.4085,D
551986,21.4083,D
551986,21.4080,D
552099,21.4078,D
552099,21.4076,D
552212,21.4075,D
552212,21.4074,D
552212,21.4073,D
552325,21.4073,D
552325,21.4071,D
552437,21.4069,D
552437,21.4069,D
552437,21.4069,D
552550,21.4068,D
552550,21.4068,D
552662,21.4068,D
552662,21.4068,D
552662,21.4068,D
552774,21.4068,D
552774,21.4068,D
552886,21.4068,D
552886,21.4068,D
552886,21.4068,D
552996,21.4068,D
552996,21.4068,D
552997,21.4068,D
553107,21.4068,D
553107,21.4068,D
553216,21.4068,D
553216,21.4068,D
553216,21.4068,D
553326,21.4068,D
553326,21.4068,D
553434,21.4068,D
553434,21.4068,D
553434,21.4068,D
553542,21.4068,D
553542,21.4068,D
553651,21.4068,D
553651,21.4068,D
553651,21.4068,D
553761,21.4068,D
553761,21.4068,D
553871,21.4067,D
553871,21.4067,D
553980,21.4067,D
553981,21.4067,D
553981,21.4067,D
554089,21.4067,D
554089,21.4067,D
554198,21.4067,D
554198,21.4067,D
554198,21.4067,D
554306,21.4067,D
554306,21.4067,D
554306,21.4067,D
554416,21.4067,D
554416,21.4067,D
554526,21.4067,D
554526,21.4067,D
554526,21.4067,D
554637,21.4067,D
554637,21.4067,D
554745,21.4067,D
554745,21.4116,D
554745,21.4498,D
554854,21.4507,D
554854,21.4509,D
554963,21.4505,D
554963,21.4500,D
554963,21.4496,D
555072,21.4492,D
555072,21.4489,D
555182,21.4486,D
555182,21.4484,D
555291,21.4481,D
555291,21.4479,D
555291,21.4477,D
555400,21.4476,D
555400,21.4475,D
555400,21.4474,D
555509,21.4473,D
555509,21.4472,D
555619,21.4471,D
555619,21.4469,D
555619,21.4469,D
555729,21.4469,D
555729,21.4469,D
555840,21.4468,D
555840,21.4468,D
555840,21.4468,D
555950,21.4468,D
555950,21.4468,D
556062,21.4468,D
556062,21.4468,D
556062,21.4468,D
556173,21.4468,D
556173,21.4468,D
556282,21.4468,D
556282,21.4468,D
556282,21.4468,D
556391,21.4468,D
556391,21.4468,D
556500,21.4468,D
556500,21.4468,D
556608,21.4468,D
556609,21.4468,D
556609,21.4468,D
556717,21.4468,D
556717,21.4467,D
556717,21.4467,D
556826,21.4467,D
556827,21.4467,D
556929,21.4467,D
556929,21.4467,D
556929,21.4467,D
557039,21.4467,D
557039,21.4467,D
557150,21.4467,D
557150,21.4467,D
557150,21.4467,D
557261,21.4467,D
557261,21.4467,D
557369,21.4467,D
557369,21.4467,D
557369,21.4467,D
557481,21.4467,D
557481,21.4467,D
557590,21.4467,D
557590,21.4467,D
557590,21.4467,D
557702,21.4467,D
557702,21.4467,D
557811,21.4467,D
557811,21.4467,D
557811,21.4467,D
557921,21.4467,D
557921,21.4467,D
558031,21.4467,D
558032,21.4706,D
558032,21.4902,D
558140,21.4910,D
558140,21.4910,D
558249,21.4906,D
558249,21.4901,D
558249,21.4898,D
558358,21.4894,D
558359,21.4890,D
558468,21.4886,D
558468,21.4883,D
558468,21.4881,D
558577,21.4879,D
558577,21.4877,D
558686,21.4875,D
558686,21.4874,D
558686,21.4873,D
558795,21.4872,D
558795,21.4871,D
558896,21.4871,D
558896,21.4872,D
558896,21.4872,D
559009,21.4873,D
559009,21.4874,D
559121,21.4875,D
559121,21.4874,D
559233,21.4873,D
559233,21.4869,D
559346,21.4860,D
559346,21.4859,D
559346,21.4858,D
559459,21.4858,D
559459,21.4859,D
559569,21.4859,D
559569,21.4860,D
559569,21.4861,D
559681,21.4861,D
559681,21.4862,D
559681,21.4863,D
559793,21.4863,D
559793,21.4864,D
559905,21.4864,D
559905,21.4865,D
560017,21.4865,D
560017,21.4865,D
560017,21.4865,D
560130,21.4866,D
560130,21.4866,D
560130,21.4866,D
560241,21.4866,D
560242,21.4866,D
560353,21.4866,D
560353,21.4866,D
560353,21.4866,D
560466,21.4866,D
560466,21.4866,D
560466,21.4866,D
560578,21.4866,D
560578,21.4866,D
560689,21.4866,D
560689,21.4866,D
560801,21.4866,D
560801,21.4865,D
560801,21.4865,D
560912,21.4865,D
560912,21.4865,D
560912,21.4865,D
561021,21.4865,D
561021,21.4865,D
561130,21.4864,D
561130,21.4864,D
561130,21.4864,D
561239,21.4864,D
561239,21.4864,D
561348,21.5261,D
561348,21.5293,D
561348,21.5298,D
561457,21.5296,D
561457,21.5292,D
561567,21.5289,D
561567,21.5286,D
561567,21.5283,D
561677,21.5280,D
561677,21.5276,D
561787,21.5272,D
561787,21.5269,D
561787,21.5266,D
561899,21.5263,D
561899,21.5261,D
562008,21.5260,D
562008,21.5259,D
562008,21.5258,D
562117,21.5258,D
562117,21.5257,D
562225,21.5257,D
562225,21.5257,D
562225,21.5257,D
562332,21.5257,D
562333,21.5257,D
562441,21.5256,D
562441,21.5256,D
562441,21.5256,D
562550,21.5256,D
562550,21.5256,D
562660,21.5256,D
562660,21.5256,D
562660,21.5256,D
562768,21.5256,D
562769,21.5256,D
562877,21.5256,D
562877,21.5256,D
562877,21.5256,D
562987,21.5256,D
562987,21.5256,D
563097,21.5255,D
563097,21.5255,D
563097,21.5255,D
563205,21.5255,D
563205,21.5255,D
563313,21.5254,D
563313,21.5253,D
563425,21.5253,D
563425,21.5253,D
563425,21.5253,D
563536,21.5253,D
563536,21.5253,D
563536,21.5253,D
563645,21.5253,D
563645,21.5253,D
563756,21.5253,D
563756,21.5253,D
563756,21.5253,D
563864,21.5253,D
563864,21.5253,D
563974,21.5253,D
563974,21.5253,D
563974,21.5253,D
564084,21.5253,D
564084,21.5253,D
564193,21.5253,D
564193,21.5253,D
564193,21.5253,D
564302,21.5253,D
564302,21.5253,D
564411,21.5253,D
564411,21.5253,D
564411,21.5253,D
564520,21.5254,D
564520,21.5354,D
564631,21.5689,D
564631,21.5698,D
564631,21.5701,D
564739,21.5696,D
564739,21.5691,D
564851,21.5687,D
564851,21.5683,D
564851,21.5680,D
564959,21.5678,D
564959,21.5675,D
565070,21.5672,D
565070,21.5670,D
565070,21.5668,D
565182,21.5667,D
565182,21.5666,D
565294,21.5665,D
565294,21.5664,D
565294,21.5663,D
565406,21.5661,D
565406,21.5658,D
565517,21.5658,D
565518,21.5658,D
565518,21.5658,D
565629,21.5658,D
565630,21.5658,D
565630,21.5658,D
565741,21.5658,D
565741,21.5658,D
565854,21.5658,D
565854,21.5658,D
565854,21.5658,D
565963,21.5658,D
565964,21.5658,D
566075,21.5658,D
566075,21.5658,D
566075,21.5658,D
566186,21.5658,D
566186,21.5658,D
566299,21.5658,D
566299,21.5658,D
566411,21.5658,D
566411,21.5658,D
566411,21.5658,D
566522,21.5658,D
566522,21.5658,D
566634,21.5658,D
566634,21.5658,D
566634,21.5658,D
566745,21.5658,D
566745,21.5658,D
566857,21.5658,D
566857,21.5658,D
566857,21.5658,D
566966,21.5658,D
566966,21.5658,D
567075,21.5658,D
567075,21.5658,D
567075,21.5658,D
567184,21.5658,D
567184,21.5658,D
567291,21.5658,D
567291,21.5658,D
567291,21.5658,D
567400,21.5658,D
567400,21.5658,D
567508,21.5658,D
567508,21.5658,D
567616,21.5659,D
567617,21.5659,D
567617,21.5659,D
567728,21.5659,D
567728,21.5659,D
567728,21.5659,D
567838,21.5923,D
567838,21.6092,D
567947,21.6101,D
567947,21.6100,D
567947,21.6096,D
568057,21.6091,D
568057,21.6087,D
568165,21.6084,D
568165,21.6081,D
568165,21.6079,D
568273,21.6076,D
568273,21.6073,D
568382,21.6072,D
568382,21.6070,D
568382,21.6069,D
568493,21.6068,D
568494,21.6067,D
568602,21.6066,D
568602,21.6065,D
568602,21.6063,D
568711,21.6062,D
568712,21.6062,D
568821,21.6062,D
568821,21.6062,D
568821,21.6062,D
568931,21.6062,D
568931,21.6062,D
569040,21.6062,D
569040,21.6062,D
569040,21.6062,D
569149,21.6062,D
569149,21.6062,D
569258,21.6062,D
569258,21.6062,D
569258,21.6061,D
569367,21.6061,D
569367,21.6061,D
569477,21.6061,D
569477,21.6061,D
569477,21.6061,D
569587,21.6061,D
569587,21.6061,D
569698,21.6061,D
569698,21.6061,D
569698,21.6061,D
569808,21.6061,D
569808,21.6061,D
569916,21.6061,D
569916,21.6061,D
569916,21.6061,D
570025,21.6061,D
570025,21.6061,D
570134,21.6061,D
570134,21.6061,D
570134,21.6061,D
570241,21.6061,D
570241,21.6061,D
570350,21.6061,D
570350,21.6060,D
570350,21.6060,D
570459,21.6060,D
570459,21.6060,D
570567,21.6060,D
570567,21.6060,D
570567,21.6060,D
570675,21.6060,D
570675,21.6060,D
570785,21.6060,D
570785,21.6060,D
570785,21.6060,D
570894,21.6060,D
570894,21.6060,D
571002,21.6060,D
571002,21.6059,D
571002,21.6134,D
571112,21.6498,D
571112,21.6498,D
571223,21.6497,D
571223,21.6494,D
571223,21.6489,D
571332,21.6485,D
571332,21.6481,D
571442,21.6478,D
571442,21.6476,D
571442,21.6473,D
571550,21.6471,D
571550,21.6469,D
571658,21.6467,D
571658,21.6466,D
571658,21.6465,D
571767,21.6464,D
571767,21.6463,D
571875,21.6462,D
571875,21.6460,D
571983,21.6459,D
571983,21.6458,D
571983,21.6458,D
572093,21.6458,D
572093,21.6458,D
572093,21.6458,D
572201,21.6457,D
572202,21.6457,D
572310,21.6457,D
572310,21.6457,D
572310,21.6457,D
572419,21.6457,D
572419,21.6457,D
572529,21.6457,D
572529,21.6457,D
572529,21.6458,D
572640,21.6458,D
572640,21.6458,D
572750,21.6458,D
572750,21.6458,D
572750,21.6458,D
572859,21.6458,D
572859,21.6458,D
572975,21.6458,D
572975,21.6457,D
572975,21.6457,D
573087,21.6458,D
573087,21.6458,D
573199,21.6458,D
573199,21.6458,D
573199,21.6457,D
573310,21.6457,D
573310,21.6457,D
573421,21.6457,D
573421,21.6457,D
573533,21.6457,D
573533,21.6456,D
573643,21.6456,D
573644,21.6456,D
573644,21.6456,D
573755,21.6456,D
573755,21.6456,D
573755,21.6456,D
573867,21.6455,D
573867,21.6455,D
573977,21.6455,D
573977,21.6455,D
573977,21.6455,D
574089,21.6455,D
574089,21.6455,D
574201,21.6455,D
574201,21.6455,D
574201,21.6455,D
574313,21.6455,D
574313,21.6637,D
574425,21.6889,D
574425,21.6895,D
574425,21.6895,D
574538,21.6891,D
574538,21.6886,D
574538,21.6882,D
574650,21.6878,D
574650,21.6874,D
574761,21.6871,D
574761,21.6869,D
574761,21.6866,D
574873,21.6864,D
574873,21.6863,D
574982,21.6862,D
574982,21.6861,D
574982,21.6860,D
575090,21.6859,D
575090,21.6858,D
575197,21.6857,D
575197,21.6856,D
575197,21.6856,D
575307,21.6856,D
575307,21.6856,D
575416,21.6856,D
575416,21.6856,D
575416,21.6856,D
575525,21.6856,D
575525,21.6856,D
575635,21.6856,D
575635,21.6856,D
575635,21.6856,D
575743,21.6856,D
575743,21.6856,D
575853,21.6856,D
575853,21.6856,D
575853,21.6856,D
575962,21.6856,D
575962,21.6856,D
576070,21.6856,D
576070,21.6856,D
576070,21.6856,D
576180,21.6856,D
576180,21.6856,D
576286,21.6856,D
576286,21.6856,D
576286,21.6856,D
576396,21.6856,D
576396,21.6856,D
576505,21.6856,D
576505,21.6856,D
576505,21.6856,D
576613,21.6856,D
576613,21.6856,D
576723,21.6856,D
576723,21.6856,D
576723,21.6856,D
576832,21.6856,D
576832,21.6856,D
576943,21.6856,D
576943,21.6856,D
577054,21.6856,D
577055,21.6856,D
577055,21.6856,D
577167,21.6856,S
577167,21.6856,S
577167,21.6856,S
577278,21.6856,S
577279,21.6856,S
577389,21.6856,S
577389,21.6856,S
577389,21.6856,S
577502,21.6856,S
577502,21.6856,S
577613,21.6856,S
577613,21.7149,D
577613,21.7290,D
577724,21.7297,D
577724,21.7295,D
577837,21.7289,D
577837,21.7285,D
577837,21.7281,D
577948,21.7278,D
577948,21.7275,D
578060,21.7272,D
578060,21.7270,D
578060,21.7268,D
578172,21.7267,D
578172,21.7265,D
578172,21.7264,D
578284,21.7263,D
578284,21.7262,D
578395,21.7261,D
578396,21.7260,D
578396,21.7258,D
578506,21.7258,D
578506,21.7258,D
578617,21.7257,D
578617,21.7257,D
578617,21.7257,D
578728,21.7257,D
578728,21.7257,D
578728,21.7257,D
578839,21.7256,D
578839,21.7256,D
578949,21.7256,D
578949,21.7256,D
579059,21.7256,D
579059,21.7256,D
579059,21.7257,D
579169,21.7257,D
579169,21.7257,D
579169,21.7257,D
579278,21.7257,D
579278,21.7257,D
579387,21.7257,D
579387,21.7257,D
579387,21.7257,D
579496,21.7257,D
579496,21.7257,D
579604,21.7257,D
579604,21.7257,D
579604,21.7257,D
579713,21.7257,D
579713,21.7257,D
579823,21.7257,D
579823,21.7257,D
579933,21.7257,D
579933,21.7257,D
579933,21.7257,D
580042,21.7257,D
580042,21.7257,D
580042,21.7257,D
580151,21.7257,D
580151,21.7257,D
580261,21.7257,D
580261,21.7257,D
580261,21.7257,D
580371,21.7257,D
580371,21.7257,D
580481,21.7257,D
580481,21.7257,D
580481,21.7257,D
580591,21.7257,D
580591,21.7257,D
580699,21.7257,D
580699,21.7257,D
580699,21.7257,D
580807,21.7257,D
580807,21.7257,D
580911,21.7576,D
580911,21.7690,D
580911,21.7698,D
581022,21.7697,D
581022,21.7693,D
581133,21.7689,D
581133,21.7686,D
581244,21.7682,D
581245,21.7679,D
581245,21.7677,D
581355,21.7674,D
581355,21.7672,D
581355,21.7670,D
581466,21.7668,D
581466,21.7667,D
581579,21.7666,D
581579,21.7665,D
581579,21.7664,D
581690,21.7663,D
581690,21.7662,D
581802,21.7662,D
581802,21.7661,D
581802,21.7661,D
581914,21.7661,D
581914,21.7661,D
582026,21.7661,D
582027,21.7661,D
582027,21.7661,D
582138,21.7661,D
582138,21.7661,D
582138,21.7661,D
582250,21.7661,D
582250,21.7661,D
582362,21.7661,D
582362,21.7661,D
582362,21.7661,D
582473,21.7661,D
582474,21.7661,D
582585,21.7661,D
582585,21.7661,D
582585,21.7661,D
582695,21.7661,D
582695,21.7661,D
582806,21.7661,D
582806,21.7661,D
582806,21.7661,D
582916,21.7661,D
582916,21.7661,D
582916,21.7661,D
583025,21.7661,D
583025,21.7661,D
583133,21.7661,D
583133,21.7661,D
583241,21.7661,D
583241,21.7661,D
583351,21.7661,D
583351,21.7661,D
583351,21.7661,D
583460,21.7661,D
583460,21.7661,D
583460,21.7661,D
583570,21.7661,D
583570,21.7661,D
583679,21.7661,D
583679,21.7661,D
583679,21.7661,D
583790,21.7661,D
583790,21.7661,D
583900,21.7661,D
583901,21.7661,D
583901,21.7661,S
584008,21.7661,S
584009,21.7661,S
584117,21.7661,S
584117,21.7817,D
584117,21.8092,D
584225,21.8099,D
584225,21.8103,D
584335,21.8098,D
584335,21.8092,D
584335,21.8088,D
584443,21.8084,D
584444,21.8081,D
584553,21.8078,D
584553,21.8075,D
584553,21.8072,D
584663,21.8071,D
584663,21.8069,D
584772,21.8068,D
584772,21.8067,D
584772,21.8066,D
584880,21.8065,D
584880,21.8065,D
584990,21.8064,D
584990,21.8062,D
584990,21.8062,D
585099,21.8061,D
585100,21.8061,D
585208,21.8061,D
585208,21.8061,D
585208,21.8061,D
585316,21.8061,D
585316,21.8061,D
585424,21.8061,D
585424,21.8061,D
585424,21.8060,D
585534,21.8060,D
585534,21.8060,D
585642,21.8060,D
585642,21.8060,D
585642,21.8060,D
585750,21.8060,D
585750,21.8060,D
585859,21.8060,D
585859,21.8060,D
585859,21.8060,D
585967,21.8060,D
585968,21.8060,D
586077,21.8059,D
586078,21.8059,D
586078,21.8059,D
586186,21.8059,D
586186,21.8059,D
586295,21.8059,D
586295,21.8059,D
586295,21.8059,D
586403,21.8059,D
586404,21.8059,D
586512,21.8059,D
586512,21.8059,D
586512,21.8059,D
586621,21.8059,D
586621,21.8059,D
586729,21.8059,D
586729,21.8059,D
586729,21.8059,D
586838,21.8059,D
586838,21.8059,D
586946,21.8059,D
586946,21.8059,D
586946,21.8059,D
587054,21.8059,D
587054,21.8059,D
587164,21.8059,D
587164,21.8059,D
587273,21.8059,D
587273,21.8059,D
587273,21.8059,D
587383,21.8059,D
587383,21.8351,D
587383,21.8491,D
587490,21.8499,D
587490,21.8498,D
587600,21.8493,D
587600,21.8489,D
587600,21.8484,D
587710,21.8481,D
587710,21.8478,D
587820,21.8475,D
587820,21.8472,D
587820,21.8470,D
587931,21.8468,D
587931,21.8467,D
588038,21.8466,D
588039,21.8465,D
588039,21.8464,D
588147,21.8463,D
588147,21.8463,D
588257,21.8460,D
588257,21.8460,D
588257,21.8459,D
588366,21.8459,D
588366,21.8459,D
588477,21.8459,D
588477,21.8458,D
588477,21.8458,D
588586,21.8458,D
588586,21.8458,D
588695,21.8458,D
588695,21.8457,D
588695,21.8457,D
588804,21.8457,D
588804,21.8457,D
588912,21.8457,D
588912,21.8457,D
589023,21.8457,D
589023,21.8457,D
589023,21.8457,D
589134,21.8457,D
589134,21.8457,D
589134,21.8457,D
589246,21.8458,D
589247,21.8458,D
589359,21.8458,D
589359,21.8458,D
589359,21.8458,D
589471,21.8458,D
589471,21.8457,D
589471,21.8457,D
589582,21.8457,D
589582,21.8457,D
589694,21.8457,D
589694,21.8457,D
589694,21.8457,D
589806,21.8457,D
589806,21.8457,D
589917,21.8457,D
589917,21.8457,D
589917,21.8457,D
590029,21.8457,D
590029,21.8457,D
590141,21.8457,D
590141,21.8457,D
590141,21.8457,D
590252,21.8457,D
590252,21.8457,D
590364,21.8457,D
590364,21.8457,D
590364,21.8457,D
590475,21.8457,D
590475,21.8457,D
590586,21.8457,D
590586,21.8457,D
590586,21.8457,D
590698,21.8696,D
590698,21.8895,D
590698,21.8898,D
590809,21.8896,D
590809,21.8893,D
590920,21.8889,D
590921,21.8885,D
590921,21.8881,D
591030,21.8878,D
591030,21.8876,D
591139,21.8873,D
591139,21.8871,D
591248,21.8869,D
591248,21.8868,D
591248,21.8866,D
591357,21.8865,D
591357,21.8864,D
591465,21.8863,D
591465,21.8861,D
591465,21.8860,D
591575,21.8860,D
591575,21.8859,D
591575,21.8859,D
591685,21.8859,D
591685,21.8858,D
591795,21.8858,D
591795,21.8858,D
591795,21.8858,D
591904,21.8858,D
591904,21.8858,D
592012,21.8858,D
592012,21.8858,D
592012,21.8858,D
592121,21.8858,D
592121,21.8858,D
592229,21.8858,D
592229,21.8858,D
592229,21.8858,D
592338,21.8858,D
592338,21.8858,D
592448,21.8858,D
592448,21.8859,D
592448,21.8859,D
592556,21.8858,D
592556,21.8858,D
592667,21.8858,D
592667,21.8858,D
592774,21.8858,D
592774,21.8858,D
592774,21.8858,D
592888,21.8858,D
592889,21.8858,D
592889,21.8858,D
592990,21.8858,D
592990,21.8858,D
593102,21.8858,D
593102,21.8858,D
593102,21.8858,D
593213,21.8858,D
593213,21.8857,D
593325,21.8857,D
593325,21.8857,D
593325,21.8857,D
593436,21.8857,D
593436,21.8857,D
593547,21.8857,D
593547,21.8857,D
593547,21.8857,D
593658,21.8857,D
593659,21.8857,D
593771,21.8857,D
593771,21.8857,D
593771,21.8857,D
593883,21.8856,D
593883,21.8856,D
593883,21.9260,D
593994,21.9296,D
593994,21.9296,D
594106,21.9292,D
594106,21.9287,D
594106,21.9283,D
594217,21.9279,D
594217,21.9276,D
594327,21.9273,D
594327,21.9270,D
594327,21.9268,D
594439,21.9266,D
594440,21.9264,D
594551,21.9263,D
594551,21.9262,D
594551,21.9261,D
594662,21.9260,D
594662,21.9259,D
594773,21.9257,D
594773,21.9256,D
594884,21.9256,D
594884,21.9256,D
594884,21.9256,D
594995,21.9256,D
594995,21.9256,D
594995,21.9256,D
595106,21.9256,D
595107,21.9256,D
595107,21.9256,D
595216,21.9256,D
595216,21.9256,D
595325,21.9256,D
595325,21.9256,D
595325,21.9256,D
595435,21.9255,D
595435,21.9255,D
595545,21.9255,D
595545,21.9255,D
595654,21.9255,D
595654,21.9255,D
595654,21.9255,D
595764,21.9255,D
595764,21.9255,D
595872,21.9255,D
595872,21.9255,D
595872,21.9255,D
595981,21.9255,D
595981,21.9255,D
595981,21.9255,D
596090,21.9255,D
596090,21.9255,D
596199,21.9255,D
596199,21.9255,D
596199,21.9255,D
596308,21.9255,D
596308,21.9255,D
596417,21.9255,D
596417,21.9255,D
596417,21.9255,D
596526,21.9255,D
596526,21.9255,D
596634,21.9255,D
596634,21.9255,D
596634,21.9255,D
596742,21.9255,D
596743,21.9255,D
596852,21.9255,D
596852,21.9255,D
596958,21.9255,D
596958,21.9255,D
596959,21.9255,D
597070,21.9255,D
597070,21.9255,D
597070,21.9255,D
597180,21.9601,D
597180,21.9685,D
597293,21.9691,D
597293,21.9690,D
597293,21.9684,D
597403,21.9680,D
597403,21.9676,D
597514,21.9672,D
597514,21.9669,D
597515,21.9666,D
597625,21.9664,D
597625,21.9662,D
597737,21.9660,D
597738,21.9659,D
597738,21.9658,D
597848,21.9657,D
597848,21.9656,D
597959,21.9655,D
597959,21.9653,D
597959,21.9652,D
598070,21.9652,D
598070,21.9652,D
598179,21.9651,D
598180,21.9651,D
598289,21.9650,D
598289,21.9650,D
598289,21.9650,D
598398,21.9650,D
598398,21.9650,D
598398,21.9650,D
598507,21.9650,D
598508,21.9650,D
598616,21.9649,D
598616,21.9649,D
598616,21.9649,D
598724,21.9649,D
598724,21.9649,D
598834,21.9649,D
598834,21.9649,D
598834,21.9649,D
598942,21.9648,D
598942,21.9648,D
599051,21.9648,D
599051,21.9648,D
599051,21.9648,D
599161,21.9648,D
599161,21.9648,D
599269,21.9648,D
599269,21.9648,D
599269,21.9648,D
599380,21.9648,D
599380,21.9648,D
599489,21.9648,D
599490,21.9647,D
599490,21.9647,D
599599,21.9647,D
599599,21.9647,D
599709,21.9647,D
599709,21.9647,D
599709,21.9647,D
599816,21.9647,D
599816,21.9647,D
599926,21.9647,D
599926,21.9647,D
599926,21.9647,D
600035,21.9646,D
600035,21.9646,D
