t_ms,mass_g,status
104,0.3372,D
104,0.3368,D
215,0.3364,D
215,0.3361,D
215,0.3358,D
325,0.3356,D
325,0.3354,D
437,0.3353,D
437,0.3352,D
437,0.3351,D
545,0.3350,D
546,0.3349,D
546,0.3348,D
653,0.3348,D
653,0.3348,D
763,0.3348,D
763,0.3348,D
873,0.3348,D
873,0.3348,D
873,0.3348,D
983,0.3347,D
983,0.3347,D
1094,0.3347,D
1094,0.3347,D
1094,0.3347,D
1205,0.3347,D
1205,0.3347,D
1205,0.3347,D
1313,0.3347,D
1313,0.3347,D
1423,0.3347,D
1423,0.3347,D
1532,0.3347,D
1532,0.3347,D
1532,0.3347,D
1643,0.3347,D
1643,0.3347,D
1644,0.3347,D
1754,0.3347,D
1754,0.3401,D
1864,0.3806,D
1864,0.3806,D
1864,0.3797,D
1976,0.3789,D
1976,0.3782,D
1977,0.3776,D
2089,0.3771,D
2089,0.3767,D
2202,0.3764,D
2202,0.3761,D
2314,0.3759,D
2314,0.3757,D
2314,0.3755,D
2426,0.3754,D
2426,0.3753,D
2538,0.3752,D
2538,0.3751,D
2538,0.3749,D
2650,0.3749,D
2650,0.3749,D
2650,0.3749,D
2764,0.3748,D
2764,0.3748,D
2764,0.3748,D
2876,0.3747,D
2876,0.3747,D
2989,0.3747,D
2989,0.3747,D
3100,0.3747,D
3100,0.3747,D
3100,0.3747,D
3212,0.3747,D
3212,0.3747,D
3212,0.3747,D
3323,0.3747,D
3323,0.3747,D
3436,0.3747,D
3436,0.3747,D
3548,0.3747,D
3548,0.3747,D
3548,0.3747,D
3660,0.3747,D
3660,0.3747,D
3660,0.3747,D
3771,0.3747,D
3771,0.3973,D
3883,0.4201,D
3883,0.4201,D
3883,0.4193,D
3995,0.4185,D
3995,0.4179,D
4105,0.4173,D
4105,0.4169,D
4105,0.4165,D
4215,0.4161,D
4215,0.4158,D
4215,0.4156,D
4325,0.4154,D
4325,0.4153,D
4435,0.4152,D
4435,0.4151,D
4544,0.4148,D
4544,0.4147,D
4655,0.4147,D
4655,0.4147,D
4655,0.4147,D
4765,0.4147,D
4765,0.4146,D
4875,0.4146,D
4875,0.4146,D
4875,0.4145,D
4984,0.4145,D
4984,0.4145,D
5094,0.4145,D
5094,0.4145,D
5094,0.4145,D
5204,0.4145,D
5204,0.4145,D
5314,0.4145,D
5314,0.4145,D
5314,0.4145,D
5424,0.4145,D
5424,0.4145,D
5533,0.4145,D
5533,0.4145,D
5643,0.4145,D
5644,0.4145,D
5644,0.4145,D
5753,0.4145,D
5753,0.4145,D
5753,0.4371,D
5863,0.4599,D
5863,0.4599,D
5976,0.4592,D
5976,0.4584,D
5976,0.4578,D
6089,0.4572,D
6089,0.4567,D
6202,0.4563,D
6202,0.4560,D
6202,0.4557,D
6314,0.4555,D
6314,0.4554,D
6426,0.4552,D
6426,0.4551,D
6426,0.4550,D
6539,0.4550,D
6539,0.4548,D
6539,0.4547,D
6650,0.4547,D
6651,0.4547,D
6762,0.4547,D
6762,0.4547,D
6762,0.4547,D
6873,0.4547,D
6874,0.4547,D
6985,0.4547,D
6985,0.4547,D
6985,0.4547,D
7097,0.4547,D
7097,0.4547,D
7210,0.4547,D
7211,0.4547,D
7211,0.4547,D
7322,0.4547,D
7322,0.4547,D
7322,0.4547,D
7435,0.4547,D
7435,0.4547,D
7546,0.4547,D
7546,0.4547,D
7546,0.4547,D
7659,0.4547,D
7659,0.4547,D
7771,0.4547,D
7771,0.4547,D
7771,0.4714,D
7882,0.5003,D
7882,0.5003,D
7992,0.4995,D
7993,0.4987,D
7993,0.4980,D
8103,0.4974,D
8103,0.4969,D
8103,0.4965,D
8214,0.4962,D
8214,0.4959,D
8322,0.4957,D
8322,0.4955,D
8322,0.4953,D
8428,0.4952,D
8428,0.4951,D
8534,0.4950,D
8534,0.4949,D
8638,0.4948,D
8638,0.4947,D
8638,0.4947,D
8746,0.4947,D
8746,0.4946,D
8855,0.4946,D
8855,0.4946,D
8855,0.4946,D
8964,0.4946,D
8964,0.4946,D
9074,0.4946,D
9074,0.4946,D
9184,0.4946,D
9185,0.4946,D
9185,0.4946,D
9293,0.4946,D
9294,0.4945,D
9294,0.4945,D
9403,0.4945,D
9403,0.4945,D
9513,0.4945,D
9513,0.4945,D
9513,0.4945,D
9622,0.4945,D
9622,0.4945,D
9731,0.4945,D
9731,0.4945,D
9731,0.4946,D
9832,0.4999,D
9832,0.5403,D
9936,0.5403,D
9936,0.5396,D
10050,0.5387,D
10050,0.5380,D
10050,0.5374,D
10162,0.5369,D
10162,0.5365,D
10162,0.5361,D
10276,0.5358,D
10276,0.5356,D
10388,0.5354,D
10388,0.5352,D
10388,0.5351,D
10500,0.5350,D
10500,0.5349,D
10612,0.5348,D
10612,0.5346,D
10612,0.5346,D
10725,0.5346,D
10725,0.5346,D
10725,0.5346,D
10837,0.5346,D
10838,0.5345,D
10950,0.5345,D
10950,0.5345,D
10950,0.5345,D
11063,0.5345,D
11063,0.5345,D
11176,0.5345,D
11176,0.5345,D
11176,0.5345,D
11288,0.5344,D
11288,0.5344,D
11400,0.5344,D
11400,0.5344,D
11400,0.5344,D
11511,0.5344,D
11511,0.5344,D
11624,0.5344,D
11625,0.5344,D
11625,0.5344,D
11737,0.5344,D
11737,0.5344,D
11737,0.5344,D
11849,0.5345,D
11849,0.5716,D
11958,0.5796,D
11958,0.5796,D
11958,0.5789,D
12067,0.5781,D
12067,0.5775,D
12178,0.5770,D
12178,0.5766,D
12178,0.5762,D
12287,0.5759,D
12287,0.5756,D
12397,0.5754,D
12397,0.5752,D
12397,0.5751,D
12505,0.5750,D
12506,0.5749,D
12615,0.5748,D
12616,0.5746,D
12616,0.5746,D
12727,0.5746,D
12728,0.5746,D
12835,0.5746,D
12836,0.5746,D
12836,0.5746,D
12946,0.5746,D
12946,0.5746,D
13054,0.5745,D
13055,0.5745,D
13055,0.5745,D
13165,0.5745,D
13165,0.5745,D
13276,0.5745,D
13276,0.5745,D
13276,0.5745,D
13388,0.5745,D
13388,0.5745,D
13499,0.5745,D
13499,0.5745,D
13499,0.5745,D
13609,0.5745,D
13609,0.5745,D
13609,0.5745,D
13720,0.5745,D
13721,0.5745,D
13833,0.5745,D
13833,0.5746,D
13833,0.5826,D
13943,0.6205,D
13943,0.6205,D
14051,0.6198,D
14051,0.6189,D
14051,0.6182,D
14162,0.6176,D
14162,0.6172,D
14271,0.6167,D
14271,0.6164,D
14271,0.6161,D
14381,0.6159,D
14381,0.6157,D
14491,0.6155,D
14491,0.6154,D
14491,0.6153,D
14602,0.6152,D
14602,0.6150,D
14711,0.6149,D
14711,0.6148,D
14711,0.6147,D
14819,0.6147,D
14819,0.6147,D
14930,0.6147,D
14930,0.6146,D
14930,0.6146,D
15039,0.6146,D
15039,0.6146,D
15150,0.6146,D
15150,0.6145,D
15150,0.6145,D
15261,0.6145,D
15261,0.6145,D
15370,0.6145,D
15370,0.6145,D
15370,0.6145,D
15479,0.6145,D
15480,0.6145,D
15588,0.6145,D
15588,0.6145,D
15588,0.6145,D
15696,0.6145,D
15696,0.6145,D
15805,0.6145,D
15805,0.6145,D
15805,0.6145,D
15916,0.6145,D
15916,0.6310,D
16024,0.6597,D
16024,0.6598,D
16024,0.6594,D
16133,0.6586,D
16133,0.6580,D
16242,0.6574,D
16242,0.6569,D
16242,0.6564,D
16351,0.6560,D
16351,0.6557,D
16461,0.6555,D
16461,0.6553,D
16461,0.6551,D
16570,0.6550,D
16570,0.6550,D
16680,0.6550,D
16680,0.6550,D
16680,0.6551,D
16789,0.6551,D
16789,0.6551,D
16898,0.6551,D
16898,0.6550,D
16898,0.6550,D
17008,0.6549,D
17008,0.6548,D
17116,0.6547,D
17117,0.6546,D
17117,0.6546,D
17225,0.6546,D
17225,0.6546,D
17335,0.6546,D
17335,0.6546,D
17335,0.6546,D
17445,0.6546,D
17445,0.6546,D
17554,0.6546,D
17554,0.6546,D
17554,0.6546,D
17665,0.6546,D
17666,0.6546,D
17774,0.6546,D
17774,0.6546,D
17774,0.6546,D
17882,0.6546,D
17882,0.6546,D
17991,0.6546,D
17992,0.6655,D
17992,0.7006,D
18100,0.7006,D
18100,0.6997,D
18210,0.6987,D
18211,0.6980,D
18211,0.6976,D
18321,0.6972,D
18321,0.6969,D
18430,0.6965,D
18430,0.6962,D
18430,0.6960,D
18539,0.6958,D
18539,0.6956,D
18648,0.6955,D
18648,0.6953,D
18649,0.6952,D
18757,0.6951,D
18757,0.6948,D
18866,0.6948,D
18867,0.6948,D
18867,0.6948,D
18976,0.6948,D
18976,0.6948,D
19084,0.6948,D
19085,0.6948,D
19085,0.6948,D
19194,0.6947,D
19195,0.6947,D
19305,0.6947,D
19305,0.6947,D
19305,0.6947,D
19415,0.6947,D
19415,0.6947,D
19524,0.6947,D
19524,0.6947,D
19524,0.6947,D
19633,0.6947,D
19633,0.6947,D
19741,0.6947,D
19741,0.6947,D
19741,0.6946,D
19853,0.6946,D
19853,0.6946,D
19853,0.6946,D
19962,0.6946,D
19962,0.6947,D
20071,0.7027,D
20071,0.7407,D
20071,0.7407,D
20182,0.7396,D
20182,0.7387,D
20292,0.7382,D
20292,0.7376,D
20292,0.7371,D
20402,0.7368,D
20403,0.7364,D
20511,0.7361,D
20511,0.7359,D
20511,0.7357,D
20620,0.7355,D
20620,0.7354,D
20730,0.7353,D
20730,0.7352,D
20840,0.7351,D
20840,0.7349,D
20840,0.7349,D
20950,0.7348,D
20950,0.7348,D
20950,0.7348,D
21059,0.7347,D
21060,0.7348,D
21169,0.7348,D
21169,0.7348,D
21169,0.7348,D
21280,0.7348,D
21280,0.7348,D
21389,0.7348,D
21390,0.7347,D
21498,0.7347,D
21498,0.7347,D
21498,0.7347,D
21608,0.7347,D
21608,0.7347,D
21608,0.7347,D
21718,0.7347,D
21718,0.7347,D
21828,0.7347,D
21828,0.7347,D
21828,0.7347,D
21941,0.7347,D
21942,0.7347,D
22050,0.7347,D
22050,0.7347,D
22050,0.7374,D
22161,0.7804,D
22161,0.7804,D
22273,0.7798,D
22273,0.7789,D
22273,0.7781,D
22383,0.7775,D
22383,0.7770,D
22494,0.7766,D
22494,0.7763,D
22494,0.7760,D
22603,0.7758,D
22603,0.7755,D
22714,0.7754,D
22714,0.7752,D
22714,0.7751,D
22823,0.7750,D
22823,0.7749,D
22933,0.7747,D
22933,0.7747,D
22933,0.7747,D
23042,0.7747,D
23042,0.7747,D
23042,0.7747,D
23152,0.7746,D
23152,0.7746,D
23264,0.7746,D
23264,0.7746,D
23264,0.7746,D
23373,0.7746,D
23373,0.7745,D
23482,0.7745,D
23482,0.7745,D
23482,0.7745,D
23593,0.7746,D
23593,0.7746,D
23701,0.7746,D
23701,0.7746,D
23702,0.7746,D
23816,0.7746,D
23816,0.7746,D
23928,0.7746,D
23928,0.7746,D
23928,0.7746,D
24040,0.7746,D
24040,0.7747,D
24152,0.7747,D
24152,0.7748,D
24152,0.8033,D
24264,0.8207,D
24264,0.8206,D
24264,0.8196,D
24376,0.8187,D
24377,0.8181,D
24487,0.8176,D
24487,0.8171,D
24487,0.8167,D
24599,0.8164,D
24599,0.8161,D
24711,0.8159,D
24711,0.8157,D
24711,0.8155,D
24823,0.8154,D
24823,0.8153,D
24934,0.8152,D
24934,0.8151,D
24934,0.8150,D
25045,0.8149,D
25045,0.8149,D
25157,0.8149,D
25157,0.8149,D
25157,0.8148,D
25268,0.8147,D
25268,0.8147,D
25381,0.8147,D
25381,0.8147,D
25381,0.8147,D
25491,0.8147,D
25491,0.8147,D
25491,0.8147,D
25604,0.8147,D
25604,0.8147,D
25715,0.8146,D
25715,0.8146,D
25826,0.8146,D
25827,0.8146,D
25827,0.8146,D
25936,0.8146,D
25936,0.8146,D
25936,0.8146,D
26046,0.8145,D
26046,0.8145,D
26156,0.8145,D
26156,0.8145,D
26156,0.8146,D
26267,0.8310,D
26267,0.8596,D
26377,0.8596,D
26377,0.8591,D
26377,0.8583,D
26487,0.8577,D
26487,0.8571,D
26596,0.8566,D
26597,0.8562,D
26597,0.8558,D
26707,0.8555,D
26707,0.8552,D
26816,0.8550,D
26816,0.8549,D
26816,0.8547,D
26926,0.8546,D
26926,0.8545,D
27035,0.8544,D
27035,0.8543,D
27144,0.8542,D
27144,0.8542,D
27144,0.8542,D
27254,0.8542,D
27254,0.8542,D
27254,0.8542,D
27361,0.8542,D
27361,0.8542,D
27470,0.8542,D
27470,0.8542,D
27470,0.8542,D
27581,0.8542,D
27582,0.8542,D
27689,0.8541,D
27689,0.8541,D
27689,0.8541,D
27797,0.8541,D
27797,0.8541,D
27905,0.8541,D
27905,0.8541,D
27905,0.8541,D
28015,0.8541,D
28015,0.8541,D
28124,0.8541,D
28124,0.8541,D
28124,0.8541,D
28234,0.8541,D
28234,0.8542,D
28343,0.8622,D
28343,0.8995,D
28343,0.8995,D
28453,0.8990,D
28453,0.8981,D
28563,0.8974,D
28563,0.8968,D
28563,0.8963,D
28672,0.8959,D
28672,0.8956,D
28782,0.8953,D
28782,0.8950,D
28782,0.8948,D
28892,0.8947,D
28892,0.8945,D
29003,0.8944,D
29003,0.8944,D
29003,0.8942,D
29113,0.8940,D
29113,0.8940,D
29222,0.8940,D
29222,0.8940,D
29222,0.8940,D
29333,0.8940,D
29333,0.8940,D
29333,0.8940,D
29442,0.8940,D
29443,0.8940,D
29552,0.8940,D
29552,0.8940,D
29662,0.8940,D
29662,0.8939,D
29662,0.8939,D
29770,0.8939,D
29771,0.8939,D
29771,0.8939,D
29881,0.8939,D
29881,0.8939,D
29990,0.8939,D
29990,0.8939,D
29990,0.8939,D
30101,0.8939,D
30101,0.8938,D
30210,0.8938,D
30210,0.8938,D
30210,0.8938,D
30319,0.8939,D
30319,0.8940,D
30429,0.9225,D
30429,0.9391,D
30540,0.9391,D
30540,0.9385,D
30540,0.9377,D
30648,0.9370,D
30648,0.9364,D
30648,0.9358,D
30757,0.9354,D
30757,0.9351,D
30867,0.9348,D
30867,0.9346,D
30978,0.9344,D
30978,0.9343,D
30978,0.9342,D
31089,0.9341,D
31089,0.9341,D
31089,0.9339,D
31198,0.9339,D
31198,0.9339,D
31308,0.9339,D
31308,0.9338,D
31308,0.9338,D
31418,0.9338,D
31418,0.9338,D
31528,0.9338,D
31528,0.9337,D
31528,0.9337,D
31638,0.9337,D
31638,0.9336,D
31747,0.9336,D
31748,0.9336,D
31748,0.9336,D
31857,0.9336,D
31857,0.9336,D
31966,0.9336,D
31966,0.9336,D
31966,0.9336,D
32077,0.9336,D
32077,0.9336,D
32186,0.9336,D
32186,0.9336,D
32186,0.9336,D
32296,0.9336,D
32296,0.9336,D
32405,0.9336,D
32405,0.9336,D
32405,0.9337,D
32514,0.9650,D
32515,0.9787,D
32625,0.9787,D
32625,0.9783,D
32625,0.9776,D
32736,0.9769,D
32736,0.9763,D
32846,0.9758,D
32846,0.9754,D
32846,0.9751,D
32956,0.9748,D
32956,0.9746,D
33064,0.9744,D
33064,0.9743,D
33064,0.9742,D
33175,0.9741,D
33175,0.9740,D
33286,0.9737,D
33286,0.9737,D
33286,0.9737,D
33396,0.9737,D
33396,0.9737,D
33396,0.9737,D
33507,0.9737,D
33507,0.9737,D
33616,0.9737,D
33616,0.9737,D
33616,0.9737,D
33726,0.9737,D
33726,0.9737,D
33831,0.9737,D
33831,0.9737,D
33943,0.9737,D
33944,0.9737,D
33944,0.9736,D
34054,0.9736,D
34054,0.9736,D
34054,0.9736,D
34166,0.9736,D
34166,0.9736,D
34277,0.9736,D
34277,0.9736,D
34277,0.9736,D
34389,0.9736,D
34389,0.9736,D
34501,0.9736,D
34501,0.9737,D
34501,0.9738,D
34612,1.0047,D
34613,1.0186,D
34724,1.0190,D
34724,1.0185,D
34724,1.0177,D
34835,1.0169,D
34836,1.0163,D
34948,1.0158,D
34948,1.0154,D
34948,1.0151,D
35060,1.0149,D
35060,1.0147,D
35060,1.0145,D
35171,1.0143,D
35172,1.0142,D
35284,1.0141,D
35284,1.0140,D
35284,1.0139,D
35396,1.0138,D
35396,1.0138,D
35509,1.0138,D
35509,1.0138,D
35509,1.0138,D
35622,1.0138,D
35622,1.0138,D
35734,1.0138,D
35734,1.0138,D
35734,1.0138,D
35845,1.0138,D
35845,1.0137,D
35845,1.0137,D
35957,1.0137,D
35957,1.0137,D
36067,1.0137,D
36067,1.0137,D
36067,1.0137,D
36178,1.0137,D
36178,1.0137,D
36288,1.0137,D
36288,1.0137,D
36289,1.0136,D
36399,1.0136,D
36399,1.0136,D
36508,1.0136,D
36508,1.0136,D
36508,1.0136,D
36617,1.0137,D
36617,1.0141,D
36726,1.0450,D
36726,1.0587,D
36837,1.0587,D
36837,1.0581,D
36837,1.0574,D
36947,1.0567,D
36947,1.0561,D
36947,1.0556,D
37057,1.0552,D
37057,1.0549,D
37165,1.0546,D
37165,1.0544,D
37165,1.0542,D
37275,1.0540,D
37275,1.0538,D
37386,1.0537,D
37386,1.0533,D
37386,1.0532,D
37496,1.0531,D
37496,1.0531,D
37605,1.0531,D
37605,1.0530,D
37605,1.0530,D
37714,1.0530,D
37714,1.0530,D
37824,1.0530,D
37824,1.0529,D
37824,1.0529,D
37935,1.0529,D
37935,1.0529,D
38044,1.0529,D
38044,1.0529,D
38044,1.0529,D
38152,1.0529,D
38152,1.0529,D
38263,1.0529,D
38263,1.0529,D
38263,1.0529,D
38372,1.0529,D
38372,1.0530,D
38482,1.0530,D
38482,1.0530,D
38482,1.0530,D
38593,1.0530,D
38593,1.0530,D
38704,1.0530,D
38704,1.0530,D
38704,1.0530,D
38814,1.0756,D
38814,1.0985,D
38922,1.0985,D
38922,1.0979,D
38922,1.0972,D
39031,1.0966,D
39031,1.0959,D
39031,1.0954,D
39139,1.0949,D
39139,1.0945,D
39250,1.0943,D
39250,1.0940,D
39250,1.0939,D
39359,1.0937,D
39359,1.0936,D
39468,1.0935,D
39468,1.0934,D
39468,1.0933,D
39579,1.0932,D
39579,1.0932,D
39690,1.0932,D
39690,1.0931,D
39690,1.0931,D
39800,1.0931,D
39800,1.0931,D
39910,1.0931,D
39910,1.0931,D
39910,1.0931,D
40020,1.0931,D
40020,1.0931,D
40128,1.0931,D
40128,1.0931,D
40239,1.0931,D
40239,1.0931,D
40239,1.0931,D
40348,1.0931,D
40349,1.0931,D
40458,1.0931,D
40458,1.0931,D
40458,1.0931,D
40567,1.0931,D
40567,1.0931,D
40567,1.0931,D
40677,1.0931,D
40677,1.0931,D
40786,1.0931,D
40786,1.0931,D
40786,1.0931,D
40895,1.1037,D
40895,1.1382,D
41004,1.1387,D
41004,1.1382,D
41004,1.1373,D
41114,1.1366,D
41114,1.1360,D
41224,1.1355,D
41224,1.1351,D
41224,1.1347,D
41334,1.1344,D
41334,1.1342,D
41443,1.1340,D
41443,1.1338,D
41552,1.1337,D
41552,1.1336,D
41552,1.1335,D
41662,1.1334,D
41662,1.1333,D
41662,1.1332,D
41771,1.1332,D
41772,1.1332,D
41880,1.1332,D
41880,1.1332,D
41880,1.1332,D
41991,1.1332,D
41992,1.1332,D
42104,1.1332,D
42104,1.1332,D
42104,1.1332,D
42215,1.1331,D
42215,1.1331,D
42328,1.1331,D
42328,1.1331,D
42328,1.1331,D
42440,1.1331,D
42440,1.1331,D
42440,1.1331,D
42551,1.1331,D
42552,1.1331,D
42663,1.1331,D
42663,1.1331,D
42663,1.1331,D
42775,1.1331,D
42775,1.1331,D
42775,1.1331,D
42887,1.1331,D
42887,1.1331,D
43000,1.1332,D
43000,1.1673,D
43112,1.1781,D
43112,1.1783,D
43112,1.1779,D
43225,1.1770,D
43225,1.1764,D
43225,1.1758,D
43337,1.1753,D
43337,1.1749,D
43450,1.1746,D
43450,1.1743,D
43450,1.1741,D
43563,1.1739,D
43563,1.1738,D
43675,1.1737,D
43675,1.1736,D
43675,1.1736,D
43788,1.1734,D
43788,1.1734,D
43899,1.1733,D
43899,1.1733,D
43899,1.1733,D
44008,1.1733,D
44008,1.1732,D
44119,1.1732,D
44120,1.1732,D
44120,1.1731,D
44230,1.1730,D
44230,1.1730,D
44230,1.1730,D
44342,1.1730,D
44342,1.1730,D
44453,1.1729,D
44453,1.1729,D
44453,1.1729,D
44563,1.1729,D
44563,1.1729,D
44673,1.1729,D
44673,1.1729,D
44673,1.1729,D
44781,1.1728,D
44781,1.1728,D
44891,1.1728,D
44891,1.1728,D
44891,1.1728,D
45000,1.1728,D
45000,1.1728,D
45110,1.1728,D
45110,1.1808,D
45219,1.2183,D
45220,1.2183,D
45220,1.2177,D
45328,1.2168,D
45328,1.2160,D
45328,1.2155,D
45439,1.2149,D
45439,1.2144,D
45548,1.2141,D
45548,1.2138,D
45548,1.2135,D
45657,1.2133,D
45657,1.2131,D
45766,1.2130,D
45766,1.2129,D
45766,1.2128,D
45880,1.2126,D
45880,1.2124,D
45991,1.2123,D
45991,1.2123,D
45991,1.2124,D
46103,1.2124,D
46103,1.2123,D
46215,1.2123,D
46216,1.2123,D
46216,1.2123,D
46327,1.2123,D
46327,1.2123,D
46327,1.2123,D
46439,1.2123,D
46439,1.2123,D
46551,1.2123,D
46551,1.2123,D
46551,1.2124,D
46663,1.2124,D
46664,1.2124,D
46775,1.2124,D
46775,1.2124,D
46775,1.2124,D
46887,1.2124,D
46887,1.2124,D
46999,1.2124,D
46999,1.2125,D
46999,1.2125,D
47112,1.2125,D
47112,1.2125,D
47112,1.2125,D
47223,1.2126,D
47223,1.2377,D
47335,1.2579,D
47335,1.2579,D
47335,1.2574,D
47448,1.2567,D
47448,1.2561,D
47560,1.2554,D
47560,1.2548,D
47560,1.2543,D
47672,1.2540,D
47672,1.2538,D
47784,1.2536,D
47784,1.2534,D
47784,1.2533,D
47894,1.2531,D
47894,1.2530,D
48005,1.2530,D
48005,1.2529,D
48005,1.2527,D
48116,1.2527,D
48117,1.2527,D
48117,1.2527,D
48227,1.2527,D
48227,1.2526,D
48336,1.2526,D
48336,1.2526,D
48336,1.2526,D
48447,1.2526,D
48447,1.2526,D
48557,1.2526,D
48557,1.2526,D
48557,1.2526,D
48666,1.2526,D
48667,1.2526,D
48777,1.2526,D
48777,1.2525,D
48888,1.2525,D
48888,1.2525,D
48888,1.2525,D
48997,1.2525,D
48997,1.2525,D
48997,1.2525,D
49109,1.2525,D
49109,1.2525,D
49219,1.2525,D
49219,1.2524,D
49219,1.2525,D
49329,1.2525,D
49329,1.2528,D
49438,1.2916,D
49438,1.2970,D
49438,1.2970,D
49547,1.2962,D
49547,1.2954,D
49656,1.2947,D
49656,1.2941,D
49656,1.2936,D
49766,1.2932,D
49766,1.2928,D
49880,1.2925,D
49880,1.2923,D
49880,1.2921,D
49993,1.2919,D
49993,1.2918,D
50105,1.2917,D
50105,1.2916,D
50106,1.2916,D
50218,1.2915,D
50218,1.2915,D
50331,1.2915,D
50331,1.2915,D
50331,1.2915,D
50443,1.2916,D
50443,1.2916,D
50443,1.2916,D
50555,1.2916,D
50555,1.2916,D
50668,1.2917,D
50668,1.2917,D
50668,1.2917,D
50779,1.2917,D
50779,1.2917,D
50891,1.2917,D
50891,1.2917,D
50891,1.2917,D
51004,1.2917,D
51004,1.2917,D
51004,1.2917,D
51115,1.2917,D
51115,1.2917,D
51228,1.2917,D
51228,1.2917,D
51228,1.2917,D
51339,1.2917,D
51339,1.2917,D
51451,1.2917,D
51451,1.2917,D
51451,1.2917,D
51563,1.3254,D
51564,1.3367,D
51675,1.3368,D
51675,1.3362,D
51675,1.3355,D
51786,1.3348,D
51786,1.3342,D
51786,1.3337,D
51898,1.3333,D
51898,1.3331,D
52008,1.3328,D
52008,1.3326,D
52008,1.3325,D
52119,1.3324,D
52119,1.3323,D
52228,1.3322,D
52228,1.3322,D
52228,1.3321,D
52338,1.3321,D
52338,1.3321,D
52446,1.3321,D
52446,1.3321,D
52556,1.3321,D
52556,1.3321,D
52556,1.3321,D
52665,1.3322,D
52666,1.3322,D
52666,1.3322,D
52776,1.3322,D
52777,1.3323,D
52888,1.3323,D
52888,1.3323,D
52888,1.3323,D
52997,1.3323,D
52998,1.3323,D
53108,1.3324,D
53108,1.3324,D
53108,1.3324,D
53220,1.3324,D
53220,1.3324,D
53329,1.3324,D
53329,1.3324,D
53329,1.3324,D
53438,1.3325,D
53438,1.3325,D
53547,1.3325,D
53547,1.3325,D
53547,1.3325,D
53656,1.3325,D
53656,1.3607,D
53766,1.3779,D
53766,1.3780,D
53766,1.3775,D
53876,1.3767,D
53877,1.3760,D
53986,1.3754,D
53987,1.3749,D
53987,1.3745,D
54096,1.3741,D
54096,1.3739,D
54205,1.3737,D
54205,1.3735,D
54205,1.3733,D
54314,1.3732,D
54315,1.3731,D
54315,1.3730,D
54424,1.3729,D
54424,1.3727,D
54532,1.3727,D
54532,1.3727,D
54642,1.3727,D
54642,1.3726,D
54642,1.3726,D
54751,1.3726,D
54751,1.3726,D
54860,1.3726,D
54860,1.3726,D
54860,1.3726,D
54969,1.3726,D
54969,1.3726,D
55078,1.3726,D
55078,1.3726,D
55188,1.3726,D
55188,1.3726,D
55188,1.3726,D
55297,1.3726,D
55297,1.3726,D
55297,1.3726,D
55406,1.3726,D
55406,1.3726,D
55516,1.3726,D
55516,1.3726,D
55516,1.3726,D
55627,1.3726,D
55627,1.3726,D
55738,1.3726,D
55738,1.3726,D
55738,1.3726,D
55848,1.3891,D
55848,1.4180,D
55958,1.4182,D
55958,1.4176,D
55958,1.4168,D
56068,1.4161,D
56068,1.4155,D
56178,1.4149,D
56178,1.4145,D
56178,1.4142,D
56287,1.4139,D
56287,1.4137,D
56287,1.4135,D
56397,1.4133,D
56397,1.4132,D
56506,1.4131,D
56506,1.4130,D
56506,1.4130,D
56614,1.4128,D
56614,1.4127,D
56725,1.4127,D
56725,1.4127,D
56725,1.4127,D
56834,1.4127,D
56834,1.4127,D
56945,1.4127,D
56945,1.4127,D
56945,1.4127,D
57056,1.4127,D
57056,1.4127,D
57166,1.4127,D
57166,1.4127,D
57278,1.4126,D
57278,1.4126,D
57278,1.4126,D
57387,1.4126,D
57387,1.4126,D
57387,1.4126,D
57498,1.4126,D
57498,1.4126,D
57609,1.4126,D
57609,1.4126,D
57609,1.4126,D
57718,1.4126,D
57718,1.4126,D
57827,1.4126,D
57827,1.4126,D
57827,1.4126,D
57936,1.4126,D
57937,1.4128,D
58046,1.4493,D
58046,1.4575,D
58046,1.4575,D
58156,1.4569,D
58156,1.4562,D
58157,1.4555,D
58265,1.4550,D
58265,1.4545,D
58376,1.4541,D
58376,1.4538,D
58486,1.4535,D
58486,1.4533,D
58594,1.4531,D
58594,1.4530,D
58594,1.4529,D
58704,1.4528,D
58704,1.4527,D
58704,1.4526,D
58813,1.4524,D
58813,1.4524,D
58924,1.4524,D
58924,1.4524,D
58924,1.4524,D
59034,1.4523,D
59034,1.4523,D
59143,1.4523,D
59143,1.4523,D
59143,1.4523,D
59253,1.4523,D
59253,1.4523,D
59363,1.4523,D
59364,1.4523,D
59364,1.4523,D
59473,1.4523,D
59474,1.4523,D
59474,1.4523,D
59582,1.4523,D
59582,1.4523,D
59690,1.4523,D
59690,1.4524,D
59801,1.4524,D
59801,1.4524,D
59801,1.4524,D
59910,1.4524,D
59910,1.4524,D
60018,1.4524,D
60019,1.4523,D
60019,1.4523,D
60127,1.4523,D
60127,1.4687,D
60237,1.4974,D
60237,1.4974,D
60237,1.4968,D
60347,1.4961,D
60347,1.4954,D
60457,1.4948,D
60457,1.4943,D
60457,1.4939,D
60566,1.4936,D
60567,1.4933,D
60676,1.4931,D
60676,1.4929,D
60676,1.4927,D
60786,1.4926,D
60786,1.4924,D
60786,1.4924,D
60895,1.4922,D
60895,1.4920,D
61004,1.4920,D
61004,1.4920,D
61004,1.4920,D
61113,1.4920,D
61223,1.4920,D
61223,1.4920,D
61223,1.4920,D
61223,1.4919,D
61333,1.4919,D
61333,1.4919,D
61445,1.4919,D
61445,1.4919,D
61445,1.4919,D
61556,1.4919,D
61556,1.4919,D
61664,1.4919,D
61665,1.4919,D
61665,1.4919,D
61774,1.4919,D
61774,1.4919,D
61882,1.4919,D
61882,1.4919,D
61992,1.4919,D
61992,1.4919,D
61992,1.4919,D
62102,1.4919,D
62102,1.4919,D
62211,1.4919,D
62211,1.4919,D
62211,1.4919,D
62321,1.4920,D
62321,1.5258,D
62429,1.5369,D
62429,1.5369,D
62429,1.5366,D
62541,1.5358,D
62541,1.5352,D
62541,1.5347,D
62652,1.5342,D
62652,1.5339,D
62761,1.5336,D
62762,1.5333,D
62762,1.5330,D
62871,1.5328,D
62871,1.5327,D
62980,1.5325,D
62980,1.5325,D
62980,1.5324,D
63090,1.5323,D
63090,1.5322,D
63198,1.5322,D
63198,1.5322,D
63307,1.5322,D
63307,1.5321,D
63307,1.5321,D
63418,1.5321,D
63418,1.5321,D
63418,1.5321,D
63526,1.5321,D
63526,1.5321,D
63637,1.5321,D
63637,1.5321,D
63637,1.5321,D
63748,1.5321,D
63748,1.5321,D
63857,1.5321,D
63857,1.5321,D
63858,1.5321,D
63966,1.5321,D
63966,1.5321,D
64076,1.5321,D
64076,1.5321,D
64076,1.5321,D
64184,1.5320,D
64184,1.5320,D
64294,1.5320,D
64294,1.5320,D
64294,1.5320,D
64404,1.5320,D
64404,1.5320,D
64513,1.5321,D
64513,1.5774,D
64513,1.5778,D
64625,1.5773,D
64625,1.5764,D
64736,1.5757,D
64736,1.5751,D
64736,1.5745,D
64845,1.5740,D
64845,1.5737,D
64954,1.5734,D
64954,1.5732,D
64954,1.5730,D
65064,1.5728,D
65065,1.5726,D
65174,1.5725,D
65174,1.5724,D
65174,1.5723,D
65284,1.5721,D
65284,1.5720,D
65395,1.5719,D
65395,1.5719,D
65395,1.5719,D
65506,1.5719,D
65506,1.5719,D
65507,1.5719,D
65616,1.5719,D
65616,1.5719,D
65725,1.5719,D
65725,1.5719,D
65725,1.5719,D
65837,1.5719,D
65837,1.5719,D
65946,1.5718,D
65946,1.5718,D
66055,1.5718,D
66055,1.5718,D
66055,1.5718,D
66164,1.5718,D
66164,1.5718,D
66164,1.5718,D
66273,1.5718,D
66273,1.5718,D
66383,1.5718,D
66383,1.5718,D
66383,1.5717,D
66492,1.5717,D
66492,1.5717,D
66601,1.5717,D
66601,1.5717,D
66711,1.5718,D
66711,1.6142,D
66711,1.6171,D
66822,1.6169,D
66822,1.6161,D
66822,1.6154,D
66929,1.6148,D
66929,1.6142,D
67037,1.6138,D
67037,1.6134,D
67037,1.6131,D
67148,1.6128,D
67148,1.6127,D
67259,1.6125,D
67259,1.6124,D
67259,1.6122,D
67370,1.6122,D
67370,1.6121,D
67478,1.6119,D
67479,1.6118,D
67479,1.6118,D
67588,1.6118,D
67588,1.6118,D
67698,1.6117,D
67698,1.6117,D
67698,1.6116,D
67816,1.6116,D
67816,1.6116,D
67929,1.6116,D
67929,1.6116,D
67929,1.6116,D
68042,1.6116,D
68042,1.6116,D
68042,1.6116,D
68155,1.6116,D
68155,1.6116,D
68267,1.6116,D
68267,1.6116,D
68268,1.6116,D
68379,1.6115,D
68379,1.6115,D
68492,1.6115,D
68492,1.6115,D
68492,1.6115,D
68605,1.6115,D
68605,1.6115,D
68605,1.6115,D
68717,1.6115,D
68718,1.6115,D
68830,1.6115,D
68830,1.6116,D
68830,1.6448,D
68942,1.6563,D
68942,1.6563,D
69055,1.6556,D
69055,1.6549,D
69055,1.6543,D
69167,1.6537,D
69167,1.6532,D
69278,1.6529,D
69278,1.6526,D
69278,1.6523,D
69390,1.6521,D
69390,1.6519,D
69501,1.6518,D
69501,1.6517,D
69501,1.6516,D
69613,1.6515,D
69613,1.6514,D
69613,1.6513,D
69725,1.6513,D
69725,1.6512,D
69837,1.6512,D
69837,1.6512,D
69838,1.6512,D
69946,1.6512,D
69946,1.6512,D
70056,1.6512,D
70056,1.6512,D
70056,1.6512,D
70165,1.6512,D
70165,1.6512,D
70275,1.6511,D
70275,1.6512,D
70383,1.6512,D
70383,1.6512,D
70383,1.6512,D
70493,1.6512,D
70493,1.6512,D
70493,1.6512,D
70603,1.6512,D
70603,1.6512,D
70712,1.6512,D
70713,1.6512,D
70713,1.6512,D
70822,1.6512,D
70822,1.6512,D
70929,1.6512,D
70929,1.6512,D
70929,1.6512,D
71039,1.6512,D
71039,1.6735,D
71149,1.6965,D
71149,1.6968,D
71149,1.6963,D
71259,1.6955,D
71260,1.6948,D
71369,1.6942,D
71369,1.6937,D
71369,1.6933,D
71480,1.6929,D
71481,1.6927,D
71590,1.6924,D
71590,1.6923,D
71590,1.6921,D
71700,1.6920,D
71700,1.6919,D
71810,1.6918,D
71810,1.6917,D
71810,1.6916,D
71920,1.6916,D
71920,1.6916,D
72031,1.6916,D
72031,1.6916,D
72031,1.6915,D
72142,1.6915,D
72142,1.6913,D
72252,1.6912,D
72252,1.6912,D
72252,1.6912,D
72363,1.6912,D
72363,1.6912,D
72473,1.6912,D
72473,1.6912,D
72473,1.6912,D
72582,1.6912,D
72582,1.6912,D
72582,1.6912,D
72691,1.6912,D
72691,1.6912,D
72800,1.6912,D
72800,1.6912,D
72800,1.6912,D
72911,1.6912,D
72911,1.6912,D
73021,1.6913,D
73021,1.6913,D
73021,1.6913,D
73132,1.6913,D
73132,1.6913,D
73242,1.6913,D
73243,1.6966,D
73353,1.7367,D
73353,1.7370,D
73353,1.7365,D
73463,1.7357,D
73463,1.7350,D
73463,1.7344,D
73572,1.7338,D
73573,1.7334,D
73683,1.7330,D
73683,1.7327,D
73794,1.7325,D
73794,1.7323,D
73794,1.7321,D
73895,1.7320,D
73895,1.7319,D
73895,1.7318,D
74006,1.7317,D
74006,1.7316,D
74117,1.7315,D
74117,1.7315,D
74117,1.7315,D
74230,1.7314,D
74230,1.7314,D
74342,1.7314,D
74342,1.7314,D
74342,1.7314,D
74455,1.7314,D
74455,1.7314,D
74567,1.7314,D
74567,1.7314,D
74567,1.7314,D
74680,1.7314,D
74680,1.7314,D
74792,1.7314,D
74792,1.7314,D
74792,1.7314,D
74903,1.7314,D
74903,1.7314,D
74903,1.7314,D
75016,1.7314,D
75016,1.7314,D
75128,1.7313,D
75129,1.7313,D
75129,1.7313,D
75240,1.7313,D
75241,1.7313,D
75352,1.7313,D
75352,1.7313,D
75352,1.7313,D
75465,1.7313,D
75465,1.7507,D
75465,1.7766,D
75579,1.7770,D
75579,1.7764,D
75692,1.7755,D
75692,1.7748,D
75692,1.7742,D
75803,1.7738,D
75803,1.7734,D
75913,1.7730,D
75913,1.7728,D
75913,1.7726,D
76023,1.7724,D
76023,1.7723,D
76132,1.7721,D
76133,1.7720,D
76133,1.7720,D
76244,1.7719,D
76244,1.7717,D
76352,1.7717,D
76352,1.7717,D
76352,1.7717,D
76462,1.7717,D
76462,1.7716,D
76573,1.7716,D
76573,1.7716,D
76573,1.7716,D
76682,1.7716,D
76682,1.7716,D
76793,1.7716,D
76793,1.7715,D
76793,1.7714,D
76904,1.7714,D
76904,1.7714,D
76904,1.7714,D
77014,1.7713,D
77014,1.7713,D
77124,1.7713,D
77124,1.7713,D
77124,1.7713,D
77233,1.7713,D
77233,1.7712,D
77344,1.7712,D
77344,1.7712,D
77454,1.7712,D
77454,1.7712,D
77454,1.7712,D
77564,1.7712,D
77565,1.7711,D
77565,1.7711,D
77675,1.7712,D
77675,1.8019,D
77785,1.8161,D
77785,1.8163,D
77785,1.8156,D
77896,1.8148,D
77896,1.8141,D
78007,1.8136,D
78007,1.8131,D
78007,1.8127,D
78120,1.8124,D
78120,1.8122,D
78233,1.8120,D
78234,1.8118,D
78234,1.8116,D
78345,1.8114,D
78346,1.8112,D
78459,1.8108,D
78459,1.8107,D
78459,1.8107,D
78571,1.8106,D
78571,1.8106,D
78571,1.8105,D
78684,1.8105,D
78684,1.8105,D
78797,1.8104,D
78797,1.8104,D
78797,1.8104,D
78909,1.8103,D
78909,1.8103,D
79021,1.8103,D
79021,1.8103,D
79021,1.8103,D
79134,1.8103,D
79134,1.8103,D
79134,1.8103,D
79246,1.8103,D
79246,1.8103,D
79358,1.8103,D
79358,1.8103,D
79358,1.8103,D
79471,1.8103,D
79471,1.8103,D
79583,1.8102,D
79583,1.8102,D
79584,1.8102,D
79696,1.8102,D
79696,1.8102,D
79808,1.8102,D
79808,1.8102,D
79808,1.8102,D
79919,1.8102,D
79919,1.8526,D
80029,1.8558,D
80029,1.8557,D
80029,1.8548,D
80138,1.8539,D
80138,1.8533,D
80138,1.8527,D
80248,1.8523,D
80248,1.8520,D
80358,1.8518,D
80358,1.8517,D
80358,1.8516,D
80468,1.8515,D
80468,1.8513,D
80577,1.8511,D
80577,1.8509,D
80577,1.8508,D
80685,1.8505,D
80686,1.8502,D
80794,1.8502,D
80794,1.8502,D
80795,1.8502,D
80905,1.8502,D
80905,1.8502,D
81015,1.8502,D
81015,1.8502,D
81124,1.8502,D
81124,1.8502,D
81124,1.8502,D
81234,1.8502,D
81234,1.8502,D
81234,1.8502,D
81344,1.8503,D
81344,1.8503,D
81453,1.8503,D
81453,1.8503,D
81453,1.8503,D
81563,1.8503,D
81563,1.8503,D
81673,1.8503,D
81673,1.8503,D
81673,1.8503,D
81783,1.8503,D
81783,1.8503,D
81894,1.8503,D
81894,1.8503,D
81894,1.8503,D
82002,1.8503,D
82002,1.8503,D
82113,1.8503,D
82114,1.8750,D
82114,1.8948,D
82223,1.8948,D
82223,1.8942,D
82333,1.8934,D
82333,1.8926,D
82443,1.8920,D
82443,1.8915,D
82443,1.8911,D
82553,1.8908,D
82553,1.8906,D
82553,1.8904,D
82662,1.8902,D
82662,1.8901,D
82772,1.8900,D
82772,1.8899,D
82772,1.8899,D
82883,1.8898,D
82883,1.8897,D
82993,1.8897,D
82993,1.8897,D
82993,1.8897,D
83104,1.8897,D
83104,1.8897,D
83214,1.8897,D
83214,1.8897,D
83214,1.8897,D
83325,1.8897,D
83325,1.8896,D
83325,1.8896,D
83435,1.8896,D
83435,1.8896,D
83544,1.8896,D
83544,1.8896,D
83654,1.8896,D
83655,1.8896,D
83655,1.8896,D
83764,1.8896,D
83764,1.8896,D
83873,1.8897,D
83874,1.8897,D
83874,1.8897,D
83981,1.8897,D
83982,1.8897,D
83982,1.8897,D
84091,1.8897,D
84091,1.8897,D
84202,1.8897,D
84202,1.8898,D
84202,1.8898,D
84312,1.8898,D
84312,1.9063,D
84422,1.9352,D
84422,1.9356,D
84532,1.9351,D
84532,1.9342,D
84532,1.9335,D
84642,1.9329,D
84642,1.9326,D
84642,1.9322,D
84751,1.9318,D
84751,1.9314,D
84860,1.9311,D
84860,1.9309,D
84860,1.9307,D
84972,1.9306,D
84972,1.9305,D
85081,1.9305,D
85081,1.9304,D
85081,1.9302,D
85190,1.9302,D
85190,1.9302,D
85300,1.9302,D
85300,1.9301,D
85300,1.9301,D
85409,1.9301,D
85409,1.9301,D
85519,1.9301,D
85519,1.9301,D
85520,1.9301,D
85629,1.9301,D
85629,1.9301,D
85737,1.9301,D
85738,1.9301,D
85848,1.9301,D
85849,1.9301,D
85849,1.9301,D
85959,1.9301,D
85959,1.9301,D
85959,1.9301,D
86069,1.9301,D
86069,1.9301,D
86179,1.9300,D
86180,1.9300,D
86180,1.9299,D
86289,1.9298,D
86290,1.9297,D
86399,1.9297,D
86399,1.9296,D
86399,1.9296,D
86508,1.9295,D
86508,1.9296,D
86618,1.9298,D
86618,1.9628,D
86618,1.9739,D
86728,1.9739,D
86728,1.9733,D
86838,1.9724,D
86838,1.9717,D
86838,1.9711,D
86949,1.9706,D
86949,1.9702,D
87060,1.9698,D
87060,1.9696,D
87060,1.9693,D
87170,1.9692,D
87170,1.9690,D
87281,1.9689,D
87281,1.9688,D
87281,1.9687,D
87391,1.9686,D
87391,1.9685,D
87391,1.9685,D
87501,1.9685,D
87502,1.9685,D
87612,1.9685,D
87612,1.9685,D
87612,1.9685,D
87723,1.9685,D
87723,1.9684,D
87833,1.9684,D
87833,1.9684,D
87942,1.9684,D
87942,1.9685,D
87942,1.9685,D
88053,1.9685,D
88053,1.9685,D
88054,1.9685,D
88162,1.9685,D
88163,1.9685,D
88272,1.9685,D
88273,1.9685,D
88273,1.9685,D
88383,1.9685,D
88383,1.9685,D
88494,1.9685,D
88494,1.9685,D
88494,1.9685,D
88604,1.9685,D
88605,1.9685,D
88713,1.9686,D
88713,1.9686,D
88713,1.9686,D
88823,1.9686,D
88823,1.9821,D
88932,2.0136,D
88933,2.0139,D
88933,2.0135,D
89044,2.0125,D
89045,2.0117,D
89154,2.0111,D
89155,2.0106,D
89155,2.0102,D
89265,2.0099,D
89265,2.0096,D
89376,2.0094,D
89376,2.0093,D
89376,2.0091,D
89484,2.0090,D
89484,2.0090,D
89593,2.0089,D
89593,2.0089,D
89593,2.0088,D
89702,2.0087,D
89702,2.0088,D
89812,2.0088,D
89812,2.0088,D
89812,2.0088,D
89924,2.0088,D
89924,2.0088,D
90034,2.0088,D
90034,2.0088,D
90034,2.0088,D
90143,2.0088,D
90144,2.0089,D
90144,2.0089,D
90255,2.0089,D
90255,2.0089,D
90366,2.0089,D
90366,2.0089,D
90366,2.0089,D
90477,2.0090,D
90477,2.0090,D
90587,2.0090,D
90587,2.0090,D
90587,2.0090,D
90699,2.0090,D
90699,2.0090,D
90809,2.0091,D
90809,2.0091,D
90809,2.0091,D
90918,2.0091,D
90918,2.0091,D
91026,2.0091,D
91027,2.0092,D
91027,2.0092,D
91136,2.0348,D
91136,2.0554,D
91245,2.0556,D
91245,2.0551,D
91354,2.0542,D
91354,2.0535,D
91354,2.0529,D
91464,2.0524,D
91464,2.0520,D
91464,2.0517,D
91574,2.0515,D
91575,2.0513,D
91683,2.0511,D
91683,2.0509,D
91683,2.0508,D
91793,2.0507,D
91794,2.0506,D
91903,2.0505,D
91903,2.0503,D
91903,2.0502,D
92013,2.0502,D
92013,2.0502,D
92123,2.0501,D
92123,2.0501,D
92123,2.0501,D
92231,2.0501,D
92231,2.0500,D
92341,2.0500,D
92341,2.0500,D
92341,2.0500,D
92451,2.0500,D
92451,2.0500,D
92561,2.0500,D
92561,2.0500,D
92561,2.0500,D
92671,2.0500,D
92671,2.0500,D
92778,2.0500,D
92778,2.0500,D
92779,2.0500,D
92889,2.0500,D
92889,2.0500,D
92998,2.0500,D
92999,2.0500,D
92999,2.0500,D
93108,2.0500,D
93108,2.0500,D
93219,2.0500,D
93219,2.0500,D
93219,2.0500,D
93328,2.0500,D
93328,2.0501,D
93440,2.0840,D
93440,2.0953,D
93440,2.0956,D
93550,2.0950,D
93550,2.0941,D
93550,2.0934,D
93661,2.0929,D
93661,2.0924,D
93771,2.0921,D
93772,2.0918,D
93772,2.0916,D
93882,2.0914,D
93882,2.0912,D
93991,2.0911,D
93991,2.0910,D
93991,2.0909,D
94100,2.0908,D
94100,2.0906,D
94210,2.0905,D
94210,2.0904,D
94210,2.0904,D
94321,2.0903,D
94321,2.0902,D
94431,2.0902,D
94431,2.0902,D
94431,2.0902,D
94541,2.0902,D
94541,2.0902,D
94652,2.0901,D
94652,2.0901,D
94761,2.0901,D
94761,2.0901,D
94761,2.0901,D
94870,2.0901,D
94870,2.0901,D
94870,2.0901,D
94979,2.0901,D
94980,2.0901,D
95089,2.0901,D
95089,2.0901,D
95089,2.0901,D
95198,2.0901,D
95198,2.0901,D
95307,2.0901,D
95307,2.0901,D
95307,2.0901,D
95416,2.0901,D
95416,2.0901,D
95524,2.0901,D
95524,2.0901,D
95524,2.0901,D
95635,2.0953,D
95635,2.1351,D
95745,2.1356,D
95745,2.1353,D
95745,2.1343,D
95848,2.1335,D
95848,2.1328,D
95960,2.1323,D
95960,2.1319,D
96072,2.1316,D
96073,2.1314,D
96073,2.1312,D
96183,2.1310,D
96183,2.1309,D
96183,2.1307,D
96294,2.1306,D
96294,2.1305,D
96405,2.1305,D
96405,2.1303,D
96405,2.1302,D
96517,2.1302,D
96517,2.1302,D
96629,2.1301,D
96630,2.1301,D
96630,2.1301,D
96743,2.1301,D
96743,2.1300,D
96855,2.1300,D
96855,2.1300,D
96855,2.1300,D
96967,2.1300,D
96967,2.1300,D
96967,2.1300,D
97080,2.1300,D
97080,2.1300,D
97192,2.1300,D
97192,2.1300,D
97192,2.1300,D
97304,2.1300,D
97304,2.1300,D
97304,2.1300,D
97417,2.1300,D
97417,2.1300,D
97529,2.1300,D
97529,2.1300,D
97640,2.1300,D
97640,2.1300,D
97640,2.1300,D
97753,2.1299,D
97753,2.1299,D
97753,2.1299,D
97864,2.1300,D
97865,2.1326,D
97975,2.1751,D
97975,2.1756,D
97975,2.1753,D
98085,2.1744,D
98085,2.1735,D
98195,2.1728,D
98195,2.1723,D
98195,2.1719,D
98305,2.1716,D
98305,2.1713,D
98416,2.1711,D
98416,2.1709,D
98416,2.1708,D
98526,2.1706,D
98526,2.1705,D
98636,2.1704,D
98636,2.1703,D
98636,2.1702,D
98745,2.1700,D
98745,2.1700,D
98855,2.1700,D
98855,2.1700,D
98855,2.1700,D
98965,2.1700,D
98965,2.1700,D
98965,2.1700,D
99075,2.1700,D
99075,2.1699,D
99185,2.1699,D
99185,2.1699,D
99185,2.1699,D
99294,2.1699,D
99294,2.1699,D
99404,2.1699,D
99404,2.1699,D
99404,2.1699,D
99515,2.1699,D
99515,2.1699,D
99626,2.1699,D
99626,2.1698,D
99737,2.1698,D
99737,2.1698,D
99737,2.1698,D
99846,2.1698,D
99846,2.1698,D
99846,2.1698,D
99952,2.1698,D
99952,2.1698,D
100064,2.1698,D
100064,2.1698,D
100065,2.1698,D
100176,2.1698,D
100177,2.2092,D
100289,2.2149,D
100289,2.2150,D
100289,2.2143,D
100400,2.2134,D
100400,2.2126,D
100511,2.2121,D
100512,2.2117,D
100512,2.2114,D
100624,2.2111,D
100624,2.2109,D
100735,2.2108,D
100735,2.2106,D
100735,2.2105,D
100845,2.2103,D
100845,2.2102,D
100845,2.2101,D
100955,2.2100,D
100955,2.2098,D
101065,2.2098,D
101065,2.2098,D
101065,2.2098,D
101174,2.2098,D
101174,2.2098,D
101283,2.2097,D
101283,2.2097,D
101283,2.2097,D
101386,2.2097,D
101386,2.2097,D
101498,2.2097,D
101498,2.2097,D
101611,2.2097,D
101611,2.2097,D
101611,2.2097,D
101724,2.2097,D
101724,2.2097,D
101835,2.2097,D
101835,2.2097,D
101835,2.2097,D
101946,2.2097,D
101946,2.2097,D
101946,2.2097,D
102055,2.2097,D
102055,2.2097,D
102165,2.2097,D
102166,2.2097,D
102166,2.2097,D
102274,2.2097,D
102274,2.2097,D
102383,2.2097,D
102383,2.2097,D
102383,2.2098,D
102494,2.2349,D
102494,2.2549,D
102605,2.2552,D
102605,2.2547,D
102605,2.2537,D
102714,2.2529,D
102714,2.2523,D
102822,2.2518,D
102823,2.2515,D
102823,2.2512,D
102932,2.2510,D
102932,2.2508,D
103043,2.2506,D
103043,2.2505,D
103043,2.2503,D
103153,2.2502,D
103153,2.2501,D
103263,2.2500,D
103263,2.2498,D
103263,2.2498,D
103372,2.2498,D
103372,2.2498,D
103481,2.2497,D
103482,2.2497,D
103482,2.2497,D
103592,2.2496,D
103592,2.2496,D
103703,2.2496,D
103703,2.2496,D
103703,2.2496,D
103810,2.2496,D
103810,2.2496,D
103919,2.2496,D
103920,2.2496,D
103920,2.2495,D
104029,2.2495,D
104029,2.2495,D
104139,2.2495,D
104139,2.2495,D
104139,2.2495,D
104249,2.2495,D
104249,2.2495,D
104357,2.2495,D
104357,2.2495,D
104357,2.2495,D
104467,2.2495,D
104467,2.2494,D
104578,2.2494,D
104579,2.2494,D
104579,2.2494,D
104687,2.2494,D
104687,2.2494,D
104687,2.2521,D
104796,2.2945,D
104797,2.2949,D
104907,2.2945,D
104907,2.2936,D
104907,2.2927,D
105017,2.2920,D
105017,2.2915,D
105126,2.2912,D
105127,2.2909,D
105236,2.2906,D
105236,2.2904,D
105236,2.2902,D
105347,2.2900,D
105347,2.2899,D
105347,2.2898,D
105455,2.2896,D
105456,2.2895,D
105566,2.2893,D
105566,2.2892,D
105566,2.2892,D
105676,2.2892,D
105676,2.2892,D
105788,2.2892,D
105788,2.2891,D
105788,2.2891,D
105900,2.2891,D
105900,2.2891,D
106011,2.2891,D
106011,2.2891,D
106011,2.2891,D
106122,2.2891,D
106122,2.2891,D
106234,2.2891,D
106234,2.2891,D
106234,2.2891,D
106345,2.2891,D
106345,2.2891,D
106456,2.2891,D
106456,2.2891,D
106456,2.2891,D
106568,2.2891,D
106568,2.2891,D
106568,2.2890,D
106676,2.2890,D
106676,2.2890,D
106785,2.2890,D
106785,2.2890,D
106785,2.2890,D
106895,2.2890,D
106895,2.2890,D
107005,2.2890,D
107005,2.2890,D
107005,2.3083,D
107116,2.3341,D
107116,2.3346,D
107223,2.3341,D
107223,2.3332,D
107333,2.3324,D
107334,2.3317,D
107334,2.3312,D
107444,2.3309,D
107444,2.3306,D
107444,2.3303,D
107554,2.3302,D
107555,2.3300,D
107664,2.3299,D
107664,2.3297,D
107773,2.3296,D
107774,2.3295,D
107774,2.3294,D
107882,2.3292,D
107882,2.3291,D
107882,2.3291,D
107989,2.3291,D
107990,2.3291,D
108100,2.3290,D
108100,2.3290,D
108100,2.3290,D
108210,2.3290,D
108210,2.3290,D
108321,2.3290,D
108321,2.3289,D
108321,2.3289,D
108431,2.3289,D
108431,2.3289,D
108541,2.3289,D
108541,2.3289,D
108651,2.3289,D
108651,2.3289,D
108651,2.3289,D
108762,2.3289,D
108762,2.3289,D
108762,2.3289,D
108871,2.3289,D
108871,2.3289,D
108983,2.3289,D
108983,2.3289,D
108983,2.3289,D
109094,2.3289,D
109094,2.3289,D
109204,2.3289,D
109204,2.3289,D
109204,2.3289,D
109314,2.3289,D
109314,2.3289,D
109424,2.3656,D
109425,2.3740,D
109425,2.3741,D
109535,2.3736,D
109535,2.3727,D
109536,2.3719,D
109646,2.3713,D
109646,2.3709,D
109755,2.3706,D
109755,2.3704,D
109864,2.3702,D
109864,2.3700,D
109864,2.3699,D
109974,2.3697,D
109974,2.3696,D
110086,2.3695,D
110086,2.3694,D
110086,2.3691,D
110196,2.3690,D
110196,2.3690,D
110196,2.3690,D
110307,2.3690,D
110307,2.3690,D
110418,2.3690,D
110418,2.3690,D
110418,2.3690,D
110527,2.3690,D
110527,2.3690,D
110638,2.3690,D
110638,2.3690,D
110747,2.3690,D
110747,2.3690,D
110747,2.3690,D
110856,2.3690,D
110856,2.3690,D
110856,2.3690,D
110968,2.3690,D
110968,2.3690,D
111079,2.3690,D
111079,2.3691,D
111079,2.3691,D
111191,2.3691,D
111191,2.3691,D
111301,2.3691,D
111301,2.3691,D
111302,2.3691,D
111411,2.3691,D
111411,2.3691,D
111522,2.3691,D
111522,2.3691,D
111522,2.3691,D
111633,2.3691,D
111634,2.3717,D
111634,2.4141,D
111741,2.4149,D
111741,2.4146,D
111851,2.4136,D
111851,2.4127,D
111962,2.4119,D
111962,2.4114,D
111962,2.4110,D
112072,2.4107,D
112072,2.4105,D
112072,2.4103,D
112181,2.4101,D
112182,2.4100,D
112292,2.4099,D
112292,2.4097,D
112292,2.4096,D
112403,2.4095,D
112403,2.4094,D
112514,2.4092,D
112514,2.4092,D
112514,2.4091,D
112623,2.4091,D
112623,2.4090,D
112732,2.4090,D
112732,2.4089,D
112841,2.4089,D
112841,2.4089,D
112841,2.4089,D
112952,2.4089,D
112952,2.4089,D
112952,2.4089,D
113061,2.4089,D
113061,2.4088,D
113170,2.4088,D
113170,2.4088,D
113170,2.4088,D
113280,2.4088,D
113280,2.4088,D
113391,2.4088,D
113391,2.4088,D
113391,2.4088,D
113502,2.4088,D
113502,2.4088,D
113611,2.4088,D
113611,2.4088,D
113611,2.4088,D
113722,2.4088,D
113722,2.4088,D
113831,2.4088,D
113832,2.4087,D
113832,2.4087,D
113941,2.4088,D
113942,2.4165,D
114052,2.4537,D
114052,2.4541,D
114052,2.4538,D
114164,2.4529,D
114164,2.4520,D
114275,2.4512,D
114276,2.4507,D
114276,2.4503,D
114386,2.4501,D
114386,2.4498,D
114386,2.4496,D
114498,2.4495,D
114498,2.4494,D
114607,2.4492,D
114608,2.4491,D
114718,2.4490,D
114719,2.4489,D
114719,2.4487,D
114830,2.4486,D
114830,2.4486,D
114941,2.4486,D
114942,2.4486,D
114942,2.4486,D
115051,2.4486,D
115052,2.4486,D
115052,2.4486,D
115162,2.4486,D
115162,2.4486,D
115271,2.4486,D
115272,2.4486,D
115272,2.4486,D
115382,2.4485,D
115382,2.4485,D
115492,2.4485,D
115492,2.4485,D
115492,2.4485,D
115598,2.4485,D
115598,2.4485,D
115709,2.4485,D
115709,2.4485,D
115709,2.4485,D
115818,2.4485,D
115818,2.4485,D
115928,2.4485,D
115928,2.4485,D
115928,2.4485,D
116038,2.4485,D
116038,2.4485,D
116148,2.4485,D
116148,2.4485,D
116148,2.4485,D
116259,2.4485,D
116259,2.4485,D
116369,2.4909,D
116369,2.4941,D
116369,2.4941,D
116476,2.4934,D
116476,2.4924,D
116586,2.4916,D
116586,2.4910,D
116586,2.4906,D
116695,2.4903,D
116695,2.4901,D
116804,2.4899,D
116804,2.4898,D
116804,2.4896,D
116915,2.4895,D
116915,2.4893,D
117024,2.4892,D
117024,2.4891,D
117024,2.4890,D
117133,2.4888,D
117133,2.4888,D
117133,2.4888,D
117244,2.4888,D
117244,2.4888,D
117354,2.4888,D
117354,2.4888,D
117466,2.4888,D
117466,2.4887,D
117466,2.4887,D
117574,2.4887,D
117574,2.4887,D
117574,2.4887,D
117685,2.4887,D
117685,2.4887,D
117795,2.4887,D
117795,2.4887,D
117795,2.4887,D
117904,2.4887,D
117904,2.4887,D
118014,2.4887,D
118014,2.4887,D
118014,2.4887,D
118124,2.4887,D
118124,2.4887,D
118234,2.4887,D
118234,2.4887,D
118343,2.4887,D
118343,2.4886,D
118343,2.4886,D
118451,2.4886,D
118451,2.4886,D
118451,2.4886,D
118559,2.4887,D
118559,2.4888,D
118669,2.5166,D
118669,2.5336,D
118669,2.5341,D
118779,2.5336,D
118779,2.5326,D
118888,2.5318,D
118888,2.5312,D
118888,2.5307,D
118997,2.5304,D
118997,2.5301,D
119106,2.5299,D
119106,2.5297,D
119106,2.5296,D
119216,2.5294,D
119216,2.5293,D
119327,2.5292,D
119328,2.5291,D
119328,2.5290,D
119439,2.5287,D
119439,2.5287,D
119549,2.5287,D
119549,2.5287,D
119658,2.5287,D
119658,2.5286,D
119658,2.5285,D
119768,2.5285,D
119768,2.5285,D
119768,2.5285,D
119881,2.5285,D
119882,2.5285,D
119995,2.5285,D
119995,2.5285,D
119995,2.5285,D
120107,2.5285,D
120108,2.5285,D
120108,2.5285,D
120220,2.5285,D
120220,2.5285,D
120334,2.5285,D
120334,2.5285,D
120447,2.5284,D
120447,2.5284,D
120447,2.5284,D
120558,2.5284,D
120559,2.5284,D
120559,2.5284,D
120670,2.5284,D
120670,2.5284,D
120782,2.5284,D
120782,2.5284,D
120782,2.5284,D
120895,2.5284,D
120895,2.5284,D
120895,2.5389,D
121009,2.5735,D
121009,2.5739,D
121122,2.5736,D
121122,2.5726,D
121234,2.5717,D
121234,2.5710,D
121235,2.5705,D
121346,2.5701,D
121346,2.5698,D
121346,2.5696,D
121457,2.5694,D
121458,2.5693,D
121569,2.5692,D
121569,2.5690,D
121569,2.5689,D
121680,2.5688,D
121680,2.5687,D
121680,2.5685,D
121793,2.5684,D
121793,2.5684,D
121906,2.5684,D
121906,2.5683,D
122016,2.5683,D
122016,2.5683,D
122016,2.5682,D
122125,2.5682,D
122125,2.5682,D
122125,2.5682,D
122236,2.5682,D
122236,2.5682,D
122347,2.5682,D
122347,2.5682,D
122347,2.5682,D
122458,2.5682,D
122458,2.5682,D
122568,2.5682,D
122568,2.5682,D
122568,2.5682,D
122677,2.5682,D
122677,2.5682,D
122787,2.5682,D
122787,2.5682,D
122787,2.5682,D
122897,2.5682,D
122898,2.5682,D
123007,2.5682,D
123007,2.5682,D
123007,2.5682,D
123118,2.5682,D
123118,2.5681,D
123229,2.5681,D
123229,2.5681,D
123229,2.5682,D
123339,2.5960,D
123340,2.6130,D
123450,2.6135,D
123450,2.6131,D
123450,2.6121,D
123561,2.6112,D
123562,2.6105,D
123562,2.6101,D
123671,2.6098,D
123671,2.6096,D
123782,2.6094,D
123782,2.6092,D
123782,2.6091,D
123891,2.6089,D
123892,2.6088,D
124003,2.6086,D
124003,2.6085,D
124112,2.6085,D
124112,2.6082,D
124112,2.6082,D
124225,2.6082,D
124225,2.6082,D
124225,2.6082,D
124336,2.6081,D
124336,2.6081,D
124447,2.6081,D
124447,2.6081,D
124448,2.6081,D
124559,2.6081,D
124559,2.6081,D
124668,2.6081,D
124668,2.6081,D
124668,2.6080,D
124778,2.6080,D
124778,2.6080,D
124888,2.6079,D
124888,2.6079,D
124888,2.6079,D
124998,2.6079,D
124999,2.6079,D
125108,2.6079,D
125108,2.6079,D
125108,2.6079,D
125217,2.6079,D
125217,2.6079,D
125327,2.6079,D
125327,2.6079,D
125327,2.6079,D
125438,2.6079,D
125438,2.6079,D
125438,2.6079,D
125548,2.6079,D
125548,2.6079,D
125658,2.6080,D
125658,2.6442,D
125658,2.6528,D
125769,2.6532,D
125769,2.6527,D
125880,2.6517,D
125880,2.6508,D
125880,2.6501,D
125992,2.6497,D
125992,2.6494,D
126104,2.6491,D
126104,2.6489,D
126216,2.6488,D
126216,2.6487,D
126216,2.6486,D
126328,2.6485,D
126328,2.6483,D
126328,2.6482,D
126441,2.6481,D
126441,2.6479,D
126441,2.6479,D
126554,2.6480,D
126554,2.6480,D
126666,2.6480,D
126666,2.6480,D
126666,2.6480,D
126778,2.6480,D
126778,2.6480,D
126890,2.6480,D
126890,2.6480,D
126890,2.6479,D
127002,2.6477,D
127002,2.6475,D
127113,2.6475,D
127113,2.6475,D
127113,2.6474,D
127225,2.6474,D
127226,2.6474,D
127337,2.6474,D
127337,2.6474,D
127337,2.6474,D
127449,2.6474,D
127449,2.6474,D
127449,2.6474,D
127562,2.6474,D
127562,2.6475,D
127673,2.6475,D
127673,2.6475,D
127785,2.6475,D
127785,2.6475,D
127785,2.6475,D
127897,2.6475,D
127897,2.6475,D
127897,2.6475,D
128008,2.6528,D
128008,2.6927,D
128118,2.6933,D
128118,2.6929,D
128118,2.6920,D
128228,2.6911,D
128228,2.6903,D
128339,2.6897,D
128339,2.6894,D
128339,2.6891,D
128448,2.6889,D
128448,2.6887,D
128557,2.6886,D
128557,2.6885,D
128557,2.6884,D
128667,2.6882,D
128667,2.6881,D
128776,2.6880,D
128776,2.6877,D
128776,2.6876,D
128884,2.6876,D
128885,2.6876,D
128996,2.6876,D
128996,2.6875,D
128996,2.6875,D
129105,2.6875,D
129105,2.6875,D
129213,2.6875,D
129213,2.6875,D
129213,2.6875,D
129324,2.6875,D
129325,2.6875,D
129325,2.6875,D
129434,2.6875,D
129434,2.6875,D
129544,2.6875,D
129544,2.6875,D
129652,2.6875,D
129652,2.6875,D
129652,2.6874,D
129762,2.6874,D
129762,2.6874,D
129864,2.6874,D
129864,2.6874,D
129864,2.6874,D
129968,2.6874,D
129968,2.6874,D
130079,2.6874,D
130079,2.6874,D
130079,2.6874,D
130192,2.6874,D
130192,2.6874,D
130302,2.6874,D
130302,2.6875,D
130303,2.6980,D
130415,2.7326,D
130415,2.7332,D
130527,2.7329,D
130527,2.7318,D
130527,2.7309,D
130638,2.7301,D
130638,2.7295,D
130639,2.7292,D
130750,2.7289,D
130750,2.7287,D
130861,2.7286,D
130861,2.7284,D
130861,2.7283,D
130972,2.7282,D
130973,2.7280,D
131085,2.7279,D
131085,2.7278,D
131085,2.7276,D
131198,2.7274,D
131198,2.7274,D
131311,2.7274,D
131312,2.7274,D
131312,2.7274,D
131423,2.7273,D
131423,2.7273,D
131423,2.7273,D
131535,2.7273,D
131535,2.7273,D
131648,2.7273,D
131648,2.7273,D
131648,2.7273,D
131760,2.7273,D
131761,2.7273,D
131872,2.7273,D
131872,2.7273,D
131872,2.7273,D
131984,2.7273,D
131984,2.7273,D
132093,2.7273,D
132094,2.7273,D
132094,2.7273,D
132204,2.7273,D
132204,2.7273,D
132314,2.7273,D
132314,2.7273,D
132314,2.7273,D
132425,2.7273,D
132425,2.7273,D
132535,2.7273,D
132535,2.7273,D
132535,2.7273,D
132646,2.7273,D
132646,2.7273,D
132757,2.7273,D
132757,2.7724,D
132757,2.7731,D
132866,2.7729,D
132866,2.7720,D
132866,2.7710,D
132977,2.7702,D
132977,2.7695,D
133087,2.7692,D
133087,2.7689,D
133087,2.7687,D
133194,2.7685,D
133195,2.7684,D
133304,2.7682,D
133304,2.7681,D
133304,2.7680,D
133413,2.7678,D
133413,2.7677,D
133524,2.7676,D
133524,2.7674,D
133524,2.7674,D
133633,2.7674,D
133634,2.7674,D
133745,2.7674,D
133745,2.7674,D
133745,2.7674,D
133848,2.7674,D
133848,2.7674,D
133960,2.7674,D
133960,2.7674,D
134073,2.7674,D
134073,2.7674,D
134074,2.7674,D
134186,2.7674,D
134186,2.7674,D
134186,2.7674,D
134297,2.7674,D
134298,2.7674,D
134411,2.7674,D
134411,2.7674,D
134411,2.7674,D
134523,2.7674,D
134523,2.7674,D
134523,2.7674,D
134634,2.7674,D
134634,2.7674,D
134747,2.7674,D
134747,2.7673,D
134858,2.7673,D
134859,2.7673,D
134859,2.7673,D
134971,2.7673,D
134971,2.7673,D
134971,2.7675,D
135083,2.7680,D
135083,2.7982,D
135194,2.8121,D
135194,2.8125,D
135194,2.8121,D
135306,2.8111,D
135306,2.8102,D
135419,2.8095,D
135419,2.8091,D
135419,2.8088,D
135531,2.8085,D
135531,2.8083,D
135643,2.8082,D
135643,2.8081,D
135643,2.8079,D
135757,2.8078,D
135757,2.8077,D
135757,2.8076,D
135868,2.8075,D
135868,2.8072,D
135980,2.8072,D
135981,2.8071,D
135981,2.8071,D
136089,2.8071,D
136089,2.8071,D
136199,2.8071,D
136199,2.8070,D
136199,2.8070,D
136308,2.8070,D
136308,2.8070,D
136417,2.8070,D
136417,2.8070,D
136417,2.8070,D
136526,2.8070,D
136526,2.8069,D
136634,2.8069,D
136635,2.8069,D
136635,2.8069,D
136743,2.8069,D
136743,2.8069,D
136853,2.8069,D
136853,2.8069,D
136853,2.8069,D
136963,2.8069,D
136963,2.8069,D
137072,2.8069,D
137072,2.8069,D
137072,2.8069,D
137182,2.8069,D
137182,2.8069,D
137292,2.8069,D
137292,2.8069,D
137292,2.8068,D
137402,2.8068,D
137402,2.8069,D
137511,2.8288,D
137511,2.8517,D
137511,2.8521,D
137621,2.8518,D
137621,2.8508,D
137731,2.8498,D
137731,2.8490,D
137731,2.8486,D
137832,2.8483,D
137832,2.8480,D
137944,2.8478,D
137944,2.8477,D
137944,2.8476,D
138057,2.8474,D
138057,2.8473,D
138170,2.8472,D
138170,2.8470,D
138170,2.8469,D
138282,2.8466,D
138282,2.8466,D
138282,2.8466,D
138394,2.8465,D
138394,2.8465,D
138506,2.8464,D
138506,2.8464,D
138507,2.8464,D
138617,2.8464,D
138618,2.8464,D
138730,2.8464,D
138730,2.8464,D
138730,2.8464,D
138841,2.8464,D
138841,2.8464,D
138953,2.8464,D
138953,2.8464,D
138953,2.8464,D
139066,2.8464,D
139066,2.8464,D
139066,2.8464,D
139179,2.8464,D
139179,2.8464,D
139292,2.8464,D
139292,2.8464,D
139292,2.8464,D
139405,2.8464,D
139406,2.8464,D
139517,2.8464,D
139517,2.8464,D
139517,2.8464,D
139629,2.8464,D
139629,2.8464,D
139742,2.8464,D
139742,2.8464,D
139742,2.8464,D
139854,2.8490,D
139854,2.8913,D
139854,2.8919,D
139962,2.8918,D
139962,2.8909,D
140070,2.8899,D
140070,2.8890,D
140070,2.8884,D
140180,2.8881,D
140180,2.8878,D
140289,2.8876,D
140289,2.8875,D
140290,2.8873,D
140400,2.8872,D
140400,2.8871,D
140509,2.8870,D
140510,2.8869,D
140619,2.8868,D
140619,2.8866,D
140619,2.8864,D
140728,2.8864,D
140728,2.8864,D
140728,2.8864,D
140839,2.8864,D
140839,2.8864,D
140949,2.8864,D
140949,2.8863,D
140950,2.8863,D
141059,2.8863,D
141059,2.8863,D
141168,2.8863,D
141169,2.8863,D
141169,2.8862,D
141280,2.8862,D
141280,2.8862,D
141390,2.8862,D
141390,2.8862,D
141390,2.8862,D
141500,2.8862,D
141500,2.8862,D
141611,2.8862,D
141611,2.8862,D
141611,2.8862,D
141720,2.8862,D
141721,2.8862,D
141830,2.8862,D
141830,2.8861,D
141940,2.8861,D
141940,2.8861,D
141940,2.8861,D
142049,2.8861,D
142049,2.8861,D
142161,2.8861,D
142161,2.8861,D
142161,2.8861,D
142271,2.8993,D
142271,2.9306,D
142271,2.9311,D
142381,2.9309,D
142381,2.9299,D
142491,2.9289,D
142491,2.9281,D
142491,2.9275,D
142602,2.9272,D
142602,2.9270,D
142713,2.9268,D
142713,2.9266,D
142713,2.9265,D
142822,2.9264,D
142822,2.9263,D
142931,2.9262,D
142931,2.9260,D
142931,2.9260,D
143041,2.9257,D
143041,2.9257,D
143151,2.9257,D
143151,2.9257,D
143151,2.9257,D
143262,2.9257,D
143262,2.9257,D
143262,2.9256,D
143371,2.9256,D
143371,2.9256,D
143481,2.9256,D
143481,2.9256,D
143481,2.9256,D
143591,2.9256,D
143591,2.9256,D
143701,2.9256,D
143701,2.9256,D
143701,2.9256,D
143813,2.9256,D
143813,2.9256,D
143927,2.9256,D
143927,2.9256,D
143927,2.9256,D
144040,2.9256,D
144040,2.9256,D
144152,2.9256,D
144152,2.9256,D
144152,2.9256,D
144265,2.9256,D
144265,2.9256,D
144265,2.9256,D
144377,2.9256,D
144377,2.9256,D
144490,2.9256,D
144490,2.9256,D
144490,2.9256,D
144602,2.9256,D
144602,2.9505,D
144715,2.9706,D
144716,2.9711,D
144716,2.9708,D
144827,2.9698,D
144827,2.9687,D
144939,2.9680,D
144939,2.9675,D
144939,2.9672,D
145050,2.9670,D
145050,2.9668,D
145050,2.9667,D
145163,2.9666,D
145163,2.9665,D
145276,2.9664,D
145276,2.9663,D
145388,2.9662,D
145388,2.9661,D
145388,2.9660,D
145501,2.9659,D
145501,2.9659,D
145501,2.9658,D
145613,2.9658,D
145613,2.9657,D
145726,2.9654,D
145726,2.9654,D
145726,2.9654,D
145837,2.9655,D
145837,2.9655,D
145837,2.9655,D
145947,2.9655,D
145947,2.9655,D
146058,2.9655,D
146058,2.9655,D
146058,2.9655,D
146170,2.9655,D
146170,2.9655,D
146279,2.9655,D
146279,2.9655,D
146390,2.9655,D
146390,2.9654,D
146390,2.9654,D
146501,2.9654,D
146501,2.9654,D
146501,2.9654,D
146611,2.9654,D
146611,2.9654,D
146720,2.9654,D
146720,2.9654,D
146720,2.9654,D
146830,2.9653,D
146830,2.9653,D
146940,2.9653,D
146941,2.9653,D
146941,2.9654,D
147048,2.9960,D
147048,3.0105,D
147158,3.0110,D
147158,3.0105,D
147158,3.0096,D
147267,3.0086,D
147268,3.0078,D
147379,3.0073,D
147379,3.0070,D
147379,3.0068,D
147489,3.0066,D
147489,3.0064,D
147600,3.0063,D
147600,3.0061,D
147600,3.0060,D
147709,3.0058,D
147709,3.0057,D
147816,3.0056,D
147816,3.0054,D
147816,3.0053,D
147928,3.0053,D
147928,3.0053,D
148042,3.0053,D
148042,3.0052,D
148042,3.0051,D
148162,3.0051,D
148162,3.0051,D
148162,3.0051,D
148274,3.0051,D
148274,3.0052,D
148387,3.0052,D
148387,3.0052,D
148387,3.0052,D
148499,3.0052,D
148499,3.0052,D
148611,3.0052,D
148611,3.0052,D
148611,3.0052,D
148723,3.0052,D
148723,3.0052,D
148723,3.0052,D
148836,3.0051,D
148837,3.0051,D
148947,3.0051,D
148947,3.0051,D
148947,3.0051,D
149060,3.0051,D
149060,3.0051,D
149172,3.0051,D
149172,3.0051,D
149172,3.0051,D
149284,3.0051,D
149284,3.0051,D
149284,3.0051,D
149396,3.0052,D
149396,3.0449,D
149509,3.0511,D
149509,3.0514,D
149621,3.0509,D
149621,3.0498,D
149621,3.0487,D
149733,3.0478,D
149734,3.0471,D
149734,3.0467,D
149848,3.0464,D
149848,3.0462,D
149957,3.0460,D
149957,3.0458,D
149957,3.0457,D
150066,3.0455,D
150066,3.0454,D
150176,3.0453,D
150176,3.0452,D
150176,3.0451,D
150286,3.0451,D
150286,3.0452,D
150397,3.0452,D
150397,3.0453,D
150397,3.0453,D
150506,3.0453,D
150506,3.0453,D
150616,3.0453,D
150616,3.0453,D
150616,3.0453,D
150726,3.0453,D
150726,3.0453,D
150835,3.0453,D
150835,3.0453,D
150835,3.0453,D
150944,3.0452,D
150944,3.0452,D
151053,3.0452,D
151053,3.0452,D
151053,3.0452,D
151161,3.0452,D
151162,3.0452,D
151272,3.0452,D
151272,3.0451,D
151272,3.0451,D
151383,3.0451,D
151383,3.0451,D
151493,3.0449,D
151493,3.0449,D
151493,3.0448,D
151603,3.0448,D
151603,3.0448,D
151712,3.0448,D
151712,3.0448,D
151712,3.0448,D
151822,3.0449,D
151822,3.0725,D
151822,3.0895,D
151932,3.0900,D
151932,3.0896,D
152042,3.0886,D
152042,3.0876,D
152153,3.0869,D
152153,3.0864,D
152153,3.0861,D
152264,3.0859,D
152264,3.0857,D
152264,3.0855,D
152373,3.0854,D
152373,3.0853,D
152482,3.0852,D
152482,3.0850,D
152482,3.0849,D
152593,3.0848,D
152593,3.0845,D
152701,3.0844,D
152702,3.0844,D
152702,3.0844,D
152812,3.0844,D
152812,3.0844,D
152922,3.0844,D
152922,3.0844,D
152922,3.0844,D
153032,3.0844,D
153032,3.0843,D
153142,3.0843,D
153142,3.0842,D
153142,3.0842,D
153251,3.0842,D
153252,3.0842,D
153361,3.0842,D
153361,3.0842,D
153470,3.0842,D
153470,3.0842,D
153470,3.0842,D
153470,3.0842,D
153580,3.0842,D
153580,3.0842,D
153691,3.0841,D
153691,3.0841,D
153800,3.0841,D
153800,3.0841,D
153800,3.0841,D
153910,3.0841,D
153910,3.0841,D
154020,3.0841,D
154020,3.0841,D
154020,3.0841,D
154130,3.0841,D
154130,3.0841,D
154239,3.0841,D
154239,3.1088,D
154239,3.1289,D
154348,3.1293,D
154348,3.1289,D
154457,3.1280,D
154458,3.1270,D
154458,3.1263,D
154567,3.1258,D
154568,3.1255,D
154678,3.1253,D
154678,3.1251,D
154678,3.1250,D
154788,3.1249,D
154788,3.1248,D
154898,3.1246,D
154898,3.1245,D
154898,3.1244,D
155007,3.1243,D
155007,3.1239,D
155118,3.1239,D
155118,3.1239,D
155118,3.1239,D
155229,3.1239,D
155230,3.1239,D
155230,3.1239,D
155340,3.1239,D
155340,3.1239,D
155448,3.1238,D
155448,3.1238,D
155557,3.1238,D
155557,3.1238,D
155557,3.1238,D
155666,3.1237,D
155666,3.1237,D
155666,3.1237,D
155775,3.1237,D
155775,3.1237,D
155884,3.1237,D
155884,3.1237,D
155884,3.1237,D
155994,3.1237,D
155994,3.1237,D
156103,3.1237,D
156103,3.1238,D
156103,3.1238,D
156211,3.1238,D
156212,3.1238,D
156323,3.1238,D
156323,3.1238,D
156323,3.1238,D
156433,3.1238,D
156433,3.1238,D
156544,3.1238,D
156544,3.1238,D
156544,3.1239,D
156655,3.1317,D
156655,3.1690,D
156767,3.1695,D
156767,3.1694,D
156877,3.1685,D
156877,3.1675,D
156877,3.1665,D
156987,3.1659,D
156988,3.1656,D
156988,3.1653,D
157099,3.1652,D
157099,3.1650,D
157209,3.1649,D
157209,3.1648,D
157209,3.1647,D
157318,3.1646,D
157318,3.1644,D
157427,3.1643,D
157428,3.1641,D
157428,3.1639,D
157536,3.1639,D
157536,3.1639,D
157646,3.1639,D
157646,3.1639,D
157646,3.1639,D
157755,3.1638,D
157755,3.1638,D
157863,3.1638,D
157863,3.1638,D
157863,3.1638,D
157973,3.1638,D
157973,3.1638,D
158083,3.1638,D
158084,3.1638,D
158084,3.1638,D
158193,3.1638,D
158193,3.1638,D
158303,3.1638,D
158303,3.1638,D
158303,3.1638,D
158411,3.1638,D
158412,3.1637,D
158520,3.1637,D
158521,3.1637,D
158521,3.1637,D
158630,3.1637,D
158631,3.1637,D
158631,3.1637,D
158741,3.1637,D
158741,3.1637,D
158851,3.1637,D
158851,3.1637,D
158959,3.1637,D
158959,3.1637,D
158959,3.1637,D
159069,3.1638,D
159069,3.1971,D
159178,3.2086,D
159178,3.2086,D
159178,3.2083,D
159286,3.2074,D
159286,3.2065,D
159397,3.2057,D
159397,3.2052,D
159506,3.2049,D
159506,3.2047,D
159506,3.2045,D
159615,3.2044,D
159615,3.2043,D
159615,3.2042,D
159724,3.2041,D
159724,3.2039,D
159834,3.2038,D
159834,3.2037,D
159834,3.2034,D
159943,3.2034,D
159943,3.2034,D
160053,3.2034,D
160053,3.2034,D
160053,3.2034,D
160164,3.2034,D
160164,3.2033,D
160274,3.2033,D
160274,3.2033,D
160274,3.2033,D
160385,3.2033,D
160386,3.2033,D
160497,3.2033,D
160497,3.2032,D
160497,3.2032,D
160608,3.2032,D
160608,3.2032,D
160608,3.2032,D
160717,3.2032,D
160717,3.2032,D
160828,3.2032,D
160828,3.2032,D
160828,3.2032,D
160936,3.2032,D
160937,3.2032,D
161047,3.2032,D
161048,3.2032,D
161048,3.2032,D
161158,3.2031,D
161158,3.2031,D
161268,3.2031,D
161268,3.2031,D
161268,3.2031,D
161379,3.2031,D
161379,3.2031,D
161489,3.2031,D
161489,3.2058,D
161489,3.2480,D
161598,3.2486,D
161598,3.2482,D
161708,3.2475,D
161708,3.2465,D
161708,3.2456,D
161818,3.2449,D
161819,3.2445,D
161927,3.2443,D
161928,3.2441,D
161928,3.2440,D
162037,3.2439,D
162037,3.2438,D
162147,3.2436,D
162147,3.2435,D
162147,3.2434,D
162256,3.2433,D
162256,3.2430,D
162366,3.2429,D
162366,3.2429,D
162366,3.2429,D
162474,3.2429,D
162474,3.2429,D
162585,3.2429,D
162585,3.2429,D
162585,3.2429,D
162693,3.2429,D
162694,3.2429,D
162804,3.2429,D
162804,3.2429,D
162911,3.2429,D
162912,3.2429,D
162912,3.2429,D
163022,3.2429,D
163023,3.2429,D
163023,3.2429,D
163132,3.2428,D
163132,3.2428,D
163242,3.2428,D
163242,3.2428,D
163242,3.2428,D
163351,3.2427,D
163351,3.2427,D
163459,3.2427,D
163459,3.2427,D
163460,3.2427,D
163568,3.2427,D
163569,3.2427,D
163677,3.2427,D
163678,3.2427,D
163678,3.2427,D
163788,3.2427,D
163788,3.2427,D
163895,3.2428,D
163896,3.2428,D
163896,3.2561,D
164007,3.2877,D
164007,3.2880,D
164118,3.2880,D
164119,3.2871,D
164119,3.2860,D
164230,3.2851,D
164230,3.2844,D
164230,3.2841,D
164340,3.2839,D
164341,3.2837,D
164453,3.2836,D
164453,3.2835,D
164453,3.2834,D
164565,3.2833,D
164565,3.2832,D
164677,3.2831,D
164677,3.2830,D
164677,3.2828,D
164788,3.2826,D
164788,3.2826,D
164899,3.2826,D
164899,3.2826,D
164899,3.2826,D
165010,3.2826,D
165010,3.2826,D
165121,3.2825,D
165121,3.2825,D
165121,3.2825,D
165233,3.2825,D
165233,3.2825,D
165233,3.2825,D
165346,3.2825,D
165346,3.2825,D
165457,3.2825,D
165458,3.2825,D
165458,3.2825,D
165568,3.2825,D
165569,3.2825,D
165680,3.2825,D
165681,3.2825,D
165681,3.2825,D
165791,3.2825,D
165791,3.2825,D
165901,3.2825,D
165901,3.2825,D
165901,3.2824,D
166012,3.2824,D
166012,3.2824,D
166122,3.2823,D
166122,3.2823,D
166122,3.2823,D
166232,3.2823,D
166233,3.2823,D
166343,3.2823,D
166343,3.2825,D
166343,3.2959,D
166452,3.3269,D
166452,3.3272,D
166562,3.3272,D
166562,3.3266,D
166562,3.3255,D
166672,3.3246,D
166672,3.3240,D
166781,3.3236,D
166781,3.3234,D
166781,3.3233,D
166890,3.3231,D
166890,3.3230,D
166999,3.3230,D
166999,3.3228,D
166999,3.3227,D
167110,3.3226,D
167110,3.3225,D
167218,3.3223,D
167218,3.3221,D
167218,3.3221,D
167327,3.3221,D
167327,3.3221,D
167438,3.3221,D
167438,3.3221,D
167438,3.3221,D
167547,3.3221,D
167547,3.3221,D
167547,3.3220,D
167658,3.3220,D
167658,3.3220,D
167768,3.3220,D
167768,3.3220,D
167878,3.3220,D
167879,3.3220,D
167879,3.3220,D
167988,3.3220,D
167988,3.3220,D
167988,3.3220,D
168099,3.3220,D
168099,3.3220,D
168209,3.3219,D
168209,3.3219,D
168209,3.3219,D
168319,3.3219,D
168319,3.3218,D
168429,3.3218,D
168429,3.3218,D
168429,3.3218,D
168539,3.3218,D
168539,3.3218,D
168647,3.3218,D
168648,3.3218,D
168648,3.3218,D
168757,3.3218,D
168757,3.3219,D
168866,3.3353,D
168867,3.3665,D
168867,3.3668,D
168976,3.3668,D
168976,3.3661,D
169084,3.3652,D
169085,3.3643,D
169195,3.3636,D
169195,3.3632,D
169195,3.3630,D
169303,3.3628,D
169303,3.3626,D
169303,3.3625,D
169412,3.3624,D
169412,3.3623,D
169521,3.3622,D
169521,3.3621,D
169521,3.3620,D
169631,3.3618,D
169631,3.3616,D
169740,3.3616,D
169740,3.3616,D
169740,3.3616,D
169849,3.3616,D
169849,3.3616,D
169959,3.3616,D
169959,3.3615,D
169959,3.3615,D
170067,3.3615,D
170067,3.3615,D
170177,3.3615,D
170177,3.3615,D
170177,3.3615,D
170287,3.3615,D
170287,3.3615,D
170398,3.3615,D
170398,3.3615,D
170508,3.3615,D
170508,3.3615,D
170508,3.3615,D
170616,3.3615,D
170616,3.3615,D
170616,3.3615,D
170726,3.3615,D
170726,3.3615,D
170835,3.3615,D
170835,3.3615,D
170835,3.3615,D
170945,3.3615,D
170945,3.3615,D
171055,3.3615,D
171056,3.3615,D
171056,3.3615,D
171167,3.3614,D
171167,3.3614,D
171278,3.3615,D
171278,3.3775,D
171278,3.4060,D
171388,3.4064,D
171388,3.4063,D
171498,3.4054,D
171498,3.4044,D
171498,3.4035,D
171606,3.4029,D
171606,3.4025,D
171715,3.4023,D
171715,3.4022,D
171715,3.4021,D
171816,3.4020,D
171816,3.4019,D
171928,3.4017,D
171928,3.4016,D
171928,3.4015,D
172040,3.4014,D
172040,3.4011,D
172151,3.4010,D
172152,3.4010,D
172152,3.4010,D
172262,3.4010,D
172262,3.4010,D
172373,3.4010,D
172373,3.4010,D
172373,3.4010,D
172484,3.4009,D
172485,3.4009,D
172595,3.4009,D
172595,3.4009,D
172595,3.4009,D
172707,3.4009,D
172707,3.4009,D
172707,3.4009,D
172818,3.4009,D
172818,3.4009,D
172929,3.4009,D
172929,3.4009,D
172930,3.4009,D
173041,3.4009,D
173041,3.4009,D
173154,3.4009,D
173154,3.4009,D
173154,3.4009,D
173265,3.4009,D
173265,3.4009,D
173376,3.4009,D
173376,3.4009,D
173376,3.4009,D
173488,3.4009,D
173488,3.4009,D
173599,3.4009,D
173600,3.4009,D
173600,3.4009,D
173711,3.4009,D
173711,3.4085,D
173711,3.4451,D
173821,3.4459,D
173821,3.4460,D
173931,3.4452,D
173931,3.4441,D
173931,3.4432,D
174039,3.4425,D
174039,3.4420,D
174150,3.4418,D
174150,3.4416,D
174150,3.4415,D
174257,3.4414,D
174257,3.4413,D
174367,3.4412,D
174367,3.4411,D
174368,3.4410,D
174477,3.4408,D
174477,3.4407,D
174587,3.4406,D
174587,3.4405,D
174696,3.4405,D
174696,3.4405,D
174696,3.4405,D
174805,3.4404,D
174805,3.4404,D
174805,3.4404,D
174913,3.4404,D
174913,3.4404,D
175023,3.4404,D
175023,3.4403,D
175023,3.4403,D
175132,3.4403,D
175132,3.4403,D
175241,3.4403,D
175241,3.4403,D
175241,3.4403,D
175351,3.4403,D
175351,3.4403,D
175461,3.4403,D
175461,3.4403,D
175461,3.4402,D
175569,3.4401,D
175569,3.4401,D
175680,3.4401,D
175680,3.4401,D
175680,3.4401,D
175788,3.4401,D
175788,3.4401,D
175897,3.4401,D
175897,3.4401,D
176007,3.4401,D
176007,3.4401,D
176007,3.4401,D
176116,3.4401,D
176116,3.4401,D
176227,3.4402,D
176227,3.4789,D
176227,3.4848,D
176336,3.4850,D
176336,3.4847,D
176336,3.4838,D
176446,3.4828,D
176446,3.4820,D
176557,3.4815,D
176557,3.4812,D
176557,3.4810,D
176669,3.4809,D
176669,3.4807,D
176780,3.4806,D
176781,3.4805,D
176781,3.4804,D
176892,3.4803,D
176892,3.4802,D
177003,3.4800,D
177003,3.4797,D
177003,3.4797,D
177114,3.4797,D
177114,3.4797,D
177225,3.4797,D
177225,3.4797,D
177225,3.4797,D
177336,3.4797,D
177336,3.4797,D
177336,3.4797,D
177446,3.4797,D
177446,3.4797,D
177557,3.4797,D
177557,3.4797,D
177557,3.4796,D
177667,3.4796,D
177667,3.4796,D
177779,3.4796,D
177779,3.4796,D
177779,3.4796,D
177889,3.4796,D
177889,3.4796,D
178000,3.4796,D
178000,3.4796,D
178000,3.4796,D
178111,3.4795,D
178111,3.4795,D
178221,3.4796,D
178221,3.4796,D
178221,3.4796,D
178332,3.4796,D
178332,3.4796,D
178444,3.4796,D
178444,3.4796,D
178444,3.4796,D
178554,3.4796,D
178554,3.4796,D
178665,3.4796,D
178665,3.4986,D
178665,3.5243,D
178775,3.5250,D
178775,3.5247,D
178886,3.5238,D
178886,3.5228,D
178886,3.5219,D
178995,3.5213,D
178995,3.5209,D
178995,3.5207,D
179104,3.5206,D
179104,3.5204,D
179212,3.5203,D
179212,3.5202,D
179212,3.5201,D
179322,3.5200,D
179322,3.5199,D
179432,3.5198,D
179432,3.5196,D
179432,3.5194,D
179543,3.5194,D
179543,3.5194,D
179653,3.5194,D
179653,3.5194,D
179653,3.5194,D
179765,3.5194,D
179765,3.5194,D
179875,3.5194,D
179875,3.5193,D
179875,3.5193,D
179986,3.5193,D
179986,3.5193,D
180096,3.5193,D
180096,3.5193,D
180096,3.5193,D
180207,3.5193,D
180207,3.5193,D
180317,3.5193,D
180317,3.5193,D
180318,3.5193,D
180428,3.5193,D
180429,3.5193,D
180538,3.5193,D
180538,3.5193,D
180538,3.5193,D
180648,3.5193,D
180648,3.5193,D
180760,3.5193,D
180760,3.5193,D
180760,3.5193,D
180870,3.5193,D
180870,3.5193,D
180981,3.5193,D
180981,3.5193,D
180981,3.5193,D
181092,3.5193,D
181092,3.5193,D
181092,3.5524,D
181202,3.5639,D
181202,3.5642,D
181312,3.5640,D
181312,3.5633,D
181312,3.5623,D
181422,3.5613,D
181422,3.5608,D
181532,3.5605,D
181532,3.5603,D
181532,3.5602,D
181642,3.5600,D
181642,3.5599,D
181752,3.5598,D
181752,3.5597,D
181752,3.5596,D
181862,3.5595,D
181862,3.5594,D
181973,3.5591,D
181973,3.5590,D
181973,3.5590,D
182083,3.5590,D
182083,3.5590,D
182194,3.5590,D
182194,3.5590,D
182306,3.5590,D
182306,3.5590,D
182306,3.5590,D
182415,3.5590,D
182415,3.5589,D
182415,3.5589,D
182527,3.5589,D
182527,3.5589,D
182637,3.5589,D
182637,3.5589,D
182637,3.5589,D
182748,3.5589,D
182748,3.5589,D
182859,3.5589,D
182859,3.5588,D
182859,3.5588,D
182970,3.5588,D
182971,3.5588,D
183081,3.5588,D
183081,3.5588,D
183081,3.5588,D
183192,3.5587,D
183192,3.5587,D
183303,3.5587,D
183304,3.5587,D
183304,3.5587,D
183414,3.5587,D
183414,3.5587,D
183414,3.5587,D
183525,3.5587,D
183525,3.5587,D
183636,3.5587,D
183636,3.5890,D
183636,3.6032,D
183748,3.6039,D
183748,3.6036,D
183857,3.6027,D
183857,3.6017,D
183857,3.6008,D
183968,3.6002,D
183968,3.5999,D
184079,3.5996,D
184079,3.5995,D
184079,3.5994,D
184189,3.5993,D
184189,3.5992,D
184297,3.5990,D
184297,3.5989,D
184297,3.5988,D
184408,3.5987,D
184408,3.5985,D
184518,3.5983,D
184518,3.5983,D
184519,3.5983,D
184628,3.5983,D
184628,3.5983,D
184628,3.5983,D
184738,3.5983,D
184738,3.5983,D
184849,3.5983,D
184849,3.5983,D
184849,3.5983,D
184960,3.5983,D
184960,3.5983,D
185072,3.5983,D
185072,3.5983,D
185182,3.5983,D
185182,3.5983,D
185182,3.5984,D
185292,3.5984,D
185292,3.5984,D
185292,3.5984,D
185400,3.5985,D
185401,3.5985,D
185511,3.5985,D
185511,3.5985,D
185511,3.5985,D
185621,3.5985,D
185621,3.5985,D
185733,3.5985,D
185733,3.5985,D
185733,3.5984,D
185843,3.5984,D
185843,3.5984,D
185954,3.5984,D
185954,3.5984,D
185954,3.5983,D
186065,3.5983,D
186065,3.5983,D
186176,3.6319,D
186176,3.6434,D
186176,3.6439,D
186286,3.6436,D
186286,3.6427,D
186397,3.6417,D
186397,3.6408,D
186397,3.6403,D
186507,3.6400,D
186507,3.6398,D
186507,3.6397,D
186617,3.6396,D
186617,3.6395,D
186726,3.6394,D
186726,3.6394,D
186726,3.6392,D
186837,3.6391,D
186837,3.6390,D
186948,3.6388,D
186948,3.6387,D
186948,3.6387,D
187059,3.6387,D
187059,3.6387,D
187170,3.6387,D
187170,3.6387,D
187280,3.6387,D
187280,3.6387,D
187280,3.6386,D
187391,3.6386,D
187391,3.6386,D
187391,3.6386,D
187499,3.6386,D
187499,3.6386,D
187610,3.6386,D
187610,3.6386,D
187610,3.6386,D
187720,3.6386,D
187720,3.6386,D
187830,3.6386,D
187831,3.6385,D
187831,3.6385,D
187940,3.6385,D
187940,3.6384,D
188049,3.6384,D
188049,3.6384,D
188049,3.6383,D
188158,3.6383,D
188159,3.6383,D
188268,3.6383,D
188268,3.6383,D
188268,3.6383,D
188376,3.6383,D
188377,3.6383,D
188487,3.6383,D
188488,3.6383,D
188488,3.6383,D
188598,3.6384,D
188598,3.6715,D
188708,3.6830,D
188708,3.6835,D
188708,3.6832,D
188817,3.6823,D
188817,3.6812,D
188927,3.6803,D
188928,3.6797,D
188928,3.6794,D
189037,3.6792,D
189037,3.6791,D
189147,3.6790,D
189147,3.6789,D
189147,3.6788,D
189257,3.6787,D
189257,3.6786,D
189366,3.6785,D
189366,3.6784,D
189366,3.6781,D
189477,3.6780,D
189477,3.6780,D
189477,3.6780,D
189588,3.6780,D
189588,3.6780,D
189698,3.6780,D
189698,3.6780,D
189698,3.6780,D
189809,3.6780,D
189809,3.6780,D
189919,3.6780,D
189919,3.6780,D
189919,3.6780,D
190028,3.6780,D
190029,3.6780,D
190138,3.6780,D
190138,3.6780,D
190138,3.6780,D
190247,3.6780,D
190247,3.6780,D
190357,3.6780,D
190357,3.6780,D
190357,3.6780,D
190466,3.6780,D
190466,3.6780,D
190576,3.6780,D
190576,3.6779,D
190684,3.6779,D
190684,3.6779,D
190684,3.6779,D
190794,3.6779,D
190794,3.6779,D
190794,3.6779,D
190904,3.6779,D
190904,3.6779,D
191014,3.6779,D
191014,3.6779,D
191014,3.6779,D
191122,3.6968,D
191122,3.7226,D
191231,3.7231,D
191231,3.7229,D
191231,3.7221,D
191341,3.7211,D
191341,3.7201,D
191450,3.7194,D
191450,3.7190,D
191450,3.7188,D
191559,3.7186,D
191559,3.7186,D
191668,3.7185,D
191668,3.7185,D
191777,3.7184,D
191778,3.7184,D
191778,3.7183,D
191888,3.7182,D
191888,3.7181,D
191997,3.7180,D
191998,3.7178,D
191998,3.7178,D
192108,3.7178,D
192108,3.7178,D
192108,3.7178,D
192218,3.7178,D
192218,3.7178,D
192326,3.7177,D
192326,3.7177,D
192326,3.7177,D
192436,3.7177,D
192436,3.7177,D
192546,3.7177,D
192546,3.7177,D
192546,3.7177,D
192656,3.7177,D
192656,3.7177,D
192766,3.7177,D
192766,3.7176,D
192766,3.7176,D
192875,3.7176,D
192875,3.7176,D
192988,3.7176,D
192988,3.7176,D
192988,3.7175,D
193098,3.7174,D
193098,3.7174,D
193206,3.7174,D
193207,3.7174,D
193207,3.7174,D
193316,3.7174,D
193316,3.7174,D
193426,3.7174,D
193426,3.7174,D
193426,3.7174,D
193535,3.7174,D
193535,3.7174,D
193644,3.7175,D
193644,3.7620,D
193644,3.7628,D
193755,3.7628,D
193756,3.7622,D
193756,3.7613,D
193865,3.7602,D
193865,3.7594,D
193975,3.7589,D
193975,3.7586,D
194084,3.7584,D
194084,3.7583,D
194085,3.7582,D
194194,3.7582,D
194195,3.7581,D
194195,3.7580,D
194304,3.7579,D
194304,3.7578,D
194415,3.7577,D
194415,3.7574,D
194415,3.7573,D
194524,3.7573,D
194524,3.7573,D
194635,3.7573,D
194635,3.7573,D
194635,3.7573,D
194745,3.7572,D
194745,3.7572,D
194855,3.7572,D
194855,3.7572,D
194855,3.7571,D
194964,3.7571,D
194964,3.7571,D
195073,3.7570,D
195073,3.7570,D
195073,3.7569,D
195184,3.7569,D
195184,3.7569,D
195294,3.7569,D
195294,3.7569,D
195404,3.7569,D
195404,3.7569,D
195404,3.7568,D
195514,3.7568,D
195514,3.7568,D
195514,3.7568,D
195624,3.7568,D
195624,3.7568,D
195733,3.7568,D
195734,3.7568,D
195734,3.7568,D
195844,3.7568,D
195844,3.7568,D
195953,3.7567,D
195953,3.7567,D
195953,3.7567,D
196064,3.7567,D
196064,3.7568,D
196173,3.7814,D
196173,3.8014,D
196173,3.8020,D
196282,3.8019,D
196282,3.8011,D
196392,3.8001,D
196392,3.7991,D
196392,3.7985,D
196502,3.7981,D
196502,3.7979,D
196611,3.7977,D
196611,3.7976,D
196611,3.7975,D
196721,3.7975,D
196721,3.7974,D
196721,3.7973,D
196831,3.7972,D
196831,3.7971,D
196941,3.7970,D
196941,3.7967,D
197052,3.7967,D
197052,3.7967,D
197053,3.7968,D
197163,3.7968,D
197163,3.7968,D
197272,3.7968,D
197272,3.7967,D
197272,3.7967,D
197380,3.7967,D
197380,3.7967,D
197490,3.7967,D
197490,3.7967,D
197490,3.7967,D
197600,3.7967,D
197601,3.7967,D
197711,3.7967,D
197711,3.7968,D
197711,3.7968,D
197821,3.7968,D
197822,3.7968,D
197822,3.7968,D
197932,3.7968,D
197932,3.7968,D
198042,3.7968,D
198042,3.7968,D
198042,3.7968,D
198151,3.7968,D
198152,3.7968,D
198261,3.7968,D
198261,3.7968,D
198261,3.7968,D
198371,3.7968,D
198371,3.7968,D
198480,3.7968,D
198480,3.7968,D
198480,3.7968,D
198591,3.7968,D
198591,3.7994,D
198700,3.8419,D
198701,3.8423,D
198811,3.8421,D
198811,3.8415,D
198811,3.8406,D
198921,3.8396,D
198921,3.8387,D
199032,3.8381,D
199032,3.8378,D
199032,3.8376,D
199141,3.8375,D
199141,3.8374,D
199141,3.8373,D
199249,3.8373,D
199250,3.8372,D
199360,3.8371,D
199360,3.8371,D
199360,3.8370,D
199469,3.8367,D
199470,3.8367,D
199579,3.8367,D
199579,3.8367,D
199579,3.8367,D
199689,3.8367,D
199689,3.8367,D
199800,3.8367,D
199800,3.8367,D
199800,3.8367,D
199909,3.8367,D
199909,3.8367,D
200020,3.8367,D
200020,3.8367,D
200020,3.8367,D
200130,3.8367,D
200131,3.8367,D
200239,3.8367,D
200240,3.8367,D
200240,3.8367,D
200350,3.8366,D
200350,3.8366,D
200459,3.8366,D
200460,3.8366,D
200460,3.8366,D
200569,3.8366,D
200569,3.8366,D
200679,3.8366,D
200680,3.8366,D
200680,3.8366,D
200789,3.8366,D
200789,3.8366,D
200898,3.8366,D
200898,3.8366,D
200898,3.8366,D
201008,3.8366,D
201008,3.8366,D
201008,3.8366,D
201117,3.8366,D
201117,3.8527,D
201227,3.8812,D
201227,3.8818,D
201338,3.8818,D
201338,3.8811,D
201338,3.8801,D
201447,3.8791,D
201447,3.8783,D
201555,3.8779,D
201555,3.8777,D
201556,3.8775,D
201664,3.8774,D
201664,3.8773,D
201773,3.8772,D
201773,3.8771,D
201773,3.8770,D
201879,3.8769,D
201879,3.8768,D
201992,3.8767,D
201992,3.8764,D
201992,3.8764,D
202105,3.8764,D
202105,3.8764,D
202216,3.8764,D
202216,3.8764,D
202216,3.8764,D
202328,3.8763,D
202329,3.8763,D
202329,3.8763,D
202440,3.8763,D
202440,3.8763,D
202552,3.8763,D
202552,3.8763,D
202552,3.8763,D
202664,3.8763,D
202664,3.8763,D
202776,3.8763,D
202776,3.8762,D
202776,3.8762,D
202888,3.8762,D
202888,3.8762,D
202999,3.8762,D
202999,3.8762,D
202999,3.8762,D
203112,3.8762,D
203112,3.8762,D
203112,3.8762,D
203224,3.8762,D
203224,3.8762,D
203336,3.8762,D
203336,3.8762,D
203336,3.8762,D
203448,3.8762,D
203448,3.8762,D
203561,3.8762,D
203561,3.8762,D
203561,3.8762,D
203673,3.8762,D
203673,3.8866,D
203786,3.9209,D
203786,3.9216,D
203786,3.9215,D
203897,3.9208,D
203898,3.9199,D
203898,3.9189,D
204007,3.9181,D
204007,3.9176,D
204118,3.9172,D
204118,3.9169,D
204118,3.9168,D
204230,3.9167,D
204230,3.9166,D
204339,3.9165,D
204339,3.9165,D
204339,3.9164,D
204450,3.9163,D
204451,3.9162,D
204561,3.9160,D
204561,3.9161,D
204561,3.9161,D
204670,3.9162,D
204670,3.9163,D
204781,3.9163,D
204781,3.9163,D
204781,3.9163,D
204892,3.9163,D
204892,3.9163,D
205000,3.9163,D
205001,3.9163,D
205001,3.9163,D
205112,3.9163,D
205112,3.9163,D
205221,3.9163,D
205222,3.9162,D
205222,3.9162,D
205332,3.9162,D
205332,3.9162,D
205444,3.9162,D
205444,3.9162,D
205444,3.9162,D
205554,3.9162,D
205554,3.9162,D
205554,3.9162,D
205664,3.9162,D
205664,3.9162,D
205774,3.9162,D
205775,3.9162,D
205880,3.9162,D
205880,3.9162,D
205880,3.9162,D
205991,3.9162,D
205991,3.9162,D
205991,3.9162,D
206105,3.9162,D
206105,3.9162,D
206218,3.9162,D
206218,3.9214,D
206218,3.9605,D
206331,3.9614,D
206331,3.9612,D
206443,3.9605,D
206443,3.9597,D
206443,3.9587,D
206555,3.9579,D
206555,3.9575,D
206668,3.9572,D
206668,3.9570,D
206668,3.9569,D
206779,3.9568,D
206780,3.9567,D
206892,3.9566,D
206892,3.9565,D
206892,3.9564,D
207004,3.9563,D
207004,3.9562,D
207004,3.9558,D
207117,3.9558,D
207117,3.9558,D
207230,3.9558,D
207230,3.9558,D
207230,3.9558,D
207343,3.9558,D
207344,3.9558,D
207454,3.9558,D
207454,3.9558,D
207455,3.9557,D
207565,3.9557,D
207565,3.9557,D
207565,3.9557,D
207676,3.9557,D
207676,3.9557,D
207786,3.9557,D
207786,3.9557,D
207896,3.9557,D
207896,3.9557,D
207896,3.9557,D
208007,3.9556,D
208007,3.9556,D
208007,3.9556,D
208117,3.9556,D
208117,3.9556,D
208228,3.9556,D
208228,3.9556,D
208228,3.9556,D
208340,3.9556,D
208340,3.9556,D
208450,3.9556,D
208450,3.9556,D
208450,3.9555,D
208561,3.9555,D
208562,3.9555,D
208673,3.9555,D
208673,3.9555,D
208673,3.9555,D
208784,3.9632,D
208784,3.9997,D
208896,4.0004,D
208896,4.0002,D
208896,3.9997,D
209006,3.9988,D
209006,3.9978,D
209006,3.9970,D
209117,3.9965,D
209118,3.9962,D
209227,3.9960,D
209228,3.9958,D
209228,3.9957,D
209339,3.9957,D
209340,3.9956,D
209451,3.9955,D
209451,3.9954,D
209451,3.9953,D
209561,3.9952,D
209561,3.9949,D
209672,3.9948,D
209672,3.9948,D
209672,3.9948,D
209782,3.9948,D
209782,3.9948,D
209895,3.9948,D
209895,3.9948,D
209895,3.9948,D
210006,3.9948,D
210006,3.9948,D
210116,3.9948,D
210116,3.9947,D
210116,3.9947,D
210228,3.9947,D
210228,3.9947,D
210338,3.9947,D
210338,3.9947,D
210338,3.9947,D
210449,3.9947,D
210449,3.9947,D
210449,3.9947,D
210560,3.9947,D
210560,3.9947,D
210671,3.9947,D
210671,3.9947,D
210671,3.9947,D
210781,3.9947,D
210781,3.9947,D
210891,3.9947,D
210891,3.9947,D
210891,3.9947,D
211002,3.9947,D
211002,3.9947,D
211112,3.9948,D
211112,3.9948,D
211112,3.9948,D
211223,3.9948,D
211223,3.9948,D
211334,3.9948,D
211334,4.0336,D
211334,4.0396,D
211445,4.0397,D
211445,4.0394,D
211556,4.0386,D
211556,4.0375,D
211556,4.0366,D
211667,4.0360,D
211667,4.0356,D
211778,4.0354,D
211778,4.0353,D
211778,4.0352,D
211889,4.0352,D
211889,4.0351,D
211889,4.0350,D
212000,4.0349,D
212000,4.0349,D
212111,4.0348,D
212111,4.0344,D
212111,4.0343,D
212222,4.0343,D
212222,4.0343,D
212332,4.0343,D
212332,4.0343,D
212442,4.0343,D
212442,4.0343,D
212442,4.0343,D
212554,4.0342,D
212554,4.0342,D
212554,4.0342,D
212665,4.0342,D
212665,4.0342,D
212775,4.0341,D
212775,4.0341,D
212775,4.0341,D
212885,4.0341,D
212885,4.0341,D
212995,4.0341,D
212995,4.0341,D
212995,4.0341,D
213105,4.0341,D
213105,4.0340,D
213215,4.0340,D
213215,4.0340,D
213215,4.0340,D
213327,4.0340,D
213327,4.0340,D
213327,4.0340,D
213439,4.0340,D
213439,4.0340,D
213550,4.0340,D
213550,4.0340,D
213661,4.0340,D
213661,4.0340,D
213661,4.0340,D
213772,4.0339,D
213772,4.0339,D
213772,4.0340,D
213883,4.0500,D
213883,4.0783,D
213992,4.0790,D
213992,4.0789,D
213992,4.0782,D
214104,4.0772,D
214104,4.0762,D
214214,4.0755,D
214214,4.0750,D
214214,4.0748,D
214325,4.0746,D
214325,4.0745,D
214433,4.0745,D
214433,4.0744,D
214543,4.0743,D
214543,4.0743,D
214543,4.0742,D
214654,4.0741,D
214654,4.0740,D
214654,4.0737,D
214764,4.0736,D
214764,4.0736,D
214872,4.0737,D
214873,4.0737,D
214873,4.0737,D
214980,4.0737,D
214980,4.0737,D
215090,4.0737,D
215090,4.0736,D
215090,4.0736,D
215199,4.0736,D
215200,4.0736,D
215308,4.0736,D
215308,4.0736,D
215308,4.0736,D
215417,4.0736,D
215418,4.0736,D
215528,4.0736,D
215528,4.0736,D
215528,4.0736,D
215639,4.0736,D
215639,4.0735,D
215749,4.0735,D
215749,4.0735,D
215749,4.0735,D
215860,4.0735,D
215860,4.0735,D
215969,4.0735,D
215970,4.0735,D
215970,4.0735,D
216080,4.0734,D
216080,4.0734,D
216080,4.0734,D
216191,4.0734,D
216191,4.0734,D
216301,4.0734,D
216301,4.0734,D
216301,4.0735,D
216413,4.0737,D
216413,4.1153,D
216524,4.1186,D
216524,4.1187,D
216636,4.1184,D
216636,4.1175,D
216636,4.1165,D
216746,4.1156,D
216747,4.1150,D
216747,4.1147,D
216858,4.1144,D
216858,4.1143,D
216969,4.1142,D
216969,4.1142,D
216969,4.1141,D
217080,4.1141,D
217080,4.1140,D
217190,4.1139,D
217191,4.1138,D
217191,4.1137,D
217302,4.1134,D
217302,4.1134,D
217412,4.1134,D
217412,4.1134,D
217412,4.1134,D
217521,4.1134,D
217521,4.1134,D
217521,4.1134,D
217631,4.1134,D
217631,4.1134,D
217740,4.1133,D
217740,4.1133,D
217850,4.1133,D
217850,4.1133,D
217850,4.1133,D
217961,4.1133,D
217962,4.1133,D
217962,4.1133,D
218072,4.1134,D
218072,4.1134,D
218182,4.1134,D
218182,4.1134,D
218182,4.1134,D
218292,4.1134,D
218292,4.1134,D
218400,4.1134,D
218400,4.1134,D
218401,4.1134,D
218510,4.1134,D
218510,4.1134,D
218621,4.1134,D
218621,4.1134,D
218731,4.1134,D
218731,4.1134,D
218731,4.1134,D
218841,4.1134,D
218842,4.1134,D
218842,4.1133,D
218952,4.1134,D
218952,4.1350,D
219061,4.1577,D
219062,4.1583,D
219062,4.1582,D
219173,4.1575,D
219173,4.1566,D
219282,4.1556,D
219282,4.1549,D
219282,4.1544,D
219393,4.1542,D
219393,4.1540,D
219502,4.1539,D
219502,4.1538,D
219502,4.1537,D
219612,4.1537,D
219612,4.1536,D
219722,4.1535,D
219722,4.1534,D
219722,4.1533,D
219830,4.1530,D
219830,4.1529,D
219938,4.1529,D
219939,4.1529,D
219939,4.1529,D
220048,4.1529,D
220048,4.1529,D
220157,4.1529,D
220157,4.1529,D
220157,4.1529,D
220267,4.1529,D
220267,4.1529,D
220375,4.1529,D
220375,4.1529,D
220375,4.1529,D
220486,4.1529,D
220486,4.1529,D
220596,4.1528,D
220596,4.1528,D
220596,4.1528,D
220705,4.1528,D
220705,4.1528,D
220814,4.1528,D
220814,4.1528,D
220814,4.1528,D
220925,4.1528,D
220925,4.1528,D
221035,4.1528,D
221035,4.1528,D
221035,4.1528,D
221144,4.1528,D
221144,4.1528,D
221253,4.1528,D
221253,4.1528,D
221253,4.1528,D
221364,4.1528,D
221364,4.1528,D
221473,4.1528,D
221473,4.1528,D
221473,4.1529,D
221583,4.1946,D
221583,4.1978,D
221693,4.1980,D
221693,4.1976,D
221693,4.1968,D
221801,4.1958,D
221801,4.1949,D
221911,4.1944,D
221911,4.1940,D
221911,4.1938,D
222022,4.1937,D
222022,4.1936,D
222131,4.1935,D
222131,4.1935,D
222131,4.1934,D
222239,4.1933,D
222240,4.1932,D
222240,4.1931,D
222350,4.1930,D
222350,4.1927,D
222461,4.1927,D
222461,4.1927,D
222461,4.1927,D
222572,4.1927,D
222572,4.1928,D
222682,4.1928,D
222682,4.1928,D
222682,4.1927,D
222793,4.1927,D
222793,4.1927,D
222902,4.1927,D
222902,4.1927,D
222902,4.1927,D
223011,4.1927,D
223011,4.1928,D
223121,4.1928,D
223121,4.1928,D
223121,4.1928,D
223230,4.1928,D
223230,4.1928,D
223339,4.1928,D
223339,4.1928,D
223447,4.1927,D
223447,4.1927,D
223448,4.1927,D
223556,4.1927,D
223556,4.1927,D
223556,4.1927,D
223665,4.1927,D
223665,4.1927,D
223777,4.1927,D
223777,4.1927,D
223777,4.1927,D
223884,4.1927,D
223884,4.1926,D
223994,4.1925,D
223994,4.1925,D
224103,4.1927,D
224103,4.1981,D
224103,4.2366,D
224213,4.2375,D
224213,4.2374,D
224213,4.2369,D
224325,4.2360,D
224325,4.2349,D
224439,4.2341,D
224439,4.2335,D
224439,4.2332,D
224550,4.2330,D
224550,4.2329,D
224662,4.2328,D
224662,4.2328,D
224662,4.2327,D
224774,4.2326,D
224774,4.2325,D
224774,4.2324,D
224887,4.2323,D
224887,4.2321,D
224999,4.2319,D
224999,4.2318,D
224999,4.2319,D
225112,4.2319,D
225112,4.2319,D
225225,4.2319,D
225225,4.2319,D
225225,4.2319,D
225337,4.2319,D
225337,4.2318,D
225449,4.2318,D
225449,4.2318,D
225449,4.2318,D
225562,4.2318,D
225562,4.2318,D
225562,4.2318,D
225675,4.2318,D
225675,4.2318,D
225788,4.2318,D
225788,4.2318,D
225788,4.2318,D
225899,4.2318,D
225899,4.2318,D
226009,4.2318,D
226009,4.2318,D
226009,4.2318,D
226118,4.2318,D
226118,4.2318,D
226229,4.2318,D
226229,4.2318,D
226229,4.2318,D
226340,4.2318,D
226340,4.2318,D
226448,4.2318,D
226448,4.2317,D
226448,4.2317,D
226557,4.2317,D
226557,4.2317,D
226667,4.2318,D
226667,4.2422,D
226667,4.2763,D
226775,4.2771,D
226775,4.2770,D
226885,4.2764,D
226885,4.2755,D
226885,4.2745,D
226996,4.2736,D
226996,4.2731,D
227107,4.2728,D
227107,4.2726,D
227107,4.2725,D
227217,4.2724,D
227217,4.2724,D
227325,4.2723,D
227325,4.2723,D
227325,4.2722,D
227435,4.2721,D
227435,4.2720,D
227547,4.2718,D
227547,4.2716,D
227548,4.2716,D
227657,4.2716,D
227657,4.2716,D
227657,4.2716,D
227766,4.2716,D
227766,4.2716,D
227878,4.2716,D
227878,4.2716,D
227878,4.2716,D
227988,4.2715,D
227988,4.2715,D
228099,4.2715,D
228099,4.2715,D
228099,4.2715,D
228210,4.2715,D
228210,4.2715,D
228319,4.2715,D
228320,4.2715,D
228429,4.2715,D
228430,4.2715,D
228430,4.2715,D
228539,4.2715,D
228539,4.2715,D
228539,4.2715,D
228649,4.2715,D
228650,4.2715,D
228759,4.2715,D
228759,4.2714,D
228759,4.2714,D
228869,4.2714,D
228869,4.2714,D
228979,4.2714,D
228979,4.2714,D
228979,4.2714,D
229090,4.2714,D
229090,4.2714,D
229199,4.2714,D
229199,4.2714,D
229199,4.2847,D
229309,4.3159,D
229309,4.3166,D
229418,4.3165,D
229418,4.3160,D
229419,4.3151,D
229528,4.3141,D
229528,4.3133,D
229638,4.3128,D
229638,4.3125,D
229638,4.3123,D
229746,4.3122,D
229746,4.3121,D
229857,4.3120,D
229857,4.3119,D
229857,4.3119,D
229966,4.3118,D
229966,4.3117,D
230074,4.3116,D
230074,4.3113,D
230074,4.3112,D
230184,4.3112,D
230184,4.3112,D
230292,4.3112,D
230292,4.3112,D
230292,4.3112,D
230401,4.3112,D
230402,4.3112,D
230511,4.3112,D
230511,4.3112,D
230511,4.3112,D
230621,4.3111,D
230621,4.3111,D
230731,4.3111,D
230731,4.3111,D
230731,4.3111,D
230842,4.3111,D
230842,4.3111,D
230953,4.3111,D
230954,4.3111,D
230954,4.3111,D
231062,4.3111,D
231063,4.3111,D
231172,4.3111,D
231172,4.3111,D
231172,4.3111,D
231282,4.3111,D
231282,4.3111,D
231282,4.3111,D
231392,4.3111,D
231392,4.3111,D
231504,4.3111,D
231505,4.3111,D
231505,4.3111,D
231613,4.3111,D
231613,4.3111,D
231724,4.3111,D
231724,4.3111,D
231832,4.3111,D
231832,4.3188,D
231832,4.3556,D
231944,4.3564,D
231944,4.3563,D
231944,4.3558,D
232054,4.3549,D
232055,4.3539,D
232165,4.3530,D
232165,4.3525,D
232165,4.3522,D
232277,4.3520,D
232277,4.3518,D
232389,4.3517,D
232389,4.3516,D
232389,4.3516,D
232502,4.3515,D
232502,4.3514,D
232614,4.3513,D
232614,4.3512,D
232614,4.3509,D
232726,4.3508,D
232726,4.3508,D
232726,4.3508,D
232838,4.3508,D
232838,4.3508,D
232951,4.3508,D
232951,4.3508,D
232951,4.3508,D
233062,4.3508,D
233062,4.3508,D
233174,4.3508,D
233174,4.3508,D
233174,4.3508,D
233286,4.3507,D
233286,4.3507,D
233399,4.3507,D
233399,4.3507,D
233399,4.3507,D
233511,4.3507,D
233512,4.3507,D
233512,4.3507,D
233623,4.3507,D
233623,4.3507,D
233737,4.3507,D
233737,4.3507,D
233737,4.3507,D
233847,4.3507,D
233847,4.3507,D
233959,4.3506,D
233959,4.3506,D
233959,4.3506,D
234072,4.3506,D
234072,4.3506,D
234184,4.3506,D
234184,4.3506,D
234184,4.3506,D
234296,4.3506,D
234296,4.3506,D
234296,4.3506,D
234409,4.3507,D
234409,4.3810,D
234520,4.3951,D
234520,4.3955,D
234520,4.3954,D
234632,4.3946,D
234632,4.3937,D
234744,4.3927,D
234744,4.3920,D
234744,4.3916,D
234855,4.3914,D
234855,4.3912,D
234966,4.3911,D
234966,4.3910,D
234966,4.3910,D
235079,4.3909,D
235079,4.3908,D
235191,4.3908,D
235191,4.3907,D
235191,4.3904,D
235304,4.3902,D
235304,4.3902,D
235304,4.3902,D
235416,4.3902,D
235416,4.3902,D
235528,4.3902,D
235528,4.3902,D
235528,4.3902,D
235641,4.3902,D
235641,4.3902,D
235753,4.3902,D
235753,4.3902,D
235753,4.3901,D
235862,4.3901,D
235862,4.3901,D
235970,4.3901,D
235971,4.3901,D
235971,4.3901,D
236081,4.3901,D
236081,4.3901,D
236191,4.3901,D
236191,4.3901,D
236191,4.3901,D
236302,4.3901,D
236302,4.3901,D
236412,4.3901,D
236412,4.3901,D
236412,4.3901,D
236523,4.3901,D
236523,4.3901,D
236632,4.3901,D
236632,4.3901,D
236632,4.3901,D
236741,4.3901,D
236741,4.3901,D
236851,4.3901,D
236851,4.3901,D
236851,4.3901,D
236960,4.3901,D
236960,4.3901,D
237070,4.4033,D
237071,4.4347,D
237071,4.4353,D
237181,4.4352,D
237181,4.4346,D
237181,4.4338,D
237291,4.4327,D
237291,4.4319,D
237401,4.4314,D
237401,4.4311,D
237401,4.4309,D
237511,4.4308,D
237511,4.4307,D
237620,4.4306,D
237620,4.4306,D
237730,4.4305,D
237730,4.4304,D
237730,4.4304,D
237839,4.4303,D
237839,4.4300,D
237839,4.4298,D
237947,4.4298,D
237948,4.4298,D
238057,4.4298,D
238057,4.4298,D
238057,4.4298,D
238168,4.4298,D
238168,4.4297,D
238278,4.4297,D
238278,4.4296,D
238389,4.4295,D
238389,4.4295,D
238389,4.4295,D
238499,4.4295,D
238499,4.4295,D
238499,4.4295,D
238608,4.4296,D
238608,4.4296,D
238718,4.4296,D
238719,4.4296,D
238719,4.4296,D
238829,4.4296,D
238829,4.4297,D
238937,4.4297,D
238937,4.4297,D
238937,4.4297,D
239049,4.4298,D
239049,4.4298,D
239160,4.4298,D
239160,4.4298,D
239160,4.4299,D
239270,4.4299,D
239270,4.4299,D
239379,4.4299,D
239380,4.4299,D
239380,4.4299,D
239488,4.4299,D
239488,4.4300,D
239597,4.4300,D
239597,4.4300,D
239597,4.4688,D
239708,4.4747,D
239708,4.4750,D
239816,4.4748,D
239816,4.4741,D
239816,4.4731,D
239926,4.4722,D
239926,4.4715,D
240037,4.4711,D
240037,4.4709,D
240037,4.4707,D
240147,4.4706,D
240147,4.4705,D
240256,4.4704,D
240256,4.4704,D
240257,4.4703,D
240365,4.4702,D
240365,4.4701,D
240476,4.4698,D
240476,4.4696,D
240476,4.4695,D
240586,4.4695,D
240586,4.4695,D
240695,4.4695,D
240696,4.4695,D
240696,4.4695,D
240805,4.4694,D
240805,4.4693,D
240913,4.4693,D
240913,4.4693,D
240913,4.4693,D
241023,4.4693,D
241023,4.4693,D
241133,4.4693,D
241133,4.4693,D
241133,4.4693,D
241243,4.4693,D
241243,4.4693,D
241243,4.4693,D
241353,4.4693,D
241353,4.4693,D
241464,4.4693,D
241464,4.4693,D
241574,4.4693,D
241574,4.4693,D
241574,4.4693,D
241682,4.4693,D
241682,4.4693,D
241791,4.4693,D
241791,4.4693,D
241791,4.4693,D
241900,4.4692,D
241900,4.4692,D
241900,4.4692,D
242010,4.4692,D
242010,4.4692,D
242119,4.4692,D
242120,4.4692,D
242120,4.4692,D
242229,4.4824,D
242229,4.5136,D
242338,4.5143,D
242338,4.5143,D
242338,4.5137,D
242449,4.5129,D
242449,4.5119,D
242557,4.5110,D
242557,4.5105,D
242557,4.5102,D
242665,4.5099,D
242665,4.5098,D
242774,4.5097,D
242774,4.5096,D
242774,4.5096,D
242883,4.5095,D
242883,4.5095,D
242993,4.5094,D
242994,4.5093,D
243102,4.5091,D
243102,4.5089,D
243102,4.5089,D
243212,4.5089,D
243212,4.5089,D
243322,4.5089,D
243322,4.5089,D
243322,4.5089,D
243431,4.5089,D
243431,4.5089,D
243431,4.5089,D
243541,4.5088,D
243542,4.5088,D
243651,4.5088,D
243651,4.5088,D
243651,4.5088,D
243760,4.5088,D
243760,4.5088,D
243864,4.5088,D
243864,4.5088,D
243864,4.5088,D
243976,4.5088,D
243976,4.5088,D
244089,4.5088,D
244089,4.5088,D
244089,4.5088,D
244201,4.5088,D
244202,4.5088,D
244313,4.5088,D
244314,4.5088,D
244314,4.5088,D
244426,4.5088,D
244426,4.5088,D
244538,4.5088,D
244538,4.5088,D
244538,4.5088,D
244651,4.5088,D
244651,4.5088,D
244651,4.5088,D
244763,4.5088,D
244764,4.5088,D
244876,4.5276,D
244876,4.5531,D
244876,4.5536,D
244988,4.5535,D
244988,4.5529,D
245101,4.5519,D
245101,4.5509,D
245214,4.5501,D
245214,4.5496,D
245214,4.5493,D
245326,4.5491,D
245326,4.5490,D
245326,4.5489,D
245437,4.5488,D
245437,4.5488,D
245437,4.5487,D
245549,4.5487,D
245549,4.5486,D
245660,4.5485,D
245660,4.5482,D
245660,4.5481,D
245772,4.5481,D
245772,4.5481,D
245883,4.5481,D
245883,4.5481,D
245994,4.5481,D
245994,4.5481,D
245994,4.5481,D
246104,4.5481,D
246104,4.5480,D
246104,4.5480,D
246214,4.5480,D
246214,4.5480,D
246214,4.5480,D
246323,4.5480,D
246323,4.5480,D
246432,4.5480,D
246432,4.5480,D
246541,4.5480,D
246542,4.5480,D
246542,4.5480,D
246652,4.5480,D
246652,4.5480,D
246762,4.5480,D
246762,4.5480,D
246762,4.5480,D
246870,4.5480,D
246870,4.5480,D
246980,4.5480,D
246981,4.5480,D
246981,4.5480,D
247091,4.5480,D
247091,4.5480,D
247200,4.5480,D
247200,4.5480,D
247200,4.5480,D
247311,4.5480,D
247311,4.5480,D
247420,4.5480,D
247420,4.5480,D
247420,4.5753,D
247530,4.5923,D
247530,4.5930,D
247641,4.5928,D
247641,4.5920,D
247641,4.5911,D
247750,4.5901,D
247750,4.5894,D
247858,4.5889,D
247858,4.5886,D
247858,4.5884,D
247969,4.5883,D
247969,4.5882,D
248078,4.5882,D
248078,4.5881,D
248078,4.5880,D
248189,4.5879,D
248190,4.5878,D
248190,4.5877,D
248299,4.5874,D
248299,4.5873,D
248409,4.5873,D
248409,4.5873,D
248409,4.5873,D
248520,4.5873,D
248520,4.5873,D
248630,4.5873,D
248630,4.5873,D
248630,4.5873,D
248739,4.5872,D
248739,4.5872,D
248849,4.5872,D
248849,4.5872,D
248849,4.5872,D
248958,4.5872,D
248959,4.5872,D
249069,4.5872,D
249070,4.5872,D
249070,4.5872,D
249180,4.5872,D
249180,4.5872,D
249290,4.5872,D
249290,4.5872,D
249401,4.5872,D
249402,4.5872,D
249402,4.5872,D
249510,4.5872,D
249510,4.5872,D
249510,4.5872,D
249619,4.5872,D
249619,4.5872,D
249729,4.5872,D
249730,4.5872,D
249730,4.5872,D
249831,4.5872,D
249831,4.5872,D
249936,4.5872,D
249937,4.5872,D
249937,4.5872,D
250048,4.5872,D
250048,4.6147,D
250161,4.6317,D
250162,4.6323,D
250162,4.6323,D
250274,4.6317,D
250274,4.6307,D
250386,4.6298,D
250386,4.6290,D
250386,4.6285,D
250498,4.6283,D
250498,4.6281,D
250611,4.6280,D
250611,4.6279,D
250611,4.6279,D
250723,4.6279,D
250723,4.6278,D
250835,4.6278,D
250835,4.6277,D
250835,4.6276,D
250948,4.6275,D
250948,4.6273,D
250948,4.6273,D
251061,4.6273,D
251061,4.6273,D
251173,4.6274,D
251173,4.6274,D
251173,4.6274,D
251286,4.6274,D
251286,4.6274,D
251398,4.6274,D
251398,4.6274,D
251398,4.6274,D
251510,4.6274,D
251510,4.6274,D
251510,4.6274,D
251623,4.6274,D
251623,4.6274,D
251735,4.6274,D
251735,4.6274,D
251735,4.6274,D
251847,4.6274,D
251848,4.6274,D
251958,4.6274,D
251958,4.6274,D
251958,4.6274,D
252068,4.6274,D
252068,4.6274,D
252178,4.6274,D
252178,4.6273,D
252178,4.6273,D
252288,4.6273,D
252288,4.6273,D
252398,4.6273,D
252398,4.6273,D
252398,4.6273,D
252509,4.6273,D
252509,4.6273,D
252618,4.6273,D
252618,4.6273,D
252618,4.6273,D
252726,4.6490,D
252726,4.6719,D
252836,4.6724,D
252836,4.6723,D
252836,4.6717,D
252945,4.6708,D
252945,4.6698,D
253055,4.6690,D
253055,4.6685,D
253055,4.6682,D
253165,4.6680,D
253165,4.6678,D
253276,4.6677,D
253276,4.6677,D
253276,4.6676,D
253388,4.6676,D
253388,4.6675,D
253388,4.6674,D
253498,4.6673,D
253498,4.6670,D
253606,4.6669,D
253606,4.6669,D
253606,4.6669,D
253715,4.6669,D
253715,4.6670,D
253824,4.6670,D
253824,4.6670,D
253824,4.6670,D
253933,4.6670,D
253933,4.6670,D
254043,4.6670,D
254043,4.6670,D
254043,4.6670,D
254152,4.6669,D
254152,4.6669,D
254260,4.6669,D
254260,4.6669,D
254260,4.6669,D
254370,4.6669,D
254370,4.6669,D
254480,4.6669,D
254480,4.6669,D
254480,4.6669,D
254590,4.6669,D
254590,4.6669,D
254700,4.6669,D
254700,4.6669,D
254701,4.6669,D
254809,4.6669,D
254809,4.6669,D
254918,4.6669,D
254918,4.6669,D
254918,4.6669,D
255026,4.6669,D
255026,4.6667,D
255135,4.6667,D
255135,4.6667,D
255135,4.6667,D
255246,4.6667,D
255246,4.6669,D
255356,4.6773,D
255356,4.7113,D
255356,4.7121,D
255467,4.7119,D
255467,4.7115,D
255577,4.7105,D
255577,4.7094,D
255688,4.7083,D
255688,4.7077,D
255688,4.7072,D
255798,4.7070,D
255798,4.7069,D
255798,4.7068,D
255909,4.7068,D
255909,4.7067,D
256018,4.7067,D
256018,4.7067,D
256019,4.7066,D
256128,4.7066,D
256129,4.7065,D
256238,4.7064,D
256238,4.7062,D
256238,4.7062,D
256348,4.7062,D
256349,4.7062,D
256456,4.7062,D
256457,4.7062,D
256457,4.7062,D
256565,4.7062,D
256565,4.7061,D
256674,4.7061,D
256674,4.7061,D
256674,4.7061,D
256783,4.7061,D
256783,4.7061,D
256893,4.7061,D
256893,4.7061,D
256893,4.7061,D
257002,4.7060,D
257002,4.7060,D
257111,4.7060,D
257111,4.7060,D
257111,4.7060,D
257222,4.7060,D
257222,4.7060,D
257332,4.7060,D
257332,4.7060,D
257332,4.7060,D
257441,4.7060,D
257441,4.7060,D
257550,4.7060,D
257550,4.7060,D
257550,4.7060,D
257661,4.7060,D
257661,4.7060,D
257768,4.7060,D
257768,4.7060,D
257768,4.7060,D
257879,4.7060,D
257879,4.7060,D
257987,4.7060,D
257988,4.7447,D
257988,4.7505,D
258097,4.7508,D
258097,4.7506,D
258206,4.7499,D
258206,4.7490,D
258316,4.7480,D
258316,4.7473,D
258316,4.7469,D
258428,4.7467,D
258428,4.7465,D
258428,4.7464,D
258537,4.7463,D
258537,4.7462,D
258649,4.7462,D
258649,4.7462,D
258649,4.7461,D
258758,4.7460,D
258758,4.7459,D
258758,4.7456,D
258869,4.7454,D
258869,4.7454,D
258980,4.7454,D
258981,4.7454,D
258981,4.7454,D
259091,4.7454,D
259091,4.7454,D
259200,4.7454,D
259200,4.7454,D
259310,4.7454,D
259310,4.7453,D
259310,4.7453,D
259420,4.7453,D
259420,4.7453,D
259420,4.7453,D
259531,4.7452,D
259531,4.7452,D
259642,4.7452,D
259642,4.7452,D
259642,4.7452,D
259752,4.7452,D
259752,4.7452,D
259862,4.7452,D
259862,4.7452,D
259862,4.7452,D
259972,4.7451,D
259972,4.7451,D
260083,4.7451,D
260084,4.7451,D
260084,4.7451,D
260194,4.7451,D
260194,4.7451,D
260304,4.7451,D
260304,4.7451,D
260305,4.7451,D
260413,4.7450,D
260413,4.7450,D
260523,4.7450,D
260523,4.7450,D
260523,4.7450,D
260634,4.7666,D
260634,4.7891,D
260742,4.7896,D
260742,4.7896,D
260742,4.7891,D
260852,4.7883,D
260852,4.7874,D
260964,4.7865,D
260964,4.7860,D
260964,4.7857,D
261075,4.7854,D
261075,4.7853,D
261182,4.7853,D
261182,4.7853,D
261182,4.7853,D
261291,4.7852,D
261292,4.7851,D
261401,4.7850,D
261401,4.7849,D
261402,4.7848,D
261511,4.7848,D
261512,4.7846,D
261512,4.7846,D
261622,4.7847,D
261622,4.7847,D
261732,4.7847,D
261732,4.7847,D
261732,4.7847,D
261836,4.7847,D
261836,4.7847,D
261946,4.7846,D
261946,4.7846,D
261946,4.7846,D
262056,4.7846,D
262056,4.7845,D
262165,4.7845,D
262166,4.7845,D
262274,4.7845,D
262274,4.7845,D
262274,4.7845,D
262385,4.7845,D
262385,4.7845,D
262494,4.7845,D
262494,4.7845,D
262494,4.7845,D
262603,4.7845,D
262604,4.7845,D
262604,4.7845,D
262714,4.7845,D
262714,4.7845,D
262824,4.7845,D
262824,4.7844,D
262934,4.7844,D
262934,4.7844,D
262934,4.7844,D
263044,4.7844,D
263044,4.7844,D
263044,4.7844,D
263156,4.7844,D
263156,4.7844,D
263267,4.7921,D
263267,4.8290,D
263267,4.8296,D
263377,4.8296,D
263377,4.8291,D
263486,4.8283,D
263486,4.8273,D
263486,4.8264,D
263597,4.8258,D
263597,4.8254,D
263706,4.8252,D
263706,4.8250,D
263706,4.8249,D
263815,4.8249,D
263815,4.8249,D
263927,4.8249,D
263927,4.8248,D
263927,4.8248,D
264037,4.8247,D
264037,4.8246,D
264147,4.8246,D
264147,4.8244,D
264147,4.8243,D
264257,4.8243,D
264257,4.8243,D
264367,4.8243,D
264367,4.8243,D
264367,4.8243,D
264478,4.8243,D
264478,4.8243,D
264588,4.8242,D
264588,4.8242,D
264588,4.8242,D
264698,4.8242,D
264698,4.8242,D
264809,4.8242,D
264809,4.8242,D
264809,4.8242,D
264919,4.8242,D
264919,4.8242,D
264919,4.8242,D
265031,4.8242,D
265031,4.8242,D
265140,4.8242,D
265140,4.8242,D
265140,4.8242,D
265250,4.8242,D
265251,4.8242,D
265360,4.8242,D
265361,4.8242,D
265361,4.8242,D
265471,4.8242,D
265471,4.8242,D
265581,4.8242,D
265581,4.8242,D
265581,4.8241,D
265690,4.8241,D
265690,4.8241,D
265800,4.8241,D
265801,4.8241,D
265910,4.8241,D
265910,4.8458,D
265910,4.8685,D
266020,4.8690,D
266020,4.8689,D
266020,4.8684,D
266129,4.8676,D
266130,4.8666,D
266240,4.8658,D
266240,4.8653,D
266240,4.8650,D
266350,4.8648,D
266350,4.8646,D
266459,4.8645,D
266459,4.8645,D
266459,4.8645,D
266569,4.8644,D
266569,4.8644,D
266680,4.8643,D
266680,4.8642,D
266680,4.8641,D
266790,4.8639,D
266790,4.8638,D
266900,4.8638,D
266900,4.8638,D
266901,4.8639,D
267010,4.8639,D
267011,4.8639,D
267121,4.8639,D
267121,4.8639,D
267121,4.8638,D
267230,4.8638,D
267230,4.8638,D
267340,4.8638,D
267340,4.8638,D
267340,4.8638,D
267451,4.8638,D
267451,4.8638,D
267561,4.8638,D
267561,4.8638,D
267561,4.8638,D
267670,4.8638,D
267671,4.8638,D
267780,4.8638,D
267780,4.8637,D
267780,4.8637,D
267890,4.8637,D
267890,4.8637,D
268001,4.8637,D
268001,4.8637,D
268001,4.8637,D
268109,4.8637,D
268109,4.8637,D
268109,4.8637,D
268219,4.8637,D
268219,4.8637,D
268330,4.8637,D
268330,4.8636,D
268330,4.8636,D
268438,4.8636,D
268438,4.8637,D
268546,4.8640,D
268546,4.8968,D
268546,4.9080,D
268656,4.9085,D
268656,4.9083,D
268766,4.9077,D
268766,4.9068,D
268766,4.9059,D
268876,4.9051,D
268876,4.9046,D
268986,4.9044,D
268986,4.9042,D
268986,4.9041,D
269095,4.9040,D
269096,4.9039,D
269207,4.9039,D
269207,4.9039,D
269318,4.9038,D
269318,4.9037,D
269318,4.9037,D
269428,4.9034,D
269428,4.9032,D
269428,4.9032,D
269537,4.9032,D
269537,4.9032,D
269647,4.9032,D
269647,4.9033,D
269648,4.9033,D
269757,4.9033,D
269757,4.9033,D
269867,4.9032,D
269867,4.9032,D
269867,4.9032,D
269977,4.9032,D
269977,4.9032,D
270087,4.9032,D
270087,4.9032,D
270087,4.9032,D
270197,4.9032,D
270197,4.9032,D
270307,4.9032,D
270307,4.9032,D
270307,4.9032,D
270416,4.9032,D
270416,4.9032,D
270527,4.9032,D
270528,4.9032,D
270638,4.9032,D
270638,4.9032,D
270638,4.9032,D
270748,4.9032,D
270748,4.9032,D
270748,4.9032,D
270858,4.9032,D
270858,4.9032,D
270968,4.9032,D
270969,4.9032,D
270969,4.9032,D
271079,4.9032,D
271079,4.9032,D
271079,4.9032,D
271189,4.9057,D
271189,4.9474,D
271297,4.9481,D
271297,4.9480,D
271408,4.9476,D
271408,4.9469,D
271408,4.9460,D
271516,4.9451,D
271516,4.9444,D
271516,4.9440,D
271625,4.9438,D
271626,4.9436,D
271735,4.9435,D
271735,4.9434,D
271735,4.9434,D
271845,4.9433,D
271845,4.9433,D
271954,4.9432,D
271954,4.9431,D
271954,4.9431,D
272063,4.9428,D
272063,4.9427,D
272173,4.9427,D
272173,4.9427,D
272173,4.9427,D
272282,4.9427,D
272282,4.9427,D
272392,4.9427,D
272392,4.9427,D
272392,4.9427,D
272503,4.9427,D
272503,4.9427,D
272612,4.9426,D
272612,4.9426,D
272722,4.9426,D
272722,4.9426,D
272722,4.9426,D
272832,4.9426,D
272833,4.9426,D
272833,4.9426,D
272943,4.9426,D
272943,4.9426,D
273053,4.9426,D
273053,4.9426,D
273053,4.9426,D
273163,4.9426,D
273164,4.9426,D
273274,4.9426,D
273274,4.9426,D
273274,4.9426,D
273382,4.9426,D
273382,4.9426,D
273491,4.9426,D
273491,4.9426,D
273491,4.9426,D
273601,4.9426,D
273601,4.9426,D
273712,4.9426,D
273712,4.9426,D
273712,4.9426,D
273822,4.9426,D
273822,4.9558,D
273932,4.9870,D
273932,4.9876,D
274043,4.9875,D
274043,4.9870,D
274043,4.9862,D
274153,4.9853,D
274153,4.9844,D
274153,4.9839,D
274263,4.9835,D
274263,4.9833,D
274373,4.9831,D
274373,4.9830,D
274373,4.9830,D
274483,4.9829,D
274483,4.9829,D
274593,4.9828,D
274593,4.9827,D
274593,4.9827,D
274704,4.9824,D
274704,4.9822,D
274812,4.9822,D
274812,4.9822,D
274812,4.9822,D
274923,4.9822,D
274923,4.9822,D
275033,4.9822,D
275034,4.9822,D
275034,4.9822,D
275144,4.9822,D
275144,4.9822,D
275144,4.9822,D
275253,4.9822,D
275253,4.9822,D
275364,4.9822,D
275364,4.9822,D
275364,4.9822,D
275474,4.9822,D
275474,4.9822,D
275583,4.9822,D
275583,4.9822,D
275583,4.9822,D
275693,4.9822,D
275693,4.9822,D
275803,4.9822,D
275803,4.9822,D
275803,4.9822,D
275914,4.9822,D
275914,4.9822,D
276024,4.9822,D
276024,4.9822,D
276024,4.9822,D
276134,4.9822,D
276134,4.9822,D
276243,4.9822,D
276244,4.9822,D
276244,4.9822,D
276351,4.9822,D
276351,4.9822,D
276462,4.9822,D
276462,4.9822,D
276462,4.9873,D
276570,5.0266,D
276570,5.0272,D
276678,5.0271,D
276678,5.0267,D
276678,5.0260,D
276788,5.0251,D
276788,5.0242,D
276899,5.0235,D
276899,5.0231,D
276899,5.0229,D
277008,5.0227,D
277009,5.0226,D
277118,5.0226,D
277119,5.0225,D
277119,5.0225,D
277229,5.0224,D
277229,5.0224,D
277338,5.0223,D
277338,5.0222,D
277448,5.0219,D
277448,5.0219,D
277448,5.0218,D
277558,5.0218,D
277558,5.0219,D
277558,5.0219,D
277669,5.0219,D
277669,5.0219,D
277779,5.0219,D
277779,5.0219,D
277779,5.0219,D
277895,5.0218,D
277895,5.0218,D
277895,5.0218,D
278007,5.0218,D
278007,5.0218,D
278120,5.0218,D
278120,5.0218,D
278230,5.0218,D
278231,5.0218,D
278231,5.0218,D
278343,5.0218,D
278343,5.0218,D
278343,5.0218,D
278455,5.0218,D
278455,5.0218,D
278567,5.0218,D
278567,5.0218,D
278567,5.0218,D
278679,5.0218,D
278679,5.0218,D
278679,5.0218,D
278791,5.0218,D
278791,5.0218,D
278904,5.0218,D
278904,5.0218,D
279017,5.0218,D
279017,5.0218,D
279017,5.0218,D
279128,5.0218,D
279129,5.0218,D
279129,5.0218,D
279240,5.0604,D
279240,5.0662,D
279352,5.0665,D
279352,5.0663,D
279352,5.0657,D
279464,5.0648,D
279464,5.0639,D
279577,5.0632,D
279577,5.0627,D
279577,5.0625,D
279689,5.0623,D
279690,5.0622,D
279802,5.0621,D
279802,5.0620,D
279802,5.0620,D
279913,5.0620,D
279913,5.0619,D
279913,5.0619,D
280024,5.0618,D
280024,5.0616,D
280136,5.0614,D
280136,5.0614,D
280136,5.0614,D
280246,5.0614,D
280246,5.0614,D
280356,5.0614,D
280356,5.0614,D
280357,5.0614,D
280467,5.0614,D
280468,5.0614,D
280576,5.0614,D
280576,5.0614,D
280576,5.0613,D
280687,5.0613,D
280687,5.0613,D
280798,5.0613,D
280798,5.0613,D
280798,5.0613,D
280908,5.0613,D
280908,5.0613,D
280908,5.0613,D
281018,5.0613,D
281019,5.0613,D
281129,5.0613,D
281129,5.0613,D
281129,5.0613,D
281238,5.0613,D
281238,5.0613,D
281348,5.0613,D
281348,5.0613,D
281348,5.0613,D
281456,5.0613,D
281456,5.0613,D
281567,5.0613,D
281567,5.0613,D
281675,5.0613,D
281675,5.0613,D
281675,5.0613,D
281784,5.0613,D
281784,5.0613,D
281897,5.0613,D
281897,5.0915,D
281897,5.1057,D
282010,5.1062,D
282010,5.1061,D
282010,5.1055,D
282122,5.1047,D
282122,5.1038,D
282235,5.1030,D
282235,5.1025,D
282235,5.1022,D
282347,5.1021,D
282347,5.1019,D
282460,5.1019,D
282460,5.1018,D
282460,5.1018,D
282572,5.1018,D
282573,5.1017,D
282684,5.1017,D
282684,5.1016,D
282684,5.1015,D
282796,5.1013,D
282796,5.1012,D
282796,5.1012,D
282907,5.1013,D
282907,5.1013,D
283020,5.1013,D
283020,5.1013,D
283020,5.1013,D
283131,5.1013,D
283132,5.1013,D
283244,5.1013,D
283244,5.1013,D
283244,5.1013,D
283356,5.1013,D
283356,5.1013,D
283469,5.1013,D
283469,5.1013,D
283469,5.1012,D
283582,5.1012,D
283582,5.1012,D
283582,5.1012,D
283696,5.1012,D
283696,5.1012,D
283808,5.1012,D
283809,5.1012,D
283809,5.1012,D
283918,5.1012,D
283918,5.1012,D
284028,5.1012,D
284029,5.1011,D
284029,5.1011,D
284139,5.1011,D
284139,5.1010,D
284248,5.1009,D
284249,5.1009,D
284249,5.1009,D
284359,5.1009,D
284359,5.1009,D
284359,5.1008,D
284468,5.1009,D
284468,5.1009,D
284575,5.1253,D
284575,5.1450,D
284685,5.1455,D
284685,5.1454,D
284685,5.1449,D
284794,5.1441,D
284795,5.1432,D
284904,5.1424,D
284904,5.1418,D
284904,5.1415,D
285014,5.1413,D
285014,5.1412,D
285124,5.1411,D
285124,5.1410,D
285124,5.1410,D
285233,5.1409,D
285233,5.1409,D
285233,5.1409,D
285343,5.1408,D
285343,5.1407,D
285452,5.1404,D
285452,5.1404,D
285562,5.1403,D
285562,5.1404,D
285562,5.1404,D
285672,5.1404,D
285672,5.1404,D
285672,5.1404,D
285782,5.1404,D
285782,5.1404,D
285891,5.1404,D
285891,5.1404,D
285891,5.1404,D
286000,5.1403,D
286000,5.1403,D
286109,5.1403,D
286110,5.1403,D
286110,5.1403,D
286218,5.1403,D
286218,5.1403,D
286329,5.1403,D
286330,5.1403,D
286330,5.1403,D
286440,5.1403,D
286440,5.1403,D
286550,5.1403,D
286550,5.1403,D
286550,5.1403,D
286660,5.1403,D
286660,5.1403,D
286771,5.1403,D
286771,5.1403,D
286881,5.1403,D
286881,5.1403,D
286881,5.1403,D
286992,5.1403,D
286992,5.1403,D
286992,5.1403,D
287104,5.1403,D
287104,5.1403,D
287215,5.1403,D
287215,5.1403,D
287215,5.1817,D
287325,5.1849,D
287325,5.1850,D
287434,5.1847,D
287435,5.1841,D
287435,5.1832,D
287545,5.1823,D
287545,5.1816,D
287656,5.1812,D
287656,5.1809,D
287656,5.1807,D
287767,5.1806,D
287767,5.1805,D
287767,5.1804,D
287880,5.1804,D
287880,5.1804,D
287993,5.1803,D
287993,5.1802,D
287993,5.1800,D
288106,5.1798,D
288107,5.1797,D
288221,5.1797,D
288221,5.1796,D
288221,5.1796,D
288335,5.1796,D
288335,5.1796,D
288335,5.1796,D
288447,5.1796,D
288447,5.1796,D
288561,5.1795,D
288561,5.1794,D
288561,5.1794,D
288674,5.1794,D
288674,5.1794,D
288788,5.1794,D
288789,5.1794,D
288789,5.1794,D
288902,5.1794,D
288902,5.1794,D
288902,5.1793,D
289015,5.1793,D
289015,5.1793,D
289127,5.1793,D
289127,5.1793,D
289240,5.1793,D
289241,5.1792,D
289241,5.1792,D
289353,5.1792,D
289353,5.1792,D
289353,5.1792,D
289466,5.1792,D
289466,5.1792,D
289579,5.1792,D
289579,5.1792,D
289579,5.1792,D
289693,5.1792,D
289693,5.1792,D
289693,5.1792,D
289805,5.1792,D
289805,5.1792,D
289915,5.1792,D
289915,5.1952,D
290026,5.2237,D
290026,5.2243,D
290026,5.2242,D
290138,5.2237,D
290138,5.2230,D
290138,5.2221,D
290248,5.2212,D
290248,5.2206,D
290359,5.2203,D
290359,5.2200,D
290359,5.2199,D
290469,5.2198,D
290469,5.2197,D
290579,5.2197,D
290579,5.2197,D
290579,5.2197,D
290689,5.2196,D
290689,5.2196,D
290800,5.2195,D
290800,5.2193,D
290800,5.2191,D
290911,5.2191,D
290911,5.2191,D
290911,5.2191,D
291023,5.2191,D
291023,5.2191,D
291137,5.2192,D
291137,5.2191,D
291137,5.2191,D
291248,5.2191,D
291248,5.2191,D
291359,5.2191,D
291359,5.2191,D
291359,5.2191,D
291469,5.2191,D
291469,5.2191,D
291579,5.2191,D
291579,5.2191,D
291579,5.2191,D
291690,5.2191,D
291690,5.2191,D
291800,5.2190,D
291800,5.2190,D
291800,5.2190,D
291910,5.2190,D
291910,5.2190,D
292019,5.2190,D
292019,5.2190,D
292019,5.2190,D
292132,5.2190,D
292132,5.2190,D
292242,5.2190,D
292242,5.2190,D
292242,5.2190,D
292354,5.2190,D
292354,5.2190,D
292354,5.2190,D
292465,5.2189,D
292465,5.2189,D
292575,5.2191,D
292575,5.2194,D
292575,5.2576,D
292686,5.2634,D
292686,5.2636,D
292797,5.2634,D
292797,5.2628,D
292909,5.2620,D
292909,5.2611,D
292909,5.2604,D
293018,5.2599,D
293018,5.2596,D
293018,5.2594,D
293129,5.2593,D
293129,5.2592,D
293239,5.2592,D
293239,5.2591,D
293239,5.2591,D
293349,5.2591,D
293349,5.2590,D
293461,5.2590,D
293461,5.2588,D
293461,5.2586,D
293570,5.2586,D
293570,5.2586,D
293681,5.2586,D
293682,5.2586,D
293682,5.2586,D
293790,5.2586,D
293790,5.2586,D
293900,5.2586,D
293900,5.2586,D
293900,5.2586,D
294010,5.2586,D
294010,5.2586,D
294120,5.2586,D
294120,5.2586,D
294120,5.2586,D
294231,5.2586,D
294231,5.2586,D
294231,5.2586,D
294341,5.2586,D
294341,5.2586,D
294452,5.2586,D
294452,5.2586,D
294452,5.2586,D
294562,5.2586,D
294562,5.2586,D
294671,5.2586,D
294671,5.2586,D
294671,5.2586,D
294781,5.2586,D
294781,5.2586,D
294891,5.2586,D
294892,5.2586,D
295003,5.2586,D
295003,5.2586,D
295003,5.2586,D
295115,5.2586,D
295115,5.2586,D
295115,5.2586,D
295226,5.2586,D
295226,5.2586,D
295339,5.2717,D
295339,5.3028,D
295339,5.3034,D
295450,5.3033,D
295450,5.3029,D
295561,5.3022,D
295561,5.3013,D
295561,5.3005,D
295671,5.2999,D
295671,5.2995,D
295780,5.2992,D
295780,5.2991,D
295780,5.2990,D
295890,5.2989,D
295890,5.2989,D
296000,5.2988,D
296000,5.2988,D
296000,5.2987,D
296112,5.2987,D
296112,5.2986,D
296221,5.2983,D
296221,5.2983,D
296221,5.2982,D
296332,5.2982,D
296332,5.2982,D
296332,5.2982,D
296443,5.2982,D
296443,5.2982,D
296554,5.2982,D
296554,5.2982,D
296554,5.2982,D
296664,5.2982,D
296664,5.2982,D
296774,5.2982,D
296774,5.2982,D
296774,5.2982,D
296885,5.2982,D
296885,5.2982,D
296995,5.2982,D
296995,5.2982,D
297107,5.2982,D
297107,5.2982,D
297107,5.2982,D
297219,5.2982,D
297219,5.2982,D
297219,5.2982,D
297329,5.2982,D
297329,5.2982,D
297439,5.2982,D
297439,5.2982,D
297439,5.2982,D
297550,5.2982,D
297550,5.2982,D
297550,5.2982,D
297660,5.2982,D
297660,5.2982,D
297770,5.2982,D
297770,5.2982,D
297879,5.2982,D
297879,5.2982,D
297879,5.2982,D
297990,5.2982,D
297990,5.3170,D
297990,5.3426,D
298101,5.3431,D
298101,5.3429,D
298211,5.3424,D
298212,5.3417,D
298212,5.3408,D
298322,5.3400,D
298322,5.3394,D
298433,5.3391,D
298433,5.3389,D
298433,5.3387,D
298544,5.3386,D
298544,5.3385,D
298655,5.3385,D
298655,5.3385,D
298655,5.3384,D
298766,5.3384,D
298766,5.3383,D
298877,5.3382,D
298877,5.3379,D
298877,5.3379,D
298987,5.3379,D
298987,5.3379,D
299098,5.3379,D
299098,5.3379,D
299098,5.3379,D
299209,5.3379,D
299209,5.3379,D
299319,5.3379,D
299320,5.3379,D
299320,5.3379,D
299430,5.3379,D
299430,5.3379,D
299430,5.3379,D
299540,5.3379,D
299540,5.3379,D
299651,5.3379,D
299651,5.3379,D
299651,5.3379,D
299762,5.3379,D
299762,5.3379,D
299874,5.3379,D
299874,5.3379,D
299985,5.3379,D
299985,5.3379,D
299985,5.3379,D
300096,5.3379,D
300096,5.3379,D
300096,5.3379,D
300207,5.3378,D
300207,5.3378,D
300317,5.3378,D
300317,5.3378,D
300317,5.3377,D
300429,5.3376,D
300429,5.3376,D
300538,5.3376,D
300539,5.3376,D
300539,5.3376,D
300650,5.3376,D
300650,5.3377,D
300759,5.3592,D
300759,5.3815,D
300759,5.3821,D
300870,5.3821,D
300870,5.3817,D
300981,5.3810,D
300981,5.3801,D
300981,5.3793,D
301090,5.3787,D
301091,5.3783,D
301091,5.3781,D
301200,5.3779,D
301200,5.3778,D
301310,5.3777,D
301311,5.3777,D
301311,5.3777,D
301420,5.3776,D
301421,5.3776,D
301530,5.3775,D
301530,5.3774,D
301530,5.3771,D
301642,5.3771,D
301642,5.3770,D
301753,5.3770,D
301753,5.3770,D
301753,5.3770,D
301864,5.3771,D
301864,5.3771,D
301974,5.3771,D
301974,5.3771,D
302086,5.3771,D
302086,5.3770,D
302086,5.3770,D
302197,5.3770,D
302197,5.3770,D
302197,5.3770,D
302306,5.3770,D
302307,5.3770,D
302417,5.3770,D
302417,5.3770,D
302417,5.3770,D
302526,5.3770,D
302526,5.3770,D
302636,5.3770,D
302636,5.3770,D
302636,5.3770,D
302747,5.3770,D
302747,5.3770,D
302857,5.3770,D
302857,5.3770,D
302857,5.3770,D
302968,5.3770,D
302968,5.3770,D
303076,5.3770,D
303076,5.3770,D
303076,5.3770,D
303186,5.3769,D
303186,5.3769,D
303186,5.3769,D
303297,5.3769,D
303297,5.3769,D
303408,5.3769,D
303408,5.4043,D
303408,5.4213,D
303520,5.4218,D
303520,5.4217,D
303629,5.4212,D
303629,5.4205,D
303629,5.4196,D
303739,5.4188,D
303739,5.4182,D
303848,5.4178,D
303848,5.4176,D
303848,5.4175,D
303958,5.4174,D
303958,5.4173,D
304069,5.4173,D
304069,5.4172,D
304181,5.4172,D
304181,5.4171,D
304181,5.4170,D
304291,5.4167,D
304292,5.4166,D
304292,5.4165,D
304402,5.4165,D
304402,5.4165,D
304514,5.4165,D
304514,5.4165,D
304514,5.4165,D
304626,5.4165,D
304626,5.4165,D
304735,5.4164,D
304735,5.4163,D
304735,5.4163,D
304844,5.4163,D
304844,5.4163,D
304954,5.4163,D
304954,5.4163,D
304954,5.4163,D
305065,5.4163,D
305065,5.4163,D
305065,5.4163,D
305176,5.4163,D
305176,5.4163,D
305287,5.4163,D
305287,5.4163,D
305287,5.4163,D
305398,5.4163,D
305398,5.4163,D
305508,5.4163,D
305508,5.4163,D
305508,5.4163,D
305617,5.4163,D
305617,5.4163,D
305729,5.4163,D
305730,5.4163,D
305730,5.4163,D
305840,5.4163,D
305840,5.4163,D
305951,5.4163,D
305951,5.4163,D
305951,5.4163,D
306062,5.4163,D
306062,5.4164,D
306171,5.4467,D
306171,5.4609,D
306171,5.4614,D
306281,5.4613,D
306281,5.4607,D
306391,5.4600,D
306391,5.4592,D
306391,5.4584,D
306503,5.4578,D
306504,5.4575,D
306615,5.4573,D
306615,5.4571,D
306615,5.4570,D
306725,5.4570,D
306725,5.4569,D
306725,5.4569,D
306835,5.4568,D
306835,5.4568,D
306946,5.4567,D
306946,5.4566,D
307056,5.4563,D
307056,5.4563,D
307056,5.4563,D
307168,5.4563,D
307168,5.4563,D
307168,5.4563,D
307280,5.4563,D
307280,5.4563,D
307391,5.4563,D
307391,5.4562,D
307391,5.4562,D
307501,5.4562,D
307502,5.4562,D
307612,5.4562,D
307612,5.4561,D
307612,5.4561,D
307722,5.4561,D
307722,5.4561,D
307833,5.4560,D
307833,5.4560,D
307833,5.4560,D
307944,5.4560,D
307944,5.4560,D
308054,5.4560,D
308054,5.4560,D
308054,5.4559,D
308164,5.4559,D
308164,5.4559,D
308274,5.4559,D
308274,5.4559,D
308274,5.4559,D
308384,5.4559,D
308385,5.4558,D
308385,5.4558,D
308496,5.4558,D
308496,5.4558,D
308605,5.4558,D
308606,5.4558,D
308606,5.4558,D
308716,5.4558,D
308717,5.4558,D
308827,5.4558,D
308827,5.4717,D
308938,5.5000,D
308938,5.5005,D
308938,5.5004,D
309048,5.4999,D
309049,5.4992,D
309160,5.4984,D
309160,5.4976,D
309160,5.4970,D
309270,5.4966,D
309270,5.4963,D
309270,5.4962,D
309381,5.4961,D
309382,5.4960,D
309493,5.4959,D
309493,5.4959,D
309493,5.4959,D
309603,5.4958,D
309604,5.4958,D
309604,5.4956,D
309716,5.4954,D
309716,5.4953,D
309826,5.4953,D
309826,5.4952,D
309936,5.4952,D
309936,5.4952,D
309936,5.4953,D
310048,5.4953,D
310049,5.4953,D
310049,5.4952,D
310160,5.4952,D
310160,5.4952,D
310271,5.4952,D
310271,5.4952,D
310271,5.4951,D
310380,5.4951,D
310381,5.4951,D
310493,5.4951,D
310493,5.4951,D
310493,5.4951,D
310603,5.4951,D
310603,5.4950,D
310714,5.4950,D
310714,5.4950,D
310714,5.4950,D
310825,5.4950,D
310826,5.4950,D
310937,5.4950,D
310937,5.4950,D
310937,5.4950,D
311048,5.4950,D
311048,5.4950,D
311158,5.4950,D
311158,5.4950,D
311158,5.4950,D
311267,5.4950,D
311268,5.4949,D
311268,5.4949,D
311377,5.4949,D
311377,5.4949,D
311487,5.4949,D
311487,5.4949,D
311487,5.4949,D
311597,5.5390,D
311597,5.5397,D
311708,5.5396,D
311708,5.5392,D
311708,5.5386,D
311819,5.5378,D
311819,5.5370,D
311928,5.5363,D
311929,5.5358,D
312040,5.5355,D
312040,5.5353,D
312040,5.5352,D
312150,5.5351,D
312151,5.5351,D
312151,5.5350,D
312260,5.5350,D
312260,5.5350,D
312370,5.5349,D
312370,5.5348,D
312370,5.5346,D
312480,5.5344,D
312480,5.5344,D
312590,5.5344,D
312590,5.5344,D
312590,5.5344,D
312701,5.5344,D
312702,5.5344,D
312810,5.5344,D
312810,5.5344,D
312810,5.5344,D
312920,5.5344,D
312920,5.5344,D
313028,5.5344,D
313028,5.5344,D
313028,5.5344,D
313138,5.5344,D
313138,5.5344,D
313249,5.5344,D
313249,5.5344,D
313359,5.5344,D
313360,5.5344,D
313360,5.5344,D
313471,5.5344,D
313471,5.5344,D
313471,5.5344,D
313582,5.5344,D
313582,5.5344,D
313582,5.5344,D
313691,5.5344,D
313692,5.5344,D
313801,5.5344,D
313801,5.5344,D
313801,5.5344,D
313911,5.5344,D
313911,5.5344,D
314022,5.5344,D
314022,5.5344,D
314133,5.5344,D
314133,5.5344,D
314133,5.5344,D
314243,5.5344,D
314244,5.5344,D
314244,5.5645,D
314353,5.5786,D
314353,5.5791,D
314463,5.5789,D
314463,5.5784,D
314574,5.5777,D
314574,5.5769,D
314574,5.5761,D
314686,5.5756,D
314686,5.5752,D
314686,5.5750,D
314796,5.5748,D
314796,5.5747,D
314906,5.5747,D
314906,5.5746,D
314906,5.5746,D
315016,5.5745,D
315016,5.5745,D
315126,5.5744,D
315126,5.5743,D
315126,5.5741,D
315236,5.5740,D
315236,5.5740,D
315347,5.5740,D
315347,5.5740,D
315347,5.5740,D
315457,5.5740,D
315457,5.5740,D
315568,5.5740,D
315568,5.5740,D
315568,5.5740,D
315680,5.5740,D
315680,5.5740,D
315790,5.5739,D
315790,5.5739,D
315790,5.5739,D
315896,5.5739,D
315897,5.5739,D
316005,5.5739,D
316005,5.5739,D
316005,5.5739,D
316115,5.5739,D
316115,5.5739,D
316224,5.5739,D
316224,5.5739,D
316224,5.5739,D
316334,5.5739,D
316334,5.5739,D
316334,5.5739,D
316444,5.5739,D
316444,5.5739,D
316555,5.5739,D
316555,5.5739,D
316555,5.5739,D
316664,5.5739,D
316664,5.5739,D
316773,5.5738,D
316773,5.5738,D
316773,5.5738,D
316883,5.5738,D
316883,5.5739,D
316994,5.5740,D
316994,5.5929,D
316994,5.6181,D
317105,5.6186,D
317105,5.6185,D
317216,5.6180,D
317216,5.6174,D
317216,5.6166,D
317327,5.6158,D
317327,5.6152,D
317436,5.6147,D
317436,5.6145,D
317436,5.6143,D
317547,5.6142,D
317547,5.6141,D
317658,5.6140,D
317658,5.6140,D
317658,5.6140,D
317768,5.6139,D
317768,5.6139,D
317870,5.6137,D
317870,5.6134,D
317870,5.6134,D
317979,5.6133,D
317979,5.6133,D
318090,5.6133,D
318090,5.6133,D
318201,5.6133,D
318202,5.6133,D
318202,5.6133,D
318311,5.6133,D
318311,5.6133,D
318311,5.6133,D
318423,5.6132,D
318424,5.6132,D
318535,5.6132,D
318535,5.6132,D
318535,5.6132,D
318647,5.6132,D
318647,5.6132,D
318756,5.6132,D
318756,5.6132,D
318756,5.6132,D
318868,5.6132,D
318868,5.6132,D
318868,5.6132,D
318978,5.6132,D
318978,5.6132,D
319089,5.6132,D
319089,5.6132,D
319089,5.6132,D
319200,5.6132,D
319200,5.6132,D
319310,5.6132,D
319311,5.6132,D
319421,5.6132,D
319421,5.6132,D
319421,5.6132,D
319532,5.6132,D
319532,5.6132,D
319642,5.6132,D
319642,5.6132,D
319642,5.6132,D
319753,5.6132,D
319753,5.6436,D
319753,5.6578,D
319864,5.6584,D
319864,5.6582,D
319975,5.6577,D
319975,5.6571,D
319975,5.6563,D
320084,5.6555,D
320085,5.6550,D
320195,5.6546,D
320195,5.6544,D
320195,5.6543,D
320307,5.6542,D
320307,5.6541,D
320418,5.6541,D
320418,5.6541,D
320418,5.6541,D
320529,5.6541,D
320529,5.6540,D
320529,5.6540,D
320639,5.6539,D
320639,5.6539,D
320749,5.6538,D
320749,5.6538,D
320749,5.6538,D
320859,5.6538,D
320859,5.6539,D
320970,5.6539,D
320970,5.6539,D
320970,5.6540,D
321080,5.6540,D
321080,5.6540,D
321192,5.6540,D
321192,5.6540,D
321192,5.6540,D
321302,5.6540,D
321302,5.6540,D
321412,5.6541,D
321412,5.6541,D
321412,5.6541,D
321522,5.6541,D
321522,5.6541,D
321632,5.6541,D
321632,5.6541,D
321632,5.6541,D
321743,5.6541,D
321743,5.6541,D
321853,5.6541,D
321853,5.6541,D
321853,5.6541,D
321965,5.6541,D
321965,5.6541,D
322074,5.6541,D
322074,5.6541,D
322074,5.6541,D
322184,5.6541,D
322184,5.6541,D
322294,5.6541,D
322294,5.6541,D
322294,5.6541,D
322405,5.6541,D
322405,5.6541,D
322515,5.6541,D
322515,5.6923,D
322515,5.6980,D
322626,5.6983,D
322626,5.6980,D
322626,5.6975,D
322737,5.6968,D
322737,5.6959,D
322846,5.6952,D
322846,5.6946,D
322846,5.6943,D
322956,5.6940,D
322956,5.6939,D
323067,5.6938,D
323067,5.6937,D
323067,5.6937,D
323177,5.6936,D
323177,5.6936,D
323287,5.6935,D
323287,5.6934,D
323287,5.6931,D
323398,5.6931,D
323398,5.6930,D
323509,5.6930,D
323509,5.6930,D
323509,5.6930,D
323620,5.6930,D
323620,5.6930,D
323732,5.6930,D
323732,5.6930,D
323844,5.6930,D
323844,5.6929,D
323844,5.6929,D
323844,5.6928,D
323955,5.6928,D
323955,5.6928,D
324064,5.6928,D
324065,5.6928,D
324176,5.6928,D
324176,5.6928,D
324176,5.6928,D
324285,5.6928,D
324285,5.6928,D
324285,5.6928,D
324396,5.6927,D
324396,5.6927,D
324507,5.6927,D
324507,5.6927,D
324617,5.6927,D
324617,5.6927,D
324617,5.6927,D
324728,5.6927,D
324728,5.6927,D
324728,5.6927,D
324837,5.6927,D
324838,5.6927,D
324948,5.6926,D
324948,5.6926,D
325060,5.6926,D
325060,5.6926,D
325060,5.6926,D
325169,5.6926,D
325169,5.6926,D
325169,5.6977,D
325279,5.7368,D
325279,5.7374,D
325388,5.7373,D
325388,5.7368,D
325388,5.7363,D
325499,5.7355,D
325499,5.7348,D
325610,5.7341,D
325610,5.7336,D
325610,5.7333,D
325721,5.7331,D
325721,5.7330,D
325832,5.7329,D
325832,5.7328,D
325832,5.7328,D
325942,5.7328,D
325942,5.7327,D
326054,5.7327,D
326054,5.7326,D
326054,5.7324,D
326165,5.7322,D
326165,5.7322,D
326274,5.7322,D
326274,5.7322,D
326274,5.7322,D
326386,5.7322,D
326386,5.7322,D
326386,5.7322,D
326496,5.7322,D
326496,5.7322,D
326606,5.7322,D
326607,5.7322,D
326717,5.7322,D
326717,5.7321,D
326717,5.7321,D
326827,5.7321,D
326827,5.7321,D
326827,5.7321,D
326938,5.7321,D
326938,5.7321,D
327049,5.7321,D
327049,5.7321,D
327049,5.7320,D
327159,5.7320,D
327159,5.7320,D
327269,5.7320,D
327269,5.7320,D
327269,5.7320,D
327380,5.7320,D
327380,5.7320,D
327491,5.7320,D
327491,5.7320,D
327491,5.7320,D
327602,5.7320,D
327602,5.7320,D
327713,5.7320,D
327713,5.7320,D
327713,5.7320,D
327824,5.7320,D
327824,5.7320,D
327824,5.7320,D
327935,5.7320,D
327935,5.7536,D
328047,5.7762,D
328047,5.7767,D
328047,5.7766,D
328158,5.7761,D
328158,5.7755,D
328269,5.7747,D
328269,5.7740,D
328269,5.7734,D
328380,5.7729,D
328380,5.7727,D
328491,5.7725,D
328491,5.7724,D
328491,5.7723,D
328602,5.7723,D
328602,5.7722,D
328712,5.7722,D
328712,5.7722,D
328712,5.7722,D
328822,5.7721,D
328822,5.7720,D
328933,5.7718,D
328933,5.7717,D
328934,5.7717,D
329042,5.7717,D
329042,5.7717,D
329153,5.7717,D
329154,5.7717,D
329154,5.7717,D
329264,5.7717,D
329264,5.7717,D
329375,5.7717,D
329375,5.7717,D
329375,5.7717,D
329484,5.7717,D
329484,5.7717,D
329596,5.7717,D
329596,5.7717,D
329596,5.7717,D
329708,5.7717,D
329708,5.7716,D
329708,5.7716,D
329820,5.7716,D
329820,5.7716,D
329931,5.7716,D
329931,5.7716,D
329931,5.7716,D
330042,5.7716,D
330042,5.7716,D
330153,5.7716,D
330153,5.7716,D
330153,5.7716,D
330264,5.7716,D
330264,5.7716,D
330374,5.7716,D
330374,5.7716,D
330374,5.7716,D
330486,5.7716,D
330487,5.7716,D
330597,5.7716,D
330597,5.7716,D
330597,5.7716,D
330707,5.7716,D
330707,5.7961,D
330707,5.8158,D
330817,5.8164,D
330817,5.8162,D
330928,5.8157,D
330928,5.8151,D
330928,5.8144,D
331038,5.8136,D
331038,5.8130,D
331149,5.8126,D
331149,5.8123,D
331149,5.8121,D
331260,5.8120,D
331260,5.8119,D
331369,5.8119,D
331369,5.8118,D
331369,5.8118,D
331479,5.8118,D
331479,5.8117,D
331589,5.8116,D
331589,5.8114,D
331698,5.8113,D
331698,5.8113,D
331698,5.8113,D
331816,5.8113,D
331816,5.8113,D
331816,5.8113,D
331928,5.8113,D
331928,5.8113,D
332041,5.8113,D
332041,5.8113,D
332042,5.8113,D
332154,5.8113,D
332154,5.8113,D
332154,5.8113,D
332268,5.8113,D
332268,5.8112,D
332381,5.8112,D
332381,5.8112,D
332381,5.8112,D
332494,5.8112,D
332494,5.8112,D
332608,5.8112,D
332608,5.8112,D
332608,5.8112,D
332722,5.8112,D
332722,5.8112,D
332722,5.8112,D
332835,5.8112,D
332835,5.8112,D
332948,5.8112,D
332948,5.8111,D
332948,5.8111,D
333061,5.8111,D
333061,5.8111,D
333175,5.8110,D
333175,5.8110,D
333175,5.8110,D
333288,5.8110,D
333288,5.8110,D
333288,5.8110,D
333401,5.8110,D
333401,5.8111,D
333513,5.8299,D
333514,5.8552,D
333514,5.8558,D
333626,5.8556,D
333626,5.8551,D
333739,5.8545,D
333739,5.8538,D
333739,5.8530,D
333851,5.8524,D
333851,5.8520,D
333959,5.8517,D
333960,5.8515,D
333960,5.8514,D
334070,5.8513,D
334070,5.8512,D
334070,5.8512,D
334181,5.8512,D
334182,5.8512,D
334292,5.8511,D
334292,5.8511,D
334292,5.8509,D
334402,5.8507,D
334402,5.8507,D
334510,5.8507,D
334510,5.8507,D
334511,5.8507,D
334620,5.8507,D
334620,5.8507,D
334731,5.8507,D
334731,5.8507,D
334842,5.8507,D
334842,5.8507,D
334842,5.8507,D
334952,5.8507,D
334952,5.8507,D
334952,5.8507,D
335062,5.8507,D
335062,5.8507,D
335173,5.8507,D
335173,5.8507,D
335173,5.8507,D
335283,5.8507,D
335283,5.8507,D
335395,5.8507,D
335395,5.8507,D
335395,5.8507,D
335503,5.8507,D
335504,5.8507,D
335612,5.8507,D
335612,5.8507,D
335612,5.8507,D
335724,5.8507,D
335724,5.8507,D
335832,5.8507,D
335832,5.8507,D
335832,5.8507,D
335945,5.8507,D
335945,5.8507,D
336059,5.8507,D
336059,5.8507,D
336059,5.8507,D
336171,5.8507,D
336172,5.8507,D
336172,5.8696,D
336284,5.8951,D
336284,5.8957,D
336398,5.8955,D
336398,5.8950,D
336398,5.8944,D
336512,5.8937,D
336512,5.8929,D
336625,5.8923,D
336625,5.8918,D
336626,5.8915,D
336738,5.8913,D
336739,5.8912,D
336739,5.8911,D
336849,5.8910,D
336850,5.8910,D
336962,5.8910,D
336962,5.8909,D
336962,5.8909,D
337075,5.8908,D
337075,5.8906,D
337189,5.8905,D
337189,5.8904,D
337189,5.8904,D
337303,5.8904,D
337303,5.8904,D
337303,5.8904,D
337415,5.8904,D
337415,5.8904,D
337528,5.8904,D
337528,5.8904,D
337528,5.8904,D
337642,5.8904,D
337642,5.8904,D
337756,5.8904,D
337756,5.8904,D
337756,5.8904,D
337869,5.8904,D
337869,5.8904,D
337980,5.8904,D
337980,5.8903,D
337980,5.8903,D
338092,5.8902,D
338092,5.8902,D
338092,5.8902,D
338203,5.8902,D
338203,5.8902,D
338314,5.8902,D
338315,5.8902,D
338315,5.8901,D
338425,5.8901,D
338425,5.8901,D
338536,5.8901,D
338536,5.8901,D
338536,5.8901,D
338647,5.8901,D
338647,5.8901,D
338757,5.8900,D
338757,5.8900,D
338757,5.8900,D
338867,5.8900,D
338867,5.8900,D
338978,5.8900,D
338978,5.9087,D
338978,5.9339,D
339088,5.9346,D
339089,5.9344,D
339202,5.9340,D
339202,5.9334,D
339202,5.9326,D
339312,5.9319,D
339312,5.9312,D
339422,5.9308,D
339422,5.9304,D
339422,5.9302,D
339532,5.9301,D
339533,5.9300,D
339533,5.9300,D
339643,5.9300,D
339643,5.9299,D
339753,5.9299,D
339753,5.9299,D
339753,5.9298,D
339864,5.9297,D
339864,5.9295,D
339969,5.9294,D
339969,5.9294,D
340083,5.9294,D
340083,5.9294,D
340083,5.9294,D
340195,5.9294,D
340196,5.9294,D
340196,5.9294,D
340309,5.9294,D
340309,5.9294,D
340422,5.9294,D
340423,5.9293,D
340423,5.9293,D
340535,5.9293,D
340535,5.9293,D
340536,5.9293,D
340648,5.9293,D
340648,5.9293,D
340762,5.9293,D
340762,5.9293,D
340875,5.9293,D
340876,5.9293,D
340876,5.9293,D
340989,5.9292,D
340989,5.9292,D
340989,5.9292,D
341102,5.9292,D
341102,5.9292,D
341215,5.9292,D
341216,5.9291,D
341216,5.9291,D
341330,5.9291,D
341330,5.9291,D
341442,5.9291,D
341442,5.9291,D
341442,5.9291,D
341556,5.9291,D
341556,5.9291,D
341556,5.9291,D
341670,5.9291,D
341670,5.9291,D
341782,5.9342,D
341782,5.9732,D
341782,5.9739,D
341898,5.9738,D
341898,5.9733,D
341898,5.9727,D
342012,5.9720,D
342012,5.9713,D
342125,5.9707,D
342125,5.9702,D
342125,5.9698,D
342238,5.9696,D
342238,5.9694,D
342351,5.9693,D
342351,5.9693,D
342351,5.9693,D
342464,5.9692,D
342465,5.9692,D
342465,5.9692,D
342577,5.9691,D
342577,5.9691,D
342690,5.9689,D
342690,5.9688,D
342690,5.9688,D
342803,5.9688,D
342803,5.9688,D
342916,5.9688,D
342916,5.9688,D
342916,5.9688,D
343028,5.9688,D
343028,5.9688,D
343028,5.9688,D
343141,5.9688,D
343141,5.9688,D
343255,5.9688,D
343255,5.9688,D
343255,5.9688,D
343368,5.9688,D
343369,5.9688,D
343482,5.9688,D
343482,5.9688,D
343482,5.9688,D
343594,5.9688,D
343594,5.9688,D
343594,5.9688,D
343707,5.9688,D
343707,5.9688,D
343820,5.9688,D
343820,5.9688,D
343820,5.9688,D
343931,5.9688,D
343931,5.9688,D
344042,5.9688,D
344042,5.9688,D
344042,5.9688,D
344152,5.9688,D
344153,5.9688,D
344262,5.9688,D
344262,5.9688,D
344262,5.9688,D
344372,5.9688,D
344372,5.9688,D
344483,5.9688,D
344483,5.9688,D
344483,5.9990,D
344595,6.0131,D
344595,6.0136,D
344706,6.0134,D
344706,6.0128,D
344706,6.0122,D
344818,6.0115,D
344818,6.0108,D
344818,6.0102,D
344926,6.0098,D
344927,6.0095,D
345037,6.0093,D
345037,6.0092,D
345037,6.0091,D
345148,6.0090,D
345148,6.0090,D
345259,6.0090,D
345259,6.0089,D
345259,6.0089,D
345368,6.0089,D
345368,6.0086,D
345478,6.0085,D
345479,6.0085,D
345588,6.0084,D
345588,6.0084,D
345588,6.0084,D
345700,6.0084,D
345701,6.0084,D
345701,6.0084,D
345813,6.0084,D
345813,6.0084,D
345924,6.0084,D
345924,6.0084,D
345924,6.0084,D
346034,6.0084,D
346035,6.0084,D
346144,6.0084,D
346144,6.0084,D
346144,6.0084,D
346254,6.0084,D
346255,6.0084,D
346365,6.0084,D
346365,6.0084,D
346365,6.0084,D
346477,6.0084,D
346477,6.0084,D
346477,6.0084,D
346587,6.0084,D
346587,6.0084,D
346699,6.0084,D
346699,6.0083,D
346699,6.0083,D
346816,6.0083,D
346816,6.0083,D
346929,6.0083,D
346930,6.0083,D
346930,6.0083,D
347043,6.0083,D
347043,6.0083,D
347156,6.0083,D
347156,6.0083,D
347156,6.0083,D
347270,6.0083,D
347270,6.0187,D
347270,6.0523,D
347383,6.0529,D
347383,6.0527,D
347496,6.0522,D
347496,6.0517,D
347496,6.0511,D
347610,6.0504,D
347610,6.0498,D
347723,6.0493,D
347723,6.0490,D
347723,6.0487,D
347836,6.0486,D
347836,6.0485,D
347947,6.0484,D
347948,6.0484,D
347948,6.0483,D
348059,6.0483,D
348059,6.0483,D
348059,6.0482,D
348171,6.0480,D
348171,6.0479,D
348281,6.0478,D
348281,6.0478,D
348282,6.0478,D
348391,6.0478,D
348391,6.0478,D
348503,6.0478,D
348503,6.0478,D
348503,6.0478,D
348613,6.0478,D
348613,6.0478,D
348724,6.0478,D
348724,6.0478,D
348724,6.0477,D
348833,6.0477,D
348833,6.0477,D
348943,6.0477,D
348943,6.0477,D
348944,6.0477,D
349054,6.0477,D
349054,6.0476,D
349054,6.0476,D
349164,6.0476,D
349164,6.0476,D
349274,6.0476,D
349274,6.0476,D
349383,6.0476,D
349383,6.0476,D
349383,6.0476,D
349494,6.0476,D
349494,6.0476,D
349494,6.0476,D
349604,6.0475,D
349604,6.0475,D
349715,6.0475,D
349716,6.0475,D
349716,6.0475,D
349816,6.0475,D
349817,6.0475,D
349930,6.0475,D
349930,6.0475,D
350043,6.0475,D
350043,6.0475,D
350043,6.0831,D
350156,6.0915,D
350156,6.0919,D
350156,6.0917,D
350268,6.0911,D
350268,6.0905,D
350378,6.0898,D
350378,6.0891,D
350378,6.0886,D
350489,6.0882,D
350489,6.0879,D
350600,6.0877,D
350600,6.0876,D
350600,6.0875,D
350711,6.0875,D
350712,6.0875,D
350822,6.0874,D
350822,6.0874,D
350822,6.0874,D
350933,6.0873,D
350933,6.0871,D
350933,6.0870,D
351046,6.0870,D
351046,6.0869,D
351160,6.0869,D
351160,6.0869,D
351160,6.0870,D
351274,6.0870,D
351274,6.0870,D
351388,6.0870,D
351388,6.0870,D
351388,6.0870,D
351500,6.0870,D
351500,6.0870,D
351613,6.0870,D
351613,6.0870,D
351614,6.0870,D
351727,6.0870,D
351727,6.0869,D
351728,6.0869,D
351841,6.0869,D
351841,6.0869,D
351953,6.0869,D
351953,6.0869,D
351953,6.0869,D
352063,6.0869,D
352063,6.0869,D
352063,6.0869,D
352175,6.0869,D
352175,6.0869,D
352285,6.0869,D
352285,6.0869,D
352285,6.0869,D
352396,6.0869,D
352396,6.0870,D
352507,6.0870,D
352507,6.0870,D
352507,6.0870,D
352618,6.0870,D
352618,6.0870,D
352728,6.0870,D
352728,6.0870,D
352728,6.0870,D
352837,6.0973,D
352837,6.1312,D
352947,6.1319,D
352947,6.1317,D
352947,6.1312,D
353057,6.1307,D
353057,6.1300,D
353168,6.1293,D
353168,6.1287,D
353168,6.1282,D
353279,6.1279,D
353279,6.1276,D
353390,6.1274,D
353391,6.1273,D
353391,6.1273,D
353499,6.1272,D
353500,6.1272,D
353609,6.1272,D
353609,6.1271,D
353719,6.1271,D
353719,6.1269,D
353719,6.1268,D
353832,6.1267,D
353832,6.1267,D
353832,6.1266,D
353946,6.1266,D
353946,6.1266,D
353946,6.1266,D
354058,6.1267,D
354058,6.1267,D
354172,6.1267,D
354172,6.1267,D
354172,6.1267,D
354286,6.1267,D
354286,6.1267,D
354399,6.1266,D
354399,6.1266,D
354512,6.1266,D
354512,6.1266,D
354512,6.1266,D
354624,6.1266,D
354624,6.1266,D
354624,6.1266,D
354737,6.1266,D
354737,6.1266,D
354737,6.1266,D
354849,6.1266,D
354849,6.1266,D
354962,6.1266,D
354962,6.1266,D
354962,6.1266,D
355076,6.1266,D
355076,6.1266,D
355189,6.1266,D
355189,6.1266,D
355189,6.1266,D
355302,6.1266,D
355302,6.1266,D
355302,6.1266,D
355416,6.1266,D
355417,6.1266,D
355530,6.1266,D
355530,6.1266,D
355530,6.1266,D
355643,6.1426,D
355643,6.1708,D
355756,6.1714,D
355756,6.1712,D
355756,6.1707,D
355869,6.1701,D
355869,6.1694,D
355869,6.1687,D
355979,6.1681,D
355979,6.1677,D
356091,6.1673,D
356091,6.1671,D
356091,6.1670,D
356203,6.1669,D
356203,6.1668,D
356313,6.1668,D
356313,6.1667,D
356313,6.1667,D
356424,6.1667,D
356424,6.1666,D
356535,6.1666,D
356535,6.1663,D
356535,6.1663,D
356644,6.1662,D
356644,6.1662,D
356756,6.1662,D
356756,6.1662,D
356756,6.1662,D
356867,6.1662,D
356867,6.1662,D
356975,6.1662,D
356975,6.1662,D
356975,6.1662,D
357086,6.1662,D
357086,6.1662,D
357197,6.1662,D
357197,6.1662,D
357197,6.1662,D
357308,6.1662,D
357309,6.1662,D
357420,6.1662,D
357420,6.1661,D
357420,6.1661,D
357529,6.1661,D
357529,6.1661,D
357640,6.1661,D
357640,6.1661,D
357640,6.1661,D
357750,6.1660,D
357750,6.1660,D
357750,6.1660,D
357864,6.1660,D
357864,6.1660,D
357978,6.1660,D
357978,6.1660,D
357978,6.1660,D
358091,6.1660,D
358091,6.1660,D
358205,6.1660,D
358205,6.1660,D
358205,6.1660,D
358318,6.1660,D
358318,6.1660,D
358424,6.1660,D
358424,6.1933,D
358424,6.2101,D
358536,6.2107,D
358537,6.2105,D
358650,6.2099,D
358650,6.2093,D
358650,6.2086,D
358764,6.2080,D
358764,6.2074,D
358764,6.2070,D
358877,6.2066,D
358877,6.2064,D
358990,6.2063,D
358990,6.2062,D
358991,6.2061,D
359104,6.2061,D
359104,6.2061,D
359217,6.2060,D
359217,6.2060,D
359217,6.2060,D
359331,6.2057,D
359331,6.2056,D
359331,6.2056,D
359444,6.2055,D
359444,6.2055,D
359557,6.2055,D
359557,6.2055,D
359557,6.2055,D
359671,6.2055,D
359671,6.2055,D
359671,6.2055,D
359783,6.2055,D
359783,6.2055,D
359893,6.2055,D
359894,6.2054,D
360003,6.2054,D
360003,6.2054,D
360003,6.2054,D
360113,6.2054,D
360113,6.2054,D
360113,6.2054,D
360224,6.2054,D
360224,6.2053,D
360335,6.2053,D
360335,6.2053,D
360335,6.2053,D
360446,6.2053,D
360446,6.2053,D
360557,6.2053,D
360557,6.2053,D
360557,6.2053,D
360668,6.2053,D
360668,6.2053,D
360778,6.2053,D
360778,6.2053,D
360778,6.2053,D
360888,6.2053,D
360888,6.2053,D
360998,6.2053,D
360998,6.2052,D
360998,6.2052,D
361109,6.2052,D
361109,6.2052,D
361109,6.2053,D
361221,6.2494,D
361221,6.2501,D
361332,6.2500,D
361332,6.2495,D
361332,6.2489,D
361443,6.2483,D
361443,6.2476,D
361554,6.2469,D
361554,6.2464,D
361554,6.2460,D
361665,6.2458,D
361666,6.2456,D
361777,6.2455,D
361777,6.2454,D
361777,6.2454,D
361887,6.2453,D
361887,6.2453,D
361997,6.2453,D
361997,6.2453,D
361997,6.2452,D
362107,6.2451,D
362107,6.2449,D
362217,6.2449,D
362217,6.2448,D
362217,6.2448,D
362328,6.2448,D
362328,6.2448,D
362440,6.2449,D
362440,6.2449,D
362440,6.2449,D
362550,6.2449,D
362550,6.2449,D
362661,6.2449,D
362661,6.2448,D
362661,6.2448,D
362772,6.2448,D
362772,6.2448,D
362883,6.2448,D
362883,6.2448,D
362883,6.2448,D
362993,6.2448,D
362993,6.2448,D
362993,6.2448,D
363103,6.2448,D
363103,6.2448,D
363213,6.2447,D
363213,6.2447,D
363213,6.2447,D
363323,6.2447,D
363323,6.2447,D
363434,6.2447,D
363434,6.2447,D
363434,6.2447,D
363544,6.2447,D
363544,6.2447,D
363655,6.2446,D
363655,6.2446,D
363655,6.2446,D
363765,6.2446,D
363765,6.2446,D
363879,6.2446,D
363879,6.2446,D
363879,6.2447,D
363990,6.2523,D
363990,6.2888,D
364102,6.2895,D
364102,6.2894,D
364102,6.2889,D
364213,6.2883,D
364213,6.2877,D
364213,6.2870,D
364324,6.2864,D
364324,6.2859,D
364436,6.2855,D
364437,6.2852,D
364437,6.2850,D
364541,6.2849,D
364541,6.2848,D
364651,6.2848,D
364651,6.2848,D
364651,6.2848,D
364761,6.2847,D
364761,6.2847,D
364874,6.2847,D
364874,6.2845,D
364985,6.2844,D
364985,6.2843,D
364985,6.2843,D
365099,6.2843,D
365099,6.2843,D
365099,6.2843,D
365213,6.2843,D
365213,6.2843,D
365325,6.2843,D
365325,6.2843,D
365325,6.2843,D
365439,6.2843,D
365439,6.2843,D
365439,6.2843,D
365552,6.2843,D
365552,6.2842,D
365665,6.2842,D
365665,6.2842,D
365665,6.2842,D
365777,6.2842,D
365777,6.2842,D
365889,6.2842,D
365889,6.2842,D
365889,6.2842,D
365999,6.2841,D
365999,6.2841,D
366109,6.2841,D
366109,6.2841,D
366109,6.2841,D
366219,6.2841,D
366219,6.2841,D
366329,6.2841,D
366329,6.2841,D
366329,6.2841,D
366441,6.2841,D
366441,6.2841,D
366551,6.2841,D
366552,6.2841,D
366552,6.2841,D
366663,6.2841,D
366663,6.2841,D
366663,6.2841,D
366773,6.2867,D
366774,6.3282,D
366882,6.3288,D
366882,6.3287,D
366882,6.3282,D
366990,6.3277,D
366991,6.3270,D
367100,6.3264,D
367100,6.3258,D
367211,6.3253,D
367211,6.3249,D
367211,6.3246,D
367321,6.3244,D
367321,6.3243,D
367321,6.3242,D
367432,6.3242,D
367432,6.3241,D
367543,6.3241,D
367543,6.3241,D
367543,6.3240,D
367653,6.3240,D
367653,6.3238,D
367764,6.3237,D
367764,6.3237,D
367764,6.3236,D
367865,6.3236,D
367865,6.3236,D
367979,6.3236,D
367979,6.3236,D
367979,6.3236,D
368091,6.3236,D
368092,6.3236,D
368205,6.3236,D
368205,6.3236,D
368205,6.3236,D
368319,6.3236,D
368319,6.3236,D
368433,6.3236,D
368433,6.3236,D
368433,6.3236,D
368546,6.3235,D
368546,6.3235,D
368658,6.3235,D
368658,6.3235,D
368658,6.3235,D
368770,6.3234,D
368771,6.3234,D
368771,6.3234,D
368884,6.3234,D
368884,6.3234,D
368997,6.3234,D
368997,6.3234,D
368997,6.3234,D
369111,6.3234,D
369111,6.3234,D
369111,6.3234,D
369224,6.3234,D
369224,6.3234,D
369336,6.3234,D
369336,6.3234,D
369449,6.3234,D
369449,6.3234,D
369449,6.3234,D
369563,6.3234,D
369563,6.3234,D
369563,6.3648,D
369676,6.3680,D
369676,6.3681,D
369676,6.3677,D
369789,6.3672,D
369789,6.3666,D
369900,6.3659,D
369900,6.3653,D
369900,6.3648,D
370011,6.3644,D
370011,6.3641,D
370121,6.3639,D
370121,6.3637,D
370232,6.3637,D
370232,6.3636,D
370232,6.3636,D
370341,6.3635,D
370341,6.3635,D
370341,6.3635,D
370453,6.3635,D
370453,6.3633,D
370563,6.3632,D
370563,6.3631,D
370563,6.3631,D
370672,6.3631,D
370673,6.3631,D
370782,6.3631,D
370782,6.3631,D
370782,6.3631,D
370892,6.3631,D
370893,6.3631,D
371004,6.3631,D
371004,6.3631,D
371004,6.3631,D
371116,6.3631,D
371116,6.3631,D
371116,6.3631,D
371226,6.3630,D
371226,6.3630,D
371336,6.3630,D
371336,6.3630,D
371446,6.3630,D
371446,6.3630,D
371446,6.3630,D
371557,6.3630,D
371557,6.3630,D
371557,6.3630,D
371668,6.3629,D
371668,6.3629,D
371778,6.3629,D
371778,6.3629,D
371778,6.3629,D
371881,6.3629,D
371881,6.3629,D
371995,6.3629,D
371995,6.3629,D
371995,6.3629,D
372106,6.3629,D
372106,6.3628,D
372216,6.3628,D
372216,6.3628,D
372326,6.3628,D
372326,6.3628,D
372326,6.3629,D
372438,6.4070,D
372438,6.4076,D
372438,6.4075,D
372549,6.4070,D
372549,6.4064,D
372660,6.4058,D
372660,6.4052,D
372660,6.4046,D
372773,6.4041,D
372773,6.4037,D
372773,6.4034,D
372883,6.4032,D
372883,6.4031,D
372993,6.4030,D
372993,6.4029,D
373106,6.4029,D
373107,6.4028,D
373107,6.4028,D
373219,6.4028,D
373219,6.4027,D
373219,6.4025,D
373332,6.4025,D
373332,6.4024,D
373444,6.4024,D
373444,6.4024,D
373444,6.4023,D
373557,6.4023,D
373557,6.4023,D
373670,6.4023,D
373670,6.4023,D
373670,6.4023,D
373783,6.4023,D
373783,6.4023,D
373896,6.4023,D
373896,6.4023,D
373896,6.4023,D
374008,6.4023,D
374008,6.4023,D
374008,6.4023,D
374119,6.4023,D
374119,6.4023,D
374231,6.4023,D
374231,6.4023,D
374231,6.4023,D
374341,6.4023,D
374341,6.4023,D
374341,6.4023,D
374451,6.4023,D
374452,6.4023,D
374562,6.4023,D
374562,6.4023,D
374674,6.4023,D
374674,6.4022,D
374674,6.4022,D
374785,6.4022,D
374785,6.4022,D
374785,6.4022,D
374895,6.4022,D
374895,6.4022,D
375005,6.4022,D
375005,6.4022,D
375005,6.4022,D
375116,6.4022,D
375117,6.4023,D
375227,6.4409,D
375227,6.4466,D
375227,6.4469,D
375338,6.4466,D
375338,6.4460,D
375448,6.4454,D
375448,6.4448,D
375448,6.4442,D
375558,6.4436,D
375558,6.4432,D
375666,6.4429,D
375666,6.4427,D
375666,6.4426,D
375778,6.4425,D
375778,6.4424,D
375880,6.4423,D
375880,6.4423,D
375994,6.4423,D
375994,6.4423,D
375994,6.4421,D
376106,6.4420,D
376107,6.4419,D
376107,6.4419,D
376220,6.4418,D
376220,6.4418,D
376333,6.4418,D
376333,6.4418,D
376333,6.4418,D
376447,6.4417,D
376447,6.4417,D
376447,6.4417,D
376561,6.4417,D
376561,6.4416,D
376673,6.4416,D
376673,6.4416,D
376673,6.4416,D
376787,6.4416,D
376787,6.4416,D
376900,6.4416,D
376900,6.4416,D
376901,6.4416,D
377015,6.4416,D
377015,6.4416,D
377015,6.4416,D
377129,6.4415,D
377129,6.4415,D
377242,6.4415,D
377242,6.4415,D
377242,6.4415,D
377355,6.4415,D
377355,6.4415,D
377469,6.4415,D
377469,6.4415,D
377469,6.4415,D
377582,6.4415,D
377582,6.4415,D
377696,6.4415,D
377696,6.4415,D
377696,6.4415,D
377808,6.4415,D
377808,6.4415,D
377808,6.4415,D
377921,6.4415,D
377921,6.4415,D
378030,6.4660,D
378031,6.4855,D
378031,6.4861,D
378141,6.4859,D
378141,6.4853,D
378252,6.4847,D
378252,6.4841,D
378252,6.4835,D
378362,6.4829,D
378362,6.4825,D
378474,6.4821,D
378474,6.4819,D
378474,6.4817,D
378584,6.4816,D
378585,6.4816,D
378585,6.4815,D
378695,6.4815,D
378696,6.4815,D
378807,6.4814,D
378807,6.4814,D
378918,6.4813,D
378919,6.4811,D
378919,6.4811,D
379029,6.4810,D
379029,6.4810,D
379138,6.4810,D
379138,6.4810,D
379138,6.4810,D
379249,6.4810,D
379250,6.4810,D
379250,6.4810,D
379360,6.4810,D
379360,6.4810,D
379471,6.4810,D
379471,6.4810,D
379471,6.4810,D
379581,6.4810,D
379581,6.4810,D
379691,6.4810,D
379691,6.4810,D
379691,6.4810,D
379800,6.4810,D
379800,6.4810,D
379912,6.4810,D
379912,6.4810,D
379912,6.4810,D
380026,6.4810,D
380026,6.4810,D
380026,6.4810,D
380139,6.4810,D
380139,6.4810,D
380251,6.4810,D
380251,6.4810,D
380251,6.4810,D
380364,6.4810,D
380365,6.4810,D
380477,6.4810,D
380477,6.4810,D
380477,6.4810,D
380590,6.4810,D
380590,6.4810,D
380704,6.4810,D
380704,6.4810,D
380704,6.4810,D
380817,6.4887,D
380817,6.5251,D
380930,6.5257,D
380930,6.5256,D
380930,6.5250,D
381043,6.5245,D
381043,6.5238,D
381043,6.5232,D
381157,6.5226,D
381157,6.5221,D
381271,6.5218,D
381271,6.5215,D
381271,6.5213,D
381383,6.5212,D
381384,6.5211,D
381497,6.5211,D
381497,6.5210,D
381497,6.5210,D
381610,6.5210,D
381610,6.5210,D
381610,6.5210,D
381724,6.5209,D
381724,6.5207,D
381838,6.5207,D
381838,6.5207,D
381838,6.5206,D
381950,6.5206,D
381950,6.5207,D
381950,6.5207,D
382058,6.5207,D
382058,6.5207,D
382168,6.5207,D
382168,6.5207,D
382278,6.5207,D
382278,6.5207,D
382278,6.5207,D
382388,6.5207,D
382388,6.5207,D
382388,6.5207,D
382498,6.5207,D
382498,6.5207,D
382608,6.5207,D
382608,6.5207,D
382608,6.5207,D
382720,6.5207,D
382720,6.5207,D
382830,6.5207,D
382830,6.5207,D
382830,6.5207,D
382940,6.5207,D
382940,6.5207,D
383051,6.5207,D
383051,6.5207,D
383051,6.5207,D
383162,6.5207,D
383162,6.5207,D
383273,6.5207,D
383273,6.5207,D
383273,6.5207,D
383384,6.5207,D
383384,6.5207,D
383494,6.5207,D
383494,6.5207,D
383494,6.5207,D
383604,6.5207,D
383604,6.5620,D
383715,6.5651,D
383715,6.5652,D
383715,6.5648,D
383816,6.5642,D
383816,6.5636,D
383929,6.5630,D
383929,6.5624,D
383929,6.5620,D
384041,6.5615,D
384041,6.5612,D
384154,6.5610,D
384154,6.5609,D
384154,6.5608,D
384267,6.5607,D
384268,6.5607,D
384381,6.5607,D
384381,6.5606,D
384381,6.5606,D
384495,6.5606,D
384495,6.5605,D
384495,6.5603,D
384607,6.5603,D
384608,6.5603,D
384720,6.5602,D
384720,6.5602,D
384720,6.5602,D
384834,6.5602,D
384834,6.5602,D
384834,6.5603,D
384946,6.5603,D
384947,6.5603,D
385059,6.5603,D
385059,6.5603,D
385172,6.5603,D
385173,6.5603,D
385173,6.5603,D
385285,6.5603,D
385285,6.5603,D
385285,6.5603,D
385398,6.5602,D
385399,6.5602,D
385399,6.5602,D
385511,6.5602,D
385511,6.5602,D
385624,6.5602,D
385624,6.5602,D
385624,6.5602,D
385737,6.5602,D
385737,6.5602,D
385851,6.5602,D
385851,6.5602,D
385962,6.5602,D
385963,6.5602,D
385963,6.5602,D
386073,6.5602,D
386073,6.5602,D
386073,6.5602,D
386183,6.5602,D
386183,6.5602,D
386293,6.5602,D
386294,6.5602,D
386294,6.5602,D
386405,6.5602,D
386405,6.5819,D
386405,6.6043,D
386515,6.6049,D
386515,6.6047,D
386627,6.6041,D
386627,6.6035,D
386738,6.6029,D
386738,6.6023,D
386738,6.6017,D
386848,6.6013,D
386848,6.6009,D
386959,6.6006,D
386960,6.6005,D
386960,6.6004,D
387070,6.6003,D
387070,6.6002,D
387070,6.6002,D
387180,6.6002,D
387180,6.6001,D
387291,6.6001,D
387291,6.5999,D
387291,6.5998,D
387401,6.5998,D
387401,6.5997,D
387511,6.5997,D
387511,6.5997,D
387511,6.5997,D
387622,6.5997,D
387622,6.5997,D
387732,6.5997,D
387733,6.5997,D
387733,6.5997,D
387842,6.5997,D
387842,6.5997,D
387954,6.5997,D
387954,6.5997,D
387954,6.5997,D
388064,6.5996,D
388064,6.5996,D
388176,6.5996,D
388176,6.5996,D
388176,6.5996,D
388287,6.5996,D
388287,6.5996,D
388287,6.5996,D
388396,6.5996,D
388396,6.5996,D
388508,6.5996,D
388508,6.5996,D
388508,6.5996,D
388619,6.5996,D
388619,6.5996,D
388729,6.5996,D
388730,6.5996,D
388730,6.5996,D
388839,6.5996,D
388839,6.5996,D
388950,6.5996,D
388950,6.5996,D
388950,6.5996,D
389061,6.5996,D
389061,6.5996,D
389173,6.5996,D
389173,6.5996,D
389173,6.5998,D
389284,6.6384,D
389284,6.6440,D
389395,6.6444,D
389395,6.6440,D
389395,6.6435,D
389506,6.6429,D
389506,6.6423,D
389616,6.6417,D
389616,6.6412,D
389616,6.6408,D
389726,6.6405,D
389726,6.6403,D
389726,6.6402,D
389832,6.6401,D
389832,6.6400,D
389944,6.6400,D
389944,6.6400,D
389944,6.6400,D
390054,6.6400,D
390054,6.6399,D
390164,6.6399,D
390164,6.6399,D
390164,6.6399,D
390274,6.6397,D
390274,6.6397,D
390385,6.6397,D
390385,6.6397,D
390385,6.6397,D
390497,6.6398,D
390497,6.6398,D
390608,6.6398,D
390608,6.6398,D
390608,6.6398,D
390718,6.6398,D
390719,6.6398,D
390829,6.6398,D
390829,6.6398,D
390829,6.6398,D
390939,6.6398,D
390939,6.6398,D
391049,6.6399,D
391050,6.6399,D
391050,6.6399,D
391160,6.6399,D
391160,6.6399,D
391269,6.6399,D
391270,6.6399,D
391270,6.6399,D
391380,6.6399,D
391380,6.6399,D
391492,6.6399,D
391492,6.6400,D
391492,6.6400,D
391604,6.6400,D
391604,6.6400,D
391713,6.6400,D
391714,6.6400,D
391714,6.6400,D
391817,6.6400,D
391817,6.6400,D
391927,6.6399,D
391928,6.6399,D
391928,6.6399,D
392037,6.6399,D
392037,6.6502,D
392148,6.6838,D
392148,6.6844,D
392148,6.6842,D
392258,6.6836,D
392258,6.6831,D
392258,6.6825,D
392369,6.6819,D
392369,6.6814,D
392480,6.6809,D
392480,6.6806,D
392480,6.6803,D
392592,6.6801,D
392592,6.6800,D
392703,6.6799,D
392703,6.6799,D
392703,6.6799,D
392813,6.6798,D
392813,6.6798,D
392924,6.6798,D
392924,6.6797,D
393035,6.6796,D
393035,6.6795,D
393035,6.6794,D
393147,6.6794,D
393147,6.6794,D
393147,6.6793,D
393257,6.6793,D
393257,6.6793,D
393367,6.6793,D
393368,6.6793,D
393368,6.6793,D
393478,6.6792,D
393478,6.6792,D
393588,6.6791,D
393588,6.6791,D
393588,6.6791,D
393700,6.6791,D
393700,6.6791,D
393812,6.6791,D
393812,6.6791,D
393812,6.6790,D
393923,6.6790,D
393923,6.6790,D
394032,6.6790,D
394033,6.6790,D
394033,6.6790,D
394143,6.6790,D
394143,6.6790,D
394143,6.6790,D
394253,6.6789,D
394254,6.6789,D
394364,6.6789,D
394364,6.6789,D
394364,6.6789,D
394476,6.6789,D
394476,6.6789,D
394589,6.6789,D
394589,6.6789,D
394589,6.6789,D
394698,6.6789,D
394698,6.6789,D
394810,6.6789,D
394810,6.6789,D
394810,6.6789,D
394920,6.7063,D
394920,6.7229,D
395031,6.7233,D
395031,6.7231,D
395031,6.7226,D
395141,6.7220,D
395141,6.7214,D
395141,6.7208,D
395252,6.7203,D
395252,6.7198,D
395363,6.7194,D
395363,6.7192,D
395363,6.7190,D
395474,6.7189,D
395474,6.7188,D
395585,6.7188,D
395585,6.7188,D
395585,6.7187,D
395696,6.7187,D
395696,6.7187,D
395805,6.7186,D
395806,6.7185,D
395915,6.7185,D
395915,6.7184,D
395915,6.7184,D
396026,6.7184,D
396026,6.7184,D
396026,6.7184,D
396138,6.7184,D
396138,6.7184,D
396246,6.7184,D
396246,6.7185,D
396246,6.7185,D
396355,6.7185,D
396355,6.7185,D
396466,6.7185,D
396466,6.7185,D
396466,6.7185,D
396576,6.7185,D
396576,6.7185,D
396687,6.7185,D
396687,6.7185,D
396687,6.7185,D
396799,6.7185,D
396799,6.7185,D
396909,6.7185,D
396909,6.7185,D
396909,6.7185,D
397019,6.7185,D
397019,6.7185,D
397019,6.7185,D
397130,6.7185,D
397130,6.7185,D
397242,6.7185,D
397242,6.7185,D
397242,6.7185,D
397352,6.7185,D
397352,6.7185,D
397461,6.7185,D
397461,6.7185,D
397461,6.7185,D
397570,6.7185,D
397570,6.7185,D
397681,6.7185,D
397681,6.7185,D
397681,6.7603,D
397793,6.7632,D
397793,6.7632,D
397904,6.7628,D
397904,6.7623,D
398014,6.7618,D
398014,6.7612,D
398014,6.7606,D
398126,6.7601,D
398126,6.7597,D
398126,6.7594,D
398238,6.7592,D
398238,6.7590,D
398349,6.7589,D
398349,6.7589,D
398349,6.7588,D
398459,6.7588,D
398459,6.7588,D
398459,6.7587,D
398569,6.7587,D
398569,6.7586,D
398677,6.7585,D
398677,6.7585,D
398787,6.7584,D
398787,6.7584,D
398787,6.7584,D
398898,6.7584,D
398898,6.7584,D
398898,6.7584,D
399010,6.7584,D
399010,6.7584,D
399120,6.7584,D
399120,6.7584,D
399120,6.7584,D
399231,6.7584,D
399231,6.7584,D
399340,6.7584,D
399340,6.7584,D
399340,6.7584,D
399451,6.7584,D
399451,6.7584,D
399561,6.7584,D
399561,6.7584,D
399561,6.7584,D
399673,6.7584,D
399673,6.7584,D
399673,6.7584,D
399783,6.7584,D
399784,6.7584,D
399894,6.7584,D
399894,6.7583,D
400003,6.7583,D
400003,6.7583,D
400114,6.7583,D
400115,6.7582,D
400115,6.7582,D
400226,6.7582,D
400226,6.7582,D
400226,6.7582,D
400338,6.7582,D
400338,6.7582,D
400338,6.7582,D
400450,6.7582,D
400450,6.7582,D
400560,6.7583,D
400560,6.7970,D
400560,6.8024,D
400670,6.8026,D
400670,6.8023,D
400781,6.8018,D
400782,6.8013,D
400893,6.8007,D
400893,6.8001,D
400893,6.7997,D
401004,6.7992,D
401004,6.7989,D
401004,6.7987,D
401116,6.7985,D
401116,6.7984,D
401228,6.7983,D
401228,6.7983,D
401228,6.7982,D
401338,6.7982,D
401338,6.7982,D
401450,6.7982,D
401450,6.7980,D
401450,6.7980,D
401561,6.7979,D
401562,6.7979,D
401672,6.7978,D
401672,6.7978,D
401672,6.7978,D
401781,6.7978,D
401781,6.7978,D
401881,6.7978,D
401881,6.7978,D
401881,6.7978,D
401993,6.7978,D
401993,6.7978,D
402104,6.7978,D
402104,6.7978,D
402104,6.7978,D
402215,6.7978,D
402215,6.7978,D
402325,6.7978,D
402325,6.7978,D
402325,6.7977,D
402436,6.7977,D
402436,6.7977,D
402436,6.7977,D
402548,6.7977,D
402548,6.7977,D
402659,6.7977,D
402659,6.7976,D
402659,6.7976,D
402768,6.7976,D
402768,6.7976,D
402879,6.7976,D
402880,6.7976,D
402989,6.7976,D
402989,6.7976,D
402989,6.7976,D
403101,6.7976,D
403101,6.7976,D
403102,6.7976,D
403212,6.7976,D
403213,6.7976,D
403323,6.7976,D
403323,6.7976,D
403323,6.7976,D
403434,6.8364,D
403434,6.8418,D
403544,6.8420,D
403544,6.8417,D
403544,6.8412,D
403655,6.8407,D
403655,6.8401,D
403766,6.8396,D
403766,6.8391,D
403766,6.8386,D
403876,6.8383,D
403876,6.8381,D
403986,6.8379,D
403986,6.8378,D
403986,6.8378,D
404097,6.8377,D
404097,6.8377,D
404097,6.8377,D
404207,6.8376,D
404207,6.8376,D
404315,6.8375,D
404316,6.8374,D
404316,6.8374,D
404428,6.8373,D
404428,6.8373,D
404540,6.8373,D
404540,6.8372,D
404540,6.8372,D
404651,6.8372,D
404651,6.8372,D
404761,6.8372,D
404761,6.8372,D
404761,6.8372,D
404871,6.8372,D
404871,6.8372,D
404982,6.8372,D
404982,6.8372,D
404982,6.8372,D
405092,6.8372,D
405092,6.8372,D
405202,6.8372,D
405202,6.8372,D
405202,6.8372,D
405312,6.8372,D
405312,6.8372,D
405421,6.8371,D
405421,6.8371,D
405421,6.8371,D
405530,6.8371,D
405530,6.8371,D
405641,6.8371,D
405642,6.8371,D
405642,6.8370,D
405752,6.8370,D
405752,6.8370,D
405861,6.8370,D
405861,6.8370,D
405861,6.8370,D
405973,6.8370,D
405973,6.8370,D
405973,6.8370,D
406084,6.8370,D
406084,6.8370,D
406195,6.8370,D
406196,6.8370,D
406196,6.8813,D
406307,6.8815,D
406307,6.8814,D
406417,6.8809,D
406417,6.8804,D
406528,6.8798,D
406528,6.8793,D
406528,6.8787,D
406639,6.8783,D
406639,6.8779,D
406639,6.8775,D
406749,6.8773,D
406749,6.8771,D
406859,6.8770,D
406859,6.8770,D
406859,6.8769,D
406971,6.8769,D
406971,6.8769,D
407082,6.8769,D
407082,6.8769,D
407192,6.8768,D
407192,6.8767,D
407192,6.8766,D
407304,6.8766,D
407304,6.8766,D
407304,6.8765,D
407414,6.8765,D
407414,6.8765,D
407525,6.8765,D
407525,6.8765,D
407526,6.8765,D
407635,6.8765,D
407635,6.8765,D
407744,6.8765,D
407744,6.8765,D
407744,6.8765,D
407854,6.8765,D
407854,6.8765,D
407966,6.8765,D
407966,6.8765,D
407966,6.8765,D
408077,6.8765,D
408077,6.8765,D
408077,6.8765,D
408189,6.8765,D
408189,6.8765,D
408300,6.8765,D
408301,6.8764,D
408301,6.8764,D
408410,6.8764,D
408410,6.8764,D
408520,6.8764,D
408520,6.8764,D
408520,6.8764,D
408630,6.8764,D
408630,6.8764,D
408740,6.8764,D
408740,6.8763,D
408740,6.8763,D
408850,6.8763,D
408850,6.8763,D
408961,6.8763,D
408961,6.8763,D
408961,6.8764,D
409072,6.8790,D
409072,6.9207,D
409183,6.9209,D
409183,6.9208,D
409183,6.9203,D
409294,6.9197,D
409294,6.9192,D
409294,6.9186,D
409405,6.9181,D
409405,6.9176,D
409515,6.9172,D
409516,6.9169,D
409516,6.9167,D
409626,6.9165,D
409626,6.9164,D
409737,6.9164,D
409737,6.9163,D
409737,6.9163,D
409847,6.9162,D
409847,6.9162,D
409958,6.9161,D
409958,6.9160,D
410068,6.9160,D
410068,6.9159,D
410068,6.9159,D
410179,6.9159,D
410179,6.9158,D
410179,6.9158,D
410290,6.9158,D
410290,6.9158,D
410401,6.9158,D
410401,6.9158,D
410401,6.9158,D
410511,6.9158,D
410511,6.9158,D
410621,6.9158,D
410621,6.9158,D
410621,6.9158,D
410732,6.9158,D
410732,6.9158,D
410843,6.9158,D
410843,6.9158,D
410843,6.9158,D
410953,6.9158,D
410953,6.9158,D
410953,6.9158,D
411063,6.9158,D
411064,6.9158,D
411175,6.9158,D
411175,6.9158,D
411175,6.9158,D
411285,6.9158,D
411285,6.9158,D
411395,6.9158,D
411395,6.9158,D
411395,6.9158,D
411507,6.9158,D
411507,6.9158,D
411616,6.9158,D
411616,6.9158,D
411616,6.9158,D
411726,6.9158,D
411726,6.9158,D
411837,6.9158,D
411837,6.9158,D
411837,6.9158,D
411948,6.9575,D
411948,6.9603,D
412058,6.9603,D
412058,6.9599,D
412058,6.9594,D
412169,6.9589,D
412169,6.9583,D
412279,6.9578,D
412279,6.9573,D
412279,6.9569,D
412389,6.9565,D
412390,6.9563,D
412500,6.9561,D
412500,6.9560,D
412500,6.9559,D
412611,6.9559,D
412611,6.9559,D
412720,6.9558,D
412720,6.9558,D
412720,6.9557,D
412829,6.9556,D
412830,6.9556,D
412940,6.9556,D
412941,6.9555,D
412941,6.9555,D
413051,6.9555,D
413051,6.9554,D
413051,6.9554,D
413161,6.9554,D
413161,6.9554,D
413271,6.9554,D
413271,6.9555,D
413271,6.9555,D
413380,6.9555,D
413380,6.9555,D
413491,6.9555,D
413491,6.9555,D
413601,6.9555,D
413601,6.9555,D
413601,6.9555,D
413712,6.9555,D
413712,6.9555,D
413713,6.9555,D
413816,6.9555,D
413816,6.9555,D
413930,6.9555,D
413930,6.9555,D
413930,6.9555,D
414042,6.9555,D
414042,6.9555,D
414155,6.9555,D
414156,6.9555,D
414269,6.9555,D
414269,6.9555,D
414269,6.9555,D
414383,6.9554,D
414383,6.9554,D
414383,6.9554,D
414497,6.9554,D
414497,6.9554,D
414497,6.9554,D
414608,6.9554,D
414609,6.9554,D
414722,6.9555,D
414722,6.9558,D
414722,6.9884,D
414836,6.9990,D
414836,6.9993,D
414948,6.9991,D
414948,6.9985,D
414948,6.9979,D
415061,6.9973,D
415061,6.9968,D
415061,6.9964,D
415175,6.9960,D
415175,6.9957,D
415288,6.9954,D
415288,6.9953,D
415288,6.9951,D
415400,6.9951,D
415400,6.9950,D
415514,6.9950,D
415515,6.9949,D
415515,6.9949,D
415628,6.9948,D
415628,6.9947,D
415628,6.9947,D
415741,6.9946,D
415742,6.9946,D
415853,6.9946,D
415853,6.9946,D
415853,6.9945,D
415962,6.9945,D
415962,6.9945,D
416072,6.9945,D
416072,6.9946,D
416072,6.9946,D
416183,6.9946,D
416183,6.9946,D
416293,6.9946,D
416294,6.9946,D
416294,6.9946,D
416405,6.9946,D
416405,6.9946,D
416516,6.9946,D
416516,6.9946,D
416626,6.9946,D
416626,6.9946,D
416626,6.9946,D
416736,6.9946,D
416736,6.9946,D
416737,6.9946,D
416847,6.9946,D
416847,6.9946,D
416957,6.9946,D
416958,6.9946,D
416958,6.9946,D
417069,6.9946,D
417069,6.9946,D
417069,6.9946,D
417178,6.9946,D
417178,6.9946,D
417288,6.9946,D
417288,6.9946,D
417398,6.9946,D
417398,6.9946,D
417398,6.9946,D
417509,6.9946,D
417509,6.9946,D
417509,6.9946,D
417619,7.0250,D
417620,7.0387,D
417731,7.0391,D
417731,7.0389,D
417831,7.0383,D
417831,7.0377,D
417831,7.0372,D
417944,7.0366,D
417945,7.0362,D
417945,7.0358,D
418058,7.0354,D
418058,7.0351,D
418172,7.0349,D
418172,7.0348,D
418172,7.0347,D
418284,7.0346,D
418284,7.0346,D
418398,7.0346,D
418398,7.0345,D
418398,7.0344,D
418510,7.0343,D
418510,7.0343,D
418510,7.0342,D
418624,7.0342,D
418625,7.0342,D
418738,7.0341,D
418738,7.0341,D
418851,7.0341,D
418851,7.0341,D
418851,7.0341,D
418964,7.0341,D
418964,7.0341,D
418964,7.0341,D
419077,7.0341,D
419078,7.0341,D
419191,7.0341,D
419191,7.0341,D
419191,7.0341,D
419304,7.0341,D
419304,7.0341,D
419304,7.0341,D
419417,7.0341,D
419417,7.0341,D
419531,7.0341,D
419531,7.0341,D
419531,7.0341,D
419644,7.0341,D
419644,7.0341,D
419757,7.0341,D
419757,7.0341,D
419757,7.0341,D
419869,7.0341,D
419870,7.0341,D
419870,7.0341,D
419981,7.0341,D
419981,7.0341,D
420091,7.0341,D
420091,7.0341,D
420091,7.0341,D
420202,7.0341,D
420203,7.0341,D
420314,7.0341,D
420314,7.0341,D
420314,7.0341,D
420425,7.0341,D
420425,7.0588,D
420535,7.0784,D
420535,7.0787,D
420536,7.0786,D
420647,7.0780,D
420648,7.0775,D
420757,7.0769,D
420758,7.0764,D
420758,7.0759,D
420867,7.0755,D
420867,7.0751,D
420978,7.0748,D
420979,7.0746,D
420979,7.0745,D
421089,7.0744,D
421090,7.0744,D
421090,7.0743,D
421200,7.0743,D
421200,7.0743,D
421309,7.0743,D
421310,7.0743,D
421310,7.0741,D
421419,7.0741,D
421420,7.0741,D
421530,7.0740,D
421530,7.0740,D
421530,7.0739,D
421642,7.0739,D
421642,7.0739,D
421752,7.0739,D
421752,7.0739,D
421861,7.0739,D
421862,7.0739,D
421862,7.0739,D
421972,7.0739,D
421972,7.0739,D
421972,7.0739,D
422082,7.0739,D
422082,7.0739,D
422191,7.0739,D
422192,7.0739,D
422192,7.0738,D
422303,7.0738,D
422303,7.0738,D
422413,7.0738,D
422413,7.0738,D
422413,7.0738,D
422525,7.0738,D
422525,7.0738,D
422634,7.0738,D
422634,7.0738,D
422634,7.0738,D
422744,7.0738,D
422744,7.0738,D
422855,7.0738,D
422855,7.0738,D
422855,7.0738,D
422965,7.0738,D
422965,7.0737,D
423077,7.0737,D
423077,7.0737,D
423077,7.0737,D
423186,7.0737,D
423186,7.0737,D
423186,7.0737,D
423298,7.0789,D
423298,7.1181,D
423408,7.1184,D
423408,7.1182,D
423408,7.1177,D
423517,7.1171,D
423517,7.1165,D
423628,7.1159,D
423628,7.1154,D
423628,7.1150,D
423739,7.1146,D
423740,7.1142,D
423848,7.1139,D
423848,7.1137,D
423961,7.1136,D
423962,7.1135,D
423962,7.1135,D
424076,7.1134,D
424076,7.1132,D
424076,7.1131,D
424188,7.1130,D
424188,7.1128,D
424301,7.1126,D
424301,7.1125,D
424301,7.1124,D
424414,7.1124,D
424414,7.1124,D
424414,7.1123,D
424528,7.1123,D
424528,7.1123,D
424642,7.1123,D
424642,7.1123,D
424642,7.1123,D
424756,7.1123,D
424756,7.1123,D
424856,7.1122,D
424856,7.1122,D
424856,7.1122,D
424970,7.1122,D
424970,7.1122,D
425083,7.1122,D
425083,7.1122,D
425083,7.1122,D
425195,7.1122,D
425195,7.1122,D
425307,7.1122,D
425307,7.1122,D
425307,7.1122,D
425418,7.1122,D
425418,7.1122,D
425529,7.1122,D
425529,7.1122,D
425529,7.1122,D
425642,7.1122,D
425642,7.1122,D
425642,7.1122,D
425756,7.1122,D
425757,7.1122,D
425870,7.1122,D
425870,7.1122,D
425871,7.1122,D
425983,7.1122,D
425983,7.1122,D
425983,7.1122,D
426093,7.1122,D
426094,7.1122,D
426203,7.1456,D
426204,7.1565,D
426314,7.1569,D
426315,7.1567,D
426315,7.1561,D
426426,7.1555,D
426426,7.1550,D
426426,7.1545,D
426537,7.1540,D
426537,7.1536,D
426649,7.1532,D
426649,7.1530,D
426649,7.1528,D
426760,7.1526,D
426760,7.1525,D
426870,7.1525,D
426870,7.1524,D
426870,7.1524,D
426980,7.1523,D
426980,7.1522,D
427091,7.1522,D
427091,7.1522,D
427091,7.1521,D
427202,7.1521,D
427202,7.1521,D
427313,7.1520,D
427313,7.1520,D
427313,7.1520,D
427424,7.1520,D
427424,7.1520,D
427424,7.1520,D
427535,7.1520,D
427535,7.1520,D
427645,7.1520,D
427645,7.1520,D
427645,7.1520,D
427756,7.1520,D
427756,7.1520,D
427864,7.1520,D
427865,7.1520,D
427865,7.1520,D
427977,7.1520,D
427978,7.1520,D
428090,7.1520,D
428090,7.1520,D
428090,7.1520,D
428203,7.1520,D
428203,7.1520,D
428317,7.1520,D
428317,7.1520,D
428317,7.1520,D
428431,7.1520,D
428431,7.1520,D
428431,7.1520,D
428544,7.1520,D
428545,7.1520,D
428657,7.1520,D
428657,7.1521,D
428657,7.1521,D
428770,7.1521,D
428770,7.1521,D
428884,7.1521,D
428884,7.1521,D
428884,7.1521,D
428997,7.1521,D
428997,7.1657,D
428998,7.1973,D
429111,7.1976,D
429111,7.1974,D
429222,7.1969,D
429222,7.1963,D
429222,7.1957,D
429336,7.1952,D
429336,7.1948,D
429450,7.1944,D
429450,7.1940,D
429450,7.1937,D
429563,7.1935,D
429563,7.1934,D
429564,7.1933,D
429677,7.1932,D
429677,7.1932,D
429790,7.1932,D
429790,7.1931,D
429790,7.1931,D
429901,7.1931,D
429901,7.1930,D
430011,7.1930,D
430011,7.1929,D
430011,7.1929,D
430123,7.1929,D
430123,7.1928,D
430235,7.1928,D
430235,7.1928,D
430235,7.1928,D
430346,7.1929,D
430346,7.1929,D
430456,7.1929,D
430456,7.1929,D
430456,7.1929,D
430568,7.1929,D
430568,7.1929,D
430568,7.1929,D
430678,7.1929,D
430678,7.1929,D
430789,7.1929,D
430789,7.1928,D
430789,7.1928,D
430899,7.1928,D
430900,7.1928,D
431012,7.1928,D
431012,7.1928,D
431012,7.1928,D
431122,7.1928,D
431122,7.1926,D
431231,7.1926,D
431231,7.1926,D
431231,7.1926,D
431342,7.1926,D
431342,7.1925,D
431453,7.1925,D
431453,7.1925,D
431565,7.1925,D
431565,7.1925,D
431565,7.1925,D
431674,7.1925,D
431675,7.1924,D
431675,7.1924,D
431783,7.1924,D
431783,7.1924,D
431895,7.1924,D
431895,7.2338,D
431895,7.2366,D
432007,7.2366,D
432007,7.2362,D
432007,7.2356,D
432121,7.2351,D
432121,7.2345,D
432234,7.2340,D
432235,7.2336,D
432347,7.2331,D
432348,7.2328,D
432348,7.2325,D
432459,7.2324,D
432459,7.2322,D
432459,7.2322,D
432574,7.2321,D
432574,7.2321,D
432687,7.2320,D
432688,7.2320,D
432688,7.2319,D
432801,7.2319,D
432801,7.2318,D
432801,7.2318,D
432913,7.2317,D
432913,7.2317,D
433026,7.2317,D
433026,7.2316,D
433026,7.2316,D
433140,7.2316,D
433140,7.2316,D
433140,7.2316,D
433254,7.2316,D
433254,7.2316,D
433367,7.2316,D
433367,7.2316,D
433480,7.2316,D
433480,7.2316,D
433480,7.2316,D
433592,7.2316,D
433593,7.2315,D
433593,7.2315,D
433707,7.2315,D
433707,7.2315,D
433817,7.2315,D
433818,7.2315,D
433818,7.2315,D
433928,7.2315,D
433928,7.2315,D
434039,7.2315,D
434039,7.2315,D
434039,7.2315,D
434150,7.2315,D
434150,7.2315,D
434150,7.2315,D
434261,7.2315,D
434261,7.2315,D
434373,7.2315,D
434373,7.2315,D
434373,7.2315,D
434485,7.2315,D
434485,7.2315,D
434595,7.2315,D
434596,7.2315,D
434707,7.2315,D
434707,7.2315,D
434707,7.2421,D
434816,7.2762,D
434816,7.2764,D
434816,7.2762,D
434925,7.2757,D
434925,7.2752,D
435035,7.2746,D
435036,7.2741,D
435036,7.2736,D
435146,7.2732,D
435146,7.2728,D
435257,7.2725,D
435257,7.2723,D
435257,7.2721,D
435369,7.2720,D
435369,7.2720,D
435481,7.2719,D
435481,7.2719,D
435481,7.2718,D
435591,7.2717,D
435591,7.2717,D
435591,7.2717,D
435700,7.2716,D
435700,7.2716,D
435801,7.2715,D
435801,7.2714,D
435911,7.2713,D
435911,7.2713,D
435911,7.2713,D
436022,7.2713,D
436022,7.2713,D
436132,7.2713,D
436132,7.2712,D
436132,7.2712,D
436241,7.2712,D
436241,7.2712,D
436352,7.2712,D
436352,7.2711,D
436352,7.2711,D
436463,7.2711,D
436463,7.2711,D
436574,7.2711,D
436574,7.2710,D
436574,7.2710,D
436684,7.2710,D
436684,7.2710,D
436795,7.2709,D
436795,7.2709,D
436795,7.2709,D
436906,7.2709,D
436906,7.2709,D
436906,7.2708,D
437017,7.2708,D
437017,7.2708,D
437128,7.2708,D
437128,7.2708,D
437128,7.2708,D
437239,7.2708,D
437239,7.2707,D
437350,7.2707,D
437350,7.2707,D
437350,7.2707,D
437462,7.2707,D
437462,7.2707,D
437574,7.2707,D
437574,7.2707,D
437574,7.2896,D
437684,7.3149,D
437684,7.3152,D
437794,7.3151,D
437794,7.3146,D
437794,7.3142,D
437905,7.3137,D
437905,7.3132,D
438015,7.3127,D
438015,7.3122,D
438015,7.3117,D
438126,7.3112,D
438126,7.3109,D
438126,7.3107,D
438238,7.3106,D
438238,7.3105,D
438348,7.3104,D
438348,7.3104,D
438348,7.3104,D
438460,7.3104,D
438460,7.3105,D
438570,7.3105,D
438570,7.3105,D
438570,7.3105,D
438679,7.3105,D
438679,7.3105,D
438789,7.3105,D
438789,7.3105,D
438901,7.3104,D
438901,7.3104,D
438901,7.3102,D
439011,7.3101,D
439011,7.3102,D
439011,7.3102,D
439122,7.3102,D
439122,7.3102,D
439231,7.3103,D
439231,7.3103,D
439231,7.3103,D
439342,7.3103,D
439342,7.3103,D
439452,7.3103,D
439452,7.3103,D
439452,7.3103,D
439564,7.3103,D
439564,7.3103,D
439675,7.3103,D
439675,7.3103,D
439675,7.3103,D
439786,7.3103,D
439786,7.3103,D
439786,7.3103,D
439897,7.3103,D
439897,7.3103,D
440007,7.3103,D
440008,7.3102,D
440008,7.3102,D
440117,7.3102,D
440117,7.3102,D
440229,7.3102,D
440229,7.3102,D
440229,7.3102,D
440339,7.3102,D
440340,7.3102,D
440450,7.3102,D
440450,7.3102,D
440450,7.3463,D
440560,7.3543,D
440560,7.3546,D
440669,7.3544,D
440669,7.3538,D
440669,7.3533,D
440777,7.3528,D
440778,7.3523,D
440888,7.3518,D
440888,7.3514,D
440888,7.3510,D
440999,7.3508,D
440999,7.3506,D
441110,7.3505,D
441110,7.3505,D
441110,7.3504,D
441220,7.3504,D
441220,7.3504,D
441329,7.3504,D
441329,7.3503,D
441329,7.3502,D
441439,7.3502,D
441439,7.3501,D
441550,7.3501,D
441550,7.3500,D
441550,7.3500,D
441660,7.3500,D
441660,7.3500,D
441770,7.3499,D
441770,7.3497,D
441770,7.3496,D
441882,7.3497,D
441882,7.3497,D
441882,7.3498,D
441994,7.3499,D
441994,7.3499,D
442103,7.3499,D
442104,7.3499,D
442104,7.3499,D
442213,7.3499,D
442213,7.3499,D
442322,7.3499,D
442322,7.3498,D
442431,7.3498,D
442431,7.3498,D
442431,7.3498,D
442542,7.3498,D
442542,7.3497,D
442542,7.3497,D
442652,7.3497,D
442652,7.3497,D
442762,7.3497,D
442762,7.3497,D
442762,7.3497,D
442873,7.3497,D
442873,7.3497,D
442983,7.3496,D
442983,7.3496,D
443094,7.3496,D
443094,7.3496,D
443094,7.3496,D
443204,7.3496,D
443204,7.3496,D
443205,7.3496,D
443314,7.3496,D
443314,7.3573,D
443423,7.3941,D
443423,7.3943,D
443423,7.3942,D
443532,7.3937,D
443532,7.3931,D
443641,7.3925,D
443641,7.3919,D
443641,7.3915,D
443751,7.3911,D
443751,7.3907,D
443858,7.3904,D
443858,7.3901,D
443858,7.3900,D
443968,7.3898,D
443968,7.3897,D
444078,7.3897,D
444078,7.3896,D
444078,7.3894,D
444187,7.3894,D
444187,7.3894,D
444297,7.3894,D
444297,7.3894,D
444297,7.3893,D
444406,7.3893,D
444406,7.3893,D
444517,7.3893,D
444517,7.3893,D
444517,7.3893,D
444627,7.3893,D
444627,7.3893,D
444738,7.3893,D
444738,7.3893,D
444738,7.3893,D
444848,7.3893,D
444848,7.3893,D
444958,7.3893,D
444958,7.3893,D
444958,7.3893,D
445067,7.3893,D
445067,7.3893,D
445177,7.3893,D
445177,7.3893,D
445177,7.3893,D
445286,7.3893,D
445286,7.3893,D
445395,7.3893,D
445395,7.3893,D
445395,7.3893,D
445504,7.3893,D
445505,7.3893,D
445614,7.3893,D
445614,7.3893,D
445615,7.3893,D
445723,7.3893,D
445724,7.3893,D
445724,7.3893,D
445831,7.3893,D
445832,7.3893,D
445942,7.3893,D
445943,7.3893,D
446054,7.3893,D
446054,7.3893,D
446054,7.3893,D
446166,7.3893,D
446166,7.3893,D
446279,7.3969,D
446279,7.4338,D
446279,7.4340,D
446391,7.4339,D
446392,7.4334,D
446392,7.4327,D
446504,7.4319,D
446504,7.4313,D
446617,7.4308,D
446618,7.4304,D
446618,7.4301,D
446730,7.4298,D
446730,7.4296,D
446730,7.4294,D
446842,7.4293,D
446842,7.4292,D
446955,7.4291,D
446955,7.4291,D
446955,7.4291,D
447067,7.4291,D
447067,7.4291,D
447177,7.4291,D
447178,7.4291,D
447290,7.4291,D
447291,7.4291,D
447291,7.4291,D
447402,7.4291,D
447402,7.4291,D
447402,7.4291,D
447513,7.4291,D
447513,7.4291,D
447624,7.4291,D
447624,7.4291,D
447624,7.4291,D
447735,7.4291,D
447736,7.4291,D
447736,7.4290,D
447845,7.4290,D
447845,7.4289,D
447956,7.4289,D
447956,7.4288,D
448066,7.4288,D
448066,7.4288,D
448066,7.4288,D
448175,7.4287,D
448175,7.4287,D
448286,7.4287,D
448286,7.4288,D
448286,7.4288,D
448395,7.4288,D
448396,7.4288,D
448396,7.4288,D
448506,7.4288,D
448506,7.4288,D
448616,7.4288,D
448616,7.4288,D
448616,7.4288,D
448728,7.4288,D
448728,7.4288,D
448839,7.4288,D
448839,7.4288,D
448839,7.4287,D
448949,7.4287,D
448949,7.4287,D
449059,7.4287,D
449059,7.4287,D
449059,7.4337,D
449169,7.4724,D
449169,7.4725,D
449279,7.4723,D
449280,7.4718,D
449280,7.4711,D
449389,7.4705,D
449389,7.4699,D
449499,7.4694,D
449499,7.4690,D
449499,7.4686,D
449607,7.4683,D
449608,7.4680,D
449717,7.4678,D
449717,7.4677,D
449717,7.4676,D
449827,7.4675,D
449827,7.4675,D
449936,7.4674,D
449936,7.4674,D
449936,7.4674,D
450045,7.4673,D
450046,7.4673,D
450046,7.4673,D
450155,7.4672,D
450155,7.4672,D
450263,7.4672,D
450263,7.4672,D
450373,7.4672,D
450373,7.4672,D
450373,7.4672,D
450486,7.4672,D
450486,7.4672,D
450486,7.4672,D
450596,7.4672,D
450597,7.4672,D
450707,7.4672,D
450707,7.4673,D
450707,7.4673,D
450817,7.4673,D
450817,7.4673,D
450927,7.4673,D
450927,7.4673,D
450927,7.4673,D
451037,7.4673,D
451037,7.4673,D
451147,7.4673,D
451148,7.4673,D
451148,7.4673,D
451258,7.4674,D
451258,7.4674,D
451366,7.4674,D
451366,7.4674,D
451476,7.4674,D
451476,7.4674,D
451476,7.4674,D
451585,7.4674,D
451585,7.4674,D
451585,7.4674,D
451695,7.4674,D
451695,7.4674,D
451816,7.4674,D
451817,7.4674,D
451817,7.4674,D
451929,7.4674,D
451930,7.4673,D
451930,7.4725,D
452041,7.5117,D
452041,7.5119,D
452154,7.5117,D
452154,7.5112,D
452267,7.5107,D
452267,7.5101,D
452267,7.5096,D
452380,7.5091,D
452380,7.5087,D
452380,7.5083,D
452490,7.5080,D
452491,7.5078,D
452603,7.5076,D
452603,7.5075,D
452603,7.5075,D
452716,7.5074,D
452716,7.5074,D
452716,7.5074,D
452828,7.5074,D
452828,7.5073,D
452940,7.5073,D
452940,7.5072,D
453052,7.5072,D
453052,7.5071,D
453052,7.5071,D
453165,7.5071,D
453165,7.5070,D
453165,7.5070,D
453276,7.5070,D
453277,7.5070,D
453388,7.5070,D
453388,7.5070,D
453389,7.5070,D
453500,7.5070,D
453501,7.5070,D
453501,7.5070,D
453612,7.5070,D
453613,7.5070,D
453725,7.5070,D
453725,7.5070,D
453725,7.5070,D
453838,7.5070,D
453838,7.5070,D
453948,7.5070,D
453948,7.5070,D
453948,7.5070,D
454060,7.5070,D
454060,7.5070,D
454171,7.5071,D
454171,7.5071,D
454171,7.5071,D
454281,7.5071,D
454281,7.5071,D
454391,7.5071,D
454392,7.5071,D
454392,7.5071,D
454502,7.5071,D
454502,7.5071,D
454611,7.5071,D
454611,7.5071,D
454611,7.5071,D
454722,7.5071,D
454722,7.5071,D
454833,7.5071,D
454833,7.5071,D
454833,7.5204,D
454942,7.5516,D
454943,7.5516,D
454943,7.5512,D
455052,7.5508,D
455052,7.5502,D
455161,7.5496,D
455161,7.5491,D
455161,7.5487,D
455271,7.5484,D
455271,7.5480,D
455381,7.5478,D
455381,7.5476,D
455381,7.5474,D
455491,7.5473,D
455491,7.5472,D
455603,7.5472,D
455603,7.5471,D
455603,7.5470,D
455714,7.5469,D
455714,7.5469,D
455816,7.5469,D
455816,7.5468,D
455927,7.5468,D
455927,7.5468,D
455927,7.5468,D
456038,7.5468,D
456038,7.5468,D
456148,7.5468,D
456148,7.5468,D
456148,7.5468,D
456259,7.5468,D
456259,7.5468,D
456259,7.5469,D
456370,7.5469,D
456370,7.5469,D
456482,7.5469,D
456482,7.5469,D
456482,7.5469,D
456593,7.5469,D
456593,7.5469,D
456705,7.5469,D
456705,7.5469,D
456705,7.5469,D
456815,7.5469,D
456815,7.5468,D
456926,7.5468,D
456926,7.5468,D
456926,7.5468,D
457037,7.5468,D
457037,7.5468,D
457149,7.5468,D
457149,7.5468,D
457149,7.5468,D
457260,7.5468,D
457260,7.5468,D
457260,7.5468,D
457371,7.5468,D
457371,7.5469,D
457481,7.5469,D
457481,7.5469,D
457481,7.5469,D
457592,7.5469,D
457592,7.5469,D
457703,7.5469,D
457703,7.5469,D
457703,7.5573,D
457814,7.5913,D
457815,7.5915,D
457926,7.5914,D
457926,7.5908,D
457926,7.5902,D
458036,7.5897,D
458036,7.5891,D
458146,7.5887,D
458146,7.5883,D
458146,7.5879,D
458253,7.5876,D
458254,7.5873,D
458363,7.5872,D
458363,7.5871,D
458363,7.5870,D
458474,7.5869,D
458474,7.5869,D
458474,7.5867,D
458584,7.5867,D
458585,7.5867,D
458695,7.5867,D
458696,7.5866,D
458807,7.5866,D
458807,7.5865,D
458807,7.5865,D
458918,7.5864,D
458918,7.5864,D
458918,7.5864,D
459029,7.5864,D
459029,7.5864,D
459140,7.5864,D
459141,7.5864,D
459141,7.5864,D
459251,7.5864,D
459251,7.5864,D
459360,7.5864,D
459360,7.5864,D
459360,7.5863,D
459469,7.5863,D
459469,7.5863,D
459579,7.5863,D
459579,7.5863,D
459579,7.5863,D
459690,7.5863,D
459690,7.5863,D
459800,7.5863,D
459800,7.5863,D
459800,7.5863,D
459903,7.5863,D
459903,7.5863,D
460016,7.5863,D
460016,7.5863,D
460129,7.5862,D
460129,7.5862,D
460129,7.5862,D
460240,7.5862,D
460240,7.5862,D
460240,7.5862,D
460352,7.5862,D
460353,7.5862,D
460465,7.5862,D
460466,7.5862,D
460466,7.5862,D
460577,7.5862,D
460577,7.5862,D
460688,7.5888,D
460688,7.6309,D
460688,7.6311,D
460800,7.6308,D
460800,7.6303,D
460913,7.6297,D
460913,7.6292,D
460913,7.6286,D
461024,7.6282,D
461025,7.6278,D
461025,7.6274,D
461137,7.6271,D
461137,7.6268,D
461248,7.6266,D
461249,7.6265,D
461249,7.6264,D
461361,7.6264,D
461362,7.6263,D
461473,7.6263,D
461474,7.6262,D
461474,7.6262,D
461586,7.6262,D
461586,7.6261,D
461700,7.6261,D
461700,7.6261,D
461700,7.6261,D
461812,7.6260,D
461813,7.6260,D
461813,7.6260,D
461924,7.6260,D
461924,7.6260,D
462033,7.6260,D
462033,7.6260,D
462033,7.6260,D
462144,7.6260,D
462144,7.6260,D
462255,7.6260,D
462255,7.6260,D
462255,7.6260,D
462363,7.6260,D
462364,7.6260,D
462475,7.6260,D
462475,7.6260,D
462475,7.6260,D
462584,7.6260,D
462584,7.6260,D
462694,7.6260,D
462694,7.6260,D
462694,7.6260,D
462804,7.6260,D
462804,7.6260,D
462804,7.6260,D
462914,7.6260,D
463026,7.6260,D
463026,7.6260,D
463026,7.6260,D
463026,7.6260,D
463136,7.6260,D
463136,7.6260,D
463245,7.6260,D
463245,7.6260,D
463245,7.6260,D
463355,7.6260,D
463355,7.6260,D
463464,7.6260,D
463464,7.6260,D
463464,7.6260,D
463575,7.6622,D
463575,7.6701,D
463684,7.6703,D
463684,7.6701,D
463794,7.6695,D
463795,7.6689,D
463795,7.6684,D
463897,7.6679,D
463897,7.6675,D
464008,7.6672,D
464008,7.6668,D
464008,7.6665,D
464120,7.6663,D
464120,7.6662,D
464232,7.6661,D
464232,7.6660,D
464232,7.6660,D
464345,7.6659,D
464346,7.6659,D
464346,7.6658,D
464457,7.6658,D
464458,7.6658,D
464570,7.6657,D
464570,7.6657,D
464570,7.6657,D
464682,7.6657,D
464683,7.6656,D
464793,7.6656,D
464794,7.6656,D
464794,7.6656,D
464897,7.6656,D
464897,7.6656,D
465009,7.6656,D
465009,7.6656,D
465009,7.6656,D
465120,7.6656,D
465120,7.6655,D
465231,7.6655,D
465231,7.6655,D
465231,7.6655,D
465343,7.6655,D
465343,7.6655,D
465343,7.6655,D
465455,7.6655,D
465455,7.6655,D
465566,7.6655,D
465566,7.6655,D
465566,7.6655,D
465677,7.6655,D
465677,7.6655,D
465788,7.6654,D
465788,7.6654,D
465788,7.6654,D
465896,7.6654,D
465897,7.6654,D
466008,7.6654,D
466008,7.6654,D
466008,7.6654,D
466118,7.6654,D
466118,7.6654,D
466230,7.6654,D
466230,7.6654,D
466230,7.6654,D
466339,7.6654,D
466339,7.6655,D
466450,7.6706,D
466450,7.7098,D
466450,7.7102,D
466561,7.7098,D
466561,7.7092,D
466671,7.7087,D
466672,7.7081,D
466672,7.7076,D
466781,7.7072,D
466781,7.7068,D
466781,7.7064,D
466890,7.7061,D
466890,7.7058,D
466999,7.7057,D
466999,7.7055,D
466999,7.7054,D
467110,7.7054,D
467110,7.7054,D
467221,7.7053,D
467222,7.7053,D
467222,7.7053,D
467333,7.7052,D
467333,7.7052,D
467445,7.7051,D
467445,7.7051,D
467445,7.7050,D
467555,7.7050,D
467555,7.7050,D
467665,7.7050,D
467665,7.7050,D
467665,7.7050,D
467775,7.7049,D
467775,7.7049,D
467883,7.7050,D
467884,7.7050,D
467884,7.7049,D
467992,7.7049,D
467992,7.7049,D
468101,7.7049,D
468102,7.7049,D
468102,7.7049,D
468210,7.7049,D
468210,7.7049,D
468323,7.7049,D
468323,7.7049,D
468323,7.7049,D
468434,7.7049,D
468434,7.7049,D
468546,7.7049,D
468546,7.7049,D
468546,7.7049,D
468658,7.7049,D
468658,7.7049,D
468771,7.7049,D
468771,7.7049,D
468771,7.7049,D
468883,7.7049,D
468883,7.7049,D
468883,7.7049,D
468995,7.7049,D
468995,7.7049,D
469106,7.7049,D
469106,7.7049,D
469106,7.7049,D
469218,7.7049,D
469218,7.7049,D
469329,7.7049,D
469329,7.7438,D
469329,7.7492,D
469441,7.7493,D
469441,7.7491,D
469553,7.7485,D
469553,7.7478,D
469553,7.7473,D
469664,7.7469,D
469664,7.7465,D
469664,7.7461,D
469775,7.7458,D
469775,7.7455,D
469882,7.7453,D
469882,7.7452,D
469882,7.7451,D
469993,7.7451,D
469993,7.7450,D
470106,7.7450,D
470106,7.7449,D
470106,7.7449,D
470218,7.7448,D
470218,7.7448,D
470330,7.7448,D
470330,7.7447,D
470330,7.7447,D
470442,7.7447,D
470442,7.7447,D
470553,7.7446,D
470553,7.7446,D
470553,7.7446,D
470665,7.7446,D
470665,7.7446,D
470778,7.7446,D
470778,7.7446,D
470778,7.7446,D
470890,7.7446,D
470890,7.7446,D
470890,7.7446,D
471002,7.7446,D
471002,7.7446,D
471114,7.7446,D
471114,7.7446,D
471114,7.7446,D
471225,7.7446,D
471225,7.7446,D
471338,7.7446,D
471338,7.7446,D
471338,7.7446,D
471449,7.7446,D
471450,7.7446,D
471562,7.7446,D
471562,7.7446,D
471562,7.7446,D
471673,7.7446,D
471673,7.7446,D
471673,7.7446,D
471785,7.7446,D
471785,7.7446,D
471893,7.7446,D
471893,7.7446,D
471893,7.7447,D
472001,7.7447,D
472002,7.7447,D
472111,7.7447,D
472111,7.7447,D
472111,7.7447,D
472219,7.7609,D
472219,7.7894,D
472330,7.7894,D
472330,7.7891,D
472440,7.7887,D
472440,7.7881,D
472440,7.7875,D
472549,7.7870,D
472549,7.7866,D
472549,7.7862,D
472659,7.7859,D
472659,7.7856,D
472768,7.7854,D
472768,7.7852,D
472769,7.7851,D
472877,7.7850,D
472877,7.7849,D
472986,7.7849,D
472986,7.7848,D
472986,7.7847,D
473096,7.7847,D
473096,7.7847,D
473204,7.7846,D
473204,7.7846,D
473204,7.7846,D
473315,7.7846,D
473315,7.7845,D
473425,7.7845,D
473425,7.7845,D
473537,7.7845,D
473537,7.7845,D
473537,7.7845,D
473648,7.7845,D
473648,7.7845,D
473759,7.7845,D
473759,7.7845,D
473759,7.7845,D
473863,7.7845,D
473863,7.7845,D
473863,7.7844,D
473975,7.7844,D
473975,7.7844,D
474087,7.7844,D
474087,7.7844,D
474087,7.7844,D
474197,7.7844,D
474197,7.7844,D
474308,7.7844,D
474308,7.7844,D
474308,7.7844,D
474420,7.7843,D
474420,7.7843,D
474531,7.7843,D
474531,7.7843,D
474531,7.7843,D
474642,7.7843,D
474643,7.7843,D
474754,7.7843,D
474754,7.7843,D
474754,7.7843,D
474865,7.7843,D
474865,7.7843,D
474865,7.7843,D
474977,7.7842,D
474977,7.7842,D
475088,7.7842,D
475088,7.7842,D
475088,7.8258,D
475199,7.8289,D
475199,7.8289,D
475311,7.8282,D
475312,7.8277,D
475312,7.8271,D
475423,7.8266,D
475423,7.8261,D
475533,7.8257,D
475534,7.8253,D
475534,7.8249,D
475645,7.8246,D
475645,7.8244,D
475756,7.8243,D
475756,7.8242,D
475756,7.8241,D
475866,7.8241,D
475867,7.8240,D
475867,7.8240,D
475976,7.8239,D
475976,7.8239,D
476086,7.8239,D
476086,7.8238,D
476086,7.8238,D
476194,7.8238,D
476194,7.8237,D
476303,7.8237,D
476303,7.8236,D
476303,7.8236,D
476412,7.8236,D
476412,7.8236,D
476521,7.8236,D
476521,7.8236,D
476629,7.8236,D
476629,7.8236,D
476629,7.8236,D
476738,7.8236,D
476738,7.8236,D
476847,7.8236,D
476847,7.8236,D
476847,7.8235,D
476956,7.8235,D
476956,7.8235,D
477065,7.8235,D
477065,7.8235,D
477175,7.8235,D
477175,7.8235,D
477175,7.8235,D
477283,7.8235,D
477283,7.8235,D
477283,7.8235,D
477393,7.8235,D
477393,7.8235,D
477501,7.8235,D
477501,7.8235,D
477501,7.8235,D
477609,7.8235,D
477610,7.8235,D
477610,7.8235,D
477719,7.8235,D
477719,7.8235,D
477828,7.8235,D
477828,7.8235,D
477936,7.8235,D
477937,7.8235,D
477937,7.8235,D
478047,7.8481,D
478047,7.8679,D
478155,7.8681,D
478155,7.8677,D
478155,7.8672,D
478264,7.8666,D
478264,7.8660,D
478373,7.8656,D
478373,7.8652,D
478373,7.8648,D
478484,7.8645,D
478484,7.8642,D
478594,7.8640,D
478594,7.8638,D
478594,7.8637,D
478705,7.8636,D
478705,7.8636,D
478815,7.8636,D
478815,7.8635,D
478815,7.8635,D
478925,7.8634,D
478925,7.8634,D
478925,7.8634,D
479035,7.8633,D
479035,7.8633,D
479145,7.8633,D
479146,7.8633,D
479256,7.8632,D
479256,7.8632,D
479256,7.8632,D
479367,7.8632,D
479367,7.8632,D
479367,7.8632,D
479481,7.8632,D
479481,7.8632,D
479591,7.8632,D
479591,7.8632,D
479591,7.8632,D
479700,7.8632,D
479700,7.8632,D
479700,7.8632,D
479816,7.8632,D
479816,7.8632,D
479927,7.8632,D
479927,7.8632,D
480039,7.8631,D
480039,7.8631,D
480039,7.8631,D
480150,7.8631,D
480150,7.8631,D
480150,7.8631,D
480263,7.8631,D
480263,7.8631,D
480376,7.8631,D
480376,7.8630,D
480377,7.8630,D
480488,7.8630,D
480488,7.8630,D
480598,7.8630,D
480598,7.8630,D
480598,7.8630,D
480709,7.8630,D
480709,7.8630,D
480819,7.8630,D
480819,7.8630,D
480819,7.8630,D
480931,7.8656,D
480931,7.9078,D
481042,7.9078,D
481042,7.9075,D
481042,7.9069,D
481154,7.9064,D
481154,7.9058,D
481154,7.9053,D
481264,7.9048,D
481264,7.9044,D
481374,7.9041,D
481375,7.9037,D
481375,7.9035,D
481485,7.9033,D
481486,7.9031,D
481597,7.9031,D
481597,7.9030,D
481597,7.9029,D
481707,7.9028,D
481707,7.9028,D
481818,7.9028,D
481818,7.9027,D
481818,7.9027,D
481928,7.9026,D
481928,7.9026,D
482037,7.9024,D
482037,7.9024,D
482037,7.9024,D
482147,7.9024,D
482147,7.9024,D
482257,7.9024,D
482257,7.9024,D
482257,7.9024,D
482367,7.9024,D
482368,7.9024,D
482478,7.9024,D
482478,7.9024,D
482478,7.9024,D
482587,7.9023,D
482588,7.9023,D
482699,7.9023,D
482699,7.9023,D
482699,7.9023,D
482808,7.9023,D
482808,7.9023,D
482918,7.9023,D
482918,7.9023,D
482918,7.9023,D
483027,7.9023,D
483027,7.9023,D
483138,7.9023,D
483138,7.9023,D
483138,7.9023,D
483248,7.9023,D
483248,7.9023,D
483358,7.9023,D
483358,7.9023,D
483358,7.9023,D
483468,7.9023,D
483469,7.9023,D
483469,7.9023,D
483577,7.9023,D
483577,7.9023,D
483687,7.9023,D
483687,7.9023,D
483687,7.9023,D
483796,7.9023,D
483796,7.9155,D
483904,7.9468,D
483904,7.9470,D
483904,7.9466,D
484011,7.9460,D
484011,7.9454,D
484120,7.9448,D
484121,7.9443,D
484230,7.9439,D
484231,7.9435,D
484231,7.9432,D
484339,7.9429,D
484339,7.9426,D
484449,7.9424,D
484449,7.9423,D
484449,7.9422,D
484559,7.9422,D
484559,7.9421,D
484668,7.9420,D
484668,7.9420,D
484668,7.9419,D
484778,7.9419,D
484778,7.9419,D
484778,7.9419,D
484888,7.9418,D
484889,7.9418,D
485000,7.9417,D
485000,7.9416,D
485111,7.9416,D
485111,7.9417,D
485111,7.9417,D
485221,7.9418,D
485221,7.9419,D
485222,7.9420,D
485332,7.9421,D
485332,7.9421,D
485442,7.9421,D
485442,7.9421,D
485552,7.9420,D
485552,7.9419,D
485552,7.9419,D
485662,7.9418,D
485662,7.9417,D
485662,7.9417,D
485771,7.9417,D
485771,7.9416,D
485882,7.9416,D
485882,7.9416,D
485882,7.9415,D
485992,7.9415,D
485992,7.9415,D
486101,7.9415,D
486101,7.9415,D
486101,7.9415,D
486210,7.9415,D
486210,7.9415,D
486321,7.9415,D
486321,7.9415,D
486322,7.9415,D
486431,7.9415,D
486431,7.9415,D
486540,7.9415,D
486540,7.9415,D
486540,7.9415,D
486650,7.9415,D
486650,7.9415,D
486760,7.9415,D
486760,7.9721,D
486869,7.9860,D
486869,7.9861,D
486869,7.9858,D
486979,7.9852,D
486979,7.9847,D
486979,7.9841,D
487089,7.9836,D
487090,7.9832,D
487200,7.9829,D
487200,7.9825,D
487200,7.9823,D
487310,7.9820,D
487311,7.9819,D
487420,7.9818,D
487420,7.9817,D
487420,7.9817,D
487528,7.9817,D
487528,7.9816,D
487638,7.9816,D
487638,7.9815,D
487638,7.9815,D
487748,7.9815,D
487748,7.9814,D
487859,7.9814,D
487859,7.9814,D
487859,7.9814,D
487969,7.9813,D
487969,7.9813,D
488078,7.9813,D
488078,7.9813,D
488078,7.9813,D
488189,7.9813,D
488189,7.9813,D
488298,7.9813,D
488298,7.9813,D
488298,7.9813,D
488407,7.9813,D
488407,7.9813,D
488407,7.9813,D
488516,7.9813,D
488516,7.9813,D
488627,7.9813,D
488627,7.9813,D
488627,7.9813,D
488736,7.9813,D
488736,7.9813,D
488845,7.9813,D
488846,7.9813,D
488957,7.9812,D
488957,7.9812,D
488957,7.9812,D
489067,7.9812,D
489068,7.9812,D
489068,7.9812,D
489176,7.9812,D
489177,7.9811,D
489287,7.9811,D
489287,7.9811,D
489287,7.9811,D
489396,7.9811,D
489396,7.9811,D
489505,7.9811,D
489505,7.9811,D
489505,7.9811,D
489614,7.9811,D
489614,7.9916,D
489722,8.0257,D
489722,8.0258,D
489722,8.0255,D
489832,8.0249,D
489832,8.0243,D
489937,8.0238,D
489938,8.0234,D
489938,8.0230,D
490049,8.0226,D
490049,8.0222,D
490160,8.0219,D
490160,8.0217,D
490271,8.0215,D
490271,8.0214,D
490272,8.0213,D
490382,8.0212,D
490382,8.0212,D
490382,8.0211,D
490494,8.0210,D
490494,8.0210,D
490605,8.0210,D
490605,8.0209,D
490605,8.0209,D
490715,8.0209,D
490716,8.0208,D
490827,8.0208,D
490827,8.0207,D
490828,8.0207,D
490938,8.0207,D
490939,8.0207,D
491049,8.0207,D
491050,8.0208,D
491050,8.0208,D
491160,8.0208,D
491160,8.0208,D
491160,8.0208,D
491269,8.0207,D
491269,8.0207,D
491379,8.0207,D
491379,8.0207,D
491379,8.0207,D
491489,8.0207,D
491489,8.0207,D
491604,8.0207,D
491604,8.0207,D
491604,8.0207,D
491717,8.0207,D
491717,8.0207,D
491829,8.0207,D
491829,8.0207,D
491830,8.0207,D
491940,8.0207,D
491940,8.0207,D
492050,8.0207,D
492050,8.0207,D
492050,8.0207,D
492159,8.0207,D
492159,8.0207,D
492269,8.0207,D
492269,8.0207,D
492269,8.0207,D
492379,8.0207,D
492379,8.0207,D
492379,8.0207,D
492489,8.0207,D
492489,8.0207,D
492597,8.0455,D
492597,8.0654,D
492598,8.0654,D
492706,8.0651,D
492706,8.0645,D
492816,8.0639,D
492816,8.0633,D
492816,8.0628,D
492925,8.0624,D
492925,8.0621,D
493035,8.0617,D
493035,8.0615,D
493143,8.0612,D
493143,8.0611,D
493143,8.0610,D
493251,8.0609,D
493252,8.0608,D
493362,8.0608,D
493362,8.0607,D
493362,8.0607,D
493472,8.0607,D
493472,8.0606,D
493472,8.0606,D
493581,8.0606,D
493581,8.0605,D
493690,8.0605,D
493691,8.0604,D
493691,8.0603,D
493801,8.0603,D
493802,8.0604,D
493910,8.0604,D
493910,8.0604,D
493910,8.0604,D
494020,8.0604,D
494020,8.0604,D
494130,8.0604,D
494130,8.0604,D
494130,8.0604,D
494240,8.0604,D
494241,8.0604,D
494352,8.0604,D
494352,8.0604,D
494463,8.0604,D
494463,8.0604,D
494463,8.0603,D
494574,8.0603,D
494574,8.0603,D
494574,8.0603,D
494684,8.0603,D
494684,8.0603,D
494795,8.0603,D
494795,8.0603,D
494795,8.0603,D
494906,8.0603,D
494906,8.0603,D
495017,8.0603,D
495017,8.0603,D
495017,8.0603,D
495127,8.0603,D
495127,8.0603,D
495237,8.0603,D
495237,8.0603,D
495237,8.0603,D
495349,8.0603,D
495349,8.0603,D
495349,8.0603,D
495462,8.0603,D
495462,8.0880,D
495574,8.1048,D
495574,8.1049,D
495574,8.1046,D
495687,8.1040,D
495687,8.1033,D
495799,8.1028,D
495800,8.1023,D
495800,8.1019,D
495912,8.1016,D
495912,8.1013,D
496019,8.1010,D
496019,8.1008,D
496019,8.1006,D
496129,8.1005,D
496129,8.1004,D
496239,8.1004,D
496239,8.1003,D
496240,8.1002,D
496348,8.1002,D
496348,8.1002,D
496459,8.1001,D
496459,8.1001,D
496568,8.1001,D
496568,8.1000,D
496568,8.1000,D
496678,8.0998,D
496678,8.0998,D
496678,8.0998,D
496789,8.0999,D
496789,8.0999,D
496899,8.0999,D
496899,8.0999,D
496899,8.0999,D
497010,8.0999,D
497010,8.0999,D
497119,8.0999,D
497119,8.0998,D
497119,8.0998,D
497230,8.0998,D
497230,8.0998,D
497341,8.0998,D
497341,8.0998,D
497341,8.0998,D
497451,8.0998,D
497451,8.0998,D
497451,8.0998,D
497562,8.0998,D
497562,8.0998,D
497673,8.0998,D
497673,8.0998,D
497783,8.0997,D
497783,8.0997,D
497783,8.0997,D
497896,8.0997,D
497896,8.0997,D
497896,8.0997,D
498007,8.0997,D
498008,8.0997,D
498120,8.0997,D
498120,8.0997,D
498120,8.0997,D
498233,8.0997,D
498233,8.0997,D
498233,8.0996,D
498345,8.0996,D
498345,8.0996,D
498457,8.1359,D
498458,8.1440,D
498458,8.1441,D
498570,8.1437,D
498570,8.1431,D
498682,8.1425,D
498682,8.1419,D
498682,8.1415,D
498794,8.1411,D
498794,8.1407,D
498906,8.1404,D
498906,8.1402,D
498906,8.1400,D
499019,8.1398,D
499019,8.1397,D
499019,8.1397,D
499131,8.1396,D
499131,8.1395,D
499242,8.1394,D
499242,8.1394,D
499242,8.1394,D
499353,8.1394,D
499353,8.1394,D
499465,8.1393,D
499465,8.1393,D
499465,8.1393,D
499578,8.1391,D
499578,8.1391,D
499689,8.1391,D
499689,8.1391,D
499689,8.1391,D
499802,8.1391,D
499802,8.1391,D
499914,8.1391,D
499914,8.1391,D
499914,8.1391,D
500023,8.1391,D
500024,8.1391,D
500024,8.1391,D
500133,8.1391,D
500244,8.1391,D
500244,8.1391,D
500244,8.1391,D
500244,8.1391,D
500356,8.1390,D
500356,8.1390,D
500466,8.1390,D
500466,8.1390,D
500466,8.1390,D
500576,8.1390,D
500577,8.1390,D
500687,8.1390,D
500687,8.1390,D
500687,8.1390,D
500796,8.1390,D
500796,8.1390,D
500907,8.1390,D
500907,8.1390,D
501017,8.1390,D
501017,8.1390,D
501017,8.1390,D
501127,8.1390,D
501127,8.1390,D
501127,8.1390,D
501237,8.1390,D
501237,8.1390,D
501347,8.1416,D
501347,8.1838,D
501347,8.1840,D
501455,8.1836,D
501455,8.1830,D
501565,8.1824,D
501565,8.1817,D
501565,8.1812,D
501674,8.1808,D
501675,8.1804,D
501785,8.1801,D
501785,8.1798,D
501785,8.1796,D
501895,8.1794,D
501895,8.1793,D
502006,8.1792,D
502006,8.1791,D
502006,8.1791,D
502117,8.1790,D
502117,8.1789,D
502225,8.1789,D
502226,8.1789,D
502226,8.1789,D
502335,8.1788,D
502335,8.1788,D
502445,8.1788,D
502445,8.1787,D
502445,8.1787,D
502553,8.1786,D
502553,8.1786,D
502663,8.1786,D
502663,8.1786,D
502664,8.1786,D
502773,8.1787,D
502774,8.1787,D
502882,8.1787,D
502882,8.1787,D
502882,8.1787,D
502993,8.1787,D
502993,8.1787,D
503102,8.1786,D
503102,8.1786,D
503102,8.1786,D
503211,8.1786,D
503212,8.1786,D
503322,8.1786,D
503322,8.1786,D
503322,8.1786,D
503433,8.1786,D
503433,8.1786,D
503433,8.1786,D
503544,8.1786,D
503544,8.1786,D
503655,8.1786,D
503656,8.1786,D
503656,8.1786,D
503767,8.1786,D
503767,8.1786,D
503880,8.1786,D
503880,8.1786,D
503880,8.1786,D
503993,8.1786,D
503993,8.1786,D
504105,8.1786,D
504105,8.1786,D
504105,8.1786,D
504218,8.1786,D
504218,8.1786,D
504218,8.2237,D
504331,8.2239,D
504331,8.2235,D
504443,8.2228,D
504443,8.2221,D
504443,8.2215,D
504554,8.2210,D
504554,8.2205,D
504666,8.2202,D
504666,8.2198,D
504666,8.2195,D
504777,8.2193,D
504778,8.2191,D
504890,8.2190,D
504890,8.2189,D
504890,8.2188,D
505001,8.2188,D
505002,8.2187,D
505114,8.2186,D
505114,8.2186,D
505114,8.2186,D
505225,8.2186,D
505225,8.2185,D
505225,8.2185,D
505338,8.2184,D
505338,8.2182,D
505449,8.2182,D
505450,8.2182,D
505450,8.2182,D
505563,8.2182,D
505563,8.2182,D
505675,8.2182,D
505675,8.2182,D
505675,8.2182,D
505787,8.2182,D
505787,8.2182,D
505897,8.2182,D
505897,8.2182,D
505897,8.2182,D
506008,8.2181,D
506008,8.2181,D
506118,8.2181,D
506118,8.2181,D
506118,8.2181,D
506227,8.2181,D
506227,8.2181,D
506227,8.2181,D
506335,8.2181,D
506336,8.2181,D
506446,8.2181,D
506446,8.2181,D
506446,8.2181,D
506556,8.2181,D
506556,8.2181,D
506665,8.2181,D
506665,8.2181,D
506776,8.2181,D
506776,8.2181,D
506776,8.2181,D
506886,8.2180,D
506886,8.2180,D
506886,8.2180,D
506996,8.2180,D
506996,8.2180,D
507108,8.2180,D
507109,8.2180,D
507109,8.2180,D
507219,8.2600,D
507219,8.2630,D
507327,8.2629,D
507327,8.2622,D
507327,8.2616,D
507436,8.2609,D
507436,8.2604,D
507546,8.2600,D
507546,8.2596,D
507546,8.2593,D
507657,8.2590,D
507657,8.2587,D
507766,8.2585,D
507766,8.2584,D
507766,8.2583,D
507880,8.2582,D
507880,8.2582,D
507993,8.2581,D
507993,8.2580,D
508106,8.2580,D
508106,8.2580,D
508106,8.2579,D
508106,8.2579,D
508217,8.2579,D
508217,8.2578,D
508330,8.2578,D
508330,8.2577,D
508330,8.2577,D
508442,8.2577,D
508442,8.2577,D
508555,8.2577,D
508555,8.2577,D
508555,8.2577,D
508668,8.2577,D
508668,8.2577,D
508780,8.2577,D
508780,8.2577,D
508892,8.2576,D
508892,8.2576,D
508892,8.2576,D
508892,8.2576,D
509005,8.2576,D
509005,8.2576,D
509118,8.2576,D
509118,8.2576,D
509118,8.2575,D
509229,8.2575,D
509230,8.2575,D
509343,8.2575,D
509343,8.2575,D
509343,8.2575,D
509455,8.2575,D
509456,8.2575,D
509567,8.2575,D
509568,8.2575,D
509568,8.2575,D
509680,8.2575,D
509680,8.2575,D
509680,8.2575,D
509791,8.2575,D
509792,8.2575,D
509902,8.2575,D
509902,8.2575,D
509902,8.2575,D
510012,8.2575,D
510012,8.2575,D
510122,8.2575,D
510123,8.2966,D
510123,8.3021,D
510233,8.3021,D
510233,8.3016,D
510341,8.3009,D
510342,8.3003,D
510453,8.2997,D
510453,8.2993,D
510453,8.2990,D
510563,8.2987,D
510563,8.2984,D
510563,8.2982,D
510672,8.2980,D
510673,8.2979,D
510783,8.2978,D
510783,8.2978,D
510783,8.2977,D
510892,8.2976,D
510892,8.2974,D
511002,8.2974,D
511002,8.2974,D
511002,8.2972,D
511111,8.2971,D
511111,8.2971,D
511222,8.2971,D
511222,8.2971,D
511222,8.2971,D
511334,8.2971,D
511334,8.2971,D
511444,8.2972,D
511445,8.2972,D
511445,8.2972,D
511554,8.2972,D
511554,8.2972,D
511665,8.2973,D
511665,8.2973,D
511665,8.2973,D
511773,8.2973,D
511774,8.2973,D
511774,8.2973,D
511883,8.2973,D
511883,8.2973,D
511993,8.2973,D
511993,8.2973,D
512102,8.2973,D
512102,8.2974,D
512102,8.2974,D
512213,8.2974,D
512213,8.2974,D
512323,8.2974,D
512323,8.2974,D
512323,8.2974,D
512432,8.2974,D
512433,8.2974,D
512544,8.2974,D
512544,8.2974,D
512544,8.2974,D
512652,8.2974,D
512652,8.2974,D
512652,8.2974,D
512762,8.2974,D
512762,8.2974,D
512871,8.2974,D
512871,8.2974,D
512871,8.2974,D
512981,8.2974,D
512981,8.3000,D
513091,8.3421,D
513091,8.3424,D
513091,8.3420,D
513201,8.3414,D
513202,8.3408,D
513311,8.3401,D
513312,8.3396,D
513312,8.3392,D
513422,8.3389,D
513422,8.3386,D
513533,8.3383,D
513533,8.3380,D
513533,8.3378,D
513642,8.3376,D
513642,8.3375,D
513753,8.3374,D
513753,8.3373,D
513753,8.3371,D
513862,8.3370,D
513862,8.3370,D
513972,8.3370,D
513972,8.3370,D
513972,8.3370,D
514080,8.3369,D
514080,8.3369,D
514190,8.3369,D
514190,8.3369,D
514190,8.3369,D
514300,8.3369,D
514300,8.3369,D
514410,8.3369,D
514410,8.3369,D
514410,8.3369,D
514521,8.3369,D
514522,8.3369,D
514633,8.3369,D
514633,8.3369,D
514633,8.3369,D
514741,8.3368,D
514742,8.3368,D
514852,8.3368,D
514852,8.3368,D
514852,8.3368,D
514960,8.3368,D
514960,8.3368,D
515069,8.3368,D
515069,8.3368,D
515069,8.3368,D
515180,8.3368,D
515180,8.3368,D
515289,8.3368,D
515289,8.3368,D
515289,8.3368,D
515400,8.3368,D
515400,8.3368,D
515400,8.3368,D
515510,8.3368,D
515510,8.3368,D
515619,8.3368,D
515619,8.3368,D
515619,8.3368,D
515729,8.3368,D
515729,8.3368,D
515838,8.3368,D
515838,8.3368,D
515948,8.3368,D
515948,8.3667,D
515948,8.3809,D
516059,8.3809,D
516059,8.3805,D
516059,8.3799,D
516169,8.3793,D
516169,8.3787,D
516280,8.3782,D
516280,8.3778,D
516280,8.3775,D
516389,8.3772,D
516389,8.3769,D
516499,8.3767,D
516499,8.3765,D
516499,8.3764,D
516608,8.3764,D
516608,8.3763,D
516718,8.3763,D
516718,8.3762,D
516718,8.3761,D
516828,8.3761,D
516828,8.3761,D
516938,8.3761,D
516938,8.3761,D
516938,8.3760,D
517047,8.3760,D
517048,8.3760,D
517156,8.3760,D
517156,8.3759,D
517266,8.3759,D
517266,8.3759,D
517266,8.3759,D
517376,8.3759,D
517376,8.3759,D
517376,8.3759,D
517487,8.3759,D
517487,8.3759,D
517598,8.3759,D
517598,8.3759,D
517598,8.3759,D
517709,8.3759,D
517709,8.3759,D
517816,8.3759,D
517816,8.3758,D
517816,8.3758,D
517928,8.3758,D
517928,8.3758,D
518038,8.3758,D
518038,8.3758,D
518038,8.3758,D
518150,8.3758,D
518150,8.3758,D
518263,8.3758,D
518264,8.3758,D
518264,8.3758,D
518375,8.3758,D
518375,8.3758,D
518376,8.3758,D
518487,8.3758,D
518487,8.3758,D
518599,8.3758,D
518599,8.3758,D
518599,8.3758,D
518711,8.3758,D
518711,8.3759,D
518823,8.3759,D
518823,8.3759,D
518823,8.3979,D
518935,8.4206,D
518935,8.4208,D
519047,8.4203,D
519047,8.4196,D
519047,8.4190,D
519158,8.4185,D
519158,8.4180,D
519158,8.4176,D
519268,8.4173,D
519268,8.4170,D
519379,8.4167,D
519379,8.4165,D
519379,8.4164,D
519489,8.4162,D
519489,8.4162,D
519601,8.4161,D
519601,8.4160,D
519602,8.4159,D
519714,8.4159,D
519714,8.4158,D
519827,8.4158,D
519827,8.4158,D
519827,8.4158,D
519931,8.4158,D
519932,8.4157,D
520041,8.4156,D
520042,8.4156,D
520042,8.4156,D
520152,8.4156,D
520152,8.4156,D
520263,8.4156,D
520263,8.4156,D
520263,8.4156,D
520375,8.4156,D
520375,8.4156,D
520486,8.4156,D
520486,8.4156,D
520486,8.4156,D
520596,8.4156,D
520596,8.4156,D
520704,8.4155,D
520705,8.4155,D
520705,8.4155,D
520814,8.4155,D
520814,8.4155,D
520925,8.4155,D
520925,8.4155,D
520925,8.4155,D
521035,8.4155,D
521035,8.4155,D
521035,8.4154,D
521145,8.4154,D
521145,8.4154,D
521257,8.4154,D
521257,8.4154,D
521257,8.4154,D
521367,8.4154,D
521368,8.4154,D
521475,8.4154,D
521475,8.4154,D
521476,8.4154,D
521585,8.4154,D
521585,8.4154,D
521695,8.4154,D
521695,8.4154,D
521807,8.4154,D
521807,8.4346,D
521808,8.4603,D
521911,8.4606,D
521911,8.4602,D
521911,8.4592,D
522022,8.4584,D
522022,8.4577,D
522134,8.4571,D
522134,8.4566,D
522248,8.4563,D
522248,8.4559,D
522248,8.4556,D
522363,8.4554,D
522363,8.4552,D
522363,8.4551,D
522477,8.4550,D
522477,8.4550,D
522477,8.4550,D
522590,8.4550,D
522590,8.4550,D
522701,8.4550,D
522701,8.4550,D
522811,8.4550,D
522811,8.4550,D
522811,8.4549,D
522923,8.4549,D
522923,8.4549,D
523034,8.4549,D
523034,8.4548,D
523034,8.4548,D
523144,8.4548,D
523144,8.4548,D
523144,8.4548,D
523257,8.4548,D
523257,8.4548,D
523369,8.4548,D
523369,8.4548,D
523369,8.4548,D
523481,8.4548,D
523481,8.4548,D
523481,8.4548,D
523592,8.4548,D
523592,8.4548,D
523704,8.4548,D
523704,8.4548,D
523816,8.4547,D
523816,8.4547,D
523816,8.4547,D
523926,8.4547,D
523926,8.4547,D
523926,8.4547,D
524036,8.4547,D
524036,8.4547,D
524145,8.4547,D
524145,8.4547,D
524145,8.4547,D
524254,8.4547,D
524254,8.4547,D
524363,8.4547,D
524363,8.4547,D
524363,8.4547,D
524474,8.4546,D
524474,8.4546,D
524585,8.4546,D
524585,8.4546,D
524585,8.4546,D
524695,8.4547,D
524696,8.4710,D
524807,8.4994,D
524807,8.4994,D
524807,8.4991,D
524917,8.4984,D
524917,8.4978,D
525028,8.4971,D
525028,8.4966,D
525028,8.4963,D
525139,8.4960,D
525139,8.4957,D
525250,8.4954,D
525250,8.4951,D
525250,8.4950,D
525361,8.4948,D
525361,8.4947,D
525361,8.4947,D
525472,8.4946,D
525472,8.4945,D
525583,8.4945,D
525583,8.4944,D
525583,8.4944,D
525693,8.4944,D
525693,8.4944,D
525816,8.4943,D
525816,8.4943,D
525816,8.4942,D
525927,8.4941,D
525927,8.4941,D
526039,8.4941,D
526039,8.4941,D
526039,8.4941,D
526151,8.4942,D
526152,8.4942,D
526152,8.4942,D
526265,8.4942,D
526265,8.4942,D
526377,8.4942,D
526377,8.4942,D
526377,8.4942,D
526490,8.4942,D
526490,8.4942,D
526602,8.4942,D
526602,8.4942,D
526602,8.4942,D
526715,8.4942,D
526715,8.4942,D
526828,8.4942,D
526828,8.4942,D
526828,8.4942,D
526940,8.4942,D
526940,8.4942,D
526940,8.4942,D
527051,8.4942,D
527052,8.4942,D
527162,8.4942,D
527162,8.4942,D
527162,8.4942,D
527274,8.4942,D
527274,8.4942,D
527386,8.4942,D
527386,8.4942,D
527386,8.4942,D
527498,8.4942,D
527498,8.4942,D
527609,8.4943,D
527609,8.4943,D
527610,8.4994,D
527720,8.5391,D
527721,8.5395,D
527721,8.5390,D
527833,8.5383,D
527833,8.5377,D
527943,8.5370,D
527943,8.5365,D
528053,8.5361,D
528053,8.5357,D
528053,8.5354,D
528164,8.5351,D
528164,8.5349,D
528276,8.5347,D
528276,8.5345,D
528276,8.5344,D
528384,8.5343,D
528384,8.5343,D
528384,8.5341,D
528494,8.5341,D
528494,8.5340,D
528605,8.5340,D
528605,8.5340,D
528605,8.5340,D
528715,8.5339,D
528715,8.5338,D
528826,8.5337,D
528826,8.5337,D
528826,8.5337,D
528936,8.5337,D
528936,8.5337,D
529047,8.5337,D
529047,8.5337,D
529047,8.5337,D
529158,8.5337,D
529158,8.5337,D
529268,8.5337,D
529268,8.5337,D
529268,8.5337,D
529378,8.5337,D
529378,8.5337,D
529488,8.5337,D
529488,8.5337,D
529488,8.5337,D
529598,8.5337,D
529599,8.5337,D
529599,8.5336,D
529708,8.5336,D
529708,8.5336,D
529815,8.5336,D
529816,8.5336,D
529816,8.5336,D
529926,8.5336,D
529926,8.5336,D
530039,8.5336,D
530040,8.5336,D
530040,8.5336,D
530153,8.5336,D
530153,8.5336,D
530265,8.5336,D
530265,8.5336,D
530377,8.5336,D
530377,8.5336,D
530377,8.5336,D
530486,8.5336,D
530486,8.5336,D
530486,8.5336,D
530597,8.5336,D
530597,8.5670,D
530708,8.5782,D
530708,8.5783,D
530708,8.5780,D
530819,8.5773,D
530819,8.5766,D
530929,8.5760,D
530929,8.5756,D
530929,8.5752,D
531040,8.5749,D
531040,8.5747,D
531151,8.5744,D
531151,8.5742,D
531151,8.5741,D
531261,8.5740,D
531262,8.5739,D
531262,8.5738,D
531374,8.5738,D
531374,8.5737,D
531485,8.5736,D
531485,8.5736,D
531597,8.5736,D
531597,8.5736,D
531597,8.5736,D
531710,8.5735,D
531710,8.5735,D
531710,8.5734,D
531822,8.5733,D
531822,8.5733,D
531933,8.5733,D
531934,8.5734,D
531934,8.5734,D
532044,8.5734,D
532045,8.5734,D
532045,8.5734,D
532156,8.5734,D
532156,8.5734,D
532265,8.5734,D
532266,8.5734,D
532266,8.5733,D
532375,8.5733,D
532375,8.5733,D
532486,8.5733,D
532486,8.5733,D
532486,8.5733,D
532599,8.5733,D
532599,8.5733,D
532710,8.5733,D
532710,8.5733,D
532710,8.5733,D
532819,8.5733,D
532819,8.5732,D
532930,8.5732,D
532930,8.5732,D
532930,8.5732,D
533040,8.5732,D
533040,8.5732,D
533150,8.5732,D
533150,8.5732,D
533150,8.5732,D
533261,8.5731,D
533261,8.5731,D
533372,8.5731,D
533372,8.5731,D
533372,8.5731,D
533482,8.5731,D
533483,8.5731,D
533592,8.5863,D
533592,8.6177,D
533592,8.6178,D
533702,8.6174,D
533702,8.6167,D
533816,8.6161,D
533816,8.6154,D
533816,8.6149,D
533928,8.6146,D
533928,8.6143,D
534031,8.6140,D
534031,8.6137,D
534031,8.6135,D
534144,8.6133,D
534144,8.6131,D
534144,8.6130,D
534257,8.6130,D
534257,8.6129,D
534370,8.6128,D
534371,8.6127,D
534371,8.6127,D
534482,8.6127,D
534482,8.6127,D
534595,8.6127,D
534595,8.6126,D
534595,8.6124,D
534708,8.6124,D
534708,8.6124,D
534822,8.6124,D
534823,8.6124,D
534823,8.6124,D
534934,8.6124,D
534934,8.6124,D
534934,8.6124,D
535042,8.6124,D
535042,8.6124,D
535157,8.6124,D
535157,8.6124,D
535157,8.6124,D
535269,8.6124,D
535269,8.6123,D
535383,8.6123,D
535383,8.6123,D
535383,8.6123,D
535497,8.6123,D
535497,8.6123,D
535611,8.6123,D
535611,8.6123,D
535611,8.6123,D
535725,8.6122,D
535725,8.6122,D
535725,8.6122,D
535836,8.6122,D
535836,8.6122,D
535947,8.6122,D
535947,8.6122,D
535947,8.6121,D
536058,8.6121,D
536059,8.6121,D
536170,8.6121,D
536170,8.6121,D
536170,8.6121,D
536281,8.6120,D
536282,8.6120,D
536394,8.6120,D
536394,8.6120,D
536394,8.6120,D
536505,8.6120,D
536505,8.6536,D
536505,8.6567,D
536615,8.6564,D
536615,8.6558,D
536725,8.6551,D
536726,8.6544,D
536726,8.6539,D
536836,8.6535,D
536836,8.6533,D
536947,8.6531,D
536947,8.6529,D
536947,8.6527,D
537057,8.6525,D
537057,8.6524,D
537170,8.6523,D
537170,8.6522,D
537170,8.6522,D
537280,8.6520,D
537280,8.6519,D
537389,8.6519,D
537389,8.6519,D
537389,8.6519,D
537499,8.6519,D
537499,8.6519,D
537610,8.6519,D
537610,8.6519,D
537610,8.6518,D
537720,8.6518,D
537720,8.6518,D
537831,8.6519,D
537831,8.6519,D
537831,8.6519,D
537941,8.6519,D
537942,8.6519,D
537942,8.6519,D
538052,8.6519,D
538052,8.6520,D
538163,8.6520,D
538163,8.6520,D
538163,8.6520,D
538274,8.6520,D
538275,8.6520,D
538384,8.6520,D
538385,8.6520,D
538495,8.6520,D
538495,8.6519,D
538495,8.6519,D
538606,8.6519,D
538606,8.6519,D
538606,8.6519,D
538718,8.6519,D
538718,8.6519,D
538828,8.6519,D
538828,8.6519,D
538828,8.6519,D
538939,8.6519,D
538940,8.6518,D
539050,8.6517,D
539050,8.6517,D
539050,8.6517,D
539161,8.6517,D
539161,8.6517,D
539271,8.6517,D
539271,8.6516,D
539271,8.6516,D
539381,8.6516,D
539381,8.6517,D
539490,8.6679,D
539490,8.6969,D
539490,8.6974,D
539599,8.6972,D
539599,8.6966,D
539711,8.6958,D
539711,8.6949,D
539711,8.6941,D
539821,8.6936,D
539821,8.6932,D
539821,8.6929,D
539932,8.6926,D
539933,8.6923,D
540043,8.6921,D
540043,8.6920,D
540043,8.6919,D
540153,8.6919,D
540153,8.6919,D
540264,8.6918,D
540265,8.6918,D
540265,8.6918,D
540373,8.6917,D
540373,8.6917,D
540482,8.6916,D
540482,8.6916,D
540592,8.6915,D
540592,8.6914,D
540592,8.6913,D
540702,8.6912,D
540702,8.6912,D
540702,8.6912,D
540812,8.6912,D
540812,8.6912,D
540920,8.6912,D
540920,8.6912,D
540920,8.6912,D
541031,8.6912,D
541031,8.6912,D
541142,8.6912,D
541142,8.6912,D
541142,8.6912,D
541252,8.6912,D
541252,8.6912,D
541363,8.6911,D
541363,8.6911,D
541363,8.6911,D
541472,8.6911,D
541472,8.6911,D
541582,8.6911,D
541582,8.6911,D
541582,8.6911,D
541694,8.6911,D
541694,8.6910,D
541804,8.6910,D
541804,8.6910,D
541804,8.6910,D
541915,8.6910,D
541915,8.6910,D
542025,8.6910,D
542025,8.6910,D
542025,8.6910,D
542134,8.6910,D
542134,8.6910,D
542134,8.6910,D
542243,8.6910,D
542244,8.6910,D
542353,8.6910,D
542353,8.6910,D
542353,8.7188,D
542462,8.7361,D
542462,8.7363,D
542573,8.7358,D
542573,8.7350,D
542684,8.7343,D
542684,8.7337,D
542684,8.7332,D
542793,8.7328,D
542793,8.7325,D
542793,8.7322,D
542905,8.7319,D
542905,8.7317,D
543015,8.7315,D
543016,8.7314,D
543016,8.7313,D
543125,8.7312,D
543125,8.7311,D
543236,8.7310,D
543236,8.7309,D
543236,8.7309,D
543346,8.7309,D
543346,8.7308,D
543456,8.7307,D
543456,8.7306,D
543456,8.7305,D
543566,8.7305,D
543566,8.7304,D
543677,8.7304,D
543677,8.7304,D
543677,8.7304,D
543788,8.7303,D
543788,8.7303,D
543898,8.7303,D
543898,8.7303,D
544008,8.7303,D
544008,8.7303,D
544008,8.7303,D
544118,8.7303,D
544118,8.7302,D
544118,8.7302,D
544228,8.7302,D
544228,8.7302,D
544339,8.7302,D
544339,8.7302,D
544339,8.7302,D
544448,8.7302,D
544448,8.7301,D
544559,8.7301,D
544560,8.7301,D
544560,8.7301,D
544671,8.7301,D
544671,8.7301,D
544781,8.7301,D
544781,8.7301,D
544781,8.7301,D
544890,8.7301,D
544891,8.7301,D
545000,8.7301,D
545001,8.7301,D
545001,8.7301,D
545110,8.7301,D
545110,8.7301,D
545110,8.7301,D
545219,8.7301,D
545219,8.7301,D
545327,8.7301,D
545327,8.7301,D
545327,8.7750,D
545438,8.7755,D
545438,8.7751,D
545548,8.7743,D
545549,8.7736,D
545549,8.7729,D
545660,8.7724,D
545660,8.7720,D
545770,8.7717,D
545770,8.7714,D
545770,8.7711,D
545879,8.7708,D
545879,8.7706,D
545991,8.7704,D
545991,8.7703,D
545991,8.7703,D
546102,8.7702,D
546102,8.7702,D
546212,8.7701,D
546212,8.7701,D
546212,8.7701,D
546324,8.7701,D
546324,8.7701,D
546435,8.7700,D
546435,8.7700,D
546435,8.7700,D
546546,8.7700,D
546546,8.7700,D
546546,8.7699,D
546657,8.7699,D
546657,8.7699,D
546768,8.7699,D
546768,8.7699,D
546878,8.7699,D
546878,8.7699,D
546879,8.7699,D
546989,8.7699,D
546989,8.7699,D
546989,8.7698,D
547099,8.7698,D
547099,8.7698,D
547209,8.7698,D
547210,8.7697,D
547210,8.7697,D
547320,8.7697,D
547320,8.7697,D
547431,8.7697,D
547431,8.7697,D
547431,8.7696,D
547542,8.7696,D
547543,8.7696,D
547653,8.7696,D
547654,8.7695,D
547654,8.7695,D
547765,8.7695,D
547765,8.7695,D
547876,8.7695,D
547876,8.7694,D
547876,8.7694,D
547987,8.7694,D
547987,8.7694,D
547987,8.7693,D
548096,8.7693,D
548097,8.7692,D
548208,8.7694,D
548208,8.7701,D
548208,8.7712,D
548316,8.7952,D
548316,8.8138,D
548427,8.8139,D
548427,8.8135,D
548427,8.8128,D
548537,8.8120,D
548537,8.8114,D
548646,8.8110,D
548646,8.8107,D
548646,8.8104,D
548755,8.8102,D
548755,8.8100,D
548865,8.8097,D
548865,8.8096,D
548976,8.8095,D
548976,8.8094,D
548976,8.8094,D
549088,8.8093,D
549088,8.8093,D
549088,8.8093,D
549199,8.8093,D
549199,8.8093,D
549307,8.8093,D
549307,8.8093,D
549307,8.8093,D
549417,8.8093,D
549417,8.8093,D
549527,8.8093,D
549527,8.8092,D
549528,8.8092,D
549637,8.8092,D
549637,8.8092,D
549747,8.8092,D
549747,8.8093,D
549747,8.8093,D
549863,8.8093,D
549863,8.8093,D
549966,8.8093,D
549966,8.8093,D
549966,8.8093,D
550077,8.8093,D
550077,8.8093,D
550187,8.8093,D
550188,8.8093,D
550188,8.8093,D
550299,8.8093,D
550299,8.8093,D
550410,8.8093,D
550410,8.8093,D
550410,8.8093,D
550520,8.8093,D
550520,8.8093,D
550631,8.8093,D
550631,8.8093,D
550631,8.8093,D
550743,8.8093,D
550743,8.8093,D
550853,8.8093,D
550853,8.8093,D
550853,8.8092,D
550963,8.8092,D
550963,8.8092,D
551074,8.8092,D
551074,8.8092,D
551074,8.8092,D
551185,8.8092,D
551185,8.8092,D
551186,8.8143,D
551296,8.8541,D
551296,8.8548,D
551408,8.8544,D
551408,8.8537,D
551408,8.8530,D
551519,8.8522,D
551519,8.8517,D
551630,8.8513,D
551630,8.8510,D
551630,8.8507,D
551740,8.8505,D
551741,8.8502,D
551851,8.8500,D
551852,8.8498,D
551852,8.8497,D
551961,8.8497,D
551961,8.8496,D
552071,8.8496,D
552071,8.8495,D
552071,8.8495,D
552182,8.8494,D
552182,8.8494,D
552182,8.8494,D
552293,8.8494,D
552293,8.8494,D
552404,8.8494,D
552404,8.8494,D
552404,8.8493,D
552515,8.8493,D
552515,8.8493,D
552624,8.8493,D
552624,8.8493,D
552624,8.8493,D
552734,8.8493,D
552734,8.8493,D
552842,8.8493,D
552842,8.8493,D
552843,8.8493,D
552952,8.8493,D
552952,8.8493,D
553063,8.8493,D
553063,8.8493,D
553175,8.8493,D
553175,8.8493,D
553175,8.8493,D
553287,8.8493,D
553287,8.8493,D
553287,8.8493,D
553398,8.8493,D
553398,8.8493,D
553507,8.8493,D
553507,8.8493,D
553507,8.8493,D
553618,8.8493,D
553619,8.8493,D
553729,8.8493,D
553729,8.8493,D
553729,8.8493,D
553832,8.8493,D
553832,8.8493,D
553944,8.8493,D
553944,8.8493,D
553944,8.8493,D
554056,8.8493,D
554056,8.8493,D
554168,8.8493,D
554169,8.8494,D
554169,8.8545,D
554281,8.8941,D
554281,8.8946,D
554281,8.8942,D
554392,8.8936,D
554392,8.8929,D
554505,8.8922,D
554505,8.8916,D
554505,8.8912,D
554618,8.8909,D
554618,8.8906,D
554729,8.8904,D
554730,8.8902,D
554730,8.8900,D
554842,8.8898,D
554842,8.8897,D
554952,8.8897,D
554952,8.8896,D
554952,8.8896,D
555065,8.8895,D
555065,8.8895,D
555065,8.8895,D
555178,8.8895,D
555178,8.8894,D
555289,8.8894,D
555289,8.8894,D
555289,8.8894,D
555401,8.8894,D
555402,8.8893,D
555515,8.8893,D
555515,8.8893,D
555515,8.8893,D
555627,8.8893,D
555627,8.8893,D
555739,8.8893,D
555739,8.8893,D
555739,8.8893,D
555851,8.8893,D
555851,8.8893,D
555851,8.8893,D
555961,8.8893,D
555961,8.8893,D
556071,8.8893,D
556072,8.8893,D
556072,8.8893,D
556181,8.8893,D
556182,8.8893,D
556292,8.8893,D
556293,8.8893,D
556293,8.8893,D
556402,8.8893,D
556402,8.8893,D
556512,8.8893,D
556512,8.8893,D
556512,8.8893,D
556623,8.8893,D
556623,8.8893,D
556735,8.8893,D
556735,8.8893,D
556844,8.8893,D
556844,8.8893,D
556844,8.8893,D
556954,8.8893,D
556954,8.8893,D
556954,8.8893,D
557064,8.8893,D
557064,8.8893,D
557174,8.8893,D
557174,8.9083,D
557174,8.9341,D
557285,8.9345,D
557285,8.9340,D
557395,8.9332,D
557395,8.9325,D
557395,8.9318,D
557504,8.9313,D
557505,8.9310,D
557614,8.9307,D
557614,8.9305,D
557614,8.9302,D
557725,8.9300,D
557725,8.9298,D
557835,8.9296,D
557835,8.9294,D
557945,8.9294,D
557945,8.9292,D
558055,8.9292,D
558055,8.9291,D
558055,8.9291,D
558165,8.9291,D
558165,8.9291,D
558274,8.9290,D
558274,8.9289,D
558274,8.9288,D
558385,8.9288,D
558386,8.9288,D
558386,8.9288,D
558496,8.9288,D
558496,8.9287,D
558606,8.9287,D
558606,8.9287,D
558717,8.9287,D
558717,8.9287,D
558717,8.9287,D
558827,8.9287,D
558827,8.9287,D
558939,8.9287,D
558939,8.9287,D
558939,8.9287,D
559047,8.9287,D
559047,8.9287,D
559047,8.9287,D
559158,8.9287,D
559158,8.9287,D
559268,8.9286,D
559269,8.9286,D
559269,8.9286,D
559378,8.9286,D
559379,8.9286,D
559491,8.9286,D
559491,8.9286,D
559491,8.9286,D
559599,8.9285,D
559599,8.9285,D
559707,8.9285,D
559707,8.9285,D
559707,8.9285,D
559816,8.9285,D
559816,8.9285,D
559926,8.9285,D
559926,8.9284,D
559926,8.9284,D
560037,8.9284,D
560037,8.9284,D
560147,8.9284,D
560147,8.9589,D
560147,8.9733,D
560257,8.9734,D
560257,8.9730,D
560367,8.9722,D
560367,8.9715,D
560367,8.9708,D
560476,8.9704,D
560476,8.9701,D
560585,8.9698,D
560586,8.9696,D
560586,8.9693,D
560696,8.9691,D
560696,8.9690,D
560805,8.9688,D
560805,8.9688,D
560805,8.9687,D
560915,8.9687,D
560915,8.9686,D
561024,8.9686,D
561024,8.9686,D
561024,8.9686,D
561134,8.9686,D
561134,8.9685,D
561245,8.9685,D
561245,8.9685,D
561245,8.9685,D
561355,8.9685,D
561355,8.9684,D
561355,8.9684,D
561465,8.9684,D
561574,8.9684,D
561574,8.9684,D
561575,8.9684,D
561575,8.9684,D
561685,8.9684,D
561685,8.9684,D
561794,8.9684,D
561795,8.9684,D
561795,8.9684,D
561906,8.9684,D
561906,8.9684,D
562016,8.9684,D
562017,8.9684,D
562017,8.9684,D
562126,8.9684,D
562126,8.9683,D
562236,8.9683,D
562236,8.9683,D
562345,8.9682,D
562345,8.9682,D
562345,8.9682,D
562456,8.9682,D
562456,8.9682,D
562456,8.9682,D
562566,8.9682,D
562566,8.9682,D
562675,8.9681,D
562675,8.9681,D
562785,8.9681,D
562785,8.9681,D
562785,8.9681,D
562895,8.9681,D
562895,8.9681,D
562896,8.9681,D
563005,8.9681,D
563005,8.9681,D
563115,8.9681,D
563115,9.0126,D
563115,9.0133,D
563226,9.0129,D
563226,9.0121,D
563336,9.0114,D
563336,9.0107,D
563336,9.0101,D
563444,9.0097,D
563444,9.0094,D
563554,9.0092,D
563554,9.0089,D
563554,9.0087,D
563664,9.0085,D
563664,9.0083,D
563774,9.0082,D
563774,9.0082,D
563774,9.0081,D
563884,9.0081,D
563884,9.0079,D
563994,9.0079,D
563994,9.0079,D
563994,9.0079,D
564104,9.0079,D
564104,9.0079,D
564214,9.0079,D
564214,9.0078,D
564214,9.0078,D
564323,9.0078,D
564323,9.0078,D
564432,9.0077,D
564432,9.0077,D
564432,9.0077,D
564541,9.0077,D
564541,9.0077,D
564651,9.0077,D
564651,9.0076,D
564651,9.0076,D
564762,9.0076,D
564762,9.0076,D
564762,9.0076,D
564872,9.0075,D
564872,9.0075,D
564982,9.0075,D
564982,9.0074,D
564982,9.0074,D
565092,9.0074,D
565092,9.0074,D
565201,9.0073,D
565202,9.0073,D
565202,9.0073,D
565310,9.0073,D
565310,9.0072,D
565419,9.0072,D
565419,9.0072,D
565419,9.0072,D
565529,9.0072,D
565529,9.0071,D
565639,9.0069,D
565639,9.0068,D
565748,9.0068,D
565748,9.0068,D
565749,9.0068,D
565856,9.0068,D
565857,9.0068,D
565965,9.0068,D
565966,9.0068,D
565966,9.0069,D
566076,9.0073,D
566076,9.0512,D
566076,9.0521,D
566184,9.0517,D
566184,9.0509,D
566294,9.0502,D
566294,9.0494,D
566404,9.0488,D
566404,9.0485,D
566404,9.0482,D
566512,9.0480,D
566512,9.0477,D
566512,9.0475,D
566622,9.0473,D
566622,9.0472,D
566730,9.0471,D
566731,9.0470,D
566731,9.0469,D
566841,9.0469,D
566841,9.0469,D
566949,9.0469,D
566949,9.0469,D
567059,9.0469,D
567059,9.0469,D
567059,9.0469,D
567168,9.0469,D
567168,9.0469,D
567168,9.0469,D
567276,9.0469,D
567277,9.0469,D
567386,9.0469,D
567387,9.0469,D
567387,9.0469,D
567496,9.0469,D
567496,9.0469,D
567605,9.0469,D
567605,9.0469,D
567605,9.0469,D
567714,9.0469,D
567714,9.0469,D
567817,9.0469,D
567817,9.0469,D
567926,9.0469,D
567926,9.0469,D
567926,9.0469,D
568036,9.0469,D
568037,9.0469,D
568146,9.0469,D
568147,9.0469,D
568147,9.0469,D
568257,9.0469,D
568257,9.0470,D
568366,9.0470,D
568366,9.0470,D
568366,9.0470,D
568477,9.0470,D
568478,9.0470,D
568478,9.0470,D
568586,9.0470,D
568586,9.0470,D
568696,9.0470,D
568697,9.0470,D
568697,9.0470,D
568805,9.0470,D
568806,9.0470,D
568916,9.0470,D
568916,9.0470,D
569026,9.0470,D
569026,9.0496,D
569026,9.0917,D
569134,9.0925,D
569135,9.0922,D
569135,9.0915,D
569245,9.0907,D
569245,9.0900,D
569355,9.0894,D
569355,9.0890,D
569355,9.0887,D
569466,9.0885,D
569466,9.0882,D
569575,9.0879,D
569576,9.0877,D
569686,9.0876,D
569686,9.0874,D
569686,9.0874,D
569795,9.0873,D
569795,9.0872,D
569795,9.0871,D
569896,9.0871,D
569896,9.0871,D
570004,9.0870,D
570004,9.0870,D
570004,9.0870,D
570114,9.0870,D
570114,9.0869,D
570224,9.0868,D
570224,9.0868,D
570224,9.0868,D
570333,9.0868,D
570333,9.0868,D
570441,9.0868,D
570441,9.0868,D
570549,9.0868,D
570549,9.0868,D
570549,9.0868,D
570659,9.0868,D
570659,9.0868,D
570770,9.0868,D
570770,9.0868,D
570770,9.0868,D
570881,9.0868,D
570881,9.0868,D
570990,9.0867,D
570990,9.0867,D
570990,9.0867,D
571101,9.0867,D
571101,9.0867,D
571101,9.0867,D
571211,9.0867,D
571211,9.0867,D
571320,9.0867,D
571320,9.0867,D
571320,9.0867,D
571429,9.0867,D
571429,9.0867,D
571540,9.0867,D
571540,9.0867,D
571648,9.0867,D
571648,9.0867,D
571648,9.0867,D
571758,9.0866,D
571758,9.0866,D
571758,9.0866,D
571867,9.0866,D
571867,9.0866,D
571976,9.0866,D
571976,9.1311,D
572084,9.1320,D
572085,9.1317,D
572194,9.1309,D
572194,9.1301,D
572304,9.1293,D
572304,9.1288,D
572304,9.1284,D
572413,9.1281,D
572413,9.1279,D
572413,9.1277,D
572523,9.1274,D
572523,9.1272,D
572633,9.1271,D
572633,9.1269,D
572633,9.1269,D
572743,9.1268,D
572743,9.1267,D
572854,9.1266,D
572854,9.1266,D
572854,9.1266,D
572963,9.1266,D
572963,9.1266,D
573075,9.1266,D
573075,9.1266,D
573076,9.1265,D
573184,9.1265,D
573184,9.1265,D
573184,9.1265,D
573296,9.1265,D
573296,9.1265,D
573405,9.1265,D
573405,9.1265,D
573514,9.1265,D
573515,9.1265,D
573515,9.1265,D
573623,9.1265,D
573623,9.1263,D
573733,9.1262,D
573733,9.1262,D
573733,9.1261,D
573842,9.1260,D
573843,9.1260,D
573952,9.1259,D
573952,9.1259,D
573952,9.1258,D
574062,9.1258,D
574062,9.1257,D
574171,9.1257,D
574171,9.1257,D
574171,9.1257,D
574281,9.1257,D
574281,9.1257,D
574390,9.1257,D
574390,9.1257,D
574390,9.1257,D
574500,9.1257,D
574500,9.1257,D
574608,9.1257,D
574608,9.1257,D
574608,9.1257,D
574717,9.1257,D
574717,9.1257,D
574828,9.1255,D
574828,9.1256,D
574828,9.1261,D
574937,9.1270,D
574937,9.1402,D
575047,9.1690,D
575048,9.1695,D
575048,9.1692,D
575156,9.1683,D
575156,9.1675,D
575266,9.1668,D
575266,9.1663,D
575266,9.1660,D
575375,9.1657,D
575375,9.1654,D
575485,9.1652,D
575485,9.1650,D
575485,9.1648,D
575594,9.1646,D
575595,9.1645,D
575704,9.1645,D
575704,9.1644,D
575704,9.1644,D
575814,9.1643,D
575814,9.1643,D
575924,9.1643,D
575925,9.1643,D
575925,9.1643,D
576036,9.1643,D
576036,9.1643,D
576036,9.1643,D
576145,9.1643,D
576145,9.1643,D
576253,9.1644,D
576253,9.1644,D
576253,9.1644,D
576364,9.1644,D
576364,9.1644,D
576474,9.1644,D
576474,9.1644,D
576474,9.1645,D
576585,9.1645,D
576585,9.1645,D
576695,9.1645,D
576695,9.1646,D
576695,9.1646,D
576805,9.1646,D
576805,9.1646,D
576915,9.1647,D
576915,9.1647,D
577025,9.1647,D
577025,9.1647,D
577025,9.1647,D
577135,9.1648,D
577135,9.1648,D
577135,9.1648,D
577246,9.1648,D
577246,9.1648,D
577356,9.1648,D
577356,9.1649,D
577356,9.1649,D
577467,9.1649,D
577467,9.1649,D
577576,9.1651,D
577576,9.1652,D
577576,9.1652,D
577686,9.1652,D
577686,9.1652,D
577795,9.1652,D
577796,9.1652,D
577796,9.1652,D
577905,9.1653,D
577905,9.1679,D
578016,9.2098,D
578016,9.2109,D
578016,9.2106,D
578126,9.2098,D
578126,9.2090,D
578236,9.2083,D
578236,9.2077,D
578237,9.2073,D
578348,9.2070,D
578348,9.2068,D
578348,9.2065,D
578458,9.2063,D
578458,9.2061,D
578567,9.2059,D
578567,9.2058,D
578567,9.2057,D
578676,9.2057,D
578676,9.2057,D
578788,9.2056,D
578788,9.2055,D
578788,9.2055,D
578898,9.2055,D
578898,9.2055,D
579008,9.2054,D
579008,9.2054,D
579118,9.2054,D
579118,9.2054,D
579229,9.2054,D
579229,9.2053,D
579229,9.2053,D
579339,9.2053,D
579339,9.2053,D
579449,9.2053,D
579449,9.2053,D
579449,9.2053,D
579560,9.2053,D
579560,9.2053,D
579671,9.2053,D
579671,9.2053,D
579672,9.2053,D
579783,9.2053,D
579783,9.2054,D
579892,9.2054,D
579892,9.2054,D
579892,9.2054,D
580004,9.2054,D
580004,9.2054,D
580114,9.2054,D
580114,9.2054,D
580114,9.2054,D
580223,9.2054,D
580223,9.2054,D
580332,9.2054,D
580332,9.2054,D
580332,9.2054,D
580442,9.2054,D
580443,9.2054,D
580552,9.2053,D
580552,9.2052,D
580553,9.2051,D
580662,9.2051,D
580662,9.2051,D
580772,9.2051,D
580772,9.2051,D
580772,9.2051,D
580883,9.2052,D
580883,9.2053,D
580883,9.2441,D
580993,9.2500,D
580993,9.2500,D
581103,9.2496,D
581103,9.2488,D
581213,9.2480,D
581213,9.2474,D
581213,9.2470,D
581323,9.2467,D
581323,9.2464,D
581323,9.2462,D
581433,9.2459,D
581433,9.2457,D
581543,9.2455,D
581543,9.2454,D
581543,9.2454,D
581652,9.2453,D
581652,9.2453,D
581763,9.2451,D
581763,9.2450,D
581763,9.2449,D
581872,9.2447,D
581872,9.2447,D
581980,9.2447,D
581981,9.2447,D
581981,9.2447,D
582090,9.2447,D
582090,9.2447,D
582201,9.2448,D
582201,9.2448,D
582201,9.2448,D
582310,9.2449,D
582310,9.2449,D
582421,9.2449,D
582421,9.2449,D
582532,9.2450,D
582532,9.2450,D
582532,9.2450,D
582643,9.2449,D
582643,9.2449,D
582643,9.2449,D
582755,9.2449,D
582755,9.2449,D
582864,9.2449,D
582865,9.2449,D
582865,9.2449,D
582974,9.2448,D
582974,9.2448,D
583084,9.2448,D
583084,9.2448,D
583084,9.2448,D
583194,9.2448,D
583195,9.2448,D
583304,9.2448,D
583304,9.2448,D
583304,9.2448,D
583413,9.2448,D
583414,9.2448,D
583525,9.2448,D
583525,9.2448,D
583525,9.2448,D
583634,9.2448,D
583634,9.2448,D
583744,9.2448,D
583744,9.2448,D
583744,9.2448,D
583854,9.2448,D
583854,9.2448,D
583854,9.2778,D
583964,9.2893,D
583964,9.2898,D
584075,9.2892,D
584075,9.2884,D
584075,9.2877,D
584185,9.2870,D
584185,9.2866,D
584295,9.2863,D
584295,9.2861,D
584407,9.2858,D
584407,9.2856,D
584408,9.2854,D
584518,9.2852,D
584518,9.2851,D
584627,9.2850,D
584627,9.2849,D
584627,9.2848,D
584738,9.2847,D
584738,9.2847,D
584738,9.2847,D
584844,9.2847,D
584844,9.2846,D
584954,9.2846,D
584954,9.2846,D
584954,9.2846,D
585064,9.2846,D
585064,9.2845,D
585172,9.2845,D
585173,9.2845,D
585173,9.2845,D
585284,9.2844,D
585284,9.2844,D
585395,9.2845,D
585395,9.2845,D
585395,9.2845,D
585504,9.2845,D
585504,9.2845,D
585613,9.2845,D
585614,9.2845,D
585614,9.2844,D
585722,9.2844,D
585722,9.2844,D
585833,9.2844,D
585833,9.2844,D
585833,9.2844,D
585943,9.2844,D
585943,9.2844,D
586054,9.2844,D
586054,9.2844,D
586054,9.2844,D
586164,9.2844,D
586273,9.2844,D
586274,9.2844,D
586274,9.2844,D
586383,9.2844,D
586383,9.2844,D
586492,9.2844,D
586492,9.2844,D
586492,9.2844,D
586601,9.2844,D
586601,9.2843,D
586710,9.2843,D
586710,9.2843,D
586710,9.2843,D
586820,9.2843,D
586820,9.2843,D
586930,9.3145,D
586930,9.3290,D
586930,9.3295,D
587041,9.3289,D
587041,9.3282,D
587041,9.3274,D
587150,9.3267,D
587150,9.3262,D
587260,9.3259,D
587260,9.3257,D
587260,9.3255,D
587371,9.3252,D
587371,9.3250,D
587480,9.3249,D
587480,9.3247,D
587480,9.3246,D
587590,9.3245,D
587591,9.3245,D
587700,9.3244,D
587700,9.3243,D
587700,9.3243,D
587810,9.3243,D
587810,9.3243,D
587920,9.3243,D
587920,9.3243,D
588029,9.3242,D
588029,9.3242,D
588029,9.3242,D
588138,9.3241,D
588138,9.3240,D
588249,9.3240,D
588249,9.3240,D
588249,9.3241,D
588358,9.3241,D
588358,9.3241,D
588358,9.3241,D
588468,9.3241,D
588468,9.3241,D
588579,9.3241,D
588580,9.3241,D
588580,9.3241,D
588689,9.3241,D
588690,9.3240,D
588798,9.3240,D
588798,9.3240,D
588798,9.3240,D
588908,9.3240,D
588908,9.3240,D
589019,9.3240,D
589019,9.3240,D
589019,9.3240,D
589129,9.3240,D
589129,9.3240,D
589237,9.3240,D
589237,9.3240,D
589237,9.3240,D
589349,9.3240,D
589349,9.3240,D
589458,9.3240,D
589459,9.3240,D
589459,9.3240,D
589570,9.3240,D
589570,9.3240,D
589570,9.3240,D
589681,9.3240,D
589681,9.3240,D
589793,9.3240,D
589793,9.3241,D
589793,9.3515,D
589903,9.3686,D
589903,9.3688,D
590014,9.3686,D
590014,9.3679,D
590122,9.3670,D
590122,9.3663,D
590122,9.3658,D
590232,9.3655,D
590232,9.3653,D
590232,9.3651,D
590344,9.3648,D
590344,9.3646,D
590454,9.3644,D
590455,9.3643,D
590455,9.3642,D
590564,9.3641,D
590564,9.3640,D
590676,9.3639,D
590676,9.3639,D
590676,9.3640,D
590785,9.3640,D
590785,9.3640,D
590897,9.3640,D
590897,9.3639,D
590897,9.3639,D
591007,9.3638,D
591007,9.3636,D
591117,9.3634,D
591118,9.3635,D
591118,9.3636,D
591227,9.3637,D
591228,9.3637,D
591339,9.3637,D
591339,9.3637,D
591339,9.3637,D
591450,9.3637,D
591450,9.3636,D
591560,9.3636,D
591560,9.3635,D
591560,9.3635,D
591670,9.3634,D
591670,9.3634,D
591779,9.3634,D
591779,9.3634,D
591779,9.3634,D
591881,9.3633,D
591881,9.3633,D
591993,9.3633,D
591993,9.3633,D
591993,9.3633,D
592103,9.3633,D
592103,9.3633,D
592214,9.3633,D
592214,9.3633,D
592214,9.3633,D
592325,9.3633,D
592325,9.3633,D
592436,9.3633,D
592436,9.3633,D
592436,9.3633,D
592546,9.3633,D
592546,9.3633,D
592546,9.3633,D
592657,9.3633,D
592657,9.3633,D
592767,9.3633,D
592767,9.3633,D
592878,9.3736,D
592878,9.4080,D
592878,9.4088,D
592989,9.4083,D
592989,9.4073,D
592989,9.4064,D
593099,9.4056,D
593099,9.4052,D
593210,9.4050,D
593210,9.4047,D
593321,9.4045,D
593321,9.4044,D
593431,9.4043,D
593431,9.4042,D
593431,9.4041,D
593542,9.4041,D
593542,9.4040,D
593653,9.4040,D
593653,9.4037,D
593653,9.4036,D
593764,9.4036,D
593764,9.4035,D
593878,9.4035,D
593879,9.4034,D
593879,9.4033,D
593989,9.4033,D
593989,9.4033,D
594100,9.4032,D
594100,9.4032,D
594100,9.4032,D
594211,9.4032,D
594211,9.4032,D
594322,9.4033,D
594323,9.4033,D
594323,9.4033,D
594434,9.4033,D
594434,9.4033,D
594434,9.4034,D
594545,9.4034,D
594545,9.4034,D
594656,9.4034,D
594656,9.4034,D
594656,9.4034,D
594767,9.4034,D
594767,9.4034,D
594877,9.4034,D
594877,9.4034,D
594877,9.4034,D
594987,9.4034,D
594987,9.4034,D
595098,9.4034,D
595098,9.4034,D
595098,9.4034,D
595209,9.4034,D
595210,9.4034,D
595320,9.4034,D
595321,9.4034,D
595321,9.4034,D
595432,9.4034,D
595432,9.4034,D
595432,9.4034,D
595542,9.4034,D
595542,9.4034,D
595653,9.4034,D
595653,9.4034,D
595653,9.4034,D
595764,9.4034,D
595765,9.4034,D
595877,9.4448,D
595878,9.4480,D
595878,9.4480,D
595989,9.4475,D
595989,9.4467,D
596100,9.4459,D
596100,9.4453,D
596100,9.4449,D
596210,9.4446,D
596210,9.4443,D
596322,9.4441,D
596322,9.4439,D
596322,9.4437,D
596433,9.4435,D
596433,9.4433,D
596433,9.4432,D
596544,9.4432,D
596544,9.4430,D
596655,9.4429,D
596655,9.4428,D
596655,9.4428,D
596766,9.4426,D
596766,9.4426,D
596877,9.4426,D
596877,9.4427,D
596877,9.4427,D
596988,9.4428,D
596988,9.4428,D
597098,9.4429,D
597098,9.4429,D
597208,9.4429,D
597208,9.4429,D
597208,9.4429,D
597319,9.4429,D
597319,9.4429,D
597319,9.4429,D
597430,9.4429,D
597430,9.4429,D
597541,9.4429,D
597541,9.4429,D
597541,9.4429,D
597652,9.4429,D
597652,9.4429,D
597762,9.4429,D
597763,9.4429,D
597763,9.4428,D
597874,9.4428,D
597874,9.4428,D
597874,9.4428,D
597984,9.4428,D
597984,9.4428,D
598095,9.4428,D
598096,9.4428,D
598096,9.4428,D
598207,9.4428,D
598207,9.4428,D
598316,9.4428,D
598316,9.4428,D
598316,9.4428,D
598427,9.4428,D
598427,9.4428,D
598537,9.4428,D
598537,9.4428,D
598537,9.4428,D
598647,9.4428,D
598647,9.4427,D
598757,9.4427,D
598757,9.4428,D
598757,9.4727,D
598869,9.4870,D
598869,9.4876,D
598977,9.4874,D
598977,9.4868,D
598978,9.4861,D
599089,9.4853,D
599089,9.4847,D
599199,9.4844,D
599199,9.4841,D
599199,9.4839,D
599310,9.4837,D
599310,9.4835,D
599421,9.4833,D
599422,9.4832,D
599422,9.4831,D
599532,9.4830,D
599532,9.4830,D
599642,9.4829,D
599642,9.4828,D
599642,9.4828,D
599752,9.4828,D
599752,9.4828,D
599862,9.4828,D
599862,9.4827,D
599862,9.4827,D
599969,9.4827,D
599970,9.4827,D
600081,9.4827,D
600081,9.4826,D
600081,9.4826,D
