t_ms,mass_g,status
521,40.4365,D
521,40.4365,D
521,40.4365,D
521,40.4365,D
521,40.4365,D
521,40.4365,D
521,40.4365,D
521,40.4365,D
521,40.4365,D
521,40.4365,D
521,40.4364,D
1028,40.4364,D
1028,40.4364,D
1028,40.4364,D
1028,40.4364,D
1028,40.4364,D
1028,40.4364,D
1028,40.4364,D
1028,40.4364,D
1028,40.4364,D
1028,40.4364,D
1028,40.4364,D
1028,40.4434,D
1535,40.4777,D
1535,40.4783,D
1535,40.4783,D
1535,40.4780,D
1535,40.4778,D
1535,40.4775,D
1535,40.4771,D
1535,40.4767,D
1535,40.4764,D
1535,40.4762,D
1535,40.4760,D
1535,40.4758,D
2043,40.4756,D
2043,40.4755,D
2043,40.4753,D
2043,40.4753,D
2043,40.4752,D
2043,40.4751,D
2043,40.4749,D
2043,40.4749,D
2043,40.4748,D
2043,40.4748,D
2043,40.4748,D
2043,40.4748,D
2545,40.4748,D
2545,40.4747,D
2545,40.4747,D
2545,40.4747,D
2545,40.4747,D
2545,40.4747,D
2545,40.4747,D
2545,40.4747,D
2545,40.4747,D
2545,40.4747,D
2545,40.4747,D
3048,40.4747,D
3048,40.4747,D
3048,40.4747,D
3048,40.4746,D
3048,40.4746,D
3048,40.4746,D
3048,40.4746,D
3048,40.4746,D
3048,40.4746,D
3048,40.4746,D
3048,40.4746,D
3048,40.4746,D
3552,40.4746,D
3552,40.4746,D
3552,40.4746,D
3552,40.4746,D
3552,40.4746,D
3552,40.4746,D
3552,40.4746,D
3552,40.4746,D
3552,40.4746,D
3552,40.4746,D
3552,40.4746,D
4054,40.4745,D
4054,40.4745,D
4054,40.4745,D
4054,40.4745,D
4054,40.4745,D
4054,40.4892,D
4054,40.5151,D
4054,40.5164,D
4054,40.5163,D
4054,40.5160,D
4054,40.5158,D
4054,40.5155,D
4567,40.5151,D
4567,40.5147,D
4567,40.5144,D
4567,40.5141,D
4567,40.5139,D
4567,40.5138,D
4567,40.5136,D
4567,40.5135,D
4567,40.5133,D
4567,40.5132,D
4567,40.5131,D
4567,40.5131,D
5075,40.5129,D
5075,40.5128,D
5075,40.5128,D
5075,40.5127,D
5075,40.5127,D
5075,40.5127,D
5075,40.5127,D
5075,40.5126,D
5075,40.5125,D
5075,40.5125,D
5075,40.5125,D
5582,40.5125,D
5582,40.5125,D
5582,40.5125,D
5582,40.5125,D
5582,40.5125,D
5582,40.5125,D
5582,40.5125,D
5582,40.5125,D
5582,40.5125,D
5582,40.5125,D
5582,40.5125,D
5582,40.5125,D
6090,40.5125,D
6090,40.5125,D
6090,40.5125,D
6090,40.5125,D
6090,40.5125,D
6090,40.5125,D
6090,40.5125,D
6090,40.5125,D
6090,40.5125,D
6090,40.5125,D
6090,40.5125,D
6090,40.5125,D
6593,40.5125,D
6593,40.5125,D
6593,40.5125,D
6593,40.5125,D
6593,40.5125,D
6593,40.5125,D
6593,40.5125,D
6593,40.5125,D
6593,40.5125,D
6593,40.5125,D
6593,40.5353,D
7108,40.5539,D
7108,40.5544,D
7108,40.5543,D
7108,40.5541,D
7108,40.5538,D
7108,40.5535,D
7108,40.5532,D
7108,40.5529,D
7108,40.5527,D
7108,40.5525,D
7108,40.5523,D
7108,40.5521,D
7615,40.5520,D
7615,40.5518,D
7615,40.5517,D
7615,40.5516,D
7615,40.5515,D
7615,40.5514,D
7615,40.5512,D
7615,40.5512,D
7615,40.5511,D
7615,40.5511,D
7615,40.5511,D
8121,40.5511,D
8121,40.5510,D
8121,40.5510,D
8121,40.5509,D
8121,40.5509,D
8121,40.5509,D
8121,40.5509,D
8121,40.5509,D
8121,40.5509,D
8121,40.5508,D
8121,40.5508,D
8121,40.5508,D
8634,40.5508,D
8634,40.5508,D
8634,40.5508,D
8634,40.5508,D
8634,40.5508,D
8634,40.5508,D
8634,40.5508,D
8634,40.5508,D
8634,40.5508,D
8634,40.5508,D
8634,40.5508,D
9143,40.5508,D
9143,40.5508,D
9143,40.5508,D
9143,40.5508,D
9143,40.5508,D
9143,40.5508,D
9143,40.5508,D
9143,40.5508,D
9143,40.5508,D
9143,40.5508,D
9143,40.5508,D
9143,40.5508,D
9651,40.5508,D
9651,40.5508,D
9651,40.5508,D
9651,40.5508,D
9651,40.5508,D
9651,40.5631,D
9651,40.5926,D
9651,40.5932,D
9651,40.5932,D
9651,40.5931,D
9651,40.5929,D
9651,40.5926,D
10159,40.5922,D
10159,40.5919,D
10159,40.5916,D
10159,40.5914,D
10159,40.5912,D
10159,40.5910,D
10159,40.5909,D
10159,40.5907,D
10159,40.5906,D
10159,40.5905,D
10159,40.5904,D
10159,40.5903,D
10660,40.5901,D
10660,40.5900,D
10660,40.5899,D
10660,40.5898,D
10660,40.5897,D
10660,40.5897,D
10660,40.5897,D
10660,40.5897,D
10660,40.5897,D
10660,40.5897,D
10660,40.5897,D
11165,40.5896,D
11165,40.5896,D
11165,40.5896,D
11165,40.5896,D
11165,40.5896,D
11165,40.5896,D
11165,40.5896,D
11165,40.5896,D
11165,40.5896,D
11165,40.5895,D
11165,40.5895,D
11165,40.5895,D
11667,40.5895,D
11667,40.5895,D
11667,40.5895,D
11667,40.5895,D
11667,40.5895,D
11667,40.5895,D
11667,40.5895,D
11667,40.5895,D
11667,40.5894,D
11667,40.5894,D
11667,40.5894,D
12181,40.5894,D
12181,40.5894,D
12181,40.5894,D
12181,40.5894,D
12181,40.5894,D
12181,40.5894,D
12181,40.5894,D
12181,40.5894,D
12181,40.5894,D
12181,40.5894,D
12181,40.5894,D
12181,40.5917,D
12695,40.6306,D
12695,40.6313,D
12695,40.6313,D
12695,40.6310,D
12695,40.6309,D
12695,40.6307,D
12695,40.6303,D
12695,40.6300,D
12695,40.6298,D
12695,40.6296,D
12695,40.6294,D
12695,40.6292,D
13205,40.6290,D
13205,40.6289,D
13205,40.6288,D
13205,40.6287,D
13205,40.6286,D
13205,40.6286,D
13205,40.6284,D
13205,40.6282,D
13205,40.6282,D
13205,40.6282,D
13205,40.6281,D
13719,40.6279,D
13719,40.6279,D
13719,40.6278,D
13719,40.6278,D
13719,40.6278,D
13719,40.6277,D
13719,40.6277,D
13719,40.6277,D
13719,40.6276,D
13719,40.6276,D
13719,40.6276,D
13719,40.6275,D
14226,40.6275,D
14226,40.6275,D
14226,40.6274,D
14226,40.6274,D
14226,40.6274,D
14226,40.6273,D
14226,40.6273,D
14226,40.6273,D
14226,40.6272,D
14226,40.6272,D
14226,40.6272,D
14226,40.6272,D
14728,40.6271,D
14728,40.6271,D
14728,40.6271,D
14728,40.6271,D
14728,40.6271,D
14728,40.6270,D
14728,40.6270,D
14728,40.6270,D
14728,40.6270,D
14728,40.6270,D
14728,40.6270,D
15229,40.6270,D
15229,40.6270,D
15229,40.6270,D
15229,40.6270,D
15229,40.6270,D
15229,40.6270,D
15229,40.6655,D
15229,40.6686,D
15229,40.6687,D
15229,40.6685,D
15229,40.6684,D
15229,40.6681,D
15743,40.6678,D
15743,40.6675,D
15743,40.6673,D
15743,40.6670,D
15743,40.6669,D
15743,40.6667,D
15743,40.6665,D
15743,40.6664,D
15743,40.6663,D
15743,40.6662,D
15743,40.6661,D
16251,40.6661,D
16251,40.6659,D
16251,40.6658,D
16251,40.6657,D
16251,40.6657,D
16251,40.6657,D
16251,40.6657,D
16251,40.6657,D
16251,40.6657,D
16251,40.6656,D
16251,40.6656,D
16251,40.6656,D
16758,40.6656,D
16758,40.6656,D
16758,40.6656,D
16758,40.6656,D
16758,40.6656,D
16758,40.6656,D
16758,40.6656,D
16758,40.6656,D
16758,40.6656,D
16758,40.6656,D
16758,40.6656,D
17264,40.6656,D
17264,40.6656,D
17264,40.6656,D
17264,40.6656,D
17264,40.6656,D
17264,40.6656,D
17264,40.6656,D
17264,40.6656,D
17264,40.6656,D
17264,40.6656,D
17264,40.6656,D
17264,40.6656,D
17769,40.6656,D
17769,40.6656,D
17769,40.6656,D
17769,40.6656,D
17769,40.6656,D
17769,40.6655,D
17769,40.6655,D
17769,40.6655,D
17769,40.6654,D
17769,40.6654,D
17769,40.6655,D
17770,40.6657,D
18283,40.7040,D
18283,40.7072,D
18283,40.7072,D
18283,40.7070,D
18283,40.7068,D
18283,40.7066,D
18283,40.7064,D
18283,40.7061,D
18283,40.7058,D
18283,40.7056,D
18283,40.7054,D
18283,40.7052,D
18789,40.7051,D
18789,40.7049,D
18789,40.7048,D
18789,40.7047,D
18789,40.7047,D
18789,40.7046,D
18789,40.7044,D
18789,40.7044,D
18789,40.7043,D
18789,40.7043,D
18789,40.7043,D
19296,40.7043,D
19296,40.7043,D
19296,40.7043,D
19296,40.7043,D
19296,40.7043,D
19296,40.7043,D
19296,40.7043,D
19296,40.7043,D
19296,40.7043,D
19296,40.7043,D
19296,40.7043,D
19296,40.7043,D
19803,40.7043,D
19803,40.7043,D
19803,40.7043,D
19803,40.7043,D
19803,40.7043,D
19803,40.7043,D
19803,40.7043,D
19803,40.7043,D
19803,40.7043,D
19803,40.7043,D
19803,40.7043,D
20309,40.7043,D
20309,40.7043,D
20309,40.7043,D
20309,40.7043,D
20309,40.7043,D
20309,40.7043,D
20309,40.7043,D
20309,40.7043,D
20309,40.7043,D
20309,40.7043,D
20309,40.7043,D
20309,40.7043,D
20815,40.7043,D
20815,40.7043,D
20815,40.7043,D
20815,40.7043,D
20815,40.7043,D
20815,40.7043,D
20815,40.7244,D
20815,40.7459,D
20815,40.7464,D
20815,40.7464,D
20815,40.7462,D
20815,40.7460,D
21321,40.7456,D
21321,40.7453,D
21321,40.7450,D
21321,40.7448,D
21321,40.7445,D
21321,40.7444,D
21321,40.7442,D
21321,40.7441,D
21321,40.7439,D
21321,40.7438,D
21321,40.7437,D
21826,40.7437,D
21826,40.7436,D
21826,40.7434,D
21826,40.7433,D
21826,40.7433,D
21826,40.7433,D
21826,40.7433,D
21826,40.7433,D
21826,40.7433,D
21826,40.7433,D
21826,40.7432,D
21826,40.7432,D
22331,40.7431,D
22331,40.7431,D
22331,40.7431,D
22331,40.7430,D
22331,40.7430,D
22331,40.7430,D
22331,40.7430,D
22331,40.7430,D
22331,40.7430,D
22331,40.7430,D
22331,40.7430,D
22838,40.7431,D
22838,40.7431,D
22838,40.7431,D
22838,40.7431,D
22838,40.7431,D
22838,40.7431,D
22838,40.7431,D
22838,40.7431,D
22838,40.7431,D
22838,40.7431,D
22838,40.7431,D
22838,40.7431,D
23345,40.7431,D
23345,40.7431,D
23345,40.7431,D
23346,40.7431,D
23346,40.7431,D
23346,40.7431,D
23346,40.7431,D
23346,40.7431,D
23346,40.7431,D
23346,40.7431,D
23346,40.7431,D
23346,40.7431,D
23855,40.7502,D
23855,40.7846,D
23855,40.7851,D
23855,40.7850,D
23855,40.7847,D
23855,40.7846,D
23855,40.7843,D
23855,40.7839,D
23855,40.7836,D
23855,40.7834,D
23855,40.7832,D
24363,40.7830,D
24363,40.7828,D
24363,40.7826,D
24363,40.7825,D
24363,40.7824,D
24363,40.7823,D
24363,40.7822,D
24363,40.7821,D
24363,40.7819,D
24363,40.7818,D
24363,40.7818,D
24363,40.7818,D
24866,40.7818,D
24866,40.7818,D
24866,40.7817,D
24866,40.7817,D
24866,40.7817,D
24866,40.7817,D
24866,40.7816,D
24866,40.7816,D
24866,40.7816,D
24866,40.7817,D
24866,40.7817,D
25369,40.7817,D
25369,40.7817,D
25369,40.7817,D
25369,40.7817,D
25369,40.7817,D
25369,40.7817,D
25369,40.7817,D
25369,40.7817,D
25369,40.7817,D
25369,40.7817,D
25369,40.7816,D
25369,40.7816,D
25883,40.7816,D
25883,40.7816,D
25883,40.7816,D
25883,40.7816,D
25883,40.7816,D
25883,40.7816,D
25883,40.7816,D
25883,40.7816,D
25883,40.7816,D
25883,40.7816,D
25883,40.7815,D
26395,40.7815,D
26395,40.7815,D
26395,40.7815,D
26395,40.7815,D
26395,40.7815,D
26395,40.7815,D
26395,40.7815,D
26395,40.7815,D
26395,40.8200,D
26395,40.8232,D
26395,40.8234,D
26395,40.8232,D
26903,40.8231,D
26903,40.8228,D
26903,40.8225,D
26903,40.8221,D
26903,40.8219,D
26903,40.8216,D
26903,40.8214,D
26903,40.8212,D
26903,40.8211,D
26903,40.8209,D
26903,40.8208,D
26903,40.8207,D
27411,40.8206,D
27411,40.8206,D
27411,40.8204,D
27411,40.8203,D
27411,40.8203,D
27411,40.8202,D
27411,40.8202,D
27411,40.8202,D
27411,40.8202,D
27411,40.8202,D
27411,40.8202,D
27411,40.8202,D
27920,40.8201,D
27920,40.8201,D
27920,40.8201,D
27920,40.8201,D
27920,40.8201,D
27920,40.8201,D
27920,40.8201,D
27920,40.8201,D
27920,40.8201,D
27920,40.8201,D
27920,40.8201,D
28426,40.8201,D
28426,40.8201,D
28426,40.8201,D
28426,40.8201,D
28426,40.8201,D
28426,40.8201,D
28426,40.8201,D
28426,40.8201,D
28426,40.8201,D
28426,40.8201,D
28426,40.8201,D
28426,40.8201,D
28930,40.8201,D
28930,40.8201,D
28930,40.8201,D
28930,40.8201,D
28931,40.8201,D
28931,40.8201,D
28931,40.8201,D
28931,40.8201,D
28931,40.8201,D
28931,40.8200,D
28931,40.8200,D
29434,40.8201,D
29434,40.8203,D
29434,40.8507,D
29434,40.8612,D
29434,40.8619,D
29434,40.8618,D
29434,40.8616,D
29434,40.8614,D
29434,40.8611,D
29434,40.8608,D
29434,40.8605,D
29434,40.8602,D
29937,40.8600,D
29937,40.8598,D
29937,40.8597,D
29937,40.8595,D
29937,40.8594,D
29937,40.8593,D
29937,40.8592,D
29937,40.8592,D
29937,40.8591,D
29937,40.8589,D
29937,40.8589,D
30443,40.8589,D
30443,40.8588,D
30443,40.8588,D
30443,40.8588,D
30443,40.8588,D
30443,40.8588,D
30443,40.8588,D
30443,40.8588,D
30443,40.8588,D
30443,40.8588,D
30443,40.8588,D
30443,40.8588,D
30952,40.8588,D
30952,40.8588,D
30952,40.8588,D
30952,40.8588,D
30952,40.8588,D
30952,40.8588,D
30952,40.8588,D
30952,40.8588,D
30952,40.8588,D
30952,40.8588,D
30952,40.8587,D
30952,40.8587,D
31459,40.8587,D
31459,40.8587,D
31459,40.8587,D
31459,40.8587,D
31459,40.8587,D
31459,40.8587,D
31459,40.8587,D
31459,40.8587,D
31459,40.8587,D
31459,40.8587,D
31459,40.8587,D
31966,40.8587,D
31966,40.8587,D
31966,40.8587,D
31966,40.8587,D
31966,40.8587,D
31966,40.8587,D
31966,40.8587,D
31966,40.8587,D
31966,40.8634,D
31966,40.8999,D
31966,40.9007,D
31966,40.9007,D
32474,40.9005,D
32474,40.9004,D
32474,40.9001,D
32474,40.8997,D
32474,40.8994,D
32474,40.8992,D
32474,40.8989,D
32474,40.8987,D
32474,40.8986,D
32474,40.8984,D
32474,40.8983,D
32979,40.8981,D
32979,40.8980,D
32979,40.8979,D
32979,40.8979,D
32979,40.8978,D
32979,40.8976,D
32979,40.8976,D
32979,40.8975,D
32979,40.8975,D
32979,40.8975,D
32979,40.8975,D
32979,40.8974,D
33492,40.8974,D
33492,40.8974,D
33492,40.8973,D
33492,40.8973,D
33492,40.8973,D
33492,40.8973,D
33492,40.8973,D
33492,40.8973,D
33492,40.8973,D
33492,40.8973,D
33492,40.8973,D
33492,40.8973,D
33997,40.8973,D
33997,40.8973,D
33997,40.8973,D
33997,40.8973,D
33997,40.8973,D
33997,40.8973,D
33997,40.8973,D
33997,40.8973,D
33997,40.8973,D
33997,40.8973,D
33997,40.8973,D
34499,40.8973,D
34499,40.8973,D
34499,40.8973,D
34499,40.8973,D
34499,40.8973,D
34499,40.8973,D
34499,40.8973,D
34499,40.8973,D
34499,40.8973,D
34499,40.8973,D
34499,40.8973,D
34499,40.8973,D
35006,40.8973,D
35006,40.8973,D
35006,40.8973,D
35006,40.9226,D
35006,40.9385,D
35006,40.9390,D
35006,40.9390,D
35006,40.9388,D
35006,40.9387,D
35006,40.9384,D
35006,40.9381,D
35506,40.9378,D
35506,40.9376,D
35506,40.9374,D
35506,40.9373,D
35506,40.9371,D
35506,40.9370,D
35506,40.9368,D
35506,40.9367,D
35506,40.9366,D
35506,40.9366,D
35506,40.9365,D
35506,40.9363,D
36009,40.9362,D
36009,40.9362,D
36010,40.9361,D
36010,40.9361,D
36010,40.9361,D
36010,40.9361,D
36010,40.9360,D
36010,40.9360,D
36010,40.9360,D
36010,40.9360,D
36010,40.9360,D
36511,40.9360,D
36511,40.9360,D
36511,40.9359,D
36511,40.9359,D
36511,40.9359,D
36511,40.9359,D
36511,40.9359,D
36511,40.9359,D
36511,40.9359,D
36511,40.9359,D
36511,40.9359,D
36511,40.9359,D
37013,40.9359,D
37013,40.9359,D
37013,40.9359,D
37013,40.9359,D
37013,40.9359,D
37013,40.9359,D
37013,40.9359,D
37013,40.9359,D
37013,40.9359,D
37013,40.9358,D
37013,40.9358,D
37516,40.9358,D
37516,40.9358,D
37516,40.9358,D
37516,40.9358,D
37516,40.9358,D
37516,40.9358,D
37516,40.9358,D
37516,40.9358,D
37516,40.9358,D
37516,40.9358,D
37516,40.9452,D
37516,40.9769,D
38021,40.9775,D
38021,40.9776,D
38021,40.9774,D
38021,40.9773,D
38021,40.9770,D
38021,40.9767,D
38021,40.9764,D
38021,40.9762,D
38021,40.9760,D
38021,40.9758,D
38021,40.9756,D
38523,40.9754,D
38523,40.9753,D
38523,40.9751,D
38523,40.9750,D
38523,40.9749,D
38523,40.9748,D
38523,40.9747,D
38523,40.9745,D
38523,40.9745,D
38523,40.9744,D
38523,40.9744,D
38523,40.9744,D
39031,40.9743,D
39031,40.9743,D
39031,40.9743,D
39031,40.9743,D
39031,40.9743,D
39031,40.9743,D
39031,40.9743,D
39031,40.9743,D
39031,40.9743,D
39031,40.9743,D
39031,40.9743,D
39540,40.9743,D
39540,40.9743,D
39540,40.9742,D
39540,40.9742,D
39540,40.9742,D
39540,40.9742,D
39540,40.9742,D
39540,40.9742,D
39540,40.9742,D
39540,40.9742,D
39540,40.9742,D
39540,40.9742,D
40048,40.9742,D
40048,40.9742,D
40048,40.9742,D
40048,40.9742,D
40048,40.9742,D
40048,40.9742,D
40048,40.9742,D
40048,40.9742,D
40048,40.9742,D
40048,40.9742,D
40048,40.9742,D
40048,40.9742,D
40556,40.9742,D
40556,40.9742,D
40556,40.9742,D
40556,40.9742,D
40556,40.9742,D
40556,41.0074,D
40556,41.0155,D
40556,41.0162,D
40556,41.0161,D
40556,41.0159,D
40556,41.0156,D
41058,41.0153,D
41058,41.0149,D
41058,41.0146,D
41059,41.0144,D
41059,41.0141,D
41059,41.0139,D
41059,41.0138,D
41059,41.0136,D
41059,41.0135,D
41059,41.0134,D
41059,41.0133,D
41059,41.0133,D
41571,41.0131,D
41571,41.0130,D
41571,41.0130,D
41571,41.0130,D
41571,41.0129,D
41571,41.0129,D
41571,41.0129,D
41571,41.0129,D
41571,41.0129,D
41571,41.0129,D
41571,41.0129,D
41571,41.0129,D
42084,41.0128,D
42084,41.0128,D
42084,41.0128,D
42084,41.0128,D
42084,41.0128,D
42084,41.0127,D
42084,41.0127,D
42084,41.0127,D
42084,41.0127,D
42084,41.0127,D
42084,41.0127,D
42587,41.0127,D
42587,41.0127,D
42587,41.0127,D
42587,41.0127,D
42587,41.0127,D
42587,41.0127,D
42587,41.0127,D
42587,41.0127,D
42587,41.0127,D
42587,41.0127,D
42587,41.0127,D
42587,41.0127,D
43091,41.0126,D
43091,41.0126,D
43091,41.0126,D
43091,41.0126,D
43091,41.0126,D
43091,41.0126,D
43091,41.0126,D
43091,41.0126,D
43091,41.0126,D
43091,41.0126,D
43091,41.0126,D
43091,41.0150,D
43598,41.0535,D
43598,41.0543,D
43598,41.0543,D
43598,41.0542,D
43598,41.0541,D
43598,41.0538,D
43598,41.0535,D
43598,41.0531,D
43598,41.0528,D
43598,41.0526,D
43598,41.0524,D
44103,41.0522,D
44103,41.0520,D
44103,41.0519,D
44103,41.0517,D
44103,41.0517,D
44103,41.0516,D
44103,41.0515,D
44103,41.0514,D
44103,41.0513,D
44103,41.0512,D
44103,41.0512,D
44103,41.0511,D
44618,41.0511,D
44618,41.0511,D
44618,41.0511,D
44618,41.0510,D
44618,41.0510,D
44618,41.0510,D
44618,41.0510,D
44618,41.0509,D
44618,41.0509,D
44618,41.0509,D
44618,41.0509,D
45127,41.0509,D
45127,41.0509,D
45128,41.0509,D
45128,41.0509,D
45128,41.0509,D
45128,41.0509,D
45128,41.0509,D
45128,41.0509,D
45128,41.0509,D
45128,41.0509,D
45128,41.0509,D
45128,41.0509,D
45636,41.0509,D
45636,41.0509,D
45636,41.0509,D
45636,41.0509,D
45636,41.0509,D
45637,41.0509,D
45637,41.0509,D
45637,41.0509,D
45637,41.0509,D
45637,41.0509,D
45637,41.0509,D
45637,41.0509,D
46147,41.0509,D
46147,41.0509,D
46147,41.0509,D
46147,41.0509,D
46147,41.0509,D
46147,41.0509,D
46147,41.0657,D
46147,41.0923,D
46147,41.0929,D
46147,41.0929,D
46147,41.0927,D
46147,41.0925,D
46653,41.0922,D
46653,41.0919,D
46653,41.0915,D
46653,41.0913,D
46653,41.0911,D
46653,41.0909,D
46653,41.0907,D
46653,41.0905,D
46653,41.0904,D
46653,41.0903,D
46653,41.0902,D
47156,41.0901,D
47156,41.0900,D
47156,41.0899,D
47156,41.0898,D
47156,41.0898,D
47156,41.0898,D
47156,41.0897,D
47156,41.0897,D
47156,41.0897,D
47156,41.0897,D
47156,41.0897,D
47658,41.0897,D
47658,41.0897,D
47658,41.0897,D
47658,41.0897,D
47658,41.0897,D
47658,41.0897,D
47658,41.0897,D
47658,41.0897,D
47658,41.0897,D
47658,41.0897,D
47658,41.0897,D
47658,41.0897,D
48164,41.0897,D
48164,41.0897,D
48164,41.0897,D
48164,41.0897,D
48164,41.0897,D
48164,41.0897,D
48164,41.0897,D
48164,41.0897,D
48164,41.0897,D
48164,41.0897,D
48164,41.0897,D
48164,41.0897,D
48665,41.0897,D
48665,41.0897,D
48665,41.0897,D
48665,41.0897,D
48665,41.0896,D
48665,41.0895,D
48665,41.0895,D
48665,41.0895,D
48665,41.0895,D
48665,41.0895,D
48665,41.0894,D
49169,41.0895,D
49169,41.0896,D
49170,41.1227,D
49170,41.1306,D
49170,41.1312,D
49170,41.1312,D
49170,41.1310,D
49170,41.1308,D
49170,41.1304,D
49170,41.1301,D
49170,41.1298,D
49170,41.1295,D
49680,41.1293,D
49680,41.1291,D
49680,41.1289,D
49680,41.1287,D
49680,41.1286,D
49680,41.1285,D
49680,41.1284,D
49680,41.1283,D
49680,41.1282,D
49680,41.1279,D
49680,41.1279,D
50187,41.1279,D
50187,41.1279,D
50187,41.1278,D
50187,41.1278,D
50187,41.1278,D
50187,41.1278,D
50187,41.1278,D
50187,41.1278,D
50187,41.1278,D
50187,41.1278,D
50187,41.1278,D
50187,41.1278,D
50696,41.1278,D
50696,41.1278,D
50696,41.1278,D
50696,41.1278,D
50696,41.1278,D
50696,41.1278,D
50696,41.1278,D
50696,41.1278,D
50696,41.1278,D
50696,41.1277,D
50696,41.1277,D
50696,41.1277,D
51206,41.1277,D
51206,41.1277,D
51206,41.1277,D
51206,41.1277,D
51206,41.1277,D
51206,41.1277,D
51206,41.1277,D
51206,41.1277,D
51206,41.1277,D
51206,41.1277,D
51206,41.1277,D
51715,41.1277,D
51715,41.1277,D
51715,41.1277,D
51715,41.1277,D
51715,41.1276,D
51715,41.1276,D
51715,41.1276,D
51715,41.1276,D
51715,41.1300,D
51715,41.1692,D
51715,41.1698,D
51715,41.1698,D
52224,41.1696,D
52224,41.1694,D
52224,41.1692,D
52224,41.1689,D
52224,41.1686,D
52224,41.1684,D
52224,41.1681,D
52224,41.1679,D
52224,41.1678,D
52224,41.1676,D
52224,41.1675,D
52224,41.1673,D
52728,41.1672,D
52729,41.1672,D
52729,41.1671,D
52729,41.1669,D
52729,41.1668,D
52729,41.1668,D
52729,41.1668,D
52729,41.1668,D
52729,41.1667,D
52729,41.1667,D
52729,41.1667,D
53230,41.1667,D
53230,41.1667,D
53230,41.1667,D
53230,41.1667,D
53230,41.1667,D
53230,41.1667,D
53230,41.1667,D
53230,41.1667,D
53230,41.1667,D
53230,41.1667,D
53230,41.1667,D
53230,41.1667,D
53734,41.1667,D
53734,41.1667,D
53734,41.1667,D
53734,41.1667,D
53734,41.1667,D
53734,41.1667,D
53734,41.1667,D
53734,41.1667,D
53734,41.1667,D
53734,41.1667,D
53734,41.1667,D
54238,41.1667,D
54238,41.1667,D
54238,41.1667,D
54238,41.1667,D
54238,41.1667,D
54238,41.1667,D
54238,41.1667,D
54238,41.1667,D
54238,41.1667,D
54238,41.1667,D
54238,41.1667,D
54742,41.1667,D
54742,41.1667,D
54742,41.1667,D
54742,41.1667,D
54742,41.1738,D
54742,41.2082,D
54742,41.2089,D
54742,41.2088,D
54742,41.2085,D
54742,41.2084,D
54742,41.2080,D
54742,41.2077,D
55244,41.2073,D
55244,41.2070,D
55244,41.2068,D
55244,41.2066,D
55244,41.2064,D
55244,41.2062,D
55244,41.2061,D
55244,41.2060,D
55244,41.2059,D
55244,41.2058,D
55244,41.2057,D
55244,41.2054,D
55750,41.2052,D
55750,41.2051,D
55750,41.2050,D
55750,41.2050,D
55750,41.2050,D
55750,41.2049,D
55750,41.2049,D
55750,41.2049,D
55750,41.2049,D
55750,41.2049,D
55750,41.2049,D
56261,41.2049,D
56261,41.2049,D
56261,41.2049,D
56261,41.2049,D
56261,41.2049,D
56261,41.2049,D
56261,41.2049,D
56261,41.2049,D
56261,41.2049,D
56261,41.2049,D
56261,41.2049,D
56261,41.2049,D
56768,41.2049,D
56768,41.2049,D
56768,41.2049,D
56768,41.2049,D
56768,41.2049,D
56768,41.2049,D
56768,41.2049,D
56768,41.2049,D
56768,41.2049,D
56768,41.2049,D
56768,41.2049,D
56768,41.2049,D
57274,41.2049,D
57274,41.2049,D
57274,41.2049,D
57274,41.2049,D
57274,41.2049,D
57274,41.2049,D
57274,41.2049,D
57274,41.2049,D
57274,41.2049,D
57274,41.2049,D
57274,41.2222,D
57782,41.2461,D
57782,41.2468,D
57782,41.2469,D
57782,41.2467,D
57782,41.2465,D
57782,41.2461,D
57782,41.2456,D
57782,41.2453,D
57782,41.2450,D
57782,41.2447,D
57782,41.2445,D
57782,41.2443,D
58283,41.2441,D
58283,41.2440,D
58283,41.2438,D
58283,41.2437,D
58283,41.2437,D
58283,41.2436,D
58283,41.2434,D
58283,41.2432,D
58283,41.2432,D
58283,41.2431,D
58283,41.2430,D
58283,41.2430,D
58789,41.2430,D
58789,41.2430,D
58789,41.2430,D
58789,41.2429,D
58789,41.2429,D
58789,41.2429,D
58789,41.2429,D
58789,41.2429,D
58789,41.2429,D
58789,41.2429,D
58789,41.2429,D
59295,41.2429,D
59295,41.2429,D
59295,41.2429,D
59295,41.2429,D
59295,41.2429,D
59295,41.2429,D
59295,41.2429,D
59295,41.2429,D
59295,41.2429,D
59295,41.2429,D
59295,41.2429,D
59802,41.2429,D
59802,41.2428,D
59802,41.2428,D
59802,41.2428,D
59802,41.2428,D
59802,41.2428,D
59802,41.2427,D
59802,41.2427,D
59802,41.2427,D
59802,41.2427,D
59802,41.2427,D
59802,41.2427,D
60307,41.2426,D
60307,41.2426,D
60307,41.2426,D
60307,41.2426,D
60307,41.2426,D
60307,41.2426,D
60307,41.2733,D
60307,41.2841,D
60307,41.2848,D
60307,41.2847,D
60307,41.2845,D
60307,41.2842,D
60810,41.2839,D
60810,41.2835,D
60810,41.2833,D
60810,41.2830,D
60810,41.2829,D
60810,41.2827,D
60810,41.2825,D
60810,41.2824,D
60810,41.2823,D
60810,41.2822,D
60810,41.2821,D
61318,41.2820,D
61318,41.2819,D
61319,41.2818,D
61319,41.2817,D
61319,41.2817,D
61319,41.2817,D
61319,41.2817,D
61319,41.2817,D
61319,41.2817,D
61319,41.2817,D
61319,41.2817,D
61319,41.2817,D
61825,41.2817,D
61825,41.2817,D
61825,41.2817,D
61825,41.2817,D
61825,41.2817,D
61825,41.2818,D
61825,41.2818,D
61825,41.2818,D
61825,41.2818,D
61825,41.2818,D
61825,41.2818,D
62330,41.2818,D
62330,41.2818,D
62330,41.2818,D
62330,41.2818,D
62330,41.2819,D
62330,41.2819,D
62330,41.2819,D
62330,41.2819,D
62330,41.2819,D
62330,41.2819,D
62330,41.2819,D
62330,41.2819,D
62838,41.2819,D
62839,41.2819,D
62839,41.2819,D
62839,41.2819,D
62839,41.2819,D
62839,41.2819,D
62839,41.2819,D
62839,41.2819,D
62839,41.2819,D
62839,41.2819,D
62839,41.2819,D
62839,41.2819,D
63344,41.2819,D
63344,41.3203,D
63344,41.3235,D
63344,41.3237,D
63344,41.3236,D
63344,41.3235,D
63344,41.3232,D
63344,41.3228,D
63344,41.3225,D
63344,41.3223,D
63344,41.3220,D
63849,41.3218,D
63849,41.3216,D
63849,41.3215,D
63849,41.3213,D
63849,41.3212,D
63849,41.3211,D
63849,41.3210,D
63849,41.3209,D
63849,41.3208,D
63849,41.3207,D
63849,41.3206,D
63849,41.3206,D
64352,41.3206,D
64352,41.3206,D
64352,41.3206,D
64352,41.3206,D
64352,41.3205,D
64352,41.3205,D
64352,41.3205,D
64352,41.3205,D
64352,41.3205,D
64352,41.3204,D
64352,41.3204,D
64859,41.3204,D
64859,41.3204,D
64859,41.3204,D
64859,41.3204,D
64859,41.3204,D
64859,41.3204,D
64859,41.3204,D
64859,41.3204,D
64859,41.3204,D
64859,41.3203,D
64859,41.3203,D
64859,41.3203,D
65366,41.3203,D
65366,41.3203,D
65366,41.3203,D
65366,41.3203,D
65366,41.3203,D
65366,41.3203,D
65366,41.3203,D
65366,41.3203,D
65366,41.3203,D
65366,41.3203,D
65366,41.3203,D
65871,41.3203,D
65871,41.3203,D
65871,41.3203,D
65871,41.3203,D
65871,41.3203,D
65871,41.3203,D
65871,41.3203,D
65871,41.3203,D
65871,41.3203,D
65871,41.3586,D
65871,41.3620,D
65871,41.3622,D
66379,41.3621,D
66379,41.3619,D
66379,41.3615,D
66379,41.3611,D
66379,41.3608,D
66379,41.3605,D
66379,41.3604,D
66379,41.3602,D
66379,41.3600,D
66379,41.3599,D
66379,41.3598,D
66379,41.3597,D
66884,41.3596,D
66884,41.3596,D
66884,41.3595,D
66884,41.3594,D
66884,41.3592,D
66884,41.3592,D
66884,41.3592,D
66884,41.3592,D
66884,41.3592,D
66884,41.3591,D
66884,41.3591,D
67388,41.3591,D
67388,41.3591,D
67388,41.3591,D
67388,41.3591,D
67388,41.3591,D
67388,41.3591,D
67388,41.3591,D
67388,41.3591,D
67388,41.3591,D
67388,41.3591,D
67388,41.3591,D
67388,41.3591,D
67893,41.3591,D
67893,41.3591,D
67893,41.3591,D
67893,41.3591,D
67893,41.3591,D
67893,41.3591,D
67893,41.3591,D
67894,41.3591,D
67894,41.3591,D
67894,41.3591,D
67894,41.3591,D
68399,41.3591,D
68399,41.3591,D
68399,41.3591,D
68399,41.3591,D
68399,41.3591,D
68399,41.3591,D
68399,41.3591,D
68399,41.3591,D
68399,41.3591,D
68399,41.3591,D
68399,41.3591,D
68399,41.3591,D
68907,41.3591,D
68907,41.3591,D
68907,41.3591,D
68907,41.3591,D
68907,41.4003,D
68907,41.4011,D
68907,41.4012,D
68907,41.4012,D
68907,41.4010,D
68907,41.4007,D
68907,41.4004,D
69413,41.4000,D
69413,41.3997,D
69413,41.3994,D
69413,41.3992,D
69413,41.3990,D
69413,41.3988,D
69413,41.3986,D
69413,41.3985,D
69413,41.3984,D
69413,41.3983,D
69413,41.3982,D
69413,41.3982,D
69919,41.3980,D
69919,41.3979,D
69919,41.3979,D
69919,41.3979,D
69919,41.3978,D
69919,41.3978,D
69919,41.3978,D
69919,41.3977,D
69919,41.3977,D
69919,41.3977,D
69919,41.3977,D
70426,41.3977,D
70426,41.3977,D
70426,41.3976,D
70426,41.3976,D
70426,41.3976,D
70426,41.3976,D
70426,41.3976,D
70426,41.3976,D
70426,41.3976,D
70426,41.3976,D
70426,41.3976,D
70426,41.3976,D
70929,41.3976,D
70929,41.3976,D
70929,41.3976,D
70930,41.3976,D
70930,41.3976,D
70930,41.3976,D
70930,41.3976,D
70930,41.3976,D
70930,41.3976,D
70930,41.3976,D
70930,41.3976,D
70930,41.3976,D
71436,41.3976,D
71436,41.3976,D
71436,41.3976,D
71436,41.3976,D
71436,41.3976,D
71436,41.3976,D
71436,41.3976,D
71436,41.3976,D
71436,41.3976,D
71436,41.3976,D
71436,41.4071,D
71941,41.4390,D
71941,41.4398,D
71941,41.4399,D
71941,41.4397,D
71941,41.4396,D
71941,41.4393,D
71941,41.4390,D
71941,41.4387,D
71941,41.4385,D
71941,41.4383,D
71941,41.4380,D
71941,41.4377,D
72447,41.4375,D
72447,41.4372,D
72447,41.4370,D
72447,41.4369,D
72447,41.4367,D
72447,41.4367,D
72447,41.4366,D
72447,41.4364,D
72447,41.4363,D
72447,41.4363,D
72447,41.4363,D
72447,41.4363,D
72956,41.4363,D
72956,41.4363,D
72956,41.4363,D
72956,41.4363,D
72956,41.4363,D
72956,41.4363,D
72956,41.4363,D
72956,41.4363,D
72956,41.4363,D
72956,41.4363,D
72956,41.4363,D
73461,41.4363,D
73461,41.4363,D
73461,41.4363,D
73461,41.4363,D
73461,41.4363,D
73461,41.4363,D
73461,41.4363,D
73461,41.4363,D
73461,41.4363,D
73461,41.4363,D
73461,41.4363,D
73461,41.4363,D
73965,41.4363,D
73965,41.4363,D
73965,41.4363,D
73965,41.4363,D
73965,41.4363,D
73965,41.4364,D
73965,41.4364,D
73965,41.4364,D
73965,41.4363,D
73965,41.4363,D
73965,41.4363,D
74473,41.4363,D
74473,41.4363,D
74473,41.4363,D
74473,41.4363,D
74473,41.4363,D
74473,41.4363,D
74473,41.4463,D
74473,41.4792,D
74473,41.4792,D
74473,41.4782,D
74473,41.4774,D
74473,41.4770,D
74980,41.4764,D
74980,41.4759,D
74980,41.4756,D
74980,41.4755,D
74980,41.4754,D
74980,41.4754,D
74980,41.4753,D
74980,41.4753,D
74980,41.4752,D
74980,41.4751,D
74980,41.4751,D
75484,41.4750,D
75484,41.4750,D
75484,41.4750,D
75484,41.4750,D
75484,41.4750,D
75484,41.4750,D
75484,41.4750,D
75484,41.4750,D
75484,41.4750,D
75484,41.4750,D
75484,41.4750,D
75484,41.4750,D
75990,41.4750,D
75990,41.4750,D
75990,41.4750,D
75990,41.4750,D
75990,41.4750,D
75990,41.4750,D
75990,41.4750,D
75990,41.4750,D
75990,41.4750,D
75990,41.4750,D
75990,41.4750,D
76496,41.4750,D
76496,41.4750,D
76496,41.4750,D
76496,41.4750,D
76496,41.4750,D
76496,41.4750,D
76496,41.4750,D
76496,41.4750,D
76496,41.4750,D
76496,41.4750,D
76496,41.4750,D
76496,41.4750,D
77006,41.4750,D
77006,41.4750,D
77006,41.4750,D
77006,41.4750,D
77006,41.4750,D
77006,41.4750,D
77006,41.4750,D
77006,41.4750,D
77006,41.4750,D
77006,41.4750,D
77006,41.4750,D
77006,41.4750,D
77509,41.4750,D
77509,41.4821,D
77509,41.5162,D
77509,41.5169,D
77509,41.5169,D
77509,41.5167,D
77509,41.5164,D
77509,41.5161,D
77509,41.5157,D
77509,41.5154,D
77509,41.5152,D
78015,41.5150,D
78015,41.5148,D
78015,41.5146,D
78015,41.5144,D
78015,41.5143,D
78015,41.5142,D
78015,41.5141,D
78015,41.5140,D
78015,41.5139,D
78015,41.5137,D
78015,41.5136,D
78015,41.5136,D
78520,41.5136,D
78520,41.5136,D
78520,41.5136,D
78520,41.5135,D
78520,41.5135,D
78520,41.5135,D
78520,41.5135,D
78520,41.5135,D
78520,41.5135,D
78520,41.5135,D
78520,41.5135,D
78520,41.5135,D
79027,41.5135,D
79027,41.5135,D
79027,41.5135,D
79027,41.5135,D
79027,41.5135,D
79027,41.5135,D
79027,41.5135,D
79027,41.5135,D
79027,41.5135,D
79027,41.5135,D
79027,41.5135,D
79535,41.5135,D
79535,41.5135,D
79535,41.5135,D
79535,41.5135,D
79535,41.5135,D
79535,41.5135,D
79535,41.5135,D
79535,41.5135,D
79535,41.5135,D
79535,41.5135,D
79535,41.5135,D
79535,41.5135,D
80041,41.5135,D
80041,41.5134,D
80041,41.5134,D
80041,41.5134,D
80041,41.5134,D
80041,41.5134,D
80041,41.5134,D
80041,41.5135,D
80041,41.5206,D
80041,41.5543,D
80041,41.5549,D
80544,41.5549,D
80544,41.5546,D
80544,41.5545,D
80544,41.5542,D
80544,41.5539,D
80544,41.5536,D
80544,41.5534,D
80544,41.5532,D
80544,41.5530,D
80544,41.5528,D
80544,41.5526,D
80544,41.5525,D
81052,41.5524,D
81052,41.5523,D
81052,41.5523,D
81052,41.5522,D
81052,41.5521,D
81052,41.5520,D
81052,41.5520,D
81052,41.5520,D
81052,41.5520,D
81052,41.5520,D
81052,41.5520,D
81052,41.5520,D
81555,41.5520,D
81555,41.5520,D
81555,41.5520,D
81555,41.5520,D
81555,41.5520,D
81555,41.5520,D
81555,41.5520,D
81555,41.5520,D
81555,41.5520,D
81555,41.5520,D
81555,41.5520,D
82064,41.5520,D
82064,41.5520,D
82064,41.5520,D
82064,41.5519,D
82064,41.5519,D
82064,41.5519,D
82064,41.5519,D
82064,41.5519,D
82064,41.5519,D
82064,41.5518,D
82064,41.5517,D
82064,41.5517,D
82569,41.5517,D
82569,41.5517,D
82569,41.5517,D
82569,41.5517,D
82569,41.5517,D
82569,41.5517,D
82569,41.5517,D
82569,41.5517,D
82569,41.5517,D
82569,41.5517,D
82569,41.5517,D
83078,41.5517,D
83078,41.5517,D
83078,41.5517,D
83078,41.5517,D
83078,41.5664,D
83078,41.5929,D
83078,41.5935,D
83078,41.5935,D
83078,41.5933,D
83078,41.5931,D
83078,41.5928,D
83583,41.5924,D
83583,41.5921,D
83583,41.5918,D
83583,41.5916,D
83583,41.5914,D
83583,41.5912,D
83583,41.5910,D
83583,41.5909,D
83583,41.5908,D
83583,41.5907,D
83583,41.5906,D
83583,41.5905,D
84090,41.5903,D
84090,41.5902,D
84090,41.5902,D
84090,41.5902,D
84090,41.5901,D
84090,41.5901,D
84090,41.5901,D
84090,41.5901,D
84090,41.5901,D
84090,41.5901,D
84090,41.5901,D
84090,41.5901,D
84595,41.5901,D
84595,41.5901,D
84595,41.5901,D
84595,41.5901,D
84595,41.5901,D
84595,41.5901,D
84595,41.5901,D
84595,41.5901,D
84595,41.5901,D
84595,41.5901,D
84595,41.5901,D
84595,41.5901,D
85102,41.5901,D
85102,41.5902,D
85102,41.5902,D
85102,41.5902,D
85102,41.5902,D
85102,41.5902,D
85102,41.5902,D
85102,41.5902,D
85102,41.5902,D
85102,41.5902,D
85102,41.5902,D
85609,41.5902,D
85609,41.5902,D
85609,41.5902,D
85609,41.5902,D
85609,41.5902,D
85609,41.5902,D
85609,41.5902,D
85609,41.5902,D
85609,41.5902,D
85609,41.5902,D
85609,41.5902,D
85609,41.5973,D
86116,41.6316,D
86116,41.6323,D
86116,41.6324,D
86116,41.6322,D
86116,41.6321,D
86116,41.6318,D
86116,41.6315,D
86116,41.6311,D
86116,41.6309,D
86116,41.6306,D
86117,41.6304,D
86621,41.6303,D
86621,41.6301,D
86621,41.6300,D
86621,41.6299,D
86621,41.6298,D
86621,41.6297,D
86621,41.6296,D
86621,41.6296,D
86621,41.6294,D
86621,41.6294,D
86621,41.6293,D
86621,41.6293,D
87126,41.6293,D
87127,41.6293,D
87127,41.6293,D
87127,41.6293,D
87127,41.6293,D
87127,41.6293,D
87127,41.6293,D
87127,41.6293,D
87127,41.6293,D
87127,41.6293,D
87127,41.6293,D
87127,41.6293,D
87627,41.6293,D
87627,41.6293,D
87627,41.6293,D
87627,41.6293,D
87627,41.6293,D
87627,41.6293,D
87627,41.6293,D
87627,41.6293,D
87627,41.6293,D
87627,41.6293,D
87627,41.6293,D
88131,41.6293,D
88131,41.6293,D
88131,41.6293,D
88131,41.6293,D
88131,41.6293,D
88131,41.6293,D
88131,41.6293,D
88131,41.6293,D
88131,41.6293,D
88131,41.6293,D
88131,41.6293,D
88131,41.6293,D
88632,41.6293,D
88632,41.6293,D
88632,41.6293,D
88632,41.6293,D
88632,41.6293,D
88632,41.6293,D
88632,41.6317,D
88632,41.6708,D
88632,41.6717,D
88632,41.6717,D
88632,41.6714,D
89146,41.6712,D
89146,41.6709,D
89146,41.6705,D
89146,41.6702,D
89146,41.6699,D
89146,41.6696,D
89146,41.6694,D
89146,41.6692,D
89146,41.6691,D
89146,41.6689,D
89146,41.6688,D
89146,41.6687,D
89660,41.6686,D
89660,41.6686,D
89660,41.6684,D
89660,41.6683,D
89660,41.6682,D
89660,41.6682,D
89660,41.6682,D
89660,41.6682,D
89660,41.6682,D
89660,41.6682,D
89660,41.6681,D
89660,41.6681,D
90163,41.6681,D
90163,41.6681,D
90163,41.6681,D
90163,41.6681,D
90163,41.6681,D
90163,41.6681,D
90163,41.6681,D
90163,41.6681,D
90163,41.6681,D
90164,41.6681,D
90164,41.6681,D
90665,41.6681,D
90665,41.6681,D
90665,41.6681,D
90665,41.6681,D
90665,41.6681,D
90665,41.6681,D
90665,41.6681,D
90665,41.6681,D
90665,41.6681,D
90665,41.6681,D
90665,41.6680,D
91175,41.6680,D
91175,41.6680,D
91175,41.6680,D
91175,41.6680,D
91175,41.6680,D
91175,41.6680,D
91175,41.6680,D
91175,41.6680,D
91175,41.6680,D
91175,41.6680,D
91175,41.6680,D
91175,41.6680,D
91684,41.6680,D
91684,41.6680,D
91684,41.6704,D
91684,41.7093,D
91684,41.7102,D
91684,41.7102,D
91684,41.7100,D
91684,41.7098,D
91684,41.7095,D
91684,41.7091,D
91684,41.7087,D
91684,41.7084,D
92192,41.7082,D
92192,41.7080,D
92192,41.7078,D
92192,41.7076,D
92192,41.7075,D
92192,41.7074,D
92192,41.7073,D
92192,41.7072,D
92192,41.7071,D
92192,41.7069,D
92192,41.7068,D
92192,41.7068,D
92695,41.7067,D
92695,41.7067,D
92695,41.7067,D
92695,41.7067,D
92695,41.7067,D
92695,41.7066,D
92695,41.7066,D
92695,41.7066,D
92695,41.7066,D
92695,41.7066,D
92695,41.7066,D
93197,41.7066,D
93197,41.7066,D
93197,41.7065,D
93197,41.7065,D
93197,41.7065,D
93197,41.7065,D
93197,41.7065,D
93197,41.7065,D
93197,41.7065,D
93197,41.7065,D
93197,41.7065,D
93197,41.7065,D
93710,41.7065,D
93710,41.7065,D
93710,41.7065,D
93710,41.7065,D
93710,41.7064,D
93710,41.7064,D
93710,41.7064,D
93710,41.7064,D
93710,41.7064,D
93710,41.7064,D
93710,41.7064,D
94214,41.7064,D
94214,41.7064,D
94214,41.7064,D
94214,41.7064,D
94214,41.7064,D
94214,41.7064,D
94214,41.7064,D
94214,41.7063,D
94214,41.7063,D
94214,41.7063,D
94214,41.7474,D
94214,41.7483,D
94728,41.7483,D
94728,41.7482,D
94728,41.7480,D
94728,41.7478,D
94728,41.7474,D
94728,41.7471,D
94728,41.7468,D
94728,41.7466,D
94728,41.7464,D
94728,41.7462,D
94728,41.7460,D
94728,41.7458,D
95236,41.7457,D
95236,41.7456,D
95236,41.7455,D
95236,41.7455,D
95236,41.7454,D
95236,41.7452,D
95236,41.7451,D
95236,41.7451,D
95236,41.7451,D
95236,41.7450,D
95236,41.7450,D
95743,41.7450,D
95743,41.7449,D
95743,41.7449,D
95743,41.7449,D
95743,41.7449,D
95743,41.7449,D
95743,41.7449,D
95743,41.7449,D
95743,41.7449,D
95743,41.7449,D
95743,41.7449,D
95743,41.7449,D
96248,41.7449,D
96248,41.7449,D
96248,41.7449,D
96248,41.7449,D
96248,41.7449,D
96248,41.7449,D
96248,41.7449,D
96248,41.7449,D
96248,41.7449,D
96248,41.7449,D
96248,41.7449,D
96749,41.7449,D
96749,41.7449,D
96749,41.7449,D
96749,41.7449,D
96749,41.7449,D
96749,41.7449,D
96749,41.7449,D
96749,41.7449,D
96749,41.7449,D
96749,41.7449,D
96749,41.7449,D
96749,41.7449,D
97251,41.7449,D
97251,41.7449,D
97251,41.7449,D
97251,41.7449,D
97251,41.7449,D
97251,41.7728,D
97251,41.7863,D
97251,41.7870,D
97251,41.7870,D
97251,41.7869,D
97251,41.7866,D
97756,41.7862,D
97756,41.7859,D
97756,41.7856,D
97756,41.7853,D
97756,41.7851,D
97756,41.7849,D
97756,41.7847,D
97756,41.7845,D
97756,41.7844,D
97756,41.7843,D
97756,41.7842,D
97756,41.7842,D
98257,41.7841,D
98257,41.7839,D
98257,41.7838,D
98257,41.7838,D
98257,41.7838,D
98257,41.7838,D
98257,41.7837,D
98257,41.7837,D
98257,41.7837,D
98257,41.7837,D
98257,41.7837,D
98759,41.7837,D
98759,41.7837,D
98759,41.7837,D
98759,41.7837,D
98759,41.7837,D
98759,41.7837,D
98759,41.7836,D
98759,41.7836,D
98759,41.7836,D
98759,41.7836,D
98759,41.7836,D
98759,41.7836,D
99267,41.7836,D
99267,41.7836,D
99267,41.7836,D
99267,41.7836,D
99267,41.7836,D
99267,41.7836,D
99267,41.7836,D
99267,41.7835,D
99267,41.7835,D
99267,41.7835,D
99267,41.7835,D
99267,41.7835,D
99775,41.7835,D
99775,41.7835,D
99775,41.7835,D
99775,41.7835,D
99775,41.7835,D
99775,41.7835,D
99775,41.7835,D
99775,41.7835,D
99775,41.7835,D
99775,41.7835,D
99775,41.7835,D
100283,41.7835,D
100283,41.8034,D
100283,41.8247,D
100283,41.8254,D
100283,41.8255,D
100283,41.8254,D
100283,41.8252,D
100283,41.8249,D
100283,41.8245,D
100283,41.8241,D
100283,41.8239,D
100283,41.8236,D
100791,41.8234,D
100791,41.8232,D
100791,41.8231,D
100791,41.8229,D
100791,41.8228,D
100791,41.8227,D
100791,41.8226,D
100791,41.8226,D
100791,41.8225,D
100791,41.8223,D
100791,41.8223,D
101298,41.8222,D
101298,41.8222,D
101298,41.8222,D
101298,41.8222,D
101298,41.8222,D
101298,41.8222,D
101298,41.8222,D
101298,41.8222,D
101298,41.8222,D
101298,41.8221,D
101298,41.8221,D
101298,41.8221,D
101805,41.8221,D
101805,41.8221,D
101805,41.8221,D
101805,41.8221,D
101805,41.8221,D
101805,41.8221,D
101805,41.8221,D
101805,41.8220,D
101805,41.8220,D
101805,41.8220,D
101805,41.8220,D
102314,41.8220,D
102314,41.8220,D
102314,41.8220,D
102314,41.8220,D
102314,41.8220,D
102314,41.8220,D
102314,41.8220,D
102314,41.8220,D
102314,41.8220,D
102314,41.8220,D
102314,41.8220,D
102314,41.8220,D
102817,41.8219,D
102817,41.8219,D
102817,41.8219,D
102817,41.8219,D
102817,41.8219,D
102817,41.8219,D
102817,41.8219,D
102817,41.8219,D
102817,41.8393,D
102817,41.8633,D
102817,41.8638,D
102817,41.8638,D
103317,41.8636,D
103317,41.8633,D
103317,41.8630,D
103317,41.8626,D
103317,41.8622,D
103317,41.8620,D
103317,41.8617,D
103317,41.8615,D
103317,41.8613,D
103317,41.8612,D
103317,41.8610,D
103831,41.8609,D
103831,41.8608,D
103831,41.8607,D
103831,41.8606,D
103831,41.8604,D
103831,41.8604,D
103831,41.8603,D
103831,41.8603,D
103831,41.8603,D
103831,41.8603,D
103831,41.8602,D
103831,41.8602,D
104331,41.8602,D
104331,41.8602,D
104331,41.8602,D
104331,41.8602,D
104331,41.8602,D
104331,41.8602,D
104331,41.8602,D
104331,41.8602,D
104331,41.8601,D
104331,41.8601,D
104331,41.8601,D
104833,41.8601,D
104833,41.8601,D
104833,41.8601,D
104833,41.8601,D
104833,41.8601,D
104833,41.8601,D
104833,41.8601,D
104833,41.8601,D
104833,41.8601,D
104833,41.8601,D
104833,41.8601,D
105339,41.8601,D
105339,41.8601,D
105339,41.8601,D
105339,41.8601,D
105339,41.8601,D
105339,41.8601,D
105339,41.8601,D
105339,41.8601,D
105339,41.8601,D
105339,41.8601,D
105339,41.8601,D
105339,41.8601,D
105839,41.8601,D
105839,41.8601,D
105839,41.8601,D
105839,41.8601,D
105839,41.8722,D
105839,41.9016,D
105839,41.9023,D
105839,41.9023,D
105839,41.9022,D
105839,41.9019,D
105839,41.9016,D
105839,41.9012,D
106347,41.9008,D
106347,41.9006,D
106347,41.9003,D
106347,41.9001,D
106347,41.8999,D
106347,41.8998,D
106347,41.8996,D
106347,41.8995,D
106347,41.8994,D
106347,41.8994,D
106347,41.8993,D
106347,41.8991,D
106858,41.8990,D
106858,41.8990,D
106858,41.8989,D
106858,41.8989,D
106858,41.8989,D
106858,41.8989,D
106858,41.8989,D
106858,41.8989,D
106858,41.8989,D
106858,41.8989,D
106858,41.8989,D
107368,41.8989,D
107368,41.8988,D
107368,41.8988,D
107368,41.8988,D
107368,41.8988,D
107368,41.8988,D
107368,41.8988,D
107368,41.8988,D
107368,41.8988,D
107368,41.8988,D
107368,41.8988,D
107368,41.8987,D
107877,41.8987,D
107877,41.8987,D
107877,41.8987,D
107877,41.8987,D
107877,41.8987,D
107877,41.8987,D
107877,41.8987,D
107877,41.8987,D
107877,41.8987,D
107877,41.8987,D
107877,41.8987,D
107877,41.8987,D
108386,41.8987,D
108386,41.8987,D
108386,41.8987,D
108386,41.8987,D
108386,41.8987,D
108386,41.8987,D
108386,41.8987,D
108386,41.8987,D
108386,41.8987,D
108386,41.8987,D
108386,41.8987,D
108890,41.9374,D
108890,41.9406,D
108890,41.9408,D
108890,41.9407,D
108890,41.9405,D
108890,41.9403,D
108890,41.9399,D
108890,41.9395,D
108890,41.9393,D
108890,41.9390,D
108890,41.9388,D
108890,41.9386,D
109397,41.9385,D
109397,41.9383,D
109397,41.9382,D
109397,41.9381,D
109397,41.9380,D
109397,41.9379,D
109397,41.9378,D
109397,41.9377,D
109397,41.9376,D
109397,41.9376,D
109397,41.9376,D
109902,41.9376,D
109902,41.9375,D
109902,41.9375,D
109902,41.9375,D
109902,41.9375,D
109902,41.9375,D
109902,41.9375,D
109902,41.9375,D
109902,41.9375,D
109902,41.9375,D
109902,41.9374,D
109902,41.9374,D
110410,41.9374,D
110410,41.9374,D
110410,41.9374,D
110410,41.9374,D
110410,41.9374,D
110410,41.9374,D
110410,41.9374,D
110410,41.9374,D
110410,41.9374,D
110410,41.9374,D
110410,41.9374,D
110410,41.9374,D
110915,41.9374,D
110915,41.9374,D
110915,41.9374,D
110915,41.9374,D
110915,41.9374,D
110915,41.9373,D
110915,41.9373,D
110915,41.9373,D
110915,41.9373,D
110915,41.9373,D
110915,41.9373,D
111419,41.9373,D
111419,41.9373,D
111419,41.9373,D
111419,41.9373,D
111419,41.9373,D
111419,41.9373,D
111419,41.9373,D
111419,41.9627,D
111420,41.9789,D
111420,41.9795,D
111420,41.9795,D
111420,41.9793,D
111922,41.9790,D
111922,41.9787,D
111922,41.9783,D
111922,41.9780,D
111922,41.9777,D
111922,41.9775,D
111923,41.9773,D
111923,41.9771,D
111923,41.9770,D
111923,41.9768,D
111923,41.9767,D
112429,41.9766,D
112429,41.9766,D
112429,41.9765,D
112429,41.9762,D
112429,41.9762,D
112429,41.9762,D
112429,41.9762,D
112429,41.9761,D
112429,41.9761,D
112429,41.9761,D
112429,41.9761,D
112429,41.9761,D
112937,41.9761,D
112937,41.9761,D
112937,41.9761,D
112937,41.9761,D
112937,41.9761,D
112937,41.9761,D
112937,41.9760,D
112937,41.9760,D
112937,41.9760,D
112937,41.9760,D
112937,41.9760,D
113442,41.9760,D
113442,41.9760,D
113442,41.9760,D
113442,41.9760,D
113442,41.9760,D
113442,41.9760,D
113442,41.9760,D
113442,41.9760,D
113442,41.9760,D
113442,41.9760,D
113442,41.9760,D
113442,41.9760,D
113951,41.9760,D
113951,41.9760,D
113951,41.9760,D
113951,41.9759,D
113951,41.9759,D
113951,41.9759,D
113951,41.9759,D
113951,41.9759,D
113951,41.9759,D
113952,41.9759,D
113952,41.9759,D
113952,41.9759,D
114456,41.9759,D
114456,41.9759,D
114456,41.9959,D
114456,42.0174,D
114456,42.0180,D
114456,42.0180,D
114456,42.0177,D
114456,42.0175,D
114456,42.0171,D
114456,42.0167,D
114456,42.0164,D
114966,42.0161,D
114966,42.0159,D
114966,42.0157,D
114966,42.0155,D
114966,42.0153,D
114966,42.0152,D
114966,42.0150,D
114966,42.0149,D
114966,42.0149,D
114966,42.0147,D
114966,42.0145,D
114966,42.0144,D
115471,42.0144,D
115471,42.0143,D
115471,42.0143,D
115471,42.0143,D
115471,42.0142,D
115471,42.0142,D
115471,42.0142,D
115471,42.0142,D
115471,42.0142,D
115471,42.0142,D
115471,42.0142,D
115977,42.0142,D
115977,42.0142,D
115977,42.0142,D
115977,42.0142,D
115977,42.0142,D
115977,42.0142,D
115977,42.0142,D
115977,42.0142,D
115977,42.0142,D
115977,42.0142,D
115977,42.0142,D
115977,42.0142,D
116483,42.0142,D
116483,42.0142,D
116483,42.0142,D
116483,42.0142,D
116483,42.0142,D
116483,42.0143,D
116483,42.0143,D
116483,42.0143,D
116483,42.0143,D
116483,42.0143,D
116483,42.0143,D
116483,42.0143,D
116991,42.0143,D
116991,42.0143,D
116991,42.0143,D
116991,42.0143,D
116991,42.0143,D
116991,42.0143,D
116991,42.0143,D
116991,42.0143,D
116991,42.0143,D
116991,42.0167,D
116991,42.0557,D
117497,42.0565,D
117497,42.0565,D
117497,42.0564,D
117497,42.0562,D
117497,42.0559,D
117497,42.0556,D
117497,42.0552,D
117497,42.0550,D
117497,42.0547,D
117497,42.0545,D
117497,42.0543,D
117497,42.0541,D
117999,42.0540,D
117999,42.0539,D
117999,42.0538,D
117999,42.0537,D
117999,42.0536,D
117999,42.0535,D
117999,42.0533,D
117999,42.0533,D
117999,42.0533,D
117999,42.0533,D
117999,42.0532,D
118504,42.0532,D
118504,42.0532,D
118504,42.0532,D
118504,42.0532,D
118504,42.0532,D
118504,42.0532,D
118504,42.0531,D
118504,42.0531,D
118504,42.0531,D
118504,42.0531,D
118504,42.0531,D
118504,42.0531,D
119007,42.0531,D
119007,42.0531,D
119007,42.0531,D
119007,42.0531,D
119007,42.0531,D
119007,42.0531,D
119007,42.0530,D
119007,42.0530,D
119007,42.0530,D
119008,42.0530,D
119008,42.0530,D
119513,42.0530,D
119513,42.0530,D
119513,42.0530,D
119513,42.0530,D
119513,42.0530,D
119513,42.0530,D
119513,42.0530,D
119513,42.0530,D
119513,42.0530,D
119513,42.0530,D
119513,42.0530,D
119513,42.0530,D
120020,42.0530,D
120020,42.0530,D
120020,42.0530,D
120020,42.0530,D
120020,42.0530,D
120020,42.0530,D
120020,42.0756,D
120020,42.0944,D
120020,42.0950,D
120020,42.0950,D
120020,42.0949,D
120525,42.0946,D
120525,42.0943,D
120525,42.0939,D
120525,42.0936,D
120525,42.0933,D
120525,42.0930,D
120525,42.0928,D
120525,42.0926,D
120525,42.0925,D
120525,42.0923,D
120525,42.0922,D
120525,42.0921,D
121026,42.0921,D
121026,42.0920,D
121026,42.0918,D
121026,42.0917,D
121026,42.0917,D
121026,42.0916,D
121026,42.0916,D
121026,42.0916,D
121026,42.0916,D
121026,42.0915,D
121026,42.0915,D
121026,42.0915,D
121526,42.0915,D
121526,42.0915,D
121526,42.0915,D
121526,42.0915,D
121526,42.0915,D
121526,42.0915,D
121526,42.0915,D
121526,42.0915,D
121526,42.0915,D
121526,42.0915,D
121526,42.0914,D
122029,42.0914,D
122029,42.0914,D
122029,42.0914,D
122029,42.0914,D
122029,42.0914,D
122029,42.0914,D
122029,42.0914,D
122029,42.0914,D
122029,42.0914,D
122029,42.0914,D
122029,42.0914,D
122029,42.0914,D
122542,42.0914,D
122542,42.0914,D
122542,42.0914,D
122542,42.0914,D
122542,42.0914,D
122542,42.0914,D
122542,42.0914,D
122542,42.0914,D
122542,42.0914,D
122542,42.0914,D
122542,42.0914,D
123050,42.0914,D
123050,42.0914,D
123050,42.0985,D
123050,42.1325,D
123050,42.1332,D
123050,42.1334,D
123050,42.1333,D
123050,42.1332,D
123050,42.1329,D
123050,42.1326,D
123050,42.1323,D
123050,42.1320,D
123550,42.1318,D
123550,42.1316,D
123550,42.1314,D
123550,42.1312,D
123550,42.1311,D
123550,42.1309,D
123550,42.1308,D
123550,42.1308,D
123550,42.1307,D
123550,42.1306,D
123550,42.1305,D
124064,42.1304,D
124064,42.1304,D
124064,42.1304,D
124064,42.1304,D
124064,42.1303,D
124064,42.1303,D
124064,42.1303,D
124064,42.1303,D
124064,42.1303,D
124064,42.1303,D
124064,42.1303,D
124064,42.1303,D
124571,42.1303,D
124571,42.1303,D
124571,42.1303,D
124571,42.1303,D
124571,42.1302,D
124571,42.1302,D
124571,42.1302,D
124571,42.1302,D
124571,42.1302,D
124571,42.1302,D
124571,42.1302,D
124571,42.1302,D
125078,42.1302,D
125078,42.1301,D
125078,42.1301,D
125078,42.1301,D
125078,42.1301,D
125078,42.1301,D
125078,42.1301,D
125078,42.1301,D
125078,42.1301,D
125078,42.1301,D
125078,42.1301,D
125583,42.1301,D
125583,42.1301,D
125583,42.1301,D
125583,42.1301,D
125583,42.1301,D
125583,42.1301,D
125583,42.1301,D
125583,42.1301,D
125583,42.1301,D
125583,42.1301,D
125583,42.1712,D
125583,42.1721,D
126088,42.1721,D
126088,42.1720,D
126088,42.1718,D
126088,42.1716,D
126088,42.1712,D
126088,42.1709,D
126088,42.1706,D
126088,42.1703,D
126088,42.1701,D
126088,42.1699,D
126088,42.1698,D
126593,42.1696,D
126593,42.1695,D
126593,42.1694,D
126593,42.1693,D
126593,42.1692,D
126593,42.1691,D
126593,42.1689,D
126593,42.1689,D
126593,42.1689,D
126593,42.1689,D
126593,42.1688,D
126593,42.1688,D
127101,42.1688,D
127101,42.1688,D
127101,42.1688,D
127101,42.1688,D
127101,42.1687,D
127101,42.1687,D
127101,42.1687,D
127101,42.1687,D
127101,42.1687,D
127101,42.1687,D
127101,42.1687,D
127608,42.1687,D
127608,42.1687,D
127608,42.1687,D
127608,42.1687,D
127608,42.1687,D
127608,42.1687,D
127608,42.1687,D
127608,42.1687,D
127608,42.1687,D
127608,42.1687,D
127608,42.1687,D
127608,42.1687,D
128116,42.1687,D
128116,42.1687,D
128116,42.1687,D
128116,42.1687,D
128116,42.1687,D
128116,42.1687,D
128116,42.1687,D
128116,42.1687,D
128116,42.1687,D
128116,42.1687,D
128116,42.1687,D
128116,42.1687,D
128622,42.1687,D
128622,42.1687,D
128622,42.1687,D
128622,42.1687,D
128622,42.1687,D
128622,42.1861,D
128622,42.2102,D
128622,42.2106,D
128622,42.2106,D
128622,42.2104,D
128622,42.2102,D
129129,42.2098,D
129129,42.2095,D
129129,42.2091,D
129129,42.2089,D
129129,42.2086,D
129129,42.2084,D
129129,42.2082,D
129129,42.2081,D
129129,42.2079,D
129129,42.2078,D
129129,42.2077,D
129129,42.2077,D
129634,42.2076,D
129634,42.2073,D
129634,42.2073,D
129634,42.2073,D
129634,42.2072,D
129634,42.2072,D
129634,42.2072,D
129634,42.2071,D
129634,42.2071,D
129634,42.2071,D
129634,42.2071,D
130141,42.2071,D
130141,42.2071,D
130141,42.2071,D
130141,42.2071,D
130141,42.2071,D
130141,42.2071,D
130141,42.2071,D
130141,42.2071,D
130141,42.2071,D
130141,42.2071,D
130141,42.2071,D
130141,42.2071,D
130647,42.2071,D
130647,42.2071,D
130647,42.2071,D
130647,42.2071,D
130647,42.2071,D
130647,42.2071,D
130647,42.2071,D
130647,42.2071,D
130647,42.2071,D
130647,42.2071,D
130647,42.2071,D
130647,42.2071,D
131154,42.2071,D
131154,42.2071,D
131154,42.2071,D
131154,42.2071,D
131154,42.2071,D
131154,42.2071,D
131154,42.2071,D
131154,42.2071,D
131154,42.2071,D
131154,42.2071,D
131154,42.2071,D
131661,42.2071,D
131661,42.2071,D
131661,42.2433,D
131661,42.2490,D
131661,42.2494,D
131661,42.2493,D
131661,42.2491,D
131661,42.2488,D
131661,42.2484,D
131661,42.2481,D
131661,42.2478,D
131661,42.2475,D
132166,42.2473,D
132166,42.2471,D
132166,42.2469,D
132166,42.2468,D
132166,42.2466,D
132166,42.2465,D
132166,42.2464,D
132166,42.2463,D
132166,42.2461,D
132166,42.2460,D
132166,42.2459,D
132166,42.2458,D
132673,42.2458,D
132673,42.2457,D
132673,42.2457,D
132673,42.2457,D
132673,42.2457,D
132673,42.2457,D
132673,42.2457,D
132673,42.2456,D
132673,42.2456,D
132673,42.2456,D
132673,42.2456,D
133178,42.2456,D
133178,42.2456,D
133179,42.2456,D
133179,42.2456,D
133179,42.2456,D
133179,42.2456,D
133179,42.2456,D
133179,42.2455,D
133179,42.2455,D
133179,42.2455,D
133179,42.2455,D
133179,42.2455,D
133684,42.2455,D
133684,42.2455,D
133684,42.2455,D
133684,42.2455,D
133684,42.2455,D
133684,42.2455,D
133684,42.2455,D
133684,42.2455,D
133684,42.2455,D
133684,42.2455,D
133684,42.2455,D
134190,42.2455,D
134190,42.2455,D
134190,42.2455,D
134190,42.2455,D
134190,42.2455,D
134190,42.2455,D
134190,42.2455,D
134190,42.2455,D
134190,42.2455,D
134190,42.2603,D
134190,42.2872,D
134190,42.2879,D
134696,42.2879,D
134696,42.2878,D
134696,42.2876,D
134696,42.2872,D
134696,42.2868,D
134696,42.2865,D
134696,42.2863,D
134696,42.2860,D
134696,42.2858,D
134696,42.2856,D
134696,42.2855,D
135199,42.2853,D
135199,42.2852,D
135199,42.2851,D
135199,42.2850,D
135199,42.2850,D
135199,42.2848,D
135199,42.2847,D
135199,42.2847,D
135199,42.2846,D
135199,42.2846,D
135199,42.2846,D
135199,42.2846,D
135705,42.2846,D
135705,42.2846,D
135705,42.2845,D
135705,42.2845,D
135705,42.2845,D
135705,42.2845,D
135705,42.2845,D
135705,42.2845,D
135705,42.2845,D
135705,42.2845,D
135705,42.2845,D
135705,42.2845,D
136211,42.2844,D
136211,42.2844,D
136211,42.2844,D
136211,42.2844,D
136211,42.2844,D
136211,42.2844,D
136211,42.2844,D
136211,42.2844,D
136211,42.2844,D
136211,42.2844,D
136211,42.2844,D
136720,42.2844,D
136720,42.2844,D
136720,42.2844,D
136720,42.2844,D
136720,42.2844,D
136720,42.2844,D
136720,42.2844,D
136720,42.2844,D
136720,42.2843,D
136720,42.2843,D
136720,42.2843,D
136720,42.2843,D
137226,42.2843,D
137226,42.2843,D
137226,42.2843,D
137226,42.2843,D
137226,42.2843,D
137226,42.3230,D
137226,42.3263,D
137226,42.3265,D
137226,42.3264,D
137226,42.3262,D
137226,42.3259,D
137730,42.3255,D
137730,42.3252,D
137730,42.3249,D
137730,42.3246,D
137730,42.3244,D
137730,42.3242,D
137730,42.3240,D
137730,42.3238,D
137730,42.3237,D
137730,42.3236,D
137730,42.3235,D
137730,42.3234,D
138237,42.3233,D
138237,42.3231,D
138237,42.3231,D
138237,42.3231,D
138237,42.3230,D
138237,42.3230,D
138237,42.3230,D
138237,42.3230,D
138237,42.3229,D
138237,42.3229,D
138237,42.3229,D
138237,42.3229,D
138742,42.3229,D
138742,42.3229,D
138742,42.3229,D
138742,42.3229,D
138742,42.3229,D
138742,42.3229,D
138742,42.3229,D
138742,42.3228,D
138742,42.3228,D
138742,42.3228,D
138742,42.3228,D
139247,42.3228,D
139247,42.3228,D
139247,42.3228,D
139247,42.3228,D
139247,42.3228,D
139247,42.3228,D
139247,42.3228,D
139247,42.3228,D
139247,42.3228,D
139247,42.3228,D
139247,42.3228,D
139247,42.3228,D
139753,42.3228,D
139753,42.3228,D
139753,42.3228,D
139753,42.3227,D
139753,42.3227,D
139753,42.3227,D
139753,42.3227,D
139753,42.3227,D
139753,42.3227,D
139753,42.3227,D
139753,42.3227,D
140261,42.3227,D
140261,42.3322,D
140261,42.3640,D
140261,42.3647,D
140261,42.3647,D
140261,42.3645,D
140261,42.3643,D
140261,42.3640,D
140261,42.3637,D
140261,42.3635,D
140261,42.3632,D
140261,42.3630,D
140767,42.3628,D
140767,42.3627,D
140767,42.3625,D
140767,42.3623,D
140767,42.3622,D
140767,42.3621,D
140767,42.3620,D
140767,42.3620,D
140767,42.3617,D
140767,42.3617,D
140767,42.3616,D
140767,42.3616,D
141272,42.3616,D
141272,42.3616,D
141272,42.3615,D
141272,42.3615,D
141272,42.3615,D
141272,42.3615,D
141272,42.3615,D
141272,42.3615,D
141272,42.3615,D
141272,42.3615,D
141272,42.3615,D
141779,42.3614,D
141780,42.3614,D
141780,42.3614,D
141780,42.3614,D
141780,42.3614,D
141780,42.3614,D
141780,42.3614,D
141780,42.3614,D
141780,42.3614,D
141780,42.3614,D
141780,42.3614,D
142288,42.3614,D
142288,42.3614,D
142288,42.3614,D
142288,42.3614,D
142288,42.3614,D
142288,42.3614,D
142288,42.3614,D
142288,42.3614,D
142288,42.3614,D
142288,42.3614,D
142288,42.3614,D
142288,42.3614,D
142793,42.3613,D
142793,42.3613,D
142793,42.3613,D
142793,42.3613,D
142793,42.3613,D
142793,42.3613,D
142793,42.3613,D
142793,42.3613,D
142793,42.3613,D
142793,42.3840,D
142793,42.4028,D
142793,42.4034,D
143300,42.4034,D
143300,42.4032,D
143300,42.4029,D
143300,42.4026,D
143300,42.4023,D
143300,42.4021,D
143300,42.4018,D
143300,42.4016,D
143300,42.4014,D
143300,42.4012,D
143300,42.4010,D
143300,42.4009,D
143809,42.4008,D
143809,42.4007,D
143809,42.4006,D
143809,42.4005,D
143809,42.4003,D
143809,42.4003,D
143809,42.4002,D
143809,42.4002,D
143809,42.4002,D
143809,42.4002,D
143809,42.4002,D
144316,42.4002,D
144316,42.4001,D
144316,42.4001,D
144316,42.4001,D
144316,42.4001,D
144316,42.4001,D
144316,42.4001,D
144316,42.4001,D
144316,42.4001,D
144316,42.4001,D
144316,42.4001,D
144316,42.4001,D
144821,42.4001,D
144822,42.4001,D
144822,42.4001,D
144822,42.4001,D
144822,42.4001,D
144822,42.4001,D
144822,42.4001,D
144822,42.4001,D
144822,42.4001,D
144822,42.4001,D
144822,42.4001,D
145329,42.4001,D
145329,42.4001,D
145329,42.4001,D
145329,42.4000,D
145329,42.4000,D
145329,42.4000,D
145329,42.4000,D
145329,42.4000,D
145329,42.4000,D
145329,42.4000,D
145329,42.4000,D
145329,42.4000,D
145831,42.4000,D
145831,42.4000,D
145831,42.4000,D
145831,42.4000,D
145831,42.4001,D
145831,42.4415,D
145831,42.4424,D
145831,42.4424,D
145831,42.4421,D
145831,42.4419,D
145831,42.4416,D
146337,42.4413,D
146337,42.4410,D
146337,42.4407,D
146337,42.4405,D
146337,42.4403,D
146337,42.4401,D
146337,42.4399,D
146337,42.4398,D
146337,42.4396,D
146337,42.4395,D
146337,42.4395,D
146337,42.4394,D
146844,42.4392,D
146844,42.4391,D
146844,42.4390,D
146844,42.4390,D
146844,42.4390,D
146844,42.4390,D
146844,42.4389,D
146844,42.4388,D
146844,42.4388,D
146844,42.4388,D
146844,42.4388,D
146844,42.4388,D
147352,42.4388,D
147352,42.4388,D
147352,42.4387,D
147352,42.4387,D
147352,42.4387,D
147352,42.4387,D
147352,42.4387,D
147352,42.4387,D
147352,42.4387,D
147352,42.4387,D
147352,42.4387,D
147855,42.4387,D
147855,42.4386,D
147855,42.4386,D
147855,42.4386,D
147855,42.4386,D
147855,42.4386,D
147855,42.4386,D
147855,42.4386,D
147855,42.4386,D
147855,42.4386,D
147855,42.4386,D
147855,42.4386,D
148363,42.4385,D
148363,42.4385,D
148363,42.4385,D
148363,42.4385,D
148363,42.4385,D
148363,42.4385,D
148363,42.4385,D
148363,42.4385,D
148363,42.4385,D
148363,42.4385,D
148363,42.4385,D
148867,42.4385,D
148867,42.4586,D
148867,42.4801,D
148867,42.4808,D
148867,42.4808,D
148867,42.4807,D
148867,42.4805,D
148867,42.4801,D
148867,42.4797,D
148867,42.4794,D
148867,42.4791,D
148867,42.4788,D
149373,42.4786,D
149373,42.4785,D
149373,42.4783,D
149373,42.4782,D
149373,42.4781,D
149373,42.4780,D
149373,42.4779,D
149373,42.4778,D
149373,42.4777,D
149373,42.4775,D
149373,42.4775,D
149877,42.4775,D
149877,42.4775,D
149877,42.4775,D
149877,42.4775,D
149877,42.4775,D
149877,42.4775,D
149877,42.4774,D
149877,42.4774,D
149877,42.4774,D
149877,42.4774,D
149877,42.4774,D
149877,42.4774,D
150384,42.4774,D
150384,42.4773,D
150384,42.4773,D
150384,42.4773,D
150384,42.4773,D
150384,42.4773,D
150384,42.4773,D
150384,42.4773,D
150384,42.4773,D
150384,42.4773,D
150384,42.4773,D
150384,42.4773,D
150885,42.4773,D
150885,42.4773,D
150885,42.4773,D
150885,42.4773,D
150885,42.4772,D
150885,42.4772,D
150885,42.4772,D
150885,42.4772,D
150885,42.4772,D
150885,42.4772,D
150885,42.4772,D
151390,42.4772,D
151390,42.4772,D
151390,42.4772,D
151390,42.4771,D
151390,42.4771,D
151390,42.4771,D
151390,42.4771,D
151390,42.4771,D
151390,42.4771,D
151390,42.5023,D
151390,42.5184,D
151390,42.5191,D
151898,42.5191,D
151898,42.5189,D
151898,42.5187,D
151898,42.5183,D
151898,42.5179,D
151898,42.5176,D
151898,42.5174,D
151898,42.5172,D
151898,42.5169,D
151898,42.5168,D
151898,42.5166,D
152410,42.5165,D
152410,42.5164,D
152410,42.5163,D
152410,42.5162,D
152410,42.5161,D
152410,42.5159,D
152410,42.5158,D
152410,42.5158,D
152410,42.5158,D
152410,42.5158,D
152410,42.5158,D
152410,42.5157,D
152917,42.5157,D
152917,42.5157,D
152917,42.5157,D
152917,42.5157,D
152917,42.5157,D
152917,42.5157,D
152917,42.5157,D
152917,42.5157,D
152917,42.5157,D
152917,42.5157,D
152917,42.5157,D
152917,42.5157,D
153423,42.5157,D
153423,42.5157,D
153423,42.5157,D
153423,42.5157,D
153423,42.5157,D
153423,42.5157,D
153423,42.5157,D
153423,42.5157,D
153423,42.5157,D
153423,42.5157,D
153423,42.5157,D
153929,42.5156,D
153929,42.5156,D
153929,42.5156,D
153929,42.5156,D
153929,42.5156,D
153929,42.5156,D
153929,42.5156,D
153929,42.5156,D
153929,42.5156,D
153930,42.5156,D
153930,42.5156,D
153930,42.5156,D
154436,42.5156,D
154436,42.5156,D
154436,42.5156,D
154436,42.5156,D
154436,42.5156,D
154436,42.5489,D
154436,42.5570,D
154436,42.5577,D
154436,42.5577,D
154436,42.5575,D
154436,42.5572,D
154942,42.5568,D
154942,42.5565,D
154942,42.5562,D
154942,42.5560,D
154942,42.5557,D
154942,42.5555,D
154942,42.5554,D
154942,42.5552,D
154942,42.5551,D
154942,42.5550,D
154942,42.5549,D
154942,42.5548,D
155448,42.5547,D
155448,42.5545,D
155448,42.5544,D
155448,42.5544,D
155448,42.5544,D
155448,42.5544,D
155448,42.5543,D
155448,42.5543,D
155448,42.5543,D
155448,42.5543,D
155448,42.5542,D
155952,42.5542,D
155952,42.5542,D
155952,42.5542,D
155952,42.5542,D
155952,42.5542,D
155952,42.5542,D
155952,42.5542,D
155952,42.5542,D
155952,42.5542,D
155952,42.5542,D
155952,42.5542,D
155952,42.5542,D
156459,42.5542,D
156459,42.5542,D
156459,42.5542,D
156459,42.5542,D
156459,42.5542,D
156459,42.5541,D
156459,42.5541,D
156459,42.5541,D
156459,42.5541,D
156459,42.5541,D
156459,42.5541,D
156960,42.5541,D
156960,42.5541,D
156960,42.5541,D
156960,42.5541,D
156960,42.5541,D
156960,42.5541,D
156960,42.5541,D
156960,42.5541,D
156960,42.5541,D
156960,42.5541,D
156960,42.5541,D
156960,42.5541,D
157463,42.5541,D
157463,42.5636,D
157463,42.5957,D
157463,42.5963,D
157463,42.5963,D
157463,42.5961,D
157463,42.5959,D
157463,42.5956,D
157463,42.5953,D
157463,42.5950,D
157463,42.5947,D
157964,42.5945,D
157964,42.5943,D
157964,42.5941,D
157964,42.5939,D
157964,42.5938,D
157964,42.5937,D
157964,42.5936,D
157964,42.5935,D
157964,42.5934,D
157964,42.5932,D
157964,42.5932,D
157964,42.5931,D
158468,42.5931,D
158468,42.5931,D
158468,42.5931,D
158468,42.5931,D
158468,42.5931,D
158468,42.5930,D
158468,42.5930,D
158468,42.5930,D
158468,42.5930,D
158468,42.5929,D
158468,42.5929,D
158468,42.5929,D
158969,42.5929,D
158969,42.5929,D
158969,42.5929,D
158969,42.5929,D
158969,42.5929,D
158969,42.5929,D
158969,42.5929,D
158969,42.5929,D
158969,42.5929,D
158969,42.5929,D
158969,42.5929,D
159472,42.5929,D
159472,42.5929,D
159472,42.5929,D
159472,42.5929,D
159472,42.5929,D
159472,42.5929,D
159472,42.5929,D
159472,42.5929,D
159472,42.5929,D
159472,42.5929,D
159472,42.5929,D
159987,42.5928,D
159987,42.5928,D
159987,42.5928,D
159987,42.5928,D
159987,42.5928,D
159987,42.5928,D
159987,42.5928,D
159987,42.5928,D
159987,42.5928,D
159987,42.5928,D
159987,42.6103,D
159987,42.6343,D
159987,42.6350,D
160489,42.6350,D
160489,42.6349,D
160489,42.6347,D
160489,42.6343,D
160489,42.6340,D
160489,42.6337,D
160489,42.6334,D
160489,42.6332,D
160489,42.6330,D
160489,42.6328,D
160489,42.6327,D
160999,42.6325,D
160999,42.6324,D
160999,42.6323,D
160999,42.6323,D
160999,42.6322,D
160999,42.6321,D
160999,42.6320,D
160999,42.6319,D
160999,42.6319,D
160999,42.6319,D
160999,42.6319,D
160999,42.6319,D
161507,42.6318,D
161508,42.6318,D
161508,42.6318,D
161508,42.6318,D
161508,42.6318,D
161508,42.6318,D
161508,42.6318,D
161508,42.6318,D
161508,42.6318,D
161508,42.6318,D
161508,42.6318,D
162017,42.6318,D
162017,42.6318,D
162017,42.6317,D
162017,42.6317,D
162017,42.6317,D
162017,42.6316,D
162017,42.6316,D
162017,42.6316,D
162017,42.6316,D
162017,42.6316,D
162017,42.6316,D
162017,42.6316,D
162523,42.6316,D
162523,42.6316,D
162523,42.6315,D
162523,42.6315,D
162523,42.6315,D
162523,42.6315,D
162523,42.6315,D
162523,42.6315,D
162523,42.6315,D
162523,42.6315,D
162523,42.6315,D
162523,42.6315,D
163037,42.6315,D
163037,42.6314,D
163037,42.6314,D
163037,42.6314,D
163037,42.6314,D
163037,42.6488,D
163037,42.6730,D
163037,42.6737,D
163037,42.6737,D
163037,42.6734,D
163037,42.6731,D
163553,42.6727,D
163553,42.6724,D
163553,42.6721,D
163553,42.6719,D
163553,42.6717,D
163553,42.6714,D
163553,42.6712,D
163553,42.6711,D
163553,42.6709,D
163553,42.6708,D
163553,42.6707,D
163553,42.6706,D
164054,42.6705,D
164054,42.6703,D
164054,42.6702,D
164054,42.6702,D
164054,42.6702,D
164054,42.6702,D
164054,42.6702,D
164054,42.6701,D
164054,42.6701,D
164054,42.6701,D
164054,42.6701,D
164555,42.6701,D
164555,42.6701,D
164555,42.6701,D
164555,42.6701,D
164555,42.6700,D
164555,42.6700,D
164555,42.6700,D
164555,42.6700,D
164555,42.6700,D
164555,42.6700,D
164555,42.6700,D
164556,42.6700,D
165063,42.6700,D
165063,42.6700,D
165063,42.6700,D
165063,42.6700,D
165063,42.6700,D
165063,42.6700,D
165063,42.6700,D
165063,42.6700,D
165063,42.6700,D
165063,42.6700,D
165063,42.6700,D
165063,42.6700,D
165572,42.6700,D
165572,42.6700,D
165572,42.6700,D
165572,42.6700,D
165572,42.6700,D
165572,42.6700,D
165572,42.6700,D
165572,42.6700,D
165572,42.6700,D
165572,42.6700,D
165572,42.6700,D
166082,42.6700,D
166082,42.6700,D
166082,42.6927,D
166082,42.7115,D
166082,42.7122,D
166082,42.7122,D
166082,42.7120,D
166082,42.7118,D
166082,42.7114,D
166082,42.7111,D
166082,42.7108,D
166082,42.7105,D
166586,42.7103,D
166586,42.7101,D
166586,42.7099,D
166586,42.7097,D
166586,42.7096,D
166586,42.7094,D
166586,42.7093,D
166586,42.7092,D
166586,42.7092,D
166586,42.7089,D
166586,42.7089,D
166586,42.7088,D
167091,42.7088,D
167091,42.7088,D
167091,42.7087,D
167091,42.7087,D
167091,42.7087,D
167091,42.7087,D
167091,42.7087,D
167091,42.7087,D
167091,42.7087,D
167091,42.7087,D
167091,42.7087,D
167595,42.7087,D
167595,42.7087,D
167595,42.7087,D
167595,42.7087,D
167595,42.7087,D
167595,42.7087,D
167595,42.7087,D
167595,42.7087,D
167595,42.7087,D
167595,42.7087,D
167595,42.7087,D
167595,42.7086,D
168098,42.7086,D
168098,42.7086,D
168098,42.7086,D
168098,42.7086,D
168098,42.7086,D
168098,42.7086,D
168098,42.7086,D
168098,42.7086,D
168098,42.7086,D
168098,42.7086,D
168098,42.7086,D
168600,42.7086,D
168600,42.7086,D
168600,42.7086,D
168600,42.7086,D
168600,42.7086,D
168600,42.7086,D
168600,42.7086,D
168600,42.7086,D
168600,42.7086,D
168600,42.7086,D
168600,42.7393,D
168600,42.7501,D
169109,42.7508,D
169109,42.7508,D
169109,42.7506,D
169109,42.7503,D
169109,42.7500,D
169109,42.7496,D
169109,42.7493,D
169109,42.7491,D
169109,42.7488,D
169109,42.7486,D
169109,42.7484,D
169616,42.7483,D
169616,42.7481,D
169616,42.7480,D
169616,42.7480,D
169616,42.7479,D
169616,42.7478,D
169616,42.7476,D
169616,42.7475,D
169616,42.7475,D
169616,42.7475,D
169616,42.7475,D
169616,42.7474,D
170123,42.7474,D
170123,42.7474,D
170123,42.7474,D
170123,42.7474,D
170123,42.7474,D
170123,42.7474,D
170123,42.7474,D
170123,42.7474,D
170123,42.7474,D
170123,42.7474,D
170123,42.7474,D
170123,42.7474,D
170628,42.7474,D
170628,42.7474,D
170628,42.7474,D
170628,42.7474,D
170628,42.7474,D
170628,42.7473,D
170628,42.7473,D
170628,42.7473,D
170628,42.7473,D
170628,42.7473,D
170628,42.7473,D
171132,42.7473,D
171132,42.7473,D
171132,42.7473,D
171132,42.7473,D
171132,42.7473,D
171132,42.7473,D
171132,42.7473,D
171132,42.7473,D
171132,42.7473,D
171132,42.7473,D
171132,42.7473,D
171641,42.7473,D
171641,42.7473,D
171641,42.7473,D
171641,42.7472,D
171641,42.7472,D
171641,42.7472,D
171641,42.7472,D
171641,42.7833,D
171641,42.7891,D
171641,42.7895,D
171641,42.7894,D
171641,42.7892,D
172146,42.7889,D
172146,42.7885,D
172146,42.7882,D
172146,42.7879,D
172146,42.7877,D
172146,42.7875,D
172146,42.7873,D
172146,42.7871,D
172146,42.7869,D
172146,42.7868,D
172147,42.7867,D
172147,42.7866,D
172647,42.7866,D
172647,42.7864,D
172647,42.7862,D
172647,42.7862,D
172647,42.7862,D
172647,42.7862,D
172647,42.7861,D
172647,42.7861,D
172647,42.7861,D
172647,42.7861,D
172647,42.7861,D
173154,42.7861,D
173154,42.7861,D
173154,42.7861,D
173154,42.7861,D
173154,42.7861,D
173154,42.7861,D
173154,42.7861,D
173154,42.7861,D
173154,42.7861,D
173154,42.7861,D
173154,42.7861,D
173154,42.7861,D
173660,42.7861,D
173660,42.7861,D
173660,42.7861,D
173660,42.7861,D
173660,42.7861,D
173660,42.7861,D
173660,42.7861,D
173660,42.7861,D
173660,42.7861,D
173660,42.7861,D
173660,42.7860,D
173660,42.7860,D
174166,42.7860,D
174166,42.7860,D
174166,42.7860,D
174166,42.7860,D
174166,42.7860,D
174166,42.7860,D
174166,42.7860,D
174166,42.7860,D
174166,42.7860,D
174166,42.7860,D
174166,42.7860,D
174671,42.7860,D
174671,42.7860,D
174671,42.7860,D
174671,42.8194,D
174671,42.8275,D
174671,42.8281,D
174671,42.8280,D
174671,42.8277,D
174671,42.8275,D
174671,42.8271,D
174671,42.8268,D
174671,42.8265,D
175180,42.8263,D
175180,42.8261,D
175180,42.8259,D
175180,42.8257,D
175181,42.8255,D
175181,42.8254,D
175181,42.8253,D
175181,42.8252,D
175181,42.8251,D
175181,42.8248,D
175181,42.8247,D
175684,42.8247,D
175684,42.8247,D
175684,42.8246,D
175684,42.8246,D
175684,42.8246,D
175684,42.8246,D
175684,42.8246,D
175684,42.8246,D
175684,42.8246,D
175684,42.8246,D
175684,42.8245,D
175684,42.8245,D
176189,42.8245,D
176189,42.8245,D
176189,42.8245,D
176189,42.8245,D
176189,42.8245,D
176189,42.8245,D
176189,42.8245,D
176189,42.8245,D
176189,42.8245,D
176189,42.8245,D
176189,42.8245,D
176703,42.8245,D
176703,42.8245,D
176703,42.8245,D
176703,42.8245,D
176703,42.8245,D
176703,42.8245,D
176703,42.8245,D
176703,42.8245,D
176703,42.8245,D
176703,42.8245,D
176703,42.8245,D
176703,42.8245,D
177210,42.8245,D
177210,42.8245,D
177210,42.8245,D
177210,42.8245,D
177210,42.8245,D
177210,42.8245,D
177210,42.8245,D
177210,42.8245,D
177210,42.8245,D
177210,42.8245,D
177210,42.8245,D
177210,42.8605,D
177715,42.8663,D
177715,42.8668,D
177715,42.8667,D
177715,42.8664,D
177715,42.8661,D
177715,42.8658,D
177715,42.8655,D
177715,42.8652,D
177715,42.8649,D
177715,42.8647,D
177715,42.8645,D
178223,42.8643,D
178223,42.8642,D
178223,42.8641,D
178223,42.8640,D
178223,42.8639,D
178223,42.8638,D
178223,42.8637,D
178223,42.8636,D
178223,42.8635,D
178223,42.8635,D
178223,42.8635,D
178223,42.8635,D
178725,42.8635,D
178725,42.8635,D
178725,42.8634,D
178725,42.8634,D
178725,42.8634,D
178725,42.8634,D
178725,42.8634,D
178725,42.8634,D
178725,42.8634,D
178725,42.8634,D
178725,42.8635,D
179240,42.8635,D
179240,42.8635,D
179240,42.8635,D
179240,42.8635,D
179240,42.8635,D
179240,42.8635,D
179240,42.8635,D
179240,42.8635,D
179240,42.8635,D
179240,42.8635,D
179240,42.8635,D
179240,42.8634,D
179745,42.8634,D
179745,42.8634,D
179745,42.8634,D
179745,42.8634,D
179745,42.8634,D
179745,42.8634,D
179745,42.8634,D
179745,42.8634,D
179745,42.8634,D
179745,42.8634,D
179745,42.8634,D
179745,42.8634,D
180247,42.8634,D
180247,42.8634,D
180247,42.8634,D
180247,42.8634,D
180247,42.8634,D
180247,42.8634,D
180247,42.8658,D
180247,42.9046,D
180247,42.9054,D
180247,42.9055,D
180247,42.9054,D
180760,42.9052,D
180760,42.9049,D
180760,42.9046,D
180760,42.9043,D
180760,42.9040,D
180760,42.9037,D
180760,42.9035,D
180760,42.9033,D
180760,42.9031,D
180760,42.9030,D
180760,42.9029,D
180760,42.9028,D
181269,42.9027,D
181269,42.9026,D
181269,42.9025,D
181269,42.9023,D
181269,42.9023,D
181269,42.9022,D
181269,42.9022,D
181269,42.9022,D
181269,42.9022,D
181269,42.9022,D
181269,42.9021,D
181777,42.9021,D
181777,42.9021,D
181777,42.9021,D
181777,42.9021,D
181777,42.9021,D
181777,42.9021,D
181777,42.9021,D
181778,42.9021,D
181778,42.9021,D
181778,42.9021,D
181778,42.9021,D
181778,42.9021,D
182284,42.9021,D
182284,42.9021,D
182284,42.9021,D
182284,42.9021,D
182284,42.9021,D
182284,42.9021,D
182284,42.9021,D
182284,42.9021,D
182284,42.9021,D
182284,42.9021,D
182284,42.9021,D
182284,42.9021,D
182798,42.9021,D
182798,42.9021,D
182798,42.9021,D
182798,42.9021,D
182798,42.9021,D
182798,42.9021,D
182798,42.9021,D
182798,42.9021,D
182798,42.9021,D
182798,42.9021,D
182798,42.9021,D
183301,42.9021,D
183301,42.9021,D
183301,42.9021,D
183301,42.9021,D
183301,42.9408,D
183301,42.9441,D
183301,42.9443,D
183301,42.9441,D
183301,42.9439,D
183301,42.9436,D
183301,42.9432,D
183301,42.9429,D
183815,42.9427,D
183815,42.9424,D
183815,42.9422,D
183815,42.9421,D
183815,42.9419,D
183815,42.9417,D
183815,42.9416,D
183815,42.9415,D
183815,42.9415,D
183815,42.9414,D
183815,42.9412,D
183815,42.9411,D
184316,42.9411,D
184316,42.9411,D
184316,42.9411,D
184316,42.9411,D
184316,42.9411,D
184316,42.9411,D
184316,42.9411,D
184316,42.9411,D
184316,42.9411,D
184316,42.9411,D
184316,42.9411,D
184822,42.9411,D
184822,42.9411,D
184822,42.9411,D
184822,42.9411,D
184822,42.9411,D
184822,42.9411,D
184822,42.9411,D
184822,42.9411,D
184822,42.9411,D
184822,42.9411,D
184822,42.9411,D
184822,42.9411,D
185325,42.9411,D
185325,42.9411,D
185325,42.9411,D
185325,42.9411,D
185325,42.9411,D
185325,42.9410,D
185325,42.9410,D
185325,42.9410,D
185325,42.9410,D
185325,42.9410,D
185325,42.9410,D
185325,42.9410,D
185839,42.9410,D
185839,42.9410,D
185839,42.9409,D
185839,42.9409,D
185839,42.9409,D
185839,42.9409,D
185839,42.9409,D
185839,42.9409,D
185839,42.9409,D
185839,42.9409,D
185839,42.9410,D
186347,42.9717,D
186347,42.9826,D
186347,42.9833,D
186347,42.9833,D
186347,42.9831,D
186347,42.9829,D
186347,42.9826,D
186347,42.9823,D
186347,42.9820,D
186347,42.9818,D
186347,42.9815,D
186347,42.9813,D
186853,42.9812,D
186853,42.9810,D
186853,42.9809,D
186853,42.9808,D
186853,42.9807,D
186853,42.9807,D
186853,42.9806,D
186853,42.9804,D
186853,42.9804,D
186853,42.9804,D
186853,42.9804,D
187361,42.9804,D
187361,42.9804,D
187361,42.9804,D
187361,42.9804,D
187361,42.9804,D
187361,42.9804,D
187361,42.9804,D
187361,42.9804,D
187361,42.9804,D
187361,42.9804,D
187361,42.9804,D
187361,42.9804,D
187871,42.9805,D
187871,42.9805,D
187871,42.9805,D
187871,42.9805,D
187871,42.9805,D
187871,42.9805,D
187871,42.9805,D
187871,42.9804,D
187871,42.9804,D
187871,42.9804,D
187871,42.9804,D
187871,42.9804,D
188381,42.9804,D
188381,42.9804,D
188381,42.9804,D
188381,42.9804,D
188381,42.9804,D
188381,42.9803,D
188381,42.9801,D
188381,42.9801,D
188381,42.9801,D
188381,42.9801,D
188381,42.9800,D
188883,42.9800,D
188883,42.9800,D
188883,42.9800,D
188883,42.9800,D
188883,42.9800,D
188883,42.9799,D
188883,42.9799,D
188883,42.9800,D
188883,43.0078,D
188883,43.0212,D
188883,43.0219,D
188883,43.0218,D
189389,43.0216,D
189389,43.0213,D
189389,43.0209,D
189389,43.0206,D
189389,43.0203,D
189389,43.0200,D
189389,43.0198,D
189389,43.0196,D
189389,43.0194,D
189389,43.0192,D
189389,43.0191,D
189389,43.0189,D
189903,43.0188,D
189903,43.0188,D
189903,43.0186,D
189903,43.0184,D
189903,43.0182,D
189903,43.0182,D
189903,43.0182,D
189903,43.0182,D
189903,43.0181,D
189903,43.0181,D
189903,43.0181,D
190419,43.0181,D
190419,43.0181,D
190419,43.0181,D
190419,43.0181,D
190419,43.0181,D
190419,43.0181,D
190419,43.0181,D
190419,43.0181,D
190419,43.0181,D
190419,43.0181,D
190419,43.0181,D
190419,43.0181,D
190920,43.0181,D
190920,43.0181,D
190920,43.0181,D
190920,43.0181,D
190920,43.0181,D
190920,43.0181,D
190920,43.0180,D
190920,43.0180,D
190920,43.0180,D
190920,43.0180,D
190920,43.0180,D
190920,43.0180,D
191436,43.0180,D
191436,43.0180,D
191436,43.0180,D
191436,43.0180,D
191436,43.0180,D
191436,43.0180,D
191436,43.0180,D
191436,43.0180,D
191436,43.0180,D
191436,43.0180,D
191436,43.0180,D
191938,43.0179,D
191938,43.0179,D
191938,43.0179,D
191938,43.0179,D
191938,43.0461,D
191938,43.0596,D
191938,43.0601,D
191938,43.0601,D
191938,43.0598,D
191938,43.0596,D
191938,43.0592,D
191938,43.0589,D
192440,43.0586,D
192440,43.0584,D
192440,43.0582,D
192440,43.0580,D
192440,43.0578,D
192440,43.0576,D
192440,43.0575,D
192440,43.0574,D
192440,43.0573,D
192440,43.0573,D
192440,43.0571,D
192945,43.0569,D
192945,43.0569,D
192945,43.0569,D
192945,43.0569,D
192945,43.0569,D
192945,43.0568,D
192945,43.0568,D
192945,43.0568,D
192945,43.0568,D
192945,43.0568,D
192945,43.0568,D
192945,43.0568,D
193453,43.0568,D
193453,43.0568,D
193453,43.0567,D
193453,43.0567,D
193453,43.0567,D
193453,43.0567,D
193453,43.0567,D
193453,43.0567,D
193453,43.0567,D
193453,43.0567,D
193453,43.0567,D
193453,43.0567,D
193960,43.0567,D
193960,43.0567,D
193960,43.0567,D
193960,43.0567,D
193960,43.0567,D
193960,43.0566,D
193960,43.0566,D
193960,43.0566,D
193960,43.0566,D
193960,43.0566,D
193960,43.0566,D
194467,43.0566,D
194467,43.0566,D
194467,43.0566,D
194467,43.0566,D
194467,43.0566,D
194467,43.0566,D
194467,43.0566,D
194467,43.0566,D
194467,43.0566,D
194467,43.0566,D
194467,43.0566,D
194467,43.0566,D
194980,43.0767,D
194980,43.0984,D
194981,43.0990,D
194981,43.0990,D
194981,43.0987,D
194981,43.0984,D
194981,43.0981,D
194981,43.0977,D
194981,43.0974,D
194981,43.0972,D
194981,43.0970,D
195485,43.0968,D
195485,43.0966,D
195485,43.0964,D
195485,43.0963,D
195485,43.0962,D
195485,43.0961,D
195485,43.0960,D
195485,43.0959,D
195485,43.0957,D
195485,43.0957,D
195485,43.0957,D
195485,43.0956,D
195986,43.0956,D
195986,43.0956,D
195986,43.0956,D
195986,43.0955,D
195986,43.0955,D
195986,43.0955,D
195986,43.0955,D
195986,43.0955,D
195986,43.0955,D
195986,43.0955,D
195987,43.0955,D
196490,43.0955,D
196490,43.0954,D
196490,43.0954,D
196490,43.0954,D
196490,43.0954,D
196490,43.0954,D
196490,43.0954,D
196490,43.0954,D
196490,43.0954,D
196490,43.0954,D
196490,43.0954,D
196490,43.0954,D
196998,43.0954,D
196998,43.0954,D
196998,43.0954,D
196998,43.0954,D
196998,43.0954,D
196998,43.0954,D
196998,43.0954,D
196998,43.0954,D
196998,43.0954,D
196998,43.0954,D
196998,43.0954,D
196998,43.0954,D
197507,43.0954,D
197507,43.0954,D
197507,43.0954,D
197507,43.0954,D
197507,43.0954,D
197507,43.0954,D
197507,43.0954,D
197507,43.0954,D
197507,43.1049,D
197507,43.1370,D
197507,43.1377,D
198015,43.1377,D
198015,43.1375,D
198015,43.1373,D
198015,43.1370,D
198015,43.1366,D
198015,43.1363,D
198015,43.1360,D
198015,43.1358,D
198015,43.1356,D
198015,43.1354,D
198015,43.1352,D
198015,43.1351,D
198520,43.1350,D
198520,43.1349,D
198520,43.1348,D
198520,43.1347,D
198520,43.1345,D
198520,43.1344,D
198520,43.1344,D
198520,43.1344,D
198520,43.1344,D
198520,43.1344,D
198520,43.1343,D
198520,43.1343,D
199020,43.1343,D
199020,43.1343,D
199020,43.1342,D
199020,43.1342,D
199020,43.1342,D
199020,43.1342,D
199020,43.1342,D
199020,43.1342,D
199020,43.1342,D
199020,43.1342,D
199020,43.1342,D
199521,43.1342,D
199521,43.1342,D
199521,43.1342,D
199521,43.1342,D
199521,43.1342,D
199521,43.1342,D
199521,43.1342,D
199521,43.1342,D
199521,43.1342,D
199521,43.1342,D
199521,43.1342,D
199521,43.1342,D
200023,43.1342,D
200023,43.1342,D
200023,43.1342,D
200023,43.1342,D
200023,43.1342,D
200023,43.1342,D
200023,43.1342,D
200023,43.1342,D
200023,43.1342,D
200023,43.1342,D
200023,43.1342,D
200538,43.1342,D
200538,43.1342,D
200538,43.1342,D
200538,43.1342,D
200538,43.1342,D
200538,43.1412,D
200538,43.1756,D
200538,43.1765,D
200538,43.1765,D
200538,43.1763,D
200538,43.1761,D
200538,43.1758,D
201043,43.1754,D
201043,43.1751,D
201043,43.1748,D
201043,43.1746,D
201043,43.1744,D
201043,43.1742,D
201043,43.1740,D
201043,43.1739,D
201043,43.1737,D
201043,43.1736,D
201043,43.1736,D
201552,43.1735,D
201552,43.1733,D
201552,43.1732,D
201552,43.1732,D
201552,43.1731,D
201552,43.1731,D
201552,43.1731,D
201552,43.1731,D
201552,43.1731,D
201552,43.1731,D
201552,43.1731,D
201552,43.1731,D
202059,43.1731,D
202059,43.1730,D
202059,43.1730,D
202059,43.1730,D
202059,43.1730,D
202059,43.1730,D
202059,43.1730,D
202059,43.1730,D
202059,43.1730,D
202059,43.1730,D
202059,43.1730,D
202564,43.1730,D
202564,43.1730,D
202564,43.1730,D
202564,43.1730,D
202564,43.1730,D
202564,43.1730,D
202564,43.1730,D
202564,43.1730,D
202564,43.1730,D
202564,43.1729,D
202564,43.1729,D
202564,43.1729,D
203078,43.1729,D
203078,43.1729,D
203078,43.1729,D
203078,43.1729,D
203078,43.1729,D
203078,43.1729,D
203078,43.1729,D
203078,43.1729,D
203078,43.1729,D
203078,43.1729,D
203078,43.1729,D
203078,43.1729,D
203594,43.1729,D
203594,43.1824,D
203594,43.2144,D
203594,43.2152,D
203594,43.2152,D
203594,43.2149,D
203594,43.2147,D
203594,43.2144,D
203594,43.2140,D
203594,43.2137,D
203594,43.2134,D
203594,43.2132,D
204109,43.2129,D
204109,43.2127,D
204109,43.2126,D
204109,43.2124,D
204109,43.2123,D
204109,43.2122,D
204109,43.2121,D
204109,43.2121,D
204109,43.2118,D
204109,43.2118,D
204109,43.2117,D
204109,43.2117,D
204621,43.2117,D
204621,43.2116,D
204621,43.2116,D
204621,43.2115,D
204621,43.2115,D
204621,43.2115,D
204621,43.2115,D
204621,43.2115,D
204621,43.2115,D
204621,43.2115,D
204621,43.2115,D
205123,43.2115,D
205123,43.2115,D
205123,43.2115,D
205123,43.2115,D
205123,43.2115,D
205123,43.2115,D
205123,43.2115,D
205123,43.2115,D
205123,43.2115,D
205123,43.2115,D
205123,43.2115,D
205123,43.2115,D
205638,43.2114,D
205638,43.2114,D
205638,43.2114,D
205638,43.2114,D
205638,43.2114,D
205638,43.2114,D
205638,43.2114,D
205638,43.2114,D
205638,43.2114,D
205638,43.2114,D
205638,43.2114,D
205638,43.2114,D
206152,43.2114,D
206152,43.2114,D
206152,43.2114,D
206152,43.2114,D
206152,43.2114,D
206152,43.2114,D
206152,43.2114,D
206152,43.2114,D
206152,43.2114,D
206152,43.2474,D
206152,43.2532,D
206661,43.2537,D
206661,43.2536,D
206661,43.2534,D
206661,43.2531,D
206661,43.2528,D
206661,43.2525,D
206661,43.2522,D
206661,43.2519,D
206661,43.2517,D
206661,43.2515,D
206661,43.2513,D
206661,43.2512,D
207167,43.2510,D
207167,43.2509,D
207167,43.2509,D
207167,43.2508,D
207167,43.2507,D
207167,43.2505,D
207167,43.2505,D
207167,43.2504,D
207167,43.2504,D
207167,43.2504,D
207167,43.2504,D
207167,43.2504,D
207675,43.2503,D
207675,43.2503,D
207675,43.2503,D
207675,43.2503,D
207675,43.2503,D
207675,43.2503,D
207675,43.2503,D
207675,43.2503,D
207675,43.2503,D
207675,43.2503,D
207675,43.2503,D
208183,43.2503,D
208183,43.2503,D
208183,43.2503,D
208183,43.2503,D
208183,43.2503,D
208183,43.2502,D
208183,43.2502,D
208183,43.2502,D
208183,43.2502,D
208183,43.2502,D
208183,43.2502,D
208183,43.2502,D
208692,43.2502,D
208692,43.2502,D
208692,43.2502,D
208692,43.2502,D
208692,43.2502,D
208692,43.2502,D
208692,43.2502,D
208692,43.2502,D
208692,43.2502,D
208692,43.2502,D
208692,43.2502,D
209193,43.2502,D
209193,43.2502,D
209193,43.2502,D
209193,43.2502,D
209193,43.2502,D
209193,43.2502,D
209193,43.2756,D
209193,43.2919,D
209193,43.2926,D
209193,43.2926,D
209193,43.2923,D
209193,43.2921,D
209693,43.2917,D
209693,43.2914,D
209693,43.2911,D
209693,43.2908,D
209693,43.2905,D
209693,43.2903,D
209693,43.2902,D
209693,43.2900,D
209694,43.2899,D
209694,43.2898,D
209694,43.2897,D
210196,43.2896,D
210196,43.2896,D
210196,43.2894,D
210196,43.2893,D
210196,43.2893,D
210196,43.2893,D
210196,43.2893,D
210196,43.2893,D
210196,43.2893,D
210196,43.2893,D
210196,43.2893,D
210196,43.2892,D
210698,43.2892,D
210698,43.2892,D
210698,43.2892,D
210698,43.2892,D
210698,43.2892,D
210698,43.2892,D
210698,43.2892,D
210698,43.2892,D
210698,43.2892,D
210698,43.2892,D
210698,43.2892,D
211198,43.2892,D
211198,43.2892,D
211198,43.2892,D
211198,43.2892,D
211198,43.2892,D
211198,43.2892,D
211198,43.2892,D
211198,43.2892,D
211198,43.2892,D
211198,43.2892,D
211198,43.2892,D
211198,43.2892,D
211702,43.2892,D
211702,43.2892,D
211702,43.2892,D
211702,43.2892,D
211702,43.2892,D
211702,43.2892,D
211702,43.2892,D
211702,43.2892,D
211702,43.2892,D
211702,43.2892,D
211702,43.2892,D
212203,43.2892,D
212203,43.2892,D
212203,43.2892,D
212203,43.3092,D
212203,43.3307,D
212203,43.3313,D
212203,43.3313,D
212203,43.3311,D
212203,43.3309,D
212203,43.3306,D
212203,43.3302,D
212203,43.3299,D
212711,43.3297,D
212711,43.3294,D
212711,43.3292,D
212711,43.3290,D
212712,43.3289,D
212712,43.3287,D
212712,43.3286,D
212712,43.3285,D
212712,43.3284,D
212712,43.3284,D
212712,43.3281,D
213216,43.3280,D
213216,43.3280,D
213216,43.3280,D
213216,43.3280,D
213216,43.3279,D
213216,43.3279,D
213216,43.3278,D
213216,43.3278,D
213216,43.3278,D
213216,43.3278,D
213216,43.3278,D
213216,43.3278,D
213722,43.3278,D
213722,43.3278,D
213722,43.3278,D
213722,43.3278,D
213722,43.3278,D
213722,43.3278,D
213722,43.3277,D
213722,43.3277,D
213722,43.3277,D
213722,43.3277,D
213722,43.3277,D
214231,43.3277,D
214231,43.3277,D
214231,43.3277,D
214231,43.3277,D
214231,43.3277,D
214231,43.3277,D
214231,43.3277,D
214231,43.3277,D
214231,43.3277,D
214231,43.3277,D
214231,43.3277,D
214231,43.3276,D
214736,43.3276,D
214736,43.3276,D
214736,43.3276,D
214736,43.3276,D
214736,43.3276,D
214736,43.3276,D
214736,43.3276,D
214736,43.3276,D
214736,43.3276,D
214736,43.3276,D
214736,43.3276,D
214736,43.3449,D
215241,43.3690,D
215241,43.3698,D
215241,43.3698,D
215241,43.3696,D
215241,43.3694,D
215241,43.3690,D
215241,43.3686,D
215241,43.3683,D
215241,43.3680,D
215241,43.3678,D
215241,43.3676,D
215743,43.3674,D
215743,43.3672,D
215743,43.3671,D
215743,43.3670,D
215743,43.3669,D
215743,43.3668,D
215743,43.3668,D
215743,43.3666,D
215743,43.3665,D
215743,43.3665,D
215743,43.3664,D
215743,43.3664,D
216248,43.3664,D
216248,43.3664,D
216248,43.3664,D
216248,43.3664,D
216248,43.3664,D
216248,43.3664,D
216248,43.3664,D
216248,43.3664,D
216248,43.3664,D
216248,43.3664,D
216248,43.3664,D
216759,43.3663,D
216759,43.3663,D
216759,43.3663,D
216759,43.3663,D
216759,43.3663,D
216759,43.3663,D
216759,43.3663,D
216759,43.3663,D
216759,43.3663,D
216759,43.3663,D
216759,43.3663,D
216759,43.3663,D
217269,43.3663,D
217269,43.3663,D
217269,43.3663,D
217269,43.3663,D
217269,43.3663,D
217270,43.3663,D
217270,43.3663,D
217270,43.3663,D
217270,43.3663,D
217270,43.3663,D
217270,43.3663,D
217270,43.3663,D
217777,43.3663,D
217777,43.3663,D
217777,43.3663,D
217777,43.3662,D
217777,43.3662,D
217777,43.3662,D
217777,43.3663,D
217777,43.3665,D
217777,43.4075,D
217777,43.4084,D
217777,43.4084,D
218285,43.4083,D
218285,43.4081,D
218285,43.4078,D
218285,43.4075,D
218285,43.4071,D
218285,43.4069,D
218285,43.4066,D
218285,43.4064,D
218285,43.4062,D
218285,43.4060,D
218285,43.4058,D
218285,43.4057,D
218788,43.4056,D
218788,43.4055,D
218788,43.4054,D
218788,43.4053,D
218788,43.4051,D
218788,43.4050,D
218788,43.4050,D
218788,43.4050,D
218788,43.4049,D
218788,43.4049,D
218788,43.4049,D
218788,43.4049,D
219290,43.4049,D
219290,43.4049,D
219290,43.4049,D
219290,43.4049,D
219290,43.4049,D
219290,43.4049,D
219290,43.4049,D
219290,43.4048,D
219290,43.4048,D
219290,43.4048,D
219290,43.4048,D
219793,43.4048,D
219793,43.4048,D
219793,43.4048,D
219793,43.4048,D
219793,43.4048,D
219793,43.4048,D
219793,43.4048,D
219793,43.4048,D
219793,43.4048,D
219794,43.4048,D
219794,43.4048,D
219794,43.4048,D
220298,43.4048,D
220298,43.4048,D
220298,43.4048,D
220298,43.4048,D
220298,43.4047,D
220298,43.4047,D
220298,43.4047,D
220298,43.4047,D
220298,43.4047,D
220298,43.4047,D
220298,43.4047,D
220799,43.4047,D
220799,43.4047,D
220799,43.4047,D
220799,43.4047,D
220799,43.4047,D
220799,43.4300,D
220799,43.4463,D
220799,43.4469,D
220799,43.4469,D
220799,43.4467,D
220799,43.4465,D
220799,43.4461,D
221300,43.4458,D
221300,43.4455,D
221300,43.4453,D
221300,43.4450,D
221300,43.4448,D
221300,43.4446,D
221300,43.4445,D
221300,43.4444,D
221300,43.4443,D
221300,43.4442,D
221300,43.4441,D
221806,43.4440,D
221806,43.4438,D
221806,43.4438,D
221806,43.4437,D
221806,43.4437,D
221806,43.4437,D
221806,43.4437,D
221806,43.4437,D
221806,43.4437,D
221806,43.4436,D
221806,43.4436,D
221806,43.4436,D
222314,43.4436,D
222314,43.4436,D
222314,43.4436,D
222314,43.4436,D
222314,43.4436,D
222314,43.4436,D
222314,43.4436,D
222314,43.4436,D
222314,43.4436,D
222314,43.4436,D
222314,43.4436,D
222818,43.4435,D
222818,43.4435,D
222818,43.4435,D
222818,43.4435,D
222818,43.4435,D
222818,43.4435,D
222818,43.4435,D
222818,43.4435,D
222818,43.4435,D
222818,43.4435,D
222818,43.4435,D
222819,43.4435,D
223324,43.4435,D
223324,43.4435,D
223324,43.4435,D
223324,43.4435,D
223324,43.4435,D
223324,43.4435,D
223324,43.4435,D
223324,43.4435,D
223324,43.4435,D
223324,43.4435,D
223324,43.4435,D
223828,43.4435,D
223828,43.4435,D
223828,43.4609,D
223828,43.4851,D
223828,43.4859,D
223828,43.4859,D
223828,43.4857,D
223828,43.4855,D
223828,43.4851,D
223828,43.4847,D
223828,43.4844,D
223828,43.4841,D
224336,43.4839,D
224336,43.4836,D
224336,43.4835,D
224336,43.4833,D
224336,43.4831,D
224336,43.4830,D
224336,43.4829,D
224336,43.4829,D
224336,43.4828,D
224336,43.4826,D
224336,43.4825,D
224851,43.4825,D
224851,43.4825,D
224851,43.4824,D
224851,43.4824,D
224851,43.4824,D
224851,43.4824,D
224851,43.4823,D
224851,43.4823,D
224851,43.4823,D
224851,43.4823,D
224851,43.4823,D
224851,43.4823,D
225365,43.4823,D
225365,43.4823,D
225365,43.4823,D
225365,43.4823,D
225365,43.4823,D
225365,43.4823,D
225365,43.4822,D
225365,43.4822,D
225365,43.4822,D
225365,43.4822,D
225365,43.4822,D
225365,43.4822,D
225866,43.4822,D
225866,43.4822,D
225866,43.4822,D
225866,43.4822,D
225866,43.4822,D
225866,43.4822,D
225866,43.4822,D
225866,43.4822,D
225866,43.4822,D
225866,43.4822,D
225866,43.4822,D
225866,43.4822,D
226378,43.4822,D
226378,43.4822,D
226378,43.4821,D
226378,43.4821,D
226378,43.4821,D
226378,43.4821,D
226378,43.4821,D
226378,43.4821,D
226378,43.4821,D
226378,43.4845,D
226378,43.5235,D
226882,43.5245,D
226882,43.5245,D
226882,43.5243,D
226882,43.5241,D
226882,43.5238,D
226882,43.5234,D
226882,43.5231,D
226882,43.5228,D
226882,43.5225,D
226882,43.5223,D
226882,43.5221,D
226882,43.5220,D
227389,43.5218,D
227389,43.5217,D
227389,43.5216,D
227389,43.5215,D
227389,43.5215,D
227389,43.5213,D
227389,43.5212,D
227389,43.5211,D
227389,43.5211,D
227389,43.5211,D
227389,43.5211,D
227896,43.5211,D
227896,43.5211,D
227896,43.5210,D
227896,43.5210,D
227896,43.5210,D
227896,43.5210,D
227896,43.5210,D
227896,43.5210,D
227896,43.5210,D
227896,43.5209,D
227896,43.5209,D
227896,43.5209,D
228405,43.5209,D
228405,43.5209,D
228405,43.5209,D
228405,43.5209,D
228405,43.5209,D
228405,43.5209,D
228405,43.5209,D
228405,43.5209,D
228405,43.5209,D
228405,43.5209,D
228405,43.5209,D
228405,43.5209,D
228905,43.5209,D
228905,43.5209,D
228905,43.5209,D
228905,43.5209,D
228905,43.5209,D
228905,43.5209,D
228905,43.5209,D
228905,43.5209,D
228905,43.5209,D
228905,43.5209,D
228905,43.5209,D
229407,43.5209,D
229407,43.5209,D
229407,43.5209,D
229407,43.5209,D
229407,43.5209,D
229407,43.5209,D
229407,43.5209,D
229408,43.5436,D
229408,43.5626,D
229408,43.5632,D
229408,43.5632,D
229408,43.5630,D
229914,43.5627,D
229914,43.5624,D
229914,43.5621,D
229914,43.5618,D
229914,43.5615,D
229914,43.5613,D
229914,43.5611,D
229914,43.5609,D
229914,43.5607,D
229914,43.5606,D
229914,43.5604,D
230419,43.5603,D
230419,43.5603,D
230419,43.5601,D
230419,43.5599,D
230419,43.5599,D
230419,43.5598,D
230419,43.5598,D
230419,43.5598,D
230419,43.5597,D
230419,43.5597,D
230419,43.5597,D
230419,43.5597,D
230920,43.5597,D
230920,43.5597,D
230920,43.5597,D
230920,43.5597,D
230920,43.5597,D
230920,43.5597,D
230920,43.5597,D
230920,43.5597,D
230920,43.5597,D
230920,43.5597,D
230920,43.5597,D
231422,43.5597,D
231422,43.5597,D
231422,43.5597,D
231422,43.5597,D
231422,43.5597,D
231422,43.5597,D
231422,43.5597,D
231422,43.5597,D
231422,43.5597,D
231422,43.5597,D
231422,43.5597,D
231422,43.5597,D
231923,43.5597,D
231923,43.5596,D
231923,43.5596,D
231923,43.5596,D
231923,43.5596,D
231923,43.5596,D
231923,43.5596,D
231923,43.5596,D
231923,43.5596,D
231923,43.5596,D
231923,43.5596,D
232426,43.5596,D
232426,43.5596,D
232426,43.5596,D
232426,43.5596,D
232426,43.5643,D
232426,43.6010,D
232426,43.6019,D
232426,43.6020,D
232426,43.6018,D
232426,43.6016,D
232426,43.6013,D
232426,43.6009,D
232935,43.6006,D
232935,43.6003,D
232935,43.6001,D
232935,43.5998,D
232935,43.5996,D
232935,43.5995,D
232935,43.5993,D
232935,43.5992,D
232935,43.5991,D
232935,43.5990,D
232935,43.5990,D
233444,43.5988,D
233444,43.5987,D
233444,43.5987,D
233444,43.5987,D
233444,43.5986,D
233444,43.5986,D
233444,43.5986,D
233444,43.5986,D
233444,43.5986,D
233444,43.5986,D
233444,43.5986,D
233444,43.5986,D
233950,43.5986,D
233950,43.5986,D
233950,43.5986,D
233950,43.5986,D
233950,43.5986,D
233950,43.5986,D
233950,43.5986,D
233950,43.5986,D
233950,43.5986,D
233950,43.5986,D
233950,43.5986,D
233950,43.5986,D
234457,43.5985,D
234457,43.5985,D
234457,43.5985,D
234457,43.5985,D
234457,43.5985,D
234457,43.5985,D
234457,43.5985,D
234457,43.5985,D
234457,43.5984,D
234457,43.5984,D
234457,43.5984,D
234960,43.5984,D
234960,43.5984,D
234960,43.5984,D
234960,43.5984,D
234960,43.5984,D
234960,43.5984,D
234960,43.5984,D
234960,43.5984,D
234960,43.5984,D
234960,43.5984,D
234960,43.5983,D
234960,43.5983,D
235475,43.5984,D
235475,43.6290,D
235475,43.6400,D
235475,43.6406,D
235475,43.6406,D
235475,43.6403,D
235475,43.6401,D
235475,43.6397,D
235475,43.6394,D
235475,43.6391,D
235475,43.6389,D
235475,43.6386,D
235978,43.6384,D
235978,43.6382,D
235978,43.6381,D
235978,43.6380,D
235978,43.6379,D
235978,43.6378,D
235978,43.6377,D
235978,43.6376,D
235978,43.6374,D
235978,43.6374,D
235978,43.6373,D
236492,43.6373,D
236492,43.6373,D
236492,43.6373,D
236492,43.6373,D
236492,43.6373,D
236492,43.6373,D
236492,43.6373,D
236492,43.6373,D
236492,43.6373,D
236492,43.6373,D
236492,43.6373,D
236492,43.6373,D
237001,43.6373,D
237001,43.6372,D
237001,43.6372,D
237001,43.6372,D
237001,43.6372,D
237001,43.6372,D
237001,43.6372,D
237001,43.6372,D
237001,43.6372,D
237001,43.6372,D
237001,43.6372,D
237001,43.6372,D
237509,43.6372,D
237509,43.6372,D
237509,43.6372,D
237509,43.6372,D
237509,43.6372,D
237509,43.6372,D
237509,43.6372,D
237509,43.6372,D
237509,43.6371,D
237509,43.6371,D
237509,43.6371,D
238017,43.6371,D
238017,43.6371,D
238017,43.6371,D
238017,43.6371,D
238017,43.6371,D
238017,43.6371,D
238017,43.6371,D
238017,43.6371,D
238017,43.6371,D
238017,43.6493,D
238017,43.6788,D
238017,43.6795,D
238522,43.6795,D
238522,43.6793,D
238522,43.6791,D
238522,43.6788,D
238522,43.6784,D
238522,43.6781,D
238522,43.6778,D
238522,43.6776,D
238522,43.6774,D
238522,43.6772,D
238522,43.6770,D
239035,43.6769,D
239035,43.6768,D
239035,43.6767,D
239035,43.6766,D
239035,43.6765,D
239035,43.6763,D
239035,43.6762,D
239035,43.6762,D
239035,43.6762,D
239035,43.6761,D
239035,43.6761,D
239035,43.6761,D
239537,43.6761,D
239537,43.6761,D
239537,43.6760,D
239537,43.6760,D
239537,43.6760,D
239537,43.6760,D
239537,43.6760,D
239537,43.6760,D
239537,43.6760,D
239537,43.6760,D
239537,43.6760,D
240049,43.6760,D
240049,43.6760,D
240049,43.6760,D
240049,43.6760,D
240049,43.6760,D
240049,43.6760,D
240049,43.6760,D
240049,43.6760,D
240049,43.6760,D
240049,43.6760,D
240049,43.6759,D
240049,43.6759,D
240550,43.6759,D
240550,43.6759,D
240550,43.6759,D
240550,43.6759,D
240550,43.6759,D
240550,43.6759,D
240550,43.6759,D
240550,43.6759,D
240550,43.6759,D
240550,43.6759,D
240550,43.6759,D
240550,43.6759,D
241063,43.6759,D
241063,43.6759,D
241063,43.6759,D
241063,43.6759,D
241063,43.6759,D
241063,43.6759,D
241063,43.7039,D
241063,43.7176,D
241063,43.7183,D
241063,43.7183,D
241063,43.7180,D
241063,43.7177,D
241564,43.7174,D
241564,43.7171,D
241564,43.7168,D
241564,43.7165,D
241564,43.7163,D
241564,43.7160,D
241564,43.7159,D
241564,43.7157,D
241564,43.7156,D
241564,43.7155,D
241564,43.7154,D
242070,43.7153,D
242070,43.7152,D
242070,43.7150,D
242070,43.7150,D
242070,43.7149,D
242070,43.7149,D
242070,43.7149,D
242070,43.7149,D
242070,43.7149,D
242070,43.7149,D
242070,43.7149,D
242070,43.7149,D
242583,43.7148,D
242583,43.7148,D
242583,43.7148,D
242583,43.7148,D
242583,43.7148,D
242583,43.7148,D
242583,43.7148,D
242583,43.7148,D
242583,43.7148,D
242583,43.7147,D
242583,43.7147,D
243088,43.7147,D
243088,43.7147,D
243088,43.7147,D
243088,43.7147,D
243088,43.7147,D
243088,43.7147,D
243088,43.7147,D
243088,43.7147,D
243088,43.7147,D
243088,43.7147,D
243088,43.7147,D
243088,43.7147,D
243594,43.7147,D
243594,43.7147,D
243594,43.7147,D
243594,43.7147,D
243594,43.7147,D
243594,43.7147,D
243594,43.7147,D
243594,43.7147,D
243594,43.7147,D
243594,43.7147,D
243594,43.7147,D
244100,43.7147,D
244100,43.7147,D
244100,43.7147,D
244100,43.7194,D
244101,43.7561,D
244101,43.7569,D
244101,43.7569,D
244101,43.7567,D
244101,43.7565,D
244101,43.7563,D
244101,43.7559,D
244101,43.7556,D
244604,43.7554,D
244604,43.7551,D
244604,43.7549,D
244604,43.7547,D
244604,43.7546,D
244604,43.7544,D
244604,43.7543,D
244604,43.7542,D
244604,43.7541,D
244604,43.7541,D
244604,43.7539,D
244604,43.7538,D
245104,43.7537,D
245104,43.7537,D
245104,43.7537,D
245104,43.7537,D
245104,43.7537,D
245104,43.7536,D
245104,43.7536,D
245104,43.7536,D
245104,43.7536,D
245104,43.7535,D
245104,43.7535,D
245605,43.7535,D
245605,43.7535,D
245605,43.7535,D
245605,43.7535,D
245605,43.7535,D
245605,43.7535,D
245605,43.7535,D
245605,43.7535,D
245605,43.7535,D
245605,43.7535,D
245605,43.7535,D
246107,43.7535,D
246107,43.7535,D
246107,43.7535,D
246107,43.7535,D
246107,43.7535,D
246107,43.7535,D
246107,43.7535,D
246107,43.7535,D
246107,43.7534,D
246107,43.7534,D
246107,43.7534,D
246107,43.7534,D
246614,43.7534,D
246614,43.7534,D
246614,43.7534,D
246614,43.7534,D
246614,43.7534,D
246614,43.7534,D
246614,43.7534,D
246614,43.7534,D
246614,43.7534,D
246614,43.7534,D
246614,43.7534,D
247119,43.7534,D
247119,43.7815,D
247119,43.7952,D
247119,43.7958,D
247119,43.7958,D
247119,43.7956,D
247119,43.7954,D
247119,43.7950,D
247119,43.7947,D
247119,43.7944,D
247119,43.7941,D
247119,43.7939,D
247620,43.7937,D
247620,43.7935,D
247620,43.7934,D
247620,43.7933,D
247620,43.7932,D
247620,43.7931,D
247620,43.7930,D
247620,43.7929,D
247620,43.7927,D
247620,43.7927,D
247620,43.7926,D
248129,43.7926,D
248129,43.7926,D
248129,43.7926,D
248129,43.7926,D
248129,43.7926,D
248129,43.7926,D
248129,43.7926,D
248129,43.7926,D
248129,43.7926,D
248129,43.7926,D
248129,43.7925,D
248129,43.7926,D
248630,43.7926,D
248630,43.7926,D
248630,43.7926,D
248630,43.7926,D
248630,43.7926,D
248630,43.7926,D
248630,43.7926,D
248630,43.7926,D
248630,43.7926,D
248630,43.7926,D
248630,43.7926,D
249143,43.7926,D
249143,43.7926,D
249143,43.7926,D
249143,43.7926,D
249143,43.7925,D
249143,43.7925,D
249143,43.7925,D
249143,43.7925,D
249143,43.7925,D
249143,43.7925,D
249143,43.7925,D
249143,43.7925,D
249656,43.7925,D
249656,43.7925,D
249656,43.7925,D
249656,43.7925,D
249656,43.7925,D
249656,43.7924,D
249656,43.7924,D
249656,43.7924,D
249656,43.7925,D
249656,43.7927,D
249656,43.8336,D
249656,43.8346,D
250156,43.8346,D
250156,43.8344,D
250156,43.8342,D
250156,43.8339,D
250156,43.8335,D
250156,43.8332,D
250156,43.8329,D
250156,43.8326,D
250156,43.8324,D
250156,43.8322,D
250156,43.8320,D
250156,43.8319,D
250666,43.8318,D
250666,43.8317,D
250666,43.8316,D
250666,43.8315,D
250666,43.8314,D
250666,43.8313,D
250666,43.8312,D
250666,43.8312,D
250666,43.8312,D
250666,43.8312,D
250666,43.8312,D
251175,43.8312,D
251175,43.8311,D
251175,43.8311,D
251175,43.8311,D
251175,43.8311,D
251175,43.8311,D
251175,43.8311,D
251175,43.8311,D
251175,43.8311,D
251175,43.8311,D
251175,43.8310,D
251175,43.8310,D
251681,43.8310,D
251681,43.8310,D
251681,43.8310,D
251681,43.8310,D
251681,43.8310,D
251681,43.8310,D
251681,43.8310,D
251681,43.8310,D
251681,43.8310,D
251681,43.8310,D
251681,43.8310,D
251681,43.8310,D
252190,43.8310,D
252190,43.8310,D
252190,43.8310,D
252190,43.8310,D
252190,43.8310,D
252190,43.8310,D
252190,43.8310,D
252190,43.8310,D
252190,43.8310,D
252190,43.8310,D
252190,43.8310,D
252693,43.8310,D
252693,43.8310,D
252693,43.8310,D
252693,43.8309,D
252693,43.8309,D
252693,43.8309,D
252693,43.8405,D
252693,43.8726,D
252693,43.8733,D
252693,43.8733,D
252693,43.8731,D
252693,43.8729,D
253194,43.8726,D
253194,43.8722,D
253194,43.8719,D
253194,43.8717,D
253194,43.8714,D
253194,43.8712,D
253194,43.8710,D
253194,43.8708,D
253194,43.8707,D
253194,43.8706,D
253194,43.8705,D
253707,43.8704,D
253707,43.8703,D
253707,43.8701,D
253707,43.8701,D
253707,43.8700,D
253707,43.8700,D
253707,43.8700,D
253707,43.8700,D
253707,43.8700,D
253707,43.8699,D
253707,43.8699,D
253707,43.8699,D
254219,43.8699,D
254219,43.8699,D
254219,43.8699,D
254219,43.8699,D
254219,43.8699,D
254219,43.8699,D
254219,43.8698,D
254219,43.8698,D
254219,43.8698,D
254219,43.8698,D
254219,43.8698,D
254719,43.8698,D
254719,43.8698,D
254719,43.8698,D
254719,43.8698,D
254719,43.8698,D
254719,43.8698,D
254719,43.8698,D
254719,43.8698,D
254719,43.8698,D
254719,43.8698,D
254719,43.8698,D
254719,43.8698,D
255233,43.8698,D
255233,43.8698,D
255233,43.8698,D
255233,43.8698,D
255233,43.8697,D
255233,43.8697,D
255233,43.8697,D
255233,43.8697,D
255233,43.8697,D
255233,43.8697,D
255233,43.8697,D
255233,43.8697,D
255734,43.8697,D
255734,43.8697,D
255734,43.8697,D
255734,43.8950,D
255734,43.9113,D
255734,43.9121,D
255734,43.9121,D
255734,43.9119,D
255734,43.9116,D
255734,43.9112,D
255734,43.9109,D
256249,43.9106,D
256249,43.9103,D
256249,43.9101,D
256249,43.9099,D
256249,43.9097,D
256249,43.9095,D
256249,43.9094,D
256249,43.9093,D
256249,43.9092,D
256249,43.9091,D
256249,43.9091,D
256249,43.9089,D
256750,43.9088,D
256750,43.9088,D
256750,43.9088,D
256750,43.9087,D
256750,43.9087,D
256750,43.9087,D
256750,43.9087,D
256750,43.9087,D
256750,43.9087,D
256750,43.9087,D
256750,43.9087,D
256750,43.9087,D
257265,43.9086,D
257265,43.9086,D
257265,43.9086,D
257265,43.9086,D
257265,43.9086,D
257265,43.9086,D
257265,43.9086,D
257265,43.9086,D
257265,43.9086,D
257265,43.9086,D
257265,43.9086,D
257765,43.9086,D
257765,43.9086,D
257765,43.9086,D
257765,43.9086,D
257765,43.9086,D
257765,43.9086,D
257765,43.9086,D
257765,43.9086,D
257765,43.9086,D
257765,43.9086,D
257765,43.9086,D
257765,43.9086,D
258283,43.9086,D
258283,43.9086,D
258283,43.9086,D
258283,43.9086,D
258283,43.9086,D
258283,43.9086,D
258283,43.9086,D
258283,43.9086,D
258283,43.9086,D
258283,43.9086,D
258283,43.9086,D
258283,43.9134,D
258791,43.9504,D
258791,43.9511,D
258791,43.9510,D
258791,43.9507,D
258791,43.9505,D
258791,43.9502,D
258791,43.9499,D
258791,43.9496,D
258791,43.9493,D
258791,43.9490,D
258791,43.9488,D
259299,43.9486,D
259299,43.9485,D
259299,43.9483,D
259299,43.9482,D
259299,43.9481,D
259299,43.9480,D
259299,43.9479,D
259300,43.9477,D
259300,43.9476,D
259300,43.9476,D
259300,43.9476,D
259300,43.9476,D
259807,43.9475,D
259807,43.9475,D
259807,43.9475,D
259807,43.9474,D
259807,43.9474,D
259807,43.9474,D
259807,43.9474,D
259807,43.9474,D
259807,43.9474,D
259807,43.9474,D
259807,43.9474,D
259807,43.9474,D
260317,43.9474,D
260317,43.9474,D
260317,43.9474,D
260317,43.9474,D
260317,43.9474,D
260317,43.9474,D
260317,43.9473,D
260317,43.9473,D
260317,43.9473,D
260317,43.9473,D
260317,43.9473,D
260830,43.9473,D
260830,43.9473,D
260830,43.9473,D
260830,43.9473,D
260830,43.9473,D
260830,43.9473,D
260830,43.9473,D
260830,43.9473,D
260830,43.9473,D
260830,43.9473,D
260830,43.9473,D
260830,43.9473,D
261344,43.9472,D
261344,43.9472,D
261344,43.9472,D
261344,43.9472,D
261344,43.9472,D
261344,43.9472,D
261344,43.9472,D
261344,43.9472,D
261344,43.9593,D
261344,43.9885,D
261344,43.9894,D
261344,43.9896,D
261858,43.9895,D
261858,43.9893,D
261858,43.9890,D
261858,43.9885,D
261858,43.9881,D
261858,43.9878,D
261858,43.9875,D
261858,43.9872,D
261858,43.9871,D
261858,43.9869,D
261858,43.9868,D
261858,43.9868,D
262363,43.9867,D
262363,43.9866,D
262363,43.9865,D
262363,43.9864,D
262363,43.9863,D
262363,43.9862,D
262363,43.9861,D
262363,43.9861,D
262363,43.9861,D
262363,43.9861,D
262363,43.9861,D
262869,43.9860,D
262869,43.9860,D
262869,43.9860,D
262869,43.9860,D
262869,43.9860,D
262869,43.9860,D
262869,43.9860,D
262869,43.9860,D
262869,43.9860,D
262869,43.9860,D
262869,43.9860,D
263377,43.9860,D
263377,43.9860,D
263377,43.9860,D
263377,43.9860,D
263377,43.9860,D
263377,43.9859,D
263377,43.9859,D
263377,43.9859,D
263377,43.9859,D
263377,43.9859,D
263377,43.9859,D
263377,43.9859,D
263377,43.9859,D
263886,43.9859,D
263886,43.9859,D
263886,43.9859,D
263886,43.9859,D
263886,43.9859,D
263886,43.9859,D
263886,43.9859,D
263886,43.9859,D
263886,43.9859,D
263886,43.9859,D
263886,43.9859,D
264393,43.9859,D
264393,43.9859,D
264393,43.9859,D
264393,43.9859,D
264393,43.9859,D
264393,44.0060,D
264393,44.0275,D
264393,44.0282,D
264393,44.0282,D
264393,44.0280,D
264393,44.0278,D
264393,44.0275,D
264897,44.0271,D
264897,44.0268,D
264897,44.0265,D
264897,44.0262,D
264897,44.0260,D
264897,44.0258,D
264897,44.0257,D
264897,44.0256,D
264897,44.0255,D
264897,44.0254,D
264897,44.0253,D
265397,44.0252,D
265397,44.0250,D
265397,44.0250,D
265397,44.0250,D
265397,44.0250,D
265397,44.0250,D
265397,44.0249,D
265397,44.0249,D
265397,44.0249,D
265397,44.0249,D
265397,44.0249,D
265397,44.0249,D
265902,44.0249,D
265902,44.0249,D
265902,44.0249,D
265902,44.0249,D
265902,44.0249,D
265902,44.0249,D
265902,44.0249,D
265902,44.0249,D
265902,44.0249,D
265902,44.0249,D
265902,44.0249,D
266411,44.0249,D
266411,44.0249,D
266411,44.0249,D
266411,44.0249,D
266411,44.0248,D
266411,44.0248,D
266411,44.0248,D
266411,44.0248,D
266411,44.0248,D
266411,44.0248,D
266411,44.0248,D
266411,44.0248,D
266917,44.0248,D
266918,44.0247,D
266918,44.0247,D
266918,44.0247,D
266918,44.0247,D
266918,44.0247,D
266918,44.0247,D
266918,44.0247,D
266918,44.0247,D
266918,44.0247,D
266918,44.0247,D
267427,44.0247,D
267427,44.0247,D
267427,44.0248,D
267427,44.0528,D
267427,44.0664,D
267427,44.0671,D
267427,44.0671,D
267427,44.0669,D
267427,44.0667,D
267427,44.0663,D
267427,44.0660,D
267427,44.0657,D
267936,44.0654,D
267936,44.0652,D
267936,44.0650,D
267936,44.0648,D
267936,44.0647,D
267936,44.0646,D
267936,44.0644,D
267936,44.0643,D
267936,44.0643,D
267936,44.0642,D
267936,44.0639,D
267936,44.0639,D
268442,44.0639,D
268442,44.0639,D
268442,44.0638,D
268442,44.0638,D
268442,44.0638,D
268442,44.0638,D
268442,44.0637,D
268442,44.0637,D
268442,44.0637,D
268442,44.0637,D
268442,44.0637,D
268946,44.0637,D
268946,44.0637,D
268946,44.0637,D
268946,44.0637,D
268946,44.0637,D
268946,44.0637,D
268946,44.0637,D
268946,44.0637,D
268946,44.0637,D
268946,44.0637,D
268946,44.0637,D
268946,44.0637,D
269449,44.0637,D
269449,44.0636,D
269449,44.0636,D
269449,44.0636,D
269449,44.0636,D
269449,44.0636,D
269449,44.0636,D
269449,44.0636,D
269449,44.0636,D
269449,44.0636,D
269449,44.0636,D
269949,44.0636,D
269949,44.0636,D
269949,44.0636,D
269949,44.0636,D
269949,44.0636,D
269949,44.0636,D
269949,44.0636,D
269949,44.0636,D
269949,44.0636,D
269949,44.0636,D
269949,44.0636,D
269949,44.0636,D
270453,44.1049,D
270453,44.1059,D
270453,44.1059,D
270453,44.1057,D
270453,44.1055,D
270453,44.1052,D
270453,44.1049,D
270453,44.1046,D
270453,44.1043,D
270453,44.1041,D
270453,44.1038,D
270959,44.1037,D
270959,44.1035,D
270959,44.1033,D
270959,44.1032,D
270959,44.1031,D
270959,44.1030,D
270959,44.1030,D
270959,44.1028,D
270959,44.1027,D
270959,44.1026,D
270959,44.1026,D
270959,44.1026,D
271461,44.1026,D
271461,44.1026,D
271461,44.1026,D
271461,44.1026,D
271461,44.1026,D
271461,44.1025,D
271461,44.1025,D
271461,44.1025,D
271461,44.1025,D
271461,44.1025,D
271461,44.1025,D
271967,44.1025,D
271967,44.1025,D
271967,44.1025,D
271967,44.1025,D
271967,44.1025,D
271967,44.1024,D
271967,44.1024,D
271967,44.1024,D
271967,44.1024,D
271967,44.1024,D
271967,44.1024,D
271967,44.1024,D
272473,44.1024,D
272474,44.1024,D
272474,44.1024,D
272474,44.1024,D
272474,44.1024,D
272474,44.1024,D
272474,44.1024,D
272474,44.1024,D
272474,44.1024,D
272474,44.1023,D
272474,44.1023,D
272474,44.1023,D
272981,44.1023,D
272981,44.1023,D
272981,44.1023,D
272981,44.1023,D
272981,44.1023,D
272981,44.1023,D
272981,44.1023,D
272981,44.1023,D
272981,44.1047,D
272981,44.1437,D
272981,44.1446,D
273489,44.1447,D
273489,44.1445,D
273489,44.1442,D
273489,44.1439,D
273489,44.1436,D
273489,44.1433,D
273489,44.1430,D
273489,44.1427,D
273489,44.1425,D
273489,44.1423,D
273489,44.1421,D
273489,44.1420,D
273997,44.1419,D
273997,44.1418,D
273997,44.1417,D
273997,44.1416,D
273997,44.1415,D
273997,44.1413,D
273997,44.1413,D
273997,44.1413,D
273997,44.1413,D
273997,44.1412,D
273997,44.1412,D
274505,44.1412,D
274505,44.1412,D
274505,44.1411,D
274505,44.1411,D
274505,44.1411,D
274505,44.1411,D
274505,44.1411,D
274505,44.1411,D
274505,44.1411,D
274505,44.1411,D
274505,44.1411,D
274505,44.1411,D
275007,44.1411,D
275007,44.1411,D
275007,44.1411,D
275007,44.1411,D
275007,44.1411,D
275007,44.1410,D
275007,44.1410,D
275007,44.1410,D
275007,44.1410,D
275007,44.1410,D
275007,44.1410,D
275007,44.1410,D
275511,44.1410,D
275511,44.1410,D
275511,44.1410,D
275511,44.1410,D
275511,44.1410,D
275511,44.1410,D
275511,44.1410,D
275511,44.1410,D
275511,44.1410,D
275511,44.1410,D
275511,44.1410,D
276025,44.1410,D
276025,44.1410,D
276025,44.1410,D
276025,44.1410,D
276025,44.1410,D
276025,44.1410,D
276025,44.1433,D
276025,44.1824,D
276025,44.1833,D
276025,44.1834,D
276025,44.1832,D
276025,44.1830,D
276537,44.1827,D
276537,44.1824,D
276537,44.1820,D
276537,44.1818,D
276537,44.1815,D
276537,44.1813,D
276537,44.1811,D
276537,44.1809,D
276537,44.1807,D
276537,44.1806,D
276537,44.1805,D
276537,44.1804,D
277045,44.1804,D
277045,44.1802,D
277045,44.1800,D
277045,44.1800,D
277045,44.1799,D
277045,44.1799,D
277045,44.1798,D
277045,44.1798,D
277045,44.1798,D
277045,44.1798,D
277045,44.1798,D
277554,44.1798,D
277555,44.1798,D
277555,44.1798,D
277555,44.1798,D
277555,44.1798,D
277555,44.1798,D
277555,44.1798,D
277555,44.1798,D
277555,44.1798,D
277555,44.1798,D
277555,44.1798,D
277555,44.1797,D
278064,44.1797,D
278064,44.1797,D
278064,44.1797,D
278064,44.1797,D
278064,44.1797,D
278064,44.1797,D
278064,44.1797,D
278064,44.1797,D
278064,44.1797,D
278064,44.1797,D
278064,44.1797,D
278567,44.1797,D
278567,44.1797,D
278567,44.1797,D
278567,44.1797,D
278567,44.1797,D
278567,44.1797,D
278567,44.1797,D
278567,44.1797,D
278567,44.1796,D
278567,44.1796,D
278567,44.1796,D
278567,44.1796,D
279074,44.1796,D
279074,44.1796,D
279074,44.1796,D
279074,44.1867,D
279074,44.2211,D
279074,44.2219,D
279074,44.2220,D
279074,44.2218,D
279074,44.2215,D
279074,44.2212,D
279074,44.2208,D
279074,44.2205,D
279578,44.2202,D
279578,44.2199,D
279578,44.2197,D
279578,44.2195,D
279578,44.2194,D
279578,44.2192,D
279578,44.2191,D
279578,44.2190,D
279578,44.2189,D
279578,44.2189,D
279578,44.2187,D
280092,44.2186,D
280092,44.2186,D
280092,44.2185,D
280092,44.2185,D
280092,44.2185,D
280093,44.2185,D
280093,44.2185,D
280093,44.2185,D
280093,44.2185,D
280093,44.2184,D
280093,44.2184,D
280093,44.2184,D
280594,44.2184,D
280595,44.2184,D
280595,44.2184,D
280595,44.2184,D
280595,44.2184,D
280595,44.2183,D
280595,44.2183,D
280595,44.2183,D
280595,44.2183,D
280595,44.2183,D
280595,44.2183,D
281095,44.2183,D
281095,44.2183,D
281095,44.2183,D
281095,44.2183,D
281095,44.2183,D
281095,44.2183,D
281095,44.2183,D
281095,44.2183,D
281095,44.2183,D
281095,44.2183,D
281095,44.2183,D
281095,44.2183,D
281611,44.2183,D
281611,44.2183,D
281611,44.2183,D
281611,44.2182,D
281611,44.2182,D
281611,44.2182,D
281611,44.2182,D
281611,44.2182,D
281611,44.2182,D
281611,44.2182,D
281611,44.2182,D
281611,44.2182,D
282124,44.2330,D
282124,44.2599,D
282124,44.2605,D
282124,44.2605,D
282124,44.2602,D
282124,44.2600,D
282124,44.2597,D
282124,44.2594,D
282124,44.2591,D
282124,44.2589,D
282124,44.2586,D
282624,44.2584,D
282624,44.2582,D
282624,44.2581,D
282624,44.2579,D
282624,44.2578,D
282624,44.2577,D
282624,44.2576,D
282624,44.2576,D
282624,44.2573,D
282624,44.2573,D
282624,44.2573,D
282624,44.2572,D
283139,44.2572,D
283139,44.2572,D
283139,44.2572,D
283139,44.2572,D
283139,44.2571,D
283139,44.2571,D
283139,44.2571,D
283139,44.2571,D
283139,44.2571,D
283139,44.2571,D
283139,44.2571,D
283139,44.2571,D
283640,44.2571,D
283640,44.2570,D
283640,44.2570,D
283640,44.2570,D
283640,44.2570,D
283640,44.2570,D
283640,44.2570,D
283640,44.2570,D
283640,44.2570,D
283640,44.2570,D
283640,44.2570,D
284154,44.2570,D
284154,44.2570,D
284154,44.2570,D
284154,44.2570,D
284154,44.2570,D
284154,44.2570,D
284154,44.2570,D
284154,44.2570,D
284154,44.2569,D
284154,44.2569,D
284154,44.2569,D
284154,44.2569,D
284663,44.2569,D
284663,44.2569,D
284663,44.2569,D
284663,44.2569,D
284663,44.2569,D
284663,44.2569,D
284663,44.2569,D
284663,44.2569,D
284663,44.2569,D
284663,44.2664,D
284663,44.2985,D
284663,44.2992,D
285166,44.2993,D
285166,44.2991,D
285166,44.2989,D
285166,44.2986,D
285166,44.2982,D
285166,44.2979,D
285166,44.2976,D
285166,44.2974,D
285166,44.2972,D
285166,44.2970,D
285166,44.2968,D
285672,44.2967,D
285672,44.2966,D
285672,44.2965,D
285672,44.2964,D
285672,44.2963,D
285672,44.2962,D
285672,44.2961,D
285672,44.2960,D
285672,44.2960,D
285672,44.2960,D
285672,44.2960,D
286175,44.2960,D
286175,44.2960,D
286175,44.2960,D
286175,44.2959,D
286175,44.2959,D
286175,44.2959,D
286175,44.2959,D
286175,44.2959,D
286175,44.2959,D
286175,44.2959,D
286175,44.2959,D
286175,44.2959,D
286682,44.2959,D
286682,44.2959,D
286682,44.2959,D
286682,44.2959,D
286682,44.2959,D
286682,44.2959,D
286682,44.2959,D
286682,44.2959,D
286682,44.2959,D
286682,44.2959,D
286682,44.2959,D
286682,44.2959,D
287192,44.2959,D
287192,44.2959,D
287192,44.2959,D
287192,44.2959,D
287192,44.2959,D
287192,44.2959,D
287192,44.2959,D
287192,44.2960,D
287192,44.2960,D
287192,44.2960,D
287192,44.2960,D
287700,44.2960,D
287700,44.2960,D
287700,44.2960,D
287700,44.2960,D
287700,44.2960,D
287700,44.2960,D
287700,44.2960,D
287700,44.3032,D
287700,44.3382,D
287700,44.3390,D
287700,44.3390,D
287700,44.3388,D
288204,44.3387,D
288204,44.3384,D
288204,44.3380,D
288204,44.3377,D
288204,44.3374,D
288204,44.3372,D
288204,44.3369,D
288204,44.3367,D
288204,44.3365,D
288204,44.3364,D
288204,44.3363,D
288204,44.3362,D
288706,44.3361,D
288706,44.3360,D
288706,44.3358,D
288706,44.3356,D
288706,44.3355,D
288706,44.3354,D
288706,44.3354,D
288706,44.3354,D
288706,44.3354,D
288706,44.3354,D
288706,44.3354,D
289219,44.3354,D
289219,44.3354,D
289219,44.3353,D
289219,44.3353,D
289219,44.3353,D
289219,44.3353,D
289219,44.3353,D
289219,44.3353,D
289219,44.3353,D
289219,44.3353,D
289219,44.3353,D
289219,44.3353,D
289720,44.3353,D
289720,44.3353,D
289720,44.3353,D
289720,44.3353,D
289720,44.3353,D
289720,44.3353,D
289720,44.3353,D
289720,44.3353,D
289720,44.3353,D
289720,44.3353,D
289720,44.3353,D
290235,44.3353,D
290235,44.3353,D
290235,44.3353,D
290235,44.3353,D
290235,44.3353,D
290235,44.3353,D
290235,44.3353,D
290235,44.3353,D
290235,44.3353,D
290235,44.3353,D
290235,44.3353,D
290235,44.3353,D
290740,44.3353,D
290740,44.3353,D
290740,44.3353,D
290740,44.3353,D
290740,44.3424,D
290740,44.3768,D
290740,44.3776,D
290740,44.3776,D
290740,44.3774,D
290740,44.3772,D
290740,44.3770,D
290740,44.3766,D
291249,44.3763,D
291249,44.3761,D
291249,44.3758,D
291249,44.3756,D
291249,44.3754,D
291249,44.3753,D
291249,44.3751,D
291249,44.3750,D
291249,44.3749,D
291249,44.3748,D
291249,44.3748,D
291757,44.3746,D
291757,44.3745,D
291757,44.3745,D
291757,44.3745,D
291757,44.3745,D
291757,44.3745,D
291757,44.3745,D
291757,44.3745,D
291757,44.3745,D
291757,44.3745,D
291757,44.3745,D
291757,44.3745,D
292266,44.3745,D
292266,44.3745,D
292266,44.3744,D
292266,44.3744,D
292266,44.3744,D
292266,44.3744,D
292266,44.3744,D
292266,44.3744,D
292266,44.3744,D
292266,44.3744,D
292266,44.3744,D
292266,44.3744,D
292771,44.3743,D
292771,44.3743,D
292771,44.3743,D
292771,44.3742,D
292771,44.3742,D
292771,44.3742,D
292771,44.3742,D
292771,44.3742,D
292771,44.3742,D
292771,44.3742,D
292771,44.3742,D
293275,44.3742,D
293275,44.3742,D
293275,44.3742,D
293275,44.3741,D
293275,44.3741,D
293275,44.3741,D
293275,44.3741,D
293275,44.3741,D
293275,44.3741,D
293275,44.3741,D
293275,44.3741,D
293777,44.3741,D
293777,44.3741,D
293777,44.3811,D
293777,44.4152,D
293777,44.4160,D
293777,44.4160,D
293777,44.4158,D
293777,44.4156,D
293777,44.4153,D
293777,44.4150,D
293777,44.4146,D
293777,44.4143,D
294279,44.4141,D
294279,44.4138,D
294279,44.4136,D
294280,44.4134,D
294280,44.4133,D
294280,44.4132,D
294280,44.4131,D
294280,44.4130,D
294280,44.4129,D
294280,44.4127,D
294280,44.4125,D
294280,44.4125,D
294792,44.4125,D
294792,44.4124,D
294792,44.4123,D
294792,44.4123,D
294792,44.4123,D
294793,44.4123,D
294793,44.4123,D
294793,44.4122,D
294793,44.4122,D
294793,44.4122,D
294793,44.4122,D
295303,44.4122,D
295303,44.4122,D
295303,44.4122,D
295303,44.4122,D
295303,44.4122,D
295303,44.4122,D
295303,44.4122,D
295303,44.4122,D
295303,44.4122,D
295303,44.4122,D
295303,44.4122,D
295303,44.4122,D
295812,44.4122,D
295812,44.4122,D
295812,44.4122,D
295812,44.4122,D
295812,44.4122,D
295812,44.4122,D
295812,44.4122,D
295812,44.4121,D
295812,44.4121,D
295812,44.4121,D
295812,44.4121,D
295812,44.4121,D
296321,44.4121,D
296321,44.4121,D
296321,44.4121,D
296321,44.4121,D
296321,44.4121,D
296321,44.4121,D
296321,44.4121,D
296321,44.4121,D
296321,44.4121,D
296321,44.4121,D
296321,44.4121,D
296824,44.4509,D
296824,44.4543,D
296824,44.4546,D
296824,44.4545,D
296824,44.4543,D
296824,44.4540,D
296824,44.4537,D
296824,44.4534,D
296825,44.4531,D
296825,44.4528,D
296825,44.4526,D
296825,44.4524,D
297331,44.4522,D
297331,44.4521,D
297331,44.4520,D
297331,44.4519,D
297331,44.4518,D
297331,44.4517,D
297331,44.4516,D
297331,44.4514,D
297331,44.4514,D
297331,44.4514,D
297331,44.4514,D
297331,44.4514,D
297835,44.4514,D
297835,44.4513,D
297835,44.4513,D
297835,44.4513,D
297835,44.4513,D
297835,44.4513,D
297835,44.4513,D
297835,44.4513,D
297835,44.4513,D
297835,44.4513,D
297835,44.4513,D
298348,44.4513,D
298348,44.4513,D
298348,44.4513,D
298348,44.4513,D
298348,44.4513,D
298348,44.4513,D
298348,44.4513,D
298348,44.4513,D
298348,44.4513,D
298348,44.4513,D
298348,44.4513,D
298348,44.4513,D
298855,44.4513,D
298855,44.4513,D
298855,44.4513,D
298855,44.4513,D
298855,44.4513,D
298855,44.4513,D
298855,44.4513,D
298855,44.4513,D
298855,44.4513,D
298855,44.4513,D
298855,44.4513,D
299360,44.4513,D
299360,44.4513,D
299360,44.4513,D
299360,44.4513,D
299360,44.4512,D
299360,44.4512,D
299360,44.4512,D
299360,44.4512,D
299360,44.4512,D
299360,44.4821,D
299360,44.4930,D
299360,44.4936,D
299870,44.4936,D
299870,44.4934,D
299870,44.4932,D
299870,44.4928,D
299870,44.4925,D
299870,44.4922,D
299870,44.4920,D
299870,44.4917,D
299870,44.4915,D
299870,44.4913,D
299870,44.4912,D
299871,44.4911,D
300379,44.4910,D
300379,44.4909,D
300379,44.4908,D
300379,44.4907,D
300379,44.4905,D
300379,44.4905,D
300379,44.4904,D
300379,44.4904,D
300379,44.4904,D
300379,44.4904,D
300379,44.4903,D
300379,44.4903,D
300893,44.4903,D
300893,44.4903,D
300893,44.4903,D
300893,44.4903,D
300893,44.4903,D
300893,44.4903,D
300893,44.4903,D
300893,44.4903,D
300893,44.4903,D
300893,44.4903,D
300893,44.4903,D
301397,44.4903,D
301397,44.4903,D
301397,44.4903,D
301397,44.4903,D
301397,44.4903,D
301397,44.4903,D
301397,44.4903,D
301398,44.4903,D
301398,44.4903,D
301398,44.4903,D
301398,44.4903,D
301901,44.4903,D
301901,44.4903,D
301901,44.4902,D
301901,44.4902,D
301901,44.4902,D
301901,44.4902,D
301901,44.4902,D
301901,44.4902,D
301901,44.4902,D
301901,44.4902,D
301901,44.4902,D
301901,44.4902,D
302410,44.4902,D
302410,44.4902,D
302410,44.4902,D
302410,44.4902,D
302410,44.4902,D
302410,44.4902,D
302410,44.5157,D
302410,44.5320,D
302410,44.5327,D
302410,44.5327,D
302410,44.5325,D
302410,44.5322,D
302918,44.5318,D
302918,44.5315,D
302918,44.5312,D
302918,44.5309,D
302918,44.5306,D
302918,44.5304,D
302918,44.5302,D
302918,44.5300,D
302918,44.5299,D
302918,44.5298,D
302918,44.5297,D
303427,44.5297,D
303427,44.5296,D
303427,44.5294,D
303427,44.5294,D
303427,44.5294,D
303427,44.5294,D
303427,44.5293,D
303427,44.5293,D
303427,44.5293,D
303427,44.5293,D
303427,44.5293,D
303427,44.5293,D
303933,44.5293,D
303933,44.5293,D
303933,44.5292,D
303933,44.5292,D
303933,44.5292,D
303933,44.5292,D
303933,44.5292,D
303933,44.5292,D
303933,44.5292,D
303933,44.5292,D
303933,44.5292,D
303933,44.5292,D
304439,44.5292,D
304439,44.5292,D
304439,44.5292,D
304439,44.5292,D
304439,44.5292,D
304439,44.5292,D
304439,44.5292,D
304439,44.5292,D
304439,44.5292,D
304439,44.5292,D
304439,44.5291,D
304942,44.5291,D
304942,44.5291,D
304942,44.5291,D
304942,44.5291,D
304942,44.5291,D
304942,44.5291,D
304942,44.5291,D
304942,44.5291,D
304942,44.5291,D
304942,44.5291,D
304942,44.5291,D
304942,44.5291,D
305458,44.5291,D
305458,44.5291,D
305458,44.5291,D
305458,44.5520,D
305458,44.5709,D
305458,44.5714,D
305458,44.5714,D
305458,44.5713,D
305458,44.5711,D
305458,44.5708,D
305458,44.5705,D
305458,44.5702,D
305960,44.5699,D
305960,44.5697,D
305960,44.5695,D
305960,44.5693,D
305960,44.5692,D
305960,44.5690,D
305960,44.5689,D
305960,44.5688,D
305960,44.5688,D
305960,44.5687,D
305960,44.5685,D
306474,44.5684,D
306474,44.5684,D
306474,44.5684,D
306474,44.5683,D
306474,44.5683,D
306474,44.5683,D
306474,44.5683,D
306474,44.5683,D
306474,44.5683,D
306474,44.5683,D
306474,44.5683,D
306474,44.5682,D
306982,44.5682,D
306982,44.5682,D
306982,44.5682,D
306982,44.5682,D
306982,44.5682,D
306982,44.5682,D
306982,44.5681,D
306982,44.5681,D
306982,44.5681,D
306982,44.5681,D
306982,44.5681,D
306982,44.5681,D
307489,44.5681,D
307489,44.5681,D
307489,44.5681,D
307489,44.5681,D
307489,44.5681,D
307489,44.5681,D
307489,44.5681,D
307489,44.5681,D
307489,44.5681,D
307489,44.5681,D
307489,44.5681,D
307997,44.5681,D
307997,44.5681,D
307997,44.5680,D
307997,44.5680,D
307997,44.5680,D
307997,44.5680,D
307997,44.5680,D
307997,44.5680,D
307997,44.5680,D
307997,44.5680,D
307997,44.5680,D
307997,44.5680,D
308504,44.5751,D
308504,44.6095,D
308504,44.6103,D
308504,44.6104,D
308504,44.6102,D
308504,44.6100,D
308504,44.6096,D
308504,44.6093,D
308504,44.6089,D
308504,44.6087,D
308504,44.6084,D
309019,44.6082,D
309019,44.6080,D
309019,44.6078,D
309019,44.6077,D
309019,44.6076,D
309019,44.6075,D
309019,44.6074,D
309019,44.6073,D
309019,44.6071,D
309019,44.6070,D
309019,44.6070,D
309019,44.6070,D
309532,44.6070,D
309532,44.6069,D
309532,44.6069,D
309532,44.6069,D
309532,44.6069,D
309532,44.6069,D
309532,44.6069,D
309532,44.6069,D
309532,44.6069,D
309532,44.6069,D
309532,44.6068,D
309532,44.6068,D
310033,44.6068,D
310033,44.6068,D
310033,44.6068,D
310033,44.6068,D
310033,44.6068,D
310033,44.6067,D
310033,44.6067,D
310033,44.6067,D
310033,44.6067,D
310033,44.6067,D
310033,44.6067,D
310537,44.6067,D
310537,44.6067,D
310537,44.6066,D
310537,44.6066,D
310537,44.6066,D
310537,44.6066,D
310537,44.6066,D
310537,44.6066,D
310537,44.6066,D
310537,44.6066,D
310537,44.6066,D
310537,44.6066,D
311045,44.6065,D
311045,44.6065,D
311045,44.6065,D
311045,44.6065,D
311045,44.6065,D
311045,44.6065,D
311045,44.6065,D
311045,44.6065,D
311045,44.6065,D
311045,44.6065,D
311045,44.6429,D
311045,44.6486,D
311554,44.6490,D
311554,44.6489,D
311554,44.6487,D
311554,44.6484,D
311554,44.6480,D
311554,44.6477,D
311554,44.6474,D
311554,44.6472,D
311554,44.6470,D
311554,44.6468,D
311554,44.6466,D
312068,44.6465,D
312068,44.6464,D
312068,44.6463,D
312068,44.6462,D
312068,44.6461,D
312068,44.6460,D
312068,44.6459,D
312068,44.6459,D
312068,44.6458,D
312068,44.6458,D
312068,44.6458,D
312068,44.6458,D
312570,44.6458,D
312570,44.6458,D
312570,44.6458,D
312570,44.6458,D
312570,44.6458,D
312570,44.6458,D
312570,44.6458,D
312570,44.6458,D
312570,44.6458,D
312570,44.6458,D
312570,44.6457,D
313085,44.6457,D
313085,44.6457,D
313085,44.6457,D
313085,44.6457,D
313085,44.6457,D
313085,44.6457,D
313085,44.6457,D
313085,44.6457,D
313085,44.6457,D
313085,44.6457,D
313085,44.6457,D
313085,44.6457,D
313599,44.6457,D
313599,44.6457,D
313599,44.6458,D
313599,44.6458,D
313599,44.6458,D
313599,44.6458,D
313599,44.6458,D
313599,44.6458,D
313599,44.6459,D
313599,44.6459,D
313599,44.6459,D
313599,44.6459,D
314115,44.6459,D
314115,44.6459,D
314115,44.6460,D
314115,44.6460,D
314115,44.6460,D
314115,44.6460,D
314115,44.6460,D
314115,44.6744,D
314115,44.6882,D
314115,44.6889,D
314115,44.6889,D
314115,44.6887,D
314629,44.6884,D
314629,44.6881,D
314629,44.6877,D
314629,44.6874,D
314629,44.6871,D
314629,44.6868,D
314629,44.6866,D
314629,44.6864,D
314629,44.6863,D
314629,44.6861,D
314629,44.6860,D
314629,44.6859,D
315134,44.6858,D
315134,44.6858,D
315134,44.6855,D
315134,44.6854,D
315134,44.6853,D
315134,44.6853,D
315134,44.6852,D
315134,44.6852,D
315134,44.6852,D
315134,44.6852,D
315134,44.6852,D
315636,44.6852,D
315636,44.6851,D
315636,44.6851,D
315636,44.6851,D
315636,44.6851,D
315636,44.6851,D
315636,44.6851,D
315636,44.6850,D
315636,44.6850,D
315636,44.6850,D
315636,44.6850,D
315636,44.6850,D
316139,44.6850,D
316139,44.6850,D
316139,44.6849,D
316139,44.6849,D
316139,44.6849,D
316139,44.6849,D
316139,44.6849,D
316139,44.6849,D
316139,44.6849,D
316139,44.6848,D
316139,44.6848,D
316654,44.6848,D
316654,44.6848,D
316654,44.6848,D
316654,44.6848,D
316654,44.6848,D
316654,44.6848,D
316654,44.6847,D
316654,44.6847,D
316654,44.6847,D
316654,44.6847,D
316654,44.6847,D
316654,44.6847,D
317158,44.6847,D
317158,44.6847,D
317158,44.6847,D
317158,44.6847,D
317158,44.7021,D
317158,44.7263,D
317158,44.7269,D
317158,44.7269,D
317158,44.7267,D
317158,44.7265,D
317158,44.7262,D
317663,44.7258,D
317663,44.7255,D
317663,44.7253,D
317663,44.7250,D
317663,44.7248,D
317663,44.7247,D
317663,44.7245,D
317663,44.7244,D
317663,44.7243,D
317663,44.7242,D
317663,44.7241,D
317663,44.7241,D
318163,44.7238,D
318163,44.7238,D
318163,44.7238,D
318163,44.7237,D
318163,44.7237,D
318163,44.7237,D
318163,44.7237,D
318163,44.7237,D
318163,44.7237,D
318163,44.7236,D
318163,44.7236,D
318664,44.7236,D
318664,44.7235,D
318664,44.7235,D
318664,44.7235,D
318664,44.7235,D
318664,44.7235,D
318664,44.7235,D
318664,44.7235,D
318664,44.7235,D
318664,44.7235,D
318664,44.7235,D
318664,44.7235,D
319178,44.7235,D
319178,44.7235,D
319178,44.7235,D
319178,44.7235,D
319178,44.7235,D
319178,44.7235,D
319178,44.7235,D
319178,44.7234,D
319178,44.7234,D
319178,44.7234,D
319178,44.7234,D
319178,44.7234,D
319681,44.7234,D
319681,44.7234,D
319681,44.7234,D
319681,44.7234,D
319681,44.7234,D
319681,44.7234,D
319681,44.7234,D
319681,44.7234,D
319681,44.7234,D
319681,44.7234,D
319681,44.7234,D
320193,44.7234,D
320193,44.7234,D
320193,44.7234,D
320193,44.7595,D
320193,44.7653,D
320193,44.7658,D
320193,44.7657,D
320193,44.7655,D
320193,44.7653,D
320193,44.7649,D
320193,44.7646,D
320193,44.7642,D
320693,44.7640,D
320693,44.7637,D
320693,44.7635,D
320693,44.7633,D
320693,44.7632,D
320694,44.7630,D
320694,44.7629,D
320694,44.7629,D
320694,44.7628,D
320694,44.7627,D
320694,44.7625,D
321202,44.7625,D
321202,44.7624,D
321202,44.7624,D
321202,44.7624,D
321202,44.7624,D
321202,44.7624,D
321202,44.7623,D
321202,44.7623,D
321202,44.7623,D
321202,44.7623,D
321202,44.7622,D
321202,44.7622,D
321712,44.7622,D
321712,44.7622,D
321712,44.7622,D
321712,44.7622,D
321712,44.7622,D
321712,44.7622,D
321712,44.7622,D
321712,44.7622,D
321712,44.7622,D
321712,44.7622,D
321712,44.7622,D
321712,44.7622,D
322220,44.7621,D
322220,44.7621,D
322220,44.7621,D
322220,44.7621,D
322220,44.7621,D
322220,44.7621,D
322220,44.7621,D
322220,44.7621,D
322220,44.7621,D
322220,44.7621,D
322220,44.7621,D
322735,44.7621,D
322735,44.7621,D
322736,44.7621,D
322736,44.7621,D
322736,44.7620,D
322736,44.7620,D
322736,44.7620,D
322736,44.7620,D
322736,44.7620,D
322736,44.7620,D
322736,44.7620,D
322736,44.7620,D
323248,44.7819,D
323248,44.8034,D
323248,44.8041,D
323248,44.8041,D
323248,44.8039,D
323248,44.8036,D
323248,44.8033,D
323248,44.8029,D
323248,44.8026,D
323248,44.8024,D
323248,44.8021,D
323248,44.8019,D
323758,44.8017,D
323758,44.8016,D
323758,44.8014,D
323758,44.8013,D
323758,44.8013,D
323758,44.8012,D
323758,44.8011,D
323758,44.8009,D
323758,44.8008,D
323758,44.8008,D
323758,44.8008,D
323758,44.8008,D
324259,44.8007,D
324259,44.8007,D
324259,44.8007,D
324259,44.8007,D
324259,44.8006,D
324259,44.8006,D
324259,44.8006,D
324259,44.8006,D
324259,44.8006,D
324259,44.8006,D
324259,44.8006,D
324762,44.8006,D
324762,44.8006,D
324762,44.8006,D
324762,44.8006,D
324762,44.8005,D
324762,44.8005,D
324762,44.8005,D
324762,44.8005,D
324762,44.8005,D
324762,44.8005,D
324762,44.8005,D
324762,44.8005,D
325269,44.8005,D
325269,44.8005,D
325269,44.8005,D
325269,44.8005,D
325269,44.8005,D
325269,44.8005,D
325269,44.8005,D
325269,44.8005,D
325269,44.8005,D
325269,44.8005,D
325269,44.8005,D
325773,44.8005,D
325773,44.8005,D
325773,44.8005,D
325773,44.8005,D
325773,44.8005,D
325773,44.8005,D
325773,44.8005,D
325773,44.8005,D
325773,44.8005,D
325773,44.8077,D
325773,44.8424,D
326283,44.8432,D
326283,44.8433,D
326283,44.8431,D
326283,44.8429,D
326283,44.8426,D
326283,44.8422,D
326283,44.8419,D
326283,44.8416,D
326283,44.8413,D
326283,44.8411,D
326283,44.8409,D
326283,44.8407,D
326791,44.8406,D
326791,44.8405,D
326791,44.8404,D
326791,44.8403,D
326791,44.8402,D
326791,44.8400,D
326791,44.8399,D
326791,44.8399,D
326791,44.8399,D
326791,44.8398,D
326791,44.8398,D
326791,44.8398,D
327299,44.8397,D
327299,44.8397,D
327299,44.8396,D
327299,44.8396,D
327299,44.8396,D
327299,44.8396,D
327299,44.8396,D
327299,44.8396,D
327299,44.8396,D
327299,44.8396,D
327299,44.8396,D
327805,44.8396,D
327805,44.8396,D
327805,44.8396,D
327805,44.8396,D
327805,44.8396,D
327805,44.8396,D
327805,44.8396,D
327805,44.8396,D
327805,44.8396,D
327805,44.8396,D
327805,44.8396,D
327805,44.8396,D
328315,44.8396,D
328315,44.8396,D
328315,44.8396,D
328315,44.8396,D
328315,44.8396,D
328315,44.8396,D
328315,44.8396,D
328315,44.8396,D
328315,44.8396,D
328315,44.8396,D
328315,44.8396,D
328315,44.8396,D
328829,44.8395,D
328829,44.8395,D
328829,44.8395,D
328829,44.8395,D
328829,44.8395,D
328829,44.8395,D
328829,44.8395,D
328829,44.8727,D
328829,44.8808,D
328829,44.8815,D
328829,44.8815,D
328829,44.8814,D
329343,44.8812,D
329343,44.8809,D
329343,44.8806,D
329343,44.8803,D
329343,44.8800,D
329343,44.8798,D
329343,44.8796,D
329343,44.8794,D
329343,44.8793,D
329343,44.8791,D
329343,44.8790,D
329849,44.8789,D
329849,44.8788,D
329849,44.8788,D
329849,44.8786,D
329849,44.8785,D
329849,44.8784,D
329849,44.8784,D
329849,44.8784,D
329849,44.8784,D
329849,44.8784,D
329849,44.8784,D
329849,44.8784,D
330351,44.8784,D
330351,44.8784,D
330351,44.8784,D
330351,44.8784,D
330351,44.8784,D
330351,44.8784,D
330351,44.8784,D
330351,44.8783,D
330351,44.8783,D
330351,44.8782,D
330351,44.8782,D
330853,44.8782,D
330853,44.8782,D
330853,44.8782,D
330853,44.8781,D
330853,44.8781,D
330853,44.8781,D
330853,44.8781,D
330853,44.8781,D
330853,44.8781,D
330853,44.8781,D
330853,44.8781,D
330853,44.8781,D
331366,44.8781,D
331367,44.8781,D
331367,44.8781,D
331367,44.8781,D
331367,44.8781,D
331367,44.8781,D
331367,44.8781,D
331367,44.8781,D
331367,44.8781,D
331367,44.8781,D
331367,44.8781,D
331367,44.8781,D
331877,44.8781,D
331877,44.8781,D
331877,44.8782,D
331877,44.8782,D
331877,44.8853,D
331877,44.9201,D
331877,44.9209,D
331877,44.9209,D
331877,44.9207,D
331877,44.9205,D
331877,44.9202,D
332378,44.9198,D
332378,44.9196,D
332378,44.9193,D
332378,44.9191,D
332378,44.9189,D
332378,44.9187,D
332378,44.9185,D
332378,44.9184,D
332378,44.9183,D
332378,44.9182,D
332378,44.9181,D
332378,44.9180,D
332893,44.9178,D
332893,44.9177,D
332893,44.9177,D
332893,44.9177,D
332893,44.9177,D
332893,44.9176,D
332893,44.9176,D
332893,44.9176,D
332893,44.9176,D
332893,44.9176,D
332893,44.9175,D
332893,44.9175,D
333408,44.9175,D
333408,44.9175,D
333408,44.9175,D
333408,44.9174,D
333408,44.9174,D
333408,44.9174,D
333408,44.9174,D
333408,44.9174,D
333408,44.9174,D
333408,44.9174,D
333408,44.9173,D
333923,44.9173,D
333923,44.9173,D
333923,44.9173,D
333923,44.9173,D
333923,44.9173,D
333923,44.9173,D
333923,44.9173,D
333923,44.9173,D
333923,44.9173,D
333923,44.9173,D
333923,44.9173,D
333923,44.9173,D
333923,44.9173,D
334426,44.9173,D
334426,44.9173,D
334426,44.9173,D
334426,44.9173,D
334426,44.9173,D
334426,44.9173,D
334426,44.9173,D
334426,44.9173,D
334426,44.9173,D
334426,44.9173,D
334426,44.9173,D
334930,44.9173,D
334930,44.9173,D
334930,44.9454,D
334930,44.9591,D
334930,44.9597,D
334930,44.9597,D
334930,44.9595,D
334930,44.9593,D
334930,44.9589,D
334930,44.9586,D
334930,44.9583,D
335438,44.9580,D
335438,44.9578,D
335438,44.9576,D
335438,44.9574,D
335438,44.9572,D
335438,44.9571,D
335438,44.9570,D
335438,44.9569,D
335438,44.9568,D
335438,44.9568,D
335438,44.9566,D
335438,44.9565,D
335946,44.9565,D
335946,44.9565,D
335946,44.9565,D
335946,44.9565,D
335946,44.9565,D
335946,44.9564,D
335946,44.9564,D
335946,44.9564,D
335946,44.9564,D
335946,44.9564,D
335946,44.9564,D
335946,44.9564,D
336452,44.9564,D
336452,44.9564,D
336452,44.9564,D
336452,44.9564,D
336452,44.9564,D
336452,44.9564,D
336452,44.9564,D
336452,44.9564,D
336452,44.9563,D
336452,44.9563,D
336452,44.9563,D
336955,44.9563,D
336955,44.9563,D
336955,44.9563,D
336955,44.9563,D
336955,44.9563,D
336955,44.9563,D
336955,44.9563,D
336955,44.9563,D
336955,44.9563,D
336955,44.9563,D
336955,44.9563,D
336955,44.9563,D
337470,44.9563,D
337470,44.9563,D
337470,44.9563,D
337470,44.9563,D
337470,44.9563,D
337470,44.9563,D
337470,44.9563,D
337470,44.9563,D
337470,44.9563,D
337470,44.9563,D
337470,44.9563,D
337971,44.9685,D
337971,44.9979,D
337971,44.9987,D
337971,44.9987,D
337971,44.9986,D
337971,44.9984,D
337971,44.9980,D
337971,44.9977,D
337971,44.9974,D
337971,44.9971,D
337971,44.9968,D
337972,44.9966,D
338486,44.9964,D
338486,44.9962,D
338486,44.9961,D
338486,44.9960,D
338486,44.9959,D
338486,44.9958,D
338486,44.9957,D
338486,44.9956,D
338486,44.9955,D
338486,44.9954,D
338486,44.9954,D
338486,44.9954,D
338989,44.9954,D
338989,44.9954,D
338989,44.9954,D
338989,44.9954,D
338989,44.9954,D
338989,44.9954,D
338989,44.9953,D
338989,44.9953,D
338989,44.9953,D
338989,44.9953,D
338989,44.9953,D
339502,44.9953,D
339502,44.9953,D
339502,44.9953,D
339502,44.9952,D
339502,44.9952,D
339502,44.9952,D
339502,44.9952,D
339502,44.9952,D
339502,44.9952,D
339502,44.9952,D
339502,44.9952,D
339502,44.9952,D
340003,44.9952,D
340003,44.9952,D
340003,44.9952,D
340003,44.9952,D
340003,44.9951,D
340003,44.9951,D
340003,44.9951,D
340003,44.9951,D
340003,44.9951,D
340003,44.9951,D
340003,44.9951,D
340503,44.9951,D
340503,44.9951,D
340503,44.9951,D
340503,44.9951,D
340503,44.9951,D
340503,44.9951,D
340503,44.9951,D
340503,44.9951,D
340503,44.9951,D
340503,44.9951,D
340503,45.0259,D
340503,45.0370,D
341007,45.0377,D
341007,45.0377,D
341007,45.0375,D
341007,45.0372,D
341007,45.0368,D
341007,45.0365,D
341007,45.0362,D
341007,45.0359,D
341007,45.0356,D
341007,45.0354,D
341007,45.0353,D
341511,45.0351,D
341511,45.0350,D
341511,45.0349,D
341511,45.0348,D
341511,45.0347,D
341511,45.0347,D
341511,45.0344,D
341511,45.0344,D
341511,45.0344,D
341511,45.0343,D
341511,45.0343,D
341511,45.0343,D
342015,45.0343,D
342015,45.0343,D
342015,45.0343,D
342015,45.0343,D
342015,45.0343,D
342015,45.0343,D
342015,45.0343,D
342015,45.0343,D
342015,45.0343,D
342015,45.0342,D
342015,45.0342,D
342521,45.0342,D
342521,45.0342,D
342521,45.0342,D
342521,45.0342,D
342521,45.0342,D
342521,45.0342,D
342521,45.0342,D
342521,45.0341,D
342521,45.0341,D
342521,45.0341,D
342521,45.0341,D
342521,45.0341,D
343022,45.0341,D
343022,45.0341,D
343022,45.0341,D
343022,45.0341,D
343022,45.0341,D
343022,45.0341,D
343022,45.0341,D
343022,45.0341,D
343022,45.0341,D
343022,45.0341,D
343022,45.0341,D
343022,45.0341,D
343525,45.0341,D
343525,45.0341,D
343525,45.0340,D
343525,45.0340,D
343525,45.0340,D
343525,45.0340,D
343527,45.0340,D
343527,45.0340,D
343527,45.0757,D
343527,45.0766,D
343527,45.0766,D
344041,45.0764,D
344041,45.0761,D
344041,45.0758,D
344041,45.0755,D
344041,45.0752,D
344041,45.0749,D
344041,45.0746,D
344041,45.0744,D
344041,45.0742,D
344041,45.0740,D
344041,45.0739,D
344041,45.0737,D
344552,45.0736,D
344552,45.0736,D
344552,45.0735,D
344552,45.0733,D
344552,45.0732,D
344552,45.0732,D
344552,45.0732,D
344552,45.0732,D
344552,45.0732,D
344552,45.0731,D
344552,45.0731,D
344552,45.0731,D
345060,45.0731,D
345060,45.0731,D
345060,45.0731,D
345060,45.0731,D
345060,45.0731,D
345060,45.0731,D
345060,45.0731,D
345060,45.0731,D
345060,45.0731,D
345060,45.0731,D
345060,45.0731,D
345569,45.0731,D
345569,45.0731,D
345569,45.0731,D
345569,45.0731,D
345569,45.0731,D
345569,45.0731,D
345569,45.0731,D
345569,45.0731,D
345569,45.0731,D
345569,45.0731,D
345569,45.0731,D
345569,45.0730,D
346078,45.0730,D
346078,45.0730,D
346078,45.0730,D
346078,45.0730,D
346078,45.0730,D
346078,45.0730,D
346078,45.0730,D
346078,45.0730,D
346078,45.0730,D
346078,45.0730,D
346078,45.0730,D
346581,45.0730,D
346581,45.0730,D
346581,45.0729,D
346581,45.0729,D
346581,45.0730,D
346581,45.0730,D
346581,45.0904,D
346581,45.1146,D
346581,45.1153,D
346581,45.1153,D
346581,45.1151,D
346581,45.1149,D
347084,45.1146,D
347084,45.1142,D
347084,45.1139,D
347084,45.1137,D
347084,45.1134,D
347084,45.1132,D
347084,45.1130,D
347084,45.1129,D
347084,45.1127,D
347084,45.1126,D
347084,45.1125,D
347589,45.1125,D
347589,45.1124,D
347589,45.1122,D
347589,45.1121,D
347589,45.1121,D
347589,45.1121,D
347589,45.1120,D
347589,45.1120,D
347589,45.1120,D
347589,45.1120,D
347589,45.1120,D
347589,45.1120,D
348103,45.1120,D
348103,45.1119,D
348103,45.1119,D
348103,45.1119,D
348103,45.1119,D
348103,45.1119,D
348103,45.1119,D
348103,45.1119,D
348103,45.1119,D
348103,45.1119,D
348103,45.1119,D
348103,45.1119,D
348618,45.1119,D
348618,45.1119,D
348618,45.1119,D
348618,45.1119,D
348618,45.1119,D
348618,45.1119,D
348618,45.1119,D
348618,45.1119,D
348618,45.1119,D
348618,45.1118,D
348618,45.1118,D
348618,45.1118,D
349127,45.1118,D
349127,45.1118,D
349127,45.1118,D
349127,45.1118,D
349127,45.1118,D
349127,45.1118,D
349127,45.1118,D
349127,45.1118,D
349127,45.1118,D
349127,45.1118,D
349127,45.1118,D
349637,45.1118,D
349638,45.1118,D
349638,45.1118,D
349638,45.1118,D
349638,45.1533,D
349638,45.1542,D
349638,45.1543,D
349638,45.1541,D
349638,45.1539,D
349638,45.1536,D
349638,45.1532,D
349638,45.1529,D
350144,45.1526,D
350144,45.1523,D
350144,45.1521,D
350144,45.1519,D
350144,45.1518,D
350144,45.1516,D
350144,45.1515,D
350144,45.1514,D
350144,45.1513,D
350144,45.1512,D
350144,45.1510,D
350648,45.1509,D
350648,45.1509,D
350648,45.1508,D
350648,45.1507,D
350648,45.1507,D
350648,45.1506,D
350648,45.1506,D
350648,45.1506,D
350648,45.1506,D
350648,45.1506,D
350648,45.1505,D
350648,45.1505,D
351150,45.1505,D
351150,45.1505,D
351150,45.1505,D
351150,45.1505,D
351150,45.1505,D
351150,45.1505,D
351150,45.1505,D
351150,45.1505,D
351150,45.1505,D
351150,45.1505,D
351150,45.1505,D
351150,45.1505,D
351654,45.1505,D
351654,45.1505,D
351654,45.1505,D
351654,45.1505,D
351654,45.1505,D
351654,45.1505,D
351654,45.1505,D
351654,45.1505,D
351654,45.1505,D
351654,45.1505,D
351654,45.1505,D
352157,45.1505,D
352157,45.1505,D
352157,45.1505,D
352157,45.1505,D
352157,45.1505,D
352157,45.1505,D
352157,45.1505,D
352157,45.1505,D
352157,45.1505,D
352157,45.1505,D
352157,45.1505,D
352157,45.1505,D
352660,45.1505,D
352660,45.1652,D
352660,45.1920,D
352660,45.1926,D
352660,45.1927,D
352660,45.1925,D
352660,45.1923,D
352660,45.1920,D
352660,45.1916,D
352660,45.1913,D
352660,45.1910,D
353174,45.1908,D
353174,45.1906,D
353174,45.1904,D
353174,45.1902,D
353174,45.1901,D
353174,45.1900,D
353174,45.1899,D
353174,45.1898,D
353174,45.1898,D
353174,45.1896,D
353174,45.1895,D
353174,45.1895,D
353688,45.1895,D
353688,45.1894,D
353688,45.1894,D
353688,45.1894,D
353688,45.1894,D
353688,45.1894,D
353688,45.1894,D
353688,45.1894,D
353688,45.1894,D
353688,45.1894,D
353688,45.1894,D
353688,45.1894,D
354189,45.1894,D
354189,45.1894,D
354189,45.1894,D
354189,45.1894,D
354189,45.1894,D
354189,45.1894,D
354189,45.1894,D
354189,45.1894,D
354189,45.1894,D
354189,45.1894,D
354189,45.1894,D
354705,45.1894,D
354705,45.1894,D
354705,45.1894,D
354705,45.1894,D
354705,45.1894,D
354705,45.1894,D
354705,45.1894,D
354705,45.1894,D
354705,45.1894,D
354705,45.1894,D
354705,45.1894,D
354705,45.1894,D
355220,45.1894,D
355220,45.1894,D
355220,45.1894,D
355220,45.1894,D
355220,45.1894,D
355220,45.1894,D
355220,45.1894,D
355220,45.1894,D
355220,45.1894,D
355220,45.1894,D
355220,45.1894,D
355220,45.2121,D
355732,45.2310,D
355732,45.2317,D
355732,45.2317,D
355732,45.2316,D
355732,45.2313,D
355732,45.2310,D
355732,45.2306,D
355732,45.2303,D
355732,45.2300,D
355732,45.2297,D
355732,45.2295,D
355732,45.2293,D
356236,45.2291,D
356236,45.2290,D
356236,45.2289,D
356236,45.2288,D
356236,45.2287,D
356236,45.2286,D
356236,45.2284,D
356236,45.2284,D
356236,45.2283,D
356236,45.2283,D
356236,45.2283,D
356742,45.2283,D
356742,45.2283,D
356742,45.2283,D
356742,45.2283,D
356742,45.2283,D
356742,45.2283,D
356742,45.2283,D
356742,45.2283,D
356742,45.2283,D
356742,45.2283,D
356742,45.2283,D
356742,45.2283,D
357244,45.2283,D
357244,45.2283,D
357244,45.2283,D
357244,45.2283,D
357244,45.2283,D
357244,45.2283,D
357244,45.2283,D
357244,45.2283,D
357244,45.2283,D
357244,45.2283,D
357244,45.2283,D
357744,45.2283,D
357744,45.2283,D
357744,45.2283,D
357744,45.2283,D
357744,45.2283,D
357744,45.2283,D
357744,45.2283,D
357744,45.2283,D
357744,45.2282,D
357744,45.2281,D
357744,45.2281,D
358245,45.2281,D
358245,45.2281,D
358245,45.2281,D
358245,45.2281,D
358245,45.2281,D
358245,45.2281,D
358245,45.2281,D
358245,45.2281,D
358245,45.2281,D
358245,45.2282,D
358245,45.2670,D
358245,45.2704,D
358757,45.2707,D
358757,45.2706,D
358757,45.2703,D
358757,45.2700,D
358757,45.2697,D
358757,45.2694,D
358757,45.2690,D
358757,45.2688,D
358757,45.2685,D
358757,45.2683,D
358757,45.2681,D
358757,45.2680,D
359257,45.2679,D
359257,45.2678,D
359257,45.2677,D
359257,45.2676,D
359257,45.2675,D
359257,45.2673,D
359257,45.2673,D
359257,45.2672,D
359257,45.2672,D
359257,45.2672,D
359257,45.2672,D
359770,45.2672,D
359770,45.2672,D
359770,45.2671,D
359770,45.2671,D
359770,45.2671,D
359770,45.2670,D
359770,45.2670,D
359770,45.2670,D
359770,45.2670,D
359770,45.2670,D
359770,45.2670,D
359770,45.2670,D
360275,45.2670,D
360275,45.2670,D
360275,45.2670,D
360275,45.2670,D
360275,45.2670,D
360275,45.2670,D
360275,45.2669,D
360275,45.2669,D
360275,45.2669,D
360275,45.2669,D
360275,45.2669,D
360275,45.2669,D
360790,45.2669,D
360790,45.2669,D
360790,45.2669,D
360790,45.2669,D
360790,45.2669,D
360790,45.2669,D
360790,45.2669,D
360790,45.2669,D
360790,45.2669,D
360790,45.2669,D
360790,45.2669,D
361297,45.2669,D
361297,45.2669,D
361297,45.2668,D
361297,45.2668,D
361297,45.2668,D
361297,45.2668,D
361297,45.2668,D
361297,45.2869,D
361297,45.3085,D
361297,45.3092,D
361297,45.3092,D
361297,45.3090,D
361807,45.3088,D
361807,45.3085,D
361807,45.3082,D
361807,45.3079,D
361807,45.3076,D
361807,45.3074,D
361807,45.3072,D
361807,45.3070,D
361807,45.3068,D
361807,45.3067,D
361807,45.3066,D
361807,45.3065,D
362316,45.3064,D
362316,45.3063,D
362316,45.3062,D
362316,45.3061,D
362316,45.3060,D
362316,45.3060,D
362316,45.3060,D
362316,45.3060,D
362316,45.3060,D
362316,45.3059,D
362316,45.3059,D
362820,45.3059,D
362820,45.3059,D
362820,45.3059,D
362820,45.3059,D
362820,45.3059,D
362820,45.3059,D
362820,45.3059,D
362820,45.3059,D
362820,45.3059,D
362820,45.3058,D
362820,45.3058,D
362820,45.3058,D
363324,45.3058,D
363324,45.3058,D
363324,45.3058,D
363324,45.3058,D
363324,45.3058,D
363324,45.3058,D
363324,45.3058,D
363324,45.3058,D
363324,45.3058,D
363324,45.3058,D
363324,45.3058,D
363838,45.3058,D
363838,45.3058,D
363838,45.3058,D
363838,45.3058,D
363838,45.3058,D
363838,45.3058,D
363838,45.3058,D
363838,45.3058,D
363838,45.3058,D
363838,45.3058,D
363838,45.3058,D
363838,45.3058,D
364353,45.3058,D
364353,45.3058,D
364353,45.3058,D
364353,45.3058,D
364353,45.3058,D
364353,45.3340,D
364353,45.3475,D
364353,45.3482,D
364353,45.3481,D
364353,45.3479,D
364353,45.3476,D
364353,45.3473,D
364869,45.3469,D
364869,45.3466,D
364869,45.3463,D
364869,45.3460,D
364869,45.3458,D
364869,45.3456,D
364869,45.3455,D
364869,45.3454,D
364869,45.3453,D
364869,45.3452,D
364869,45.3451,D
364869,45.3450,D
365383,45.3448,D
365383,45.3447,D
365383,45.3447,D
365383,45.3447,D
365383,45.3447,D
365383,45.3447,D
365383,45.3447,D
365383,45.3447,D
365383,45.3447,D
365383,45.3447,D
365383,45.3447,D
365883,45.3447,D
365883,45.3447,D
365883,45.3447,D
365883,45.3447,D
365883,45.3446,D
365883,45.3446,D
365883,45.3446,D
365883,45.3446,D
365883,45.3446,D
365883,45.3446,D
365883,45.3446,D
366395,45.3446,D
366395,45.3446,D
366395,45.3446,D
366395,45.3446,D
366395,45.3446,D
366395,45.3446,D
366395,45.3446,D
366395,45.3446,D
366395,45.3446,D
366395,45.3446,D
366395,45.3446,D
366395,45.3446,D
366901,45.3446,D
366901,45.3446,D
366901,45.3446,D
366901,45.3446,D
366901,45.3446,D
366901,45.3446,D
366901,45.3446,D
366901,45.3446,D
366901,45.3446,D
366901,45.3446,D
366901,45.3446,D
366901,45.3446,D
367410,45.3446,D
367410,45.3446,D
367410,45.3446,D
367410,45.3809,D
367410,45.3867,D
367410,45.3871,D
367410,45.3871,D
367410,45.3869,D
367410,45.3866,D
367410,45.3863,D
367410,45.3860,D
367410,45.3857,D
367915,45.3854,D
367915,45.3852,D
367915,45.3850,D
367915,45.3848,D
367915,45.3847,D
367915,45.3846,D
367915,45.3845,D
367915,45.3844,D
367915,45.3843,D
367915,45.3842,D
367915,45.3840,D
368420,45.3839,D
368420,45.3839,D
368420,45.3839,D
368420,45.3838,D
368420,45.3838,D
368420,45.3837,D
368420,45.3837,D
368420,45.3837,D
368420,45.3837,D
368420,45.3837,D
368420,45.3837,D
368420,45.3836,D
368925,45.3836,D
368925,45.3836,D
368925,45.3836,D
368925,45.3836,D
368925,45.3836,D
368925,45.3836,D
368925,45.3836,D
368925,45.3835,D
368925,45.3835,D
368925,45.3835,D
368925,45.3835,D
369425,45.3835,D
369425,45.3835,D
369425,45.3835,D
369425,45.3835,D
369425,45.3834,D
369425,45.3834,D
369425,45.3834,D
369425,45.3834,D
369425,45.3834,D
369425,45.3834,D
369425,45.3834,D
369425,45.3834,D
369940,45.3834,D
369940,45.3834,D
369940,45.3833,D
369940,45.3833,D
369940,45.3833,D
369940,45.3833,D
369940,45.3833,D
369940,45.3833,D
369940,45.3833,D
369940,45.3833,D
369940,45.3833,D
369940,45.3833,D
370442,45.3903,D
370442,45.4247,D
370442,45.4255,D
370442,45.4255,D
370442,45.4254,D
370442,45.4252,D
370442,45.4249,D
370442,45.4246,D
370442,45.4242,D
370442,45.4240,D
370442,45.4237,D
370947,45.4235,D
370947,45.4233,D
370947,45.4232,D
370947,45.4230,D
370947,45.4229,D
370947,45.4228,D
370947,45.4227,D
370947,45.4227,D
370947,45.4225,D
370947,45.4224,D
370947,45.4223,D
370947,45.4223,D
371454,45.4222,D
371455,45.4222,D
371455,45.4221,D
371455,45.4221,D
371455,45.4221,D
371455,45.4221,D
371455,45.4221,D
371455,45.4221,D
371455,45.4221,D
371455,45.4221,D
371455,45.4221,D
371960,45.4221,D
371960,45.4221,D
371960,45.4221,D
371960,45.4220,D
371960,45.4220,D
371960,45.4220,D
371960,45.4220,D
371960,45.4220,D
371960,45.4220,D
371960,45.4220,D
371960,45.4220,D
371960,45.4220,D
372468,45.4220,D
372468,45.4220,D
372468,45.4219,D
372468,45.4219,D
372468,45.4219,D
372468,45.4219,D
372468,45.4219,D
372468,45.4219,D
372468,45.4219,D
372468,45.4219,D
372468,45.4219,D
372468,45.4219,D
372968,45.4219,D
372968,45.4219,D
372968,45.4219,D
372968,45.4219,D
372968,45.4219,D
372968,45.4219,D
372968,45.4219,D
372968,45.4219,D
372968,45.4218,D
372968,45.4219,D
372968,45.4473,D
373470,45.4637,D
373470,45.4644,D
373470,45.4644,D
373470,45.4642,D
373470,45.4639,D
373470,45.4636,D
373470,45.4633,D
373470,45.4630,D
373470,45.4627,D
373470,45.4625,D
373470,45.4622,D
373972,45.4621,D
373972,45.4619,D
373972,45.4618,D
373972,45.4617,D
373972,45.4616,D
373972,45.4615,D
373972,45.4614,D
373972,45.4612,D
373972,45.4612,D
373972,45.4612,D
373972,45.4611,D
373972,45.4611,D
374474,45.4611,D
374474,45.4611,D
374474,45.4611,D
374474,45.4611,D
374474,45.4611,D
374474,45.4610,D
374474,45.4610,D
374474,45.4610,D
374474,45.4610,D
374474,45.4610,D
374474,45.4610,D
374474,45.4610,D
374983,45.4610,D
374983,45.4610,D
374983,45.4609,D
374983,45.4609,D
374983,45.4609,D
374983,45.4609,D
374983,45.4609,D
374983,45.4609,D
374983,45.4609,D
374983,45.4609,D
374983,45.4609,D
375491,45.4609,D
375491,45.4609,D
375491,45.4609,D
375491,45.4609,D
375491,45.4609,D
375491,45.4609,D
375491,45.4609,D
375491,45.4609,D
375491,45.4608,D
375491,45.4608,D
375491,45.4608,D
375491,45.4608,D
375998,45.4608,D
375998,45.4608,D
375998,45.4608,D
375998,45.4608,D
375998,45.4608,D
375998,45.4608,D
375998,45.4608,D
375998,45.4607,D
375998,45.4607,D
375998,45.4916,D
375998,45.5025,D
376506,45.5031,D
376506,45.5031,D
376506,45.5029,D
376506,45.5026,D
376506,45.5022,D
376506,45.5019,D
376506,45.5016,D
376506,45.5013,D
376506,45.5011,D
376506,45.5009,D
376506,45.5007,D
376506,45.5005,D
377021,45.5004,D
377021,45.5003,D
377021,45.5002,D
377021,45.5002,D
377021,45.5000,D
377021,45.4999,D
377021,45.4998,D
377021,45.4998,D
377021,45.4998,D
377021,45.4998,D
377021,45.4997,D
377021,45.4997,D
377524,45.4997,D
377524,45.4997,D
377524,45.4996,D
377524,45.4996,D
377524,45.4996,D
377524,45.4996,D
377524,45.4996,D
377524,45.4996,D
377524,45.4996,D
377524,45.4996,D
377524,45.4996,D
378025,45.4996,D
378025,45.4996,D
378025,45.4995,D
378025,45.4995,D
378025,45.4995,D
378025,45.4995,D
378025,45.4995,D
378025,45.4995,D
378025,45.4995,D
378025,45.4995,D
378025,45.4995,D
378025,45.4995,D
378536,45.4994,D
378536,45.4994,D
378536,45.4994,D
378536,45.4994,D
378536,45.4994,D
378536,45.4994,D
378536,45.4994,D
378536,45.4994,D
378536,45.4994,D
378536,45.4994,D
378536,45.4993,D
378536,45.4993,D
379049,45.4993,D
379049,45.4993,D
379049,45.4993,D
379049,45.4993,D
379049,45.4993,D
379049,45.4993,D
379049,45.4993,D
379049,45.5355,D
379049,45.5413,D
379049,45.5418,D
379049,45.5417,D
379564,45.5415,D
379564,45.5413,D
379564,45.5409,D
379564,45.5406,D
379564,45.5403,D
379564,45.5400,D
379564,45.5398,D
379564,45.5396,D
379564,45.5394,D
379564,45.5393,D
379564,45.5391,D
379564,45.5390,D
380078,45.5390,D
380078,45.5389,D
380078,45.5388,D
380078,45.5385,D
380078,45.5385,D
380078,45.5385,D
380078,45.5385,D
380078,45.5384,D
380078,45.5384,D
380078,45.5384,D
380078,45.5384,D
380079,45.5384,D
380586,45.5383,D
380586,45.5383,D
380586,45.5383,D
380586,45.5383,D
380586,45.5383,D
380586,45.5383,D
380586,45.5383,D
380586,45.5383,D
380586,45.5383,D
380586,45.5383,D
380586,45.5383,D
381091,45.5383,D
381091,45.5383,D
381091,45.5383,D
381091,45.5383,D
381091,45.5383,D
381091,45.5383,D
381091,45.5383,D
381091,45.5383,D
381091,45.5383,D
381091,45.5383,D
381091,45.5383,D
381091,45.5383,D
381596,45.5383,D
381596,45.5383,D
381596,45.5383,D
381596,45.5383,D
381596,45.5383,D
381596,45.5383,D
381596,45.5383,D
381596,45.5383,D
381596,45.5383,D
381596,45.5383,D
381596,45.5383,D
382103,45.5383,D
382103,45.5383,D
382103,45.5383,D
382103,45.5383,D
382103,45.5383,D
382103,45.5454,D
382103,45.5799,D
382103,45.5807,D
382103,45.5807,D
382103,45.5805,D
382103,45.5803,D
382103,45.5800,D
382607,45.5796,D
382607,45.5793,D
382607,45.5791,D
382607,45.5788,D
382607,45.5786,D
382607,45.5784,D
382607,45.5783,D
382607,45.5781,D
382607,45.5780,D
382607,45.5779,D
382607,45.5778,D
382607,45.5778,D
383119,45.5776,D
383119,45.5775,D
383119,45.5775,D
383119,45.5774,D
383119,45.5774,D
383119,45.5774,D
383119,45.5774,D
383119,45.5774,D
383119,45.5774,D
383119,45.5774,D
383119,45.5774,D
383622,45.5774,D
383622,45.5774,D
383622,45.5774,D
383622,45.5774,D
383622,45.5774,D
383622,45.5774,D
383622,45.5774,D
383622,45.5774,D
383622,45.5773,D
383622,45.5773,D
383622,45.5773,D
383622,45.5773,D
384137,45.5772,D
384137,45.5772,D
384137,45.5772,D
384137,45.5772,D
384137,45.5772,D
384137,45.5772,D
384137,45.5772,D
384137,45.5772,D
384137,45.5772,D
384137,45.5772,D
384137,45.5772,D
384137,45.5772,D
384648,45.5772,D
384648,45.5772,D
384648,45.5772,D
384648,45.5772,D
384648,45.5772,D
384648,45.5772,D
384648,45.5772,D
384648,45.5772,D
384648,45.5772,D
384648,45.5772,D
384648,45.5772,D
385156,45.5772,D
385156,45.5772,D
385156,45.5772,D
385157,45.5973,D
385157,45.6190,D
385157,45.6197,D
385157,45.6197,D
385157,45.6195,D
385157,45.6193,D
385157,45.6189,D
385157,45.6186,D
385157,45.6183,D
385665,45.6180,D
385665,45.6178,D
385665,45.6176,D
385665,45.6174,D
385665,45.6173,D
385665,45.6171,D
385666,45.6170,D
385666,45.6170,D
385666,45.6169,D
385666,45.6169,D
385666,45.6168,D
385666,45.6167,D
386173,45.6167,D
386173,45.6167,D
386173,45.6167,D
386173,45.6167,D
386173,45.6167,D
386173,45.6167,D
386173,45.6167,D
386173,45.6167,D
386173,45.6167,D
386173,45.6167,D
386173,45.6167,D
386688,45.6167,D
386688,45.6167,D
386688,45.6167,D
386688,45.6167,D
386688,45.6167,D
386688,45.6167,D
386688,45.6167,D
386688,45.6167,D
386688,45.6167,D
386688,45.6167,D
386688,45.6167,D
386688,45.6167,D
387203,45.6167,D
387203,45.6167,D
387203,45.6167,D
387203,45.6167,D
387203,45.6167,D
387203,45.6167,D
387203,45.6167,D
387203,45.6167,D
387203,45.6167,D
387203,45.6167,D
387203,45.6167,D
387203,45.6167,D
387705,45.6167,D
387705,45.6167,D
387705,45.6167,D
387705,45.6167,D
387705,45.6167,D
387705,45.6167,D
387705,45.6167,D
387705,45.6165,D
387705,45.6163,D
387705,45.6163,D
387705,45.6163,D
388220,45.6164,D
388220,45.6307,D
388220,45.6564,D
388220,45.6570,D
388220,45.6570,D
388220,45.6568,D
388220,45.6565,D
388220,45.6562,D
388220,45.6559,D
388220,45.6557,D
388220,45.6554,D
388220,45.6552,D
388726,45.6550,D
388726,45.6548,D
388726,45.6547,D
388726,45.6545,D
388726,45.6544,D
388726,45.6544,D
388726,45.6543,D
388726,45.6542,D
388726,45.6540,D
388726,45.6540,D
388726,45.6540,D
388726,45.6539,D
389241,45.6539,D
389241,45.6539,D
389241,45.6539,D
389241,45.6539,D
389241,45.6539,D
389241,45.6539,D
389241,45.6539,D
389241,45.6539,D
389241,45.6539,D
389241,45.6539,D
389241,45.6539,D
389241,45.6539,D
389756,45.6538,D
389756,45.6538,D
389756,45.6538,D
389756,45.6538,D
389756,45.6539,D
389756,45.6539,D
389756,45.6539,D
389756,45.6539,D
389756,45.6539,D
389756,45.6539,D
389756,45.6539,D
390271,45.6539,D
390271,45.6539,D
390271,45.6539,D
390271,45.6539,D
390271,45.6539,D
390271,45.6539,D
390271,45.6540,D
390271,45.6540,D
390271,45.6540,D
390271,45.6540,D
390271,45.6540,D
390271,45.6540,D
390776,45.6541,D
390776,45.6541,D
390776,45.6541,D
390776,45.6541,D
390776,45.6541,D
390776,45.6541,D
390776,45.6542,D
390776,45.6542,D
390776,45.6542,D
390776,45.6542,D
390776,45.6693,D
391281,45.6956,D
391281,45.6961,D
391281,45.6959,D
391281,45.6958,D
391281,45.6958,D
391281,45.6958,D
391281,45.6958,D
391281,45.6957,D
391281,45.6957,D
391281,45.6955,D
391281,45.6954,D
391281,45.6952,D
391783,45.6950,D
391783,45.6948,D
391783,45.6947,D
391783,45.6945,D
391783,45.6944,D
391783,45.6943,D
391783,45.6942,D
391783,45.6942,D
391783,45.6941,D
391783,45.6940,D
391783,45.6938,D
391783,45.6937,D
392299,45.6937,D
392299,45.6936,D
392299,45.6935,D
392299,45.6934,D
392299,45.6934,D
392299,45.6934,D
392299,45.6934,D
392299,45.6934,D
392299,45.6935,D
392299,45.6935,D
392299,45.6935,D
392299,45.6935,D
392806,45.6935,D
392806,45.6935,D
392806,45.6934,D
392806,45.6934,D
392806,45.6934,D
392806,45.6934,D
392806,45.6934,D
392806,45.6934,D
392806,45.6934,D
392806,45.6934,D
392806,45.6934,D
393311,45.6934,D
393311,45.6934,D
393311,45.6934,D
393311,45.6933,D
393311,45.6933,D
393311,45.6933,D
393311,45.6933,D
393311,45.6933,D
393311,45.6933,D
393311,45.6932,D
393311,45.6932,D
393311,45.6932,D
393816,45.6932,D
393816,45.6932,D
393816,45.6932,D
393816,45.6932,D
393816,45.6931,D
393816,45.6931,D
393816,45.6931,D
393816,45.6931,D
393816,45.7130,D
393816,45.7345,D
393816,45.7351,D
394326,45.7351,D
394326,45.7350,D
394326,45.7348,D
394326,45.7344,D
394326,45.7341,D
394326,45.7338,D
394326,45.7336,D
394326,45.7333,D
394326,45.7331,D
394326,45.7330,D
394326,45.7328,D
394326,45.7327,D
394830,45.7326,D
394830,45.7325,D
394830,45.7324,D
394830,45.7324,D
394830,45.7322,D
394830,45.7321,D
394830,45.7321,D
394830,45.7321,D
394830,45.7321,D
394830,45.7320,D
394830,45.7320,D
395335,45.7320,D
395335,45.7320,D
395335,45.7320,D
395335,45.7320,D
395335,45.7320,D
395335,45.7320,D
395335,45.7320,D
395335,45.7320,D
395335,45.7320,D
395335,45.7320,D
395335,45.7320,D
395335,45.7320,D
395848,45.7320,D
395848,45.7321,D
395848,45.7321,D
395848,45.7321,D
395848,45.7321,D
395848,45.7321,D
395848,45.7321,D
395848,45.7321,D
395848,45.7321,D
395848,45.7321,D
395848,45.7321,D
395848,45.7321,D
396362,45.7321,D
396362,45.7321,D
396362,45.7321,D
396362,45.7321,D
396362,45.7321,D
396362,45.7321,D
396362,45.7321,D
396362,45.7321,D
396362,45.7321,D
396362,45.7321,D
396362,45.7321,D
396362,45.7322,D
396869,45.7322,D
396869,45.7322,D
396869,45.7322,D
396869,45.7322,D
396869,45.7322,D
396869,45.7322,D
396869,45.7604,D
396869,45.7740,D
396869,45.7746,D
396869,45.7746,D
396869,45.7743,D
397374,45.7741,D
397374,45.7737,D
397374,45.7734,D
397374,45.7731,D
397374,45.7728,D
397374,45.7726,D
397374,45.7724,D
397374,45.7722,D
397374,45.7721,D
397374,45.7719,D
397374,45.7718,D
397374,45.7717,D
397881,45.7716,D
397881,45.7715,D
397881,45.7712,D
397881,45.7711,D
397881,45.7710,D
397881,45.7710,D
397881,45.7710,D
397881,45.7710,D
397881,45.7710,D
397881,45.7710,D
397881,45.7710,D
398387,45.7710,D
398387,45.7710,D
398387,45.7710,D
398387,45.7710,D
398387,45.7709,D
398387,45.7709,D
398387,45.7709,D
398387,45.7709,D
398387,45.7709,D
398387,45.7709,D
398387,45.7709,D
398387,45.7709,D
398894,45.7709,D
398894,45.7709,D
398894,45.7709,D
398894,45.7709,D
398894,45.7708,D
398894,45.7708,D
398894,45.7708,D
398894,45.7708,D
398894,45.7708,D
398894,45.7708,D
398894,45.7708,D
399401,45.7708,D
399401,45.7708,D
399401,45.7708,D
399401,45.7707,D
399401,45.7707,D
399401,45.7707,D
399401,45.7707,D
399401,45.7707,D
399401,45.7707,D
399401,45.7707,D
399401,45.7707,D
399401,45.7707,D
399902,45.7707,D
399902,45.7707,D
399902,45.7707,D
399902,45.7707,D
399902,45.7707,D
399902,45.7882,D
399902,45.8125,D
399902,45.8132,D
399902,45.8132,D
399902,45.8131,D
399902,45.8129,D
399902,45.8125,D
400410,45.8121,D
400410,45.8118,D
400410,45.8115,D
400410,45.8112,D
400410,45.8110,D
400410,45.8108,D
400410,45.8107,D
400410,45.8105,D
400410,45.8104,D
400410,45.8103,D
400410,45.8102,D
400917,45.8102,D
400917,45.8100,D
400917,45.8099,D
400917,45.8098,D
400917,45.8098,D
400917,45.8098,D
400917,45.8097,D
400917,45.8097,D
400917,45.8097,D
400917,45.8096,D
400917,45.8096,D
400917,45.8096,D
401420,45.8096,D
401420,45.8096,D
401420,45.8096,D
401420,45.8096,D
401420,45.8096,D
401420,45.8096,D
401420,45.8096,D
401420,45.8096,D
401420,45.8096,D
401420,45.8096,D
401420,45.8096,D
401922,45.8096,D
401922,45.8096,D
401922,45.8096,D
401922,45.8096,D
401922,45.8096,D
401922,45.8096,D
401922,45.8096,D
401922,45.8096,D
401922,45.8096,D
401922,45.8096,D
401922,45.8097,D
401922,45.8097,D
402425,45.8097,D
402425,45.8097,D
402425,45.8097,D
402425,45.8097,D
402425,45.8097,D
402425,45.8097,D
402425,45.8097,D
402425,45.8097,D
402425,45.8097,D
402425,45.8097,D
402425,45.8097,D
402938,45.8097,D
402938,45.8097,D
402938,45.8097,D
402938,45.8097,D
402938,45.8220,D
402938,45.8516,D
402938,45.8523,D
402938,45.8524,D
402938,45.8522,D
402938,45.8520,D
402938,45.8516,D
402938,45.8513,D
403439,45.8509,D
403439,45.8507,D
403439,45.8504,D
403439,45.8502,D
403439,45.8500,D
403439,45.8499,D
403439,45.8498,D
403439,45.8497,D
403439,45.8496,D
403439,45.8495,D
403439,45.8494,D
403439,45.8493,D
403941,45.8491,D
403941,45.8491,D
403941,45.8491,D
403941,45.8491,D
403941,45.8490,D
403941,45.8490,D
403941,45.8490,D
403941,45.8490,D
403941,45.8490,D
403941,45.8490,D
403941,45.8490,D
404457,45.8490,D
404457,45.8490,D
404457,45.8490,D
404457,45.8490,D
404457,45.8490,D
404457,45.8490,D
404457,45.8490,D
404457,45.8490,D
404457,45.8490,D
404457,45.8490,D
404457,45.8490,D
404457,45.8490,D
404965,45.8490,D
404965,45.8490,D
404965,45.8490,D
404965,45.8490,D
404965,45.8490,D
404965,45.8490,D
404965,45.8490,D
404965,45.8490,D
404965,45.8490,D
404965,45.8490,D
404965,45.8490,D
404965,45.8490,D
405472,45.8490,D
405472,45.8490,D
405472,45.8489,D
405472,45.8489,D
405472,45.8489,D
405472,45.8489,D
405472,45.8489,D
405472,45.8488,D
405472,45.8488,D
405472,45.8488,D
405472,45.8488,D
405979,45.8488,D
405979,45.8489,D
405979,45.8611,D
405979,45.8906,D
405979,45.8913,D
405979,45.8914,D
405979,45.8913,D
405979,45.8912,D
405979,45.8909,D
405979,45.8905,D
405979,45.8902,D
405979,45.8899,D
406483,45.8897,D
406483,45.8895,D
406483,45.8893,D
406483,45.8891,D
406483,45.8890,D
406483,45.8889,D
406483,45.8888,D
406483,45.8887,D
406483,45.8887,D
406483,45.8886,D
406483,45.8884,D
406987,45.8884,D
406987,45.8884,D
406987,45.8883,D
406987,45.8883,D
406987,45.8883,D
406987,45.8883,D
406987,45.8883,D
406987,45.8883,D
406987,45.8883,D
406987,45.8883,D
406987,45.8883,D
406987,45.8883,D
407488,45.8883,D
407488,45.8882,D
407488,45.8882,D
407488,45.8882,D
407488,45.8882,D
407488,45.8882,D
407488,45.8882,D
407488,45.8882,D
407488,45.8882,D
407488,45.8882,D
407488,45.8882,D
408003,45.8882,D
408003,45.8882,D
408003,45.8882,D
408003,45.8882,D
408003,45.8882,D
408003,45.8882,D
408003,45.8882,D
408003,45.8882,D
408003,45.8882,D
408003,45.8882,D
408003,45.8882,D
408003,45.8882,D
408507,45.8882,D
408507,45.8883,D
408507,45.8883,D
408507,45.8883,D
408507,45.8883,D
408507,45.8883,D
408507,45.8883,D
408507,45.8883,D
408507,45.8883,D
408507,45.8883,D
408507,45.8883,D
408507,45.8883,D
409014,45.9006,D
409014,45.9303,D
409014,45.9310,D
409014,45.9310,D
409014,45.9308,D
409014,45.9305,D
409014,45.9301,D
409014,45.9298,D
409014,45.9294,D
409014,45.9292,D
409014,45.9290,D
409522,45.9288,D
409522,45.9286,D
409522,45.9285,D
409522,45.9283,D
409522,45.9282,D
409522,45.9281,D
409522,45.9280,D
409522,45.9279,D
409522,45.9277,D
409522,45.9277,D
409522,45.9277,D
409522,45.9277,D
410029,45.9278,D
410029,45.9278,D
410029,45.9277,D
410029,45.9277,D
410029,45.9276,D
410029,45.9274,D
410029,45.9275,D
410029,45.9276,D
410029,45.9277,D
410029,45.9277,D
410029,45.9277,D
410533,45.9277,D
410533,45.9277,D
410533,45.9277,D
410533,45.9277,D
410533,45.9277,D
410533,45.9277,D
410533,45.9277,D
410533,45.9276,D
410533,45.9276,D
410533,45.9276,D
410533,45.9275,D
410533,45.9275,D
411039,45.9274,D
411039,45.9274,D
411039,45.9273,D
411039,45.9273,D
411039,45.9273,D
411039,45.9272,D
411039,45.9272,D
411039,45.9272,D
411039,45.9271,D
411039,45.9271,D
411039,45.9271,D
411039,45.9271,D
411543,45.9271,D
411543,45.9270,D
411543,45.9270,D
411543,45.9270,D
411543,45.9269,D
411543,45.9269,D
411543,45.9269,D
411543,45.9269,D
411543,45.9269,D
411543,45.9269,D
411543,45.9269,D
412046,45.9627,D
412046,45.9684,D
412046,45.9687,D
412046,45.9684,D
412046,45.9682,D
412046,45.9680,D
412046,45.9677,D
412046,45.9674,D
412046,45.9672,D
412046,45.9670,D
412046,45.9669,D
412046,45.9668,D
412554,45.9667,D
412554,45.9666,D
412554,45.9665,D
412554,45.9664,D
412554,45.9664,D
412554,45.9663,D
412554,45.9661,D
412554,45.9660,D
412554,45.9659,D
412554,45.9659,D
412554,45.9658,D
413055,45.9658,D
413055,45.9658,D
413055,45.9658,D
413055,45.9658,D
413055,45.9657,D
413055,45.9657,D
413055,45.9657,D
413055,45.9657,D
413055,45.9657,D
413055,45.9657,D
413055,45.9657,D
413570,45.9657,D
413570,45.9657,D
413570,45.9657,D
413570,45.9657,D
413570,45.9657,D
413570,45.9657,D
413570,45.9657,D
413570,45.9657,D
413570,45.9657,D
413570,45.9657,D
413570,45.9657,D
413570,45.9657,D
414085,45.9657,D
414085,45.9657,D
414085,45.9657,D
414085,45.9657,D
414085,45.9657,D
414085,45.9657,D
414085,45.9657,D
414085,45.9656,D
414085,45.9655,D
414085,45.9655,D
414085,45.9655,D
414085,45.9655,D
414599,45.9655,D
414599,45.9655,D
414599,45.9655,D
414599,45.9655,D
414599,45.9655,D
414599,45.9655,D
414599,45.9655,D
414599,45.9655,D
414599,45.9655,D
414599,45.9655,D
414599,45.9936,D
414599,46.0071,D
415109,46.0079,D
415109,46.0079,D
415109,46.0077,D
415109,46.0075,D
415109,46.0071,D
415109,46.0067,D
415109,46.0063,D
415109,46.0059,D
415109,46.0056,D
415109,46.0054,D
415109,46.0052,D
415109,46.0051,D
415618,46.0050,D
415618,46.0049,D
415618,46.0049,D
415618,46.0049,D
415618,46.0049,D
415618,46.0049,D
415618,46.0048,D
415618,46.0048,D
415618,46.0048,D
415618,46.0048,D
415618,46.0048,D
416129,46.0048,D
416129,46.0047,D
416129,46.0046,D
416129,46.0045,D
416129,46.0045,D
416129,46.0045,D
416129,46.0045,D
416129,46.0045,D
416129,46.0045,D
416129,46.0045,D
416129,46.0044,D
416129,46.0044,D
416633,46.0044,D
416633,46.0044,D
416633,46.0044,D
416633,46.0044,D
416633,46.0043,D
416633,46.0043,D
416633,46.0042,D
416633,46.0042,D
416633,46.0042,D
416633,46.0042,D
416633,46.0042,D
416633,46.0042,D
417137,46.0042,D
417137,46.0041,D
417137,46.0041,D
417137,46.0041,D
417137,46.0041,D
417137,46.0041,D
417137,46.0041,D
417137,46.0040,D
417137,46.0040,D
417137,46.0040,D
417137,46.0040,D
417643,46.0040,D
417643,46.0040,D
417643,46.0040,D
417643,46.0040,D
417643,46.0040,D
417643,46.0039,D
417643,46.0039,D
417643,46.0040,D
417643,46.0241,D
417643,46.0458,D
417643,46.0465,D
417643,46.0465,D
418146,46.0464,D
418146,46.0462,D
418146,46.0459,D
418146,46.0456,D
418146,46.0453,D
418146,46.0450,D
418146,46.0448,D
418146,46.0446,D
418146,46.0444,D
418146,46.0443,D
418146,46.0442,D
418650,46.0441,D
418650,46.0440,D
418650,46.0439,D
418650,46.0439,D
418650,46.0438,D
418650,46.0436,D
418650,46.0436,D
418650,46.0436,D
418650,46.0436,D
418650,46.0436,D
418650,46.0436,D
418650,46.0436,D
419157,46.0435,D
419158,46.0435,D
419158,46.0435,D
419158,46.0435,D
419158,46.0435,D
419158,46.0435,D
419158,46.0435,D
419158,46.0435,D
419158,46.0435,D
419158,46.0435,D
419158,46.0435,D
419666,46.0435,D
419666,46.0434,D
419666,46.0433,D
419666,46.0433,D
419666,46.0433,D
419666,46.0433,D
419666,46.0433,D
419666,46.0433,D
419666,46.0433,D
419666,46.0433,D
419666,46.0433,D
419666,46.0433,D
420176,46.0433,D
420176,46.0433,D
420176,46.0432,D
420176,46.0432,D
420176,46.0432,D
420176,46.0432,D
420176,46.0432,D
420176,46.0432,D
420176,46.0432,D
420176,46.0432,D
420176,46.0432,D
420176,46.0432,D
420682,46.0432,D
420682,46.0432,D
420682,46.0432,D
420682,46.0432,D
420682,46.0432,D
420682,46.0432,D
420682,46.0580,D
420682,46.0848,D
420682,46.0856,D
420682,46.0856,D
420682,46.0854,D
421182,46.0852,D
421182,46.0849,D
421182,46.0845,D
421182,46.0842,D
421182,46.0840,D
421182,46.0837,D
421182,46.0835,D
421182,46.0834,D
421182,46.0832,D
421182,46.0831,D
421182,46.0830,D
421182,46.0829,D
421686,46.0828,D
421686,46.0827,D
421686,46.0825,D
421686,46.0824,D
421686,46.0824,D
421686,46.0823,D
421686,46.0823,D
421686,46.0823,D
421686,46.0823,D
421686,46.0823,D
421686,46.0823,D
422188,46.0823,D
422188,46.0823,D
422188,46.0823,D
422188,46.0823,D
422188,46.0823,D
422188,46.0822,D
422188,46.0822,D
422188,46.0822,D
422188,46.0822,D
422188,46.0822,D
422188,46.0822,D
422188,46.0822,D
422694,46.0822,D
422694,46.0822,D
422694,46.0822,D
422694,46.0822,D
422694,46.0822,D
422694,46.0822,D
422694,46.0822,D
422694,46.0822,D
422694,46.0822,D
422694,46.0822,D
422694,46.0822,D
423199,46.0822,D
423199,46.0822,D
423199,46.0822,D
423199,46.0822,D
423199,46.0822,D
423199,46.0822,D
423199,46.0822,D
423199,46.0822,D
423199,46.0822,D
423199,46.0821,D
423199,46.0821,D
423199,46.0821,D
423703,46.0821,D
423703,46.0821,D
423703,46.0821,D
423703,46.0821,D
423703,46.0821,D
423703,46.0821,D
423703,46.1205,D
423703,46.1239,D
423703,46.1241,D
423703,46.1239,D
423703,46.1237,D
424207,46.1234,D
424207,46.1231,D
424207,46.1227,D
424207,46.1224,D
424207,46.1222,D
424207,46.1219,D
424207,46.1217,D
424207,46.1215,D
424207,46.1214,D
424207,46.1213,D
424207,46.1212,D
424207,46.1211,D
424712,46.1210,D
424712,46.1209,D
424712,46.1207,D
424712,46.1207,D
424712,46.1207,D
424712,46.1206,D
424712,46.1206,D
424712,46.1206,D
424712,46.1206,D
424712,46.1206,D
424712,46.1206,D
425219,46.1206,D
425219,46.1206,D
425219,46.1206,D
425220,46.1206,D
425220,46.1206,D
425220,46.1206,D
425220,46.1206,D
425220,46.1206,D
425220,46.1206,D
425220,46.1206,D
425220,46.1206,D
425220,46.1206,D
425729,46.1206,D
425729,46.1206,D
425729,46.1205,D
425729,46.1205,D
425729,46.1205,D
425729,46.1206,D
425729,46.1205,D
425729,46.1206,D
425729,46.1206,D
425729,46.1206,D
425729,46.1206,D
425729,46.1206,D
426238,46.1206,D
426238,46.1206,D
426238,46.1206,D
426238,46.1206,D
426238,46.1206,D
426238,46.1206,D
426238,46.1206,D
426238,46.1206,D
426238,46.1206,D
426238,46.1206,D
426238,46.1206,D
426238,46.1206,D
426740,46.1206,D
426740,46.1206,D
426740,46.1206,D
426740,46.1206,D
426740,46.1437,D
426740,46.1628,D
426740,46.1633,D
426740,46.1633,D
426740,46.1631,D
426740,46.1629,D
426740,46.1626,D
427247,46.1623,D
427247,46.1620,D
427247,46.1618,D
427247,46.1616,D
427247,46.1614,D
427247,46.1612,D
427247,46.1611,D
427247,46.1610,D
427247,46.1609,D
427247,46.1608,D
427247,46.1607,D
427247,46.1606,D
427754,46.1603,D
427754,46.1603,D
427754,46.1603,D
427754,46.1602,D
427754,46.1601,D
427754,46.1600,D
427755,46.1600,D
427755,46.1600,D
427755,46.1599,D
427755,46.1599,D
427755,46.1599,D
428257,46.1599,D
428257,46.1599,D
428257,46.1599,D
428257,46.1599,D
428257,46.1599,D
428257,46.1599,D
428257,46.1599,D
428257,46.1599,D
428257,46.1599,D
428257,46.1599,D
428257,46.1599,D
428760,46.1599,D
428760,46.1599,D
428760,46.1599,D
428760,46.1599,D
428760,46.1598,D
428760,46.1598,D
428760,46.1598,D
428760,46.1598,D
428760,46.1598,D
428760,46.1598,D
428760,46.1598,D
428760,46.1598,D
429269,46.1598,D
429269,46.1598,D
429269,46.1598,D
429269,46.1598,D
429269,46.1598,D
429269,46.1598,D
429269,46.1598,D
429269,46.1598,D
429269,46.1598,D
429269,46.1598,D
429269,46.1598,D
429269,46.1598,D
429778,46.1598,D
429778,46.1597,D
429778,46.1597,D
429778,46.1745,D
429778,46.2013,D
429778,46.2021,D
429778,46.2021,D
429778,46.2019,D
429778,46.2017,D
429778,46.2013,D
429778,46.2009,D
429778,46.2007,D
430288,46.2004,D
430288,46.2002,D
430288,46.2000,D
430288,46.1998,D
430288,46.1996,D
430288,46.1995,D
430288,46.1993,D
430288,46.1992,D
430288,46.1992,D
430288,46.1991,D
430288,46.1989,D
430789,46.1988,D
430789,46.1988,D
430789,46.1987,D
430789,46.1987,D
430789,46.1986,D
430789,46.1986,D
430789,46.1986,D
430789,46.1986,D
430789,46.1986,D
430789,46.1986,D
430789,46.1986,D
430789,46.1986,D
431296,46.1986,D
431296,46.1986,D
431296,46.1985,D
431296,46.1985,D
431296,46.1985,D
431296,46.1985,D
431296,46.1985,D
431296,46.1985,D
431296,46.1985,D
431296,46.1985,D
431296,46.1985,D
431801,46.1985,D
431801,46.1985,D
431801,46.1985,D
431801,46.1985,D
431801,46.1985,D
431801,46.1985,D
431801,46.1985,D
431801,46.1985,D
431801,46.1985,D
431801,46.1984,D
431801,46.1984,D
431801,46.1984,D
432315,46.1984,D
432315,46.1984,D
432315,46.1984,D
432315,46.1984,D
432315,46.1984,D
432315,46.1984,D
432315,46.1984,D
432315,46.1984,D
432315,46.1984,D
432315,46.1984,D
432315,46.1984,D
432822,46.1984,D
432822,46.1984,D
432822,46.2008,D
432822,46.2400,D
432822,46.2410,D
432822,46.2411,D
432822,46.2408,D
432822,46.2406,D
432822,46.2403,D
432822,46.2400,D
432822,46.2397,D
432822,46.2395,D
433328,46.2393,D
433328,46.2391,D
433328,46.2389,D
433328,46.2387,D
433328,46.2385,D
433328,46.2384,D
433328,46.2383,D
433328,46.2382,D
433328,46.2381,D
433328,46.2380,D
433328,46.2378,D
433328,46.2378,D
433835,46.2377,D
433835,46.2377,D
433835,46.2377,D
433835,46.2377,D
433835,46.2377,D
433835,46.2377,D
433835,46.2377,D
433835,46.2378,D
433835,46.2377,D
433835,46.2377,D
433835,46.2377,D
434341,46.2377,D
434341,46.2377,D
434341,46.2377,D
434341,46.2377,D
434341,46.2377,D
434341,46.2377,D
434341,46.2378,D
434341,46.2378,D
434341,46.2378,D
434341,46.2378,D
434341,46.2378,D
434341,46.2378,D
434855,46.2377,D
434855,46.2376,D
434855,46.2375,D
434855,46.2375,D
434855,46.2374,D
434855,46.2373,D
434855,46.2373,D
434855,46.2372,D
434855,46.2372,D
434855,46.2372,D
434855,46.2372,D
434855,46.2373,D
435357,46.2373,D
435357,46.2374,D
435357,46.2374,D
435357,46.2375,D
435357,46.2375,D
435357,46.2376,D
435357,46.2380,D
435357,46.2384,D
435357,46.2384,D
435357,46.2385,D
435357,46.2389,D
435861,46.2407,D
435861,46.2764,D
435861,46.2797,D
435861,46.2803,D
435861,46.2801,D
435861,46.2799,D
435861,46.2796,D
435861,46.2792,D
435861,46.2787,D
435861,46.2783,D
435861,46.2778,D
435861,46.2774,D
436367,46.2770,D
436367,46.2768,D
436367,46.2767,D
436367,46.2768,D
436367,46.2769,D
436367,46.2770,D
436367,46.2771,D
436367,46.2772,D
436367,46.2773,D
436367,46.2773,D
436367,46.2773,D
436875,46.2773,D
436875,46.2773,D
436875,46.2773,D
436875,46.2773,D
436875,46.2772,D
436875,46.2772,D
436875,46.2772,D
436875,46.2772,D
436875,46.2771,D
436875,46.2771,D
436875,46.2771,D
436875,46.2771,D
437379,46.2770,D
437379,46.2770,D
437379,46.2770,D
437379,46.2770,D
437379,46.2769,D
437379,46.2767,D
437379,46.2767,D
437379,46.2767,D
437379,46.2767,D
437379,46.2767,D
437379,46.2767,D
437379,46.2767,D
437886,46.2767,D
437886,46.2767,D
437886,46.2767,D
437886,46.2767,D
437886,46.2767,D
437886,46.2767,D
437886,46.2767,D
437886,46.2767,D
437886,46.2767,D
437886,46.2767,D
437886,46.2767,D
438392,46.2767,D
438392,46.2767,D
438392,46.2767,D
438392,46.2767,D
438392,46.2767,D
438392,46.2767,D
438392,46.2767,D
438392,46.2767,D
438392,46.2767,D
438392,46.2767,D
438392,46.2767,D
438392,46.2862,D
438899,46.3184,D
438899,46.3190,D
438899,46.3192,D
438899,46.3192,D
438899,46.3191,D
438899,46.3188,D
438899,46.3185,D
438899,46.3181,D
438899,46.3178,D
438899,46.3175,D
438899,46.3172,D
439413,46.3170,D
439413,46.3168,D
439413,46.3166,D
439413,46.3165,D
439413,46.3164,D
439413,46.3163,D
439413,46.3163,D
439413,46.3162,D
439413,46.3161,D
439413,46.3160,D
439413,46.3160,D
439413,46.3159,D
439914,46.3159,D
439914,46.3159,D
439914,46.3159,D
439914,46.3159,D
439914,46.3159,D
439914,46.3158,D
439914,46.3158,D
439914,46.3158,D
439914,46.3158,D
439914,46.3157,D
439914,46.3157,D
439914,46.3157,D
440415,46.3157,D
440415,46.3157,D
440415,46.3157,D
440415,46.3157,D
440415,46.3157,D
440415,46.3157,D
440415,46.3157,D
440415,46.3157,D
440415,46.3156,D
440415,46.3156,D
440415,46.3156,D
440930,46.3156,D
440930,46.3156,D
440930,46.3156,D
440930,46.3156,D
440930,46.3156,D
440930,46.3156,D
440930,46.3156,D
440930,46.3156,D
440930,46.3155,D
440930,46.3155,D
440930,46.3155,D
440930,46.3155,D
441431,46.3155,D
441431,46.3155,D
441431,46.3155,D
441431,46.3155,D
441431,46.3155,D
441431,46.3155,D
441431,46.3155,D
441431,46.3155,D
441431,46.3155,D
441431,46.3155,D
441431,46.3518,D
441931,46.3576,D
441931,46.3581,D
441931,46.3579,D
441931,46.3577,D
441931,46.3574,D
441931,46.3571,D
441931,46.3568,D
441931,46.3566,D
441931,46.3563,D
441931,46.3561,D
441931,46.3559,D
441931,46.3557,D
442442,46.3556,D
442442,46.3554,D
442442,46.3553,D
442442,46.3553,D
442442,46.3552,D
442442,46.3551,D
442442,46.3549,D
442442,46.3549,D
442442,46.3549,D
442442,46.3548,D
442442,46.3548,D
442945,46.3548,D
442945,46.3548,D
442945,46.3547,D
442945,46.3547,D
442945,46.3547,D
442945,46.3547,D
442945,46.3547,D
442945,46.3547,D
442945,46.3547,D
442945,46.3548,D
442945,46.3548,D
442945,46.3549,D
443450,46.3549,D
443450,46.3549,D
443450,46.3549,D
443450,46.3549,D
443450,46.3549,D
443450,46.3549,D
443450,46.3549,D
443450,46.3549,D
443450,46.3549,D
443450,46.3549,D
443450,46.3548,D
443955,46.3548,D
443955,46.3548,D
443955,46.3548,D
443955,46.3547,D
443955,46.3547,D
443955,46.3547,D
443955,46.3547,D
443955,46.3547,D
443955,46.3547,D
443955,46.3547,D
443955,46.3546,D
443955,46.3546,D
444458,46.3546,D
444458,46.3546,D
444458,46.3546,D
444458,46.3546,D
444458,46.3546,D
444458,46.3546,D
444458,46.3546,D
444458,46.3546,D
444458,46.3546,D
444458,46.3720,D
444458,46.3962,D
444458,46.3970,D
444961,46.3970,D
444961,46.3968,D
444961,46.3966,D
444961,46.3962,D
444961,46.3959,D
444961,46.3956,D
444961,46.3953,D
444961,46.3951,D
444961,46.3949,D
444961,46.3947,D
444961,46.3945,D
445467,46.3944,D
445467,46.3942,D
445467,46.3941,D
445467,46.3940,D
445467,46.3940,D
445467,46.3937,D
445467,46.3934,D
445467,46.3933,D
445467,46.3933,D
445467,46.3933,D
445467,46.3933,D
445467,46.3933,D
445976,46.3932,D
445976,46.3932,D
445976,46.3932,D
445976,46.3932,D
445976,46.3932,D
445976,46.3932,D
445976,46.3932,D
445976,46.3932,D
445976,46.3932,D
445977,46.3932,D
445977,46.3932,D
446489,46.3932,D
446489,46.3932,D
446489,46.3932,D
446489,46.3931,D
446489,46.3931,D
446489,46.3931,D
446489,46.3931,D
446489,46.3930,D
446489,46.3930,D
446489,46.3930,D
446489,46.3930,D
446489,46.3930,D
446993,46.3930,D
446993,46.3930,D
446993,46.3930,D
446993,46.3930,D
446993,46.3930,D
446993,46.3930,D
446993,46.3930,D
446993,46.3930,D
446993,46.3930,D
446993,46.3930,D
446993,46.3930,D
446993,46.3930,D
447498,46.3930,D
447498,46.3930,D
447498,46.3930,D
447498,46.3930,D
447498,46.3930,D
447498,46.3930,D
447498,46.3930,D
447498,46.3930,D
447498,46.4346,D
447498,46.4355,D
447498,46.4355,D
448005,46.4353,D
448005,46.4351,D
448005,46.4348,D
448005,46.4345,D
448005,46.4342,D
448005,46.4339,D
448005,46.4337,D
448005,46.4335,D
448005,46.4333,D
448005,46.4331,D
448005,46.4329,D
448005,46.4328,D
448508,46.4327,D
448508,46.4327,D
448508,46.4326,D
448508,46.4324,D
448508,46.4323,D
448508,46.4323,D
448508,46.4323,D
448508,46.4323,D
448508,46.4323,D
448508,46.4323,D
448508,46.4322,D
449010,46.4322,D
449010,46.4322,D
449011,46.4322,D
449011,46.4322,D
449011,46.4322,D
449011,46.4322,D
449011,46.4322,D
449011,46.4322,D
449011,46.4322,D
449011,46.4322,D
449011,46.4322,D
449011,46.4322,D
449513,46.4322,D
449513,46.4322,D
449513,46.4322,D
449513,46.4322,D
449513,46.4322,D
449513,46.4322,D
449513,46.4322,D
449513,46.4323,D
449513,46.4323,D
449513,46.4323,D
449513,46.4323,D
450016,46.4322,D
450016,46.4322,D
450016,46.4322,D
450016,46.4322,D
450016,46.4322,D
450016,46.4322,D
450016,46.4322,D
450016,46.4322,D
450016,46.4322,D
450016,46.4322,D
450016,46.4322,D
450016,46.4322,D
450531,46.4322,D
450531,46.4322,D
450531,46.4322,D
450531,46.4322,D
450531,46.4322,D
450531,46.4322,D
450531,46.4322,D
450531,46.4550,D
450531,46.4739,D
450531,46.4745,D
450531,46.4745,D
451033,46.4742,D
451033,46.4740,D
451033,46.4737,D
451033,46.4734,D
451033,46.4731,D
451033,46.4728,D
451033,46.4725,D
451033,46.4723,D
451033,46.4721,D
451033,46.4719,D
451033,46.4718,D
451033,46.4717,D
451535,46.4716,D
451535,46.4716,D
451535,46.4716,D
451535,46.4715,D
451535,46.4714,D
451535,46.4714,D
451535,46.4713,D
451535,46.4713,D
451535,46.4713,D
451535,46.4713,D
451535,46.4713,D
451535,46.4713,D
452039,46.4713,D
452039,46.4713,D
452039,46.4713,D
452039,46.4713,D
452039,46.4713,D
452039,46.4713,D
452039,46.4713,D
452039,46.4713,D
452039,46.4713,D
452039,46.4713,D
452039,46.4713,D
452551,46.4713,D
452551,46.4713,D
452551,46.4713,D
452551,46.4713,D
452551,46.4713,D
452551,46.4713,D
452551,46.4713,D
452551,46.4713,D
452551,46.4713,D
452551,46.4713,D
452551,46.4714,D
452551,46.4714,D
453054,46.4714,D
453055,46.4714,D
453055,46.4714,D
453055,46.4714,D
453055,46.4714,D
453055,46.4714,D
453055,46.4714,D
453055,46.4714,D
453055,46.4714,D
453055,46.4714,D
453055,46.4714,D
453559,46.4714,D
453559,46.4715,D
453559,46.4715,D
453559,46.4715,D
453559,46.4715,D
453559,46.4715,D
453559,46.4786,D
453559,46.5133,D
453559,46.5140,D
453559,46.5141,D
453559,46.5139,D
453559,46.5136,D
454064,46.5133,D
454064,46.5130,D
454064,46.5127,D
454064,46.5125,D
454064,46.5123,D
454064,46.5120,D
454064,46.5118,D
454064,46.5117,D
454064,46.5115,D
454064,46.5114,D
454064,46.5113,D
454064,46.5112,D
454572,46.5112,D
454572,46.5110,D
454572,46.5110,D
454572,46.5109,D
454572,46.5109,D
454572,46.5109,D
454572,46.5109,D
454572,46.5109,D
454572,46.5108,D
454572,46.5108,D
454572,46.5108,D
455077,46.5108,D
455077,46.5108,D
455077,46.5107,D
455077,46.5107,D
455077,46.5107,D
455077,46.5107,D
455077,46.5107,D
455077,46.5106,D
455077,46.5106,D
455077,46.5106,D
455077,46.5106,D
455077,46.5106,D
455580,46.5106,D
455580,46.5106,D
455581,46.5105,D
455581,46.5105,D
455581,46.5105,D
455581,46.5105,D
455581,46.5105,D
455581,46.5105,D
455581,46.5105,D
455581,46.5105,D
455581,46.5105,D
456084,46.5105,D
456084,46.5105,D
456084,46.5105,D
456084,46.5104,D
456084,46.5104,D
456084,46.5104,D
456084,46.5104,D
456084,46.5104,D
456084,46.5103,D
456084,46.5103,D
456084,46.5103,D
456084,46.5103,D
456584,46.5103,D
456584,46.5102,D
456584,46.5102,D
456584,46.5102,D
456584,46.5102,D
456584,46.5355,D
456584,46.5517,D
456584,46.5523,D
456584,46.5523,D
456584,46.5523,D
456584,46.5520,D
457094,46.5517,D
457094,46.5513,D
457094,46.5509,D
457094,46.5506,D
457094,46.5504,D
457094,46.5502,D
457094,46.5501,D
457094,46.5499,D
457094,46.5498,D
457094,46.5497,D
457094,46.5497,D
457094,46.5496,D
457601,46.5495,D
457601,46.5495,D
457601,46.5493,D
457601,46.5493,D
457601,46.5493,D
457601,46.5493,D
457601,46.5493,D
457601,46.5493,D
457601,46.5493,D
457601,46.5493,D
457601,46.5493,D
458109,46.5493,D
458109,46.5492,D
458109,46.5492,D
458109,46.5492,D
458109,46.5492,D
458109,46.5490,D
458109,46.5490,D
458109,46.5490,D
458109,46.5490,D
458109,46.5490,D
458109,46.5490,D
458109,46.5490,D
458618,46.5490,D
458618,46.5490,D
458618,46.5490,D
458618,46.5490,D
458618,46.5490,D
458618,46.5490,D
458618,46.5490,D
458618,46.5490,D
458618,46.5490,D
458618,46.5490,D
458618,46.5490,D
458618,46.5490,D
459118,46.5490,D
459118,46.5490,D
459118,46.5490,D
459118,46.5490,D
459118,46.5490,D
459118,46.5491,D
459118,46.5491,D
459118,46.5491,D
459118,46.5491,D
459118,46.5491,D
459118,46.5491,D
459619,46.5491,D
459619,46.5491,D
459619,46.5491,D
459619,46.5491,D
459619,46.5491,D
459619,46.5882,D
459619,46.5916,D
459619,46.5919,D
459619,46.5918,D
459619,46.5916,D
459619,46.5914,D
459619,46.5910,D
460125,46.5906,D
460125,46.5903,D
460125,46.5900,D
460125,46.5897,D
460125,46.5895,D
460125,46.5894,D
460125,46.5894,D
460125,46.5894,D
460125,46.5894,D
460125,46.5894,D
460125,46.5894,D
460632,46.5893,D
460632,46.5893,D
460632,46.5892,D
460632,46.5892,D
460632,46.5891,D
460632,46.5889,D
460632,46.5887,D
460632,46.5886,D
460632,46.5883,D
460632,46.5882,D
460632,46.5882,D
460632,46.5882,D
461134,46.5883,D
461134,46.5883,D
461134,46.5883,D
461135,46.5884,D
461135,46.5884,D
461135,46.5884,D
461135,46.5884,D
461135,46.5884,D
461135,46.5884,D
461135,46.5884,D
461135,46.5883,D
461639,46.5883,D
461639,46.5883,D
461639,46.5883,D
461639,46.5883,D
461639,46.5883,D
461639,46.5882,D
461639,46.5882,D
461639,46.5882,D
461639,46.5882,D
461639,46.5882,D
461639,46.5882,D
461639,46.5882,D
462141,46.5882,D
462141,46.5882,D
462141,46.5882,D
462141,46.5882,D
462141,46.5882,D
462141,46.5882,D
462141,46.5881,D
462141,46.5881,D
462141,46.5881,D
462141,46.5881,D
462142,46.5881,D
462649,46.5881,D
462649,46.5881,D
462649,46.5881,D
462649,46.5881,D
462649,46.5976,D
462649,46.6295,D
462649,46.6302,D
462649,46.6302,D
462649,46.6300,D
462649,46.6298,D
462649,46.6295,D
462649,46.6291,D
463154,46.6288,D
463155,46.6285,D
463155,46.6282,D
463155,46.6280,D
463155,46.6278,D
463155,46.6276,D
463155,46.6275,D
463155,46.6274,D
463155,46.6273,D
463155,46.6272,D
463155,46.6272,D
463155,46.6270,D
463662,46.6269,D
463662,46.6268,D
463662,46.6268,D
463662,46.6267,D
463662,46.6267,D
463662,46.6266,D
463662,46.6266,D
463662,46.6266,D
463662,46.6266,D
463662,46.6266,D
463662,46.6266,D
464170,46.6266,D
464170,46.6265,D
464170,46.6265,D
464170,46.6265,D
464170,46.6265,D
464170,46.6265,D
464170,46.6265,D
464170,46.6265,D
464170,46.6265,D
464170,46.6265,D
464170,46.6265,D
464674,46.6265,D
464674,46.6265,D
464674,46.6264,D
464674,46.6264,D
464674,46.6264,D
464674,46.6264,D
464674,46.6264,D
464674,46.6264,D
464674,46.6264,D
464674,46.6264,D
464674,46.6264,D
464674,46.6264,D
465175,46.6264,D
465175,46.6264,D
465175,46.6264,D
465175,46.6264,D
465175,46.6264,D
465175,46.6264,D
465175,46.6264,D
465175,46.6264,D
465175,46.6264,D
465175,46.6264,D
465175,46.6264,D
465175,46.6264,D
465677,46.6264,D
465677,46.6264,D
465677,46.6265,D
465677,46.6596,D
465677,46.6682,D
465677,46.6689,D
465677,46.6689,D
465677,46.6689,D
465677,46.6686,D
465677,46.6683,D
465677,46.6680,D
466178,46.6677,D
466178,46.6674,D
466178,46.6671,D
466178,46.6668,D
466178,46.6666,D
466178,46.6664,D
466178,46.6663,D
466178,46.6662,D
466178,46.6661,D
466178,46.6661,D
466179,46.6660,D
466179,46.6659,D
466678,46.6658,D
466678,46.6657,D
466678,46.6657,D
466678,46.6657,D
466678,46.6657,D
466678,46.6657,D
466678,46.6657,D
466678,46.6656,D
466678,46.6656,D
466678,46.6654,D
466678,46.6654,D
467184,46.6654,D
467184,46.6654,D
467184,46.6654,D
467184,46.6654,D
467184,46.6654,D
467184,46.6654,D
467184,46.6654,D
467184,46.6654,D
467184,46.6653,D
467184,46.6653,D
467184,46.6653,D
467184,46.6653,D
467689,46.6652,D
467689,46.6652,D
467689,46.6652,D
467689,46.6652,D
467689,46.6651,D
467689,46.6651,D
467689,46.6651,D
467689,46.6650,D
467689,46.6650,D
467689,46.6650,D
467689,46.6650,D
468194,46.6649,D
468194,46.6649,D
468194,46.6649,D
468194,46.6649,D
468194,46.6649,D
468195,46.6648,D
468195,46.6648,D
468195,46.6648,D
468195,46.6648,D
468195,46.6648,D
468195,46.6648,D
468195,46.6648,D
468700,46.6648,D
468700,46.6648,D
468700,46.6671,D
468700,46.7066,D
468700,46.7075,D
468700,46.7076,D
468700,46.7075,D
468700,46.7073,D
468701,46.7070,D
468701,46.7066,D
468701,46.7063,D
468701,46.7060,D
469207,46.7058,D
469207,46.7056,D
469207,46.7054,D
469207,46.7052,D
469207,46.7051,D
469207,46.7050,D
469207,46.7049,D
469207,46.7048,D
469207,46.7048,D
469207,46.7047,D
469207,46.7046,D
469722,46.7045,D
469722,46.7045,D
469722,46.7045,D
469722,46.7045,D
469722,46.7045,D
469722,46.7045,D
469722,46.7045,D
469722,46.7045,D
469722,46.7045,D
469722,46.7045,D
469723,46.7045,D
469723,46.7045,D
470226,46.7045,D
470226,46.7045,D
470226,46.7045,D
470226,46.7046,D
470226,46.7046,D
470226,46.7046,D
470226,46.7046,D
470226,46.7046,D
470226,46.7046,D
470226,46.7046,D
470226,46.7046,D
470726,46.7046,D
470726,46.7046,D
470726,46.7046,D
470726,46.7046,D
470726,46.7046,D
470726,46.7046,D
470726,46.7046,D
470726,46.7046,D
470726,46.7046,D
470726,46.7046,D
470726,46.7046,D
470726,46.7046,D
471240,46.7046,D
471240,46.7046,D
471240,46.7046,D
471240,46.7046,D
471240,46.7046,D
471240,46.7046,D
471240,46.7046,D
471240,46.7046,D
471240,46.7046,D
471240,46.7046,D
471240,46.7046,D
471743,46.7046,D
471743,46.7046,D
471743,46.7117,D
471743,46.7465,D
471743,46.7472,D
471743,46.7472,D
471743,46.7471,D
471743,46.7468,D
471743,46.7465,D
471743,46.7462,D
471743,46.7458,D
471743,46.7455,D
472247,46.7453,D
472247,46.7451,D
472247,46.7449,D
472247,46.7447,D
472247,46.7446,D
472247,46.7445,D
472247,46.7444,D
472247,46.7444,D
472247,46.7443,D
472247,46.7441,D
472247,46.7440,D
472247,46.7440,D
472761,46.7440,D
472761,46.7440,D
472761,46.7439,D
472761,46.7439,D
472761,46.7439,D
472761,46.7439,D
472761,46.7439,D
472761,46.7439,D
472761,46.7439,D
472761,46.7439,D
472761,46.7439,D
472761,46.7439,D
473269,46.7439,D
473269,46.7439,D
473269,46.7439,D
473269,46.7439,D
473269,46.7439,D
473269,46.7439,D
473269,46.7439,D
473269,46.7439,D
473269,46.7439,D
473269,46.7439,D
473269,46.7439,D
473775,46.7439,D
473775,46.7439,D
473775,46.7439,D
473775,46.7439,D
473775,46.7439,D
473775,46.7439,D
473775,46.7439,D
473775,46.7439,D
473775,46.7439,D
473775,46.7439,D
473775,46.7439,D
473775,46.7439,D
474279,46.7438,D
474279,46.7438,D
474279,46.7438,D
474279,46.7438,D
474279,46.7437,D
474279,46.7437,D
474279,46.7437,D
474279,46.7437,D
474279,46.7437,D
474279,46.7437,D
474279,46.7437,D
474780,46.7438,D
474780,46.7640,D
474780,46.7857,D
474780,46.7863,D
474780,46.7863,D
474780,46.7862,D
474780,46.7860,D
474780,46.7856,D
474780,46.7852,D
474780,46.7849,D
474780,46.7847,D
474780,46.7845,D
475293,46.7843,D
475293,46.7841,D
475293,46.7839,D
475293,46.7838,D
475293,46.7837,D
475293,46.7836,D
475293,46.7835,D
475293,46.7834,D
475293,46.7832,D
475293,46.7831,D
475293,46.7831,D
475293,46.7831,D
475806,46.7830,D
475806,46.7830,D
475806,46.7830,D
475806,46.7830,D
475806,46.7830,D
475806,46.7830,D
475806,46.7830,D
475806,46.7830,D
475806,46.7830,D
475806,46.7830,D
475806,46.7830,D
476314,46.7830,D
476314,46.7830,D
476314,46.7830,D
476314,46.7830,D
476314,46.7830,D
476314,46.7830,D
476314,46.7829,D
476314,46.7829,D
476314,46.7829,D
476314,46.7829,D
476314,46.7829,D
476314,46.7829,D
476818,46.7829,D
476818,46.7829,D
476818,46.7829,D
476818,46.7829,D
476818,46.7829,D
476818,46.7829,D
476818,46.7829,D
476818,46.7829,D
476818,46.7829,D
476818,46.7829,D
476818,46.7829,D
477326,46.7829,D
477326,46.7829,D
477326,46.7829,D
477326,46.7829,D
477326,46.7829,D
477326,46.7829,D
477326,46.7829,D
477326,46.7829,D
477326,46.7829,D
477326,46.7829,D
477326,46.7829,D
477326,46.7829,D
477832,46.8244,D
477832,46.8254,D
477832,46.8255,D
477832,46.8253,D
477832,46.8252,D
477832,46.8250,D
477832,46.8246,D
477832,46.8243,D
477832,46.8240,D
477832,46.8237,D
477832,46.8235,D
477832,46.8234,D
478338,46.8232,D
478338,46.8230,D
478338,46.8229,D
478338,46.8228,D
478338,46.8227,D
478338,46.8226,D
478338,46.8226,D
478338,46.8223,D
478338,46.8223,D
478338,46.8222,D
478338,46.8222,D
478844,46.8222,D
478844,46.8221,D
478844,46.8221,D
478844,46.8220,D
478844,46.8221,D
478844,46.8221,D
478844,46.8221,D
478844,46.8221,D
478844,46.8222,D
478844,46.8222,D
478844,46.8222,D
478844,46.8222,D
479347,46.8222,D
479347,46.8221,D
479347,46.8221,D
479347,46.8221,D
479347,46.8221,D
479347,46.8221,D
479348,46.8221,D
479348,46.8221,D
479348,46.8221,D
479348,46.8221,D
479348,46.8221,D
479853,46.8221,D
479853,46.8221,D
479853,46.8221,D
479853,46.8221,D
479853,46.8221,D
479853,46.8221,D
479853,46.8221,D
479853,46.8221,D
479853,46.8221,D
479853,46.8221,D
479853,46.8221,D
479853,46.8221,D
480358,46.8221,D
480358,46.8221,D
480358,46.8221,D
480358,46.8221,D
480358,46.8221,D
480358,46.8221,D
480358,46.8221,D
480358,46.8221,D
480358,46.8221,D
480358,46.8221,D
480358,46.8342,D
480864,46.8636,D
480864,46.8643,D
480864,46.8644,D
480864,46.8642,D
480864,46.8640,D
480864,46.8637,D
480864,46.8634,D
480864,46.8632,D
480864,46.8629,D
480864,46.8626,D
480864,46.8624,D
480864,46.8622,D
481369,46.8620,D
481369,46.8618,D
481369,46.8617,D
481369,46.8616,D
481369,46.8615,D
481369,46.8615,D
481369,46.8614,D
481369,46.8612,D
481369,46.8612,D
481369,46.8612,D
481369,46.8612,D
481369,46.8611,D
481875,46.8611,D
481875,46.8611,D
481875,46.8610,D
481875,46.8610,D
481875,46.8610,D
481875,46.8610,D
481875,46.8610,D
481875,46.8610,D
481875,46.8611,D
481875,46.8611,D
481875,46.8611,D
482384,46.8611,D
482384,46.8611,D
482384,46.8611,D
482384,46.8611,D
482384,46.8611,D
482384,46.8611,D
482384,46.8611,D
482384,46.8611,D
482384,46.8610,D
482384,46.8610,D
482384,46.8610,D
482384,46.8610,D
482893,46.8610,D
482893,46.8610,D
482893,46.8610,D
482893,46.8610,D
482893,46.8610,D
482893,46.8610,D
482893,46.8610,D
482893,46.8610,D
482893,46.8610,D
482893,46.8610,D
482893,46.8610,D
483395,46.8610,D
483395,46.8610,D
483395,46.8610,D
483395,46.8610,D
483395,46.8610,D
483395,46.8610,D
483395,46.8610,D
483395,46.8610,D
483395,46.8610,D
483395,46.8610,D
483395,46.8784,D
483395,46.9027,D
483900,46.9034,D
483900,46.9035,D
483900,46.9034,D
483900,46.9032,D
483900,46.9029,D
483900,46.9026,D
483900,46.9022,D
483900,46.9019,D
483900,46.9016,D
483900,46.9014,D
483900,46.9013,D
483900,46.9011,D
484407,46.9010,D
484407,46.9009,D
484407,46.9009,D
484407,46.9008,D
484407,46.9007,D
484407,46.9006,D
484407,46.9004,D
484407,46.9003,D
484407,46.9003,D
484407,46.9003,D
484407,46.9003,D
484911,46.9003,D
484911,46.9003,D
484911,46.9004,D
484911,46.9004,D
484911,46.9003,D
484911,46.9003,D
484911,46.9003,D
484911,46.9003,D
484911,46.9003,D
484911,46.9003,D
484911,46.9003,D
484911,46.9003,D
485415,46.9003,D
485415,46.9003,D
485415,46.9003,D
485415,46.9003,D
485415,46.9003,D
485415,46.9003,D
485415,46.9003,D
485415,46.9003,D
485415,46.9003,D
485415,46.9003,D
485415,46.9003,D
485923,46.9003,D
485923,46.9003,D
485923,46.9003,D
485923,46.9003,D
485923,46.9003,D
485923,46.9003,D
485923,46.9003,D
485923,46.9002,D
485923,46.9001,D
485923,46.9001,D
485923,46.9001,D
485923,46.9001,D
486426,46.9001,D
486426,46.9001,D
486426,46.9001,D
486426,46.9001,D
486426,46.9001,D
486426,46.9001,D
486426,46.9001,D
486426,46.9001,D
486426,46.9002,D
486426,46.9282,D
486426,46.9418,D
486932,46.9424,D
486932,46.9424,D
486932,46.9423,D
486932,46.9421,D
486932,46.9418,D
486932,46.9415,D
486932,46.9413,D
486932,46.9410,D
486932,46.9408,D
486932,46.9405,D
486932,46.9404,D
486932,46.9402,D
487434,46.9401,D
487434,46.9399,D
487434,46.9399,D
487434,46.9398,D
487434,46.9397,D
487434,46.9395,D
487434,46.9394,D
487434,46.9394,D
487434,46.9394,D
487434,46.9394,D
487434,46.9394,D
487939,46.9394,D
487939,46.9394,D
487939,46.9394,D
487939,46.9393,D
487939,46.9393,D
487939,46.9393,D
487939,46.9393,D
487939,46.9393,D
487939,46.9393,D
487939,46.9392,D
487939,46.9392,D
487939,46.9392,D
488444,46.9392,D
488444,46.9392,D
488444,46.9392,D
488444,46.9392,D
488444,46.9392,D
488444,46.9392,D
488444,46.9392,D
488444,46.9392,D
488444,46.9392,D
488444,46.9392,D
488444,46.9392,D
488444,46.9392,D
488946,46.9392,D
488946,46.9392,D
488946,46.9392,D
488946,46.9392,D
488946,46.9392,D
488946,46.9392,D
488946,46.9392,D
488946,46.9392,D
488946,46.9392,D
488946,46.9392,D
488946,46.9392,D
489450,46.9392,D
489450,46.9392,D
489450,46.9392,D
489450,46.9392,D
489450,46.9391,D
489450,46.9391,D
489450,46.9391,D
489450,46.9391,D
489450,46.9415,D
489450,46.9807,D
489450,46.9816,D
489450,46.9817,D
489952,46.9816,D
489952,46.9814,D
489952,46.9811,D
489952,46.9807,D
489952,46.9804,D
489952,46.9801,D
489952,46.9798,D
489952,46.9796,D
489952,46.9795,D
489952,46.9793,D
489952,46.9792,D
490458,46.9791,D
490458,46.9790,D
490458,46.9789,D
490458,46.9789,D
490458,46.9788,D
490458,46.9786,D
490458,46.9785,D
490458,46.9785,D
490458,46.9785,D
490458,46.9785,D
490458,46.9785,D
490458,46.9784,D
490963,46.9784,D
490963,46.9784,D
490963,46.9784,D
490963,46.9784,D
490963,46.9784,D
490964,46.9785,D
490964,46.9785,D
490964,46.9785,D
490964,46.9785,D
490964,46.9785,D
490964,46.9785,D
491469,46.9785,D
491469,46.9785,D
491469,46.9785,D
491469,46.9785,D
491469,46.9785,D
491469,46.9785,D
491469,46.9784,D
491469,46.9784,D
491469,46.9784,D
491469,46.9784,D
491469,46.9783,D
491469,46.9782,D
491978,46.9782,D
491978,46.9783,D
491978,46.9783,D
491978,46.9783,D
491978,46.9783,D
491978,46.9783,D
491978,46.9784,D
491978,46.9784,D
491978,46.9784,D
491978,46.9784,D
491978,46.9785,D
492483,46.9785,D
492483,46.9785,D
492483,46.9785,D
492483,46.9785,D
492483,46.9784,D
492483,46.9784,D
492483,46.9784,D
492483,46.9784,D
492483,46.9907,D
492483,47.0206,D
492483,47.0208,D
492483,47.0206,D
492991,47.0204,D
492991,47.0203,D
492991,47.0203,D
492991,47.0202,D
492991,47.0199,D
492991,47.0196,D
492991,47.0193,D
492991,47.0190,D
492991,47.0187,D
492991,47.0185,D
492991,47.0184,D
493506,47.0182,D
493506,47.0181,D
493506,47.0180,D
493506,47.0180,D
493506,47.0179,D
493506,47.0178,D
493506,47.0177,D
493506,47.0177,D
493506,47.0176,D
493506,47.0176,D
493506,47.0176,D
493506,47.0176,D
494020,47.0176,D
494020,47.0176,D
494020,47.0176,D
494020,47.0176,D
494020,47.0176,D
494020,47.0176,D
494020,47.0176,D
494020,47.0176,D
494020,47.0176,D
494020,47.0176,D
494020,47.0176,D
494020,47.0176,D
494521,47.0176,D
494521,47.0176,D
494521,47.0176,D
494521,47.0176,D
494521,47.0176,D
494521,47.0176,D
494521,47.0176,D
494521,47.0176,D
494521,47.0176,D
494521,47.0176,D
494521,47.0176,D
494521,47.0176,D
495025,47.0176,D
495025,47.0176,D
495025,47.0176,D
495025,47.0176,D
495025,47.0176,D
495025,47.0176,D
495025,47.0176,D
495025,47.0176,D
495025,47.0176,D
495025,47.0176,D
495025,47.0176,D
495529,47.0176,D
495529,47.0176,D
495529,47.0176,D
495529,47.0176,D
495529,47.0176,D
495529,47.0176,D
495529,47.0176,D
495529,47.0297,D
495529,47.0592,D
495529,47.0599,D
495529,47.0600,D
495529,47.0598,D
496036,47.0597,D
496036,47.0594,D
496036,47.0590,D
496036,47.0587,D
496036,47.0584,D
496036,47.0581,D
496036,47.0579,D
496036,47.0577,D
496036,47.0575,D
496036,47.0574,D
496036,47.0573,D
496540,47.0573,D
496540,47.0572,D
496540,47.0571,D
496540,47.0571,D
496540,47.0569,D
496540,47.0569,D
496540,47.0568,D
496540,47.0568,D
496540,47.0568,D
496540,47.0567,D
496540,47.0567,D
496540,47.0567,D
497043,47.0567,D
497043,47.0567,D
497043,47.0567,D
497043,47.0567,D
497043,47.0567,D
497043,47.0567,D
497043,47.0567,D
497043,47.0567,D
497043,47.0567,D
497043,47.0567,D
497043,47.0567,D
497545,47.0567,D
497545,47.0568,D
497545,47.0568,D
497545,47.0568,D
497545,47.0568,D
497545,47.0566,D
497545,47.0562,D
497545,47.0561,D
497545,47.0560,D
497545,47.0560,D
497545,47.0560,D
497545,47.0560,D
498058,47.0561,D
498058,47.0561,D
498058,47.0562,D
498058,47.0562,D
498058,47.0563,D
498058,47.0563,D
498058,47.0564,D
498058,47.0564,D
498058,47.0564,D
498058,47.0564,D
498058,47.0564,D
498058,47.0564,D
498565,47.0564,D
498565,47.0565,D
498565,47.0565,D
498565,47.0565,D
498565,47.0566,D
498565,47.0677,D
498565,47.0897,D
498565,47.0949,D
498565,47.0969,D
498565,47.0975,D
498565,47.0975,D
499072,47.0977,D
499072,47.0975,D
499072,47.0971,D
499072,47.0967,D
499072,47.0964,D
499072,47.0962,D
499072,47.0960,D
499072,47.0959,D
499072,47.0958,D
499072,47.0958,D
499072,47.0957,D
499072,47.0957,D
499579,47.0957,D
499579,47.0956,D
499579,47.0956,D
499579,47.0956,D
499579,47.0956,D
499579,47.0956,D
499579,47.0955,D
499579,47.0955,D
499579,47.0954,D
499579,47.0950,D
499579,47.0949,D
500082,47.0948,D
500082,47.0948,D
500082,47.0949,D
500082,47.0949,D
500082,47.0950,D
500082,47.0950,D
500082,47.0951,D
500082,47.0951,D
500082,47.0952,D
500082,47.0952,D
500082,47.0953,D
500584,47.0953,D
500584,47.0953,D
500584,47.0953,D
500584,47.0954,D
500584,47.0953,D
500584,47.0953,D
500584,47.0953,D
500584,47.0953,D
500584,47.0953,D
500584,47.0953,D
500584,47.0953,D
500584,47.0952,D
501085,47.0952,D
501085,47.0952,D
501085,47.0952,D
501085,47.0952,D
501085,47.0951,D
501085,47.0951,D
501085,47.0951,D
501085,47.0951,D
501085,47.0951,D
501085,47.0950,D
501085,47.0948,D
501085,47.0948,D
501588,47.0948,D
501588,47.0948,D
501588,47.0948,D
501588,47.0948,D
501588,47.0948,D
501588,47.0949,D
501588,47.1231,D
501588,47.1367,D
501588,47.1370,D
501588,47.1372,D
501588,47.1371,D
502102,47.1367,D
502103,47.1364,D
502103,47.1360,D
502103,47.1356,D
502103,47.1353,D
502103,47.1351,D
502103,47.1349,D
502103,47.1348,D
502103,47.1347,D
502103,47.1346,D
502103,47.1346,D
502103,47.1345,D
502617,47.1345,D
502617,47.1345,D
502617,47.1344,D
502617,47.1344,D
502617,47.1342,D
502617,47.1341,D
502617,47.1341,D
502617,47.1341,D
502617,47.1341,D
502617,47.1341,D
502617,47.1341,D
502617,47.1340,D
503124,47.1340,D
503124,47.1340,D
503124,47.1340,D
503124,47.1340,D
503124,47.1340,D
503124,47.1340,D
503124,47.1340,D
503124,47.1340,D
503124,47.1340,D
503124,47.1340,D
503124,47.1340,D
503632,47.1340,D
503632,47.1340,D
503632,47.1340,D
503632,47.1340,D
503632,47.1340,D
503632,47.1340,D
503632,47.1339,D
503632,47.1339,D
503632,47.1338,D
503632,47.1338,D
503632,47.1338,D
503632,47.1338,D
504143,47.1338,D
504143,47.1338,D
504143,47.1338,D
504143,47.1338,D
504143,47.1338,D
504143,47.1338,D
504143,47.1338,D
504143,47.1338,D
504143,47.1338,D
504143,47.1338,D
504143,47.1338,D
504143,47.1338,D
504644,47.1338,D
504644,47.1338,D
504644,47.1338,D
504644,47.1338,D
504644,47.1338,D
504644,47.1648,D
504644,47.1754,D
504644,47.1760,D
504644,47.1764,D
504644,47.1762,D
504644,47.1759,D
505145,47.1756,D
505145,47.1752,D
505145,47.1748,D
505145,47.1745,D
505145,47.1742,D
505145,47.1740,D
505145,47.1739,D
505145,47.1737,D
505145,47.1736,D
505145,47.1735,D
505145,47.1734,D
505145,47.1734,D
505649,47.1733,D
505649,47.1732,D
505649,47.1731,D
505649,47.1730,D
505649,47.1730,D
505649,47.1730,D
505649,47.1730,D
505649,47.1730,D
505649,47.1730,D
505649,47.1730,D
505649,47.1730,D
506163,47.1730,D
506163,47.1729,D
506163,47.1729,D
506163,47.1729,D
506163,47.1728,D
506163,47.1728,D
506163,47.1728,D
506163,47.1728,D
506163,47.1728,D
506163,47.1728,D
506163,47.1728,D
506163,47.1728,D
506677,47.1728,D
506677,47.1729,D
506677,47.1729,D
506677,47.1729,D
506677,47.1729,D
506677,47.1729,D
506677,47.1729,D
506677,47.1729,D
506677,47.1729,D
506677,47.1729,D
506677,47.1729,D
506677,47.1729,D
507181,47.1729,D
507181,47.1729,D
507181,47.1729,D
507181,47.1729,D
507181,47.1729,D
507181,47.1729,D
507181,47.1729,D
507181,47.1729,D
507181,47.1729,D
507181,47.1729,D
507181,47.1729,D
507688,47.1729,D
507688,47.1729,D
507688,47.1729,D
507688,47.1729,D
507688,47.1729,D
507688,47.2009,D
507688,47.2146,D
507688,47.2151,D
507688,47.2151,D
507688,47.2151,D
507688,47.2148,D
507688,47.2145,D
508196,47.2142,D
508196,47.2140,D
508196,47.2137,D
508196,47.2135,D
508196,47.2133,D
508196,47.2132,D
508196,47.2130,D
508196,47.2129,D
508196,47.2128,D
508196,47.2127,D
508196,47.2126,D
508704,47.2126,D
508704,47.2124,D
508704,47.2124,D
508704,47.2124,D
508704,47.2124,D
508704,47.2123,D
508704,47.2123,D
508704,47.2123,D
508704,47.2124,D
508704,47.2124,D
508704,47.2124,D
508704,47.2124,D
509218,47.2124,D
509218,47.2124,D
509218,47.2124,D
509218,47.2124,D
509218,47.2124,D
509218,47.2124,D
509218,47.2124,D
509218,47.2124,D
509218,47.2125,D
509218,47.2125,D
509218,47.2125,D
509218,47.2125,D
509726,47.2125,D
509726,47.2125,D
509726,47.2126,D
509726,47.2126,D
509726,47.2126,D
509726,47.2126,D
509726,47.2126,D
509726,47.2126,D
509726,47.2127,D
509726,47.2127,D
509726,47.2127,D
509726,47.2127,D
510229,47.2127,D
510229,47.2128,D
510229,47.2128,D
510229,47.2128,D
510229,47.2128,D
510229,47.2128,D
510229,47.2128,D
510229,47.2128,D
510229,47.2129,D
510229,47.2129,D
510229,47.2129,D
510730,47.2129,D
510730,47.2129,D
510730,47.2129,D
510730,47.2129,D
510730,47.2434,D
510730,47.2544,D
510730,47.2551,D
510730,47.2551,D
510730,47.2550,D
510730,47.2547,D
510730,47.2544,D
510730,47.2540,D
511235,47.2536,D
511235,47.2534,D
511235,47.2531,D
511235,47.2529,D
511235,47.2527,D
511235,47.2525,D
511235,47.2524,D
511235,47.2523,D
511235,47.2522,D
511235,47.2521,D
511235,47.2520,D
511742,47.2519,D
511742,47.2517,D
511742,47.2517,D
511743,47.2517,D
511743,47.2517,D
511743,47.2516,D
511743,47.2515,D
511743,47.2515,D
511743,47.2515,D
511743,47.2515,D
511743,47.2515,D
511743,47.2515,D
512253,47.2514,D
512253,47.2514,D
512253,47.2514,D
512253,47.2514,D
512253,47.2514,D
512253,47.2514,D
512253,47.2514,D
512253,47.2514,D
512253,47.2514,D
512253,47.2514,D
512253,47.2514,D
512253,47.2514,D
512754,47.2514,D
512754,47.2513,D
512754,47.2513,D
512754,47.2513,D
512754,47.2513,D
512754,47.2513,D
512754,47.2513,D
512754,47.2512,D
512754,47.2512,D
512754,47.2512,D
512754,47.2512,D
513268,47.2512,D
513268,47.2512,D
513268,47.2511,D
513268,47.2511,D
513268,47.2511,D
513268,47.2511,D
513268,47.2511,D
513268,47.2511,D
513268,47.2511,D
513268,47.2510,D
513268,47.2510,D
513268,47.2510,D
513768,47.2510,D
513768,47.2510,D
513768,47.2510,D
513768,47.2871,D
513768,47.2929,D
513768,47.2934,D
513768,47.2934,D
513768,47.2933,D
513768,47.2930,D
513768,47.2927,D
513768,47.2924,D
514276,47.2921,D
514276,47.2919,D
514276,47.2916,D
514276,47.2914,D
514276,47.2912,D
514276,47.2911,D
514276,47.2909,D
514276,47.2908,D
514276,47.2907,D
514276,47.2906,D
514276,47.2905,D
514276,47.2901,D
514790,47.2900,D
514790,47.2899,D
514790,47.2899,D
514790,47.2899,D
514790,47.2899,D
514790,47.2899,D
514790,47.2899,D
514790,47.2899,D
514790,47.2899,D
514790,47.2899,D
514790,47.2899,D
515297,47.2899,D
515297,47.2899,D
515297,47.2899,D
515297,47.2899,D
515297,47.2899,D
515297,47.2899,D
515297,47.2899,D
515297,47.2899,D
515297,47.2898,D
515297,47.2898,D
515297,47.2898,D
515297,47.2898,D
515798,47.2898,D
515798,47.2897,D
515798,47.2897,D
515798,47.2897,D
515798,47.2897,D
515798,47.2896,D
515798,47.2896,D
515798,47.2896,D
515798,47.2896,D
515798,47.2895,D
515798,47.2895,D
516309,47.2895,D
516309,47.2895,D
516309,47.2895,D
516309,47.2894,D
516309,47.2894,D
516309,47.2893,D
516309,47.2892,D
516309,47.2892,D
516309,47.2892,D
516309,47.2891,D
516309,47.2890,D
516309,47.2890,D
516810,47.2891,D
516810,47.2895,D
516810,47.2903,D
516810,47.3176,D
516810,47.3304,D
516810,47.3312,D
516810,47.3312,D
516810,47.3310,D
516810,47.3308,D
516810,47.3304,D
516810,47.3300,D
516810,47.3297,D
517311,47.3295,D
517311,47.3292,D
517311,47.3290,D
517311,47.3288,D
517311,47.3287,D
517311,47.3286,D
517311,47.3285,D
517311,47.3284,D
517311,47.3283,D
517311,47.3282,D
517311,47.3281,D
517825,47.3280,D
517825,47.3280,D
517825,47.3280,D
517825,47.3280,D
517825,47.3280,D
517825,47.3280,D
517825,47.3280,D
517825,47.3280,D
517825,47.3280,D
517825,47.3280,D
517825,47.3280,D
517825,47.3279,D
518331,47.3279,D
518331,47.3279,D
518331,47.3279,D
518331,47.3279,D
518331,47.3278,D
518331,47.3278,D
518331,47.3277,D
518331,47.3277,D
518331,47.3277,D
518331,47.3277,D
518331,47.3277,D
518331,47.3277,D
518839,47.3277,D
518839,47.3278,D
518839,47.3278,D
518839,47.3278,D
518839,47.3278,D
518839,47.3278,D
518839,47.3278,D
518839,47.3278,D
518839,47.3278,D
518839,47.3278,D
518839,47.3278,D
519346,47.3278,D
519346,47.3278,D
519346,47.3278,D
519346,47.3278,D
519346,47.3278,D
519346,47.3278,D
519346,47.3278,D
519346,47.3278,D
519346,47.3278,D
519346,47.3279,D
519346,47.3279,D
519346,47.3279,D
519852,47.3279,D
519852,47.3279,D
519852,47.3484,D
519852,47.3703,D
519852,47.3710,D
519852,47.3710,D
519852,47.3709,D
519852,47.3707,D
519852,47.3704,D
519853,47.3701,D
519853,47.3698,D
519853,47.3695,D
520358,47.3693,D
520358,47.3691,D
520358,47.3689,D
520358,47.3688,D
520358,47.3687,D
520358,47.3686,D
520358,47.3685,D
520358,47.3684,D
520358,47.3684,D
520358,47.3682,D
520358,47.3681,D
520859,47.3681,D
520859,47.3681,D
520859,47.3681,D
520859,47.3680,D
520859,47.3680,D
520859,47.3680,D
520859,47.3680,D
520859,47.3681,D
520859,47.3681,D
520859,47.3681,D
520859,47.3681,D
520859,47.3681,D
521360,47.3681,D
521360,47.3681,D
521360,47.3681,D
521360,47.3681,D
521360,47.3681,D
521360,47.3681,D
521360,47.3681,D
521360,47.3681,D
521360,47.3681,D
521360,47.3681,D
521360,47.3681,D
521875,47.3681,D
521875,47.3681,D
521875,47.3681,D
521875,47.3681,D
521875,47.3681,D
521875,47.3681,D
521875,47.3682,D
521875,47.3682,D
521875,47.3682,D
521875,47.3682,D
521875,47.3682,D
521875,47.3682,D
522382,47.3682,D
522382,47.3682,D
522382,47.3682,D
522382,47.3682,D
522382,47.3682,D
522382,47.3682,D
522382,47.3682,D
522382,47.3682,D
522382,47.3682,D
522382,47.3682,D
522382,47.3682,D
522896,47.3682,D
522896,47.3682,D
522896,47.3858,D
522896,47.4105,D
522896,47.4110,D
522896,47.4111,D
522896,47.4111,D
522896,47.4108,D
522896,47.4105,D
522896,47.4101,D
522896,47.4098,D
522896,47.4095,D
523409,47.4092,D
523409,47.4090,D
523409,47.4089,D
523409,47.4087,D
523409,47.4086,D
523409,47.4085,D
523409,47.4084,D
523409,47.4083,D
523409,47.4082,D
523409,47.4082,D
523409,47.4080,D
523409,47.4079,D
523910,47.4079,D
523910,47.4079,D
523910,47.4079,D
523910,47.4079,D
523910,47.4079,D
523910,47.4079,D
523910,47.4079,D
523910,47.4078,D
523910,47.4078,D
523910,47.4078,D
523910,47.4078,D
524425,47.4078,D
524425,47.4077,D
524425,47.4077,D
524425,47.4077,D
524425,47.4077,D
524425,47.4077,D
524425,47.4077,D
524425,47.4077,D
524425,47.4077,D
524425,47.4077,D
524425,47.4077,D
524425,47.4077,D
524931,47.4077,D
524931,47.4077,D
524931,47.4077,D
524931,47.4077,D
524931,47.4077,D
524931,47.4077,D
524931,47.4077,D
524931,47.4077,D
524931,47.4077,D
524931,47.4077,D
524931,47.4077,D
524931,47.4077,D
525437,47.4077,D
525437,47.4077,D
525437,47.4076,D
525437,47.4076,D
525437,47.4076,D
525437,47.4076,D
525437,47.4076,D
525437,47.4076,D
525437,47.4076,D
525437,47.4076,D
525437,47.4076,D
525941,47.4076,D
525941,47.4278,D
525941,47.4495,D
525941,47.4500,D
525941,47.4502,D
525941,47.4501,D
525941,47.4499,D
525941,47.4496,D
525941,47.4492,D
525941,47.4489,D
525941,47.4486,D
525941,47.4484,D
526445,47.4482,D
526445,47.4480,D
526445,47.4479,D
526445,47.4477,D
526445,47.4476,D
526445,47.4476,D
526445,47.4475,D
526445,47.4474,D
526445,47.4473,D
526445,47.4472,D
526445,47.4471,D
526948,47.4471,D
526948,47.4471,D
526948,47.4471,D
526948,47.4471,D
526948,47.4471,D
526948,47.4471,D
526948,47.4471,D
526948,47.4471,D
526948,47.4471,D
526948,47.4471,D
526948,47.4471,D
526948,47.4471,D
527451,47.4471,D
527451,47.4471,D
527451,47.4471,D
527451,47.4471,D
527451,47.4471,D
527451,47.4471,D
527451,47.4471,D
527451,47.4471,D
527451,47.4471,D
527451,47.4471,D
527451,47.4471,D
527451,47.4471,D
527962,47.4471,D
527962,47.4471,D
527962,47.4471,D
527962,47.4471,D
527962,47.4471,D
527962,47.4471,D
527962,47.4471,D
527962,47.4471,D
527962,47.4471,D
527962,47.4471,D
527962,47.4471,D
528474,47.4471,D
528474,47.4471,D
528474,47.4471,D
528474,47.4471,D
528474,47.4472,D
528474,47.4472,D
528474,47.4472,D
528474,47.4472,D
528474,47.4472,D
528474,47.4472,D
528474,47.4472,D
528474,47.4472,D
528982,47.4543,D
528982,47.4889,D
528982,47.4898,D
528982,47.4899,D
528982,47.4898,D
528982,47.4896,D
528982,47.4892,D
528982,47.4888,D
528982,47.4885,D
528982,47.4882,D
528982,47.4879,D
528982,47.4877,D
529491,47.4875,D
529491,47.4873,D
529491,47.4872,D
529491,47.4870,D
529491,47.4869,D
529491,47.4869,D
529491,47.4868,D
529491,47.4867,D
529491,47.4865,D
529491,47.4865,D
529491,47.4864,D
530001,47.4864,D
530001,47.4864,D
530001,47.4864,D
530001,47.4863,D
530001,47.4863,D
530001,47.4863,D
530001,47.4863,D
530001,47.4863,D
530001,47.4863,D
530001,47.4863,D
530001,47.4863,D
530001,47.4863,D
530508,47.4863,D
530508,47.4863,D
530508,47.4862,D
530508,47.4862,D
530508,47.4862,D
530508,47.4862,D
530508,47.4862,D
530508,47.4862,D
530508,47.4862,D
530508,47.4862,D
530508,47.4862,D
531021,47.4862,D
531021,47.4862,D
531021,47.4862,D
531021,47.4862,D
531021,47.4862,D
531021,47.4862,D
531021,47.4862,D
531021,47.4861,D
531021,47.4861,D
531021,47.4861,D
531021,47.4861,D
531021,47.4861,D
531524,47.4861,D
531524,47.4861,D
531524,47.4861,D
531524,47.4861,D
531524,47.4861,D
531524,47.4861,D
531524,47.4861,D
531524,47.4861,D
531524,47.4861,D
531524,47.4861,D
531524,47.4861,D
532035,47.4861,D
532035,47.5220,D
532035,47.5280,D
532035,47.5286,D
532035,47.5286,D
532035,47.5284,D
532035,47.5282,D
532035,47.5278,D
532035,47.5274,D
532035,47.5271,D
532035,47.5268,D
532035,47.5266,D
532538,47.5264,D
532538,47.5262,D
532538,47.5260,D
532538,47.5259,D
532538,47.5258,D
532538,47.5257,D
532538,47.5256,D
532538,47.5255,D
532538,47.5254,D
532538,47.5253,D
532538,47.5252,D
532538,47.5252,D
533046,47.5252,D
533046,47.5252,D
533046,47.5252,D
533046,47.5252,D
533046,47.5252,D
533046,47.5252,D
533048,47.5252,D
533048,47.5251,D
533048,47.5251,D
533048,47.5251,D
533048,47.5251,D
533048,47.5251,D
533555,47.5251,D
533555,47.5251,D
533555,47.5251,D
533555,47.5251,D
533555,47.5251,D
533555,47.5251,D
533555,47.5250,D
533555,47.5250,D
533555,47.5250,D
533555,47.5250,D
533555,47.5250,D
534066,47.5250,D
534066,47.5250,D
534066,47.5250,D
534066,47.5250,D
534066,47.5250,D
534066,47.5250,D
534066,47.5250,D
534066,47.5250,D
534066,47.5250,D
534066,47.5250,D
534066,47.5250,D
534066,47.5250,D
534572,47.5250,D
534572,47.5250,D
534572,47.5250,D
534572,47.5250,D
534572,47.5250,D
534572,47.5250,D
534572,47.5250,D
534572,47.5250,D
534572,47.5250,D
534572,47.5250,D
534572,47.5250,D
535072,47.5558,D
535072,47.5667,D
535072,47.5675,D
535072,47.5675,D
535072,47.5673,D
535072,47.5671,D
535072,47.5667,D
535072,47.5663,D
535072,47.5660,D
535072,47.5658,D
535072,47.5656,D
535072,47.5654,D
535585,47.5652,D
535585,47.5651,D
535585,47.5649,D
535585,47.5648,D
535585,47.5648,D
535585,47.5647,D
535585,47.5646,D
535585,47.5644,D
535585,47.5643,D
535585,47.5643,D
535585,47.5643,D
536095,47.5643,D
536095,47.5642,D
536095,47.5642,D
536095,47.5642,D
536095,47.5642,D
536095,47.5642,D
536095,47.5641,D
536095,47.5641,D
536095,47.5641,D
536095,47.5641,D
536095,47.5641,D
536095,47.5641,D
536610,47.5641,D
536610,47.5641,D
536610,47.5641,D
536610,47.5641,D
536610,47.5641,D
536610,47.5640,D
536610,47.5640,D
536610,47.5640,D
536610,47.5640,D
536610,47.5640,D
536610,47.5640,D
536610,47.5640,D
537125,47.5640,D
537125,47.5640,D
537125,47.5640,D
537125,47.5640,D
537125,47.5640,D
537125,47.5640,D
537125,47.5640,D
537125,47.5640,D
537125,47.5639,D
537125,47.5639,D
537125,47.5639,D
537125,47.5639,D
537628,47.5639,D
537628,47.5639,D
537628,47.5639,D
537628,47.5639,D
537628,47.5639,D
537628,47.5639,D
537628,47.5639,D
537628,47.5639,D
537628,47.5639,D
537628,47.5639,D
537628,47.5893,D
538140,47.6056,D
538140,47.6062,D
538140,47.6062,D
538140,47.6062,D
538140,47.6059,D
538140,47.6055,D
538140,47.6051,D
538140,47.6048,D
538140,47.6046,D
538140,47.6044,D
538140,47.6042,D
538140,47.6040,D
538651,47.6038,D
538651,47.6037,D
538651,47.6036,D
538651,47.6035,D
538651,47.6035,D
538651,47.6034,D
538651,47.6032,D
538651,47.6031,D
538651,47.6031,D
538651,47.6030,D
538651,47.6030,D
538651,47.6030,D
539162,47.6030,D
539162,47.6030,D
539162,47.6030,D
539162,47.6030,D
539162,47.6029,D
539162,47.6029,D
539162,47.6029,D
539162,47.6029,D
539162,47.6029,D
539162,47.6029,D
539162,47.6029,D
539162,47.6029,D
539673,47.6029,D
539673,47.6029,D
539673,47.6029,D
539673,47.6029,D
539673,47.6029,D
539673,47.6029,D
539673,47.6029,D
539673,47.6029,D
539673,47.6029,D
539673,47.6029,D
539673,47.6029,D
540182,47.6029,D
540182,47.6029,D
540182,47.6029,D
540182,47.6029,D
540182,47.6029,D
540182,47.6029,D
540182,47.6029,D
540182,47.6029,D
540182,47.6029,D
540182,47.6029,D
540182,47.6029,D
540182,47.6029,D
540683,47.6029,D
540683,47.6029,D
540683,47.6029,D
540683,47.6029,D
540683,47.6029,D
540683,47.6029,D
540683,47.6029,D
540683,47.6029,D
540683,47.6029,D
540683,47.6124,D
540683,47.6445,D
541196,47.6453,D
541196,47.6455,D
541196,47.6453,D
541196,47.6451,D
541196,47.6448,D
541196,47.6444,D
541196,47.6441,D
541196,47.6438,D
541196,47.6436,D
541196,47.6433,D
541196,47.6431,D
541196,47.6429,D
541711,47.6428,D
541711,47.6427,D
541711,47.6426,D
541711,47.6425,D
541711,47.6425,D
541711,47.6424,D
541711,47.6422,D
541711,47.6421,D
541711,47.6421,D
541711,47.6421,D
541711,47.6421,D
541711,47.6421,D
542226,47.6421,D
542226,47.6421,D
542226,47.6420,D
542226,47.6420,D
542226,47.6420,D
542226,47.6420,D
542226,47.6420,D
542226,47.6420,D
542226,47.6420,D
542226,47.6420,D
542226,47.6420,D
542226,47.6420,D
542740,47.6420,D
542740,47.6420,D
542740,47.6419,D
542740,47.6419,D
542740,47.6419,D
542740,47.6419,D
542740,47.6419,D
542740,47.6419,D
542740,47.6419,D
542740,47.6419,D
542740,47.6419,D
543253,47.6419,D
543253,47.6419,D
543253,47.6419,D
543253,47.6419,D
543253,47.6419,D
543253,47.6419,D
543253,47.6419,D
543253,47.6419,D
543253,47.6419,D
543253,47.6419,D
543253,47.6419,D
543253,47.6419,D
543768,47.6419,D
543768,47.6419,D
543768,47.6418,D
543768,47.6418,D
543768,47.6418,D
543768,47.6418,D
543768,47.6418,D
543768,47.6418,D
543768,47.6418,D
543768,47.6780,D
543768,47.6838,D
543768,47.6843,D
544271,47.6843,D
544271,47.6841,D
544271,47.6838,D
544271,47.6835,D
544271,47.6831,D
544271,47.6829,D
544271,47.6826,D
544271,47.6824,D
544271,47.6822,D
544271,47.6821,D
544271,47.6819,D
544272,47.6818,D
544786,47.6817,D
544786,47.6816,D
544786,47.6816,D
544786,47.6815,D
544786,47.6813,D
544786,47.6812,D
544786,47.6812,D
544786,47.6812,D
544786,47.6811,D
544786,47.6811,D
544786,47.6811,D
545298,47.6811,D
545298,47.6811,D
545298,47.6811,D
545298,47.6811,D
545298,47.6811,D
545298,47.6811,D
545298,47.6811,D
545298,47.6811,D
545298,47.6811,D
545298,47.6811,D
545298,47.6811,D
545298,47.6811,D
545811,47.6811,D
545811,47.6811,D
545811,47.6811,D
545811,47.6811,D
545811,47.6810,D
545811,47.6810,D
545811,47.6810,D
545811,47.6810,D
545811,47.6810,D
545811,47.6810,D
545811,47.6810,D
545811,47.6810,D
546312,47.6810,D
546312,47.6810,D
546312,47.6810,D
546312,47.6810,D
546312,47.6810,D
546312,47.6810,D
546312,47.6810,D
546312,47.6810,D
546312,47.6810,D
546312,47.6810,D
546312,47.6810,D
546814,47.6810,D
546814,47.6810,D
546814,47.6810,D
546814,47.6810,D
546814,47.6810,D
546814,47.6810,D
546814,47.6810,D
546814,47.6811,D
546814,47.7041,D
546814,47.7232,D
546814,47.7239,D
546814,47.7239,D
547315,47.7237,D
547315,47.7235,D
547315,47.7231,D
547315,47.7228,D
547315,47.7225,D
547315,47.7223,D
547315,47.7221,D
547315,47.7219,D
547315,47.7217,D
547315,47.7216,D
547315,47.7215,D
547829,47.7214,D
547829,47.7213,D
547829,47.7213,D
547829,47.7212,D
547829,47.7211,D
547829,47.7210,D
547829,47.7210,D
547829,47.7210,D
547829,47.7209,D
547829,47.7209,D
547829,47.7209,D
547829,47.7209,D
548332,47.7209,D
548332,47.7209,D
548332,47.7209,D
548332,47.7209,D
548332,47.7209,D
548332,47.7209,D
548332,47.7209,D
548332,47.7209,D
548332,47.7209,D
548332,47.7209,D
548332,47.7209,D
548840,47.7209,D
548840,47.7209,D
548840,47.7209,D
548840,47.7208,D
548840,47.7208,D
548840,47.7208,D
548840,47.7208,D
548840,47.7208,D
548840,47.7208,D
548840,47.7208,D
548840,47.7208,D
548840,47.7208,D
549348,47.7208,D
549348,47.7208,D
549348,47.7208,D
549348,47.7208,D
549348,47.7208,D
549348,47.7208,D
549348,47.7208,D
549348,47.7208,D
549348,47.7207,D
549348,47.7207,D
549348,47.7207,D
549856,47.7207,D
549856,47.7207,D
549856,47.7207,D
549856,47.7207,D
549856,47.7207,D
549856,47.7207,D
549856,47.7207,D
549856,47.7207,D
549856,47.7355,D
549856,47.7622,D
549856,47.7630,D
549856,47.7631,D
550362,47.7630,D
550362,47.7628,D
550362,47.7624,D
550362,47.7620,D
550362,47.7616,D
550362,47.7614,D
550362,47.7611,D
550362,47.7609,D
550362,47.7608,D
550362,47.7606,D
550362,47.7605,D
550362,47.7604,D
550864,47.7603,D
550864,47.7602,D
550864,47.7601,D
550864,47.7601,D
550864,47.7598,D
550864,47.7598,D
550864,47.7598,D
550864,47.7597,D
550864,47.7597,D
550864,47.7597,D
550864,47.7597,D
551367,47.7597,D
551367,47.7596,D
551367,47.7596,D
551367,47.7596,D
551367,47.7596,D
551367,47.7596,D
551367,47.7596,D
551367,47.7596,D
551367,47.7596,D
551367,47.7596,D
551367,47.7596,D
551367,47.7596,D
551868,47.7596,D
551868,47.7596,D
551868,47.7596,D
551868,47.7596,D
551868,47.7596,D
551868,47.7595,D
551868,47.7595,D
551868,47.7595,D
551868,47.7595,D
551868,47.7595,D
551868,47.7595,D
552378,47.7595,D
552378,47.7595,D
552378,47.7595,D
552378,47.7595,D
552378,47.7595,D
552378,47.7595,D
552378,47.7595,D
552378,47.7595,D
552378,47.7595,D
552378,47.7595,D
552379,47.7595,D
552379,47.7595,D
552887,47.7595,D
552887,47.7595,D
552887,47.7595,D
552887,47.7595,D
552887,47.7595,D
552887,47.7595,D
552887,47.7595,D
552887,47.7595,D
552887,47.7928,D
552887,47.8010,D
552887,47.8019,D
552887,47.8019,D
553396,47.8018,D
553396,47.8015,D
553396,47.8011,D
553396,47.8008,D
553396,47.8004,D
553396,47.8002,D
553396,47.7999,D
553396,47.7997,D
553396,47.7996,D
553396,47.7994,D
553396,47.7993,D
553907,47.7992,D
553907,47.7991,D
553907,47.7990,D
553907,47.7989,D
553907,47.7988,D
553907,47.7987,D
553907,47.7986,D
553907,47.7986,D
553907,47.7986,D
553907,47.7986,D
553907,47.7986,D
553908,47.7986,D
554414,47.7986,D
554414,47.7985,D
554414,47.7985,D
554414,47.7985,D
554414,47.7985,D
554414,47.7985,D
554414,47.7985,D
554414,47.7985,D
554414,47.7985,D
554414,47.7985,D
554414,47.7985,D
554414,47.7985,D
554929,47.7985,D
554929,47.7985,D
554929,47.7985,D
554929,47.7985,D
554929,47.7985,D
554929,47.7985,D
554929,47.7985,D
554929,47.7985,D
554929,47.7985,D
554929,47.7985,D
554929,47.7985,D
554929,47.7985,D
555444,47.7985,D
555444,47.7985,D
555444,47.7985,D
555444,47.7985,D
555444,47.7985,D
555444,47.7985,D
555444,47.7985,D
555444,47.7985,D
555444,47.7985,D
555444,47.7985,D
555444,47.7985,D
555958,47.7985,D
555958,47.7985,D
555958,47.7985,D
555958,47.7985,D
555958,47.7985,D
555958,47.7985,D
555958,47.7985,D
555958,47.8133,D
555958,47.8402,D
555958,47.8410,D
555958,47.8412,D
555958,47.8411,D
556473,47.8409,D
556473,47.8406,D
556473,47.8403,D
556473,47.8399,D
556473,47.8397,D
556473,47.8394,D
556473,47.8392,D
556473,47.8390,D
556473,47.8389,D
556473,47.8388,D
556473,47.8387,D
556473,47.8386,D
556982,47.8385,D
556982,47.8385,D
556982,47.8384,D
556982,47.8383,D
556982,47.8382,D
556982,47.8382,D
556982,47.8382,D
556982,47.8382,D
556982,47.8382,D
556982,47.8381,D
556982,47.8381,D
557493,47.8381,D
557493,47.8381,D
557493,47.8381,D
557493,47.8381,D
557493,47.8381,D
557493,47.8381,D
557493,47.8381,D
557493,47.8381,D
557493,47.8381,D
557493,47.8381,D
557493,47.8381,D
557493,47.8381,D
558003,47.8381,D
558003,47.8381,D
558003,47.8381,D
558003,47.8381,D
558003,47.8381,D
558003,47.8381,D
558003,47.8381,D
558003,47.8382,D
558003,47.8382,D
558003,47.8382,D
558003,47.8382,D
558511,47.8382,D
558511,47.8382,D
558511,47.8382,D
558511,47.8382,D
558511,47.8382,D
558511,47.8382,D
558511,47.8382,D
558511,47.8382,D
558511,47.8382,D
558511,47.8382,D
558511,47.8382,D
558511,47.8382,D
559022,47.8382,D
559022,47.8382,D
559022,47.8382,D
559022,47.8382,D
559022,47.8382,D
559022,47.8382,D
559022,47.8382,D
559022,47.8794,D
559022,47.8805,D
559022,47.8807,D
559022,47.8805,D
559022,47.8803,D
559537,47.8800,D
559537,47.8797,D
559537,47.8793,D
559537,47.8790,D
559537,47.8788,D
559537,47.8786,D
559537,47.8784,D
559537,47.8782,D
559537,47.8780,D
559537,47.8779,D
559537,47.8778,D
559537,47.8777,D
560051,47.8777,D
560051,47.8776,D
560051,47.8774,D
560051,47.8773,D
560051,47.8773,D
560051,47.8773,D
560051,47.8772,D
560051,47.8772,D
560051,47.8772,D
560051,47.8772,D
560051,47.8772,D
560051,47.8772,D
560554,47.8772,D
560554,47.8772,D
560554,47.8771,D
560554,47.8771,D
560554,47.8771,D
560554,47.8771,D
560554,47.8771,D
560554,47.8771,D
560554,47.8771,D
560554,47.8771,D
560554,47.8771,D
561063,47.8771,D
561063,47.8771,D
561063,47.8771,D
561063,47.8771,D
561063,47.8771,D
561063,47.8771,D
561063,47.8771,D
561063,47.8771,D
561063,47.8771,D
561063,47.8771,D
561063,47.8771,D
561063,47.8771,D
561574,47.8771,D
561574,47.8771,D
561574,47.8771,D
561574,47.8771,D
561574,47.8771,D
561574,47.8770,D
561574,47.8770,D
561574,47.8770,D
561574,47.8770,D
561574,47.8770,D
561574,47.8770,D
561574,47.8770,D
562087,47.8770,D
562087,47.8770,D
562087,47.8770,D
562087,47.8770,D
562087,47.8770,D
562087,47.9076,D
562087,47.9185,D
562087,47.9193,D
562087,47.9193,D
562087,47.9192,D
562087,47.9189,D
562590,47.9185,D
562590,47.9181,D
562590,47.9178,D
562590,47.9175,D
562590,47.9173,D
562590,47.9171,D
562590,47.9169,D
562590,47.9167,D
562590,47.9166,D
562590,47.9165,D
562590,47.9164,D
562590,47.9163,D
563091,47.9163,D
563091,47.9161,D
563091,47.9159,D
563091,47.9159,D
563091,47.9158,D
563091,47.9158,D
563091,47.9157,D
563091,47.9157,D
563091,47.9157,D
563091,47.9157,D
563091,47.9157,D
563605,47.9157,D
563605,47.9157,D
563605,47.9157,D
563605,47.9156,D
563605,47.9156,D
563605,47.9156,D
563605,47.9156,D
563605,47.9156,D
563605,47.9156,D
563605,47.9156,D
563605,47.9156,D
563605,47.9156,D
564120,47.9156,D
564120,47.9156,D
564120,47.9156,D
564120,47.9156,D
564120,47.9156,D
564120,47.9155,D
564120,47.9155,D
564120,47.9155,D
564120,47.9155,D
564120,47.9155,D
564120,47.9155,D
564120,47.9155,D
564634,47.9155,D
564634,47.9155,D
564634,47.9155,D
564634,47.9155,D
564634,47.9155,D
564634,47.9155,D
564634,47.9155,D
564634,47.9155,D
564634,47.9155,D
564634,47.9155,D
564634,47.9155,D
564634,47.9155,D
565143,47.9155,D
565143,47.9155,D
565143,47.9155,D
565143,47.9155,D
565143,47.9226,D
565143,47.9572,D
565143,47.9581,D
565143,47.9581,D
565143,47.9580,D
565143,47.9578,D
565143,47.9575,D
565653,47.9571,D
565653,47.9567,D
565653,47.9564,D
565653,47.9562,D
565653,47.9560,D
565653,47.9558,D
565653,47.9556,D
565653,47.9554,D
565653,47.9553,D
565653,47.9552,D
565653,47.9551,D
565653,47.9550,D
566165,47.9549,D
566165,47.9547,D
566165,47.9546,D
566165,47.9546,D
566165,47.9545,D
566165,47.9545,D
566165,47.9545,D
566165,47.9545,D
566165,47.9545,D
566165,47.9545,D
566165,47.9544,D
566165,47.9544,D
566667,47.9544,D
566667,47.9544,D
566667,47.9544,D
566667,47.9544,D
566667,47.9544,D
566667,47.9544,D
566667,47.9544,D
566667,47.9544,D
566667,47.9544,D
566667,47.9544,D
566667,47.9544,D
567182,47.9544,D
567182,47.9544,D
567182,47.9544,D
567182,47.9544,D
567182,47.9544,D
567182,47.9544,D
567182,47.9544,D
567182,47.9544,D
567182,47.9544,D
567182,47.9544,D
567182,47.9544,D
567182,47.9543,D
567690,47.9543,D
567690,47.9543,D
567690,47.9543,D
567690,47.9543,D
567690,47.9543,D
567690,47.9543,D
567690,47.9543,D
567690,47.9543,D
567690,47.9543,D
567690,47.9543,D
567690,47.9543,D
568194,47.9543,D
568194,47.9543,D
568194,47.9543,D
568194,47.9543,D
568194,47.9543,D
568194,47.9825,D
568194,47.9962,D
568194,47.9968,D
568194,47.9968,D
568194,47.9967,D
568194,47.9965,D
568194,47.9961,D
568694,47.9958,D
568694,47.9955,D
568694,47.9952,D
568694,47.9950,D
568694,47.9948,D
568694,47.9946,D
568694,47.9945,D
568694,47.9944,D
568694,47.9943,D
568694,47.9942,D
568694,47.9941,D
569203,47.9941,D
569203,47.9939,D
569203,47.9938,D
569203,47.9937,D
569203,47.9937,D
569203,47.9937,D
569203,47.9937,D
569203,47.9936,D
569203,47.9936,D
569203,47.9936,D
569203,47.9936,D
569203,47.9936,D
569717,47.9936,D
569717,47.9936,D
569717,47.9936,D
569717,47.9936,D
569717,47.9936,D
569717,47.9936,D
569717,47.9936,D
569717,47.9936,D
569717,47.9936,D
569717,47.9936,D
569717,47.9936,D
569717,47.9936,D
570226,47.9936,D
570226,47.9936,D
570226,47.9936,D
570226,47.9936,D
570226,47.9936,D
570226,47.9936,D
570226,47.9936,D
570226,47.9936,D
570226,47.9936,D
570226,47.9936,D
570226,47.9935,D
570226,47.9935,D
570728,47.9935,D
570728,47.9935,D
570728,47.9934,D
570728,47.9934,D
570728,47.9934,D
570728,47.9934,D
570728,47.9934,D
570728,47.9934,D
570728,47.9934,D
570728,47.9934,D
570728,47.9934,D
571233,47.9934,D
571233,47.9934,D
571233,47.9934,D
571233,47.9934,D
571233,48.0060,D
571233,48.0364,D
571233,48.0369,D
571233,48.0367,D
571233,48.0363,D
571233,48.0360,D
571233,48.0356,D
571233,48.0354,D
571733,48.0353,D
571733,48.0352,D
571733,48.0350,D
571733,48.0346,D
571733,48.0342,D
571733,48.0338,D
571733,48.0335,D
571733,48.0332,D
571733,48.0329,D
571734,48.0328,D
571734,48.0325,D
572238,48.0323,D
572238,48.0323,D
572238,48.0324,D
572238,48.0324,D
572238,48.0324,D
572238,48.0325,D
572238,48.0325,D
572238,48.0325,D
572238,48.0325,D
572238,48.0325,D
572238,48.0326,D
572238,48.0326,D
572746,48.0326,D
572746,48.0326,D
572746,48.0326,D
572746,48.0326,D
572746,48.0326,D
572746,48.0326,D
572746,48.0326,D
572746,48.0326,D
572746,48.0326,D
572746,48.0326,D
572746,48.0326,D
573254,48.0326,D
573254,48.0325,D
573254,48.0325,D
573254,48.0325,D
573254,48.0325,D
573254,48.0325,D
573254,48.0325,D
573254,48.0325,D
573254,48.0325,D
573254,48.0325,D
573254,48.0325,D
573254,48.0325,D
573764,48.0325,D
573764,48.0325,D
573764,48.0325,D
573764,48.0325,D
573764,48.0325,D
573764,48.0325,D
573764,48.0325,D
573764,48.0325,D
573764,48.0325,D
573764,48.0325,D
573764,48.0325,D
573764,48.0325,D
574273,48.0324,D
574273,48.0324,D
574273,48.0324,D
574273,48.0324,D
574273,48.0712,D
574273,48.0746,D
574273,48.0748,D
574273,48.0748,D
574273,48.0747,D
574273,48.0744,D
574273,48.0740,D
574773,48.0737,D
574773,48.0734,D
574773,48.0732,D
574773,48.0729,D
574773,48.0728,D
574773,48.0726,D
574773,48.0725,D
574773,48.0723,D
574773,48.0722,D
574773,48.0722,D
574773,48.0721,D
575278,48.0720,D
575278,48.0718,D
575278,48.0717,D
575278,48.0717,D
575279,48.0717,D
575279,48.0717,D
575279,48.0717,D
575279,48.0716,D
575279,48.0716,D
575279,48.0716,D
575279,48.0716,D
575279,48.0716,D
575793,48.0716,D
575793,48.0716,D
575793,48.0716,D
575793,48.0716,D
575793,48.0716,D
575793,48.0716,D
575793,48.0716,D
575793,48.0716,D
575793,48.0715,D
575793,48.0715,D
575793,48.0715,D
575793,48.0715,D
576299,48.0715,D
576299,48.0715,D
576299,48.0715,D
576299,48.0715,D
576299,48.0715,D
576299,48.0715,D
576299,48.0715,D
576299,48.0715,D
576299,48.0715,D
576299,48.0715,D
576299,48.0715,D
576809,48.0715,D
576809,48.0715,D
576809,48.0715,D
576809,48.0715,D
576809,48.0715,D
576809,48.0714,D
576809,48.0714,D
576809,48.0714,D
576809,48.0714,D
576809,48.0714,D
576809,48.0714,D
576809,48.0714,D
577320,48.0713,D
577320,48.0713,D
577320,48.0713,D
577320,48.0713,D
577320,48.0862,D
577320,48.1132,D
577320,48.1145,D
577320,48.1145,D
577320,48.1142,D
577320,48.1139,D
577320,48.1135,D
577320,48.1131,D
577830,48.1127,D
577830,48.1124,D
577830,48.1122,D
577830,48.1120,D
577830,48.1119,D
577830,48.1117,D
577830,48.1116,D
577830,48.1115,D
577830,48.1114,D
577830,48.1113,D
577830,48.1112,D
577830,48.1109,D
578337,48.1108,D
578337,48.1107,D
578337,48.1107,D
578337,48.1107,D
578337,48.1107,D
578337,48.1107,D
578337,48.1107,D
578337,48.1107,D
578337,48.1106,D
578337,48.1106,D
578337,48.1106,D
578840,48.1106,D
578840,48.1106,D
578840,48.1106,D
578840,48.1106,D
578840,48.1106,D
578840,48.1107,D
578840,48.1107,D
578840,48.1107,D
578840,48.1107,D
578840,48.1107,D
578840,48.1107,D
578840,48.1107,D
579355,48.1107,D
579355,48.1107,D
579355,48.1107,D
579355,48.1107,D
579355,48.1107,D
579355,48.1107,D
579355,48.1107,D
579355,48.1107,D
579355,48.1107,D
579355,48.1106,D
579355,48.1106,D
579355,48.1106,D
579856,48.1106,D
579856,48.1106,D
579856,48.1106,D
579856,48.1106,D
579856,48.1106,D
579856,48.1106,D
579856,48.1106,D
579856,48.1106,D
579856,48.1106,D
579856,48.1106,D
579856,48.1106,D
580362,48.1106,D
580362,48.1106,D
580362,48.1106,D
580362,48.1106,D
580362,48.1440,D
580362,48.1522,D
580362,48.1530,D
580362,48.1530,D
580362,48.1529,D
580362,48.1525,D
580362,48.1521,D
580362,48.1517,D
580862,48.1514,D
580862,48.1511,D
580862,48.1509,D
580862,48.1507,D
580862,48.1505,D
580862,48.1503,D
580862,48.1502,D
580862,48.1501,D
580862,48.1500,D
580862,48.1500,D
580862,48.1499,D
581371,48.1497,D
581371,48.1496,D
581371,48.1495,D
581371,48.1495,D
581371,48.1494,D
581371,48.1493,D
581371,48.1493,D
581371,48.1493,D
581371,48.1492,D
581371,48.1492,D
581371,48.1492,D
581371,48.1492,D
581882,48.1491,D
581882,48.1491,D
581882,48.1491,D
581882,48.1491,D
581882,48.1491,D
581882,48.1490,D
581882,48.1490,D
581882,48.1490,D
581882,48.1490,D
581882,48.1490,D
581882,48.1490,D
581882,48.1490,D
582389,48.1489,D
582389,48.1489,D
582389,48.1489,D
582389,48.1489,D
582389,48.1489,D
582389,48.1489,D
582389,48.1489,D
582390,48.1489,D
582390,48.1488,D
582390,48.1488,D
582390,48.1488,D
582891,48.1488,D
582891,48.1489,D
582891,48.1489,D
582891,48.1489,D
582891,48.1489,D
582891,48.1489,D
582891,48.1489,D
582891,48.1489,D
582891,48.1489,D
582891,48.1490,D
582891,48.1490,D
583404,48.1490,D
583404,48.1490,D
583404,48.1490,D
583404,48.1490,D
583404,48.1665,D
583404,48.1907,D
583404,48.1916,D
583404,48.1916,D
583404,48.1915,D
583404,48.1913,D
583404,48.1909,D
583404,48.1905,D
583917,48.1902,D
583917,48.1899,D
583917,48.1897,D
583917,48.1895,D
583917,48.1893,D
583917,48.1891,D
583917,48.1890,D
583917,48.1889,D
583917,48.1888,D
583917,48.1887,D
583917,48.1886,D
583917,48.1885,D
584431,48.1884,D
584431,48.1883,D
584431,48.1883,D
584431,48.1883,D
584431,48.1883,D
584431,48.1882,D
584431,48.1882,D
584431,48.1882,D
584431,48.1882,D
584431,48.1882,D
584431,48.1882,D
584431,48.1882,D
584943,48.1882,D
584943,48.1881,D
584943,48.1881,D
584943,48.1881,D
584943,48.1881,D
584943,48.1881,D
584943,48.1881,D
584943,48.1881,D
584943,48.1881,D
584943,48.1882,D
584943,48.1882,D
584943,48.1882,D
585450,48.1882,D
585450,48.1882,D
585450,48.1882,D
585450,48.1882,D
585450,48.1882,D
585450,48.1882,D
585450,48.1882,D
585450,48.1882,D
585450,48.1882,D
585450,48.1882,D
585450,48.1882,D
585959,48.1882,D
585959,48.1882,D
585959,48.1882,D
585959,48.1883,D
585959,48.1883,D
585959,48.1883,D
585959,48.1883,D
585959,48.1883,D
585959,48.1883,D
585959,48.1883,D
585959,48.1883,D
585959,48.1883,D
586467,48.1883,D
586467,48.1884,D
586467,48.1884,D
586467,48.2277,D
586467,48.2310,D
586467,48.2312,D
586467,48.2311,D
586467,48.2310,D
586467,48.2308,D
586467,48.2304,D
586467,48.2301,D
586967,48.2298,D
586967,48.2296,D
586967,48.2294,D
586967,48.2292,D
586967,48.2290,D
586967,48.2288,D
586967,48.2286,D
586967,48.2285,D
586967,48.2284,D
586967,48.2284,D
586967,48.2283,D
586967,48.2280,D
587469,48.2280,D
587469,48.2279,D
587469,48.2279,D
587469,48.2278,D
587469,48.2278,D
587469,48.2278,D
587469,48.2277,D
587469,48.2277,D
587469,48.2277,D
587469,48.2277,D
587469,48.2277,D
587982,48.2277,D
587982,48.2277,D
587982,48.2277,D
587982,48.2277,D
587982,48.2277,D
587982,48.2276,D
587982,48.2276,D
587982,48.2276,D
587982,48.2276,D
587982,48.2276,D
587982,48.2276,D
587982,48.2276,D
588492,48.2276,D
588492,48.2276,D
588492,48.2276,D
588492,48.2276,D
588492,48.2276,D
588492,48.2276,D
588492,48.2276,D
588492,48.2276,D
588492,48.2276,D
588492,48.2276,D
588492,48.2276,D
588492,48.2276,D
589001,48.2276,D
589001,48.2276,D
589001,48.2276,D
589001,48.2276,D
589001,48.2276,D
589001,48.2276,D
589001,48.2276,D
589001,48.2276,D
589001,48.2276,D
589001,48.2276,D
589001,48.2276,D
589001,48.2276,D
589512,48.2276,D
589512,48.2276,D
589512,48.2300,D
589512,48.2692,D
589512,48.2701,D
589512,48.2702,D
589512,48.2701,D
589512,48.2699,D
589512,48.2696,D
589512,48.2693,D
589512,48.2690,D
590021,48.2687,D
590021,48.2684,D
590021,48.2682,D
590021,48.2680,D
590021,48.2679,D
590021,48.2677,D
590021,48.2676,D
590021,48.2675,D
590021,48.2674,D
590021,48.2673,D
590021,48.2673,D
590021,48.2671,D
590526,48.2670,D
590526,48.2670,D
590526,48.2670,D
590526,48.2670,D
590526,48.2669,D
590526,48.2669,D
590526,48.2669,D
590526,48.2669,D
590526,48.2669,D
590526,48.2669,D
590526,48.2669,D
591041,48.2669,D
591041,48.2669,D
591041,48.2669,D
591041,48.2669,D
591041,48.2669,D
591041,48.2669,D
591041,48.2669,D
591041,48.2669,D
591041,48.2669,D
591041,48.2669,D
591041,48.2669,D
591041,48.2669,D
591543,48.2669,D
591543,48.2669,D
591543,48.2669,D
591543,48.2669,D
591543,48.2669,D
591543,48.2669,D
591543,48.2669,D
591543,48.2669,D
591543,48.2669,D
591543,48.2669,D
591543,48.2669,D
592044,48.2669,D
592044,48.2669,D
592044,48.2669,D
592044,48.2669,D
592044,48.2669,D
592044,48.2669,D
592044,48.2669,D
592044,48.2669,D
592044,48.2669,D
592044,48.2669,D
592044,48.2669,D
592044,48.2669,D
592555,48.2669,D
592555,48.2669,D
592555,48.2669,D
592555,48.2817,D
592555,48.3087,D
592555,48.3092,D
592555,48.3092,D
592555,48.3092,D
592555,48.3090,D
592555,48.3087,D
592555,48.3083,D
592555,48.3080,D
593063,48.3077,D
593063,48.3075,D
593063,48.3073,D
593063,48.3072,D
593063,48.3070,D
593063,48.3069,D
593063,48.3068,D
593063,48.3067,D
593063,48.3066,D
593063,48.3065,D
593063,48.3064,D
593573,48.3063,D
593573,48.3062,D
593573,48.3062,D
593573,48.3062,D
593573,48.3061,D
593573,48.3061,D
593573,48.3061,D
593573,48.3061,D
593573,48.3061,D
593573,48.3061,D
593573,48.3061,D
593573,48.3061,D
594084,48.3061,D
594084,48.3060,D
594084,48.3060,D
594084,48.3060,D
594084,48.3060,D
594084,48.3060,D
594084,48.3060,D
594084,48.3060,D
594084,48.3060,D
594084,48.3060,D
594084,48.3060,D
594084,48.3060,D
594591,48.3060,D
594591,48.3060,D
594591,48.3060,D
594591,48.3060,D
594591,48.3060,D
594591,48.3060,D
594591,48.3060,D
594591,48.3060,D
594591,48.3060,D
594591,48.3060,D
594591,48.3060,D
595106,48.3060,D
595106,48.3060,D
595106,48.3060,D
595106,48.3060,D
595106,48.3060,D
595106,48.3060,D
595106,48.3060,D
595106,48.3060,D
595106,48.3060,D
595106,48.3060,D
595106,48.3060,D
595106,48.3060,D
595621,48.3060,D
595621,48.3060,D
595621,48.3060,D
595621,48.3392,D
595621,48.3472,D
595621,48.3478,D
595621,48.3478,D
595621,48.3479,D
595621,48.3479,D
595621,48.3475,D
595621,48.3470,D
595621,48.3466,D
596136,48.3464,D
596136,48.3462,D
596136,48.3462,D
596136,48.3461,D
596136,48.3461,D
596136,48.3461,D
596136,48.3461,D
596136,48.3461,D
596137,48.3460,D
596137,48.3460,D
596137,48.3459,D
596137,48.3458,D
596651,48.3458,D
596651,48.3457,D
596651,48.3457,D
596651,48.3456,D
596651,48.3454,D
596651,48.3453,D
596651,48.3453,D
596651,48.3453,D
596651,48.3453,D
596651,48.3453,D
596651,48.3453,D
597152,48.3453,D
597152,48.3453,D
597152,48.3453,D
597152,48.3453,D
597152,48.3453,D
597152,48.3453,D
597152,48.3453,D
597152,48.3453,D
597152,48.3453,D
597152,48.3452,D
597152,48.3452,D
597655,48.3452,D
597655,48.3452,D
597655,48.3452,D
597655,48.3452,D
597655,48.3452,D
597655,48.3451,D
597655,48.3451,D
597655,48.3451,D
597655,48.3451,D
597655,48.3451,D
597655,48.3451,D
597655,48.3451,D
598156,48.3450,D
598156,48.3450,D
598156,48.3450,D
598156,48.3450,D
598156,48.3450,D
598156,48.3450,D
598156,48.3450,D
598156,48.3450,D
598156,48.3450,D
598156,48.3450,D
598156,48.3450,D
598656,48.3450,D
598656,48.3450,D
598656,48.3547,D
598656,48.3871,D
598656,48.3878,D
598656,48.3879,D
598656,48.3878,D
598656,48.3876,D
598656,48.3872,D
598656,48.3867,D
598656,48.3864,D
598656,48.3861,D
599157,48.3859,D
599157,48.3857,D
599157,48.3856,D
599157,48.3854,D
599157,48.3853,D
599157,48.3852,D
599157,48.3851,D
599157,48.3850,D
599157,48.3850,D
599157,48.3849,D
599157,48.3848,D
599672,48.3847,D
599672,48.3847,D
599672,48.3847,D
599672,48.3847,D
599672,48.3847,D
599672,48.3847,D
599672,48.3847,D
599672,48.3847,D
599672,48.3847,D
599672,48.3847,D
599672,48.3847,D
599672,48.3847,D
600174,48.3847,D
600174,48.3847,D
600174,48.3847,D
600174,48.3847,D
600174,48.3847,D
600174,48.3847,D
600174,48.3847,D
600174,48.3847,D
600174,48.3847,D
600174,48.3846,D
600174,48.3846,D
