t_ms,mass_g,status
109,7.6835,D
109,7.6835,D
217,7.6835,D
217,7.6833,D
217,7.6833,D
328,7.6833,D
328,7.6833,D
438,7.6832,D
438,7.6832,D
438,7.6832,D
550,7.6832,D
550,7.6832,D
658,7.6832,D
658,7.6832,D
767,7.6833,D
767,7.6833,D
767,7.7150,D
877,7.7258,D
877,7.7266,D
877,7.7265,D
984,7.7263,D
984,7.7261,D
1094,7.7258,D
1095,7.7254,D
1095,7.7250,D
1206,7.7248,D
1206,7.7246,D
1316,7.7244,D
1316,7.7242,D
1317,7.7241,D
1426,7.7240,D
1426,7.7239,D
1534,7.7238,D
1535,7.7238,D
1535,7.7237,D
1645,7.7235,D
1645,7.7234,D
1756,7.7234,D
1757,7.7234,D
1757,7.7234,D
1867,7.7234,D
1867,7.7234,D
1978,7.7233,D
1978,7.7233,D
2088,7.7233,D
2088,7.7233,D
2088,7.7233,D
2199,7.7233,D
2200,7.7233,D
2200,7.7233,D
2310,7.7233,D
2310,7.7232,D
2310,7.7231,D
2418,7.7231,D
2419,7.7231,D
2529,7.7231,D
2529,7.7231,D
2529,7.7231,D
2639,7.7231,D
2639,7.7231,D
2748,7.7231,D
2749,7.7231,D
2859,7.7232,D
2859,7.7235,D
2859,7.7602,D
2970,7.7660,D
2970,7.7665,D
2970,7.7664,D
3081,7.7662,D
3081,7.7659,D
3190,7.7656,D
3190,7.7652,D
3300,7.7649,D
3300,7.7647,D
3300,7.7645,D
3410,7.7643,D
3410,7.7641,D
3410,7.7640,D
3518,7.7639,D
3518,7.7638,D
3629,7.7638,D
3630,7.7637,D
3630,7.7636,D
3739,7.7635,D
3739,7.7634,D
3850,7.7634,D
3850,7.7633,D
3850,7.7633,D
3960,7.7633,D
3960,7.7633,D
4071,7.7633,D
4071,7.7633,D
4071,7.7633,D
4181,7.7633,D
4181,7.7633,D
4291,7.7633,D
4291,7.7633,D
4291,7.7633,D
4400,7.7633,D
4401,7.7633,D
4510,7.7633,D
4511,7.7633,D
4511,7.7633,D
4621,7.7633,D
4621,7.7633,D
4732,7.7633,D
4732,7.7633,D
4732,7.7633,D
4841,7.7633,D
4841,7.7633,D
4953,7.7633,D
4953,7.7633,D
4953,7.7979,D
5063,7.8064,D
5063,7.8069,D
5063,7.8068,D
5174,7.8066,D
5174,7.8064,D
5285,7.8060,D
5285,7.8056,D
5285,7.8052,D
5396,7.8048,D
5396,7.8045,D
5507,7.8043,D
5507,7.8042,D
5507,7.8041,D
5617,7.8040,D
5617,7.8039,D
5726,7.8039,D
5726,7.8038,D
5726,7.8036,D
5836,7.8035,D
5836,7.8035,D
5944,7.8035,D
5944,7.8035,D
5945,7.8035,D
6054,7.8035,D
6054,7.8035,D
6164,7.8036,D
6164,7.8036,D
6164,7.8036,D
6274,7.8036,D
6274,7.8036,D
6383,7.8036,D
6383,7.8036,D
6383,7.8036,D
6493,7.8036,D
6493,7.8036,D
6602,7.8036,D
6602,7.8035,D
6602,7.8035,D
6712,7.8035,D
6712,7.8035,D
6822,7.8035,D
6823,7.8035,D
6823,7.8035,D
6934,7.8035,D
6934,7.8035,D
7043,7.8035,D
7043,7.8035,D
7043,7.8434,D
7154,7.8466,D
7154,7.8467,D
7262,7.8466,D
7262,7.8464,D
7262,7.8462,D
7374,7.8459,D
7374,7.8455,D
7484,7.8452,D
7484,7.8449,D
7484,7.8447,D
7595,7.8445,D
7595,7.8443,D
7595,7.8442,D
7704,7.8441,D
7704,7.8440,D
7815,7.8440,D
7815,7.8439,D
7815,7.8438,D
7924,7.8437,D
7924,7.8436,D
8032,7.8436,D
8033,7.8436,D
8142,7.8436,D
8142,7.8435,D
8142,7.8435,D
8252,7.8435,D
8252,7.8435,D
8361,7.8435,D
8361,7.8435,D
8361,7.8435,D
8471,7.8435,D
8472,7.8435,D
8472,7.8435,D
8580,7.8435,D
8580,7.8435,D
8691,7.8435,D
8692,7.8435,D
8692,7.8435,D
8803,7.8435,D
8803,7.8435,D
8914,7.8435,D
8914,7.8435,D
8914,7.8435,D
9025,7.8435,D
9025,7.8435,D
9134,7.8435,D
9135,7.8436,D
9135,7.8806,D
9245,7.8865,D
9245,7.8869,D
9355,7.8868,D
9355,7.8866,D
9355,7.8864,D
9466,7.8861,D
9466,7.8857,D
9577,7.8854,D
9577,7.8851,D
9577,7.8849,D
9686,7.8847,D
9686,7.8845,D
9795,7.8844,D
9796,7.8843,D
9796,7.8842,D
9906,7.8841,D
9906,7.8841,D
10014,7.8839,D
10014,7.8837,D
10014,7.8837,D
10123,7.8837,D
10124,7.8837,D
10234,7.8836,D
10234,7.8836,D
10234,7.8836,D
10344,7.8835,D
10344,7.8835,D
10455,7.8834,D
10455,7.8834,D
10455,7.8834,D
10566,7.8834,D
10566,7.8834,D
10566,7.8834,D
10678,7.8834,D
10678,7.8834,D
10789,7.8834,D
10789,7.8834,D
10900,7.8834,D
10900,7.8834,D
10900,7.8834,D
11008,7.8834,D
11008,7.8834,D
11008,7.8834,D
11117,7.8834,D
11118,7.8834,D
11229,7.8834,D
11229,7.8835,D
11229,7.9200,D
11330,7.9259,D
11330,7.9263,D
11441,7.9263,D
11442,7.9261,D
11442,7.9260,D
11553,7.9256,D
11553,7.9253,D
11665,7.9250,D
11665,7.9248,D
11777,7.9245,D
11777,7.9244,D
11777,7.9242,D
11890,7.9241,D
11890,7.9240,D
11890,7.9239,D
12002,7.9238,D
12002,7.9237,D
12115,7.9237,D
12115,7.9234,D
12115,7.9234,D
12227,7.9233,D
12227,7.9233,D
12227,7.9233,D
12339,7.9233,D
12339,7.9233,D
12451,7.9233,D
12452,7.9233,D
12563,7.9232,D
12563,7.9232,D
12563,7.9232,D
12675,7.9232,D
12675,7.9232,D
12675,7.9231,D
12787,7.9231,D
12788,7.9231,D
12899,7.9231,D
12900,7.9231,D
12900,7.9231,D
13012,7.9230,D
13012,7.9230,D
13012,7.9230,D
13124,7.9230,D
13124,7.9230,D
13236,7.9230,D
13236,7.9230,D
13346,7.9231,D
13347,7.9232,D
13347,7.9547,D
13455,7.9657,D
13455,7.9662,D
13455,7.9662,D
13566,7.9660,D
13566,7.9657,D
13675,7.9654,D
13675,7.9651,D
13785,7.9648,D
13785,7.9645,D
13786,7.9643,D
13893,7.9641,D
13894,7.9639,D
13894,7.9638,D
14004,7.9637,D
14004,7.9636,D
14113,7.9635,D
14113,7.9634,D
14113,7.9632,D
14224,7.9631,D
14224,7.9630,D
14334,7.9630,D
14334,7.9630,D
14334,7.9630,D
14444,7.9630,D
14444,7.9630,D
14553,7.9630,D
14554,7.9630,D
14554,7.9630,D
14665,7.9630,D
14665,7.9630,D
14774,7.9630,D
14775,7.9629,D
14775,7.9628,D
14886,7.9628,D
14886,7.9628,D
14997,7.9629,D
14997,7.9629,D
14997,7.9629,D
15108,7.9629,D
15108,7.9629,D
15108,7.9629,D
15219,7.9629,D
15219,7.9629,D
15321,7.9629,D
15321,7.9629,D
15321,7.9629,D
15434,7.9630,D
15434,7.9837,D
15545,8.0054,D
15545,8.0062,D
15545,8.0062,D
15656,8.0060,D
15657,8.0058,D
15768,8.0056,D
15769,8.0052,D
15769,8.0049,D
15881,8.0046,D
15881,8.0043,D
15992,8.0041,D
15992,8.0040,D
15992,8.0038,D
16105,8.0037,D
16105,8.0036,D
16217,8.0035,D
16217,8.0034,D
16217,8.0034,D
16328,8.0031,D
16329,8.0031,D
16441,8.0030,D
16441,8.0030,D
16441,8.0030,D
16553,8.0030,D
16554,8.0030,D
16554,8.0030,D
16666,8.0030,D
16666,8.0030,D
16780,8.0030,D
16780,8.0030,D
16780,8.0030,D
16892,8.0030,D
16892,8.0030,D
17003,8.0029,D
17003,8.0029,D
17003,8.0029,D
17115,8.0029,D
17115,8.0029,D
17228,8.0029,D
17228,8.0029,D
17228,8.0029,D
17338,8.0029,D
17338,8.0029,D
17339,8.0028,D
17447,8.0029,D
17448,8.0030,D
17557,8.0035,D
17557,8.0217,D
17557,8.0452,D
17666,8.0461,D
17666,8.0461,D
17776,8.0459,D
17777,8.0458,D
17777,8.0455,D
17887,8.0452,D
17887,8.0449,D
17998,8.0446,D
17998,8.0443,D
17998,8.0441,D
18108,8.0439,D
18108,8.0437,D
18216,8.0436,D
18216,8.0435,D
18326,8.0434,D
18326,8.0433,D
18326,8.0432,D
18435,8.0431,D
18435,8.0430,D
18436,8.0430,D
18544,8.0430,D
18544,8.0430,D
18654,8.0430,D
18654,8.0429,D
18654,8.0429,D
18764,8.0429,D
18764,8.0429,D
18872,8.0429,D
18872,8.0429,D
18982,8.0429,D
18982,8.0428,D
18982,8.0428,D
19092,8.0428,D
19092,8.0428,D
19092,8.0428,D
19204,8.0428,D
19204,8.0428,D
19204,8.0427,D
19313,8.0427,D
19314,8.0427,D
19426,8.0427,D
19426,8.0427,D
19538,8.0427,D
19538,8.0427,D
19650,8.0427,D
19651,8.0428,D
19651,8.0480,D
19651,8.0851,D
19763,8.0863,D
19763,8.0863,D
19875,8.0861,D
19875,8.0859,D
19875,8.0857,D
19986,8.0853,D
19986,8.0849,D
20098,8.0846,D
20098,8.0844,D
20098,8.0841,D
20210,8.0840,D
20210,8.0838,D
20322,8.0837,D
20322,8.0836,D
20434,8.0835,D
20434,8.0834,D
20434,8.0833,D
20546,8.0832,D
20546,8.0830,D
20546,8.0830,D
20658,8.0830,D
20658,8.0830,D
20658,8.0830,D
20772,8.0829,D
20772,8.0829,D
20883,8.0829,D
20884,8.0829,D
20884,8.0829,D
20994,8.0829,D
20994,8.0829,D
21106,8.0829,D
21106,8.0829,D
21106,8.0829,D
21218,8.0829,D
21218,8.0829,D
21329,8.0829,D
21329,8.0829,D
21329,8.0829,D
21439,8.0829,D
21440,8.0829,D
21549,8.0829,D
21549,8.0829,D
21549,8.0829,D
21660,8.0829,D
21660,8.0829,D
21660,8.0829,D
21770,8.0829,D
21770,8.1172,D
21878,8.1257,D
21879,8.1264,D
21989,8.1263,D
21989,8.1260,D
21989,8.1257,D
22101,8.1252,D
22101,8.1248,D
22101,8.1245,D
22211,8.1242,D
22211,8.1240,D
22320,8.1238,D
22320,8.1236,D
22320,8.1235,D
22430,8.1234,D
22430,8.1233,D
22540,8.1232,D
22541,8.1232,D
22651,8.1229,D
22651,8.1229,D
22651,8.1228,D
22762,8.1228,D
22762,8.1228,D
22762,8.1228,D
22872,8.1228,D
22872,8.1228,D
22983,8.1228,D
22983,8.1228,D
22983,8.1228,D
23093,8.1228,D
23093,8.1228,D
23205,8.1227,D
23205,8.1227,D
23205,8.1227,D
23313,8.1227,D
23313,8.1227,D
23425,8.1227,D
23425,8.1227,D
23425,8.1227,D
23537,8.1227,D
23537,8.1227,D
23650,8.1227,D
23650,8.1227,D
23651,8.1227,D
23763,8.1227,D
23763,8.1227,D
23874,8.1227,D
23875,8.1228,D
23875,8.1436,D
23988,8.1652,D
23988,8.1658,D
23988,8.1657,D
24100,8.1655,D
24100,8.1654,D
24212,8.1652,D
24212,8.1650,D
24212,8.1648,D
24324,8.1645,D
24324,8.1643,D
24435,8.1641,D
24436,8.1638,D
24436,8.1636,D
24547,8.1635,D
24548,8.1633,D
24548,8.1632,D
24659,8.1632,D
24659,8.1631,D
24771,8.1629,D
24771,8.1628,D
24883,8.1628,D
24883,8.1628,D
24884,8.1628,D
24996,8.1628,D
24996,8.1628,D
24996,8.1628,D
25107,8.1628,D
25108,8.1628,D
25219,8.1628,D
25219,8.1628,D
25219,8.1628,D
25329,8.1628,D
25329,8.1628,D
25329,8.1628,D
25439,8.1628,D
25439,8.1628,D
25550,8.1628,D
25550,8.1628,D
25659,8.1628,D
25659,8.1628,D
25659,8.1628,D
25769,8.1627,D
25769,8.1627,D
25878,8.1627,D
25878,8.1627,D
25878,8.1627,D
25987,8.1627,D
25987,8.1677,D
25988,8.2054,D
26100,8.2063,D
26100,8.2063,D
26210,8.2061,D
26210,8.2059,D
26210,8.2057,D
26320,8.2053,D
26320,8.2050,D
26429,8.2047,D
26429,8.2044,D
26429,8.2042,D
26538,8.2040,D
26538,8.2039,D
26647,8.2037,D
26647,8.2036,D
26647,8.2036,D
26756,8.2035,D
26757,8.2034,D
26866,8.2033,D
26866,8.2031,D
26975,8.2031,D
26975,8.2031,D
26975,8.2030,D
27084,8.2030,D
27084,8.2030,D
27084,8.2030,D
27193,8.2030,D
27193,8.2030,D
27297,8.2030,D
27297,8.2030,D
27297,8.2030,D
27410,8.2030,D
27410,8.2030,D
27522,8.2030,D
27522,8.2029,D
27522,8.2029,D
27633,8.2029,D
27633,8.2029,D
27747,8.2029,D
27747,8.2029,D
27747,8.2029,D
27859,8.2029,D
27859,8.2029,D
27971,8.2028,D
27971,8.2028,D
27971,8.2029,D
28082,8.2032,D
28082,8.2038,D
28082,8.2428,D
28193,8.2461,D
28194,8.2461,D
28306,8.2460,D
28306,8.2458,D
28306,8.2456,D
28419,8.2452,D
28419,8.2449,D
28531,8.2445,D
28531,8.2443,D
28531,8.2440,D
28644,8.2438,D
28644,8.2437,D
28756,8.2435,D
28756,8.2434,D
28756,8.2433,D
28869,8.2432,D
28869,8.2432,D
28869,8.2430,D
28981,8.2429,D
28981,8.2429,D
29093,8.2428,D
29093,8.2428,D
29093,8.2428,D
29205,8.2428,D
29205,8.2428,D
29315,8.2428,D
29316,8.2428,D
29316,8.2428,D
29425,8.2428,D
29426,8.2428,D
29537,8.2428,D
29537,8.2427,D
29537,8.2427,D
29649,8.2427,D
29649,8.2427,D
29649,8.2427,D
29758,8.2426,D
29758,8.2426,D
29867,8.2426,D
29867,8.2426,D
29977,8.2426,D
29977,8.2426,D
29977,8.2426,D
30087,8.2426,D
30087,8.2426,D
30195,8.2426,D
30195,8.2428,D
30195,8.2637,D
30304,8.2853,D
30304,8.2860,D
30413,8.2860,D
30413,8.2858,D
30413,8.2856,D
30524,8.2853,D
30524,8.2849,D
30635,8.2846,D
30635,8.2843,D
30635,8.2840,D
30747,8.2838,D
30747,8.2836,D
30747,8.2835,D
30856,8.2834,D
30857,8.2833,D
30964,8.2832,D
30964,8.2831,D
31073,8.2831,D
31074,8.2828,D
31074,8.2828,D
31184,8.2828,D
31185,8.2828,D
31185,8.2828,D
31297,8.2828,D
31297,8.2828,D
31409,8.2828,D
31409,8.2828,D
31521,8.2827,D
31521,8.2827,D
31521,8.2827,D
31634,8.2827,D
31634,8.2827,D
31634,8.2827,D
31746,8.2827,D
31746,8.2827,D
31859,8.2827,D
31859,8.2827,D
31859,8.2827,D
31972,8.2827,D
31972,8.2827,D
31972,8.2827,D
32084,8.2827,D
32084,8.2827,D
32196,8.2827,D
32197,8.2827,D
32197,8.2827,D
32308,8.2828,D
32309,8.2828,D
32421,8.3252,D
32422,8.3262,D
32422,8.3263,D
32534,8.3263,D
32534,8.3261,D
32647,8.3259,D
32647,8.3255,D
32647,8.3251,D
32760,8.3248,D
32760,8.3245,D
32760,8.3243,D
32872,8.3241,D
32872,8.3239,D
32982,8.3238,D
32982,8.3237,D
32982,8.3236,D
33093,8.3235,D
33093,8.3235,D
33204,8.3234,D
33205,8.3232,D
33205,8.3231,D
33315,8.3231,D
33315,8.3231,D
33425,8.3231,D
33425,8.3231,D
33535,8.3231,D
33535,8.3231,D
33535,8.3231,D
33645,8.3231,D
33645,8.3231,D
33645,8.3231,D
33756,8.3231,D
33756,8.3231,D
33866,8.3231,D
33866,8.3231,D
33866,8.3231,D
33975,8.3231,D
33975,8.3231,D
34083,8.3231,D
34083,8.3231,D
34083,8.3231,D
34194,8.3230,D
34194,8.3230,D
34302,8.3230,D
34302,8.3228,D
34302,8.3229,D
34413,8.3231,D
34413,8.3237,D
34521,8.3499,D
34521,8.3658,D
34521,8.3666,D
34632,8.3664,D
34632,8.3662,D
34741,8.3661,D
34741,8.3657,D
34741,8.3653,D
34852,8.3649,D
34852,8.3646,D
34963,8.3644,D
34963,8.3641,D
34963,8.3639,D
35072,8.3638,D
35072,8.3637,D
35072,8.3636,D
35183,8.3635,D
35183,8.3635,D
35297,8.3634,D
35297,8.3632,D
35297,8.3631,D
35410,8.3631,D
35410,8.3631,D
35522,8.3631,D
35522,8.3631,D
35522,8.3630,D
35634,8.3630,D
35635,8.3630,D
35746,8.3630,D
35746,8.3630,D
35746,8.3630,D
35858,8.3630,D
35858,8.3630,D
35970,8.3630,D
35970,8.3630,D
35970,8.3630,D
36082,8.3630,D
36082,8.3630,D
36082,8.3630,D
36193,8.3630,D
36193,8.3630,D
36306,8.3630,D
36306,8.3630,D
36306,8.3630,D
36418,8.3630,D
36418,8.3630,D
36530,8.3630,D
36531,8.3630,D
36531,8.3679,D
36642,8.4053,D
36643,8.4065,D
36643,8.4064,D
36755,8.4062,D
36756,8.4062,D
36868,8.4061,D
36868,8.4058,D
36980,8.4054,D
36980,8.4051,D
36980,8.4048,D
37093,8.4046,D
37094,8.4043,D
37206,8.4042,D
37206,8.4040,D
37206,8.4039,D
37316,8.4038,D
37317,8.4037,D
37317,8.4037,D
37426,8.4036,D
37426,8.4035,D
37537,8.4034,D
37537,8.4034,D
37537,8.4034,D
37646,8.4034,D
37646,8.4034,D
37755,8.4034,D
37755,8.4034,D
37755,8.4034,D
37866,8.4034,D
37866,8.4034,D
37976,8.4034,D
37976,8.4034,D
37976,8.4034,D
38087,8.4035,D
38087,8.4035,D
38087,8.4035,D
38195,8.4035,D
38195,8.4035,D
38305,8.4035,D
38305,8.4035,D
38305,8.4035,D
38416,8.4035,D
38416,8.4035,D
38526,8.4035,D
38526,8.4035,D
38526,8.4035,D
38633,8.4035,D
38634,8.4035,D
38743,8.4268,D
38743,8.4458,D
38743,8.4467,D
38851,8.4467,D
38851,8.4464,D
38961,8.4462,D
38961,8.4459,D
38961,8.4456,D
39072,8.4453,D
39072,8.4450,D
39181,8.4448,D
39181,8.4446,D
39297,8.4444,D
39297,8.4443,D
39297,8.4441,D
39409,8.4440,D
39409,8.4440,D
39409,8.4439,D
39521,8.4438,D
39521,8.4436,D
39633,8.4435,D
39633,8.4435,D
39633,8.4435,D
39744,8.4435,D
39744,8.4435,D
39744,8.4435,D
39855,8.4435,D
39856,8.4435,D
39968,8.4435,D
39968,8.4434,D
40079,8.4434,D
40079,8.4434,D
40079,8.4433,D
40192,8.4433,D
40192,8.4433,D
40192,8.4433,D
40305,8.4433,D
40306,8.4433,D
40417,8.4433,D
40418,8.4432,D
40418,8.4432,D
40531,8.4432,D
40531,8.4432,D
40531,8.4432,D
40642,8.4432,D
40642,8.4432,D
40754,8.4432,D
40755,8.4432,D
40866,8.4433,D
40866,8.4859,D
40866,8.4867,D
40979,8.4866,D
40979,8.4863,D
40979,8.4861,D
41093,8.4858,D
41093,8.4855,D
41204,8.4851,D
41204,8.4848,D
41204,8.4845,D
41314,8.4843,D
41314,8.4841,D
41423,8.4840,D
41424,8.4838,D
41424,8.4837,D
41533,8.4836,D
41533,8.4836,D
41644,8.4835,D
41644,8.4833,D
41644,8.4832,D
41754,8.4832,D
41754,8.4832,D
41862,8.4831,D
41862,8.4831,D
41862,8.4831,D
41971,8.4831,D
41971,8.4831,D
42082,8.4831,D
42082,8.4831,D
42082,8.4831,D
42190,8.4830,D
42191,8.4830,D
42301,8.4830,D
42301,8.4830,D
42301,8.4829,D
42411,8.4829,D
42411,8.4829,D
42411,8.4829,D
42520,8.4829,D
42521,8.4829,D
42629,8.4829,D
42630,8.4829,D
42630,8.4829,D
42739,8.4829,D
42739,8.4829,D
42850,8.4829,D
42850,8.4829,D
42959,8.4830,D
42959,8.4985,D
42959,8.5254,D
43068,8.5264,D
43068,8.5263,D
43068,8.5261,D
43178,8.5259,D
43178,8.5256,D
43281,8.5253,D
43281,8.5249,D
43394,8.5246,D
43394,8.5244,D
43394,8.5242,D
43506,8.5240,D
43506,8.5239,D
43617,8.5238,D
43617,8.5237,D
43617,8.5236,D
43729,8.5235,D
43729,8.5235,D
43729,8.5232,D
43841,8.5232,D
43841,8.5231,D
43954,8.5231,D
43954,8.5231,D
43954,8.5231,D
44065,8.5231,D
44065,8.5231,D
44175,8.5231,D
44175,8.5231,D
44175,8.5231,D
44287,8.5231,D
44287,8.5231,D
44400,8.5231,D
44400,8.5231,D
44400,8.5231,D
44513,8.5231,D
44513,8.5231,D
44513,8.5231,D
44625,8.5230,D
44625,8.5230,D
44739,8.5230,D
44739,8.5230,D
44739,8.5229,D
44851,8.5229,D
44852,8.5229,D
44965,8.5229,D
44965,8.5229,D
44965,8.5230,D
45078,8.5235,D
45078,8.5576,D
45078,8.5656,D
45191,8.5661,D
45191,8.5660,D
45303,8.5657,D
45303,8.5655,D
45303,8.5652,D
45416,8.5649,D
45416,8.5647,D
45526,8.5645,D
45526,8.5644,D
45526,8.5642,D
45637,8.5641,D
45637,8.5640,D
45747,8.5639,D
45747,8.5639,D
45859,8.5638,D
45859,8.5637,D
45859,8.5635,D
45970,8.5634,D
45970,8.5634,D
45970,8.5634,D
46081,8.5634,D
46081,8.5635,D
46081,8.5635,D
46192,8.5635,D
46192,8.5635,D
46303,8.5636,D
46303,8.5636,D
46303,8.5636,D
46414,8.5636,D
46414,8.5636,D
46525,8.5636,D
46525,8.5636,D
46634,8.5636,D
46635,8.5636,D
46635,8.5636,D
46743,8.5636,D
46743,8.5635,D
46743,8.5635,D
46854,8.5635,D
46854,8.5634,D
46965,8.5631,D
46965,8.5630,D
46965,8.5630,D
47077,8.5630,D
47077,8.5630,D
47188,8.5633,D
47188,8.5738,D
47188,8.6062,D
47299,8.6070,D
47299,8.6066,D
47410,8.6061,D
47410,8.6059,D
47410,8.6058,D
47520,8.6056,D
47520,8.6054,D
47631,8.6051,D
47631,8.6048,D
47631,8.6045,D
47742,8.6042,D
47742,8.6040,D
47742,8.6038,D
47852,8.6036,D
47852,8.6035,D
47965,8.6034,D
47965,8.6033,D
48075,8.6032,D
48075,8.6032,D
48076,8.6033,D
48186,8.6034,D
48186,8.6034,D
48186,8.6034,D
48298,8.6034,D
48298,8.6034,D
48407,8.6033,D
48407,8.6032,D
48407,8.6031,D
48516,8.6031,D
48516,8.6029,D
48625,8.6029,D
48625,8.6029,D
48625,8.6029,D
48737,8.6029,D
48737,8.6029,D
48849,8.6029,D
48849,8.6029,D
48849,8.6029,D
48959,8.6029,D
48959,8.6029,D
49069,8.6029,D
49069,8.6029,D
49070,8.6029,D
49179,8.6028,D
49179,8.6028,D
49289,8.6029,D
49289,8.6029,D
49289,8.6266,D
49400,8.6456,D
49400,8.6465,D
49509,8.6464,D
49509,8.6462,D
49509,8.6460,D
49619,8.6457,D
49619,8.6454,D
49619,8.6450,D
49730,8.6447,D
49730,8.6445,D
49842,8.6442,D
49842,8.6440,D
49842,8.6438,D
49952,8.6437,D
49952,8.6436,D
50062,8.6435,D
50062,8.6435,D
50062,8.6434,D
50174,8.6432,D
50174,8.6432,D
50283,8.6432,D
50283,8.6431,D
50283,8.6431,D
50392,8.6431,D
50392,8.6431,D
50503,8.6430,D
50503,8.6430,D
50503,8.6430,D
50614,8.6430,D
50614,8.6430,D
50725,8.6430,D
50725,8.6430,D
50725,8.6430,D
50835,8.6430,D
50835,8.6430,D
50944,8.6430,D
50944,8.6429,D
50944,8.6429,D
51054,8.6429,D
51054,8.6429,D
51164,8.6429,D
51164,8.6429,D
51164,8.6429,D
51274,8.6429,D
51274,8.6428,D
51385,8.6429,D
51385,8.6429,D
51385,8.6432,D
51493,8.6796,D
51493,8.6854,D
51604,8.6860,D
51605,8.6860,D
51605,8.6859,D
51716,8.6857,D
51716,8.6853,D
51716,8.6850,D
51826,8.6847,D
51826,8.6845,D
51936,8.6842,D
51936,8.6840,D
51936,8.6838,D
52048,8.6837,D
52048,8.6835,D
52158,8.6835,D
52158,8.6834,D
52158,8.6833,D
52268,8.6833,D
52268,8.6831,D
52379,8.6830,D
52379,8.6830,D
52379,8.6829,D
52490,8.6829,D
52490,8.6829,D
52600,8.6829,D
52600,8.6829,D
52600,8.6829,D
52708,8.6828,D
52708,8.6828,D
52708,8.6828,D
52820,8.6828,D
52928,8.6827,D
52929,8.6827,D
52929,8.6827,D
53039,8.6827,D
53039,8.6827,D
53039,8.6827,D
53150,8.6827,D
53150,8.6827,D
53258,8.6827,D
53258,8.6826,D
53258,8.6826,D
53368,8.6826,D
53368,8.6826,D
53478,8.6826,D
53478,8.6826,D
53478,8.6826,D
53588,8.6925,D
53588,8.7245,D
53699,8.7256,D
53699,8.7255,D
53699,8.7252,D
53810,8.7250,D
53810,8.7246,D
53921,8.7242,D
53921,8.7238,D
53921,8.7235,D
54032,8.7233,D
54032,8.7231,D
54033,8.7229,D
54142,8.7228,D
54143,8.7226,D
54253,8.7225,D
54253,8.7224,D
54253,8.7223,D
54363,8.7223,D
54363,8.7220,D
54474,8.7220,D
54474,8.7219,D
54474,8.7219,D
54585,8.7219,D
54585,8.7219,D
54694,8.7218,D
54694,8.7217,D
54694,8.7217,D
54805,8.7217,D
54805,8.7217,D
54916,8.7217,D
54916,8.7217,D
54916,8.7217,D
55026,8.7217,D
55026,8.7217,D
55135,8.7217,D
55135,8.7217,D
55135,8.7217,D
55243,8.7217,D
55243,8.7217,D
55353,8.7217,D
55353,8.7217,D
55354,8.7216,D
55462,8.7216,D
55462,8.7216,D
55570,8.7216,D
55570,8.7216,D
55570,8.7216,D
55683,8.7216,D
55683,8.7425,D
55793,8.7642,D
55794,8.7650,D
55794,8.7649,D
55905,8.7647,D
55905,8.7645,D
56015,8.7642,D
56015,8.7638,D
56015,8.7634,D
56126,8.7632,D
56126,8.7630,D
56237,8.7628,D
56237,8.7626,D
56347,8.7625,D
56347,8.7624,D
56347,8.7623,D
56347,8.7622,D
56458,8.7621,D
56458,8.7620,D
56569,8.7618,D
56569,8.7618,D
56569,8.7618,D
56679,8.7618,D
56679,8.7618,D
56790,8.7618,D
56790,8.7618,D
56790,8.7618,D
56901,8.7618,D
56901,8.7618,D
57012,8.7618,D
57012,8.7618,D
57012,8.7618,D
57122,8.7618,D
57123,8.7618,D
57234,8.7618,D
57234,8.7618,D
57234,8.7618,D
57343,8.7618,D
57344,8.7618,D
57454,8.7618,D
57454,8.7618,D
57454,8.7618,D
57564,8.7618,D
57565,8.7618,D
57565,8.7618,D
57675,8.7618,D
57676,8.7618,D
57786,8.7619,D
57787,8.7619,D
57898,8.7881,D
57898,8.8045,D
57898,8.8055,D
58009,8.8055,D
58009,8.8054,D
58009,8.8052,D
58121,8.8050,D
58121,8.8046,D
58232,8.8042,D
58232,8.8040,D
58232,8.8037,D
58343,8.8036,D
58343,8.8034,D
58454,8.8033,D
58454,8.8032,D
58454,8.8031,D
58564,8.8030,D
58564,8.8030,D
58675,8.8029,D
58675,8.8028,D
58675,8.8027,D
58786,8.8027,D
58787,8.8027,D
58787,8.8027,D
58898,8.8027,D
58898,8.8027,D
59007,8.8027,D
59007,8.8027,D
59118,8.8027,D
59118,8.8027,D
59118,8.8027,D
59227,8.8027,D
59227,8.8027,D
59227,8.8027,D
59338,8.8027,D
59339,8.8027,D
59450,8.8027,D
59450,8.8027,D
59450,8.8028,D
59562,8.8028,D
59562,8.8028,D
59674,8.8028,D
59674,8.8028,D
59674,8.8028,D
59784,8.8028,D
59785,8.8028,D
59896,8.8028,D
59896,8.8028,D
60007,8.8029,D
60008,8.8370,D
60008,8.8454,D
60119,8.8462,D
60119,8.8463,D
60119,8.8462,D
60229,8.8459,D
60230,8.8456,D
60340,8.8452,D
60340,8.8448,D
60340,8.8445,D
60452,8.8443,D
60452,8.8441,D
60452,8.8439,D
60562,8.8438,D
60562,8.8437,D
60673,8.8436,D
60673,8.8435,D
60784,8.8434,D
60784,8.8434,D
60784,8.8432,D
60895,8.8431,D
60896,8.8431,D
60896,8.8430,D
61008,8.8430,D
61008,8.8430,D
61118,8.8430,D
61118,8.8430,D
61118,8.8430,D
61229,8.8430,D
61230,8.8430,D
61340,8.8430,D
61340,8.8430,D
61340,8.8429,D
61449,8.8429,D
61449,8.8429,D
61561,8.8429,D
61561,8.8429,D
61561,8.8429,D
61672,8.8429,D
61672,8.8429,D
61783,8.8429,D
61783,8.8429,D
61783,8.8429,D
61892,8.8429,D
61892,8.8429,D
61892,8.8429,D
62003,8.8429,D
62003,8.8430,D
62115,8.8433,D
62115,8.8849,D
62115,8.8860,D
62226,8.8862,D
62227,8.8862,D
62337,8.8861,D
62338,8.8859,D
62338,8.8855,D
62448,8.8852,D
62448,8.8848,D
62557,8.8846,D
62557,8.8843,D
62557,8.8841,D
62667,8.8840,D
62667,8.8839,D
62777,8.8838,D
62777,8.8837,D
62888,8.8836,D
62888,8.8835,D
62888,8.8835,D
62998,8.8834,D
62998,8.8832,D
62998,8.8832,D
63108,8.8832,D
63108,8.8832,D
63219,8.8832,D
63219,8.8831,D
63219,8.8831,D
63329,8.8831,D
63330,8.8831,D
63441,8.8831,D
63441,8.8831,D
63441,8.8831,D
63553,8.8831,D
63553,8.8831,D
63664,8.8831,D
63664,8.8831,D
63664,8.8831,D
63775,8.8831,D
63775,8.8831,D
63775,8.8830,D
63884,8.8830,D
63884,8.8830,D
63994,8.8830,D
63995,8.8830,D
63995,8.8830,D
64105,8.8830,D
64105,8.8830,D
64215,8.8830,D
64215,8.8930,D
64215,8.9255,D
64326,8.9267,D
64326,8.9267,D
64436,8.9266,D
64436,8.9265,D
64436,8.9262,D
64547,8.9257,D
64547,8.9253,D
64657,8.9249,D
64657,8.9246,D
64657,8.9244,D
64768,8.9241,D
64768,8.9240,D
64880,8.9238,D
64880,8.9237,D
64880,8.9236,D
64990,8.9236,D
64990,8.9235,D
65100,8.9235,D
65100,8.9233,D
65100,8.9233,D
65210,8.9233,D
65210,8.9233,D
65321,8.9233,D
65321,8.9233,D
65321,8.9233,D
65432,8.9232,D
65432,8.9232,D
65432,8.9232,D
65543,8.9232,D
65543,8.9232,D
65654,8.9232,D
65654,8.9232,D
65765,8.9232,D
65765,8.9232,D
65765,8.9232,D
65876,8.9232,D
65877,8.9232,D
65877,8.9232,D
65988,8.9232,D
65988,8.9232,D
66100,8.9232,D
66100,8.9232,D
66100,8.9232,D
66209,8.9232,D
66209,8.9232,D
66320,8.9232,D
66320,8.9232,D
66320,8.9306,D
66431,8.9656,D
66431,8.9668,D
66542,8.9668,D
66542,8.9666,D
66542,8.9664,D
66653,8.9661,D
66653,8.9657,D
66765,8.9653,D
66765,8.9650,D
66765,8.9648,D
66875,8.9645,D
66875,8.9644,D
66875,8.9642,D
66986,8.9641,D
66986,8.9640,D
67097,8.9639,D
67097,8.9638,D
67097,8.9637,D
67206,8.9635,D
67206,8.9634,D
67316,8.9634,D
67316,8.9634,D
67317,8.9634,D
67427,8.9634,D
67427,8.9634,D
67537,8.9634,D
67537,8.9633,D
67537,8.9633,D
67648,8.9633,D
67648,8.9633,D
67759,8.9633,D
67759,8.9633,D
67870,8.9633,D
67870,8.9633,D
67870,8.9632,D
67982,8.9632,D
67982,8.9632,D
67982,8.9632,D
68092,8.9632,D
68092,8.9632,D
68203,8.9632,D
68203,8.9632,D
68203,8.9632,D
68315,8.9632,D
68315,8.9632,D
68315,8.9632,D
68424,8.9632,D
68425,8.9633,D
68535,8.9708,D
68535,9.0054,D
68646,9.0067,D
68647,9.0067,D
68647,9.0065,D
68757,9.0064,D
68757,9.0061,D
68867,9.0057,D
68868,9.0054,D
68868,9.0050,D
68979,9.0048,D
68979,9.0046,D
68979,9.0044,D
69090,9.0043,D
69090,9.0042,D
69200,9.0041,D
69200,9.0040,D
69200,9.0040,D
69312,9.0039,D
69312,9.0037,D
69425,9.0036,D
69425,9.0035,D
69425,9.0035,D
69534,9.0035,D
69535,9.0035,D
69644,9.0035,D
69644,9.0035,D
69644,9.0034,D
69755,9.0034,D
69755,9.0034,D
69866,9.0034,D
69866,9.0034,D
69866,9.0034,D
69977,9.0034,D
69977,9.0034,D
69977,9.0034,D
70087,9.0033,D
70087,9.0033,D
70199,9.0033,D
70199,9.0033,D
70199,9.0033,D
70309,9.0033,D
70309,9.0032,D
70420,9.0032,D
70420,9.0032,D
70420,9.0032,D
70530,9.0032,D
70530,9.0032,D
70642,9.0033,D
70642,9.0161,D
70642,9.0454,D
70753,9.0463,D
70753,9.0462,D
70865,9.0460,D
70865,9.0459,D
70865,9.0457,D
70974,9.0453,D
70975,9.0449,D
71086,9.0446,D
71086,9.0443,D
71086,9.0441,D
71196,9.0439,D
71196,9.0437,D
71305,9.0436,D
71305,9.0435,D
71305,9.0434,D
71417,9.0434,D
71417,9.0433,D
71527,9.0431,D
71527,9.0429,D
71527,9.0429,D
71639,9.0429,D
71639,9.0428,D
71639,9.0428,D
71750,9.0428,D
71750,9.0427,D
71860,9.0427,D
71860,9.0427,D
71860,9.0427,D
71969,9.0426,D
71970,9.0426,D
72080,9.0426,D
72080,9.0426,D
72080,9.0426,D
72191,9.0426,D
72191,9.0426,D
72301,9.0425,D
72301,9.0425,D
72301,9.0425,D
72411,9.0425,D
72411,9.0425,D
72521,9.0425,D
72521,9.0425,D
72521,9.0425,D
72632,9.0425,D
72632,9.0425,D
72742,9.0425,D
72742,9.0425,D
72742,9.0606,D
72853,9.0848,D
72853,9.0858,D
72966,9.0858,D
72966,9.0856,D
72966,9.0855,D
73077,9.0852,D
73077,9.0848,D
73077,9.0845,D
73188,9.0842,D
73188,9.0840,D
73298,9.0838,D
73298,9.0837,D
73298,9.0835,D
73407,9.0834,D
73407,9.0833,D
73516,9.0833,D
73516,9.0832,D
73625,9.0831,D
73625,9.0830,D
73625,9.0829,D
73735,9.0828,D
73735,9.0828,D
73735,9.0828,D
73845,9.0828,D
73845,9.0828,D
73956,9.0828,D
73956,9.0828,D
73956,9.0828,D
74067,9.0828,D
74067,9.0828,D
74178,9.0828,D
74178,9.0828,D
74178,9.0828,D
74288,9.0828,D
74288,9.0828,D
74399,9.0828,D
74400,9.0828,D
74400,9.0828,D
74510,9.0828,D
74510,9.0828,D
74621,9.0828,D
74621,9.0828,D
74621,9.0828,D
74732,9.0828,D
74732,9.0828,D
74842,9.0828,D
74842,9.0828,D
74842,9.0829,D
74953,9.0983,D
74953,9.1253,D
75063,9.1265,D
75063,9.1265,D
75063,9.1263,D
75172,9.1261,D
75172,9.1258,D
75172,9.1254,D
75284,9.1250,D
75284,9.1247,D
75394,9.1245,D
75394,9.1243,D
75394,9.1242,D
75505,9.1240,D
75505,9.1239,D
75614,9.1238,D
75614,9.1237,D
75725,9.1237,D
75725,9.1236,D
75725,9.1234,D
75836,9.1234,D
75836,9.1234,D
75836,9.1234,D
75946,9.1233,D
75946,9.1233,D
76056,9.1233,D
76056,9.1233,D
76056,9.1233,D
76168,9.1233,D
76168,9.1233,D
76278,9.1233,D
76278,9.1233,D
76278,9.1233,D
76389,9.1233,D
76389,9.1233,D
76498,9.1233,D
76498,9.1233,D
76498,9.1233,D
76609,9.1233,D
76609,9.1233,D
76719,9.1233,D
76719,9.1233,D
76719,9.1233,D
76830,9.1233,D
76830,9.1233,D
76940,9.1233,D
76940,9.1233,D
76940,9.1233,D
77050,9.1233,D
77051,9.1360,D
77162,9.1657,D
77162,9.1669,D
77162,9.1669,D
77273,9.1666,D
77273,9.1664,D
77273,9.1661,D
77383,9.1657,D
77384,9.1653,D
77495,9.1650,D
77495,9.1647,D
77495,9.1645,D
77604,9.1644,D
77604,9.1642,D
77716,9.1641,D
77716,9.1640,D
77826,9.1639,D
77826,9.1639,D
77826,9.1638,D
77937,9.1637,D
77937,9.1636,D
77937,9.1636,D
78048,9.1636,D
78048,9.1636,D
78160,9.1636,D
78160,9.1636,D
78160,9.1636,D
78271,9.1635,D
78271,9.1635,D
78382,9.1635,D
78382,9.1635,D
78382,9.1634,D
78493,9.1634,D
78493,9.1633,D
78605,9.1633,D
78605,9.1633,D
78605,9.1633,D
78715,9.1633,D
78715,9.1633,D
78715,9.1633,D
78826,9.1633,D
78826,9.1633,D
78936,9.1633,D
78936,9.1633,D
78936,9.1633,D
79047,9.1633,D
79047,9.1633,D
79156,9.1633,D
79156,9.1634,D
79156,9.1790,D
79264,9.2061,D
79265,9.2069,D
79375,9.2069,D
79375,9.2068,D
79375,9.2068,D
79487,9.2065,D
79487,9.2059,D
79599,9.2053,D
79599,9.2048,D
79599,9.2044,D
79708,9.2042,D
79708,9.2041,D
79817,9.2041,D
79817,9.2041,D
79817,9.2041,D
79927,9.2041,D
79927,9.2041,D
80037,9.2040,D
80037,9.2040,D
80037,9.2039,D
80148,9.2039,D
80148,9.2038,D
80258,9.2038,D
80258,9.2037,D
80258,9.2037,D
80367,9.2037,D
80367,9.2036,D
80477,9.2035,D
80477,9.2035,D
80477,9.2035,D
80588,9.2035,D
80588,9.2035,D
80699,9.2035,D
80699,9.2035,D
80699,9.2035,D
80809,9.2034,D
80809,9.2034,D
80809,9.2034,D
80919,9.2034,D
80919,9.2034,D
81029,9.2034,D
81029,9.2034,D
81029,9.2033,D
81141,9.2033,D
81141,9.2033,D
81250,9.2033,D
81250,9.2033,D
81363,9.2034,D
81363,9.2268,D
81363,9.2458,D
81477,9.2466,D
81477,9.2466,D
81477,9.2464,D
81590,9.2462,D
81590,9.2458,D
81703,9.2454,D
81704,9.2450,D
81704,9.2448,D
81817,9.2446,D
81817,9.2445,D
81817,9.2443,D
81929,9.2442,D
81930,9.2440,D
82043,9.2439,D
82043,9.2438,D
82043,9.2437,D
82155,9.2436,D
82156,9.2434,D
82269,9.2434,D
82269,9.2434,D
82269,9.2433,D
82382,9.2433,D
82382,9.2433,D
82382,9.2433,D
82496,9.2433,D
82496,9.2433,D
82609,9.2433,D
82609,9.2432,D
82722,9.2431,D
82722,9.2431,D
82722,9.2431,D
82834,9.2430,D
82835,9.2430,D
82835,9.2430,D
82947,9.2430,D
82947,9.2430,D
83059,9.2430,D
83059,9.2430,D
83060,9.2430,D
83173,9.2431,D
83173,9.2431,D
83173,9.2431,D
83286,9.2431,D
83286,9.2431,D
83397,9.2431,D
83397,9.2432,D
83397,9.2432,D
83507,9.2723,D
83507,9.2858,D
83618,9.2866,D
83619,9.2865,D
83619,9.2862,D
83730,9.2860,D
83730,9.2857,D
83841,9.2853,D
83841,9.2849,D
83841,9.2847,D
83950,9.2844,D
83950,9.2843,D
84060,9.2841,D
84060,9.2840,D
84060,9.2839,D
84171,9.2838,D
84171,9.2837,D
84281,9.2836,D
84281,9.2835,D
84281,9.2833,D
84392,9.2833,D
84392,9.2833,D
84502,9.2832,D
84502,9.2832,D
84502,9.2832,D
84611,9.2832,D
84611,9.2831,D
84611,9.2830,D
84721,9.2830,D
84721,9.2829,D
84831,9.2829,D
84831,9.2829,D
84831,9.2829,D
84941,9.2828,D
84941,9.2828,D
85051,9.2828,D
85052,9.2828,D
85162,9.2827,D
85162,9.2827,D
85162,9.2827,D
85265,9.2827,D
85265,9.2827,D
85265,9.2826,D
85378,9.2826,D
85378,9.2826,D
85494,9.2826,D
85495,9.2826,D
85495,9.2826,D
85608,9.2826,D
85608,9.3008,D
85721,9.3251,D
85721,9.3261,D
85721,9.3260,D
85833,9.3258,D
85833,9.3257,D
85947,9.3254,D
85947,9.3249,D
85947,9.3246,D
86061,9.3243,D
86061,9.3241,D
86061,9.3239,D
86175,9.3237,D
86176,9.3236,D
86288,9.3234,D
86289,9.3234,D
86289,9.3233,D
86401,9.3232,D
86401,9.3231,D
86515,9.3229,D
86515,9.3228,D
86515,9.3228,D
86629,9.3228,D
86629,9.3228,D
86742,9.3228,D
86742,9.3227,D
86742,9.3227,D
86854,9.3227,D
86855,9.3227,D
86855,9.3227,D
86967,9.3227,D
86967,9.3227,D
86967,9.3227,D
87080,9.3227,D
87080,9.3227,D
87194,9.3227,D
87194,9.3227,D
87194,9.3227,D
87305,9.3227,D
87305,9.3227,D
87415,9.3227,D
87415,9.3227,D
87525,9.3227,D
87525,9.3227,D
87525,9.3227,D
87636,9.3227,D
87636,9.3227,D
87636,9.3227,D
87746,9.3227,D
87746,9.3355,D
87856,9.3654,D
87856,9.3664,D
87856,9.3663,D
87966,9.3661,D
87967,9.3659,D
88077,9.3656,D
88077,9.3652,D
88077,9.3648,D
88188,9.3645,D
88189,9.3643,D
88297,9.3641,D
88298,9.3639,D
88298,9.3638,D
88407,9.3637,D
88408,9.3636,D
88408,9.3635,D
88518,9.3634,D
88518,9.3634,D
88628,9.3632,D
88628,9.3631,D
88628,9.3631,D
88738,9.3630,D
88738,9.3630,D
88850,9.3630,D
88850,9.3630,D
88850,9.3630,D
88961,9.3630,D
88961,9.3630,D
89072,9.3630,D
89072,9.3630,D
89072,9.3630,D
89184,9.3630,D
89184,9.3630,D
89293,9.3630,D
89294,9.3630,D
89294,9.3630,D
89403,9.3630,D
89403,9.3629,D
89514,9.3629,D
89514,9.3629,D
89624,9.3629,D
89624,9.3629,D
89624,9.3629,D
89734,9.3629,D
89734,9.3628,D
89734,9.3628,D
89842,9.3630,D
89843,9.3635,D
89953,9.3738,D
89953,9.4053,D
89953,9.4064,D
90064,9.4063,D
90064,9.4060,D
90174,9.4058,D
90174,9.4054,D
90174,9.4050,D
90282,9.4046,D
90283,9.4043,D
90391,9.4040,D
90391,9.4038,D
90391,9.4036,D
90501,9.4035,D
90501,9.4033,D
90610,9.4032,D
90610,9.4031,D
90610,9.4031,D
90720,9.4030,D
90720,9.4028,D
90829,9.4027,D
90829,9.4027,D
90829,9.4027,D
90940,9.4027,D
90940,9.4026,D
91051,9.4026,D
91051,9.4026,D
91051,9.4026,D
91162,9.4026,D
91162,9.4026,D
91162,9.4026,D
91273,9.4026,D
91273,9.4026,D
91382,9.4026,D
91382,9.4026,D
91382,9.4026,D
91492,9.4026,D
91492,9.4026,D
91602,9.4026,D
91603,9.4026,D
91713,9.4026,D
91713,9.4025,D
91713,9.4025,D
91825,9.4025,D
91825,9.4025,D
91825,9.4025,D
91936,9.4025,D
91936,9.4025,D
92048,9.4026,D
92048,9.4030,D
92048,9.4452,D
92160,9.4462,D
92160,9.4462,D
92272,9.4460,D
92272,9.4458,D
92272,9.4454,D
92383,9.4450,D
92383,9.4446,D
92493,9.4443,D
92493,9.4440,D
92493,9.4438,D
92602,9.4437,D
92602,9.4435,D
92602,9.4434,D
92711,9.4433,D
92711,9.4432,D
92822,9.4432,D
92822,9.4431,D
92822,9.4429,D
92932,9.4428,D
92932,9.4428,D
93043,9.4428,D
93044,9.4428,D
93044,9.4428,D
93153,9.4428,D
93153,9.4428,D
93262,9.4428,D
93262,9.4428,D
93262,9.4428,D
93373,9.4428,D
93373,9.4428,D
93484,9.4428,D
93484,9.4428,D
93484,9.4428,D
93596,9.4428,D
93596,9.4428,D
93706,9.4428,D
93706,9.4428,D
93815,9.4428,D
93815,9.4428,D
93815,9.4428,D
93925,9.4428,D
93925,9.4428,D
93925,9.4428,D
94037,9.4428,D
94037,9.4428,D
94148,9.4428,D
94148,9.4428,D
94148,9.4428,D
94258,9.4718,D
94258,9.4856,D
94369,9.4864,D
94370,9.4864,D
94370,9.4863,D
94480,9.4861,D
94480,9.4857,D
94592,9.4853,D
94592,9.4849,D
94592,9.4847,D
94702,9.4844,D
94702,9.4843,D
94702,9.4841,D
94813,9.4840,D
94814,9.4839,D
94925,9.4838,D
94925,9.4837,D
94925,9.4837,D
95036,9.4836,D
95036,9.4834,D
95147,9.4833,D
95147,9.4833,D
95147,9.4833,D
95258,9.4833,D
95258,9.4833,D
95366,9.4833,D
95367,9.4833,D
95367,9.4832,D
95475,9.4832,D
95475,9.4832,D
95586,9.4832,D
95586,9.4832,D
95586,9.4832,D
95694,9.4832,D
95694,9.4832,D
95805,9.4832,D
95805,9.4832,D
95805,9.4832,D
95915,9.4832,D
95916,9.4832,D
96025,9.4832,D
96025,9.4831,D
96025,9.4830,D
96136,9.4829,D
96136,9.4829,D
96247,9.4829,D
96247,9.4829,D
96247,9.4830,D
96356,9.4832,D
96357,9.5014,D
96467,9.5253,D
96467,9.5262,D
96467,9.5262,D
96577,9.5259,D
96577,9.5257,D
96688,9.5253,D
96689,9.5250,D
96689,9.5246,D
96800,9.5244,D
96801,9.5242,D
96801,9.5240,D
96909,9.5238,D
96909,9.5237,D
97018,9.5236,D
97018,9.5235,D
97018,9.5234,D
97127,9.5233,D
97127,9.5232,D
97239,9.5230,D
97239,9.5230,D
97239,9.5230,D
97347,9.5230,D
97347,9.5230,D
97461,9.5230,D
97461,9.5230,D
97461,9.5230,D
97574,9.5230,D
97574,9.5230,D
97688,9.5230,D
97688,9.5229,D
97688,9.5229,D
97801,9.5229,D
97801,9.5229,D
97914,9.5229,D
97914,9.5229,D
97914,9.5229,D
98029,9.5229,D
98029,9.5229,D
98029,9.5229,D
98142,9.5229,D
98142,9.5229,D
98255,9.5229,D
98255,9.5228,D
98255,9.5228,D
98367,9.5228,D
98368,9.5228,D
98481,9.5228,D
98481,9.5228,D
98481,9.5328,D
98594,9.5651,D
98594,9.5664,D
98708,9.5664,D
98708,9.5662,D
98708,9.5661,D
98822,9.5658,D
98822,9.5654,D
98822,9.5650,D
98936,9.5646,D
98936,9.5644,D
99049,9.5642,D
99049,9.5640,D
99049,9.5639,D
99163,9.5638,D
99163,9.5637,D
99163,9.5636,D
99276,9.5635,D
99277,9.5634,D
99386,9.5633,D
99386,9.5631,D
99386,9.5631,D
99495,9.5630,D
99495,9.5630,D
99605,9.5630,D
99605,9.5630,D
99605,9.5630,D
99717,9.5630,D
99717,9.5630,D
99828,9.5630,D
99828,9.5630,D
99828,9.5630,D
99938,9.5630,D
99938,9.5630,D
100049,9.5630,D
100049,9.5630,D
100049,9.5630,D
100159,9.5630,D
100159,9.5630,D
100159,9.5630,D
100269,9.5629,D
100269,9.5629,D
100380,9.5629,D
100380,9.5628,D
100380,9.5628,D
100491,9.5628,D
100491,9.5628,D
100601,9.5628,D
100601,9.5629,D
100601,9.5632,D
100710,9.6000,D
100710,9.6058,D
100822,9.6063,D
100822,9.6063,D
100933,9.6061,D
100933,9.6058,D
100933,9.6054,D
101042,9.6050,D
101042,9.6046,D
101153,9.6043,D
101153,9.6041,D
101153,9.6040,D
101264,9.6038,D
101264,9.6037,D
101264,9.6036,D
101373,9.6035,D
101373,9.6034,D
101485,9.6033,D
101485,9.6031,D
101485,9.6029,D
101595,9.6029,D
101595,9.6029,D
101705,9.6028,D
101705,9.6028,D
101705,9.6028,D
101815,9.6028,D
101816,9.6028,D
101926,9.6028,D
101926,9.6028,D
101926,9.6028,D
102037,9.6028,D
102037,9.6028,D
102037,9.6027,D
102148,9.6027,D
102148,9.6027,D
102257,9.6027,D
102258,9.6027,D
102258,9.6027,D
102370,9.6027,D
102370,9.6027,D
102479,9.6027,D
102479,9.6027,D
102479,9.6027,D
102590,9.6027,D
102591,9.6027,D
102701,9.6027,D
102702,9.6027,D
102702,9.6027,D
102813,9.6028,D
102813,9.6182,D
102924,9.6454,D
102924,9.6464,D
102924,9.6464,D
103034,9.6462,D
103035,9.6460,D
103145,9.6457,D
103145,9.6452,D
103145,9.6448,D
103256,9.6445,D
103256,9.6443,D
103367,9.6441,D
103367,9.6439,D
103367,9.6438,D
103477,9.6437,D
103477,9.6436,D
103588,9.6435,D
103588,9.6435,D
103588,9.6434,D
103698,9.6432,D
103698,9.6431,D
103698,9.6431,D
103809,9.6431,D
103809,9.6430,D
103920,9.6430,D
103920,9.6430,D
104029,9.6430,D
104030,9.6430,D
104030,9.6430,D
104142,9.6429,D
104142,9.6429,D
104142,9.6429,D
104251,9.6429,D
104251,9.6429,D
104362,9.6429,D
104362,9.6429,D
104362,9.6429,D
104473,9.6429,D
104473,9.6430,D
104582,9.6430,D
104583,9.6430,D
104583,9.6430,D
104694,9.6430,D
104694,9.6430,D
104805,9.6430,D
104805,9.6430,D
104805,9.6430,D
104913,9.6430,D
104913,9.6430,D
105022,9.6430,D
105023,9.6824,D
105023,9.6862,D
105132,9.6866,D
105133,9.6866,D
105242,9.6865,D
105243,9.6862,D
105243,9.6858,D
105354,9.6853,D
105354,9.6850,D
105466,9.6847,D
105466,9.6845,D
105466,9.6843,D
105575,9.6842,D
105575,9.6841,D
105687,9.6840,D
105687,9.6839,D
105687,9.6838,D
105798,9.6837,D
105799,9.6836,D
105799,9.6835,D
105909,9.6834,D
105909,9.6833,D
106020,9.6833,D
106020,9.6833,D
106131,9.6833,D
106131,9.6833,D
106131,9.6833,D
106240,9.6833,D
106240,9.6833,D
106241,9.6833,D
106349,9.6833,D
106349,9.6833,D
106459,9.6833,D
106459,9.6833,D
106459,9.6833,D
106570,9.6833,D
106570,9.6833,D
106682,9.6833,D
106682,9.6833,D
106682,9.6833,D
106792,9.6833,D
106792,9.6833,D
106902,9.6833,D
106902,9.6833,D
106902,9.6833,D
107012,9.6833,D
107012,9.6833,D
107122,9.6833,D
107122,9.6833,D
107122,9.7068,D
107233,9.7260,D
107233,9.7269,D
107343,9.7269,D
107343,9.7268,D
107343,9.7266,D
107453,9.7262,D
107453,9.7258,D
107563,9.7254,D
107563,9.7250,D
107563,9.7248,D
107674,9.7246,D
107674,9.7244,D
107674,9.7243,D
107784,9.7242,D
107784,9.7241,D
107895,9.7241,D
107895,9.7240,D
108005,9.7239,D
108005,9.7238,D
108005,9.7236,D
108116,9.7236,D
108117,9.7236,D
108227,9.7236,D
108227,9.7236,D
108228,9.7236,D
108337,9.7236,D
108337,9.7235,D
108337,9.7235,D
108448,9.7235,D
108448,9.7235,D
108558,9.7235,D
108558,9.7235,D
108558,9.7235,D
108669,9.7234,D
108670,9.7233,D
108781,9.7233,D
108781,9.7233,D
108781,9.7233,D
108893,9.7233,D
108893,9.7233,D
109005,9.7233,D
109005,9.7233,D
109005,9.7233,D
109117,9.7233,D
109117,9.7233,D
109117,9.7233,D
109226,9.7234,D
109226,9.7234,D
109336,9.7261,D
109336,9.7662,D
109336,9.7670,D
109447,9.7669,D
109447,9.7667,D
109557,9.7666,D
109558,9.7663,D
109558,9.7659,D
109669,9.7655,D
109669,9.7652,D
109781,9.7650,D
109781,9.7648,D
109781,9.7646,D
109890,9.7645,D
109890,9.7644,D
110000,9.7643,D
110000,9.7642,D
110000,9.7641,D
110111,9.7640,D
110111,9.7639,D
110222,9.7637,D
110222,9.7637,D
110222,9.7637,D
110333,9.7637,D
110333,9.7637,D
110443,9.7637,D
110443,9.7636,D
110444,9.7636,D
110554,9.7636,D
110554,9.7636,D
110665,9.7636,D
110665,9.7636,D
110665,9.7636,D
110777,9.7636,D
110777,9.7636,D
110777,9.7636,D
110887,9.7636,D
110887,9.7636,D
110997,9.7636,D
110997,9.7636,D
111108,9.7636,D
111108,9.7636,D
111108,9.7635,D
111218,9.7634,D
111218,9.7634,D
111218,9.7634,D
111328,9.7634,D
111328,9.7634,D
111439,9.7635,D
111439,9.7637,D
111439,9.7820,D
111549,9.8059,D
111549,9.8068,D
111660,9.8068,D
111660,9.8065,D
111660,9.8063,D
111771,9.8059,D
111771,9.8055,D
111880,9.8051,D
111880,9.8048,D
111880,9.8045,D
111990,9.8043,D
111990,9.8042,D
112101,9.8040,D
112102,9.8039,D
112102,9.8038,D
112213,9.8037,D
112213,9.8036,D
112323,9.8035,D
112324,9.8032,D
112324,9.8032,D
112435,9.8032,D
112435,9.8031,D
112435,9.8031,D
112546,9.8031,D
112547,9.8031,D
112658,9.8031,D
112658,9.8030,D
112658,9.8030,D
112769,9.8030,D
112769,9.8030,D
112880,9.8030,D
112880,9.8030,D
112880,9.8030,D
112989,9.8030,D
112989,9.8030,D
113100,9.8030,D
113101,9.8030,D
113101,9.8030,D
113210,9.8030,D
113210,9.8030,D
113320,9.8030,D
113320,9.8030,D
113320,9.8030,D
113431,9.8030,D
113431,9.8030,D
113542,9.8030,D
113542,9.8030,D
113542,9.8030,D
113653,9.8031,D
113653,9.8405,D
113763,9.8463,D
113763,9.8468,D
113763,9.8468,D
113875,9.8465,D
113875,9.8463,D
113984,9.8458,D
113984,9.8454,D
113984,9.8451,D
114094,9.8448,D
114094,9.8446,D
114203,9.8445,D
114203,9.8443,D
114203,9.8442,D
114314,9.8441,D
114314,9.8441,D
114314,9.8440,D
114424,9.8439,D
114424,9.8438,D
114535,9.8436,D
114535,9.8436,D
114645,9.8435,D
114645,9.8435,D
114645,9.8435,D
114756,9.8435,D
114756,9.8435,D
114756,9.8435,D
114865,9.8435,D
114865,9.8435,D
114974,9.8435,D
114975,9.8435,D
115084,9.8434,D
115084,9.8434,D
115084,9.8434,D
115193,9.8434,D
115194,9.8434,D
115304,9.8434,D
115304,9.8434,D
115304,9.8434,D
115412,9.8434,D
115413,9.8434,D
115413,9.8434,D
115521,9.8434,D
115521,9.8434,D
115633,9.8434,D
115633,9.8434,D
115633,9.8434,D
115744,9.8434,D
115744,9.8434,D
115855,9.8588,D
115855,9.8858,D
115855,9.8868,D
115966,9.8868,D
115966,9.8867,D
116076,9.8865,D
116076,9.8862,D
116076,9.8858,D
116188,9.8854,D
116188,9.8852,D
116299,9.8849,D
116299,9.8847,D
116299,9.8846,D
116409,9.8844,D
116409,9.8843,D
116519,9.8842,D
116519,9.8841,D
116519,9.8841,D
116628,9.8840,D
116629,9.8839,D
116629,9.8837,D
116738,9.8837,D
116738,9.8837,D
116849,9.8837,D
116849,9.8837,D
116849,9.8837,D
116960,9.8837,D
116960,9.8837,D
117069,9.8837,D
117069,9.8836,D
117069,9.8836,D
117181,9.8836,D
117181,9.8836,D
117295,9.8836,D
117295,9.8836,D
117295,9.8836,D
117404,9.8836,D
117404,9.8836,D
117516,9.8836,D
117516,9.8836,D
117516,9.8836,D
117627,9.8836,D
117627,9.8836,D
117737,9.8836,D
117737,9.8836,D
117737,9.8836,D
117848,9.8836,D
117848,9.8836,D
117957,9.8836,D
117957,9.8836,D
117957,9.9209,D
118067,9.9268,D
118067,9.9272,D
118177,9.9270,D
118177,9.9268,D
118177,9.9265,D
118287,9.9261,D
118287,9.9256,D
118399,9.9253,D
118399,9.9250,D
118399,9.9248,D
118509,9.9247,D
118509,9.9245,D
118509,9.9244,D
118618,9.9243,D
118618,9.9242,D
118730,9.9241,D
118730,9.9241,D
118730,9.9239,D
118840,9.9238,D
118840,9.9238,D
118952,9.9238,D
118952,9.9238,D
118952,9.9237,D
119062,9.9237,D
119062,9.9237,D
119173,9.9237,D
119173,9.9237,D
119173,9.9237,D
119284,9.9237,D
119284,9.9237,D
119394,9.9237,D
119394,9.9238,D
119505,9.9238,D
119505,9.9238,D
119505,9.9238,D
119614,9.9238,D
119614,9.9238,D
119614,9.9238,D
119724,9.9238,D
119724,9.9238,D
119835,9.9238,D
119836,9.9238,D
119836,9.9238,D
119946,9.9238,D
119946,9.9238,D
120057,9.9238,D
120058,9.9238,D
120058,9.9238,D
120166,9.9288,D
120167,9.9668,D
120276,9.9677,D
120277,9.9677,D
120277,9.9676,D
120386,9.9674,D
120387,9.9670,D
120387,9.9666,D
120497,9.9662,D
120497,9.9659,D
120607,9.9656,D
120607,9.9655,D
120718,9.9653,D
120718,9.9651,D
120718,9.9650,D
120829,9.9649,D
120829,9.9648,D
120829,9.9648,D
120940,9.9647,D
120940,9.9646,D
121049,9.9644,D
121049,9.9644,D
121049,9.9644,D
121159,9.9644,D
121160,9.9644,D
121269,9.9644,D
121269,9.9644,D
121269,9.9644,D
121380,9.9644,D
121380,9.9643,D
121492,9.9643,D
121492,9.9643,D
121492,9.9643,D
121602,9.9643,D
121602,9.9643,D
121712,9.9643,D
121712,9.9643,D
121712,9.9643,D
121822,9.9643,D
121822,9.9643,D
121934,9.9643,D
121934,9.9643,D
121934,9.9643,D
122044,9.9643,D
122044,9.9643,D
122156,9.9643,D
122156,9.9643,D
122156,9.9643,D
122267,9.9643,D
122268,9.9643,D
122378,9.9852,D
122378,10.0068,D
122378,10.0077,D
122489,10.0077,D
122489,10.0077,D
122489,10.0075,D
122601,10.0072,D
122601,10.0068,D
122712,10.0064,D
122712,10.0060,D
122712,10.0058,D
122824,10.0055,D
122824,10.0053,D
122935,10.0052,D
122935,10.0051,D
122935,10.0050,D
123045,10.0049,D
123045,10.0048,D
123157,10.0047,D
123157,10.0047,D
123157,10.0045,D
123266,10.0045,D
123266,10.0045,D
123377,10.0044,D
123377,10.0044,D
123377,10.0044,D
123486,10.0044,D
123486,10.0044,D
123486,10.0044,D
123595,10.0043,D
123595,10.0043,D
123706,10.0043,D
123706,10.0043,D
123706,10.0043,D
123816,10.0043,D
123816,10.0043,D
123928,10.0043,D
123929,10.0043,D
123929,10.0043,D
124039,10.0043,D
124039,10.0043,D
124150,10.0043,D
124151,10.0043,D
124151,10.0043,D
124261,10.0043,D
124261,10.0043,D
124372,10.0043,D
124372,10.0043,D
124372,10.0043,D
124482,10.0043,D
124482,10.0383,D
124593,10.0468,D
124593,10.0478,D
124593,10.0478,D
124701,10.0477,D
124701,10.0474,D
124811,10.0470,D
124812,10.0466,D
124812,10.0463,D
124921,10.0461,D
124921,10.0459,D
125032,10.0457,D
125032,10.0456,D
125032,10.0455,D
125144,10.0454,D
125144,10.0453,D
125254,10.0452,D
125254,10.0452,D
125254,10.0451,D
125365,10.0450,D
125365,10.0449,D
125365,10.0449,D
125476,10.0449,D
125476,10.0448,D
125586,10.0448,D
125586,10.0448,D
125586,10.0448,D
125696,10.0448,D
125696,10.0448,D
125807,10.0448,D
125807,10.0448,D
125807,10.0448,D
125917,10.0448,D
125917,10.0448,D
126026,10.0448,D
126026,10.0448,D
126026,10.0447,D
126137,10.0447,D
126138,10.0447,D
126249,10.0445,D
126249,10.0445,D
126249,10.0445,D
126360,10.0445,D
126360,10.0444,D
126472,10.0444,D
126472,10.0444,D
126583,10.0444,D
126583,10.0445,D
126583,10.0446,D
126694,10.0546,D
126694,10.0864,D
126694,10.0875,D
126804,10.0873,D
126804,10.0871,D
126915,10.0871,D
126915,10.0871,D
126915,10.0869,D
127025,10.0865,D
127025,10.0862,D
127025,10.0859,D
127135,10.0857,D
127135,10.0855,D
127246,10.0853,D
127246,10.0851,D
127357,10.0850,D
127357,10.0849,D
127357,10.0848,D
127468,10.0847,D
127468,10.0846,D
127580,10.0846,D
127580,10.0845,D
127580,10.0844,D
127692,10.0844,D
127692,10.0844,D
127692,10.0845,D
127803,10.0846,D
127803,10.0846,D
127913,10.0846,D
127913,10.0846,D
127913,10.0846,D
128023,10.0846,D
128023,10.0845,D
128133,10.0845,D
128133,10.0845,D
128133,10.0845,D
128243,10.0844,D
128243,10.0844,D
128354,10.0844,D
128354,10.0844,D
128354,10.0843,D
128464,10.0843,D
128464,10.0843,D
128575,10.0843,D
128575,10.0843,D
128575,10.0843,D
128685,10.0843,D
128685,10.0843,D
128685,10.0843,D
128797,10.0843,D
128797,10.0999,D
128905,10.1271,D
128905,10.1280,D
128905,10.1280,D
129015,10.1278,D
129015,10.1275,D
129127,10.1272,D
129127,10.1268,D
129127,10.1265,D
129237,10.1262,D
129237,10.1259,D
129345,10.1257,D
129345,10.1256,D
129458,10.1254,D
129458,10.1253,D
129458,10.1253,D
129570,10.1252,D
129570,10.1251,D
129570,10.1251,D
129682,10.1249,D
129683,10.1248,D
129795,10.1248,D
129795,10.1248,D
129795,10.1248,D
129908,10.1248,D
129908,10.1248,D
129908,10.1248,D
130021,10.1247,D
130021,10.1247,D
130132,10.1247,D
130132,10.1247,D
130245,10.1247,D
130245,10.1248,D
130245,10.1248,D
130358,10.1248,D
130358,10.1248,D
130358,10.1248,D
130469,10.1248,D
130469,10.1248,D
130581,10.1248,D
130582,10.1247,D
130582,10.1247,D
130694,10.1247,D
130694,10.1247,D
130807,10.1247,D
130808,10.1247,D
130808,10.1247,D
130919,10.1247,D
130919,10.1247,D
131032,10.1247,D
131032,10.1451,D
131032,10.1666,D
131145,10.1678,D
131145,10.1679,D
131145,10.1679,D
131257,10.1677,D
131257,10.1673,D
131367,10.1668,D
131367,10.1665,D
131367,10.1662,D
131475,10.1660,D
131475,10.1658,D
131586,10.1656,D
131587,10.1655,D
131587,10.1653,D
131697,10.1652,D
131697,10.1651,D
131804,10.1650,D
131805,10.1650,D
131805,10.1649,D
131914,10.1647,D
131914,10.1647,D
132024,10.1647,D
132024,10.1646,D
132024,10.1646,D
132135,10.1646,D
132135,10.1646,D
132243,10.1646,D
132243,10.1646,D
132243,10.1646,D
132353,10.1646,D
132354,10.1645,D
132463,10.1645,D
132463,10.1645,D
132463,10.1645,D
132571,10.1645,D
132572,10.1645,D
132683,10.1645,D
132683,10.1645,D
132683,10.1645,D
132792,10.1645,D
132792,10.1645,D
132792,10.1645,D
132903,10.1645,D
132903,10.1645,D
133013,10.1644,D
133013,10.1644,D
133124,10.1645,D
133124,10.1647,D
133124,10.1652,D
133232,10.1988,D
133232,10.2072,D
133232,10.2080,D
133345,10.2080,D
133345,10.2077,D
133456,10.2074,D
133457,10.2069,D
133457,10.2065,D
133569,10.2062,D
133569,10.2059,D
133682,10.2057,D
133682,10.2055,D
133683,10.2053,D
133795,10.2052,D
133795,10.2051,D
133906,10.2050,D
133906,10.2049,D
133906,10.2048,D
134018,10.2047,D
134018,10.2045,D
134018,10.2044,D
134129,10.2044,D
134129,10.2044,D
134241,10.2044,D
134241,10.2044,D
134241,10.2043,D
134353,10.2043,D
134353,10.2042,D
134465,10.2042,D
134465,10.2042,D
134465,10.2042,D
134577,10.2042,D
134577,10.2042,D
134690,10.2042,D
134690,10.2042,D
134690,10.2042,D
134802,10.2042,D
134802,10.2042,D
134802,10.2041,D
134915,10.2041,D
134915,10.2041,D
135027,10.2041,D
135027,10.2041,D
135027,10.2041,D
135140,10.2041,D
135140,10.2041,D
135253,10.2041,D
135253,10.2041,D
135254,10.2041,D
135364,10.2116,D
135364,10.2469,D
135475,10.2480,D
135475,10.2480,D
135475,10.2478,D
135584,10.2475,D
135584,10.2472,D
135693,10.2467,D
135693,10.2463,D
135693,10.2460,D
135804,10.2457,D
135804,10.2455,D
135914,10.2454,D
135915,10.2453,D
135915,10.2452,D
136023,10.2451,D
136023,10.2450,D
136023,10.2449,D
136133,10.2448,D
136133,10.2447,D
136244,10.2446,D
136244,10.2446,D
136244,10.2446,D
136354,10.2445,D
136354,10.2445,D
136465,10.2445,D
136465,10.2445,D
136465,10.2445,D
136576,10.2445,D
136576,10.2445,D
136684,10.2445,D
136685,10.2445,D
136795,10.2445,D
136795,10.2445,D
136795,10.2445,D
136904,10.2445,D
136904,10.2445,D
136904,10.2445,D
137015,10.2445,D
137015,10.2445,D
137124,10.2445,D
137124,10.2445,D
137124,10.2445,D
137234,10.2445,D
137234,10.2445,D
137346,10.2445,D
137346,10.2444,D
137346,10.2444,D
137455,10.2444,D
137455,10.2444,D
137564,10.2518,D
137564,10.2865,D
137564,10.2877,D
137673,10.2878,D
137673,10.2877,D
137783,10.2874,D
137783,10.2870,D
137783,10.2866,D
137891,10.2862,D
137891,10.2859,D
138001,10.2857,D
138001,10.2855,D
138001,10.2853,D
138113,10.2852,D
138113,10.2851,D
138223,10.2850,D
138223,10.2848,D
138223,10.2848,D
138332,10.2847,D
138332,10.2846,D
138442,10.2843,D
138442,10.2843,D
138442,10.2843,D
138552,10.2843,D
138552,10.2843,D
138663,10.2842,D
138663,10.2841,D
138663,10.2841,D
138774,10.2841,D
138774,10.2841,D
138883,10.2841,D
138883,10.2841,D
138883,10.2841,D
138993,10.2841,D
138993,10.2841,D
139102,10.2841,D
139102,10.2841,D
139103,10.2841,D
139212,10.2841,D
139212,10.2841,D
139321,10.2841,D
139321,10.2841,D
139321,10.2841,D
139430,10.2841,D
139430,10.2841,D
139430,10.2841,D
139540,10.2841,D
139541,10.2841,D
139649,10.2841,D
139649,10.2841,D
139758,10.2942,D
139758,10.3268,D
139758,10.3279,D
139866,10.3279,D
139866,10.3276,D
139977,10.3273,D
139977,10.3269,D
139977,10.3266,D
140087,10.3262,D
140087,10.3259,D
140197,10.3257,D
140197,10.3255,D
140197,10.3254,D
140308,10.3253,D
140308,10.3252,D
140308,10.3251,D
140418,10.3250,D
140418,10.3249,D
140528,10.3248,D
140528,10.3246,D
140528,10.3246,D
140639,10.3246,D
140639,10.3246,D
140748,10.3246,D
140748,10.3246,D
140748,10.3246,D
140858,10.3246,D
140858,10.3246,D
140968,10.3246,D
140968,10.3246,D
140968,10.3246,D
141076,10.3246,D
141076,10.3246,D
141186,10.3246,D
141186,10.3247,D
141296,10.3247,D
141296,10.3247,D
141296,10.3247,D
141407,10.3247,D
141407,10.3247,D
141517,10.3247,D
141517,10.3247,D
141517,10.3247,D
141628,10.3247,D
141628,10.3247,D
141628,10.3248,D
141737,10.3248,D
141737,10.3248,D
141848,10.3248,D
141849,10.3248,D
141849,10.3404,D
141959,10.3678,D
141959,10.3687,D
142068,10.3687,D
142069,10.3685,D
142069,10.3682,D
142179,10.3678,D
142179,10.3674,D
142289,10.3671,D
142290,10.3668,D
142290,10.3666,D
142399,10.3664,D
142399,10.3662,D
142399,10.3661,D
142509,10.3660,D
142509,10.3659,D
142619,10.3658,D
142619,10.3657,D
142729,10.3656,D
142729,10.3654,D
142729,10.3654,D
142839,10.3653,D
142839,10.3653,D
142839,10.3653,D
142948,10.3653,D
142949,10.3653,D
143059,10.3653,D
143059,10.3653,D
143059,10.3653,D
143170,10.3653,D
143170,10.3653,D
143281,10.3653,D
143281,10.3653,D
143281,10.3653,D
143394,10.3653,D
143394,10.3653,D
143506,10.3652,D
143506,10.3652,D
143506,10.3652,D
143618,10.3652,D
143618,10.3652,D
143731,10.3652,D
143731,10.3652,D
143731,10.3652,D
143844,10.3652,D
143844,10.3652,D
143844,10.3651,D
143956,10.3652,D
143956,10.3653,D
144068,10.3658,D
144068,10.3866,D
144068,10.4078,D
144180,10.4087,D
144180,10.4087,D
144292,10.4085,D
144293,10.4082,D
144293,10.4078,D
144405,10.4074,D
144405,10.4070,D
144517,10.4068,D
144517,10.4065,D
144517,10.4064,D
144630,10.4062,D
144631,10.4061,D
144631,10.4060,D
144743,10.4059,D
144743,10.4058,D
144855,10.4057,D
144855,10.4056,D
144855,10.4054,D
144969,10.4053,D
144969,10.4053,D
145081,10.4053,D
145082,10.4053,D
145082,10.4053,D
145193,10.4053,D
145193,10.4053,D
145305,10.4053,D
145305,10.4053,D
145305,10.4052,D
145414,10.4052,D
145414,10.4052,D
145525,10.4052,D
145525,10.4052,D
145525,10.4052,D
145635,10.4051,D
145635,10.4051,D
145635,10.4051,D
145745,10.4051,D
145745,10.4051,D
145856,10.4051,D
145856,10.4051,D
145967,10.4051,D
145967,10.4051,D
145967,10.4051,D
146076,10.4051,D
146076,10.4051,D
146076,10.4051,D
146185,10.4051,D
146185,10.4052,D
146293,10.4233,D
146293,10.4475,D
146293,10.4485,D
146402,10.4485,D
146403,10.4482,D
146512,10.4479,D
146512,10.4476,D
146512,10.4472,D
146621,10.4469,D
146622,10.4466,D
146731,10.4464,D
146731,10.4462,D
146731,10.4461,D
146839,10.4459,D
146839,10.4458,D
146948,10.4457,D
146948,10.4456,D
146948,10.4456,D
147059,10.4455,D
147059,10.4453,D
147170,10.4453,D
147170,10.4453,D
147281,10.4453,D
147281,10.4453,D
147281,10.4453,D
147390,10.4453,D
147390,10.4453,D
147390,10.4453,D
147500,10.4453,D
147500,10.4452,D
147610,10.4452,D
147611,10.4452,D
147611,10.4452,D
147720,10.4452,D
147721,10.4452,D
147829,10.4452,D
147829,10.4452,D
147829,10.4452,D
147937,10.4452,D
147938,10.4452,D
148047,10.4452,D
148047,10.4452,D
148047,10.4452,D
148157,10.4452,D
148157,10.4452,D
148268,10.4452,D
148268,10.4452,D
148268,10.4452,D
148380,10.4452,D
148380,10.4452,D
148490,10.4608,D
148491,10.4880,D
148491,10.4891,D
148602,10.4891,D
148602,10.4888,D
148712,10.4885,D
148712,10.4881,D
148713,10.4876,D
148821,10.4872,D
148821,10.4870,D
148930,10.4867,D
148931,10.4866,D
148931,10.4865,D
149040,10.4864,D
149040,10.4864,D
149151,10.4863,D
149151,10.4863,D
149151,10.4862,D
149262,10.4861,D
149262,10.4859,D
149372,10.4856,D
149373,10.4856,D
149373,10.4855,D
149481,10.4855,D
149481,10.4855,D
149481,10.4855,D
149591,10.4855,D
149591,10.4855,D
149700,10.4855,D
149700,10.4855,D
149809,10.4855,D
149809,10.4854,D
149809,10.4854,D
149919,10.4854,D
149919,10.4854,D
149920,10.4854,D
150027,10.4854,D
150027,10.4854,D
150137,10.4854,D
150137,10.4854,D
150137,10.4854,D
150247,10.4855,D
150247,10.4855,D
150355,10.4854,D
150355,10.4854,D
150355,10.4854,D
150465,10.4854,D
150465,10.4854,D
150574,10.4854,D
150574,10.4855,D
150682,10.5009,D
150682,10.5279,D
150682,10.5289,D
150792,10.5289,D
150792,10.5286,D
150792,10.5284,D
150903,10.5280,D
150903,10.5275,D
151014,10.5272,D
151014,10.5270,D
151014,10.5268,D
151125,10.5266,D
151125,10.5265,D
151235,10.5264,D
151235,10.5263,D
151235,10.5262,D
151345,10.5261,D
151346,10.5260,D
151454,10.5260,D
151454,10.5258,D
151454,10.5257,D
151563,10.5257,D
151563,10.5257,D
151672,10.5257,D
151673,10.5257,D
151673,10.5257,D
151782,10.5256,D
151782,10.5256,D
151892,10.5256,D
151892,10.5255,D
152001,10.5255,D
152001,10.5255,D
152001,10.5255,D
152111,10.5255,D
152111,10.5255,D
152111,10.5255,D
152222,10.5255,D
152222,10.5255,D
152333,10.5255,D
152333,10.5255,D
152333,10.5255,D
152443,10.5255,D
152443,10.5255,D
152554,10.5255,D
152554,10.5255,D
152554,10.5255,D
152665,10.5255,D
152665,10.5255,D
152775,10.5255,D
152775,10.5255,D
152775,10.5437,D
152886,10.5682,D
152886,10.5693,D
152886,10.5693,D
152996,10.5691,D
152996,10.5688,D
153106,10.5685,D
153107,10.5680,D
153107,10.5677,D
153215,10.5674,D
153215,10.5672,D
153329,10.5669,D
153330,10.5668,D
153330,10.5666,D
153442,10.5665,D
153442,10.5663,D
153554,10.5663,D
153554,10.5662,D
153554,10.5661,D
153666,10.5659,D
153666,10.5658,D
153777,10.5658,D
153777,10.5658,D
153777,10.5658,D
153887,10.5658,D
153887,10.5658,D
153998,10.5658,D
153998,10.5658,D
153999,10.5658,D
154110,10.5658,D
154110,10.5658,D
154110,10.5658,D
154222,10.5658,D
154222,10.5658,D
154335,10.5658,D
154335,10.5658,D
154335,10.5658,D
154449,10.5658,D
154449,10.5658,D
154561,10.5658,D
154562,10.5658,D
154562,10.5658,D
154674,10.5658,D
154674,10.5658,D
154786,10.5658,D
154786,10.5658,D
154786,10.5658,D
154899,10.5658,D
154899,10.5658,D
154899,10.5658,D
155011,10.5786,D
155011,10.6085,D
155123,10.6096,D
155123,10.6096,D
155123,10.6094,D
155235,10.6091,D
155235,10.6087,D
155347,10.6083,D
155347,10.6080,D
155347,10.6078,D
155459,10.6076,D
155460,10.6074,D
155569,10.6072,D
155569,10.6071,D
155569,10.6070,D
155679,10.6069,D
155680,10.6068,D
155792,10.6067,D
155792,10.6066,D
155792,10.6064,D
155902,10.6064,D
155902,10.6064,D
156011,10.6064,D
156011,10.6064,D
156011,10.6063,D
156121,10.6063,D
156121,10.6063,D
156121,10.6063,D
156231,10.6063,D
156231,10.6063,D
156342,10.6062,D
156342,10.6062,D
156452,10.6062,D
156453,10.6062,D
156453,10.6062,D
156562,10.6062,D
156562,10.6062,D
156562,10.6062,D
156670,10.6062,D
156670,10.6062,D
156779,10.6062,D
156779,10.6062,D
156779,10.6062,D
156889,10.6062,D
156889,10.6062,D
156999,10.6062,D
156999,10.6061,D
156999,10.6061,D
157110,10.6062,D
157110,10.6065,D
157220,10.6071,D
157220,10.6482,D
157220,10.6494,D
157329,10.6494,D
157329,10.6492,D
157439,10.6489,D
157439,10.6486,D
157439,10.6482,D
157549,10.6478,D
157549,10.6475,D
157660,10.6473,D
157661,10.6471,D
157661,10.6469,D
157770,10.6467,D
157770,10.6466,D
157880,10.6465,D
157880,10.6464,D
157880,10.6464,D
157989,10.6463,D
157989,10.6461,D
158100,10.6460,D
158100,10.6460,D
158100,10.6460,D
158209,10.6460,D
158209,10.6460,D
158319,10.6459,D
158319,10.6459,D
158319,10.6459,D
158430,10.6459,D
158430,10.6459,D
158540,10.6459,D
158540,10.6458,D
158540,10.6458,D
158649,10.6458,D
158649,10.6458,D
158759,10.6458,D
158759,10.6458,D
158759,10.6458,D
158868,10.6458,D
158868,10.6458,D
158978,10.6458,D
158978,10.6458,D
158978,10.6458,D
159089,10.6458,D
159089,10.6458,D
159089,10.6458,D
159200,10.6458,D
159200,10.6458,D
159313,10.6458,D
159314,10.6458,D
159314,10.6460,D
159426,10.6831,D
159426,10.6889,D
159538,10.6894,D
159538,10.6893,D
159538,10.6890,D
159650,10.6886,D
159651,10.6882,D
159763,10.6878,D
159763,10.6875,D
159763,10.6873,D
159876,10.6871,D
159876,10.6870,D
159876,10.6868,D
159989,10.6867,D
159989,10.6866,D
160103,10.6865,D
160103,10.6863,D
160103,10.6863,D
160215,10.6860,D
160215,10.6859,D
160326,10.6858,D
160326,10.6857,D
160326,10.6857,D
160437,10.6857,D
160437,10.6857,D
160548,10.6857,D
160548,10.6856,D
160661,10.6856,D
160661,10.6856,D
160661,10.6856,D
160661,10.6856,D
160772,10.6856,D
160772,10.6856,D
160885,10.6856,D
160885,10.6856,D
160885,10.6856,D
160996,10.6856,D
160996,10.6856,D
161108,10.6855,D
161109,10.6855,D
161109,10.6855,D
161221,10.6855,D
161221,10.6855,D
161332,10.6855,D
161333,10.6855,D
161442,10.6855,D
161442,10.6855,D
161442,10.6855,D
161552,10.6855,D
161552,10.6855,D
161552,10.7203,D
161661,10.7287,D
161661,10.7294,D
161771,10.7293,D
161771,10.7290,D
161771,10.7287,D
161880,10.7283,D
161880,10.7279,D
161990,10.7276,D
161990,10.7274,D
161990,10.7272,D
162099,10.7270,D
162099,10.7269,D
162209,10.7267,D
162209,10.7266,D
162209,10.7265,D
162320,10.7264,D
162320,10.7264,D
162430,10.7262,D
162430,10.7261,D
162430,10.7261,D
162540,10.7261,D
162540,10.7261,D
162651,10.7261,D
162651,10.7261,D
162651,10.7260,D
162760,10.7260,D
162760,10.7260,D
162870,10.7260,D
162870,10.7260,D
162870,10.7260,D
162980,10.7260,D
162981,10.7260,D
162981,10.7260,D
163090,10.7260,D
163090,10.7260,D
163200,10.7260,D
163200,10.7260,D
163200,10.7260,D
163313,10.7260,D
163313,10.7260,D
163425,10.7260,D
163426,10.7260,D
163426,10.7260,D
163536,10.7260,D
163536,10.7260,D
163647,10.7260,D
163647,10.7260,D
163647,10.7260,D
163759,10.7260,D
163759,10.7494,D
163869,10.7682,D
163869,10.7693,D
163869,10.7693,D
163981,10.7691,D
163981,10.7688,D
163981,10.7685,D
164092,10.7681,D
164093,10.7678,D
164203,10.7676,D
164203,10.7674,D
164314,10.7672,D
164314,10.7670,D
164314,10.7669,D
164426,10.7668,D
164426,10.7667,D
164426,10.7666,D
164537,10.7665,D
164537,10.7664,D
164649,10.7662,D
164649,10.7661,D
164649,10.7661,D
164761,10.7661,D
164762,10.7661,D
164874,10.7661,D
164874,10.7661,D
164874,10.7660,D
164987,10.7660,D
164987,10.7660,D
165099,10.7660,D
165099,10.7660,D
165099,10.7660,D
165211,10.7660,D
165211,10.7660,D
165211,10.7660,D
165321,10.7660,D
165321,10.7660,D
165432,10.7660,D
165432,10.7660,D
165432,10.7660,D
165544,10.7660,D
165544,10.7660,D
165655,10.7661,D
165655,10.7661,D
165655,10.7661,D
165766,10.7661,D
165766,10.7661,D
165877,10.7661,D
165877,10.7661,D
165877,10.7661,D
165988,10.7789,D
165988,10.8088,D
166097,10.8100,D
166097,10.8099,D
166097,10.8096,D
166207,10.8093,D
166207,10.8089,D
166317,10.8085,D
166317,10.8082,D
166317,10.8079,D
166425,10.8077,D
166426,10.8075,D
166537,10.8074,D
166537,10.8072,D
166537,10.8071,D
166648,10.8070,D
166648,10.8069,D
166648,10.8069,D
166758,10.8068,D
166758,10.8066,D
166869,10.8065,D
166869,10.8065,D
166869,10.8065,D
166978,10.8065,D
166978,10.8065,D
167088,10.8065,D
167088,10.8065,D
167199,10.8065,D
167199,10.8065,D
167199,10.8065,D
167312,10.8065,D
167312,10.8065,D
167312,10.8065,D
167417,10.8065,D
167417,10.8065,D
167528,10.8065,D
167528,10.8065,D
167528,10.8065,D
167639,10.8065,D
167639,10.8065,D
167750,10.8065,D
167750,10.8065,D
167750,10.8065,D
167861,10.8065,D
167861,10.8065,D
167972,10.8065,D
167972,10.8065,D
167972,10.8065,D
168084,10.8065,D
168084,10.8065,D
168195,10.8090,D
168195,10.8493,D
168195,10.8505,D
168307,10.8504,D
168307,10.8501,D
168307,10.8498,D
168418,10.8495,D
168418,10.8491,D
168528,10.8487,D
168528,10.8485,D
168528,10.8482,D
168639,10.8481,D
168639,10.8479,D
168751,10.8478,D
168751,10.8476,D
168751,10.8475,D
168861,10.8474,D
168862,10.8473,D
168973,10.8473,D
168973,10.8470,D
168973,10.8470,D
169084,10.8469,D
169084,10.8469,D
169196,10.8469,D
169196,10.8469,D
169306,10.8469,D
169306,10.8469,D
169306,10.8469,D
169417,10.8469,D
169417,10.8469,D
169417,10.8469,D
169527,10.8468,D
169527,10.8468,D
169637,10.8468,D
169637,10.8468,D
169637,10.8468,D
169747,10.8468,D
169747,10.8468,D
169747,10.8468,D
169858,10.8468,D
169858,10.8468,D
169970,10.8468,D
169970,10.8468,D
170081,10.8468,D
170081,10.8468,D
170081,10.8468,D
170192,10.8468,D
170192,10.8468,D
170192,10.8468,D
170303,10.8468,D
170303,10.8469,D
170414,10.8838,D
170414,10.8897,D
170414,10.8902,D
170525,10.8902,D
170525,10.8900,D
170636,10.8896,D
170636,10.8893,D
170636,10.8889,D
170747,10.8886,D
170747,10.8884,D
170857,10.8882,D
170857,10.8881,D
170857,10.8879,D
170969,10.8878,D
170969,10.8877,D
171078,10.8876,D
171078,10.8875,D
171078,10.8874,D
171190,10.8873,D
171190,10.8872,D
171190,10.8872,D
171298,10.8872,D
171298,10.8872,D
171408,10.8872,D
171408,10.8872,D
171519,10.8872,D
171519,10.8872,D
171519,10.8872,D
171629,10.8872,D
171629,10.8872,D
171629,10.8872,D
171740,10.8872,D
171740,10.8872,D
171852,10.8872,D
171852,10.8872,D
171852,10.8872,D
171963,10.8872,D
171964,10.8872,D
172074,10.8872,D
172074,10.8872,D
172074,10.8872,D
172186,10.8872,D
172186,10.8871,D
172297,10.8871,D
172297,10.8871,D
172297,10.8871,D
172410,10.8871,D
172411,10.8871,D
172524,10.8871,D
172524,10.8871,D
172524,10.9161,D
172636,10.9296,D
172636,10.9305,D
172748,10.9304,D
172748,10.9301,D
172748,10.9298,D
172860,10.9294,D
172860,10.9290,D
172971,10.9286,D
172971,10.9284,D
172971,10.9282,D
173081,10.9280,D
173081,10.9278,D
173081,10.9277,D
173192,10.9276,D
173193,10.9275,D
173303,10.9274,D
173304,10.9273,D
173304,10.9272,D
173415,10.9270,D
173415,10.9270,D
173525,10.9270,D
173526,10.9270,D
173526,10.9270,D
173637,10.9270,D
173637,10.9269,D
173749,10.9269,D
173749,10.9269,D
173749,10.9269,D
173860,10.9269,D
173860,10.9269,D
173860,10.9269,D
173972,10.9269,D
173972,10.9269,D
174082,10.9269,D
174082,10.9269,D
174082,10.9268,D
174193,10.9268,D
174194,10.9268,D
174304,10.9268,D
174304,10.9268,D
174304,10.9268,D
174415,10.9268,D
174415,10.9268,D
174524,10.9268,D
174524,10.9268,D
174524,10.9268,D
174636,10.9268,D
174636,10.9268,D
174747,10.9269,D
174747,10.9343,D
174747,10.9690,D
174858,10.9703,D
174858,10.9703,D
174969,10.9701,D
174969,10.9699,D
174969,10.9696,D
175080,10.9692,D
175080,10.9689,D
175080,10.9686,D
175191,10.9684,D
175191,10.9682,D
175299,10.9680,D
175299,10.9678,D
175299,10.9677,D
175411,10.9675,D
175411,10.9674,D
175522,10.9673,D
175522,10.9672,D
175522,10.9670,D
175632,10.9669,D
175633,10.9667,D
175742,10.9667,D
175742,10.9667,D
175742,10.9667,D
175853,10.9667,D
175853,10.9666,D
175962,10.9666,D
175963,10.9666,D
175963,10.9666,D
176074,10.9666,D
176074,10.9666,D
176186,10.9666,D
176186,10.9665,D
176186,10.9665,D
176297,10.9665,D
176297,10.9665,D
176408,10.9665,D
176408,10.9665,D
176408,10.9665,D
176519,10.9665,D
176519,10.9665,D
176631,10.9665,D
176631,10.9665,D
176631,10.9665,D
176742,10.9665,D
176742,10.9665,D
176742,10.9665,D
176854,10.9665,D
176854,10.9665,D
176965,10.9665,D
176965,11.0034,D
176965,11.0094,D
177075,11.0099,D
177075,11.0099,D
177187,11.0097,D
177187,11.0094,D
177187,11.0090,D
177298,11.0087,D
177298,11.0084,D
177410,11.0081,D
177410,11.0079,D
177410,11.0078,D
177520,11.0076,D
177520,11.0075,D
177631,11.0074,D
177631,11.0073,D
177632,11.0072,D
177743,11.0072,D
177743,11.0071,D
177743,11.0069,D
177853,11.0069,D
177853,11.0068,D
177964,11.0068,D
177964,11.0068,D
177964,11.0068,D
178075,11.0068,D
178075,11.0068,D
178185,11.0067,D
178185,11.0067,D
178185,11.0067,D
178297,11.0067,D
178297,11.0067,D
178408,11.0067,D
178408,11.0067,D
178408,11.0066,D
178519,11.0066,D
178520,11.0066,D
178630,11.0066,D
178630,11.0066,D
178630,11.0066,D
178742,11.0066,D
178742,11.0066,D
178854,11.0065,D
178854,11.0065,D
178854,11.0065,D
178965,11.0065,D
178965,11.0065,D
178965,11.0065,D
179075,11.0066,D
179075,11.0066,D
179186,11.0277,D
179186,11.0495,D
179186,11.0505,D
179297,11.0504,D
179297,11.0501,D
179408,11.0498,D
179408,11.0494,D
179518,11.0490,D
179518,11.0487,D
179518,11.0484,D
179629,11.0482,D
179629,11.0480,D
179630,11.0479,D
179741,11.0477,D
179741,11.0476,D
179741,11.0475,D
179852,11.0474,D
179852,11.0473,D
179964,11.0472,D
179964,11.0470,D
179964,11.0470,D
180074,11.0470,D
180074,11.0470,D
180185,11.0470,D
180185,11.0469,D
180295,11.0469,D
180295,11.0469,D
180295,11.0469,D
180407,11.0469,D
180407,11.0469,D
180407,11.0469,D
180517,11.0469,D
180517,11.0469,D
180629,11.0469,D
180629,11.0469,D
180629,11.0469,D
180740,11.0469,D
180850,11.0469,D
180850,11.0469,D
180851,11.0469,D
180962,11.0469,D
180962,11.0469,D
181072,11.0469,D
181072,11.0468,D
181072,11.0468,D
181184,11.0468,D
181184,11.0468,D
181294,11.0468,D
181294,11.0469,D
181294,11.0518,D
181404,11.0890,D
181404,11.0902,D
181512,11.0902,D
181512,11.0901,D
181624,11.0898,D
181624,11.0895,D
181624,11.0891,D
181734,11.0888,D
181734,11.0887,D
181844,11.0886,D
181844,11.0885,D
181844,11.0884,D
181955,11.0883,D
181955,11.0882,D
181955,11.0880,D
182067,11.0879,D
182067,11.0878,D
182067,11.0877,D
182178,11.0876,D
182178,11.0873,D
182289,11.0873,D
182289,11.0872,D
182400,11.0872,D
182400,11.0872,D
182400,11.0872,D
182511,11.0872,D
182511,11.0872,D
182511,11.0872,D
182623,11.0872,D
182623,11.0872,D
182733,11.0872,D
182733,11.0871,D
182733,11.0871,D
182844,11.0871,D
182844,11.0871,D
182954,11.0871,D
182954,11.0871,D
182954,11.0871,D
183063,11.0871,D
183063,11.0871,D
183173,11.0871,D
183173,11.0871,D
183173,11.0871,D
183281,11.0871,D
183281,11.0871,D
183392,11.0871,D
183392,11.0871,D
183392,11.0871,D
183503,11.0871,D
183503,11.0872,D
183613,11.1137,D
183614,11.1302,D
183614,11.1311,D
183724,11.1311,D
183724,11.1308,D
183836,11.1305,D
183837,11.1301,D
183837,11.1297,D
183949,11.1294,D
183950,11.1292,D
183950,11.1290,D
184061,11.1288,D
184062,11.1287,D
184175,11.1285,D
184175,11.1284,D
184175,11.1283,D
184289,11.1282,D
184289,11.1281,D
184403,11.1280,D
184403,11.1278,D
184403,11.1278,D
184516,11.1278,D
184516,11.1278,D
184516,11.1277,D
184630,11.1277,D
184630,11.1277,D
184743,11.1276,D
184743,11.1276,D
184743,11.1276,D
184857,11.1276,D
184857,11.1276,D
184971,11.1276,D
184971,11.1276,D
184971,11.1276,D
185084,11.1276,D
185084,11.1275,D
185084,11.1275,D
185198,11.1275,D
185198,11.1275,D
185310,11.1275,D
185310,11.1275,D
185311,11.1275,D
185421,11.1275,D
185422,11.1275,D
185532,11.1275,D
185532,11.1275,D
185532,11.1275,D
185642,11.1275,D
185642,11.1275,D
185751,11.1275,D
185751,11.1276,D
185751,11.1674,D
185862,11.1709,D
185862,11.1712,D
185973,11.1712,D
185973,11.1710,D
186083,11.1707,D
186083,11.1704,D
186083,11.1701,D
186194,11.1699,D
186194,11.1696,D
186194,11.1694,D
186305,11.1693,D
186305,11.1691,D
186305,11.1690,D
186415,11.1689,D
186415,11.1688,D
186526,11.1687,D
186527,11.1686,D
186527,11.1685,D
186637,11.1683,D
186638,11.1683,D
186750,11.1683,D
186750,11.1683,D
186860,11.1683,D
186860,11.1682,D
186860,11.1682,D
186971,11.1682,D
186971,11.1682,D
186971,11.1682,D
187081,11.1681,D
187081,11.1680,D
187191,11.1680,D
187191,11.1680,D
187191,11.1680,D
187301,11.1680,D
187301,11.1679,D
187411,11.1679,D
187411,11.1679,D
187411,11.1679,D
187523,11.1679,D
187523,11.1679,D
187633,11.1679,D
187633,11.1679,D
187633,11.1679,D
187744,11.1679,D
187744,11.1679,D
187855,11.1679,D
187855,11.1679,D
187855,11.1679,D
187965,11.1679,D
187965,11.1888,D
188076,11.2103,D
188076,11.2111,D
188076,11.2108,D
188188,11.2105,D
188188,11.2103,D
188188,11.2102,D
188300,11.2102,D
188300,11.2104,D
188412,11.2108,D
188412,11.2112,D
188412,11.2113,D
188522,11.2109,D
188522,11.2103,D
188633,11.2095,D
188633,11.2089,D
188633,11.2084,D
188743,11.2080,D
188744,11.2077,D
188853,11.2075,D
188853,11.2073,D
188853,11.2072,D
188964,11.2072,D
188965,11.2072,D
189074,11.2072,D
189075,11.2073,D
189075,11.2073,D
189185,11.2074,D
189185,11.2074,D
189296,11.2074,D
189296,11.2075,D
189296,11.2075,D
189410,11.2076,D
189410,11.2076,D
189410,11.2077,D
189520,11.2080,D
189521,11.2080,D
189630,11.2081,D
189630,11.2081,D
189740,11.2081,D
189740,11.2081,D
189740,11.2080,D
189851,11.2080,D
189851,11.2080,D
189851,11.2080,D
189961,11.2080,D
189961,11.2080,D
190071,11.2080,D
190071,11.2080,D
190071,11.2081,D
190182,11.2082,D
190182,11.2479,D
190292,11.2515,D
190292,11.2519,D
190292,11.2517,D
190403,11.2515,D
190403,11.2512,D
190515,11.2509,D
190515,11.2506,D
190515,11.2503,D
190625,11.2501,D
190625,11.2499,D
190735,11.2497,D
190735,11.2495,D
190735,11.2494,D
190847,11.2492,D
190847,11.2491,D
190958,11.2490,D
190958,11.2489,D
190958,11.2488,D
191070,11.2486,D
191070,11.2486,D
191070,11.2485,D
191180,11.2484,D
191180,11.2483,D
191289,11.2483,D
191289,11.2483,D
191289,11.2482,D
191400,11.2482,D
191400,11.2482,D
191512,11.2482,D
191512,11.2482,D
191512,11.2482,D
191623,11.2482,D
191623,11.2482,D
191734,11.2482,D
191734,11.2482,D
191734,11.2482,D
191844,11.2482,D
191844,11.2482,D
191956,11.2482,D
191956,11.2482,D
191956,11.2481,D
192066,11.2481,D
192066,11.2481,D
192176,11.2481,D
192176,11.2480,D
192177,11.2480,D
192286,11.2480,D
192287,11.2480,D
192396,11.2480,D
192397,11.2605,D
192397,11.2902,D
192508,11.2914,D
192508,11.2914,D
192620,11.2912,D
192620,11.2910,D
192620,11.2908,D
192730,11.2904,D
192730,11.2901,D
192730,11.2899,D
192841,11.2897,D
192841,11.2895,D
192951,11.2893,D
192951,11.2891,D
192951,11.2890,D
193060,11.2889,D
193060,11.2888,D
193171,11.2887,D
193172,11.2886,D
193172,11.2885,D
193282,11.2885,D
193282,11.2885,D
193393,11.2885,D
193393,11.2885,D
193393,11.2885,D
193503,11.2885,D
193503,11.2885,D
193616,11.2885,D
193616,11.2885,D
193616,11.2885,D
193725,11.2885,D
193725,11.2885,D
193835,11.2885,D
193835,11.2885,D
193945,11.2885,D
193945,11.2885,D
193945,11.2885,D
194054,11.2885,D
194054,11.2885,D
194054,11.2885,D
194166,11.2885,D
194166,11.2885,D
194275,11.2885,D
194275,11.2885,D
194275,11.2885,D
194385,11.2885,D
194385,11.2885,D
194496,11.2885,D
194496,11.2885,D
194496,11.2885,D
194605,11.2885,D
194606,11.3201,D
194716,11.3311,D
194716,11.3318,D
194716,11.3317,D
194827,11.3314,D
194827,11.3311,D
194937,11.3307,D
194937,11.3303,D
194937,11.3300,D
195049,11.3298,D
195049,11.3295,D
195049,11.3293,D
195160,11.3292,D
195160,11.3290,D
195266,11.3289,D
195266,11.3288,D
195266,11.3288,D
195377,11.3287,D
195377,11.3285,D
195487,11.3284,D
195487,11.3284,D
195487,11.3283,D
195598,11.3283,D
195598,11.3283,D
195708,11.3283,D
195708,11.3283,D
195708,11.3282,D
195819,11.3282,D
195819,11.3282,D
195928,11.3282,D
195928,11.3282,D
195928,11.3281,D
196038,11.3281,D
196038,11.3281,D
196149,11.3281,D
196149,11.3281,D
196149,11.3281,D
196261,11.3281,D
196261,11.3281,D
196371,11.3281,D
196371,11.3281,D
196372,11.3280,D
196483,11.3280,D
196483,11.3280,D
196483,11.3280,D
196593,11.3280,D
196593,11.3280,D
196704,11.3280,D
196704,11.3280,D
196816,11.3281,D
196816,11.3381,D
196816,11.3709,D
196925,11.3720,D
196925,11.3719,D
196925,11.3716,D
197037,11.3714,D
197037,11.3710,D
197148,11.3706,D
197148,11.3703,D
197148,11.3700,D
197259,11.3698,D
197259,11.3696,D
197368,11.3695,D
197369,11.3693,D
197369,11.3692,D
197480,11.3691,D
197480,11.3690,D
197591,11.3689,D
197591,11.3689,D
197591,11.3686,D
197703,11.3686,D
197703,11.3686,D
197814,11.3686,D
197814,11.3686,D
197814,11.3685,D
197925,11.3685,D
197925,11.3685,D
198035,11.3685,D
198035,11.3685,D
198035,11.3685,D
198146,11.3685,D
198146,11.3685,D
198146,11.3685,D
198257,11.3685,D
198257,11.3685,D
198367,11.3684,D
198367,11.3684,D
198367,11.3684,D
198478,11.3684,D
198478,11.3684,D
198586,11.3684,D
198587,11.3684,D
198587,11.3684,D
198697,11.3684,D
198697,11.3684,D
198809,11.3684,D
198809,11.3683,D
198809,11.3683,D
198921,11.3684,D
198921,11.3684,D
199030,11.3686,D
199031,11.4030,D
199031,11.4114,D
199141,11.4121,D
199141,11.4120,D
199266,11.4116,D
199266,11.4113,D
199266,11.4109,D
199380,11.4106,D
199380,11.4103,D
199380,11.4100,D
199493,11.4098,D
199493,11.4096,D
199606,11.4095,D
199606,11.4093,D
199606,11.4092,D
199719,11.4091,D
199719,11.4090,D
199719,11.4089,D
199833,11.4087,D
199833,11.4086,D
199945,11.4086,D
199946,11.4086,D
199946,11.4086,D
200059,11.4085,D
200059,11.4085,D
200172,11.4085,D
200172,11.4084,D
200172,11.4084,D
200285,11.4084,D
200285,11.4085,D
200285,11.4085,D
200398,11.4085,D
200398,11.4085,D
200510,11.4085,D
200510,11.4084,D
200510,11.4084,D
200623,11.4084,D
200623,11.4084,D
200737,11.4084,D
200737,11.4084,D
200737,11.4084,D
200850,11.4084,D
200851,11.4084,D
200851,11.4084,D
200963,11.4084,D
200964,11.4084,D
201077,11.4084,D
201077,11.4084,D
201190,11.4084,D
201190,11.4084,D
201190,11.4110,D
201301,11.4514,D
201301,11.4524,D
201301,11.4524,D
201411,11.4521,D
201411,11.4519,D
201522,11.4516,D
201523,11.4512,D
201523,11.4508,D
201634,11.4506,D
201634,11.4504,D
201744,11.4502,D
201744,11.4500,D
201744,11.4498,D
201855,11.4497,D
201856,11.4496,D
201856,11.4495,D
201967,11.4494,D
201967,11.4494,D
202078,11.4491,D
202078,11.4491,D
202188,11.4491,D
202188,11.4491,D
202188,11.4491,D
202300,11.4490,D
202300,11.4490,D
202300,11.4490,D
202411,11.4490,D
202411,11.4490,D
202521,11.4490,D
202521,11.4490,D
202521,11.4490,D
202630,11.4490,D
202630,11.4490,D
202740,11.4490,D
202740,11.4489,D
202849,11.4489,D
202849,11.4488,D
202849,11.4488,D
202960,11.4488,D
202960,11.4488,D
202960,11.4488,D
203071,11.4487,D
203072,11.4487,D
203184,11.4487,D
203184,11.4487,D
203184,11.4487,D
203293,11.4487,D
203293,11.4486,D
203404,11.4486,D
203404,11.4487,D
203404,11.4615,D
203514,11.4912,D
203514,11.4922,D
203625,11.4922,D
203626,11.4918,D
203626,11.4915,D
203745,11.4912,D
203745,11.4908,D
203745,11.4905,D
203859,11.4903,D
203859,11.4901,D
203972,11.4899,D
203972,11.4897,D
203972,11.4896,D
204086,11.4895,D
204086,11.4894,D
204086,11.4893,D
204199,11.4892,D
204199,11.4891,D
204313,11.4889,D
204313,11.4889,D
204426,11.4889,D
204426,11.4889,D
204426,11.4889,D
204539,11.4889,D
204540,11.4889,D
204540,11.4889,D
204652,11.4889,D
204653,11.4889,D
204653,11.4889,D
204765,11.4889,D
204766,11.4889,D
204879,11.4889,D
204879,11.4889,D
204879,11.4889,D
204993,11.4889,D
204993,11.4889,D
205106,11.4889,D
205107,11.4890,D
205219,11.4890,D
205220,11.4890,D
205220,11.4890,D
205220,11.4890,D
205332,11.4890,D
205332,11.4890,D
205442,11.4890,D
205442,11.4890,D
205442,11.4890,D
205552,11.4890,D
205552,11.4890,D
205663,11.4890,D
205663,11.5183,D
205663,11.5322,D
205774,11.5330,D
205774,11.5329,D
205886,11.5325,D
205886,11.5322,D
205886,11.5318,D
205998,11.5315,D
205998,11.5312,D
206107,11.5310,D
206107,11.5308,D
206107,11.5306,D
206217,11.5304,D
206217,11.5303,D
206327,11.5302,D
206327,11.5301,D
206327,11.5300,D
206437,11.5299,D
206437,11.5298,D
206548,11.5296,D
206548,11.5296,D
206548,11.5296,D
206658,11.5296,D
206658,11.5296,D
206658,11.5296,D
206769,11.5295,D
206769,11.5295,D
206880,11.5295,D
206880,11.5295,D
206880,11.5295,D
206991,11.5295,D
206991,11.5295,D
207102,11.5295,D
207103,11.5295,D
207103,11.5295,D
207213,11.5295,D
207213,11.5295,D
207314,11.5295,D
207314,11.5295,D
207427,11.5295,D
207427,11.5295,D
207427,11.5295,D
207541,11.5295,D
207541,11.5295,D
207541,11.5295,D
207654,11.5295,D
207654,11.5295,D
207767,11.5295,D
207767,11.5295,D
207767,11.5295,D
207880,11.5320,D
207880,11.5721,D
207993,11.5732,D
207994,11.5732,D
207994,11.5730,D
208107,11.5727,D
208108,11.5724,D
208108,11.5720,D
208221,11.5717,D
208221,11.5714,D
208334,11.5712,D
208334,11.5710,D
208334,11.5708,D
208447,11.5707,D
208447,11.5705,D
208561,11.5704,D
208561,11.5703,D
208561,11.5702,D
208674,11.5701,D
208674,11.5699,D
208674,11.5698,D
208788,11.5698,D
208788,11.5698,D
208900,11.5698,D
208901,11.5698,D
208901,11.5698,D
209015,11.5698,D
209015,11.5697,D
209129,11.5697,D
209129,11.5697,D
209129,11.5697,D
209243,11.5697,D
209243,11.5697,D
209243,11.5697,D
209355,11.5697,D
209356,11.5697,D
209467,11.5697,D
209467,11.5697,D
209467,11.5697,D
209578,11.5697,D
209578,11.5697,D
209689,11.5697,D
209689,11.5697,D
209689,11.5696,D
209799,11.5696,D
209799,11.5696,D
209909,11.5696,D
209909,11.5696,D
209910,11.5696,D
210020,11.5697,D
210020,11.5698,D
210130,11.5800,D
210130,11.6126,D
210130,11.6136,D
210239,11.6135,D
210239,11.6131,D
210351,11.6128,D
210351,11.6125,D
210462,11.6121,D
210462,11.6118,D
210462,11.6115,D
210462,11.6113,D
210571,11.6111,D
210572,11.6109,D
210683,11.6108,D
210683,11.6107,D
210683,11.6105,D
210794,11.6104,D
210794,11.6104,D
210904,11.6103,D
210904,11.6101,D
210904,11.6100,D
211014,11.6100,D
211014,11.6100,D
211126,11.6100,D
211126,11.6100,D
211236,11.6099,D
211236,11.6099,D
211236,11.6099,D
211346,11.6099,D
211347,11.6099,D
211347,11.6099,D
211459,11.6099,D
211459,11.6099,D
211569,11.6099,D
211569,11.6098,D
211569,11.6098,D
211681,11.6098,D
211681,11.6098,D
211790,11.6098,D
211790,11.6098,D
211790,11.6098,D
211902,11.6098,D
211902,11.6098,D
212011,11.6098,D
212011,11.6098,D
212011,11.6098,D
212123,11.6098,D
212123,11.6098,D
212123,11.6098,D
212234,11.6098,D
212234,11.6099,D
212343,11.6254,D
212343,11.6527,D
212344,11.6537,D
212455,11.6536,D
212455,11.6533,D
212564,11.6530,D
212564,11.6526,D
212675,11.6522,D
212675,11.6519,D
212675,11.6516,D
212785,11.6514,D
212785,11.6512,D
212785,11.6510,D
212896,11.6509,D
212896,11.6508,D
213007,11.6506,D
213007,11.6506,D
213007,11.6505,D
213115,11.6504,D
213115,11.6502,D
213226,11.6501,D
213227,11.6501,D
213227,11.6501,D
213338,11.6501,D
213338,11.6501,D
213449,11.6501,D
213449,11.6501,D
213449,11.6501,D
213561,11.6500,D
213561,11.6500,D
213672,11.6500,D
213672,11.6500,D
213672,11.6500,D
213783,11.6500,D
213784,11.6500,D
213895,11.6500,D
213895,11.6500,D
213895,11.6500,D
214006,11.6500,D
214006,11.6500,D
214118,11.6500,D
214118,11.6500,D
214118,11.6500,D
214228,11.6500,D
214229,11.6500,D
214229,11.6500,D
214340,11.6500,D
214340,11.6500,D
214452,11.6500,D
214452,11.6500,D
214452,11.6500,D
214563,11.6738,D
214563,11.6929,D
214673,11.6938,D
214673,11.6938,D
214673,11.6935,D
214785,11.6932,D
214785,11.6929,D
214896,11.6925,D
214896,11.6922,D
214896,11.6920,D
215007,11.6918,D
215007,11.6916,D
215007,11.6914,D
215117,11.6913,D
215117,11.6912,D
215227,11.6911,D
215228,11.6910,D
215228,11.6909,D
215338,11.6908,D
215338,11.6907,D
215449,11.6907,D
215449,11.6907,D
215449,11.6906,D
215560,11.6906,D
215560,11.6906,D
215669,11.6906,D
215670,11.6906,D
215670,11.6906,D
215781,11.6906,D
215781,11.6906,D
215892,11.6906,D
215892,11.6907,D
215892,11.6907,D
216003,11.6907,D
216003,11.6907,D
216112,11.6907,D
216112,11.6907,D
216112,11.6907,D
216221,11.6907,D
216221,11.6907,D
216332,11.6907,D
216332,11.6907,D
216333,11.6908,D
216444,11.6908,D
216444,11.6908,D
216554,11.6908,D
216554,11.6908,D
216554,11.6908,D
216664,11.6908,D
216664,11.6908,D
216664,11.6909,D
216774,11.7281,D
216774,11.7340,D
216885,11.7344,D
216885,11.7342,D
216996,11.7340,D
216996,11.7337,D
216996,11.7333,D
217106,11.7329,D
217107,11.7326,D
217107,11.7324,D
217217,11.7321,D
217217,11.7320,D
217328,11.7318,D
217328,11.7316,D
217328,11.7315,D
217440,11.7314,D
217440,11.7313,D
217552,11.7312,D
217552,11.7310,D
217552,11.7309,D
217660,11.7309,D
217660,11.7308,D
217771,11.7308,D
217771,11.7307,D
217771,11.7307,D
217880,11.7307,D
217880,11.7307,D
217991,11.7307,D
217991,11.7307,D
217991,11.7307,D
218102,11.7307,D
218102,11.7307,D
218213,11.7306,D
218213,11.7306,D
218322,11.7306,D
218323,11.7306,D
218323,11.7306,D
218433,11.7306,D
218433,11.7306,D
218433,11.7306,D
218543,11.7306,D
218543,11.7306,D
218543,11.7306,D
218655,11.7306,D
218655,11.7306,D
218766,11.7306,D
218766,11.7306,D
218766,11.7306,D
218875,11.7306,D
218875,11.7306,D
218985,11.7306,D
218985,11.7729,D
219096,11.7740,D
219096,11.7740,D
219096,11.7739,D
219207,11.7736,D
219208,11.7733,D
219208,11.7730,D
219318,11.7726,D
219318,11.7723,D
219429,11.7721,D
219429,11.7719,D
219429,11.7717,D
219539,11.7715,D
219539,11.7714,D
219650,11.7712,D
219650,11.7711,D
219650,11.7710,D
219760,11.7709,D
219760,11.7707,D
219871,11.7705,D
219871,11.7704,D
219871,11.7704,D
219982,11.7703,D
219982,11.7703,D
220092,11.7703,D
220093,11.7702,D
220093,11.7702,D
220204,11.7702,D
220204,11.7701,D
220204,11.7701,D
220314,11.7701,D
220315,11.7700,D
220425,11.7700,D
220425,11.7699,D
220536,11.7699,D
220536,11.7698,D
220536,11.7698,D
220646,11.7697,D
220646,11.7693,D
220646,11.7690,D
220756,11.7690,D
220757,11.7690,D
220868,11.7689,D
220868,11.7689,D
220868,11.7689,D
220977,11.7689,D
220977,11.7689,D
221089,11.7689,D
221089,11.7690,D
221089,11.7692,D
221197,11.7698,D
221197,11.8121,D
221308,11.8130,D
221308,11.8130,D
221308,11.8127,D
221419,11.8125,D
221419,11.8122,D
221529,11.8118,D
221529,11.8115,D
221529,11.8113,D
221640,11.8110,D
221640,11.8109,D
221752,11.8107,D
221752,11.8105,D
221752,11.8104,D
221861,11.8103,D
221861,11.8102,D
221972,11.8101,D
221972,11.8101,D
221972,11.8098,D
222083,11.8098,D
222083,11.8098,D
222083,11.8098,D
222192,11.8097,D
222192,11.8097,D
222303,11.8097,D
222303,11.8097,D
222303,11.8097,D
222413,11.8097,D
222413,11.8097,D
222525,11.8097,D
222525,11.8097,D
222525,11.8097,D
222635,11.8097,D
222635,11.8097,D
222747,11.8097,D
222747,11.8097,D
222747,11.8097,D
222857,11.8097,D
222857,11.8097,D
222968,11.8097,D
222968,11.8097,D
222968,11.8097,D
223079,11.8097,D
223079,11.8097,D
223190,11.8097,D
223190,11.8097,D
223190,11.8097,D
223301,11.8097,D
223301,11.8097,D
223410,11.8097,D
223410,11.8123,D
223410,11.8529,D
223521,11.8538,D
223521,11.8538,D
223633,11.8535,D
223633,11.8533,D
223633,11.8530,D
223743,11.8526,D
223743,11.8523,D
223743,11.8520,D
223853,11.8518,D
223853,11.8516,D
223961,11.8514,D
223961,11.8513,D
224072,11.8512,D
224072,11.8511,D
224072,11.8510,D
224183,11.8509,D
224183,11.8508,D
224183,11.8507,D
224293,11.8506,D
224293,11.8506,D
224403,11.8506,D
224404,11.8506,D
224404,11.8506,D
224514,11.8506,D
224514,11.8505,D
224625,11.8505,D
224625,11.8505,D
224625,11.8505,D
224736,11.8505,D
224736,11.8505,D
224846,11.8505,D
224847,11.8505,D
224847,11.8505,D
224956,11.8505,D
224957,11.8505,D
225066,11.8505,D
225066,11.8505,D
225066,11.8505,D
225178,11.8505,D
225178,11.8505,D
225288,11.8505,D
225288,11.8504,D
225397,11.8504,D
225397,11.8504,D
225397,11.8504,D
225508,11.8504,D
225508,11.8504,D
225508,11.8504,D
225618,11.8504,D
225618,11.8604,D
225729,11.8932,D
225729,11.8942,D
225729,11.8942,D
225840,11.8939,D
225841,11.8936,D
225841,11.8933,D
225951,11.8929,D
225951,11.8926,D
226061,11.8923,D
226061,11.8921,D
226171,11.8919,D
226171,11.8917,D
226171,11.8916,D
226281,11.8915,D
226281,11.8913,D
226391,11.8913,D
226392,11.8912,D
226392,11.8911,D
226502,11.8909,D
226502,11.8908,D
226502,11.8908,D
226614,11.8908,D
226614,11.8908,D
226725,11.8907,D
226726,11.8907,D
226726,11.8907,D
226836,11.8907,D
226836,11.8906,D
226948,11.8906,D
226948,11.8906,D
226948,11.8906,D
227057,11.8906,D
227057,11.8906,D
227168,11.8906,D
227169,11.8906,D
227169,11.8906,D
227279,11.8906,D
227280,11.8906,D
227389,11.8906,D
227389,11.8905,D
227389,11.8905,D
227498,11.8905,D
227498,11.8905,D
227608,11.8905,D
227608,11.8905,D
227608,11.8905,D
227718,11.8905,D
227719,11.8905,D
227719,11.8905,D
227830,11.8906,D
227830,11.8980,D
227941,11.9332,D
227941,11.9342,D
227941,11.9342,D
228051,11.9338,D
228051,11.9336,D
228162,11.9333,D
228162,11.9329,D
228274,11.9325,D
228274,11.9323,D
228274,11.9320,D
228384,11.9319,D
228384,11.9317,D
228384,11.9315,D
228495,11.9314,D
228495,11.9313,D
228607,11.9312,D
228607,11.9311,D
228607,11.9310,D
228716,11.9308,D
228716,11.9307,D
228826,11.9307,D
228826,11.9307,D
228826,11.9307,D
228937,11.9306,D
228937,11.9306,D
229048,11.9306,D
229048,11.9305,D
229048,11.9305,D
229160,11.9305,D
229160,11.9305,D
229160,11.9305,D
229271,11.9305,D
229271,11.9305,D
229382,11.9305,D
229382,11.9305,D
229382,11.9305,D
229493,11.9305,D
229493,11.9305,D
229604,11.9305,D
229604,11.9304,D
229604,11.9304,D
229714,11.9304,D
229715,11.9304,D
229824,11.9304,D
229825,11.9304,D
229825,11.9304,D
229934,11.9304,D
229934,11.9304,D
230044,11.9304,D
230045,11.9304,D
230045,11.9354,D
230154,11.9729,D
230154,11.9740,D
230263,11.9740,D
230263,11.9737,D
230263,11.9735,D
230375,11.9732,D
230375,11.9728,D
230487,11.9725,D
230487,11.9722,D
230487,11.9720,D
230598,11.9718,D
230598,11.9716,D
230598,11.9714,D
230710,11.9713,D
230710,11.9712,D
230820,11.9711,D
230820,11.9710,D
230820,11.9709,D
230932,11.9707,D
230932,11.9707,D
231043,11.9706,D
231043,11.9706,D
231154,11.9706,D
231154,11.9706,D
231154,11.9706,D
231265,11.9706,D
231265,11.9706,D
231265,11.9706,D
231376,11.9706,D
231485,11.9706,D
231485,11.9706,D
231485,11.9706,D
231596,11.9706,D
231596,11.9706,D
231707,11.9706,D
231707,11.9706,D
231707,11.9706,D
231818,11.9706,D
231818,11.9706,D
231929,11.9706,D
231929,11.9706,D
231929,11.9706,D
232039,11.9706,D
232039,11.9706,D
232150,11.9706,D
232150,11.9706,D
232150,11.9706,D
232261,11.9706,D
232261,11.9706,D
232261,11.9731,D
232372,12.0137,D
232372,12.0146,D
232483,12.0146,D
232483,12.0142,D
232483,12.0138,D
232594,12.0135,D
232594,12.0131,D
232703,12.0128,D
232704,12.0125,D
232704,12.0123,D
232813,12.0121,D
232813,12.0119,D
232923,12.0118,D
232923,12.0116,D
232924,12.0115,D
233033,12.0114,D
233034,12.0114,D
233145,12.0113,D
233145,12.0111,D
233255,12.0110,D
233255,12.0110,D
233255,12.0110,D
233366,12.0110,D
233366,12.0110,D
233366,12.0110,D
233476,12.0109,D
233476,12.0109,D
233587,12.0109,D
233587,12.0109,D
233587,12.0109,D
233697,12.0109,D
233698,12.0109,D
233809,12.0109,D
233809,12.0109,D
233809,12.0109,D
233921,12.0109,D
233921,12.0109,D
234031,12.0109,D
234031,12.0109,D
234031,12.0109,D
234142,12.0109,D
234142,12.0108,D
234142,12.0108,D
234252,12.0108,D
234253,12.0108,D
234362,12.0108,D
234362,12.0108,D
234473,12.0108,D
234473,12.0108,D
234473,12.0110,D
234582,12.0137,D
234583,12.0537,D
234583,12.0546,D
234693,12.0546,D
234693,12.0543,D
234802,12.0540,D
234802,12.0537,D
234802,12.0533,D
234913,12.0530,D
234913,12.0527,D
234913,12.0525,D
235024,12.0523,D
235025,12.0521,D
235134,12.0520,D
235134,12.0519,D
235245,12.0517,D
235246,12.0516,D
235246,12.0516,D
235347,12.0515,D
235347,12.0513,D
235461,12.0512,D
235461,12.0512,D
235461,12.0512,D
235574,12.0512,D
235574,12.0512,D
235687,12.0511,D
235688,12.0511,D
235688,12.0511,D
235800,12.0511,D
235800,12.0511,D
235800,12.0511,D
235914,12.0511,D
235914,12.0511,D
236028,12.0511,D
236028,12.0511,D
236144,12.0510,D
236144,12.0510,D
236144,12.0510,D
236257,12.0510,D
236257,12.0510,D
236257,12.0510,D
236371,12.0510,D
236371,12.0510,D
236371,12.0510,D
236482,12.0510,D
236482,12.0510,D
236595,12.0510,D
236595,12.0510,D
236595,12.0510,D
236708,12.0510,D
236708,12.0511,D
236822,12.0512,D
236822,12.0939,D
236822,12.0949,D
236935,12.0950,D
236935,12.0947,D
236936,12.0945,D
237050,12.0942,D
237050,12.0939,D
237162,12.0936,D
237163,12.0933,D
237163,12.0931,D
237274,12.0929,D
237275,12.0928,D
237384,12.0926,D
237384,12.0925,D
237494,12.0923,D
237494,12.0922,D
237494,12.0922,D
237606,12.0921,D
237606,12.0918,D
237716,12.0917,D
237716,12.0917,D
237716,12.0917,D
237826,12.0916,D
237826,12.0915,D
237826,12.0914,D
237936,12.0914,D
237936,12.0914,D
238048,12.0914,D
238048,12.0913,D
238048,12.0913,D
238157,12.0913,D
238157,12.0913,D
238157,12.0913,D
238267,12.0913,D
238267,12.0913,D
238378,12.0912,D
238378,12.0912,D
238490,12.0912,D
238490,12.0912,D
238599,12.0912,D
238599,12.0912,D
238599,12.0912,D
238710,12.0911,D
238710,12.0911,D
238820,12.0911,D
238820,12.0911,D
238820,12.0911,D
238931,12.0911,D
238931,12.0911,D
239042,12.0911,D
239043,12.1256,D
239043,12.1339,D
239152,12.1348,D
239152,12.1347,D
239265,12.1344,D
239265,12.1342,D
239265,12.1339,D
239378,12.1335,D
239378,12.1332,D
239490,12.1330,D
239490,12.1327,D
239490,12.1325,D
239602,12.1324,D
239603,12.1322,D
239603,12.1321,D
239717,12.1320,D
239717,12.1319,D
239830,12.1318,D
239830,12.1317,D
239830,12.1315,D
239944,12.1315,D
239944,12.1314,D
240057,12.1314,D
240057,12.1314,D
240057,12.1313,D
240172,12.1312,D
240172,12.1312,D
240172,12.1312,D
240285,12.1312,D
240285,12.1311,D
240398,12.1311,D
240399,12.1311,D
240399,12.1311,D
240512,12.1311,D
240512,12.1310,D
240626,12.1310,D
240626,12.1310,D
240626,12.1310,D
240739,12.1309,D
240740,12.1309,D
240852,12.1309,D
240852,12.1309,D
240852,12.1309,D
240965,12.1308,D
240965,12.1308,D
240965,12.1308,D
241078,12.1308,D
241078,12.1307,D
241193,12.1307,D
241193,12.1307,D
241193,12.1307,D
241304,12.1568,D
241304,12.1729,D
241305,12.1738,D
241415,12.1737,D
241415,12.1734,D
241526,12.1732,D
241526,12.1729,D
241636,12.1725,D
241636,12.1722,D
241636,12.1719,D
241747,12.1717,D
241748,12.1714,D
241748,12.1712,D
241860,12.1711,D
241860,12.1710,D
241969,12.1710,D
241970,12.1709,D
241970,12.1709,D
242081,12.1708,D
242081,12.1706,D
242191,12.1705,D
242191,12.1705,D
242191,12.1704,D
242302,12.1704,D
242302,12.1703,D
242302,12.1703,D
242412,12.1703,D
242412,12.1703,D
242523,12.1703,D
242524,12.1703,D
242634,12.1703,D
242634,12.1703,D
242634,12.1702,D
242744,12.1702,D
242744,12.1701,D
242744,12.1701,D
242855,12.1701,D
242856,12.1700,D
242966,12.1700,D
242966,12.1700,D
242966,12.1700,D
243076,12.1700,D
243076,12.1699,D
243186,12.1699,D
243186,12.1699,D
243186,12.1699,D
243296,12.1700,D
243296,12.1700,D
243406,12.1700,D
243406,12.1701,D
243406,12.1702,D
243515,12.1936,D
243515,12.2129,D
243625,12.2140,D
243625,12.2140,D
243736,12.2138,D
243736,12.2133,D
243736,12.2127,D
243847,12.2121,D
243847,12.2117,D
243847,12.2114,D
243957,12.2112,D
243957,12.2110,D
244065,12.2109,D
244065,12.2108,D
244065,12.2107,D
244176,12.2106,D
244176,12.2105,D
244286,12.2105,D
244286,12.2104,D
244286,12.2103,D
244398,12.2102,D
244399,12.2102,D
244509,12.2102,D
244509,12.2102,D
244509,12.2102,D
244619,12.2102,D
244619,12.2102,D
244730,12.2101,D
244731,12.2101,D
244731,12.2101,D
244841,12.2101,D
244842,12.2101,D
244842,12.2101,D
244952,12.2101,D
244952,12.2101,D
245062,12.2101,D
245062,12.2101,D
245172,12.2101,D
245172,12.2101,D
245172,12.2101,D
245282,12.2101,D
245282,12.2101,D
245282,12.2101,D
245393,12.2101,D
245393,12.2101,D
245505,12.2101,D
245506,12.2101,D
245616,12.2101,D
245616,12.2101,D
245725,12.2102,D
245726,12.2341,D
245726,12.2533,D
245836,12.2544,D
245836,12.2544,D
245948,12.2541,D
245948,12.2539,D
245948,12.2536,D
246060,12.2533,D
246060,12.2531,D
246170,12.2529,D
246170,12.2527,D
246170,12.2524,D
246281,12.2522,D
246281,12.2520,D
246392,12.2519,D
246392,12.2518,D
246392,12.2517,D
246502,12.2516,D
246502,12.2516,D
246614,12.2515,D
246614,12.2514,D
246614,12.2514,D
246723,12.2514,D
246723,12.2514,D
246724,12.2514,D
246834,12.2514,D
246834,12.2514,D
246946,12.2514,D
246946,12.2514,D
246946,12.2514,D
247058,12.2514,D
247058,12.2513,D
247168,12.2513,D
247168,12.2513,D
247168,12.2513,D
247278,12.2513,D
247278,12.2513,D
247388,12.2513,D
247388,12.2513,D
247388,12.2513,D
247499,12.2513,D
247499,12.2513,D
247610,12.2513,D
247611,12.2513,D
247611,12.2513,D
247721,12.2513,D
247721,12.2513,D
247831,12.2513,D
247832,12.2512,D
247832,12.2512,D
247942,12.2513,D
247942,12.2587,D
247942,12.2941,D
248051,12.2951,D
248051,12.2950,D
248162,12.2947,D
248162,12.2944,D
248162,12.2941,D
248273,12.2938,D
248273,12.2935,D
248384,12.2932,D
248384,12.2930,D
248384,12.2928,D
248496,12.2926,D
248496,12.2924,D
248606,12.2923,D
248606,12.2922,D
248717,12.2921,D
248718,12.2920,D
248718,12.2919,D
248827,12.2917,D
248828,12.2917,D
248828,12.2916,D
248937,12.2916,D
248937,12.2916,D
249047,12.2916,D
249047,12.2916,D
249047,12.2916,D
249158,12.2916,D
249159,12.2916,D
249159,12.2916,D
249270,12.2916,D
249270,12.2915,D
249381,12.2915,D
249381,12.2915,D
249492,12.2915,D
249492,12.2915,D
249492,12.2915,D
249602,12.2915,D
249602,12.2915,D
249602,12.2914,D
249713,12.2914,D
249713,12.2914,D
249825,12.2914,D
249825,12.2914,D
249825,12.2914,D
249937,12.2913,D
249937,12.2913,D
250048,12.2913,D
250048,12.2913,D
250048,12.2913,D
250158,12.2913,D
250158,12.2914,D
250268,12.3282,D
250269,12.3339,D
250269,12.3343,D
250380,12.3341,D
250380,12.3338,D
250489,12.3336,D
250489,12.3332,D
250489,12.3329,D
250600,12.3326,D
250600,12.3324,D
250709,12.3322,D
250709,12.3320,D
250819,12.3319,D
250819,12.3317,D
250819,12.3316,D
250929,12.3315,D
250929,12.3314,D
250929,12.3313,D
251039,12.3311,D
251039,12.3309,D
251149,12.3308,D
251149,12.3308,D
251149,12.3308,D
251258,12.3308,D
251258,12.3308,D
251369,12.3308,D
251370,12.3308,D
251370,12.3308,D
251480,12.3308,D
251480,12.3308,D
251592,12.3309,D
251593,12.3309,D
251593,12.3309,D
251703,12.3309,D
251703,12.3309,D
251703,12.3310,D
251813,12.3310,D
251814,12.3310,D
251925,12.3310,D
251926,12.3311,D
252037,12.3311,D
252037,12.3311,D
252037,12.3312,D
252148,12.3312,D
252148,12.3312,D
252148,12.3313,D
252258,12.3313,D
252259,12.3313,D
252370,12.3314,D
252370,12.3314,D
252370,12.3315,D
252481,12.3578,D
252482,12.3742,D
252593,12.3752,D
252593,12.3752,D
252593,12.3750,D
252705,12.3748,D
252705,12.3745,D
252705,12.3742,D
252816,12.3739,D
252816,12.3736,D
252929,12.3734,D
252929,12.3733,D
253039,12.3731,D
253039,12.3730,D
253039,12.3729,D
253151,12.3728,D
253151,12.3727,D
253151,12.3727,D
253262,12.3727,D
253262,12.3726,D
253371,12.3726,D
253371,12.3725,D
253371,12.3726,D
253483,12.3726,D
253483,12.3726,D
253593,12.3726,D
253593,12.3726,D
253704,12.3726,D
253704,12.3726,D
253704,12.3726,D
253815,12.3726,D
253815,12.3726,D
253815,12.3726,D
253925,12.3726,D
253925,12.3726,D
254035,12.3726,D
254036,12.3726,D
254036,12.3726,D
254146,12.3727,D
254146,12.3727,D
254257,12.3727,D
254257,12.3727,D
254257,12.3727,D
254367,12.3727,D
254367,12.3727,D
254477,12.3727,D
254477,12.3727,D
254477,12.3727,D
254589,12.3727,D
254590,12.3727,D
254700,12.3727,D
254701,12.3937,D
254701,12.4154,D
254811,12.4164,D
254812,12.4163,D
254812,12.4160,D
254922,12.4158,D
254922,12.4155,D
255032,12.4151,D
255032,12.4148,D
255032,12.4145,D
255142,12.4143,D
255142,12.4141,D
255254,12.4139,D
255254,12.4138,D
255254,12.4136,D
255364,12.4135,D
255364,12.4135,D
255475,12.4134,D
255475,12.4133,D
255475,12.4131,D
255584,12.4130,D
255584,12.4130,D
255694,12.4130,D
255694,12.4130,D
255694,12.4130,D
255803,12.4130,D
255803,12.4130,D
255914,12.4130,D
255914,12.4129,D
255914,12.4129,D
256025,12.4129,D
256026,12.4129,D
256026,12.4129,D
256136,12.4129,D
256136,12.4129,D
256247,12.4129,D
256247,12.4129,D
256247,12.4129,D
256359,12.4129,D
256359,12.4129,D
256469,12.4129,D
256470,12.4129,D
256580,12.4129,D
256580,12.4129,D
256580,12.4129,D
256691,12.4129,D
256691,12.4129,D
256691,12.4129,D
256802,12.4129,D
256802,12.4129,D
256913,12.4129,D
256913,12.4155,D
256913,12.4558,D
257023,12.4567,D
257024,12.4566,D
257134,12.4562,D
257134,12.4559,D
257134,12.4556,D
257244,12.4552,D
257244,12.4548,D
257355,12.4545,D
257356,12.4543,D
257356,12.4541,D
257467,12.4539,D
257467,12.4537,D
257467,12.4535,D
257577,12.4534,D
257577,12.4533,D
257689,12.4532,D
257689,12.4531,D
257689,12.4528,D
257799,12.4527,D
257799,12.4526,D
257911,12.4526,D
257911,12.4525,D
257911,12.4525,D
258021,12.4525,D
258021,12.4524,D
258131,12.4524,D
258131,12.4524,D
258131,12.4524,D
258241,12.4524,D
258241,12.4523,D
258352,12.4523,D
258352,12.4523,D
258352,12.4523,D
258461,12.4523,D
258461,12.4523,D
258571,12.4523,D
258571,12.4523,D
258682,12.4523,D
258682,12.4523,D
258682,12.4523,D
258793,12.4523,D
258793,12.4522,D
258793,12.4522,D
258905,12.4522,D
258905,12.4522,D
259015,12.4522,D
259015,12.4522,D
259015,12.4522,D
259126,12.4523,D
259126,12.4523,D
259126,12.4815,D
259237,12.4951,D
259237,12.4961,D
259348,12.4961,D
259348,12.4959,D
259459,12.4958,D
259460,12.4955,D
259460,12.4952,D
259569,12.4948,D
259569,12.4944,D
259569,12.4940,D
259679,12.4937,D
259680,12.4935,D
259791,12.4933,D
259791,12.4931,D
259791,12.4930,D
259902,12.4929,D
259902,12.4929,D
260012,12.4928,D
260012,12.4927,D
260012,12.4926,D
260122,12.4926,D
260122,12.4926,D
260233,12.4926,D
260233,12.4926,D
260233,12.4926,D
260344,12.4926,D
260344,12.4926,D
260455,12.4926,D
260455,12.4927,D
260455,12.4927,D
260564,12.4927,D
260564,12.4927,D
260674,12.4927,D
260674,12.4927,D
260784,12.4927,D
260784,12.4927,D
260784,12.4927,D
260895,12.4927,D
260895,12.4927,D
260896,12.4927,D
261006,12.4927,D
261006,12.4927,D
261006,12.4927,D
261116,12.4927,D
261116,12.4927,D
261226,12.4926,D
261226,12.4926,D
261226,12.4926,D
261337,12.4926,D
261337,12.4927,D
261446,12.5082,D
261446,12.5351,D
261555,12.5362,D
261556,12.5362,D
261556,12.5358,D
261665,12.5355,D
261665,12.5352,D
261774,12.5349,D
261775,12.5345,D
261775,12.5343,D
261884,12.5341,D
261884,12.5339,D
261885,12.5337,D
261994,12.5336,D
261995,12.5335,D
262105,12.5334,D
262105,12.5333,D
262105,12.5332,D
262217,12.5331,D
262217,12.5329,D
262329,12.5328,D
262329,12.5328,D
262329,12.5328,D
262440,12.5328,D
262440,12.5328,D
262551,12.5328,D
262551,12.5327,D
262551,12.5327,D
262661,12.5327,D
262661,12.5327,D
262661,12.5327,D
262771,12.5327,D
262771,12.5327,D
262881,12.5327,D
262881,12.5327,D
262881,12.5327,D
262991,12.5327,D
262991,12.5326,D
263101,12.5326,D
263101,12.5326,D
263101,12.5326,D
263211,12.5326,D
263212,12.5326,D
263322,12.5326,D
263323,12.5326,D
263323,12.5326,D
263433,12.5326,D
263434,12.5326,D
263544,12.5326,D
263544,12.5326,D
263654,12.5327,D
263654,12.5403,D
263654,12.5755,D
263765,12.5765,D
263765,12.5763,D
263765,12.5760,D
263875,12.5757,D
263875,12.5754,D
263985,12.5750,D
263985,12.5747,D
263985,12.5744,D
264095,12.5742,D
264095,12.5740,D
264205,12.5738,D
264205,12.5737,D
264205,12.5735,D
264316,12.5734,D
264316,12.5733,D
264426,12.5733,D
264426,12.5732,D
264427,12.5730,D
264537,12.5729,D
264538,12.5729,D
264649,12.5729,D
264649,12.5729,D
264649,12.5729,D
264760,12.5729,D
264761,12.5729,D
264761,12.5728,D
264870,12.5728,D
264870,12.5728,D
264981,12.5728,D
264981,12.5728,D
264981,12.5728,D
265092,12.5728,D
265092,12.5728,D
265205,12.5728,D
265205,12.5728,D
265205,12.5728,D
265313,12.5728,D
265314,12.5728,D
265423,12.5728,D
265423,12.5728,D
265423,12.5727,D
265533,12.5727,D
265534,12.5727,D
265644,12.5727,D
265644,12.5727,D
265755,12.5727,D
265755,12.5727,D
265755,12.5727,D
265866,12.5728,D
265866,12.5730,D
265866,12.6047,D
265975,12.6154,D
265976,12.6162,D
266085,12.6161,D
266085,12.6159,D
266085,12.6157,D
266195,12.6153,D
266195,12.6150,D
266306,12.6147,D
266306,12.6145,D
266306,12.6143,D
266416,12.6141,D
266416,12.6139,D
266528,12.6138,D
266528,12.6137,D
266528,12.6136,D
266639,12.6135,D
266639,12.6134,D
266749,12.6133,D
266749,12.6131,D
266749,12.6130,D
266860,12.6130,D
266860,12.6130,D
266860,12.6130,D
266970,12.6130,D
266970,12.6130,D
267081,12.6129,D
267081,12.6129,D
267081,12.6129,D
267191,12.6129,D
267191,12.6129,D
267298,12.6129,D
267298,12.6129,D
267298,12.6129,D
267411,12.6129,D
267411,12.6129,D
267524,12.6128,D
267525,12.6128,D
267525,12.6128,D
267637,12.6128,D
267638,12.6128,D
267750,12.6128,D
267751,12.6128,D
267751,12.6128,D
267863,12.6128,D
267863,12.6128,D
267863,12.6128,D
267976,12.6128,D
267976,12.6128,D
268089,12.6128,D
268089,12.6128,D
268089,12.6204,D
268202,12.6557,D
268202,12.6567,D
268315,12.6566,D
268316,12.6562,D
268316,12.6559,D
268429,12.6556,D
268429,12.6552,D
268429,12.6549,D
268542,12.6546,D
268542,12.6544,D
268655,12.6542,D
268655,12.6540,D
268769,12.6539,D
268770,12.6537,D
268770,12.6536,D
268882,12.6535,D
268882,12.6535,D
268882,12.6534,D
268995,12.6532,D
268995,12.6531,D
269109,12.6531,D
269109,12.6531,D
269109,12.6531,D
269223,12.6531,D
269223,12.6531,D
269223,12.6531,D
269336,12.6531,D
269336,12.6531,D
269448,12.6531,D
269448,12.6531,D
269448,12.6530,D
269559,12.6530,D
269559,12.6530,D
269670,12.6530,D
269670,12.6530,D
269670,12.6530,D
269781,12.6530,D
269782,12.6530,D
269893,12.6530,D
269893,12.6530,D
269893,12.6530,D
270002,12.6530,D
270002,12.6530,D
270002,12.6530,D
270113,12.6530,D
270113,12.6530,D
270224,12.6530,D
270224,12.6530,D
270224,12.6530,D
270336,12.6530,D
270336,12.6530,D
270445,12.6825,D
270445,12.6961,D
270445,12.6968,D
270556,12.6967,D
270556,12.6964,D
270665,12.6961,D
270665,12.6958,D
270665,12.6955,D
270775,12.6952,D
270775,12.6949,D
270887,12.6947,D
270887,12.6945,D
270998,12.6944,D
270998,12.6942,D
270998,12.6941,D
271107,12.6940,D
271108,12.6939,D
271108,12.6939,D
271218,12.6937,D
271218,12.6936,D
271323,12.6936,D
271324,12.6936,D
271324,12.6935,D
271436,12.6935,D
271436,12.6935,D
271549,12.6935,D
271550,12.6935,D
271550,12.6935,D
271663,12.6935,D
271663,12.6935,D
271775,12.6935,D
271775,12.6934,D
271775,12.6934,D
271887,12.6934,D
271887,12.6934,D
271998,12.6934,D
271999,12.6934,D
271999,12.6934,D
272112,12.6933,D
272112,12.6933,D
272112,12.6933,D
272225,12.6933,D
272225,12.6933,D
272339,12.6933,D
272339,12.6933,D
272339,12.6933,D
272453,12.6933,D
272453,12.6933,D
272566,12.6933,D
272566,12.6933,D
272566,12.6934,D
272679,12.7035,D
272679,12.7359,D
272679,12.7371,D
272793,12.7370,D
272793,12.7367,D
272906,12.7365,D
272906,12.7362,D
272906,12.7358,D
273020,12.7355,D
273020,12.7352,D
273020,12.7349,D
273133,12.7347,D
273133,12.7346,D
273246,12.7344,D
273246,12.7343,D
273246,12.7342,D
273358,12.7342,D
273358,12.7341,D
273358,12.7340,D
273469,12.7337,D
273469,12.7336,D
273581,12.7336,D
273581,12.7336,D
273691,12.7335,D
273691,12.7334,D
273691,12.7334,D
273802,12.7334,D
273802,12.7334,D
273912,12.7334,D
273912,12.7334,D
273912,12.7334,D
274023,12.7334,D
274023,12.7334,D
274132,12.7334,D
274132,12.7334,D
274132,12.7333,D
274242,12.7333,D
274242,12.7333,D
274242,12.7333,D
274353,12.7333,D
274354,12.7333,D
274466,12.7333,D
274466,12.7333,D
274466,12.7333,D
274578,12.7333,D
274578,12.7333,D
274689,12.7333,D
274689,12.7333,D
274689,12.7333,D
274800,12.7333,D
274800,12.7333,D
274911,12.7333,D
274911,12.7652,D
274911,12.7762,D
275023,12.7770,D
275023,12.7770,D
275132,12.7767,D
275133,12.7764,D
275133,12.7761,D
275242,12.7758,D
275243,12.7755,D
275346,12.7753,D
275346,12.7750,D
275346,12.7748,D
275460,12.7747,D
275460,12.7745,D
275573,12.7744,D
275573,12.7743,D
275574,12.7742,D
275687,12.7741,D
275687,12.7740,D
275687,12.7739,D
275800,12.7738,D
275801,12.7738,D
275914,12.7738,D
275914,12.7738,D
275914,12.7737,D
276027,12.7737,D
276027,12.7737,D
276140,12.7736,D
276140,12.7736,D
276140,12.7736,D
276253,12.7736,D
276253,12.7735,D
276253,12.7735,D
276366,12.7735,D
276366,12.7735,D
276479,12.7735,D
276479,12.7735,D
276479,12.7734,D
276591,12.7734,D
276592,12.7734,D
276704,12.7734,D
276704,12.7734,D
276704,12.7734,D
276818,12.7734,D
276818,12.7734,D
276818,12.7733,D
276931,12.7733,D
276931,12.7733,D
277045,12.7733,D
277045,12.7733,D
277045,12.7733,D
277158,12.7783,D
277158,12.8157,D
277270,12.8168,D
277270,12.8168,D
277270,12.8166,D
277379,12.8164,D
277379,12.8161,D
277488,12.8157,D
277488,12.8154,D
277488,12.8151,D
277597,12.8149,D
277597,12.8146,D
277706,12.8145,D
277706,12.8143,D
277706,12.8141,D
277815,12.8140,D
277816,12.8139,D
277925,12.8138,D
277925,12.8138,D
277925,12.8136,D
278036,12.8135,D
278036,12.8134,D
278146,12.8134,D
278146,12.8134,D
278146,12.8134,D
278257,12.8134,D
278257,12.8134,D
278367,12.8133,D
278367,12.8133,D
278367,12.8133,D
278478,12.8133,D
278478,12.8133,D
278590,12.8133,D
278590,12.8133,D
278590,12.8133,D
278700,12.8133,D
278700,12.8132,D
278700,12.8132,D
278808,12.8132,D
278808,12.8132,D
278919,12.8132,D
278920,12.8132,D
278920,12.8132,D
279031,12.8131,D
279031,12.8131,D
279142,12.8131,D
279143,12.8131,D
279143,12.8131,D
279266,12.8131,D
279266,12.8131,D
279379,12.8131,D
279379,12.8132,D
279379,12.8424,D
279493,12.8560,D
279493,12.8569,D
279493,12.8568,D
279607,12.8565,D
279607,12.8562,D
279721,12.8559,D
279721,12.8555,D
279721,12.8552,D
279833,12.8549,D
279834,12.8547,D
279834,12.8545,D
279947,12.8543,D
279947,12.8542,D
280061,12.8540,D
280061,12.8539,D
280061,12.8539,D
280173,12.8538,D
280174,12.8537,D
280286,12.8535,D
280286,12.8535,D
280286,12.8535,D
280399,12.8534,D
280399,12.8534,D
280513,12.8534,D
280513,12.8534,D
280513,12.8534,D
280626,12.8534,D
280626,12.8534,D
280626,12.8534,D
280738,12.8533,D
280738,12.8533,D
280850,12.8533,D
280850,12.8533,D
280850,12.8533,D
280963,12.8533,D
280963,12.8533,D
281077,12.8533,D
281078,12.8533,D
281078,12.8533,D
281191,12.8533,D
281191,12.8533,D
281191,12.8533,D
281304,12.8533,D
281305,12.8533,D
281415,12.8533,D
281416,12.8533,D
281416,12.8533,D
281526,12.8533,D
281526,12.8533,D
281637,12.8533,D
281637,12.8583,D
281637,12.8959,D
281748,12.8970,D
281749,12.8970,D
281860,12.8968,D
281860,12.8965,D
281860,12.8963,D
281972,12.8959,D
281972,12.8956,D
282083,12.8953,D
282083,12.8951,D
282083,12.8949,D
282192,12.8947,D
282192,12.8946,D
282192,12.8944,D
282304,12.8943,D
282304,12.8942,D
282415,12.8941,D
282415,12.8941,D
282525,12.8939,D
282525,12.8938,D
282525,12.8937,D
282635,12.8937,D
282635,12.8937,D
282635,12.8937,D
282745,12.8937,D
282745,12.8937,D
282855,12.8937,D
282855,12.8937,D
282855,12.8937,D
282967,12.8937,D
282967,12.8937,D
283078,12.8937,D
283078,12.8937,D
283078,12.8937,D
283187,12.8937,D
283187,12.8937,D
283298,12.8937,D
283298,12.8937,D
283298,12.8937,D
283411,12.8937,D
283411,12.8937,D
283524,12.8937,D
283524,12.8937,D
283524,12.8937,D
283637,12.8937,D
283637,12.8937,D
283637,12.8937,D
283750,12.8937,D
283750,12.8937,D
283864,12.8937,D
283864,12.8937,D
283864,12.9202,D
283977,12.9365,D
283978,12.9374,D
284090,12.9372,D
284091,12.9369,D
284091,12.9366,D
284203,12.9363,D
284203,12.9360,D
284203,12.9357,D
284316,12.9354,D
284317,12.9352,D
284429,12.9350,D
284430,12.9349,D
284430,12.9347,D
284544,12.9346,D
284544,12.9345,D
284658,12.9344,D
284658,12.9343,D
284658,12.9342,D
284770,12.9341,D
284771,12.9340,D
284884,12.9340,D
284884,12.9340,D
284884,12.9340,D
284998,12.9340,D
284998,12.9340,D
284998,12.9339,D
285111,12.9339,D
285111,12.9339,D
285224,12.9339,D
285225,12.9339,D
285225,12.9339,D
285337,12.9339,D
285338,12.9339,D
285338,12.9339,D
285450,12.9339,D
285450,12.9339,D
285561,12.9339,D
285561,12.9339,D
285672,12.9339,D
285672,12.9338,D
285672,12.9338,D
285782,12.9338,D
285783,12.9338,D
285783,12.9338,D
285895,12.9338,D
285895,12.9338,D
286007,12.9338,D
286007,12.9338,D
286007,12.9338,D
286115,12.9339,D
286115,12.9341,D
286227,12.9711,D
286227,12.9769,D
286227,12.9773,D
286337,12.9773,D
286337,12.9770,D
286448,12.9768,D
286449,12.9764,D
286449,12.9760,D
286559,12.9757,D
286559,12.9755,D
286559,12.9753,D
286669,12.9751,D
286670,12.9750,D
286780,12.9748,D
286780,12.9747,D
286780,12.9746,D
286890,12.9745,D
286890,12.9745,D
287000,12.9743,D
287000,12.9742,D
287111,12.9741,D
287111,12.9741,D
287111,12.9741,D
287221,12.9741,D
287221,12.9741,D
287221,12.9741,D
287324,12.9741,D
287324,12.9740,D
287438,12.9740,D
287438,12.9740,D
287438,12.9740,D
287551,12.9740,D
287551,12.9740,D
287664,12.9740,D
287664,12.9740,D
287664,12.9740,D
287778,12.9740,D
287778,12.9740,D
287891,12.9740,D
287892,12.9740,D
287892,12.9740,D
288005,12.9740,D
288005,12.9740,D
288005,12.9740,D
288119,12.9740,D
288119,12.9740,D
288232,12.9740,D
288232,12.9740,D
288232,12.9740,D
288345,12.9740,D
288345,12.9740,D
288459,12.9789,D
288459,13.0166,D
288459,13.0177,D
288573,13.0177,D
288573,13.0174,D
288573,13.0172,D
288685,13.0169,D
288685,13.0166,D
288799,13.0162,D
288799,13.0160,D
288799,13.0157,D
288912,13.0155,D
288913,13.0153,D
289026,13.0152,D
289027,13.0150,D
289027,13.0149,D
289141,13.0148,D
289141,13.0148,D
289141,13.0147,D
289254,13.0145,D
289254,13.0144,D
289367,13.0144,D
289367,13.0144,D
289367,13.0144,D
289478,13.0144,D
289478,13.0143,D
289590,13.0143,D
289590,13.0143,D
289590,13.0143,D
289699,13.0143,D
289699,13.0143,D
289810,13.0143,D
289810,13.0143,D
289810,13.0143,D
289919,13.0143,D
289919,13.0143,D
290032,13.0143,D
290032,13.0143,D
290032,13.0143,D
290142,13.0143,D
290142,13.0143,D
290142,13.0143,D
290252,13.0143,D
290252,13.0143,D
290362,13.0142,D
290362,13.0142,D
290362,13.0142,D
290470,13.0142,D
290471,13.0142,D
290580,13.0142,D
290580,13.0143,D
290580,13.0145,D
290691,13.0356,D
290691,13.0571,D
290800,13.0580,D
290800,13.0579,D
290910,13.0576,D
290910,13.0573,D
290910,13.0570,D
291020,13.0566,D
291020,13.0563,D
291020,13.0561,D
291129,13.0558,D
291129,13.0556,D
291239,13.0554,D
291240,13.0553,D
291348,13.0552,D
291348,13.0551,D
291349,13.0550,D
291460,13.0549,D
291460,13.0548,D
291460,13.0546,D
291572,13.0546,D
291572,13.0546,D
291681,13.0546,D
291682,13.0546,D
291682,13.0546,D
291792,13.0546,D
291793,13.0546,D
291902,13.0545,D
291902,13.0545,D
291902,13.0545,D
292012,13.0545,D
292012,13.0545,D
292121,13.0545,D
292121,13.0545,D
292121,13.0545,D
292231,13.0545,D
292231,13.0545,D
292341,13.0545,D
292341,13.0545,D
292341,13.0545,D
292452,13.0545,D
292452,13.0545,D
292563,13.0545,D
292564,13.0545,D
292564,13.0545,D
292673,13.0545,D
292673,13.0545,D
292673,13.0545,D
292783,13.0545,D
292784,13.0545,D
292896,13.0545,D
292896,13.0545,D
293007,13.0892,D
293007,13.0975,D
293007,13.0981,D
293117,13.0980,D
293117,13.0977,D
293117,13.0974,D
293227,13.0971,D
293228,13.0967,D
293338,13.0964,D
293338,13.0962,D
293338,13.0960,D
293448,13.0958,D
293448,13.0956,D
293559,13.0955,D
293559,13.0954,D
293559,13.0953,D
293670,13.0952,D
293670,13.0951,D
293781,13.0949,D
293781,13.0948,D
293781,13.0948,D
293891,13.0948,D
293891,13.0947,D
294002,13.0947,D
294002,13.0947,D
294002,13.0947,D
294113,13.0947,D
294113,13.0946,D
294223,13.0946,D
294223,13.0946,D
294223,13.0946,D
294335,13.0946,D
294335,13.0946,D
294335,13.0946,D
294445,13.0946,D
294445,13.0946,D
294557,13.0946,D
294557,13.0946,D
294557,13.0946,D
294667,13.0945,D
294667,13.0945,D
294779,13.0945,D
294779,13.0945,D
294779,13.0945,D
294890,13.0945,D
294891,13.0945,D
295002,13.0945,D
295002,13.0945,D
295002,13.0945,D
295111,13.0945,D
295112,13.0945,D
295222,13.0946,D
295222,13.1318,D
295222,13.1377,D
295333,13.1381,D
295333,13.1379,D
295444,13.1377,D
295444,13.1374,D
295444,13.1371,D
295555,13.1367,D
295555,13.1364,D
295665,13.1362,D
295666,13.1360,D
295666,13.1358,D
295775,13.1357,D
295775,13.1355,D
295886,13.1354,D
295886,13.1353,D
295886,13.1352,D
295996,13.1352,D
295996,13.1350,D
295996,13.1349,D
296105,13.1348,D
296105,13.1348,D
296216,13.1348,D
296216,13.1348,D
296216,13.1348,D
296326,13.1348,D
296326,13.1348,D
296435,13.1348,D
296435,13.1348,D
296435,13.1348,D
296545,13.1348,D
296545,13.1348,D
296655,13.1347,D
296655,13.1347,D
296655,13.1347,D
296766,13.1347,D
296766,13.1347,D
296878,13.1347,D
296878,13.1347,D
296878,13.1347,D
296989,13.1347,D
296989,13.1347,D
297100,13.1347,D
297100,13.1347,D
297209,13.1347,D
297209,13.1347,D
297209,13.1346,D
297320,13.1346,D
297320,13.1346,D
297320,13.1347,D
297432,13.1349,D
297432,13.1377,D
297543,13.1775,D
297543,13.1785,D
297543,13.1784,D
297654,13.1781,D
297654,13.1778,D
297654,13.1776,D
297763,13.1772,D
297763,13.1769,D
297875,13.1766,D
297875,13.1764,D
297985,13.1762,D
297985,13.1760,D
297985,13.1758,D
298094,13.1757,D
298094,13.1756,D
298206,13.1755,D
298207,13.1754,D
298207,13.1754,D
298316,13.1751,D
298316,13.1751,D
298316,13.1751,D
298428,13.1751,D
298428,13.1750,D
298539,13.1750,D
298539,13.1750,D
298539,13.1750,D
298648,13.1750,D
298648,13.1750,D
298759,13.1750,D
298759,13.1750,D
298759,13.1749,D
298869,13.1749,D
298869,13.1749,D
298979,13.1749,D
298979,13.1749,D
298979,13.1749,D
299089,13.1749,D
299089,13.1749,D
299200,13.1749,D
299200,13.1749,D
299200,13.1749,D
299311,13.1749,D
299311,13.1749,D
299422,13.1748,D
299423,13.1748,D
299423,13.1748,D
299532,13.1748,D
299532,13.1748,D
299532,13.1748,D
299642,13.1748,D
299643,13.1749,D
299754,13.1904,D
299754,13.2176,D
299754,13.2185,D
299866,13.2184,D
299866,13.2181,D
299976,13.2179,D
299977,13.2176,D
300088,13.2173,D
300088,13.2170,D
300088,13.2168,D
300197,13.2165,D
300197,13.2163,D
300197,13.2161,D
300307,13.2160,D
300307,13.2158,D
300418,13.2157,D
300418,13.2156,D
300419,13.2155,D
300528,13.2154,D
300528,13.2153,D
300637,13.2152,D
300637,13.2152,D
300637,13.2152,D
300746,13.2152,D
300746,13.2152,D
300857,13.2152,D
300857,13.2152,D
300857,13.2151,D
300968,13.2151,D
300968,13.2151,D
301078,13.2151,D
301078,13.2151,D
301078,13.2151,D
301189,13.2151,D
301189,13.2151,D
301300,13.2151,D
301300,13.2151,D
301300,13.2151,D
301412,13.2151,D
301412,13.2151,D
301412,13.2150,D
301522,13.2150,D
301522,13.2150,D
301631,13.2150,D
301631,13.2150,D
301631,13.2150,D
301743,13.2150,D
301743,13.2150,D
301854,13.2150,D
301854,13.2150,D
301854,13.2150,D
301966,13.2152,D
301966,13.2412,D
302076,13.2574,D
302076,13.2584,D
302187,13.2584,D
302187,13.2582,D
302187,13.2580,D
302298,13.2577,D
302299,13.2573,D
302299,13.2570,D
302410,13.2568,D
302410,13.2565,D
302521,13.2563,D
302521,13.2562,D
302521,13.2560,D
302632,13.2559,D
302633,13.2558,D
302743,13.2557,D
302743,13.2556,D
302743,13.2556,D
302853,13.2554,D
302853,13.2553,D
302963,13.2553,D
302963,13.2553,D
302963,13.2553,D
303073,13.2553,D
303073,13.2553,D
303073,13.2552,D
303184,13.2552,D
303294,13.2552,D
303294,13.2552,D
303294,13.2552,D
303405,13.2552,D
303405,13.2552,D
303516,13.2552,D
303516,13.2552,D
303516,13.2552,D
303627,13.2552,D
303627,13.2552,D
303627,13.2552,D
303736,13.2552,D
303736,13.2552,D
303845,13.2552,D
303846,13.2552,D
303957,13.2552,D
303957,13.2552,D
303957,13.2552,D
304068,13.2552,D
304068,13.2552,D
304178,13.2552,D
304178,13.2552,D
304178,13.2552,D
304289,13.2842,D
304289,13.2979,D
304399,13.2987,D
304399,13.2987,D
304399,13.2985,D
304511,13.2982,D
304511,13.2979,D
304511,13.2976,D
304622,13.2973,D
304622,13.2971,D
304732,13.2969,D
304733,13.2967,D
304733,13.2965,D
304844,13.2964,D
304844,13.2963,D
304954,13.2962,D
304955,13.2961,D
305067,13.2960,D
305067,13.2959,D
305067,13.2957,D
305178,13.2957,D
305178,13.2957,D
305178,13.2957,D
305288,13.2957,D
305289,13.2956,D
305399,13.2956,D
305399,13.2956,D
305399,13.2956,D
305508,13.2956,D
305508,13.2956,D
305619,13.2956,D
305619,13.2956,D
305619,13.2956,D
305730,13.2956,D
305731,13.2956,D
305841,13.2956,D
305841,13.2956,D
305841,13.2956,D
305951,13.2956,D
305952,13.2956,D
306062,13.2956,D
306062,13.2956,D
306062,13.2955,D
306172,13.2955,D
306172,13.2955,D
306284,13.2955,D
306284,13.2955,D
306284,13.2955,D
306394,13.2955,D
306394,13.2955,D
306394,13.2955,D
306504,13.2956,D
306504,13.3275,D
306614,13.3385,D
306614,13.3393,D
306614,13.3392,D
306726,13.3389,D
306726,13.3386,D
306837,13.3383,D
306837,13.3380,D
306837,13.3377,D
306949,13.3374,D
306949,13.3372,D
307061,13.3370,D
307061,13.3368,D
307061,13.3367,D
307171,13.3366,D
307171,13.3365,D
307281,13.3364,D
307282,13.3363,D
307282,13.3361,D
307392,13.3360,D
307392,13.3360,D
307501,13.3360,D
307501,13.3359,D
307501,13.3359,D
307612,13.3359,D
307612,13.3359,D
307723,13.3359,D
307723,13.3359,D
307723,13.3359,D
307835,13.3359,D
307835,13.3358,D
307945,13.3358,D
307946,13.3358,D
307946,13.3358,D
308056,13.3358,D
308056,13.3358,D
308056,13.3358,D
308166,13.3358,D
308167,13.3358,D
308277,13.3358,D
308277,13.3358,D
308277,13.3358,D
308388,13.3358,D
308388,13.3358,D
308499,13.3358,D
308499,13.3358,D
308499,13.3358,D
308609,13.3358,D
308609,13.3357,D
308720,13.3358,D
308720,13.3358,D
308720,13.3358,D
308829,13.3704,D
308829,13.3787,D
308940,13.3794,D
308941,13.3794,D
308941,13.3792,D
309051,13.3789,D
309051,13.3786,D
309162,13.3783,D
309162,13.3780,D
309162,13.3777,D
309266,13.3775,D
309266,13.3773,D
309378,13.3771,D
309379,13.3770,D
309379,13.3769,D
309493,13.3768,D
309493,13.3767,D
309493,13.3766,D
309606,13.3765,D
309606,13.3764,D
309719,13.3764,D
309720,13.3763,D
309720,13.3763,D
309833,13.3763,D
309833,13.3763,D
309947,13.3763,D
309947,13.3763,D
309947,13.3763,D
310059,13.3763,D
310060,13.3762,D
310060,13.3762,D
310173,13.3762,D
310173,13.3762,D
310287,13.3762,D
310287,13.3762,D
310287,13.3762,D
310401,13.3762,D
310401,13.3762,D
310514,13.3762,D
310514,13.3762,D
310514,13.3762,D
310626,13.3762,D
310627,13.3762,D
310740,13.3762,D
310740,13.3762,D
310740,13.3762,D
310853,13.3762,D
310853,13.3762,D
310853,13.3761,D
310966,13.3762,D
310966,13.3766,D
311079,13.3772,D
311079,13.4187,D
311079,13.4198,D
311193,13.4198,D
311193,13.4196,D
311305,13.4194,D
311306,13.4191,D
311306,13.4188,D
311418,13.4185,D
311418,13.4182,D
311418,13.4179,D
311528,13.4177,D
311529,13.4175,D
311641,13.4174,D
311641,13.4172,D
311751,13.4171,D
311752,13.4170,D
311752,13.4169,D
311861,13.4169,D
311862,13.4167,D
311862,13.4166,D
311972,13.4166,D
311972,13.4166,D
312082,13.4166,D
312082,13.4165,D
312082,13.4165,D
312193,13.4165,D
312193,13.4165,D
312303,13.4165,D
312303,13.4165,D
312303,13.4165,D
312414,13.4165,D
312414,13.4165,D
312525,13.4165,D
312525,13.4165,D
312525,13.4165,D
312635,13.4165,D
312635,13.4165,D
312745,13.4165,D
312746,13.4165,D
312746,13.4165,D
312857,13.4165,D
312857,13.4165,D
312968,13.4165,D
312968,13.4165,D
312968,13.4164,D
313080,13.4164,D
313080,13.4164,D
313190,13.4164,D
313190,13.4164,D
313190,13.4164,D
313298,13.4165,D
313298,13.4165,D
313298,13.4593,D
313411,13.4601,D
313411,13.4601,D
313524,13.4598,D
313524,13.4597,D
313524,13.4595,D
313637,13.4591,D
313637,13.4588,D
313750,13.4585,D
313750,13.4582,D
313750,13.4580,D
313863,13.4578,D
313864,13.4577,D
313977,13.4575,D
313977,13.4574,D
313977,13.4573,D
314091,13.4572,D
314091,13.4572,D
314091,13.4571,D
314204,13.4569,D
314204,13.4569,D
314317,13.4569,D
314317,13.4569,D
314317,13.4569,D
314429,13.4569,D
314429,13.4569,D
314429,13.4568,D
314543,13.4568,D
314543,13.4568,D
314656,13.4568,D
314657,13.4568,D
314770,13.4568,D
314770,13.4568,D
314770,13.4568,D
314882,13.4568,D
314883,13.4568,D
314883,13.4568,D
314996,13.4568,D
314996,13.4568,D
314996,13.4568,D
315110,13.4568,D
315110,13.4568,D
315223,13.4568,D
315223,13.4568,D
315223,13.4568,D
315336,13.4568,D
315336,13.4568,D
315446,13.4568,D
315446,13.4568,D
315446,13.4568,D
315557,13.4568,D
315557,13.4568,D
315668,13.4995,D
315668,13.5004,D
315668,13.5003,D
315777,13.5000,D
315777,13.4998,D
315886,13.4995,D
315886,13.4992,D
315886,13.4989,D
315997,13.4986,D
315997,13.4984,D
316108,13.4982,D
316108,13.4980,D
316108,13.4979,D
316218,13.4977,D
316218,13.4976,D
316328,13.4975,D
316328,13.4974,D
316328,13.4974,D
316438,13.4972,D
316438,13.4971,D
316438,13.4971,D
316549,13.4971,D
316549,13.4970,D
316658,13.4970,D
316659,13.4970,D
316659,13.4970,D
316770,13.4970,D
316770,13.4970,D
316880,13.4970,D
316880,13.4970,D
316992,13.4970,D
316992,13.4969,D
316992,13.4969,D
317105,13.4969,D
317105,13.4969,D
317105,13.4969,D
317217,13.4969,D
317217,13.4969,D
317333,13.4969,D
317333,13.4969,D
317441,13.4969,D
317441,13.4969,D
317554,13.4969,D
317555,13.4969,D
317555,13.4969,D
317666,13.4969,D
317667,13.4969,D
317667,13.4969,D
317781,13.4969,D
317781,13.4969,D
317894,13.4970,D
317895,13.5370,D
317895,13.5404,D
318009,13.5407,D
318009,13.5405,D
318122,13.5402,D
318122,13.5400,D
318122,13.5396,D
318234,13.5392,D
318235,13.5389,D
318235,13.5387,D
318349,13.5385,D
318349,13.5383,D
318463,13.5382,D
318463,13.5380,D
318463,13.5379,D
318576,13.5378,D
318576,13.5378,D
318689,13.5377,D
318690,13.5375,D
318690,13.5374,D
318803,13.5373,D
318803,13.5373,D
318803,13.5373,D
318917,13.5373,D
318917,13.5373,D
319031,13.5373,D
319031,13.5372,D
319031,13.5372,D
319144,13.5372,D
319145,13.5372,D
319257,13.5372,D
319257,13.5372,D
319257,13.5372,D
319369,13.5372,D
319369,13.5372,D
319480,13.5372,D
319480,13.5372,D
319480,13.5372,D
319590,13.5372,D
319590,13.5372,D
319590,13.5372,D
319701,13.5372,D
319701,13.5372,D
319809,13.5372,D
319810,13.5372,D
319810,13.5372,D
319920,13.5372,D
319920,13.5372,D
320031,13.5372,D
320031,13.5372,D
320032,13.5372,D
320143,13.5373,D
320143,13.5798,D
320254,13.5806,D
320254,13.5806,D
320254,13.5805,D
320364,13.5804,D
320364,13.5802,D
320474,13.5799,D
320475,13.5795,D
320475,13.5792,D
320586,13.5790,D
320586,13.5788,D
320696,13.5786,D
320696,13.5784,D
320696,13.5783,D
320806,13.5782,D
320806,13.5780,D
320806,13.5780,D
320917,13.5779,D
320917,13.5778,D
321025,13.5777,D
321026,13.5776,D
321026,13.5775,D
321137,13.5775,D
321137,13.5775,D
321249,13.5775,D
321249,13.5775,D
321249,13.5775,D
321362,13.5775,D
321363,13.5775,D
321475,13.5775,D
321475,13.5775,D
321475,13.5775,D
321588,13.5775,D
321588,13.5775,D
321701,13.5775,D
321701,13.5775,D
321701,13.5775,D
321814,13.5775,D
321815,13.5775,D
321815,13.5774,D
321927,13.5774,D
321927,13.5774,D
322040,13.5774,D
322040,13.5774,D
322040,13.5774,D
322154,13.5774,D
322154,13.5774,D
322267,13.5774,D
322267,13.5774,D
322267,13.5774,D
322380,13.5774,D
322381,13.5775,D
322381,13.6201,D
322492,13.6210,D
322492,13.6210,D
322605,13.6207,D
322605,13.6205,D
322605,13.6202,D
322718,13.6199,D
322718,13.6195,D
322831,13.6192,D
322831,13.6190,D
322831,13.6187,D
322944,13.6185,D
322944,13.6184,D
323058,13.6182,D
323058,13.6181,D
323058,13.6180,D
323171,13.6179,D
323171,13.6178,D
323171,13.6176,D
323285,13.6175,D
323285,13.6175,D
323285,13.6174,D
323396,13.6174,D
323396,13.6173,D
323506,13.6173,D
323506,13.6173,D
323616,13.6173,D
323616,13.6172,D
323616,13.6172,D
323727,13.6172,D
323728,13.6172,D
323840,13.6172,D
323840,13.6172,D
323840,13.6172,D
323950,13.6172,D
323951,13.6172,D
324062,13.6172,D
324062,13.6172,D
324062,13.6172,D
324172,13.6172,D
324172,13.6172,D
324172,13.6172,D
324282,13.6172,D
324282,13.6172,D
324393,13.6172,D
324393,13.6172,D
324504,13.6172,D
324504,13.6172,D
324613,13.6171,D
324613,13.6171,D
324723,13.6172,D
324723,13.6516,D
324723,13.6600,D
324834,13.6606,D
324834,13.6605,D
324834,13.6603,D
324944,13.6601,D
324944,13.6597,D
325055,13.6593,D
325055,13.6590,D
325055,13.6587,D
325165,13.6584,D
325165,13.6582,D
325275,13.6581,D
325275,13.6580,D
325275,13.6579,D
325386,13.6578,D
325386,13.6577,D
325498,13.6576,D
325498,13.6575,D
325498,13.6574,D
325608,13.6573,D
325608,13.6573,D
325720,13.6573,D
325720,13.6573,D
325720,13.6573,D
325831,13.6573,D
325831,13.6573,D
325831,13.6572,D
325941,13.6572,D
325942,13.6572,D
326052,13.6572,D
326053,13.6572,D
326053,13.6572,D
326164,13.6572,D
326164,13.6572,D
326276,13.6572,D
326276,13.6572,D
326276,13.6572,D
326387,13.6572,D
326387,13.6572,D
326497,13.6572,D
326497,13.6572,D
326497,13.6572,D
326609,13.6572,D
326609,13.6572,D
326719,13.6572,D
326720,13.6572,D
326720,13.6572,D
326831,13.6572,D
326831,13.6572,D
326941,13.6572,D
326941,13.6573,D
326941,13.6865,D
327053,13.7002,D
327053,13.7010,D
327053,13.7009,D
327162,13.7006,D
327162,13.7004,D
327274,13.7001,D
327274,13.6997,D
327274,13.6994,D
327382,13.6992,D
327383,13.6989,D
327495,13.6987,D
327495,13.6986,D
327605,13.6984,D
327606,13.6983,D
327606,13.6982,D
327717,13.6982,D
327718,13.6981,D
327718,13.6979,D
327829,13.6978,D
327829,13.6978,D
327939,13.6978,D
327939,13.6977,D
327939,13.6977,D
328050,13.6977,D
328051,13.6977,D
328161,13.6977,D
328162,13.6977,D
328162,13.6977,D
328273,13.6976,D
328273,13.6975,D
328382,13.6975,D
328382,13.6975,D
328383,13.6974,D
328493,13.6974,D
328493,13.6974,D
328493,13.6974,D
328603,13.6974,D
328603,13.6974,D
328714,13.6974,D
328714,13.6974,D
328714,13.6974,D
328825,13.6974,D
328825,13.6974,D
328935,13.6974,D
328935,13.6974,D
328935,13.6974,D
329046,13.6974,D
329046,13.6974,D
329157,13.6974,D
329157,13.6974,D
329157,13.6975,D
329267,13.7262,D
329267,13.7397,D
329378,13.7405,D
329378,13.7405,D
329378,13.7403,D
329490,13.7401,D
329490,13.7398,D
329601,13.7395,D
329601,13.7392,D
329601,13.7389,D
329712,13.7387,D
329712,13.7385,D
329821,13.7384,D
329821,13.7382,D
329821,13.7381,D
329931,13.7380,D
329931,13.7379,D
330042,13.7378,D
330043,13.7378,D
330043,13.7376,D
330155,13.7375,D
330155,13.7375,D
330155,13.7375,D
330264,13.7375,D
330265,13.7375,D
330375,13.7375,D
330376,13.7375,D
330486,13.7374,D
330486,13.7374,D
330486,13.7374,D
330596,13.7374,D
330596,13.7374,D
330596,13.7374,D
330707,13.7374,D
330707,13.7374,D
330816,13.7374,D
330816,13.7374,D
330816,13.7374,D
330926,13.7374,D
330926,13.7374,D
331037,13.7374,D
331037,13.7374,D
331146,13.7374,D
331146,13.7374,D
331146,13.7374,D
331257,13.7374,D
331257,13.7374,D
331257,13.7374,D
331368,13.7374,D
331368,13.7374,D
331479,13.7374,D
331479,13.7374,D
331479,13.7585,D
331588,13.7803,D
331588,13.7811,D
331699,13.7810,D
331699,13.7807,D
331699,13.7805,D
331810,13.7802,D
331810,13.7799,D
331922,13.7796,D
331922,13.7794,D
331922,13.7792,D
332031,13.7790,D
332032,13.7788,D
332142,13.7787,D
332142,13.7786,D
332142,13.7784,D
332252,13.7783,D
332252,13.7783,D
332363,13.7781,D
332363,13.7779,D
332363,13.7779,D
332474,13.7779,D
332474,13.7779,D
332585,13.7776,D
332585,13.7774,D
332585,13.7774,D
332695,13.7774,D
332695,13.7774,D
332695,13.7775,D
332806,13.7775,D
332806,13.7776,D
332917,13.7777,D
332917,13.7777,D
332917,13.7778,D
333028,13.7778,D
333028,13.7778,D
333139,13.7778,D
333139,13.7778,D
333139,13.7778,D
333250,13.7778,D
333250,13.7778,D
333361,13.7778,D
333362,13.7778,D
333362,13.7778,D
333473,13.7778,D
333473,13.7778,D
333584,13.7778,D
333584,13.7778,D
333584,13.7778,D
333693,13.7778,D
333694,13.7778,D
333804,13.7778,D
333804,13.7852,D
333804,13.8203,D
333913,13.8214,D
333913,13.8215,D
333913,13.8213,D
334024,13.8211,D
334024,13.8209,D
334135,13.8205,D
334135,13.8201,D
334135,13.8198,D
334246,13.8195,D
334246,13.8193,D
334357,13.8191,D
334357,13.8189,D
334357,13.8188,D
334468,13.8187,D
334468,13.8186,D
334579,13.8185,D
334579,13.8184,D
334579,13.8183,D
334690,13.8182,D
334690,13.8181,D
334801,13.8181,D
334801,13.8181,D
334801,13.8181,D
334913,13.8180,D
334913,13.8180,D
335023,13.8180,D
335023,13.8180,D
335023,13.8180,D
335134,13.8180,D
335134,13.8180,D
335134,13.8180,D
335245,13.8180,D
335245,13.8180,D
335347,13.8180,D
335347,13.8180,D
335459,13.8180,D
335459,13.8180,D
335459,13.8180,D
335573,13.8180,D
335573,13.8180,D
335573,13.8180,D
335687,13.8180,D
335687,13.8180,D
335799,13.8180,D
335800,13.8180,D
335800,13.8180,D
335912,13.8180,D
335912,13.8180,D
336026,13.8180,D
336026,13.8180,D
336026,13.8180,D
336140,13.8577,D
336141,13.8611,D
336253,13.8614,D
336253,13.8613,D
336253,13.8611,D
336366,13.8609,D
336366,13.8606,D
336367,13.8602,D
336479,13.8600,D
336479,13.8597,D
336593,13.8595,D
336593,13.8593,D
336593,13.8592,D
336706,13.8590,D
336706,13.8589,D
336819,13.8588,D
336820,13.8587,D
336820,13.8586,D
336933,13.8585,D
336933,13.8583,D
337047,13.8583,D
337047,13.8583,D
337047,13.8583,D
337161,13.8583,D
337161,13.8582,D
337161,13.8582,D
337274,13.8582,D
337274,13.8582,D
337274,13.8582,D
337385,13.8582,D
337385,13.8582,D
337496,13.8582,D
337496,13.8582,D
337605,13.8582,D
337605,13.8582,D
337605,13.8582,D
337716,13.8582,D
337716,13.8581,D
337828,13.8581,D
337828,13.8581,D
337828,13.8581,D
337939,13.8581,D
337939,13.8581,D
338051,13.8581,D
338051,13.8581,D
338051,13.8581,D
338162,13.8581,D
338162,13.8580,D
338162,13.8580,D
338273,13.8580,D
338274,13.8581,D
338385,13.8582,D
338385,13.8927,D
338385,13.9009,D
338496,13.9016,D
338496,13.9016,D
338606,13.9013,D
338606,13.9011,D
338607,13.9008,D
338716,13.9004,D
338716,13.9001,D
338716,13.8998,D
338828,13.8996,D
338828,13.8994,D
338938,13.8993,D
338938,13.8991,D
339048,13.8990,D
339049,13.8989,D
339049,13.8989,D
339159,13.8988,D
339159,13.8987,D
339159,13.8985,D
339264,13.8985,D
339265,13.8985,D
339378,13.8985,D
339379,13.8985,D
339379,13.8985,D
339492,13.8985,D
339492,13.8985,D
339605,13.8985,D
339605,13.8985,D
339605,13.8985,D
339718,13.8984,D
339718,13.8984,D
339832,13.8984,D
339832,13.8984,D
339832,13.8984,D
339944,13.8984,D
339944,13.8984,D
340058,13.8984,D
340058,13.8984,D
340058,13.8984,D
340172,13.8984,D
340172,13.8984,D
340172,13.8984,D
340284,13.8984,D
340284,13.8984,D
340397,13.8984,D
340397,13.8984,D
340397,13.8984,D
340511,13.8984,D
340511,13.8984,D
340511,13.8984,D
340624,13.8984,D
340624,13.9220,D
340738,13.9408,D
340738,13.9418,D
340738,13.9418,D
340850,13.9417,D
340850,13.9416,D
340963,13.9413,D
340964,13.9410,D
340964,13.9407,D
341077,13.9404,D
341077,13.9401,D
341077,13.9399,D
341191,13.9398,D
341191,13.9396,D
341304,13.9395,D
341304,13.9394,D
341304,13.9393,D
341416,13.9392,D
341416,13.9391,D
341525,13.9391,D
341525,13.9389,D
341525,13.9388,D
341636,13.9388,D
341636,13.9388,D
341748,13.9388,D
341748,13.9388,D
341748,13.9388,D
341859,13.9387,D
341859,13.9387,D
341970,13.9387,D
341970,13.9387,D
341970,13.9387,D
342079,13.9387,D
342079,13.9387,D
342079,13.9387,D
342189,13.9387,D
342189,13.9387,D
342300,13.9387,D
342300,13.9386,D
342300,13.9386,D
342410,13.9386,D
342410,13.9386,D
342521,13.9386,D
342521,13.9386,D
342521,13.9386,D
342631,13.9386,D
342632,13.9386,D
342742,13.9386,D
342742,13.9386,D
342742,13.9386,D
342854,13.9386,D
342854,13.9386,D
342965,13.9462,D
342965,13.9815,D
343076,13.9822,D
343076,13.9820,D
343076,13.9818,D
343187,13.9817,D
343187,13.9816,D
343187,13.9812,D
343307,13.9808,D
343307,13.9805,D
343307,13.9802,D
343421,13.9800,D
343421,13.9798,D
343534,13.9797,D
343534,13.9795,D
343534,13.9794,D
343647,13.9793,D
343647,13.9792,D
343760,13.9792,D
343760,13.9791,D
343760,13.9789,D
343874,13.9789,D
343874,13.9789,D
343874,13.9788,D
343988,13.9788,D
343988,13.9788,D
344101,13.9788,D
344101,13.9788,D
344101,13.9788,D
344214,13.9788,D
344214,13.9788,D
344328,13.9788,D
344328,13.9788,D
344328,13.9788,D
344440,13.9788,D
344440,13.9787,D
344440,13.9787,D
344553,13.9787,D
344553,13.9787,D
344667,13.9787,D
344667,13.9787,D
344667,13.9787,D
344781,13.9787,D
344781,13.9787,D
344894,13.9787,D
344894,13.9787,D
344894,13.9787,D
345008,13.9787,D
345008,13.9787,D
345008,13.9787,D
345121,13.9787,D
345121,13.9787,D
345234,13.9787,D
345234,14.0185,D
345234,14.0218,D
345346,14.0221,D
345346,14.0219,D
345457,14.0217,D
345458,14.0215,D
345458,14.0211,D
345568,14.0208,D
345569,14.0205,D
345678,14.0200,D
345678,14.0198,D
345788,14.0197,D
345788,14.0196,D
345897,14.0194,D
345897,14.0193,D
345897,14.0193,D
346008,14.0192,D
346008,14.0190,D
346119,14.0189,D
346119,14.0188,D
346119,14.0188,D
346229,14.0188,D
346229,14.0188,D
346229,14.0187,D
346340,14.0187,D
346340,14.0187,D
346450,14.0187,D
346451,14.0186,D
346451,14.0186,D
346560,14.0186,D
346560,14.0186,D
346670,14.0186,D
346670,14.0186,D
346670,14.0186,D
346782,14.0186,D
346782,14.0186,D
346892,14.0186,D
346892,14.0186,D
347002,14.0185,D
347002,14.0185,D
347002,14.0185,D
347111,14.0185,D
347111,14.0185,D
347111,14.0185,D
347221,14.0185,D
347221,14.0185,D
347339,14.0185,D
347339,14.0185,D
347339,14.0184,D
347452,14.0185,D
347452,14.0185,D
347452,14.0475,D
347564,14.0609,D
347564,14.0617,D
347677,14.0617,D
347678,14.0615,D
347791,14.0613,D
347791,14.0610,D
347791,14.0607,D
347905,14.0604,D
347905,14.0601,D
347905,14.0599,D
348019,14.0597,D
348019,14.0595,D
348019,14.0594,D
348132,14.0592,D
348133,14.0591,D
348245,14.0590,D
348245,14.0590,D
348358,14.0589,D
348358,14.0586,D
348358,14.0586,D
348473,14.0586,D
348473,14.0586,D
348473,14.0586,D
348586,14.0585,D
348586,14.0585,D
348699,14.0585,D
348699,14.0585,D
348699,14.0585,D
348813,14.0585,D
348813,14.0585,D
348813,14.0585,D
348926,14.0585,D
348926,14.0585,D
349039,14.0585,D
349039,14.0585,D
349039,14.0584,D
349152,14.0584,D
349152,14.0584,D
349264,14.0584,D
349264,14.0584,D
349375,14.0584,D
349376,14.0584,D
349376,14.0584,D
349376,14.0584,D
349485,14.0584,D
349485,14.0584,D
349595,14.0584,D
349595,14.0584,D
349595,14.0584,D
349706,14.0584,D
349706,14.0584,D
349817,14.0713,D
349817,14.1012,D
349817,14.1022,D
349928,14.1022,D
349929,14.1020,D
350038,14.1017,D
350038,14.1014,D
350148,14.1011,D
350148,14.1008,D
350149,14.1005,D
350260,14.1003,D
350260,14.1001,D
350260,14.0999,D
350372,14.0997,D
350372,14.0996,D
350483,14.0995,D
350483,14.0994,D
350483,14.0993,D
350594,14.0993,D
350594,14.0991,D
350705,14.0990,D
350705,14.0990,D
350705,14.0990,D
350815,14.0990,D
350815,14.0990,D
350925,14.0990,D
350926,14.0989,D
350926,14.0989,D
351036,14.0989,D
351037,14.0989,D
351037,14.0989,D
351148,14.0989,D
351148,14.0989,D
351260,14.0989,D
351260,14.0989,D
351366,14.0989,D
351366,14.0989,D
351366,14.0989,D
351477,14.0989,D
351477,14.0989,D
351477,14.0989,D
351588,14.0989,D
351588,14.0989,D
351700,14.0989,D
351701,14.0989,D
351701,14.0989,D
351812,14.0989,D
351812,14.0989,D
351922,14.0989,D
351922,14.0989,D
351922,14.0989,D
352032,14.0989,D
352032,14.0989,D
352143,14.1335,D
352143,14.1417,D
352143,14.1425,D
352254,14.1425,D
352255,14.1422,D
352366,14.1419,D
352366,14.1416,D
352366,14.1412,D
352475,14.1409,D
352475,14.1407,D
352475,14.1405,D
352582,14.1403,D
352583,14.1401,D
352693,14.1400,D
352693,14.1399,D
352804,14.1398,D
352804,14.1397,D
352804,14.1396,D
352914,14.1395,D
352914,14.1394,D
353024,14.1393,D
353024,14.1393,D
353024,14.1393,D
353135,14.1393,D
353135,14.1393,D
353135,14.1393,D
353246,14.1393,D
353246,14.1392,D
353355,14.1392,D
353355,14.1392,D
353355,14.1392,D
353465,14.1392,D
353466,14.1392,D
353577,14.1392,D
353577,14.1392,D
353577,14.1392,D
353687,14.1391,D
353687,14.1391,D
353799,14.1391,D
353800,14.1391,D
353800,14.1391,D
353911,14.1391,D
353912,14.1391,D
354022,14.1390,D
354022,14.1390,D
354022,14.1390,D
354133,14.1390,D
354133,14.1390,D
354244,14.1390,D
354244,14.1390,D
354244,14.1390,D
354355,14.1391,D
354356,14.1547,D
354356,14.1819,D
354466,14.1830,D
354466,14.1829,D
354576,14.1825,D
354576,14.1822,D
354577,14.1819,D
354686,14.1816,D
354686,14.1813,D
354797,14.1811,D
354797,14.1808,D
354797,14.1806,D
354908,14.1804,D
354908,14.1802,D
355019,14.1801,D
355019,14.1800,D
355130,14.1799,D
355130,14.1798,D
355130,14.1797,D
355240,14.1795,D
355240,14.1795,D
355240,14.1795,D
355349,14.1795,D
355350,14.1795,D
355461,14.1795,D
355461,14.1795,D
355462,14.1794,D
355572,14.1794,D
355572,14.1794,D
355681,14.1794,D
355682,14.1795,D
355682,14.1795,D
355794,14.1795,D
355794,14.1795,D
355903,14.1795,D
355903,14.1795,D
355903,14.1795,D
356013,14.1795,D
356014,14.1795,D
356123,14.1795,D
356123,14.1795,D
356123,14.1795,D
356235,14.1795,D
356235,14.1795,D
356235,14.1795,D
356345,14.1795,D
356346,14.1795,D
356456,14.1795,D
356456,14.1795,D
356456,14.1795,D
356568,14.1795,D
356568,14.1795,D
356679,14.1795,D
356680,14.2220,D
356680,14.2229,D
356791,14.2229,D
356791,14.2226,D
356902,14.2224,D
356902,14.2221,D
356902,14.2217,D
357012,14.2214,D
357012,14.2211,D
357121,14.2209,D
357122,14.2206,D
357231,14.2204,D
357231,14.2203,D
357231,14.2201,D
357340,14.2200,D
357341,14.2199,D
357341,14.2198,D
357450,14.2198,D
357450,14.2196,D
357560,14.2195,D
357561,14.2194,D
357561,14.2194,D
357672,14.2194,D
357672,14.2194,D
357782,14.2193,D
357783,14.2193,D
357783,14.2193,D
357894,14.2193,D
357894,14.2193,D
358004,14.2193,D
358005,14.2193,D
358005,14.2193,D
358115,14.2193,D
358115,14.2193,D
358116,14.2192,D
358227,14.2192,D
358227,14.2192,D
358338,14.2192,D
358339,14.2192,D
358450,14.2192,D
358450,14.2192,D
358450,14.2192,D
358561,14.2192,D
358561,14.2192,D
358561,14.2192,D
358668,14.2192,D
358668,14.2192,D
358779,14.2192,D
358779,14.2192,D
358779,14.2192,D
358890,14.2192,D
358890,14.2192,D
359002,14.2457,D
359002,14.2621,D
359002,14.2629,D
359113,14.2629,D
359113,14.2626,D
359223,14.2623,D
359223,14.2619,D
359223,14.2616,D
359331,14.2613,D
359331,14.2611,D
359441,14.2609,D
359441,14.2607,D
359441,14.2605,D
359550,14.2603,D
359551,14.2602,D
359659,14.2601,D
359659,14.2600,D
359659,14.2599,D
359769,14.2598,D
359880,14.2596,D
359880,14.2596,D
359880,14.2595,D
359991,14.2595,D
359991,14.2595,D
360103,14.2595,D
360103,14.2595,D
360103,14.2595,D
360213,14.2595,D
360214,14.2595,D
360214,14.2595,D
360325,14.2595,D
360325,14.2595,D
360436,14.2595,D
360436,14.2595,D
360436,14.2595,D
360549,14.2595,D
360549,14.2595,D
360659,14.2595,D
360659,14.2595,D
360660,14.2596,D
360770,14.2596,D
360771,14.2596,D
360880,14.2596,D
360880,14.2596,D
360881,14.2596,D
360991,14.2596,D
360991,14.2596,D
361103,14.2596,D
361103,14.2596,D
361103,14.2596,D
361214,14.2596,D
361214,14.2596,D
361214,14.3022,D
361323,14.3032,D
361323,14.3032,D
361434,14.3031,D
361434,14.3029,D
361434,14.3027,D
361546,14.3023,D
361546,14.3020,D
361656,14.3017,D
361656,14.3015,D
361656,14.3013,D
361767,14.3011,D
361768,14.3009,D
361878,14.3008,D
361878,14.3007,D
361878,14.3006,D
361989,14.3005,D
361990,14.3004,D
362101,14.3003,D
362101,14.3002,D
362101,14.3001,D
362212,14.3001,D
362212,14.3001,D
362323,14.3001,D
362323,14.3001,D
362323,14.3001,D
362434,14.3000,D
362434,14.3000,D
362542,14.3000,D
362542,14.3000,D
362542,14.3000,D
362654,14.3000,D
362654,14.3000,D
362766,14.3000,D
362766,14.3000,D
362766,14.3000,D
362877,14.3000,D
362877,14.3000,D
362988,14.3000,D
362989,14.3000,D
362989,14.2999,D
363099,14.2999,D
363099,14.2999,D
363099,14.2999,D
363210,14.2999,D
363210,14.2999,D
363321,14.2999,D
363321,14.2999,D
363321,14.2999,D
363431,14.2999,D
363432,14.2999,D
363542,14.3000,D
363543,14.3183,D
363543,14.3425,D
363653,14.3435,D
363653,14.3435,D
363764,14.3433,D
363764,14.3430,D
363764,14.3427,D
363875,14.3423,D
363876,14.3420,D
363988,14.3417,D
363988,14.3414,D
363988,14.3412,D
364100,14.3411,D
364100,14.3409,D
364100,14.3408,D
364211,14.3407,D
364211,14.3406,D
364321,14.3405,D
364321,14.3404,D
364321,14.3402,D
364430,14.3401,D
364430,14.3401,D
364540,14.3401,D
364541,14.3400,D
364541,14.3400,D
364651,14.3399,D
364651,14.3399,D
364760,14.3399,D
364760,14.3399,D
364760,14.3399,D
364872,14.3399,D
364872,14.3398,D
364982,14.3398,D
364983,14.3398,D
364983,14.3398,D
365093,14.3398,D
365093,14.3398,D
365204,14.3398,D
365204,14.3398,D
365204,14.3398,D
365315,14.3398,D
365315,14.3397,D
365426,14.3397,D
365426,14.3397,D
365426,14.3397,D
365538,14.3397,D
365538,14.3397,D
365538,14.3397,D
365648,14.3397,D
365648,14.3397,D
365759,14.3397,D
365759,14.3397,D
365869,14.3398,D
365869,14.3797,D
365869,14.3831,D
365981,14.3835,D
365981,14.3832,D
365981,14.3829,D
366091,14.3826,D
366092,14.3823,D
366203,14.3821,D
366203,14.3819,D
366203,14.3816,D
366314,14.3814,D
366315,14.3812,D
366425,14.3811,D
366425,14.3810,D
366425,14.3809,D
366536,14.3808,D
366537,14.3807,D
366648,14.3807,D
366648,14.3805,D
366648,14.3804,D
366757,14.3804,D
366758,14.3804,D
366869,14.3804,D
366869,14.3804,D
366981,14.3804,D
366981,14.3804,D
366981,14.3804,D
367091,14.3804,D
367091,14.3804,D
367201,14.3804,D
367201,14.3804,D
367201,14.3804,D
367312,14.3804,D
367312,14.3804,D
367421,14.3804,D
367421,14.3804,D
367421,14.3804,D
367531,14.3804,D
367531,14.3804,D
367639,14.3804,D
367640,14.3804,D
367750,14.3804,D
367751,14.3804,D
367751,14.3804,D
367861,14.3803,D
367861,14.3803,D
367971,14.3803,D
367971,14.3803,D
367971,14.3803,D
368083,14.3803,D
368083,14.3803,D
368083,14.3985,D
368193,14.4228,D
368193,14.4239,D
368304,14.4239,D
368304,14.4237,D
368304,14.4235,D
368415,14.4232,D
368415,14.4228,D
368525,14.4225,D
368526,14.4222,D
368526,14.4220,D
368637,14.4218,D
368637,14.4216,D
368747,14.4215,D
368747,14.4214,D
368747,14.4213,D
368857,14.4212,D
368857,14.4211,D
368968,14.4211,D
368968,14.4209,D
368968,14.4208,D
369079,14.4208,D
369079,14.4208,D
369079,14.4208,D
369190,14.4208,D
369190,14.4207,D
369300,14.4207,D
369300,14.4207,D
369300,14.4207,D
369411,14.4207,D
369411,14.4207,D
369524,14.4207,D
369524,14.4207,D
369524,14.4207,D
369635,14.4207,D
369635,14.4207,D
369745,14.4207,D
369745,14.4207,D
369746,14.4207,D
369856,14.4207,D
369857,14.4207,D
369966,14.4207,D
369966,14.4207,D
369966,14.4207,D
370078,14.4207,D
370078,14.4207,D
370189,14.4207,D
370190,14.4207,D
370190,14.4207,D
370300,14.4207,D
370300,14.4207,D
370300,14.4207,D
370410,14.4207,D
370410,14.4468,D
370520,14.4628,D
370520,14.4640,D
370520,14.4640,D
370630,14.4639,D
370631,14.4637,D
370740,14.4635,D
370741,14.4631,D
370850,14.4628,D
370850,14.4625,D
370850,14.4623,D
370960,14.4621,D
370961,14.4619,D
370961,14.4617,D
371070,14.4616,D
371070,14.4615,D
371180,14.4614,D
371180,14.4613,D
371180,14.4613,D
371292,14.4612,D
371292,14.4610,D
371403,14.4610,D
371403,14.4610,D
371403,14.4610,D
371513,14.4610,D
371513,14.4610,D
371624,14.4609,D
371624,14.4609,D
371624,14.4609,D
371735,14.4609,D
371735,14.4609,D
371847,14.4609,D
371847,14.4609,D
371847,14.4609,D
371957,14.4609,D
371957,14.4609,D
372067,14.4609,D
372067,14.4609,D
372067,14.4609,D
372177,14.4609,D
372177,14.4609,D
372178,14.4609,D
372289,14.4609,D
372289,14.4609,D
372400,14.4609,D
372400,14.4608,D
372400,14.4608,D
372510,14.4608,D
372510,14.4608,D
372620,14.4608,D
372620,14.4608,D
372620,14.4609,D
372731,14.4613,D
372732,14.5008,D
372842,14.5041,D
372842,14.5043,D
372953,14.5041,D
372953,14.5039,D
372953,14.5037,D
373064,14.5033,D
373064,14.5030,D
373064,14.5027,D
373176,14.5024,D
373176,14.5022,D
373285,14.5020,D
373285,14.5019,D
373285,14.5017,D
373398,14.5016,D
373398,14.5015,D
373508,14.5014,D
373508,14.5013,D
373508,14.5011,D
373619,14.5008,D
373619,14.5007,D
373729,14.5006,D
373729,14.5006,D
373729,14.5006,D
373839,14.5005,D
373840,14.5005,D
373840,14.5005,D
373950,14.5004,D
373950,14.5004,D
374060,14.5004,D
374060,14.5004,D
374060,14.5003,D
374171,14.5003,D
374171,14.5003,D
374282,14.5003,D
374282,14.5003,D
374282,14.5003,D
374393,14.5003,D
374394,14.5003,D
374504,14.5003,D
374504,14.5003,D
374504,14.5002,D
374614,14.5002,D
374615,14.5003,D
374725,14.5003,D
374725,14.5003,D
374725,14.5003,D
374837,14.5003,D
374837,14.5003,D
374947,14.5003,D
374947,14.5003,D
375057,14.5003,D
375057,14.5104,D
375057,14.5432,D
375167,14.5442,D
375168,14.5441,D
375168,14.5439,D
375279,14.5436,D
375279,14.5433,D
375391,14.5430,D
375391,14.5427,D
375391,14.5424,D
375502,14.5422,D
375502,14.5420,D
375502,14.5418,D
375613,14.5417,D
375614,14.5415,D
375724,14.5414,D
375724,14.5413,D
375834,14.5413,D
375834,14.5412,D
375834,14.5409,D
375945,14.5409,D
375945,14.5408,D
376056,14.5408,D
376056,14.5408,D
376056,14.5408,D
376167,14.5407,D
376168,14.5407,D
376168,14.5407,D
376278,14.5407,D
376279,14.5407,D
376390,14.5407,D
376391,14.5407,D
376391,14.5407,D
376502,14.5407,D
376502,14.5407,D
376611,14.5407,D
376612,14.5407,D
376612,14.5407,D
376721,14.5407,D
376721,14.5407,D
376721,14.5407,D
376831,14.5406,D
376831,14.5406,D
376940,14.5406,D
376940,14.5406,D
377052,14.5406,D
377052,14.5406,D
377052,14.5406,D
377164,14.5406,D
377164,14.5406,D
377164,14.5406,D
377274,14.5406,D
377275,14.5406,D
377386,14.5669,D
377386,14.5831,D
377386,14.5841,D
377496,14.5841,D
377496,14.5839,D
377607,14.5837,D
377607,14.5834,D
377607,14.5831,D
377717,14.5828,D
377717,14.5825,D
377827,14.5823,D
377827,14.5820,D
377827,14.5819,D
377937,14.5817,D
377937,14.5816,D
378049,14.5815,D
378049,14.5814,D
378049,14.5813,D
378162,14.5813,D
378162,14.5811,D
378271,14.5810,D
378272,14.5810,D
378272,14.5810,D
378382,14.5810,D
378382,14.5810,D
378382,14.5809,D
378492,14.5809,D
378492,14.5809,D
378601,14.5809,D
378602,14.5809,D
378712,14.5809,D
378712,14.5809,D
378712,14.5809,D
378824,14.5809,D
378824,14.5809,D
378824,14.5809,D
378935,14.5809,D
378935,14.5809,D
379046,14.5809,D
379046,14.5809,D
379046,14.5809,D
379157,14.5809,D
379157,14.5809,D
379266,14.5809,D
379267,14.5809,D
379267,14.5809,D
379377,14.5809,D
379377,14.5809,D
379488,14.5809,D
379488,14.5809,D
379488,14.5809,D
379599,14.5809,D
379599,14.5809,D
379709,14.6152,D
379709,14.6235,D
379709,14.6244,D
379819,14.6245,D
379819,14.6244,D
379930,14.6242,D
379931,14.6239,D
379931,14.6235,D
380041,14.6232,D
380041,14.6230,D
380041,14.6227,D
380151,14.6225,D
380151,14.6224,D
380262,14.6222,D
380262,14.6221,D
380262,14.6220,D
380374,14.6219,D
380374,14.6218,D
380484,14.6218,D
380484,14.6216,D
380484,14.6215,D
380595,14.6215,D
380595,14.6215,D
380705,14.6215,D
380705,14.6214,D
380814,14.6214,D
380814,14.6214,D
380814,14.6214,D
380923,14.6214,D
380923,14.6214,D
380923,14.6214,D
381033,14.6214,D
381033,14.6214,D
381144,14.6214,D
381144,14.6214,D
381144,14.6214,D
381254,14.6214,D
381254,14.6214,D
381365,14.6214,D
381365,14.6214,D
381365,14.6214,D
381475,14.6213,D
381476,14.6213,D
381476,14.6213,D
381586,14.6213,D
381586,14.6213,D
381698,14.6213,D
381698,14.6213,D
381809,14.6213,D
381809,14.6213,D
381809,14.6213,D
381918,14.6215,D
381918,14.6219,D
382029,14.6614,D
382029,14.6648,D
382029,14.6651,D
382140,14.6649,D
382140,14.6647,D
382140,14.6644,D
382251,14.6641,D
382251,14.6637,D
382361,14.6635,D
382361,14.6632,D
382361,14.6630,D
382470,14.6628,D
382470,14.6627,D
382582,14.6625,D
382582,14.6624,D
382582,14.6623,D
382692,14.6622,D
382692,14.6622,D
382802,14.6620,D
382802,14.6619,D
382913,14.6619,D
382913,14.6618,D
382913,14.6618,D
383023,14.6618,D
383023,14.6618,D
383024,14.6618,D
383135,14.6618,D
383135,14.6618,D
383246,14.6618,D
383246,14.6618,D
383246,14.6618,D
383357,14.6618,D
383357,14.6618,D
383468,14.6618,D
383468,14.6618,D
383468,14.6618,D
383578,14.6617,D
383578,14.6617,D
383689,14.6617,D
383689,14.6617,D
383689,14.6617,D
383800,14.6617,D
383800,14.6617,D
383800,14.6617,D
383911,14.6616,D
383911,14.6616,D
384022,14.6616,D
384022,14.6616,D
384132,14.6616,D
384132,14.6616,D
384132,14.6616,D
384244,14.6617,D
384244,14.6669,D
384244,14.7044,D
384355,14.7053,D
384355,14.7053,D
384465,14.7049,D
384465,14.7047,D
384465,14.7044,D
384576,14.7041,D
384576,14.7037,D
384686,14.7034,D
384686,14.7032,D
384686,14.7030,D
384797,14.7028,D
384797,14.7026,D
384908,14.7025,D
384908,14.7024,D
384908,14.7023,D
385019,14.7022,D
385019,14.7021,D
385130,14.7019,D
385130,14.7018,D
385130,14.7018,D
385239,14.7018,D
385239,14.7018,D
385239,14.7018,D
385350,14.7018,D
385350,14.7018,D
385460,14.7017,D
385460,14.7017,D
385571,14.7017,D
385572,14.7017,D
385572,14.7017,D
385682,14.7017,D
385682,14.7017,D
385793,14.7017,D
385793,14.7017,D
385793,14.7017,D
385904,14.7017,D
385904,14.7017,D
385904,14.7017,D
386016,14.7016,D
386016,14.7016,D
386125,14.7016,D
386126,14.7016,D
386126,14.7016,D
386237,14.7016,D
386237,14.7016,D
386348,14.7016,D
386348,14.7016,D
386348,14.7016,D
386460,14.7016,D
386460,14.7016,D
386570,14.7017,D
386570,14.7199,D
386570,14.7442,D
386679,14.7453,D
386679,14.7452,D
386792,14.7449,D
386792,14.7447,D
386792,14.7444,D
386902,14.7441,D
386902,14.7437,D
386902,14.7434,D
387013,14.7432,D
387014,14.7430,D
387124,14.7428,D
387124,14.7426,D
387124,14.7425,D
387234,14.7424,D
387234,14.7423,D
387346,14.7422,D
387346,14.7421,D
387346,14.7419,D
387460,14.7419,D
387460,14.7419,D
387574,14.7418,D
387574,14.7418,D
387574,14.7418,D
387687,14.7418,D
387687,14.7418,D
387799,14.7418,D
387800,14.7418,D
387800,14.7418,D
387911,14.7418,D
387911,14.7418,D
387911,14.7418,D
388022,14.7418,D
388022,14.7417,D
388135,14.7417,D
388135,14.7417,D
388135,14.7417,D
388248,14.7417,D
388248,14.7417,D
388362,14.7417,D
388362,14.7417,D
388362,14.7417,D
388475,14.7417,D
388475,14.7417,D
388475,14.7417,D
388589,14.7417,D
388589,14.7417,D
388702,14.7417,D
388702,14.7417,D
388702,14.7417,D
388815,14.7417,D
388816,14.7418,D
388929,14.7682,D
388929,14.7843,D
388929,14.7853,D
389042,14.7853,D
389042,14.7850,D
389042,14.7848,D
389156,14.7845,D
389156,14.7841,D
389269,14.7837,D
389269,14.7834,D
389269,14.7832,D
389381,14.7830,D
389381,14.7828,D
389491,14.7827,D
389491,14.7826,D
389491,14.7825,D
389601,14.7824,D
389602,14.7823,D
389714,14.7823,D
389715,14.7821,D
389715,14.7821,D
389825,14.7820,D
389825,14.7820,D
389935,14.7820,D
389935,14.7820,D
389935,14.7820,D
390046,14.7820,D
390046,14.7820,D
390046,14.7819,D
390158,14.7819,D
390158,14.7819,D
390269,14.7819,D
390269,14.7819,D
390269,14.7819,D
390378,14.7819,D
390379,14.7819,D
390488,14.7819,D
390488,14.7819,D
390488,14.7819,D
390598,14.7819,D
390598,14.7819,D
390708,14.7818,D
390708,14.7818,D
390708,14.7818,D
390819,14.7818,D
390819,14.7818,D
390928,14.7818,D
390929,14.7818,D
391039,14.7818,D
391039,14.7818,D
391039,14.7818,D
391149,14.7818,D
391149,14.7819,D
391149,14.8056,D
391266,14.8246,D
391266,14.8256,D
391378,14.8256,D
391378,14.8253,D
391378,14.8250,D
391491,14.8247,D
391491,14.8243,D
391491,14.8240,D
391605,14.8237,D
391605,14.8235,D
391717,14.8233,D
391717,14.8231,D
391830,14.8230,D
391830,14.8229,D
391831,14.8228,D
391942,14.8227,D
391942,14.8226,D
391942,14.8225,D
392056,14.8223,D
392056,14.8223,D
392056,14.8223,D
392170,14.8223,D
392170,14.8222,D
392284,14.8222,D
392284,14.8222,D
392284,14.8222,D
392397,14.8222,D
392398,14.8222,D
392511,14.8222,D
392511,14.8222,D
392511,14.8222,D
392625,14.8222,D
392625,14.8222,D
392625,14.8221,D
392739,14.8221,D
392739,14.8221,D
392851,14.8221,D
392852,14.8221,D
392852,14.8221,D
392965,14.8221,D
392965,14.8221,D
393079,14.8221,D
393079,14.8220,D
393079,14.8220,D
393193,14.8220,D
393193,14.8220,D
393193,14.8220,D
393305,14.8220,D
393305,14.8220,D
393416,14.8220,D
393416,14.8220,D
393416,14.8221,D
393526,14.8428,D
393526,14.8642,D
393636,14.8653,D
393636,14.8653,D
393636,14.8653,D
393748,14.8651,D
393748,14.8649,D
393859,14.8645,D
393859,14.8642,D
393860,14.8639,D
393970,14.8637,D
393970,14.8635,D
394080,14.8633,D
394081,14.8632,D
394081,14.8630,D
394192,14.8629,D
394192,14.8629,D
394303,14.8628,D
394303,14.8627,D
394303,14.8627,D
394414,14.8625,D
394414,14.8625,D
394414,14.8624,D
394525,14.8624,D
394525,14.8624,D
394636,14.8624,D
394636,14.8624,D
394636,14.8624,D
394748,14.8624,D
394748,14.8624,D
394858,14.8624,D
394858,14.8624,D
394969,14.8624,D
394969,14.8624,D
394969,14.8623,D
395080,14.8623,D
395080,14.8623,D
395080,14.8623,D
395191,14.8623,D
395191,14.8623,D
395297,14.8623,D
395297,14.8623,D
395297,14.8623,D
395408,14.8623,D
395408,14.8623,D
395518,14.8623,D
395518,14.8623,D
395518,14.8623,D
395629,14.8623,D
395629,14.8623,D
395742,14.8623,D
395742,14.8623,D
395742,14.8623,D
395856,14.8941,D
395856,14.9050,D
395856,14.9057,D
395968,14.9057,D
395968,14.9054,D
396081,14.9052,D
396082,14.9049,D
396082,14.9046,D
396194,14.9043,D
396195,14.9040,D
396309,14.9038,D
396309,14.9036,D
396309,14.9035,D
396421,14.9033,D
396421,14.9032,D
396534,14.9031,D
396534,14.9030,D
396534,14.9030,D
396648,14.9028,D
396648,14.9027,D
396648,14.9026,D
396762,14.9026,D
396762,14.9026,D
396876,14.9026,D
396876,14.9026,D
396876,14.9026,D
396989,14.9026,D
396989,14.9026,D
397103,14.9026,D
397103,14.9025,D
397103,14.9025,D
397217,14.9025,D
397217,14.9025,D
397331,14.9025,D
397331,14.9025,D
397331,14.9025,D
397445,14.9025,D
397445,14.9025,D
397445,14.9025,D
397558,14.9025,D
397558,14.9024,D
397558,14.9024,D
397672,14.9024,D
397672,14.9024,D
397785,14.9024,D
397785,14.9024,D
397898,14.9024,D
397899,14.9024,D
397899,14.9023,D
398011,14.9023,D
398011,14.9023,D
398011,14.9024,D
398124,14.9025,D
398125,14.9398,D
398238,14.9456,D
398238,14.9461,D
398238,14.9460,D
398352,14.9457,D
398352,14.9454,D
398352,14.9450,D
398465,14.9447,D
398465,14.9444,D
398578,14.9442,D
398578,14.9440,D
398578,14.9438,D
398691,14.9436,D
398692,14.9435,D
398806,14.9434,D
398806,14.9433,D
398806,14.9432,D
398919,14.9432,D
398919,14.9430,D
398919,14.9429,D
399032,14.9429,D
399032,14.9429,D
399146,14.9429,D
399146,14.9428,D
399146,14.9428,D
399259,14.9428,D
399259,14.9428,D
399373,14.9428,D
399373,14.9428,D
399373,14.9428,D
399483,14.9428,D
399483,14.9428,D
399483,14.9428,D
399593,14.9428,D
399593,14.9428,D
399703,14.9428,D
399704,14.9428,D
399704,14.9428,D
399815,14.9428,D
399815,14.9428,D
399925,14.9428,D
399925,14.9428,D
399925,14.9428,D
400036,14.9428,D
400036,14.9428,D
400145,14.9428,D
400145,14.9428,D
400145,14.9428,D
400256,14.9428,D
400256,14.9428,D
400367,14.9428,D
400367,14.9428,D
400367,14.9428,D
400477,14.9717,D
400477,14.9853,D
400590,14.9862,D
400590,14.9862,D
400590,14.9861,D
400699,14.9859,D
400699,14.9856,D
400811,14.9852,D
400811,14.9849,D
400811,14.9847,D
400921,14.9845,D
400921,14.9843,D
401031,14.9841,D
401031,14.9840,D
401031,14.9838,D
401141,14.9837,D
401142,14.9837,D
401251,14.9836,D
401251,14.9835,D
401251,14.9833,D
401362,14.9833,D
401363,14.9832,D
401363,14.9832,D
401472,14.9832,D
401472,14.9832,D
401584,14.9832,D
401584,14.9832,D
401584,14.9832,D
401694,14.9832,D
401695,14.9832,D
401807,14.9831,D
401807,14.9831,D
401807,14.9831,D
401918,14.9831,D
401919,14.9831,D
402031,14.9831,D
402031,14.9831,D
402031,14.9831,D
402142,14.9831,D
402142,14.9831,D
402252,14.9831,D
402253,14.9831,D
402253,14.9831,D
402364,14.9831,D
402364,14.9831,D
402364,14.9831,D
402476,14.9831,D
402476,14.9831,D
402585,14.9831,D
402586,14.9831,D
402586,14.9831,D
402697,14.9831,D
402697,14.9832,D
402807,15.0099,D
402807,15.0264,D
402807,15.0273,D
402917,15.0273,D
402918,15.0270,D
403029,15.0268,D
403029,15.0265,D
403029,15.0261,D
403141,15.0258,D
403141,15.0255,D
403251,15.0253,D
403251,15.0251,D
403362,15.0250,D
403363,15.0248,D
403363,15.0247,D
403473,15.0246,D
403473,15.0245,D
403473,15.0244,D
403584,15.0243,D
403585,15.0241,D
403694,15.0241,D
403694,15.0241,D
403694,15.0240,D
403805,15.0240,D
403805,15.0240,D
403805,15.0238,D
403916,15.0238,D
403916,15.0238,D
404024,15.0237,D
404024,15.0237,D
404135,15.0237,D
404135,15.0237,D
404135,15.0236,D
404246,15.0236,D
404246,15.0236,D
404246,15.0236,D
404357,15.0235,D
404357,15.0235,D
404467,15.0235,D
404467,15.0235,D
404578,15.0234,D
404578,15.0234,D
404578,15.0234,D
404690,15.0234,D
404690,15.0233,D
404690,15.0233,D
404800,15.0233,D
404800,15.0233,D
404800,15.0232,D
404911,15.0232,D
404911,15.0232,D
405022,15.0232,D
405022,15.0232,D
405132,15.0466,D
405132,15.0655,D
405132,15.0664,D
405242,15.0663,D
405242,15.0661,D
405354,15.0659,D
405354,15.0655,D
405354,15.0652,D
405466,15.0649,D
405466,15.0647,D
405577,15.0645,D
405577,15.0643,D
405577,15.0641,D
405688,15.0639,D
405688,15.0638,D
405688,15.0637,D
405798,15.0636,D
405798,15.0635,D
405909,15.0634,D
405909,15.0632,D
405909,15.0632,D
406019,15.0632,D
406019,15.0632,D
406128,15.0632,D
406128,15.0632,D
406239,15.0632,D
406239,15.0632,D
406239,15.0632,D
406350,15.0632,D
406350,15.0632,D
406350,15.0632,D
406460,15.0632,D
406461,15.0632,D
406572,15.0632,D
406572,15.0632,D
406572,15.0632,D
406682,15.0632,D
406682,15.0632,D
406793,15.0632,D
406793,15.0632,D
406793,15.0632,D
406904,15.0632,D
406904,15.0632,D
407014,15.0632,D
407014,15.0632,D
407014,15.0632,D
407123,15.0631,D
407124,15.0631,D
407124,15.0631,D
407234,15.0631,D
407234,15.0631,D
407344,15.0631,D
407344,15.0631,D
407344,15.0949,D
407455,15.1058,D
407455,15.1066,D
407565,15.1066,D
407565,15.1063,D
407565,15.1060,D
407676,15.1057,D
407676,15.1053,D
407787,15.1050,D
407787,15.1047,D
407787,15.1045,D
407898,15.1043,D
407898,15.1042,D
408009,15.1041,D
408009,15.1039,D
408009,15.1039,D
408120,15.1038,D
408120,15.1037,D
408230,15.1036,D
408230,15.1035,D
408230,15.1034,D
408341,15.1034,D
408341,15.1034,D
408451,15.1034,D
408451,15.1034,D
408451,15.1034,D
408560,15.1034,D
408560,15.1034,D
408669,15.1034,D
408669,15.1034,D
408669,15.1034,D
408779,15.1034,D
408780,15.1034,D
408891,15.1034,D
408891,15.1034,D
408891,15.1034,D
409001,15.1034,D
409002,15.1034,D
409113,15.1034,D
409113,15.1034,D
409113,15.1034,D
409223,15.1034,D
409223,15.1034,D
409223,15.1034,D
409335,15.1034,D
409335,15.1034,D
409446,15.1034,D
409446,15.1034,D
409446,15.1034,D
409557,15.1034,D
409557,15.1034,D
409669,15.1034,D
409669,15.1034,D
409669,15.1241,D
409781,15.1459,D
409781,15.1469,D
409891,15.1469,D
409891,15.1467,D
409891,15.1465,D
409999,15.1462,D
409999,15.1458,D
410108,15.1454,D
410108,15.1452,D
410108,15.1450,D
410219,15.1448,D
410219,15.1447,D
410330,15.1445,D
410330,15.1444,D
410442,15.1443,D
410442,15.1442,D
410442,15.1441,D
410552,15.1440,D
410552,15.1438,D
410552,15.1438,D
410662,15.1437,D
410662,15.1437,D
410773,15.1437,D
410773,15.1437,D
410773,15.1437,D
410885,15.1437,D
410885,15.1437,D
410885,15.1437,D
410995,15.1437,D
410995,15.1437,D
411106,15.1437,D
411106,15.1436,D
411216,15.1436,D
411216,15.1436,D
411216,15.1436,D
411328,15.1435,D
411328,15.1435,D
411438,15.1435,D
411439,15.1435,D
411439,15.1435,D
411549,15.1435,D
411549,15.1435,D
411549,15.1435,D
411658,15.1435,D
411658,15.1435,D
411767,15.1435,D
411767,15.1435,D
411767,15.1435,D
411878,15.1435,D
411878,15.1435,D
411986,15.1435,D
411987,15.1435,D
411987,15.1562,D
412097,15.1857,D
412097,15.1868,D
412209,15.1868,D
412209,15.1868,D
412209,15.1866,D
412319,15.1864,D
412319,15.1860,D
412430,15.1857,D
412430,15.1854,D
412430,15.1851,D
412540,15.1849,D
412540,15.1847,D
412649,15.1846,D
412649,15.1844,D
412649,15.1843,D
412760,15.1842,D
412760,15.1841,D
412760,15.1840,D
412870,15.1840,D
412870,15.1837,D
412980,15.1837,D
412980,15.1836,D
412980,15.1836,D
413092,15.1836,D
413092,15.1836,D
413203,15.1836,D
413203,15.1835,D
413313,15.1835,D
413314,15.1835,D
413314,15.1835,D
413425,15.1835,D
413425,15.1835,D
413425,15.1834,D
413536,15.1834,D
413536,15.1834,D
413647,15.1834,D
413647,15.1834,D
413647,15.1834,D
413756,15.1834,D
413756,15.1834,D
413868,15.1834,D
413868,15.1834,D
413868,15.1834,D
413979,15.1834,D
413979,15.1834,D
414089,15.1834,D
414089,15.1834,D
414090,15.1834,D
414199,15.1834,D
414200,15.1834,D
414200,15.1834,D
414309,15.1834,D
414309,15.1909,D
414422,15.2261,D
414422,15.2271,D
414422,15.2271,D
414533,15.2269,D
414533,15.2267,D
414644,15.2265,D
414644,15.2261,D
414644,15.2258,D
414755,15.2255,D
414755,15.2253,D
414866,15.2251,D
414866,15.2249,D
414866,15.2248,D
414978,15.2247,D
414978,15.2246,D
415089,15.2245,D
415089,15.2244,D
415089,15.2243,D
415199,15.2242,D
415199,15.2241,D
415310,15.2241,D
415310,15.2241,D
415310,15.2240,D
415421,15.2240,D
415421,15.2240,D
415533,15.2240,D
415533,15.2240,D
415533,15.2240,D
415644,15.2240,D
415644,15.2240,D
415644,15.2240,D
415754,15.2240,D
415754,15.2240,D
415864,15.2240,D
415864,15.2240,D
415865,15.2240,D
415975,15.2240,D
415975,15.2240,D
416086,15.2240,D
416086,15.2240,D
416196,15.2240,D
416196,15.2240,D
416196,15.2240,D
416307,15.2240,D
416307,15.2240,D
416307,15.2240,D
416416,15.2240,D
416416,15.2240,D
416526,15.2240,D
416526,15.2240,D
416527,15.2240,D
416638,15.2240,D
416638,15.2289,D
416748,15.2663,D
416748,15.2674,D
416748,15.2674,D
416859,15.2671,D
416859,15.2669,D
416970,15.2667,D
416970,15.2663,D
416970,15.2659,D
417080,15.2657,D
417080,15.2654,D
417191,15.2652,D
417191,15.2650,D
417191,15.2649,D
417299,15.2648,D
417300,15.2647,D
417411,15.2646,D
417411,15.2645,D
417521,15.2644,D
417521,15.2643,D
417521,15.2642,D
417521,15.2641,D
417632,15.2641,D
417632,15.2641,D
417744,15.2641,D
417744,15.2641,D
417744,15.2641,D
417853,15.2640,D
417853,15.2640,D
417963,15.2640,D
417963,15.2640,D
417963,15.2640,D
418072,15.2640,D
418072,15.2640,D
418183,15.2640,D
418183,15.2640,D
418292,15.2640,D
418292,15.2639,D
418292,15.2638,D
418404,15.2638,D
418404,15.2638,D
418513,15.2638,D
418513,15.2638,D
418513,15.2637,D
418623,15.2637,D
418623,15.2637,D
418623,15.2637,D
418734,15.2637,D
418734,15.2636,D
418845,15.2636,D
418845,15.2636,D
418845,15.2636,D
418956,15.2636,D
418956,15.2637,D
419066,15.3007,D
419066,15.3065,D
419066,15.3072,D
419177,15.3072,D
419178,15.3070,D
419288,15.3068,D
419288,15.3064,D
419288,15.3059,D
419400,15.3055,D
419400,15.3052,D
419510,15.3050,D
419510,15.3048,D
419510,15.3046,D
419621,15.3045,D
419621,15.3044,D
419731,15.3043,D
419731,15.3042,D
419731,15.3041,D
419843,15.3041,D
419843,15.3039,D
419843,15.3039,D
419953,15.3039,D
419953,15.3039,D
420064,15.3038,D
420064,15.3038,D
420064,15.3038,D
420176,15.3038,D
420176,15.3038,D
420285,15.3038,D
420285,15.3038,D
420285,15.3038,D
420397,15.3037,D
420397,15.3037,D
420509,15.3037,D
420509,15.3037,D
420509,15.3037,D
420620,15.3037,D
420620,15.3037,D
420730,15.3037,D
420731,15.3037,D
420731,15.3038,D
420841,15.3038,D
420842,15.3038,D
420952,15.3038,D
420952,15.3038,D
420952,15.3038,D
421063,15.3038,D
421063,15.3038,D
421173,15.3038,D
421173,15.3038,D
421173,15.3038,D
421283,15.3038,D
421283,15.3039,D
421283,15.3248,D
421393,15.3466,D
421394,15.3479,D
421505,15.3481,D
421505,15.3480,D
421505,15.3479,D
421616,15.3475,D
421617,15.3470,D
421727,15.3464,D
421727,15.3458,D
421727,15.3455,D
421838,15.3453,D
421838,15.3453,D
421948,15.3453,D
421948,15.3452,D
421948,15.3452,D
422060,15.3451,D
422060,15.3450,D
422170,15.3449,D
422171,15.3449,D
422171,15.3448,D
422281,15.3448,D
422281,15.3447,D
422392,15.3447,D
422392,15.3447,D
422392,15.3446,D
422502,15.3446,D
422503,15.3446,D
422503,15.3446,D
422614,15.3446,D
422614,15.3446,D
422724,15.3446,D
422724,15.3446,D
422724,15.3446,D
422835,15.3446,D
422836,15.3446,D
422946,15.3446,D
422946,15.3446,D
422946,15.3446,D
423056,15.3446,D
423056,15.3446,D
423167,15.3447,D
423167,15.3447,D
423167,15.3447,D
423275,15.3447,D
423275,15.3447,D
423385,15.3447,D
423385,15.3447,D
423385,15.3447,D
423497,15.3447,D
423497,15.3447,D
423606,15.3447,D
423606,15.3447,D
423606,15.3497,D
423716,15.3875,D
423716,15.3883,D
423828,15.3884,D
423828,15.3882,D
423828,15.3880,D
423939,15.3877,D
423939,15.3874,D
423939,15.3871,D
424047,15.3868,D
424048,15.3866,D
424158,15.3864,D
424158,15.3861,D
424267,15.3860,D
424267,15.3858,D
424267,15.3857,D
424378,15.3856,D
424378,15.3855,D
424489,15.3854,D
424489,15.3853,D
424489,15.3852,D
424601,15.3852,D
424601,15.3851,D
424601,15.3851,D
424711,15.3851,D
424711,15.3851,D
424822,15.3851,D
424823,15.3850,D
424823,15.3850,D
424933,15.3850,D
424933,15.3849,D
425043,15.3849,D
425044,15.3849,D
425044,15.3849,D
425153,15.3849,D
425153,15.3849,D
425263,15.3849,D
425263,15.3849,D
425375,15.3849,D
425375,15.3849,D
425375,15.3849,D
425486,15.3849,D
425486,15.3849,D
425486,15.3849,D
425597,15.3849,D
425597,15.3849,D
425707,15.3849,D
425708,15.3849,D
425708,15.3849,D
425819,15.3849,D
425819,15.3848,D
425928,15.3848,D
425928,15.3849,D
425928,15.3874,D
426039,15.4270,D
426039,15.4282,D
426149,15.4282,D
426149,15.4280,D
426149,15.4279,D
426260,15.4276,D
426260,15.4273,D
426260,15.4270,D
426371,15.4267,D
426371,15.4264,D
426482,15.4262,D
426482,15.4260,D
426593,15.4259,D
426593,15.4257,D
426593,15.4256,D
426704,15.4255,D
426704,15.4254,D
426704,15.4254,D
426816,15.4252,D
426816,15.4251,D
426928,15.4250,D
426928,15.4250,D
426928,15.4250,D
427038,15.4250,D
427038,15.4250,D
427149,15.4250,D
427149,15.4249,D
427149,15.4249,D
427260,15.4249,D
427260,15.4249,D
427371,15.4249,D
427371,15.4249,D
427371,15.4249,D
427482,15.4249,D
427483,15.4249,D
427592,15.4248,D
427593,15.4248,D
427593,15.4248,D
427702,15.4248,D
427702,15.4248,D
427702,15.4248,D
427813,15.4248,D
427814,15.4248,D
427924,15.4248,D
427925,15.4248,D
427925,15.4248,D
428034,15.4248,D
428034,15.4248,D
428146,15.4248,D
428146,15.4248,D
428255,15.4248,D
428255,15.4248,D
428255,15.4249,D
428366,15.4538,D
428366,15.4673,D
428366,15.4682,D
428477,15.4682,D
428477,15.4680,D
428587,15.4678,D
428588,15.4675,D
428588,15.4672,D
428698,15.4668,D
428698,15.4666,D
428809,15.4664,D
428809,15.4662,D
428809,15.4660,D
428920,15.4659,D
428920,15.4658,D
429031,15.4657,D
429031,15.4656,D
429031,15.4655,D
429142,15.4655,D
429143,15.4653,D
429143,15.4652,D
429253,15.4652,D
429253,15.4652,D
429363,15.4651,D
429364,15.4651,D
429364,15.4651,D
429475,15.4651,D
429475,15.4651,D
429585,15.4651,D
429585,15.4651,D
429585,15.4651,D
429695,15.4651,D
429696,15.4651,D
429806,15.4651,D
429807,15.4651,D
429807,15.4651,D
429918,15.4651,D
429918,15.4651,D
430029,15.4651,D
430029,15.4651,D
430029,15.4651,D
430139,15.4650,D
430139,15.4650,D
430252,15.4650,D
430252,15.4650,D
430252,15.4650,D
430362,15.4649,D
430362,15.4649,D
430472,15.4649,D
430473,15.4649,D
430473,15.4649,D
430582,15.4650,D
430582,15.4651,D
430692,15.4779,D
430692,15.5074,D
430692,15.5084,D
430803,15.5084,D
430803,15.5083,D
430803,15.5081,D
430912,15.5079,D
430912,15.5076,D
431023,15.5073,D
431023,15.5070,D
431023,15.5068,D
431134,15.5066,D
431134,15.5064,D
431242,15.5062,D
431242,15.5061,D
431242,15.5060,D
431352,15.5059,D
431352,15.5058,D
431461,15.5057,D
431461,15.5056,D
431461,15.5055,D
431571,15.5055,D
431571,15.5054,D
431682,15.5054,D
431682,15.5054,D
431682,15.5054,D
431793,15.5054,D
431793,15.5054,D
431903,15.5054,D
431903,15.5054,D
431903,15.5054,D
432013,15.5054,D
432013,15.5054,D
432126,15.5054,D
432126,15.5054,D
432126,15.5054,D
432238,15.5054,D
432238,15.5054,D
432349,15.5054,D
432349,15.5054,D
432461,15.5054,D
432462,15.5054,D
432462,15.5054,D
432462,15.5054,D
432574,15.5054,D
432574,15.5054,D
432685,15.5054,D
432685,15.5054,D
432685,15.5054,D
432795,15.5054,D
432795,15.5054,D
432907,15.5054,D
432907,15.5054,D
432907,15.5079,D
433016,15.5484,D
433016,15.5494,D
433127,15.5494,D
433128,15.5490,D
433239,15.5487,D
433239,15.5484,D
433239,15.5480,D
433353,15.5477,D
433353,15.5474,D
433353,15.5472,D
433463,15.5470,D
433464,15.5468,D
433574,15.5467,D
433575,15.5465,D
433575,15.5464,D
433685,15.5463,D
433686,15.5462,D
433686,15.5462,D
433795,15.5459,D
433795,15.5459,D
433906,15.5459,D
433906,15.5459,D
434017,15.5458,D
434017,15.5458,D
434017,15.5458,D
434129,15.5458,D
434129,15.5458,D
434129,15.5458,D
434239,15.5458,D
434239,15.5457,D
434349,15.5457,D
434349,15.5457,D
434459,15.5457,D
434459,15.5457,D
434459,15.5457,D
434570,15.5457,D
434570,15.5457,D
434570,15.5457,D
434679,15.5457,D
434679,15.5456,D
434790,15.5456,D
434790,15.5456,D
434790,15.5456,D
434900,15.5456,D
434900,15.5456,D
435011,15.5456,D
435011,15.5456,D
435011,15.5456,D
435122,15.5456,D
435123,15.5456,D
435232,15.5456,D
435232,15.5456,D
435232,15.5456,D
435346,15.5773,D
435346,15.5882,D
435457,15.5890,D
435457,15.5890,D
435457,15.5888,D
435568,15.5885,D
435568,15.5882,D
435568,15.5879,D
435679,15.5876,D
435679,15.5873,D
435791,15.5871,D
435791,15.5869,D
435791,15.5868,D
435902,15.5867,D
435902,15.5865,D
436010,15.5865,D
436011,15.5864,D
436011,15.5863,D
436121,15.5862,D
436121,15.5860,D
436231,15.5860,D
436232,15.5860,D
436232,15.5860,D
436343,15.5859,D
436344,15.5859,D
436454,15.5859,D
436454,15.5859,D
436454,15.5859,D
436566,15.5859,D
436566,15.5859,D
436677,15.5859,D
436678,15.5859,D
436678,15.5859,D
436789,15.5859,D
436789,15.5859,D
436898,15.5859,D
436899,15.5859,D
436899,15.5859,D
437011,15.5859,D
437011,15.5859,D
437011,15.5859,D
437120,15.5859,D
437121,15.5859,D
437230,15.5859,D
437230,15.5859,D
437230,15.5859,D
437339,15.5859,D
437339,15.5859,D
437452,15.5859,D
437452,15.5859,D
437452,15.5859,D
437566,15.5859,D
437566,15.5859,D
437679,15.5958,D
437679,15.6281,D
437679,15.6292,D
437793,15.6293,D
437793,15.6292,D
437906,15.6290,D
437906,15.6288,D
437906,15.6284,D
438019,15.6280,D
438019,15.6277,D
438019,15.6275,D
438133,15.6273,D
438133,15.6271,D
438245,15.6269,D
438245,15.6268,D
438245,15.6266,D
438359,15.6265,D
438359,15.6264,D
438471,15.6264,D
438471,15.6263,D
438471,15.6260,D
438585,15.6260,D
438585,15.6259,D
438585,15.6259,D
438699,15.6258,D
438700,15.6258,D
438813,15.6257,D
438813,15.6257,D
438813,15.6257,D
438926,15.6257,D
438926,15.6257,D
438926,15.6257,D
439039,15.6257,D
439039,15.6257,D
439153,15.6257,D
439153,15.6257,D
439265,15.6257,D
439265,15.6257,D
439265,15.6257,D
439378,15.6257,D
439378,15.6257,D
439378,15.6257,D
439489,15.6257,D
439490,15.6257,D
439599,15.6257,D
439599,15.6257,D
439599,15.6257,D
439710,15.6257,D
439710,15.6257,D
439821,15.6256,D
439821,15.6256,D
439821,15.6256,D
439932,15.6256,D
439932,15.6256,D
440042,15.6548,D
440043,15.6683,D
440043,15.6692,D
440152,15.6691,D
440152,15.6689,D
440152,15.6687,D
440263,15.6684,D
440263,15.6681,D
440375,15.6678,D
440375,15.6675,D
440375,15.6673,D
440485,15.6671,D
440485,15.6670,D
440596,15.6668,D
440597,15.6667,D
440597,15.6666,D
440705,15.6665,D
440705,15.6664,D
440817,15.6663,D
440817,15.6660,D
440817,15.6657,D
440927,15.6656,D
440928,15.6656,D
440928,15.6655,D
441038,15.6655,D
441038,15.6654,D
441149,15.6654,D
441149,15.6654,D
441266,15.6654,D
441266,15.6653,D
441266,15.6653,D
441379,15.6653,D
441379,15.6653,D
441379,15.6653,D
441492,15.6653,D
441492,15.6653,D
441605,15.6652,D
441605,15.6652,D
441605,15.6652,D
441719,15.6652,D
441719,15.6652,D
441831,15.6652,D
441831,15.6652,D
441831,15.6652,D
441943,15.6652,D
441943,15.6652,D
441943,15.6652,D
442056,15.6652,D
442056,15.6652,D
442168,15.6652,D
442168,15.6652,D
442168,15.6652,D
442281,15.6652,D
442282,15.6725,D
442395,15.7075,D
442395,15.7086,D
442395,15.7088,D
442508,15.7087,D
442508,15.7086,D
442508,15.7083,D
442620,15.7080,D
442621,15.7076,D
442733,15.7073,D
442733,15.7071,D
442733,15.7069,D
442846,15.7067,D
442846,15.7065,D
442959,15.7064,D
442959,15.7063,D
442959,15.7062,D
443072,15.7061,D
443072,15.7060,D
443186,15.7060,D
443186,15.7058,D
443186,15.7057,D
443298,15.7057,D
443299,15.7057,D
443299,15.7057,D
443410,15.7057,D
443410,15.7057,D
443520,15.7056,D
443520,15.7056,D
443520,15.7056,D
443631,15.7056,D
443631,15.7056,D
443741,15.7056,D
443741,15.7056,D
443741,15.7056,D
443853,15.7056,D
443853,15.7056,D
443964,15.7056,D
443965,15.7056,D
443965,15.7056,D
444075,15.7056,D
444075,15.7056,D
444186,15.7056,D
444186,15.7056,D
444186,15.7056,D
444297,15.7054,D
444297,15.7053,D
444410,15.7053,D
444410,15.7053,D
444410,15.7053,D
444519,15.7053,D
444519,15.7053,D
444519,15.7053,D
444629,15.7055,D
444629,15.7292,D
444737,15.7478,D
444738,15.7489,D
444738,15.7489,D
444849,15.7488,D
444849,15.7487,D
444960,15.7485,D
444960,15.7481,D
444960,15.7477,D
445070,15.7474,D
445070,15.7472,D
445180,15.7470,D
445180,15.7468,D
445282,15.7466,D
445282,15.7465,D
445282,15.7464,D
445393,15.7463,D
445393,15.7462,D
445393,15.7461,D
445503,15.7461,D
445504,15.7459,D
445613,15.7459,D
445613,15.7459,D
445613,15.7459,D
445722,15.7459,D
445722,15.7458,D
445833,15.7458,D
445833,15.7458,D
445833,15.7458,D
445945,15.7458,D
445945,15.7458,D
446056,15.7458,D
446057,15.7458,D
446057,15.7458,D
446169,15.7458,D
446169,15.7458,D
446280,15.7458,D
446280,15.7458,D
446280,15.7458,D
446392,15.7458,D
446392,15.7458,D
446504,15.7458,D
446504,15.7458,D
446504,15.7458,D
446615,15.7458,D
446615,15.7458,D
446615,15.7458,D
446727,15.7458,D
446727,15.7458,D
446838,15.7458,D
446838,15.7459,D
446838,15.7459,D
446947,15.7459,D
446947,15.7459,D
447057,15.7860,D
447057,15.7893,D
447057,15.7898,D
447168,15.7897,D
447168,15.7895,D
447278,15.7892,D
447278,15.7889,D
447388,15.7885,D
447388,15.7882,D
447388,15.7879,D
447500,15.7877,D
447500,15.7875,D
447500,15.7874,D
447611,15.7873,D
447611,15.7872,D
447723,15.7871,D
447723,15.7870,D
447723,15.7869,D
447834,15.7869,D
447834,15.7867,D
447937,15.7867,D
447937,15.7867,D
447937,15.7866,D
448050,15.7866,D
448051,15.7866,D
448164,15.7866,D
448164,15.7866,D
448164,15.7866,D
448278,15.7866,D
448278,15.7866,D
448391,15.7866,D
448391,15.7866,D
448391,15.7866,D
448506,15.7866,D
448506,15.7866,D
448506,15.7866,D
448620,15.7866,D
448620,15.7866,D
448732,15.7866,D
448732,15.7866,D
448732,15.7866,D
448846,15.7866,D
448846,15.7866,D
448959,15.7866,D
448959,15.7866,D
448959,15.7866,D
449073,15.7866,D
449073,15.7866,D
449073,15.7866,D
449186,15.7866,D
449187,15.7866,D
449300,15.7866,D
449300,15.7866,D
449300,15.7967,D
449413,15.8294,D
449413,15.8304,D
449413,15.8304,D
449523,15.8302,D
449524,15.8300,D
449633,15.8298,D
449634,15.8294,D
449744,15.8291,D
449745,15.8288,D
449745,15.8286,D
449855,15.8284,D
449856,15.8282,D
449856,15.8280,D
449966,15.8279,D
449966,15.8278,D
450076,15.8277,D
450077,15.8276,D
450077,15.8276,D
450187,15.8274,D
450187,15.8272,D
450296,15.8272,D
450297,15.8272,D
450297,15.8272,D
450407,15.8271,D
450407,15.8271,D
450517,15.8271,D
450517,15.8271,D
450517,15.8271,D
450626,15.8271,D
450626,15.8271,D
450737,15.8271,D
450738,15.8271,D
450738,15.8271,D
450847,15.8271,D
450847,15.8271,D
450958,15.8272,D
450958,15.8272,D
450958,15.8272,D
451067,15.8272,D
451068,15.8272,D
451177,15.8273,D
451177,15.8273,D
451177,15.8273,D
451282,15.8273,D
451282,15.8273,D
451395,15.8273,D
451395,15.8273,D
451395,15.8273,D
451509,15.8273,D
451509,15.8273,D
451622,15.8273,D
451622,15.8273,D
451622,15.8273,D
451734,15.8559,D
451734,15.8692,D
451846,15.8703,D
451846,15.8705,D
451846,15.8703,D
451957,15.8701,D
451957,15.8698,D
451957,15.8694,D
452069,15.8690,D
452070,15.8688,D
452182,15.8686,D
452183,15.8685,D
452183,15.8683,D
452296,15.8681,D
452296,15.8680,D
452296,15.8679,D
452409,15.8678,D
452409,15.8677,D
452522,15.8677,D
452522,15.8676,D
452636,15.8675,D
452636,15.8674,D
452636,15.8674,D
452746,15.8674,D
452746,15.8673,D
452747,15.8673,D
452857,15.8673,D
452857,15.8673,D
452968,15.8673,D
452968,15.8673,D
452968,15.8673,D
453079,15.8673,D
453079,15.8674,D
453079,15.8674,D
453190,15.8674,D
453190,15.8674,D
453297,15.8675,D
453297,15.8675,D
453410,15.8675,D
453410,15.8675,D
453410,15.8675,D
453521,15.8675,D
453521,15.8676,D
453634,15.8676,D
453634,15.8676,D
453634,15.8676,D
453746,15.8676,D
453746,15.8676,D
453746,15.8676,D
453858,15.8676,D
453859,15.8676,D
453971,15.8676,D
453971,15.8676,D
453971,15.8912,D
454083,15.9104,D
454083,15.9107,D
454084,15.9108,D
454195,15.9108,D
454195,15.9106,D
454307,15.9103,D
454307,15.9100,D
454307,15.9096,D
454419,15.9093,D
454419,15.9090,D
454531,15.9088,D
454532,15.9086,D
454532,15.9085,D
454643,15.9084,D
454643,15.9083,D
454755,15.9082,D
454755,15.9082,D
454755,15.9081,D
454868,15.9081,D
454868,15.9080,D
454980,15.9079,D
454980,15.9079,D
454980,15.9079,D
455092,15.9079,D
455092,15.9079,D
455092,15.9079,D
455204,15.9079,D
455204,15.9079,D
455316,15.9079,D
455316,15.9079,D
455316,15.9079,D
455427,15.9078,D
455427,15.9078,D
455538,15.9078,D
455538,15.9078,D
455538,15.9078,D
455649,15.9078,D
455649,15.9078,D
455761,15.9077,D
455761,15.9077,D
455761,15.9077,D
455873,15.9077,D
455873,15.9077,D
455984,15.9077,D
455984,15.9076,D
455984,15.9076,D
456094,15.9075,D
456095,15.9075,D
456095,15.9075,D
456204,15.9075,D
456204,15.9075,D
456313,15.9077,D
456313,15.9103,D
456313,15.9500,D
456423,15.9510,D
456423,15.9510,D
456533,15.9507,D
456533,15.9505,D
456533,15.9502,D
456644,15.9499,D
456644,15.9495,D
456753,15.9492,D
456753,15.9490,D
456862,15.9488,D
456863,15.9486,D
456863,15.9484,D
456972,15.9483,D
456972,15.9481,D
457080,15.9480,D
457081,15.9479,D
457081,15.9479,D
457190,15.9476,D
457190,15.9475,D
457190,15.9475,D
457298,15.9475,D
457298,15.9475,D
457410,15.9475,D
457411,15.9475,D
457411,15.9475,D
457524,15.9474,D
457524,15.9474,D
457634,15.9473,D
457635,15.9473,D
457635,15.9473,D
457746,15.9473,D
457746,15.9473,D
457857,15.9473,D
457857,15.9473,D
457858,15.9473,D
457969,15.9473,D
457969,15.9473,D
458080,15.9473,D
458081,15.9473,D
458081,15.9473,D
458193,15.9473,D
458193,15.9473,D
458193,15.9473,D
458304,15.9473,D
458304,15.9473,D
458416,15.9472,D
458417,15.9472,D
458417,15.9472,D
458528,15.9472,D
458528,15.9472,D
458639,15.9472,D
458639,15.9472,D
458639,15.9627,D
458750,15.9893,D
458750,15.9907,D
458862,15.9907,D
458862,15.9905,D
458862,15.9903,D
458973,15.9900,D
458973,15.9897,D
459086,15.9893,D
459086,15.9890,D
459086,15.9888,D
459197,15.9886,D
459197,15.9884,D
459197,15.9882,D
459307,15.9881,D
459307,15.9880,D
459418,15.9879,D
459418,15.9878,D
459418,15.9877,D
459529,15.9876,D
459529,15.9874,D
459639,15.9874,D
459639,15.9874,D
459639,15.9874,D
459748,15.9874,D
459748,15.9874,D
459859,15.9874,D
459860,15.9874,D
459970,15.9873,D
459970,15.9873,D
459970,15.9873,D
460079,15.9872,D
460079,15.9872,D
460079,15.9872,D
460188,15.9872,D
460188,15.9872,D
460296,15.9872,D
460297,15.9872,D
460297,15.9872,D
460406,15.9872,D
460406,15.9872,D
460515,15.9872,D
460515,15.9871,D
460515,15.9871,D
460624,15.9871,D
460624,15.9871,D
460733,15.9871,D
460733,15.9871,D
460733,15.9871,D
460842,15.9871,D
460842,15.9871,D
460951,15.9871,D
460952,15.9871,D
460952,15.9872,D
461061,16.0111,D
461062,16.0295,D
461171,16.0302,D
461171,16.0307,D
461281,16.0304,D
461281,16.0302,D
461281,16.0299,D
461393,16.0295,D
461393,16.0291,D
461393,16.0288,D
461506,16.0286,D
461506,16.0284,D
461617,16.0283,D
461617,16.0282,D
461617,16.0281,D
461729,16.0280,D
461729,16.0279,D
461729,16.0278,D
461841,16.0277,D
461841,16.0277,D
461953,16.0275,D
461953,16.0274,D
462064,16.0274,D
462064,16.0274,D
462064,16.0274,D
462176,16.0274,D
462176,16.0274,D
462176,16.0274,D
462288,16.0274,D
462288,16.0274,D
462399,16.0274,D
462400,16.0273,D
462400,16.0273,D
462512,16.0273,D
462512,16.0273,D
462623,16.0273,D
462623,16.0273,D
462623,16.0273,D
462734,16.0273,D
462734,16.0273,D
462848,16.0273,D
462848,16.0272,D
462848,16.0272,D
462959,16.0272,D
462959,16.0272,D
462959,16.0272,D
463072,16.0272,D
463072,16.0272,D
463184,16.0272,D
463184,16.0272,D
463184,16.0272,D
463296,16.0272,D
463296,16.0272,D
463406,16.0345,D
463406,16.0694,D
463406,16.0701,D
463517,16.0701,D
463517,16.0701,D
463626,16.0700,D
463626,16.0698,D
463626,16.0695,D
463736,16.0691,D
463736,16.0688,D
463846,16.0686,D
463846,16.0684,D
463846,16.0682,D
463957,16.0681,D
463957,16.0679,D
463957,16.0678,D
464066,16.0677,D
464066,16.0676,D
464177,16.0676,D
464177,16.0675,D
464177,16.0674,D
464287,16.0673,D
464287,16.0673,D
464397,16.0672,D
464397,16.0672,D
464397,16.0672,D
464506,16.0672,D
464507,16.0672,D
464614,16.0672,D
464614,16.0671,D
464724,16.0671,D
464724,16.0671,D
464724,16.0671,D
464832,16.0671,D
464833,16.0671,D
464942,16.0671,D
464942,16.0671,D
464943,16.0671,D
465053,16.0671,D
465053,16.0671,D
465053,16.0671,D
465162,16.0671,D
465162,16.0671,D
465266,16.0671,D
465266,16.0671,D
465377,16.0671,D
465377,16.0671,D
465377,16.0671,D
465489,16.0671,D
465489,16.0671,D
465489,16.0671,D
465602,16.0671,D
465602,16.0671,D
465712,16.0671,D
465712,16.0907,D
465712,16.1093,D
465824,16.1103,D
465824,16.1105,D
465936,16.1105,D
465936,16.1103,D
465936,16.1099,D
466049,16.1095,D
466049,16.1091,D
466160,16.1089,D
466160,16.1087,D
466160,16.1085,D
466270,16.1083,D
466270,16.1081,D
466381,16.1080,D
466381,16.1079,D
466381,16.1078,D
466493,16.1077,D
466493,16.1077,D
466493,16.1076,D
466603,16.1075,D
466603,16.1074,D
466714,16.1073,D
466715,16.1073,D
466715,16.1073,D
466825,16.1073,D
466825,16.1073,D
466935,16.1073,D
466936,16.1072,D
467049,16.1072,D
467049,16.1072,D
467049,16.1072,D
467159,16.1072,D
467159,16.1072,D
467159,16.1072,D
467270,16.1072,D
467270,16.1072,D
467382,16.1072,D
467383,16.1072,D
467383,16.1072,D
467494,16.1072,D
467494,16.1072,D
467494,16.1072,D
467606,16.1072,D
467606,16.1072,D
467716,16.1072,D
467716,16.1072,D
467825,16.1072,D
467825,16.1071,D
467825,16.1071,D
467934,16.1071,D
467934,16.1071,D
467934,16.1072,D
468044,16.1074,D
468044,16.1257,D
468153,16.1493,D
468154,16.1505,D
468154,16.1507,D
468263,16.1505,D
468263,16.1503,D
468374,16.1501,D
468374,16.1497,D
468374,16.1493,D
468482,16.1491,D
468482,16.1489,D
468592,16.1487,D
468593,16.1485,D
468593,16.1484,D
468701,16.1482,D
468701,16.1481,D
468809,16.1480,D
468809,16.1480,D
468809,16.1479,D
468920,16.1479,D
468920,16.1477,D
469029,16.1476,D
469029,16.1476,D
469138,16.1475,D
469138,16.1475,D
469138,16.1475,D
469248,16.1475,D
469248,16.1475,D
469358,16.1475,D
469358,16.1475,D
469358,16.1475,D
469469,16.1475,D
469469,16.1475,D
469469,16.1475,D
469580,16.1475,D
469580,16.1475,D
469689,16.1475,D
469689,16.1475,D
469689,16.1475,D
469800,16.1475,D
469800,16.1475,D
469908,16.1475,D
469909,16.1475,D
469909,16.1475,D
470019,16.1474,D
470020,16.1474,D
470129,16.1474,D
470129,16.1474,D
470129,16.1474,D
470239,16.1474,D
470240,16.1474,D
470349,16.1474,D
470349,16.1474,D
470458,16.1474,D
470458,16.1682,D
470458,16.1895,D
470569,16.1906,D
470570,16.1908,D
470570,16.1906,D
470679,16.1904,D
470679,16.1902,D
470790,16.1900,D
470790,16.1897,D
470790,16.1894,D
470898,16.1892,D
470898,16.1890,D
471007,16.1888,D
471007,16.1887,D
471007,16.1886,D
471117,16.1884,D
471117,16.1883,D
471228,16.1882,D
471228,16.1881,D
471228,16.1881,D
471330,16.1879,D
471330,16.1878,D
471441,16.1878,D
471441,16.1878,D
471441,16.1878,D
471552,16.1878,D
471552,16.1878,D
471664,16.1878,D
471665,16.1878,D
471775,16.1878,D
471775,16.1878,D
471775,16.1878,D
471775,16.1878,D
471886,16.1878,D
471886,16.1878,D
471998,16.1878,D
471999,16.1878,D
471999,16.1877,D
472111,16.1877,D
472111,16.1877,D
472222,16.1877,D
472222,16.1877,D
472222,16.1877,D
472334,16.1877,D
472335,16.1877,D
472447,16.1877,D
472447,16.1877,D
472447,16.1877,D
472559,16.1877,D
472559,16.1877,D
472671,16.1877,D
472671,16.1877,D
472671,16.1877,D
472783,16.1977,D
472783,16.2304,D
472783,16.2305,D
472896,16.2308,D
472896,16.2308,D
473006,16.2305,D
473006,16.2302,D
473006,16.2299,D
473117,16.2295,D
473117,16.2293,D
473229,16.2290,D
473229,16.2288,D
473229,16.2286,D
473341,16.2285,D
473342,16.2283,D
473452,16.2282,D
473452,16.2281,D
473452,16.2280,D
473561,16.2280,D
473561,16.2279,D
473671,16.2278,D
473671,16.2277,D
473671,16.2277,D
473781,16.2277,D
473781,16.2277,D
473891,16.2277,D
473891,16.2277,D
473891,16.2277,D
474000,16.2277,D
474000,16.2277,D
474110,16.2277,D
474110,16.2277,D
474110,16.2277,D
474221,16.2276,D
474221,16.2276,D
474331,16.2276,D
474331,16.2276,D
474331,16.2276,D
474443,16.2276,D
474443,16.2276,D
474443,16.2276,D
474552,16.2276,D
474552,16.2276,D
474661,16.2276,D
474662,16.2276,D
474662,16.2276,D
474771,16.2276,D
474771,16.2276,D
474880,16.2276,D
474881,16.2276,D
474881,16.2276,D
474989,16.2276,D
474989,16.2276,D
475097,16.2276,D
475098,16.2483,D
475208,16.2701,D
475208,16.2710,D
475208,16.2710,D
475313,16.2709,D
475313,16.2707,D
475424,16.2704,D
475424,16.2700,D
475424,16.2696,D
475534,16.2693,D
475535,16.2691,D
475535,16.2690,D
475646,16.2688,D
475647,16.2687,D
475759,16.2687,D
475759,16.2687,D
475759,16.2687,D
475871,16.2687,D
475871,16.2688,D
475982,16.2688,D
475982,16.2688,D
475982,16.2687,D
476095,16.2687,D
476095,16.2686,D
476207,16.2684,D
476207,16.2683,D
476207,16.2682,D
476319,16.2681,D
476319,16.2675,D
476319,16.2673,D
476424,16.2673,D
476424,16.2674,D
476536,16.2674,D
476536,16.2674,D
476536,16.2674,D
476649,16.2675,D
476650,16.2675,D
476760,16.2675,D
476760,16.2675,D
476760,16.2676,D
476872,16.2676,D
476872,16.2676,D
476985,16.2676,D
476985,16.2676,D
476985,16.2677,D
477096,16.2677,D
477096,16.2677,D
477208,16.2677,D
477208,16.2677,D
477208,16.2677,D
477312,16.2677,D
477312,16.2677,D
477423,16.2677,D
477423,16.2678,D
477423,16.2914,D
477533,16.3103,D
477533,16.3117,D
477642,16.3116,D
477643,16.3112,D
477643,16.3110,D
477753,16.3106,D
477753,16.3101,D
477865,16.3098,D
477865,16.3095,D
477865,16.3094,D
477976,16.3092,D
477976,16.3091,D
478088,16.3090,D
478088,16.3089,D
478088,16.3088,D
478198,16.3088,D
478198,16.3087,D
478307,16.3086,D
478307,16.3083,D
478307,16.3083,D
478417,16.3083,D
478417,16.3083,D
478417,16.3082,D
478529,16.3082,D
478529,16.3082,D
478638,16.3082,D
478638,16.3082,D
478638,16.3081,D
478746,16.3081,D
478746,16.3081,D
478857,16.3080,D
478857,16.3080,D
478857,16.3080,D
478966,16.3080,D
478966,16.3080,D
479074,16.3080,D
479074,16.3080,D
479074,16.3080,D
479185,16.3080,D
479185,16.3080,D
479297,16.3080,D
479297,16.3080,D
479297,16.3080,D
479409,16.3080,D
479409,16.3080,D
479519,16.3080,D
479519,16.3080,D
479630,16.3080,D
479630,16.3080,D
479630,16.3080,D
479743,16.3080,D
479743,16.3080,D
479743,16.3081,D
479856,16.3264,D
479856,16.3509,D
479856,16.3521,D
479968,16.3519,D
479968,16.3516,D
480080,16.3514,D
480081,16.3510,D
480081,16.3506,D
480193,16.3502,D
480193,16.3499,D
480304,16.3497,D
480304,16.3495,D
480415,16.3493,D
480415,16.3492,D
480416,16.3491,D
480529,16.3490,D
480529,16.3489,D
480529,16.3488,D
480640,16.3487,D
480640,16.3486,D
480752,16.3485,D
480752,16.3485,D
480752,16.3485,D
480863,16.3485,D
480863,16.3485,D
480974,16.3485,D
480974,16.3485,D
480974,16.3484,D
481085,16.3484,D
481085,16.3484,D
481196,16.3484,D
481196,16.3484,D
481196,16.3484,D
481307,16.3484,D
481307,16.3484,D
481307,16.3484,D
481416,16.3484,D
481417,16.3484,D
481528,16.3484,D
481528,16.3484,D
481528,16.3484,D
481637,16.3484,D
481637,16.3484,D
481745,16.3484,D
481746,16.3484,D
481857,16.3484,D
481857,16.3484,D
481857,16.3484,D
481968,16.3484,D
481968,16.3484,D
481968,16.3484,D
482076,16.3484,D
482077,16.3484,D
482186,16.3484,D
482186,16.3664,D
482186,16.3905,D
482296,16.3918,D
482296,16.3919,D
482406,16.3918,D
482406,16.3916,D
482517,16.3913,D
482518,16.3909,D
482518,16.3906,D
482629,16.3903,D
482629,16.3901,D
482629,16.3899,D
482739,16.3898,D
482739,16.3896,D
482849,16.3895,D
482849,16.3894,D
482849,16.3893,D
482958,16.3892,D
482959,16.3891,D
483067,16.3891,D
483067,16.3889,D
483067,16.3888,D
483177,16.3888,D
483177,16.3888,D
483287,16.3888,D
483287,16.3888,D
483287,16.3887,D
483397,16.3887,D
483398,16.3887,D
483398,16.3887,D
483508,16.3887,D
483508,16.3887,D
483619,16.3887,D
483619,16.3887,D
483619,16.3887,D
483728,16.3887,D
483728,16.3887,D
483837,16.3887,D
483838,16.3887,D
483838,16.3886,D
483946,16.3886,D
483946,16.3886,D
484057,16.3886,D
484057,16.3885,D
484057,16.3885,D
484165,16.3885,D
484165,16.3885,D
484275,16.3885,D
484275,16.3885,D
484275,16.3885,D
484385,16.3885,D
484385,16.3885,D
484494,16.3885,D
484495,16.3886,D
484604,16.4093,D
484604,16.4305,D
484604,16.4317,D
484711,16.4319,D
484711,16.4319,D
484711,16.4317,D
484822,16.4314,D
484823,16.4310,D
484932,16.4306,D
484932,16.4304,D
484932,16.4301,D
485042,16.4299,D
485042,16.4297,D
485152,16.4296,D
485152,16.4294,D
485152,16.4293,D
485266,16.4292,D
485266,16.4292,D
485378,16.4291,D
485378,16.4290,D
485378,16.4289,D
485491,16.4288,D
485491,16.4287,D
485603,16.4287,D
485603,16.4287,D
485603,16.4287,D
485715,16.4287,D
485715,16.4287,D
485715,16.4287,D
485828,16.4287,D
485828,16.4287,D
485940,16.4287,D
485940,16.4287,D
485940,16.4287,D
486053,16.4287,D
486053,16.4287,D
486164,16.4287,D
486164,16.4287,D
486164,16.4287,D
486276,16.4287,D
486276,16.4287,D
486276,16.4287,D
486388,16.4287,D
486388,16.4287,D
486501,16.4287,D
486501,16.4287,D
486501,16.4287,D
486613,16.4287,D
486613,16.4287,D
486725,16.4287,D
486725,16.4287,D
486725,16.4287,D
486838,16.4287,D
486838,16.4287,D
486951,16.4386,D
486952,16.4711,D
486952,16.4723,D
487064,16.4724,D
487064,16.4723,D
487176,16.4721,D
487176,16.4718,D
487176,16.4714,D
487290,16.4710,D
487290,16.4707,D
487290,16.4705,D
487399,16.4703,D
487399,16.4701,D
487509,16.4699,D
487509,16.4697,D
487509,16.4696,D
487618,16.4695,D
487618,16.4695,D
487727,16.4694,D
487727,16.4693,D
487727,16.4691,D
487837,16.4690,D
487837,16.4690,D
487947,16.4690,D
487948,16.4690,D
487948,16.4690,D
488056,16.4689,D
488056,16.4689,D
488166,16.4689,D
488166,16.4689,D
488275,16.4690,D
488275,16.4690,D
488275,16.4690,D
488385,16.4690,D
488385,16.4689,D
488385,16.4689,D
488494,16.4689,D
488494,16.4689,D
488604,16.4689,D
488604,16.4689,D
488605,16.4689,D
488714,16.4689,D
488714,16.4689,D
488823,16.4689,D
488823,16.4689,D
488823,16.4689,D
488932,16.4689,D
488932,16.4689,D
488932,16.4689,D
489041,16.4689,D
489041,16.4689,D
489152,16.4689,D
489153,16.4689,D
489265,16.4689,D
489265,16.4714,D
489265,16.5115,D
489376,16.5125,D
489376,16.5125,D
489489,16.5124,D
489489,16.5122,D
489489,16.5120,D
489601,16.5116,D
489602,16.5112,D
489714,16.5109,D
489715,16.5107,D
489715,16.5105,D
489827,16.5103,D
489827,16.5102,D
489828,16.5101,D
489940,16.5100,D
489940,16.5099,D
490051,16.5098,D
490051,16.5097,D
490051,16.5096,D
490164,16.5095,D
490164,16.5094,D
490277,16.5094,D
490277,16.5094,D
490277,16.5094,D
490389,16.5094,D
490389,16.5094,D
490389,16.5093,D
490500,16.5093,D
490500,16.5093,D
490612,16.5093,D
490612,16.5093,D
490612,16.5093,D
490726,16.5093,D
490726,16.5093,D
490839,16.5093,D
490839,16.5093,D
490839,16.5093,D
490951,16.5092,D
490951,16.5092,D
491063,16.5091,D
491063,16.5091,D
491063,16.5091,D
491175,16.5091,D
491175,16.5091,D
491175,16.5091,D
491287,16.5091,D
491287,16.5091,D
491398,16.5091,D
491398,16.5091,D
491398,16.5091,D
491508,16.5091,D
491508,16.5091,D
491618,16.5091,D
491619,16.5092,D
491619,16.5432,D
491728,16.5516,D
491728,16.5526,D
491837,16.5526,D
491838,16.5525,D
491947,16.5523,D
491948,16.5520,D
491948,16.5516,D
492057,16.5513,D
492057,16.5511,D
492057,16.5509,D
492165,16.5507,D
492165,16.5505,D
492274,16.5504,D
492274,16.5503,D
492274,16.5501,D
492384,16.5501,D
492384,16.5500,D
492493,16.5499,D
492493,16.5498,D
492493,16.5497,D
492603,16.5496,D
492603,16.5496,D
492712,16.5496,D
492712,16.5496,D
492712,16.5496,D
492822,16.5496,D
492822,16.5495,D
492932,16.5495,D
492933,16.5495,D
492933,16.5495,D
493042,16.5495,D
493043,16.5495,D
493152,16.5495,D
493153,16.5495,D
493153,16.5494,D
493265,16.5494,D
493265,16.5494,D
493378,16.5494,D
493378,16.5494,D
493378,16.5494,D
493490,16.5494,D
493490,16.5494,D
493490,16.5494,D
493603,16.5494,D
493603,16.5494,D
493715,16.5494,D
493715,16.5494,D
493715,16.5494,D
493828,16.5494,D
493828,16.5493,D
493941,16.5493,D
493941,16.5494,D
493941,16.5494,D
494053,16.5810,D
494053,16.5919,D
494167,16.5929,D
494167,16.5929,D
494167,16.5928,D
494280,16.5926,D
494280,16.5923,D
494280,16.5919,D
494391,16.5916,D
494392,16.5913,D
494504,16.5911,D
494504,16.5909,D
494504,16.5907,D
494617,16.5906,D
494617,16.5905,D
494731,16.5904,D
494731,16.5903,D
494731,16.5903,D
494844,16.5902,D
494844,16.5901,D
494844,16.5899,D
494957,16.5899,D
494957,16.5899,D
495068,16.5899,D
495069,16.5898,D
495069,16.5898,D
495182,16.5898,D
495182,16.5898,D
495295,16.5898,D
495295,16.5898,D
495295,16.5898,D
495405,16.5898,D
495405,16.5898,D
495514,16.5898,D
495514,16.5898,D
495514,16.5898,D
495624,16.5898,D
495625,16.5898,D
495733,16.5897,D
495733,16.5897,D
495733,16.5897,D
495842,16.5897,D
495842,16.5897,D
495951,16.5897,D
495951,16.5896,D
495951,16.5896,D
496061,16.5896,D
496061,16.5896,D
496171,16.5896,D
496171,16.5896,D
496171,16.5896,D
496280,16.5896,D
496280,16.5896,D
496390,16.5898,D
496390,16.6108,D
496390,16.6324,D
496500,16.6334,D
496500,16.6334,D
496610,16.6331,D
496611,16.6329,D
496611,16.6326,D
496720,16.6322,D
496720,16.6318,D
496720,16.6316,D
496829,16.6313,D
496829,16.6312,D
496938,16.6310,D
496938,16.6309,D
496938,16.6307,D
497048,16.6306,D
497048,16.6306,D
497159,16.6305,D
497159,16.6304,D
497159,16.6302,D
497268,16.6301,D
497268,16.6301,D
497378,16.6301,D
497378,16.6301,D
497378,16.6301,D
497488,16.6301,D
497488,16.6301,D
497597,16.6301,D
497597,16.6300,D
497706,16.6300,D
497707,16.6300,D
497707,16.6300,D
497815,16.6300,D
497815,16.6300,D
497815,16.6300,D
497924,16.6300,D
497924,16.6300,D
498033,16.6300,D
498033,16.6300,D
498033,16.6300,D
498143,16.6300,D
498143,16.6300,D
498253,16.6300,D
498253,16.6300,D
498253,16.6300,D
498361,16.6300,D
498362,16.6299,D
498471,16.6299,D
498471,16.6299,D
498471,16.6299,D
498581,16.6299,D
498581,16.6299,D
498690,16.6299,D
498691,16.6301,D
498691,16.6375,D
498799,16.6719,D
498799,16.6731,D
498910,16.6733,D
498910,16.6733,D
499022,16.6732,D
499022,16.6729,D
499022,16.6725,D
499132,16.6721,D
499132,16.6719,D
499132,16.6716,D
499243,16.6714,D
499243,16.6712,D
499243,16.6710,D
499354,16.6709,D
499354,16.6708,D
499464,16.6707,D
499464,16.6706,D
499574,16.6705,D
499575,16.6705,D
499575,16.6704,D
499685,16.6702,D
499685,16.6702,D
499795,16.6701,D
499796,16.6701,D
499796,16.6701,D
499906,16.6701,D
499906,16.6701,D
500017,16.6701,D
500017,16.6701,D
500017,16.6701,D
500126,16.6701,D
500127,16.6701,D
500237,16.6700,D
500237,16.6700,D
500237,16.6700,D
500346,16.6700,D
500346,16.6700,D
500346,16.6700,D
500455,16.6700,D
500455,16.6700,D
500564,16.6700,D
500564,16.6700,D
500564,16.6700,D
500674,16.6700,D
500674,16.6700,D
500784,16.6700,D
500784,16.6700,D
500784,16.6699,D
500893,16.6699,D
500893,16.6699,D
501003,16.6699,D
501003,16.6699,D
501111,16.6700,D
501111,16.6700,D
501111,16.7068,D
501220,16.7125,D
501220,16.7132,D
501220,16.7133,D
501328,16.7132,D
501328,16.7130,D
501438,16.7127,D
501438,16.7123,D
501438,16.7121,D
501547,16.7118,D
501547,16.7116,D
501657,16.7115,D
501657,16.7113,D
501657,16.7111,D
501767,16.7110,D
501767,16.7109,D
501877,16.7109,D
501877,16.7108,D
501877,16.7107,D
501986,16.7107,D
501987,16.7105,D
502093,16.7104,D
502093,16.7104,D
502093,16.7104,D
502202,16.7104,D
502202,16.7104,D
502312,16.7104,D
502312,16.7104,D
502422,16.7104,D
502422,16.7104,D
502422,16.7103,D
502534,16.7103,D
502535,16.7103,D
502643,16.7103,D
502643,16.7103,D
502643,16.7103,D
502752,16.7103,D
502752,16.7103,D
502752,16.7103,D
502862,16.7103,D
502862,16.7103,D
502970,16.7103,D
502970,16.7103,D
502970,16.7103,D
503079,16.7103,D
503079,16.7103,D
503188,16.7103,D
503188,16.7103,D
503188,16.7103,D
503297,16.7103,D
503297,16.7103,D
503408,16.7103,D
503408,16.7103,D
503408,16.7103,D
503517,16.7421,D
503517,16.7529,D
503626,16.7538,D
503627,16.7538,D
503735,16.7536,D
503735,16.7534,D
503735,16.7531,D
503846,16.7527,D
503846,16.7524,D
503846,16.7521,D
503957,16.7519,D
503957,16.7517,D
504067,16.7515,D
504067,16.7514,D
504067,16.7513,D
504178,16.7512,D
504178,16.7511,D
504286,16.7510,D
504286,16.7510,D
504286,16.7508,D
504395,16.7507,D
504395,16.7507,D
504505,16.7507,D
504505,16.7507,D
504505,16.7506,D
504616,16.7506,D
504616,16.7506,D
504724,16.7506,D
504724,16.7506,D
504724,16.7506,D
504833,16.7506,D
504833,16.7506,D
504943,16.7506,D
504943,16.7506,D
505053,16.7506,D
505054,16.7506,D
505054,16.7506,D
505162,16.7506,D
505162,16.7505,D
505162,16.7505,D
505271,16.7505,D
505272,16.7505,D
505380,16.7505,D
505380,16.7505,D
505380,16.7505,D
505490,16.7505,D
505490,16.7505,D
505599,16.7504,D
505599,16.7504,D
505599,16.7504,D
505710,16.7504,D
505710,16.7504,D
505819,16.7505,D
505820,16.7506,D
505820,16.7766,D
505927,16.7928,D
505927,16.7938,D
506038,16.7938,D
506038,16.7938,D
506038,16.7936,D
506148,16.7932,D
506148,16.7928,D
506258,16.7925,D
506258,16.7922,D
506258,16.7920,D
506369,16.7918,D
506369,16.7916,D
506478,16.7915,D
506478,16.7914,D
506478,16.7913,D
506589,16.7912,D
506589,16.7911,D
506699,16.7910,D
506699,16.7909,D
506699,16.7908,D
506810,16.7907,D
506810,16.7907,D
506810,16.7907,D
506920,16.7907,D
506920,16.7907,D
507029,16.7907,D
507030,16.7907,D
507139,16.7907,D
507139,16.7906,D
507140,16.7906,D
507249,16.7906,D
507249,16.7906,D
507249,16.7906,D
507363,16.7906,D
507363,16.7906,D
507476,16.7906,D
507476,16.7906,D
507476,16.7905,D
507588,16.7905,D
507588,16.7905,D
507701,16.7905,D
507701,16.7905,D
507701,16.7905,D
507813,16.7905,D
507813,16.7905,D
507926,16.7905,D
507926,16.7905,D
507926,16.7905,D
508038,16.7905,D
508038,16.7904,D
508038,16.7904,D
508150,16.7904,D
508150,16.7905,D
508262,16.7979,D
508262,16.8330,D
508262,16.8341,D
508374,16.8341,D
508374,16.8340,D
508484,16.8338,D
508484,16.8336,D
508484,16.8334,D
508594,16.8332,D
508594,16.8330,D
508702,16.8327,D
508702,16.8324,D
508702,16.8320,D
508812,16.8317,D
508813,16.8315,D
508922,16.8313,D
508922,16.8312,D
508922,16.8311,D
509030,16.8310,D
509030,16.8309,D
509140,16.8308,D
509140,16.8307,D
509140,16.8307,D
509249,16.8307,D
509249,16.8307,D
509358,16.8307,D
509359,16.8307,D
509359,16.8307,D
509468,16.8307,D
509468,16.8307,D
509577,16.8306,D
509577,16.8306,D
509577,16.8306,D
509686,16.8306,D
509686,16.8306,D
509796,16.8307,D
509796,16.8307,D
509796,16.8307,D
509905,16.8307,D
509905,16.8307,D
510014,16.8307,D
510014,16.8307,D
510014,16.8307,D
510123,16.8307,D
510123,16.8307,D
510234,16.8308,D
510234,16.8308,D
510234,16.8308,D
510342,16.8308,D
510342,16.8308,D
510452,16.8308,D
510452,16.8308,D
510452,16.8308,D
510562,16.8308,D
510562,16.8308,D
510671,16.8649,D
510671,16.8733,D
510671,16.8741,D
510780,16.8743,D
510780,16.8741,D
510891,16.8739,D
510891,16.8735,D
510891,16.8731,D
511000,16.8727,D
511001,16.8725,D
511110,16.8723,D
511111,16.8721,D
511111,16.8720,D
511220,16.8719,D
511220,16.8718,D
511329,16.8717,D
511329,16.8716,D
511329,16.8715,D
511440,16.8714,D
511440,16.8713,D
511440,16.8712,D
511551,16.8712,D
511551,16.8711,D
511663,16.8711,D
511664,16.8711,D
511664,16.8710,D
511775,16.8710,D
511776,16.8709,D
511887,16.8709,D
511887,16.8709,D
511887,16.8709,D
511999,16.8709,D
511999,16.8710,D
512111,16.8710,D
512111,16.8710,D
512111,16.8710,D
512223,16.8710,D
512223,16.8710,D
512329,16.8711,D
512329,16.8711,D
512329,16.8711,D
512432,16.8711,D
512432,16.8711,D
512544,16.8711,D
512544,16.8711,D
512652,16.8710,D
512652,16.8710,D
512652,16.8710,D
512767,16.8710,D
512767,16.8710,D
512767,16.8710,D
512880,16.8710,D
512880,16.8710,D
512988,16.8710,D
512988,16.8809,D
512988,16.9135,D
513096,16.9150,D
513096,16.9148,D
513209,16.9145,D
513209,16.9143,D
513209,16.9140,D
513316,16.9137,D
513316,16.9133,D
513425,16.9130,D
513425,16.9128,D
513425,16.9127,D
513534,16.9125,D
513534,16.9123,D
513645,16.9122,D
513645,16.9121,D
513645,16.9120,D
513756,16.9119,D
513756,16.9119,D
513756,16.9117,D
513865,16.9116,D
513865,16.9116,D
513973,16.9116,D
513973,16.9116,D
513973,16.9116,D
514082,16.9116,D
514082,16.9115,D
514192,16.9115,D
514192,16.9115,D
514302,16.9115,D
514302,16.9115,D
514302,16.9115,D
514412,16.9115,D
514412,16.9115,D
514412,16.9115,D
514522,16.9115,D
514522,16.9115,D
514632,16.9115,D
514632,16.9115,D
514741,16.9115,D
514742,16.9115,D
514742,16.9115,D
514851,16.9115,D
514851,16.9115,D
514851,16.9115,D
514962,16.9115,D
514963,16.9115,D
515073,16.9115,D
515073,16.9115,D
515073,16.9115,D
515181,16.9115,D
515181,16.9115,D
515289,16.9115,D
515289,16.9115,D
515290,16.9116,D
515394,16.9545,D
515394,16.9554,D
515505,16.9553,D
515505,16.9551,D
515505,16.9550,D
515621,16.9548,D
515621,16.9544,D
515726,16.9539,D
515727,16.9536,D
515727,16.9533,D
515833,16.9531,D
515833,16.9529,D
515938,16.9528,D
515938,16.9527,D
516050,16.9525,D
516050,16.9525,D
516051,16.9524,D
516155,16.9523,D
516155,16.9522,D
516266,16.9520,D
516266,16.9520,D
516266,16.9520,D
516378,16.9519,D
516378,16.9519,D
516378,16.9519,D
516489,16.9519,D
516489,16.9519,D
516605,16.9519,D
516605,16.9519,D
516605,16.9518,D
516717,16.9518,D
516717,16.9518,D
516827,16.9518,D
516827,16.9518,D
516827,16.9518,D
516938,16.9518,D
516938,16.9517,D
517048,16.9517,D
517048,16.9517,D
517048,16.9517,D
517159,16.9517,D
517159,16.9517,D
517259,16.9517,D
517259,16.9517,D
517369,16.9517,D
517369,16.9517,D
517369,16.9517,D
517480,16.9517,D
517480,16.9518,D
517480,16.9518,D
517591,16.9517,D
517591,16.9517,D
517701,16.9517,D
517701,16.9517,D
517701,16.9617,D
517810,16.9948,D
517810,16.9961,D
517810,16.9960,D
517922,16.9955,D
517922,16.9952,D
518032,16.9947,D
518032,16.9943,D
518143,16.9939,D
518143,16.9936,D
518143,16.9935,D
518254,16.9933,D
518254,16.9931,D
518365,16.9930,D
518365,16.9929,D
518365,16.9928,D
518475,16.9926,D
518475,16.9925,D
518475,16.9924,D
518585,16.9921,D
518586,16.9920,D
518695,16.9920,D
518695,16.9920,D
518695,16.9921,D
518805,16.9921,D
518805,16.9921,D
518917,16.9922,D
518917,16.9922,D
518917,16.9922,D
519029,16.9923,D
519029,16.9923,D
519138,16.9923,D
519138,16.9923,D
519138,16.9923,D
519249,16.9923,D
519249,16.9923,D
519363,16.9923,D
519363,16.9923,D
519363,16.9922,D
519474,16.9922,D
519474,16.9922,D
519585,16.9922,D
519585,16.9922,D
519585,16.9922,D
519696,16.9921,D
519696,16.9921,D
519808,16.9921,D
519808,16.9921,D
519808,16.9921,D
519920,16.9920,D
519921,16.9920,D
519921,16.9920,D
520032,16.9920,D
520032,16.9920,D
520144,16.9920,D
520145,17.0156,D
520145,17.0345,D
520257,17.0356,D
520257,17.0356,D
520368,17.0355,D
520368,17.0352,D
520368,17.0349,D
520480,17.0345,D
520480,17.0342,D
520593,17.0340,D
520593,17.0338,D
520593,17.0336,D
520706,17.0334,D
520706,17.0333,D
520706,17.0331,D
520819,17.0330,D
520819,17.0330,D
520932,17.0329,D
520932,17.0328,D
521045,17.0326,D
521045,17.0326,D
521045,17.0325,D
521159,17.0325,D
521159,17.0325,D
521159,17.0325,D
521271,17.0325,D
521271,17.0325,D
521271,17.0325,D
521383,17.0325,D
521383,17.0325,D
521494,17.0325,D
521494,17.0325,D
521605,17.0325,D
521605,17.0325,D
521605,17.0325,D
521715,17.0325,D
521715,17.0325,D
521828,17.0325,D
521828,17.0325,D
521828,17.0325,D
521940,17.0325,D
521940,17.0325,D
521941,17.0325,D
522052,17.0324,D
522052,17.0324,D
522162,17.0324,D
522163,17.0323,D
522163,17.0323,D
522273,17.0322,D
522273,17.0322,D
522384,17.0322,D
522384,17.0322,D
522384,17.0322,D
522494,17.0322,D
522494,17.0324,D
522604,17.0745,D
522604,17.0753,D
522604,17.0754,D
522715,17.0754,D
522715,17.0752,D
522715,17.0749,D
522826,17.0745,D
522826,17.0741,D
522937,17.0738,D
522937,17.0736,D
522937,17.0734,D
523048,17.0732,D
523048,17.0730,D
523158,17.0729,D
523159,17.0727,D
523159,17.0726,D
523267,17.0726,D
523267,17.0725,D
523377,17.0724,D
523377,17.0722,D
523377,17.0721,D
523487,17.0721,D
523487,17.0720,D
523598,17.0720,D
523598,17.0720,D
523598,17.0720,D
523709,17.0720,D
523710,17.0720,D
523820,17.0720,D
523820,17.0720,D
523820,17.0720,D
523932,17.0720,D
523932,17.0720,D
524042,17.0720,D
524042,17.0720,D
524042,17.0720,D
524154,17.0720,D
524154,17.0720,D
524154,17.0720,D
524267,17.0720,D
524267,17.0720,D
524376,17.0720,D
524377,17.0720,D
524377,17.0721,D
524486,17.0721,D
524486,17.0721,D
524598,17.0721,D
524598,17.0721,D
524709,17.0721,D
524709,17.0721,D
524709,17.0721,D
524817,17.0721,D
524817,17.0721,D
524817,17.0721,D
524929,17.0903,D
524929,17.1146,D
525041,17.1159,D
525041,17.1160,D
525041,17.1159,D
525152,17.1157,D
525152,17.1153,D
525263,17.1150,D
525264,17.1146,D
525264,17.1144,D
525375,17.1142,D
525375,17.1139,D
525486,17.1138,D
525486,17.1136,D
525486,17.1135,D
525598,17.1134,D
525598,17.1133,D
525598,17.1132,D
525710,17.1131,D
525710,17.1130,D
525821,17.1128,D
525821,17.1128,D
525821,17.1128,D
525933,17.1127,D
525933,17.1127,D
526044,17.1127,D
526044,17.1127,D
526044,17.1126,D
526154,17.1126,D
526154,17.1126,D
526155,17.1126,D
526264,17.1126,D
526264,17.1126,D
526374,17.1126,D
526374,17.1125,D
526486,17.1125,D
526486,17.1125,D
526486,17.1125,D
526597,17.1125,D
526597,17.1125,D
526708,17.1125,D
526708,17.1125,D
526708,17.1125,D
526819,17.1125,D
526819,17.1125,D
526820,17.1125,D
526930,17.1125,D
526930,17.1125,D
527041,17.1125,D
527041,17.1125,D
527041,17.1125,D
527151,17.1125,D
527152,17.1125,D
527261,17.1126,D
527261,17.1126,D
527261,17.1553,D
527372,17.1561,D
527373,17.1563,D
527484,17.1563,D
527484,17.1561,D
527595,17.1558,D
527596,17.1555,D
527596,17.1551,D
527707,17.1548,D
527707,17.1546,D
527707,17.1544,D
527817,17.1542,D
527817,17.1541,D
527929,17.1539,D
527929,17.1538,D
527929,17.1537,D
528039,17.1536,D
528040,17.1536,D
528040,17.1535,D
528150,17.1534,D
528150,17.1533,D
528262,17.1533,D
528262,17.1533,D
528373,17.1533,D
528373,17.1533,D
528373,17.1533,D
528483,17.1533,D
528483,17.1533,D
528483,17.1533,D
528595,17.1533,D
528595,17.1533,D
528706,17.1533,D
528706,17.1533,D
528706,17.1533,D
528818,17.1533,D
528818,17.1533,D
528930,17.1533,D
528930,17.1533,D
528930,17.1533,D
529038,17.1533,D
529038,17.1533,D
529149,17.1533,D
529149,17.1533,D
529149,17.1533,D
529260,17.1533,D
529260,17.1534,D
529372,17.1534,D
529372,17.1534,D
529372,17.1534,D
529484,17.1534,D
529484,17.1534,D
529484,17.1534,D
529595,17.1534,D
529595,17.1534,D
529705,17.1687,D
529705,17.1958,D
529705,17.1969,D
529816,17.1971,D
529817,17.1972,D
529927,17.1971,D
529927,17.1968,D
529927,17.1963,D
530038,17.1959,D
530038,17.1957,D
530148,17.1955,D
530148,17.1953,D
530148,17.1951,D
530260,17.1949,D
530260,17.1946,D
530370,17.1944,D
530370,17.1943,D
530480,17.1941,D
530480,17.1940,D
530480,17.1940,D
530590,17.1939,D
530590,17.1938,D
530590,17.1937,D
530701,17.1937,D
530701,17.1937,D
530811,17.1937,D
530811,17.1937,D
530811,17.1938,D
530920,17.1938,D
530921,17.1938,D
531031,17.1938,D
531031,17.1938,D
531031,17.1938,D
531140,17.1938,D
531141,17.1938,D
531249,17.1938,D
531249,17.1938,D
531249,17.1938,D
531357,17.1938,D
531358,17.1938,D
531467,17.1938,D
531468,17.1938,D
531468,17.1938,D
531578,17.1938,D
531578,17.1938,D
531686,17.1937,D
531686,17.1937,D
531686,17.1937,D
531794,17.1937,D
531794,17.1937,D
531904,17.1937,D
531904,17.1937,D
531904,17.1937,D
532014,17.1937,D
532014,17.1937,D
532015,17.2335,D
532124,17.2370,D
532124,17.2373,D
532235,17.2373,D
532235,17.2371,D
532235,17.2368,D
532346,17.2363,D
532346,17.2359,D
532457,17.2357,D
532457,17.2355,D
532568,17.2353,D
532568,17.2351,D
532568,17.2349,D
532678,17.2348,D
532678,17.2347,D
532678,17.2346,D
532787,17.2345,D
532787,17.2344,D
532897,17.2343,D
532897,17.2341,D
532897,17.2340,D
533007,17.2340,D
533007,17.2340,D
533116,17.2339,D
533116,17.2339,D
533116,17.2339,D
533224,17.2339,D
533224,17.2338,D
533334,17.2338,D
533334,17.2338,D
533334,17.2338,D
533446,17.2338,D
533446,17.2338,D
533557,17.2338,D
533557,17.2338,D
533557,17.2338,D
533666,17.2338,D
533666,17.2338,D
533774,17.2338,D
533774,17.2338,D
533882,17.2338,D
533882,17.2338,D
533882,17.2338,D
533992,17.2338,D
533992,17.2338,D
534102,17.2338,D
534102,17.2338,D
534102,17.2338,D
534210,17.2338,D
534210,17.2338,D
534210,17.2338,D
534319,17.2338,D
534319,17.2338,D
534427,17.2338,D
534428,17.2491,D
534428,17.2760,D
534537,17.2770,D
534537,17.2772,D
534645,17.2772,D
534645,17.2770,D
534645,17.2767,D
534753,17.2763,D
534753,17.2760,D
534863,17.2757,D
534863,17.2755,D
534863,17.2753,D
534973,17.2751,D
534973,17.2750,D
535083,17.2748,D
535083,17.2747,D
535195,17.2746,D
535195,17.2745,D
535195,17.2744,D
535305,17.2744,D
535305,17.2742,D
535305,17.2741,D
535416,17.2740,D
535416,17.2740,D
535525,17.2740,D
535525,17.2739,D
535525,17.2738,D
535634,17.2738,D
535634,17.2738,D
535744,17.2738,D
535744,17.2738,D
535744,17.2737,D
535852,17.2737,D
535852,17.2737,D
535961,17.2737,D
535961,17.2736,D
535961,17.2736,D
536070,17.2736,D
536070,17.2736,D
536182,17.2735,D
536182,17.2735,D
536182,17.2735,D
536290,17.2735,D
536290,17.2735,D
536401,17.2734,D
536401,17.2734,D
536510,17.2734,D
536510,17.2734,D
536511,17.2734,D
536619,17.2734,D
536619,17.2733,D
536619,17.2733,D
536727,17.2733,D
536727,17.2733,D
536836,17.2733,D
536837,17.3023,D
536837,17.3160,D
536946,17.3172,D
536946,17.3173,D
537055,17.3173,D
537055,17.3171,D
537055,17.3167,D
537164,17.3163,D
537164,17.3160,D
537274,17.3158,D
537274,17.3156,D
537274,17.3154,D
537384,17.3153,D
537384,17.3151,D
537495,17.3150,D
537496,17.3149,D
537496,17.3149,D
537607,17.3148,D
537608,17.3148,D
537718,17.3148,D
537718,17.3148,D
537718,17.3148,D
537831,17.3147,D
537831,17.3147,D
537831,17.3144,D
537942,17.3143,D
537942,17.3142,D
538052,17.3140,D
538052,17.3140,D
538052,17.3140,D
538162,17.3140,D
538162,17.3140,D
538271,17.3140,D
538272,17.3141,D
538272,17.3141,D
538382,17.3141,D
538383,17.3141,D
538495,17.3141,D
538495,17.3141,D
538495,17.3141,D
538606,17.3141,D
538607,17.3141,D
538717,17.3141,D
538717,17.3141,D
538717,17.3141,D
538828,17.3141,D
538828,17.3141,D
538938,17.3141,D
538939,17.3141,D
538939,17.3141,D
539049,17.3141,D
539049,17.3140,D
539049,17.3140,D
539160,17.3140,D
539160,17.3141,D
539266,17.3531,D
539267,17.3569,D
539377,17.3575,D
539377,17.3575,D
539377,17.3574,D
539487,17.3571,D
539487,17.3567,D
539487,17.3563,D
539598,17.3560,D
539598,17.3558,D
539709,17.3556,D
539709,17.3554,D
539710,17.3553,D
539820,17.3551,D
539821,17.3550,D
539932,17.3549,D
539933,17.3548,D
539933,17.3547,D
540045,17.3547,D
540045,17.3545,D
540158,17.3544,D
540158,17.3544,D
540158,17.3544,D
540267,17.3544,D
540267,17.3543,D
540377,17.3543,D
540377,17.3543,D
540377,17.3543,D
540488,17.3543,D
540488,17.3543,D
540598,17.3543,D
540599,17.3543,D
540599,17.3543,D
540708,17.3542,D
540708,17.3542,D
540819,17.3542,D
540819,17.3542,D
540819,17.3542,D
540930,17.3542,D
540930,17.3542,D
540930,17.3541,D
541041,17.3541,D
541042,17.3541,D
541152,17.3541,D
541153,17.3541,D
541153,17.3541,D
541262,17.3541,D
541262,17.3541,D
541374,17.3541,D
541374,17.3541,D
541485,17.3541,D
541485,17.3541,D
541485,17.3541,D
541596,17.3541,D
541596,17.3566,D
541596,17.3965,D
541706,17.3977,D
541706,17.3978,D
541816,17.3977,D
541817,17.3974,D
541817,17.3971,D
541928,17.3967,D
541928,17.3964,D
542038,17.3961,D
542038,17.3959,D
542038,17.3957,D
542149,17.3955,D
542150,17.3954,D
542261,17.3952,D
542261,17.3951,D
542261,17.3950,D
542370,17.3949,D
542371,17.3949,D
542371,17.3948,D
542482,17.3946,D
542482,17.3946,D
542593,17.3946,D
542593,17.3945,D
542593,17.3945,D
542704,17.3945,D
542705,17.3945,D
542816,17.3945,D
542816,17.3945,D
542816,17.3945,D
542927,17.3945,D
542927,17.3945,D
543037,17.3945,D
543038,17.3945,D
543038,17.3945,D
543149,17.3945,D
543149,17.3945,D
543251,17.3945,D
543251,17.3945,D
543251,17.3945,D
543362,17.3945,D
543362,17.3945,D
543472,17.3945,D
543472,17.3945,D
543584,17.3945,D
543584,17.3945,D
543584,17.3945,D
543695,17.3945,D
543695,17.3945,D
543695,17.3945,D
543805,17.3945,D
543806,17.3945,D
543916,17.3945,D
543916,17.3945,D
543916,17.3945,D
544028,17.4098,D
544028,17.4369,D
544139,17.4381,D
544139,17.4382,D
544139,17.4381,D
544250,17.4380,D
544250,17.4376,D
544361,17.4372,D
544361,17.4369,D
544361,17.4366,D
544472,17.4364,D
544473,17.4362,D
544584,17.4360,D
544584,17.4358,D
544584,17.4357,D
544696,17.4356,D
544697,17.4355,D
544697,17.4354,D
544807,17.4354,D
544808,17.4353,D
544920,17.4352,D
544920,17.4351,D
544920,17.4351,D
545030,17.4351,D
545031,17.4351,D
545142,17.4351,D
545142,17.4350,D
545142,17.4350,D
545253,17.4350,D
545253,17.4350,D
545253,17.4350,D
545363,17.4350,D
545363,17.4350,D
545475,17.4350,D
545475,17.4350,D
545586,17.4350,D
545586,17.4350,D
545586,17.4350,D
545696,17.4350,D
545696,17.4350,D
545696,17.4350,D
545806,17.4350,D
545806,17.4350,D
545918,17.4350,D
545918,17.4350,D
545918,17.4350,D
546029,17.4350,D
546030,17.4349,D
546141,17.4349,D
546141,17.4349,D
546141,17.4349,D
546253,17.4349,D
546253,17.4349,D
546363,17.4349,D
546363,17.4349,D
546363,17.4612,D
546475,17.4774,D
546475,17.4786,D
546587,17.4786,D
546587,17.4785,D
546587,17.4783,D
546700,17.4779,D
546700,17.4775,D
546700,17.4772,D
546811,17.4770,D
546811,17.4768,D
546922,17.4766,D
546923,17.4763,D
547034,17.4761,D
547035,17.4760,D
547145,17.4759,D
547145,17.4759,D
547145,17.4758,D
547256,17.4757,D
547256,17.4756,D
547367,17.4756,D
547368,17.4755,D
547368,17.4755,D
547480,17.4755,D
547480,17.4755,D
547592,17.4755,D
547592,17.4755,D
547592,17.4755,D
547701,17.4756,D
547702,17.4756,D
547813,17.4756,D
547813,17.4756,D
547813,17.4756,D
547924,17.4756,D
547924,17.4756,D
548036,17.4756,D
548036,17.4756,D
548036,17.4756,D
548147,17.4756,D
548147,17.4756,D
548147,17.4756,D
548258,17.4756,D
548258,17.4756,D
548368,17.4756,D
548368,17.4756,D
548368,17.4756,D
548478,17.4756,D
548478,17.4756,D
548589,17.4755,D
548589,17.4755,D
548589,17.4755,D
548700,17.4754,D
548700,17.4756,D
548810,17.4761,D
548810,17.5047,D
548810,17.5177,D
548921,17.5187,D
548921,17.5187,D
549033,17.5185,D
549033,17.5183,D
549033,17.5179,D
549144,17.5176,D
549144,17.5173,D
549144,17.5170,D
549255,17.5168,D
549255,17.5166,D
549366,17.5164,D
549366,17.5163,D
549366,17.5162,D
549477,17.5161,D
549477,17.5160,D
549589,17.5159,D
549590,17.5159,D
549590,17.5157,D
549699,17.5156,D
549699,17.5156,D
549810,17.5156,D
549810,17.5156,D
549810,17.5155,D
549921,17.5155,D
549921,17.5155,D
550032,17.5155,D
550032,17.5155,D
550032,17.5155,D
550143,17.5155,D
550143,17.5155,D
550254,17.5155,D
550254,17.5155,D
550254,17.5155,D
550364,17.5155,D
550365,17.5155,D
550365,17.5155,D
550476,17.5155,D
550476,17.5155,D
550588,17.5155,D
550588,17.5154,D
550588,17.5154,D
550700,17.5154,D
550700,17.5154,D
550811,17.5154,D
550811,17.5154,D
550922,17.5154,D
550922,17.5154,D
550922,17.5154,D
551033,17.5154,D
551033,17.5154,D
551033,17.5154,D
551143,17.5154,D
551143,17.5154,D
551253,17.5521,D
551253,17.5578,D
551253,17.5586,D
551362,17.5587,D
551362,17.5586,D
551472,17.5584,D
551472,17.5581,D
551472,17.5577,D
551583,17.5574,D
551584,17.5572,D
551695,17.5570,D
551695,17.5568,D
551695,17.5566,D
551807,17.5565,D
551807,17.5564,D
551807,17.5563,D
551918,17.5562,D
551919,17.5561,D
552030,17.5560,D
552030,17.5560,D
552030,17.5558,D
552141,17.5557,D
552141,17.5557,D
552252,17.5557,D
552252,17.5557,D
552252,17.5557,D
552362,17.5557,D
552362,17.5557,D
552472,17.5557,D
552472,17.5557,D
552472,17.5556,D
552583,17.5556,D
552583,17.5556,D
552695,17.5556,D
552695,17.5556,D
552695,17.5556,D
552806,17.5556,D
552806,17.5556,D
552918,17.5556,D
552918,17.5556,D
552918,17.5556,D
553029,17.5556,D
553029,17.5555,D
553029,17.5555,D
553141,17.5555,D
553141,17.5555,D
553253,17.5555,D
553253,17.5555,D
553253,17.5555,D
553364,17.5555,D
553364,17.5555,D
553475,17.5555,D
553475,17.5555,D
553475,17.5555,D
553587,17.5581,D
553587,17.5975,D
553698,17.5986,D
553698,17.5988,D
553698,17.5988,D
553810,17.5987,D
553810,17.5984,D
553922,17.5980,D
553922,17.5977,D
553922,17.5974,D
554033,17.5970,D
554033,17.5968,D
554144,17.5967,D
554144,17.5965,D
554256,17.5964,D
554256,17.5963,D
554256,17.5962,D
554367,17.5961,D
554367,17.5961,D
554478,17.5959,D
554478,17.5958,D
554590,17.5958,D
554590,17.5958,D
554590,17.5958,D
554701,17.5958,D
554701,17.5958,D
554701,17.5958,D
554812,17.5958,D
554812,17.5957,D
554924,17.5957,D
554924,17.5957,D
554924,17.5957,D
555036,17.5957,D
555036,17.5957,D
555147,17.5957,D
555147,17.5957,D
555147,17.5957,D
555259,17.5957,D
555259,17.5957,D
555371,17.5957,D
555371,17.5957,D
555371,17.5957,D
555481,17.5957,D
555481,17.5957,D
555481,17.5957,D
555593,17.5957,D
555593,17.5957,D
555704,17.5957,D
555704,17.5957,D
555704,17.5957,D
555815,17.5957,D
555815,17.5955,D
555927,17.5956,D
555927,17.5959,D
555927,17.6012,D
556037,17.6377,D
556037,17.6390,D
556147,17.6392,D
556148,17.6390,D
556148,17.6388,D
556259,17.6385,D
556259,17.6381,D
556370,17.6377,D
556370,17.6375,D
556370,17.6372,D
556481,17.6370,D
556481,17.6368,D
556481,17.6367,D
556593,17.6365,D
556593,17.6364,D
556703,17.6363,D
556703,17.6362,D
556703,17.6361,D
556814,17.6360,D
556814,17.6358,D
556924,17.6358,D
556924,17.6357,D
556924,17.6357,D
557036,17.6357,D
557036,17.6356,D
557147,17.6356,D
557147,17.6356,D
557147,17.6356,D
557257,17.6356,D
557257,17.6356,D
557368,17.6356,D
557368,17.6356,D
557368,17.6356,D
557480,17.6356,D
557480,17.6356,D
557592,17.6356,D
557592,17.6356,D
557592,17.6356,D
557703,17.6356,D
557703,17.6356,D
557703,17.6356,D
557814,17.6356,D
557814,17.6356,D
557924,17.6356,D
557924,17.6356,D
557924,17.6356,D
558036,17.6356,D
558036,17.6356,D
558148,17.6356,D
558149,17.6356,D
558259,17.6356,D
558259,17.6356,D
558259,17.6357,D
558370,17.6357,D
558370,17.6382,D
558370,17.6784,D
558481,17.6796,D
558481,17.6797,D
558592,17.6796,D
558592,17.6794,D
558592,17.6791,D
558703,17.6787,D
558703,17.6784,D
558813,17.6781,D
558813,17.6779,D
558813,17.6778,D
558924,17.6776,D
558924,17.6775,D
559036,17.6773,D
559036,17.6772,D
559036,17.6771,D
559146,17.6771,D
559146,17.6770,D
559146,17.6769,D
559257,17.6767,D
559257,17.6767,D
559368,17.6767,D
559368,17.6767,D
559368,17.6766,D
559479,17.6766,D
559479,17.6766,D
559591,17.6766,D
559591,17.6765,D
559591,17.6765,D
559702,17.6765,D
559702,17.6765,D
559702,17.6764,D
559812,17.6764,D
559812,17.6764,D
559924,17.6764,D
559924,17.6764,D
560035,17.6764,D
560035,17.6763,D
560035,17.6763,D
560145,17.6763,D
560145,17.6763,D
560255,17.6763,D
560256,17.6763,D
560256,17.6763,D
560366,17.6762,D
560366,17.6762,D
560366,17.6762,D
560477,17.6762,D
560477,17.6762,D
560587,17.6762,D
560588,17.6762,D
560588,17.6761,D
560699,17.6761,D
560699,17.6761,D
560810,17.6762,D
560810,17.7182,D
560810,17.7193,D
560921,17.7194,D
560921,17.7193,D
561031,17.7191,D
561031,17.7188,D
561143,17.7180,D
561143,17.7177,D
561253,17.7175,D
561253,17.7173,D
561253,17.7171,D
561364,17.7169,D
561364,17.7168,D
561475,17.7167,D
561475,17.7165,D
561475,17.7165,D
561586,17.7164,D
561586,17.7163,D
561697,17.7161,D
561697,17.7160,D
561697,17.7160,D
561809,17.7160,D
561809,17.7160,D
561918,17.7159,D
561918,17.7158,D
561918,17.7158,D
562027,17.7158,D
562028,17.7158,D
562139,17.7158,D
562139,17.7158,D
562139,17.7158,D
562250,17.7158,D
562250,17.7158,D
562250,17.7158,D
562361,17.7158,D
562361,17.7158,D
562473,17.7158,D
562473,17.7158,D
562473,17.7158,D
562585,17.7158,D
562585,17.7158,D
562696,17.7158,D
562696,17.7158,D
562696,17.7158,D
562807,17.7158,D
562807,17.7158,D
562917,17.7158,D
562917,17.7158,D
562917,17.7158,D
563027,17.7158,D
563027,17.7158,D
563138,17.7158,D
563138,17.7158,D
563138,17.7208,D
563249,17.7582,D
563249,17.7593,D
563249,17.7596,D
563360,17.7597,D
563361,17.7596,D
563471,17.7594,D
563471,17.7590,D
563471,17.7587,D
563583,17.7584,D
563583,17.7582,D
563694,17.7580,D
563694,17.7579,D
563805,17.7577,D
563805,17.7576,D
563805,17.7575,D
563915,17.7574,D
563916,17.7573,D
564027,17.7573,D
564027,17.7572,D
564027,17.7571,D
564138,17.7570,D
564138,17.7569,D
564138,17.7569,D
564249,17.7568,D
564249,17.7568,D
564360,17.7567,D
564360,17.7567,D
564360,17.7567,D
564471,17.7567,D
564471,17.7567,D
564583,17.7567,D
564583,17.7567,D
564583,17.7567,D
564693,17.7567,D
564693,17.7567,D
564803,17.7568,D
564803,17.7568,D
564803,17.7568,D
564912,17.7568,D
564913,17.7568,D
564913,17.7568,D
565023,17.7568,D
565023,17.7568,D
565133,17.7568,D
565133,17.7568,D
565133,17.7568,D
565245,17.7568,D
565245,17.7569,D
565347,17.7569,D
565347,17.7569,D
565347,17.7569,D
565460,17.7569,D
565461,17.7569,D
565574,17.7569,D
565574,17.7642,D
565574,17.7995,D
565689,17.8005,D
565689,17.8005,D
565802,17.8005,D
565802,17.8002,D
565802,17.7999,D
565916,17.7995,D
565916,17.7992,D
565916,17.7989,D
566029,17.7987,D
566030,17.7985,D
566142,17.7984,D
566142,17.7982,D
566142,17.7981,D
566256,17.7980,D
566256,17.7979,D
566368,17.7978,D
566368,17.7977,D
566368,17.7977,D
566481,17.7975,D
566482,17.7974,D
566595,17.7974,D
566595,17.7974,D
566595,17.7974,D
566709,17.7974,D
566709,17.7974,D
566822,17.7974,D
566822,17.7974,D
566822,17.7974,D
566935,17.7974,D
566935,17.7974,D
566935,17.7974,D
567049,17.7974,D
567049,17.7974,D
567162,17.7974,D
567162,17.7974,D
567162,17.7974,D
567275,17.7974,D
567276,17.7974,D
567276,17.7974,D
567385,17.7974,D
567385,17.7974,D
567496,17.7974,D
567496,17.7974,D
567496,17.7974,D
567608,17.7974,D
567608,17.7974,D
567718,17.7975,D
567718,17.7975,D
567718,17.7975,D
567828,17.7975,D
567828,17.7975,D
567939,17.7975,D
567939,17.7975,D
567939,17.8000,D
568049,17.8400,D
568049,17.8410,D
568159,17.8412,D
568159,17.8411,D
568270,17.8408,D
568270,17.8403,D
568380,17.8400,D
568380,17.8397,D
568380,17.8394,D
568492,17.8392,D
568492,17.8390,D
568492,17.8388,D
568603,17.8387,D
568604,17.8386,D
568713,17.8385,D
568713,17.8384,D
568713,17.8383,D
568825,17.8382,D
568825,17.8381,D
568936,17.8380,D
568936,17.8379,D
569046,17.8379,D
569047,17.8379,D
569047,17.8379,D
569158,17.8379,D
569158,17.8379,D
569268,17.8379,D
569268,17.8379,D
569268,17.8379,D
569379,17.8379,D
569379,17.8378,D
569379,17.8378,D
569489,17.8378,D
569490,17.8377,D
569601,17.8377,D
569601,17.8377,D
569601,17.8377,D
569712,17.8377,D
569712,17.8377,D
569825,17.8376,D
569825,17.8376,D
569825,17.8376,D
569935,17.8376,D
569935,17.8376,D
570045,17.8376,D
570045,17.8376,D
570045,17.8376,D
570156,17.8376,D
570156,17.8376,D
570266,17.8376,D
570267,17.8376,D
570267,17.8376,D
570376,17.8376,D
570376,17.8401,D
570376,17.8799,D
570489,17.8810,D
570489,17.8814,D
570600,17.8812,D
570600,17.8810,D
570600,17.8806,D
570712,17.8803,D
570712,17.8799,D
570824,17.8796,D
570824,17.8794,D
570824,17.8792,D
570936,17.8790,D
570936,17.8788,D
571047,17.8787,D
571048,17.8786,D
571048,17.8784,D
571158,17.8784,D
571158,17.8783,D
571266,17.8782,D
571266,17.8780,D
571266,17.8780,D
571378,17.8780,D
571378,17.8780,D
571378,17.8779,D
571492,17.8779,D
571492,17.8779,D
571606,17.8779,D
571606,17.8779,D
571606,17.8779,D
571720,17.8778,D
571720,17.8778,D
571833,17.8778,D
571834,17.8778,D
571834,17.8778,D
571947,17.8777,D
571947,17.8777,D
571947,17.8777,D
572060,17.8777,D
572060,17.8777,D
572173,17.8777,D
572173,17.8777,D
572174,17.8777,D
572286,17.8777,D
572286,17.8777,D
572400,17.8777,D
572400,17.8777,D
572400,17.8777,D
572513,17.8777,D
572513,17.8777,D
572513,17.8776,D
572626,17.8776,D
572626,17.8776,D
572740,17.8776,D
572740,17.8776,D
572740,17.8777,D
572853,17.9120,D
572853,17.9203,D
572967,17.9213,D
572968,17.9212,D
572968,17.9209,D
573081,17.9207,D
573081,17.9203,D
573196,17.9200,D
573196,17.9197,D
573196,17.9194,D
573309,17.9192,D
573309,17.9190,D
573309,17.9188,D
573420,17.9187,D
573420,17.9186,D
573532,17.9185,D
573532,17.9184,D
573532,17.9183,D
573642,17.9182,D
573642,17.9180,D
573753,17.9180,D
573753,17.9180,D
573753,17.9180,D
573864,17.9179,D
573864,17.9179,D
573975,17.9179,D
573975,17.9179,D
573975,17.9179,D
574086,17.9179,D
574086,17.9179,D
574086,17.9178,D
574198,17.9178,D
574198,17.9178,D
574308,17.9178,D
574308,17.9178,D
574308,17.9177,D
574418,17.9177,D
574419,17.9177,D
574529,17.9177,D
574530,17.9177,D
574530,17.9177,D
574640,17.9177,D
574640,17.9177,D
574750,17.9177,D
574751,17.9177,D
574751,17.9177,D
574862,17.9177,D
574862,17.9177,D
574973,17.9176,D
574973,17.9176,D
574973,17.9176,D
575085,17.9176,D
575085,17.9176,D
575197,17.9176,D
575197,17.9176,D
575313,17.9599,D
575313,17.9610,D
575313,17.9610,D
575427,17.9609,D
575427,17.9605,D
575541,17.9601,D
575541,17.9598,D
575541,17.9595,D
575655,17.9593,D
575655,17.9591,D
575769,17.9589,D
575769,17.9587,D
575769,17.9586,D
575883,17.9584,D
575883,17.9583,D
575883,17.9583,D
575996,17.9582,D
575997,17.9581,D
576111,17.9579,D
576111,17.9578,D
576111,17.9578,D
576225,17.9578,D
576225,17.9578,D
576338,17.9578,D
576339,17.9578,D
576339,17.9577,D
576452,17.9577,D
576452,17.9577,D
576452,17.9577,D
576564,17.9577,D
576564,17.9577,D
576675,17.9577,D
576675,17.9577,D
576675,17.9577,D
576787,17.9577,D
576787,17.9577,D
576898,17.9576,D
576898,17.9576,D
576898,17.9576,D
577011,17.9576,D
577012,17.9576,D
577126,17.9576,D
577126,17.9576,D
577126,17.9576,D
577239,17.9576,D
577239,17.9576,D
577239,17.9576,D
577349,17.9576,D
577350,17.9576,D
577461,17.9576,D
577461,17.9576,D
577461,17.9576,D
577571,17.9576,D
577572,17.9576,D
577681,17.9756,D
577682,17.9998,D
577682,18.0011,D
577792,18.0013,D
577792,18.0011,D
577901,18.0009,D
577902,18.0006,D
577902,18.0002,D
578012,18.0000,D
578012,17.9997,D
578123,17.9995,D
578124,17.9993,D
578124,17.9991,D
578235,17.9990,D
578235,17.9988,D
578345,17.9987,D
578345,17.9986,D
578346,17.9986,D
578456,17.9985,D
578456,17.9984,D
578456,17.9982,D
578566,17.9982,D
578566,17.9982,D
578677,17.9982,D
578677,17.9982,D
578677,17.9982,D
578788,17.9981,D
578788,17.9981,D
578899,17.9981,D
578900,17.9981,D
578900,17.9981,D
579010,17.9981,D
579010,17.9981,D
579121,17.9981,D
579121,17.9981,D
579121,17.9981,D
579232,17.9981,D
579232,17.9981,D
579346,17.9981,D
579346,17.9981,D
579346,17.9981,D
579460,17.9981,D
579460,17.9981,D
579460,17.9981,D
579573,17.9981,D
579574,17.9981,D
579687,17.9981,D
579687,17.9981,D
579687,17.9981,D
579801,17.9981,D
579801,17.9981,D
579913,17.9981,D
579914,17.9981,D
579914,17.9981,D
580028,17.9981,D
580028,17.9981,D
580028,18.0404,D
580141,18.0415,D
580141,18.0417,D
580254,18.0416,D
580254,18.0414,D
580254,18.0410,D
580367,18.0406,D
580368,18.0403,D
580481,18.0400,D
580482,18.0398,D
580482,18.0396,D
580594,18.0394,D
580594,18.0392,D
580594,18.0391,D
580707,18.0390,D
580707,18.0389,D
580821,18.0388,D
580821,18.0387,D
580821,18.0387,D
580934,18.0385,D
580934,18.0386,D
581047,18.0386,D
581048,18.0386,D
581048,18.0386,D
581161,18.0386,D
581161,18.0386,D
581161,18.0385,D
581274,18.0383,D
581274,18.0381,D
581386,18.0381,D
581386,18.0381,D
581386,18.0381,D
581497,18.0381,D
581497,18.0381,D
581607,18.0381,D
581607,18.0381,D
581607,18.0381,D
581718,18.0381,D
581718,18.0382,D
581830,18.0382,D
581830,18.0382,D
581830,18.0382,D
581940,18.0382,D
581940,18.0382,D
582050,18.0382,D
582050,18.0382,D
582050,18.0382,D
582162,18.0382,D
582162,18.0382,D
582272,18.0382,D
582272,18.0383,D
582384,18.0383,D
582384,18.0383,D
582384,18.0383,D
582495,18.0672,D
582495,18.0809,D
582604,18.0821,D
582605,18.0821,D
582605,18.0819,D
582717,18.0816,D
582717,18.0813,D
582828,18.0809,D
582828,18.0806,D
582828,18.0804,D
582940,18.0802,D
582940,18.0800,D
583049,18.0799,D
583049,18.0798,D
583161,18.0796,D
583161,18.0795,D
583161,18.0794,D
583272,18.0793,D
583272,18.0793,D
583272,18.0790,D
583383,18.0790,D
583383,18.0790,D
583495,18.0790,D
583495,18.0789,D
583495,18.0789,D
583606,18.0789,D
583607,18.0789,D
583607,18.0789,D
583718,18.0789,D
583718,18.0789,D
583829,18.0789,D
583830,18.0789,D
583941,18.0789,D
583942,18.0789,D
583942,18.0789,D
584053,18.0789,D
584053,18.0789,D
584053,18.0789,D
584165,18.0789,D
584165,18.0789,D
584276,18.0789,D
584276,18.0789,D
584276,18.0789,D
584388,18.0788,D
584388,18.0788,D
584500,18.0788,D
584500,18.0788,D
584500,18.0788,D
584611,18.0788,D
584611,18.0788,D
584722,18.0788,D
584723,18.0788,D
584723,18.0788,D
584835,18.0788,D
584835,18.0789,D
584835,18.0968,D
584946,18.1209,D
584947,18.1222,D
585058,18.1224,D
585058,18.1223,D
585058,18.1220,D
585168,18.1217,D
585169,18.1213,D
585280,18.1209,D
585280,18.1207,D
585280,18.1204,D
585391,18.1202,D
585391,18.1200,D
585391,18.1199,D
585501,18.1198,D
585501,18.1196,D
585612,18.1195,D
585612,18.1195,D
585723,18.1194,D
585723,18.1193,D
585723,18.1191,D
585833,18.1191,D
585834,18.1190,D
585944,18.1190,D
585944,18.1190,D
585944,18.1190,D
586055,18.1189,D
586055,18.1189,D
586055,18.1189,D
586165,18.1188,D
586166,18.1188,D
586277,18.1188,D
586277,18.1188,D
586277,18.1188,D
586386,18.1188,D
586386,18.1187,D
586496,18.1187,D
586496,18.1187,D
586496,18.1187,D
586606,18.1187,D
586606,18.1187,D
586717,18.1187,D
586718,18.1187,D
586827,18.1187,D
586827,18.1187,D
586827,18.1187,D
586937,18.1187,D
586938,18.1187,D
586938,18.1187,D
587049,18.1187,D
587049,18.1187,D
587160,18.1187,D
587160,18.1187,D
587160,18.1187,D
587271,18.1187,D
587271,18.1286,D
587380,18.1611,D
587380,18.1624,D
587380,18.1625,D
587491,18.1624,D
587492,18.1622,D
587603,18.1618,D
587603,18.1615,D
587603,18.1612,D
587714,18.1609,D
587714,18.1607,D
587714,18.1605,D
587824,18.1603,D
587824,18.1602,D
587936,18.1600,D
587936,18.1599,D
588048,18.1598,D
588048,18.1597,D
588048,18.1597,D
588159,18.1596,D
588159,18.1594,D
588159,18.1594,D
588269,18.1594,D
588269,18.1594,D
588380,18.1593,D
588380,18.1593,D
588380,18.1593,D
588489,18.1593,D
588489,18.1593,D
588598,18.1593,D
588598,18.1593,D
588598,18.1593,D
588708,18.1593,D
588708,18.1593,D
588817,18.1592,D
588817,18.1591,D
588817,18.1591,D
588928,18.1591,D
588928,18.1591,D
589038,18.1592,D
589038,18.1592,D
589038,18.1592,D
589145,18.1592,D
589145,18.1592,D
589253,18.1592,D
589254,18.1592,D
589254,18.1592,D
589362,18.1593,D
589471,18.1593,D
589472,18.1593,D
589472,18.1593,D
589583,18.1593,D
589583,18.1593,D
589694,18.1593,D
589694,18.1594,D
589694,18.1959,D
589804,18.2020,D
589805,18.2028,D
589914,18.2028,D
589915,18.2026,D
589915,18.2023,D
590025,18.2019,D
590025,18.2016,D
590133,18.2013,D
590133,18.2011,D
590133,18.2009,D
590244,18.2007,D
590245,18.2006,D
590354,18.2004,D
590354,18.2003,D
590354,18.2002,D
590464,18.2001,D
590464,18.2000,D
590464,18.1999,D
590573,18.1997,D
590573,18.1997,D
590682,18.1996,D
590683,18.1996,D
590683,18.1996,D
590794,18.1996,D
590794,18.1996,D
590905,18.1996,D
590905,18.1995,D
591014,18.1995,D
591014,18.1995,D
591014,18.1994,D
591122,18.1994,D
591122,18.1994,D
591122,18.1994,D
591231,18.1994,D
591231,18.1994,D
591340,18.1994,D
591340,18.1994,D
591340,18.1994,D
591448,18.1994,D
591449,18.1994,D
591557,18.1994,D
591557,18.1994,D
591667,18.1994,D
591667,18.1994,D
591667,18.1994,D
591776,18.1994,D
591777,18.1993,D
591777,18.1993,D
591887,18.1993,D
591887,18.1993,D
591995,18.1993,D
591996,18.1993,D
592105,18.1993,D
592105,18.1993,D
592105,18.2199,D
592214,18.2415,D
592214,18.2428,D
592323,18.2429,D
592323,18.2427,D
592323,18.2425,D
592433,18.2421,D
592433,18.2418,D
592433,18.2415,D
592541,18.2412,D
592541,18.2410,D
592651,18.2408,D
592652,18.2407,D
592652,18.2405,D
592760,18.2404,D
592760,18.2403,D
592868,18.2402,D
592868,18.2401,D
592868,18.2401,D
592979,18.2399,D
592979,18.2398,D
593086,18.2398,D
593086,18.2397,D
593086,18.2397,D
593193,18.2397,D
593193,18.2397,D
593304,18.2397,D
593304,18.2397,D
593304,18.2397,D
593413,18.2397,D
593414,18.2396,D
593523,18.2396,D
593524,18.2396,D
593633,18.2396,D
593634,18.2396,D
593634,18.2396,D
593742,18.2396,D
593742,18.2396,D
593742,18.2395,D
593852,18.2395,D
593852,18.2395,D
593960,18.2395,D
593960,18.2395,D
593960,18.2395,D
594069,18.2395,D
594069,18.2395,D
594178,18.2395,D
594178,18.2395,D
594288,18.2395,D
594288,18.2395,D
594288,18.2395,D
594396,18.2395,D
594396,18.2395,D
594506,18.2395,D
594506,18.2395,D
594506,18.2420,D
594615,18.2821,D
594615,18.2832,D
594615,18.2833,D
594724,18.2831,D
594724,18.2828,D
594834,18.2824,D
594834,18.2821,D
594941,18.2818,D
594941,18.2815,D
594941,18.2813,D
595051,18.2811,D
595051,18.2810,D
595051,18.2808,D
595161,18.2807,D
595161,18.2806,D
595267,18.2805,D
595267,18.2804,D
595376,18.2804,D
595376,18.2802,D
595376,18.2801,D
595486,18.2801,D
595486,18.2801,D
595596,18.2800,D
595596,18.2800,D
595596,18.2800,D
595706,18.2800,D
595707,18.2800,D
595707,18.2800,D
595815,18.2800,D
595815,18.2800,D
595924,18.2800,D
595924,18.2800,D
595924,18.2800,D
596034,18.2800,D
596034,18.2800,D
596144,18.2800,D
596145,18.2800,D
596254,18.2800,D
596254,18.2801,D
596254,18.2801,D
596364,18.2801,D
596364,18.2801,D
596364,18.2801,D
596474,18.2801,D
596474,18.2801,D
596584,18.2801,D
596584,18.2801,D
596584,18.2801,D
596693,18.2801,D
596693,18.2801,D
596803,18.2801,D
596803,18.2801,D
596914,18.2801,D
596914,18.2801,D
596914,18.2801,D
597023,18.3113,D
597023,18.3225,D
597023,18.3237,D
597131,18.3238,D
597131,18.3236,D
597240,18.3232,D
597240,18.3227,D
597241,18.3223,D
597350,18.3220,D
597350,18.3218,D
597461,18.3217,D
597461,18.3215,D
597570,18.3214,D
597570,18.3213,D
597570,18.3211,D
597680,18.3210,D
597680,18.3210,D
597680,18.3209,D
597789,18.3209,D
597789,18.3209,D
597898,18.3209,D
597898,18.3208,D
597899,18.3208,D
598008,18.3207,D
598008,18.3207,D
598116,18.3207,D
598116,18.3207,D
598116,18.3207,D
598226,18.3207,D
598226,18.3207,D
598336,18.3207,D
598336,18.3207,D
598336,18.3207,D
598445,18.3206,D
598445,18.3206,D
598553,18.3206,D
598553,18.3206,D
598553,18.3206,D
598661,18.3206,D
598661,18.3206,D
598769,18.3206,D
598770,18.3206,D
598877,18.3206,D
598877,18.3206,D
598877,18.3206,D
598986,18.3206,D
598986,18.3206,D
598986,18.3206,D
599096,18.3206,D
599096,18.3206,D
599206,18.3206,D
599206,18.3206,D
599206,18.3206,D
599316,18.3206,D
599316,18.3206,D
599427,18.3254,D
599427,18.3628,D
599536,18.3639,D
599536,18.3640,D
599536,18.3638,D
599646,18.3636,D
599646,18.3634,D
599646,18.3631,D
599754,18.3628,D
599754,18.3625,D
599864,18.3623,D
599864,18.3621,D
599864,18.3619,D
599974,18.3618,D
599974,18.3616,D
600084,18.3616,D
600084,18.3615,D
