ISO-10303-21;
HEADER;
/* Generated by software containing ST-Developer
 * from STEP Tools, Inc. (www.steptools.com) 
 */
/* OPTION: using custom renumber hook */

FILE_DESCRIPTION(
/* description */ ('STEP AP242 Edition 2',
'CAx-IF Rec.Pracs.---Representation and Presentation of Product Manufa
cturing Information (PMI)---4.0---2014-10-13',
'CAx-IF Rec.Pracs.---3D Tessellated Geometry---0.4---2014-09-14','2;1',
'CAx-IF Rec.Pracs.---User Defined Attributes---1.5---2016-08-15'),
/* implementation_level */ '2;1');

FILE_NAME(
/* name */ 'Assembly 1 - Back Casing',
/* time_stamp */ '2026-05-14T07:43:53Z',
/* author */ (''),
/* organization */ (''),
/* preprocessor_version */ 'ST-DEVELOPER v20',
/* originating_system */ 'ONSHAPE BY PTC INC, 1.214',
/* authorisation */ '  ');

FILE_SCHEMA (('AP242_MANAGED_MODEL_BASED_3D_ENGINEERING_MIM_LF { 1 0 10303 442 3 1 4 }'));
ENDSEC;

DATA;
#10=SHAPE_REPRESENTATION_RELATIONSHIP('','',#6641,#11);
#11=ADVANCED_BREP_SHAPE_REPRESENTATION('',(#6639),#11454);
#12=ORIENTED_CLOSED_SHELL('',*,#6629,.F.);
#13=ORIENTED_CLOSED_SHELL('',*,#6630,.F.);
#14=CONICAL_SURFACE('',#7266,0.002849372,1.04719755119662);
#15=SPHERICAL_SURFACE('',#6912,0.0009017);
#16=SPHERICAL_SURFACE('',#6918,0.0009017);
#17=TOROIDAL_SURFACE('',#6848,0.0072136,0.0009017);
#18=TOROIDAL_SURFACE('',#6854,0.0072136,0.0009017);
#19=TOROIDAL_SURFACE('',#7226,0.0059017,0.005);
#20=TOROIDAL_SURFACE('',#7231,0.0059017,0.005);
#21=B_SPLINE_CURVE_WITH_KNOTS('',3,(#9415,#9416,#9417,#9418,#9419),
 .UNSPECIFIED.,.F.,.F.,(4,1,4),(0.,0.000533076768964438,0.00106615353792888),
 .UNSPECIFIED.);
#22=B_SPLINE_CURVE_WITH_KNOTS('',3,(#9421,#9422,#9423,#9424),
 .UNSPECIFIED.,.F.,.F.,(4,4),(0.00156359887922192,0.00281799359097577),
 .UNSPECIFIED.);
#23=B_SPLINE_CURVE_WITH_KNOTS('',3,(#9428,#9429,#9430,#9431),
 .UNSPECIFIED.,.F.,.F.,(4,4),(2.59629636315952E-17,0.00040511475944151),
 .UNSPECIFIED.);
#24=B_SPLINE_CURVE_WITH_KNOTS('',3,(#9435,#9436,#9437,#9438),
 .UNSPECIFIED.,.F.,.F.,(4,4),(0.,0.000100647003555797),.UNSPECIFIED.);
#25=B_SPLINE_CURVE_WITH_KNOTS('',3,(#9440,#9441,#9442,#9443),
 .UNSPECIFIED.,.F.,.F.,(4,4),(0.,0.000335491756424116),.UNSPECIFIED.);
#26=B_SPLINE_CURVE_WITH_KNOTS('',3,(#9467,#9468,#9469,#9470),
 .UNSPECIFIED.,.F.,.F.,(4,4),(0.000295699228038048,0.00164314182699658),
 .UNSPECIFIED.);
#27=B_SPLINE_CURVE_WITH_KNOTS('',3,(#9474,#9475,#9476,#9477),
 .UNSPECIFIED.,.F.,.F.,(4,4),(8.54252242016652E-18,0.00040511475944148),
 .UNSPECIFIED.);
#28=B_SPLINE_CURVE_WITH_KNOTS('',3,(#9481,#9482,#9483,#9484),
 .UNSPECIFIED.,.F.,.F.,(4,4),(0.,0.000100647003555797),.UNSPECIFIED.);
#29=B_SPLINE_CURVE_WITH_KNOTS('',3,(#9486,#9487,#9488,#9489),
 .UNSPECIFIED.,.F.,.F.,(4,4),(0.,0.000335491756424115),.UNSPECIFIED.);
#30=B_SPLINE_CURVE_WITH_KNOTS('',3,(#9491,#9492,#9493,#9494),
 .UNSPECIFIED.,.F.,.F.,(4,4),(0.,0.000124851654749728),.UNSPECIFIED.);
#31=B_SPLINE_CURVE_WITH_KNOTS('',3,(#9497,#9498,#9499,#9500),
 .UNSPECIFIED.,.F.,.F.,(4,4),(0.000168025765453091,0.00119450916022201),
 .UNSPECIFIED.);
#32=B_SPLINE_CURVE_WITH_KNOTS('',3,(#9504,#9505,#9506,#9507),
 .UNSPECIFIED.,.F.,.F.,(4,4),(0.,0.000405114759441538),.UNSPECIFIED.);
#33=B_SPLINE_CURVE_WITH_KNOTS('',3,(#9511,#9512,#9513,#9514),
 .UNSPECIFIED.,.F.,.F.,(4,4),(0.,0.000100647003555796),.UNSPECIFIED.);
#34=B_SPLINE_CURVE_WITH_KNOTS('',3,(#9706,#9707,#9708,#9709,#9710),
 .UNSPECIFIED.,.F.,.F.,(4,1,4),(0.,0.00105799481160861,0.00211598962321722),
 .UNSPECIFIED.);
#35=B_SPLINE_CURVE_WITH_KNOTS('',3,(#9736,#9737,#9738,#9739,#9740,#9741,
#9742,#9743,#9744,#9745),.UNSPECIFIED.,.F.,.F.,(4,1,1,1,1,1,1,4),(2.58717327096448E-12,
0.000181545852107623,0.000363091701628072,0.000726183400668971,0.00108927509970987,
0.00145236679875077,0.00217855019683257,0.00290473359491436),
 .UNSPECIFIED.);
#36=B_SPLINE_CURVE_WITH_KNOTS('',3,(#9757,#9758,#9759,#9760,#9761,#9762,
#9763,#9764,#9765,#9766),.UNSPECIFIED.,.F.,.F.,(4,1,1,1,1,1,1,4),(0.00689649325341862,
0.00762204270750822,0.00834759216159782,0.00871036688864261,0.00907314161568741,
0.00943591634273221,0.00961730370625461,0.00979869106977701),
 .UNSPECIFIED.);
#37=B_SPLINE_CURVE_WITH_KNOTS('',3,(#10007,#10008,#10009,#10010,#10011),
 .UNSPECIFIED.,.F.,.F.,(4,1,4),(1.07286721840365E-17,0.0024210245320388,
0.0048420490640776),.UNSPECIFIED.);
#38=B_SPLINE_CURVE_WITH_KNOTS('',3,(#10012,#10013,#10014,#10015,#10016),
 .UNSPECIFIED.,.F.,.F.,(4,1,4),(0.,0.00242102453203877,0.00484204906407754),
 .UNSPECIFIED.);
#39=B_SPLINE_CURVE_WITH_KNOTS('',3,(#10054,#10055,#10056,#10057,#10058,
#10059,#10060),.UNSPECIFIED.,.F.,.F.,(4,1,1,1,4),(0.000464174260998568,
0.00252945168233593,0.00459472910367329,0.00666000652501065,0.00872528394634801),
 .UNSPECIFIED.);
#40=B_SPLINE_CURVE_WITH_KNOTS('',3,(#10061,#10062,#10063,#10064),
 .UNSPECIFIED.,.F.,.F.,(4,4),(6.91119144963967E-17,0.00040511475944145),
 .UNSPECIFIED.);
#41=B_SPLINE_CURVE_WITH_KNOTS('',3,(#10068,#10069,#10070,#10071),
 .UNSPECIFIED.,.F.,.F.,(4,4),(0.,0.0001006470035558),.UNSPECIFIED.);
#42=B_SPLINE_CURVE_WITH_KNOTS('',3,(#10073,#10074,#10075,#10076),
 .UNSPECIFIED.,.F.,.F.,(4,4),(0.,0.000335491756424167),.UNSPECIFIED.);
#43=B_SPLINE_CURVE_WITH_KNOTS('',3,(#10080,#10081,#10082,#10083),
 .UNSPECIFIED.,.F.,.F.,(4,4),(0.,0.000334062558461031),.UNSPECIFIED.);
#44=B_SPLINE_CURVE_WITH_KNOTS('',3,(#10085,#10086,#10087,#10088),
 .UNSPECIFIED.,.F.,.F.,(4,4),(0.000470603233885722,0.000570584168227578),
 .UNSPECIFIED.);
#45=B_SPLINE_CURVE_WITH_KNOTS('',3,(#10092,#10093,#10094,#10095),
 .UNSPECIFIED.,.F.,.F.,(4,4),(1.01998937649437E-16,0.000407423946542009),
 .UNSPECIFIED.);
#46=B_SPLINE_CURVE_WITH_KNOTS('',3,(#10100,#10101,#10102,#10103),
 .UNSPECIFIED.,.F.,.F.,(4,4),(0.000459161363270742,0.00175711877431109),
 .UNSPECIFIED.);
#47=B_SPLINE_CURVE_WITH_KNOTS('',3,(#10105,#10106,#10107,#10108),
 .UNSPECIFIED.,.F.,.F.,(4,4),(4.24697207769812E-5,0.000334062558461056),
 .UNSPECIFIED.);
#48=B_SPLINE_CURVE_WITH_KNOTS('',3,(#10110,#10111,#10112,#10113),
 .UNSPECIFIED.,.F.,.F.,(4,4),(0.000470603233885724,0.000570584168227578),
 .UNSPECIFIED.);
#49=B_SPLINE_CURVE_WITH_KNOTS('',3,(#10117,#10118,#10119,#10120),
 .UNSPECIFIED.,.F.,.F.,(4,4),(1.19897662840541E-16,0.000407423946542062),
 .UNSPECIFIED.);
#50=B_SPLINE_CURVE_WITH_KNOTS('',3,(#10122,#10123,#10124,#10125),
 .UNSPECIFIED.,.F.,.F.,(4,4),(0.000500508553646601,0.00175472126466372),
 .UNSPECIFIED.);
#51=B_SPLINE_CURVE_WITH_KNOTS('',3,(#10128,#10129,#10130,#10131,#10132),
 .UNSPECIFIED.,.F.,.F.,(4,1,4),(1.40946282423116E-18,0.000520606878338712,
0.00104121375667742),.UNSPECIFIED.);
#52=B_SPLINE_CURVE_WITH_KNOTS('',3,(#10133,#10134,#10135,#10136),
 .UNSPECIFIED.,.F.,.F.,(4,4),(0.,0.000334062558460962),.UNSPECIFIED.);
#53=B_SPLINE_CURVE_WITH_KNOTS('',3,(#10138,#10139,#10140,#10141),
 .UNSPECIFIED.,.F.,.F.,(4,4),(0.000470603233885725,0.000570584168227576),
 .UNSPECIFIED.);
#54=B_SPLINE_CURVE_WITH_KNOTS('',3,(#10145,#10146,#10147,#10148),
 .UNSPECIFIED.,.F.,.F.,(4,4),(1.64240848401285E-16,0.000407423946542033),
 .UNSPECIFIED.);
#55=B_SPLINE_CURVE_WITH_KNOTS('',3,(#10155,#10156,#10157,#10158),
 .UNSPECIFIED.,.F.,.F.,(4,4),(0.000431616626345098,0.00134874067410102),
 .UNSPECIFIED.);
#56=B_SPLINE_CURVE_WITH_KNOTS('',3,(#10160,#10161,#10162,#10163),
 .UNSPECIFIED.,.F.,.F.,(4,4),(0.000301125609656597,0.000334062558461012),
 .UNSPECIFIED.);
#57=B_SPLINE_CURVE_WITH_KNOTS('',3,(#10165,#10166,#10167,#10168),
 .UNSPECIFIED.,.F.,.F.,(4,4),(0.000470603233885723,0.000570584168227577),
 .UNSPECIFIED.);
#58=B_SPLINE_CURVE_WITH_KNOTS('',3,(#10172,#10173,#10174,#10175),
 .UNSPECIFIED.,.F.,.F.,(4,4),(6.90642741002368E-17,0.000407423946542134),
 .UNSPECIFIED.);
#59=B_SPLINE_CURVE_WITH_KNOTS('',3,(#10180,#10181,#10182,#10183,#10184,
#10185,#10186),.UNSPECIFIED.,.F.,.F.,(4,1,1,1,4),(0.000333503404452328,
0.00178473563052753,0.00323596785660274,0.00468720008267794,0.00613843230875315),
 .UNSPECIFIED.);
#60=B_SPLINE_CURVE_WITH_KNOTS('',3,(#10187,#10188,#10189,#10190),
 .UNSPECIFIED.,.F.,.F.,(4,4),(2.76775388816251E-17,0.000334062558461066),
 .UNSPECIFIED.);
#61=B_SPLINE_CURVE_WITH_KNOTS('',3,(#10192,#10193,#10194,#10195),
 .UNSPECIFIED.,.F.,.F.,(4,4),(0.000470603233885724,0.00057058416822757),
 .UNSPECIFIED.);
#62=B_SPLINE_CURVE_WITH_KNOTS('',3,(#10199,#10200,#10201,#10202),
 .UNSPECIFIED.,.F.,.F.,(4,4),(8.20574172187146E-17,0.000407423946542067),
 .UNSPECIFIED.);
#63=B_SPLINE_CURVE_WITH_KNOTS('',3,(#10206,#10207,#10208,#10209),
 .UNSPECIFIED.,.F.,.F.,(4,4),(6.87408118311783E-17,0.000405114759441481),
 .UNSPECIFIED.);
#64=B_SPLINE_CURVE_WITH_KNOTS('',3,(#10213,#10214,#10215,#10216),
 .UNSPECIFIED.,.F.,.F.,(4,4),(0.,0.000100647003555798),.UNSPECIFIED.);
#65=B_SPLINE_CURVE_WITH_KNOTS('',3,(#10218,#10219,#10220,#10221),
 .UNSPECIFIED.,.F.,.F.,(4,4),(1.51478215358021E-17,0.000335491756424168),
 .UNSPECIFIED.);
#66=B_SPLINE_CURVE_WITH_KNOTS('',3,(#10223,#10224,#10225,#10226),
 .UNSPECIFIED.,.F.,.F.,(4,4),(0.,0.000405114759441469),.UNSPECIFIED.);
#67=B_SPLINE_CURVE_WITH_KNOTS('',3,(#10231,#10232,#10233,#10234),
 .UNSPECIFIED.,.F.,.F.,(4,4),(0.,0.000100647003555798),.UNSPECIFIED.);
#68=B_SPLINE_CURVE_WITH_KNOTS('',3,(#10236,#10237,#10238,#10239),
 .UNSPECIFIED.,.F.,.F.,(4,4),(3.06535995320827E-17,0.000335491756424189),
 .UNSPECIFIED.);
#69=B_SPLINE_CURVE_WITH_KNOTS('',3,(#10243,#10244,#10245,#10246),
 .UNSPECIFIED.,.F.,.F.,(4,4),(2.82958073260347E-17,0.000334062558461065),
 .UNSPECIFIED.);
#70=B_SPLINE_CURVE_WITH_KNOTS('',3,(#10248,#10249,#10250,#10251),
 .UNSPECIFIED.,.F.,.F.,(4,4),(0.000470603233885724,0.000570584168227578),
 .UNSPECIFIED.);
#71=B_SPLINE_CURVE_WITH_KNOTS('',3,(#10255,#10256,#10257,#10258),
 .UNSPECIFIED.,.F.,.F.,(4,4),(1.31759071373959E-16,0.000407423946542092),
 .UNSPECIFIED.);
#72=B_SPLINE_CURVE_WITH_KNOTS('',3,(#10262,#10263,#10264,#10265),
 .UNSPECIFIED.,.F.,.F.,(4,4),(0.,0.000405114759441456),.UNSPECIFIED.);
#73=B_SPLINE_CURVE_WITH_KNOTS('',3,(#10270,#10271,#10272,#10273),
 .UNSPECIFIED.,.F.,.F.,(4,4),(0.,0.000100647003555797),.UNSPECIFIED.);
#74=B_SPLINE_CURVE_WITH_KNOTS('',3,(#10275,#10276,#10277,#10278),
 .UNSPECIFIED.,.F.,.F.,(4,4),(1.51478215358021E-17,0.000335491756424215),
 .UNSPECIFIED.);
#75=B_SPLINE_CURVE_WITH_KNOTS('',3,(#10282,#10283,#10284,#10285),
 .UNSPECIFIED.,.F.,.F.,(4,4),(0.,0.000334062558461037),.UNSPECIFIED.);
#76=B_SPLINE_CURVE_WITH_KNOTS('',3,(#10287,#10288,#10289,#10290),
 .UNSPECIFIED.,.F.,.F.,(4,4),(0.000470603233885726,0.000570584168227581),
 .UNSPECIFIED.);
#77=B_SPLINE_CURVE_WITH_KNOTS('',3,(#10294,#10295,#10296,#10297),
 .UNSPECIFIED.,.F.,.F.,(4,4),(7.55165298051043E-17,0.000407423946542086),
 .UNSPECIFIED.);
#78=B_SPLINE_CURVE_WITH_KNOTS('',3,(#10301,#10302,#10303,#10304),
 .UNSPECIFIED.,.F.,.F.,(4,4),(2.59629636315952E-17,0.000405114759441487),
 .UNSPECIFIED.);
#79=B_SPLINE_CURVE_WITH_KNOTS('',3,(#10309,#10310,#10311,#10312),
 .UNSPECIFIED.,.F.,.F.,(4,4),(0.,0.000100647003555799),.UNSPECIFIED.);
#80=B_SPLINE_CURVE_WITH_KNOTS('',3,(#10314,#10315,#10316,#10317),
 .UNSPECIFIED.,.F.,.F.,(4,4),(3.06535995320827E-17,0.000335491756424241),
 .UNSPECIFIED.);
#81=B_SPLINE_CURVE_WITH_KNOTS('',3,(#10321,#10322,#10323,#10324),
 .UNSPECIFIED.,.F.,.F.,(4,4),(3.03576608295941E-18,0.000334062558461083),
 .UNSPECIFIED.);
#82=B_SPLINE_CURVE_WITH_KNOTS('',3,(#10326,#10327,#10328,#10329),
 .UNSPECIFIED.,.F.,.F.,(4,4),(0.000470603233885721,0.000570584168227574),
 .UNSPECIFIED.);
#83=B_SPLINE_CURVE_WITH_KNOTS('',3,(#10333,#10334,#10335,#10336),
 .UNSPECIFIED.,.F.,.F.,(4,4),(7.55165298051043E-17,0.000407423946542122),
 .UNSPECIFIED.);
#84=B_SPLINE_CURVE_WITH_KNOTS('',3,(#10340,#10341,#10342,#10343),
 .UNSPECIFIED.,.F.,.F.,(4,4),(7.80625564189563E-18,0.000405114759441548),
 .UNSPECIFIED.);
#85=B_SPLINE_CURVE_WITH_KNOTS('',3,(#10348,#10349,#10350,#10351),
 .UNSPECIFIED.,.F.,.F.,(4,4),(0.,0.000100647003555799),.UNSPECIFIED.);
#86=B_SPLINE_CURVE_WITH_KNOTS('',3,(#10353,#10354,#10355,#10356),
 .UNSPECIFIED.,.F.,.F.,(4,4),(1.55158384577955E-17,0.000335491756424201),
 .UNSPECIFIED.);
#87=B_SPLINE_CURVE_WITH_KNOTS('',3,(#10360,#10361,#10362,#10363),
 .UNSPECIFIED.,.F.,.F.,(4,4),(3.03576608295941E-18,0.000334062558461072),
 .UNSPECIFIED.);
#88=B_SPLINE_CURVE_WITH_KNOTS('',3,(#10365,#10366,#10367,#10368),
 .UNSPECIFIED.,.F.,.F.,(4,4),(0.000470603233885728,0.000570584168227576),
 .UNSPECIFIED.);
#89=B_SPLINE_CURVE_WITH_KNOTS('',3,(#10372,#10373,#10374,#10375),
 .UNSPECIFIED.,.F.,.F.,(4,4),(1.13243865925404E-16,0.000407423946542088),
 .UNSPECIFIED.);
#90=B_SPLINE_CURVE_WITH_KNOTS('',3,(#10382,#10383,#10384,#10385),
 .UNSPECIFIED.,.F.,.F.,(4,4),(2.61868560698565E-16,0.000100647003555796),
 .UNSPECIFIED.);
#91=B_SPLINE_CURVE_WITH_KNOTS('',3,(#10387,#10388,#10389,#10390),
 .UNSPECIFIED.,.F.,.F.,(4,4),(1.55158384577955E-17,0.000335491756424159),
 .UNSPECIFIED.);
#92=B_SPLINE_CURVE_WITH_KNOTS('',3,(#10394,#10395,#10396,#10397),
 .UNSPECIFIED.,.F.,.F.,(4,4),(2.6482955829639E-17,0.000334062558460993),
 .UNSPECIFIED.);
#93=B_SPLINE_CURVE_WITH_KNOTS('',3,(#10399,#10400,#10401,#10402),
 .UNSPECIFIED.,.F.,.F.,(4,4),(0.000470603233885728,0.000570584168227581),
 .UNSPECIFIED.);
#94=B_SPLINE_CURVE_WITH_KNOTS('',3,(#10406,#10407,#10408,#10409),
 .UNSPECIFIED.,.F.,.F.,(4,4),(7.55165298051043E-17,0.00040742394654218),
 .UNSPECIFIED.);
#95=B_SPLINE_CURVE_WITH_KNOTS('',3,(#10410,#10411,#10412,#10413),
 .UNSPECIFIED.,.F.,.F.,(4,4),(0.,0.00305342098476899),.UNSPECIFIED.);
#96=B_SPLINE_CURVE_WITH_KNOTS('',3,(#10416,#10417,#10418,#10419),
 .UNSPECIFIED.,.F.,.F.,(4,4),(1.63653485417008E-17,0.000405114759441495),
 .UNSPECIFIED.);
#97=B_SPLINE_CURVE_WITH_KNOTS('',3,(#10424,#10425,#10426,#10427),
 .UNSPECIFIED.,.F.,.F.,(4,4),(2.1527352202911E-17,0.000405114759441373),
 .UNSPECIFIED.);
#98=B_SPLINE_CURVE_WITH_KNOTS('',3,(#10431,#10432,#10433,#10434),
 .UNSPECIFIED.,.F.,.F.,(4,4),(0.,0.0001006470035558),.UNSPECIFIED.);
#99=B_SPLINE_CURVE_WITH_KNOTS('',3,(#10436,#10437,#10438,#10439),
 .UNSPECIFIED.,.F.,.F.,(4,4),(0.,0.000335491756424162),.UNSPECIFIED.);
#100=B_SPLINE_CURVE_WITH_KNOTS('',3,(#10443,#10444,#10445,#10446),
 .UNSPECIFIED.,.F.,.F.,(4,4),(0.,0.000334062558460995),.UNSPECIFIED.);
#101=B_SPLINE_CURVE_WITH_KNOTS('',3,(#10448,#10449,#10450,#10451),
 .UNSPECIFIED.,.F.,.F.,(4,4),(0.000470603233885724,0.000570584168227313),
 .UNSPECIFIED.);
#102=B_SPLINE_CURVE_WITH_KNOTS('',3,(#10455,#10456,#10457,#10458),
 .UNSPECIFIED.,.F.,.F.,(4,4),(1.01998937649437E-16,0.000407423946541992),
 .UNSPECIFIED.);
#103=B_SPLINE_CURVE_WITH_KNOTS('',3,(#10499,#10500,#10501,#10502),
 .UNSPECIFIED.,.F.,.F.,(4,4),(0.,0.000631555736203678),.UNSPECIFIED.);
#104=B_SPLINE_CURVE_WITH_KNOTS('',3,(#10511,#10512,#10513,#10514),
 .UNSPECIFIED.,.F.,.F.,(4,4),(2.77642478781794E-16,0.000561622107208871),
 .UNSPECIFIED.);
#105=B_SPLINE_CURVE_WITH_KNOTS('',3,(#10528,#10529,#10530,#10531),
 .UNSPECIFIED.,.F.,.F.,(4,4),(0.,5.95118692120207E-5),.UNSPECIFIED.);
#106=B_SPLINE_CURVE_WITH_KNOTS('',3,(#10808,#10809,#10810,#10811,#10812,
#10813),.UNSPECIFIED.,.F.,.F.,(4,1,1,4),(0.,0.00409312571852136,0.00613968857778204,
0.00818625143704272),.UNSPECIFIED.);
#107=B_SPLINE_CURVE_WITH_KNOTS('',3,(#10814,#10815,#10816,#10817,#10818,
#10819),.UNSPECIFIED.,.F.,.F.,(4,1,1,4),(0.,0.00409312571852137,0.00613968857778205,
0.00818625143704273),.UNSPECIFIED.);
#108=B_SPLINE_CURVE_WITH_KNOTS('',3,(#10954,#10955,#10956,#10957),
 .UNSPECIFIED.,.F.,.F.,(4,4),(7.152448122691E-18,0.000333207243263672),
 .UNSPECIFIED.);
#109=B_SPLINE_CURVE_WITH_KNOTS('',3,(#10963,#10964,#10965,#10966),
 .UNSPECIFIED.,.F.,.F.,(4,4),(0.,0.000333142720055531),.UNSPECIFIED.);
#110=B_SPLINE_CURVE_WITH_KNOTS('',3,(#10968,#10969,#10970,#10971),
 .UNSPECIFIED.,.F.,.F.,(4,4),(7.05981306231723E-18,0.000332500997492732),
 .UNSPECIFIED.);
#111=B_SPLINE_CURVE_WITH_KNOTS('',3,(#10977,#10978,#10979,#10980),
 .UNSPECIFIED.,.F.,.F.,(4,4),(0.,0.000332430428763752),.UNSPECIFIED.);
#112=B_SPLINE_CURVE_WITH_KNOTS('',3,(#10990,#10991,#10992,#10993),
 .UNSPECIFIED.,.F.,.F.,(4,4),(7.57391076790106E-18,0.000337240578897219),
 .UNSPECIFIED.);
#113=B_SPLINE_CURVE_WITH_KNOTS('',3,(#10999,#11000,#11001,#11002),
 .UNSPECIFIED.,.F.,.F.,(4,4),(1.00438092375914E-16,0.000337131499173575),
 .UNSPECIFIED.);
#114=B_SPLINE_CURVE_WITH_KNOTS('',3,(#11004,#11005,#11006,#11007),
 .UNSPECIFIED.,.F.,.F.,(4,4),(4.4246076793694E-17,0.000330114188440976),
 .UNSPECIFIED.);
#115=B_SPLINE_CURVE_WITH_KNOTS('',3,(#11013,#11014,#11015,#11016),
 .UNSPECIFIED.,.F.,.F.,(4,4),(0.,0.000330085095391657),.UNSPECIFIED.);
#116=B_SPLINE_CURVE_WITH_KNOTS('',3,(#11168,#11169,#11170,#11171),
 .UNSPECIFIED.,.F.,.F.,(4,4),(0.000210420388344577,0.000372456940446165),
 .UNSPECIFIED.);
#117=B_SPLINE_CURVE_WITH_KNOTS('',3,(#11173,#11174,#11175,#11176),
 .UNSPECIFIED.,.F.,.F.,(4,4),(4.09133713542521E-18,0.000253120674878542),
 .UNSPECIFIED.);
#118=B_SPLINE_CURVE_WITH_KNOTS('',3,(#11178,#11179,#11180,#11181),
 .UNSPECIFIED.,.F.,.F.,(4,4),(1.0444418402013E-17,0.000328860597637369),
 .UNSPECIFIED.);
#119=B_SPLINE_CURVE_WITH_KNOTS('',3,(#11183,#11184,#11185,#11186),
 .UNSPECIFIED.,.F.,.F.,(4,4),(0.,0.000328856891224123),.UNSPECIFIED.);
#120=B_SPLINE_CURVE_WITH_KNOTS('',3,(#11188,#11189,#11190,#11191),
 .UNSPECIFIED.,.F.,.F.,(4,4),(1.12757025938492E-17,0.000357530367934998),
 .UNSPECIFIED.);
#121=B_SPLINE_CURVE_WITH_KNOTS('',3,(#11193,#11194,#11195,#11196),
 .UNSPECIFIED.,.F.,.F.,(4,4),(0.,0.000357268157782141),.UNSPECIFIED.);
#122=B_SPLINE_CURVE_WITH_KNOTS('',3,(#11201,#11202,#11203,#11204),
 .UNSPECIFIED.,.F.,.F.,(4,4),(8.7289520232855E-17,2.99503312928617E-5),
 .UNSPECIFIED.);
#123=B_SPLINE_CURVE_WITH_KNOTS('',3,(#11206,#11207,#11208,#11209),
 .UNSPECIFIED.,.F.,.F.,(4,4),(0.,0.000330726624487105),.UNSPECIFIED.);
#124=B_SPLINE_CURVE_WITH_KNOTS('',3,(#11211,#11212,#11213,#11214),
 .UNSPECIFIED.,.F.,.F.,(4,4),(0.,0.000330703029513845),.UNSPECIFIED.);
#125=B_SPLINE_CURVE_WITH_KNOTS('',3,(#11216,#11217,#11218,#11219),
 .UNSPECIFIED.,.F.,.F.,(4,4),(0.,0.000346248888787518),.UNSPECIFIED.);
#126=B_SPLINE_CURVE_WITH_KNOTS('',3,(#11221,#11222,#11223,#11224),
 .UNSPECIFIED.,.F.,.F.,(4,4),(1.77809156287623E-17,0.000346125494144855),
 .UNSPECIFIED.);
#127=B_SPLINE_CURVE_WITH_KNOTS('',3,(#11335,#11336,#11337,#11338,#11339,
#11340,#11341,#11342,#11343),.UNSPECIFIED.,.F.,.F.,(4,1,1,1,1,1,4),(0.,
0.00110374055113048,0.00220748110226095,0.00331122165339143,0.00441496220452191,
0.00662244330678286,0.00882992440904381),.UNSPECIFIED.);
#128=B_SPLINE_CURVE_WITH_KNOTS('',3,(#11433,#11434,#11435,#11436),
 .UNSPECIFIED.,.F.,.F.,(4,4),(0.,0.000854779451098492),.UNSPECIFIED.);
#129=B_SPLINE_CURVE_WITH_KNOTS('',3,(#11446,#11447,#11448,#11449),
 .UNSPECIFIED.,.F.,.F.,(4,4),(0.000453263263559931,0.000594616483850233),
 .UNSPECIFIED.);
#130=CYLINDRICAL_SURFACE('',#6709,0.0009017);
#131=CYLINDRICAL_SURFACE('',#6712,0.0009017);
#132=CYLINDRICAL_SURFACE('',#6720,0.00676275);
#133=CYLINDRICAL_SURFACE('',#6729,0.00676275);
#134=CYLINDRICAL_SURFACE('',#6732,0.00676275);
#135=CYLINDRICAL_SURFACE('',#6784,0.004);
#136=CYLINDRICAL_SURFACE('',#6787,0.004);
#137=CYLINDRICAL_SURFACE('',#6797,0.005000001172987);
#138=CYLINDRICAL_SURFACE('',#6799,0.00500000117298702);
#139=CYLINDRICAL_SURFACE('',#6800,0.005000001172987);
#140=CYLINDRICAL_SURFACE('',#6803,0.0005);
#141=CYLINDRICAL_SURFACE('',#6804,0.0021);
#142=CYLINDRICAL_SURFACE('',#6805,0.0005);
#143=CYLINDRICAL_SURFACE('',#6807,0.0005);
#144=CYLINDRICAL_SURFACE('',#6808,0.00210000000000004);
#145=CYLINDRICAL_SURFACE('',#6810,0.0021);
#146=CYLINDRICAL_SURFACE('',#6811,0.0005);
#147=CYLINDRICAL_SURFACE('',#6812,0.0005);
#148=CYLINDRICAL_SURFACE('',#6813,0.0021);
#149=CYLINDRICAL_SURFACE('',#6814,0.0005);
#150=CYLINDRICAL_SURFACE('',#6816,0.002000001172987);
#151=CYLINDRICAL_SURFACE('',#6818,0.0005);
#152=CYLINDRICAL_SURFACE('',#6821,0.0021);
#153=CYLINDRICAL_SURFACE('',#6823,0.000825);
#154=CYLINDRICAL_SURFACE('',#6824,0.000825);
#155=CYLINDRICAL_SURFACE('',#6825,0.005000001172987);
#156=CYLINDRICAL_SURFACE('',#6826,0.0005);
#157=CYLINDRICAL_SURFACE('',#6827,0.000837439);
#158=CYLINDRICAL_SURFACE('',#6828,0.000837439);
#159=CYLINDRICAL_SURFACE('',#6829,0.000825);
#160=CYLINDRICAL_SURFACE('',#6830,0.000825);
#161=CYLINDRICAL_SURFACE('',#6831,0.000825);
#162=CYLINDRICAL_SURFACE('',#6832,0.00085);
#163=CYLINDRICAL_SURFACE('',#6836,0.0036068);
#164=CYLINDRICAL_SURFACE('',#6852,0.0009017);
#165=CYLINDRICAL_SURFACE('',#6857,0.0009017);
#166=CYLINDRICAL_SURFACE('',#6860,0.0063119);
#167=CYLINDRICAL_SURFACE('',#6861,0.0009017);
#168=CYLINDRICAL_SURFACE('',#6870,0.00676275);
#169=CYLINDRICAL_SURFACE('',#6873,0.00676275);
#170=CYLINDRICAL_SURFACE('',#6875,0.00676275);
#171=CYLINDRICAL_SURFACE('',#6877,0.00676275);
#172=CYLINDRICAL_SURFACE('',#6879,0.00676275);
#173=CYLINDRICAL_SURFACE('',#6882,0.00676275);
#174=CYLINDRICAL_SURFACE('',#6885,0.00676275);
#175=CYLINDRICAL_SURFACE('',#6888,0.00676275);
#176=CYLINDRICAL_SURFACE('',#6891,0.00676275);
#177=CYLINDRICAL_SURFACE('',#6894,0.00676275);
#178=CYLINDRICAL_SURFACE('',#6897,0.00676275);
#179=CYLINDRICAL_SURFACE('',#6909,0.0009017);
#180=CYLINDRICAL_SURFACE('',#6915,0.0009017);
#181=CYLINDRICAL_SURFACE('',#6917,0.0009017);
#182=CYLINDRICAL_SURFACE('',#6920,0.0009017);
#183=CYLINDRICAL_SURFACE('',#7025,0.00027051);
#184=CYLINDRICAL_SURFACE('',#7044,0.00027051);
#185=CYLINDRICAL_SURFACE('',#7045,0.00027051);
#186=CYLINDRICAL_SURFACE('',#7046,0.00027051);
#187=CYLINDRICAL_SURFACE('',#7047,0.00027051);
#188=CYLINDRICAL_SURFACE('',#7048,0.00027051);
#189=CYLINDRICAL_SURFACE('',#7049,0.00027051);
#190=CYLINDRICAL_SURFACE('',#7050,0.00027051);
#191=CYLINDRICAL_SURFACE('',#7051,0.00027051);
#192=CYLINDRICAL_SURFACE('',#7052,0.00027051);
#193=CYLINDRICAL_SURFACE('',#7053,0.00027051);
#194=CYLINDRICAL_SURFACE('',#7054,0.00027051);
#195=CYLINDRICAL_SURFACE('',#7055,0.00027051);
#196=CYLINDRICAL_SURFACE('',#7056,0.00027051);
#197=CYLINDRICAL_SURFACE('',#7057,0.00027051);
#198=CYLINDRICAL_SURFACE('',#7058,0.00027051);
#199=CYLINDRICAL_SURFACE('',#7059,0.00027051);
#200=CYLINDRICAL_SURFACE('',#7060,0.00027051);
#201=CYLINDRICAL_SURFACE('',#7061,0.00027051);
#202=CYLINDRICAL_SURFACE('',#7062,0.00027051);
#203=CYLINDRICAL_SURFACE('',#7063,0.00027051);
#204=CYLINDRICAL_SURFACE('',#7064,0.00027051);
#205=CYLINDRICAL_SURFACE('',#7065,0.00027051);
#206=CYLINDRICAL_SURFACE('',#7066,0.00027051);
#207=CYLINDRICAL_SURFACE('',#7067,0.00027051);
#208=CYLINDRICAL_SURFACE('',#7068,0.00027051);
#209=CYLINDRICAL_SURFACE('',#7069,0.00027051);
#210=CYLINDRICAL_SURFACE('',#7070,0.00027051);
#211=CYLINDRICAL_SURFACE('',#7071,0.00027051);
#212=CYLINDRICAL_SURFACE('',#7117,0.00027051);
#213=CYLINDRICAL_SURFACE('',#7134,0.00027051);
#214=CYLINDRICAL_SURFACE('',#7135,0.00027051);
#215=CYLINDRICAL_SURFACE('',#7136,0.00027051);
#216=CYLINDRICAL_SURFACE('',#7137,0.00027051);
#217=CYLINDRICAL_SURFACE('',#7138,0.00027051);
#218=CYLINDRICAL_SURFACE('',#7139,0.00027051);
#219=CYLINDRICAL_SURFACE('',#7140,0.00027051);
#220=CYLINDRICAL_SURFACE('',#7141,0.00027051);
#221=CYLINDRICAL_SURFACE('',#7142,0.00027051);
#222=CYLINDRICAL_SURFACE('',#7143,0.00027051);
#223=CYLINDRICAL_SURFACE('',#7144,0.00027051);
#224=CYLINDRICAL_SURFACE('',#7145,0.00027051);
#225=CYLINDRICAL_SURFACE('',#7146,0.00027051);
#226=CYLINDRICAL_SURFACE('',#7147,0.00027051);
#227=CYLINDRICAL_SURFACE('',#7148,0.00027051);
#228=CYLINDRICAL_SURFACE('',#7149,0.00027051);
#229=CYLINDRICAL_SURFACE('',#7150,0.00027051);
#230=CYLINDRICAL_SURFACE('',#7151,0.00027051);
#231=CYLINDRICAL_SURFACE('',#7152,0.00027051);
#232=CYLINDRICAL_SURFACE('',#7153,0.00027051);
#233=CYLINDRICAL_SURFACE('',#7154,0.00027051);
#234=CYLINDRICAL_SURFACE('',#7155,0.00027051);
#235=CYLINDRICAL_SURFACE('',#7156,0.00027051);
#236=CYLINDRICAL_SURFACE('',#7157,0.00027051);
#237=CYLINDRICAL_SURFACE('',#7158,0.00027051);
#238=CYLINDRICAL_SURFACE('',#7159,0.00027051);
#239=CYLINDRICAL_SURFACE('',#7160,0.00027051);
#240=CYLINDRICAL_SURFACE('',#7161,0.00027051);
#241=CYLINDRICAL_SURFACE('',#7162,0.00027051);
#242=CYLINDRICAL_SURFACE('',#7163,0.00027051);
#243=CYLINDRICAL_SURFACE('',#7164,0.007971028);
#244=CYLINDRICAL_SURFACE('',#7165,0.0036068);
#245=CYLINDRICAL_SURFACE('',#7187,0.00505);
#246=CYLINDRICAL_SURFACE('',#7188,0.00505);
#247=CYLINDRICAL_SURFACE('',#7189,0.004);
#248=CYLINDRICAL_SURFACE('',#7192,0.004);
#249=CYLINDRICAL_SURFACE('',#7195,0.00505);
#250=CYLINDRICAL_SURFACE('',#7197,0.00505);
#251=CYLINDRICAL_SURFACE('',#7202,0.0005);
#252=CYLINDRICAL_SURFACE('',#7203,0.0005);
#253=CYLINDRICAL_SURFACE('',#7204,0.0005);
#254=CYLINDRICAL_SURFACE('',#7205,0.0005);
#255=CYLINDRICAL_SURFACE('',#7206,0.00505);
#256=CYLINDRICAL_SURFACE('',#7208,0.00505);
#257=CYLINDRICAL_SURFACE('',#7213,0.001);
#258=CYLINDRICAL_SURFACE('',#7214,0.001);
#259=CYLINDRICAL_SURFACE('',#7217,0.01);
#260=CYLINDRICAL_SURFACE('',#7228,0.005);
#261=CYLINDRICAL_SURFACE('',#7230,0.005);
#262=CYLINDRICAL_SURFACE('',#7233,0.005);
#263=CYLINDRICAL_SURFACE('',#7235,0.005);
#264=CYLINDRICAL_SURFACE('',#7239,0.0072136);
#265=CYLINDRICAL_SURFACE('',#7240,0.004);
#266=CYLINDRICAL_SURFACE('',#7242,0.004);
#267=CYLINDRICAL_SURFACE('',#7243,0.01);
#268=CYLINDRICAL_SURFACE('',#7244,0.01);
#269=CYLINDRICAL_SURFACE('',#7257,0.005031486);
#270=CYLINDRICAL_SURFACE('',#7263,0.005031486);
#271=ELLIPSE('',#6707,0.0071967682308115,0.00676275);
#272=ELLIPSE('',#6708,0.0103458472336186,0.0009017);
#273=ELLIPSE('',#6719,0.0071967682308115,0.00676275);
#274=ELLIPSE('',#6721,0.0071967682308115,0.00676275);
#275=ELLIPSE('',#6722,0.0071967682308115,0.00676275);
#276=ELLIPSE('',#6724,0.00522814471107091,0.00505);
#277=ELLIPSE('',#6726,0.0071967682308115,0.00676275);
#278=ELLIPSE('',#6727,0.000871723397810536,0.0005);
#279=ELLIPSE('',#6728,0.00880440631788641,0.00505);
#280=ELLIPSE('',#6730,0.0071967682308115,0.00676275);
#281=ELLIPSE('',#6731,0.0071967682308115,0.00676275);
#282=ELLIPSE('',#6733,0.0071967682308115,0.00676275);
#283=ELLIPSE('',#6735,0.00522814471107091,0.00505);
#284=ELLIPSE('',#6737,0.00522814471107091,0.00505);
#285=ELLIPSE('',#6739,0.00522814471107091,0.00505);
#286=ELLIPSE('',#6741,0.00522814471107091,0.00505);
#287=ELLIPSE('',#6743,0.00522814471107091,0.00505);
#288=ELLIPSE('',#6745,0.00522814471107091,0.00505);
#289=ELLIPSE('',#6747,0.00522814471107091,0.00505);
#290=ELLIPSE('',#6749,0.0579422518906221,0.00505);
#291=ELLIPSE('',#6750,0.0071967682308115,0.00676275);
#292=ELLIPSE('',#6752,0.00880440631788641,0.00505);
#293=ELLIPSE('',#6754,0.0579422518906221,0.00505);
#294=ELLIPSE('',#6756,0.00880440631788641,0.00505);
#295=ELLIPSE('',#6758,0.0579422518906221,0.00505);
#296=ELLIPSE('',#6760,0.00880440631788641,0.00505);
#297=ELLIPSE('',#6762,0.0579422518906221,0.00505);
#298=ELLIPSE('',#6764,0.0579422518906221,0.00505);
#299=ELLIPSE('',#6766,0.00880440631788641,0.00505);
#300=ELLIPSE('',#6768,0.0579422518906221,0.00505);
#301=ELLIPSE('',#6770,0.00880440631788641,0.00505);
#302=ELLIPSE('',#6772,0.0579422518906221,0.00505);
#303=ELLIPSE('',#6774,0.00880440631788641,0.00505);
#304=ELLIPSE('',#6776,0.0579422518906221,0.00505);
#305=ELLIPSE('',#6778,0.00880440631788641,0.00505);
#306=ELLIPSE('',#6779,0.0071967682308115,0.00676275);
#307=ELLIPSE('',#6837,0.00373403412750309,0.0036068);
#308=ELLIPSE('',#6838,0.00373403412750309,0.0036068);
#309=ELLIPSE('',#6844,0.00373403412750309,0.0036068);
#310=ELLIPSE('',#6847,0.00373403412750309,0.0036068);
#311=ELLIPSE('',#6853,0.000933508531875768,0.0009017);
#312=ELLIPSE('',#6858,0.000933508531875768,0.0009017);
#313=ELLIPSE('',#6859,0.00157206597561152,0.0009017);
#314=ELLIPSE('',#6871,0.0071967682308115,0.00676275);
#315=ELLIPSE('',#6872,0.0071967682308115,0.00676275);
#316=ELLIPSE('',#6874,0.0071967682308115,0.00676275);
#317=ELLIPSE('',#6876,0.0071967682308115,0.00676275);
#318=ELLIPSE('',#6878,0.0071967682308115,0.00676275);
#319=ELLIPSE('',#6880,0.0071967682308115,0.00676275);
#320=ELLIPSE('',#6881,0.0071967682308115,0.00676275);
#321=ELLIPSE('',#6883,0.0071967682308115,0.00676275);
#322=ELLIPSE('',#6884,0.0071967682308115,0.00676275);
#323=ELLIPSE('',#6886,0.0071967682308115,0.00676275);
#324=ELLIPSE('',#6887,0.0071967682308115,0.00676275);
#325=ELLIPSE('',#6889,0.0071967682308115,0.00676275);
#326=ELLIPSE('',#6890,0.0071967682308115,0.00676275);
#327=ELLIPSE('',#6892,0.0071967682308115,0.00676275);
#328=ELLIPSE('',#6893,0.0071967682308115,0.00676275);
#329=ELLIPSE('',#6895,0.0071967682308115,0.00676275);
#330=ELLIPSE('',#6896,0.0261292595269462,0.00676275);
#331=ELLIPSE('',#6898,0.0071967682308115,0.00676275);
#332=ELLIPSE('',#6899,0.0071967682308115,0.00676275);
#333=ELLIPSE('',#6901,0.000382558910757545,0.00027051);
#334=ELLIPSE('',#6902,0.000382558910757545,0.00027051);
#335=ELLIPSE('',#6904,0.000382558910757545,0.00027051);
#336=ELLIPSE('',#6905,0.000382558910757545,0.00027051);
#337=ELLIPSE('',#6907,0.000382558910757545,0.00027051);
#338=ELLIPSE('',#6908,0.000382558910757545,0.00027051);
#339=ELLIPSE('',#6910,0.000959569097441531,0.0009017);
#340=ELLIPSE('',#6911,0.00113656797571305,0.0009017);
#341=ELLIPSE('',#6921,0.00157206597561152,0.0009017);
#342=ELLIPSE('',#6922,0.000933508531875768,0.0009017);
#343=ELLIPSE('',#7008,0.00522814471107091,0.00505);
#344=ELLIPSE('',#7010,0.00522814471107091,0.00505);
#345=ELLIPSE('',#7012,0.00522814471107091,0.00505);
#346=ELLIPSE('',#7014,0.00522814471107091,0.00505);
#347=ELLIPSE('',#7016,0.00522814471107091,0.00505);
#348=ELLIPSE('',#7018,0.00522814471107091,0.00505);
#349=ELLIPSE('',#7020,0.00522814471107091,0.00505);
#350=ELLIPSE('',#7022,0.00522814471107091,0.00505);
#351=ELLIPSE('',#7029,0.00522814471107093,0.00505);
#352=ELLIPSE('',#7031,0.00522814471107093,0.00505);
#353=ELLIPSE('',#7035,0.00522814471107093,0.00505);
#354=ELLIPSE('',#7037,0.00522814471107093,0.00505);
#355=ELLIPSE('',#7075,0.0579422518906221,0.00505);
#356=ELLIPSE('',#7077,0.00880440631788641,0.00505);
#357=ELLIPSE('',#7079,0.0579422518906221,0.00505);
#358=ELLIPSE('',#7081,0.00880440631788641,0.00505);
#359=ELLIPSE('',#7083,0.0579422518906221,0.00505);
#360=ELLIPSE('',#7085,0.00880440631788641,0.00505);
#361=ELLIPSE('',#7087,0.0579422518906221,0.00505);
#362=ELLIPSE('',#7089,0.00880440631788641,0.00505);
#363=ELLIPSE('',#7090,0.000871723397810536,0.0005);
#364=ELLIPSE('',#7092,0.0579422518906221,0.00505);
#365=ELLIPSE('',#7094,0.00880440631788641,0.00505);
#366=ELLIPSE('',#7096,0.0579422518906221,0.00505);
#367=ELLIPSE('',#7098,0.00880440631788641,0.00505);
#368=ELLIPSE('',#7100,0.0579422518906221,0.00505);
#369=ELLIPSE('',#7102,0.00880440631788641,0.00505);
#370=ELLIPSE('',#7104,0.0579422518906221,0.00505);
#371=ELLIPSE('',#7106,0.00880440631788641,0.00505);
#372=ELLIPSE('',#7122,0.00522814471107093,0.00505);
#373=ELLIPSE('',#7124,0.00522814471107093,0.00505);
#374=ELLIPSE('',#7128,0.00522814471107093,0.00505);
#375=ELLIPSE('',#7130,0.00522814471107093,0.00505);
#376=ELLIPSE('',#7219,0.00501909918771674,0.005);
#377=ELLIPSE('',#7229,0.0050047634258166,0.005);
#378=ELLIPSE('',#7234,0.00707106781186547,0.005);
#379=ELLIPSE('',#7241,0.00565685424949238,0.004);
#380=LINE('',#9132,#971);
#381=LINE('',#9135,#972);
#382=LINE('',#9137,#973);
#383=LINE('',#9139,#974);
#384=LINE('',#9141,#975);
#385=LINE('',#9145,#976);
#386=LINE('',#9149,#977);
#387=LINE('',#9151,#978);
#388=LINE('',#9155,#979);
#389=LINE('',#9159,#980);
#390=LINE('',#9167,#981);
#391=LINE('',#9173,#982);
#392=LINE('',#9179,#983);
#393=LINE('',#9186,#984);
#394=LINE('',#9189,#985);
#395=LINE('',#9191,#986);
#396=LINE('',#9193,#987);
#397=LINE('',#9195,#988);
#398=LINE('',#9199,#989);
#399=LINE('',#9201,#990);
#400=LINE('',#9203,#991);
#401=LINE('',#9209,#992);
#402=LINE('',#9213,#993);
#403=LINE('',#9217,#994);
#404=LINE('',#9223,#995);
#405=LINE('',#9227,#996);
#406=LINE('',#9230,#997);
#407=LINE('',#9232,#998);
#408=LINE('',#9234,#999);
#409=LINE('',#9236,#1000);
#410=LINE('',#9238,#1001);
#411=LINE('',#9256,#1002);
#412=LINE('',#9259,#1003);
#413=LINE('',#9261,#1004);
#414=LINE('',#9263,#1005);
#415=LINE('',#9271,#1006);
#416=LINE('',#9277,#1007);
#417=LINE('',#9283,#1008);
#418=LINE('',#9291,#1009);
#419=LINE('',#9293,#1010);
#420=LINE('',#9295,#1011);
#421=LINE('',#9299,#1012);
#422=LINE('',#9305,#1013);
#423=LINE('',#9307,#1014);
#424=LINE('',#9309,#1015);
#425=LINE('',#9315,#1016);
#426=LINE('',#9319,#1017);
#427=LINE('',#9321,#1018);
#428=LINE('',#9323,#1019);
#429=LINE('',#9327,#1020);
#430=LINE('',#9331,#1021);
#431=LINE('',#9333,#1022);
#432=LINE('',#9337,#1023);
#433=LINE('',#9341,#1024);
#434=LINE('',#9343,#1025);
#435=LINE('',#9344,#1026);
#436=LINE('',#9346,#1027);
#437=LINE('',#9349,#1028);
#438=LINE('',#9350,#1029);
#439=LINE('',#9351,#1030);
#440=LINE('',#9352,#1031);
#441=LINE('',#9354,#1032);
#442=LINE('',#9357,#1033);
#443=LINE('',#9361,#1034);
#444=LINE('',#9365,#1035);
#445=LINE('',#9370,#1036);
#446=LINE('',#9374,#1037);
#447=LINE('',#9379,#1038);
#448=LINE('',#9383,#1039);
#449=LINE('',#9384,#1040);
#450=LINE('',#9386,#1041);
#451=LINE('',#9388,#1042);
#452=LINE('',#9390,#1043);
#453=LINE('',#9391,#1044);
#454=LINE('',#9393,#1045);
#455=LINE('',#9395,#1046);
#456=LINE('',#9399,#1047);
#457=LINE('',#9401,#1048);
#458=LINE('',#9406,#1049);
#459=LINE('',#9408,#1050);
#460=LINE('',#9410,#1051);
#461=LINE('',#9433,#1052);
#462=LINE('',#9445,#1053);
#463=LINE('',#9450,#1054);
#464=LINE('',#9452,#1055);
#465=LINE('',#9460,#1056);
#466=LINE('',#9462,#1057);
#467=LINE('',#9479,#1058);
#468=LINE('',#9509,#1059);
#469=LINE('',#9516,#1060);
#470=LINE('',#9521,#1061);
#471=LINE('',#9523,#1062);
#472=LINE('',#9525,#1063);
#473=LINE('',#9530,#1064);
#474=LINE('',#9532,#1065);
#475=LINE('',#9534,#1066);
#476=LINE('',#9539,#1067);
#477=LINE('',#9541,#1068);
#478=LINE('',#9543,#1069);
#479=LINE('',#9548,#1070);
#480=LINE('',#9550,#1071);
#481=LINE('',#9552,#1072);
#482=LINE('',#9557,#1073);
#483=LINE('',#9559,#1074);
#484=LINE('',#9561,#1075);
#485=LINE('',#9566,#1076);
#486=LINE('',#9568,#1077);
#487=LINE('',#9570,#1078);
#488=LINE('',#9575,#1079);
#489=LINE('',#9577,#1080);
#490=LINE('',#9582,#1081);
#491=LINE('',#9584,#1082);
#492=LINE('',#9586,#1083);
#493=LINE('',#9592,#1084);
#494=LINE('',#9594,#1085);
#495=LINE('',#9599,#1086);
#496=LINE('',#9601,#1087);
#497=LINE('',#9603,#1088);
#498=LINE('',#9607,#1089);
#499=LINE('',#9609,#1090);
#500=LINE('',#9614,#1091);
#501=LINE('',#9616,#1092);
#502=LINE('',#9618,#1093);
#503=LINE('',#9622,#1094);
#504=LINE('',#9624,#1095);
#505=LINE('',#9628,#1096);
#506=LINE('',#9630,#1097);
#507=LINE('',#9632,#1098);
#508=LINE('',#9636,#1099);
#509=LINE('',#9638,#1100);
#510=LINE('',#9640,#1101);
#511=LINE('',#9644,#1102);
#512=LINE('',#9646,#1103);
#513=LINE('',#9651,#1104);
#514=LINE('',#9653,#1105);
#515=LINE('',#9655,#1106);
#516=LINE('',#9659,#1107);
#517=LINE('',#9661,#1108);
#518=LINE('',#9666,#1109);
#519=LINE('',#9668,#1110);
#520=LINE('',#9670,#1111);
#521=LINE('',#9674,#1112);
#522=LINE('',#9676,#1113);
#523=LINE('',#9680,#1114);
#524=LINE('',#9682,#1115);
#525=LINE('',#9684,#1116);
#526=LINE('',#9688,#1117);
#527=LINE('',#9690,#1118);
#528=LINE('',#9701,#1119);
#529=LINE('',#9719,#1120);
#530=LINE('',#9720,#1121);
#531=LINE('',#9721,#1122);
#532=LINE('',#9723,#1123);
#533=LINE('',#9725,#1124);
#534=LINE('',#9727,#1125);
#535=LINE('',#9729,#1126);
#536=LINE('',#9731,#1127);
#537=LINE('',#9734,#1128);
#538=LINE('',#9735,#1129);
#539=LINE('',#9747,#1130);
#540=LINE('',#9755,#1131);
#541=LINE('',#9767,#1132);
#542=LINE('',#9770,#1133);
#543=LINE('',#9772,#1134);
#544=LINE('',#9774,#1135);
#545=LINE('',#9775,#1136);
#546=LINE('',#9778,#1137);
#547=LINE('',#9780,#1138);
#548=LINE('',#9782,#1139);
#549=LINE('',#9783,#1140);
#550=LINE('',#9786,#1141);
#551=LINE('',#9788,#1142);
#552=LINE('',#9790,#1143);
#553=LINE('',#9791,#1144);
#554=LINE('',#9794,#1145);
#555=LINE('',#9796,#1146);
#556=LINE('',#9798,#1147);
#557=LINE('',#9800,#1148);
#558=LINE('',#9802,#1149);
#559=LINE('',#9804,#1150);
#560=LINE('',#9806,#1151);
#561=LINE('',#9807,#1152);
#562=LINE('',#9809,#1153);
#563=LINE('',#9811,#1154);
#564=LINE('',#9814,#1155);
#565=LINE('',#9815,#1156);
#566=LINE('',#9816,#1157);
#567=LINE('',#9817,#1158);
#568=LINE('',#9819,#1159);
#569=LINE('',#9821,#1160);
#570=LINE('',#9823,#1161);
#571=LINE('',#9825,#1162);
#572=LINE('',#9827,#1163);
#573=LINE('',#9829,#1164);
#574=LINE('',#9831,#1165);
#575=LINE('',#9833,#1166);
#576=LINE('',#9836,#1167);
#577=LINE('',#9838,#1168);
#578=LINE('',#9841,#1169);
#579=LINE('',#9842,#1170);
#580=LINE('',#9844,#1171);
#581=LINE('',#9846,#1172);
#582=LINE('',#9848,#1173);
#583=LINE('',#9850,#1174);
#584=LINE('',#9852,#1175);
#585=LINE('',#9854,#1176);
#586=LINE('',#9856,#1177);
#587=LINE('',#9858,#1178);
#588=LINE('',#9860,#1179);
#589=LINE('',#9861,#1180);
#590=LINE('',#9863,#1181);
#591=LINE('',#9865,#1182);
#592=LINE('',#9867,#1183);
#593=LINE('',#9868,#1184);
#594=LINE('',#9870,#1185);
#595=LINE('',#9880,#1186);
#596=LINE('',#9882,#1187);
#597=LINE('',#9884,#1188);
#598=LINE('',#9887,#1189);
#599=LINE('',#9889,#1190);
#600=LINE('',#9891,#1191);
#601=LINE('',#9893,#1192);
#602=LINE('',#9895,#1193);
#603=LINE('',#9900,#1194);
#604=LINE('',#9904,#1195);
#605=LINE('',#9906,#1196);
#606=LINE('',#9908,#1197);
#607=LINE('',#9910,#1198);
#608=LINE('',#9912,#1199);
#609=LINE('',#9915,#1200);
#610=LINE('',#9917,#1201);
#611=LINE('',#9919,#1202);
#612=LINE('',#9921,#1203);
#613=LINE('',#9923,#1204);
#614=LINE('',#9925,#1205);
#615=LINE('',#9927,#1206);
#616=LINE('',#9929,#1207);
#617=LINE('',#9931,#1208);
#618=LINE('',#9934,#1209);
#619=LINE('',#9936,#1210);
#620=LINE('',#9938,#1211);
#621=LINE('',#9940,#1212);
#622=LINE('',#9942,#1213);
#623=LINE('',#9944,#1214);
#624=LINE('',#9946,#1215);
#625=LINE('',#9948,#1216);
#626=LINE('',#9950,#1217);
#627=LINE('',#9952,#1218);
#628=LINE('',#9954,#1219);
#629=LINE('',#9956,#1220);
#630=LINE('',#9958,#1221);
#631=LINE('',#9960,#1222);
#632=LINE('',#9962,#1223);
#633=LINE('',#9964,#1224);
#634=LINE('',#9966,#1225);
#635=LINE('',#9968,#1226);
#636=LINE('',#9970,#1227);
#637=LINE('',#9972,#1228);
#638=LINE('',#9974,#1229);
#639=LINE('',#9976,#1230);
#640=LINE('',#9978,#1231);
#641=LINE('',#9980,#1232);
#642=LINE('',#9982,#1233);
#643=LINE('',#9994,#1234);
#644=LINE('',#9995,#1235);
#645=LINE('',#10005,#1236);
#646=LINE('',#10017,#1237);
#647=LINE('',#10022,#1238);
#648=LINE('',#10026,#1239);
#649=LINE('',#10028,#1240);
#650=LINE('',#10032,#1241);
#651=LINE('',#10033,#1242);
#652=LINE('',#10035,#1243);
#653=LINE('',#10039,#1244);
#654=LINE('',#10043,#1245);
#655=LINE('',#10045,#1246);
#656=LINE('',#10047,#1247);
#657=LINE('',#10049,#1248);
#658=LINE('',#10066,#1249);
#659=LINE('',#10090,#1250);
#660=LINE('',#10115,#1251);
#661=LINE('',#10143,#1252);
#662=LINE('',#10170,#1253);
#663=LINE('',#10197,#1254);
#664=LINE('',#10211,#1255);
#665=LINE('',#10229,#1256);
#666=LINE('',#10253,#1257);
#667=LINE('',#10268,#1258);
#668=LINE('',#10292,#1259);
#669=LINE('',#10307,#1260);
#670=LINE('',#10331,#1261);
#671=LINE('',#10346,#1262);
#672=LINE('',#10370,#1263);
#673=LINE('',#10379,#1264);
#674=LINE('',#10404,#1265);
#675=LINE('',#10429,#1266);
#676=LINE('',#10453,#1267);
#677=LINE('',#10460,#1268);
#678=LINE('',#10465,#1269);
#679=LINE('',#10469,#1270);
#680=LINE('',#10471,#1271);
#681=LINE('',#10473,#1272);
#682=LINE('',#10478,#1273);
#683=LINE('',#10482,#1274);
#684=LINE('',#10484,#1275);
#685=LINE('',#10486,#1276);
#686=LINE('',#10491,#1277);
#687=LINE('',#10495,#1278);
#688=LINE('',#10497,#1279);
#689=LINE('',#10507,#1280);
#690=LINE('',#10516,#1281);
#691=LINE('',#10524,#1282);
#692=LINE('',#10525,#1283);
#693=LINE('',#10527,#1284);
#694=LINE('',#10539,#1285);
#695=LINE('',#10541,#1286);
#696=LINE('',#10543,#1287);
#697=LINE('',#10545,#1288);
#698=LINE('',#10547,#1289);
#699=LINE('',#10549,#1290);
#700=LINE('',#10551,#1291);
#701=LINE('',#10553,#1292);
#702=LINE('',#10555,#1293);
#703=LINE('',#10557,#1294);
#704=LINE('',#10559,#1295);
#705=LINE('',#10562,#1296);
#706=LINE('',#10564,#1297);
#707=LINE('',#10567,#1298);
#708=LINE('',#10571,#1299);
#709=LINE('',#10574,#1300);
#710=LINE('',#10576,#1301);
#711=LINE('',#10581,#1302);
#712=LINE('',#10586,#1303);
#713=LINE('',#10591,#1304);
#714=LINE('',#10596,#1305);
#715=LINE('',#10601,#1306);
#716=LINE('',#10606,#1307);
#717=LINE('',#10611,#1308);
#718=LINE('',#10616,#1309);
#719=LINE('',#10621,#1310);
#720=LINE('',#10624,#1311);
#721=LINE('',#10626,#1312);
#722=LINE('',#10631,#1313);
#723=LINE('',#10634,#1314);
#724=LINE('',#10636,#1315);
#725=LINE('',#10638,#1316);
#726=LINE('',#10640,#1317);
#727=LINE('',#10643,#1318);
#728=LINE('',#10645,#1319);
#729=LINE('',#10650,#1320);
#730=LINE('',#10654,#1321);
#731=LINE('',#10656,#1322);
#732=LINE('',#10658,#1323);
#733=LINE('',#10662,#1324);
#734=LINE('',#10665,#1325);
#735=LINE('',#10667,#1326);
#736=LINE('',#10671,#1327);
#737=LINE('',#10674,#1328);
#738=LINE('',#10676,#1329);
#739=LINE('',#10680,#1330);
#740=LINE('',#10683,#1331);
#741=LINE('',#10685,#1332);
#742=LINE('',#10689,#1333);
#743=LINE('',#10692,#1334);
#744=LINE('',#10694,#1335);
#745=LINE('',#10698,#1336);
#746=LINE('',#10701,#1337);
#747=LINE('',#10703,#1338);
#748=LINE('',#10707,#1339);
#749=LINE('',#10710,#1340);
#750=LINE('',#10712,#1341);
#751=LINE('',#10716,#1342);
#752=LINE('',#10719,#1343);
#753=LINE('',#10721,#1344);
#754=LINE('',#10725,#1345);
#755=LINE('',#10728,#1346);
#756=LINE('',#10730,#1347);
#757=LINE('',#10734,#1348);
#758=LINE('',#10738,#1349);
#759=LINE('',#10740,#1350);
#760=LINE('',#10742,#1351);
#761=LINE('',#10746,#1352);
#762=LINE('',#10750,#1353);
#763=LINE('',#10752,#1354);
#764=LINE('',#10754,#1355);
#765=LINE('',#10758,#1356);
#766=LINE('',#10762,#1357);
#767=LINE('',#10764,#1358);
#768=LINE('',#10766,#1359);
#769=LINE('',#10770,#1360);
#770=LINE('',#10774,#1361);
#771=LINE('',#10776,#1362);
#772=LINE('',#10778,#1363);
#773=LINE('',#10782,#1364);
#774=LINE('',#10786,#1365);
#775=LINE('',#10788,#1366);
#776=LINE('',#10790,#1367);
#777=LINE('',#10792,#1368);
#778=LINE('',#10794,#1369);
#779=LINE('',#10795,#1370);
#780=LINE('',#10797,#1371);
#781=LINE('',#10802,#1372);
#782=LINE('',#10804,#1373);
#783=LINE('',#10806,#1374);
#784=LINE('',#10821,#1375);
#785=LINE('',#10823,#1376);
#786=LINE('',#10824,#1377);
#787=LINE('',#10834,#1378);
#788=LINE('',#10836,#1379);
#789=LINE('',#10837,#1380);
#790=LINE('',#10839,#1381);
#791=LINE('',#10840,#1382);
#792=LINE('',#10842,#1383);
#793=LINE('',#10843,#1384);
#794=LINE('',#10845,#1385);
#795=LINE('',#10846,#1386);
#796=LINE('',#10848,#1387);
#797=LINE('',#10849,#1388);
#798=LINE('',#10853,#1389);
#799=LINE('',#10857,#1390);
#800=LINE('',#10861,#1391);
#801=LINE('',#10865,#1392);
#802=LINE('',#10869,#1393);
#803=LINE('',#10873,#1394);
#804=LINE('',#10877,#1395);
#805=LINE('',#10881,#1396);
#806=LINE('',#10883,#1397);
#807=LINE('',#10884,#1398);
#808=LINE('',#10886,#1399);
#809=LINE('',#10887,#1400);
#810=LINE('',#10889,#1401);
#811=LINE('',#10891,#1402);
#812=LINE('',#10892,#1403);
#813=LINE('',#10894,#1404);
#814=LINE('',#10895,#1405);
#815=LINE('',#10900,#1406);
#816=LINE('',#10901,#1407);
#817=LINE('',#10906,#1408);
#818=LINE('',#10907,#1409);
#819=LINE('',#10909,#1410);
#820=LINE('',#10910,#1411);
#821=LINE('',#10912,#1412);
#822=LINE('',#10913,#1413);
#823=LINE('',#10918,#1414);
#824=LINE('',#10919,#1415);
#825=LINE('',#10924,#1416);
#826=LINE('',#10925,#1417);
#827=LINE('',#10927,#1418);
#828=LINE('',#10928,#1419);
#829=LINE('',#10930,#1420);
#830=LINE('',#10931,#1421);
#831=LINE('',#10933,#1422);
#832=LINE('',#10934,#1423);
#833=LINE('',#10936,#1424);
#834=LINE('',#10937,#1425);
#835=LINE('',#10939,#1426);
#836=LINE('',#10940,#1427);
#837=LINE('',#10942,#1428);
#838=LINE('',#10943,#1429);
#839=LINE('',#10945,#1430);
#840=LINE('',#10946,#1431);
#841=LINE('',#10948,#1432);
#842=LINE('',#10950,#1433);
#843=LINE('',#10951,#1434);
#844=LINE('',#10960,#1435);
#845=LINE('',#10961,#1436);
#846=LINE('',#10974,#1437);
#847=LINE('',#10975,#1438);
#848=LINE('',#10982,#1439);
#849=LINE('',#10983,#1440);
#850=LINE('',#10986,#1441);
#851=LINE('',#10987,#1442);
#852=LINE('',#10996,#1443);
#853=LINE('',#10997,#1444);
#854=LINE('',#11010,#1445);
#855=LINE('',#11011,#1446);
#856=LINE('',#11018,#1447);
#857=LINE('',#11019,#1448);
#858=LINE('',#11022,#1449);
#859=LINE('',#11023,#1450);
#860=LINE('',#11025,#1451);
#861=LINE('',#11027,#1452);
#862=LINE('',#11028,#1453);
#863=LINE('',#11030,#1454);
#864=LINE('',#11032,#1455);
#865=LINE('',#11033,#1456);
#866=LINE('',#11035,#1457);
#867=LINE('',#11037,#1458);
#868=LINE('',#11038,#1459);
#869=LINE('',#11040,#1460);
#870=LINE('',#11042,#1461);
#871=LINE('',#11043,#1462);
#872=LINE('',#11045,#1463);
#873=LINE('',#11048,#1464);
#874=LINE('',#11049,#1465);
#875=LINE('',#11055,#1466);
#876=LINE('',#11061,#1467);
#877=LINE('',#11066,#1468);
#878=LINE('',#11073,#1469);
#879=LINE('',#11079,#1470);
#880=LINE('',#11085,#1471);
#881=LINE('',#11091,#1472);
#882=LINE('',#11096,#1473);
#883=LINE('',#11099,#1474);
#884=LINE('',#11100,#1475);
#885=LINE('',#11103,#1476);
#886=LINE('',#11104,#1477);
#887=LINE('',#11107,#1478);
#888=LINE('',#11108,#1479);
#889=LINE('',#11111,#1480);
#890=LINE('',#11112,#1481);
#891=LINE('',#11115,#1482);
#892=LINE('',#11116,#1483);
#893=LINE('',#11118,#1484);
#894=LINE('',#11120,#1485);
#895=LINE('',#11122,#1486);
#896=LINE('',#11123,#1487);
#897=LINE('',#11124,#1488);
#898=LINE('',#11125,#1489);
#899=LINE('',#11126,#1490);
#900=LINE('',#11128,#1491);
#901=LINE('',#11132,#1492);
#902=LINE('',#11136,#1493);
#903=LINE('',#11138,#1494);
#904=LINE('',#11140,#1495);
#905=LINE('',#11144,#1496);
#906=LINE('',#11148,#1497);
#907=LINE('',#11150,#1498);
#908=LINE('',#11152,#1499);
#909=LINE('',#11154,#1500);
#910=LINE('',#11232,#1501);
#911=LINE('',#11234,#1502);
#912=LINE('',#11236,#1503);
#913=LINE('',#11238,#1504);
#914=LINE('',#11241,#1505);
#915=LINE('',#11243,#1506);
#916=LINE('',#11245,#1507);
#917=LINE('',#11247,#1508);
#918=LINE('',#11250,#1509);
#919=LINE('',#11252,#1510);
#920=LINE('',#11254,#1511);
#921=LINE('',#11256,#1512);
#922=LINE('',#11259,#1513);
#923=LINE('',#11261,#1514);
#924=LINE('',#11263,#1515);
#925=LINE('',#11265,#1516);
#926=LINE('',#11277,#1517);
#927=LINE('',#11278,#1518);
#928=LINE('',#11280,#1519);
#929=LINE('',#11281,#1520);
#930=LINE('',#11296,#1521);
#931=LINE('',#11297,#1522);
#932=LINE('',#11299,#1523);
#933=LINE('',#11303,#1524);
#934=LINE('',#11315,#1525);
#935=LINE('',#11316,#1526);
#936=LINE('',#11318,#1527);
#937=LINE('',#11322,#1528);
#938=LINE('',#11331,#1529);
#939=LINE('',#11333,#1530);
#940=LINE('',#11344,#1531);
#941=LINE('',#11346,#1532);
#942=LINE('',#11349,#1533);
#943=LINE('',#11351,#1534);
#944=LINE('',#11353,#1535);
#945=LINE('',#11359,#1536);
#946=LINE('',#11361,#1537);
#947=LINE('',#11363,#1538);
#948=LINE('',#11365,#1539);
#949=LINE('',#11366,#1540);
#950=LINE('',#11379,#1541);
#951=LINE('',#11381,#1542);
#952=LINE('',#11383,#1543);
#953=LINE('',#11391,#1544);
#954=LINE('',#11393,#1545);
#955=LINE('',#11396,#1546);
#956=LINE('',#11398,#1547);
#957=LINE('',#11401,#1548);
#958=LINE('',#11403,#1549);
#959=LINE('',#11405,#1550);
#960=LINE('',#11408,#1551);
#961=LINE('',#11411,#1552);
#962=LINE('',#11413,#1553);
#963=LINE('',#11415,#1554);
#964=LINE('',#11422,#1555);
#965=LINE('',#11425,#1556);
#966=LINE('',#11427,#1557);
#967=LINE('',#11429,#1558);
#968=LINE('',#11431,#1559);
#969=LINE('',#11442,#1560);
#970=LINE('',#11451,#1561);
#971=VECTOR('',#7289,1.);
#972=VECTOR('',#7290,1.);
#973=VECTOR('',#7291,1.);
#974=VECTOR('',#7292,1.);
#975=VECTOR('',#7293,1.);
#976=VECTOR('',#7296,1.);
#977=VECTOR('',#7299,1.);
#978=VECTOR('',#7300,1.);
#979=VECTOR('',#7303,1.);
#980=VECTOR('',#7306,1.);
#981=VECTOR('',#7313,1.);
#982=VECTOR('',#7318,1.);
#983=VECTOR('',#7323,1.);
#984=VECTOR('',#7330,1.);
#985=VECTOR('',#7331,1.);
#986=VECTOR('',#7332,1.);
#987=VECTOR('',#7333,1.);
#988=VECTOR('',#7334,1.);
#989=VECTOR('',#7337,1.);
#990=VECTOR('',#7338,1.);
#991=VECTOR('',#7339,1.);
#992=VECTOR('',#7344,1.);
#993=VECTOR('',#7347,1.);
#994=VECTOR('',#7350,1.);
#995=VECTOR('',#7355,1.);
#996=VECTOR('',#7360,1.);
#997=VECTOR('',#7361,1.);
#998=VECTOR('',#7362,1.);
#999=VECTOR('',#7363,1.);
#1000=VECTOR('',#7364,1.);
#1001=VECTOR('',#7365,1.);
#1002=VECTOR('',#7384,1.);
#1003=VECTOR('',#7385,1.);
#1004=VECTOR('',#7386,1.);
#1005=VECTOR('',#7387,1.);
#1006=VECTOR('',#7394,1.);
#1007=VECTOR('',#7399,1.);
#1008=VECTOR('',#7404,1.);
#1009=VECTOR('',#7411,1.);
#1010=VECTOR('',#7412,1.);
#1011=VECTOR('',#7413,1.);
#1012=VECTOR('',#7416,1.);
#1013=VECTOR('',#7421,1.);
#1014=VECTOR('',#7422,1.);
#1015=VECTOR('',#7423,1.);
#1016=VECTOR('',#7428,1.);
#1017=VECTOR('',#7431,1.);
#1018=VECTOR('',#7432,1.);
#1019=VECTOR('',#7433,1.);
#1020=VECTOR('',#7436,1.);
#1021=VECTOR('',#7439,1.);
#1022=VECTOR('',#7440,1.);
#1023=VECTOR('',#7443,1.);
#1024=VECTOR('',#7446,1.);
#1025=VECTOR('',#7449,1.);
#1026=VECTOR('',#7450,1.);
#1027=VECTOR('',#7453,1.);
#1028=VECTOR('',#7454,1.);
#1029=VECTOR('',#7455,1.);
#1030=VECTOR('',#7456,1.);
#1031=VECTOR('',#7457,1.);
#1032=VECTOR('',#7460,1.);
#1033=VECTOR('',#7461,1.);
#1034=VECTOR('',#7464,1.);
#1035=VECTOR('',#7469,1.);
#1036=VECTOR('',#7472,1.);
#1037=VECTOR('',#7477,1.);
#1038=VECTOR('',#7480,1.);
#1039=VECTOR('',#7485,1.);
#1040=VECTOR('',#7486,1.);
#1041=VECTOR('',#7489,1.);
#1042=VECTOR('',#7490,1.);
#1043=VECTOR('',#7491,1.);
#1044=VECTOR('',#7492,1.);
#1045=VECTOR('',#7493,1.);
#1046=VECTOR('',#7494,1.);
#1047=VECTOR('',#7497,1.);
#1048=VECTOR('',#7498,1.);
#1049=VECTOR('',#7503,1.);
#1050=VECTOR('',#7504,1.);
#1051=VECTOR('',#7505,1.);
#1052=VECTOR('',#7512,1.);
#1053=VECTOR('',#7515,1.);
#1054=VECTOR('',#7518,1.);
#1055=VECTOR('',#7519,1.);
#1056=VECTOR('',#7528,1.);
#1057=VECTOR('',#7529,1.);
#1058=VECTOR('',#7536,1.);
#1059=VECTOR('',#7541,1.);
#1060=VECTOR('',#7544,1.);
#1061=VECTOR('',#7547,1.);
#1062=VECTOR('',#7548,1.);
#1063=VECTOR('',#7551,1.);
#1064=VECTOR('',#7554,1.);
#1065=VECTOR('',#7555,1.);
#1066=VECTOR('',#7558,1.);
#1067=VECTOR('',#7561,1.);
#1068=VECTOR('',#7562,1.);
#1069=VECTOR('',#7565,1.);
#1070=VECTOR('',#7568,1.);
#1071=VECTOR('',#7569,1.);
#1072=VECTOR('',#7572,1.);
#1073=VECTOR('',#7575,1.);
#1074=VECTOR('',#7576,1.);
#1075=VECTOR('',#7579,1.);
#1076=VECTOR('',#7582,1.);
#1077=VECTOR('',#7583,1.);
#1078=VECTOR('',#7586,1.);
#1079=VECTOR('',#7589,1.);
#1080=VECTOR('',#7590,1.);
#1081=VECTOR('',#7595,1.);
#1082=VECTOR('',#7596,1.);
#1083=VECTOR('',#7597,1.);
#1084=VECTOR('',#7604,1.);
#1085=VECTOR('',#7605,1.);
#1086=VECTOR('',#7610,1.);
#1087=VECTOR('',#7611,1.);
#1088=VECTOR('',#7612,1.);
#1089=VECTOR('',#7617,1.);
#1090=VECTOR('',#7618,1.);
#1091=VECTOR('',#7623,1.);
#1092=VECTOR('',#7624,1.);
#1093=VECTOR('',#7625,1.);
#1094=VECTOR('',#7630,1.);
#1095=VECTOR('',#7631,1.);
#1096=VECTOR('',#7636,1.);
#1097=VECTOR('',#7637,1.);
#1098=VECTOR('',#7638,1.);
#1099=VECTOR('',#7643,1.);
#1100=VECTOR('',#7644,1.);
#1101=VECTOR('',#7645,1.);
#1102=VECTOR('',#7650,1.);
#1103=VECTOR('',#7651,1.);
#1104=VECTOR('',#7656,1.);
#1105=VECTOR('',#7657,1.);
#1106=VECTOR('',#7658,1.);
#1107=VECTOR('',#7663,1.);
#1108=VECTOR('',#7664,1.);
#1109=VECTOR('',#7669,1.);
#1110=VECTOR('',#7670,1.);
#1111=VECTOR('',#7671,1.);
#1112=VECTOR('',#7676,1.);
#1113=VECTOR('',#7677,1.);
#1114=VECTOR('',#7682,1.);
#1115=VECTOR('',#7683,1.);
#1116=VECTOR('',#7684,1.);
#1117=VECTOR('',#7689,1.);
#1118=VECTOR('',#7690,1.);
#1119=VECTOR('',#7701,1.);
#1120=VECTOR('',#7716,1.);
#1121=VECTOR('',#7717,1.);
#1122=VECTOR('',#7718,1.);
#1123=VECTOR('',#7721,1.);
#1124=VECTOR('',#7722,1.);
#1125=VECTOR('',#7723,1.);
#1126=VECTOR('',#7726,1.);
#1127=VECTOR('',#7729,1.);
#1128=VECTOR('',#7730,1.);
#1129=VECTOR('',#7731,1.);
#1130=VECTOR('',#7732,1.);
#1131=VECTOR('',#7739,1.);
#1132=VECTOR('',#7740,1.);
#1133=VECTOR('',#7741,1.);
#1134=VECTOR('',#7742,1.);
#1135=VECTOR('',#7743,1.);
#1136=VECTOR('',#7744,1.);
#1137=VECTOR('',#7745,1.);
#1138=VECTOR('',#7746,1.);
#1139=VECTOR('',#7747,1.);
#1140=VECTOR('',#7748,1.);
#1141=VECTOR('',#7749,1.);
#1142=VECTOR('',#7750,1.);
#1143=VECTOR('',#7751,1.);
#1144=VECTOR('',#7752,1.);
#1145=VECTOR('',#7753,1.);
#1146=VECTOR('',#7754,1.);
#1147=VECTOR('',#7755,1.);
#1148=VECTOR('',#7758,1.);
#1149=VECTOR('',#7761,1.);
#1150=VECTOR('',#7764,1.);
#1151=VECTOR('',#7767,1.);
#1152=VECTOR('',#7768,1.);
#1153=VECTOR('',#7771,1.);
#1154=VECTOR('',#7774,1.);
#1155=VECTOR('',#7775,1.);
#1156=VECTOR('',#7776,1.);
#1157=VECTOR('',#7777,1.);
#1158=VECTOR('',#7778,1.);
#1159=VECTOR('',#7781,1.);
#1160=VECTOR('',#7784,1.);
#1161=VECTOR('',#7787,1.);
#1162=VECTOR('',#7790,1.);
#1163=VECTOR('',#7793,1.);
#1164=VECTOR('',#7796,1.);
#1165=VECTOR('',#7799,1.);
#1166=VECTOR('',#7802,1.);
#1167=VECTOR('',#7807,1.);
#1168=VECTOR('',#7810,1.);
#1169=VECTOR('',#7815,1.);
#1170=VECTOR('',#7816,1.);
#1171=VECTOR('',#7819,1.);
#1172=VECTOR('',#7822,1.);
#1173=VECTOR('',#7825,1.);
#1174=VECTOR('',#7828,1.);
#1175=VECTOR('',#7831,1.);
#1176=VECTOR('',#7834,1.);
#1177=VECTOR('',#7837,1.);
#1178=VECTOR('',#7840,1.);
#1179=VECTOR('',#7841,1.);
#1180=VECTOR('',#7842,1.);
#1181=VECTOR('',#7843,1.);
#1182=VECTOR('',#7846,1.);
#1183=VECTOR('',#7847,1.);
#1184=VECTOR('',#7848,1.);
#1185=VECTOR('',#7849,1.);
#1186=VECTOR('',#7868,1.);
#1187=VECTOR('',#7871,1.);
#1188=VECTOR('',#7872,1.);
#1189=VECTOR('',#7875,1.);
#1190=VECTOR('',#7876,1.);
#1191=VECTOR('',#7877,1.);
#1192=VECTOR('',#7878,1.);
#1193=VECTOR('',#7879,1.);
#1194=VECTOR('',#7884,1.);
#1195=VECTOR('',#7887,1.);
#1196=VECTOR('',#7890,1.);
#1197=VECTOR('',#7891,1.);
#1198=VECTOR('',#7892,1.);
#1199=VECTOR('',#7895,1.);
#1200=VECTOR('',#7896,1.);
#1201=VECTOR('',#7897,1.);
#1202=VECTOR('',#7898,1.);
#1203=VECTOR('',#7901,1.);
#1204=VECTOR('',#7902,1.);
#1205=VECTOR('',#7903,1.);
#1206=VECTOR('',#7906,1.);
#1207=VECTOR('',#7907,1.);
#1208=VECTOR('',#7908,1.);
#1209=VECTOR('',#7913,1.);
#1210=VECTOR('',#7914,1.);
#1211=VECTOR('',#7917,1.);
#1212=VECTOR('',#7918,1.);
#1213=VECTOR('',#7921,1.);
#1214=VECTOR('',#7922,1.);
#1215=VECTOR('',#7923,1.);
#1216=VECTOR('',#7924,1.);
#1217=VECTOR('',#7925,1.);
#1218=VECTOR('',#7926,1.);
#1219=VECTOR('',#7927,1.);
#1220=VECTOR('',#7928,1.);
#1221=VECTOR('',#7929,1.);
#1222=VECTOR('',#7930,1.);
#1223=VECTOR('',#7931,1.);
#1224=VECTOR('',#7932,1.);
#1225=VECTOR('',#7933,1.);
#1226=VECTOR('',#7934,1.);
#1227=VECTOR('',#7935,1.);
#1228=VECTOR('',#7936,1.);
#1229=VECTOR('',#7937,1.);
#1230=VECTOR('',#7938,1.);
#1231=VECTOR('',#7939,1.);
#1232=VECTOR('',#7940,1.);
#1233=VECTOR('',#7941,1.);
#1234=VECTOR('',#7956,1.);
#1235=VECTOR('',#7957,1.);
#1236=VECTOR('',#7970,1.);
#1237=VECTOR('',#7973,1.);
#1238=VECTOR('',#7978,1.);
#1239=VECTOR('',#7981,1.);
#1240=VECTOR('',#7984,1.);
#1241=VECTOR('',#7987,1.);
#1242=VECTOR('',#7988,1.);
#1243=VECTOR('',#7989,1.);
#1244=VECTOR('',#7992,1.);
#1245=VECTOR('',#7997,1.);
#1246=VECTOR('',#7998,1.);
#1247=VECTOR('',#7999,1.);
#1248=VECTOR('',#8002,1.);
#1249=VECTOR('',#8007,1.);
#1250=VECTOR('',#8010,1.);
#1251=VECTOR('',#8015,1.);
#1252=VECTOR('',#8018,1.);
#1253=VECTOR('',#8025,1.);
#1254=VECTOR('',#8030,1.);
#1255=VECTOR('',#8033,1.);
#1256=VECTOR('',#8036,1.);
#1257=VECTOR('',#8039,1.);
#1258=VECTOR('',#8044,1.);
#1259=VECTOR('',#8047,1.);
#1260=VECTOR('',#8052,1.);
#1261=VECTOR('',#8055,1.);
#1262=VECTOR('',#8060,1.);
#1263=VECTOR('',#8063,1.);
#1264=VECTOR('',#8068,1.);
#1265=VECTOR('',#8071,1.);
#1266=VECTOR('',#8078,1.);
#1267=VECTOR('',#8081,1.);
#1268=VECTOR('',#8084,1.);
#1269=VECTOR('',#8087,1.);
#1270=VECTOR('',#8090,1.);
#1271=VECTOR('',#8091,1.);
#1272=VECTOR('',#8094,1.);
#1273=VECTOR('',#8097,1.);
#1274=VECTOR('',#8100,1.);
#1275=VECTOR('',#8101,1.);
#1276=VECTOR('',#8104,1.);
#1277=VECTOR('',#8107,1.);
#1278=VECTOR('',#8110,1.);
#1279=VECTOR('',#8111,1.);
#1280=VECTOR('',#8116,1.);
#1281=VECTOR('',#8119,1.);
#1282=VECTOR('',#8130,1.);
#1283=VECTOR('',#8131,1.);
#1284=VECTOR('',#8134,1.);
#1285=VECTOR('',#8145,1.);
#1286=VECTOR('',#8148,1.);
#1287=VECTOR('',#8149,1.);
#1288=VECTOR('',#8150,1.);
#1289=VECTOR('',#8153,1.);
#1290=VECTOR('',#8154,1.);
#1291=VECTOR('',#8155,1.);
#1292=VECTOR('',#8158,1.);
#1293=VECTOR('',#8159,1.);
#1294=VECTOR('',#8160,1.);
#1295=VECTOR('',#8163,1.);
#1296=VECTOR('',#8164,1.);
#1297=VECTOR('',#8165,1.);
#1298=VECTOR('',#8168,1.);
#1299=VECTOR('',#8173,1.);
#1300=VECTOR('',#8174,1.);
#1301=VECTOR('',#8175,1.);
#1302=VECTOR('',#8182,1.);
#1303=VECTOR('',#8189,1.);
#1304=VECTOR('',#8196,1.);
#1305=VECTOR('',#8203,1.);
#1306=VECTOR('',#8210,1.);
#1307=VECTOR('',#8217,1.);
#1308=VECTOR('',#8224,1.);
#1309=VECTOR('',#8231,1.);
#1310=VECTOR('',#8238,1.);
#1311=VECTOR('',#8239,1.);
#1312=VECTOR('',#8240,1.);
#1313=VECTOR('',#8247,1.);
#1314=VECTOR('',#8248,1.);
#1315=VECTOR('',#8249,1.);
#1316=VECTOR('',#8250,1.);
#1317=VECTOR('',#8253,1.);
#1318=VECTOR('',#8256,1.);
#1319=VECTOR('',#8257,1.);
#1320=VECTOR('',#8262,1.);
#1321=VECTOR('',#8265,1.);
#1322=VECTOR('',#8266,1.);
#1323=VECTOR('',#8267,1.);
#1324=VECTOR('',#8270,1.);
#1325=VECTOR('',#8273,1.);
#1326=VECTOR('',#8274,1.);
#1327=VECTOR('',#8277,1.);
#1328=VECTOR('',#8280,1.);
#1329=VECTOR('',#8281,1.);
#1330=VECTOR('',#8284,1.);
#1331=VECTOR('',#8287,1.);
#1332=VECTOR('',#8288,1.);
#1333=VECTOR('',#8291,1.);
#1334=VECTOR('',#8294,1.);
#1335=VECTOR('',#8295,1.);
#1336=VECTOR('',#8298,1.);
#1337=VECTOR('',#8301,1.);
#1338=VECTOR('',#8302,1.);
#1339=VECTOR('',#8305,1.);
#1340=VECTOR('',#8308,1.);
#1341=VECTOR('',#8309,1.);
#1342=VECTOR('',#8312,1.);
#1343=VECTOR('',#8315,1.);
#1344=VECTOR('',#8316,1.);
#1345=VECTOR('',#8319,1.);
#1346=VECTOR('',#8322,1.);
#1347=VECTOR('',#8323,1.);
#1348=VECTOR('',#8326,1.);
#1349=VECTOR('',#8329,1.);
#1350=VECTOR('',#8330,1.);
#1351=VECTOR('',#8331,1.);
#1352=VECTOR('',#8334,1.);
#1353=VECTOR('',#8337,1.);
#1354=VECTOR('',#8338,1.);
#1355=VECTOR('',#8339,1.);
#1356=VECTOR('',#8342,1.);
#1357=VECTOR('',#8345,1.);
#1358=VECTOR('',#8346,1.);
#1359=VECTOR('',#8347,1.);
#1360=VECTOR('',#8350,1.);
#1361=VECTOR('',#8353,1.);
#1362=VECTOR('',#8354,1.);
#1363=VECTOR('',#8355,1.);
#1364=VECTOR('',#8358,1.);
#1365=VECTOR('',#8361,1.);
#1366=VECTOR('',#8362,1.);
#1367=VECTOR('',#8363,1.);
#1368=VECTOR('',#8366,1.);
#1369=VECTOR('',#8367,1.);
#1370=VECTOR('',#8368,1.);
#1371=VECTOR('',#8371,1.);
#1372=VECTOR('',#8378,1.);
#1373=VECTOR('',#8381,1.);
#1374=VECTOR('',#8382,1.);
#1375=VECTOR('',#8383,1.);
#1376=VECTOR('',#8384,1.);
#1377=VECTOR('',#8385,1.);
#1378=VECTOR('',#8396,1.);
#1379=VECTOR('',#8399,1.);
#1380=VECTOR('',#8400,1.);
#1381=VECTOR('',#8403,1.);
#1382=VECTOR('',#8404,1.);
#1383=VECTOR('',#8407,1.);
#1384=VECTOR('',#8408,1.);
#1385=VECTOR('',#8411,1.);
#1386=VECTOR('',#8412,1.);
#1387=VECTOR('',#8415,1.);
#1388=VECTOR('',#8416,1.);
#1389=VECTOR('',#8421,1.);
#1390=VECTOR('',#8426,1.);
#1391=VECTOR('',#8431,1.);
#1392=VECTOR('',#8436,1.);
#1393=VECTOR('',#8441,1.);
#1394=VECTOR('',#8446,1.);
#1395=VECTOR('',#8451,1.);
#1396=VECTOR('',#8456,1.);
#1397=VECTOR('',#8459,1.);
#1398=VECTOR('',#8460,1.);
#1399=VECTOR('',#8463,1.);
#1400=VECTOR('',#8464,1.);
#1401=VECTOR('',#8467,1.);
#1402=VECTOR('',#8470,1.);
#1403=VECTOR('',#8471,1.);
#1404=VECTOR('',#8474,1.);
#1405=VECTOR('',#8475,1.);
#1406=VECTOR('',#8480,1.);
#1407=VECTOR('',#8481,1.);
#1408=VECTOR('',#8486,1.);
#1409=VECTOR('',#8487,1.);
#1410=VECTOR('',#8490,1.);
#1411=VECTOR('',#8491,1.);
#1412=VECTOR('',#8494,1.);
#1413=VECTOR('',#8495,1.);
#1414=VECTOR('',#8500,1.);
#1415=VECTOR('',#8501,1.);
#1416=VECTOR('',#8506,1.);
#1417=VECTOR('',#8507,1.);
#1418=VECTOR('',#8510,1.);
#1419=VECTOR('',#8511,1.);
#1420=VECTOR('',#8514,1.);
#1421=VECTOR('',#8515,1.);
#1422=VECTOR('',#8518,1.);
#1423=VECTOR('',#8519,1.);
#1424=VECTOR('',#8522,1.);
#1425=VECTOR('',#8523,1.);
#1426=VECTOR('',#8526,1.);
#1427=VECTOR('',#8527,1.);
#1428=VECTOR('',#8530,1.);
#1429=VECTOR('',#8531,1.);
#1430=VECTOR('',#8534,1.);
#1431=VECTOR('',#8535,1.);
#1432=VECTOR('',#8538,1.);
#1433=VECTOR('',#8541,1.);
#1434=VECTOR('',#8542,1.);
#1435=VECTOR('',#8547,1.);
#1436=VECTOR('',#8548,1.);
#1437=VECTOR('',#8553,1.);
#1438=VECTOR('',#8554,1.);
#1439=VECTOR('',#8559,1.);
#1440=VECTOR('',#8560,1.);
#1441=VECTOR('',#8565,1.);
#1442=VECTOR('',#8566,1.);
#1443=VECTOR('',#8571,1.);
#1444=VECTOR('',#8572,1.);
#1445=VECTOR('',#8577,1.);
#1446=VECTOR('',#8578,1.);
#1447=VECTOR('',#8583,1.);
#1448=VECTOR('',#8584,1.);
#1449=VECTOR('',#8589,1.);
#1450=VECTOR('',#8590,1.);
#1451=VECTOR('',#8593,1.);
#1452=VECTOR('',#8596,1.);
#1453=VECTOR('',#8597,1.);
#1454=VECTOR('',#8600,1.);
#1455=VECTOR('',#8603,1.);
#1456=VECTOR('',#8604,1.);
#1457=VECTOR('',#8607,1.);
#1458=VECTOR('',#8610,1.);
#1459=VECTOR('',#8611,1.);
#1460=VECTOR('',#8614,1.);
#1461=VECTOR('',#8617,1.);
#1462=VECTOR('',#8618,1.);
#1463=VECTOR('',#8621,1.);
#1464=VECTOR('',#8626,1.);
#1465=VECTOR('',#8627,1.);
#1466=VECTOR('',#8636,1.);
#1467=VECTOR('',#8645,1.);
#1468=VECTOR('',#8654,1.);
#1469=VECTOR('',#8665,1.);
#1470=VECTOR('',#8674,1.);
#1471=VECTOR('',#8683,1.);
#1472=VECTOR('',#8692,1.);
#1473=VECTOR('',#8701,1.);
#1474=VECTOR('',#8706,1.);
#1475=VECTOR('',#8707,1.);
#1476=VECTOR('',#8712,1.);
#1477=VECTOR('',#8713,1.);
#1478=VECTOR('',#8718,1.);
#1479=VECTOR('',#8719,1.);
#1480=VECTOR('',#8724,1.);
#1481=VECTOR('',#8725,1.);
#1482=VECTOR('',#8730,1.);
#1483=VECTOR('',#8731,1.);
#1484=VECTOR('',#8734,1.);
#1485=VECTOR('',#8737,1.);
#1486=VECTOR('',#8740,1.);
#1487=VECTOR('',#8741,1.);
#1488=VECTOR('',#8742,1.);
#1489=VECTOR('',#8743,1.);
#1490=VECTOR('',#8744,1.);
#1491=VECTOR('',#8747,1.);
#1492=VECTOR('',#8752,1.);
#1493=VECTOR('',#8757,1.);
#1494=VECTOR('',#8760,1.);
#1495=VECTOR('',#8763,1.);
#1496=VECTOR('',#8768,1.);
#1497=VECTOR('',#8773,1.);
#1498=VECTOR('',#8776,1.);
#1499=VECTOR('',#8779,1.);
#1500=VECTOR('',#8782,1.);
#1501=VECTOR('',#8849,1.);
#1502=VECTOR('',#8850,1.);
#1503=VECTOR('',#8853,1.);
#1504=VECTOR('',#8856,1.);
#1505=VECTOR('',#8861,1.);
#1506=VECTOR('',#8862,1.);
#1507=VECTOR('',#8865,1.);
#1508=VECTOR('',#8868,1.);
#1509=VECTOR('',#8873,1.);
#1510=VECTOR('',#8874,1.);
#1511=VECTOR('',#8877,1.);
#1512=VECTOR('',#8880,1.);
#1513=VECTOR('',#8885,1.);
#1514=VECTOR('',#8886,1.);
#1515=VECTOR('',#8889,1.);
#1516=VECTOR('',#8892,1.);
#1517=VECTOR('',#8907,1.);
#1518=VECTOR('',#8908,1.);
#1519=VECTOR('',#8911,1.);
#1520=VECTOR('',#8912,1.);
#1521=VECTOR('',#8929,1.);
#1522=VECTOR('',#8930,1.);
#1523=VECTOR('',#8933,1.);
#1524=VECTOR('',#8936,1.);
#1525=VECTOR('',#8955,1.);
#1526=VECTOR('',#8956,1.);
#1527=VECTOR('',#8959,1.);
#1528=VECTOR('',#8962,1.);
#1529=VECTOR('',#8977,1.);
#1530=VECTOR('',#8978,1.);
#1531=VECTOR('',#8981,1.);
#1532=VECTOR('',#8984,1.);
#1533=VECTOR('',#8987,1.);
#1534=VECTOR('',#8990,1.);
#1535=VECTOR('',#8991,1.);
#1536=VECTOR('',#8998,1.);
#1537=VECTOR('',#8999,1.);
#1538=VECTOR('',#9000,1.);
#1539=VECTOR('',#9003,1.);
#1540=VECTOR('',#9004,1.);
#1541=VECTOR('',#9029,1.);
#1542=VECTOR('',#9032,1.);
#1543=VECTOR('',#9035,1.);
#1544=VECTOR('',#9050,1.);
#1545=VECTOR('',#9053,1.);
#1546=VECTOR('',#9058,1.);
#1547=VECTOR('',#9061,1.);
#1548=VECTOR('',#9066,1.);
#1549=VECTOR('',#9067,1.);
#1550=VECTOR('',#9070,1.);
#1551=VECTOR('',#9075,1.);
#1552=VECTOR('',#9076,1.);
#1553=VECTOR('',#9077,1.);
#1554=VECTOR('',#9078,1.);
#1555=VECTOR('',#9091,1.);
#1556=VECTOR('',#9092,1.);
#1557=VECTOR('',#9093,1.);
#1558=VECTOR('',#9094,1.);
#1559=VECTOR('',#9095,1.);
#1560=VECTOR('',#9104,1.);
#1561=VECTOR('',#9111,1.);
#1562=ORIENTED_EDGE('',*,*,#3524,.F.);
#1563=ORIENTED_EDGE('',*,*,#3525,.F.);
#1564=ORIENTED_EDGE('',*,*,#3526,.F.);
#1565=ORIENTED_EDGE('',*,*,#3527,.F.);
#1566=ORIENTED_EDGE('',*,*,#3528,.F.);
#1567=ORIENTED_EDGE('',*,*,#3529,.F.);
#1568=ORIENTED_EDGE('',*,*,#3530,.F.);
#1569=ORIENTED_EDGE('',*,*,#3531,.F.);
#1570=ORIENTED_EDGE('',*,*,#3532,.T.);
#1571=ORIENTED_EDGE('',*,*,#3533,.T.);
#1572=ORIENTED_EDGE('',*,*,#3534,.F.);
#1573=ORIENTED_EDGE('',*,*,#3535,.F.);
#1574=ORIENTED_EDGE('',*,*,#3536,.T.);
#1575=ORIENTED_EDGE('',*,*,#3537,.F.);
#1576=ORIENTED_EDGE('',*,*,#3538,.T.);
#1577=ORIENTED_EDGE('',*,*,#3539,.F.);
#1578=ORIENTED_EDGE('',*,*,#3540,.F.);
#1579=ORIENTED_EDGE('',*,*,#3541,.F.);
#1580=ORIENTED_EDGE('',*,*,#3542,.T.);
#1581=ORIENTED_EDGE('',*,*,#3543,.T.);
#1582=ORIENTED_EDGE('',*,*,#3544,.F.);
#1583=ORIENTED_EDGE('',*,*,#3545,.T.);
#1584=ORIENTED_EDGE('',*,*,#3546,.F.);
#1585=ORIENTED_EDGE('',*,*,#3547,.T.);
#1586=ORIENTED_EDGE('',*,*,#3548,.F.);
#1587=ORIENTED_EDGE('',*,*,#3549,.T.);
#1588=ORIENTED_EDGE('',*,*,#3550,.F.);
#1589=ORIENTED_EDGE('',*,*,#3551,.T.);
#1590=ORIENTED_EDGE('',*,*,#3552,.T.);
#1591=ORIENTED_EDGE('',*,*,#3553,.T.);
#1592=ORIENTED_EDGE('',*,*,#3554,.F.);
#1593=ORIENTED_EDGE('',*,*,#3555,.T.);
#1594=ORIENTED_EDGE('',*,*,#3556,.F.);
#1595=ORIENTED_EDGE('',*,*,#3557,.T.);
#1596=ORIENTED_EDGE('',*,*,#3558,.F.);
#1597=ORIENTED_EDGE('',*,*,#3559,.T.);
#1598=ORIENTED_EDGE('',*,*,#3560,.T.);
#1599=ORIENTED_EDGE('',*,*,#3561,.T.);
#1600=ORIENTED_EDGE('',*,*,#3562,.T.);
#1601=ORIENTED_EDGE('',*,*,#3563,.T.);
#1602=ORIENTED_EDGE('',*,*,#3564,.T.);
#1603=ORIENTED_EDGE('',*,*,#3565,.T.);
#1604=ORIENTED_EDGE('',*,*,#3566,.F.);
#1605=ORIENTED_EDGE('',*,*,#3567,.T.);
#1606=ORIENTED_EDGE('',*,*,#3568,.T.);
#1607=ORIENTED_EDGE('',*,*,#3569,.T.);
#1608=ORIENTED_EDGE('',*,*,#3570,.F.);
#1609=ORIENTED_EDGE('',*,*,#3571,.T.);
#1610=ORIENTED_EDGE('',*,*,#3572,.F.);
#1611=ORIENTED_EDGE('',*,*,#3573,.T.);
#1612=ORIENTED_EDGE('',*,*,#3574,.F.);
#1613=ORIENTED_EDGE('',*,*,#3575,.T.);
#1614=ORIENTED_EDGE('',*,*,#3576,.T.);
#1615=ORIENTED_EDGE('',*,*,#3577,.F.);
#1616=ORIENTED_EDGE('',*,*,#3578,.T.);
#1617=ORIENTED_EDGE('',*,*,#3579,.F.);
#1618=ORIENTED_EDGE('',*,*,#3580,.T.);
#1619=ORIENTED_EDGE('',*,*,#3581,.T.);
#1620=ORIENTED_EDGE('',*,*,#3582,.F.);
#1621=ORIENTED_EDGE('',*,*,#3583,.T.);
#1622=ORIENTED_EDGE('',*,*,#3584,.F.);
#1623=ORIENTED_EDGE('',*,*,#3585,.T.);
#1624=ORIENTED_EDGE('',*,*,#3586,.T.);
#1625=ORIENTED_EDGE('',*,*,#3587,.T.);
#1626=ORIENTED_EDGE('',*,*,#3588,.T.);
#1627=ORIENTED_EDGE('',*,*,#3589,.T.);
#1628=ORIENTED_EDGE('',*,*,#3590,.T.);
#1629=ORIENTED_EDGE('',*,*,#3591,.T.);
#1630=ORIENTED_EDGE('',*,*,#3592,.T.);
#1631=ORIENTED_EDGE('',*,*,#3593,.F.);
#1632=ORIENTED_EDGE('',*,*,#3594,.F.);
#1633=ORIENTED_EDGE('',*,*,#3595,.T.);
#1634=ORIENTED_EDGE('',*,*,#3596,.F.);
#1635=ORIENTED_EDGE('',*,*,#3597,.T.);
#1636=ORIENTED_EDGE('',*,*,#3598,.F.);
#1637=ORIENTED_EDGE('',*,*,#3599,.T.);
#1638=ORIENTED_EDGE('',*,*,#3600,.F.);
#1639=ORIENTED_EDGE('',*,*,#3601,.T.);
#1640=ORIENTED_EDGE('',*,*,#3602,.F.);
#1641=ORIENTED_EDGE('',*,*,#3603,.F.);
#1642=ORIENTED_EDGE('',*,*,#3604,.F.);
#1643=ORIENTED_EDGE('',*,*,#3605,.T.);
#1644=ORIENTED_EDGE('',*,*,#3606,.F.);
#1645=ORIENTED_EDGE('',*,*,#3607,.T.);
#1646=ORIENTED_EDGE('',*,*,#3608,.F.);
#1647=ORIENTED_EDGE('',*,*,#3609,.T.);
#1648=ORIENTED_EDGE('',*,*,#3610,.F.);
#1649=ORIENTED_EDGE('',*,*,#3611,.F.);
#1650=ORIENTED_EDGE('',*,*,#3612,.T.);
#1651=ORIENTED_EDGE('',*,*,#3613,.F.);
#1652=ORIENTED_EDGE('',*,*,#3614,.T.);
#1653=ORIENTED_EDGE('',*,*,#3615,.F.);
#1654=ORIENTED_EDGE('',*,*,#3616,.T.);
#1655=ORIENTED_EDGE('',*,*,#3617,.F.);
#1656=ORIENTED_EDGE('',*,*,#3618,.T.);
#1657=ORIENTED_EDGE('',*,*,#3619,.T.);
#1658=ORIENTED_EDGE('',*,*,#3620,.T.);
#1659=ORIENTED_EDGE('',*,*,#3621,.F.);
#1660=ORIENTED_EDGE('',*,*,#3622,.T.);
#1661=ORIENTED_EDGE('',*,*,#3623,.F.);
#1662=ORIENTED_EDGE('',*,*,#3624,.T.);
#1663=ORIENTED_EDGE('',*,*,#3625,.T.);
#1664=ORIENTED_EDGE('',*,*,#3626,.F.);
#1665=ORIENTED_EDGE('',*,*,#3627,.T.);
#1666=ORIENTED_EDGE('',*,*,#3628,.F.);
#1667=ORIENTED_EDGE('',*,*,#3629,.F.);
#1668=ORIENTED_EDGE('',*,*,#3630,.T.);
#1669=ORIENTED_EDGE('',*,*,#3631,.T.);
#1670=ORIENTED_EDGE('',*,*,#3632,.T.);
#1671=ORIENTED_EDGE('',*,*,#3633,.F.);
#1672=ORIENTED_EDGE('',*,*,#3634,.T.);
#1673=ORIENTED_EDGE('',*,*,#3635,.F.);
#1674=ORIENTED_EDGE('',*,*,#3636,.F.);
#1675=ORIENTED_EDGE('',*,*,#3532,.F.);
#1676=ORIENTED_EDGE('',*,*,#3637,.T.);
#1677=ORIENTED_EDGE('',*,*,#3596,.T.);
#1678=ORIENTED_EDGE('',*,*,#3638,.F.);
#1679=ORIENTED_EDGE('',*,*,#3639,.T.);
#1680=ORIENTED_EDGE('',*,*,#3624,.F.);
#1681=ORIENTED_EDGE('',*,*,#3640,.F.);
#1682=ORIENTED_EDGE('',*,*,#3572,.T.);
#1683=ORIENTED_EDGE('',*,*,#3641,.T.);
#1684=ORIENTED_EDGE('',*,*,#3612,.F.);
#1685=ORIENTED_EDGE('',*,*,#3642,.F.);
#1686=ORIENTED_EDGE('',*,*,#3643,.T.);
#1687=ORIENTED_EDGE('',*,*,#3644,.T.);
#1688=ORIENTED_EDGE('',*,*,#3645,.F.);
#1689=ORIENTED_EDGE('',*,*,#3646,.F.);
#1690=ORIENTED_EDGE('',*,*,#3647,.F.);
#1691=ORIENTED_EDGE('',*,*,#3648,.T.);
#1692=ORIENTED_EDGE('',*,*,#3649,.T.);
#1693=ORIENTED_EDGE('',*,*,#3650,.T.);
#1694=ORIENTED_EDGE('',*,*,#3651,.F.);
#1695=ORIENTED_EDGE('',*,*,#3652,.T.);
#1696=ORIENTED_EDGE('',*,*,#3653,.T.);
#1697=ORIENTED_EDGE('',*,*,#3654,.T.);
#1698=ORIENTED_EDGE('',*,*,#3655,.T.);
#1699=ORIENTED_EDGE('',*,*,#3650,.F.);
#1700=ORIENTED_EDGE('',*,*,#3656,.T.);
#1701=ORIENTED_EDGE('',*,*,#3643,.F.);
#1702=ORIENTED_EDGE('',*,*,#3657,.F.);
#1703=ORIENTED_EDGE('',*,*,#3658,.T.);
#1704=ORIENTED_EDGE('',*,*,#3565,.F.);
#1705=ORIENTED_EDGE('',*,*,#3659,.T.);
#1706=ORIENTED_EDGE('',*,*,#3660,.T.);
#1707=ORIENTED_EDGE('',*,*,#3652,.F.);
#1708=ORIENTED_EDGE('',*,*,#3661,.F.);
#1709=ORIENTED_EDGE('',*,*,#3662,.T.);
#1710=ORIENTED_EDGE('',*,*,#3663,.F.);
#1711=ORIENTED_EDGE('',*,*,#3664,.F.);
#1712=ORIENTED_EDGE('',*,*,#3665,.T.);
#1713=ORIENTED_EDGE('',*,*,#3666,.T.);
#1714=ORIENTED_EDGE('',*,*,#3667,.F.);
#1715=ORIENTED_EDGE('',*,*,#3668,.F.);
#1716=ORIENTED_EDGE('',*,*,#3669,.F.);
#1717=ORIENTED_EDGE('',*,*,#3670,.F.);
#1718=ORIENTED_EDGE('',*,*,#3671,.T.);
#1719=ORIENTED_EDGE('',*,*,#3672,.T.);
#1720=ORIENTED_EDGE('',*,*,#3673,.T.);
#1721=ORIENTED_EDGE('',*,*,#3674,.T.);
#1722=ORIENTED_EDGE('',*,*,#3675,.T.);
#1723=ORIENTED_EDGE('',*,*,#3676,.T.);
#1724=ORIENTED_EDGE('',*,*,#3677,.T.);
#1725=ORIENTED_EDGE('',*,*,#3678,.T.);
#1726=ORIENTED_EDGE('',*,*,#3679,.F.);
#1727=ORIENTED_EDGE('',*,*,#3680,.T.);
#1728=ORIENTED_EDGE('',*,*,#3681,.T.);
#1729=ORIENTED_EDGE('',*,*,#3682,.F.);
#1730=ORIENTED_EDGE('',*,*,#3683,.F.);
#1731=ORIENTED_EDGE('',*,*,#3684,.T.);
#1732=ORIENTED_EDGE('',*,*,#3685,.F.);
#1733=ORIENTED_EDGE('',*,*,#3679,.T.);
#1734=ORIENTED_EDGE('',*,*,#3686,.F.);
#1735=ORIENTED_EDGE('',*,*,#3687,.F.);
#1736=ORIENTED_EDGE('',*,*,#3688,.T.);
#1737=ORIENTED_EDGE('',*,*,#3689,.T.);
#1738=ORIENTED_EDGE('',*,*,#3690,.T.);
#1739=ORIENTED_EDGE('',*,*,#3691,.T.);
#1740=ORIENTED_EDGE('',*,*,#3692,.T.);
#1741=ORIENTED_EDGE('',*,*,#3693,.T.);
#1742=ORIENTED_EDGE('',*,*,#3694,.T.);
#1743=ORIENTED_EDGE('',*,*,#3695,.T.);
#1744=ORIENTED_EDGE('',*,*,#3696,.T.);
#1745=ORIENTED_EDGE('',*,*,#3697,.T.);
#1746=ORIENTED_EDGE('',*,*,#3698,.T.);
#1747=ORIENTED_EDGE('',*,*,#3699,.T.);
#1748=ORIENTED_EDGE('',*,*,#3700,.T.);
#1749=ORIENTED_EDGE('',*,*,#3701,.F.);
#1750=ORIENTED_EDGE('',*,*,#3702,.T.);
#1751=ORIENTED_EDGE('',*,*,#3703,.T.);
#1752=ORIENTED_EDGE('',*,*,#3704,.F.);
#1753=ORIENTED_EDGE('',*,*,#3705,.F.);
#1754=ORIENTED_EDGE('',*,*,#3706,.T.);
#1755=ORIENTED_EDGE('',*,*,#3707,.T.);
#1756=ORIENTED_EDGE('',*,*,#3708,.F.);
#1757=ORIENTED_EDGE('',*,*,#3709,.F.);
#1758=ORIENTED_EDGE('',*,*,#3710,.T.);
#1759=ORIENTED_EDGE('',*,*,#3711,.T.);
#1760=ORIENTED_EDGE('',*,*,#3712,.F.);
#1761=ORIENTED_EDGE('',*,*,#3713,.F.);
#1762=ORIENTED_EDGE('',*,*,#3714,.T.);
#1763=ORIENTED_EDGE('',*,*,#3715,.T.);
#1764=ORIENTED_EDGE('',*,*,#3716,.F.);
#1765=ORIENTED_EDGE('',*,*,#3717,.F.);
#1766=ORIENTED_EDGE('',*,*,#3718,.T.);
#1767=ORIENTED_EDGE('',*,*,#3719,.T.);
#1768=ORIENTED_EDGE('',*,*,#3720,.F.);
#1769=ORIENTED_EDGE('',*,*,#3721,.F.);
#1770=ORIENTED_EDGE('',*,*,#3722,.T.);
#1771=ORIENTED_EDGE('',*,*,#3723,.T.);
#1772=ORIENTED_EDGE('',*,*,#3724,.F.);
#1773=ORIENTED_EDGE('',*,*,#3725,.F.);
#1774=ORIENTED_EDGE('',*,*,#3726,.T.);
#1775=ORIENTED_EDGE('',*,*,#3727,.T.);
#1776=ORIENTED_EDGE('',*,*,#3728,.F.);
#1777=ORIENTED_EDGE('',*,*,#3729,.F.);
#1778=ORIENTED_EDGE('',*,*,#3730,.F.);
#1779=ORIENTED_EDGE('',*,*,#3731,.T.);
#1780=ORIENTED_EDGE('',*,*,#3732,.F.);
#1781=ORIENTED_EDGE('',*,*,#3733,.F.);
#1782=ORIENTED_EDGE('',*,*,#3734,.F.);
#1783=ORIENTED_EDGE('',*,*,#3725,.T.);
#1784=ORIENTED_EDGE('',*,*,#3735,.F.);
#1785=ORIENTED_EDGE('',*,*,#3736,.F.);
#1786=ORIENTED_EDGE('',*,*,#3737,.F.);
#1787=ORIENTED_EDGE('',*,*,#3738,.F.);
#1788=ORIENTED_EDGE('',*,*,#3739,.T.);
#1789=ORIENTED_EDGE('',*,*,#3740,.F.);
#1790=ORIENTED_EDGE('',*,*,#3741,.F.);
#1791=ORIENTED_EDGE('',*,*,#3721,.T.);
#1792=ORIENTED_EDGE('',*,*,#3742,.F.);
#1793=ORIENTED_EDGE('',*,*,#3743,.F.);
#1794=ORIENTED_EDGE('',*,*,#3744,.F.);
#1795=ORIENTED_EDGE('',*,*,#3745,.F.);
#1796=ORIENTED_EDGE('',*,*,#3746,.T.);
#1797=ORIENTED_EDGE('',*,*,#3747,.F.);
#1798=ORIENTED_EDGE('',*,*,#3748,.F.);
#1799=ORIENTED_EDGE('',*,*,#3717,.T.);
#1800=ORIENTED_EDGE('',*,*,#3749,.F.);
#1801=ORIENTED_EDGE('',*,*,#3750,.F.);
#1802=ORIENTED_EDGE('',*,*,#3751,.F.);
#1803=ORIENTED_EDGE('',*,*,#3752,.F.);
#1804=ORIENTED_EDGE('',*,*,#3753,.T.);
#1805=ORIENTED_EDGE('',*,*,#3754,.F.);
#1806=ORIENTED_EDGE('',*,*,#3690,.F.);
#1807=ORIENTED_EDGE('',*,*,#3755,.F.);
#1808=ORIENTED_EDGE('',*,*,#3756,.F.);
#1809=ORIENTED_EDGE('',*,*,#3757,.T.);
#1810=ORIENTED_EDGE('',*,*,#3758,.F.);
#1811=ORIENTED_EDGE('',*,*,#3674,.F.);
#1812=ORIENTED_EDGE('',*,*,#3759,.F.);
#1813=ORIENTED_EDGE('',*,*,#3713,.T.);
#1814=ORIENTED_EDGE('',*,*,#3760,.F.);
#1815=ORIENTED_EDGE('',*,*,#3761,.F.);
#1816=ORIENTED_EDGE('',*,*,#3762,.F.);
#1817=ORIENTED_EDGE('',*,*,#3763,.F.);
#1818=ORIENTED_EDGE('',*,*,#3764,.T.);
#1819=ORIENTED_EDGE('',*,*,#3765,.F.);
#1820=ORIENTED_EDGE('',*,*,#3766,.F.);
#1821=ORIENTED_EDGE('',*,*,#3709,.T.);
#1822=ORIENTED_EDGE('',*,*,#3767,.F.);
#1823=ORIENTED_EDGE('',*,*,#3768,.F.);
#1824=ORIENTED_EDGE('',*,*,#3769,.F.);
#1825=ORIENTED_EDGE('',*,*,#3770,.F.);
#1826=ORIENTED_EDGE('',*,*,#3771,.T.);
#1827=ORIENTED_EDGE('',*,*,#3772,.F.);
#1828=ORIENTED_EDGE('',*,*,#3773,.F.);
#1829=ORIENTED_EDGE('',*,*,#3705,.T.);
#1830=ORIENTED_EDGE('',*,*,#3774,.F.);
#1831=ORIENTED_EDGE('',*,*,#3775,.F.);
#1832=ORIENTED_EDGE('',*,*,#3776,.F.);
#1833=ORIENTED_EDGE('',*,*,#3777,.F.);
#1834=ORIENTED_EDGE('',*,*,#3778,.T.);
#1835=ORIENTED_EDGE('',*,*,#3779,.F.);
#1836=ORIENTED_EDGE('',*,*,#3697,.F.);
#1837=ORIENTED_EDGE('',*,*,#3780,.F.);
#1838=ORIENTED_EDGE('',*,*,#3701,.T.);
#1839=ORIENTED_EDGE('',*,*,#3781,.F.);
#1840=ORIENTED_EDGE('',*,*,#3782,.F.);
#1841=ORIENTED_EDGE('',*,*,#3783,.F.);
#1842=ORIENTED_EDGE('',*,*,#3784,.F.);
#1843=ORIENTED_EDGE('',*,*,#3785,.T.);
#1844=ORIENTED_EDGE('',*,*,#3786,.F.);
#1845=ORIENTED_EDGE('',*,*,#3787,.T.);
#1846=ORIENTED_EDGE('',*,*,#3788,.T.);
#1847=ORIENTED_EDGE('',*,*,#3789,.F.);
#1848=ORIENTED_EDGE('',*,*,#3790,.F.);
#1849=ORIENTED_EDGE('',*,*,#3791,.T.);
#1850=ORIENTED_EDGE('',*,*,#3792,.F.);
#1851=ORIENTED_EDGE('',*,*,#3791,.F.);
#1852=ORIENTED_EDGE('',*,*,#3788,.F.);
#1853=ORIENTED_EDGE('',*,*,#3793,.F.);
#1854=ORIENTED_EDGE('',*,*,#3555,.F.);
#1855=ORIENTED_EDGE('',*,*,#3794,.T.);
#1856=ORIENTED_EDGE('',*,*,#3600,.T.);
#1857=ORIENTED_EDGE('',*,*,#3795,.F.);
#1858=ORIENTED_EDGE('',*,*,#3666,.F.);
#1859=ORIENTED_EDGE('',*,*,#3796,.F.);
#1860=ORIENTED_EDGE('',*,*,#3797,.F.);
#1861=ORIENTED_EDGE('',*,*,#3798,.T.);
#1862=ORIENTED_EDGE('',*,*,#3658,.F.);
#1863=ORIENTED_EDGE('',*,*,#3798,.F.);
#1864=ORIENTED_EDGE('',*,*,#3799,.F.);
#1865=ORIENTED_EDGE('',*,*,#3566,.T.);
#1866=ORIENTED_EDGE('',*,*,#3800,.F.);
#1867=ORIENTED_EDGE('',*,*,#3801,.T.);
#1868=ORIENTED_EDGE('',*,*,#3618,.F.);
#1869=ORIENTED_EDGE('',*,*,#3802,.F.);
#1870=ORIENTED_EDGE('',*,*,#3796,.T.);
#1871=ORIENTED_EDGE('',*,*,#3665,.F.);
#1872=ORIENTED_EDGE('',*,*,#3803,.F.);
#1873=ORIENTED_EDGE('',*,*,#3804,.T.);
#1874=ORIENTED_EDGE('',*,*,#3805,.F.);
#1875=ORIENTED_EDGE('',*,*,#3806,.T.);
#1876=ORIENTED_EDGE('',*,*,#3807,.F.);
#1877=ORIENTED_EDGE('',*,*,#3808,.T.);
#1878=ORIENTED_EDGE('',*,*,#3809,.F.);
#1879=ORIENTED_EDGE('',*,*,#3810,.F.);
#1880=ORIENTED_EDGE('',*,*,#3811,.F.);
#1881=ORIENTED_EDGE('',*,*,#3812,.F.);
#1882=ORIENTED_EDGE('',*,*,#3813,.F.);
#1883=ORIENTED_EDGE('',*,*,#3814,.F.);
#1884=ORIENTED_EDGE('',*,*,#3815,.F.);
#1885=ORIENTED_EDGE('',*,*,#3816,.F.);
#1886=ORIENTED_EDGE('',*,*,#3817,.F.);
#1887=ORIENTED_EDGE('',*,*,#3818,.F.);
#1888=ORIENTED_EDGE('',*,*,#3819,.F.);
#1889=ORIENTED_EDGE('',*,*,#3820,.F.);
#1890=ORIENTED_EDGE('',*,*,#3821,.F.);
#1891=ORIENTED_EDGE('',*,*,#3822,.F.);
#1892=ORIENTED_EDGE('',*,*,#3823,.F.);
#1893=ORIENTED_EDGE('',*,*,#3824,.F.);
#1894=ORIENTED_EDGE('',*,*,#3825,.F.);
#1895=ORIENTED_EDGE('',*,*,#3623,.T.);
#1896=ORIENTED_EDGE('',*,*,#3826,.F.);
#1897=ORIENTED_EDGE('',*,*,#3573,.F.);
#1898=ORIENTED_EDGE('',*,*,#3640,.T.);
#1899=ORIENTED_EDGE('',*,*,#3622,.F.);
#1900=ORIENTED_EDGE('',*,*,#3827,.F.);
#1901=ORIENTED_EDGE('',*,*,#3574,.T.);
#1902=ORIENTED_EDGE('',*,*,#3826,.T.);
#1903=ORIENTED_EDGE('',*,*,#3621,.T.);
#1904=ORIENTED_EDGE('',*,*,#3828,.T.);
#1905=ORIENTED_EDGE('',*,*,#3575,.F.);
#1906=ORIENTED_EDGE('',*,*,#3827,.T.);
#1907=ORIENTED_EDGE('',*,*,#3829,.F.);
#1908=ORIENTED_EDGE('',*,*,#3569,.F.);
#1909=ORIENTED_EDGE('',*,*,#3830,.T.);
#1910=ORIENTED_EDGE('',*,*,#3615,.T.);
#1911=ORIENTED_EDGE('',*,*,#3614,.F.);
#1912=ORIENTED_EDGE('',*,*,#3831,.F.);
#1913=ORIENTED_EDGE('',*,*,#3570,.T.);
#1914=ORIENTED_EDGE('',*,*,#3829,.T.);
#1915=ORIENTED_EDGE('',*,*,#3832,.T.);
#1916=ORIENTED_EDGE('',*,*,#3833,.T.);
#1917=ORIENTED_EDGE('',*,*,#3610,.T.);
#1918=ORIENTED_EDGE('',*,*,#3834,.F.);
#1919=ORIENTED_EDGE('',*,*,#3545,.F.);
#1920=ORIENTED_EDGE('',*,*,#3835,.T.);
#1921=ORIENTED_EDGE('',*,*,#3626,.T.);
#1922=ORIENTED_EDGE('',*,*,#3836,.F.);
#1923=ORIENTED_EDGE('',*,*,#3609,.F.);
#1924=ORIENTED_EDGE('',*,*,#3837,.F.);
#1925=ORIENTED_EDGE('',*,*,#3546,.T.);
#1926=ORIENTED_EDGE('',*,*,#3834,.T.);
#1927=ORIENTED_EDGE('',*,*,#3608,.T.);
#1928=ORIENTED_EDGE('',*,*,#3838,.F.);
#1929=ORIENTED_EDGE('',*,*,#3547,.F.);
#1930=ORIENTED_EDGE('',*,*,#3837,.T.);
#1931=ORIENTED_EDGE('',*,*,#3607,.F.);
#1932=ORIENTED_EDGE('',*,*,#3839,.F.);
#1933=ORIENTED_EDGE('',*,*,#3548,.T.);
#1934=ORIENTED_EDGE('',*,*,#3838,.T.);
#1935=ORIENTED_EDGE('',*,*,#3606,.T.);
#1936=ORIENTED_EDGE('',*,*,#3840,.F.);
#1937=ORIENTED_EDGE('',*,*,#3549,.F.);
#1938=ORIENTED_EDGE('',*,*,#3839,.T.);
#1939=ORIENTED_EDGE('',*,*,#3605,.F.);
#1940=ORIENTED_EDGE('',*,*,#3841,.F.);
#1941=ORIENTED_EDGE('',*,*,#3550,.T.);
#1942=ORIENTED_EDGE('',*,*,#3840,.T.);
#1943=ORIENTED_EDGE('',*,*,#3604,.T.);
#1944=ORIENTED_EDGE('',*,*,#3842,.F.);
#1945=ORIENTED_EDGE('',*,*,#3551,.F.);
#1946=ORIENTED_EDGE('',*,*,#3841,.T.);
#1947=ORIENTED_EDGE('',*,*,#3603,.T.);
#1948=ORIENTED_EDGE('',*,*,#3843,.F.);
#1949=ORIENTED_EDGE('',*,*,#3552,.F.);
#1950=ORIENTED_EDGE('',*,*,#3842,.T.);
#1951=ORIENTED_EDGE('',*,*,#3602,.T.);
#1952=ORIENTED_EDGE('',*,*,#3844,.F.);
#1953=ORIENTED_EDGE('',*,*,#3553,.F.);
#1954=ORIENTED_EDGE('',*,*,#3843,.T.);
#1955=ORIENTED_EDGE('',*,*,#3601,.F.);
#1956=ORIENTED_EDGE('',*,*,#3794,.F.);
#1957=ORIENTED_EDGE('',*,*,#3554,.T.);
#1958=ORIENTED_EDGE('',*,*,#3844,.T.);
#1959=ORIENTED_EDGE('',*,*,#3789,.T.);
#1960=ORIENTED_EDGE('',*,*,#3795,.T.);
#1961=ORIENTED_EDGE('',*,*,#3599,.F.);
#1962=ORIENTED_EDGE('',*,*,#3845,.F.);
#1963=ORIENTED_EDGE('',*,*,#3556,.T.);
#1964=ORIENTED_EDGE('',*,*,#3793,.T.);
#1965=ORIENTED_EDGE('',*,*,#3598,.T.);
#1966=ORIENTED_EDGE('',*,*,#3846,.F.);
#1967=ORIENTED_EDGE('',*,*,#3557,.F.);
#1968=ORIENTED_EDGE('',*,*,#3845,.T.);
#1969=ORIENTED_EDGE('',*,*,#3597,.F.);
#1970=ORIENTED_EDGE('',*,*,#3637,.F.);
#1971=ORIENTED_EDGE('',*,*,#3558,.T.);
#1972=ORIENTED_EDGE('',*,*,#3846,.T.);
#1973=ORIENTED_EDGE('',*,*,#3536,.F.);
#1974=ORIENTED_EDGE('',*,*,#3847,.T.);
#1975=ORIENTED_EDGE('',*,*,#3635,.T.);
#1976=ORIENTED_EDGE('',*,*,#3848,.F.);
#1977=ORIENTED_EDGE('',*,*,#3634,.F.);
#1978=ORIENTED_EDGE('',*,*,#3849,.F.);
#1979=ORIENTED_EDGE('',*,*,#3537,.T.);
#1980=ORIENTED_EDGE('',*,*,#3848,.T.);
#1981=ORIENTED_EDGE('',*,*,#3633,.T.);
#1982=ORIENTED_EDGE('',*,*,#3850,.F.);
#1983=ORIENTED_EDGE('',*,*,#3538,.F.);
#1984=ORIENTED_EDGE('',*,*,#3849,.T.);
#1985=ORIENTED_EDGE('',*,*,#3632,.F.);
#1986=ORIENTED_EDGE('',*,*,#3851,.F.);
#1987=ORIENTED_EDGE('',*,*,#3539,.T.);
#1988=ORIENTED_EDGE('',*,*,#3850,.T.);
#1989=ORIENTED_EDGE('',*,*,#3631,.F.);
#1990=ORIENTED_EDGE('',*,*,#3852,.F.);
#1991=ORIENTED_EDGE('',*,*,#3540,.T.);
#1992=ORIENTED_EDGE('',*,*,#3851,.T.);
#1993=ORIENTED_EDGE('',*,*,#3630,.F.);
#1994=ORIENTED_EDGE('',*,*,#3853,.F.);
#1995=ORIENTED_EDGE('',*,*,#3541,.T.);
#1996=ORIENTED_EDGE('',*,*,#3852,.T.);
#1997=ORIENTED_EDGE('',*,*,#3629,.T.);
#1998=ORIENTED_EDGE('',*,*,#3854,.F.);
#1999=ORIENTED_EDGE('',*,*,#3542,.F.);
#2000=ORIENTED_EDGE('',*,*,#3853,.T.);
#2001=ORIENTED_EDGE('',*,*,#3628,.T.);
#2002=ORIENTED_EDGE('',*,*,#3855,.F.);
#2003=ORIENTED_EDGE('',*,*,#3543,.F.);
#2004=ORIENTED_EDGE('',*,*,#3854,.T.);
#2005=ORIENTED_EDGE('',*,*,#3590,.F.);
#2006=ORIENTED_EDGE('',*,*,#3856,.F.);
#2007=ORIENTED_EDGE('',*,*,#3857,.F.);
#2008=ORIENTED_EDGE('',*,*,#3529,.T.);
#2009=ORIENTED_EDGE('',*,*,#3858,.T.);
#2010=ORIENTED_EDGE('',*,*,#3859,.T.);
#2011=ORIENTED_EDGE('',*,*,#3588,.F.);
#2012=ORIENTED_EDGE('',*,*,#3860,.F.);
#2013=ORIENTED_EDGE('',*,*,#3861,.F.);
#2014=ORIENTED_EDGE('',*,*,#3527,.T.);
#2015=ORIENTED_EDGE('',*,*,#3862,.T.);
#2016=ORIENTED_EDGE('',*,*,#3863,.T.);
#2017=ORIENTED_EDGE('',*,*,#3613,.T.);
#2018=ORIENTED_EDGE('',*,*,#3641,.F.);
#2019=ORIENTED_EDGE('',*,*,#3571,.F.);
#2020=ORIENTED_EDGE('',*,*,#3831,.T.);
#2021=ORIENTED_EDGE('',*,*,#3627,.F.);
#2022=ORIENTED_EDGE('',*,*,#3835,.F.);
#2023=ORIENTED_EDGE('',*,*,#3544,.T.);
#2024=ORIENTED_EDGE('',*,*,#3855,.T.);
#2025=ORIENTED_EDGE('',*,*,#3591,.F.);
#2026=ORIENTED_EDGE('',*,*,#3859,.F.);
#2027=ORIENTED_EDGE('',*,*,#3858,.F.);
#2028=ORIENTED_EDGE('',*,*,#3530,.T.);
#2029=ORIENTED_EDGE('',*,*,#3857,.T.);
#2030=ORIENTED_EDGE('',*,*,#3856,.T.);
#2031=ORIENTED_EDGE('',*,*,#3589,.F.);
#2032=ORIENTED_EDGE('',*,*,#3863,.F.);
#2033=ORIENTED_EDGE('',*,*,#3862,.F.);
#2034=ORIENTED_EDGE('',*,*,#3528,.T.);
#2035=ORIENTED_EDGE('',*,*,#3861,.T.);
#2036=ORIENTED_EDGE('',*,*,#3860,.T.);
#2037=ORIENTED_EDGE('',*,*,#3587,.F.);
#2038=ORIENTED_EDGE('',*,*,#3526,.T.);
#2039=ORIENTED_EDGE('',*,*,#3586,.F.);
#2040=ORIENTED_EDGE('',*,*,#3525,.T.);
#2041=ORIENTED_EDGE('',*,*,#3585,.F.);
#2042=ORIENTED_EDGE('',*,*,#3524,.T.);
#2043=ORIENTED_EDGE('',*,*,#3592,.F.);
#2044=ORIENTED_EDGE('',*,*,#3531,.T.);
#2045=ORIENTED_EDGE('',*,*,#3617,.T.);
#2046=ORIENTED_EDGE('',*,*,#3864,.T.);
#2047=ORIENTED_EDGE('',*,*,#3567,.F.);
#2048=ORIENTED_EDGE('',*,*,#3799,.T.);
#2049=ORIENTED_EDGE('',*,*,#3797,.T.);
#2050=ORIENTED_EDGE('',*,*,#3802,.T.);
#2051=ORIENTED_EDGE('',*,*,#3865,.T.);
#2052=ORIENTED_EDGE('',*,*,#3577,.T.);
#2053=ORIENTED_EDGE('',*,*,#3866,.T.);
#2054=ORIENTED_EDGE('',*,*,#3619,.F.);
#2055=ORIENTED_EDGE('',*,*,#3801,.F.);
#2056=ORIENTED_EDGE('',*,*,#3867,.T.);
#2057=ORIENTED_EDGE('',*,*,#3868,.T.);
#2058=ORIENTED_EDGE('',*,*,#3869,.F.);
#2059=ORIENTED_EDGE('',*,*,#3870,.T.);
#2060=ORIENTED_EDGE('',*,*,#3871,.T.);
#2061=ORIENTED_EDGE('',*,*,#3872,.T.);
#2062=ORIENTED_EDGE('',*,*,#3873,.T.);
#2063=ORIENTED_EDGE('',*,*,#3874,.T.);
#2064=ORIENTED_EDGE('',*,*,#3875,.T.);
#2065=ORIENTED_EDGE('',*,*,#3876,.T.);
#2066=ORIENTED_EDGE('',*,*,#3877,.T.);
#2067=ORIENTED_EDGE('',*,*,#3878,.T.);
#2068=ORIENTED_EDGE('',*,*,#3879,.T.);
#2069=ORIENTED_EDGE('',*,*,#3876,.F.);
#2070=ORIENTED_EDGE('',*,*,#3880,.T.);
#2071=ORIENTED_EDGE('',*,*,#3881,.T.);
#2072=ORIENTED_EDGE('',*,*,#3882,.T.);
#2073=ORIENTED_EDGE('',*,*,#3883,.F.);
#2074=ORIENTED_EDGE('',*,*,#3884,.F.);
#2075=ORIENTED_EDGE('',*,*,#3885,.F.);
#2076=ORIENTED_EDGE('',*,*,#3886,.F.);
#2077=ORIENTED_EDGE('',*,*,#3874,.F.);
#2078=ORIENTED_EDGE('',*,*,#3887,.T.);
#2079=ORIENTED_EDGE('',*,*,#3888,.F.);
#2080=ORIENTED_EDGE('',*,*,#3889,.F.);
#2081=ORIENTED_EDGE('',*,*,#3881,.F.);
#2082=ORIENTED_EDGE('',*,*,#3886,.T.);
#2083=ORIENTED_EDGE('',*,*,#3890,.F.);
#2084=ORIENTED_EDGE('',*,*,#3882,.F.);
#2085=ORIENTED_EDGE('',*,*,#3889,.T.);
#2086=ORIENTED_EDGE('',*,*,#3891,.F.);
#2087=ORIENTED_EDGE('',*,*,#3892,.F.);
#2088=ORIENTED_EDGE('',*,*,#3877,.F.);
#2089=ORIENTED_EDGE('',*,*,#3875,.F.);
#2090=ORIENTED_EDGE('',*,*,#3892,.T.);
#2091=ORIENTED_EDGE('',*,*,#3893,.F.);
#2092=ORIENTED_EDGE('',*,*,#3894,.F.);
#2093=ORIENTED_EDGE('',*,*,#3878,.F.);
#2094=ORIENTED_EDGE('',*,*,#3879,.F.);
#2095=ORIENTED_EDGE('',*,*,#3894,.T.);
#2096=ORIENTED_EDGE('',*,*,#3895,.F.);
#2097=ORIENTED_EDGE('',*,*,#3896,.F.);
#2098=ORIENTED_EDGE('',*,*,#3897,.F.);
#2099=ORIENTED_EDGE('',*,*,#3898,.F.);
#2100=ORIENTED_EDGE('',*,*,#3899,.F.);
#2101=ORIENTED_EDGE('',*,*,#3900,.F.);
#2102=ORIENTED_EDGE('',*,*,#3901,.F.);
#2103=ORIENTED_EDGE('',*,*,#3902,.F.);
#2104=ORIENTED_EDGE('',*,*,#3903,.F.);
#2105=ORIENTED_EDGE('',*,*,#3904,.F.);
#2106=ORIENTED_EDGE('',*,*,#3905,.F.);
#2107=ORIENTED_EDGE('',*,*,#3906,.F.);
#2108=ORIENTED_EDGE('',*,*,#3907,.F.);
#2109=ORIENTED_EDGE('',*,*,#3908,.F.);
#2110=ORIENTED_EDGE('',*,*,#3909,.F.);
#2111=ORIENTED_EDGE('',*,*,#3910,.F.);
#2112=ORIENTED_EDGE('',*,*,#3911,.F.);
#2113=ORIENTED_EDGE('',*,*,#3912,.F.);
#2114=ORIENTED_EDGE('',*,*,#3913,.F.);
#2115=ORIENTED_EDGE('',*,*,#3914,.F.);
#2116=ORIENTED_EDGE('',*,*,#3915,.F.);
#2117=ORIENTED_EDGE('',*,*,#3887,.F.);
#2118=ORIENTED_EDGE('',*,*,#3880,.F.);
#2119=ORIENTED_EDGE('',*,*,#3916,.F.);
#2120=ORIENTED_EDGE('',*,*,#3884,.T.);
#2121=ORIENTED_EDGE('',*,*,#3873,.F.);
#2122=ORIENTED_EDGE('',*,*,#3917,.T.);
#2123=ORIENTED_EDGE('',*,*,#3809,.T.);
#2124=ORIENTED_EDGE('',*,*,#3918,.T.);
#2125=ORIENTED_EDGE('',*,*,#3919,.F.);
#2126=ORIENTED_EDGE('',*,*,#3920,.T.);
#2127=ORIENTED_EDGE('',*,*,#3921,.T.);
#2128=ORIENTED_EDGE('',*,*,#3919,.T.);
#2129=ORIENTED_EDGE('',*,*,#3922,.T.);
#2130=ORIENTED_EDGE('',*,*,#3923,.T.);
#2131=ORIENTED_EDGE('',*,*,#3803,.T.);
#2132=ORIENTED_EDGE('',*,*,#3664,.T.);
#2133=ORIENTED_EDGE('',*,*,#3924,.F.);
#2134=ORIENTED_EDGE('',*,*,#3925,.T.);
#2135=ORIENTED_EDGE('',*,*,#3926,.T.);
#2136=ORIENTED_EDGE('',*,*,#3927,.T.);
#2137=ORIENTED_EDGE('',*,*,#3924,.T.);
#2138=ORIENTED_EDGE('',*,*,#3663,.T.);
#2139=ORIENTED_EDGE('',*,*,#3808,.F.);
#2140=ORIENTED_EDGE('',*,*,#3928,.T.);
#2141=ORIENTED_EDGE('',*,*,#3787,.F.);
#2142=ORIENTED_EDGE('',*,*,#3929,.T.);
#2143=ORIENTED_EDGE('',*,*,#3804,.F.);
#2144=ORIENTED_EDGE('',*,*,#3923,.F.);
#2145=ORIENTED_EDGE('',*,*,#3930,.T.);
#2146=ORIENTED_EDGE('',*,*,#3918,.F.);
#2147=ORIENTED_EDGE('',*,*,#3931,.T.);
#2148=ORIENTED_EDGE('',*,*,#3932,.T.);
#2149=ORIENTED_EDGE('',*,*,#3933,.T.);
#2150=ORIENTED_EDGE('',*,*,#3934,.T.);
#2151=ORIENTED_EDGE('',*,*,#3669,.T.);
#2152=ORIENTED_EDGE('',*,*,#3935,.T.);
#2153=ORIENTED_EDGE('',*,*,#3936,.T.);
#2154=ORIENTED_EDGE('',*,*,#3937,.T.);
#2155=ORIENTED_EDGE('',*,*,#3933,.F.);
#2156=ORIENTED_EDGE('',*,*,#3938,.T.);
#2157=ORIENTED_EDGE('',*,*,#3939,.T.);
#2158=ORIENTED_EDGE('',*,*,#3940,.T.);
#2159=ORIENTED_EDGE('',*,*,#3941,.T.);
#2160=ORIENTED_EDGE('',*,*,#3942,.T.);
#2161=ORIENTED_EDGE('',*,*,#3943,.T.);
#2162=ORIENTED_EDGE('',*,*,#3939,.F.);
#2163=ORIENTED_EDGE('',*,*,#3944,.F.);
#2164=ORIENTED_EDGE('',*,*,#3945,.F.);
#2165=ORIENTED_EDGE('',*,*,#3946,.F.);
#2166=ORIENTED_EDGE('',*,*,#3944,.T.);
#2167=ORIENTED_EDGE('',*,*,#3938,.F.);
#2168=ORIENTED_EDGE('',*,*,#3932,.F.);
#2169=ORIENTED_EDGE('',*,*,#3947,.T.);
#2170=ORIENTED_EDGE('',*,*,#3948,.T.);
#2171=ORIENTED_EDGE('',*,*,#3733,.T.);
#2172=ORIENTED_EDGE('',*,*,#3949,.T.);
#2173=ORIENTED_EDGE('',*,*,#3950,.T.);
#2174=ORIENTED_EDGE('',*,*,#3951,.T.);
#2175=ORIENTED_EDGE('',*,*,#3952,.T.);
#2176=ORIENTED_EDGE('',*,*,#3953,.T.);
#2177=ORIENTED_EDGE('',*,*,#3954,.T.);
#2178=ORIENTED_EDGE('',*,*,#3955,.T.);
#2179=ORIENTED_EDGE('',*,*,#3956,.T.);
#2180=ORIENTED_EDGE('',*,*,#3957,.T.);
#2181=ORIENTED_EDGE('',*,*,#3958,.T.);
#2182=ORIENTED_EDGE('',*,*,#3959,.T.);
#2183=ORIENTED_EDGE('',*,*,#3960,.T.);
#2184=ORIENTED_EDGE('',*,*,#3961,.T.);
#2185=ORIENTED_EDGE('',*,*,#3962,.T.);
#2186=ORIENTED_EDGE('',*,*,#3963,.T.);
#2187=ORIENTED_EDGE('',*,*,#3964,.T.);
#2188=ORIENTED_EDGE('',*,*,#3965,.T.);
#2189=ORIENTED_EDGE('',*,*,#3683,.T.);
#2190=ORIENTED_EDGE('',*,*,#3966,.T.);
#2191=ORIENTED_EDGE('',*,*,#3967,.T.);
#2192=ORIENTED_EDGE('',*,*,#3968,.T.);
#2193=ORIENTED_EDGE('',*,*,#3969,.T.);
#2194=ORIENTED_EDGE('',*,*,#3970,.T.);
#2195=ORIENTED_EDGE('',*,*,#3971,.T.);
#2196=ORIENTED_EDGE('',*,*,#3972,.T.);
#2197=ORIENTED_EDGE('',*,*,#3973,.T.);
#2198=ORIENTED_EDGE('',*,*,#3974,.T.);
#2199=ORIENTED_EDGE('',*,*,#3975,.T.);
#2200=ORIENTED_EDGE('',*,*,#3976,.T.);
#2201=ORIENTED_EDGE('',*,*,#3977,.T.);
#2202=ORIENTED_EDGE('',*,*,#3978,.T.);
#2203=ORIENTED_EDGE('',*,*,#3783,.T.);
#2204=ORIENTED_EDGE('',*,*,#3979,.T.);
#2205=ORIENTED_EDGE('',*,*,#3980,.T.);
#2206=ORIENTED_EDGE('',*,*,#3981,.T.);
#2207=ORIENTED_EDGE('',*,*,#3982,.T.);
#2208=ORIENTED_EDGE('',*,*,#3983,.T.);
#2209=ORIENTED_EDGE('',*,*,#3984,.T.);
#2210=ORIENTED_EDGE('',*,*,#3985,.T.);
#2211=ORIENTED_EDGE('',*,*,#3986,.T.);
#2212=ORIENTED_EDGE('',*,*,#3987,.T.);
#2213=ORIENTED_EDGE('',*,*,#3988,.T.);
#2214=ORIENTED_EDGE('',*,*,#3989,.T.);
#2215=ORIENTED_EDGE('',*,*,#3990,.T.);
#2216=ORIENTED_EDGE('',*,*,#3991,.T.);
#2217=ORIENTED_EDGE('',*,*,#3992,.T.);
#2218=ORIENTED_EDGE('',*,*,#3993,.T.);
#2219=ORIENTED_EDGE('',*,*,#3994,.T.);
#2220=ORIENTED_EDGE('',*,*,#3995,.T.);
#2221=ORIENTED_EDGE('',*,*,#3996,.T.);
#2222=ORIENTED_EDGE('',*,*,#3997,.T.);
#2223=ORIENTED_EDGE('',*,*,#3998,.T.);
#2224=ORIENTED_EDGE('',*,*,#3999,.T.);
#2225=ORIENTED_EDGE('',*,*,#4000,.T.);
#2226=ORIENTED_EDGE('',*,*,#4001,.T.);
#2227=ORIENTED_EDGE('',*,*,#4002,.T.);
#2228=ORIENTED_EDGE('',*,*,#4003,.T.);
#2229=ORIENTED_EDGE('',*,*,#4004,.T.);
#2230=ORIENTED_EDGE('',*,*,#4005,.T.);
#2231=ORIENTED_EDGE('',*,*,#4006,.T.);
#2232=ORIENTED_EDGE('',*,*,#4007,.T.);
#2233=ORIENTED_EDGE('',*,*,#4008,.T.);
#2234=ORIENTED_EDGE('',*,*,#4009,.T.);
#2235=ORIENTED_EDGE('',*,*,#4010,.T.);
#2236=ORIENTED_EDGE('',*,*,#4011,.T.);
#2237=ORIENTED_EDGE('',*,*,#4012,.T.);
#2238=ORIENTED_EDGE('',*,*,#4013,.T.);
#2239=ORIENTED_EDGE('',*,*,#4014,.T.);
#2240=ORIENTED_EDGE('',*,*,#4015,.T.);
#2241=ORIENTED_EDGE('',*,*,#4016,.T.);
#2242=ORIENTED_EDGE('',*,*,#4017,.T.);
#2243=ORIENTED_EDGE('',*,*,#4018,.T.);
#2244=ORIENTED_EDGE('',*,*,#4019,.T.);
#2245=ORIENTED_EDGE('',*,*,#4020,.T.);
#2246=ORIENTED_EDGE('',*,*,#4021,.T.);
#2247=ORIENTED_EDGE('',*,*,#4022,.T.);
#2248=ORIENTED_EDGE('',*,*,#4023,.T.);
#2249=ORIENTED_EDGE('',*,*,#4024,.T.);
#2250=ORIENTED_EDGE('',*,*,#4025,.T.);
#2251=ORIENTED_EDGE('',*,*,#4026,.T.);
#2252=ORIENTED_EDGE('',*,*,#4027,.T.);
#2253=ORIENTED_EDGE('',*,*,#4028,.T.);
#2254=ORIENTED_EDGE('',*,*,#4029,.T.);
#2255=ORIENTED_EDGE('',*,*,#4030,.T.);
#2256=ORIENTED_EDGE('',*,*,#4031,.T.);
#2257=ORIENTED_EDGE('',*,*,#4032,.T.);
#2258=ORIENTED_EDGE('',*,*,#4033,.T.);
#2259=ORIENTED_EDGE('',*,*,#4034,.T.);
#2260=ORIENTED_EDGE('',*,*,#4035,.T.);
#2261=ORIENTED_EDGE('',*,*,#3645,.T.);
#2262=ORIENTED_EDGE('',*,*,#4036,.T.);
#2263=ORIENTED_EDGE('',*,*,#4037,.F.);
#2264=ORIENTED_EDGE('',*,*,#3667,.T.);
#2265=ORIENTED_EDGE('',*,*,#4038,.T.);
#2266=ORIENTED_EDGE('',*,*,#4039,.T.);
#2267=ORIENTED_EDGE('',*,*,#4040,.T.);
#2268=ORIENTED_EDGE('',*,*,#4041,.T.);
#2269=ORIENTED_EDGE('',*,*,#4042,.T.);
#2270=ORIENTED_EDGE('',*,*,#4043,.T.);
#2271=ORIENTED_EDGE('',*,*,#4044,.T.);
#2272=ORIENTED_EDGE('',*,*,#4045,.T.);
#2273=ORIENTED_EDGE('',*,*,#4046,.T.);
#2274=ORIENTED_EDGE('',*,*,#4047,.T.);
#2275=ORIENTED_EDGE('',*,*,#4048,.T.);
#2276=ORIENTED_EDGE('',*,*,#4049,.T.);
#2277=ORIENTED_EDGE('',*,*,#4050,.T.);
#2278=ORIENTED_EDGE('',*,*,#4051,.T.);
#2279=ORIENTED_EDGE('',*,*,#4052,.T.);
#2280=ORIENTED_EDGE('',*,*,#4053,.T.);
#2281=ORIENTED_EDGE('',*,*,#4054,.T.);
#2282=ORIENTED_EDGE('',*,*,#4055,.T.);
#2283=ORIENTED_EDGE('',*,*,#4056,.T.);
#2284=ORIENTED_EDGE('',*,*,#4057,.T.);
#2285=ORIENTED_EDGE('',*,*,#4058,.T.);
#2286=ORIENTED_EDGE('',*,*,#4059,.T.);
#2287=ORIENTED_EDGE('',*,*,#4060,.T.);
#2288=ORIENTED_EDGE('',*,*,#4061,.T.);
#2289=ORIENTED_EDGE('',*,*,#4062,.T.);
#2290=ORIENTED_EDGE('',*,*,#4063,.T.);
#2291=ORIENTED_EDGE('',*,*,#4064,.T.);
#2292=ORIENTED_EDGE('',*,*,#4065,.T.);
#2293=ORIENTED_EDGE('',*,*,#4066,.T.);
#2294=ORIENTED_EDGE('',*,*,#4067,.T.);
#2295=ORIENTED_EDGE('',*,*,#4068,.T.);
#2296=ORIENTED_EDGE('',*,*,#4069,.T.);
#2297=ORIENTED_EDGE('',*,*,#4070,.T.);
#2298=ORIENTED_EDGE('',*,*,#4071,.T.);
#2299=ORIENTED_EDGE('',*,*,#4072,.T.);
#2300=ORIENTED_EDGE('',*,*,#4073,.F.);
#2301=ORIENTED_EDGE('',*,*,#3651,.T.);
#2302=ORIENTED_EDGE('',*,*,#4074,.F.);
#2303=ORIENTED_EDGE('',*,*,#4075,.F.);
#2304=ORIENTED_EDGE('',*,*,#4076,.T.);
#2305=ORIENTED_EDGE('',*,*,#4073,.T.);
#2306=ORIENTED_EDGE('',*,*,#4077,.T.);
#2307=ORIENTED_EDGE('',*,*,#4078,.T.);
#2308=ORIENTED_EDGE('',*,*,#4074,.T.);
#2309=ORIENTED_EDGE('',*,*,#3657,.T.);
#2310=ORIENTED_EDGE('',*,*,#3647,.T.);
#2311=ORIENTED_EDGE('',*,*,#4079,.T.);
#2312=ORIENTED_EDGE('',*,*,#4070,.F.);
#2313=ORIENTED_EDGE('',*,*,#3655,.F.);
#2314=ORIENTED_EDGE('',*,*,#4075,.T.);
#2315=ORIENTED_EDGE('',*,*,#4080,.F.);
#2316=ORIENTED_EDGE('',*,*,#4081,.T.);
#2317=ORIENTED_EDGE('',*,*,#4082,.T.);
#2318=ORIENTED_EDGE('',*,*,#3661,.T.);
#2319=ORIENTED_EDGE('',*,*,#4080,.T.);
#2320=ORIENTED_EDGE('',*,*,#4083,.T.);
#2321=ORIENTED_EDGE('',*,*,#4084,.T.);
#2322=ORIENTED_EDGE('',*,*,#4085,.T.);
#2323=ORIENTED_EDGE('',*,*,#4086,.T.);
#2324=ORIENTED_EDGE('',*,*,#4066,.F.);
#2325=ORIENTED_EDGE('',*,*,#4087,.T.);
#2326=ORIENTED_EDGE('',*,*,#4088,.T.);
#2327=ORIENTED_EDGE('',*,*,#4089,.T.);
#2328=ORIENTED_EDGE('',*,*,#4054,.F.);
#2329=ORIENTED_EDGE('',*,*,#4090,.T.);
#2330=ORIENTED_EDGE('',*,*,#4091,.T.);
#2331=ORIENTED_EDGE('',*,*,#4092,.T.);
#2332=ORIENTED_EDGE('',*,*,#4060,.F.);
#2333=ORIENTED_EDGE('',*,*,#4093,.T.);
#2334=ORIENTED_EDGE('',*,*,#4094,.T.);
#2335=ORIENTED_EDGE('',*,*,#4095,.T.);
#2336=ORIENTED_EDGE('',*,*,#4096,.T.);
#2337=ORIENTED_EDGE('',*,*,#3895,.T.);
#2338=ORIENTED_EDGE('',*,*,#4097,.T.);
#2339=ORIENTED_EDGE('',*,*,#4098,.T.);
#2340=ORIENTED_EDGE('',*,*,#4099,.T.);
#2341=ORIENTED_EDGE('',*,*,#4100,.T.);
#2342=ORIENTED_EDGE('',*,*,#4101,.T.);
#2343=ORIENTED_EDGE('',*,*,#4102,.T.);
#2344=ORIENTED_EDGE('',*,*,#3897,.T.);
#2345=ORIENTED_EDGE('',*,*,#4103,.T.);
#2346=ORIENTED_EDGE('',*,*,#3781,.T.);
#2347=ORIENTED_EDGE('',*,*,#3704,.T.);
#2348=ORIENTED_EDGE('',*,*,#4104,.T.);
#2349=ORIENTED_EDGE('',*,*,#4105,.T.);
#2350=ORIENTED_EDGE('',*,*,#3899,.T.);
#2351=ORIENTED_EDGE('',*,*,#4106,.T.);
#2352=ORIENTED_EDGE('',*,*,#3774,.T.);
#2353=ORIENTED_EDGE('',*,*,#3708,.T.);
#2354=ORIENTED_EDGE('',*,*,#4107,.T.);
#2355=ORIENTED_EDGE('',*,*,#4108,.T.);
#2356=ORIENTED_EDGE('',*,*,#3901,.T.);
#2357=ORIENTED_EDGE('',*,*,#4109,.T.);
#2358=ORIENTED_EDGE('',*,*,#3767,.T.);
#2359=ORIENTED_EDGE('',*,*,#3712,.T.);
#2360=ORIENTED_EDGE('',*,*,#4110,.T.);
#2361=ORIENTED_EDGE('',*,*,#4111,.T.);
#2362=ORIENTED_EDGE('',*,*,#3903,.T.);
#2363=ORIENTED_EDGE('',*,*,#4112,.T.);
#2364=ORIENTED_EDGE('',*,*,#3760,.T.);
#2365=ORIENTED_EDGE('',*,*,#3716,.T.);
#2366=ORIENTED_EDGE('',*,*,#4113,.T.);
#2367=ORIENTED_EDGE('',*,*,#4114,.T.);
#2368=ORIENTED_EDGE('',*,*,#3905,.T.);
#2369=ORIENTED_EDGE('',*,*,#4115,.T.);
#2370=ORIENTED_EDGE('',*,*,#3686,.T.);
#2371=ORIENTED_EDGE('',*,*,#3682,.T.);
#2372=ORIENTED_EDGE('',*,*,#4116,.T.);
#2373=ORIENTED_EDGE('',*,*,#4117,.T.);
#2374=ORIENTED_EDGE('',*,*,#3907,.T.);
#2375=ORIENTED_EDGE('',*,*,#4118,.T.);
#2376=ORIENTED_EDGE('',*,*,#3749,.T.);
#2377=ORIENTED_EDGE('',*,*,#3720,.T.);
#2378=ORIENTED_EDGE('',*,*,#4119,.T.);
#2379=ORIENTED_EDGE('',*,*,#4120,.T.);
#2380=ORIENTED_EDGE('',*,*,#3909,.T.);
#2381=ORIENTED_EDGE('',*,*,#4121,.T.);
#2382=ORIENTED_EDGE('',*,*,#3742,.T.);
#2383=ORIENTED_EDGE('',*,*,#3724,.T.);
#2384=ORIENTED_EDGE('',*,*,#4122,.T.);
#2385=ORIENTED_EDGE('',*,*,#4123,.T.);
#2386=ORIENTED_EDGE('',*,*,#3911,.T.);
#2387=ORIENTED_EDGE('',*,*,#4124,.T.);
#2388=ORIENTED_EDGE('',*,*,#3735,.T.);
#2389=ORIENTED_EDGE('',*,*,#3728,.T.);
#2390=ORIENTED_EDGE('',*,*,#4125,.T.);
#2391=ORIENTED_EDGE('',*,*,#4126,.T.);
#2392=ORIENTED_EDGE('',*,*,#3913,.T.);
#2393=ORIENTED_EDGE('',*,*,#4127,.T.);
#2394=ORIENTED_EDGE('',*,*,#4128,.T.);
#2395=ORIENTED_EDGE('',*,*,#4129,.T.);
#2396=ORIENTED_EDGE('',*,*,#4130,.T.);
#2397=ORIENTED_EDGE('',*,*,#4131,.T.);
#2398=ORIENTED_EDGE('',*,*,#3915,.T.);
#2399=ORIENTED_EDGE('',*,*,#4132,.T.);
#2400=ORIENTED_EDGE('',*,*,#4133,.F.);
#2401=ORIENTED_EDGE('',*,*,#4134,.T.);
#2402=ORIENTED_EDGE('',*,*,#4135,.F.);
#2403=ORIENTED_EDGE('',*,*,#4136,.F.);
#2404=ORIENTED_EDGE('',*,*,#3946,.T.);
#2405=ORIENTED_EDGE('',*,*,#3931,.F.);
#2406=ORIENTED_EDGE('',*,*,#4137,.F.);
#2407=ORIENTED_EDGE('',*,*,#4138,.T.);
#2408=ORIENTED_EDGE('',*,*,#3870,.F.);
#2409=ORIENTED_EDGE('',*,*,#4139,.T.);
#2410=ORIENTED_EDGE('',*,*,#4140,.F.);
#2411=ORIENTED_EDGE('',*,*,#4141,.F.);
#2412=ORIENTED_EDGE('',*,*,#4133,.T.);
#2413=ORIENTED_EDGE('',*,*,#4142,.F.);
#2414=ORIENTED_EDGE('',*,*,#4143,.F.);
#2415=ORIENTED_EDGE('',*,*,#4144,.F.);
#2416=ORIENTED_EDGE('',*,*,#4145,.F.);
#2417=ORIENTED_EDGE('',*,*,#4146,.F.);
#2418=ORIENTED_EDGE('',*,*,#4147,.F.);
#2419=ORIENTED_EDGE('',*,*,#4148,.F.);
#2420=ORIENTED_EDGE('',*,*,#4149,.F.);
#2421=ORIENTED_EDGE('',*,*,#4150,.F.);
#2422=ORIENTED_EDGE('',*,*,#3731,.F.);
#2423=ORIENTED_EDGE('',*,*,#4151,.F.);
#2424=ORIENTED_EDGE('',*,*,#4152,.F.);
#2425=ORIENTED_EDGE('',*,*,#4153,.F.);
#2426=ORIENTED_EDGE('',*,*,#4154,.F.);
#2427=ORIENTED_EDGE('',*,*,#4155,.F.);
#2428=ORIENTED_EDGE('',*,*,#3739,.F.);
#2429=ORIENTED_EDGE('',*,*,#4156,.F.);
#2430=ORIENTED_EDGE('',*,*,#4157,.F.);
#2431=ORIENTED_EDGE('',*,*,#4158,.F.);
#2432=ORIENTED_EDGE('',*,*,#4159,.F.);
#2433=ORIENTED_EDGE('',*,*,#4160,.F.);
#2434=ORIENTED_EDGE('',*,*,#3746,.F.);
#2435=ORIENTED_EDGE('',*,*,#4161,.F.);
#2436=ORIENTED_EDGE('',*,*,#4162,.F.);
#2437=ORIENTED_EDGE('',*,*,#4163,.F.);
#2438=ORIENTED_EDGE('',*,*,#4164,.F.);
#2439=ORIENTED_EDGE('',*,*,#4165,.F.);
#2440=ORIENTED_EDGE('',*,*,#3753,.F.);
#2441=ORIENTED_EDGE('',*,*,#4166,.F.);
#2442=ORIENTED_EDGE('',*,*,#4167,.F.);
#2443=ORIENTED_EDGE('',*,*,#4168,.F.);
#2444=ORIENTED_EDGE('',*,*,#4169,.F.);
#2445=ORIENTED_EDGE('',*,*,#4170,.F.);
#2446=ORIENTED_EDGE('',*,*,#3757,.F.);
#2447=ORIENTED_EDGE('',*,*,#4171,.F.);
#2448=ORIENTED_EDGE('',*,*,#4172,.F.);
#2449=ORIENTED_EDGE('',*,*,#4173,.F.);
#2450=ORIENTED_EDGE('',*,*,#4174,.F.);
#2451=ORIENTED_EDGE('',*,*,#4175,.F.);
#2452=ORIENTED_EDGE('',*,*,#3764,.F.);
#2453=ORIENTED_EDGE('',*,*,#4176,.F.);
#2454=ORIENTED_EDGE('',*,*,#4177,.F.);
#2455=ORIENTED_EDGE('',*,*,#4178,.F.);
#2456=ORIENTED_EDGE('',*,*,#4179,.F.);
#2457=ORIENTED_EDGE('',*,*,#4180,.F.);
#2458=ORIENTED_EDGE('',*,*,#3771,.F.);
#2459=ORIENTED_EDGE('',*,*,#4181,.F.);
#2460=ORIENTED_EDGE('',*,*,#4182,.F.);
#2461=ORIENTED_EDGE('',*,*,#4183,.F.);
#2462=ORIENTED_EDGE('',*,*,#4184,.F.);
#2463=ORIENTED_EDGE('',*,*,#4185,.F.);
#2464=ORIENTED_EDGE('',*,*,#3778,.F.);
#2465=ORIENTED_EDGE('',*,*,#4186,.F.);
#2466=ORIENTED_EDGE('',*,*,#4187,.F.);
#2467=ORIENTED_EDGE('',*,*,#4188,.F.);
#2468=ORIENTED_EDGE('',*,*,#4189,.F.);
#2469=ORIENTED_EDGE('',*,*,#4190,.F.);
#2470=ORIENTED_EDGE('',*,*,#4191,.F.);
#2471=ORIENTED_EDGE('',*,*,#4192,.F.);
#2472=ORIENTED_EDGE('',*,*,#4193,.F.);
#2473=ORIENTED_EDGE('',*,*,#4194,.F.);
#2474=ORIENTED_EDGE('',*,*,#4195,.F.);
#2475=ORIENTED_EDGE('',*,*,#4196,.F.);
#2476=ORIENTED_EDGE('',*,*,#4197,.F.);
#2477=ORIENTED_EDGE('',*,*,#4198,.F.);
#2478=ORIENTED_EDGE('',*,*,#4199,.F.);
#2479=ORIENTED_EDGE('',*,*,#4200,.F.);
#2480=ORIENTED_EDGE('',*,*,#4201,.F.);
#2481=ORIENTED_EDGE('',*,*,#4202,.F.);
#2482=ORIENTED_EDGE('',*,*,#4203,.F.);
#2483=ORIENTED_EDGE('',*,*,#4204,.F.);
#2484=ORIENTED_EDGE('',*,*,#4205,.F.);
#2485=ORIENTED_EDGE('',*,*,#4206,.F.);
#2486=ORIENTED_EDGE('',*,*,#4207,.F.);
#2487=ORIENTED_EDGE('',*,*,#4208,.F.);
#2488=ORIENTED_EDGE('',*,*,#4209,.F.);
#2489=ORIENTED_EDGE('',*,*,#4210,.F.);
#2490=ORIENTED_EDGE('',*,*,#4211,.F.);
#2491=ORIENTED_EDGE('',*,*,#4212,.F.);
#2492=ORIENTED_EDGE('',*,*,#4213,.F.);
#2493=ORIENTED_EDGE('',*,*,#4214,.F.);
#2494=ORIENTED_EDGE('',*,*,#4215,.F.);
#2495=ORIENTED_EDGE('',*,*,#4216,.F.);
#2496=ORIENTED_EDGE('',*,*,#4217,.F.);
#2497=ORIENTED_EDGE('',*,*,#3945,.T.);
#2498=ORIENTED_EDGE('',*,*,#4218,.F.);
#2499=ORIENTED_EDGE('',*,*,#4219,.F.);
#2500=ORIENTED_EDGE('',*,*,#4140,.T.);
#2501=ORIENTED_EDGE('',*,*,#4220,.F.);
#2502=ORIENTED_EDGE('',*,*,#3920,.F.);
#2503=ORIENTED_EDGE('',*,*,#4221,.F.);
#2504=ORIENTED_EDGE('',*,*,#4222,.F.);
#2505=ORIENTED_EDGE('',*,*,#4135,.T.);
#2506=ORIENTED_EDGE('',*,*,#4223,.T.);
#2507=ORIENTED_EDGE('',*,*,#4218,.T.);
#2508=ORIENTED_EDGE('',*,*,#3922,.F.);
#2509=ORIENTED_EDGE('',*,*,#3930,.F.);
#2510=ORIENTED_EDGE('',*,*,#3927,.F.);
#2511=ORIENTED_EDGE('',*,*,#4224,.F.);
#2512=ORIENTED_EDGE('',*,*,#4083,.F.);
#2513=ORIENTED_EDGE('',*,*,#4077,.F.);
#2514=ORIENTED_EDGE('',*,*,#4078,.F.);
#2515=ORIENTED_EDGE('',*,*,#4069,.F.);
#2516=ORIENTED_EDGE('',*,*,#4225,.F.);
#2517=ORIENTED_EDGE('',*,*,#3579,.T.);
#2518=ORIENTED_EDGE('',*,*,#4226,.F.);
#2519=ORIENTED_EDGE('',*,*,#4227,.T.);
#2520=ORIENTED_EDGE('',*,*,#3648,.F.);
#2521=ORIENTED_EDGE('',*,*,#4076,.F.);
#2522=ORIENTED_EDGE('',*,*,#3654,.F.);
#2523=ORIENTED_EDGE('',*,*,#4228,.T.);
#2524=ORIENTED_EDGE('',*,*,#4229,.F.);
#2525=ORIENTED_EDGE('',*,*,#4230,.F.);
#2526=ORIENTED_EDGE('',*,*,#3561,.F.);
#2527=ORIENTED_EDGE('',*,*,#4231,.F.);
#2528=ORIENTED_EDGE('',*,*,#4232,.T.);
#2529=ORIENTED_EDGE('',*,*,#4233,.F.);
#2530=ORIENTED_EDGE('',*,*,#4234,.T.);
#2531=ORIENTED_EDGE('',*,*,#4235,.F.);
#2532=ORIENTED_EDGE('',*,*,#4236,.F.);
#2533=ORIENTED_EDGE('',*,*,#3925,.F.);
#2534=ORIENTED_EDGE('',*,*,#3662,.F.);
#2535=ORIENTED_EDGE('',*,*,#4082,.F.);
#2536=ORIENTED_EDGE('',*,*,#4085,.F.);
#2537=ORIENTED_EDGE('',*,*,#4237,.F.);
#2538=ORIENTED_EDGE('',*,*,#4216,.T.);
#2539=ORIENTED_EDGE('',*,*,#4238,.T.);
#2540=ORIENTED_EDGE('',*,*,#4088,.F.);
#2541=ORIENTED_EDGE('',*,*,#4239,.F.);
#2542=ORIENTED_EDGE('',*,*,#4210,.T.);
#2543=ORIENTED_EDGE('',*,*,#4240,.T.);
#2544=ORIENTED_EDGE('',*,*,#4091,.F.);
#2545=ORIENTED_EDGE('',*,*,#4241,.F.);
#2546=ORIENTED_EDGE('',*,*,#4204,.T.);
#2547=ORIENTED_EDGE('',*,*,#4242,.T.);
#2548=ORIENTED_EDGE('',*,*,#4094,.F.);
#2549=ORIENTED_EDGE('',*,*,#4243,.F.);
#2550=ORIENTED_EDGE('',*,*,#4198,.T.);
#2551=ORIENTED_EDGE('',*,*,#4244,.T.);
#2552=ORIENTED_EDGE('',*,*,#4100,.F.);
#2553=ORIENTED_EDGE('',*,*,#4245,.F.);
#2554=ORIENTED_EDGE('',*,*,#4192,.T.);
#2555=ORIENTED_EDGE('',*,*,#4246,.T.);
#2556=ORIENTED_EDGE('',*,*,#3777,.T.);
#2557=ORIENTED_EDGE('',*,*,#4247,.T.);
#2558=ORIENTED_EDGE('',*,*,#4248,.F.);
#2559=ORIENTED_EDGE('',*,*,#4186,.T.);
#2560=ORIENTED_EDGE('',*,*,#3770,.T.);
#2561=ORIENTED_EDGE('',*,*,#4249,.T.);
#2562=ORIENTED_EDGE('',*,*,#4250,.F.);
#2563=ORIENTED_EDGE('',*,*,#4181,.T.);
#2564=ORIENTED_EDGE('',*,*,#3763,.T.);
#2565=ORIENTED_EDGE('',*,*,#4251,.T.);
#2566=ORIENTED_EDGE('',*,*,#4252,.F.);
#2567=ORIENTED_EDGE('',*,*,#4176,.T.);
#2568=ORIENTED_EDGE('',*,*,#3756,.T.);
#2569=ORIENTED_EDGE('',*,*,#4253,.T.);
#2570=ORIENTED_EDGE('',*,*,#4254,.F.);
#2571=ORIENTED_EDGE('',*,*,#4171,.T.);
#2572=ORIENTED_EDGE('',*,*,#3752,.T.);
#2573=ORIENTED_EDGE('',*,*,#4255,.T.);
#2574=ORIENTED_EDGE('',*,*,#4256,.F.);
#2575=ORIENTED_EDGE('',*,*,#4166,.T.);
#2576=ORIENTED_EDGE('',*,*,#3745,.T.);
#2577=ORIENTED_EDGE('',*,*,#4257,.T.);
#2578=ORIENTED_EDGE('',*,*,#4258,.F.);
#2579=ORIENTED_EDGE('',*,*,#4161,.T.);
#2580=ORIENTED_EDGE('',*,*,#3738,.T.);
#2581=ORIENTED_EDGE('',*,*,#4259,.T.);
#2582=ORIENTED_EDGE('',*,*,#4260,.F.);
#2583=ORIENTED_EDGE('',*,*,#4156,.T.);
#2584=ORIENTED_EDGE('',*,*,#3730,.T.);
#2585=ORIENTED_EDGE('',*,*,#4261,.T.);
#2586=ORIENTED_EDGE('',*,*,#4262,.F.);
#2587=ORIENTED_EDGE('',*,*,#4151,.T.);
#2588=ORIENTED_EDGE('',*,*,#4129,.F.);
#2589=ORIENTED_EDGE('',*,*,#4263,.F.);
#2590=ORIENTED_EDGE('',*,*,#4146,.T.);
#2591=ORIENTED_EDGE('',*,*,#4264,.T.);
#2592=ORIENTED_EDGE('',*,*,#4265,.F.);
#2593=ORIENTED_EDGE('',*,*,#4221,.T.);
#2594=ORIENTED_EDGE('',*,*,#3926,.F.);
#2595=ORIENTED_EDGE('',*,*,#4236,.T.);
#2596=ORIENTED_EDGE('',*,*,#4081,.F.);
#2597=ORIENTED_EDGE('',*,*,#4224,.T.);
#2598=ORIENTED_EDGE('',*,*,#4068,.F.);
#2599=ORIENTED_EDGE('',*,*,#4266,.F.);
#2600=ORIENTED_EDGE('',*,*,#4044,.F.);
#2601=ORIENTED_EDGE('',*,*,#4267,.T.);
#2602=ORIENTED_EDGE('',*,*,#4071,.F.);
#2603=ORIENTED_EDGE('',*,*,#4079,.F.);
#2604=ORIENTED_EDGE('',*,*,#3646,.T.);
#2605=ORIENTED_EDGE('',*,*,#4035,.F.);
#2606=ORIENTED_EDGE('',*,*,#4268,.F.);
#2607=ORIENTED_EDGE('',*,*,#4143,.T.);
#2608=ORIENTED_EDGE('',*,*,#4269,.F.);
#2609=ORIENTED_EDGE('',*,*,#4041,.F.);
#2610=ORIENTED_EDGE('',*,*,#4270,.F.);
#2611=ORIENTED_EDGE('',*,*,#4149,.T.);
#2612=ORIENTED_EDGE('',*,*,#4271,.F.);
#2613=ORIENTED_EDGE('',*,*,#3950,.F.);
#2614=ORIENTED_EDGE('',*,*,#4272,.F.);
#2615=ORIENTED_EDGE('',*,*,#4273,.F.);
#2616=ORIENTED_EDGE('',*,*,#4154,.T.);
#2617=ORIENTED_EDGE('',*,*,#4274,.F.);
#2618=ORIENTED_EDGE('',*,*,#4275,.F.);
#2619=ORIENTED_EDGE('',*,*,#4276,.F.);
#2620=ORIENTED_EDGE('',*,*,#4159,.T.);
#2621=ORIENTED_EDGE('',*,*,#4277,.F.);
#2622=ORIENTED_EDGE('',*,*,#4278,.F.);
#2623=ORIENTED_EDGE('',*,*,#4164,.T.);
#2624=ORIENTED_EDGE('',*,*,#4279,.F.);
#2625=ORIENTED_EDGE('',*,*,#3692,.F.);
#2626=ORIENTED_EDGE('',*,*,#4280,.F.);
#2627=ORIENTED_EDGE('',*,*,#4169,.T.);
#2628=ORIENTED_EDGE('',*,*,#4281,.F.);
#2629=ORIENTED_EDGE('',*,*,#3676,.F.);
#2630=ORIENTED_EDGE('',*,*,#4282,.F.);
#2631=ORIENTED_EDGE('',*,*,#4283,.F.);
#2632=ORIENTED_EDGE('',*,*,#4174,.T.);
#2633=ORIENTED_EDGE('',*,*,#4284,.F.);
#2634=ORIENTED_EDGE('',*,*,#4285,.F.);
#2635=ORIENTED_EDGE('',*,*,#4286,.F.);
#2636=ORIENTED_EDGE('',*,*,#4179,.T.);
#2637=ORIENTED_EDGE('',*,*,#4287,.F.);
#2638=ORIENTED_EDGE('',*,*,#4288,.F.);
#2639=ORIENTED_EDGE('',*,*,#4184,.T.);
#2640=ORIENTED_EDGE('',*,*,#4289,.F.);
#2641=ORIENTED_EDGE('',*,*,#3699,.F.);
#2642=ORIENTED_EDGE('',*,*,#4290,.F.);
#2643=ORIENTED_EDGE('',*,*,#4189,.T.);
#2644=ORIENTED_EDGE('',*,*,#4291,.F.);
#2645=ORIENTED_EDGE('',*,*,#3985,.F.);
#2646=ORIENTED_EDGE('',*,*,#4292,.F.);
#2647=ORIENTED_EDGE('',*,*,#4195,.T.);
#2648=ORIENTED_EDGE('',*,*,#4293,.F.);
#2649=ORIENTED_EDGE('',*,*,#3989,.F.);
#2650=ORIENTED_EDGE('',*,*,#4294,.F.);
#2651=ORIENTED_EDGE('',*,*,#4201,.T.);
#2652=ORIENTED_EDGE('',*,*,#4295,.F.);
#2653=ORIENTED_EDGE('',*,*,#3999,.F.);
#2654=ORIENTED_EDGE('',*,*,#4296,.F.);
#2655=ORIENTED_EDGE('',*,*,#4207,.T.);
#2656=ORIENTED_EDGE('',*,*,#4297,.F.);
#2657=ORIENTED_EDGE('',*,*,#4009,.F.);
#2658=ORIENTED_EDGE('',*,*,#4298,.F.);
#2659=ORIENTED_EDGE('',*,*,#4213,.T.);
#2660=ORIENTED_EDGE('',*,*,#4299,.F.);
#2661=ORIENTED_EDGE('',*,*,#4019,.F.);
#2662=ORIENTED_EDGE('',*,*,#4300,.T.);
#2663=ORIENTED_EDGE('',*,*,#4131,.F.);
#2664=ORIENTED_EDGE('',*,*,#4301,.T.);
#2665=ORIENTED_EDGE('',*,*,#4048,.F.);
#2666=ORIENTED_EDGE('',*,*,#4302,.T.);
#2667=ORIENTED_EDGE('',*,*,#4144,.T.);
#2668=ORIENTED_EDGE('',*,*,#4268,.T.);
#2669=ORIENTED_EDGE('',*,*,#4040,.F.);
#2670=ORIENTED_EDGE('',*,*,#4303,.T.);
#2671=ORIENTED_EDGE('',*,*,#4126,.F.);
#2672=ORIENTED_EDGE('',*,*,#4304,.T.);
#2673=ORIENTED_EDGE('',*,*,#3957,.F.);
#2674=ORIENTED_EDGE('',*,*,#3732,.T.);
#2675=ORIENTED_EDGE('',*,*,#4150,.T.);
#2676=ORIENTED_EDGE('',*,*,#4270,.T.);
#2677=ORIENTED_EDGE('',*,*,#3949,.F.);
#2678=ORIENTED_EDGE('',*,*,#4305,.F.);
#2679=ORIENTED_EDGE('',*,*,#4306,.T.);
#2680=ORIENTED_EDGE('',*,*,#4123,.F.);
#2681=ORIENTED_EDGE('',*,*,#4307,.T.);
#2682=ORIENTED_EDGE('',*,*,#4308,.F.);
#2683=ORIENTED_EDGE('',*,*,#3740,.T.);
#2684=ORIENTED_EDGE('',*,*,#4155,.T.);
#2685=ORIENTED_EDGE('',*,*,#4273,.T.);
#2686=ORIENTED_EDGE('',*,*,#4309,.F.);
#2687=ORIENTED_EDGE('',*,*,#4310,.T.);
#2688=ORIENTED_EDGE('',*,*,#4120,.F.);
#2689=ORIENTED_EDGE('',*,*,#4311,.T.);
#2690=ORIENTED_EDGE('',*,*,#4312,.F.);
#2691=ORIENTED_EDGE('',*,*,#3747,.T.);
#2692=ORIENTED_EDGE('',*,*,#4160,.T.);
#2693=ORIENTED_EDGE('',*,*,#4276,.T.);
#2694=ORIENTED_EDGE('',*,*,#4313,.T.);
#2695=ORIENTED_EDGE('',*,*,#4117,.F.);
#2696=ORIENTED_EDGE('',*,*,#4314,.T.);
#2697=ORIENTED_EDGE('',*,*,#3963,.F.);
#2698=ORIENTED_EDGE('',*,*,#3754,.T.);
#2699=ORIENTED_EDGE('',*,*,#4165,.T.);
#2700=ORIENTED_EDGE('',*,*,#4278,.T.);
#2701=ORIENTED_EDGE('',*,*,#3691,.F.);
#2702=ORIENTED_EDGE('',*,*,#4315,.T.);
#2703=ORIENTED_EDGE('',*,*,#4114,.F.);
#2704=ORIENTED_EDGE('',*,*,#4316,.T.);
#2705=ORIENTED_EDGE('',*,*,#3969,.F.);
#2706=ORIENTED_EDGE('',*,*,#3758,.T.);
#2707=ORIENTED_EDGE('',*,*,#4170,.T.);
#2708=ORIENTED_EDGE('',*,*,#4280,.T.);
#2709=ORIENTED_EDGE('',*,*,#3675,.F.);
#2710=ORIENTED_EDGE('',*,*,#4317,.F.);
#2711=ORIENTED_EDGE('',*,*,#4318,.T.);
#2712=ORIENTED_EDGE('',*,*,#4111,.F.);
#2713=ORIENTED_EDGE('',*,*,#4319,.T.);
#2714=ORIENTED_EDGE('',*,*,#4320,.F.);
#2715=ORIENTED_EDGE('',*,*,#3765,.T.);
#2716=ORIENTED_EDGE('',*,*,#4175,.T.);
#2717=ORIENTED_EDGE('',*,*,#4283,.T.);
#2718=ORIENTED_EDGE('',*,*,#4321,.F.);
#2719=ORIENTED_EDGE('',*,*,#4322,.T.);
#2720=ORIENTED_EDGE('',*,*,#4108,.F.);
#2721=ORIENTED_EDGE('',*,*,#4323,.T.);
#2722=ORIENTED_EDGE('',*,*,#4324,.F.);
#2723=ORIENTED_EDGE('',*,*,#3772,.T.);
#2724=ORIENTED_EDGE('',*,*,#4180,.T.);
#2725=ORIENTED_EDGE('',*,*,#4286,.T.);
#2726=ORIENTED_EDGE('',*,*,#4325,.T.);
#2727=ORIENTED_EDGE('',*,*,#4105,.F.);
#2728=ORIENTED_EDGE('',*,*,#4326,.T.);
#2729=ORIENTED_EDGE('',*,*,#3976,.F.);
#2730=ORIENTED_EDGE('',*,*,#3779,.T.);
#2731=ORIENTED_EDGE('',*,*,#4185,.T.);
#2732=ORIENTED_EDGE('',*,*,#4288,.T.);
#2733=ORIENTED_EDGE('',*,*,#3698,.F.);
#2734=ORIENTED_EDGE('',*,*,#4327,.T.);
#2735=ORIENTED_EDGE('',*,*,#4102,.F.);
#2736=ORIENTED_EDGE('',*,*,#4328,.T.);
#2737=ORIENTED_EDGE('',*,*,#3982,.F.);
#2738=ORIENTED_EDGE('',*,*,#4329,.T.);
#2739=ORIENTED_EDGE('',*,*,#4190,.T.);
#2740=ORIENTED_EDGE('',*,*,#4290,.T.);
#2741=ORIENTED_EDGE('',*,*,#3984,.F.);
#2742=ORIENTED_EDGE('',*,*,#4330,.T.);
#2743=ORIENTED_EDGE('',*,*,#4096,.F.);
#2744=ORIENTED_EDGE('',*,*,#4331,.T.);
#2745=ORIENTED_EDGE('',*,*,#3996,.F.);
#2746=ORIENTED_EDGE('',*,*,#4332,.T.);
#2747=ORIENTED_EDGE('',*,*,#4196,.T.);
#2748=ORIENTED_EDGE('',*,*,#4292,.T.);
#2749=ORIENTED_EDGE('',*,*,#3988,.F.);
#2750=ORIENTED_EDGE('',*,*,#4333,.T.);
#2751=ORIENTED_EDGE('',*,*,#4056,.F.);
#2752=ORIENTED_EDGE('',*,*,#4334,.T.);
#2753=ORIENTED_EDGE('',*,*,#4006,.F.);
#2754=ORIENTED_EDGE('',*,*,#4335,.T.);
#2755=ORIENTED_EDGE('',*,*,#4202,.T.);
#2756=ORIENTED_EDGE('',*,*,#4294,.T.);
#2757=ORIENTED_EDGE('',*,*,#3998,.F.);
#2758=ORIENTED_EDGE('',*,*,#4336,.T.);
#2759=ORIENTED_EDGE('',*,*,#4050,.F.);
#2760=ORIENTED_EDGE('',*,*,#4337,.T.);
#2761=ORIENTED_EDGE('',*,*,#4016,.F.);
#2762=ORIENTED_EDGE('',*,*,#4338,.T.);
#2763=ORIENTED_EDGE('',*,*,#4208,.T.);
#2764=ORIENTED_EDGE('',*,*,#4296,.T.);
#2765=ORIENTED_EDGE('',*,*,#4008,.F.);
#2766=ORIENTED_EDGE('',*,*,#4339,.T.);
#2767=ORIENTED_EDGE('',*,*,#4062,.F.);
#2768=ORIENTED_EDGE('',*,*,#4340,.T.);
#2769=ORIENTED_EDGE('',*,*,#4026,.F.);
#2770=ORIENTED_EDGE('',*,*,#4341,.T.);
#2771=ORIENTED_EDGE('',*,*,#4214,.T.);
#2772=ORIENTED_EDGE('',*,*,#4298,.T.);
#2773=ORIENTED_EDGE('',*,*,#4018,.F.);
#2774=ORIENTED_EDGE('',*,*,#4301,.F.);
#2775=ORIENTED_EDGE('',*,*,#4130,.F.);
#2776=ORIENTED_EDGE('',*,*,#4264,.F.);
#2777=ORIENTED_EDGE('',*,*,#4145,.T.);
#2778=ORIENTED_EDGE('',*,*,#4302,.F.);
#2779=ORIENTED_EDGE('',*,*,#4039,.F.);
#2780=ORIENTED_EDGE('',*,*,#4342,.F.);
#2781=ORIENTED_EDGE('',*,*,#4147,.T.);
#2782=ORIENTED_EDGE('',*,*,#4263,.T.);
#2783=ORIENTED_EDGE('',*,*,#4128,.F.);
#2784=ORIENTED_EDGE('',*,*,#4343,.F.);
#2785=ORIENTED_EDGE('',*,*,#3953,.F.);
#2786=ORIENTED_EDGE('',*,*,#4344,.F.);
#2787=ORIENTED_EDGE('',*,*,#3947,.F.);
#2788=ORIENTED_EDGE('',*,*,#4304,.F.);
#2789=ORIENTED_EDGE('',*,*,#4125,.F.);
#2790=ORIENTED_EDGE('',*,*,#3727,.F.);
#2791=ORIENTED_EDGE('',*,*,#4345,.F.);
#2792=ORIENTED_EDGE('',*,*,#4346,.F.);
#2793=ORIENTED_EDGE('',*,*,#4152,.T.);
#2794=ORIENTED_EDGE('',*,*,#4262,.T.);
#2795=ORIENTED_EDGE('',*,*,#4347,.F.);
#2796=ORIENTED_EDGE('',*,*,#4307,.F.);
#2797=ORIENTED_EDGE('',*,*,#4122,.F.);
#2798=ORIENTED_EDGE('',*,*,#3723,.F.);
#2799=ORIENTED_EDGE('',*,*,#4348,.F.);
#2800=ORIENTED_EDGE('',*,*,#4349,.F.);
#2801=ORIENTED_EDGE('',*,*,#4157,.T.);
#2802=ORIENTED_EDGE('',*,*,#4260,.T.);
#2803=ORIENTED_EDGE('',*,*,#4350,.F.);
#2804=ORIENTED_EDGE('',*,*,#4311,.F.);
#2805=ORIENTED_EDGE('',*,*,#4119,.F.);
#2806=ORIENTED_EDGE('',*,*,#3719,.F.);
#2807=ORIENTED_EDGE('',*,*,#4351,.F.);
#2808=ORIENTED_EDGE('',*,*,#3688,.F.);
#2809=ORIENTED_EDGE('',*,*,#4352,.F.);
#2810=ORIENTED_EDGE('',*,*,#4162,.T.);
#2811=ORIENTED_EDGE('',*,*,#4258,.T.);
#2812=ORIENTED_EDGE('',*,*,#4353,.F.);
#2813=ORIENTED_EDGE('',*,*,#3958,.F.);
#2814=ORIENTED_EDGE('',*,*,#4314,.F.);
#2815=ORIENTED_EDGE('',*,*,#4116,.F.);
#2816=ORIENTED_EDGE('',*,*,#3681,.F.);
#2817=ORIENTED_EDGE('',*,*,#4354,.F.);
#2818=ORIENTED_EDGE('',*,*,#4355,.T.);
#2819=ORIENTED_EDGE('',*,*,#3671,.F.);
#2820=ORIENTED_EDGE('',*,*,#4356,.F.);
#2821=ORIENTED_EDGE('',*,*,#4167,.T.);
#2822=ORIENTED_EDGE('',*,*,#4256,.T.);
#2823=ORIENTED_EDGE('',*,*,#4357,.F.);
#2824=ORIENTED_EDGE('',*,*,#3970,.F.);
#2825=ORIENTED_EDGE('',*,*,#4316,.F.);
#2826=ORIENTED_EDGE('',*,*,#4113,.F.);
#2827=ORIENTED_EDGE('',*,*,#3715,.F.);
#2828=ORIENTED_EDGE('',*,*,#4358,.F.);
#2829=ORIENTED_EDGE('',*,*,#4359,.F.);
#2830=ORIENTED_EDGE('',*,*,#4172,.T.);
#2831=ORIENTED_EDGE('',*,*,#4254,.T.);
#2832=ORIENTED_EDGE('',*,*,#4360,.F.);
#2833=ORIENTED_EDGE('',*,*,#4319,.F.);
#2834=ORIENTED_EDGE('',*,*,#4110,.F.);
#2835=ORIENTED_EDGE('',*,*,#3711,.F.);
#2836=ORIENTED_EDGE('',*,*,#4361,.F.);
#2837=ORIENTED_EDGE('',*,*,#4362,.F.);
#2838=ORIENTED_EDGE('',*,*,#4177,.T.);
#2839=ORIENTED_EDGE('',*,*,#4252,.T.);
#2840=ORIENTED_EDGE('',*,*,#4363,.F.);
#2841=ORIENTED_EDGE('',*,*,#4323,.F.);
#2842=ORIENTED_EDGE('',*,*,#4107,.F.);
#2843=ORIENTED_EDGE('',*,*,#3707,.F.);
#2844=ORIENTED_EDGE('',*,*,#4364,.F.);
#2845=ORIENTED_EDGE('',*,*,#4365,.F.);
#2846=ORIENTED_EDGE('',*,*,#4182,.T.);
#2847=ORIENTED_EDGE('',*,*,#4250,.T.);
#2848=ORIENTED_EDGE('',*,*,#4366,.F.);
#2849=ORIENTED_EDGE('',*,*,#3971,.F.);
#2850=ORIENTED_EDGE('',*,*,#4326,.F.);
#2851=ORIENTED_EDGE('',*,*,#4104,.F.);
#2852=ORIENTED_EDGE('',*,*,#3703,.F.);
#2853=ORIENTED_EDGE('',*,*,#4367,.F.);
#2854=ORIENTED_EDGE('',*,*,#3977,.F.);
#2855=ORIENTED_EDGE('',*,*,#4368,.F.);
#2856=ORIENTED_EDGE('',*,*,#4187,.T.);
#2857=ORIENTED_EDGE('',*,*,#4248,.T.);
#2858=ORIENTED_EDGE('',*,*,#4328,.F.);
#2859=ORIENTED_EDGE('',*,*,#4101,.F.);
#2860=ORIENTED_EDGE('',*,*,#4246,.F.);
#2861=ORIENTED_EDGE('',*,*,#4191,.T.);
#2862=ORIENTED_EDGE('',*,*,#4329,.F.);
#2863=ORIENTED_EDGE('',*,*,#3983,.F.);
#2864=ORIENTED_EDGE('',*,*,#4369,.F.);
#2865=ORIENTED_EDGE('',*,*,#4193,.T.);
#2866=ORIENTED_EDGE('',*,*,#4245,.T.);
#2867=ORIENTED_EDGE('',*,*,#4099,.F.);
#2868=ORIENTED_EDGE('',*,*,#4370,.F.);
#2869=ORIENTED_EDGE('',*,*,#3992,.F.);
#2870=ORIENTED_EDGE('',*,*,#4331,.F.);
#2871=ORIENTED_EDGE('',*,*,#4095,.F.);
#2872=ORIENTED_EDGE('',*,*,#4244,.F.);
#2873=ORIENTED_EDGE('',*,*,#4197,.T.);
#2874=ORIENTED_EDGE('',*,*,#4332,.F.);
#2875=ORIENTED_EDGE('',*,*,#3997,.F.);
#2876=ORIENTED_EDGE('',*,*,#4371,.F.);
#2877=ORIENTED_EDGE('',*,*,#4199,.T.);
#2878=ORIENTED_EDGE('',*,*,#4243,.T.);
#2879=ORIENTED_EDGE('',*,*,#4093,.F.);
#2880=ORIENTED_EDGE('',*,*,#4372,.F.);
#2881=ORIENTED_EDGE('',*,*,#4002,.F.);
#2882=ORIENTED_EDGE('',*,*,#4334,.F.);
#2883=ORIENTED_EDGE('',*,*,#4055,.F.);
#2884=ORIENTED_EDGE('',*,*,#4092,.F.);
#2885=ORIENTED_EDGE('',*,*,#4242,.F.);
#2886=ORIENTED_EDGE('',*,*,#4203,.T.);
#2887=ORIENTED_EDGE('',*,*,#4335,.F.);
#2888=ORIENTED_EDGE('',*,*,#4007,.F.);
#2889=ORIENTED_EDGE('',*,*,#4373,.F.);
#2890=ORIENTED_EDGE('',*,*,#4205,.T.);
#2891=ORIENTED_EDGE('',*,*,#4241,.T.);
#2892=ORIENTED_EDGE('',*,*,#4090,.F.);
#2893=ORIENTED_EDGE('',*,*,#4059,.F.);
#2894=ORIENTED_EDGE('',*,*,#4374,.F.);
#2895=ORIENTED_EDGE('',*,*,#4012,.F.);
#2896=ORIENTED_EDGE('',*,*,#4337,.F.);
#2897=ORIENTED_EDGE('',*,*,#4049,.F.);
#2898=ORIENTED_EDGE('',*,*,#4089,.F.);
#2899=ORIENTED_EDGE('',*,*,#4240,.F.);
#2900=ORIENTED_EDGE('',*,*,#4209,.T.);
#2901=ORIENTED_EDGE('',*,*,#4338,.F.);
#2902=ORIENTED_EDGE('',*,*,#4017,.F.);
#2903=ORIENTED_EDGE('',*,*,#4375,.F.);
#2904=ORIENTED_EDGE('',*,*,#4211,.T.);
#2905=ORIENTED_EDGE('',*,*,#4239,.T.);
#2906=ORIENTED_EDGE('',*,*,#4087,.F.);
#2907=ORIENTED_EDGE('',*,*,#4053,.F.);
#2908=ORIENTED_EDGE('',*,*,#4376,.F.);
#2909=ORIENTED_EDGE('',*,*,#4022,.F.);
#2910=ORIENTED_EDGE('',*,*,#4340,.F.);
#2911=ORIENTED_EDGE('',*,*,#4061,.F.);
#2912=ORIENTED_EDGE('',*,*,#4086,.F.);
#2913=ORIENTED_EDGE('',*,*,#4238,.F.);
#2914=ORIENTED_EDGE('',*,*,#4215,.T.);
#2915=ORIENTED_EDGE('',*,*,#4341,.F.);
#2916=ORIENTED_EDGE('',*,*,#4027,.F.);
#2917=ORIENTED_EDGE('',*,*,#3943,.F.);
#2918=ORIENTED_EDGE('',*,*,#4217,.T.);
#2919=ORIENTED_EDGE('',*,*,#4237,.T.);
#2920=ORIENTED_EDGE('',*,*,#4084,.F.);
#2921=ORIENTED_EDGE('',*,*,#4065,.F.);
#2922=ORIENTED_EDGE('',*,*,#4377,.F.);
#2923=ORIENTED_EDGE('',*,*,#4031,.F.);
#2924=ORIENTED_EDGE('',*,*,#4378,.F.);
#2925=ORIENTED_EDGE('',*,*,#4379,.T.);
#2926=ORIENTED_EDGE('',*,*,#4038,.F.);
#2927=ORIENTED_EDGE('',*,*,#3670,.T.);
#2928=ORIENTED_EDGE('',*,*,#3942,.F.);
#2929=ORIENTED_EDGE('',*,*,#4380,.F.);
#2930=ORIENTED_EDGE('',*,*,#4028,.F.);
#2931=ORIENTED_EDGE('',*,*,#4379,.F.);
#2932=ORIENTED_EDGE('',*,*,#3941,.F.);
#2933=ORIENTED_EDGE('',*,*,#3891,.T.);
#2934=ORIENTED_EDGE('',*,*,#3888,.T.);
#2935=ORIENTED_EDGE('',*,*,#4300,.F.);
#2936=ORIENTED_EDGE('',*,*,#4047,.F.);
#2937=ORIENTED_EDGE('',*,*,#4381,.F.);
#2938=ORIENTED_EDGE('',*,*,#4072,.F.);
#2939=ORIENTED_EDGE('',*,*,#4267,.F.);
#2940=ORIENTED_EDGE('',*,*,#4034,.F.);
#2941=ORIENTED_EDGE('',*,*,#4382,.F.);
#2942=ORIENTED_EDGE('',*,*,#4063,.F.);
#2943=ORIENTED_EDGE('',*,*,#4339,.F.);
#2944=ORIENTED_EDGE('',*,*,#4025,.F.);
#2945=ORIENTED_EDGE('',*,*,#4383,.F.);
#2946=ORIENTED_EDGE('',*,*,#4051,.F.);
#2947=ORIENTED_EDGE('',*,*,#4336,.F.);
#2948=ORIENTED_EDGE('',*,*,#4015,.F.);
#2949=ORIENTED_EDGE('',*,*,#4384,.F.);
#2950=ORIENTED_EDGE('',*,*,#4057,.F.);
#2951=ORIENTED_EDGE('',*,*,#4333,.F.);
#2952=ORIENTED_EDGE('',*,*,#4005,.F.);
#2953=ORIENTED_EDGE('',*,*,#4385,.F.);
#2954=ORIENTED_EDGE('',*,*,#4097,.F.);
#2955=ORIENTED_EDGE('',*,*,#3893,.T.);
#2956=ORIENTED_EDGE('',*,*,#4303,.F.);
#2957=ORIENTED_EDGE('',*,*,#3956,.F.);
#2958=ORIENTED_EDGE('',*,*,#4386,.F.);
#2959=ORIENTED_EDGE('',*,*,#3914,.T.);
#2960=ORIENTED_EDGE('',*,*,#4387,.F.);
#2961=ORIENTED_EDGE('',*,*,#4388,.F.);
#2962=ORIENTED_EDGE('',*,*,#3912,.T.);
#2963=ORIENTED_EDGE('',*,*,#4306,.F.);
#2964=ORIENTED_EDGE('',*,*,#4389,.F.);
#2965=ORIENTED_EDGE('',*,*,#4390,.F.);
#2966=ORIENTED_EDGE('',*,*,#3910,.T.);
#2967=ORIENTED_EDGE('',*,*,#4310,.F.);
#2968=ORIENTED_EDGE('',*,*,#4313,.F.);
#2969=ORIENTED_EDGE('',*,*,#3962,.F.);
#2970=ORIENTED_EDGE('',*,*,#4391,.F.);
#2971=ORIENTED_EDGE('',*,*,#3908,.T.);
#2972=ORIENTED_EDGE('',*,*,#4315,.F.);
#2973=ORIENTED_EDGE('',*,*,#3968,.F.);
#2974=ORIENTED_EDGE('',*,*,#4392,.F.);
#2975=ORIENTED_EDGE('',*,*,#3906,.T.);
#2976=ORIENTED_EDGE('',*,*,#4393,.F.);
#2977=ORIENTED_EDGE('',*,*,#4394,.F.);
#2978=ORIENTED_EDGE('',*,*,#3904,.T.);
#2979=ORIENTED_EDGE('',*,*,#4318,.F.);
#2980=ORIENTED_EDGE('',*,*,#4395,.F.);
#2981=ORIENTED_EDGE('',*,*,#4396,.F.);
#2982=ORIENTED_EDGE('',*,*,#3902,.T.);
#2983=ORIENTED_EDGE('',*,*,#4322,.F.);
#2984=ORIENTED_EDGE('',*,*,#4325,.F.);
#2985=ORIENTED_EDGE('',*,*,#3975,.F.);
#2986=ORIENTED_EDGE('',*,*,#4397,.F.);
#2987=ORIENTED_EDGE('',*,*,#3900,.T.);
#2988=ORIENTED_EDGE('',*,*,#4327,.F.);
#2989=ORIENTED_EDGE('',*,*,#3981,.F.);
#2990=ORIENTED_EDGE('',*,*,#4398,.F.);
#2991=ORIENTED_EDGE('',*,*,#3898,.T.);
#2992=ORIENTED_EDGE('',*,*,#4330,.F.);
#2993=ORIENTED_EDGE('',*,*,#3995,.F.);
#2994=ORIENTED_EDGE('',*,*,#4399,.F.);
#2995=ORIENTED_EDGE('',*,*,#3896,.T.);
#2996=ORIENTED_EDGE('',*,*,#3940,.F.);
#2997=ORIENTED_EDGE('',*,*,#4378,.T.);
#2998=ORIENTED_EDGE('',*,*,#4030,.F.);
#2999=ORIENTED_EDGE('',*,*,#4029,.F.);
#3000=ORIENTED_EDGE('',*,*,#4380,.T.);
#3001=ORIENTED_EDGE('',*,*,#4032,.F.);
#3002=ORIENTED_EDGE('',*,*,#4377,.T.);
#3003=ORIENTED_EDGE('',*,*,#4064,.F.);
#3004=ORIENTED_EDGE('',*,*,#4382,.T.);
#3005=ORIENTED_EDGE('',*,*,#4033,.F.);
#3006=ORIENTED_EDGE('',*,*,#4212,.T.);
#3007=ORIENTED_EDGE('',*,*,#4375,.T.);
#3008=ORIENTED_EDGE('',*,*,#4021,.F.);
#3009=ORIENTED_EDGE('',*,*,#4020,.F.);
#3010=ORIENTED_EDGE('',*,*,#4299,.T.);
#3011=ORIENTED_EDGE('',*,*,#4023,.F.);
#3012=ORIENTED_EDGE('',*,*,#4376,.T.);
#3013=ORIENTED_EDGE('',*,*,#4052,.F.);
#3014=ORIENTED_EDGE('',*,*,#4383,.T.);
#3015=ORIENTED_EDGE('',*,*,#4024,.F.);
#3016=ORIENTED_EDGE('',*,*,#4206,.T.);
#3017=ORIENTED_EDGE('',*,*,#4373,.T.);
#3018=ORIENTED_EDGE('',*,*,#4011,.F.);
#3019=ORIENTED_EDGE('',*,*,#4010,.F.);
#3020=ORIENTED_EDGE('',*,*,#4297,.T.);
#3021=ORIENTED_EDGE('',*,*,#4013,.F.);
#3022=ORIENTED_EDGE('',*,*,#4374,.T.);
#3023=ORIENTED_EDGE('',*,*,#4058,.F.);
#3024=ORIENTED_EDGE('',*,*,#4384,.T.);
#3025=ORIENTED_EDGE('',*,*,#4014,.F.);
#3026=ORIENTED_EDGE('',*,*,#4200,.T.);
#3027=ORIENTED_EDGE('',*,*,#4371,.T.);
#3028=ORIENTED_EDGE('',*,*,#4001,.F.);
#3029=ORIENTED_EDGE('',*,*,#4000,.F.);
#3030=ORIENTED_EDGE('',*,*,#4295,.T.);
#3031=ORIENTED_EDGE('',*,*,#4003,.F.);
#3032=ORIENTED_EDGE('',*,*,#4372,.T.);
#3033=ORIENTED_EDGE('',*,*,#4098,.F.);
#3034=ORIENTED_EDGE('',*,*,#4385,.T.);
#3035=ORIENTED_EDGE('',*,*,#4004,.F.);
#3036=ORIENTED_EDGE('',*,*,#4194,.T.);
#3037=ORIENTED_EDGE('',*,*,#4369,.T.);
#3038=ORIENTED_EDGE('',*,*,#3991,.F.);
#3039=ORIENTED_EDGE('',*,*,#3990,.F.);
#3040=ORIENTED_EDGE('',*,*,#4293,.T.);
#3041=ORIENTED_EDGE('',*,*,#3993,.F.);
#3042=ORIENTED_EDGE('',*,*,#4370,.T.);
#3043=ORIENTED_EDGE('',*,*,#4103,.F.);
#3044=ORIENTED_EDGE('',*,*,#4399,.T.);
#3045=ORIENTED_EDGE('',*,*,#3994,.F.);
#3046=ORIENTED_EDGE('',*,*,#4188,.T.);
#3047=ORIENTED_EDGE('',*,*,#4368,.T.);
#3048=ORIENTED_EDGE('',*,*,#3987,.F.);
#3049=ORIENTED_EDGE('',*,*,#3986,.F.);
#3050=ORIENTED_EDGE('',*,*,#4291,.T.);
#3051=ORIENTED_EDGE('',*,*,#3979,.F.);
#3052=ORIENTED_EDGE('',*,*,#3782,.T.);
#3053=ORIENTED_EDGE('',*,*,#4106,.F.);
#3054=ORIENTED_EDGE('',*,*,#4398,.T.);
#3055=ORIENTED_EDGE('',*,*,#3980,.F.);
#3056=ORIENTED_EDGE('',*,*,#4400,.F.);
#3057=ORIENTED_EDGE('',*,*,#3695,.F.);
#3058=ORIENTED_EDGE('',*,*,#3700,.F.);
#3059=ORIENTED_EDGE('',*,*,#4289,.T.);
#3060=ORIENTED_EDGE('',*,*,#4183,.T.);
#3061=ORIENTED_EDGE('',*,*,#4365,.T.);
#3062=ORIENTED_EDGE('',*,*,#4401,.F.);
#3063=ORIENTED_EDGE('',*,*,#3775,.T.);
#3064=ORIENTED_EDGE('',*,*,#4109,.F.);
#3065=ORIENTED_EDGE('',*,*,#4397,.T.);
#3066=ORIENTED_EDGE('',*,*,#3974,.F.);
#3067=ORIENTED_EDGE('',*,*,#3973,.F.);
#3068=ORIENTED_EDGE('',*,*,#4402,.F.);
#3069=ORIENTED_EDGE('',*,*,#4287,.T.);
#3070=ORIENTED_EDGE('',*,*,#4178,.T.);
#3071=ORIENTED_EDGE('',*,*,#4362,.T.);
#3072=ORIENTED_EDGE('',*,*,#4403,.F.);
#3073=ORIENTED_EDGE('',*,*,#3768,.T.);
#3074=ORIENTED_EDGE('',*,*,#4112,.F.);
#3075=ORIENTED_EDGE('',*,*,#4396,.T.);
#3076=ORIENTED_EDGE('',*,*,#4404,.F.);
#3077=ORIENTED_EDGE('',*,*,#4284,.T.);
#3078=ORIENTED_EDGE('',*,*,#4173,.T.);
#3079=ORIENTED_EDGE('',*,*,#4359,.T.);
#3080=ORIENTED_EDGE('',*,*,#4405,.F.);
#3081=ORIENTED_EDGE('',*,*,#3761,.T.);
#3082=ORIENTED_EDGE('',*,*,#4115,.F.);
#3083=ORIENTED_EDGE('',*,*,#4394,.T.);
#3084=ORIENTED_EDGE('',*,*,#4168,.T.);
#3085=ORIENTED_EDGE('',*,*,#4356,.T.);
#3086=ORIENTED_EDGE('',*,*,#3678,.F.);
#3087=ORIENTED_EDGE('',*,*,#3677,.F.);
#3088=ORIENTED_EDGE('',*,*,#4281,.T.);
#3089=ORIENTED_EDGE('',*,*,#3966,.F.);
#3090=ORIENTED_EDGE('',*,*,#3687,.T.);
#3091=ORIENTED_EDGE('',*,*,#4118,.F.);
#3092=ORIENTED_EDGE('',*,*,#4392,.T.);
#3093=ORIENTED_EDGE('',*,*,#3967,.F.);
#3094=ORIENTED_EDGE('',*,*,#4163,.T.);
#3095=ORIENTED_EDGE('',*,*,#4352,.T.);
#3096=ORIENTED_EDGE('',*,*,#3694,.F.);
#3097=ORIENTED_EDGE('',*,*,#3693,.F.);
#3098=ORIENTED_EDGE('',*,*,#4279,.T.);
#3099=ORIENTED_EDGE('',*,*,#4406,.F.);
#3100=ORIENTED_EDGE('',*,*,#3750,.T.);
#3101=ORIENTED_EDGE('',*,*,#4121,.F.);
#3102=ORIENTED_EDGE('',*,*,#4391,.T.);
#3103=ORIENTED_EDGE('',*,*,#3961,.F.);
#3104=ORIENTED_EDGE('',*,*,#3960,.F.);
#3105=ORIENTED_EDGE('',*,*,#4407,.F.);
#3106=ORIENTED_EDGE('',*,*,#4277,.T.);
#3107=ORIENTED_EDGE('',*,*,#4158,.T.);
#3108=ORIENTED_EDGE('',*,*,#4349,.T.);
#3109=ORIENTED_EDGE('',*,*,#4408,.F.);
#3110=ORIENTED_EDGE('',*,*,#3743,.T.);
#3111=ORIENTED_EDGE('',*,*,#4124,.F.);
#3112=ORIENTED_EDGE('',*,*,#4390,.T.);
#3113=ORIENTED_EDGE('',*,*,#4409,.F.);
#3114=ORIENTED_EDGE('',*,*,#4274,.T.);
#3115=ORIENTED_EDGE('',*,*,#4153,.T.);
#3116=ORIENTED_EDGE('',*,*,#4346,.T.);
#3117=ORIENTED_EDGE('',*,*,#4410,.F.);
#3118=ORIENTED_EDGE('',*,*,#3736,.T.);
#3119=ORIENTED_EDGE('',*,*,#4127,.F.);
#3120=ORIENTED_EDGE('',*,*,#4388,.T.);
#3121=ORIENTED_EDGE('',*,*,#4148,.T.);
#3122=ORIENTED_EDGE('',*,*,#4342,.T.);
#3123=ORIENTED_EDGE('',*,*,#3952,.F.);
#3124=ORIENTED_EDGE('',*,*,#3951,.F.);
#3125=ORIENTED_EDGE('',*,*,#4271,.T.);
#3126=ORIENTED_EDGE('',*,*,#3954,.F.);
#3127=ORIENTED_EDGE('',*,*,#4343,.T.);
#3128=ORIENTED_EDGE('',*,*,#4132,.F.);
#3129=ORIENTED_EDGE('',*,*,#4386,.T.);
#3130=ORIENTED_EDGE('',*,*,#3955,.F.);
#3131=ORIENTED_EDGE('',*,*,#4142,.T.);
#3132=ORIENTED_EDGE('',*,*,#4136,.T.);
#3133=ORIENTED_EDGE('',*,*,#4222,.T.);
#3134=ORIENTED_EDGE('',*,*,#4265,.T.);
#3135=ORIENTED_EDGE('',*,*,#4043,.F.);
#3136=ORIENTED_EDGE('',*,*,#4042,.F.);
#3137=ORIENTED_EDGE('',*,*,#4269,.T.);
#3138=ORIENTED_EDGE('',*,*,#4045,.F.);
#3139=ORIENTED_EDGE('',*,*,#4266,.T.);
#3140=ORIENTED_EDGE('',*,*,#4067,.F.);
#3141=ORIENTED_EDGE('',*,*,#4381,.T.);
#3142=ORIENTED_EDGE('',*,*,#4046,.F.);
#3143=ORIENTED_EDGE('',*,*,#4141,.T.);
#3144=ORIENTED_EDGE('',*,*,#4219,.T.);
#3145=ORIENTED_EDGE('',*,*,#4223,.F.);
#3146=ORIENTED_EDGE('',*,*,#4134,.F.);
#3147=ORIENTED_EDGE('',*,*,#3916,.T.);
#3148=ORIENTED_EDGE('',*,*,#3883,.T.);
#3149=ORIENTED_EDGE('',*,*,#3890,.T.);
#3150=ORIENTED_EDGE('',*,*,#3885,.T.);
#3151=ORIENTED_EDGE('',*,*,#4411,.T.);
#3152=ORIENTED_EDGE('',*,*,#3823,.T.);
#3153=ORIENTED_EDGE('',*,*,#4412,.F.);
#3154=ORIENTED_EDGE('',*,*,#4413,.T.);
#3155=ORIENTED_EDGE('',*,*,#3824,.T.);
#3156=ORIENTED_EDGE('',*,*,#4411,.F.);
#3157=ORIENTED_EDGE('',*,*,#4414,.T.);
#3158=ORIENTED_EDGE('',*,*,#3825,.T.);
#3159=ORIENTED_EDGE('',*,*,#4413,.F.);
#3160=ORIENTED_EDGE('',*,*,#4412,.T.);
#3161=ORIENTED_EDGE('',*,*,#3822,.T.);
#3162=ORIENTED_EDGE('',*,*,#4414,.F.);
#3163=ORIENTED_EDGE('',*,*,#4415,.T.);
#3164=ORIENTED_EDGE('',*,*,#3819,.T.);
#3165=ORIENTED_EDGE('',*,*,#4416,.F.);
#3166=ORIENTED_EDGE('',*,*,#4417,.T.);
#3167=ORIENTED_EDGE('',*,*,#3820,.T.);
#3168=ORIENTED_EDGE('',*,*,#4415,.F.);
#3169=ORIENTED_EDGE('',*,*,#4418,.T.);
#3170=ORIENTED_EDGE('',*,*,#3821,.T.);
#3171=ORIENTED_EDGE('',*,*,#4417,.F.);
#3172=ORIENTED_EDGE('',*,*,#4416,.T.);
#3173=ORIENTED_EDGE('',*,*,#3818,.T.);
#3174=ORIENTED_EDGE('',*,*,#4418,.F.);
#3175=ORIENTED_EDGE('',*,*,#4419,.T.);
#3176=ORIENTED_EDGE('',*,*,#3815,.T.);
#3177=ORIENTED_EDGE('',*,*,#4420,.F.);
#3178=ORIENTED_EDGE('',*,*,#4421,.T.);
#3179=ORIENTED_EDGE('',*,*,#3816,.T.);
#3180=ORIENTED_EDGE('',*,*,#4419,.F.);
#3181=ORIENTED_EDGE('',*,*,#4422,.T.);
#3182=ORIENTED_EDGE('',*,*,#3817,.T.);
#3183=ORIENTED_EDGE('',*,*,#4421,.F.);
#3184=ORIENTED_EDGE('',*,*,#4420,.T.);
#3185=ORIENTED_EDGE('',*,*,#3814,.T.);
#3186=ORIENTED_EDGE('',*,*,#4422,.F.);
#3187=ORIENTED_EDGE('',*,*,#4423,.T.);
#3188=ORIENTED_EDGE('',*,*,#3811,.T.);
#3189=ORIENTED_EDGE('',*,*,#4424,.F.);
#3190=ORIENTED_EDGE('',*,*,#4425,.T.);
#3191=ORIENTED_EDGE('',*,*,#3812,.T.);
#3192=ORIENTED_EDGE('',*,*,#4423,.F.);
#3193=ORIENTED_EDGE('',*,*,#4426,.T.);
#3194=ORIENTED_EDGE('',*,*,#3813,.T.);
#3195=ORIENTED_EDGE('',*,*,#4425,.F.);
#3196=ORIENTED_EDGE('',*,*,#4424,.T.);
#3197=ORIENTED_EDGE('',*,*,#3810,.T.);
#3198=ORIENTED_EDGE('',*,*,#4426,.F.);
#3199=ORIENTED_EDGE('',*,*,#4427,.T.);
#3200=ORIENTED_EDGE('',*,*,#4428,.T.);
#3201=ORIENTED_EDGE('',*,*,#4429,.T.);
#3202=ORIENTED_EDGE('',*,*,#4430,.T.);
#3203=ORIENTED_EDGE('',*,*,#3792,.T.);
#3204=ORIENTED_EDGE('',*,*,#3790,.T.);
#3205=ORIENTED_EDGE('',*,*,#4429,.F.);
#3206=ORIENTED_EDGE('',*,*,#4431,.T.);
#3207=ORIENTED_EDGE('',*,*,#3784,.T.);
#3208=ORIENTED_EDGE('',*,*,#3928,.F.);
#3209=ORIENTED_EDGE('',*,*,#3807,.T.);
#3210=ORIENTED_EDGE('',*,*,#4432,.T.);
#3211=ORIENTED_EDGE('',*,*,#3786,.T.);
#3212=ORIENTED_EDGE('',*,*,#4433,.T.);
#3213=ORIENTED_EDGE('',*,*,#4427,.F.);
#3214=ORIENTED_EDGE('',*,*,#4434,.T.);
#3215=ORIENTED_EDGE('',*,*,#3805,.T.);
#3216=ORIENTED_EDGE('',*,*,#3929,.F.);
#3217=ORIENTED_EDGE('',*,*,#4435,.T.);
#3218=ORIENTED_EDGE('',*,*,#4436,.T.);
#3219=ORIENTED_EDGE('',*,*,#4437,.T.);
#3220=ORIENTED_EDGE('',*,*,#4438,.T.);
#3221=ORIENTED_EDGE('',*,*,#4439,.T.);
#3222=ORIENTED_EDGE('',*,*,#4440,.T.);
#3223=ORIENTED_EDGE('',*,*,#3964,.F.);
#3224=ORIENTED_EDGE('',*,*,#4357,.T.);
#3225=ORIENTED_EDGE('',*,*,#3714,.F.);
#3226=ORIENTED_EDGE('',*,*,#3759,.T.);
#3227=ORIENTED_EDGE('',*,*,#4405,.T.);
#3228=ORIENTED_EDGE('',*,*,#4393,.T.);
#3229=ORIENTED_EDGE('',*,*,#4317,.T.);
#3230=ORIENTED_EDGE('',*,*,#4360,.T.);
#3231=ORIENTED_EDGE('',*,*,#3710,.F.);
#3232=ORIENTED_EDGE('',*,*,#3766,.T.);
#3233=ORIENTED_EDGE('',*,*,#4403,.T.);
#3234=ORIENTED_EDGE('',*,*,#4395,.T.);
#3235=ORIENTED_EDGE('',*,*,#4321,.T.);
#3236=ORIENTED_EDGE('',*,*,#4363,.T.);
#3237=ORIENTED_EDGE('',*,*,#3706,.F.);
#3238=ORIENTED_EDGE('',*,*,#3773,.T.);
#3239=ORIENTED_EDGE('',*,*,#4401,.T.);
#3240=ORIENTED_EDGE('',*,*,#3972,.F.);
#3241=ORIENTED_EDGE('',*,*,#4366,.T.);
#3242=ORIENTED_EDGE('',*,*,#3702,.F.);
#3243=ORIENTED_EDGE('',*,*,#3780,.T.);
#3244=ORIENTED_EDGE('',*,*,#3978,.F.);
#3245=ORIENTED_EDGE('',*,*,#4367,.T.);
#3246=ORIENTED_EDGE('',*,*,#4247,.F.);
#3247=ORIENTED_EDGE('',*,*,#3776,.T.);
#3248=ORIENTED_EDGE('',*,*,#3696,.F.);
#3249=ORIENTED_EDGE('',*,*,#4400,.T.);
#3250=ORIENTED_EDGE('',*,*,#4364,.T.);
#3251=ORIENTED_EDGE('',*,*,#4249,.F.);
#3252=ORIENTED_EDGE('',*,*,#3769,.T.);
#3253=ORIENTED_EDGE('',*,*,#4324,.T.);
#3254=ORIENTED_EDGE('',*,*,#4285,.T.);
#3255=ORIENTED_EDGE('',*,*,#4402,.T.);
#3256=ORIENTED_EDGE('',*,*,#4361,.T.);
#3257=ORIENTED_EDGE('',*,*,#4251,.F.);
#3258=ORIENTED_EDGE('',*,*,#3762,.T.);
#3259=ORIENTED_EDGE('',*,*,#4320,.T.);
#3260=ORIENTED_EDGE('',*,*,#4282,.T.);
#3261=ORIENTED_EDGE('',*,*,#4404,.T.);
#3262=ORIENTED_EDGE('',*,*,#4358,.T.);
#3263=ORIENTED_EDGE('',*,*,#4253,.F.);
#3264=ORIENTED_EDGE('',*,*,#3755,.T.);
#3265=ORIENTED_EDGE('',*,*,#3673,.F.);
#3266=ORIENTED_EDGE('',*,*,#4441,.T.);
#3267=ORIENTED_EDGE('',*,*,#3685,.T.);
#3268=ORIENTED_EDGE('',*,*,#4442,.T.);
#3269=ORIENTED_EDGE('',*,*,#4443,.T.);
#3270=ORIENTED_EDGE('',*,*,#4444,.T.);
#3271=ORIENTED_EDGE('',*,*,#4354,.T.);
#3272=ORIENTED_EDGE('',*,*,#4255,.F.);
#3273=ORIENTED_EDGE('',*,*,#3751,.T.);
#3274=ORIENTED_EDGE('',*,*,#3689,.F.);
#3275=ORIENTED_EDGE('',*,*,#4351,.T.);
#3276=ORIENTED_EDGE('',*,*,#4257,.F.);
#3277=ORIENTED_EDGE('',*,*,#3744,.T.);
#3278=ORIENTED_EDGE('',*,*,#4312,.T.);
#3279=ORIENTED_EDGE('',*,*,#4275,.T.);
#3280=ORIENTED_EDGE('',*,*,#4407,.T.);
#3281=ORIENTED_EDGE('',*,*,#4348,.T.);
#3282=ORIENTED_EDGE('',*,*,#4259,.F.);
#3283=ORIENTED_EDGE('',*,*,#3737,.T.);
#3284=ORIENTED_EDGE('',*,*,#4308,.T.);
#3285=ORIENTED_EDGE('',*,*,#4272,.T.);
#3286=ORIENTED_EDGE('',*,*,#4409,.T.);
#3287=ORIENTED_EDGE('',*,*,#4345,.T.);
#3288=ORIENTED_EDGE('',*,*,#4261,.F.);
#3289=ORIENTED_EDGE('',*,*,#3729,.T.);
#3290=ORIENTED_EDGE('',*,*,#3948,.F.);
#3291=ORIENTED_EDGE('',*,*,#4344,.T.);
#3292=ORIENTED_EDGE('',*,*,#3726,.F.);
#3293=ORIENTED_EDGE('',*,*,#3734,.T.);
#3294=ORIENTED_EDGE('',*,*,#4410,.T.);
#3295=ORIENTED_EDGE('',*,*,#4387,.T.);
#3296=ORIENTED_EDGE('',*,*,#4305,.T.);
#3297=ORIENTED_EDGE('',*,*,#4347,.T.);
#3298=ORIENTED_EDGE('',*,*,#3722,.F.);
#3299=ORIENTED_EDGE('',*,*,#3741,.T.);
#3300=ORIENTED_EDGE('',*,*,#4408,.T.);
#3301=ORIENTED_EDGE('',*,*,#4389,.T.);
#3302=ORIENTED_EDGE('',*,*,#4309,.T.);
#3303=ORIENTED_EDGE('',*,*,#4350,.T.);
#3304=ORIENTED_EDGE('',*,*,#3718,.F.);
#3305=ORIENTED_EDGE('',*,*,#3748,.T.);
#3306=ORIENTED_EDGE('',*,*,#4406,.T.);
#3307=ORIENTED_EDGE('',*,*,#3959,.F.);
#3308=ORIENTED_EDGE('',*,*,#4353,.T.);
#3309=ORIENTED_EDGE('',*,*,#3680,.F.);
#3310=ORIENTED_EDGE('',*,*,#4437,.F.);
#3311=ORIENTED_EDGE('',*,*,#4439,.F.);
#3312=ORIENTED_EDGE('',*,*,#4445,.T.);
#3313=ORIENTED_EDGE('',*,*,#4443,.F.);
#3314=ORIENTED_EDGE('',*,*,#4446,.T.);
#3315=ORIENTED_EDGE('',*,*,#4435,.F.);
#3316=ORIENTED_EDGE('',*,*,#3965,.F.);
#3317=ORIENTED_EDGE('',*,*,#4440,.F.);
#3318=ORIENTED_EDGE('',*,*,#4446,.F.);
#3319=ORIENTED_EDGE('',*,*,#4442,.F.);
#3320=ORIENTED_EDGE('',*,*,#3684,.F.);
#3321=ORIENTED_EDGE('',*,*,#4355,.F.);
#3322=ORIENTED_EDGE('',*,*,#4444,.F.);
#3323=ORIENTED_EDGE('',*,*,#4445,.F.);
#3324=ORIENTED_EDGE('',*,*,#4441,.F.);
#3325=ORIENTED_EDGE('',*,*,#3672,.F.);
#3326=ORIENTED_EDGE('',*,*,#4428,.F.);
#3327=ORIENTED_EDGE('',*,*,#4433,.F.);
#3328=ORIENTED_EDGE('',*,*,#3785,.F.);
#3329=ORIENTED_EDGE('',*,*,#4431,.F.);
#3330=ORIENTED_EDGE('',*,*,#4430,.F.);
#3331=ORIENTED_EDGE('',*,*,#4432,.F.);
#3332=ORIENTED_EDGE('',*,*,#3806,.F.);
#3333=ORIENTED_EDGE('',*,*,#4434,.F.);
#3334=ORIENTED_EDGE('',*,*,#4447,.F.);
#3335=ORIENTED_EDGE('',*,*,#4448,.T.);
#3336=ORIENTED_EDGE('',*,*,#4235,.T.);
#3337=ORIENTED_EDGE('',*,*,#4449,.T.);
#3338=ORIENTED_EDGE('',*,*,#4233,.T.);
#3339=ORIENTED_EDGE('',*,*,#4450,.T.);
#3340=ORIENTED_EDGE('',*,*,#4451,.F.);
#3341=ORIENTED_EDGE('',*,*,#4452,.T.);
#3342=ORIENTED_EDGE('',*,*,#4436,.F.);
#3343=ORIENTED_EDGE('',*,*,#4438,.F.);
#3344=ORIENTED_EDGE('',*,*,#4451,.T.);
#3345=ORIENTED_EDGE('',*,*,#4453,.T.);
#3346=ORIENTED_EDGE('',*,*,#4447,.T.);
#3347=ORIENTED_EDGE('',*,*,#4454,.T.);
#3348=ORIENTED_EDGE('',*,*,#4453,.F.);
#3349=ORIENTED_EDGE('',*,*,#4450,.F.);
#3350=ORIENTED_EDGE('',*,*,#4232,.F.);
#3351=ORIENTED_EDGE('',*,*,#4448,.F.);
#3352=ORIENTED_EDGE('',*,*,#4454,.F.);
#3353=ORIENTED_EDGE('',*,*,#4449,.F.);
#3354=ORIENTED_EDGE('',*,*,#4234,.F.);
#3355=ORIENTED_EDGE('',*,*,#4452,.F.);
#3356=ORIENTED_EDGE('',*,*,#4455,.T.);
#3357=ORIENTED_EDGE('',*,*,#4456,.T.);
#3358=ORIENTED_EDGE('',*,*,#4457,.F.);
#3359=ORIENTED_EDGE('',*,*,#3582,.T.);
#3360=ORIENTED_EDGE('',*,*,#3578,.F.);
#3361=ORIENTED_EDGE('',*,*,#3865,.F.);
#3362=ORIENTED_EDGE('',*,*,#4458,.T.);
#3363=ORIENTED_EDGE('',*,*,#4455,.F.);
#3364=ORIENTED_EDGE('',*,*,#3581,.F.);
#3365=ORIENTED_EDGE('',*,*,#4459,.F.);
#3366=ORIENTED_EDGE('',*,*,#4457,.T.);
#3367=ORIENTED_EDGE('',*,*,#4460,.T.);
#3368=ORIENTED_EDGE('',*,*,#3935,.F.);
#3369=ORIENTED_EDGE('',*,*,#3668,.T.);
#3370=ORIENTED_EDGE('',*,*,#4037,.T.);
#3371=ORIENTED_EDGE('',*,*,#4461,.T.);
#3372=ORIENTED_EDGE('',*,*,#4462,.T.);
#3373=ORIENTED_EDGE('',*,*,#3583,.F.);
#3374=ORIENTED_EDGE('',*,*,#4462,.F.);
#3375=ORIENTED_EDGE('',*,*,#4463,.T.);
#3376=ORIENTED_EDGE('',*,*,#4464,.T.);
#3377=ORIENTED_EDGE('',*,*,#4465,.T.);
#3378=ORIENTED_EDGE('',*,*,#4226,.T.);
#3379=ORIENTED_EDGE('',*,*,#3584,.T.);
#3380=ORIENTED_EDGE('',*,*,#4466,.T.);
#3381=ORIENTED_EDGE('',*,*,#4467,.T.);
#3382=ORIENTED_EDGE('',*,*,#4468,.F.);
#3383=ORIENTED_EDGE('',*,*,#4469,.F.);
#3384=ORIENTED_EDGE('',*,*,#4229,.T.);
#3385=ORIENTED_EDGE('',*,*,#4468,.T.);
#3386=ORIENTED_EDGE('',*,*,#4470,.T.);
#3387=ORIENTED_EDGE('',*,*,#3563,.F.);
#3388=ORIENTED_EDGE('',*,*,#4471,.T.);
#3389=ORIENTED_EDGE('',*,*,#3562,.F.);
#3390=ORIENTED_EDGE('',*,*,#4230,.T.);
#3391=ORIENTED_EDGE('',*,*,#4469,.T.);
#3392=ORIENTED_EDGE('',*,*,#4471,.F.);
#3393=ORIENTED_EDGE('',*,*,#4227,.F.);
#3394=ORIENTED_EDGE('',*,*,#4465,.F.);
#3395=ORIENTED_EDGE('',*,*,#4472,.F.);
#3396=ORIENTED_EDGE('',*,*,#3649,.F.);
#3397=ORIENTED_EDGE('',*,*,#4472,.T.);
#3398=ORIENTED_EDGE('',*,*,#4464,.F.);
#3399=ORIENTED_EDGE('',*,*,#4473,.F.);
#3400=ORIENTED_EDGE('',*,*,#3656,.F.);
#3401=ORIENTED_EDGE('',*,*,#4473,.T.);
#3402=ORIENTED_EDGE('',*,*,#4463,.F.);
#3403=ORIENTED_EDGE('',*,*,#4461,.F.);
#3404=ORIENTED_EDGE('',*,*,#4036,.F.);
#3405=ORIENTED_EDGE('',*,*,#3644,.F.);
#3406=ORIENTED_EDGE('',*,*,#4228,.F.);
#3407=ORIENTED_EDGE('',*,*,#3653,.F.);
#3408=ORIENTED_EDGE('',*,*,#4474,.F.);
#3409=ORIENTED_EDGE('',*,*,#4466,.F.);
#3410=ORIENTED_EDGE('',*,*,#3660,.F.);
#3411=ORIENTED_EDGE('',*,*,#4475,.T.);
#3412=ORIENTED_EDGE('',*,*,#4467,.F.);
#3413=ORIENTED_EDGE('',*,*,#4474,.T.);
#3414=ORIENTED_EDGE('',*,*,#4475,.F.);
#3415=ORIENTED_EDGE('',*,*,#3659,.F.);
#3416=ORIENTED_EDGE('',*,*,#3564,.F.);
#3417=ORIENTED_EDGE('',*,*,#4470,.F.);
#3418=ORIENTED_EDGE('',*,*,#3937,.F.);
#3419=ORIENTED_EDGE('',*,*,#4476,.T.);
#3420=ORIENTED_EDGE('',*,*,#4137,.T.);
#3421=ORIENTED_EDGE('',*,*,#3934,.F.);
#3422=ORIENTED_EDGE('',*,*,#4139,.F.);
#3423=ORIENTED_EDGE('',*,*,#3869,.T.);
#3424=ORIENTED_EDGE('',*,*,#4477,.T.);
#3425=ORIENTED_EDGE('',*,*,#4220,.T.);
#3426=ORIENTED_EDGE('',*,*,#3868,.F.);
#3427=ORIENTED_EDGE('',*,*,#4478,.T.);
#3428=ORIENTED_EDGE('',*,*,#3921,.F.);
#3429=ORIENTED_EDGE('',*,*,#4477,.F.);
#3430=ORIENTED_EDGE('',*,*,#3867,.F.);
#3431=ORIENTED_EDGE('',*,*,#3800,.T.);
#3432=ORIENTED_EDGE('',*,*,#3917,.F.);
#3433=ORIENTED_EDGE('',*,*,#4478,.F.);
#3434=ORIENTED_EDGE('',*,*,#4458,.F.);
#3435=ORIENTED_EDGE('',*,*,#3872,.F.);
#3436=ORIENTED_EDGE('',*,*,#4479,.F.);
#3437=ORIENTED_EDGE('',*,*,#4456,.F.);
#3438=ORIENTED_EDGE('',*,*,#3936,.F.);
#3439=ORIENTED_EDGE('',*,*,#4460,.F.);
#3440=ORIENTED_EDGE('',*,*,#4479,.T.);
#3441=ORIENTED_EDGE('',*,*,#3871,.F.);
#3442=ORIENTED_EDGE('',*,*,#4138,.F.);
#3443=ORIENTED_EDGE('',*,*,#4476,.F.);
#3444=ORIENTED_EDGE('',*,*,#3866,.F.);
#3445=ORIENTED_EDGE('',*,*,#3576,.F.);
#3446=ORIENTED_EDGE('',*,*,#3828,.F.);
#3447=ORIENTED_EDGE('',*,*,#3620,.F.);
#3448=ORIENTED_EDGE('',*,*,#3830,.F.);
#3449=ORIENTED_EDGE('',*,*,#3568,.F.);
#3450=ORIENTED_EDGE('',*,*,#3864,.F.);
#3451=ORIENTED_EDGE('',*,*,#3616,.F.);
#3452=ORIENTED_EDGE('',*,*,#3625,.F.);
#3453=ORIENTED_EDGE('',*,*,#3639,.F.);
#3454=ORIENTED_EDGE('',*,*,#4480,.T.);
#3455=ORIENTED_EDGE('',*,*,#3836,.T.);
#3456=ORIENTED_EDGE('',*,*,#3611,.T.);
#3457=ORIENTED_EDGE('',*,*,#3833,.F.);
#3458=ORIENTED_EDGE('',*,*,#4481,.F.);
#3459=ORIENTED_EDGE('',*,*,#3642,.T.);
#3460=ORIENTED_EDGE('',*,*,#3638,.T.);
#3461=ORIENTED_EDGE('',*,*,#4481,.T.);
#3462=ORIENTED_EDGE('',*,*,#3832,.F.);
#3463=ORIENTED_EDGE('',*,*,#4480,.F.);
#3464=ORIENTED_EDGE('',*,*,#3636,.T.);
#3465=ORIENTED_EDGE('',*,*,#3595,.F.);
#3466=ORIENTED_EDGE('',*,*,#4482,.T.);
#3467=ORIENTED_EDGE('',*,*,#3533,.F.);
#3468=ORIENTED_EDGE('',*,*,#3535,.T.);
#3469=ORIENTED_EDGE('',*,*,#4483,.F.);
#3470=ORIENTED_EDGE('',*,*,#3593,.T.);
#3471=ORIENTED_EDGE('',*,*,#3847,.F.);
#3472=ORIENTED_EDGE('',*,*,#3594,.T.);
#3473=ORIENTED_EDGE('',*,*,#4483,.T.);
#3474=ORIENTED_EDGE('',*,*,#3534,.T.);
#3475=ORIENTED_EDGE('',*,*,#4482,.F.);
#3476=ORIENTED_EDGE('',*,*,#3560,.F.);
#3477=ORIENTED_EDGE('',*,*,#4484,.F.);
#3478=ORIENTED_EDGE('',*,*,#4485,.T.);
#3479=ORIENTED_EDGE('',*,*,#4231,.T.);
#3480=ORIENTED_EDGE('',*,*,#3559,.F.);
#3481=ORIENTED_EDGE('',*,*,#4459,.T.);
#3482=ORIENTED_EDGE('',*,*,#4486,.T.);
#3483=ORIENTED_EDGE('',*,*,#4484,.T.);
#3484=ORIENTED_EDGE('',*,*,#4485,.F.);
#3485=ORIENTED_EDGE('',*,*,#4486,.F.);
#3486=ORIENTED_EDGE('',*,*,#3580,.F.);
#3487=ORIENTED_EDGE('',*,*,#4225,.T.);
#3488=ORIENTED_EDGE('',*,*,#4487,.T.);
#3489=ORIENTED_EDGE('',*,*,#4488,.T.);
#3490=ORIENTED_EDGE('',*,*,#4489,.F.);
#3491=ORIENTED_EDGE('',*,*,#4490,.T.);
#3492=ORIENTED_EDGE('',*,*,#4491,.F.);
#3493=ORIENTED_EDGE('',*,*,#4490,.F.);
#3494=ORIENTED_EDGE('',*,*,#4492,.F.);
#3495=ORIENTED_EDGE('',*,*,#4487,.F.);
#3496=ORIENTED_EDGE('',*,*,#4491,.T.);
#3497=ORIENTED_EDGE('',*,*,#4489,.T.);
#3498=ORIENTED_EDGE('',*,*,#4488,.F.);
#3499=ORIENTED_EDGE('',*,*,#4492,.T.);
#3500=ORIENTED_EDGE('',*,*,#4493,.T.);
#3501=ORIENTED_EDGE('',*,*,#4494,.T.);
#3502=ORIENTED_EDGE('',*,*,#4495,.F.);
#3503=ORIENTED_EDGE('',*,*,#4496,.T.);
#3504=ORIENTED_EDGE('',*,*,#4497,.T.);
#3505=ORIENTED_EDGE('',*,*,#4498,.T.);
#3506=ORIENTED_EDGE('',*,*,#4499,.T.);
#3507=ORIENTED_EDGE('',*,*,#4496,.F.);
#3508=ORIENTED_EDGE('',*,*,#4500,.F.);
#3509=ORIENTED_EDGE('',*,*,#4501,.F.);
#3510=ORIENTED_EDGE('',*,*,#4502,.T.);
#3511=ORIENTED_EDGE('',*,*,#4497,.F.);
#3512=ORIENTED_EDGE('',*,*,#4499,.F.);
#3513=ORIENTED_EDGE('',*,*,#4495,.T.);
#3514=ORIENTED_EDGE('',*,*,#4503,.F.);
#3515=ORIENTED_EDGE('',*,*,#4498,.F.);
#3516=ORIENTED_EDGE('',*,*,#4502,.F.);
#3517=ORIENTED_EDGE('',*,*,#4493,.F.);
#3518=ORIENTED_EDGE('',*,*,#4503,.T.);
#3519=ORIENTED_EDGE('',*,*,#4501,.T.);
#3520=ORIENTED_EDGE('',*,*,#4504,.F.);
#3521=ORIENTED_EDGE('',*,*,#4494,.F.);
#3522=ORIENTED_EDGE('',*,*,#4504,.T.);
#3523=ORIENTED_EDGE('',*,*,#4500,.T.);
#3524=EDGE_CURVE('',#4505,#4505,#5158,.T.);
#3525=EDGE_CURVE('',#4506,#4506,#5159,.T.);
#3526=EDGE_CURVE('',#4507,#4507,#5160,.T.);
#3527=EDGE_CURVE('',#4508,#4509,#5161,.T.);
#3528=EDGE_CURVE('',#4509,#4508,#5162,.T.);
#3529=EDGE_CURVE('',#4510,#4511,#5163,.T.);
#3530=EDGE_CURVE('',#4511,#4510,#5164,.T.);
#3531=EDGE_CURVE('',#4512,#4512,#5165,.T.);
#3532=EDGE_CURVE('',#4513,#4514,#380,.T.);
#3533=EDGE_CURVE('',#4514,#4515,#381,.T.);
#3534=EDGE_CURVE('',#4516,#4515,#382,.T.);
#3535=EDGE_CURVE('',#4517,#4516,#383,.T.);
#3536=EDGE_CURVE('',#4517,#4518,#384,.T.);
#3537=EDGE_CURVE('',#4519,#4518,#5166,.T.);
#3538=EDGE_CURVE('',#4519,#4520,#385,.T.);
#3539=EDGE_CURVE('',#4521,#4520,#5167,.T.);
#3540=EDGE_CURVE('',#4522,#4521,#386,.T.);
#3541=EDGE_CURVE('',#4523,#4522,#387,.T.);
#3542=EDGE_CURVE('',#4523,#4524,#5168,.T.);
#3543=EDGE_CURVE('',#4524,#4525,#388,.T.);
#3544=EDGE_CURVE('',#4526,#4525,#5169,.T.);
#3545=EDGE_CURVE('',#4526,#4527,#389,.T.);
#3546=EDGE_CURVE('',#4528,#4527,#5170,.T.);
#3547=EDGE_CURVE('',#4528,#4529,#5171,.T.);
#3548=EDGE_CURVE('',#4530,#4529,#5172,.T.);
#3549=EDGE_CURVE('',#4530,#4531,#390,.T.);
#3550=EDGE_CURVE('',#4532,#4531,#5173,.T.);
#3551=EDGE_CURVE('',#4532,#4533,#5174,.T.);
#3552=EDGE_CURVE('',#4533,#4534,#391,.T.);
#3553=EDGE_CURVE('',#4534,#4535,#5175,.T.);
#3554=EDGE_CURVE('',#4536,#4535,#5176,.T.);
#3555=EDGE_CURVE('',#4536,#4537,#392,.T.);
#3556=EDGE_CURVE('',#4538,#4537,#5177,.T.);
#3557=EDGE_CURVE('',#4538,#4539,#5178,.T.);
#3558=EDGE_CURVE('',#4513,#4539,#5179,.T.);
#3559=EDGE_CURVE('',#4540,#4541,#393,.T.);
#3560=EDGE_CURVE('',#4541,#4542,#394,.T.);
#3561=EDGE_CURVE('',#4542,#4543,#395,.T.);
#3562=EDGE_CURVE('',#4543,#4544,#396,.T.);
#3563=EDGE_CURVE('',#4544,#4545,#397,.T.);
#3564=EDGE_CURVE('',#4545,#4546,#5180,.F.);
#3565=EDGE_CURVE('',#4546,#4547,#398,.T.);
#3566=EDGE_CURVE('',#4548,#4547,#399,.T.);
#3567=EDGE_CURVE('',#4548,#4549,#400,.T.);
#3568=EDGE_CURVE('',#4549,#4550,#5181,.F.);
#3569=EDGE_CURVE('',#4550,#4551,#5182,.T.);
#3570=EDGE_CURVE('',#4552,#4551,#401,.T.);
#3571=EDGE_CURVE('',#4552,#4553,#5183,.T.);
#3572=EDGE_CURVE('',#4554,#4553,#402,.T.);
#3573=EDGE_CURVE('',#4554,#4555,#5184,.T.);
#3574=EDGE_CURVE('',#4556,#4555,#403,.T.);
#3575=EDGE_CURVE('',#4556,#4557,#5185,.T.);
#3576=EDGE_CURVE('',#4557,#4558,#5186,.F.);
#3577=EDGE_CURVE('',#4559,#4558,#404,.T.);
#3578=EDGE_CURVE('',#4559,#4540,#5187,.F.);
#3579=EDGE_CURVE('',#4560,#4561,#405,.T.);
#3580=EDGE_CURVE('',#4560,#4562,#406,.T.);
#3581=EDGE_CURVE('',#4562,#4563,#407,.F.);
#3582=EDGE_CURVE('',#4564,#4563,#408,.T.);
#3583=EDGE_CURVE('',#4564,#4565,#409,.T.);
#3584=EDGE_CURVE('',#4561,#4565,#410,.T.);
#3585=EDGE_CURVE('',#4566,#4566,#5188,.T.);
#3586=EDGE_CURVE('',#4567,#4567,#5189,.T.);
#3587=EDGE_CURVE('',#4568,#4568,#5190,.T.);
#3588=EDGE_CURVE('',#4569,#4570,#5191,.T.);
#3589=EDGE_CURVE('',#4570,#4569,#5192,.T.);
#3590=EDGE_CURVE('',#4571,#4572,#5193,.T.);
#3591=EDGE_CURVE('',#4572,#4571,#5194,.T.);
#3592=EDGE_CURVE('',#4573,#4573,#5195,.T.);
#3593=EDGE_CURVE('',#4574,#4575,#411,.T.);
#3594=EDGE_CURVE('',#4576,#4574,#412,.T.);
#3595=EDGE_CURVE('',#4576,#4577,#413,.T.);
#3596=EDGE_CURVE('',#4578,#4577,#414,.T.);
#3597=EDGE_CURVE('',#4578,#4579,#5196,.T.);
#3598=EDGE_CURVE('',#4580,#4579,#5197,.T.);
#3599=EDGE_CURVE('',#4580,#4581,#5198,.T.);
#3600=EDGE_CURVE('',#4582,#4581,#415,.T.);
#3601=EDGE_CURVE('',#4582,#4583,#5199,.T.);
#3602=EDGE_CURVE('',#4584,#4583,#5200,.T.);
#3603=EDGE_CURVE('',#4585,#4584,#416,.T.);
#3604=EDGE_CURVE('',#4586,#4585,#5201,.T.);
#3605=EDGE_CURVE('',#4586,#4587,#5202,.T.);
#3606=EDGE_CURVE('',#4588,#4587,#417,.T.);
#3607=EDGE_CURVE('',#4588,#4589,#5203,.T.);
#3608=EDGE_CURVE('',#4590,#4589,#5204,.T.);
#3609=EDGE_CURVE('',#4590,#4591,#5205,.T.);
#3610=EDGE_CURVE('',#4592,#4591,#418,.T.);
#3611=EDGE_CURVE('',#4593,#4592,#419,.T.);
#3612=EDGE_CURVE('',#4593,#4594,#420,.T.);
#3613=EDGE_CURVE('',#4595,#4594,#5206,.T.);
#3614=EDGE_CURVE('',#4595,#4596,#421,.T.);
#3615=EDGE_CURVE('',#4597,#4596,#5207,.T.);
#3616=EDGE_CURVE('',#4597,#4598,#5208,.T.);
#3617=EDGE_CURVE('',#4599,#4598,#422,.T.);
#3618=EDGE_CURVE('',#4599,#4600,#423,.T.);
#3619=EDGE_CURVE('',#4600,#4601,#424,.T.);
#3620=EDGE_CURVE('',#4601,#4602,#5209,.T.);
#3621=EDGE_CURVE('',#4603,#4602,#5210,.T.);
#3622=EDGE_CURVE('',#4603,#4604,#425,.T.);
#3623=EDGE_CURVE('',#4605,#4604,#5211,.T.);
#3624=EDGE_CURVE('',#4605,#4606,#426,.T.);
#3625=EDGE_CURVE('',#4606,#4607,#427,.T.);
#3626=EDGE_CURVE('',#4608,#4607,#428,.T.);
#3627=EDGE_CURVE('',#4608,#4609,#5212,.T.);
#3628=EDGE_CURVE('',#4610,#4609,#429,.T.);
#3629=EDGE_CURVE('',#4611,#4610,#5213,.T.);
#3630=EDGE_CURVE('',#4611,#4612,#430,.T.);
#3631=EDGE_CURVE('',#4612,#4613,#431,.T.);
#3632=EDGE_CURVE('',#4613,#4614,#5214,.T.);
#3633=EDGE_CURVE('',#4615,#4614,#432,.T.);
#3634=EDGE_CURVE('',#4615,#4616,#5215,.T.);
#3635=EDGE_CURVE('',#4575,#4616,#433,.T.);
#3636=EDGE_CURVE('',#4514,#4577,#434,.T.);
#3637=EDGE_CURVE('',#4513,#4578,#435,.T.);
#3638=EDGE_CURVE('',#4617,#4618,#436,.T.);
#3639=EDGE_CURVE('',#4617,#4606,#437,.T.);
#3640=EDGE_CURVE('',#4554,#4605,#438,.T.);
#3641=EDGE_CURVE('',#4553,#4594,#439,.T.);
#3642=EDGE_CURVE('',#4618,#4593,#440,.T.);
#3643=EDGE_CURVE('',#4619,#4620,#441,.T.);
#3644=EDGE_CURVE('',#4620,#4621,#442,.T.);
#3645=EDGE_CURVE('',#4622,#4621,#271,.T.);
#3646=EDGE_CURVE('',#4623,#4622,#443,.T.);
#3647=EDGE_CURVE('',#4619,#4623,#272,.T.);
#3648=EDGE_CURVE('',#4624,#4625,#444,.T.);
#3649=EDGE_CURVE('',#4625,#4626,#5216,.F.);
#3650=EDGE_CURVE('',#4626,#4627,#445,.T.);
#3651=EDGE_CURVE('',#4624,#4627,#5217,.T.);
#3652=EDGE_CURVE('',#4628,#4629,#446,.T.);
#3653=EDGE_CURVE('',#4629,#4630,#5218,.F.);
#3654=EDGE_CURVE('',#4630,#4631,#447,.T.);
#3655=EDGE_CURVE('',#4631,#4628,#5219,.T.);
#3656=EDGE_CURVE('',#4626,#4620,#448,.T.);
#3657=EDGE_CURVE('',#4627,#4619,#449,.T.);
#3658=EDGE_CURVE('',#4632,#4547,#450,.T.);
#3659=EDGE_CURVE('',#4546,#4633,#451,.F.);
#3660=EDGE_CURVE('',#4633,#4629,#452,.T.);
#3661=EDGE_CURVE('',#4634,#4628,#453,.T.);
#3662=EDGE_CURVE('',#4634,#4635,#454,.T.);
#3663=EDGE_CURVE('',#4636,#4635,#455,.T.);
#3664=EDGE_CURVE('',#4637,#4636,#5220,.T.);
#3665=EDGE_CURVE('',#4637,#4638,#456,.T.);
#3666=EDGE_CURVE('',#4638,#4632,#457,.T.);
#3667=EDGE_CURVE('',#4639,#4640,#273,.T.);
#3668=EDGE_CURVE('',#4641,#4639,#458,.T.);
#3669=EDGE_CURVE('',#4642,#4641,#459,.T.);
#3670=EDGE_CURVE('',#4640,#4642,#460,.T.);
#3671=EDGE_CURVE('',#4643,#4644,#274,.T.);
#3672=EDGE_CURVE('',#4644,#4645,#21,.T.);
#3673=EDGE_CURVE('',#4645,#4646,#22,.T.);
#3674=EDGE_CURVE('',#4646,#4647,#275,.T.);
#3675=EDGE_CURVE('',#4647,#4648,#23,.T.);
#3676=EDGE_CURVE('',#4648,#4649,#461,.T.);
#3677=EDGE_CURVE('',#4649,#4650,#24,.T.);
#3678=EDGE_CURVE('',#4650,#4643,#25,.T.);
#3679=EDGE_CURVE('',#4651,#4652,#462,.T.);
#3680=EDGE_CURVE('',#4651,#4653,#276,.T.);
#3681=EDGE_CURVE('',#4653,#4654,#463,.T.);
#3682=EDGE_CURVE('',#4652,#4654,#464,.T.);
#3683=EDGE_CURVE('',#4655,#4656,#277,.T.);
#3684=EDGE_CURVE('',#4655,#4657,#278,.T.);
#3685=EDGE_CURVE('',#4651,#4657,#279,.T.);
#3686=EDGE_CURVE('',#4658,#4652,#465,.T.);
#3687=EDGE_CURVE('',#4656,#4658,#466,.T.);
#3688=EDGE_CURVE('',#4659,#4660,#280,.T.);
#3689=EDGE_CURVE('',#4660,#4661,#26,.T.);
#3690=EDGE_CURVE('',#4661,#4662,#281,.T.);
#3691=EDGE_CURVE('',#4662,#4663,#27,.T.);
#3692=EDGE_CURVE('',#4663,#4664,#467,.T.);
#3693=EDGE_CURVE('',#4664,#4665,#28,.T.);
#3694=EDGE_CURVE('',#4665,#4659,#29,.T.);
#3695=EDGE_CURVE('',#4666,#4667,#30,.T.);
#3696=EDGE_CURVE('',#4667,#4668,#31,.T.);
#3697=EDGE_CURVE('',#4668,#4669,#282,.T.);
#3698=EDGE_CURVE('',#4669,#4670,#32,.T.);
#3699=EDGE_CURVE('',#4670,#4671,#468,.T.);
#3700=EDGE_CURVE('',#4671,#4666,#33,.T.);
#3701=EDGE_CURVE('',#4672,#4673,#469,.T.);
#3702=EDGE_CURVE('',#4672,#4674,#283,.T.);
#3703=EDGE_CURVE('',#4674,#4675,#470,.T.);
#3704=EDGE_CURVE('',#4673,#4675,#471,.T.);
#3705=EDGE_CURVE('',#4676,#4677,#472,.T.);
#3706=EDGE_CURVE('',#4676,#4678,#284,.T.);
#3707=EDGE_CURVE('',#4678,#4679,#473,.T.);
#3708=EDGE_CURVE('',#4677,#4679,#474,.T.);
#3709=EDGE_CURVE('',#4680,#4681,#475,.T.);
#3710=EDGE_CURVE('',#4680,#4682,#285,.T.);
#3711=EDGE_CURVE('',#4682,#4683,#476,.T.);
#3712=EDGE_CURVE('',#4681,#4683,#477,.T.);
#3713=EDGE_CURVE('',#4684,#4685,#478,.T.);
#3714=EDGE_CURVE('',#4684,#4686,#286,.T.);
#3715=EDGE_CURVE('',#4686,#4687,#479,.T.);
#3716=EDGE_CURVE('',#4685,#4687,#480,.T.);
#3717=EDGE_CURVE('',#4688,#4689,#481,.T.);
#3718=EDGE_CURVE('',#4688,#4690,#287,.T.);
#3719=EDGE_CURVE('',#4690,#4691,#482,.T.);
#3720=EDGE_CURVE('',#4689,#4691,#483,.T.);
#3721=EDGE_CURVE('',#4692,#4693,#484,.T.);
#3722=EDGE_CURVE('',#4692,#4694,#288,.T.);
#3723=EDGE_CURVE('',#4694,#4695,#485,.T.);
#3724=EDGE_CURVE('',#4693,#4695,#486,.T.);
#3725=EDGE_CURVE('',#4696,#4697,#487,.T.);
#3726=EDGE_CURVE('',#4696,#4698,#289,.T.);
#3727=EDGE_CURVE('',#4698,#4699,#488,.T.);
#3728=EDGE_CURVE('',#4697,#4699,#489,.T.);
#3729=EDGE_CURVE('',#4700,#4701,#290,.T.);
#3730=EDGE_CURVE('',#4702,#4700,#490,.T.);
#3731=EDGE_CURVE('',#4702,#4703,#491,.T.);
#3732=EDGE_CURVE('',#4704,#4703,#492,.T.);
#3733=EDGE_CURVE('',#4701,#4704,#291,.T.);
#3734=EDGE_CURVE('',#4696,#4705,#292,.T.);
#3735=EDGE_CURVE('',#4706,#4697,#493,.T.);
#3736=EDGE_CURVE('',#4705,#4706,#494,.T.);
#3737=EDGE_CURVE('',#4707,#4708,#293,.T.);
#3738=EDGE_CURVE('',#4709,#4707,#495,.T.);
#3739=EDGE_CURVE('',#4709,#4710,#496,.T.);
#3740=EDGE_CURVE('',#4708,#4710,#497,.T.);
#3741=EDGE_CURVE('',#4692,#4711,#294,.T.);
#3742=EDGE_CURVE('',#4712,#4693,#498,.T.);
#3743=EDGE_CURVE('',#4711,#4712,#499,.T.);
#3744=EDGE_CURVE('',#4713,#4714,#295,.T.);
#3745=EDGE_CURVE('',#4715,#4713,#500,.T.);
#3746=EDGE_CURVE('',#4715,#4716,#501,.T.);
#3747=EDGE_CURVE('',#4714,#4716,#502,.T.);
#3748=EDGE_CURVE('',#4688,#4717,#296,.T.);
#3749=EDGE_CURVE('',#4718,#4689,#503,.T.);
#3750=EDGE_CURVE('',#4717,#4718,#504,.T.);
#3751=EDGE_CURVE('',#4719,#4661,#297,.T.);
#3752=EDGE_CURVE('',#4720,#4719,#505,.T.);
#3753=EDGE_CURVE('',#4720,#4721,#506,.T.);
#3754=EDGE_CURVE('',#4662,#4721,#507,.T.);
#3755=EDGE_CURVE('',#4722,#4646,#298,.T.);
#3756=EDGE_CURVE('',#4723,#4722,#508,.T.);
#3757=EDGE_CURVE('',#4723,#4724,#509,.T.);
#3758=EDGE_CURVE('',#4647,#4724,#510,.T.);
#3759=EDGE_CURVE('',#4684,#4725,#299,.T.);
#3760=EDGE_CURVE('',#4726,#4685,#511,.T.);
#3761=EDGE_CURVE('',#4725,#4726,#512,.T.);
#3762=EDGE_CURVE('',#4727,#4728,#300,.T.);
#3763=EDGE_CURVE('',#4729,#4727,#513,.T.);
#3764=EDGE_CURVE('',#4729,#4730,#514,.T.);
#3765=EDGE_CURVE('',#4728,#4730,#515,.T.);
#3766=EDGE_CURVE('',#4680,#4731,#301,.T.);
#3767=EDGE_CURVE('',#4732,#4681,#516,.T.);
#3768=EDGE_CURVE('',#4731,#4732,#517,.T.);
#3769=EDGE_CURVE('',#4733,#4734,#302,.T.);
#3770=EDGE_CURVE('',#4735,#4733,#518,.T.);
#3771=EDGE_CURVE('',#4735,#4736,#519,.T.);
#3772=EDGE_CURVE('',#4734,#4736,#520,.T.);
#3773=EDGE_CURVE('',#4676,#4737,#303,.T.);
#3774=EDGE_CURVE('',#4738,#4677,#521,.T.);
#3775=EDGE_CURVE('',#4737,#4738,#522,.T.);
#3776=EDGE_CURVE('',#4739,#4668,#304,.T.);
#3777=EDGE_CURVE('',#4740,#4739,#523,.T.);
#3778=EDGE_CURVE('',#4740,#4741,#524,.T.);
#3779=EDGE_CURVE('',#4669,#4741,#525,.T.);
#3780=EDGE_CURVE('',#4672,#4742,#305,.T.);
#3781=EDGE_CURVE('',#4743,#4673,#526,.T.);
#3782=EDGE_CURVE('',#4744,#4743,#527,.T.);
#3783=EDGE_CURVE('',#4742,#4744,#306,.T.);
#3784=EDGE_CURVE('',#4745,#4746,#5221,.T.);
#3785=EDGE_CURVE('',#4745,#4747,#5222,.T.);
#3786=EDGE_CURVE('',#4748,#4747,#5223,.T.);
#3787=EDGE_CURVE('',#4748,#4746,#528,.F.);
#3788=EDGE_CURVE('',#4749,#4750,#5224,.F.);
#3789=EDGE_CURVE('',#4749,#4750,#34,.T.);
#3790=EDGE_CURVE('',#4751,#4751,#5225,.F.);
#3791=EDGE_CURVE('',#4752,#4752,#5226,.F.);
#3792=EDGE_CURVE('',#4753,#4753,#5227,.F.);
#3793=EDGE_CURVE('',#4537,#4749,#529,.T.);
#3794=EDGE_CURVE('',#4536,#4582,#530,.T.);
#3795=EDGE_CURVE('',#4750,#4581,#531,.T.);
#3796=EDGE_CURVE('',#4754,#4638,#532,.T.);
#3797=EDGE_CURVE('',#4755,#4754,#533,.T.);
#3798=EDGE_CURVE('',#4755,#4632,#534,.T.);
#3799=EDGE_CURVE('',#4548,#4755,#535,.T.);
#3800=EDGE_CURVE('',#4756,#4757,#536,.T.);
#3801=EDGE_CURVE('',#4756,#4600,#537,.T.);
#3802=EDGE_CURVE('',#4754,#4599,#538,.T.);
#3803=EDGE_CURVE('',#4758,#4637,#35,.T.);
#3804=EDGE_CURVE('',#4758,#4759,#539,.F.);
#3805=EDGE_CURVE('',#4760,#4759,#5228,.T.);
#3806=EDGE_CURVE('',#4760,#4761,#5229,.T.);
#3807=EDGE_CURVE('',#4762,#4761,#5230,.T.);
#3808=EDGE_CURVE('',#4762,#4763,#540,.F.);
#3809=EDGE_CURVE('',#4757,#4763,#36,.T.);
#3810=EDGE_CURVE('',#4764,#4765,#541,.T.);
#3811=EDGE_CURVE('',#4766,#4764,#542,.T.);
#3812=EDGE_CURVE('',#4767,#4766,#543,.T.);
#3813=EDGE_CURVE('',#4765,#4767,#544,.T.);
#3814=EDGE_CURVE('',#4768,#4769,#545,.T.);
#3815=EDGE_CURVE('',#4770,#4768,#546,.T.);
#3816=EDGE_CURVE('',#4771,#4770,#547,.T.);
#3817=EDGE_CURVE('',#4769,#4771,#548,.T.);
#3818=EDGE_CURVE('',#4772,#4773,#549,.T.);
#3819=EDGE_CURVE('',#4774,#4772,#550,.T.);
#3820=EDGE_CURVE('',#4775,#4774,#551,.T.);
#3821=EDGE_CURVE('',#4773,#4775,#552,.T.);
#3822=EDGE_CURVE('',#4776,#4777,#553,.T.);
#3823=EDGE_CURVE('',#4778,#4776,#554,.T.);
#3824=EDGE_CURVE('',#4779,#4778,#555,.T.);
#3825=EDGE_CURVE('',#4777,#4779,#556,.T.);
#3826=EDGE_CURVE('',#4555,#4604,#557,.T.);
#3827=EDGE_CURVE('',#4556,#4603,#558,.T.);
#3828=EDGE_CURVE('',#4602,#4557,#559,.F.);
#3829=EDGE_CURVE('',#4551,#4596,#560,.T.);
#3830=EDGE_CURVE('',#4550,#4597,#561,.T.);
#3831=EDGE_CURVE('',#4552,#4595,#562,.T.);
#3832=EDGE_CURVE('',#4780,#4781,#563,.T.);
#3833=EDGE_CURVE('',#4781,#4592,#564,.T.);
#3834=EDGE_CURVE('',#4527,#4591,#565,.T.);
#3835=EDGE_CURVE('',#4526,#4608,#566,.T.);
#3836=EDGE_CURVE('',#4780,#4607,#567,.T.);
#3837=EDGE_CURVE('',#4528,#4590,#568,.T.);
#3838=EDGE_CURVE('',#4529,#4589,#569,.T.);
#3839=EDGE_CURVE('',#4530,#4588,#570,.T.);
#3840=EDGE_CURVE('',#4531,#4587,#571,.T.);
#3841=EDGE_CURVE('',#4532,#4586,#572,.T.);
#3842=EDGE_CURVE('',#4533,#4585,#573,.T.);
#3843=EDGE_CURVE('',#4534,#4584,#574,.T.);
#3844=EDGE_CURVE('',#4535,#4583,#575,.T.);
#3845=EDGE_CURVE('',#4538,#4580,#576,.T.);
#3846=EDGE_CURVE('',#4539,#4579,#577,.T.);
#3847=EDGE_CURVE('',#4517,#4575,#578,.T.);
#3848=EDGE_CURVE('',#4518,#4616,#579,.T.);
#3849=EDGE_CURVE('',#4519,#4615,#580,.T.);
#3850=EDGE_CURVE('',#4520,#4614,#581,.T.);
#3851=EDGE_CURVE('',#4521,#4613,#582,.T.);
#3852=EDGE_CURVE('',#4522,#4612,#583,.T.);
#3853=EDGE_CURVE('',#4523,#4611,#584,.T.);
#3854=EDGE_CURVE('',#4524,#4610,#585,.T.);
#3855=EDGE_CURVE('',#4525,#4609,#586,.T.);
#3856=EDGE_CURVE('',#4782,#4571,#587,.T.);
#3857=EDGE_CURVE('',#4510,#4782,#588,.T.);
#3858=EDGE_CURVE('',#4511,#4783,#589,.T.);
#3859=EDGE_CURVE('',#4783,#4572,#590,.T.);
#3860=EDGE_CURVE('',#4784,#4569,#591,.T.);
#3861=EDGE_CURVE('',#4508,#4784,#592,.T.);
#3862=EDGE_CURVE('',#4509,#4785,#593,.T.);
#3863=EDGE_CURVE('',#4785,#4570,#594,.T.);
#3864=EDGE_CURVE('',#4598,#4549,#595,.F.);
#3865=EDGE_CURVE('',#4786,#4559,#596,.T.);
#3866=EDGE_CURVE('',#4558,#4601,#597,.F.);
#3867=EDGE_CURVE('',#4756,#4787,#5231,.T.);
#3868=EDGE_CURVE('',#4787,#4788,#598,.T.);
#3869=EDGE_CURVE('',#4789,#4788,#599,.T.);
#3870=EDGE_CURVE('',#4789,#4790,#600,.T.);
#3871=EDGE_CURVE('',#4790,#4791,#601,.T.);
#3872=EDGE_CURVE('',#4791,#4786,#602,.T.);
#3873=EDGE_CURVE('',#4792,#4793,#307,.T.);
#3874=EDGE_CURVE('',#4793,#4794,#603,.T.);
#3875=EDGE_CURVE('',#4794,#4795,#308,.T.);
#3876=EDGE_CURVE('',#4795,#4792,#604,.T.);
#3877=EDGE_CURVE('',#4795,#4796,#605,.T.);
#3878=EDGE_CURVE('',#4796,#4797,#606,.T.);
#3879=EDGE_CURVE('',#4797,#4792,#607,.T.);
#3880=EDGE_CURVE('',#4798,#4799,#608,.T.);
#3881=EDGE_CURVE('',#4799,#4800,#609,.T.);
#3882=EDGE_CURVE('',#4800,#4801,#610,.T.);
#3883=EDGE_CURVE('',#4798,#4801,#611,.T.);
#3884=EDGE_CURVE('',#4802,#4793,#612,.T.);
#3885=EDGE_CURVE('',#4803,#4802,#613,.T.);
#3886=EDGE_CURVE('',#4794,#4803,#614,.T.);
#3887=EDGE_CURVE('',#4799,#4804,#615,.T.);
#3888=EDGE_CURVE('',#4805,#4804,#616,.T.);
#3889=EDGE_CURVE('',#4800,#4805,#617,.T.);
#3890=EDGE_CURVE('',#4801,#4803,#309,.T.);
#3891=EDGE_CURVE('',#4806,#4805,#618,.T.);
#3892=EDGE_CURVE('',#4796,#4806,#619,.T.);
#3893=EDGE_CURVE('',#4807,#4806,#620,.T.);
#3894=EDGE_CURVE('',#4797,#4807,#621,.T.);
#3895=EDGE_CURVE('',#4808,#4807,#622,.T.);
#3896=EDGE_CURVE('',#4809,#4808,#623,.T.);
#3897=EDGE_CURVE('',#4810,#4809,#624,.T.);
#3898=EDGE_CURVE('',#4811,#4810,#625,.T.);
#3899=EDGE_CURVE('',#4812,#4811,#626,.T.);
#3900=EDGE_CURVE('',#4813,#4812,#627,.T.);
#3901=EDGE_CURVE('',#4814,#4813,#628,.T.);
#3902=EDGE_CURVE('',#4815,#4814,#629,.T.);
#3903=EDGE_CURVE('',#4816,#4815,#630,.T.);
#3904=EDGE_CURVE('',#4817,#4816,#631,.T.);
#3905=EDGE_CURVE('',#4818,#4817,#632,.T.);
#3906=EDGE_CURVE('',#4819,#4818,#633,.T.);
#3907=EDGE_CURVE('',#4820,#4819,#634,.T.);
#3908=EDGE_CURVE('',#4821,#4820,#635,.T.);
#3909=EDGE_CURVE('',#4822,#4821,#636,.T.);
#3910=EDGE_CURVE('',#4823,#4822,#637,.T.);
#3911=EDGE_CURVE('',#4824,#4823,#638,.T.);
#3912=EDGE_CURVE('',#4825,#4824,#639,.T.);
#3913=EDGE_CURVE('',#4826,#4825,#640,.T.);
#3914=EDGE_CURVE('',#4827,#4826,#641,.T.);
#3915=EDGE_CURVE('',#4804,#4827,#642,.T.);
#3916=EDGE_CURVE('',#4802,#4798,#310,.T.);
#3917=EDGE_CURVE('',#4828,#4757,#5232,.T.);
#3918=EDGE_CURVE('',#4763,#4829,#5233,.T.);
#3919=EDGE_CURVE('',#4828,#4829,#5234,.T.);
#3920=EDGE_CURVE('',#4830,#4831,#311,.T.);
#3921=EDGE_CURVE('',#4831,#4828,#643,.T.);
#3922=EDGE_CURVE('',#4829,#4830,#644,.T.);
#3923=EDGE_CURVE('',#4832,#4758,#5235,.T.);
#3924=EDGE_CURVE('',#4832,#4636,#5236,.T.);
#3925=EDGE_CURVE('',#4635,#4833,#312,.T.);
#3926=EDGE_CURVE('',#4833,#4834,#313,.T.);
#3927=EDGE_CURVE('',#4834,#4832,#645,.T.);
#3928=EDGE_CURVE('',#4762,#4746,#37,.T.);
#3929=EDGE_CURVE('',#4748,#4759,#38,.T.);
#3930=EDGE_CURVE('',#4832,#4829,#646,.T.);
#3931=EDGE_CURVE('',#4835,#4836,#5237,.T.);
#3932=EDGE_CURVE('',#4836,#4837,#647,.T.);
#3933=EDGE_CURVE('',#4837,#4838,#5238,.T.);
#3934=EDGE_CURVE('',#4838,#4835,#648,.T.);
#3935=EDGE_CURVE('',#4641,#4839,#649,.T.);
#3936=EDGE_CURVE('',#4839,#4840,#5239,.T.);
#3937=EDGE_CURVE('',#4840,#4838,#650,.T.);
#3938=EDGE_CURVE('',#4837,#4841,#651,.T.);
#3939=EDGE_CURVE('',#4841,#4842,#652,.T.);
#3940=EDGE_CURVE('',#4842,#4843,#5240,.T.);
#3941=EDGE_CURVE('',#4843,#4844,#653,.T.);
#3942=EDGE_CURVE('',#4844,#4642,#5241,.T.);
#3943=EDGE_CURVE('',#4845,#4842,#654,.T.);
#3944=EDGE_CURVE('',#4846,#4841,#655,.T.);
#3945=EDGE_CURVE('',#4845,#4846,#656,.T.);
#3946=EDGE_CURVE('',#4846,#4836,#657,.T.);
#3947=EDGE_CURVE('',#4847,#4848,#314,.T.);
#3948=EDGE_CURVE('',#4848,#4701,#39,.T.);
#3949=EDGE_CURVE('',#4704,#4849,#40,.T.);
#3950=EDGE_CURVE('',#4849,#4850,#658,.T.);
#3951=EDGE_CURVE('',#4850,#4851,#41,.T.);
#3952=EDGE_CURVE('',#4851,#4852,#42,.T.);
#3953=EDGE_CURVE('',#4852,#4853,#315,.T.);
#3954=EDGE_CURVE('',#4853,#4854,#43,.T.);
#3955=EDGE_CURVE('',#4854,#4855,#44,.T.);
#3956=EDGE_CURVE('',#4855,#4856,#659,.T.);
#3957=EDGE_CURVE('',#4856,#4847,#45,.T.);
#3958=EDGE_CURVE('',#4857,#4858,#316,.T.);
#3959=EDGE_CURVE('',#4858,#4859,#46,.T.);
#3960=EDGE_CURVE('',#4859,#4860,#47,.T.);
#3961=EDGE_CURVE('',#4860,#4861,#48,.T.);
#3962=EDGE_CURVE('',#4861,#4862,#660,.T.);
#3963=EDGE_CURVE('',#4862,#4857,#49,.T.);
#3964=EDGE_CURVE('',#4863,#4864,#50,.T.);
#3965=EDGE_CURVE('',#4864,#4655,#51,.T.);
#3966=EDGE_CURVE('',#4656,#4865,#52,.T.);
#3967=EDGE_CURVE('',#4865,#4866,#53,.T.);
#3968=EDGE_CURVE('',#4866,#4867,#661,.T.);
#3969=EDGE_CURVE('',#4867,#4868,#54,.T.);
#3970=EDGE_CURVE('',#4868,#4863,#317,.T.);
#3971=EDGE_CURVE('',#4869,#4870,#318,.T.);
#3972=EDGE_CURVE('',#4870,#4871,#55,.T.);
#3973=EDGE_CURVE('',#4871,#4872,#56,.T.);
#3974=EDGE_CURVE('',#4872,#4873,#57,.T.);
#3975=EDGE_CURVE('',#4873,#4874,#662,.T.);
#3976=EDGE_CURVE('',#4874,#4869,#58,.T.);
#3977=EDGE_CURVE('',#4875,#4876,#319,.T.);
#3978=EDGE_CURVE('',#4876,#4742,#59,.T.);
#3979=EDGE_CURVE('',#4744,#4877,#60,.T.);
#3980=EDGE_CURVE('',#4877,#4878,#61,.T.);
#3981=EDGE_CURVE('',#4878,#4879,#663,.T.);
#3982=EDGE_CURVE('',#4879,#4880,#62,.T.);
#3983=EDGE_CURVE('',#4880,#4881,#320,.T.);
#3984=EDGE_CURVE('',#4881,#4882,#63,.T.);
#3985=EDGE_CURVE('',#4882,#4883,#664,.T.);
#3986=EDGE_CURVE('',#4883,#4884,#64,.T.);
#3987=EDGE_CURVE('',#4884,#4875,#65,.T.);
#3988=EDGE_CURVE('',#4885,#4886,#66,.T.);
#3989=EDGE_CURVE('',#4886,#4887,#665,.T.);
#3990=EDGE_CURVE('',#4887,#4888,#67,.T.);
#3991=EDGE_CURVE('',#4888,#4889,#68,.T.);
#3992=EDGE_CURVE('',#4889,#4890,#321,.T.);
#3993=EDGE_CURVE('',#4890,#4891,#69,.T.);
#3994=EDGE_CURVE('',#4891,#4892,#70,.T.);
#3995=EDGE_CURVE('',#4892,#4893,#666,.T.);
#3996=EDGE_CURVE('',#4893,#4894,#71,.T.);
#3997=EDGE_CURVE('',#4894,#4885,#322,.T.);
#3998=EDGE_CURVE('',#4895,#4896,#72,.T.);
#3999=EDGE_CURVE('',#4896,#4897,#667,.T.);
#4000=EDGE_CURVE('',#4897,#4898,#73,.T.);
#4001=EDGE_CURVE('',#4898,#4899,#74,.T.);
#4002=EDGE_CURVE('',#4899,#4900,#323,.T.);
#4003=EDGE_CURVE('',#4900,#4901,#75,.T.);
#4004=EDGE_CURVE('',#4901,#4902,#76,.T.);
#4005=EDGE_CURVE('',#4902,#4903,#668,.T.);
#4006=EDGE_CURVE('',#4903,#4904,#77,.T.);
#4007=EDGE_CURVE('',#4904,#4895,#324,.T.);
#4008=EDGE_CURVE('',#4905,#4906,#78,.T.);
#4009=EDGE_CURVE('',#4906,#4907,#669,.T.);
#4010=EDGE_CURVE('',#4907,#4908,#79,.T.);
#4011=EDGE_CURVE('',#4908,#4909,#80,.T.);
#4012=EDGE_CURVE('',#4909,#4910,#325,.T.);
#4013=EDGE_CURVE('',#4910,#4911,#81,.T.);
#4014=EDGE_CURVE('',#4911,#4912,#82,.T.);
#4015=EDGE_CURVE('',#4912,#4913,#670,.T.);
#4016=EDGE_CURVE('',#4913,#4914,#83,.T.);
#4017=EDGE_CURVE('',#4914,#4905,#326,.T.);
#4018=EDGE_CURVE('',#4915,#4916,#84,.T.);
#4019=EDGE_CURVE('',#4916,#4917,#671,.T.);
#4020=EDGE_CURVE('',#4917,#4918,#85,.T.);
#4021=EDGE_CURVE('',#4918,#4919,#86,.T.);
#4022=EDGE_CURVE('',#4919,#4920,#327,.T.);
#4023=EDGE_CURVE('',#4920,#4921,#87,.T.);
#4024=EDGE_CURVE('',#4921,#4922,#88,.T.);
#4025=EDGE_CURVE('',#4922,#4923,#672,.T.);
#4026=EDGE_CURVE('',#4923,#4924,#89,.T.);
#4027=EDGE_CURVE('',#4924,#4915,#328,.T.);
#4028=EDGE_CURVE('',#4925,#4926,#673,.T.);
#4029=EDGE_CURVE('',#4926,#4927,#90,.T.);
#4030=EDGE_CURVE('',#4927,#4928,#91,.T.);
#4031=EDGE_CURVE('',#4928,#4929,#329,.T.);
#4032=EDGE_CURVE('',#4929,#4930,#92,.T.);
#4033=EDGE_CURVE('',#4930,#4931,#93,.T.);
#4034=EDGE_CURVE('',#4931,#4932,#674,.T.);
#4035=EDGE_CURVE('',#4932,#4622,#94,.T.);
#4036=EDGE_CURVE('',#4621,#4933,#95,.T.);
#4037=EDGE_CURVE('',#4639,#4933,#330,.F.);
#4038=EDGE_CURVE('',#4640,#4925,#96,.T.);
#4039=EDGE_CURVE('',#4934,#4935,#331,.T.);
#4040=EDGE_CURVE('',#4935,#4936,#97,.T.);
#4041=EDGE_CURVE('',#4936,#4937,#675,.T.);
#4042=EDGE_CURVE('',#4937,#4938,#98,.T.);
#4043=EDGE_CURVE('',#4938,#4939,#99,.T.);
#4044=EDGE_CURVE('',#4939,#4940,#332,.T.);
#4045=EDGE_CURVE('',#4940,#4941,#100,.T.);
#4046=EDGE_CURVE('',#4941,#4942,#101,.T.);
#4047=EDGE_CURVE('',#4942,#4943,#676,.T.);
#4048=EDGE_CURVE('',#4943,#4934,#102,.T.);
#4049=EDGE_CURVE('',#4944,#4945,#677,.T.);
#4050=EDGE_CURVE('',#4945,#4946,#333,.T.);
#4051=EDGE_CURVE('',#4946,#4947,#678,.T.);
#4052=EDGE_CURVE('',#4947,#4948,#334,.T.);
#4053=EDGE_CURVE('',#4948,#4949,#679,.T.);
#4054=EDGE_CURVE('',#4949,#4944,#680,.T.);
#4055=EDGE_CURVE('',#4950,#4951,#681,.T.);
#4056=EDGE_CURVE('',#4951,#4952,#335,.T.);
#4057=EDGE_CURVE('',#4952,#4953,#682,.T.);
#4058=EDGE_CURVE('',#4953,#4954,#336,.T.);
#4059=EDGE_CURVE('',#4954,#4955,#683,.T.);
#4060=EDGE_CURVE('',#4955,#4950,#684,.T.);
#4061=EDGE_CURVE('',#4956,#4957,#685,.T.);
#4062=EDGE_CURVE('',#4957,#4958,#337,.T.);
#4063=EDGE_CURVE('',#4958,#4959,#686,.T.);
#4064=EDGE_CURVE('',#4959,#4960,#338,.T.);
#4065=EDGE_CURVE('',#4960,#4961,#687,.T.);
#4066=EDGE_CURVE('',#4961,#4956,#688,.T.);
#4067=EDGE_CURVE('',#4962,#4963,#103,.F.);
#4068=EDGE_CURVE('',#4963,#4964,#339,.T.);
#4069=EDGE_CURVE('',#4964,#4965,#689,.T.);
#4070=EDGE_CURVE('',#4965,#4966,#340,.T.);
#4071=EDGE_CURVE('',#4966,#4967,#104,.T.);
#4072=EDGE_CURVE('',#4967,#4962,#690,.T.);
#4073=EDGE_CURVE('',#4624,#4968,#5242,.T.);
#4074=EDGE_CURVE('',#4968,#4627,#5243,.T.);
#4075=EDGE_CURVE('',#4631,#4969,#5244,.T.);
#4076=EDGE_CURVE('',#4631,#4624,#691,.T.);
#4077=EDGE_CURVE('',#4968,#4969,#692,.T.);
#4078=EDGE_CURVE('',#4965,#4968,#693,.T.);
#4079=EDGE_CURVE('',#4623,#4966,#105,.T.);
#4080=EDGE_CURVE('',#4628,#4969,#5245,.T.);
#4081=EDGE_CURVE('',#4970,#4971,#341,.T.);
#4082=EDGE_CURVE('',#4971,#4634,#342,.T.);
#4083=EDGE_CURVE('',#4969,#4970,#694,.T.);
#4084=EDGE_CURVE('',#4961,#4972,#695,.T.);
#4085=EDGE_CURVE('',#4972,#4973,#696,.T.);
#4086=EDGE_CURVE('',#4973,#4956,#697,.T.);
#4087=EDGE_CURVE('',#4949,#4974,#698,.T.);
#4088=EDGE_CURVE('',#4974,#4975,#699,.T.);
#4089=EDGE_CURVE('',#4975,#4944,#700,.T.);
#4090=EDGE_CURVE('',#4955,#4976,#701,.T.);
#4091=EDGE_CURVE('',#4976,#4977,#702,.T.);
#4092=EDGE_CURVE('',#4977,#4950,#703,.T.);
#4093=EDGE_CURVE('',#4978,#4979,#704,.T.);
#4094=EDGE_CURVE('',#4979,#4980,#705,.T.);
#4095=EDGE_CURVE('',#4980,#4981,#706,.T.);
#4096=EDGE_CURVE('',#4981,#4808,#5246,.T.);
#4097=EDGE_CURVE('',#4807,#4982,#707,.T.);
#4098=EDGE_CURVE('',#4982,#4978,#5247,.T.);
#4099=EDGE_CURVE('',#4983,#4984,#708,.T.);
#4100=EDGE_CURVE('',#4984,#4985,#709,.T.);
#4101=EDGE_CURVE('',#4985,#4986,#710,.T.);
#4102=EDGE_CURVE('',#4986,#4810,#5248,.T.);
#4103=EDGE_CURVE('',#4809,#4983,#5249,.T.);
#4104=EDGE_CURVE('',#4675,#4987,#711,.T.);
#4105=EDGE_CURVE('',#4987,#4812,#5250,.T.);
#4106=EDGE_CURVE('',#4811,#4743,#5251,.T.);
#4107=EDGE_CURVE('',#4679,#4988,#712,.T.);
#4108=EDGE_CURVE('',#4988,#4814,#5252,.T.);
#4109=EDGE_CURVE('',#4813,#4738,#5253,.T.);
#4110=EDGE_CURVE('',#4683,#4989,#713,.T.);
#4111=EDGE_CURVE('',#4989,#4816,#5254,.T.);
#4112=EDGE_CURVE('',#4815,#4732,#5255,.T.);
#4113=EDGE_CURVE('',#4687,#4990,#714,.T.);
#4114=EDGE_CURVE('',#4990,#4818,#5256,.T.);
#4115=EDGE_CURVE('',#4817,#4726,#5257,.T.);
#4116=EDGE_CURVE('',#4654,#4991,#715,.T.);
#4117=EDGE_CURVE('',#4991,#4820,#5258,.T.);
#4118=EDGE_CURVE('',#4819,#4658,#5259,.T.);
#4119=EDGE_CURVE('',#4691,#4992,#716,.T.);
#4120=EDGE_CURVE('',#4992,#4822,#5260,.T.);
#4121=EDGE_CURVE('',#4821,#4718,#5261,.T.);
#4122=EDGE_CURVE('',#4695,#4993,#717,.T.);
#4123=EDGE_CURVE('',#4993,#4824,#5262,.T.);
#4124=EDGE_CURVE('',#4823,#4712,#5263,.T.);
#4125=EDGE_CURVE('',#4699,#4994,#718,.T.);
#4126=EDGE_CURVE('',#4994,#4826,#5264,.T.);
#4127=EDGE_CURVE('',#4825,#4706,#5265,.T.);
#4128=EDGE_CURVE('',#4995,#4996,#719,.T.);
#4129=EDGE_CURVE('',#4996,#4997,#720,.T.);
#4130=EDGE_CURVE('',#4997,#4998,#721,.T.);
#4131=EDGE_CURVE('',#4998,#4804,#5266,.T.);
#4132=EDGE_CURVE('',#4827,#4995,#5267,.T.);
#4133=EDGE_CURVE('',#4999,#5000,#722,.T.);
#4134=EDGE_CURVE('',#4999,#5001,#723,.T.);
#4135=EDGE_CURVE('',#5002,#5001,#724,.T.);
#4136=EDGE_CURVE('',#5000,#5002,#725,.T.);
#4137=EDGE_CURVE('',#5003,#4835,#726,.T.);
#4138=EDGE_CURVE('',#5003,#4790,#5268,.F.);
#4139=EDGE_CURVE('',#4789,#5004,#727,.T.);
#4140=EDGE_CURVE('',#5005,#5004,#728,.T.);
#4141=EDGE_CURVE('',#4999,#5005,#5269,.T.);
#4142=EDGE_CURVE('',#5006,#5000,#5270,.T.);
#4143=EDGE_CURVE('',#5007,#5006,#729,.T.);
#4144=EDGE_CURVE('',#5008,#5007,#5271,.T.);
#4145=EDGE_CURVE('',#5009,#5008,#730,.T.);
#4146=EDGE_CURVE('',#5010,#5009,#731,.T.);
#4147=EDGE_CURVE('',#5011,#5010,#732,.T.);
#4148=EDGE_CURVE('',#5012,#5011,#5272,.T.);
#4149=EDGE_CURVE('',#5013,#5012,#733,.T.);
#4150=EDGE_CURVE('',#4703,#5013,#5273,.T.);
#4151=EDGE_CURVE('',#5014,#4702,#734,.T.);
#4152=EDGE_CURVE('',#5015,#5014,#735,.T.);
#4153=EDGE_CURVE('',#5016,#5015,#5274,.T.);
#4154=EDGE_CURVE('',#5017,#5016,#736,.T.);
#4155=EDGE_CURVE('',#4710,#5017,#5275,.T.);
#4156=EDGE_CURVE('',#5018,#4709,#737,.T.);
#4157=EDGE_CURVE('',#5019,#5018,#738,.T.);
#4158=EDGE_CURVE('',#5020,#5019,#5276,.T.);
#4159=EDGE_CURVE('',#5021,#5020,#739,.T.);
#4160=EDGE_CURVE('',#4716,#5021,#5277,.T.);
#4161=EDGE_CURVE('',#5022,#4715,#740,.T.);
#4162=EDGE_CURVE('',#5023,#5022,#741,.T.);
#4163=EDGE_CURVE('',#5024,#5023,#5278,.T.);
#4164=EDGE_CURVE('',#5025,#5024,#742,.T.);
#4165=EDGE_CURVE('',#4721,#5025,#5279,.T.);
#4166=EDGE_CURVE('',#5026,#4720,#743,.T.);
#4167=EDGE_CURVE('',#5027,#5026,#744,.T.);
#4168=EDGE_CURVE('',#5028,#5027,#5280,.T.);
#4169=EDGE_CURVE('',#5029,#5028,#745,.T.);
#4170=EDGE_CURVE('',#4724,#5029,#5281,.T.);
#4171=EDGE_CURVE('',#5030,#4723,#746,.T.);
#4172=EDGE_CURVE('',#5031,#5030,#747,.T.);
#4173=EDGE_CURVE('',#5032,#5031,#5282,.T.);
#4174=EDGE_CURVE('',#5033,#5032,#748,.T.);
#4175=EDGE_CURVE('',#4730,#5033,#5283,.T.);
#4176=EDGE_CURVE('',#5034,#4729,#749,.T.);
#4177=EDGE_CURVE('',#5035,#5034,#750,.T.);
#4178=EDGE_CURVE('',#5036,#5035,#5284,.T.);
#4179=EDGE_CURVE('',#5037,#5036,#751,.T.);
#4180=EDGE_CURVE('',#4736,#5037,#5285,.T.);
#4181=EDGE_CURVE('',#5038,#4735,#752,.T.);
#4182=EDGE_CURVE('',#5039,#5038,#753,.T.);
#4183=EDGE_CURVE('',#5040,#5039,#5286,.T.);
#4184=EDGE_CURVE('',#5041,#5040,#754,.T.);
#4185=EDGE_CURVE('',#4741,#5041,#5287,.T.);
#4186=EDGE_CURVE('',#5042,#4740,#755,.T.);
#4187=EDGE_CURVE('',#5043,#5042,#756,.T.);
#4188=EDGE_CURVE('',#5044,#5043,#5288,.T.);
#4189=EDGE_CURVE('',#5045,#5044,#757,.T.);
#4190=EDGE_CURVE('',#5046,#5045,#5289,.T.);
#4191=EDGE_CURVE('',#5047,#5046,#758,.T.);
#4192=EDGE_CURVE('',#5048,#5047,#759,.T.);
#4193=EDGE_CURVE('',#5049,#5048,#760,.T.);
#4194=EDGE_CURVE('',#5050,#5049,#5290,.T.);
#4195=EDGE_CURVE('',#5051,#5050,#761,.T.);
#4196=EDGE_CURVE('',#5052,#5051,#5291,.T.);
#4197=EDGE_CURVE('',#5053,#5052,#762,.T.);
#4198=EDGE_CURVE('',#5054,#5053,#763,.T.);
#4199=EDGE_CURVE('',#5055,#5054,#764,.T.);
#4200=EDGE_CURVE('',#5056,#5055,#5292,.T.);
#4201=EDGE_CURVE('',#5057,#5056,#765,.T.);
#4202=EDGE_CURVE('',#5058,#5057,#5293,.T.);
#4203=EDGE_CURVE('',#5059,#5058,#766,.T.);
#4204=EDGE_CURVE('',#5060,#5059,#767,.T.);
#4205=EDGE_CURVE('',#5061,#5060,#768,.T.);
#4206=EDGE_CURVE('',#5062,#5061,#5294,.T.);
#4207=EDGE_CURVE('',#5063,#5062,#769,.T.);
#4208=EDGE_CURVE('',#5064,#5063,#5295,.T.);
#4209=EDGE_CURVE('',#5065,#5064,#770,.T.);
#4210=EDGE_CURVE('',#5066,#5065,#771,.T.);
#4211=EDGE_CURVE('',#5067,#5066,#772,.T.);
#4212=EDGE_CURVE('',#5068,#5067,#5296,.T.);
#4213=EDGE_CURVE('',#5069,#5068,#773,.T.);
#4214=EDGE_CURVE('',#5070,#5069,#5297,.T.);
#4215=EDGE_CURVE('',#5071,#5070,#774,.T.);
#4216=EDGE_CURVE('',#5072,#5071,#775,.T.);
#4217=EDGE_CURVE('',#4845,#5072,#776,.T.);
#4218=EDGE_CURVE('',#5073,#4830,#777,.T.);
#4219=EDGE_CURVE('',#5005,#5073,#778,.T.);
#4220=EDGE_CURVE('',#4831,#5004,#779,.T.);
#4221=EDGE_CURVE('',#5074,#4834,#780,.T.);
#4222=EDGE_CURVE('',#5002,#5074,#5298,.T.);
#4223=EDGE_CURVE('',#5001,#5073,#5299,.T.);
#4224=EDGE_CURVE('',#4970,#4964,#781,.T.);
#4225=EDGE_CURVE('',#4560,#5075,#782,.T.);
#4226=EDGE_CURVE('',#5076,#4561,#783,.T.);
#4227=EDGE_CURVE('',#5076,#4625,#106,.T.);
#4228=EDGE_CURVE('',#4630,#5077,#107,.F.);
#4229=EDGE_CURVE('',#5078,#5077,#784,.T.);
#4230=EDGE_CURVE('',#4543,#5078,#785,.T.);
#4231=EDGE_CURVE('',#5075,#4542,#786,.T.);
#4232=EDGE_CURVE('',#5079,#5080,#5300,.T.);
#4233=EDGE_CURVE('',#5081,#5080,#5301,.T.);
#4234=EDGE_CURVE('',#5081,#5082,#5302,.T.);
#4235=EDGE_CURVE('',#5079,#5082,#5303,.T.);
#4236=EDGE_CURVE('',#4833,#4971,#787,.T.);
#4237=EDGE_CURVE('',#5072,#4972,#788,.T.);
#4238=EDGE_CURVE('',#5071,#4973,#789,.T.);
#4239=EDGE_CURVE('',#5066,#4974,#790,.T.);
#4240=EDGE_CURVE('',#5065,#4975,#791,.T.);
#4241=EDGE_CURVE('',#5060,#4976,#792,.T.);
#4242=EDGE_CURVE('',#5059,#4977,#793,.T.);
#4243=EDGE_CURVE('',#5054,#4979,#794,.T.);
#4244=EDGE_CURVE('',#5053,#4980,#795,.T.);
#4245=EDGE_CURVE('',#5048,#4984,#796,.T.);
#4246=EDGE_CURVE('',#5047,#4985,#797,.T.);
#4247=EDGE_CURVE('',#4739,#5083,#343,.T.);
#4248=EDGE_CURVE('',#5042,#5083,#798,.T.);
#4249=EDGE_CURVE('',#4733,#5084,#344,.T.);
#4250=EDGE_CURVE('',#5038,#5084,#799,.T.);
#4251=EDGE_CURVE('',#4727,#5085,#345,.T.);
#4252=EDGE_CURVE('',#5034,#5085,#800,.T.);
#4253=EDGE_CURVE('',#4722,#5086,#346,.T.);
#4254=EDGE_CURVE('',#5030,#5086,#801,.T.);
#4255=EDGE_CURVE('',#4719,#5087,#347,.T.);
#4256=EDGE_CURVE('',#5026,#5087,#802,.T.);
#4257=EDGE_CURVE('',#4713,#5088,#348,.T.);
#4258=EDGE_CURVE('',#5022,#5088,#803,.T.);
#4259=EDGE_CURVE('',#4707,#5089,#349,.T.);
#4260=EDGE_CURVE('',#5018,#5089,#804,.T.);
#4261=EDGE_CURVE('',#4700,#5090,#350,.T.);
#4262=EDGE_CURVE('',#5014,#5090,#805,.T.);
#4263=EDGE_CURVE('',#5010,#4996,#806,.T.);
#4264=EDGE_CURVE('',#5009,#4997,#807,.T.);
#4265=EDGE_CURVE('',#5074,#4939,#808,.T.);
#4266=EDGE_CURVE('',#4940,#4963,#809,.T.);
#4267=EDGE_CURVE('',#4932,#4967,#810,.T.);
#4268=EDGE_CURVE('',#5007,#4936,#811,.T.);
#4269=EDGE_CURVE('',#4937,#5006,#812,.T.);
#4270=EDGE_CURVE('',#5013,#4849,#813,.T.);
#4271=EDGE_CURVE('',#4850,#5012,#814,.T.);
#4272=EDGE_CURVE('',#5091,#5092,#351,.T.);
#4273=EDGE_CURVE('',#5017,#5091,#815,.T.);
#4274=EDGE_CURVE('',#5092,#5016,#816,.T.);
#4275=EDGE_CURVE('',#5093,#5094,#352,.T.);
#4276=EDGE_CURVE('',#5021,#5093,#817,.T.);
#4277=EDGE_CURVE('',#5094,#5020,#818,.T.);
#4278=EDGE_CURVE('',#5025,#4663,#819,.T.);
#4279=EDGE_CURVE('',#4664,#5024,#820,.T.);
#4280=EDGE_CURVE('',#5029,#4648,#821,.T.);
#4281=EDGE_CURVE('',#4649,#5028,#822,.T.);
#4282=EDGE_CURVE('',#5095,#5096,#353,.T.);
#4283=EDGE_CURVE('',#5033,#5095,#823,.T.);
#4284=EDGE_CURVE('',#5096,#5032,#824,.T.);
#4285=EDGE_CURVE('',#5097,#5098,#354,.T.);
#4286=EDGE_CURVE('',#5037,#5097,#825,.T.);
#4287=EDGE_CURVE('',#5098,#5036,#826,.T.);
#4288=EDGE_CURVE('',#5041,#4670,#827,.T.);
#4289=EDGE_CURVE('',#4671,#5040,#828,.T.);
#4290=EDGE_CURVE('',#5045,#4882,#829,.T.);
#4291=EDGE_CURVE('',#4883,#5044,#830,.T.);
#4292=EDGE_CURVE('',#5051,#4886,#831,.T.);
#4293=EDGE_CURVE('',#4887,#5050,#832,.T.);
#4294=EDGE_CURVE('',#5057,#4896,#833,.T.);
#4295=EDGE_CURVE('',#4897,#5056,#834,.T.);
#4296=EDGE_CURVE('',#5063,#4906,#835,.T.);
#4297=EDGE_CURVE('',#4907,#5062,#836,.T.);
#4298=EDGE_CURVE('',#5069,#4916,#837,.T.);
#4299=EDGE_CURVE('',#4917,#5068,#838,.T.);
#4300=EDGE_CURVE('',#4943,#4804,#839,.T.);
#4301=EDGE_CURVE('',#4998,#4934,#840,.T.);
#4302=EDGE_CURVE('',#4935,#5008,#841,.T.);
#4303=EDGE_CURVE('',#4856,#4826,#842,.T.);
#4304=EDGE_CURVE('',#4994,#4847,#843,.T.);
#4305=EDGE_CURVE('',#5099,#5100,#108,.T.);
#4306=EDGE_CURVE('',#5099,#4824,#844,.T.);
#4307=EDGE_CURVE('',#4993,#5100,#845,.T.);
#4308=EDGE_CURVE('',#4708,#5091,#109,.T.);
#4309=EDGE_CURVE('',#5101,#5102,#110,.T.);
#4310=EDGE_CURVE('',#5101,#4822,#846,.T.);
#4311=EDGE_CURVE('',#4992,#5102,#847,.T.);
#4312=EDGE_CURVE('',#4714,#5093,#111,.T.);
#4313=EDGE_CURVE('',#4862,#4820,#848,.T.);
#4314=EDGE_CURVE('',#4991,#4857,#849,.T.);
#4315=EDGE_CURVE('',#4867,#4818,#850,.T.);
#4316=EDGE_CURVE('',#4990,#4868,#851,.T.);
#4317=EDGE_CURVE('',#5103,#5104,#112,.T.);
#4318=EDGE_CURVE('',#5103,#4816,#852,.T.);
#4319=EDGE_CURVE('',#4989,#5104,#853,.T.);
#4320=EDGE_CURVE('',#4728,#5095,#113,.T.);
#4321=EDGE_CURVE('',#5105,#5106,#114,.T.);
#4322=EDGE_CURVE('',#5105,#4814,#854,.T.);
#4323=EDGE_CURVE('',#4988,#5106,#855,.T.);
#4324=EDGE_CURVE('',#4734,#5097,#115,.T.);
#4325=EDGE_CURVE('',#4874,#4812,#856,.T.);
#4326=EDGE_CURVE('',#4987,#4869,#857,.T.);
#4327=EDGE_CURVE('',#4879,#4810,#858,.T.);
#4328=EDGE_CURVE('',#4986,#4880,#859,.T.);
#4329=EDGE_CURVE('',#4881,#5046,#860,.T.);
#4330=EDGE_CURVE('',#4893,#4808,#861,.T.);
#4331=EDGE_CURVE('',#4981,#4894,#862,.T.);
#4332=EDGE_CURVE('',#4885,#5052,#863,.T.);
#4333=EDGE_CURVE('',#4903,#4952,#864,.T.);
#4334=EDGE_CURVE('',#4951,#4904,#865,.T.);
#4335=EDGE_CURVE('',#4895,#5058,#866,.T.);
#4336=EDGE_CURVE('',#4913,#4946,#867,.T.);
#4337=EDGE_CURVE('',#4945,#4914,#868,.T.);
#4338=EDGE_CURVE('',#4905,#5064,#869,.T.);
#4339=EDGE_CURVE('',#4923,#4958,#870,.T.);
#4340=EDGE_CURVE('',#4957,#4924,#871,.T.);
#4341=EDGE_CURVE('',#4915,#5070,#872,.T.);
#4342=EDGE_CURVE('',#5011,#4852,#873,.T.);
#4343=EDGE_CURVE('',#4853,#4995,#874,.T.);
#4344=EDGE_CURVE('',#4848,#4698,#355,.T.);
#4345=EDGE_CURVE('',#5107,#5090,#356,.T.);
#4346=EDGE_CURVE('',#5015,#5107,#875,.T.);
#4347=EDGE_CURVE('',#5100,#4694,#357,.T.);
#4348=EDGE_CURVE('',#5108,#5089,#358,.T.);
#4349=EDGE_CURVE('',#5019,#5108,#876,.T.);
#4350=EDGE_CURVE('',#5102,#4690,#359,.T.);
#4351=EDGE_CURVE('',#4660,#5088,#360,.T.);
#4352=EDGE_CURVE('',#5023,#4659,#877,.T.);
#4353=EDGE_CURVE('',#4858,#4653,#361,.T.);
#4354=EDGE_CURVE('',#5109,#5087,#362,.T.);
#4355=EDGE_CURVE('',#5109,#4644,#363,.T.);
#4356=EDGE_CURVE('',#5027,#4643,#878,.T.);
#4357=EDGE_CURVE('',#4863,#4686,#364,.T.);
#4358=EDGE_CURVE('',#5110,#5086,#365,.T.);
#4359=EDGE_CURVE('',#5031,#5110,#879,.T.);
#4360=EDGE_CURVE('',#5104,#4682,#366,.T.);
#4361=EDGE_CURVE('',#5111,#5085,#367,.T.);
#4362=EDGE_CURVE('',#5035,#5111,#880,.T.);
#4363=EDGE_CURVE('',#5106,#4678,#368,.T.);
#4364=EDGE_CURVE('',#5112,#5084,#369,.T.);
#4365=EDGE_CURVE('',#5039,#5112,#881,.T.);
#4366=EDGE_CURVE('',#4870,#4674,#370,.T.);
#4367=EDGE_CURVE('',#4876,#5083,#371,.T.);
#4368=EDGE_CURVE('',#5043,#4875,#882,.T.);
#4369=EDGE_CURVE('',#5049,#4889,#883,.T.);
#4370=EDGE_CURVE('',#4890,#4983,#884,.T.);
#4371=EDGE_CURVE('',#5055,#4899,#885,.T.);
#4372=EDGE_CURVE('',#4900,#4978,#886,.T.);
#4373=EDGE_CURVE('',#5061,#4909,#887,.T.);
#4374=EDGE_CURVE('',#4910,#4954,#888,.T.);
#4375=EDGE_CURVE('',#5067,#4919,#889,.T.);
#4376=EDGE_CURVE('',#4920,#4948,#890,.T.);
#4377=EDGE_CURVE('',#4929,#4960,#891,.T.);
#4378=EDGE_CURVE('',#4842,#4928,#892,.T.);
#4379=EDGE_CURVE('',#4844,#4925,#893,.T.);
#4380=EDGE_CURVE('',#4926,#4843,#894,.T.);
#4381=EDGE_CURVE('',#4962,#4942,#895,.T.);
#4382=EDGE_CURVE('',#4959,#4931,#896,.T.);
#4383=EDGE_CURVE('',#4947,#4922,#897,.T.);
#4384=EDGE_CURVE('',#4953,#4912,#898,.T.);
#4385=EDGE_CURVE('',#4982,#4902,#899,.T.);
#4386=EDGE_CURVE('',#4827,#4855,#900,.T.);
#4387=EDGE_CURVE('',#5113,#5099,#372,.T.);
#4388=EDGE_CURVE('',#4825,#5113,#901,.T.);
#4389=EDGE_CURVE('',#5114,#5101,#373,.T.);
#4390=EDGE_CURVE('',#4823,#5114,#902,.T.);
#4391=EDGE_CURVE('',#4821,#4861,#903,.T.);
#4392=EDGE_CURVE('',#4819,#4866,#904,.T.);
#4393=EDGE_CURVE('',#5115,#5103,#374,.T.);
#4394=EDGE_CURVE('',#4817,#5115,#905,.T.);
#4395=EDGE_CURVE('',#5116,#5105,#375,.T.);
#4396=EDGE_CURVE('',#4815,#5116,#906,.T.);
#4397=EDGE_CURVE('',#4813,#4873,#907,.T.);
#4398=EDGE_CURVE('',#4811,#4878,#908,.T.);
#4399=EDGE_CURVE('',#4809,#4892,#909,.T.);
#4400=EDGE_CURVE('',#4667,#5112,#116,.T.);
#4401=EDGE_CURVE('',#4737,#4871,#117,.T.);
#4402=EDGE_CURVE('',#5098,#5111,#118,.T.);
#4403=EDGE_CURVE('',#4731,#5116,#119,.T.);
#4404=EDGE_CURVE('',#5096,#5110,#120,.T.);
#4405=EDGE_CURVE('',#4725,#5115,#121,.T.);
#4406=EDGE_CURVE('',#4717,#4859,#122,.T.);
#4407=EDGE_CURVE('',#5094,#5108,#123,.T.);
#4408=EDGE_CURVE('',#4711,#5114,#124,.T.);
#4409=EDGE_CURVE('',#5092,#5107,#125,.T.);
#4410=EDGE_CURVE('',#4705,#5113,#126,.T.);
#4411=EDGE_CURVE('',#5117,#4778,#910,.T.);
#4412=EDGE_CURVE('',#5117,#4776,#911,.T.);
#4413=EDGE_CURVE('',#5117,#4779,#912,.T.);
#4414=EDGE_CURVE('',#5117,#4777,#913,.T.);
#4415=EDGE_CURVE('',#5118,#4774,#914,.T.);
#4416=EDGE_CURVE('',#5118,#4772,#915,.T.);
#4417=EDGE_CURVE('',#5118,#4775,#916,.T.);
#4418=EDGE_CURVE('',#5118,#4773,#917,.T.);
#4419=EDGE_CURVE('',#5119,#4770,#918,.T.);
#4420=EDGE_CURVE('',#5119,#4768,#919,.T.);
#4421=EDGE_CURVE('',#5119,#4771,#920,.T.);
#4422=EDGE_CURVE('',#5119,#4769,#921,.T.);
#4423=EDGE_CURVE('',#5120,#4766,#922,.T.);
#4424=EDGE_CURVE('',#5120,#4764,#923,.T.);
#4425=EDGE_CURVE('',#5120,#4767,#924,.T.);
#4426=EDGE_CURVE('',#5120,#4765,#925,.T.);
#4427=EDGE_CURVE('',#5121,#5122,#5304,.T.);
#4428=EDGE_CURVE('',#5122,#5123,#5305,.F.);
#4429=EDGE_CURVE('',#5123,#5124,#5306,.T.);
#4430=EDGE_CURVE('',#5124,#5121,#5307,.F.);
#4431=EDGE_CURVE('',#5123,#4745,#926,.T.);
#4432=EDGE_CURVE('',#4761,#5124,#927,.F.);
#4433=EDGE_CURVE('',#4747,#5122,#928,.F.);
#4434=EDGE_CURVE('',#5121,#4760,#929,.T.);
#4435=EDGE_CURVE('',#5125,#5125,#5308,.F.);
#4436=EDGE_CURVE('',#5126,#5126,#5309,.T.);
#4437=EDGE_CURVE('',#5127,#5127,#5310,.F.);
#4438=EDGE_CURVE('',#5128,#5128,#5311,.T.);
#4439=EDGE_CURVE('',#5129,#5130,#5312,.T.);
#4440=EDGE_CURVE('',#5130,#4864,#930,.F.);
#4441=EDGE_CURVE('',#4645,#5129,#931,.T.);
#4442=EDGE_CURVE('',#4657,#5131,#932,.T.);
#4443=EDGE_CURVE('',#5131,#5132,#5313,.T.);
#4444=EDGE_CURVE('',#5132,#5109,#933,.F.);
#4445=EDGE_CURVE('',#5129,#5132,#5314,.T.);
#4446=EDGE_CURVE('',#5131,#5130,#5315,.T.);
#4447=EDGE_CURVE('',#5133,#5134,#5316,.T.);
#4448=EDGE_CURVE('',#5133,#5079,#934,.T.);
#4449=EDGE_CURVE('',#5082,#5134,#935,.F.);
#4450=EDGE_CURVE('',#5080,#5135,#936,.F.);
#4451=EDGE_CURVE('',#5136,#5135,#5317,.T.);
#4452=EDGE_CURVE('',#5136,#5081,#937,.T.);
#4453=EDGE_CURVE('',#5135,#5133,#5318,.F.);
#4454=EDGE_CURVE('',#5134,#5136,#5319,.F.);
#4455=EDGE_CURVE('',#4563,#5137,#5320,.F.);
#4456=EDGE_CURVE('',#5137,#5138,#938,.F.);
#4457=EDGE_CURVE('',#4564,#5138,#939,.T.);
#4458=EDGE_CURVE('',#4786,#5137,#127,.T.);
#4459=EDGE_CURVE('',#4540,#4562,#940,.F.);
#4460=EDGE_CURVE('',#5138,#4839,#941,.F.);
#4461=EDGE_CURVE('',#4933,#5139,#376,.F.);
#4462=EDGE_CURVE('',#5139,#4565,#942,.T.);
#4463=EDGE_CURVE('',#5139,#5140,#943,.F.);
#4464=EDGE_CURVE('',#5140,#5141,#944,.F.);
#4465=EDGE_CURVE('',#5141,#5076,#5321,.T.);
#4466=EDGE_CURVE('',#5077,#5142,#5322,.T.);
#4467=EDGE_CURVE('',#5142,#5143,#945,.F.);
#4468=EDGE_CURVE('',#5144,#5143,#946,.T.);
#4469=EDGE_CURVE('',#5078,#5144,#947,.T.);
#4470=EDGE_CURVE('',#5143,#4545,#948,.T.);
#4471=EDGE_CURVE('',#4544,#5144,#949,.T.);
#4472=EDGE_CURVE('',#4626,#5141,#5323,.T.);
#4473=EDGE_CURVE('',#4620,#5140,#377,.F.);
#4474=EDGE_CURVE('',#5142,#4629,#5324,.T.);
#4475=EDGE_CURVE('',#4633,#5143,#378,.F.);
#4476=EDGE_CURVE('',#4840,#5003,#950,.T.);
#4477=EDGE_CURVE('',#4788,#4831,#951,.T.);
#4478=EDGE_CURVE('',#4787,#4828,#952,.T.);
#4479=EDGE_CURVE('',#5138,#4791,#379,.T.);
#4480=EDGE_CURVE('',#4617,#4780,#953,.T.);
#4481=EDGE_CURVE('',#4618,#4781,#954,.T.);
#4482=EDGE_CURVE('',#4576,#4515,#955,.T.);
#4483=EDGE_CURVE('',#4574,#4516,#956,.T.);
#4484=EDGE_CURVE('',#5145,#4541,#957,.T.);
#4485=EDGE_CURVE('',#5145,#5075,#958,.T.);
#4486=EDGE_CURVE('',#4562,#5145,#959,.T.);
#4487=EDGE_CURVE('',#5146,#5147,#960,.T.);
#4488=EDGE_CURVE('',#5147,#5148,#961,.T.);
#4489=EDGE_CURVE('',#5149,#5148,#962,.T.);
#4490=EDGE_CURVE('',#5149,#5146,#963,.T.);
#4491=EDGE_CURVE('',#5146,#5149,#5325,.T.);
#4492=EDGE_CURVE('',#5147,#5148,#5326,.T.);
#4493=EDGE_CURVE('',#5150,#5151,#964,.T.);
#4494=EDGE_CURVE('',#5151,#5152,#965,.T.);
#4495=EDGE_CURVE('',#5153,#5152,#966,.T.);
#4496=EDGE_CURVE('',#5153,#5154,#967,.T.);
#4497=EDGE_CURVE('',#5154,#5155,#968,.T.);
#4498=EDGE_CURVE('',#5155,#5150,#128,.T.);
#4499=EDGE_CURVE('',#5153,#5154,#5327,.T.);
#4500=EDGE_CURVE('',#5156,#5152,#5328,.T.);
#4501=EDGE_CURVE('',#5157,#5156,#969,.F.);
#4502=EDGE_CURVE('',#5157,#5155,#5329,.T.);
#4503=EDGE_CURVE('',#5150,#5157,#129,.T.);
#4504=EDGE_CURVE('',#5151,#5156,#970,.T.);
#4505=VERTEX_POINT('',#9117);
#4506=VERTEX_POINT('',#9119);
#4507=VERTEX_POINT('',#9121);
#4508=VERTEX_POINT('',#9123);
#4509=VERTEX_POINT('',#9124);
#4510=VERTEX_POINT('',#9127);
#4511=VERTEX_POINT('',#9128);
#4512=VERTEX_POINT('',#9131);
#4513=VERTEX_POINT('',#9133);
#4514=VERTEX_POINT('',#9134);
#4515=VERTEX_POINT('',#9136);
#4516=VERTEX_POINT('',#9138);
#4517=VERTEX_POINT('',#9140);
#4518=VERTEX_POINT('',#9142);
#4519=VERTEX_POINT('',#9144);
#4520=VERTEX_POINT('',#9146);
#4521=VERTEX_POINT('',#9148);
#4522=VERTEX_POINT('',#9150);
#4523=VERTEX_POINT('',#9152);
#4524=VERTEX_POINT('',#9154);
#4525=VERTEX_POINT('',#9156);
#4526=VERTEX_POINT('',#9158);
#4527=VERTEX_POINT('',#9160);
#4528=VERTEX_POINT('',#9162);
#4529=VERTEX_POINT('',#9164);
#4530=VERTEX_POINT('',#9166);
#4531=VERTEX_POINT('',#9168);
#4532=VERTEX_POINT('',#9170);
#4533=VERTEX_POINT('',#9172);
#4534=VERTEX_POINT('',#9174);
#4535=VERTEX_POINT('',#9176);
#4536=VERTEX_POINT('',#9178);
#4537=VERTEX_POINT('',#9180);
#4538=VERTEX_POINT('',#9182);
#4539=VERTEX_POINT('',#9184);
#4540=VERTEX_POINT('',#9187);
#4541=VERTEX_POINT('',#9188);
#4542=VERTEX_POINT('',#9190);
#4543=VERTEX_POINT('',#9192);
#4544=VERTEX_POINT('',#9194);
#4545=VERTEX_POINT('',#9196);
#4546=VERTEX_POINT('',#9198);
#4547=VERTEX_POINT('',#9200);
#4548=VERTEX_POINT('',#9202);
#4549=VERTEX_POINT('',#9204);
#4550=VERTEX_POINT('',#9206);
#4551=VERTEX_POINT('',#9208);
#4552=VERTEX_POINT('',#9210);
#4553=VERTEX_POINT('',#9212);
#4554=VERTEX_POINT('',#9214);
#4555=VERTEX_POINT('',#9216);
#4556=VERTEX_POINT('',#9218);
#4557=VERTEX_POINT('',#9220);
#4558=VERTEX_POINT('',#9222);
#4559=VERTEX_POINT('',#9224);
#4560=VERTEX_POINT('',#9228);
#4561=VERTEX_POINT('',#9229);
#4562=VERTEX_POINT('',#9231);
#4563=VERTEX_POINT('',#9233);
#4564=VERTEX_POINT('',#9235);
#4565=VERTEX_POINT('',#9237);
#4566=VERTEX_POINT('',#9241);
#4567=VERTEX_POINT('',#9243);
#4568=VERTEX_POINT('',#9245);
#4569=VERTEX_POINT('',#9247);
#4570=VERTEX_POINT('',#9248);
#4571=VERTEX_POINT('',#9251);
#4572=VERTEX_POINT('',#9252);
#4573=VERTEX_POINT('',#9255);
#4574=VERTEX_POINT('',#9257);
#4575=VERTEX_POINT('',#9258);
#4576=VERTEX_POINT('',#9260);
#4577=VERTEX_POINT('',#9262);
#4578=VERTEX_POINT('',#9264);
#4579=VERTEX_POINT('',#9266);
#4580=VERTEX_POINT('',#9268);
#4581=VERTEX_POINT('',#9270);
#4582=VERTEX_POINT('',#9272);
#4583=VERTEX_POINT('',#9274);
#4584=VERTEX_POINT('',#9276);
#4585=VERTEX_POINT('',#9278);
#4586=VERTEX_POINT('',#9280);
#4587=VERTEX_POINT('',#9282);
#4588=VERTEX_POINT('',#9284);
#4589=VERTEX_POINT('',#9286);
#4590=VERTEX_POINT('',#9288);
#4591=VERTEX_POINT('',#9290);
#4592=VERTEX_POINT('',#9292);
#4593=VERTEX_POINT('',#9294);
#4594=VERTEX_POINT('',#9296);
#4595=VERTEX_POINT('',#9298);
#4596=VERTEX_POINT('',#9300);
#4597=VERTEX_POINT('',#9302);
#4598=VERTEX_POINT('',#9304);
#4599=VERTEX_POINT('',#9306);
#4600=VERTEX_POINT('',#9308);
#4601=VERTEX_POINT('',#9310);
#4602=VERTEX_POINT('',#9312);
#4603=VERTEX_POINT('',#9314);
#4604=VERTEX_POINT('',#9316);
#4605=VERTEX_POINT('',#9318);
#4606=VERTEX_POINT('',#9320);
#4607=VERTEX_POINT('',#9322);
#4608=VERTEX_POINT('',#9324);
#4609=VERTEX_POINT('',#9326);
#4610=VERTEX_POINT('',#9328);
#4611=VERTEX_POINT('',#9330);
#4612=VERTEX_POINT('',#9332);
#4613=VERTEX_POINT('',#9334);
#4614=VERTEX_POINT('',#9336);
#4615=VERTEX_POINT('',#9338);
#4616=VERTEX_POINT('',#9340);
#4617=VERTEX_POINT('',#9347);
#4618=VERTEX_POINT('',#9348);
#4619=VERTEX_POINT('',#9355);
#4620=VERTEX_POINT('',#9356);
#4621=VERTEX_POINT('',#9358);
#4622=VERTEX_POINT('',#9360);
#4623=VERTEX_POINT('',#9362);
#4624=VERTEX_POINT('',#9366);
#4625=VERTEX_POINT('',#9367);
#4626=VERTEX_POINT('',#9369);
#4627=VERTEX_POINT('',#9371);
#4628=VERTEX_POINT('',#9375);
#4629=VERTEX_POINT('',#9376);
#4630=VERTEX_POINT('',#9378);
#4631=VERTEX_POINT('',#9380);
#4632=VERTEX_POINT('',#9387);
#4633=VERTEX_POINT('',#9389);
#4634=VERTEX_POINT('',#9392);
#4635=VERTEX_POINT('',#9394);
#4636=VERTEX_POINT('',#9396);
#4637=VERTEX_POINT('',#9398);
#4638=VERTEX_POINT('',#9400);
#4639=VERTEX_POINT('',#9404);
#4640=VERTEX_POINT('',#9405);
#4641=VERTEX_POINT('',#9407);
#4642=VERTEX_POINT('',#9409);
#4643=VERTEX_POINT('',#9413);
#4644=VERTEX_POINT('',#9414);
#4645=VERTEX_POINT('',#9420);
#4646=VERTEX_POINT('',#9425);
#4647=VERTEX_POINT('',#9427);
#4648=VERTEX_POINT('',#9432);
#4649=VERTEX_POINT('',#9434);
#4650=VERTEX_POINT('',#9439);
#4651=VERTEX_POINT('',#9446);
#4652=VERTEX_POINT('',#9447);
#4653=VERTEX_POINT('',#9449);
#4654=VERTEX_POINT('',#9451);
#4655=VERTEX_POINT('',#9455);
#4656=VERTEX_POINT('',#9456);
#4657=VERTEX_POINT('',#9458);
#4658=VERTEX_POINT('',#9461);
#4659=VERTEX_POINT('',#9465);
#4660=VERTEX_POINT('',#9466);
#4661=VERTEX_POINT('',#9471);
#4662=VERTEX_POINT('',#9473);
#4663=VERTEX_POINT('',#9478);
#4664=VERTEX_POINT('',#9480);
#4665=VERTEX_POINT('',#9485);
#4666=VERTEX_POINT('',#9495);
#4667=VERTEX_POINT('',#9496);
#4668=VERTEX_POINT('',#9501);
#4669=VERTEX_POINT('',#9503);
#4670=VERTEX_POINT('',#9508);
#4671=VERTEX_POINT('',#9510);
#4672=VERTEX_POINT('',#9517);
#4673=VERTEX_POINT('',#9518);
#4674=VERTEX_POINT('',#9520);
#4675=VERTEX_POINT('',#9522);
#4676=VERTEX_POINT('',#9526);
#4677=VERTEX_POINT('',#9527);
#4678=VERTEX_POINT('',#9529);
#4679=VERTEX_POINT('',#9531);
#4680=VERTEX_POINT('',#9535);
#4681=VERTEX_POINT('',#9536);
#4682=VERTEX_POINT('',#9538);
#4683=VERTEX_POINT('',#9540);
#4684=VERTEX_POINT('',#9544);
#4685=VERTEX_POINT('',#9545);
#4686=VERTEX_POINT('',#9547);
#4687=VERTEX_POINT('',#9549);
#4688=VERTEX_POINT('',#9553);
#4689=VERTEX_POINT('',#9554);
#4690=VERTEX_POINT('',#9556);
#4691=VERTEX_POINT('',#9558);
#4692=VERTEX_POINT('',#9562);
#4693=VERTEX_POINT('',#9563);
#4694=VERTEX_POINT('',#9565);
#4695=VERTEX_POINT('',#9567);
#4696=VERTEX_POINT('',#9571);
#4697=VERTEX_POINT('',#9572);
#4698=VERTEX_POINT('',#9574);
#4699=VERTEX_POINT('',#9576);
#4700=VERTEX_POINT('',#9580);
#4701=VERTEX_POINT('',#9581);
#4702=VERTEX_POINT('',#9583);
#4703=VERTEX_POINT('',#9585);
#4704=VERTEX_POINT('',#9587);
#4705=VERTEX_POINT('',#9591);
#4706=VERTEX_POINT('',#9593);
#4707=VERTEX_POINT('',#9597);
#4708=VERTEX_POINT('',#9598);
#4709=VERTEX_POINT('',#9600);
#4710=VERTEX_POINT('',#9602);
#4711=VERTEX_POINT('',#9606);
#4712=VERTEX_POINT('',#9608);
#4713=VERTEX_POINT('',#9612);
#4714=VERTEX_POINT('',#9613);
#4715=VERTEX_POINT('',#9615);
#4716=VERTEX_POINT('',#9617);
#4717=VERTEX_POINT('',#9621);
#4718=VERTEX_POINT('',#9623);
#4719=VERTEX_POINT('',#9627);
#4720=VERTEX_POINT('',#9629);
#4721=VERTEX_POINT('',#9631);
#4722=VERTEX_POINT('',#9635);
#4723=VERTEX_POINT('',#9637);
#4724=VERTEX_POINT('',#9639);
#4725=VERTEX_POINT('',#9643);
#4726=VERTEX_POINT('',#9645);
#4727=VERTEX_POINT('',#9649);
#4728=VERTEX_POINT('',#9650);
#4729=VERTEX_POINT('',#9652);
#4730=VERTEX_POINT('',#9654);
#4731=VERTEX_POINT('',#9658);
#4732=VERTEX_POINT('',#9660);
#4733=VERTEX_POINT('',#9664);
#4734=VERTEX_POINT('',#9665);
#4735=VERTEX_POINT('',#9667);
#4736=VERTEX_POINT('',#9669);
#4737=VERTEX_POINT('',#9673);
#4738=VERTEX_POINT('',#9675);
#4739=VERTEX_POINT('',#9679);
#4740=VERTEX_POINT('',#9681);
#4741=VERTEX_POINT('',#9683);
#4742=VERTEX_POINT('',#9687);
#4743=VERTEX_POINT('',#9689);
#4744=VERTEX_POINT('',#9691);
#4745=VERTEX_POINT('',#9695);
#4746=VERTEX_POINT('',#9696);
#4747=VERTEX_POINT('',#9698);
#4748=VERTEX_POINT('',#9700);
#4749=VERTEX_POINT('',#9704);
#4750=VERTEX_POINT('',#9705);
#4751=VERTEX_POINT('',#9712);
#4752=VERTEX_POINT('',#9715);
#4753=VERTEX_POINT('',#9717);
#4754=VERTEX_POINT('',#9724);
#4755=VERTEX_POINT('',#9726);
#4756=VERTEX_POINT('',#9732);
#4757=VERTEX_POINT('',#9733);
#4758=VERTEX_POINT('',#9746);
#4759=VERTEX_POINT('',#9748);
#4760=VERTEX_POINT('',#9750);
#4761=VERTEX_POINT('',#9752);
#4762=VERTEX_POINT('',#9754);
#4763=VERTEX_POINT('',#9756);
#4764=VERTEX_POINT('',#9768);
#4765=VERTEX_POINT('',#9769);
#4766=VERTEX_POINT('',#9771);
#4767=VERTEX_POINT('',#9773);
#4768=VERTEX_POINT('',#9776);
#4769=VERTEX_POINT('',#9777);
#4770=VERTEX_POINT('',#9779);
#4771=VERTEX_POINT('',#9781);
#4772=VERTEX_POINT('',#9784);
#4773=VERTEX_POINT('',#9785);
#4774=VERTEX_POINT('',#9787);
#4775=VERTEX_POINT('',#9789);
#4776=VERTEX_POINT('',#9792);
#4777=VERTEX_POINT('',#9793);
#4778=VERTEX_POINT('',#9795);
#4779=VERTEX_POINT('',#9797);
#4780=VERTEX_POINT('',#9812);
#4781=VERTEX_POINT('',#9813);
#4782=VERTEX_POINT('',#9859);
#4783=VERTEX_POINT('',#9862);
#4784=VERTEX_POINT('',#9866);
#4785=VERTEX_POINT('',#9869);
#4786=VERTEX_POINT('',#9883);
#4787=VERTEX_POINT('',#9886);
#4788=VERTEX_POINT('',#9888);
#4789=VERTEX_POINT('',#9890);
#4790=VERTEX_POINT('',#9892);
#4791=VERTEX_POINT('',#9894);
#4792=VERTEX_POINT('',#9898);
#4793=VERTEX_POINT('',#9899);
#4794=VERTEX_POINT('',#9901);
#4795=VERTEX_POINT('',#9903);
#4796=VERTEX_POINT('',#9907);
#4797=VERTEX_POINT('',#9909);
#4798=VERTEX_POINT('',#9913);
#4799=VERTEX_POINT('',#9914);
#4800=VERTEX_POINT('',#9916);
#4801=VERTEX_POINT('',#9918);
#4802=VERTEX_POINT('',#9922);
#4803=VERTEX_POINT('',#9924);
#4804=VERTEX_POINT('',#9928);
#4805=VERTEX_POINT('',#9930);
#4806=VERTEX_POINT('',#9935);
#4807=VERTEX_POINT('',#9939);
#4808=VERTEX_POINT('',#9943);
#4809=VERTEX_POINT('',#9945);
#4810=VERTEX_POINT('',#9947);
#4811=VERTEX_POINT('',#9949);
#4812=VERTEX_POINT('',#9951);
#4813=VERTEX_POINT('',#9953);
#4814=VERTEX_POINT('',#9955);
#4815=VERTEX_POINT('',#9957);
#4816=VERTEX_POINT('',#9959);
#4817=VERTEX_POINT('',#9961);
#4818=VERTEX_POINT('',#9963);
#4819=VERTEX_POINT('',#9965);
#4820=VERTEX_POINT('',#9967);
#4821=VERTEX_POINT('',#9969);
#4822=VERTEX_POINT('',#9971);
#4823=VERTEX_POINT('',#9973);
#4824=VERTEX_POINT('',#9975);
#4825=VERTEX_POINT('',#9977);
#4826=VERTEX_POINT('',#9979);
#4827=VERTEX_POINT('',#9981);
#4828=VERTEX_POINT('',#9986);
#4829=VERTEX_POINT('',#9988);
#4830=VERTEX_POINT('',#9992);
#4831=VERTEX_POINT('',#9993);
#4832=VERTEX_POINT('',#9998);
#4833=VERTEX_POINT('',#10002);
#4834=VERTEX_POINT('',#10004);
#4835=VERTEX_POINT('',#10020);
#4836=VERTEX_POINT('',#10021);
#4837=VERTEX_POINT('',#10023);
#4838=VERTEX_POINT('',#10025);
#4839=VERTEX_POINT('',#10029);
#4840=VERTEX_POINT('',#10031);
#4841=VERTEX_POINT('',#10034);
#4842=VERTEX_POINT('',#10036);
#4843=VERTEX_POINT('',#10038);
#4844=VERTEX_POINT('',#10040);
#4845=VERTEX_POINT('',#10044);
#4846=VERTEX_POINT('',#10046);
#4847=VERTEX_POINT('',#10052);
#4848=VERTEX_POINT('',#10053);
#4849=VERTEX_POINT('',#10065);
#4850=VERTEX_POINT('',#10067);
#4851=VERTEX_POINT('',#10072);
#4852=VERTEX_POINT('',#10077);
#4853=VERTEX_POINT('',#10079);
#4854=VERTEX_POINT('',#10084);
#4855=VERTEX_POINT('',#10089);
#4856=VERTEX_POINT('',#10091);
#4857=VERTEX_POINT('',#10098);
#4858=VERTEX_POINT('',#10099);
#4859=VERTEX_POINT('',#10104);
#4860=VERTEX_POINT('',#10109);
#4861=VERTEX_POINT('',#10114);
#4862=VERTEX_POINT('',#10116);
#4863=VERTEX_POINT('',#10126);
#4864=VERTEX_POINT('',#10127);
#4865=VERTEX_POINT('',#10137);
#4866=VERTEX_POINT('',#10142);
#4867=VERTEX_POINT('',#10144);
#4868=VERTEX_POINT('',#10149);
#4869=VERTEX_POINT('',#10153);
#4870=VERTEX_POINT('',#10154);
#4871=VERTEX_POINT('',#10159);
#4872=VERTEX_POINT('',#10164);
#4873=VERTEX_POINT('',#10169);
#4874=VERTEX_POINT('',#10171);
#4875=VERTEX_POINT('',#10178);
#4876=VERTEX_POINT('',#10179);
#4877=VERTEX_POINT('',#10191);
#4878=VERTEX_POINT('',#10196);
#4879=VERTEX_POINT('',#10198);
#4880=VERTEX_POINT('',#10203);
#4881=VERTEX_POINT('',#10205);
#4882=VERTEX_POINT('',#10210);
#4883=VERTEX_POINT('',#10212);
#4884=VERTEX_POINT('',#10217);
#4885=VERTEX_POINT('',#10227);
#4886=VERTEX_POINT('',#10228);
#4887=VERTEX_POINT('',#10230);
#4888=VERTEX_POINT('',#10235);
#4889=VERTEX_POINT('',#10240);
#4890=VERTEX_POINT('',#10242);
#4891=VERTEX_POINT('',#10247);
#4892=VERTEX_POINT('',#10252);
#4893=VERTEX_POINT('',#10254);
#4894=VERTEX_POINT('',#10259);
#4895=VERTEX_POINT('',#10266);
#4896=VERTEX_POINT('',#10267);
#4897=VERTEX_POINT('',#10269);
#4898=VERTEX_POINT('',#10274);
#4899=VERTEX_POINT('',#10279);
#4900=VERTEX_POINT('',#10281);
#4901=VERTEX_POINT('',#10286);
#4902=VERTEX_POINT('',#10291);
#4903=VERTEX_POINT('',#10293);
#4904=VERTEX_POINT('',#10298);
#4905=VERTEX_POINT('',#10305);
#4906=VERTEX_POINT('',#10306);
#4907=VERTEX_POINT('',#10308);
#4908=VERTEX_POINT('',#10313);
#4909=VERTEX_POINT('',#10318);
#4910=VERTEX_POINT('',#10320);
#4911=VERTEX_POINT('',#10325);
#4912=VERTEX_POINT('',#10330);
#4913=VERTEX_POINT('',#10332);
#4914=VERTEX_POINT('',#10337);
#4915=VERTEX_POINT('',#10344);
#4916=VERTEX_POINT('',#10345);
#4917=VERTEX_POINT('',#10347);
#4918=VERTEX_POINT('',#10352);
#4919=VERTEX_POINT('',#10357);
#4920=VERTEX_POINT('',#10359);
#4921=VERTEX_POINT('',#10364);
#4922=VERTEX_POINT('',#10369);
#4923=VERTEX_POINT('',#10371);
#4924=VERTEX_POINT('',#10376);
#4925=VERTEX_POINT('',#10380);
#4926=VERTEX_POINT('',#10381);
#4927=VERTEX_POINT('',#10386);
#4928=VERTEX_POINT('',#10391);
#4929=VERTEX_POINT('',#10393);
#4930=VERTEX_POINT('',#10398);
#4931=VERTEX_POINT('',#10403);
#4932=VERTEX_POINT('',#10405);
#4933=VERTEX_POINT('',#10414);
#4934=VERTEX_POINT('',#10422);
#4935=VERTEX_POINT('',#10423);
#4936=VERTEX_POINT('',#10428);
#4937=VERTEX_POINT('',#10430);
#4938=VERTEX_POINT('',#10435);
#4939=VERTEX_POINT('',#10440);
#4940=VERTEX_POINT('',#10442);
#4941=VERTEX_POINT('',#10447);
#4942=VERTEX_POINT('',#10452);
#4943=VERTEX_POINT('',#10454);
#4944=VERTEX_POINT('',#10461);
#4945=VERTEX_POINT('',#10462);
#4946=VERTEX_POINT('',#10464);
#4947=VERTEX_POINT('',#10466);
#4948=VERTEX_POINT('',#10468);
#4949=VERTEX_POINT('',#10470);
#4950=VERTEX_POINT('',#10474);
#4951=VERTEX_POINT('',#10475);
#4952=VERTEX_POINT('',#10477);
#4953=VERTEX_POINT('',#10479);
#4954=VERTEX_POINT('',#10481);
#4955=VERTEX_POINT('',#10483);
#4956=VERTEX_POINT('',#10487);
#4957=VERTEX_POINT('',#10488);
#4958=VERTEX_POINT('',#10490);
#4959=VERTEX_POINT('',#10492);
#4960=VERTEX_POINT('',#10494);
#4961=VERTEX_POINT('',#10496);
#4962=VERTEX_POINT('',#10503);
#4963=VERTEX_POINT('',#10504);
#4964=VERTEX_POINT('',#10506);
#4965=VERTEX_POINT('',#10508);
#4966=VERTEX_POINT('',#10510);
#4967=VERTEX_POINT('',#10515);
#4968=VERTEX_POINT('',#10519);
#4969=VERTEX_POINT('',#10523);
#4970=VERTEX_POINT('',#10536);
#4971=VERTEX_POINT('',#10537);
#4972=VERTEX_POINT('',#10542);
#4973=VERTEX_POINT('',#10544);
#4974=VERTEX_POINT('',#10548);
#4975=VERTEX_POINT('',#10550);
#4976=VERTEX_POINT('',#10554);
#4977=VERTEX_POINT('',#10556);
#4978=VERTEX_POINT('',#10560);
#4979=VERTEX_POINT('',#10561);
#4980=VERTEX_POINT('',#10563);
#4981=VERTEX_POINT('',#10565);
#4982=VERTEX_POINT('',#10568);
#4983=VERTEX_POINT('',#10572);
#4984=VERTEX_POINT('',#10573);
#4985=VERTEX_POINT('',#10575);
#4986=VERTEX_POINT('',#10577);
#4987=VERTEX_POINT('',#10582);
#4988=VERTEX_POINT('',#10587);
#4989=VERTEX_POINT('',#10592);
#4990=VERTEX_POINT('',#10597);
#4991=VERTEX_POINT('',#10602);
#4992=VERTEX_POINT('',#10607);
#4993=VERTEX_POINT('',#10612);
#4994=VERTEX_POINT('',#10617);
#4995=VERTEX_POINT('',#10622);
#4996=VERTEX_POINT('',#10623);
#4997=VERTEX_POINT('',#10625);
#4998=VERTEX_POINT('',#10627);
#4999=VERTEX_POINT('',#10632);
#5000=VERTEX_POINT('',#10633);
#5001=VERTEX_POINT('',#10635);
#5002=VERTEX_POINT('',#10637);
#5003=VERTEX_POINT('',#10641);
#5004=VERTEX_POINT('',#10644);
#5005=VERTEX_POINT('',#10646);
#5006=VERTEX_POINT('',#10649);
#5007=VERTEX_POINT('',#10651);
#5008=VERTEX_POINT('',#10653);
#5009=VERTEX_POINT('',#10655);
#5010=VERTEX_POINT('',#10657);
#5011=VERTEX_POINT('',#10659);
#5012=VERTEX_POINT('',#10661);
#5013=VERTEX_POINT('',#10663);
#5014=VERTEX_POINT('',#10666);
#5015=VERTEX_POINT('',#10668);
#5016=VERTEX_POINT('',#10670);
#5017=VERTEX_POINT('',#10672);
#5018=VERTEX_POINT('',#10675);
#5019=VERTEX_POINT('',#10677);
#5020=VERTEX_POINT('',#10679);
#5021=VERTEX_POINT('',#10681);
#5022=VERTEX_POINT('',#10684);
#5023=VERTEX_POINT('',#10686);
#5024=VERTEX_POINT('',#10688);
#5025=VERTEX_POINT('',#10690);
#5026=VERTEX_POINT('',#10693);
#5027=VERTEX_POINT('',#10695);
#5028=VERTEX_POINT('',#10697);
#5029=VERTEX_POINT('',#10699);
#5030=VERTEX_POINT('',#10702);
#5031=VERTEX_POINT('',#10704);
#5032=VERTEX_POINT('',#10706);
#5033=VERTEX_POINT('',#10708);
#5034=VERTEX_POINT('',#10711);
#5035=VERTEX_POINT('',#10713);
#5036=VERTEX_POINT('',#10715);
#5037=VERTEX_POINT('',#10717);
#5038=VERTEX_POINT('',#10720);
#5039=VERTEX_POINT('',#10722);
#5040=VERTEX_POINT('',#10724);
#5041=VERTEX_POINT('',#10726);
#5042=VERTEX_POINT('',#10729);
#5043=VERTEX_POINT('',#10731);
#5044=VERTEX_POINT('',#10733);
#5045=VERTEX_POINT('',#10735);
#5046=VERTEX_POINT('',#10737);
#5047=VERTEX_POINT('',#10739);
#5048=VERTEX_POINT('',#10741);
#5049=VERTEX_POINT('',#10743);
#5050=VERTEX_POINT('',#10745);
#5051=VERTEX_POINT('',#10747);
#5052=VERTEX_POINT('',#10749);
#5053=VERTEX_POINT('',#10751);
#5054=VERTEX_POINT('',#10753);
#5055=VERTEX_POINT('',#10755);
#5056=VERTEX_POINT('',#10757);
#5057=VERTEX_POINT('',#10759);
#5058=VERTEX_POINT('',#10761);
#5059=VERTEX_POINT('',#10763);
#5060=VERTEX_POINT('',#10765);
#5061=VERTEX_POINT('',#10767);
#5062=VERTEX_POINT('',#10769);
#5063=VERTEX_POINT('',#10771);
#5064=VERTEX_POINT('',#10773);
#5065=VERTEX_POINT('',#10775);
#5066=VERTEX_POINT('',#10777);
#5067=VERTEX_POINT('',#10779);
#5068=VERTEX_POINT('',#10781);
#5069=VERTEX_POINT('',#10783);
#5070=VERTEX_POINT('',#10785);
#5071=VERTEX_POINT('',#10787);
#5072=VERTEX_POINT('',#10789);
#5073=VERTEX_POINT('',#10793);
#5074=VERTEX_POINT('',#10798);
#5075=VERTEX_POINT('',#10805);
#5076=VERTEX_POINT('',#10807);
#5077=VERTEX_POINT('',#10820);
#5078=VERTEX_POINT('',#10822);
#5079=VERTEX_POINT('',#10826);
#5080=VERTEX_POINT('',#10827);
#5081=VERTEX_POINT('',#10829);
#5082=VERTEX_POINT('',#10831);
#5083=VERTEX_POINT('',#10852);
#5084=VERTEX_POINT('',#10856);
#5085=VERTEX_POINT('',#10860);
#5086=VERTEX_POINT('',#10864);
#5087=VERTEX_POINT('',#10868);
#5088=VERTEX_POINT('',#10872);
#5089=VERTEX_POINT('',#10876);
#5090=VERTEX_POINT('',#10880);
#5091=VERTEX_POINT('',#10898);
#5092=VERTEX_POINT('',#10899);
#5093=VERTEX_POINT('',#10904);
#5094=VERTEX_POINT('',#10905);
#5095=VERTEX_POINT('',#10916);
#5096=VERTEX_POINT('',#10917);
#5097=VERTEX_POINT('',#10922);
#5098=VERTEX_POINT('',#10923);
#5099=VERTEX_POINT('',#10958);
#5100=VERTEX_POINT('',#10959);
#5101=VERTEX_POINT('',#10972);
#5102=VERTEX_POINT('',#10973);
#5103=VERTEX_POINT('',#10994);
#5104=VERTEX_POINT('',#10995);
#5105=VERTEX_POINT('',#11008);
#5106=VERTEX_POINT('',#11009);
#5107=VERTEX_POINT('',#11054);
#5108=VERTEX_POINT('',#11060);
#5109=VERTEX_POINT('',#11071);
#5110=VERTEX_POINT('',#11078);
#5111=VERTEX_POINT('',#11084);
#5112=VERTEX_POINT('',#11090);
#5113=VERTEX_POINT('',#11131);
#5114=VERTEX_POINT('',#11135);
#5115=VERTEX_POINT('',#11143);
#5116=VERTEX_POINT('',#11147);
#5117=VERTEX_POINT('',#11233);
#5118=VERTEX_POINT('',#11242);
#5119=VERTEX_POINT('',#11251);
#5120=VERTEX_POINT('',#11260);
#5121=VERTEX_POINT('',#11269);
#5122=VERTEX_POINT('',#11270);
#5123=VERTEX_POINT('',#11272);
#5124=VERTEX_POINT('',#11274);
#5125=VERTEX_POINT('',#11284);
#5126=VERTEX_POINT('',#11286);
#5127=VERTEX_POINT('',#11289);
#5128=VERTEX_POINT('',#11291);
#5129=VERTEX_POINT('',#11294);
#5130=VERTEX_POINT('',#11295);
#5131=VERTEX_POINT('',#11300);
#5132=VERTEX_POINT('',#11302);
#5133=VERTEX_POINT('',#11313);
#5134=VERTEX_POINT('',#11314);
#5135=VERTEX_POINT('',#11319);
#5136=VERTEX_POINT('',#11321);
#5137=VERTEX_POINT('',#11330);
#5138=VERTEX_POINT('',#11332);
#5139=VERTEX_POINT('',#11348);
#5140=VERTEX_POINT('',#11352);
#5141=VERTEX_POINT('',#11354);
#5142=VERTEX_POINT('',#11358);
#5143=VERTEX_POINT('',#11360);
#5144=VERTEX_POINT('',#11362);
#5145=VERTEX_POINT('',#11402);
#5146=VERTEX_POINT('',#11409);
#5147=VERTEX_POINT('',#11410);
#5148=VERTEX_POINT('',#11412);
#5149=VERTEX_POINT('',#11414);
#5150=VERTEX_POINT('',#11423);
#5151=VERTEX_POINT('',#11424);
#5152=VERTEX_POINT('',#11426);
#5153=VERTEX_POINT('',#11428);
#5154=VERTEX_POINT('',#11430);
#5155=VERTEX_POINT('',#11432);
#5156=VERTEX_POINT('',#11441);
#5157=VERTEX_POINT('',#11443);
#5158=CIRCLE('',#6644,0.000825);
#5159=CIRCLE('',#6645,0.000825);
#5160=CIRCLE('',#6646,0.000825);
#5161=CIRCLE('',#6647,0.000825);
#5162=CIRCLE('',#6648,0.000837439);
#5163=CIRCLE('',#6649,0.000825);
#5164=CIRCLE('',#6650,0.000837439);
#5165=CIRCLE('',#6651,0.00085);
#5166=CIRCLE('',#6652,0.002000001172987);
#5167=CIRCLE('',#6653,0.0005);
#5168=CIRCLE('',#6654,0.0021);
#5169=CIRCLE('',#6655,0.0005);
#5170=CIRCLE('',#6656,0.0005);
#5171=CIRCLE('',#6657,0.0021);
#5172=CIRCLE('',#6658,0.0005);
#5173=CIRCLE('',#6659,0.0005);
#5174=CIRCLE('',#6660,0.00210000000000004);
#5175=CIRCLE('',#6661,0.0021);
#5176=CIRCLE('',#6662,0.0005);
#5177=CIRCLE('',#6663,0.0005);
#5178=CIRCLE('',#6664,0.0021);
#5179=CIRCLE('',#6665,0.0005);
#5180=CIRCLE('',#6666,0.005);
#5181=CIRCLE('',#6667,0.01);
#5182=CIRCLE('',#6668,0.005000001172987);
#5183=CIRCLE('',#6669,0.005000001172987);
#5184=CIRCLE('',#6670,0.005000001172987);
#5185=CIRCLE('',#6671,0.00500000117298702);
#5186=CIRCLE('',#6672,0.01);
#5187=CIRCLE('',#6673,0.01);
#5188=CIRCLE('',#6676,0.000825);
#5189=CIRCLE('',#6677,0.000825);
#5190=CIRCLE('',#6678,0.000825);
#5191=CIRCLE('',#6679,0.000825);
#5192=CIRCLE('',#6680,0.000837439);
#5193=CIRCLE('',#6681,0.000825);
#5194=CIRCLE('',#6682,0.000837439);
#5195=CIRCLE('',#6683,0.00085);
#5196=CIRCLE('',#6684,0.0005);
#5197=CIRCLE('',#6685,0.0021);
#5198=CIRCLE('',#6686,0.0005);
#5199=CIRCLE('',#6687,0.0005);
#5200=CIRCLE('',#6688,0.0021);
#5201=CIRCLE('',#6689,0.00210000000000004);
#5202=CIRCLE('',#6690,0.0005);
#5203=CIRCLE('',#6691,0.0005);
#5204=CIRCLE('',#6692,0.0021);
#5205=CIRCLE('',#6693,0.0005);
#5206=CIRCLE('',#6694,0.005000001172987);
#5207=CIRCLE('',#6695,0.005000001172987);
#5208=CIRCLE('',#6696,0.01);
#5209=CIRCLE('',#6697,0.01);
#5210=CIRCLE('',#6698,0.00500000117298702);
#5211=CIRCLE('',#6699,0.005000001172987);
#5212=CIRCLE('',#6700,0.0005);
#5213=CIRCLE('',#6701,0.0021);
#5214=CIRCLE('',#6702,0.0005);
#5215=CIRCLE('',#6703,0.002000001172987);
#5216=CIRCLE('',#6710,0.0009017);
#5217=CIRCLE('',#6711,0.0009017);
#5218=CIRCLE('',#6713,0.0009017);
#5219=CIRCLE('',#6714,0.0009017);
#5220=CIRCLE('',#6717,0.0072136);
#5221=CIRCLE('',#6781,0.00505);
#5222=CIRCLE('',#6782,0.0005);
#5223=CIRCLE('',#6783,0.00505);
#5224=CIRCLE('',#6785,0.004);
#5225=CIRCLE('',#6786,0.004);
#5226=CIRCLE('',#6788,0.004);
#5227=CIRCLE('',#6789,0.004);
#5228=CIRCLE('',#6794,0.00505);
#5229=CIRCLE('',#6795,0.0005);
#5230=CIRCLE('',#6796,0.00505);
#5231=CIRCLE('',#6835,0.0072136);
#5232=CIRCLE('',#6849,0.0072136);
#5233=CIRCLE('',#6850,0.0063119);
#5234=CIRCLE('',#6851,0.0009017);
#5235=CIRCLE('',#6855,0.0063119);
#5236=CIRCLE('',#6856,0.0009017);
#5237=CIRCLE('',#6862,0.0009017);
#5238=CIRCLE('',#6863,0.0009017);
#5239=CIRCLE('',#6865,0.004);
#5240=CIRCLE('',#6866,0.00027051);
#5241=CIRCLE('',#6867,0.00027051);
#5242=CIRCLE('',#6913,0.0009017);
#5243=CIRCLE('',#6914,0.0009017);
#5244=CIRCLE('',#6916,0.0009017);
#5245=CIRCLE('',#6919,0.0009017);
#5246=CIRCLE('',#6927,0.00027051);
#5247=CIRCLE('',#6928,0.00027051);
#5248=CIRCLE('',#6930,0.00027051);
#5249=CIRCLE('',#6931,0.00027051);
#5250=CIRCLE('',#6933,0.00027051);
#5251=CIRCLE('',#6934,0.00027051);
#5252=CIRCLE('',#6936,0.00027051);
#5253=CIRCLE('',#6937,0.00027051);
#5254=CIRCLE('',#6939,0.00027051);
#5255=CIRCLE('',#6940,0.00027051);
#5256=CIRCLE('',#6942,0.00027051);
#5257=CIRCLE('',#6943,0.00027051);
#5258=CIRCLE('',#6945,0.00027051);
#5259=CIRCLE('',#6946,0.00027051);
#5260=CIRCLE('',#6948,0.00027051);
#5261=CIRCLE('',#6949,0.00027051);
#5262=CIRCLE('',#6951,0.00027051);
#5263=CIRCLE('',#6952,0.00027051);
#5264=CIRCLE('',#6954,0.00027051);
#5265=CIRCLE('',#6955,0.00027051);
#5266=CIRCLE('',#6957,0.00027051);
#5267=CIRCLE('',#6958,0.00027051);
#5268=CIRCLE('',#6961,0.004);
#5269=CIRCLE('',#6962,0.007971028);
#5270=CIRCLE('',#6963,0.00027051);
#5271=CIRCLE('',#6964,0.00027051);
#5272=CIRCLE('',#6965,0.00027051);
#5273=CIRCLE('',#6966,0.00027051);
#5274=CIRCLE('',#6967,0.00027051);
#5275=CIRCLE('',#6968,0.00027051);
#5276=CIRCLE('',#6969,0.00027051);
#5277=CIRCLE('',#6970,0.00027051);
#5278=CIRCLE('',#6971,0.00027051);
#5279=CIRCLE('',#6972,0.00027051);
#5280=CIRCLE('',#6973,0.00027051);
#5281=CIRCLE('',#6974,0.00027051);
#5282=CIRCLE('',#6975,0.00027051);
#5283=CIRCLE('',#6976,0.00027051);
#5284=CIRCLE('',#6977,0.00027051);
#5285=CIRCLE('',#6978,0.00027051);
#5286=CIRCLE('',#6979,0.00027051);
#5287=CIRCLE('',#6980,0.00027051);
#5288=CIRCLE('',#6981,0.00027051);
#5289=CIRCLE('',#6982,0.00027051);
#5290=CIRCLE('',#6983,0.00027051);
#5291=CIRCLE('',#6984,0.00027051);
#5292=CIRCLE('',#6985,0.00027051);
#5293=CIRCLE('',#6986,0.00027051);
#5294=CIRCLE('',#6987,0.00027051);
#5295=CIRCLE('',#6988,0.00027051);
#5296=CIRCLE('',#6989,0.00027051);
#5297=CIRCLE('',#6990,0.00027051);
#5298=CIRCLE('',#6993,0.00027051);
#5299=CIRCLE('',#6994,0.007971028);
#5300=CIRCLE('',#6997,0.001);
#5301=CIRCLE('',#6998,0.00505);
#5302=CIRCLE('',#6999,0.001);
#5303=CIRCLE('',#7000,0.00505);
#5304=CIRCLE('',#7183,0.00505);
#5305=CIRCLE('',#7184,0.0005);
#5306=CIRCLE('',#7185,0.00505);
#5307=CIRCLE('',#7186,0.0005);
#5308=CIRCLE('',#7190,0.004);
#5309=CIRCLE('',#7191,0.004);
#5310=CIRCLE('',#7193,0.004);
#5311=CIRCLE('',#7194,0.004);
#5312=CIRCLE('',#7196,0.00505);
#5313=CIRCLE('',#7198,0.00505);
#5314=CIRCLE('',#7200,0.0005);
#5315=CIRCLE('',#7201,0.0005);
#5316=CIRCLE('',#7207,0.00505);
#5317=CIRCLE('',#7209,0.00505);
#5318=CIRCLE('',#7211,0.001);
#5319=CIRCLE('',#7212,0.001);
#5320=CIRCLE('',#7216,0.01);
#5321=CIRCLE('',#7221,0.0059017);
#5322=CIRCLE('',#7223,0.0059017);
#5323=CIRCLE('',#7227,0.005);
#5324=CIRCLE('',#7232,0.005);
#5325=CIRCLE('',#7256,0.005031486);
#5326=CIRCLE('',#7258,0.005031486);
#5327=CIRCLE('',#7262,0.005031486);
#5328=CIRCLE('',#7264,0.005031486);
#5329=CIRCLE('',#7265,0.005031486);
#5330=EDGE_LOOP('',(#1562));
#5331=EDGE_LOOP('',(#1563));
#5332=EDGE_LOOP('',(#1564));
#5333=EDGE_LOOP('',(#1565,#1566));
#5334=EDGE_LOOP('',(#1567,#1568));
#5335=EDGE_LOOP('',(#1569));
#5336=EDGE_LOOP('',(#1570,#1571,#1572,#1573,#1574,#1575,#1576,#1577,#1578,
#1579,#1580,#1581,#1582,#1583,#1584,#1585,#1586,#1587,#1588,#1589,#1590,
#1591,#1592,#1593,#1594,#1595,#1596));
#5337=EDGE_LOOP('',(#1597,#1598,#1599,#1600,#1601,#1602,#1603,#1604,#1605,
#1606,#1607,#1608,#1609,#1610,#1611,#1612,#1613,#1614,#1615,#1616));
#5338=EDGE_LOOP('',(#1617,#1618,#1619,#1620,#1621,#1622));
#5339=EDGE_LOOP('',(#1623));
#5340=EDGE_LOOP('',(#1624));
#5341=EDGE_LOOP('',(#1625));
#5342=EDGE_LOOP('',(#1626,#1627));
#5343=EDGE_LOOP('',(#1628,#1629));
#5344=EDGE_LOOP('',(#1630));
#5345=EDGE_LOOP('',(#1631,#1632,#1633,#1634,#1635,#1636,#1637,#1638,#1639,
#1640,#1641,#1642,#1643,#1644,#1645,#1646,#1647,#1648,#1649,#1650,#1651,
#1652,#1653,#1654,#1655,#1656,#1657,#1658,#1659,#1660,#1661,#1662,#1663,
#1664,#1665,#1666,#1667,#1668,#1669,#1670,#1671,#1672,#1673));
#5346=EDGE_LOOP('',(#1674,#1675,#1676,#1677));
#5347=EDGE_LOOP('',(#1678,#1679,#1680,#1681,#1682,#1683,#1684,#1685));
#5348=EDGE_LOOP('',(#1686,#1687,#1688,#1689,#1690));
#5349=EDGE_LOOP('',(#1691,#1692,#1693,#1694));
#5350=EDGE_LOOP('',(#1695,#1696,#1697,#1698));
#5351=EDGE_LOOP('',(#1699,#1700,#1701,#1702));
#5352=EDGE_LOOP('',(#1703,#1704,#1705,#1706,#1707,#1708,#1709,#1710,#1711,
#1712,#1713));
#5353=EDGE_LOOP('',(#1714,#1715,#1716,#1717));
#5354=EDGE_LOOP('',(#1718,#1719,#1720,#1721,#1722,#1723,#1724,#1725));
#5355=EDGE_LOOP('',(#1726,#1727,#1728,#1729));
#5356=EDGE_LOOP('',(#1730,#1731,#1732,#1733,#1734,#1735));
#5357=EDGE_LOOP('',(#1736,#1737,#1738,#1739,#1740,#1741,#1742));
#5358=EDGE_LOOP('',(#1743,#1744,#1745,#1746,#1747,#1748));
#5359=EDGE_LOOP('',(#1749,#1750,#1751,#1752));
#5360=EDGE_LOOP('',(#1753,#1754,#1755,#1756));
#5361=EDGE_LOOP('',(#1757,#1758,#1759,#1760));
#5362=EDGE_LOOP('',(#1761,#1762,#1763,#1764));
#5363=EDGE_LOOP('',(#1765,#1766,#1767,#1768));
#5364=EDGE_LOOP('',(#1769,#1770,#1771,#1772));
#5365=EDGE_LOOP('',(#1773,#1774,#1775,#1776));
#5366=EDGE_LOOP('',(#1777,#1778,#1779,#1780,#1781));
#5367=EDGE_LOOP('',(#1782,#1783,#1784,#1785));
#5368=EDGE_LOOP('',(#1786,#1787,#1788,#1789));
#5369=EDGE_LOOP('',(#1790,#1791,#1792,#1793));
#5370=EDGE_LOOP('',(#1794,#1795,#1796,#1797));
#5371=EDGE_LOOP('',(#1798,#1799,#1800,#1801));
#5372=EDGE_LOOP('',(#1802,#1803,#1804,#1805,#1806));
#5373=EDGE_LOOP('',(#1807,#1808,#1809,#1810,#1811));
#5374=EDGE_LOOP('',(#1812,#1813,#1814,#1815));
#5375=EDGE_LOOP('',(#1816,#1817,#1818,#1819));
#5376=EDGE_LOOP('',(#1820,#1821,#1822,#1823));
#5377=EDGE_LOOP('',(#1824,#1825,#1826,#1827));
#5378=EDGE_LOOP('',(#1828,#1829,#1830,#1831));
#5379=EDGE_LOOP('',(#1832,#1833,#1834,#1835,#1836));
#5380=EDGE_LOOP('',(#1837,#1838,#1839,#1840,#1841));
#5381=EDGE_LOOP('',(#1842,#1843,#1844,#1845));
#5382=EDGE_LOOP('',(#1846,#1847));
#5383=EDGE_LOOP('',(#1848));
#5384=EDGE_LOOP('',(#1849));
#5385=EDGE_LOOP('',(#1850));
#5386=EDGE_LOOP('',(#1851));
#5387=EDGE_LOOP('',(#1852,#1853,#1854,#1855,#1856,#1857));
#5388=EDGE_LOOP('',(#1858,#1859,#1860,#1861));
#5389=EDGE_LOOP('',(#1862,#1863,#1864,#1865));
#5390=EDGE_LOOP('',(#1866,#1867,#1868,#1869,#1870,#1871,#1872,#1873,#1874,
#1875,#1876,#1877,#1878));
#5391=EDGE_LOOP('',(#1879,#1880,#1881,#1882));
#5392=EDGE_LOOP('',(#1883,#1884,#1885,#1886));
#5393=EDGE_LOOP('',(#1887,#1888,#1889,#1890));
#5394=EDGE_LOOP('',(#1891,#1892,#1893,#1894));
#5395=EDGE_LOOP('',(#1895,#1896,#1897,#1898));
#5396=EDGE_LOOP('',(#1899,#1900,#1901,#1902));
#5397=EDGE_LOOP('',(#1903,#1904,#1905,#1906));
#5398=EDGE_LOOP('',(#1907,#1908,#1909,#1910));
#5399=EDGE_LOOP('',(#1911,#1912,#1913,#1914));
#5400=EDGE_LOOP('',(#1915,#1916,#1917,#1918,#1919,#1920,#1921,#1922));
#5401=EDGE_LOOP('',(#1923,#1924,#1925,#1926));
#5402=EDGE_LOOP('',(#1927,#1928,#1929,#1930));
#5403=EDGE_LOOP('',(#1931,#1932,#1933,#1934));
#5404=EDGE_LOOP('',(#1935,#1936,#1937,#1938));
#5405=EDGE_LOOP('',(#1939,#1940,#1941,#1942));
#5406=EDGE_LOOP('',(#1943,#1944,#1945,#1946));
#5407=EDGE_LOOP('',(#1947,#1948,#1949,#1950));
#5408=EDGE_LOOP('',(#1951,#1952,#1953,#1954));
#5409=EDGE_LOOP('',(#1955,#1956,#1957,#1958));
#5410=EDGE_LOOP('',(#1959,#1960,#1961,#1962,#1963,#1964));
#5411=EDGE_LOOP('',(#1965,#1966,#1967,#1968));
#5412=EDGE_LOOP('',(#1969,#1970,#1971,#1972));
#5413=EDGE_LOOP('',(#1973,#1974,#1975,#1976));
#5414=EDGE_LOOP('',(#1977,#1978,#1979,#1980));
#5415=EDGE_LOOP('',(#1981,#1982,#1983,#1984));
#5416=EDGE_LOOP('',(#1985,#1986,#1987,#1988));
#5417=EDGE_LOOP('',(#1989,#1990,#1991,#1992));
#5418=EDGE_LOOP('',(#1993,#1994,#1995,#1996));
#5419=EDGE_LOOP('',(#1997,#1998,#1999,#2000));
#5420=EDGE_LOOP('',(#2001,#2002,#2003,#2004));
#5421=EDGE_LOOP('',(#2005,#2006,#2007,#2008,#2009,#2010));
#5422=EDGE_LOOP('',(#2011,#2012,#2013,#2014,#2015,#2016));
#5423=EDGE_LOOP('',(#2017,#2018,#2019,#2020));
#5424=EDGE_LOOP('',(#2021,#2022,#2023,#2024));
#5425=EDGE_LOOP('',(#2025,#2026,#2027,#2028,#2029,#2030));
#5426=EDGE_LOOP('',(#2031,#2032,#2033,#2034,#2035,#2036));
#5427=EDGE_LOOP('',(#2037));
#5428=EDGE_LOOP('',(#2038));
#5429=EDGE_LOOP('',(#2039));
#5430=EDGE_LOOP('',(#2040));
#5431=EDGE_LOOP('',(#2041));
#5432=EDGE_LOOP('',(#2042));
#5433=EDGE_LOOP('',(#2043));
#5434=EDGE_LOOP('',(#2044));
#5435=EDGE_LOOP('',(#2045,#2046,#2047,#2048,#2049,#2050));
#5436=EDGE_LOOP('',(#2051,#2052,#2053,#2054,#2055,#2056,#2057,#2058,#2059,
#2060,#2061));
#5437=EDGE_LOOP('',(#2062,#2063,#2064,#2065));
#5438=EDGE_LOOP('',(#2066,#2067,#2068,#2069));
#5439=EDGE_LOOP('',(#2070,#2071,#2072,#2073));
#5440=EDGE_LOOP('',(#2074,#2075,#2076,#2077));
#5441=EDGE_LOOP('',(#2078,#2079,#2080,#2081));
#5442=EDGE_LOOP('',(#2082,#2083,#2084,#2085,#2086,#2087,#2088,#2089));
#5443=EDGE_LOOP('',(#2090,#2091,#2092,#2093));
#5444=EDGE_LOOP('',(#2094,#2095,#2096,#2097,#2098,#2099,#2100,#2101,#2102,
#2103,#2104,#2105,#2106,#2107,#2108,#2109,#2110,#2111,#2112,#2113,#2114,
#2115,#2116,#2117,#2118,#2119,#2120,#2121));
#5445=EDGE_LOOP('',(#2122,#2123,#2124,#2125));
#5446=EDGE_LOOP('',(#2126,#2127,#2128,#2129));
#5447=EDGE_LOOP('',(#2130,#2131,#2132,#2133));
#5448=EDGE_LOOP('',(#2134,#2135,#2136,#2137,#2138));
#5449=EDGE_LOOP('',(#2139,#2140,#2141,#2142,#2143,#2144,#2145,#2146));
#5450=EDGE_LOOP('',(#2147,#2148,#2149,#2150));
#5451=EDGE_LOOP('',(#2151,#2152,#2153,#2154,#2155,#2156,#2157,#2158,#2159,
#2160));
#5452=EDGE_LOOP('',(#2161,#2162,#2163,#2164));
#5453=EDGE_LOOP('',(#2165,#2166,#2167,#2168));
#5454=EDGE_LOOP('',(#2169,#2170,#2171,#2172,#2173,#2174,#2175,#2176,#2177,
#2178,#2179,#2180));
#5455=EDGE_LOOP('',(#2181,#2182,#2183,#2184,#2185,#2186));
#5456=EDGE_LOOP('',(#2187,#2188,#2189,#2190,#2191,#2192,#2193,#2194));
#5457=EDGE_LOOP('',(#2195,#2196,#2197,#2198,#2199,#2200));
#5458=EDGE_LOOP('',(#2201,#2202,#2203,#2204,#2205,#2206,#2207,#2208,#2209,
#2210,#2211,#2212));
#5459=EDGE_LOOP('',(#2213,#2214,#2215,#2216,#2217,#2218,#2219,#2220,#2221,
#2222));
#5460=EDGE_LOOP('',(#2223,#2224,#2225,#2226,#2227,#2228,#2229,#2230,#2231,
#2232));
#5461=EDGE_LOOP('',(#2233,#2234,#2235,#2236,#2237,#2238,#2239,#2240,#2241,
#2242));
#5462=EDGE_LOOP('',(#2243,#2244,#2245,#2246,#2247,#2248,#2249,#2250,#2251,
#2252));
#5463=EDGE_LOOP('',(#2253,#2254,#2255,#2256,#2257,#2258,#2259,#2260,#2261,
#2262,#2263,#2264,#2265));
#5464=EDGE_LOOP('',(#2266,#2267,#2268,#2269,#2270,#2271,#2272,#2273,#2274,
#2275));
#5465=EDGE_LOOP('',(#2276,#2277,#2278,#2279,#2280,#2281));
#5466=EDGE_LOOP('',(#2282,#2283,#2284,#2285,#2286,#2287));
#5467=EDGE_LOOP('',(#2288,#2289,#2290,#2291,#2292,#2293));
#5468=EDGE_LOOP('',(#2294,#2295,#2296,#2297,#2298,#2299));
#5469=EDGE_LOOP('',(#2300,#2301,#2302));
#5470=EDGE_LOOP('',(#2303,#2304,#2305,#2306));
#5471=EDGE_LOOP('',(#2307,#2308,#2309,#2310,#2311,#2312));
#5472=EDGE_LOOP('',(#2313,#2314,#2315));
#5473=EDGE_LOOP('',(#2316,#2317,#2318,#2319,#2320));
#5474=EDGE_LOOP('',(#2321,#2322,#2323,#2324));
#5475=EDGE_LOOP('',(#2325,#2326,#2327,#2328));
#5476=EDGE_LOOP('',(#2329,#2330,#2331,#2332));
#5477=EDGE_LOOP('',(#2333,#2334,#2335,#2336,#2337,#2338,#2339));
#5478=EDGE_LOOP('',(#2340,#2341,#2342,#2343,#2344,#2345));
#5479=EDGE_LOOP('',(#2346,#2347,#2348,#2349,#2350,#2351));
#5480=EDGE_LOOP('',(#2352,#2353,#2354,#2355,#2356,#2357));
#5481=EDGE_LOOP('',(#2358,#2359,#2360,#2361,#2362,#2363));
#5482=EDGE_LOOP('',(#2364,#2365,#2366,#2367,#2368,#2369));
#5483=EDGE_LOOP('',(#2370,#2371,#2372,#2373,#2374,#2375));
#5484=EDGE_LOOP('',(#2376,#2377,#2378,#2379,#2380,#2381));
#5485=EDGE_LOOP('',(#2382,#2383,#2384,#2385,#2386,#2387));
#5486=EDGE_LOOP('',(#2388,#2389,#2390,#2391,#2392,#2393));
#5487=EDGE_LOOP('',(#2394,#2395,#2396,#2397,#2398,#2399));
#5488=EDGE_LOOP('',(#2400,#2401,#2402,#2403));
#5489=EDGE_LOOP('',(#2404,#2405,#2406,#2407,#2408,#2409,#2410,#2411,#2412,
#2413,#2414,#2415,#2416,#2417,#2418,#2419,#2420,#2421,#2422,#2423,#2424,
#2425,#2426,#2427,#2428,#2429,#2430,#2431,#2432,#2433,#2434,#2435,#2436,
#2437,#2438,#2439,#2440,#2441,#2442,#2443,#2444,#2445,#2446,#2447,#2448,
#2449,#2450,#2451,#2452,#2453,#2454,#2455,#2456,#2457,#2458,#2459,#2460,
#2461,#2462,#2463,#2464,#2465,#2466,#2467,#2468,#2469,#2470,#2471,#2472,
#2473,#2474,#2475,#2476,#2477,#2478,#2479,#2480,#2481,#2482,#2483,#2484,
#2485,#2486,#2487,#2488,#2489,#2490,#2491,#2492,#2493,#2494,#2495,#2496,
#2497));
#5490=EDGE_LOOP('',(#2498,#2499,#2500,#2501,#2502));
#5491=EDGE_LOOP('',(#2503,#2504,#2505,#2506,#2507,#2508,#2509,#2510));
#5492=EDGE_LOOP('',(#2511,#2512,#2513,#2514,#2515));
#5493=EDGE_LOOP('',(#2516,#2517,#2518,#2519,#2520,#2521,#2522,#2523,#2524,
#2525,#2526,#2527));
#5494=EDGE_LOOP('',(#2528,#2529,#2530,#2531));
#5495=EDGE_LOOP('',(#2532,#2533,#2534,#2535));
#5496=EDGE_LOOP('',(#2536,#2537,#2538,#2539));
#5497=EDGE_LOOP('',(#2540,#2541,#2542,#2543));
#5498=EDGE_LOOP('',(#2544,#2545,#2546,#2547));
#5499=EDGE_LOOP('',(#2548,#2549,#2550,#2551));
#5500=EDGE_LOOP('',(#2552,#2553,#2554,#2555));
#5501=EDGE_LOOP('',(#2556,#2557,#2558,#2559));
#5502=EDGE_LOOP('',(#2560,#2561,#2562,#2563));
#5503=EDGE_LOOP('',(#2564,#2565,#2566,#2567));
#5504=EDGE_LOOP('',(#2568,#2569,#2570,#2571));
#5505=EDGE_LOOP('',(#2572,#2573,#2574,#2575));
#5506=EDGE_LOOP('',(#2576,#2577,#2578,#2579));
#5507=EDGE_LOOP('',(#2580,#2581,#2582,#2583));
#5508=EDGE_LOOP('',(#2584,#2585,#2586,#2587));
#5509=EDGE_LOOP('',(#2588,#2589,#2590,#2591));
#5510=EDGE_LOOP('',(#2592,#2593,#2594,#2595,#2596,#2597,#2598,#2599,#2600));
#5511=EDGE_LOOP('',(#2601,#2602,#2603,#2604,#2605));
#5512=EDGE_LOOP('',(#2606,#2607,#2608,#2609));
#5513=EDGE_LOOP('',(#2610,#2611,#2612,#2613));
#5514=EDGE_LOOP('',(#2614,#2615,#2616,#2617));
#5515=EDGE_LOOP('',(#2618,#2619,#2620,#2621));
#5516=EDGE_LOOP('',(#2622,#2623,#2624,#2625));
#5517=EDGE_LOOP('',(#2626,#2627,#2628,#2629));
#5518=EDGE_LOOP('',(#2630,#2631,#2632,#2633));
#5519=EDGE_LOOP('',(#2634,#2635,#2636,#2637));
#5520=EDGE_LOOP('',(#2638,#2639,#2640,#2641));
#5521=EDGE_LOOP('',(#2642,#2643,#2644,#2645));
#5522=EDGE_LOOP('',(#2646,#2647,#2648,#2649));
#5523=EDGE_LOOP('',(#2650,#2651,#2652,#2653));
#5524=EDGE_LOOP('',(#2654,#2655,#2656,#2657));
#5525=EDGE_LOOP('',(#2658,#2659,#2660,#2661));
#5526=EDGE_LOOP('',(#2662,#2663,#2664,#2665));
#5527=EDGE_LOOP('',(#2666,#2667,#2668,#2669));
#5528=EDGE_LOOP('',(#2670,#2671,#2672,#2673));
#5529=EDGE_LOOP('',(#2674,#2675,#2676,#2677));
#5530=EDGE_LOOP('',(#2678,#2679,#2680,#2681));
#5531=EDGE_LOOP('',(#2682,#2683,#2684,#2685));
#5532=EDGE_LOOP('',(#2686,#2687,#2688,#2689));
#5533=EDGE_LOOP('',(#2690,#2691,#2692,#2693));
#5534=EDGE_LOOP('',(#2694,#2695,#2696,#2697));
#5535=EDGE_LOOP('',(#2698,#2699,#2700,#2701));
#5536=EDGE_LOOP('',(#2702,#2703,#2704,#2705));
#5537=EDGE_LOOP('',(#2706,#2707,#2708,#2709));
#5538=EDGE_LOOP('',(#2710,#2711,#2712,#2713));
#5539=EDGE_LOOP('',(#2714,#2715,#2716,#2717));
#5540=EDGE_LOOP('',(#2718,#2719,#2720,#2721));
#5541=EDGE_LOOP('',(#2722,#2723,#2724,#2725));
#5542=EDGE_LOOP('',(#2726,#2727,#2728,#2729));
#5543=EDGE_LOOP('',(#2730,#2731,#2732,#2733));
#5544=EDGE_LOOP('',(#2734,#2735,#2736,#2737));
#5545=EDGE_LOOP('',(#2738,#2739,#2740,#2741));
#5546=EDGE_LOOP('',(#2742,#2743,#2744,#2745));
#5547=EDGE_LOOP('',(#2746,#2747,#2748,#2749));
#5548=EDGE_LOOP('',(#2750,#2751,#2752,#2753));
#5549=EDGE_LOOP('',(#2754,#2755,#2756,#2757));
#5550=EDGE_LOOP('',(#2758,#2759,#2760,#2761));
#5551=EDGE_LOOP('',(#2762,#2763,#2764,#2765));
#5552=EDGE_LOOP('',(#2766,#2767,#2768,#2769));
#5553=EDGE_LOOP('',(#2770,#2771,#2772,#2773));
#5554=EDGE_LOOP('',(#2774,#2775,#2776,#2777,#2778,#2779));
#5555=EDGE_LOOP('',(#2780,#2781,#2782,#2783,#2784,#2785));
#5556=EDGE_LOOP('',(#2786,#2787,#2788,#2789,#2790));
#5557=EDGE_LOOP('',(#2791,#2792,#2793,#2794));
#5558=EDGE_LOOP('',(#2795,#2796,#2797,#2798));
#5559=EDGE_LOOP('',(#2799,#2800,#2801,#2802));
#5560=EDGE_LOOP('',(#2803,#2804,#2805,#2806));
#5561=EDGE_LOOP('',(#2807,#2808,#2809,#2810,#2811));
#5562=EDGE_LOOP('',(#2812,#2813,#2814,#2815,#2816));
#5563=EDGE_LOOP('',(#2817,#2818,#2819,#2820,#2821,#2822));
#5564=EDGE_LOOP('',(#2823,#2824,#2825,#2826,#2827));
#5565=EDGE_LOOP('',(#2828,#2829,#2830,#2831));
#5566=EDGE_LOOP('',(#2832,#2833,#2834,#2835));
#5567=EDGE_LOOP('',(#2836,#2837,#2838,#2839));
#5568=EDGE_LOOP('',(#2840,#2841,#2842,#2843));
#5569=EDGE_LOOP('',(#2844,#2845,#2846,#2847));
#5570=EDGE_LOOP('',(#2848,#2849,#2850,#2851,#2852));
#5571=EDGE_LOOP('',(#2853,#2854,#2855,#2856,#2857));
#5572=EDGE_LOOP('',(#2858,#2859,#2860,#2861,#2862,#2863));
#5573=EDGE_LOOP('',(#2864,#2865,#2866,#2867,#2868,#2869));
#5574=EDGE_LOOP('',(#2870,#2871,#2872,#2873,#2874,#2875));
#5575=EDGE_LOOP('',(#2876,#2877,#2878,#2879,#2880,#2881));
#5576=EDGE_LOOP('',(#2882,#2883,#2884,#2885,#2886,#2887,#2888));
#5577=EDGE_LOOP('',(#2889,#2890,#2891,#2892,#2893,#2894,#2895));
#5578=EDGE_LOOP('',(#2896,#2897,#2898,#2899,#2900,#2901,#2902));
#5579=EDGE_LOOP('',(#2903,#2904,#2905,#2906,#2907,#2908,#2909));
#5580=EDGE_LOOP('',(#2910,#2911,#2912,#2913,#2914,#2915,#2916));
#5581=EDGE_LOOP('',(#2917,#2918,#2919,#2920,#2921,#2922,#2923,#2924));
#5582=EDGE_LOOP('',(#2925,#2926,#2927,#2928));
#5583=EDGE_LOOP('',(#2929,#2930,#2931,#2932));
#5584=EDGE_LOOP('',(#2933,#2934,#2935,#2936,#2937,#2938,#2939,#2940,#2941,
#2942,#2943,#2944,#2945,#2946,#2947,#2948,#2949,#2950,#2951,#2952,#2953,
#2954,#2955));
#5585=EDGE_LOOP('',(#2956,#2957,#2958,#2959));
#5586=EDGE_LOOP('',(#2960,#2961,#2962,#2963));
#5587=EDGE_LOOP('',(#2964,#2965,#2966,#2967));
#5588=EDGE_LOOP('',(#2968,#2969,#2970,#2971));
#5589=EDGE_LOOP('',(#2972,#2973,#2974,#2975));
#5590=EDGE_LOOP('',(#2976,#2977,#2978,#2979));
#5591=EDGE_LOOP('',(#2980,#2981,#2982,#2983));
#5592=EDGE_LOOP('',(#2984,#2985,#2986,#2987));
#5593=EDGE_LOOP('',(#2988,#2989,#2990,#2991));
#5594=EDGE_LOOP('',(#2992,#2993,#2994,#2995));
#5595=EDGE_LOOP('',(#2996,#2997,#2998,#2999,#3000));
#5596=EDGE_LOOP('',(#3001,#3002,#3003,#3004,#3005));
#5597=EDGE_LOOP('',(#3006,#3007,#3008,#3009,#3010));
#5598=EDGE_LOOP('',(#3011,#3012,#3013,#3014,#3015));
#5599=EDGE_LOOP('',(#3016,#3017,#3018,#3019,#3020));
#5600=EDGE_LOOP('',(#3021,#3022,#3023,#3024,#3025));
#5601=EDGE_LOOP('',(#3026,#3027,#3028,#3029,#3030));
#5602=EDGE_LOOP('',(#3031,#3032,#3033,#3034,#3035));
#5603=EDGE_LOOP('',(#3036,#3037,#3038,#3039,#3040));
#5604=EDGE_LOOP('',(#3041,#3042,#3043,#3044,#3045));
#5605=EDGE_LOOP('',(#3046,#3047,#3048,#3049,#3050));
#5606=EDGE_LOOP('',(#3051,#3052,#3053,#3054,#3055));
#5607=EDGE_LOOP('',(#3056,#3057,#3058,#3059,#3060,#3061));
#5608=EDGE_LOOP('',(#3062,#3063,#3064,#3065,#3066,#3067));
#5609=EDGE_LOOP('',(#3068,#3069,#3070,#3071));
#5610=EDGE_LOOP('',(#3072,#3073,#3074,#3075));
#5611=EDGE_LOOP('',(#3076,#3077,#3078,#3079));
#5612=EDGE_LOOP('',(#3080,#3081,#3082,#3083));
#5613=EDGE_LOOP('',(#3084,#3085,#3086,#3087,#3088));
#5614=EDGE_LOOP('',(#3089,#3090,#3091,#3092,#3093));
#5615=EDGE_LOOP('',(#3094,#3095,#3096,#3097,#3098));
#5616=EDGE_LOOP('',(#3099,#3100,#3101,#3102,#3103,#3104));
#5617=EDGE_LOOP('',(#3105,#3106,#3107,#3108));
#5618=EDGE_LOOP('',(#3109,#3110,#3111,#3112));
#5619=EDGE_LOOP('',(#3113,#3114,#3115,#3116));
#5620=EDGE_LOOP('',(#3117,#3118,#3119,#3120));
#5621=EDGE_LOOP('',(#3121,#3122,#3123,#3124,#3125));
#5622=EDGE_LOOP('',(#3126,#3127,#3128,#3129,#3130));
#5623=EDGE_LOOP('',(#3131,#3132,#3133,#3134,#3135,#3136,#3137));
#5624=EDGE_LOOP('',(#3138,#3139,#3140,#3141,#3142));
#5625=EDGE_LOOP('',(#3143,#3144,#3145,#3146));
#5626=EDGE_LOOP('',(#3147,#3148,#3149,#3150));
#5627=EDGE_LOOP('',(#3151,#3152,#3153));
#5628=EDGE_LOOP('',(#3154,#3155,#3156));
#5629=EDGE_LOOP('',(#3157,#3158,#3159));
#5630=EDGE_LOOP('',(#3160,#3161,#3162));
#5631=EDGE_LOOP('',(#3163,#3164,#3165));
#5632=EDGE_LOOP('',(#3166,#3167,#3168));
#5633=EDGE_LOOP('',(#3169,#3170,#3171));
#5634=EDGE_LOOP('',(#3172,#3173,#3174));
#5635=EDGE_LOOP('',(#3175,#3176,#3177));
#5636=EDGE_LOOP('',(#3178,#3179,#3180));
#5637=EDGE_LOOP('',(#3181,#3182,#3183));
#5638=EDGE_LOOP('',(#3184,#3185,#3186));
#5639=EDGE_LOOP('',(#3187,#3188,#3189));
#5640=EDGE_LOOP('',(#3190,#3191,#3192));
#5641=EDGE_LOOP('',(#3193,#3194,#3195));
#5642=EDGE_LOOP('',(#3196,#3197,#3198));
#5643=EDGE_LOOP('',(#3199,#3200,#3201,#3202));
#5644=EDGE_LOOP('',(#3203));
#5645=EDGE_LOOP('',(#3204));
#5646=EDGE_LOOP('',(#3205,#3206,#3207,#3208,#3209,#3210));
#5647=EDGE_LOOP('',(#3211,#3212,#3213,#3214,#3215,#3216));
#5648=EDGE_LOOP('',(#3217));
#5649=EDGE_LOOP('',(#3218));
#5650=EDGE_LOOP('',(#3219));
#5651=EDGE_LOOP('',(#3220));
#5652=EDGE_LOOP('',(#3221,#3222,#3223,#3224,#3225,#3226,#3227,#3228,#3229,
#3230,#3231,#3232,#3233,#3234,#3235,#3236,#3237,#3238,#3239,#3240,#3241,
#3242,#3243,#3244,#3245,#3246,#3247,#3248,#3249,#3250,#3251,#3252,#3253,
#3254,#3255,#3256,#3257,#3258,#3259,#3260,#3261,#3262,#3263,#3264,#3265,
#3266));
#5653=EDGE_LOOP('',(#3267,#3268,#3269,#3270,#3271,#3272,#3273,#3274,#3275,
#3276,#3277,#3278,#3279,#3280,#3281,#3282,#3283,#3284,#3285,#3286,#3287,
#3288,#3289,#3290,#3291,#3292,#3293,#3294,#3295,#3296,#3297,#3298,#3299,
#3300,#3301,#3302,#3303,#3304,#3305,#3306,#3307,#3308,#3309));
#5654=EDGE_LOOP('',(#3310));
#5655=EDGE_LOOP('',(#3311,#3312,#3313,#3314));
#5656=EDGE_LOOP('',(#3315));
#5657=EDGE_LOOP('',(#3316,#3317,#3318,#3319,#3320));
#5658=EDGE_LOOP('',(#3321,#3322,#3323,#3324,#3325));
#5659=EDGE_LOOP('',(#3326,#3327,#3328,#3329));
#5660=EDGE_LOOP('',(#3330,#3331,#3332,#3333));
#5661=EDGE_LOOP('',(#3334,#3335,#3336,#3337));
#5662=EDGE_LOOP('',(#3338,#3339,#3340,#3341));
#5663=EDGE_LOOP('',(#3342));
#5664=EDGE_LOOP('',(#3343));
#5665=EDGE_LOOP('',(#3344,#3345,#3346,#3347));
#5666=EDGE_LOOP('',(#3348,#3349,#3350,#3351));
#5667=EDGE_LOOP('',(#3352,#3353,#3354,#3355));
#5668=EDGE_LOOP('',(#3356,#3357,#3358,#3359));
#5669=EDGE_LOOP('',(#3360,#3361,#3362,#3363,#3364,#3365));
#5670=EDGE_LOOP('',(#3366,#3367,#3368,#3369,#3370,#3371,#3372,#3373));
#5671=EDGE_LOOP('',(#3374,#3375,#3376,#3377,#3378,#3379));
#5672=EDGE_LOOP('',(#3380,#3381,#3382,#3383,#3384));
#5673=EDGE_LOOP('',(#3385,#3386,#3387,#3388));
#5674=EDGE_LOOP('',(#3389,#3390,#3391,#3392));
#5675=EDGE_LOOP('',(#3393,#3394,#3395,#3396));
#5676=EDGE_LOOP('',(#3397,#3398,#3399,#3400));
#5677=EDGE_LOOP('',(#3401,#3402,#3403,#3404,#3405));
#5678=EDGE_LOOP('',(#3406,#3407,#3408,#3409));
#5679=EDGE_LOOP('',(#3410,#3411,#3412,#3413));
#5680=EDGE_LOOP('',(#3414,#3415,#3416,#3417));
#5681=EDGE_LOOP('',(#3418,#3419,#3420,#3421));
#5682=EDGE_LOOP('',(#3422,#3423,#3424,#3425));
#5683=EDGE_LOOP('',(#3426,#3427,#3428,#3429));
#5684=EDGE_LOOP('',(#3430,#3431,#3432,#3433));
#5685=EDGE_LOOP('',(#3434,#3435,#3436,#3437));
#5686=EDGE_LOOP('',(#3438,#3439,#3440,#3441,#3442,#3443));
#5687=EDGE_LOOP('',(#3444,#3445,#3446,#3447));
#5688=EDGE_LOOP('',(#3448,#3449,#3450,#3451));
#5689=EDGE_LOOP('',(#3452,#3453,#3454,#3455));
#5690=EDGE_LOOP('',(#3456,#3457,#3458,#3459));
#5691=EDGE_LOOP('',(#3460,#3461,#3462,#3463));
#5692=EDGE_LOOP('',(#3464,#3465,#3466,#3467));
#5693=EDGE_LOOP('',(#3468,#3469,#3470,#3471));
#5694=EDGE_LOOP('',(#3472,#3473,#3474,#3475));
#5695=EDGE_LOOP('',(#3476,#3477,#3478,#3479));
#5696=EDGE_LOOP('',(#3480,#3481,#3482,#3483));
#5697=EDGE_LOOP('',(#3484,#3485,#3486,#3487));
#5698=EDGE_LOOP('',(#3488,#3489,#3490,#3491));
#5699=EDGE_LOOP('',(#3492,#3493));
#5700=EDGE_LOOP('',(#3494,#3495,#3496,#3497));
#5701=EDGE_LOOP('',(#3498,#3499));
#5702=EDGE_LOOP('',(#3500,#3501,#3502,#3503,#3504,#3505));
#5703=EDGE_LOOP('',(#3506,#3507));
#5704=EDGE_LOOP('',(#3508,#3509,#3510,#3511,#3512,#3513));
#5705=EDGE_LOOP('',(#3514,#3515,#3516));
#5706=EDGE_LOOP('',(#3517,#3518,#3519,#3520));
#5707=EDGE_LOOP('',(#3521,#3522,#3523));
#5708=FACE_BOUND('',#5330,.T.);
#5709=FACE_BOUND('',#5331,.T.);
#5710=FACE_BOUND('',#5332,.T.);
#5711=FACE_BOUND('',#5333,.T.);
#5712=FACE_BOUND('',#5334,.T.);
#5713=FACE_BOUND('',#5335,.T.);
#5714=FACE_BOUND('',#5336,.T.);
#5715=FACE_BOUND('',#5337,.T.);
#5716=FACE_BOUND('',#5338,.T.);
#5717=FACE_BOUND('',#5339,.T.);
#5718=FACE_BOUND('',#5340,.T.);
#5719=FACE_BOUND('',#5341,.T.);
#5720=FACE_BOUND('',#5342,.T.);
#5721=FACE_BOUND('',#5343,.T.);
#5722=FACE_BOUND('',#5344,.T.);
#5723=FACE_BOUND('',#5345,.T.);
#5724=FACE_BOUND('',#5346,.T.);
#5725=FACE_BOUND('',#5347,.T.);
#5726=FACE_BOUND('',#5348,.T.);
#5727=FACE_BOUND('',#5349,.T.);
#5728=FACE_BOUND('',#5350,.T.);
#5729=FACE_BOUND('',#5351,.T.);
#5730=FACE_BOUND('',#5352,.T.);
#5731=FACE_BOUND('',#5353,.T.);
#5732=FACE_BOUND('',#5354,.T.);
#5733=FACE_BOUND('',#5355,.T.);
#5734=FACE_BOUND('',#5356,.T.);
#5735=FACE_BOUND('',#5357,.T.);
#5736=FACE_BOUND('',#5358,.T.);
#5737=FACE_BOUND('',#5359,.T.);
#5738=FACE_BOUND('',#5360,.T.);
#5739=FACE_BOUND('',#5361,.T.);
#5740=FACE_BOUND('',#5362,.T.);
#5741=FACE_BOUND('',#5363,.T.);
#5742=FACE_BOUND('',#5364,.T.);
#5743=FACE_BOUND('',#5365,.T.);
#5744=FACE_BOUND('',#5366,.T.);
#5745=FACE_BOUND('',#5367,.T.);
#5746=FACE_BOUND('',#5368,.T.);
#5747=FACE_BOUND('',#5369,.T.);
#5748=FACE_BOUND('',#5370,.T.);
#5749=FACE_BOUND('',#5371,.T.);
#5750=FACE_BOUND('',#5372,.T.);
#5751=FACE_BOUND('',#5373,.T.);
#5752=FACE_BOUND('',#5374,.T.);
#5753=FACE_BOUND('',#5375,.T.);
#5754=FACE_BOUND('',#5376,.T.);
#5755=FACE_BOUND('',#5377,.T.);
#5756=FACE_BOUND('',#5378,.T.);
#5757=FACE_BOUND('',#5379,.T.);
#5758=FACE_BOUND('',#5380,.T.);
#5759=FACE_BOUND('',#5381,.T.);
#5760=FACE_BOUND('',#5382,.T.);
#5761=FACE_BOUND('',#5383,.T.);
#5762=FACE_BOUND('',#5384,.T.);
#5763=FACE_BOUND('',#5385,.T.);
#5764=FACE_BOUND('',#5386,.T.);
#5765=FACE_BOUND('',#5387,.T.);
#5766=FACE_BOUND('',#5388,.T.);
#5767=FACE_BOUND('',#5389,.T.);
#5768=FACE_BOUND('',#5390,.T.);
#5769=FACE_BOUND('',#5391,.T.);
#5770=FACE_BOUND('',#5392,.T.);
#5771=FACE_BOUND('',#5393,.T.);
#5772=FACE_BOUND('',#5394,.T.);
#5773=FACE_BOUND('',#5395,.T.);
#5774=FACE_BOUND('',#5396,.T.);
#5775=FACE_BOUND('',#5397,.T.);
#5776=FACE_BOUND('',#5398,.T.);
#5777=FACE_BOUND('',#5399,.T.);
#5778=FACE_BOUND('',#5400,.T.);
#5779=FACE_BOUND('',#5401,.T.);
#5780=FACE_BOUND('',#5402,.T.);
#5781=FACE_BOUND('',#5403,.T.);
#5782=FACE_BOUND('',#5404,.T.);
#5783=FACE_BOUND('',#5405,.T.);
#5784=FACE_BOUND('',#5406,.T.);
#5785=FACE_BOUND('',#5407,.T.);
#5786=FACE_BOUND('',#5408,.T.);
#5787=FACE_BOUND('',#5409,.T.);
#5788=FACE_BOUND('',#5410,.T.);
#5789=FACE_BOUND('',#5411,.T.);
#5790=FACE_BOUND('',#5412,.T.);
#5791=FACE_BOUND('',#5413,.T.);
#5792=FACE_BOUND('',#5414,.T.);
#5793=FACE_BOUND('',#5415,.T.);
#5794=FACE_BOUND('',#5416,.T.);
#5795=FACE_BOUND('',#5417,.T.);
#5796=FACE_BOUND('',#5418,.T.);
#5797=FACE_BOUND('',#5419,.T.);
#5798=FACE_BOUND('',#5420,.T.);
#5799=FACE_BOUND('',#5421,.T.);
#5800=FACE_BOUND('',#5422,.T.);
#5801=FACE_BOUND('',#5423,.T.);
#5802=FACE_BOUND('',#5424,.T.);
#5803=FACE_BOUND('',#5425,.T.);
#5804=FACE_BOUND('',#5426,.T.);
#5805=FACE_BOUND('',#5427,.T.);
#5806=FACE_BOUND('',#5428,.T.);
#5807=FACE_BOUND('',#5429,.T.);
#5808=FACE_BOUND('',#5430,.T.);
#5809=FACE_BOUND('',#5431,.T.);
#5810=FACE_BOUND('',#5432,.T.);
#5811=FACE_BOUND('',#5433,.T.);
#5812=FACE_BOUND('',#5434,.T.);
#5813=FACE_BOUND('',#5435,.T.);
#5814=FACE_BOUND('',#5436,.T.);
#5815=FACE_BOUND('',#5437,.T.);
#5816=FACE_BOUND('',#5438,.T.);
#5817=FACE_BOUND('',#5439,.T.);
#5818=FACE_BOUND('',#5440,.T.);
#5819=FACE_BOUND('',#5441,.T.);
#5820=FACE_BOUND('',#5442,.T.);
#5821=FACE_BOUND('',#5443,.T.);
#5822=FACE_BOUND('',#5444,.T.);
#5823=FACE_BOUND('',#5445,.T.);
#5824=FACE_BOUND('',#5446,.T.);
#5825=FACE_BOUND('',#5447,.T.);
#5826=FACE_BOUND('',#5448,.T.);
#5827=FACE_BOUND('',#5449,.T.);
#5828=FACE_BOUND('',#5450,.T.);
#5829=FACE_BOUND('',#5451,.T.);
#5830=FACE_BOUND('',#5452,.T.);
#5831=FACE_BOUND('',#5453,.T.);
#5832=FACE_BOUND('',#5454,.T.);
#5833=FACE_BOUND('',#5455,.T.);
#5834=FACE_BOUND('',#5456,.T.);
#5835=FACE_BOUND('',#5457,.T.);
#5836=FACE_BOUND('',#5458,.T.);
#5837=FACE_BOUND('',#5459,.T.);
#5838=FACE_BOUND('',#5460,.T.);
#5839=FACE_BOUND('',#5461,.T.);
#5840=FACE_BOUND('',#5462,.T.);
#5841=FACE_BOUND('',#5463,.T.);
#5842=FACE_BOUND('',#5464,.T.);
#5843=FACE_BOUND('',#5465,.T.);
#5844=FACE_BOUND('',#5466,.T.);
#5845=FACE_BOUND('',#5467,.T.);
#5846=FACE_BOUND('',#5468,.T.);
#5847=FACE_BOUND('',#5469,.T.);
#5848=FACE_BOUND('',#5470,.T.);
#5849=FACE_BOUND('',#5471,.T.);
#5850=FACE_BOUND('',#5472,.T.);
#5851=FACE_BOUND('',#5473,.T.);
#5852=FACE_BOUND('',#5474,.T.);
#5853=FACE_BOUND('',#5475,.T.);
#5854=FACE_BOUND('',#5476,.T.);
#5855=FACE_BOUND('',#5477,.T.);
#5856=FACE_BOUND('',#5478,.T.);
#5857=FACE_BOUND('',#5479,.T.);
#5858=FACE_BOUND('',#5480,.T.);
#5859=FACE_BOUND('',#5481,.T.);
#5860=FACE_BOUND('',#5482,.T.);
#5861=FACE_BOUND('',#5483,.T.);
#5862=FACE_BOUND('',#5484,.T.);
#5863=FACE_BOUND('',#5485,.T.);
#5864=FACE_BOUND('',#5486,.T.);
#5865=FACE_BOUND('',#5487,.T.);
#5866=FACE_BOUND('',#5488,.T.);
#5867=FACE_BOUND('',#5489,.T.);
#5868=FACE_BOUND('',#5490,.T.);
#5869=FACE_BOUND('',#5491,.T.);
#5870=FACE_BOUND('',#5492,.T.);
#5871=FACE_BOUND('',#5493,.T.);
#5872=FACE_BOUND('',#5494,.T.);
#5873=FACE_BOUND('',#5495,.T.);
#5874=FACE_BOUND('',#5496,.T.);
#5875=FACE_BOUND('',#5497,.T.);
#5876=FACE_BOUND('',#5498,.T.);
#5877=FACE_BOUND('',#5499,.T.);
#5878=FACE_BOUND('',#5500,.T.);
#5879=FACE_BOUND('',#5501,.T.);
#5880=FACE_BOUND('',#5502,.T.);
#5881=FACE_BOUND('',#5503,.T.);
#5882=FACE_BOUND('',#5504,.T.);
#5883=FACE_BOUND('',#5505,.T.);
#5884=FACE_BOUND('',#5506,.T.);
#5885=FACE_BOUND('',#5507,.T.);
#5886=FACE_BOUND('',#5508,.T.);
#5887=FACE_BOUND('',#5509,.T.);
#5888=FACE_BOUND('',#5510,.T.);
#5889=FACE_BOUND('',#5511,.T.);
#5890=FACE_BOUND('',#5512,.T.);
#5891=FACE_BOUND('',#5513,.T.);
#5892=FACE_BOUND('',#5514,.T.);
#5893=FACE_BOUND('',#5515,.T.);
#5894=FACE_BOUND('',#5516,.T.);
#5895=FACE_BOUND('',#5517,.T.);
#5896=FACE_BOUND('',#5518,.T.);
#5897=FACE_BOUND('',#5519,.T.);
#5898=FACE_BOUND('',#5520,.T.);
#5899=FACE_BOUND('',#5521,.T.);
#5900=FACE_BOUND('',#5522,.T.);
#5901=FACE_BOUND('',#5523,.T.);
#5902=FACE_BOUND('',#5524,.T.);
#5903=FACE_BOUND('',#5525,.T.);
#5904=FACE_BOUND('',#5526,.T.);
#5905=FACE_BOUND('',#5527,.T.);
#5906=FACE_BOUND('',#5528,.T.);
#5907=FACE_BOUND('',#5529,.T.);
#5908=FACE_BOUND('',#5530,.T.);
#5909=FACE_BOUND('',#5531,.T.);
#5910=FACE_BOUND('',#5532,.T.);
#5911=FACE_BOUND('',#5533,.T.);
#5912=FACE_BOUND('',#5534,.T.);
#5913=FACE_BOUND('',#5535,.T.);
#5914=FACE_BOUND('',#5536,.T.);
#5915=FACE_BOUND('',#5537,.T.);
#5916=FACE_BOUND('',#5538,.T.);
#5917=FACE_BOUND('',#5539,.T.);
#5918=FACE_BOUND('',#5540,.T.);
#5919=FACE_BOUND('',#5541,.T.);
#5920=FACE_BOUND('',#5542,.T.);
#5921=FACE_BOUND('',#5543,.T.);
#5922=FACE_BOUND('',#5544,.T.);
#5923=FACE_BOUND('',#5545,.T.);
#5924=FACE_BOUND('',#5546,.T.);
#5925=FACE_BOUND('',#5547,.T.);
#5926=FACE_BOUND('',#5548,.T.);
#5927=FACE_BOUND('',#5549,.T.);
#5928=FACE_BOUND('',#5550,.T.);
#5929=FACE_BOUND('',#5551,.T.);
#5930=FACE_BOUND('',#5552,.T.);
#5931=FACE_BOUND('',#5553,.T.);
#5932=FACE_BOUND('',#5554,.T.);
#5933=FACE_BOUND('',#5555,.T.);
#5934=FACE_BOUND('',#5556,.T.);
#5935=FACE_BOUND('',#5557,.T.);
#5936=FACE_BOUND('',#5558,.T.);
#5937=FACE_BOUND('',#5559,.T.);
#5938=FACE_BOUND('',#5560,.T.);
#5939=FACE_BOUND('',#5561,.T.);
#5940=FACE_BOUND('',#5562,.T.);
#5941=FACE_BOUND('',#5563,.T.);
#5942=FACE_BOUND('',#5564,.T.);
#5943=FACE_BOUND('',#5565,.T.);
#5944=FACE_BOUND('',#5566,.T.);
#5945=FACE_BOUND('',#5567,.T.);
#5946=FACE_BOUND('',#5568,.T.);
#5947=FACE_BOUND('',#5569,.T.);
#5948=FACE_BOUND('',#5570,.T.);
#5949=FACE_BOUND('',#5571,.T.);
#5950=FACE_BOUND('',#5572,.T.);
#5951=FACE_BOUND('',#5573,.T.);
#5952=FACE_BOUND('',#5574,.T.);
#5953=FACE_BOUND('',#5575,.T.);
#5954=FACE_BOUND('',#5576,.T.);
#5955=FACE_BOUND('',#5577,.T.);
#5956=FACE_BOUND('',#5578,.T.);
#5957=FACE_BOUND('',#5579,.T.);
#5958=FACE_BOUND('',#5580,.T.);
#5959=FACE_BOUND('',#5581,.T.);
#5960=FACE_BOUND('',#5582,.T.);
#5961=FACE_BOUND('',#5583,.T.);
#5962=FACE_BOUND('',#5584,.T.);
#5963=FACE_BOUND('',#5585,.T.);
#5964=FACE_BOUND('',#5586,.T.);
#5965=FACE_BOUND('',#5587,.T.);
#5966=FACE_BOUND('',#5588,.T.);
#5967=FACE_BOUND('',#5589,.T.);
#5968=FACE_BOUND('',#5590,.T.);
#5969=FACE_BOUND('',#5591,.T.);
#5970=FACE_BOUND('',#5592,.T.);
#5971=FACE_BOUND('',#5593,.T.);
#5972=FACE_BOUND('',#5594,.T.);
#5973=FACE_BOUND('',#5595,.T.);
#5974=FACE_BOUND('',#5596,.T.);
#5975=FACE_BOUND('',#5597,.T.);
#5976=FACE_BOUND('',#5598,.T.);
#5977=FACE_BOUND('',#5599,.T.);
#5978=FACE_BOUND('',#5600,.T.);
#5979=FACE_BOUND('',#5601,.T.);
#5980=FACE_BOUND('',#5602,.T.);
#5981=FACE_BOUND('',#5603,.T.);
#5982=FACE_BOUND('',#5604,.T.);
#5983=FACE_BOUND('',#5605,.T.);
#5984=FACE_BOUND('',#5606,.T.);
#5985=FACE_BOUND('',#5607,.T.);
#5986=FACE_BOUND('',#5608,.T.);
#5987=FACE_BOUND('',#5609,.T.);
#5988=FACE_BOUND('',#5610,.T.);
#5989=FACE_BOUND('',#5611,.T.);
#5990=FACE_BOUND('',#5612,.T.);
#5991=FACE_BOUND('',#5613,.T.);
#5992=FACE_BOUND('',#5614,.T.);
#5993=FACE_BOUND('',#5615,.T.);
#5994=FACE_BOUND('',#5616,.T.);
#5995=FACE_BOUND('',#5617,.T.);
#5996=FACE_BOUND('',#5618,.T.);
#5997=FACE_BOUND('',#5619,.T.);
#5998=FACE_BOUND('',#5620,.T.);
#5999=FACE_BOUND('',#5621,.T.);
#6000=FACE_BOUND('',#5622,.T.);
#6001=FACE_BOUND('',#5623,.T.);
#6002=FACE_BOUND('',#5624,.T.);
#6003=FACE_BOUND('',#5625,.T.);
#6004=FACE_BOUND('',#5626,.T.);
#6005=FACE_BOUND('',#5627,.T.);
#6006=FACE_BOUND('',#5628,.T.);
#6007=FACE_BOUND('',#5629,.T.);
#6008=FACE_BOUND('',#5630,.T.);
#6009=FACE_BOUND('',#5631,.T.);
#6010=FACE_BOUND('',#5632,.T.);
#6011=FACE_BOUND('',#5633,.T.);
#6012=FACE_BOUND('',#5634,.T.);
#6013=FACE_BOUND('',#5635,.T.);
#6014=FACE_BOUND('',#5636,.T.);
#6015=FACE_BOUND('',#5637,.T.);
#6016=FACE_BOUND('',#5638,.T.);
#6017=FACE_BOUND('',#5639,.T.);
#6018=FACE_BOUND('',#5640,.T.);
#6019=FACE_BOUND('',#5641,.T.);
#6020=FACE_BOUND('',#5642,.T.);
#6021=FACE_BOUND('',#5643,.T.);
#6022=FACE_BOUND('',#5644,.T.);
#6023=FACE_BOUND('',#5645,.T.);
#6024=FACE_BOUND('',#5646,.T.);
#6025=FACE_BOUND('',#5647,.T.);
#6026=FACE_BOUND('',#5648,.T.);
#6027=FACE_BOUND('',#5649,.T.);
#6028=FACE_BOUND('',#5650,.T.);
#6029=FACE_BOUND('',#5651,.T.);
#6030=FACE_BOUND('',#5652,.T.);
#6031=FACE_BOUND('',#5653,.T.);
#6032=FACE_BOUND('',#5654,.T.);
#6033=FACE_BOUND('',#5655,.T.);
#6034=FACE_BOUND('',#5656,.T.);
#6035=FACE_BOUND('',#5657,.T.);
#6036=FACE_BOUND('',#5658,.T.);
#6037=FACE_BOUND('',#5659,.T.);
#6038=FACE_BOUND('',#5660,.T.);
#6039=FACE_BOUND('',#5661,.T.);
#6040=FACE_BOUND('',#5662,.T.);
#6041=FACE_BOUND('',#5663,.T.);
#6042=FACE_BOUND('',#5664,.T.);
#6043=FACE_BOUND('',#5665,.T.);
#6044=FACE_BOUND('',#5666,.T.);
#6045=FACE_BOUND('',#5667,.T.);
#6046=FACE_BOUND('',#5668,.T.);
#6047=FACE_BOUND('',#5669,.T.);
#6048=FACE_BOUND('',#5670,.T.);
#6049=FACE_BOUND('',#5671,.T.);
#6050=FACE_BOUND('',#5672,.T.);
#6051=FACE_BOUND('',#5673,.T.);
#6052=FACE_BOUND('',#5674,.T.);
#6053=FACE_BOUND('',#5675,.T.);
#6054=FACE_BOUND('',#5676,.T.);
#6055=FACE_BOUND('',#5677,.T.);
#6056=FACE_BOUND('',#5678,.T.);
#6057=FACE_BOUND('',#5679,.T.);
#6058=FACE_BOUND('',#5680,.T.);
#6059=FACE_BOUND('',#5681,.T.);
#6060=FACE_BOUND('',#5682,.T.);
#6061=FACE_BOUND('',#5683,.T.);
#6062=FACE_BOUND('',#5684,.T.);
#6063=FACE_BOUND('',#5685,.T.);
#6064=FACE_BOUND('',#5686,.T.);
#6065=FACE_BOUND('',#5687,.T.);
#6066=FACE_BOUND('',#5688,.T.);
#6067=FACE_BOUND('',#5689,.T.);
#6068=FACE_BOUND('',#5690,.T.);
#6069=FACE_BOUND('',#5691,.T.);
#6070=FACE_BOUND('',#5692,.T.);
#6071=FACE_BOUND('',#5693,.T.);
#6072=FACE_BOUND('',#5694,.T.);
#6073=FACE_BOUND('',#5695,.T.);
#6074=FACE_BOUND('',#5696,.T.);
#6075=FACE_BOUND('',#5697,.T.);
#6076=FACE_BOUND('',#5698,.T.);
#6077=FACE_BOUND('',#5699,.T.);
#6078=FACE_BOUND('',#5700,.T.);
#6079=FACE_BOUND('',#5701,.T.);
#6080=FACE_BOUND('',#5702,.T.);
#6081=FACE_BOUND('',#5703,.T.);
#6082=FACE_BOUND('',#5704,.T.);
#6083=FACE_BOUND('',#5705,.T.);
#6084=FACE_BOUND('',#5706,.T.);
#6085=FACE_BOUND('',#5707,.T.);
#6086=PLANE('',#6643);
#6087=PLANE('',#6674);
#6088=PLANE('',#6675);
#6089=PLANE('',#6704);
#6090=PLANE('',#6705);
#6091=PLANE('',#6706);
#6092=PLANE('',#6715);
#6093=PLANE('',#6716);
#6094=PLANE('',#6718);
#6095=PLANE('',#6723);
#6096=PLANE('',#6725);
#6097=PLANE('',#6734);
#6098=PLANE('',#6736);
#6099=PLANE('',#6738);
#6100=PLANE('',#6740);
#6101=PLANE('',#6742);
#6102=PLANE('',#6744);
#6103=PLANE('',#6746);
#6104=PLANE('',#6748);
#6105=PLANE('',#6751);
#6106=PLANE('',#6753);
#6107=PLANE('',#6755);
#6108=PLANE('',#6757);
#6109=PLANE('',#6759);
#6110=PLANE('',#6761);
#6111=PLANE('',#6763);
#6112=PLANE('',#6765);
#6113=PLANE('',#6767);
#6114=PLANE('',#6769);
#6115=PLANE('',#6771);
#6116=PLANE('',#6773);
#6117=PLANE('',#6775);
#6118=PLANE('',#6777);
#6119=PLANE('',#6780);
#6120=PLANE('',#6790);
#6121=PLANE('',#6791);
#6122=PLANE('',#6792);
#6123=PLANE('',#6793);
#6124=PLANE('',#6798);
#6125=PLANE('',#6801);
#6126=PLANE('',#6802);
#6127=PLANE('',#6806);
#6128=PLANE('',#6809);
#6129=PLANE('',#6815);
#6130=PLANE('',#6817);
#6131=PLANE('',#6819);
#6132=PLANE('',#6820);
#6133=PLANE('',#6822);
#6134=PLANE('',#6833);
#6135=PLANE('',#6834);
#6136=PLANE('',#6839);
#6137=PLANE('',#6840);
#6138=PLANE('',#6841);
#6139=PLANE('',#6842);
#6140=PLANE('',#6843);
#6141=PLANE('',#6845);
#6142=PLANE('',#6846);
#6143=PLANE('',#6864);
#6144=PLANE('',#6868);
#6145=PLANE('',#6869);
#6146=PLANE('',#6900);
#6147=PLANE('',#6903);
#6148=PLANE('',#6906);
#6149=PLANE('',#6923);
#6150=PLANE('',#6924);
#6151=PLANE('',#6925);
#6152=PLANE('',#6926);
#6153=PLANE('',#6929);
#6154=PLANE('',#6932);
#6155=PLANE('',#6935);
#6156=PLANE('',#6938);
#6157=PLANE('',#6941);
#6158=PLANE('',#6944);
#6159=PLANE('',#6947);
#6160=PLANE('',#6950);
#6161=PLANE('',#6953);
#6162=PLANE('',#6956);
#6163=PLANE('',#6959);
#6164=PLANE('',#6960);
#6165=PLANE('',#6991);
#6166=PLANE('',#6992);
#6167=PLANE('',#6995);
#6168=PLANE('',#6996);
#6169=PLANE('',#7001);
#6170=PLANE('',#7002);
#6171=PLANE('',#7003);
#6172=PLANE('',#7004);
#6173=PLANE('',#7005);
#6174=PLANE('',#7006);
#6175=PLANE('',#7007);
#6176=PLANE('',#7009);
#6177=PLANE('',#7011);
#6178=PLANE('',#7013);
#6179=PLANE('',#7015);
#6180=PLANE('',#7017);
#6181=PLANE('',#7019);
#6182=PLANE('',#7021);
#6183=PLANE('',#7023);
#6184=PLANE('',#7024);
#6185=PLANE('',#7026);
#6186=PLANE('',#7027);
#6187=PLANE('',#7028);
#6188=PLANE('',#7030);
#6189=PLANE('',#7032);
#6190=PLANE('',#7033);
#6191=PLANE('',#7034);
#6192=PLANE('',#7036);
#6193=PLANE('',#7038);
#6194=PLANE('',#7039);
#6195=PLANE('',#7040);
#6196=PLANE('',#7041);
#6197=PLANE('',#7042);
#6198=PLANE('',#7043);
#6199=PLANE('',#7072);
#6200=PLANE('',#7073);
#6201=PLANE('',#7074);
#6202=PLANE('',#7076);
#6203=PLANE('',#7078);
#6204=PLANE('',#7080);
#6205=PLANE('',#7082);
#6206=PLANE('',#7084);
#6207=PLANE('',#7086);
#6208=PLANE('',#7088);
#6209=PLANE('',#7091);
#6210=PLANE('',#7093);
#6211=PLANE('',#7095);
#6212=PLANE('',#7097);
#6213=PLANE('',#7099);
#6214=PLANE('',#7101);
#6215=PLANE('',#7103);
#6216=PLANE('',#7105);
#6217=PLANE('',#7107);
#6218=PLANE('',#7108);
#6219=PLANE('',#7109);
#6220=PLANE('',#7110);
#6221=PLANE('',#7111);
#6222=PLANE('',#7112);
#6223=PLANE('',#7113);
#6224=PLANE('',#7114);
#6225=PLANE('',#7115);
#6226=PLANE('',#7116);
#6227=PLANE('',#7118);
#6228=PLANE('',#7119);
#6229=PLANE('',#7120);
#6230=PLANE('',#7121);
#6231=PLANE('',#7123);
#6232=PLANE('',#7125);
#6233=PLANE('',#7126);
#6234=PLANE('',#7127);
#6235=PLANE('',#7129);
#6236=PLANE('',#7131);
#6237=PLANE('',#7132);
#6238=PLANE('',#7133);
#6239=PLANE('',#7166);
#6240=PLANE('',#7167);
#6241=PLANE('',#7168);
#6242=PLANE('',#7169);
#6243=PLANE('',#7170);
#6244=PLANE('',#7171);
#6245=PLANE('',#7172);
#6246=PLANE('',#7173);
#6247=PLANE('',#7174);
#6248=PLANE('',#7175);
#6249=PLANE('',#7176);
#6250=PLANE('',#7177);
#6251=PLANE('',#7178);
#6252=PLANE('',#7179);
#6253=PLANE('',#7180);
#6254=PLANE('',#7181);
#6255=PLANE('',#7182);
#6256=PLANE('',#7199);
#6257=PLANE('',#7210);
#6258=PLANE('',#7215);
#6259=PLANE('',#7218);
#6260=PLANE('',#7220);
#6261=PLANE('',#7222);
#6262=PLANE('',#7224);
#6263=PLANE('',#7225);
#6264=PLANE('',#7236);
#6265=PLANE('',#7237);
#6266=PLANE('',#7238);
#6267=PLANE('',#7245);
#6268=PLANE('',#7246);
#6269=PLANE('',#7247);
#6270=PLANE('',#7248);
#6271=PLANE('',#7249);
#6272=PLANE('',#7250);
#6273=PLANE('',#7251);
#6274=PLANE('',#7252);
#6275=PLANE('',#7253);
#6276=PLANE('',#7254);
#6277=PLANE('',#7255);
#6278=PLANE('',#7259);
#6279=PLANE('',#7260);
#6280=PLANE('',#7261);
#6281=PLANE('',#7267);
#6282=PLANE('',#7268);
#6283=ADVANCED_FACE('',(#5708,#5709,#5710,#5711,#5712,#5713,#5714,#5715),
#6086,.T.);
#6284=ADVANCED_FACE('',(#5716),#6087,.T.);
#6285=ADVANCED_FACE('',(#5717,#5718,#5719,#5720,#5721,#5722,#5723),#6088,
 .F.);
#6286=ADVANCED_FACE('',(#5724),#6089,.F.);
#6287=ADVANCED_FACE('',(#5725),#6090,.T.);
#6288=ADVANCED_FACE('',(#5726),#6091,.T.);
#6289=ADVANCED_FACE('',(#5727),#130,.T.);
#6290=ADVANCED_FACE('',(#5728),#131,.T.);
#6291=ADVANCED_FACE('',(#5729),#6092,.T.);
#6292=ADVANCED_FACE('',(#5730),#6093,.T.);
#6293=ADVANCED_FACE('',(#5731),#6094,.T.);
#6294=ADVANCED_FACE('',(#5732),#132,.F.);
#6295=ADVANCED_FACE('',(#5733),#6095,.F.);
#6296=ADVANCED_FACE('',(#5734),#6096,.T.);
#6297=ADVANCED_FACE('',(#5735),#133,.F.);
#6298=ADVANCED_FACE('',(#5736),#134,.F.);
#6299=ADVANCED_FACE('',(#5737),#6097,.F.);
#6300=ADVANCED_FACE('',(#5738),#6098,.F.);
#6301=ADVANCED_FACE('',(#5739),#6099,.F.);
#6302=ADVANCED_FACE('',(#5740),#6100,.F.);
#6303=ADVANCED_FACE('',(#5741),#6101,.F.);
#6304=ADVANCED_FACE('',(#5742),#6102,.F.);
#6305=ADVANCED_FACE('',(#5743),#6103,.F.);
#6306=ADVANCED_FACE('',(#5744),#6104,.T.);
#6307=ADVANCED_FACE('',(#5745),#6105,.T.);
#6308=ADVANCED_FACE('',(#5746),#6106,.T.);
#6309=ADVANCED_FACE('',(#5747),#6107,.T.);
#6310=ADVANCED_FACE('',(#5748),#6108,.T.);
#6311=ADVANCED_FACE('',(#5749),#6109,.T.);
#6312=ADVANCED_FACE('',(#5750),#6110,.T.);
#6313=ADVANCED_FACE('',(#5751),#6111,.T.);
#6314=ADVANCED_FACE('',(#5752),#6112,.T.);
#6315=ADVANCED_FACE('',(#5753),#6113,.T.);
#6316=ADVANCED_FACE('',(#5754),#6114,.T.);
#6317=ADVANCED_FACE('',(#5755),#6115,.T.);
#6318=ADVANCED_FACE('',(#5756),#6116,.T.);
#6319=ADVANCED_FACE('',(#5757),#6117,.T.);
#6320=ADVANCED_FACE('',(#5758),#6118,.T.);
#6321=ADVANCED_FACE('',(#5759),#6119,.T.);
#6322=ADVANCED_FACE('',(#5760,#5761),#135,.F.);
#6323=ADVANCED_FACE('',(#5762,#5763),#136,.F.);
#6324=ADVANCED_FACE('',(#5764,#5765),#6120,.F.);
#6325=ADVANCED_FACE('',(#5766),#6121,.T.);
#6326=ADVANCED_FACE('',(#5767),#6122,.T.);
#6327=ADVANCED_FACE('',(#5768,#5769,#5770,#5771,#5772),#6123,.T.);
#6328=ADVANCED_FACE('',(#5773),#137,.T.);
#6329=ADVANCED_FACE('',(#5774),#6124,.T.);
#6330=ADVANCED_FACE('',(#5775),#138,.T.);
#6331=ADVANCED_FACE('',(#5776),#139,.T.);
#6332=ADVANCED_FACE('',(#5777),#6125,.T.);
#6333=ADVANCED_FACE('',(#5778),#6126,.F.);
#6334=ADVANCED_FACE('',(#5779),#140,.F.);
#6335=ADVANCED_FACE('',(#5780),#141,.T.);
#6336=ADVANCED_FACE('',(#5781),#142,.F.);
#6337=ADVANCED_FACE('',(#5782),#6127,.F.);
#6338=ADVANCED_FACE('',(#5783),#143,.F.);
#6339=ADVANCED_FACE('',(#5784),#144,.T.);
#6340=ADVANCED_FACE('',(#5785),#6128,.F.);
#6341=ADVANCED_FACE('',(#5786),#145,.T.);
#6342=ADVANCED_FACE('',(#5787),#146,.F.);
#6343=ADVANCED_FACE('',(#5788),#147,.F.);
#6344=ADVANCED_FACE('',(#5789),#148,.T.);
#6345=ADVANCED_FACE('',(#5790),#149,.F.);
#6346=ADVANCED_FACE('',(#5791),#6129,.F.);
#6347=ADVANCED_FACE('',(#5792),#150,.F.);
#6348=ADVANCED_FACE('',(#5793),#6130,.F.);
#6349=ADVANCED_FACE('',(#5794),#151,.F.);
#6350=ADVANCED_FACE('',(#5795),#6131,.T.);
#6351=ADVANCED_FACE('',(#5796),#6132,.T.);
#6352=ADVANCED_FACE('',(#5797),#152,.T.);
#6353=ADVANCED_FACE('',(#5798),#6133,.F.);
#6354=ADVANCED_FACE('',(#5799),#153,.F.);
#6355=ADVANCED_FACE('',(#5800),#154,.F.);
#6356=ADVANCED_FACE('',(#5801),#155,.T.);
#6357=ADVANCED_FACE('',(#5802),#156,.F.);
#6358=ADVANCED_FACE('',(#5803),#157,.F.);
#6359=ADVANCED_FACE('',(#5804),#158,.F.);
#6360=ADVANCED_FACE('',(#5805,#5806),#159,.F.);
#6361=ADVANCED_FACE('',(#5807,#5808),#160,.F.);
#6362=ADVANCED_FACE('',(#5809,#5810),#161,.F.);
#6363=ADVANCED_FACE('',(#5811,#5812),#162,.F.);
#6364=ADVANCED_FACE('',(#5813),#6134,.T.);
#6365=ADVANCED_FACE('',(#5814),#6135,.F.);
#6366=ADVANCED_FACE('',(#5815),#163,.T.);
#6367=ADVANCED_FACE('',(#5816),#6136,.T.);
#6368=ADVANCED_FACE('',(#5817),#6137,.T.);
#6369=ADVANCED_FACE('',(#5818),#6138,.F.);
#6370=ADVANCED_FACE('',(#5819),#6139,.T.);
#6371=ADVANCED_FACE('',(#5820),#6140,.T.);
#6372=ADVANCED_FACE('',(#5821),#6141,.T.);
#6373=ADVANCED_FACE('',(#5822),#6142,.T.);
#6374=ADVANCED_FACE('',(#5823),#17,.T.);
#6375=ADVANCED_FACE('',(#5824),#164,.T.);
#6376=ADVANCED_FACE('',(#5825),#18,.T.);
#6377=ADVANCED_FACE('',(#5826),#165,.T.);
#6378=ADVANCED_FACE('',(#5827),#166,.F.);
#6379=ADVANCED_FACE('',(#5828),#167,.T.);
#6380=ADVANCED_FACE('',(#5829),#6143,.F.);
#6381=ADVANCED_FACE('',(#5830),#6144,.T.);
#6382=ADVANCED_FACE('',(#5831),#6145,.T.);
#6383=ADVANCED_FACE('',(#5832),#168,.F.);
#6384=ADVANCED_FACE('',(#5833),#169,.F.);
#6385=ADVANCED_FACE('',(#5834),#170,.F.);
#6386=ADVANCED_FACE('',(#5835),#171,.F.);
#6387=ADVANCED_FACE('',(#5836),#172,.F.);
#6388=ADVANCED_FACE('',(#5837),#173,.F.);
#6389=ADVANCED_FACE('',(#5838),#174,.F.);
#6390=ADVANCED_FACE('',(#5839),#175,.F.);
#6391=ADVANCED_FACE('',(#5840),#176,.F.);
#6392=ADVANCED_FACE('',(#5841),#177,.F.);
#6393=ADVANCED_FACE('',(#5842),#178,.F.);
#6394=ADVANCED_FACE('',(#5843),#6146,.T.);
#6395=ADVANCED_FACE('',(#5844),#6147,.T.);
#6396=ADVANCED_FACE('',(#5845),#6148,.T.);
#6397=ADVANCED_FACE('',(#5846),#179,.T.);
#6398=ADVANCED_FACE('',(#5847),#15,.T.);
#6399=ADVANCED_FACE('',(#5848),#180,.T.);
#6400=ADVANCED_FACE('',(#5849),#181,.T.);
#6401=ADVANCED_FACE('',(#5850),#16,.T.);
#6402=ADVANCED_FACE('',(#5851),#182,.T.);
#6403=ADVANCED_FACE('',(#5852),#6149,.F.);
#6404=ADVANCED_FACE('',(#5853),#6150,.F.);
#6405=ADVANCED_FACE('',(#5854),#6151,.F.);
#6406=ADVANCED_FACE('',(#5855),#6152,.F.);
#6407=ADVANCED_FACE('',(#5856),#6153,.F.);
#6408=ADVANCED_FACE('',(#5857),#6154,.F.);
#6409=ADVANCED_FACE('',(#5858),#6155,.F.);
#6410=ADVANCED_FACE('',(#5859),#6156,.F.);
#6411=ADVANCED_FACE('',(#5860),#6157,.F.);
#6412=ADVANCED_FACE('',(#5861),#6158,.F.);
#6413=ADVANCED_FACE('',(#5862),#6159,.F.);
#6414=ADVANCED_FACE('',(#5863),#6160,.F.);
#6415=ADVANCED_FACE('',(#5864),#6161,.F.);
#6416=ADVANCED_FACE('',(#5865),#6162,.F.);
#6417=ADVANCED_FACE('',(#5866),#6163,.F.);
#6418=ADVANCED_FACE('',(#5867),#6164,.T.);
#6419=ADVANCED_FACE('',(#5868),#6165,.F.);
#6420=ADVANCED_FACE('',(#5869),#6166,.F.);
#6421=ADVANCED_FACE('',(#5870),#6167,.F.);
#6422=ADVANCED_FACE('',(#5871,#5872),#6168,.T.);
#6423=ADVANCED_FACE('',(#5873),#6169,.F.);
#6424=ADVANCED_FACE('',(#5874),#6170,.F.);
#6425=ADVANCED_FACE('',(#5875),#6171,.F.);
#6426=ADVANCED_FACE('',(#5876),#6172,.F.);
#6427=ADVANCED_FACE('',(#5877),#6173,.F.);
#6428=ADVANCED_FACE('',(#5878),#6174,.F.);
#6429=ADVANCED_FACE('',(#5879),#6175,.F.);
#6430=ADVANCED_FACE('',(#5880),#6176,.F.);
#6431=ADVANCED_FACE('',(#5881),#6177,.F.);
#6432=ADVANCED_FACE('',(#5882),#6178,.F.);
#6433=ADVANCED_FACE('',(#5883),#6179,.F.);
#6434=ADVANCED_FACE('',(#5884),#6180,.F.);
#6435=ADVANCED_FACE('',(#5885),#6181,.F.);
#6436=ADVANCED_FACE('',(#5886),#6182,.F.);
#6437=ADVANCED_FACE('',(#5887),#6183,.F.);
#6438=ADVANCED_FACE('',(#5888),#6184,.T.);
#6439=ADVANCED_FACE('',(#5889),#183,.T.);
#6440=ADVANCED_FACE('',(#5890),#6185,.T.);
#6441=ADVANCED_FACE('',(#5891),#6186,.T.);
#6442=ADVANCED_FACE('',(#5892),#6187,.T.);
#6443=ADVANCED_FACE('',(#5893),#6188,.T.);
#6444=ADVANCED_FACE('',(#5894),#6189,.T.);
#6445=ADVANCED_FACE('',(#5895),#6190,.T.);
#6446=ADVANCED_FACE('',(#5896),#6191,.T.);
#6447=ADVANCED_FACE('',(#5897),#6192,.T.);
#6448=ADVANCED_FACE('',(#5898),#6193,.T.);
#6449=ADVANCED_FACE('',(#5899),#6194,.T.);
#6450=ADVANCED_FACE('',(#5900),#6195,.T.);
#6451=ADVANCED_FACE('',(#5901),#6196,.T.);
#6452=ADVANCED_FACE('',(#5902),#6197,.T.);
#6453=ADVANCED_FACE('',(#5903),#6198,.T.);
#6454=ADVANCED_FACE('',(#5904),#184,.T.);
#6455=ADVANCED_FACE('',(#5905),#185,.T.);
#6456=ADVANCED_FACE('',(#5906),#186,.T.);
#6457=ADVANCED_FACE('',(#5907),#187,.T.);
#6458=ADVANCED_FACE('',(#5908),#188,.T.);
#6459=ADVANCED_FACE('',(#5909),#189,.T.);
#6460=ADVANCED_FACE('',(#5910),#190,.T.);
#6461=ADVANCED_FACE('',(#5911),#191,.T.);
#6462=ADVANCED_FACE('',(#5912),#192,.T.);
#6463=ADVANCED_FACE('',(#5913),#193,.T.);
#6464=ADVANCED_FACE('',(#5914),#194,.T.);
#6465=ADVANCED_FACE('',(#5915),#195,.T.);
#6466=ADVANCED_FACE('',(#5916),#196,.T.);
#6467=ADVANCED_FACE('',(#5917),#197,.T.);
#6468=ADVANCED_FACE('',(#5918),#198,.T.);
#6469=ADVANCED_FACE('',(#5919),#199,.T.);
#6470=ADVANCED_FACE('',(#5920),#200,.T.);
#6471=ADVANCED_FACE('',(#5921),#201,.T.);
#6472=ADVANCED_FACE('',(#5922),#202,.T.);
#6473=ADVANCED_FACE('',(#5923),#203,.T.);
#6474=ADVANCED_FACE('',(#5924),#204,.T.);
#6475=ADVANCED_FACE('',(#5925),#205,.T.);
#6476=ADVANCED_FACE('',(#5926),#206,.T.);
#6477=ADVANCED_FACE('',(#5927),#207,.T.);
#6478=ADVANCED_FACE('',(#5928),#208,.T.);
#6479=ADVANCED_FACE('',(#5929),#209,.T.);
#6480=ADVANCED_FACE('',(#5930),#210,.T.);
#6481=ADVANCED_FACE('',(#5931),#211,.T.);
#6482=ADVANCED_FACE('',(#5932),#6199,.T.);
#6483=ADVANCED_FACE('',(#5933),#6200,.T.);
#6484=ADVANCED_FACE('',(#5934),#6201,.T.);
#6485=ADVANCED_FACE('',(#5935),#6202,.T.);
#6486=ADVANCED_FACE('',(#5936),#6203,.T.);
#6487=ADVANCED_FACE('',(#5937),#6204,.T.);
#6488=ADVANCED_FACE('',(#5938),#6205,.T.);
#6489=ADVANCED_FACE('',(#5939),#6206,.T.);
#6490=ADVANCED_FACE('',(#5940),#6207,.T.);
#6491=ADVANCED_FACE('',(#5941),#6208,.T.);
#6492=ADVANCED_FACE('',(#5942),#6209,.T.);
#6493=ADVANCED_FACE('',(#5943),#6210,.T.);
#6494=ADVANCED_FACE('',(#5944),#6211,.T.);
#6495=ADVANCED_FACE('',(#5945),#6212,.T.);
#6496=ADVANCED_FACE('',(#5946),#6213,.T.);
#6497=ADVANCED_FACE('',(#5947),#6214,.T.);
#6498=ADVANCED_FACE('',(#5948),#6215,.T.);
#6499=ADVANCED_FACE('',(#5949),#6216,.T.);
#6500=ADVANCED_FACE('',(#5950),#6217,.T.);
#6501=ADVANCED_FACE('',(#5951),#6218,.T.);
#6502=ADVANCED_FACE('',(#5952),#6219,.T.);
#6503=ADVANCED_FACE('',(#5953),#6220,.T.);
#6504=ADVANCED_FACE('',(#5954),#6221,.T.);
#6505=ADVANCED_FACE('',(#5955),#6222,.T.);
#6506=ADVANCED_FACE('',(#5956),#6223,.T.);
#6507=ADVANCED_FACE('',(#5957),#6224,.T.);
#6508=ADVANCED_FACE('',(#5958),#6225,.T.);
#6509=ADVANCED_FACE('',(#5959),#6226,.T.);
#6510=ADVANCED_FACE('',(#5960),#212,.T.);
#6511=ADVANCED_FACE('',(#5961),#6227,.T.);
#6512=ADVANCED_FACE('',(#5962),#6228,.T.);
#6513=ADVANCED_FACE('',(#5963),#6229,.T.);
#6514=ADVANCED_FACE('',(#5964),#6230,.T.);
#6515=ADVANCED_FACE('',(#5965),#6231,.T.);
#6516=ADVANCED_FACE('',(#5966),#6232,.T.);
#6517=ADVANCED_FACE('',(#5967),#6233,.T.);
#6518=ADVANCED_FACE('',(#5968),#6234,.T.);
#6519=ADVANCED_FACE('',(#5969),#6235,.T.);
#6520=ADVANCED_FACE('',(#5970),#6236,.T.);
#6521=ADVANCED_FACE('',(#5971),#6237,.T.);
#6522=ADVANCED_FACE('',(#5972),#6238,.T.);
#6523=ADVANCED_FACE('',(#5973),#213,.T.);
#6524=ADVANCED_FACE('',(#5974),#214,.T.);
#6525=ADVANCED_FACE('',(#5975),#215,.T.);
#6526=ADVANCED_FACE('',(#5976),#216,.T.);
#6527=ADVANCED_FACE('',(#5977),#217,.T.);
#6528=ADVANCED_FACE('',(#5978),#218,.T.);
#6529=ADVANCED_FACE('',(#5979),#219,.T.);
#6530=ADVANCED_FACE('',(#5980),#220,.T.);
#6531=ADVANCED_FACE('',(#5981),#221,.T.);
#6532=ADVANCED_FACE('',(#5982),#222,.T.);
#6533=ADVANCED_FACE('',(#5983),#223,.T.);
#6534=ADVANCED_FACE('',(#5984),#224,.T.);
#6535=ADVANCED_FACE('',(#5985),#225,.T.);
#6536=ADVANCED_FACE('',(#5986),#226,.T.);
#6537=ADVANCED_FACE('',(#5987),#227,.T.);
#6538=ADVANCED_FACE('',(#5988),#228,.T.);
#6539=ADVANCED_FACE('',(#5989),#229,.T.);
#6540=ADVANCED_FACE('',(#5990),#230,.T.);
#6541=ADVANCED_FACE('',(#5991),#231,.T.);
#6542=ADVANCED_FACE('',(#5992),#232,.T.);
#6543=ADVANCED_FACE('',(#5993),#233,.T.);
#6544=ADVANCED_FACE('',(#5994),#234,.T.);
#6545=ADVANCED_FACE('',(#5995),#235,.T.);
#6546=ADVANCED_FACE('',(#5996),#236,.T.);
#6547=ADVANCED_FACE('',(#5997),#237,.T.);
#6548=ADVANCED_FACE('',(#5998),#238,.T.);
#6549=ADVANCED_FACE('',(#5999),#239,.T.);
#6550=ADVANCED_FACE('',(#6000),#240,.T.);
#6551=ADVANCED_FACE('',(#6001),#241,.T.);
#6552=ADVANCED_FACE('',(#6002),#242,.T.);
#6553=ADVANCED_FACE('',(#6003),#243,.F.);
#6554=ADVANCED_FACE('',(#6004),#244,.T.);
#6555=ADVANCED_FACE('',(#6005),#6239,.T.);
#6556=ADVANCED_FACE('',(#6006),#6240,.T.);
#6557=ADVANCED_FACE('',(#6007),#6241,.T.);
#6558=ADVANCED_FACE('',(#6008),#6242,.T.);
#6559=ADVANCED_FACE('',(#6009),#6243,.T.);
#6560=ADVANCED_FACE('',(#6010),#6244,.T.);
#6561=ADVANCED_FACE('',(#6011),#6245,.T.);
#6562=ADVANCED_FACE('',(#6012),#6246,.T.);
#6563=ADVANCED_FACE('',(#6013),#6247,.T.);
#6564=ADVANCED_FACE('',(#6014),#6248,.T.);
#6565=ADVANCED_FACE('',(#6015),#6249,.T.);
#6566=ADVANCED_FACE('',(#6016),#6250,.T.);
#6567=ADVANCED_FACE('',(#6017),#6251,.T.);
#6568=ADVANCED_FACE('',(#6018),#6252,.T.);
#6569=ADVANCED_FACE('',(#6019),#6253,.T.);
#6570=ADVANCED_FACE('',(#6020),#6254,.T.);
#6571=ADVANCED_FACE('',(#6021,#6022,#6023),#6255,.T.);
#6572=ADVANCED_FACE('',(#6024),#245,.F.);
#6573=ADVANCED_FACE('',(#6025),#246,.F.);
#6574=ADVANCED_FACE('',(#6026,#6027),#247,.F.);
#6575=ADVANCED_FACE('',(#6028,#6029),#248,.F.);
#6576=ADVANCED_FACE('',(#6030),#249,.F.);
#6577=ADVANCED_FACE('',(#6031),#250,.F.);
#6578=ADVANCED_FACE('',(#6032,#6033,#6034),#6256,.F.);
#6579=ADVANCED_FACE('',(#6035),#251,.T.);
#6580=ADVANCED_FACE('',(#6036),#252,.T.);
#6581=ADVANCED_FACE('',(#6037),#253,.T.);
#6582=ADVANCED_FACE('',(#6038),#254,.T.);
#6583=ADVANCED_FACE('',(#6039),#255,.T.);
#6584=ADVANCED_FACE('',(#6040),#256,.T.);
#6585=ADVANCED_FACE('',(#6041,#6042,#6043),#6257,.T.);
#6586=ADVANCED_FACE('',(#6044),#257,.F.);
#6587=ADVANCED_FACE('',(#6045),#258,.F.);
#6588=ADVANCED_FACE('',(#6046),#6258,.T.);
#6589=ADVANCED_FACE('',(#6047),#259,.F.);
#6590=ADVANCED_FACE('',(#6048),#6259,.T.);
#6591=ADVANCED_FACE('',(#6049),#6260,.F.);
#6592=ADVANCED_FACE('',(#6050),#6261,.F.);
#6593=ADVANCED_FACE('',(#6051),#6262,.T.);
#6594=ADVANCED_FACE('',(#6052),#6263,.T.);
#6595=ADVANCED_FACE('',(#6053),#19,.F.);
#6596=ADVANCED_FACE('',(#6054),#260,.F.);
#6597=ADVANCED_FACE('',(#6055),#261,.F.);
#6598=ADVANCED_FACE('',(#6056),#20,.F.);
#6599=ADVANCED_FACE('',(#6057),#262,.F.);
#6600=ADVANCED_FACE('',(#6058),#263,.F.);
#6601=ADVANCED_FACE('',(#6059),#6264,.T.);
#6602=ADVANCED_FACE('',(#6060),#6265,.F.);
#6603=ADVANCED_FACE('',(#6061),#6266,.T.);
#6604=ADVANCED_FACE('',(#6062),#264,.F.);
#6605=ADVANCED_FACE('',(#6063),#265,.F.);
#6606=ADVANCED_FACE('',(#6064),#266,.F.);
#6607=ADVANCED_FACE('',(#6065),#267,.F.);
#6608=ADVANCED_FACE('',(#6066),#268,.F.);
#6609=ADVANCED_FACE('',(#6067),#6267,.T.);
#6610=ADVANCED_FACE('',(#6068),#6268,.F.);
#6611=ADVANCED_FACE('',(#6069),#6269,.F.);
#6612=ADVANCED_FACE('',(#6070),#6270,.T.);
#6613=ADVANCED_FACE('',(#6071),#6271,.F.);
#6614=ADVANCED_FACE('',(#6072),#6272,.F.);
#6615=ADVANCED_FACE('',(#6073),#6273,.T.);
#6616=ADVANCED_FACE('',(#6074),#6274,.T.);
#6617=ADVANCED_FACE('',(#6075),#6275,.T.);
#6618=ADVANCED_FACE('',(#6076),#6276,.T.);
#6619=ADVANCED_FACE('',(#6077),#6277,.F.);
#6620=ADVANCED_FACE('',(#6078),#269,.F.);
#6621=ADVANCED_FACE('',(#6079),#6278,.T.);
#6622=ADVANCED_FACE('',(#6080),#6279,.T.);
#6623=ADVANCED_FACE('',(#6081),#6280,.F.);
#6624=ADVANCED_FACE('',(#6082),#270,.F.);
#6625=ADVANCED_FACE('',(#6083),#14,.F.);
#6626=ADVANCED_FACE('',(#6084),#6281,.T.);
#6627=ADVANCED_FACE('',(#6085),#6282,.T.);
#6628=CLOSED_SHELL('',(#6283,#6284,#6285,#6286,#6287,#6288,#6289,#6290,
#6291,#6292,#6293,#6294,#6295,#6296,#6297,#6298,#6299,#6300,#6301,#6302,
#6303,#6304,#6305,#6306,#6307,#6308,#6309,#6310,#6311,#6312,#6313,#6314,
#6315,#6316,#6317,#6318,#6319,#6320,#6321,#6322,#6323,#6324,#6325,#6326,
#6327,#6328,#6329,#6330,#6331,#6332,#6333,#6334,#6335,#6336,#6337,#6338,
#6339,#6340,#6341,#6342,#6343,#6344,#6345,#6346,#6347,#6348,#6349,#6350,
#6351,#6352,#6353,#6354,#6355,#6356,#6357,#6358,#6359,#6360,#6361,#6362,
#6363,#6364,#6365,#6366,#6367,#6368,#6369,#6370,#6371,#6372,#6373,#6374,
#6375,#6376,#6377,#6378,#6379,#6380,#6381,#6382,#6383,#6384,#6385,#6386,
#6387,#6388,#6389,#6390,#6391,#6392,#6393,#6394,#6395,#6396,#6397,#6398,
#6399,#6400,#6401,#6402,#6403,#6404,#6405,#6406,#6407,#6408,#6409,#6410,
#6411,#6412,#6413,#6414,#6415,#6416,#6417,#6418,#6419,#6420,#6421,#6422,
#6423,#6424,#6425,#6426,#6427,#6428,#6429,#6430,#6431,#6432,#6433,#6434,
#6435,#6436,#6437,#6438,#6439,#6440,#6441,#6442,#6443,#6444,#6445,#6446,
#6447,#6448,#6449,#6450,#6451,#6452,#6453,#6454,#6455,#6456,#6457,#6458,
#6459,#6460,#6461,#6462,#6463,#6464,#6465,#6466,#6467,#6468,#6469,#6470,
#6471,#6472,#6473,#6474,#6475,#6476,#6477,#6478,#6479,#6480,#6481,#6482,
#6483,#6484,#6485,#6486,#6487,#6488,#6489,#6490,#6491,#6492,#6493,#6494,
#6495,#6496,#6497,#6498,#6499,#6500,#6501,#6502,#6503,#6504,#6505,#6506,
#6507,#6508,#6509,#6510,#6511,#6512,#6513,#6514,#6515,#6516,#6517,#6518,
#6519,#6520,#6521,#6522,#6523,#6524,#6525,#6526,#6527,#6528,#6529,#6530,
#6531,#6532,#6533,#6534,#6535,#6536,#6537,#6538,#6539,#6540,#6541,#6542,
#6543,#6544,#6545,#6546,#6547,#6548,#6549,#6550,#6551,#6552,#6553,#6554,
#6555,#6556,#6557,#6558,#6559,#6560,#6561,#6562,#6563,#6564,#6565,#6566,
#6567,#6568,#6569,#6570,#6571,#6572,#6573,#6574,#6575,#6576,#6577,#6578,
#6579,#6580,#6581,#6582,#6583,#6584,#6585,#6586,#6587,#6588,#6589,#6590,
#6591,#6592,#6593,#6594,#6595,#6596,#6597,#6598,#6599,#6600,#6601,#6602,
#6603,#6604,#6605,#6606,#6607,#6608,#6609,#6610,#6611,#6612,#6613,#6614,
#6615,#6616,#6617));
#6629=CLOSED_SHELL('',(#6618,#6619,#6620,#6621));
#6630=CLOSED_SHELL('',(#6622,#6623,#6624,#6625,#6626,#6627));
#6631=STYLED_ITEM('',(#6632),#6639);
#6632=PRESENTATION_STYLE_ASSIGNMENT((#6633));
#6633=SURFACE_STYLE_USAGE(.BOTH.,#6634);
#6634=SURFACE_SIDE_STYLE('',(#6635));
#6635=SURFACE_STYLE_FILL_AREA(#6636);
#6636=FILL_AREA_STYLE('',(#6637));
#6637=FILL_AREA_STYLE_COLOUR('',#6638);
#6638=COLOUR_RGB('',0.917647058823529,0.917647058823529,0.917647058823529);
#6639=BREP_WITH_VOIDS('Back Casing',#6628,(#12,#13));
#6640=SHAPE_DEFINITION_REPRESENTATION(#11459,#6641);
#6641=SHAPE_REPRESENTATION('Back Casing',(#6642),#11454);
#6642=AXIS2_PLACEMENT_3D('',#9114,#7269,#7270);
#6643=AXIS2_PLACEMENT_3D('',#9115,#7271,#7272);
#6644=AXIS2_PLACEMENT_3D('',#9116,#7273,#7274);
#6645=AXIS2_PLACEMENT_3D('',#9118,#7275,#7276);
#6646=AXIS2_PLACEMENT_3D('',#9120,#7277,#7278);
#6647=AXIS2_PLACEMENT_3D('',#9122,#7279,#7280);
#6648=AXIS2_PLACEMENT_3D('',#9125,#7281,#7282);
#6649=AXIS2_PLACEMENT_3D('',#9126,#7283,#7284);
#6650=AXIS2_PLACEMENT_3D('',#9129,#7285,#7286);
#6651=AXIS2_PLACEMENT_3D('',#9130,#7287,#7288);
#6652=AXIS2_PLACEMENT_3D('',#9143,#7294,#7295);
#6653=AXIS2_PLACEMENT_3D('',#9147,#7297,#7298);
#6654=AXIS2_PLACEMENT_3D('',#9153,#7301,#7302);
#6655=AXIS2_PLACEMENT_3D('',#9157,#7304,#7305);
#6656=AXIS2_PLACEMENT_3D('',#9161,#7307,#7308);
#6657=AXIS2_PLACEMENT_3D('',#9163,#7309,#7310);
#6658=AXIS2_PLACEMENT_3D('',#9165,#7311,#7312);
#6659=AXIS2_PLACEMENT_3D('',#9169,#7314,#7315);
#6660=AXIS2_PLACEMENT_3D('',#9171,#7316,#7317);
#6661=AXIS2_PLACEMENT_3D('',#9175,#7319,#7320);
#6662=AXIS2_PLACEMENT_3D('',#9177,#7321,#7322);
#6663=AXIS2_PLACEMENT_3D('',#9181,#7324,#7325);
#6664=AXIS2_PLACEMENT_3D('',#9183,#7326,#7327);
#6665=AXIS2_PLACEMENT_3D('',#9185,#7328,#7329);
#6666=AXIS2_PLACEMENT_3D('',#9197,#7335,#7336);
#6667=AXIS2_PLACEMENT_3D('',#9205,#7340,#7341);
#6668=AXIS2_PLACEMENT_3D('',#9207,#7342,#7343);
#6669=AXIS2_PLACEMENT_3D('',#9211,#7345,#7346);
#6670=AXIS2_PLACEMENT_3D('',#9215,#7348,#7349);
#6671=AXIS2_PLACEMENT_3D('',#9219,#7351,#7352);
#6672=AXIS2_PLACEMENT_3D('',#9221,#7353,#7354);
#6673=AXIS2_PLACEMENT_3D('',#9225,#7356,#7357);
#6674=AXIS2_PLACEMENT_3D('',#9226,#7358,#7359);
#6675=AXIS2_PLACEMENT_3D('',#9239,#7366,#7367);
#6676=AXIS2_PLACEMENT_3D('',#9240,#7368,#7369);
#6677=AXIS2_PLACEMENT_3D('',#9242,#7370,#7371);
#6678=AXIS2_PLACEMENT_3D('',#9244,#7372,#7373);
#6679=AXIS2_PLACEMENT_3D('',#9246,#7374,#7375);
#6680=AXIS2_PLACEMENT_3D('',#9249,#7376,#7377);
#6681=AXIS2_PLACEMENT_3D('',#9250,#7378,#7379);
#6682=AXIS2_PLACEMENT_3D('',#9253,#7380,#7381);
#6683=AXIS2_PLACEMENT_3D('',#9254,#7382,#7383);
#6684=AXIS2_PLACEMENT_3D('',#9265,#7388,#7389);
#6685=AXIS2_PLACEMENT_3D('',#9267,#7390,#7391);
#6686=AXIS2_PLACEMENT_3D('',#9269,#7392,#7393);
#6687=AXIS2_PLACEMENT_3D('',#9273,#7395,#7396);
#6688=AXIS2_PLACEMENT_3D('',#9275,#7397,#7398);
#6689=AXIS2_PLACEMENT_3D('',#9279,#7400,#7401);
#6690=AXIS2_PLACEMENT_3D('',#9281,#7402,#7403);
#6691=AXIS2_PLACEMENT_3D('',#9285,#7405,#7406);
#6692=AXIS2_PLACEMENT_3D('',#9287,#7407,#7408);
#6693=AXIS2_PLACEMENT_3D('',#9289,#7409,#7410);
#6694=AXIS2_PLACEMENT_3D('',#9297,#7414,#7415);
#6695=AXIS2_PLACEMENT_3D('',#9301,#7417,#7418);
#6696=AXIS2_PLACEMENT_3D('',#9303,#7419,#7420);
#6697=AXIS2_PLACEMENT_3D('',#9311,#7424,#7425);
#6698=AXIS2_PLACEMENT_3D('',#9313,#7426,#7427);
#6699=AXIS2_PLACEMENT_3D('',#9317,#7429,#7430);
#6700=AXIS2_PLACEMENT_3D('',#9325,#7434,#7435);
#6701=AXIS2_PLACEMENT_3D('',#9329,#7437,#7438);
#6702=AXIS2_PLACEMENT_3D('',#9335,#7441,#7442);
#6703=AXIS2_PLACEMENT_3D('',#9339,#7444,#7445);
#6704=AXIS2_PLACEMENT_3D('',#9342,#7447,#7448);
#6705=AXIS2_PLACEMENT_3D('',#9345,#7451,#7452);
#6706=AXIS2_PLACEMENT_3D('',#9353,#7458,#7459);
#6707=AXIS2_PLACEMENT_3D('',#9359,#7462,#7463);
#6708=AXIS2_PLACEMENT_3D('',#9363,#7465,#7466);
#6709=AXIS2_PLACEMENT_3D('',#9364,#7467,#7468);
#6710=AXIS2_PLACEMENT_3D('',#9368,#7470,#7471);
#6711=AXIS2_PLACEMENT_3D('',#9372,#7473,#7474);
#6712=AXIS2_PLACEMENT_3D('',#9373,#7475,#7476);
#6713=AXIS2_PLACEMENT_3D('',#9377,#7478,#7479);
#6714=AXIS2_PLACEMENT_3D('',#9381,#7481,#7482);
#6715=AXIS2_PLACEMENT_3D('',#9382,#7483,#7484);
#6716=AXIS2_PLACEMENT_3D('',#9385,#7487,#7488);
#6717=AXIS2_PLACEMENT_3D('',#9397,#7495,#7496);
#6718=AXIS2_PLACEMENT_3D('',#9402,#7499,#7500);
#6719=AXIS2_PLACEMENT_3D('',#9403,#7501,#7502);
#6720=AXIS2_PLACEMENT_3D('',#9411,#7506,#7507);
#6721=AXIS2_PLACEMENT_3D('',#9412,#7508,#7509);
#6722=AXIS2_PLACEMENT_3D('',#9426,#7510,#7511);
#6723=AXIS2_PLACEMENT_3D('',#9444,#7513,#7514);
#6724=AXIS2_PLACEMENT_3D('',#9448,#7516,#7517);
#6725=AXIS2_PLACEMENT_3D('',#9453,#7520,#7521);
#6726=AXIS2_PLACEMENT_3D('',#9454,#7522,#7523);
#6727=AXIS2_PLACEMENT_3D('',#9457,#7524,#7525);
#6728=AXIS2_PLACEMENT_3D('',#9459,#7526,#7527);
#6729=AXIS2_PLACEMENT_3D('',#9463,#7530,#7531);
#6730=AXIS2_PLACEMENT_3D('',#9464,#7532,#7533);
#6731=AXIS2_PLACEMENT_3D('',#9472,#7534,#7535);
#6732=AXIS2_PLACEMENT_3D('',#9490,#7537,#7538);
#6733=AXIS2_PLACEMENT_3D('',#9502,#7539,#7540);
#6734=AXIS2_PLACEMENT_3D('',#9515,#7542,#7543);
#6735=AXIS2_PLACEMENT_3D('',#9519,#7545,#7546);
#6736=AXIS2_PLACEMENT_3D('',#9524,#7549,#7550);
#6737=AXIS2_PLACEMENT_3D('',#9528,#7552,#7553);
#6738=AXIS2_PLACEMENT_3D('',#9533,#7556,#7557);
#6739=AXIS2_PLACEMENT_3D('',#9537,#7559,#7560);
#6740=AXIS2_PLACEMENT_3D('',#9542,#7563,#7564);
#6741=AXIS2_PLACEMENT_3D('',#9546,#7566,#7567);
#6742=AXIS2_PLACEMENT_3D('',#9551,#7570,#7571);
#6743=AXIS2_PLACEMENT_3D('',#9555,#7573,#7574);
#6744=AXIS2_PLACEMENT_3D('',#9560,#7577,#7578);
#6745=AXIS2_PLACEMENT_3D('',#9564,#7580,#7581);
#6746=AXIS2_PLACEMENT_3D('',#9569,#7584,#7585);
#6747=AXIS2_PLACEMENT_3D('',#9573,#7587,#7588);
#6748=AXIS2_PLACEMENT_3D('',#9578,#7591,#7592);
#6749=AXIS2_PLACEMENT_3D('',#9579,#7593,#7594);
#6750=AXIS2_PLACEMENT_3D('',#9588,#7598,#7599);
#6751=AXIS2_PLACEMENT_3D('',#9589,#7600,#7601);
#6752=AXIS2_PLACEMENT_3D('',#9590,#7602,#7603);
#6753=AXIS2_PLACEMENT_3D('',#9595,#7606,#7607);
#6754=AXIS2_PLACEMENT_3D('',#9596,#7608,#7609);
#6755=AXIS2_PLACEMENT_3D('',#9604,#7613,#7614);
#6756=AXIS2_PLACEMENT_3D('',#9605,#7615,#7616);
#6757=AXIS2_PLACEMENT_3D('',#9610,#7619,#7620);
#6758=AXIS2_PLACEMENT_3D('',#9611,#7621,#7622);
#6759=AXIS2_PLACEMENT_3D('',#9619,#7626,#7627);
#6760=AXIS2_PLACEMENT_3D('',#9620,#7628,#7629);
#6761=AXIS2_PLACEMENT_3D('',#9625,#7632,#7633);
#6762=AXIS2_PLACEMENT_3D('',#9626,#7634,#7635);
#6763=AXIS2_PLACEMENT_3D('',#9633,#7639,#7640);
#6764=AXIS2_PLACEMENT_3D('',#9634,#7641,#7642);
#6765=AXIS2_PLACEMENT_3D('',#9641,#7646,#7647);
#6766=AXIS2_PLACEMENT_3D('',#9642,#7648,#7649);
#6767=AXIS2_PLACEMENT_3D('',#9647,#7652,#7653);
#6768=AXIS2_PLACEMENT_3D('',#9648,#7654,#7655);
#6769=AXIS2_PLACEMENT_3D('',#9656,#7659,#7660);
#6770=AXIS2_PLACEMENT_3D('',#9657,#7661,#7662);
#6771=AXIS2_PLACEMENT_3D('',#9662,#7665,#7666);
#6772=AXIS2_PLACEMENT_3D('',#9663,#7667,#7668);
#6773=AXIS2_PLACEMENT_3D('',#9671,#7672,#7673);
#6774=AXIS2_PLACEMENT_3D('',#9672,#7674,#7675);
#6775=AXIS2_PLACEMENT_3D('',#9677,#7678,#7679);
#6776=AXIS2_PLACEMENT_3D('',#9678,#7680,#7681);
#6777=AXIS2_PLACEMENT_3D('',#9685,#7685,#7686);
#6778=AXIS2_PLACEMENT_3D('',#9686,#7687,#7688);
#6779=AXIS2_PLACEMENT_3D('',#9692,#7691,#7692);
#6780=AXIS2_PLACEMENT_3D('',#9693,#7693,#7694);
#6781=AXIS2_PLACEMENT_3D('',#9694,#7695,#7696);
#6782=AXIS2_PLACEMENT_3D('',#9697,#7697,#7698);
#6783=AXIS2_PLACEMENT_3D('',#9699,#7699,#7700);
#6784=AXIS2_PLACEMENT_3D('',#9702,#7702,#7703);
#6785=AXIS2_PLACEMENT_3D('',#9703,#7704,#7705);
#6786=AXIS2_PLACEMENT_3D('',#9711,#7706,#7707);
#6787=AXIS2_PLACEMENT_3D('',#9713,#7708,#7709);
#6788=AXIS2_PLACEMENT_3D('',#9714,#7710,#7711);
#6789=AXIS2_PLACEMENT_3D('',#9716,#7712,#7713);
#6790=AXIS2_PLACEMENT_3D('',#9718,#7714,#7715);
#6791=AXIS2_PLACEMENT_3D('',#9722,#7719,#7720);
#6792=AXIS2_PLACEMENT_3D('',#9728,#7724,#7725);
#6793=AXIS2_PLACEMENT_3D('',#9730,#7727,#7728);
#6794=AXIS2_PLACEMENT_3D('',#9749,#7733,#7734);
#6795=AXIS2_PLACEMENT_3D('',#9751,#7735,#7736);
#6796=AXIS2_PLACEMENT_3D('',#9753,#7737,#7738);
#6797=AXIS2_PLACEMENT_3D('',#9799,#7756,#7757);
#6798=AXIS2_PLACEMENT_3D('',#9801,#7759,#7760);
#6799=AXIS2_PLACEMENT_3D('',#9803,#7762,#7763);
#6800=AXIS2_PLACEMENT_3D('',#9805,#7765,#7766);
#6801=AXIS2_PLACEMENT_3D('',#9808,#7769,#7770);
#6802=AXIS2_PLACEMENT_3D('',#9810,#7772,#7773);
#6803=AXIS2_PLACEMENT_3D('',#9818,#7779,#7780);
#6804=AXIS2_PLACEMENT_3D('',#9820,#7782,#7783);
#6805=AXIS2_PLACEMENT_3D('',#9822,#7785,#7786);
#6806=AXIS2_PLACEMENT_3D('',#9824,#7788,#7789);
#6807=AXIS2_PLACEMENT_3D('',#9826,#7791,#7792);
#6808=AXIS2_PLACEMENT_3D('',#9828,#7794,#7795);
#6809=AXIS2_PLACEMENT_3D('',#9830,#7797,#7798);
#6810=AXIS2_PLACEMENT_3D('',#9832,#7800,#7801);
#6811=AXIS2_PLACEMENT_3D('',#9834,#7803,#7804);
#6812=AXIS2_PLACEMENT_3D('',#9835,#7805,#7806);
#6813=AXIS2_PLACEMENT_3D('',#9837,#7808,#7809);
#6814=AXIS2_PLACEMENT_3D('',#9839,#7811,#7812);
#6815=AXIS2_PLACEMENT_3D('',#9840,#7813,#7814);
#6816=AXIS2_PLACEMENT_3D('',#9843,#7817,#7818);
#6817=AXIS2_PLACEMENT_3D('',#9845,#7820,#7821);
#6818=AXIS2_PLACEMENT_3D('',#9847,#7823,#7824);
#6819=AXIS2_PLACEMENT_3D('',#9849,#7826,#7827);
#6820=AXIS2_PLACEMENT_3D('',#9851,#7829,#7830);
#6821=AXIS2_PLACEMENT_3D('',#9853,#7832,#7833);
#6822=AXIS2_PLACEMENT_3D('',#9855,#7835,#7836);
#6823=AXIS2_PLACEMENT_3D('',#9857,#7838,#7839);
#6824=AXIS2_PLACEMENT_3D('',#9864,#7844,#7845);
#6825=AXIS2_PLACEMENT_3D('',#9871,#7850,#7851);
#6826=AXIS2_PLACEMENT_3D('',#9872,#7852,#7853);
#6827=AXIS2_PLACEMENT_3D('',#9873,#7854,#7855);
#6828=AXIS2_PLACEMENT_3D('',#9874,#7856,#7857);
#6829=AXIS2_PLACEMENT_3D('',#9875,#7858,#7859);
#6830=AXIS2_PLACEMENT_3D('',#9876,#7860,#7861);
#6831=AXIS2_PLACEMENT_3D('',#9877,#7862,#7863);
#6832=AXIS2_PLACEMENT_3D('',#9878,#7864,#7865);
#6833=AXIS2_PLACEMENT_3D('',#9879,#7866,#7867);
#6834=AXIS2_PLACEMENT_3D('',#9881,#7869,#7870);
#6835=AXIS2_PLACEMENT_3D('',#9885,#7873,#7874);
#6836=AXIS2_PLACEMENT_3D('',#9896,#7880,#7881);
#6837=AXIS2_PLACEMENT_3D('',#9897,#7882,#7883);
#6838=AXIS2_PLACEMENT_3D('',#9902,#7885,#7886);
#6839=AXIS2_PLACEMENT_3D('',#9905,#7888,#7889);
#6840=AXIS2_PLACEMENT_3D('',#9911,#7893,#7894);
#6841=AXIS2_PLACEMENT_3D('',#9920,#7899,#7900);
#6842=AXIS2_PLACEMENT_3D('',#9926,#7904,#7905);
#6843=AXIS2_PLACEMENT_3D('',#9932,#7909,#7910);
#6844=AXIS2_PLACEMENT_3D('',#9933,#7911,#7912);
#6845=AXIS2_PLACEMENT_3D('',#9937,#7915,#7916);
#6846=AXIS2_PLACEMENT_3D('',#9941,#7919,#7920);
#6847=AXIS2_PLACEMENT_3D('',#9983,#7942,#7943);
#6848=AXIS2_PLACEMENT_3D('',#9984,#7944,#7945);
#6849=AXIS2_PLACEMENT_3D('',#9985,#7946,#7947);
#6850=AXIS2_PLACEMENT_3D('',#9987,#7948,#7949);
#6851=AXIS2_PLACEMENT_3D('',#9989,#7950,#7951);
#6852=AXIS2_PLACEMENT_3D('',#9990,#7952,#7953);
#6853=AXIS2_PLACEMENT_3D('',#9991,#7954,#7955);
#6854=AXIS2_PLACEMENT_3D('',#9996,#7958,#7959);
#6855=AXIS2_PLACEMENT_3D('',#9997,#7960,#7961);
#6856=AXIS2_PLACEMENT_3D('',#9999,#7962,#7963);
#6857=AXIS2_PLACEMENT_3D('',#10000,#7964,#7965);
#6858=AXIS2_PLACEMENT_3D('',#10001,#7966,#7967);
#6859=AXIS2_PLACEMENT_3D('',#10003,#7968,#7969);
#6860=AXIS2_PLACEMENT_3D('',#10006,#7971,#7972);
#6861=AXIS2_PLACEMENT_3D('',#10018,#7974,#7975);
#6862=AXIS2_PLACEMENT_3D('',#10019,#7976,#7977);
#6863=AXIS2_PLACEMENT_3D('',#10024,#7979,#7980);
#6864=AXIS2_PLACEMENT_3D('',#10027,#7982,#7983);
#6865=AXIS2_PLACEMENT_3D('',#10030,#7985,#7986);
#6866=AXIS2_PLACEMENT_3D('',#10037,#7990,#7991);
#6867=AXIS2_PLACEMENT_3D('',#10041,#7993,#7994);
#6868=AXIS2_PLACEMENT_3D('',#10042,#7995,#7996);
#6869=AXIS2_PLACEMENT_3D('',#10048,#8000,#8001);
#6870=AXIS2_PLACEMENT_3D('',#10050,#8003,#8004);
#6871=AXIS2_PLACEMENT_3D('',#10051,#8005,#8006);
#6872=AXIS2_PLACEMENT_3D('',#10078,#8008,#8009);
#6873=AXIS2_PLACEMENT_3D('',#10096,#8011,#8012);
#6874=AXIS2_PLACEMENT_3D('',#10097,#8013,#8014);
#6875=AXIS2_PLACEMENT_3D('',#10121,#8016,#8017);
#6876=AXIS2_PLACEMENT_3D('',#10150,#8019,#8020);
#6877=AXIS2_PLACEMENT_3D('',#10151,#8021,#8022);
#6878=AXIS2_PLACEMENT_3D('',#10152,#8023,#8024);
#6879=AXIS2_PLACEMENT_3D('',#10176,#8026,#8027);
#6880=AXIS2_PLACEMENT_3D('',#10177,#8028,#8029);
#6881=AXIS2_PLACEMENT_3D('',#10204,#8031,#8032);
#6882=AXIS2_PLACEMENT_3D('',#10222,#8034,#8035);
#6883=AXIS2_PLACEMENT_3D('',#10241,#8037,#8038);
#6884=AXIS2_PLACEMENT_3D('',#10260,#8040,#8041);
#6885=AXIS2_PLACEMENT_3D('',#10261,#8042,#8043);
#6886=AXIS2_PLACEMENT_3D('',#10280,#8045,#8046);
#6887=AXIS2_PLACEMENT_3D('',#10299,#8048,#8049);
#6888=AXIS2_PLACEMENT_3D('',#10300,#8050,#8051);
#6889=AXIS2_PLACEMENT_3D('',#10319,#8053,#8054);
#6890=AXIS2_PLACEMENT_3D('',#10338,#8056,#8057);
#6891=AXIS2_PLACEMENT_3D('',#10339,#8058,#8059);
#6892=AXIS2_PLACEMENT_3D('',#10358,#8061,#8062);
#6893=AXIS2_PLACEMENT_3D('',#10377,#8064,#8065);
#6894=AXIS2_PLACEMENT_3D('',#10378,#8066,#8067);
#6895=AXIS2_PLACEMENT_3D('',#10392,#8069,#8070);
#6896=AXIS2_PLACEMENT_3D('',#10415,#8072,#8073);
#6897=AXIS2_PLACEMENT_3D('',#10420,#8074,#8075);
#6898=AXIS2_PLACEMENT_3D('',#10421,#8076,#8077);
#6899=AXIS2_PLACEMENT_3D('',#10441,#8079,#8080);
#6900=AXIS2_PLACEMENT_3D('',#10459,#8082,#8083);
#6901=AXIS2_PLACEMENT_3D('',#10463,#8085,#8086);
#6902=AXIS2_PLACEMENT_3D('',#10467,#8088,#8089);
#6903=AXIS2_PLACEMENT_3D('',#10472,#8092,#8093);
#6904=AXIS2_PLACEMENT_3D('',#10476,#8095,#8096);
#6905=AXIS2_PLACEMENT_3D('',#10480,#8098,#8099);
#6906=AXIS2_PLACEMENT_3D('',#10485,#8102,#8103);
#6907=AXIS2_PLACEMENT_3D('',#10489,#8105,#8106);
#6908=AXIS2_PLACEMENT_3D('',#10493,#8108,#8109);
#6909=AXIS2_PLACEMENT_3D('',#10498,#8112,#8113);
#6910=AXIS2_PLACEMENT_3D('',#10505,#8114,#8115);
#6911=AXIS2_PLACEMENT_3D('',#10509,#8117,#8118);
#6912=AXIS2_PLACEMENT_3D('',#10517,#8120,#8121);
#6913=AXIS2_PLACEMENT_3D('',#10518,#8122,#8123);
#6914=AXIS2_PLACEMENT_3D('',#10520,#8124,#8125);
#6915=AXIS2_PLACEMENT_3D('',#10521,#8126,#8127);
#6916=AXIS2_PLACEMENT_3D('',#10522,#8128,#8129);
#6917=AXIS2_PLACEMENT_3D('',#10526,#8132,#8133);
#6918=AXIS2_PLACEMENT_3D('',#10532,#8135,#8136);
#6919=AXIS2_PLACEMENT_3D('',#10533,#8137,#8138);
#6920=AXIS2_PLACEMENT_3D('',#10534,#8139,#8140);
#6921=AXIS2_PLACEMENT_3D('',#10535,#8141,#8142);
#6922=AXIS2_PLACEMENT_3D('',#10538,#8143,#8144);
#6923=AXIS2_PLACEMENT_3D('',#10540,#8146,#8147);
#6924=AXIS2_PLACEMENT_3D('',#10546,#8151,#8152);
#6925=AXIS2_PLACEMENT_3D('',#10552,#8156,#8157);
#6926=AXIS2_PLACEMENT_3D('',#10558,#8161,#8162);
#6927=AXIS2_PLACEMENT_3D('',#10566,#8166,#8167);
#6928=AXIS2_PLACEMENT_3D('',#10569,#8169,#8170);
#6929=AXIS2_PLACEMENT_3D('',#10570,#8171,#8172);
#6930=AXIS2_PLACEMENT_3D('',#10578,#8176,#8177);
#6931=AXIS2_PLACEMENT_3D('',#10579,#8178,#8179);
#6932=AXIS2_PLACEMENT_3D('',#10580,#8180,#8181);
#6933=AXIS2_PLACEMENT_3D('',#10583,#8183,#8184);
#6934=AXIS2_PLACEMENT_3D('',#10584,#8185,#8186);
#6935=AXIS2_PLACEMENT_3D('',#10585,#8187,#8188);
#6936=AXIS2_PLACEMENT_3D('',#10588,#8190,#8191);
#6937=AXIS2_PLACEMENT_3D('',#10589,#8192,#8193);
#6938=AXIS2_PLACEMENT_3D('',#10590,#8194,#8195);
#6939=AXIS2_PLACEMENT_3D('',#10593,#8197,#8198);
#6940=AXIS2_PLACEMENT_3D('',#10594,#8199,#8200);
#6941=AXIS2_PLACEMENT_3D('',#10595,#8201,#8202);
#6942=AXIS2_PLACEMENT_3D('',#10598,#8204,#8205);
#6943=AXIS2_PLACEMENT_3D('',#10599,#8206,#8207);
#6944=AXIS2_PLACEMENT_3D('',#10600,#8208,#8209);
#6945=AXIS2_PLACEMENT_3D('',#10603,#8211,#8212);
#6946=AXIS2_PLACEMENT_3D('',#10604,#8213,#8214);
#6947=AXIS2_PLACEMENT_3D('',#10605,#8215,#8216);
#6948=AXIS2_PLACEMENT_3D('',#10608,#8218,#8219);
#6949=AXIS2_PLACEMENT_3D('',#10609,#8220,#8221);
#6950=AXIS2_PLACEMENT_3D('',#10610,#8222,#8223);
#6951=AXIS2_PLACEMENT_3D('',#10613,#8225,#8226);
#6952=AXIS2_PLACEMENT_3D('',#10614,#8227,#8228);
#6953=AXIS2_PLACEMENT_3D('',#10615,#8229,#8230);
#6954=AXIS2_PLACEMENT_3D('',#10618,#8232,#8233);
#6955=AXIS2_PLACEMENT_3D('',#10619,#8234,#8235);
#6956=AXIS2_PLACEMENT_3D('',#10620,#8236,#8237);
#6957=AXIS2_PLACEMENT_3D('',#10628,#8241,#8242);
#6958=AXIS2_PLACEMENT_3D('',#10629,#8243,#8244);
#6959=AXIS2_PLACEMENT_3D('',#10630,#8245,#8246);
#6960=AXIS2_PLACEMENT_3D('',#10639,#8251,#8252);
#6961=AXIS2_PLACEMENT_3D('',#10642,#8254,#8255);
#6962=AXIS2_PLACEMENT_3D('',#10647,#8258,#8259);
#6963=AXIS2_PLACEMENT_3D('',#10648,#8260,#8261);
#6964=AXIS2_PLACEMENT_3D('',#10652,#8263,#8264);
#6965=AXIS2_PLACEMENT_3D('',#10660,#8268,#8269);
#6966=AXIS2_PLACEMENT_3D('',#10664,#8271,#8272);
#6967=AXIS2_PLACEMENT_3D('',#10669,#8275,#8276);
#6968=AXIS2_PLACEMENT_3D('',#10673,#8278,#8279);
#6969=AXIS2_PLACEMENT_3D('',#10678,#8282,#8283);
#6970=AXIS2_PLACEMENT_3D('',#10682,#8285,#8286);
#6971=AXIS2_PLACEMENT_3D('',#10687,#8289,#8290);
#6972=AXIS2_PLACEMENT_3D('',#10691,#8292,#8293);
#6973=AXIS2_PLACEMENT_3D('',#10696,#8296,#8297);
#6974=AXIS2_PLACEMENT_3D('',#10700,#8299,#8300);
#6975=AXIS2_PLACEMENT_3D('',#10705,#8303,#8304);
#6976=AXIS2_PLACEMENT_3D('',#10709,#8306,#8307);
#6977=AXIS2_PLACEMENT_3D('',#10714,#8310,#8311);
#6978=AXIS2_PLACEMENT_3D('',#10718,#8313,#8314);
#6979=AXIS2_PLACEMENT_3D('',#10723,#8317,#8318);
#6980=AXIS2_PLACEMENT_3D('',#10727,#8320,#8321);
#6981=AXIS2_PLACEMENT_3D('',#10732,#8324,#8325);
#6982=AXIS2_PLACEMENT_3D('',#10736,#8327,#8328);
#6983=AXIS2_PLACEMENT_3D('',#10744,#8332,#8333);
#6984=AXIS2_PLACEMENT_3D('',#10748,#8335,#8336);
#6985=AXIS2_PLACEMENT_3D('',#10756,#8340,#8341);
#6986=AXIS2_PLACEMENT_3D('',#10760,#8343,#8344);
#6987=AXIS2_PLACEMENT_3D('',#10768,#8348,#8349);
#6988=AXIS2_PLACEMENT_3D('',#10772,#8351,#8352);
#6989=AXIS2_PLACEMENT_3D('',#10780,#8356,#8357);
#6990=AXIS2_PLACEMENT_3D('',#10784,#8359,#8360);
#6991=AXIS2_PLACEMENT_3D('',#10791,#8364,#8365);
#6992=AXIS2_PLACEMENT_3D('',#10796,#8369,#8370);
#6993=AXIS2_PLACEMENT_3D('',#10799,#8372,#8373);
#6994=AXIS2_PLACEMENT_3D('',#10800,#8374,#8375);
#6995=AXIS2_PLACEMENT_3D('',#10801,#8376,#8377);
#6996=AXIS2_PLACEMENT_3D('',#10803,#8379,#8380);
#6997=AXIS2_PLACEMENT_3D('',#10825,#8386,#8387);
#6998=AXIS2_PLACEMENT_3D('',#10828,#8388,#8389);
#6999=AXIS2_PLACEMENT_3D('',#10830,#8390,#8391);
#7000=AXIS2_PLACEMENT_3D('',#10832,#8392,#8393);
#7001=AXIS2_PLACEMENT_3D('',#10833,#8394,#8395);
#7002=AXIS2_PLACEMENT_3D('',#10835,#8397,#8398);
#7003=AXIS2_PLACEMENT_3D('',#10838,#8401,#8402);
#7004=AXIS2_PLACEMENT_3D('',#10841,#8405,#8406);
#7005=AXIS2_PLACEMENT_3D('',#10844,#8409,#8410);
#7006=AXIS2_PLACEMENT_3D('',#10847,#8413,#8414);
#7007=AXIS2_PLACEMENT_3D('',#10850,#8417,#8418);
#7008=AXIS2_PLACEMENT_3D('',#10851,#8419,#8420);
#7009=AXIS2_PLACEMENT_3D('',#10854,#8422,#8423);
#7010=AXIS2_PLACEMENT_3D('',#10855,#8424,#8425);
#7011=AXIS2_PLACEMENT_3D('',#10858,#8427,#8428);
#7012=AXIS2_PLACEMENT_3D('',#10859,#8429,#8430);
#7013=AXIS2_PLACEMENT_3D('',#10862,#8432,#8433);
#7014=AXIS2_PLACEMENT_3D('',#10863,#8434,#8435);
#7015=AXIS2_PLACEMENT_3D('',#10866,#8437,#8438);
#7016=AXIS2_PLACEMENT_3D('',#10867,#8439,#8440);
#7017=AXIS2_PLACEMENT_3D('',#10870,#8442,#8443);
#7018=AXIS2_PLACEMENT_3D('',#10871,#8444,#8445);
#7019=AXIS2_PLACEMENT_3D('',#10874,#8447,#8448);
#7020=AXIS2_PLACEMENT_3D('',#10875,#8449,#8450);
#7021=AXIS2_PLACEMENT_3D('',#10878,#8452,#8453);
#7022=AXIS2_PLACEMENT_3D('',#10879,#8454,#8455);
#7023=AXIS2_PLACEMENT_3D('',#10882,#8457,#8458);
#7024=AXIS2_PLACEMENT_3D('',#10885,#8461,#8462);
#7025=AXIS2_PLACEMENT_3D('',#10888,#8465,#8466);
#7026=AXIS2_PLACEMENT_3D('',#10890,#8468,#8469);
#7027=AXIS2_PLACEMENT_3D('',#10893,#8472,#8473);
#7028=AXIS2_PLACEMENT_3D('',#10896,#8476,#8477);
#7029=AXIS2_PLACEMENT_3D('',#10897,#8478,#8479);
#7030=AXIS2_PLACEMENT_3D('',#10902,#8482,#8483);
#7031=AXIS2_PLACEMENT_3D('',#10903,#8484,#8485);
#7032=AXIS2_PLACEMENT_3D('',#10908,#8488,#8489);
#7033=AXIS2_PLACEMENT_3D('',#10911,#8492,#8493);
#7034=AXIS2_PLACEMENT_3D('',#10914,#8496,#8497);
#7035=AXIS2_PLACEMENT_3D('',#10915,#8498,#8499);
#7036=AXIS2_PLACEMENT_3D('',#10920,#8502,#8503);
#7037=AXIS2_PLACEMENT_3D('',#10921,#8504,#8505);
#7038=AXIS2_PLACEMENT_3D('',#10926,#8508,#8509);
#7039=AXIS2_PLACEMENT_3D('',#10929,#8512,#8513);
#7040=AXIS2_PLACEMENT_3D('',#10932,#8516,#8517);
#7041=AXIS2_PLACEMENT_3D('',#10935,#8520,#8521);
#7042=AXIS2_PLACEMENT_3D('',#10938,#8524,#8525);
#7043=AXIS2_PLACEMENT_3D('',#10941,#8528,#8529);
#7044=AXIS2_PLACEMENT_3D('',#10944,#8532,#8533);
#7045=AXIS2_PLACEMENT_3D('',#10947,#8536,#8537);
#7046=AXIS2_PLACEMENT_3D('',#10949,#8539,#8540);
#7047=AXIS2_PLACEMENT_3D('',#10952,#8543,#8544);
#7048=AXIS2_PLACEMENT_3D('',#10953,#8545,#8546);
#7049=AXIS2_PLACEMENT_3D('',#10962,#8549,#8550);
#7050=AXIS2_PLACEMENT_3D('',#10967,#8551,#8552);
#7051=AXIS2_PLACEMENT_3D('',#10976,#8555,#8556);
#7052=AXIS2_PLACEMENT_3D('',#10981,#8557,#8558);
#7053=AXIS2_PLACEMENT_3D('',#10984,#8561,#8562);
#7054=AXIS2_PLACEMENT_3D('',#10985,#8563,#8564);
#7055=AXIS2_PLACEMENT_3D('',#10988,#8567,#8568);
#7056=AXIS2_PLACEMENT_3D('',#10989,#8569,#8570);
#7057=AXIS2_PLACEMENT_3D('',#10998,#8573,#8574);
#7058=AXIS2_PLACEMENT_3D('',#11003,#8575,#8576);
#7059=AXIS2_PLACEMENT_3D('',#11012,#8579,#8580);
#7060=AXIS2_PLACEMENT_3D('',#11017,#8581,#8582);
#7061=AXIS2_PLACEMENT_3D('',#11020,#8585,#8586);
#7062=AXIS2_PLACEMENT_3D('',#11021,#8587,#8588);
#7063=AXIS2_PLACEMENT_3D('',#11024,#8591,#8592);
#7064=AXIS2_PLACEMENT_3D('',#11026,#8594,#8595);
#7065=AXIS2_PLACEMENT_3D('',#11029,#8598,#8599);
#7066=AXIS2_PLACEMENT_3D('',#11031,#8601,#8602);
#7067=AXIS2_PLACEMENT_3D('',#11034,#8605,#8606);
#7068=AXIS2_PLACEMENT_3D('',#11036,#8608,#8609);
#7069=AXIS2_PLACEMENT_3D('',#11039,#8612,#8613);
#7070=AXIS2_PLACEMENT_3D('',#11041,#8615,#8616);
#7071=AXIS2_PLACEMENT_3D('',#11044,#8619,#8620);
#7072=AXIS2_PLACEMENT_3D('',#11046,#8622,#8623);
#7073=AXIS2_PLACEMENT_3D('',#11047,#8624,#8625);
#7074=AXIS2_PLACEMENT_3D('',#11050,#8628,#8629);
#7075=AXIS2_PLACEMENT_3D('',#11051,#8630,#8631);
#7076=AXIS2_PLACEMENT_3D('',#11052,#8632,#8633);
#7077=AXIS2_PLACEMENT_3D('',#11053,#8634,#8635);
#7078=AXIS2_PLACEMENT_3D('',#11056,#8637,#8638);
#7079=AXIS2_PLACEMENT_3D('',#11057,#8639,#8640);
#7080=AXIS2_PLACEMENT_3D('',#11058,#8641,#8642);
#7081=AXIS2_PLACEMENT_3D('',#11059,#8643,#8644);
#7082=AXIS2_PLACEMENT_3D('',#11062,#8646,#8647);
#7083=AXIS2_PLACEMENT_3D('',#11063,#8648,#8649);
#7084=AXIS2_PLACEMENT_3D('',#11064,#8650,#8651);
#7085=AXIS2_PLACEMENT_3D('',#11065,#8652,#8653);
#7086=AXIS2_PLACEMENT_3D('',#11067,#8655,#8656);
#7087=AXIS2_PLACEMENT_3D('',#11068,#8657,#8658);
#7088=AXIS2_PLACEMENT_3D('',#11069,#8659,#8660);
#7089=AXIS2_PLACEMENT_3D('',#11070,#8661,#8662);
#7090=AXIS2_PLACEMENT_3D('',#11072,#8663,#8664);
#7091=AXIS2_PLACEMENT_3D('',#11074,#8666,#8667);
#7092=AXIS2_PLACEMENT_3D('',#11075,#8668,#8669);
#7093=AXIS2_PLACEMENT_3D('',#11076,#8670,#8671);
#7094=AXIS2_PLACEMENT_3D('',#11077,#8672,#8673);
#7095=AXIS2_PLACEMENT_3D('',#11080,#8675,#8676);
#7096=AXIS2_PLACEMENT_3D('',#11081,#8677,#8678);
#7097=AXIS2_PLACEMENT_3D('',#11082,#8679,#8680);
#7098=AXIS2_PLACEMENT_3D('',#11083,#8681,#8682);
#7099=AXIS2_PLACEMENT_3D('',#11086,#8684,#8685);
#7100=AXIS2_PLACEMENT_3D('',#11087,#8686,#8687);
#7101=AXIS2_PLACEMENT_3D('',#11088,#8688,#8689);
#7102=AXIS2_PLACEMENT_3D('',#11089,#8690,#8691);
#7103=AXIS2_PLACEMENT_3D('',#11092,#8693,#8694);
#7104=AXIS2_PLACEMENT_3D('',#11093,#8695,#8696);
#7105=AXIS2_PLACEMENT_3D('',#11094,#8697,#8698);
#7106=AXIS2_PLACEMENT_3D('',#11095,#8699,#8700);
#7107=AXIS2_PLACEMENT_3D('',#11097,#8702,#8703);
#7108=AXIS2_PLACEMENT_3D('',#11098,#8704,#8705);
#7109=AXIS2_PLACEMENT_3D('',#11101,#8708,#8709);
#7110=AXIS2_PLACEMENT_3D('',#11102,#8710,#8711);
#7111=AXIS2_PLACEMENT_3D('',#11105,#8714,#8715);
#7112=AXIS2_PLACEMENT_3D('',#11106,#8716,#8717);
#7113=AXIS2_PLACEMENT_3D('',#11109,#8720,#8721);
#7114=AXIS2_PLACEMENT_3D('',#11110,#8722,#8723);
#7115=AXIS2_PLACEMENT_3D('',#11113,#8726,#8727);
#7116=AXIS2_PLACEMENT_3D('',#11114,#8728,#8729);
#7117=AXIS2_PLACEMENT_3D('',#11117,#8732,#8733);
#7118=AXIS2_PLACEMENT_3D('',#11119,#8735,#8736);
#7119=AXIS2_PLACEMENT_3D('',#11121,#8738,#8739);
#7120=AXIS2_PLACEMENT_3D('',#11127,#8745,#8746);
#7121=AXIS2_PLACEMENT_3D('',#11129,#8748,#8749);
#7122=AXIS2_PLACEMENT_3D('',#11130,#8750,#8751);
#7123=AXIS2_PLACEMENT_3D('',#11133,#8753,#8754);
#7124=AXIS2_PLACEMENT_3D('',#11134,#8755,#8756);
#7125=AXIS2_PLACEMENT_3D('',#11137,#8758,#8759);
#7126=AXIS2_PLACEMENT_3D('',#11139,#8761,#8762);
#7127=AXIS2_PLACEMENT_3D('',#11141,#8764,#8765);
#7128=AXIS2_PLACEMENT_3D('',#11142,#8766,#8767);
#7129=AXIS2_PLACEMENT_3D('',#11145,#8769,#8770);
#7130=AXIS2_PLACEMENT_3D('',#11146,#8771,#8772);
#7131=AXIS2_PLACEMENT_3D('',#11149,#8774,#8775);
#7132=AXIS2_PLACEMENT_3D('',#11151,#8777,#8778);
#7133=AXIS2_PLACEMENT_3D('',#11153,#8780,#8781);
#7134=AXIS2_PLACEMENT_3D('',#11155,#8783,#8784);
#7135=AXIS2_PLACEMENT_3D('',#11156,#8785,#8786);
#7136=AXIS2_PLACEMENT_3D('',#11157,#8787,#8788);
#7137=AXIS2_PLACEMENT_3D('',#11158,#8789,#8790);
#7138=AXIS2_PLACEMENT_3D('',#11159,#8791,#8792);
#7139=AXIS2_PLACEMENT_3D('',#11160,#8793,#8794);
#7140=AXIS2_PLACEMENT_3D('',#11161,#8795,#8796);
#7141=AXIS2_PLACEMENT_3D('',#11162,#8797,#8798);
#7142=AXIS2_PLACEMENT_3D('',#11163,#8799,#8800);
#7143=AXIS2_PLACEMENT_3D('',#11164,#8801,#8802);
#7144=AXIS2_PLACEMENT_3D('',#11165,#8803,#8804);
#7145=AXIS2_PLACEMENT_3D('',#11166,#8805,#8806);
#7146=AXIS2_PLACEMENT_3D('',#11167,#8807,#8808);
#7147=AXIS2_PLACEMENT_3D('',#11172,#8809,#8810);
#7148=AXIS2_PLACEMENT_3D('',#11177,#8811,#8812);
#7149=AXIS2_PLACEMENT_3D('',#11182,#8813,#8814);
#7150=AXIS2_PLACEMENT_3D('',#11187,#8815,#8816);
#7151=AXIS2_PLACEMENT_3D('',#11192,#8817,#8818);
#7152=AXIS2_PLACEMENT_3D('',#11197,#8819,#8820);
#7153=AXIS2_PLACEMENT_3D('',#11198,#8821,#8822);
#7154=AXIS2_PLACEMENT_3D('',#11199,#8823,#8824);
#7155=AXIS2_PLACEMENT_3D('',#11200,#8825,#8826);
#7156=AXIS2_PLACEMENT_3D('',#11205,#8827,#8828);
#7157=AXIS2_PLACEMENT_3D('',#11210,#8829,#8830);
#7158=AXIS2_PLACEMENT_3D('',#11215,#8831,#8832);
#7159=AXIS2_PLACEMENT_3D('',#11220,#8833,#8834);
#7160=AXIS2_PLACEMENT_3D('',#11225,#8835,#8836);
#7161=AXIS2_PLACEMENT_3D('',#11226,#8837,#8838);
#7162=AXIS2_PLACEMENT_3D('',#11227,#8839,#8840);
#7163=AXIS2_PLACEMENT_3D('',#11228,#8841,#8842);
#7164=AXIS2_PLACEMENT_3D('',#11229,#8843,#8844);
#7165=AXIS2_PLACEMENT_3D('',#11230,#8845,#8846);
#7166=AXIS2_PLACEMENT_3D('',#11231,#8847,#8848);
#7167=AXIS2_PLACEMENT_3D('',#11235,#8851,#8852);
#7168=AXIS2_PLACEMENT_3D('',#11237,#8854,#8855);
#7169=AXIS2_PLACEMENT_3D('',#11239,#8857,#8858);
#7170=AXIS2_PLACEMENT_3D('',#11240,#8859,#8860);
#7171=AXIS2_PLACEMENT_3D('',#11244,#8863,#8864);
#7172=AXIS2_PLACEMENT_3D('',#11246,#8866,#8867);
#7173=AXIS2_PLACEMENT_3D('',#11248,#8869,#8870);
#7174=AXIS2_PLACEMENT_3D('',#11249,#8871,#8872);
#7175=AXIS2_PLACEMENT_3D('',#11253,#8875,#8876);
#7176=AXIS2_PLACEMENT_3D('',#11255,#8878,#8879);
#7177=AXIS2_PLACEMENT_3D('',#11257,#8881,#8882);
#7178=AXIS2_PLACEMENT_3D('',#11258,#8883,#8884);
#7179=AXIS2_PLACEMENT_3D('',#11262,#8887,#8888);
#7180=AXIS2_PLACEMENT_3D('',#11264,#8890,#8891);
#7181=AXIS2_PLACEMENT_3D('',#11266,#8893,#8894);
#7182=AXIS2_PLACEMENT_3D('',#11267,#8895,#8896);
#7183=AXIS2_PLACEMENT_3D('',#11268,#8897,#8898);
#7184=AXIS2_PLACEMENT_3D('',#11271,#8899,#8900);
#7185=AXIS2_PLACEMENT_3D('',#11273,#8901,#8902);
#7186=AXIS2_PLACEMENT_3D('',#11275,#8903,#8904);
#7187=AXIS2_PLACEMENT_3D('',#11276,#8905,#8906);
#7188=AXIS2_PLACEMENT_3D('',#11279,#8909,#8910);
#7189=AXIS2_PLACEMENT_3D('',#11282,#8913,#8914);
#7190=AXIS2_PLACEMENT_3D('',#11283,#8915,#8916);
#7191=AXIS2_PLACEMENT_3D('',#11285,#8917,#8918);
#7192=AXIS2_PLACEMENT_3D('',#11287,#8919,#8920);
#7193=AXIS2_PLACEMENT_3D('',#11288,#8921,#8922);
#7194=AXIS2_PLACEMENT_3D('',#11290,#8923,#8924);
#7195=AXIS2_PLACEMENT_3D('',#11292,#8925,#8926);
#7196=AXIS2_PLACEMENT_3D('',#11293,#8927,#8928);
#7197=AXIS2_PLACEMENT_3D('',#11298,#8931,#8932);
#7198=AXIS2_PLACEMENT_3D('',#11301,#8934,#8935);
#7199=AXIS2_PLACEMENT_3D('',#11304,#8937,#8938);
#7200=AXIS2_PLACEMENT_3D('',#11305,#8939,#8940);
#7201=AXIS2_PLACEMENT_3D('',#11306,#8941,#8942);
#7202=AXIS2_PLACEMENT_3D('',#11307,#8943,#8944);
#7203=AXIS2_PLACEMENT_3D('',#11308,#8945,#8946);
#7204=AXIS2_PLACEMENT_3D('',#11309,#8947,#8948);
#7205=AXIS2_PLACEMENT_3D('',#11310,#8949,#8950);
#7206=AXIS2_PLACEMENT_3D('',#11311,#8951,#8952);
#7207=AXIS2_PLACEMENT_3D('',#11312,#8953,#8954);
#7208=AXIS2_PLACEMENT_3D('',#11317,#8957,#8958);
#7209=AXIS2_PLACEMENT_3D('',#11320,#8960,#8961);
#7210=AXIS2_PLACEMENT_3D('',#11323,#8963,#8964);
#7211=AXIS2_PLACEMENT_3D('',#11324,#8965,#8966);
#7212=AXIS2_PLACEMENT_3D('',#11325,#8967,#8968);
#7213=AXIS2_PLACEMENT_3D('',#11326,#8969,#8970);
#7214=AXIS2_PLACEMENT_3D('',#11327,#8971,#8972);
#7215=AXIS2_PLACEMENT_3D('',#11328,#8973,#8974);
#7216=AXIS2_PLACEMENT_3D('',#11329,#8975,#8976);
#7217=AXIS2_PLACEMENT_3D('',#11334,#8979,#8980);
#7218=AXIS2_PLACEMENT_3D('',#11345,#8982,#8983);
#7219=AXIS2_PLACEMENT_3D('',#11347,#8985,#8986);
#7220=AXIS2_PLACEMENT_3D('',#11350,#8988,#8989);
#7221=AXIS2_PLACEMENT_3D('',#11355,#8992,#8993);
#7222=AXIS2_PLACEMENT_3D('',#11356,#8994,#8995);
#7223=AXIS2_PLACEMENT_3D('',#11357,#8996,#8997);
#7224=AXIS2_PLACEMENT_3D('',#11364,#9001,#9002);
#7225=AXIS2_PLACEMENT_3D('',#11367,#9005,#9006);
#7226=AXIS2_PLACEMENT_3D('',#11368,#9007,#9008);
#7227=AXIS2_PLACEMENT_3D('',#11369,#9009,#9010);
#7228=AXIS2_PLACEMENT_3D('',#11370,#9011,#9012);
#7229=AXIS2_PLACEMENT_3D('',#11371,#9013,#9014);
#7230=AXIS2_PLACEMENT_3D('',#11372,#9015,#9016);
#7231=AXIS2_PLACEMENT_3D('',#11373,#9017,#9018);
#7232=AXIS2_PLACEMENT_3D('',#11374,#9019,#9020);
#7233=AXIS2_PLACEMENT_3D('',#11375,#9021,#9022);
#7234=AXIS2_PLACEMENT_3D('',#11376,#9023,#9024);
#7235=AXIS2_PLACEMENT_3D('',#11377,#9025,#9026);
#7236=AXIS2_PLACEMENT_3D('',#11378,#9027,#9028);
#7237=AXIS2_PLACEMENT_3D('',#11380,#9030,#9031);
#7238=AXIS2_PLACEMENT_3D('',#11382,#9033,#9034);
#7239=AXIS2_PLACEMENT_3D('',#11384,#9036,#9037);
#7240=AXIS2_PLACEMENT_3D('',#11385,#9038,#9039);
#7241=AXIS2_PLACEMENT_3D('',#11386,#9040,#9041);
#7242=AXIS2_PLACEMENT_3D('',#11387,#9042,#9043);
#7243=AXIS2_PLACEMENT_3D('',#11388,#9044,#9045);
#7244=AXIS2_PLACEMENT_3D('',#11389,#9046,#9047);
#7245=AXIS2_PLACEMENT_3D('',#11390,#9048,#9049);
#7246=AXIS2_PLACEMENT_3D('',#11392,#9051,#9052);
#7247=AXIS2_PLACEMENT_3D('',#11394,#9054,#9055);
#7248=AXIS2_PLACEMENT_3D('',#11395,#9056,#9057);
#7249=AXIS2_PLACEMENT_3D('',#11397,#9059,#9060);
#7250=AXIS2_PLACEMENT_3D('',#11399,#9062,#9063);
#7251=AXIS2_PLACEMENT_3D('',#11400,#9064,#9065);
#7252=AXIS2_PLACEMENT_3D('',#11404,#9068,#9069);
#7253=AXIS2_PLACEMENT_3D('',#11406,#9071,#9072);
#7254=AXIS2_PLACEMENT_3D('',#11407,#9073,#9074);
#7255=AXIS2_PLACEMENT_3D('',#11416,#9079,#9080);
#7256=AXIS2_PLACEMENT_3D('',#11417,#9081,#9082);
#7257=AXIS2_PLACEMENT_3D('',#11418,#9083,#9084);
#7258=AXIS2_PLACEMENT_3D('',#11419,#9085,#9086);
#7259=AXIS2_PLACEMENT_3D('',#11420,#9087,#9088);
#7260=AXIS2_PLACEMENT_3D('',#11421,#9089,#9090);
#7261=AXIS2_PLACEMENT_3D('',#11437,#9096,#9097);
#7262=AXIS2_PLACEMENT_3D('',#11438,#9098,#9099);
#7263=AXIS2_PLACEMENT_3D('',#11439,#9100,#9101);
#7264=AXIS2_PLACEMENT_3D('',#11440,#9102,#9103);
#7265=AXIS2_PLACEMENT_3D('',#11444,#9105,#9106);
#7266=AXIS2_PLACEMENT_3D('',#11445,#9107,#9108);
#7267=AXIS2_PLACEMENT_3D('',#11450,#9109,#9110);
#7268=AXIS2_PLACEMENT_3D('',#11452,#9112,#9113);
#7269=DIRECTION('',(0.,0.,1.));
#7270=DIRECTION('',(1.,0.,0.));
#7271=DIRECTION('',(0.,-1.22464679914735E-16,1.));
#7272=DIRECTION('',(1.,0.,0.));
#7273=DIRECTION('',(0.,-1.22464679914735E-16,1.));
#7274=DIRECTION('',(0.,-1.,-1.22464679914735E-16));
#7275=DIRECTION('',(0.,-1.22464679914735E-16,1.));
#7276=DIRECTION('',(0.,-1.,-1.22464679914735E-16));
#7277=DIRECTION('',(0.,-1.22464679914735E-16,1.));
#7278=DIRECTION('',(0.,-1.,-1.22464679914735E-16));
#7279=DIRECTION('',(0.,-1.22464679914735E-16,1.));
#7280=DIRECTION('',(0.,-1.,-1.22464679914735E-16));
#7281=DIRECTION('',(0.,-1.22464679914735E-16,1.));
#7282=DIRECTION('',(0.,-1.,-1.22464679914735E-16));
#7283=DIRECTION('',(0.,-1.22464679914735E-16,1.));
#7284=DIRECTION('',(0.,-1.,-1.22464679914735E-16));
#7285=DIRECTION('',(0.,-1.22464679914735E-16,1.));
#7286=DIRECTION('',(0.,-1.,-1.22464679914735E-16));
#7287=DIRECTION('',(0.,-1.22464679914735E-16,1.));
#7288=DIRECTION('',(0.,-1.,-1.22464679914735E-16));
#7289=DIRECTION('',(0.,-1.,-1.22464679914735E-16));
#7290=DIRECTION('',(1.,0.,0.));
#7291=DIRECTION('',(0.,1.,1.22464679914735E-16));
#7292=DIRECTION('',(1.,0.,0.));
#7293=DIRECTION('',(0.,-1.,-1.22464679914735E-16));
#7294=DIRECTION('',(0.,-1.22464679914735E-16,1.));
#7295=DIRECTION('',(0.,-1.,-1.22464679914735E-16));
#7296=DIRECTION('',(-1.,-7.28505000487132E-15,-8.92161317009407E-31));
#7297=DIRECTION('',(0.,-1.22464679914735E-16,1.));
#7298=DIRECTION('',(0.,-1.,-1.22464679914735E-16));
#7299=DIRECTION('',(0.0074922877140195,-0.999971932418511,-1.22461242627352E-16));
#7300=DIRECTION('',(0.,-1.,-1.22464679914735E-16));
#7301=DIRECTION('',(0.,-1.22464679914735E-16,1.));
#7302=DIRECTION('',(0.,-1.,-1.22464679914735E-16));
#7303=DIRECTION('',(-1.,0.,0.));
#7304=DIRECTION('',(0.,-1.22464679914735E-16,1.));
#7305=DIRECTION('',(0.,-1.,-1.22464679914735E-16));
#7306=DIRECTION('',(0.,1.,1.22464679914735E-16));
#7307=DIRECTION('',(0.,-1.22464679914735E-16,1.));
#7308=DIRECTION('',(0.,-1.,-1.22464679914735E-16));
#7309=DIRECTION('',(0.,-1.22464679914735E-16,1.));
#7310=DIRECTION('',(0.,-1.,-1.22464679914735E-16));
#7311=DIRECTION('',(0.,-1.22464679914735E-16,1.));
#7312=DIRECTION('',(0.,-1.,-1.22464679914735E-16));
#7313=DIRECTION('',(1.,0.,0.));
#7314=DIRECTION('',(0.,-1.22464679914735E-16,1.));
#7315=DIRECTION('',(0.,-1.,-1.22464679914735E-16));
#7316=DIRECTION('',(0.,-1.22464679914735E-16,1.));
#7317=DIRECTION('',(0.,-1.,-1.22464679914735E-16));
#7318=DIRECTION('',(-0.00095546086574773,-0.999999543547163,-1.22464624015385E-16));
#7319=DIRECTION('',(0.,-1.22464679914735E-16,1.));
#7320=DIRECTION('',(0.,-1.,-1.22464679914735E-16));
#7321=DIRECTION('',(0.,-1.22464679914735E-16,1.));
#7322=DIRECTION('',(0.,-1.,-1.22464679914735E-16));
#7323=DIRECTION('',(0.,-1.,-1.22464679914735E-16));
#7324=DIRECTION('',(0.,-1.22464679914735E-16,1.));
#7325=DIRECTION('',(0.,-1.,-1.22464679914735E-16));
#7326=DIRECTION('',(0.,-1.22464679914735E-16,1.));
#7327=DIRECTION('',(0.,-1.,-1.22464679914735E-16));
#7328=DIRECTION('',(0.,-1.22464679914735E-16,1.));
#7329=DIRECTION('',(0.,-1.,-1.22464679914735E-16));
#7330=DIRECTION('',(0.,1.,1.22464679914735E-16));
#7331=DIRECTION('',(1.,0.,0.));
#7332=DIRECTION('',(0.,1.,1.22464679914735E-16));
#7333=DIRECTION('',(-1.,0.,0.));
#7334=DIRECTION('',(0.,-1.,-1.22464679914735E-16));
#7335=DIRECTION('',(0.,-1.22464679914735E-16,1.));
#7336=DIRECTION('',(0.,-1.,-1.22464679914735E-16));
#7337=DIRECTION('',(-1.,-1.49975978266185E-32,1.22464679914735E-16));
#7338=DIRECTION('',(6.77236045021346E-15,-1.,-1.22464679914735E-16));
#7339=DIRECTION('',(-1.,0.,0.));
#7340=DIRECTION('',(0.,-1.22464679914735E-16,1.));
#7341=DIRECTION('',(0.,-1.,-1.22464679914735E-16));
#7342=DIRECTION('',(0.,-1.22464679914735E-16,1.));
#7343=DIRECTION('',(0.,-1.,-1.22464679914735E-16));
#7344=DIRECTION('',(1.,0.,0.));
#7345=DIRECTION('',(0.,-1.22464679914735E-16,1.));
#7346=DIRECTION('',(0.,-1.,-1.22464679914735E-16));
#7347=DIRECTION('',(0.,1.,1.22464679914735E-16));
#7348=DIRECTION('',(0.,-1.22464679914735E-16,1.));
#7349=DIRECTION('',(0.,-1.,-1.22464679914735E-16));
#7350=DIRECTION('',(-1.,0.,0.));
#7351=DIRECTION('',(0.,-1.22464679914735E-16,1.));
#7352=DIRECTION('',(0.,-1.,-1.22464679914735E-16));
#7353=DIRECTION('',(0.,-1.22464679914735E-16,1.));
#7354=DIRECTION('',(0.,-1.,-1.22464679914735E-16));
#7355=DIRECTION('',(-1.,0.,0.));
#7356=DIRECTION('',(0.,-1.22464679914735E-16,1.));
#7357=DIRECTION('',(0.,-1.,-1.22464679914735E-16));
#7358=DIRECTION('',(0.,-1.,-1.22464679914735E-16));
#7359=DIRECTION('',(1.,0.,0.));
#7360=DIRECTION('',(0.,1.22464679914735E-16,-1.));
#7361=DIRECTION('',(-1.,0.,0.));
#7362=DIRECTION('',(0.,-1.22464679914735E-16,1.));
#7363=DIRECTION('',(-1.,0.,0.));
#7364=DIRECTION('',(0.,1.22464679914735E-16,-1.));
#7365=DIRECTION('',(-1.,0.,0.));
#7366=DIRECTION('',(0.,0.,1.));
#7367=DIRECTION('',(1.,0.,0.));
#7368=DIRECTION('',(0.,0.,1.));
#7369=DIRECTION('',(1.,0.,0.));
#7370=DIRECTION('',(0.,0.,1.));
#7371=DIRECTION('',(1.,0.,0.));
#7372=DIRECTION('',(0.,0.,1.));
#7373=DIRECTION('',(1.,0.,0.));
#7374=DIRECTION('',(0.,0.,1.));
#7375=DIRECTION('',(1.,0.,0.));
#7376=DIRECTION('',(0.,0.,1.));
#7377=DIRECTION('',(1.,0.,0.));
#7378=DIRECTION('',(0.,0.,1.));
#7379=DIRECTION('',(1.,0.,0.));
#7380=DIRECTION('',(0.,0.,1.));
#7381=DIRECTION('',(1.,0.,0.));
#7382=DIRECTION('',(0.,0.,1.));
#7383=DIRECTION('',(1.,0.,0.));
#7384=DIRECTION('',(-1.,0.,0.));
#7385=DIRECTION('',(0.,-1.,0.));
#7386=DIRECTION('',(-1.,0.,0.));
#7387=DIRECTION('',(0.,-1.,0.));
#7388=DIRECTION('',(0.,0.,1.));
#7389=DIRECTION('',(1.,0.,0.));
#7390=DIRECTION('',(0.,0.,1.));
#7391=DIRECTION('',(1.,0.,0.));
#7392=DIRECTION('',(0.,0.,1.));
#7393=DIRECTION('',(1.,0.,0.));
#7394=DIRECTION('',(0.,-1.,0.));
#7395=DIRECTION('',(0.,0.,1.));
#7396=DIRECTION('',(1.,0.,0.));
#7397=DIRECTION('',(0.,0.,1.));
#7398=DIRECTION('',(1.,0.,0.));
#7399=DIRECTION('',(-0.00095546086574773,-0.999999543547163,0.));
#7400=DIRECTION('',(0.,0.,1.));
#7401=DIRECTION('',(1.,0.,0.));
#7402=DIRECTION('',(0.,0.,1.));
#7403=DIRECTION('',(1.,0.,0.));
#7404=DIRECTION('',(1.,0.,0.));
#7405=DIRECTION('',(0.,0.,1.));
#7406=DIRECTION('',(1.,0.,0.));
#7407=DIRECTION('',(0.,0.,1.));
#7408=DIRECTION('',(1.,0.,0.));
#7409=DIRECTION('',(0.,0.,1.));
#7410=DIRECTION('',(1.,0.,0.));
#7411=DIRECTION('',(0.,1.,0.));
#7412=DIRECTION('',(1.,0.,0.));
#7413=DIRECTION('',(0.,1.,0.));
#7414=DIRECTION('',(0.,0.,1.));
#7415=DIRECTION('',(1.,0.,0.));
#7416=DIRECTION('',(1.,0.,0.));
#7417=DIRECTION('',(0.,0.,1.));
#7418=DIRECTION('',(1.,0.,0.));
#7419=DIRECTION('',(0.,0.,1.));
#7420=DIRECTION('',(1.,0.,0.));
#7421=DIRECTION('',(-1.,0.,0.));
#7422=DIRECTION('',(6.77236045021345E-15,-1.,0.));
#7423=DIRECTION('',(-1.,0.,0.));
#7424=DIRECTION('',(0.,0.,1.));
#7425=DIRECTION('',(1.,0.,0.));
#7426=DIRECTION('',(0.,0.,1.));
#7427=DIRECTION('',(1.,0.,0.));
#7428=DIRECTION('',(-1.,0.,0.));
#7429=DIRECTION('',(0.,0.,1.));
#7430=DIRECTION('',(1.,0.,0.));
#7431=DIRECTION('',(0.,1.,0.));
#7432=DIRECTION('',(1.,0.,0.));
#7433=DIRECTION('',(0.,1.,0.));
#7434=DIRECTION('',(0.,0.,1.));
#7435=DIRECTION('',(1.,0.,0.));
#7436=DIRECTION('',(-1.,0.,0.));
#7437=DIRECTION('',(0.,0.,1.));
#7438=DIRECTION('',(1.,0.,0.));
#7439=DIRECTION('',(0.,-1.,0.));
#7440=DIRECTION('',(0.0074922877140195,-0.999971932418511,0.));
#7441=DIRECTION('',(0.,0.,1.));
#7442=DIRECTION('',(1.,0.,0.));
#7443=DIRECTION('',(-1.,-7.28505000487131E-15,0.));
#7444=DIRECTION('',(0.,0.,1.));
#7445=DIRECTION('',(1.,0.,0.));
#7446=DIRECTION('',(0.,-1.,0.));
#7447=DIRECTION('',(1.,0.,0.));
#7448=DIRECTION('',(0.,0.,-1.));
#7449=DIRECTION('',(0.,1.22464679914735E-16,-1.));
#7450=DIRECTION('',(0.,0.,-1.));
#7451=DIRECTION('',(-1.,0.,0.));
#7452=DIRECTION('',(0.,0.,1.));
#7453=DIRECTION('',(0.,1.,0.));
#7454=DIRECTION('',(0.,0.,-1.));
#7455=DIRECTION('',(0.,0.,-1.));
#7456=DIRECTION('',(0.,0.,-1.));
#7457=DIRECTION('',(0.,0.,-1.));
#7458=DIRECTION('',(-0.0871557427476742,-0.996194698091744,-1.11325164696237E-16));
#7459=DIRECTION('',(-0.996194698091744,0.0871557427476742,1.32672164972887E-16));
#7460=DIRECTION('',(1.22464679914735E-16,-1.22464679914735E-16,1.));
#7461=DIRECTION('',(-0.996194698091744,0.0871557427476742,1.06735001383249E-17));
#7462=DIRECTION('',(-0.0871557427476742,-0.996194698091744,-1.11325164696237E-16));
#7463=DIRECTION('',(0.996194698091744,-0.0871557427476742,-1.32672164972887E-16));
#7464=DIRECTION('',(1.22464679914735E-16,-1.22464679914735E-16,1.));
#7465=DIRECTION('',(0.0871557427476742,0.996194698091744,1.11325164696237E-16));
#7466=DIRECTION('',(-0.996194698091744,0.0871557427476742,1.32672164972887E-16));
#7467=DIRECTION('',(0.,1.22464679914735E-16,-1.));
#7468=DIRECTION('',(-1.,0.,0.));
#7469=DIRECTION('',(1.22464679914735E-16,-1.22464679914735E-16,1.));
#7470=DIRECTION('',(0.,-1.22464679914735E-16,1.));
#7471=DIRECTION('',(0.,-1.,-1.22464679914735E-16));
#7472=DIRECTION('',(-1.22464679914735E-16,1.22464679914735E-16,-1.));
#7473=DIRECTION('',(-1.22464679914735E-16,1.22464679914735E-16,-1.));
#7474=DIRECTION('',(-1.,-1.49975978266185E-32,1.22464679914735E-16));
#7475=DIRECTION('',(0.,1.22464679914735E-16,-1.));
#7476=DIRECTION('',(-1.,0.,0.));
#7477=DIRECTION('',(1.22464679914735E-16,-1.22464679914735E-16,1.));
#7478=DIRECTION('',(0.,-1.22464679914735E-16,1.));
#7479=DIRECTION('',(0.,-1.,-1.22464679914735E-16));
#7480=DIRECTION('',(-1.22464679914735E-16,1.22464679914735E-16,-1.));
#7481=DIRECTION('',(1.22464679914735E-16,-1.22464679914735E-16,1.));
#7482=DIRECTION('',(-1.,-1.49975978266185E-32,1.22464679914735E-16));
#7483=DIRECTION('',(0.,-1.,-1.22464679914735E-16));
#7484=DIRECTION('',(1.22464679914735E-16,-1.22464679914735E-16,1.));
#7485=DIRECTION('',(-1.,0.,0.));
#7486=DIRECTION('',(-1.,-1.49975978266185E-32,1.22464679914735E-16));
#7487=DIRECTION('',(0.,1.,1.22464679914735E-16));
#7488=DIRECTION('',(-1.22464679914735E-16,1.22464679914735E-16,-1.));
#7489=DIRECTION('',(-3.4000580129147E-16,-1.22464679914735E-16,1.));
#7490=DIRECTION('',(0.,-1.22464679914735E-16,1.));
#7491=DIRECTION('',(1.,0.,0.));
#7492=DIRECTION('',(1.,1.49975978266185E-32,-1.22464679914735E-16));
#7493=DIRECTION('',(1.22464679914735E-16,-1.22464679914735E-16,1.));
#7494=DIRECTION('',(1.,1.49975978266185E-32,-1.22464679914735E-16));
#7495=DIRECTION('',(0.,1.,1.22464679914735E-16));
#7496=DIRECTION('',(-1.22464679914735E-16,1.22464679914735E-16,-1.));
#7497=DIRECTION('',(-3.4000580129147E-16,-1.22464679914735E-16,1.));
#7498=DIRECTION('',(1.,-4.1638701624313E-32,3.4000580129147E-16));
#7499=DIRECTION('',(-0.0871557427476742,-0.996194698091744,-1.11325164696237E-16));
#7500=DIRECTION('',(-0.996194698091744,0.0871557427476742,1.32672164972887E-16));
#7501=DIRECTION('',(-0.0871557427476742,-0.996194698091744,-1.11325164696237E-16));
#7502=DIRECTION('',(0.996194698091744,-0.0871557427476742,-1.32672164972887E-16));
#7503=DIRECTION('',(0.,1.11750408739863E-16,-1.));
#7504=DIRECTION('',(0.996194698091744,-0.0871557427476742,-1.32672164972887E-16));
#7505=DIRECTION('',(1.22464679914735E-16,-1.22464679914735E-16,1.));
#7506=DIRECTION('',(0.258819045102515,-0.96592582628907,-1.49987988652184E-16));
#7507=DIRECTION('',(-0.96592582628907,-0.258819045102515,8.65956056235501E-17));
#7508=DIRECTION('',(-0.573576436351055,0.819152044288986,1.70560047589718E-16));
#7509=DIRECTION('',(-0.819152044288986,-0.573576436351055,3.00743382209855E-17));
#7510=DIRECTION('',(-0.0871557427476742,-0.996194698091744,-1.11325164696237E-16));
#7511=DIRECTION('',(0.996194698091744,-0.0871557427476742,-1.32672164972887E-16));
#7512=DIRECTION('',(-0.258819045102515,0.96592582628907,1.49987988652184E-16));
#7513=DIRECTION('',(0.96592582628907,0.258819045102515,-8.65956056235501E-17));
#7514=DIRECTION('',(0.258819045102515,-0.96592582628907,-1.49987988652184E-16));
#7515=DIRECTION('',(-1.22464679914735E-16,1.22464679914735E-16,-1.));
#7516=DIRECTION('',(0.96592582628907,0.258819045102515,-8.65956056235501E-17));
#7517=DIRECTION('',(0.258819045102515,-0.96592582628907,3.23179199899293E-16));
#7518=DIRECTION('',(-1.22464679914735E-16,1.22464679914735E-16,-1.));
#7519=DIRECTION('',(-0.258819045102515,0.96592582628907,1.49987988652184E-16));
#7520=DIRECTION('',(-0.573576436351055,0.819152044288986,1.70560047589718E-16));
#7521=DIRECTION('',(0.819152044288986,0.573576436351055,-3.00743382209855E-17));
#7522=DIRECTION('',(-0.573576436351055,0.819152044288986,1.70560047589718E-16));
#7523=DIRECTION('',(-0.819152044288986,-0.573576436351055,3.00743382209855E-17));
#7524=DIRECTION('',(-0.573576436351055,0.819152044288986,1.70560047589718E-16));
#7525=DIRECTION('',(0.819152044288986,0.573576436351055,1.1942743103973E-16));
#7526=DIRECTION('',(-0.573576436351055,0.819152044288986,1.70560047589718E-16));
#7527=DIRECTION('',(0.819152044288986,0.573576436351055,1.1942743103973E-16));
#7528=DIRECTION('',(0.819152044288986,0.573576436351055,-3.00743382209855E-17));
#7529=DIRECTION('',(-1.22464679914735E-16,1.22464679914735E-16,-1.));
#7530=DIRECTION('',(0.258819045102515,-0.96592582628907,-1.49987988652184E-16));
#7531=DIRECTION('',(-0.96592582628907,-0.258819045102515,8.65956056235501E-17));
#7532=DIRECTION('',(-0.573576436351055,0.819152044288986,1.70560047589718E-16));
#7533=DIRECTION('',(-0.819152044288986,-0.573576436351055,3.00743382209855E-17));
#7534=DIRECTION('',(-0.0871557427476742,-0.996194698091744,-1.11325164696237E-16));
#7535=DIRECTION('',(0.996194698091744,-0.0871557427476742,-1.32672164972887E-16));
#7536=DIRECTION('',(-0.258819045102515,0.96592582628907,1.49987988652184E-16));
#7537=DIRECTION('',(0.258819045102515,-0.96592582628907,-1.49987988652184E-16));
#7538=DIRECTION('',(-0.96592582628907,-0.258819045102515,8.65956056235501E-17));
#7539=DIRECTION('',(-0.0871557427476742,-0.996194698091744,-1.11325164696237E-16));
#7540=DIRECTION('',(0.996194698091744,-0.0871557427476742,-1.32672164972887E-16));
#7541=DIRECTION('',(-0.258819045102515,0.96592582628907,1.49987988652184E-16));
#7542=DIRECTION('',(0.96592582628907,0.258819045102515,-8.65956056235501E-17));
#7543=DIRECTION('',(0.258819045102515,-0.96592582628907,-1.49987988652184E-16));
#7544=DIRECTION('',(-1.22464679914735E-16,1.22464679914735E-16,-1.));
#7545=DIRECTION('',(0.96592582628907,0.258819045102515,-8.65956056235501E-17));
#7546=DIRECTION('',(0.258819045102515,-0.96592582628907,3.23179199899293E-16));
#7547=DIRECTION('',(-1.22464679914735E-16,1.22464679914735E-16,-1.));
#7548=DIRECTION('',(-0.258819045102515,0.96592582628907,1.49987988652184E-16));
#7549=DIRECTION('',(0.96592582628907,0.258819045102515,-8.65956056235501E-17));
#7550=DIRECTION('',(0.258819045102515,-0.96592582628907,-1.49987988652184E-16));
#7551=DIRECTION('',(-1.22464679914735E-16,1.22464679914735E-16,-1.));
#7552=DIRECTION('',(0.96592582628907,0.258819045102515,-8.65956056235501E-17));
#7553=DIRECTION('',(0.258819045102515,-0.96592582628907,3.23179199899293E-16));
#7554=DIRECTION('',(-1.22464679914735E-16,1.22464679914735E-16,-1.));
#7555=DIRECTION('',(-0.258819045102515,0.96592582628907,1.49987988652184E-16));
#7556=DIRECTION('',(0.96592582628907,0.258819045102515,-8.65956056235501E-17));
#7557=DIRECTION('',(0.258819045102515,-0.96592582628907,-1.49987988652184E-16));
#7558=DIRECTION('',(-1.22464679914735E-16,1.22464679914735E-16,-1.));
#7559=DIRECTION('',(0.96592582628907,0.258819045102515,-8.65956056235501E-17));
#7560=DIRECTION('',(0.258819045102515,-0.96592582628907,3.23179199899293E-16));
#7561=DIRECTION('',(-1.22464679914735E-16,1.22464679914735E-16,-1.));
#7562=DIRECTION('',(-0.258819045102515,0.96592582628907,1.49987988652184E-16));
#7563=DIRECTION('',(0.96592582628907,0.258819045102515,-8.65956056235501E-17));
#7564=DIRECTION('',(0.258819045102515,-0.96592582628907,-1.49987988652184E-16));
#7565=DIRECTION('',(-1.22464679914735E-16,1.22464679914735E-16,-1.));
#7566=DIRECTION('',(0.96592582628907,0.258819045102515,-8.65956056235501E-17));
#7567=DIRECTION('',(0.258819045102515,-0.96592582628907,3.23179199899293E-16));
#7568=DIRECTION('',(-1.22464679914735E-16,1.22464679914735E-16,-1.));
#7569=DIRECTION('',(-0.258819045102515,0.96592582628907,1.49987988652184E-16));
#7570=DIRECTION('',(0.96592582628907,0.258819045102515,-8.65956056235501E-17));
#7571=DIRECTION('',(0.258819045102515,-0.96592582628907,-1.49987988652184E-16));
#7572=DIRECTION('',(-1.22464679914735E-16,1.22464679914735E-16,-1.));
#7573=DIRECTION('',(0.96592582628907,0.258819045102515,-8.65956056235501E-17));
#7574=DIRECTION('',(0.258819045102515,-0.96592582628907,3.23179199899293E-16));
#7575=DIRECTION('',(-1.22464679914735E-16,1.22464679914735E-16,-1.));
#7576=DIRECTION('',(-0.258819045102515,0.96592582628907,1.49987988652184E-16));
#7577=DIRECTION('',(0.96592582628907,0.258819045102515,-8.65956056235501E-17));
#7578=DIRECTION('',(0.258819045102515,-0.96592582628907,-1.49987988652184E-16));
#7579=DIRECTION('',(-1.22464679914735E-16,1.22464679914735E-16,-1.));
#7580=DIRECTION('',(0.96592582628907,0.258819045102515,-8.65956056235501E-17));
#7581=DIRECTION('',(0.258819045102515,-0.96592582628907,3.23179199899293E-16));
#7582=DIRECTION('',(-1.22464679914735E-16,1.22464679914735E-16,-1.));
#7583=DIRECTION('',(-0.258819045102515,0.96592582628907,1.49987988652184E-16));
#7584=DIRECTION('',(0.96592582628907,0.258819045102515,-8.65956056235501E-17));
#7585=DIRECTION('',(0.258819045102515,-0.96592582628907,-1.49987988652184E-16));
#7586=DIRECTION('',(-1.22464679914735E-16,1.22464679914735E-16,-1.));
#7587=DIRECTION('',(0.96592582628907,0.258819045102515,-8.65956056235501E-17));
#7588=DIRECTION('',(0.258819045102515,-0.96592582628907,3.23179199899293E-16));
#7589=DIRECTION('',(-1.22464679914735E-16,1.22464679914735E-16,-1.));
#7590=DIRECTION('',(-0.258819045102515,0.96592582628907,1.49987988652184E-16));
#7591=DIRECTION('',(-0.0871557427476742,-0.996194698091744,-1.11325164696237E-16));
#7592=DIRECTION('',(-0.996194698091744,0.0871557427476742,1.32672164972887E-16));
#7593=DIRECTION('',(-0.0871557427476742,-0.996194698091744,-1.11325164696237E-16));
#7594=DIRECTION('',(0.996194698091744,-0.0871557427476742,-9.73968987607895E-18));
#7595=DIRECTION('',(-1.22464679914735E-16,1.22464679914735E-16,-1.));
#7596=DIRECTION('',(-0.996194698091744,0.0871557427476742,1.32672164972887E-16));
#7597=DIRECTION('',(1.22464679914735E-16,-1.22464679914735E-16,1.));
#7598=DIRECTION('',(-0.0871557427476742,-0.996194698091744,-1.11325164696237E-16));
#7599=DIRECTION('',(0.996194698091744,-0.0871557427476742,-1.32672164972887E-16));
#7600=DIRECTION('',(-0.573576436351055,0.819152044288986,1.70560047589718E-16));
#7601=DIRECTION('',(0.819152044288986,0.573576436351055,-3.00743382209855E-17));
#7602=DIRECTION('',(-0.573576436351055,0.819152044288986,1.70560047589718E-16));
#7603=DIRECTION('',(0.819152044288986,0.573576436351055,1.1942743103973E-16));
#7604=DIRECTION('',(0.819152044288986,0.573576436351055,-3.00743382209855E-17));
#7605=DIRECTION('',(-1.22464679914735E-16,1.22464679914735E-16,-1.));
#7606=DIRECTION('',(-0.0871557427476742,-0.996194698091744,-1.11325164696237E-16));
#7607=DIRECTION('',(-0.996194698091744,0.0871557427476742,1.32672164972887E-16));
#7608=DIRECTION('',(-0.0871557427476742,-0.996194698091744,-1.11325164696237E-16));
#7609=DIRECTION('',(0.996194698091744,-0.0871557427476742,-9.73968987607895E-18));
#7610=DIRECTION('',(-1.22464679914735E-16,1.22464679914735E-16,-1.));
#7611=DIRECTION('',(-0.996194698091744,0.0871557427476742,1.32672164972887E-16));
#7612=DIRECTION('',(1.22464679914735E-16,-1.22464679914735E-16,1.));
#7613=DIRECTION('',(-0.573576436351055,0.819152044288986,1.70560047589718E-16));
#7614=DIRECTION('',(0.819152044288986,0.573576436351055,-3.00743382209855E-17));
#7615=DIRECTION('',(-0.573576436351055,0.819152044288986,1.70560047589718E-16));
#7616=DIRECTION('',(0.819152044288986,0.573576436351055,1.1942743103973E-16));
#7617=DIRECTION('',(0.819152044288986,0.573576436351055,-3.00743382209855E-17));
#7618=DIRECTION('',(-1.22464679914735E-16,1.22464679914735E-16,-1.));
#7619=DIRECTION('',(-0.0871557427476742,-0.996194698091744,-1.11325164696237E-16));
#7620=DIRECTION('',(-0.996194698091744,0.0871557427476742,1.32672164972887E-16));
#7621=DIRECTION('',(-0.0871557427476742,-0.996194698091744,-1.11325164696237E-16));
#7622=DIRECTION('',(0.996194698091744,-0.0871557427476742,-9.73968987607895E-18));
#7623=DIRECTION('',(-1.22464679914735E-16,1.22464679914735E-16,-1.));
#7624=DIRECTION('',(-0.996194698091744,0.0871557427476742,1.32672164972887E-16));
#7625=DIRECTION('',(1.22464679914735E-16,-1.22464679914735E-16,1.));
#7626=DIRECTION('',(-0.573576436351055,0.819152044288986,1.70560047589718E-16));
#7627=DIRECTION('',(0.819152044288986,0.573576436351055,-3.00743382209855E-17));
#7628=DIRECTION('',(-0.573576436351055,0.819152044288986,1.70560047589718E-16));
#7629=DIRECTION('',(0.819152044288986,0.573576436351055,1.1942743103973E-16));
#7630=DIRECTION('',(0.819152044288986,0.573576436351055,-3.00743382209855E-17));
#7631=DIRECTION('',(-1.22464679914735E-16,1.22464679914735E-16,-1.));
#7632=DIRECTION('',(-0.0871557427476742,-0.996194698091744,-1.11325164696237E-16));
#7633=DIRECTION('',(-0.996194698091744,0.0871557427476742,1.32672164972887E-16));
#7634=DIRECTION('',(-0.0871557427476742,-0.996194698091744,-1.11325164696237E-16));
#7635=DIRECTION('',(0.996194698091744,-0.0871557427476742,-9.73968987607895E-18));
#7636=DIRECTION('',(-1.22464679914735E-16,1.22464679914735E-16,-1.));
#7637=DIRECTION('',(-0.996194698091744,0.0871557427476742,1.32672164972887E-16));
#7638=DIRECTION('',(1.22464679914735E-16,-1.22464679914735E-16,1.));
#7639=DIRECTION('',(-0.0871557427476742,-0.996194698091744,-1.11325164696237E-16));
#7640=DIRECTION('',(-0.996194698091744,0.0871557427476742,1.32672164972887E-16));
#7641=DIRECTION('',(-0.0871557427476742,-0.996194698091744,-1.11325164696237E-16));
#7642=DIRECTION('',(0.996194698091744,-0.0871557427476742,-9.73968987607895E-18));
#7643=DIRECTION('',(-1.22464679914735E-16,1.22464679914735E-16,-1.));
#7644=DIRECTION('',(-0.996194698091744,0.0871557427476742,1.32672164972887E-16));
#7645=DIRECTION('',(1.22464679914735E-16,-1.22464679914735E-16,1.));
#7646=DIRECTION('',(-0.573576436351055,0.819152044288986,1.70560047589718E-16));
#7647=DIRECTION('',(0.819152044288986,0.573576436351055,-3.00743382209855E-17));
#7648=DIRECTION('',(-0.573576436351055,0.819152044288986,1.70560047589718E-16));
#7649=DIRECTION('',(0.819152044288986,0.573576436351055,1.1942743103973E-16));
#7650=DIRECTION('',(0.819152044288986,0.573576436351055,-3.00743382209855E-17));
#7651=DIRECTION('',(-1.22464679914735E-16,1.22464679914735E-16,-1.));
#7652=DIRECTION('',(-0.0871557427476742,-0.996194698091744,-1.11325164696237E-16));
#7653=DIRECTION('',(-0.996194698091744,0.0871557427476742,1.32672164972887E-16));
#7654=DIRECTION('',(-0.0871557427476742,-0.996194698091744,-1.11325164696237E-16));
#7655=DIRECTION('',(0.996194698091744,-0.0871557427476742,-9.73968987607895E-18));
#7656=DIRECTION('',(-1.22464679914735E-16,1.22464679914735E-16,-1.));
#7657=DIRECTION('',(-0.996194698091744,0.0871557427476742,1.32672164972887E-16));
#7658=DIRECTION('',(1.22464679914735E-16,-1.22464679914735E-16,1.));
#7659=DIRECTION('',(-0.573576436351055,0.819152044288986,1.70560047589718E-16));
#7660=DIRECTION('',(0.819152044288986,0.573576436351055,-3.00743382209855E-17));
#7661=DIRECTION('',(-0.573576436351055,0.819152044288986,1.70560047589718E-16));
#7662=DIRECTION('',(0.819152044288986,0.573576436351055,1.1942743103973E-16));
#7663=DIRECTION('',(0.819152044288986,0.573576436351055,-3.00743382209855E-17));
#7664=DIRECTION('',(-1.22464679914735E-16,1.22464679914735E-16,-1.));
#7665=DIRECTION('',(-0.0871557427476742,-0.996194698091744,-1.11325164696237E-16));
#7666=DIRECTION('',(-0.996194698091744,0.0871557427476742,1.32672164972887E-16));
#7667=DIRECTION('',(-0.0871557427476742,-0.996194698091744,-1.11325164696237E-16));
#7668=DIRECTION('',(0.996194698091744,-0.0871557427476742,-9.73968987607895E-18));
#7669=DIRECTION('',(-1.22464679914735E-16,1.22464679914735E-16,-1.));
#7670=DIRECTION('',(-0.996194698091744,0.0871557427476742,1.32672164972887E-16));
#7671=DIRECTION('',(1.22464679914735E-16,-1.22464679914735E-16,1.));
#7672=DIRECTION('',(-0.573576436351055,0.819152044288986,1.70560047589718E-16));
#7673=DIRECTION('',(0.819152044288986,0.573576436351055,-3.00743382209855E-17));
#7674=DIRECTION('',(-0.573576436351055,0.819152044288986,1.70560047589718E-16));
#7675=DIRECTION('',(0.819152044288986,0.573576436351055,1.1942743103973E-16));
#7676=DIRECTION('',(0.819152044288986,0.573576436351055,-3.00743382209855E-17));
#7677=DIRECTION('',(-1.22464679914735E-16,1.22464679914735E-16,-1.));
#7678=DIRECTION('',(-0.0871557427476742,-0.996194698091744,-1.11325164696237E-16));
#7679=DIRECTION('',(-0.996194698091744,0.0871557427476742,1.32672164972887E-16));
#7680=DIRECTION('',(-0.0871557427476742,-0.996194698091744,-1.11325164696237E-16));
#7681=DIRECTION('',(0.996194698091744,-0.0871557427476742,-9.73968987607895E-18));
#7682=DIRECTION('',(-1.22464679914735E-16,1.22464679914735E-16,-1.));
#7683=DIRECTION('',(-0.996194698091744,0.0871557427476742,1.32672164972887E-16));
#7684=DIRECTION('',(1.22464679914735E-16,-1.22464679914735E-16,1.));
#7685=DIRECTION('',(-0.573576436351055,0.819152044288986,1.70560047589718E-16));
#7686=DIRECTION('',(0.819152044288986,0.573576436351055,-3.00743382209855E-17));
#7687=DIRECTION('',(-0.573576436351055,0.819152044288986,1.70560047589718E-16));
#7688=DIRECTION('',(0.819152044288986,0.573576436351055,1.1942743103973E-16));
#7689=DIRECTION('',(0.819152044288986,0.573576436351055,-3.00743382209855E-17));
#7690=DIRECTION('',(-1.22464679914735E-16,1.22464679914735E-16,-1.));
#7691=DIRECTION('',(-0.573576436351055,0.819152044288986,1.70560047589718E-16));
#7692=DIRECTION('',(-0.819152044288986,-0.573576436351055,3.00743382209855E-17));
#7693=DIRECTION('',(1.,6.77236045021345E-15,3.40005801291471E-16));
#7694=DIRECTION('',(-6.77236045021345E-15,1.,-2.30264184150949E-30));
#7695=DIRECTION('',(1.,6.77236045021345E-15,3.40005801291471E-16));
#7696=DIRECTION('',(-6.77236045021345E-15,1.,0.));
#7697=DIRECTION('',(1.,6.77236045021345E-15,3.40005801291471E-16));
#7698=DIRECTION('',(-6.77236045021345E-15,1.,0.));
#7699=DIRECTION('',(1.,6.77236045021345E-15,3.40005801291471E-16));
#7700=DIRECTION('',(-6.77236045021345E-15,1.,0.));
#7701=DIRECTION('',(0.,1.,1.22464679914735E-16));
#7702=DIRECTION('',(1.,6.77236045021345E-15,3.40005801291471E-16));
#7703=DIRECTION('',(-6.77236045021345E-15,1.,0.));
#7704=DIRECTION('',(1.,0.,0.));
#7705=DIRECTION('',(0.,0.,-1.));
#7706=DIRECTION('',(1.,6.77236045021345E-15,3.40005801291471E-16));
#7707=DIRECTION('',(-6.77236045021345E-15,1.,0.));
#7708=DIRECTION('',(1.,6.77236045021345E-15,3.40005801291471E-16));
#7709=DIRECTION('',(-6.77236045021345E-15,1.,0.));
#7710=DIRECTION('',(1.,0.,0.));
#7711=DIRECTION('',(0.,0.,-1.));
#7712=DIRECTION('',(1.,6.77236045021345E-15,3.40005801291471E-16));
#7713=DIRECTION('',(-6.77236045021345E-15,1.,0.));
#7714=DIRECTION('',(1.,0.,0.));
#7715=DIRECTION('',(0.,0.,-1.));
#7716=DIRECTION('',(0.,0.,-1.));
#7717=DIRECTION('',(0.,0.,-1.));
#7718=DIRECTION('',(0.,0.,-1.));
#7719=DIRECTION('',(3.4000580129147E-16,8.89601836064747E-17,-1.));
#7720=DIRECTION('',(-1.,0.,-3.4000580129147E-16));
#7721=DIRECTION('',(6.77236045021345E-15,-1.,-8.89601836064724E-17));
#7722=DIRECTION('',(-1.,-6.77236045021345E-15,-3.40005801291471E-16));
#7723=DIRECTION('',(6.77236045021345E-15,-1.,-8.89601836064724E-17));
#7724=DIRECTION('',(1.,6.77236045021345E-15,3.40005801291471E-16));
#7725=DIRECTION('',(-6.77236045021345E-15,1.,-2.30264184150949E-30));
#7726=DIRECTION('',(3.40005801291471E-16,0.,-1.));
#7727=DIRECTION('',(1.,6.77236045021345E-15,3.40005801291471E-16));
#7728=DIRECTION('',(-6.77236045021345E-15,1.,-2.30264184150949E-30));
#7729=DIRECTION('',(0.,1.,1.22464679914735E-16));
#7730=DIRECTION('',(3.40005801291471E-16,0.,-1.));
#7731=DIRECTION('',(3.40005801291471E-16,0.,-1.));
#7732=DIRECTION('',(0.,1.,1.22464679914735E-16));
#7733=DIRECTION('',(1.,6.77236045021345E-15,3.40005801291471E-16));
#7734=DIRECTION('',(-6.77236045021345E-15,1.,0.));
#7735=DIRECTION('',(1.,6.77236045021345E-15,3.40005801291471E-16));
#7736=DIRECTION('',(-6.77236045021345E-15,1.,0.));
#7737=DIRECTION('',(1.,6.77236045021345E-15,3.40005801291471E-16));
#7738=DIRECTION('',(-6.77236045021345E-15,1.,0.));
#7739=DIRECTION('',(0.,1.,1.22464679914735E-16));
#7740=DIRECTION('',(-3.40005801291474E-16,4.91254377322264E-16,1.));
#7741=DIRECTION('',(-6.77236045021345E-15,1.,-1.09700371039676E-14));
#7742=DIRECTION('',(3.40005801291465E-16,7.36183737151725E-16,-1.));
#7743=DIRECTION('',(6.77236045021346E-15,-1.,-9.10969054551737E-15));
#7744=DIRECTION('',(-3.40005801291474E-16,4.91254377322264E-16,1.));
#7745=DIRECTION('',(-6.77236045021345E-15,1.,-1.09700371039676E-14));
#7746=DIRECTION('',(3.40005801291465E-16,7.36183737151725E-16,-1.));
#7747=DIRECTION('',(6.77236045021346E-15,-1.,-9.10969054551737E-15));
#7748=DIRECTION('',(-3.40005801291474E-16,4.91254377322264E-16,1.));
#7749=DIRECTION('',(-6.77236045021345E-15,1.,-8.8647611856879E-15));
#7750=DIRECTION('',(3.40005801291465E-16,7.36183737151725E-16,-1.));
#7751=DIRECTION('',(6.77236045021346E-15,-1.,-9.10969054551737E-15));
#7752=DIRECTION('',(-3.40005801291474E-16,4.91254377322264E-16,1.));
#7753=DIRECTION('',(-6.77236045021345E-15,1.,-8.8647611856879E-15));
#7754=DIRECTION('',(3.40005801291465E-16,7.36183737151725E-16,-1.));
#7755=DIRECTION('',(6.77236045021346E-15,-1.,-9.10969054551737E-15));
#7756=DIRECTION('',(0.,0.,-1.));
#7757=DIRECTION('',(-1.,0.,0.));
#7758=DIRECTION('',(0.,0.,-1.));
#7759=DIRECTION('',(0.,-1.,0.));
#7760=DIRECTION('',(0.,0.,-1.));
#7761=DIRECTION('',(0.,0.,-1.));
#7762=DIRECTION('',(0.,0.,-1.));
#7763=DIRECTION('',(-1.,0.,0.));
#7764=DIRECTION('',(0.,0.,-1.));
#7765=DIRECTION('',(0.,0.,-1.));
#7766=DIRECTION('',(-1.,0.,0.));
#7767=DIRECTION('',(0.,0.,-1.));
#7768=DIRECTION('',(0.,0.,-1.));
#7769=DIRECTION('',(0.,1.,0.));
#7770=DIRECTION('',(0.,0.,1.));
#7771=DIRECTION('',(0.,0.,-1.));
#7772=DIRECTION('',(-1.,0.,0.));
#7773=DIRECTION('',(0.,0.,1.));
#7774=DIRECTION('',(0.,1.,0.));
#7775=DIRECTION('',(0.,0.,-1.));
#7776=DIRECTION('',(0.,0.,-1.));
#7777=DIRECTION('',(0.,0.,-1.));
#7778=DIRECTION('',(0.,0.,-1.));
#7779=DIRECTION('',(0.,0.,-1.));
#7780=DIRECTION('',(-1.,0.,0.));
#7781=DIRECTION('',(0.,0.,-1.));
#7782=DIRECTION('',(0.,0.,-1.));
#7783=DIRECTION('',(-1.,0.,0.));
#7784=DIRECTION('',(0.,0.,-1.));
#7785=DIRECTION('',(0.,0.,-1.));
#7786=DIRECTION('',(-1.,0.,0.));
#7787=DIRECTION('',(0.,0.,-1.));
#7788=DIRECTION('',(0.,1.,0.));
#7789=DIRECTION('',(0.,0.,1.));
#7790=DIRECTION('',(0.,0.,-1.));
#7791=DIRECTION('',(0.,0.,-1.));
#7792=DIRECTION('',(-1.,0.,0.));
#7793=DIRECTION('',(0.,0.,-1.));
#7794=DIRECTION('',(0.,0.,-1.));
#7795=DIRECTION('',(-1.,0.,0.));
#7796=DIRECTION('',(0.,0.,-1.));
#7797=DIRECTION('',(0.999999543547163,-0.000955460865747729,0.));
#7798=DIRECTION('',(0.00095546086574773,0.999999543547163,0.));
#7799=DIRECTION('',(0.,0.,-1.));
#7800=DIRECTION('',(0.,0.,-1.));
#7801=DIRECTION('',(-1.,0.,0.));
#7802=DIRECTION('',(0.,0.,-1.));
#7803=DIRECTION('',(0.,0.,-1.));
#7804=DIRECTION('',(-1.,0.,0.));
#7805=DIRECTION('',(0.,0.,-1.));
#7806=DIRECTION('',(-1.,0.,0.));
#7807=DIRECTION('',(0.,0.,-1.));
#7808=DIRECTION('',(0.,0.,-1.));
#7809=DIRECTION('',(-1.,0.,0.));
#7810=DIRECTION('',(0.,0.,-1.));
#7811=DIRECTION('',(0.,0.,-1.));
#7812=DIRECTION('',(-1.,0.,0.));
#7813=DIRECTION('',(1.,0.,0.));
#7814=DIRECTION('',(0.,0.,-1.));
#7815=DIRECTION('',(0.,1.22464679914735E-16,-1.));
#7816=DIRECTION('',(0.,0.,-1.));
#7817=DIRECTION('',(0.,0.,-1.));
#7818=DIRECTION('',(-1.,0.,0.));
#7819=DIRECTION('',(0.,0.,-1.));
#7820=DIRECTION('',(7.28505000487131E-15,-1.,0.));
#7821=DIRECTION('',(1.,7.28505000487132E-15,0.));
#7822=DIRECTION('',(0.,0.,-1.));
#7823=DIRECTION('',(0.,0.,-1.));
#7824=DIRECTION('',(-1.,0.,0.));
#7825=DIRECTION('',(0.,0.,-1.));
#7826=DIRECTION('',(0.999971932418511,0.0074922877140195,0.));
#7827=DIRECTION('',(-0.0074922877140195,0.999971932418511,0.));
#7828=DIRECTION('',(0.,0.,-1.));
#7829=DIRECTION('',(1.,0.,0.));
#7830=DIRECTION('',(0.,0.,-1.));
#7831=DIRECTION('',(0.,0.,-1.));
#7832=DIRECTION('',(0.,0.,-1.));
#7833=DIRECTION('',(-1.,0.,0.));
#7834=DIRECTION('',(0.,0.,-1.));
#7835=DIRECTION('',(0.,-1.,0.));
#7836=DIRECTION('',(0.,0.,-1.));
#7837=DIRECTION('',(0.,0.,-1.));
#7838=DIRECTION('',(0.,0.,-1.));
#7839=DIRECTION('',(-1.,0.,0.));
#7840=DIRECTION('',(0.,0.,-1.));
#7841=DIRECTION('',(0.,0.,-1.));
#7842=DIRECTION('',(0.,0.,-1.));
#7843=DIRECTION('',(0.,0.,-1.));
#7844=DIRECTION('',(0.,0.,-1.));
#7845=DIRECTION('',(-1.,0.,0.));
#7846=DIRECTION('',(0.,0.,-1.));
#7847=DIRECTION('',(0.,0.,-1.));
#7848=DIRECTION('',(0.,0.,-1.));
#7849=DIRECTION('',(0.,0.,-1.));
#7850=DIRECTION('',(0.,0.,-1.));
#7851=DIRECTION('',(-1.,0.,0.));
#7852=DIRECTION('',(0.,0.,-1.));
#7853=DIRECTION('',(-1.,0.,0.));
#7854=DIRECTION('',(0.,0.,-1.));
#7855=DIRECTION('',(-1.,0.,0.));
#7856=DIRECTION('',(0.,0.,-1.));
#7857=DIRECTION('',(-1.,0.,0.));
#7858=DIRECTION('',(0.,0.,-1.));
#7859=DIRECTION('',(-1.,0.,0.));
#7860=DIRECTION('',(0.,0.,-1.));
#7861=DIRECTION('',(-1.,0.,0.));
#7862=DIRECTION('',(0.,0.,-1.));
#7863=DIRECTION('',(-1.,0.,0.));
#7864=DIRECTION('',(0.,0.,-1.));
#7865=DIRECTION('',(-1.,0.,0.));
#7866=DIRECTION('',(0.,1.,0.));
#7867=DIRECTION('',(0.,0.,1.));
#7868=DIRECTION('',(0.,0.,-1.));
#7869=DIRECTION('',(0.,1.,0.));
#7870=DIRECTION('',(0.,0.,1.));
#7871=DIRECTION('',(0.,-1.22464679914735E-16,1.));
#7872=DIRECTION('',(0.,0.,1.));
#7873=DIRECTION('',(0.,1.,0.));
#7874=DIRECTION('',(0.,0.,1.));
#7875=DIRECTION('',(1.,0.,-1.22464679914735E-16));
#7876=DIRECTION('',(-1.22464679914735E-16,0.,-1.));
#7877=DIRECTION('',(1.,0.,-1.22464679914735E-16));
#7878=DIRECTION('',(0.,0.,1.));
#7879=DIRECTION('',(-1.,0.,0.));
#7880=DIRECTION('',(0.,-1.22464679914735E-16,1.));
#7881=DIRECTION('',(1.,0.,0.));
#7882=DIRECTION('',(0.25,0.0669872981077828,-0.965925826289068));
#7883=DIRECTION('',(0.933012701892217,0.250000000000007,0.258819045102521));
#7884=DIRECTION('',(-1.22464679914735E-16,1.22464679914735E-16,-1.));
#7885=DIRECTION('',(0.25,0.0669872981077825,0.965925826289068));
#7886=DIRECTION('',(-0.933012701892218,-0.250000000000007,0.258819045102521));
#7887=DIRECTION('',(1.22464679914735E-16,-1.22464679914735E-16,1.));
#7888=DIRECTION('',(-0.707106781186548,-0.707106781186548,-8.65956056235494E-17));
#7889=DIRECTION('',(-0.707106781186548,0.707106781186548,1.73191211247099E-16));
#7890=DIRECTION('',(0.700844954426115,-0.700844954426102,-0.132788176096109));
#7891=DIRECTION('',(1.22464679914735E-16,-1.22464679914735E-16,1.));
#7892=DIRECTION('',(-0.700844954426116,0.700844954426102,-0.132788176096108));
#7893=DIRECTION('',(-0.96592582628907,0.258819045102516,1.49987988652184E-16));
#7894=DIRECTION('',(0.258819045102516,0.96592582628907,8.65956056235502E-17));
#7895=DIRECTION('',(0.256527057434097,0.957372011860213,0.132788176096109));
#7896=DIRECTION('',(-1.22464679914735E-16,1.22464679914735E-16,-1.));
#7897=DIRECTION('',(-0.256527057434097,-0.957372011860213,0.132788176096108));
#7898=DIRECTION('',(-1.22464679914735E-16,1.22464679914735E-16,-1.));
#7899=DIRECTION('',(0.965925826289066,0.258819045102529,-8.65956056235483E-17));
#7900=DIRECTION('',(0.258819045102529,-0.965925826289066,-1.49987988652185E-16));
#7901=DIRECTION('',(0.258819045102529,-0.965925826289066,-1.49987988652185E-16));
#7902=DIRECTION('',(1.22464679914735E-16,-1.22464679914735E-16,1.));
#7903=DIRECTION('',(-0.258819045102529,0.965925826289066,3.43873243138208E-16));
#7904=DIRECTION('',(-0.500000000000007,0.866025403784435,1.67289863829858E-16));
#7905=DIRECTION('',(0.866025403784435,0.500000000000007,-4.48251839151215E-17));
#7906=DIRECTION('',(0.838399492950099,0.484050172943194,0.250562807085731));
#7907=DIRECTION('',(1.22464679914735E-16,-1.22464679914735E-16,1.));
#7908=DIRECTION('',(0.838399492950099,0.484050172943194,-0.250562807085731));
#7909=DIRECTION('',(-0.25,-0.0669872981077825,-0.965925826289068));
#7910=DIRECTION('',(-0.968100345886375,-3.06850939682916E-17,0.250562807085731));
#7911=DIRECTION('',(0.25,0.0669872981077825,0.965925826289068));
#7912=DIRECTION('',(0.933012701892218,0.250000000000007,-0.258819045102521));
#7913=DIRECTION('',(-0.258819045102529,0.965925826289066,3.40410683558606E-16));
#7914=DIRECTION('',(0.968100345886375,7.7961677942066E-15,-0.250562807085731));
#7915=DIRECTION('',(0.,-1.,-1.22464679914735E-16));
#7916=DIRECTION('',(-1.,-1.49975978266185E-32,1.22464679914735E-16));
#7917=DIRECTION('',(-1.22464679914735E-16,1.22464679914735E-16,-1.));
#7918=DIRECTION('',(0.968100345886375,7.73293414960849E-15,0.250562807085731));
#7919=DIRECTION('',(-0.25,-0.0669872981077828,0.965925826289068));
#7920=DIRECTION('',(0.968100345886375,-3.06850939682916E-17,0.250562807085731));
#7921=DIRECTION('',(0.258819045102515,-0.96592582628907,-1.49987988652184E-16));
#7922=DIRECTION('',(0.258819045102529,-0.965925826289066,-1.49987988652185E-16));
#7923=DIRECTION('',(0.258819045102515,-0.96592582628907,-1.49987988652184E-16));
#7924=DIRECTION('',(0.258819045102529,-0.965925826289066,-1.49987988652185E-16));
#7925=DIRECTION('',(0.258819045102515,-0.96592582628907,-1.49987988652184E-16));
#7926=DIRECTION('',(0.258819045102529,-0.965925826289066,-1.49987988652185E-16));
#7927=DIRECTION('',(0.258819045102515,-0.96592582628907,-1.49987988652184E-16));
#7928=DIRECTION('',(0.258819045102529,-0.965925826289066,-1.49987988652185E-16));
#7929=DIRECTION('',(0.258819045102515,-0.96592582628907,-1.49987988652184E-16));
#7930=DIRECTION('',(0.258819045102529,-0.965925826289066,-1.49987988652185E-16));
#7931=DIRECTION('',(0.258819045102515,-0.96592582628907,-1.49987988652184E-16));
#7932=DIRECTION('',(0.258819045102529,-0.965925826289066,-1.49987988652185E-16));
#7933=DIRECTION('',(0.258819045102515,-0.96592582628907,-1.49987988652184E-16));
#7934=DIRECTION('',(0.258819045102529,-0.965925826289066,-1.49987988652185E-16));
#7935=DIRECTION('',(0.258819045102515,-0.96592582628907,-1.49987988652184E-16));
#7936=DIRECTION('',(0.258819045102529,-0.965925826289066,-1.49987988652185E-16));
#7937=DIRECTION('',(0.258819045102515,-0.96592582628907,-1.49987988652184E-16));
#7938=DIRECTION('',(0.258819045102529,-0.965925826289066,-1.49987988652185E-16));
#7939=DIRECTION('',(0.258819045102515,-0.96592582628907,-1.49987988652184E-16));
#7940=DIRECTION('',(0.258819045102529,-0.965925826289066,-1.49987988652185E-16));
#7941=DIRECTION('',(0.258819045102515,-0.96592582628907,-1.49987988652184E-16));
#7942=DIRECTION('',(0.25,0.0669872981077828,-0.965925826289068));
#7943=DIRECTION('',(-0.933012701892217,-0.250000000000007,-0.258819045102521));
#7944=DIRECTION('',(0.,-1.,-1.22464679914735E-16));
#7945=DIRECTION('',(1.22464679914735E-16,-1.22464679914735E-16,1.));
#7946=DIRECTION('',(0.,-1.,-1.22464679914735E-16));
#7947=DIRECTION('',(1.22464679914735E-16,-1.22464679914735E-16,1.));
#7948=DIRECTION('',(0.,1.,1.22464679914735E-16));
#7949=DIRECTION('',(1.22464679914735E-16,-1.22464679914735E-16,1.));
#7950=DIRECTION('',(1.,1.49975978266185E-32,-1.22464679914735E-16));
#7951=DIRECTION('',(1.22464679914735E-16,-1.22464679914735E-16,1.));
#7952=DIRECTION('',(-1.,0.,0.));
#7953=DIRECTION('',(0.,-1.22464679914735E-16,1.));
#7954=DIRECTION('',(-0.96592582628907,-0.258819045102515,8.65956056235501E-17));
#7955=DIRECTION('',(-0.258819045102515,0.96592582628907,1.49987988652184E-16));
#7956=DIRECTION('',(-1.,-1.49975978266185E-32,1.22464679914735E-16));
#7957=DIRECTION('',(1.,1.49975978266185E-32,-1.22464679914735E-16));
#7958=DIRECTION('',(0.,1.,1.22464679914735E-16));
#7959=DIRECTION('',(-1.22464679914735E-16,1.22464679914735E-16,-1.));
#7960=DIRECTION('',(0.,-1.,-1.22464679914735E-16));
#7961=DIRECTION('',(-1.22464679914735E-16,1.22464679914735E-16,-1.));
#7962=DIRECTION('',(1.,1.49975978266185E-32,-1.22464679914735E-16));
#7963=DIRECTION('',(1.22464679914735E-16,-1.22464679914735E-16,1.));
#7964=DIRECTION('',(1.,0.,0.));
#7965=DIRECTION('',(0.,1.22464679914735E-16,-1.));
#7966=DIRECTION('',(-0.96592582628907,-0.258819045102515,8.65956056235501E-17));
#7967=DIRECTION('',(0.258819045102515,-0.96592582628907,-1.49987988652184E-16));
#7968=DIRECTION('',(-0.573576436351055,0.819152044288986,1.70560047589718E-16));
#7969=DIRECTION('',(0.819152044288986,0.573576436351055,-3.00743382209855E-17));
#7970=DIRECTION('',(-1.,-1.49975978266185E-32,1.22464679914735E-16));
#7971=DIRECTION('',(0.,1.,1.22464679914735E-16));
#7972=DIRECTION('',(1.,1.49975978266185E-32,-1.22464679914735E-16));
#7973=DIRECTION('',(1.70740499604017E-16,-1.,-1.22464679914735E-16));
#7974=DIRECTION('',(0.,1.22464679914735E-16,-1.));
#7975=DIRECTION('',(-1.,0.,0.));
#7976=DIRECTION('',(-1.22464679914735E-16,1.22464679914735E-16,-1.));
#7977=DIRECTION('',(-1.,-1.49975978266185E-32,1.22464679914735E-16));
#7978=DIRECTION('',(-1.22464679914735E-16,1.22464679914735E-16,-1.));
#7979=DIRECTION('',(1.22464679914735E-16,-1.22464679914735E-16,1.));
#7980=DIRECTION('',(1.,1.49975978266185E-32,-1.22464679914735E-16));
#7981=DIRECTION('',(1.22464679914735E-16,-1.22464679914735E-16,1.));
#7982=DIRECTION('',(0.,-1.22464679914735E-16,1.));
#7983=DIRECTION('',(1.,0.,0.));
#7984=DIRECTION('',(0.,-1.,-1.22464679914735E-16));
#7985=DIRECTION('',(0.,-1.22464679914735E-16,1.));
#7986=DIRECTION('',(0.,-1.,-1.22464679914735E-16));
#7987=DIRECTION('',(0.,1.,1.22464679914735E-16));
#7988=DIRECTION('',(0.,1.,1.22464679914735E-16));
#7989=DIRECTION('',(1.,1.49975978266185E-32,-1.22464679914735E-16));
#7990=DIRECTION('',(1.22464679914735E-16,-1.22464679914735E-16,1.));
#7991=DIRECTION('',(1.,1.82123199577618E-14,-1.22464679914733E-16));
#7992=DIRECTION('',(0.258819045102529,-0.965925826289066,-1.49987988652185E-16));
#7993=DIRECTION('',(1.22464679914735E-16,-1.22464679914735E-16,1.));
#7994=DIRECTION('',(1.,1.49975978266185E-32,-1.22464679914735E-16));
#7995=DIRECTION('',(0.,1.,1.22464679914735E-16));
#7996=DIRECTION('',(-1.22464679914735E-16,1.22464679914735E-16,-1.));
#7997=DIRECTION('',(-1.22464679914735E-16,1.22464679914735E-16,-1.));
#7998=DIRECTION('',(-1.22464679914735E-16,1.22464679914735E-16,-1.));
#7999=DIRECTION('',(-1.,-1.49975978266185E-32,1.22464679914735E-16));
#8000=DIRECTION('',(-1.,0.,0.));
#8001=DIRECTION('',(0.,-1.22464679914735E-16,1.));
#8002=DIRECTION('',(0.,-1.,-1.22464679914735E-16));
#8003=DIRECTION('',(0.258819045102515,-0.96592582628907,-1.49987988652184E-16));
#8004=DIRECTION('',(-0.96592582628907,-0.258819045102515,8.65956056235501E-17));
#8005=DIRECTION('',(-0.0871557427476742,-0.996194698091744,-1.11325164696237E-16));
#8006=DIRECTION('',(0.996194698091744,-0.0871557427476742,-1.32672164972887E-16));
#8007=DIRECTION('',(-0.258819045102515,0.96592582628907,1.49987988652184E-16));
#8008=DIRECTION('',(-0.573576436351055,0.819152044288986,1.70560047589718E-16));
#8009=DIRECTION('',(-0.819152044288986,-0.573576436351055,3.00743382209855E-17));
#8010=DIRECTION('',(0.258819045102515,-0.96592582628907,-1.49987988652184E-16));
#8011=DIRECTION('',(0.258819045102515,-0.96592582628907,-1.49987988652184E-16));
#8012=DIRECTION('',(-0.96592582628907,-0.258819045102515,8.65956056235501E-17));
#8013=DIRECTION('',(-0.0871557427476742,-0.996194698091744,-1.11325164696237E-16));
#8014=DIRECTION('',(0.996194698091744,-0.0871557427476742,-1.32672164972887E-16));
#8015=DIRECTION('',(0.258819045102515,-0.96592582628907,-1.49987988652184E-16));
#8016=DIRECTION('',(0.258819045102515,-0.96592582628907,-1.49987988652184E-16));
#8017=DIRECTION('',(-0.96592582628907,-0.258819045102515,8.65956056235501E-17));
#8018=DIRECTION('',(0.258819045102515,-0.96592582628907,-1.49987988652184E-16));
#8019=DIRECTION('',(-0.0871557427476742,-0.996194698091744,-1.11325164696237E-16));
#8020=DIRECTION('',(0.996194698091744,-0.0871557427476742,-1.32672164972887E-16));
#8021=DIRECTION('',(0.258819045102515,-0.96592582628907,-1.49987988652184E-16));
#8022=DIRECTION('',(-0.96592582628907,-0.258819045102515,8.65956056235501E-17));
#8023=DIRECTION('',(-0.0871557427476742,-0.996194698091744,-1.11325164696237E-16));
#8024=DIRECTION('',(0.996194698091744,-0.0871557427476742,-1.32672164972887E-16));
#8025=DIRECTION('',(0.258819045102515,-0.96592582628907,-1.49987988652184E-16));
#8026=DIRECTION('',(0.258819045102515,-0.96592582628907,-1.49987988652184E-16));
#8027=DIRECTION('',(-0.96592582628907,-0.258819045102515,8.65956056235501E-17));
#8028=DIRECTION('',(-0.573576436351055,0.819152044288986,1.70560047589718E-16));
#8029=DIRECTION('',(-0.819152044288986,-0.573576436351055,3.00743382209855E-17));
#8030=DIRECTION('',(0.258819045102515,-0.96592582628907,-1.49987988652184E-16));
#8031=DIRECTION('',(-0.0871557427476742,-0.996194698091744,-1.11325164696237E-16));
#8032=DIRECTION('',(0.996194698091744,-0.0871557427476742,-1.32672164972887E-16));
#8033=DIRECTION('',(-0.258819045102515,0.96592582628907,1.49987988652184E-16));
#8034=DIRECTION('',(0.258819045102515,-0.96592582628907,-1.49987988652184E-16));
#8035=DIRECTION('',(-0.96592582628907,-0.258819045102515,8.65956056235501E-17));
#8036=DIRECTION('',(-0.258819045102515,0.96592582628907,1.49987988652184E-16));
#8037=DIRECTION('',(-0.573576436351055,0.819152044288986,1.70560047589718E-16));
#8038=DIRECTION('',(-0.819152044288986,-0.573576436351055,3.00743382209855E-17));
#8039=DIRECTION('',(0.258819045102515,-0.96592582628907,-1.49987988652184E-16));
#8040=DIRECTION('',(-0.0871557427476742,-0.996194698091744,-1.11325164696237E-16));
#8041=DIRECTION('',(0.996194698091744,-0.0871557427476742,-1.32672164972887E-16));
#8042=DIRECTION('',(0.258819045102515,-0.96592582628907,-1.49987988652184E-16));
#8043=DIRECTION('',(-0.96592582628907,-0.258819045102515,8.65956056235501E-17));
#8044=DIRECTION('',(-0.258819045102515,0.96592582628907,1.49987988652184E-16));
#8045=DIRECTION('',(-0.573576436351055,0.819152044288986,1.70560047589718E-16));
#8046=DIRECTION('',(-0.819152044288986,-0.573576436351055,3.00743382209855E-17));
#8047=DIRECTION('',(0.258819045102515,-0.96592582628907,-1.49987988652184E-16));
#8048=DIRECTION('',(-0.0871557427476742,-0.996194698091744,-1.11325164696237E-16));
#8049=DIRECTION('',(0.996194698091744,-0.0871557427476742,-1.32672164972887E-16));
#8050=DIRECTION('',(0.258819045102515,-0.96592582628907,-1.49987988652184E-16));
#8051=DIRECTION('',(-0.96592582628907,-0.258819045102515,8.65956056235501E-17));
#8052=DIRECTION('',(-0.258819045102515,0.96592582628907,1.49987988652184E-16));
#8053=DIRECTION('',(-0.573576436351055,0.819152044288986,1.70560047589718E-16));
#8054=DIRECTION('',(-0.819152044288986,-0.573576436351055,3.00743382209855E-17));
#8055=DIRECTION('',(0.258819045102515,-0.96592582628907,-1.49987988652184E-16));
#8056=DIRECTION('',(-0.0871557427476742,-0.996194698091744,-1.11325164696237E-16));
#8057=DIRECTION('',(0.996194698091744,-0.0871557427476742,-1.32672164972887E-16));
#8058=DIRECTION('',(0.258819045102515,-0.96592582628907,-1.49987988652184E-16));
#8059=DIRECTION('',(-0.96592582628907,-0.258819045102515,8.65956056235501E-17));
#8060=DIRECTION('',(-0.258819045102515,0.96592582628907,1.49987988652184E-16));
#8061=DIRECTION('',(-0.573576436351055,0.819152044288986,1.70560047589718E-16));
#8062=DIRECTION('',(-0.819152044288986,-0.573576436351055,3.00743382209855E-17));
#8063=DIRECTION('',(0.258819045102515,-0.96592582628907,-1.49987988652184E-16));
#8064=DIRECTION('',(-0.0871557427476742,-0.996194698091744,-1.11325164696237E-16));
#8065=DIRECTION('',(0.996194698091744,-0.0871557427476742,-1.32672164972887E-16));
#8066=DIRECTION('',(0.258819045102515,-0.96592582628907,-1.49987988652184E-16));
#8067=DIRECTION('',(-0.96592582628907,-0.258819045102515,8.65956056235501E-17));
#8068=DIRECTION('',(-0.258819045102515,0.96592582628907,1.49987988652184E-16));
#8069=DIRECTION('',(-0.573576436351055,0.819152044288986,1.70560047589718E-16));
#8070=DIRECTION('',(-0.819152044288986,-0.573576436351055,3.00743382209855E-17));
#8071=DIRECTION('',(0.258819045102515,-0.96592582628907,-1.49987988652184E-16));
#8072=DIRECTION('',(-1.,0.,0.));
#8073=DIRECTION('',(0.,-1.,-1.55278991999223E-16));
#8074=DIRECTION('',(0.258819045102515,-0.96592582628907,-1.49987988652184E-16));
#8075=DIRECTION('',(-0.96592582628907,-0.258819045102515,8.65956056235501E-17));
#8076=DIRECTION('',(-0.0871557427476742,-0.996194698091744,-1.11325164696237E-16));
#8077=DIRECTION('',(0.996194698091744,-0.0871557427476742,-1.32672164972887E-16));
#8078=DIRECTION('',(-0.258819045102515,0.96592582628907,1.49987988652184E-16));
#8079=DIRECTION('',(-0.573576436351055,0.819152044288986,1.70560047589718E-16));
#8080=DIRECTION('',(-0.819152044288986,-0.573576436351055,3.00743382209855E-17));
#8081=DIRECTION('',(0.258819045102515,-0.96592582628907,-1.49987988652184E-16));
#8082=DIRECTION('',(-0.683012701892216,-0.183012701892224,0.70710678118655));
#8083=DIRECTION('',(0.719254596676407,-8.50819188405232E-17,0.694746590606863));
#8084=DIRECTION('',(-0.725966371218698,0.0635138275827005,-0.684791078771731));
#8085=DIRECTION('',(0.683012701892216,0.183012701892224,-0.70710678118655));
#8086=DIRECTION('',(-0.68301270189222,-0.183012701892226,-0.707106781186545));
#8087=DIRECTION('',(0.258819045102529,-0.965925826289066,-1.49987988652185E-16));
#8088=DIRECTION('',(0.683012701892216,0.183012701892224,-0.70710678118655));
#8089=DIRECTION('',(-0.68301270189222,-0.183012701892226,-0.707106781186545));
#8090=DIRECTION('',(0.596948405977247,0.417987773787547,0.684791078771734));
#8091=DIRECTION('',(-0.258819045102529,0.965925826289066,1.49987988652185E-16));
#8092=DIRECTION('',(-0.683012701892216,-0.183012701892224,0.70710678118655));
#8093=DIRECTION('',(0.719254596676407,-8.50819188405232E-17,0.694746590606863));
#8094=DIRECTION('',(-0.725966371218698,0.0635138275827006,-0.684791078771731));
#8095=DIRECTION('',(0.683012701892216,0.183012701892224,-0.70710678118655));
#8096=DIRECTION('',(-0.68301270189222,-0.183012701892226,-0.707106781186545));
#8097=DIRECTION('',(0.258819045102529,-0.965925826289066,-1.49987988652185E-16));
#8098=DIRECTION('',(0.683012701892216,0.183012701892224,-0.70710678118655));
#8099=DIRECTION('',(-0.68301270189222,-0.183012701892226,-0.707106781186545));
#8100=DIRECTION('',(0.596948405977247,0.417987773787548,0.684791078771733));
#8101=DIRECTION('',(-0.258819045102529,0.965925826289066,1.49987988652185E-16));
#8102=DIRECTION('',(-0.683012701892216,-0.183012701892224,0.70710678118655));
#8103=DIRECTION('',(0.719254596676407,-8.50819188405232E-17,0.694746590606863));
#8104=DIRECTION('',(-0.725966371218701,0.0635138275827008,-0.684791078771727));
#8105=DIRECTION('',(0.683012701892216,0.183012701892224,-0.70710678118655));
#8106=DIRECTION('',(-0.68301270189222,-0.183012701892226,-0.707106781186545));
#8107=DIRECTION('',(0.258819045102529,-0.965925826289066,-1.49987988652185E-16));
#8108=DIRECTION('',(0.683012701892216,0.183012701892224,-0.70710678118655));
#8109=DIRECTION('',(-0.68301270189222,-0.183012701892226,-0.707106781186545));
#8110=DIRECTION('',(0.596948405977249,0.417987773787549,0.68479107877173));
#8111=DIRECTION('',(-0.258819045102529,0.965925826289066,1.49987988652185E-16));
#8112=DIRECTION('',(-0.258819045102529,0.965925826289066,1.49987988652185E-16));
#8113=DIRECTION('',(0.965925826289067,0.258819045102527,-8.65956056235486E-17));
#8114=DIRECTION('',(0.573576436351055,-0.819152044288986,-1.70560047589718E-16));
#8115=DIRECTION('',(0.819152044288986,0.573576436351055,-3.00743382209855E-17));
#8116=DIRECTION('',(0.258819045102529,-0.965925826289066,-1.49987988652185E-16));
#8117=DIRECTION('',(-0.793353340291238,0.608761429008718,1.71709536426042E-16));
#8118=DIRECTION('',(-0.608761429008717,-0.793353340291238,-2.26059893300631E-17));
#8119=DIRECTION('',(-0.258819045102529,0.965925826289066,1.49987988652185E-16));
#8120=DIRECTION('',(0.,-1.,-1.22464679914735E-16));
#8121=DIRECTION('',(1.,1.49975978266185E-32,-1.22464679914735E-16));
#8122=DIRECTION('',(0.,1.,1.22464679914735E-16));
#8123=DIRECTION('',(1.22464679914735E-16,-1.22464679914735E-16,1.));
#8124=DIRECTION('',(-1.,-1.49975978266185E-32,1.22464679914735E-16));
#8125=DIRECTION('',(1.22464679914735E-16,-1.22464679914735E-16,1.));
#8126=DIRECTION('',(0.,-1.,-1.22464679914735E-16));
#8127=DIRECTION('',(1.22464679914735E-16,-1.22464679914735E-16,1.));
#8128=DIRECTION('',(0.,1.,1.22464679914735E-16));
#8129=DIRECTION('',(-1.22464679914735E-16,1.22464679914735E-16,-1.));
#8130=DIRECTION('',(0.,-1.,-1.22464679914735E-16));
#8131=DIRECTION('',(0.,1.,1.22464679914735E-16));
#8132=DIRECTION('',(-1.,0.,0.));
#8133=DIRECTION('',(0.,-1.22464679914735E-16,1.));
#8134=DIRECTION('',(1.,1.49975978266185E-32,-1.22464679914735E-16));
#8135=DIRECTION('',(0.,-1.,-1.22464679914735E-16));
#8136=DIRECTION('',(1.,1.49975978266185E-32,-1.22464679914735E-16));
#8137=DIRECTION('',(-1.,-1.49975978266185E-32,1.22464679914735E-16));
#8138=DIRECTION('',(-1.22464679914735E-16,1.22464679914735E-16,-1.));
#8139=DIRECTION('',(1.,0.,0.));
#8140=DIRECTION('',(0.,1.22464679914735E-16,-1.));
#8141=DIRECTION('',(0.573576436351055,-0.819152044288986,-1.70560047589718E-16));
#8142=DIRECTION('',(0.819152044288986,0.573576436351055,-3.00743382209855E-17));
#8143=DIRECTION('',(0.96592582628907,0.258819045102515,-8.65956056235501E-17));
#8144=DIRECTION('',(0.258819045102515,-0.96592582628907,-1.49987988652184E-16));
#8145=DIRECTION('',(-1.,-1.49975978266185E-32,1.22464679914735E-16));
#8146=DIRECTION('',(0.,1.22464679914735E-16,-1.));
#8147=DIRECTION('',(-1.,0.,0.));
#8148=DIRECTION('',(0.819152044288986,0.573576436351055,-3.00743382209855E-17));
#8149=DIRECTION('',(-0.258819045102515,0.96592582628907,1.49987988652184E-16));
#8150=DIRECTION('',(-0.996194698091744,0.0871557427476742,1.32672164972887E-16));
#8151=DIRECTION('',(0.,1.22464679914735E-16,-1.));
#8152=DIRECTION('',(-1.,0.,0.));
#8153=DIRECTION('',(0.819152044288986,0.573576436351055,-3.00743382209855E-17));
#8154=DIRECTION('',(-0.258819045102515,0.96592582628907,1.49987988652184E-16));
#8155=DIRECTION('',(-0.996194698091744,0.0871557427476742,1.32672164972887E-16));
#8156=DIRECTION('',(0.,1.22464679914735E-16,-1.));
#8157=DIRECTION('',(-1.,0.,0.));
#8158=DIRECTION('',(0.819152044288986,0.573576436351055,-3.00743382209855E-17));
#8159=DIRECTION('',(-0.258819045102515,0.96592582628907,1.49987988652184E-16));
#8160=DIRECTION('',(-0.996194698091744,0.0871557427476742,1.32672164972887E-16));
#8161=DIRECTION('',(0.,1.22464679914735E-16,-1.));
#8162=DIRECTION('',(-1.,0.,0.));
#8163=DIRECTION('',(0.819152044288986,0.573576436351055,-3.00743382209855E-17));
#8164=DIRECTION('',(-0.258819045102515,0.96592582628907,1.49987988652184E-16));
#8165=DIRECTION('',(-0.996194698091744,0.0871557427476742,1.32672164972887E-16));
#8166=DIRECTION('',(-1.22464679914735E-16,1.22464679914735E-16,-1.));
#8167=DIRECTION('',(-1.,4.55307998944045E-15,1.22464679914736E-16));
#8168=DIRECTION('',(0.258819045102515,-0.96592582628907,-1.49987988652184E-16));
#8169=DIRECTION('',(-1.22464679914735E-16,1.22464679914735E-16,-1.));
#8170=DIRECTION('',(-1.,-1.49975978266185E-32,1.22464679914735E-16));
#8171=DIRECTION('',(0.,1.22464679914735E-16,-1.));
#8172=DIRECTION('',(-1.,0.,0.));
#8173=DIRECTION('',(0.819152044288986,0.573576436351055,-3.00743382209855E-17));
#8174=DIRECTION('',(-0.258819045102515,0.96592582628907,1.49987988652184E-16));
#8175=DIRECTION('',(-0.996194698091744,0.0871557427476742,1.32672164972887E-16));
#8176=DIRECTION('',(-1.22464679914735E-16,1.22464679914735E-16,-1.));
#8177=DIRECTION('',(-1.,9.10615997888089E-15,1.22464679914736E-16));
#8178=DIRECTION('',(-1.22464679914735E-16,1.22464679914735E-16,-1.));
#8179=DIRECTION('',(-1.,-1.49975978266185E-32,1.22464679914735E-16));
#8180=DIRECTION('',(0.,1.22464679914735E-16,-1.));
#8181=DIRECTION('',(-1.,0.,0.));
#8182=DIRECTION('',(-0.996194698091744,0.0871557427476742,1.32672164972887E-16));
#8183=DIRECTION('',(-1.22464679914735E-16,1.22464679914735E-16,-1.));
#8184=DIRECTION('',(-1.,5.26449873779052E-15,1.22464679914736E-16));
#8185=DIRECTION('',(-1.22464679914735E-16,1.22464679914735E-16,-1.));
#8186=DIRECTION('',(-1.,-1.49975978266185E-32,1.22464679914735E-16));
#8187=DIRECTION('',(0.,1.22464679914735E-16,-1.));
#8188=DIRECTION('',(-1.,0.,0.));
#8189=DIRECTION('',(-0.996194698091744,0.0871557427476742,1.32672164972887E-16));
#8190=DIRECTION('',(-1.22464679914735E-16,1.22464679914735E-16,-1.));
#8191=DIRECTION('',(-1.,9.10615997888089E-15,1.22464679914736E-16));
#8192=DIRECTION('',(-1.22464679914735E-16,1.22464679914735E-16,-1.));
#8193=DIRECTION('',(-1.,-1.49975978266185E-32,1.22464679914735E-16));
#8194=DIRECTION('',(0.,1.22464679914735E-16,-1.));
#8195=DIRECTION('',(-1.,0.,0.));
#8196=DIRECTION('',(-0.996194698091744,0.0871557427476742,1.32672164972887E-16));
#8197=DIRECTION('',(-1.22464679914735E-16,1.22464679914735E-16,-1.));
#8198=DIRECTION('',(-1.,4.55307998944045E-15,1.22464679914736E-16));
#8199=DIRECTION('',(-1.22464679914735E-16,1.22464679914735E-16,-1.));
#8200=DIRECTION('',(-1.,-1.49975978266185E-32,1.22464679914735E-16));
#8201=DIRECTION('',(0.,1.22464679914735E-16,-1.));
#8202=DIRECTION('',(-1.,0.,0.));
#8203=DIRECTION('',(-0.996194698091744,0.0871557427476742,1.32672164972887E-16));
#8204=DIRECTION('',(-1.22464679914735E-16,1.22464679914735E-16,-1.));
#8205=DIRECTION('',(-1.,-4.55307998944045E-15,1.22464679914734E-16));
#8206=DIRECTION('',(-1.22464679914735E-16,1.22464679914735E-16,-1.));
#8207=DIRECTION('',(-1.,-1.49975978266185E-32,1.22464679914735E-16));
#8208=DIRECTION('',(0.,1.22464679914735E-16,-1.));
#8209=DIRECTION('',(-1.,0.,0.));
#8210=DIRECTION('',(-0.996194698091744,0.0871557427476742,1.32672164972887E-16));
#8211=DIRECTION('',(-1.22464679914735E-16,1.22464679914735E-16,-1.));
#8212=DIRECTION('',(-1.,9.10615997888089E-15,1.22464679914736E-16));
#8213=DIRECTION('',(-1.22464679914735E-16,1.22464679914735E-16,-1.));
#8214=DIRECTION('',(-1.,-1.49975978266185E-32,1.22464679914735E-16));
#8215=DIRECTION('',(0.,1.22464679914735E-16,-1.));
#8216=DIRECTION('',(-1.,0.,0.));
#8217=DIRECTION('',(-0.996194698091744,0.0871557427476742,1.32672164972887E-16));
#8218=DIRECTION('',(-1.22464679914735E-16,1.22464679914735E-16,-1.));
#8219=DIRECTION('',(-1.,-1.82123199577618E-14,1.22464679914733E-16));
#8220=DIRECTION('',(-1.22464679914735E-16,1.22464679914735E-16,-1.));
#8221=DIRECTION('',(-1.,-1.49975978266185E-32,1.22464679914735E-16));
#8222=DIRECTION('',(0.,1.22464679914735E-16,-1.));
#8223=DIRECTION('',(-1.,0.,0.));
#8224=DIRECTION('',(-0.996194698091744,0.0871557427476742,1.32672164972887E-16));
#8225=DIRECTION('',(-1.22464679914735E-16,1.22464679914735E-16,-1.));
#8226=DIRECTION('',(-1.,-1.82123199577618E-14,1.22464679914733E-16));
#8227=DIRECTION('',(-1.22464679914735E-16,1.22464679914735E-16,-1.));
#8228=DIRECTION('',(-1.,-1.49975978266185E-32,1.22464679914735E-16));
#8229=DIRECTION('',(0.,1.22464679914735E-16,-1.));
#8230=DIRECTION('',(-1.,0.,0.));
#8231=DIRECTION('',(-0.996194698091744,0.0871557427476742,1.32672164972887E-16));
#8232=DIRECTION('',(-1.22464679914735E-16,1.22464679914735E-16,-1.));
#8233=DIRECTION('',(-1.,-1.82123199577618E-14,1.22464679914733E-16));
#8234=DIRECTION('',(-1.22464679914735E-16,1.22464679914735E-16,-1.));
#8235=DIRECTION('',(-1.,-1.49975978266185E-32,1.22464679914735E-16));
#8236=DIRECTION('',(0.,1.22464679914735E-16,-1.));
#8237=DIRECTION('',(-1.,0.,0.));
#8238=DIRECTION('',(0.819152044288986,0.573576436351055,-3.00743382209855E-17));
#8239=DIRECTION('',(-0.258819045102515,0.96592582628907,1.49987988652184E-16));
#8240=DIRECTION('',(-0.996194698091744,0.0871557427476742,1.32672164972887E-16));
#8241=DIRECTION('',(-1.22464679914735E-16,1.22464679914735E-16,-1.));
#8242=DIRECTION('',(-1.,1.82123199577618E-14,1.22464679914737E-16));
#8243=DIRECTION('',(-1.22464679914735E-16,1.22464679914735E-16,-1.));
#8244=DIRECTION('',(-1.,-1.49975978266185E-32,1.22464679914735E-16));
#8245=DIRECTION('',(0.,1.,1.22464679914735E-16));
#8246=DIRECTION('',(-1.22464679914735E-16,1.22464679914735E-16,-1.));
#8247=DIRECTION('',(1.,1.49975978266185E-32,-1.22464679914735E-16));
#8248=DIRECTION('',(-1.22464679914735E-16,1.22464679914735E-16,-1.));
#8249=DIRECTION('',(-1.,-1.49975978266185E-32,1.22464679914735E-16));
#8250=DIRECTION('',(-1.22464679914735E-16,1.22464679914735E-16,-1.));
#8251=DIRECTION('',(0.,1.22464679914735E-16,-1.));
#8252=DIRECTION('',(-1.,0.,0.));
#8253=DIRECTION('',(0.,1.,1.22464679914735E-16));
#8254=DIRECTION('',(0.,1.22464679914735E-16,-1.));
#8255=DIRECTION('',(0.,1.,1.22464679914735E-16));
#8256=DIRECTION('',(0.,1.,1.22464679914735E-16));
#8257=DIRECTION('',(0.258819045102515,-0.96592582628907,-1.49987988652184E-16));
#8258=DIRECTION('',(1.22464679914735E-16,-1.22464679914735E-16,1.));
#8259=DIRECTION('',(-1.,-1.49975978266185E-32,1.22464679914735E-16));
#8260=DIRECTION('',(-1.22464679914735E-16,1.22464679914735E-16,-1.));
#8261=DIRECTION('',(-1.,-1.49975978266185E-32,1.22464679914735E-16));
#8262=DIRECTION('',(-0.258819045102529,0.965925826289066,1.49987988652185E-16));
#8263=DIRECTION('',(-1.22464679914735E-16,1.22464679914735E-16,-1.));
#8264=DIRECTION('',(-1.,-1.49975978266185E-32,1.22464679914735E-16));
#8265=DIRECTION('',(-0.996194698091744,0.0871557427476742,1.32672164972887E-16));
#8266=DIRECTION('',(-0.258819045102515,0.96592582628907,1.49987988652184E-16));
#8267=DIRECTION('',(0.819152044288986,0.573576436351055,-3.00743382209855E-17));
#8268=DIRECTION('',(-1.22464679914735E-16,1.22464679914735E-16,-1.));
#8269=DIRECTION('',(-1.,-1.49975978266185E-32,1.22464679914735E-16));
#8270=DIRECTION('',(-0.258819045102529,0.965925826289066,1.49987988652185E-16));
#8271=DIRECTION('',(-1.22464679914735E-16,1.22464679914735E-16,-1.));
#8272=DIRECTION('',(-1.,-1.49975978266185E-32,1.22464679914735E-16));
#8273=DIRECTION('',(-0.258819045102515,0.96592582628907,1.49987988652184E-16));
#8274=DIRECTION('',(0.819152044288986,0.573576436351055,-3.00743382209855E-17));
#8275=DIRECTION('',(-1.22464679914735E-16,1.22464679914735E-16,-1.));
#8276=DIRECTION('',(-1.,-1.49975978266185E-32,1.22464679914735E-16));
#8277=DIRECTION('',(-0.258819045102529,0.965925826289066,1.49987988652185E-16));
#8278=DIRECTION('',(-1.22464679914735E-16,1.22464679914735E-16,-1.));
#8279=DIRECTION('',(-1.,-1.49975978266185E-32,1.22464679914735E-16));
#8280=DIRECTION('',(-0.258819045102515,0.96592582628907,1.49987988652184E-16));
#8281=DIRECTION('',(0.819152044288986,0.573576436351055,-3.00743382209855E-17));
#8282=DIRECTION('',(-1.22464679914735E-16,1.22464679914735E-16,-1.));
#8283=DIRECTION('',(-1.,-1.49975978266185E-32,1.22464679914735E-16));
#8284=DIRECTION('',(-0.258819045102529,0.965925826289066,1.49987988652185E-16));
#8285=DIRECTION('',(-1.22464679914735E-16,1.22464679914735E-16,-1.));
#8286=DIRECTION('',(-1.,-1.49975978266185E-32,1.22464679914735E-16));
#8287=DIRECTION('',(-0.258819045102515,0.96592582628907,1.49987988652184E-16));
#8288=DIRECTION('',(0.819152044288986,0.573576436351055,-3.00743382209855E-17));
#8289=DIRECTION('',(-1.22464679914735E-16,1.22464679914735E-16,-1.));
#8290=DIRECTION('',(-1.,-1.49975978266185E-32,1.22464679914735E-16));
#8291=DIRECTION('',(-0.258819045102529,0.965925826289066,1.49987988652185E-16));
#8292=DIRECTION('',(-1.22464679914735E-16,1.22464679914735E-16,-1.));
#8293=DIRECTION('',(-1.,-1.49975978266185E-32,1.22464679914735E-16));
#8294=DIRECTION('',(-0.258819045102515,0.96592582628907,1.49987988652184E-16));
#8295=DIRECTION('',(0.819152044288986,0.573576436351055,-3.00743382209855E-17));
#8296=DIRECTION('',(-1.22464679914735E-16,1.22464679914735E-16,-1.));
#8297=DIRECTION('',(-1.,-1.49975978266185E-32,1.22464679914735E-16));
#8298=DIRECTION('',(-0.258819045102529,0.965925826289066,1.49987988652185E-16));
#8299=DIRECTION('',(-1.22464679914735E-16,1.22464679914735E-16,-1.));
#8300=DIRECTION('',(-1.,-1.49975978266185E-32,1.22464679914735E-16));
#8301=DIRECTION('',(-0.258819045102515,0.96592582628907,1.49987988652184E-16));
#8302=DIRECTION('',(0.819152044288986,0.573576436351055,-3.00743382209855E-17));
#8303=DIRECTION('',(-1.22464679914735E-16,1.22464679914735E-16,-1.));
#8304=DIRECTION('',(-1.,-1.49975978266185E-32,1.22464679914735E-16));
#8305=DIRECTION('',(-0.258819045102529,0.965925826289066,1.49987988652185E-16));
#8306=DIRECTION('',(-1.22464679914735E-16,1.22464679914735E-16,-1.));
#8307=DIRECTION('',(-1.,1.13826999736011E-14,1.22464679914736E-16));
#8308=DIRECTION('',(-0.258819045102515,0.96592582628907,1.49987988652184E-16));
#8309=DIRECTION('',(0.819152044288986,0.573576436351055,-3.00743382209855E-17));
#8310=DIRECTION('',(-1.22464679914735E-16,1.22464679914735E-16,-1.));
#8311=DIRECTION('',(-1.,-1.49975978266185E-32,1.22464679914735E-16));
#8312=DIRECTION('',(-0.258819045102529,0.965925826289066,1.49987988652185E-16));
#8313=DIRECTION('',(-1.22464679914735E-16,1.22464679914735E-16,-1.));
#8314=DIRECTION('',(-1.,1.59357799630416E-14,1.22464679914737E-16));
#8315=DIRECTION('',(-0.258819045102515,0.96592582628907,1.49987988652184E-16));
#8316=DIRECTION('',(0.819152044288986,0.573576436351055,-3.00743382209855E-17));
#8317=DIRECTION('',(-1.22464679914735E-16,1.22464679914735E-16,-1.));
#8318=DIRECTION('',(-1.,-1.49975978266185E-32,1.22464679914735E-16));
#8319=DIRECTION('',(-0.258819045102529,0.965925826289066,1.49987988652185E-16));
#8320=DIRECTION('',(-1.22464679914735E-16,1.22464679914735E-16,-1.));
#8321=DIRECTION('',(-1.,1.42283749670014E-14,1.22464679914737E-16));
#8322=DIRECTION('',(-0.258819045102515,0.96592582628907,1.49987988652184E-16));
#8323=DIRECTION('',(0.819152044288986,0.573576436351055,-3.00743382209855E-17));
#8324=DIRECTION('',(-1.22464679914735E-16,1.22464679914735E-16,-1.));
#8325=DIRECTION('',(-1.,-1.49975978266185E-32,1.22464679914735E-16));
#8326=DIRECTION('',(-0.258819045102529,0.965925826289066,1.49987988652185E-16));
#8327=DIRECTION('',(-1.22464679914735E-16,1.22464679914735E-16,-1.));
#8328=DIRECTION('',(-1.,1.59357799630416E-14,1.22464679914737E-16));
#8329=DIRECTION('',(-0.996194698091744,0.0871557427476742,1.32672164972887E-16));
#8330=DIRECTION('',(-0.258819045102515,0.96592582628907,1.49987988652184E-16));
#8331=DIRECTION('',(0.819152044288986,0.573576436351055,-3.00743382209855E-17));
#8332=DIRECTION('',(-1.22464679914735E-16,1.22464679914735E-16,-1.));
#8333=DIRECTION('',(-1.,-1.49975978266185E-32,1.22464679914735E-16));
#8334=DIRECTION('',(-0.258819045102529,0.965925826289066,1.49987988652185E-16));
#8335=DIRECTION('',(-1.22464679914735E-16,1.22464679914735E-16,-1.));
#8336=DIRECTION('',(-1.,1.13826999736011E-14,1.22464679914736E-16));
#8337=DIRECTION('',(-0.996194698091744,0.0871557427476742,1.32672164972887E-16));
#8338=DIRECTION('',(-0.258819045102515,0.96592582628907,1.49987988652184E-16));
#8339=DIRECTION('',(0.819152044288986,0.573576436351055,-3.00743382209855E-17));
#8340=DIRECTION('',(-1.22464679914735E-16,1.22464679914735E-16,-1.));
#8341=DIRECTION('',(-1.,-1.49975978266185E-32,1.22464679914735E-16));
#8342=DIRECTION('',(-0.258819045102529,0.965925826289066,1.49987988652185E-16));
#8343=DIRECTION('',(-1.22464679914735E-16,1.22464679914735E-16,-1.));
#8344=DIRECTION('',(-1.,-1.49975978266185E-32,1.22464679914735E-16));
#8345=DIRECTION('',(-0.996194698091744,0.0871557427476742,1.32672164972887E-16));
#8346=DIRECTION('',(-0.258819045102515,0.96592582628907,1.49987988652184E-16));
#8347=DIRECTION('',(0.819152044288986,0.573576436351055,-3.00743382209855E-17));
#8348=DIRECTION('',(-1.22464679914735E-16,1.22464679914735E-16,-1.));
#8349=DIRECTION('',(-1.,-1.49975978266185E-32,1.22464679914735E-16));
#8350=DIRECTION('',(-0.258819045102529,0.965925826289066,1.49987988652185E-16));
#8351=DIRECTION('',(-1.22464679914735E-16,1.22464679914735E-16,-1.));
#8352=DIRECTION('',(-1.,-1.49975978266185E-32,1.22464679914735E-16));
#8353=DIRECTION('',(-0.996194698091744,0.0871557427476742,1.32672164972887E-16));
#8354=DIRECTION('',(-0.258819045102515,0.96592582628907,1.49987988652184E-16));
#8355=DIRECTION('',(0.819152044288986,0.573576436351055,-3.00743382209855E-17));
#8356=DIRECTION('',(-1.22464679914735E-16,1.22464679914735E-16,-1.));
#8357=DIRECTION('',(-1.,-1.49975978266185E-32,1.22464679914735E-16));
#8358=DIRECTION('',(-0.258819045102529,0.965925826289066,1.49987988652185E-16));
#8359=DIRECTION('',(-1.22464679914735E-16,1.22464679914735E-16,-1.));
#8360=DIRECTION('',(-1.,-1.49975978266185E-32,1.22464679914735E-16));
#8361=DIRECTION('',(-0.996194698091744,0.0871557427476742,1.32672164972887E-16));
#8362=DIRECTION('',(-0.258819045102515,0.96592582628907,1.49987988652184E-16));
#8363=DIRECTION('',(0.819152044288986,0.573576436351055,-3.00743382209855E-17));
#8364=DIRECTION('',(-0.96592582628907,-0.258819045102515,8.65956056235501E-17));
#8365=DIRECTION('',(-0.258819045102515,0.96592582628907,1.49987988652184E-16));
#8366=DIRECTION('',(0.258819045102515,-0.96592582628907,-1.49987988652184E-16));
#8367=DIRECTION('',(-1.22464679914735E-16,1.22464679914735E-16,-1.));
#8368=DIRECTION('',(1.22464679914735E-16,-1.22464679914735E-16,1.));
#8369=DIRECTION('',(0.,-1.22464679914735E-16,1.));
#8370=DIRECTION('',(1.,0.,0.));
#8371=DIRECTION('',(0.819152044288986,0.573576436351055,-3.00743382209855E-17));
#8372=DIRECTION('',(-1.22464679914735E-16,1.22464679914735E-16,-1.));
#8373=DIRECTION('',(1.,1.49975978266185E-32,-1.22464679914735E-16));
#8374=DIRECTION('',(1.22464679914735E-16,-1.22464679914735E-16,1.));
#8375=DIRECTION('',(-1.,-1.49975978266185E-32,1.22464679914735E-16));
#8376=DIRECTION('',(0.,-1.22464679914735E-16,1.));
#8377=DIRECTION('',(1.,0.,0.));
#8378=DIRECTION('',(-0.819152044288986,-0.573576436351055,3.00743382209855E-17));
#8379=DIRECTION('',(1.,0.,0.));
#8380=DIRECTION('',(0.,1.22464679914735E-16,-1.));
#8381=DIRECTION('',(0.,1.,1.22464679914735E-16));
#8382=DIRECTION('',(0.,-1.,-1.22464679914735E-16));
#8383=DIRECTION('',(0.,-1.,-1.22464679914735E-16));
#8384=DIRECTION('',(0.,1.22464679914735E-16,-1.));
#8385=DIRECTION('',(0.,-1.22464679914735E-16,1.));
#8386=DIRECTION('',(1.,0.,0.));
#8387=DIRECTION('',(0.,0.,-1.));
#8388=DIRECTION('',(1.,0.,0.));
#8389=DIRECTION('',(0.,0.,-1.));
#8390=DIRECTION('',(1.,0.,0.));
#8391=DIRECTION('',(0.,0.,-1.));
#8392=DIRECTION('',(1.,0.,0.));
#8393=DIRECTION('',(0.,0.,-1.));
#8394=DIRECTION('',(0.96592582628907,0.258819045102515,-8.65956056235501E-17));
#8395=DIRECTION('',(0.258819045102515,-0.96592582628907,-1.49987988652184E-16));
#8396=DIRECTION('',(-1.22464679914735E-16,1.22464679914735E-16,-1.));
#8397=DIRECTION('',(0.96592582628907,0.258819045102515,-8.65956056235501E-17));
#8398=DIRECTION('',(0.258819045102515,-0.96592582628907,-1.49987988652184E-16));
#8399=DIRECTION('',(-1.22464679914735E-16,1.22464679914735E-16,-1.));
#8400=DIRECTION('',(-1.22464679914735E-16,1.22464679914735E-16,-1.));
#8401=DIRECTION('',(0.96592582628907,0.258819045102515,-8.65956056235501E-17));
#8402=DIRECTION('',(0.258819045102515,-0.96592582628907,-1.49987988652184E-16));
#8403=DIRECTION('',(-1.22464679914735E-16,1.22464679914735E-16,-1.));
#8404=DIRECTION('',(-1.22464679914735E-16,1.22464679914735E-16,-1.));
#8405=DIRECTION('',(0.96592582628907,0.258819045102515,-8.65956056235501E-17));
#8406=DIRECTION('',(0.258819045102515,-0.96592582628907,-1.49987988652184E-16));
#8407=DIRECTION('',(-1.22464679914735E-16,1.22464679914735E-16,-1.));
#8408=DIRECTION('',(-1.22464679914735E-16,1.22464679914735E-16,-1.));
#8409=DIRECTION('',(0.96592582628907,0.258819045102515,-8.65956056235501E-17));
#8410=DIRECTION('',(0.258819045102515,-0.96592582628907,-1.49987988652184E-16));
#8411=DIRECTION('',(-1.22464679914735E-16,1.22464679914735E-16,-1.));
#8412=DIRECTION('',(-1.22464679914735E-16,1.22464679914735E-16,-1.));
#8413=DIRECTION('',(0.96592582628907,0.258819045102515,-8.65956056235501E-17));
#8414=DIRECTION('',(0.258819045102515,-0.96592582628907,-1.49987988652184E-16));
#8415=DIRECTION('',(-1.22464679914735E-16,1.22464679914735E-16,-1.));
#8416=DIRECTION('',(-1.22464679914735E-16,1.22464679914735E-16,-1.));
#8417=DIRECTION('',(0.96592582628907,0.258819045102515,-8.65956056235501E-17));
#8418=DIRECTION('',(0.258819045102515,-0.96592582628907,-1.49987988652184E-16));
#8419=DIRECTION('',(0.96592582628907,0.258819045102515,-8.65956056235501E-17));
#8420=DIRECTION('',(0.258819045102515,-0.96592582628907,3.23179199899293E-16));
#8421=DIRECTION('',(-1.22464679914735E-16,1.22464679914735E-16,-1.));
#8422=DIRECTION('',(0.96592582628907,0.258819045102515,-8.65956056235501E-17));
#8423=DIRECTION('',(0.258819045102515,-0.96592582628907,-1.49987988652184E-16));
#8424=DIRECTION('',(0.96592582628907,0.258819045102515,-8.65956056235501E-17));
#8425=DIRECTION('',(0.258819045102515,-0.96592582628907,3.23179199899293E-16));
#8426=DIRECTION('',(-1.22464679914735E-16,1.22464679914735E-16,-1.));
#8427=DIRECTION('',(0.96592582628907,0.258819045102515,-8.65956056235501E-17));
#8428=DIRECTION('',(0.258819045102515,-0.96592582628907,-1.49987988652184E-16));
#8429=DIRECTION('',(0.96592582628907,0.258819045102515,-8.65956056235501E-17));
#8430=DIRECTION('',(0.258819045102515,-0.96592582628907,3.23179199899293E-16));
#8431=DIRECTION('',(-1.22464679914735E-16,1.22464679914735E-16,-1.));
#8432=DIRECTION('',(0.96592582628907,0.258819045102515,-8.65956056235501E-17));
#8433=DIRECTION('',(0.258819045102515,-0.96592582628907,-1.49987988652184E-16));
#8434=DIRECTION('',(0.96592582628907,0.258819045102515,-8.65956056235501E-17));
#8435=DIRECTION('',(0.258819045102515,-0.96592582628907,3.23179199899293E-16));
#8436=DIRECTION('',(-1.22464679914735E-16,1.22464679914735E-16,-1.));
#8437=DIRECTION('',(0.96592582628907,0.258819045102515,-8.65956056235501E-17));
#8438=DIRECTION('',(0.258819045102515,-0.96592582628907,-1.49987988652184E-16));
#8439=DIRECTION('',(0.96592582628907,0.258819045102515,-8.65956056235501E-17));
#8440=DIRECTION('',(0.258819045102515,-0.96592582628907,3.23179199899293E-16));
#8441=DIRECTION('',(-1.22464679914735E-16,1.22464679914735E-16,-1.));
#8442=DIRECTION('',(0.96592582628907,0.258819045102515,-8.65956056235501E-17));
#8443=DIRECTION('',(0.258819045102515,-0.96592582628907,-1.49987988652184E-16));
#8444=DIRECTION('',(0.96592582628907,0.258819045102515,-8.65956056235501E-17));
#8445=DIRECTION('',(0.258819045102515,-0.96592582628907,3.23179199899293E-16));
#8446=DIRECTION('',(-1.22464679914735E-16,1.22464679914735E-16,-1.));
#8447=DIRECTION('',(0.96592582628907,0.258819045102515,-8.65956056235501E-17));
#8448=DIRECTION('',(0.258819045102515,-0.96592582628907,-1.49987988652184E-16));
#8449=DIRECTION('',(0.96592582628907,0.258819045102515,-8.65956056235501E-17));
#8450=DIRECTION('',(0.258819045102515,-0.96592582628907,3.23179199899293E-16));
#8451=DIRECTION('',(-1.22464679914735E-16,1.22464679914735E-16,-1.));
#8452=DIRECTION('',(0.96592582628907,0.258819045102515,-8.65956056235501E-17));
#8453=DIRECTION('',(0.258819045102515,-0.96592582628907,-1.49987988652184E-16));
#8454=DIRECTION('',(0.96592582628907,0.258819045102515,-8.65956056235501E-17));
#8455=DIRECTION('',(0.258819045102515,-0.96592582628907,3.23179199899293E-16));
#8456=DIRECTION('',(-1.22464679914735E-16,1.22464679914735E-16,-1.));
#8457=DIRECTION('',(0.96592582628907,0.258819045102515,-8.65956056235501E-17));
#8458=DIRECTION('',(0.258819045102515,-0.96592582628907,-1.49987988652184E-16));
#8459=DIRECTION('',(-1.22464679914735E-16,1.22464679914735E-16,-1.));
#8460=DIRECTION('',(-1.22464679914735E-16,1.22464679914735E-16,-1.));
#8461=DIRECTION('',(-0.573576436351055,0.819152044288986,1.70560047589718E-16));
#8462=DIRECTION('',(0.819152044288986,0.573576436351055,-3.00743382209855E-17));
#8463=DIRECTION('',(-1.22464679914735E-16,1.22464679914735E-16,-1.));
#8464=DIRECTION('',(-1.22464679914735E-16,1.22464679914735E-16,-1.));
#8465=DIRECTION('',(0.,1.22464679914735E-16,-1.));
#8466=DIRECTION('',(-1.,0.,0.));
#8467=DIRECTION('',(-1.22464679914735E-16,1.22464679914735E-16,-1.));
#8468=DIRECTION('',(-0.965925826289066,-0.258819045102529,8.65956056235483E-17));
#8469=DIRECTION('',(-0.258819045102529,0.965925826289066,1.49987988652185E-16));
#8470=DIRECTION('',(-1.22464679914735E-16,1.22464679914735E-16,-1.));
#8471=DIRECTION('',(1.22464679914735E-16,-1.22464679914735E-16,1.));
#8472=DIRECTION('',(-0.965925826289066,-0.258819045102529,8.65956056235483E-17));
#8473=DIRECTION('',(-0.258819045102529,0.965925826289066,1.49987988652185E-16));
#8474=DIRECTION('',(-1.22464679914735E-16,1.22464679914735E-16,-1.));
#8475=DIRECTION('',(1.22464679914735E-16,-1.22464679914735E-16,1.));
#8476=DIRECTION('',(-0.965925826289066,-0.258819045102529,8.65956056235483E-17));
#8477=DIRECTION('',(-0.258819045102529,0.965925826289066,1.49987988652185E-16));
#8478=DIRECTION('',(-0.965925826289066,-0.258819045102529,8.65956056235483E-17));
#8479=DIRECTION('',(0.258819045102529,-0.965925826289066,3.23179199899268E-16));
#8480=DIRECTION('',(-1.22464679914735E-16,1.22464679914735E-16,-1.));
#8481=DIRECTION('',(1.22464679914735E-16,-1.22464679914735E-16,1.));
#8482=DIRECTION('',(-0.965925826289066,-0.258819045102529,8.65956056235483E-17));
#8483=DIRECTION('',(-0.258819045102529,0.965925826289066,1.49987988652185E-16));
#8484=DIRECTION('',(-0.965925826289066,-0.258819045102529,8.65956056235483E-17));
#8485=DIRECTION('',(0.258819045102529,-0.965925826289066,3.23179199899268E-16));
#8486=DIRECTION('',(-1.22464679914735E-16,1.22464679914735E-16,-1.));
#8487=DIRECTION('',(1.22464679914735E-16,-1.22464679914735E-16,1.));
#8488=DIRECTION('',(-0.965925826289066,-0.258819045102529,8.65956056235483E-17));
#8489=DIRECTION('',(-0.258819045102529,0.965925826289066,1.49987988652185E-16));
#8490=DIRECTION('',(-1.22464679914735E-16,1.22464679914735E-16,-1.));
#8491=DIRECTION('',(1.22464679914735E-16,-1.22464679914735E-16,1.));
#8492=DIRECTION('',(-0.965925826289066,-0.258819045102529,8.65956056235483E-17));
#8493=DIRECTION('',(-0.258819045102529,0.965925826289066,1.49987988652185E-16));
#8494=DIRECTION('',(-1.22464679914735E-16,1.22464679914735E-16,-1.));
#8495=DIRECTION('',(1.22464679914735E-16,-1.22464679914735E-16,1.));
#8496=DIRECTION('',(-0.965925826289066,-0.258819045102529,8.65956056235483E-17));
#8497=DIRECTION('',(-0.258819045102529,0.965925826289066,1.49987988652185E-16));
#8498=DIRECTION('',(-0.965925826289066,-0.258819045102529,8.65956056235483E-17));
#8499=DIRECTION('',(0.258819045102529,-0.965925826289066,3.23179199899268E-16));
#8500=DIRECTION('',(-1.22464679914735E-16,1.22464679914735E-16,-1.));
#8501=DIRECTION('',(1.22464679914735E-16,-1.22464679914735E-16,1.));
#8502=DIRECTION('',(-0.965925826289066,-0.258819045102529,8.65956056235483E-17));
#8503=DIRECTION('',(-0.258819045102529,0.965925826289066,1.49987988652185E-16));
#8504=DIRECTION('',(-0.965925826289066,-0.258819045102529,8.65956056235483E-17));
#8505=DIRECTION('',(0.258819045102529,-0.965925826289066,3.23179199899268E-16));
#8506=DIRECTION('',(-1.22464679914735E-16,1.22464679914735E-16,-1.));
#8507=DIRECTION('',(1.22464679914735E-16,-1.22464679914735E-16,1.));
#8508=DIRECTION('',(-0.965925826289066,-0.258819045102529,8.65956056235483E-17));
#8509=DIRECTION('',(-0.258819045102529,0.965925826289066,1.49987988652185E-16));
#8510=DIRECTION('',(-1.22464679914735E-16,1.22464679914735E-16,-1.));
#8511=DIRECTION('',(1.22464679914735E-16,-1.22464679914735E-16,1.));
#8512=DIRECTION('',(-0.965925826289066,-0.258819045102529,8.65956056235483E-17));
#8513=DIRECTION('',(-0.258819045102529,0.965925826289066,1.49987988652185E-16));
#8514=DIRECTION('',(-1.22464679914735E-16,1.22464679914735E-16,-1.));
#8515=DIRECTION('',(1.22464679914735E-16,-1.22464679914735E-16,1.));
#8516=DIRECTION('',(-0.965925826289066,-0.258819045102529,8.65956056235483E-17));
#8517=DIRECTION('',(-0.258819045102529,0.965925826289066,1.49987988652185E-16));
#8518=DIRECTION('',(-1.22464679914735E-16,1.22464679914735E-16,-1.));
#8519=DIRECTION('',(1.22464679914735E-16,-1.22464679914735E-16,1.));
#8520=DIRECTION('',(-0.965925826289066,-0.258819045102529,8.65956056235483E-17));
#8521=DIRECTION('',(-0.258819045102529,0.965925826289066,1.49987988652185E-16));
#8522=DIRECTION('',(-1.22464679914735E-16,1.22464679914735E-16,-1.));
#8523=DIRECTION('',(1.22464679914735E-16,-1.22464679914735E-16,1.));
#8524=DIRECTION('',(-0.965925826289066,-0.258819045102529,8.65956056235483E-17));
#8525=DIRECTION('',(-0.258819045102529,0.965925826289066,1.49987988652185E-16));
#8526=DIRECTION('',(-1.22464679914735E-16,1.22464679914735E-16,-1.));
#8527=DIRECTION('',(1.22464679914735E-16,-1.22464679914735E-16,1.));
#8528=DIRECTION('',(-0.965925826289066,-0.258819045102529,8.65956056235483E-17));
#8529=DIRECTION('',(-0.258819045102529,0.965925826289066,1.49987988652185E-16));
#8530=DIRECTION('',(-1.22464679914735E-16,1.22464679914735E-16,-1.));
#8531=DIRECTION('',(1.22464679914735E-16,-1.22464679914735E-16,1.));
#8532=DIRECTION('',(0.,1.22464679914735E-16,-1.));
#8533=DIRECTION('',(-1.,0.,0.));
#8534=DIRECTION('',(-1.22464679914735E-16,1.22464679914735E-16,-1.));
#8535=DIRECTION('',(1.22464679914735E-16,-1.22464679914735E-16,1.));
#8536=DIRECTION('',(0.,1.22464679914735E-16,-1.));
#8537=DIRECTION('',(-1.,0.,0.));
#8538=DIRECTION('',(1.22464679914735E-16,-1.22464679914735E-16,1.));
#8539=DIRECTION('',(0.,1.22464679914735E-16,-1.));
#8540=DIRECTION('',(-1.,0.,0.));
#8541=DIRECTION('',(-1.22464679914735E-16,1.22464679914735E-16,-1.));
#8542=DIRECTION('',(1.22464679914735E-16,-1.22464679914735E-16,1.));
#8543=DIRECTION('',(0.,1.22464679914735E-16,-1.));
#8544=DIRECTION('',(-1.,0.,0.));
#8545=DIRECTION('',(0.,1.22464679914735E-16,-1.));
#8546=DIRECTION('',(-1.,0.,0.));
#8547=DIRECTION('',(-1.22464679914735E-16,1.22464679914735E-16,-1.));
#8548=DIRECTION('',(1.22464679914735E-16,-1.22464679914735E-16,1.));
#8549=DIRECTION('',(0.,1.22464679914735E-16,-1.));
#8550=DIRECTION('',(-1.,0.,0.));
#8551=DIRECTION('',(0.,1.22464679914735E-16,-1.));
#8552=DIRECTION('',(-1.,0.,0.));
#8553=DIRECTION('',(-1.22464679914735E-16,1.22464679914735E-16,-1.));
#8554=DIRECTION('',(1.22464679914735E-16,-1.22464679914735E-16,1.));
#8555=DIRECTION('',(0.,1.22464679914735E-16,-1.));
#8556=DIRECTION('',(-1.,0.,0.));
#8557=DIRECTION('',(0.,1.22464679914735E-16,-1.));
#8558=DIRECTION('',(-1.,0.,0.));
#8559=DIRECTION('',(-1.22464679914735E-16,1.22464679914735E-16,-1.));
#8560=DIRECTION('',(1.22464679914735E-16,-1.22464679914735E-16,1.));
#8561=DIRECTION('',(0.,1.22464679914735E-16,-1.));
#8562=DIRECTION('',(-1.,0.,0.));
#8563=DIRECTION('',(0.,1.22464679914735E-16,-1.));
#8564=DIRECTION('',(-1.,0.,0.));
#8565=DIRECTION('',(-1.22464679914735E-16,1.22464679914735E-16,-1.));
#8566=DIRECTION('',(1.22464679914735E-16,-1.22464679914735E-16,1.));
#8567=DIRECTION('',(0.,1.22464679914735E-16,-1.));
#8568=DIRECTION('',(-1.,0.,0.));
#8569=DIRECTION('',(0.,1.22464679914735E-16,-1.));
#8570=DIRECTION('',(-1.,0.,0.));
#8571=DIRECTION('',(-1.22464679914735E-16,1.22464679914735E-16,-1.));
#8572=DIRECTION('',(1.22464679914735E-16,-1.22464679914735E-16,1.));
#8573=DIRECTION('',(0.,1.22464679914735E-16,-1.));
#8574=DIRECTION('',(-1.,0.,0.));
#8575=DIRECTION('',(0.,1.22464679914735E-16,-1.));
#8576=DIRECTION('',(-1.,0.,0.));
#8577=DIRECTION('',(-1.22464679914735E-16,1.22464679914735E-16,-1.));
#8578=DIRECTION('',(1.22464679914735E-16,-1.22464679914735E-16,1.));
#8579=DIRECTION('',(0.,1.22464679914735E-16,-1.));
#8580=DIRECTION('',(-1.,0.,0.));
#8581=DIRECTION('',(0.,1.22464679914735E-16,-1.));
#8582=DIRECTION('',(-1.,0.,0.));
#8583=DIRECTION('',(-1.22464679914735E-16,1.22464679914735E-16,-1.));
#8584=DIRECTION('',(1.22464679914735E-16,-1.22464679914735E-16,1.));
#8585=DIRECTION('',(0.,1.22464679914735E-16,-1.));
#8586=DIRECTION('',(-1.,0.,0.));
#8587=DIRECTION('',(0.,1.22464679914735E-16,-1.));
#8588=DIRECTION('',(-1.,0.,0.));
#8589=DIRECTION('',(-1.22464679914735E-16,1.22464679914735E-16,-1.));
#8590=DIRECTION('',(1.22464679914735E-16,-1.22464679914735E-16,1.));
#8591=DIRECTION('',(0.,1.22464679914735E-16,-1.));
#8592=DIRECTION('',(-1.,0.,0.));
#8593=DIRECTION('',(1.22464679914735E-16,-1.22464679914735E-16,1.));
#8594=DIRECTION('',(0.,1.22464679914735E-16,-1.));
#8595=DIRECTION('',(-1.,0.,0.));
#8596=DIRECTION('',(-1.22464679914735E-16,1.22464679914735E-16,-1.));
#8597=DIRECTION('',(1.22464679914735E-16,-1.22464679914735E-16,1.));
#8598=DIRECTION('',(0.,1.22464679914735E-16,-1.));
#8599=DIRECTION('',(-1.,0.,0.));
#8600=DIRECTION('',(1.22464679914735E-16,-1.22464679914735E-16,1.));
#8601=DIRECTION('',(0.,1.22464679914735E-16,-1.));
#8602=DIRECTION('',(-1.,0.,0.));
#8603=DIRECTION('',(-1.22464679914735E-16,1.22464679914735E-16,-1.));
#8604=DIRECTION('',(1.22464679914735E-16,-1.22464679914735E-16,1.));
#8605=DIRECTION('',(0.,1.22464679914735E-16,-1.));
#8606=DIRECTION('',(-1.,0.,0.));
#8607=DIRECTION('',(1.22464679914735E-16,-1.22464679914735E-16,1.));
#8608=DIRECTION('',(0.,1.22464679914735E-16,-1.));
#8609=DIRECTION('',(-1.,0.,0.));
#8610=DIRECTION('',(-1.22464679914735E-16,1.22464679914735E-16,-1.));
#8611=DIRECTION('',(1.22464679914735E-16,-1.22464679914735E-16,1.));
#8612=DIRECTION('',(0.,1.22464679914735E-16,-1.));
#8613=DIRECTION('',(-1.,0.,0.));
#8614=DIRECTION('',(1.22464679914735E-16,-1.22464679914735E-16,1.));
#8615=DIRECTION('',(0.,1.22464679914735E-16,-1.));
#8616=DIRECTION('',(-1.,0.,0.));
#8617=DIRECTION('',(-1.22464679914735E-16,1.22464679914735E-16,-1.));
#8618=DIRECTION('',(1.22464679914735E-16,-1.22464679914735E-16,1.));
#8619=DIRECTION('',(0.,1.22464679914735E-16,-1.));
#8620=DIRECTION('',(-1.,0.,0.));
#8621=DIRECTION('',(1.22464679914735E-16,-1.22464679914735E-16,1.));
#8622=DIRECTION('',(-0.0871557427476742,-0.996194698091744,-1.11325164696237E-16));
#8623=DIRECTION('',(-0.996194698091744,0.0871557427476742,1.32672164972887E-16));
#8624=DIRECTION('',(-0.573576436351055,0.819152044288986,1.70560047589718E-16));
#8625=DIRECTION('',(0.819152044288986,0.573576436351055,-3.00743382209855E-17));
#8626=DIRECTION('',(-1.22464679914735E-16,1.22464679914735E-16,-1.));
#8627=DIRECTION('',(-1.22464679914735E-16,1.22464679914735E-16,-1.));
#8628=DIRECTION('',(-0.0871557427476742,-0.996194698091744,-1.11325164696237E-16));
#8629=DIRECTION('',(-0.996194698091744,0.0871557427476742,1.32672164972887E-16));
#8630=DIRECTION('',(-0.0871557427476742,-0.996194698091744,-1.11325164696237E-16));
#8631=DIRECTION('',(0.996194698091744,-0.0871557427476742,-9.73968987607895E-18));
#8632=DIRECTION('',(-0.573576436351055,0.819152044288986,1.70560047589718E-16));
#8633=DIRECTION('',(0.819152044288986,0.573576436351055,-3.00743382209855E-17));
#8634=DIRECTION('',(-0.573576436351055,0.819152044288986,1.70560047589718E-16));
#8635=DIRECTION('',(0.819152044288986,0.573576436351055,1.1942743103973E-16));
#8636=DIRECTION('',(-1.22464679914735E-16,1.22464679914735E-16,-1.));
#8637=DIRECTION('',(-0.0871557427476742,-0.996194698091744,-1.11325164696237E-16));
#8638=DIRECTION('',(-0.996194698091744,0.0871557427476742,1.32672164972887E-16));
#8639=DIRECTION('',(-0.0871557427476742,-0.996194698091744,-1.11325164696237E-16));
#8640=DIRECTION('',(0.996194698091744,-0.0871557427476742,-9.73968987607895E-18));
#8641=DIRECTION('',(-0.573576436351055,0.819152044288986,1.70560047589718E-16));
#8642=DIRECTION('',(0.819152044288986,0.573576436351055,-3.00743382209855E-17));
#8643=DIRECTION('',(-0.573576436351055,0.819152044288986,1.70560047589718E-16));
#8644=DIRECTION('',(0.819152044288986,0.573576436351055,1.1942743103973E-16));
#8645=DIRECTION('',(-1.22464679914735E-16,1.22464679914735E-16,-1.));
#8646=DIRECTION('',(-0.0871557427476742,-0.996194698091744,-1.11325164696237E-16));
#8647=DIRECTION('',(-0.996194698091744,0.0871557427476742,1.32672164972887E-16));
#8648=DIRECTION('',(-0.0871557427476742,-0.996194698091744,-1.11325164696237E-16));
#8649=DIRECTION('',(0.996194698091744,-0.0871557427476742,-9.73968987607895E-18));
#8650=DIRECTION('',(-0.573576436351055,0.819152044288986,1.70560047589718E-16));
#8651=DIRECTION('',(0.819152044288986,0.573576436351055,-3.00743382209855E-17));
#8652=DIRECTION('',(-0.573576436351055,0.819152044288986,1.70560047589718E-16));
#8653=DIRECTION('',(0.819152044288986,0.573576436351055,1.1942743103973E-16));
#8654=DIRECTION('',(-1.22464679914735E-16,1.22464679914735E-16,-1.));
#8655=DIRECTION('',(-0.0871557427476742,-0.996194698091744,-1.11325164696237E-16));
#8656=DIRECTION('',(-0.996194698091744,0.0871557427476742,1.32672164972887E-16));
#8657=DIRECTION('',(-0.0871557427476742,-0.996194698091744,-1.11325164696237E-16));
#8658=DIRECTION('',(0.996194698091744,-0.0871557427476742,-9.73968987607895E-18));
#8659=DIRECTION('',(-0.573576436351055,0.819152044288986,1.70560047589718E-16));
#8660=DIRECTION('',(0.819152044288986,0.573576436351055,-3.00743382209855E-17));
#8661=DIRECTION('',(-0.573576436351055,0.819152044288986,1.70560047589718E-16));
#8662=DIRECTION('',(0.819152044288986,0.573576436351055,1.1942743103973E-16));
#8663=DIRECTION('',(-0.573576436351055,0.819152044288986,1.70560047589718E-16));
#8664=DIRECTION('',(0.819152044288986,0.573576436351055,1.1942743103973E-16));
#8665=DIRECTION('',(-1.22464679914735E-16,1.22464679914735E-16,-1.));
#8666=DIRECTION('',(-0.0871557427476742,-0.996194698091744,-1.11325164696237E-16));
#8667=DIRECTION('',(-0.996194698091744,0.0871557427476742,1.32672164972887E-16));
#8668=DIRECTION('',(-0.0871557427476742,-0.996194698091744,-1.11325164696237E-16));
#8669=DIRECTION('',(0.996194698091744,-0.0871557427476742,-9.73968987607895E-18));
#8670=DIRECTION('',(-0.573576436351055,0.819152044288986,1.70560047589718E-16));
#8671=DIRECTION('',(0.819152044288986,0.573576436351055,-3.00743382209855E-17));
#8672=DIRECTION('',(-0.573576436351055,0.819152044288986,1.70560047589718E-16));
#8673=DIRECTION('',(0.819152044288986,0.573576436351055,1.1942743103973E-16));
#8674=DIRECTION('',(-1.22464679914735E-16,1.22464679914735E-16,-1.));
#8675=DIRECTION('',(-0.0871557427476742,-0.996194698091744,-1.11325164696237E-16));
#8676=DIRECTION('',(-0.996194698091744,0.0871557427476742,1.32672164972887E-16));
#8677=DIRECTION('',(-0.0871557427476742,-0.996194698091744,-1.11325164696237E-16));
#8678=DIRECTION('',(0.996194698091744,-0.0871557427476742,-9.73968987607895E-18));
#8679=DIRECTION('',(-0.573576436351055,0.819152044288986,1.70560047589718E-16));
#8680=DIRECTION('',(0.819152044288986,0.573576436351055,-3.00743382209855E-17));
#8681=DIRECTION('',(-0.573576436351055,0.819152044288986,1.70560047589718E-16));
#8682=DIRECTION('',(0.819152044288986,0.573576436351055,1.1942743103973E-16));
#8683=DIRECTION('',(-1.22464679914735E-16,1.22464679914735E-16,-1.));
#8684=DIRECTION('',(-0.0871557427476742,-0.996194698091744,-1.11325164696237E-16));
#8685=DIRECTION('',(-0.996194698091744,0.0871557427476742,1.32672164972887E-16));
#8686=DIRECTION('',(-0.0871557427476742,-0.996194698091744,-1.11325164696237E-16));
#8687=DIRECTION('',(0.996194698091744,-0.0871557427476742,-9.73968987607895E-18));
#8688=DIRECTION('',(-0.573576436351055,0.819152044288986,1.70560047589718E-16));
#8689=DIRECTION('',(0.819152044288986,0.573576436351055,-3.00743382209855E-17));
#8690=DIRECTION('',(-0.573576436351055,0.819152044288986,1.70560047589718E-16));
#8691=DIRECTION('',(0.819152044288986,0.573576436351055,1.1942743103973E-16));
#8692=DIRECTION('',(-1.22464679914735E-16,1.22464679914735E-16,-1.));
#8693=DIRECTION('',(-0.0871557427476742,-0.996194698091744,-1.11325164696237E-16));
#8694=DIRECTION('',(-0.996194698091744,0.0871557427476742,1.32672164972887E-16));
#8695=DIRECTION('',(-0.0871557427476742,-0.996194698091744,-1.11325164696237E-16));
#8696=DIRECTION('',(0.996194698091744,-0.0871557427476742,-9.73968987607895E-18));
#8697=DIRECTION('',(-0.573576436351055,0.819152044288986,1.70560047589718E-16));
#8698=DIRECTION('',(0.819152044288986,0.573576436351055,-3.00743382209855E-17));
#8699=DIRECTION('',(-0.573576436351055,0.819152044288986,1.70560047589718E-16));
#8700=DIRECTION('',(0.819152044288986,0.573576436351055,1.1942743103973E-16));
#8701=DIRECTION('',(-1.22464679914735E-16,1.22464679914735E-16,-1.));
#8702=DIRECTION('',(-0.0871557427476742,-0.996194698091744,-1.11325164696237E-16));
#8703=DIRECTION('',(-0.996194698091744,0.0871557427476742,1.32672164972887E-16));
#8704=DIRECTION('',(-0.573576436351055,0.819152044288986,1.70560047589718E-16));
#8705=DIRECTION('',(0.819152044288986,0.573576436351055,-3.00743382209855E-17));
#8706=DIRECTION('',(-1.22464679914735E-16,1.22464679914735E-16,-1.));
#8707=DIRECTION('',(-1.22464679914735E-16,1.22464679914735E-16,-1.));
#8708=DIRECTION('',(-0.0871557427476742,-0.996194698091744,-1.11325164696237E-16));
#8709=DIRECTION('',(-0.996194698091744,0.0871557427476742,1.32672164972887E-16));
#8710=DIRECTION('',(-0.573576436351055,0.819152044288986,1.70560047589718E-16));
#8711=DIRECTION('',(0.819152044288986,0.573576436351055,-3.00743382209855E-17));
#8712=DIRECTION('',(-1.22464679914735E-16,1.22464679914735E-16,-1.));
#8713=DIRECTION('',(-1.22464679914735E-16,1.22464679914735E-16,-1.));
#8714=DIRECTION('',(-0.0871557427476742,-0.996194698091744,-1.11325164696237E-16));
#8715=DIRECTION('',(-0.996194698091744,0.0871557427476742,1.32672164972887E-16));
#8716=DIRECTION('',(-0.573576436351055,0.819152044288986,1.70560047589718E-16));
#8717=DIRECTION('',(0.819152044288986,0.573576436351055,-3.00743382209855E-17));
#8718=DIRECTION('',(-1.22464679914735E-16,1.22464679914735E-16,-1.));
#8719=DIRECTION('',(-1.22464679914735E-16,1.22464679914735E-16,-1.));
#8720=DIRECTION('',(-0.0871557427476742,-0.996194698091744,-1.11325164696237E-16));
#8721=DIRECTION('',(-0.996194698091744,0.0871557427476742,1.32672164972887E-16));
#8722=DIRECTION('',(-0.573576436351055,0.819152044288986,1.70560047589718E-16));
#8723=DIRECTION('',(0.819152044288986,0.573576436351055,-3.00743382209855E-17));
#8724=DIRECTION('',(-1.22464679914735E-16,1.22464679914735E-16,-1.));
#8725=DIRECTION('',(-1.22464679914735E-16,1.22464679914735E-16,-1.));
#8726=DIRECTION('',(-0.0871557427476742,-0.996194698091744,-1.11325164696237E-16));
#8727=DIRECTION('',(-0.996194698091744,0.0871557427476742,1.32672164972887E-16));
#8728=DIRECTION('',(-0.573576436351055,0.819152044288986,1.70560047589718E-16));
#8729=DIRECTION('',(0.819152044288986,0.573576436351055,-3.00743382209855E-17));
#8730=DIRECTION('',(-1.22464679914735E-16,1.22464679914735E-16,-1.));
#8731=DIRECTION('',(-1.22464679914735E-16,1.22464679914735E-16,-1.));
#8732=DIRECTION('',(0.,1.22464679914735E-16,-1.));
#8733=DIRECTION('',(-1.,0.,0.));
#8734=DIRECTION('',(-1.22464679914735E-16,1.22464679914735E-16,-1.));
#8735=DIRECTION('',(-0.965925826289066,-0.258819045102529,8.65956056235483E-17));
#8736=DIRECTION('',(-0.258819045102529,0.965925826289066,1.49987988652185E-16));
#8737=DIRECTION('',(1.22464679914735E-16,-1.22464679914735E-16,1.));
#8738=DIRECTION('',(-0.965925826289066,-0.258819045102529,8.65956056235483E-17));
#8739=DIRECTION('',(-0.258819045102529,0.965925826289066,1.49987988652185E-16));
#8740=DIRECTION('',(1.22464679914735E-16,-1.22464679914735E-16,1.));
#8741=DIRECTION('',(1.22464679914735E-16,-1.22464679914735E-16,1.));
#8742=DIRECTION('',(1.22464679914735E-16,-1.22464679914735E-16,1.));
#8743=DIRECTION('',(1.22464679914735E-16,-1.22464679914735E-16,1.));
#8744=DIRECTION('',(1.22464679914735E-16,-1.22464679914735E-16,1.));
#8745=DIRECTION('',(-0.965925826289066,-0.258819045102529,8.65956056235483E-17));
#8746=DIRECTION('',(-0.258819045102529,0.965925826289066,1.49987988652185E-16));
#8747=DIRECTION('',(1.22464679914735E-16,-1.22464679914735E-16,1.));
#8748=DIRECTION('',(-0.965925826289066,-0.258819045102529,8.65956056235483E-17));
#8749=DIRECTION('',(-0.258819045102529,0.965925826289066,1.49987988652185E-16));
#8750=DIRECTION('',(-0.965925826289066,-0.258819045102529,8.65956056235483E-17));
#8751=DIRECTION('',(0.258819045102529,-0.965925826289066,3.23179199899268E-16));
#8752=DIRECTION('',(1.22464679914735E-16,-1.22464679914735E-16,1.));
#8753=DIRECTION('',(-0.965925826289066,-0.258819045102529,8.65956056235483E-17));
#8754=DIRECTION('',(-0.258819045102529,0.965925826289066,1.49987988652185E-16));
#8755=DIRECTION('',(-0.965925826289066,-0.258819045102529,8.65956056235483E-17));
#8756=DIRECTION('',(0.258819045102529,-0.965925826289066,3.23179199899268E-16));
#8757=DIRECTION('',(1.22464679914735E-16,-1.22464679914735E-16,1.));
#8758=DIRECTION('',(-0.965925826289066,-0.258819045102529,8.65956056235483E-17));
#8759=DIRECTION('',(-0.258819045102529,0.965925826289066,1.49987988652185E-16));
#8760=DIRECTION('',(1.22464679914735E-16,-1.22464679914735E-16,1.));
#8761=DIRECTION('',(-0.965925826289066,-0.258819045102529,8.65956056235483E-17));
#8762=DIRECTION('',(-0.258819045102529,0.965925826289066,1.49987988652185E-16));
#8763=DIRECTION('',(1.22464679914735E-16,-1.22464679914735E-16,1.));
#8764=DIRECTION('',(-0.965925826289066,-0.258819045102529,8.65956056235483E-17));
#8765=DIRECTION('',(-0.258819045102529,0.965925826289066,1.49987988652185E-16));
#8766=DIRECTION('',(-0.965925826289066,-0.258819045102529,8.65956056235483E-17));
#8767=DIRECTION('',(0.258819045102529,-0.965925826289066,3.23179199899268E-16));
#8768=DIRECTION('',(1.22464679914735E-16,-1.22464679914735E-16,1.));
#8769=DIRECTION('',(-0.965925826289066,-0.258819045102529,8.65956056235483E-17));
#8770=DIRECTION('',(-0.258819045102529,0.965925826289066,1.49987988652185E-16));
#8771=DIRECTION('',(-0.965925826289066,-0.258819045102529,8.65956056235483E-17));
#8772=DIRECTION('',(0.258819045102529,-0.965925826289066,3.23179199899268E-16));
#8773=DIRECTION('',(1.22464679914735E-16,-1.22464679914735E-16,1.));
#8774=DIRECTION('',(-0.965925826289066,-0.258819045102529,8.65956056235483E-17));
#8775=DIRECTION('',(-0.258819045102529,0.965925826289066,1.49987988652185E-16));
#8776=DIRECTION('',(1.22464679914735E-16,-1.22464679914735E-16,1.));
#8777=DIRECTION('',(-0.965925826289066,-0.258819045102529,8.65956056235483E-17));
#8778=DIRECTION('',(-0.258819045102529,0.965925826289066,1.49987988652185E-16));
#8779=DIRECTION('',(1.22464679914735E-16,-1.22464679914735E-16,1.));
#8780=DIRECTION('',(-0.965925826289066,-0.258819045102529,8.65956056235483E-17));
#8781=DIRECTION('',(-0.258819045102529,0.965925826289066,1.49987988652185E-16));
#8782=DIRECTION('',(1.22464679914735E-16,-1.22464679914735E-16,1.));
#8783=DIRECTION('',(0.,1.22464679914735E-16,-1.));
#8784=DIRECTION('',(-1.,0.,0.));
#8785=DIRECTION('',(0.,1.22464679914735E-16,-1.));
#8786=DIRECTION('',(-1.,0.,0.));
#8787=DIRECTION('',(0.,1.22464679914735E-16,-1.));
#8788=DIRECTION('',(-1.,0.,0.));
#8789=DIRECTION('',(0.,1.22464679914735E-16,-1.));
#8790=DIRECTION('',(-1.,0.,0.));
#8791=DIRECTION('',(0.,1.22464679914735E-16,-1.));
#8792=DIRECTION('',(-1.,0.,0.));
#8793=DIRECTION('',(0.,1.22464679914735E-16,-1.));
#8794=DIRECTION('',(-1.,0.,0.));
#8795=DIRECTION('',(0.,1.22464679914735E-16,-1.));
#8796=DIRECTION('',(-1.,0.,0.));
#8797=DIRECTION('',(0.,1.22464679914735E-16,-1.));
#8798=DIRECTION('',(-1.,0.,0.));
#8799=DIRECTION('',(0.,1.22464679914735E-16,-1.));
#8800=DIRECTION('',(-1.,0.,0.));
#8801=DIRECTION('',(0.,1.22464679914735E-16,-1.));
#8802=DIRECTION('',(-1.,0.,0.));
#8803=DIRECTION('',(0.,1.22464679914735E-16,-1.));
#8804=DIRECTION('',(-1.,0.,0.));
#8805=DIRECTION('',(0.,1.22464679914735E-16,-1.));
#8806=DIRECTION('',(-1.,0.,0.));
#8807=DIRECTION('',(0.,1.22464679914735E-16,-1.));
#8808=DIRECTION('',(-1.,0.,0.));
#8809=DIRECTION('',(0.,1.22464679914735E-16,-1.));
#8810=DIRECTION('',(-1.,0.,0.));
#8811=DIRECTION('',(0.,1.22464679914735E-16,-1.));
#8812=DIRECTION('',(-1.,0.,0.));
#8813=DIRECTION('',(0.,1.22464679914735E-16,-1.));
#8814=DIRECTION('',(-1.,0.,0.));
#8815=DIRECTION('',(0.,1.22464679914735E-16,-1.));
#8816=DIRECTION('',(-1.,0.,0.));
#8817=DIRECTION('',(0.,1.22464679914735E-16,-1.));
#8818=DIRECTION('',(-1.,0.,0.));
#8819=DIRECTION('',(0.,1.22464679914735E-16,-1.));
#8820=DIRECTION('',(-1.,0.,0.));
#8821=DIRECTION('',(0.,1.22464679914735E-16,-1.));
#8822=DIRECTION('',(-1.,0.,0.));
#8823=DIRECTION('',(0.,1.22464679914735E-16,-1.));
#8824=DIRECTION('',(-1.,0.,0.));
#8825=DIRECTION('',(0.,1.22464679914735E-16,-1.));
#8826=DIRECTION('',(-1.,0.,0.));
#8827=DIRECTION('',(0.,1.22464679914735E-16,-1.));
#8828=DIRECTION('',(-1.,0.,0.));
#8829=DIRECTION('',(0.,1.22464679914735E-16,-1.));
#8830=DIRECTION('',(-1.,0.,0.));
#8831=DIRECTION('',(0.,1.22464679914735E-16,-1.));
#8832=DIRECTION('',(-1.,0.,0.));
#8833=DIRECTION('',(0.,1.22464679914735E-16,-1.));
#8834=DIRECTION('',(-1.,0.,0.));
#8835=DIRECTION('',(0.,1.22464679914735E-16,-1.));
#8836=DIRECTION('',(-1.,0.,0.));
#8837=DIRECTION('',(0.,1.22464679914735E-16,-1.));
#8838=DIRECTION('',(-1.,0.,0.));
#8839=DIRECTION('',(0.,1.22464679914735E-16,-1.));
#8840=DIRECTION('',(-1.,0.,0.));
#8841=DIRECTION('',(0.,1.22464679914735E-16,-1.));
#8842=DIRECTION('',(-1.,0.,0.));
#8843=DIRECTION('',(0.,1.22464679914735E-16,-1.));
#8844=DIRECTION('',(-1.,0.,0.));
#8845=DIRECTION('',(0.,1.22464679914735E-16,-1.));
#8846=DIRECTION('',(-1.,0.,0.));
#8847=DIRECTION('',(0.798635510047293,7.37010841781946E-17,-0.601815023152048));
#8848=DIRECTION('',(-0.601815023152048,9.78046421064831E-17,-0.798635510047293));
#8849=DIRECTION('',(-0.470251419391064,-0.62404471096256,-0.62404471096256));
#8850=DIRECTION('',(-0.470251419391064,0.62404471096256,-0.62404471096256));
#8851=DIRECTION('',(0.798635510047294,-0.601815023152047,-1.71505726284677E-16));
#8852=DIRECTION('',(-0.601815023152047,-0.798635510047294,-2.41035579282887E-17));
#8853=DIRECTION('',(-0.470251419391064,-0.62404471096256,0.62404471096256));
#8854=DIRECTION('',(0.798635510047293,-7.37010841781946E-17,0.601815023152048));
#8855=DIRECTION('',(0.601815023152048,9.78046421064831E-17,-0.798635510047293));
#8856=DIRECTION('',(-0.470251419391064,0.62404471096256,0.62404471096256));
#8857=DIRECTION('',(0.798635510047293,0.601815023152048,-2.41035579282885E-17));
#8858=DIRECTION('',(0.601815023152048,-0.798635510047293,-1.71505726284677E-16));
#8859=DIRECTION('',(0.798635510047293,7.37010841781946E-17,-0.601815023152048));
#8860=DIRECTION('',(-0.601815023152048,9.78046421064831E-17,-0.798635510047293));
#8861=DIRECTION('',(-0.470251419391064,-0.62404471096256,-0.62404471096256));
#8862=DIRECTION('',(-0.470251419391064,0.62404471096256,-0.62404471096256));
#8863=DIRECTION('',(0.798635510047294,-0.601815023152047,-1.71505726284677E-16));
#8864=DIRECTION('',(-0.601815023152047,-0.798635510047294,-2.41035579282887E-17));
#8865=DIRECTION('',(-0.470251419391064,-0.62404471096256,0.62404471096256));
#8866=DIRECTION('',(0.798635510047293,-7.37010841781946E-17,0.601815023152048));
#8867=DIRECTION('',(0.601815023152048,9.78046421064831E-17,-0.798635510047293));
#8868=DIRECTION('',(-0.470251419391064,0.62404471096256,0.62404471096256));
#8869=DIRECTION('',(0.798635510047293,0.601815023152048,-2.41035579282885E-17));
#8870=DIRECTION('',(0.601815023152048,-0.798635510047293,-1.71505726284677E-16));
#8871=DIRECTION('',(0.798635510047293,-1.19328559132276E-15,-0.601815023152048));
#8872=DIRECTION('',(-0.601815023152048,9.78046421064831E-17,-0.798635510047293));
#8873=DIRECTION('',(-0.470251419391064,-0.624044710962561,-0.624044710962559));
#8874=DIRECTION('',(-0.470251419391063,0.624044710962559,-0.624044710962561));
#8875=DIRECTION('',(0.798635510047294,-0.601815023152047,-1.71505726284677E-16));
#8876=DIRECTION('',(-0.601815023152047,-0.798635510047294,-2.41035579282887E-17));
#8877=DIRECTION('',(-0.470251419391064,-0.62404471096256,0.62404471096256));
#8878=DIRECTION('',(0.798635510047293,-7.37010841781946E-17,0.601815023152048));
#8879=DIRECTION('',(0.601815023152048,9.78046421064831E-17,-0.798635510047293));
#8880=DIRECTION('',(-0.470251419391064,0.62404471096256,0.62404471096256));
#8881=DIRECTION('',(0.798635510047293,0.601815023152048,-2.41035579282885E-17));
#8882=DIRECTION('',(0.601815023152048,-0.798635510047293,-1.71505726284677E-16));
#8883=DIRECTION('',(0.798635510047293,-1.19328559132276E-15,-0.601815023152048));
#8884=DIRECTION('',(-0.601815023152048,9.78046421064831E-17,-0.798635510047293));
#8885=DIRECTION('',(-0.470251419391064,-0.624044710962561,-0.624044710962559));
#8886=DIRECTION('',(-0.470251419391063,0.624044710962559,-0.624044710962561));
#8887=DIRECTION('',(0.798635510047294,-0.601815023152047,-1.71505726284677E-16));
#8888=DIRECTION('',(-0.601815023152047,-0.798635510047294,-2.41035579282887E-17));
#8889=DIRECTION('',(-0.470251419391064,-0.62404471096256,0.62404471096256));
#8890=DIRECTION('',(0.798635510047293,-7.37010841781946E-17,0.601815023152048));
#8891=DIRECTION('',(0.601815023152048,9.78046421064831E-17,-0.798635510047293));
#8892=DIRECTION('',(-0.470251419391064,0.62404471096256,0.62404471096256));
#8893=DIRECTION('',(0.798635510047293,0.601815023152048,-2.41035579282885E-17));
#8894=DIRECTION('',(0.601815023152048,-0.798635510047293,-1.71505726284677E-16));
#8895=DIRECTION('',(1.,6.77236045021345E-15,3.40005801291471E-16));
#8896=DIRECTION('',(-6.77236045021345E-15,1.,-2.30264184150949E-30));
#8897=DIRECTION('',(1.,6.77236045021345E-15,3.40005801291471E-16));
#8898=DIRECTION('',(-6.77236045021345E-15,1.,0.));
#8899=DIRECTION('',(1.,6.77236045021345E-15,3.40005801291471E-16));
#8900=DIRECTION('',(-6.77236045021345E-15,1.,0.));
#8901=DIRECTION('',(1.,6.77236045021345E-15,3.40005801291471E-16));
#8902=DIRECTION('',(-6.77236045021345E-15,1.,0.));
#8903=DIRECTION('',(1.,6.77236045021345E-15,3.40005801291471E-16));
#8904=DIRECTION('',(-6.77236045021345E-15,1.,0.));
#8905=DIRECTION('',(1.,6.77236045021345E-15,3.40005801291471E-16));
#8906=DIRECTION('',(-6.77236045021345E-15,1.,0.));
#8907=DIRECTION('',(1.,6.77236045021345E-15,3.40005801291471E-16));
#8908=DIRECTION('',(1.,6.77236045021345E-15,3.40005801291471E-16));
#8909=DIRECTION('',(1.,6.77236045021345E-15,3.40005801291471E-16));
#8910=DIRECTION('',(-6.77236045021345E-15,1.,0.));
#8911=DIRECTION('',(1.,6.77236045021345E-15,3.40005801291471E-16));
#8912=DIRECTION('',(1.,6.77236045021345E-15,3.40005801291471E-16));
#8913=DIRECTION('',(1.,0.,0.));
#8914=DIRECTION('',(0.,0.,-1.));
#8915=DIRECTION('',(1.,0.,0.));
#8916=DIRECTION('',(0.,0.,-1.));
#8917=DIRECTION('',(1.,0.,0.));
#8918=DIRECTION('',(0.,0.,-1.));
#8919=DIRECTION('',(1.,0.,0.));
#8920=DIRECTION('',(0.,0.,-1.));
#8921=DIRECTION('',(1.,0.,0.));
#8922=DIRECTION('',(0.,0.,-1.));
#8923=DIRECTION('',(1.,0.,0.));
#8924=DIRECTION('',(0.,0.,-1.));
#8925=DIRECTION('',(1.,0.,0.));
#8926=DIRECTION('',(0.,0.,-1.));
#8927=DIRECTION('',(1.,0.,0.));
#8928=DIRECTION('',(0.,0.,-1.));
#8929=DIRECTION('',(1.,0.,0.));
#8930=DIRECTION('',(1.,0.,0.));
#8931=DIRECTION('',(1.,0.,0.));
#8932=DIRECTION('',(0.,0.,-1.));
#8933=DIRECTION('',(1.,0.,0.));
#8934=DIRECTION('',(1.,0.,0.));
#8935=DIRECTION('',(0.,0.,-1.));
#8936=DIRECTION('',(1.,0.,0.));
#8937=DIRECTION('',(1.,0.,0.));
#8938=DIRECTION('',(0.,1.,0.));
#8939=DIRECTION('',(1.,0.,0.));
#8940=DIRECTION('',(0.,0.,-1.));
#8941=DIRECTION('',(1.,0.,0.));
#8942=DIRECTION('',(0.,0.,-1.));
#8943=DIRECTION('',(1.,0.,0.));
#8944=DIRECTION('',(0.,0.,-1.));
#8945=DIRECTION('',(1.,0.,0.));
#8946=DIRECTION('',(0.,0.,-1.));
#8947=DIRECTION('',(1.,6.77236045021345E-15,3.40005801291471E-16));
#8948=DIRECTION('',(-6.77236045021345E-15,1.,0.));
#8949=DIRECTION('',(1.,6.77236045021345E-15,3.40005801291471E-16));
#8950=DIRECTION('',(-6.77236045021345E-15,1.,0.));
#8951=DIRECTION('',(-1.,0.,0.));
#8952=DIRECTION('',(0.,0.,1.));
#8953=DIRECTION('',(1.,0.,0.));
#8954=DIRECTION('',(0.,0.,-1.));
#8955=DIRECTION('',(-1.,0.,0.));
#8956=DIRECTION('',(-1.,0.,0.));
#8957=DIRECTION('',(-1.,0.,0.));
#8958=DIRECTION('',(0.,0.,1.));
#8959=DIRECTION('',(-1.,0.,0.));
#8960=DIRECTION('',(1.,0.,0.));
#8961=DIRECTION('',(0.,0.,-1.));
#8962=DIRECTION('',(-1.,0.,0.));
#8963=DIRECTION('',(1.,0.,0.));
#8964=DIRECTION('',(0.,1.,0.));
#8965=DIRECTION('',(1.,0.,0.));
#8966=DIRECTION('',(0.,0.,-1.));
#8967=DIRECTION('',(1.,0.,0.));
#8968=DIRECTION('',(0.,0.,-1.));
#8969=DIRECTION('',(1.,0.,0.));
#8970=DIRECTION('',(0.,0.,-1.));
#8971=DIRECTION('',(1.,0.,0.));
#8972=DIRECTION('',(0.,0.,-1.));
#8973=DIRECTION('',(0.,1.22464679914735E-16,-1.));
#8974=DIRECTION('',(0.,1.,1.22464679914735E-16));
#8975=DIRECTION('',(0.,1.22464679914735E-16,-1.));
#8976=DIRECTION('',(0.,1.,1.22464679914735E-16));
#8977=DIRECTION('',(-1.,0.,0.));
#8978=DIRECTION('',(0.,1.,1.22464679914735E-16));
#8979=DIRECTION('',(0.,-1.22464679914735E-16,1.));
#8980=DIRECTION('',(0.,-1.,-1.22464679914735E-16));
#8981=DIRECTION('',(0.,-1.22464679914735E-16,1.));
#8982=DIRECTION('',(-1.,0.,0.));
#8983=DIRECTION('',(0.,0.,1.));
#8984=DIRECTION('',(0.,0.,1.));
#8985=DIRECTION('',(-1.,0.,0.));
#8986=DIRECTION('',(0.,1.,1.22464679914735E-16));
#8987=DIRECTION('',(0.,-1.,-1.22464679914735E-16));
#8988=DIRECTION('',(0.,-1.22464679914735E-16,1.));
#8989=DIRECTION('',(0.,-1.,-1.22464679914735E-16));
#8990=DIRECTION('',(-0.996194698091744,0.0871557427476742,1.06735001383249E-17));
#8991=DIRECTION('',(-1.,0.,0.));
#8992=DIRECTION('',(0.,-1.22464679914735E-16,1.));
#8993=DIRECTION('',(0.,-1.,-1.22464679914735E-16));
#8994=DIRECTION('',(0.,-1.22464679914735E-16,1.));
#8995=DIRECTION('',(0.,-1.,-1.22464679914735E-16));
#8996=DIRECTION('',(0.,-1.22464679914735E-16,1.));
#8997=DIRECTION('',(0.,-1.,-1.22464679914735E-16));
#8998=DIRECTION('',(1.,0.,0.));
#8999=DIRECTION('',(0.,-1.,-1.22464679914735E-16));
#9000=DIRECTION('',(-1.,0.,0.));
#9001=DIRECTION('',(-1.,0.,0.));
#9002=DIRECTION('',(0.,0.,1.));
#9003=DIRECTION('',(0.,-1.22464679914735E-16,1.));
#9004=DIRECTION('',(0.,1.22464679914735E-16,-1.));
#9005=DIRECTION('',(0.,1.,1.22464679914735E-16));
#9006=DIRECTION('',(-1.,0.,0.));
#9007=DIRECTION('',(0.,-1.22464679914735E-16,1.));
#9008=DIRECTION('',(0.,-1.,-1.22464679914735E-16));
#9009=DIRECTION('',(1.,-1.66533453693774E-14,-1.66533453693774E-14));
#9010=DIRECTION('',(-1.66533453693774E-14,0.,-1.));
#9011=DIRECTION('',(-1.,0.,0.));
#9012=DIRECTION('',(0.,0.,1.));
#9013=DIRECTION('',(-0.999048221581857,0.043619387365344,5.34183431177371E-18));
#9014=DIRECTION('',(-0.0436193873653431,-0.999048221581857,-1.22348120675408E-16));
#9015=DIRECTION('',(-0.996194698091744,0.0871557427476742,1.06735001383249E-17));
#9016=DIRECTION('',(-0.0871557427476742,-0.996194698091744,0.));
#9017=DIRECTION('',(0.,-1.22464679914735E-16,1.));
#9018=DIRECTION('',(0.,-1.,-1.22464679914735E-16));
#9019=DIRECTION('',(1.,0.,0.));
#9020=DIRECTION('',(0.,0.,-1.));
#9021=DIRECTION('',(1.,0.,0.));
#9022=DIRECTION('',(0.,0.,-1.));
#9023=DIRECTION('',(0.707106781186548,8.65956056235493E-17,-0.707106781186548));
#9024=DIRECTION('',(0.707106781186548,-8.65956056235493E-17,0.707106781186548));
#9025=DIRECTION('',(0.,1.22464679914735E-16,-1.));
#9026=DIRECTION('',(0.,1.,1.22464679914735E-16));
#9027=DIRECTION('',(-1.,-1.49975978266185E-32,1.22464679914735E-16));
#9028=DIRECTION('',(1.22464679914735E-16,0.,1.));
#9029=DIRECTION('',(0.,0.,1.));
#9030=DIRECTION('',(-1.,-1.49975978266185E-32,1.22464679914735E-16));
#9031=DIRECTION('',(1.22464679914735E-16,0.,1.));
#9032=DIRECTION('',(0.,1.,1.22464679914735E-16));
#9033=DIRECTION('',(-1.22464679914735E-16,1.22464679914735E-16,-1.));
#9034=DIRECTION('',(0.,1.,1.22464679914735E-16));
#9035=DIRECTION('',(0.,1.,1.22464679914735E-16));
#9036=DIRECTION('',(0.,1.,1.22464679914735E-16));
#9037=DIRECTION('',(0.,-1.22464679914735E-16,1.));
#9038=DIRECTION('',(-1.,0.,0.));
#9039=DIRECTION('',(0.,0.,1.));
#9040=DIRECTION('',(-0.707106781186548,0.,0.707106781186548));
#9041=DIRECTION('',(0.707106781186548,0.,0.707106781186548));
#9042=DIRECTION('',(0.,0.,1.));
#9043=DIRECTION('',(1.,0.,0.));
#9044=DIRECTION('',(0.,0.,-1.));
#9045=DIRECTION('',(-1.,0.,0.));
#9046=DIRECTION('',(0.,0.,-1.));
#9047=DIRECTION('',(-1.,0.,0.));
#9048=DIRECTION('',(0.,1.,0.));
#9049=DIRECTION('',(0.,0.,1.));
#9050=DIRECTION('',(1.,0.,0.));
#9051=DIRECTION('',(0.,1.,0.));
#9052=DIRECTION('',(0.,0.,1.));
#9053=DIRECTION('',(1.,0.,0.));
#9054=DIRECTION('',(0.,0.,1.));
#9055=DIRECTION('',(1.,0.,0.));
#9056=DIRECTION('',(0.,-1.,-1.22464679914735E-16));
#9057=DIRECTION('',(0.,1.22464679914735E-16,-1.));
#9058=DIRECTION('',(0.,-1.22464679914735E-16,1.));
#9059=DIRECTION('',(0.,-1.,-1.22464679914735E-16));
#9060=DIRECTION('',(0.,1.22464679914735E-16,-1.));
#9061=DIRECTION('',(0.,-1.22464679914735E-16,1.));
#9062=DIRECTION('',(1.,0.,0.));
#9063=DIRECTION('',(0.,0.,-1.));
#9064=DIRECTION('',(0.,-1.,-1.22464679914735E-16));
#9065=DIRECTION('',(0.,1.22464679914735E-16,-1.));
#9066=DIRECTION('',(0.,-1.22464679914735E-16,1.));
#9067=DIRECTION('',(1.,0.,0.));
#9068=DIRECTION('',(1.,0.,0.));
#9069=DIRECTION('',(0.,0.,-1.));
#9070=DIRECTION('',(0.,1.,1.22464679914735E-16));
#9071=DIRECTION('',(0.,-1.22464679914735E-16,1.));
#9072=DIRECTION('',(1.,0.,0.));
#9073=DIRECTION('',(0.,-1.,-1.22464679914735E-16));
#9074=DIRECTION('',(1.22464679914735E-16,-1.22464679914735E-16,1.));
#9075=DIRECTION('',(1.20233593488399E-16,-1.22464679914735E-16,1.));
#9076=DIRECTION('',(-1.,4.1638701624313E-32,-3.4000580129147E-16));
#9077=DIRECTION('',(1.20233593488399E-16,-1.22464679914735E-16,1.));
#9078=DIRECTION('',(1.,1.49975978266185E-32,-1.22464679914735E-16));
#9079=DIRECTION('',(0.,1.22464679914735E-16,-1.));
#9080=DIRECTION('',(-1.,0.,0.));
#9081=DIRECTION('',(-1.20233593488399E-16,1.22464679914735E-16,-1.));
#9082=DIRECTION('',(1.,1.49975978266185E-32,-1.22464679914735E-16));
#9083=DIRECTION('',(0.,-1.22464679914735E-16,1.));
#9084=DIRECTION('',(1.,0.,0.));
#9085=DIRECTION('',(3.4000580129147E-16,8.89601836064747E-17,-1.));
#9086=DIRECTION('',(-1.,0.,-3.4000580129147E-16));
#9087=DIRECTION('',(3.4000580129147E-16,8.89601836064747E-17,-1.));
#9088=DIRECTION('',(-1.,0.,-3.4000580129147E-16));
#9089=DIRECTION('',(0.,-1.,-1.22464679914735E-16));
#9090=DIRECTION('',(1.22464679914735E-16,-1.22464679914735E-16,1.));
#9091=DIRECTION('',(3.4000580129147E-16,1.22464679914735E-16,-1.));
#9092=DIRECTION('',(-1.,4.1638701624313E-32,-3.4000580129147E-16));
#9093=DIRECTION('',(1.24695766341072E-16,-1.22464679914735E-16,1.));
#9094=DIRECTION('',(1.,1.49975978266185E-32,-1.22464679914735E-16));
#9095=DIRECTION('',(1.24695766341072E-16,-1.22464679914735E-16,1.));
#9096=DIRECTION('',(0.,1.22464679914735E-16,-1.));
#9097=DIRECTION('',(-1.,0.,0.));
#9098=DIRECTION('',(1.22464679914735E-16,-1.22464679914735E-16,1.));
#9099=DIRECTION('',(-1.,-1.49975978266185E-32,1.22464679914735E-16));
#9100=DIRECTION('',(0.,-1.22464679914735E-16,1.));
#9101=DIRECTION('',(-1.,0.,0.));
#9102=DIRECTION('',(3.4000580129147E-16,8.89601836064747E-17,-1.));
#9103=DIRECTION('',(-1.,0.,-3.4000580129147E-16));
#9104=DIRECTION('',(0.,-1.22464679914735E-16,1.));
#9105=DIRECTION('',(1.24695766341072E-16,-1.22464679914735E-16,1.));
#9106=DIRECTION('',(-1.,-1.49975978266185E-32,1.22464679914735E-16));
#9107=DIRECTION('',(0.,1.22464679914735E-16,-1.));
#9108=DIRECTION('',(1.,0.,0.));
#9109=DIRECTION('',(1.,6.77236045021345E-15,3.40005801291471E-16));
#9110=DIRECTION('',(-6.77236045021345E-15,1.,-2.30264184150949E-30));
#9111=DIRECTION('',(6.77236045021345E-15,-1.,-8.89601836064724E-17));
#9112=DIRECTION('',(3.4000580129147E-16,8.89601836064747E-17,-1.));
#9113=DIRECTION('',(-1.,0.,-3.4000580129147E-16));
#9114=CARTESIAN_POINT('',(0.,0.,0.));
#9115=CARTESIAN_POINT('',(0.0444407082831838,-0.0368080104984828,0.019879008170457));
#9116=CARTESIAN_POINT('',(-0.0189167327142959,-0.0396060348024956,0.019879008170457));
#9117=CARTESIAN_POINT('',(-0.0189167327142959,-0.0404310348024956,0.019879008170457));
#9118=CARTESIAN_POINT('',(-0.0189167327142959,-0.0441060348024956,0.019879008170457));
#9119=CARTESIAN_POINT('',(-0.0189167327142959,-0.0449310348024956,0.019879008170457));
#9120=CARTESIAN_POINT('',(0.0250810687060195,-0.00510885123219777,0.019879008170457));
#9121=CARTESIAN_POINT('',(0.0250810687060195,-0.00593385123219777,0.019879008170457));
#9122=CARTESIAN_POINT('',(0.0250925800737575,-0.0325894020016021,0.019879008170457));
#9123=CARTESIAN_POINT('',(0.0248033653606205,-0.031816757290428,0.019879008170457));
#9124=CARTESIAN_POINT('',(0.0259024530791426,-0.032432141977602,0.019879008170457));
#9125=CARTESIAN_POINT('',(0.0250832672857041,-0.0326060348024956,0.019879008170457));
#9126=CARTESIAN_POINT('',(-0.0195785624028729,-0.00508957993802696,0.019879008170457));
#9127=CARTESIAN_POINT('',(-0.0200771034543943,-0.00443225062942433,0.0198790081704571));
#9128=CARTESIAN_POINT('',(-0.0189878849758379,-0.00451362405673816,0.0198790081704571));
#9129=CARTESIAN_POINT('',(-0.0195797917142959,-0.00510603480249561,0.019879008170457));
#9130=CARTESIAN_POINT('',(0.0250832672857029,-0.00960603480249694,0.019879008170457));
#9131=CARTESIAN_POINT('',(0.0250832672857029,-0.0104560348024969,0.019879008170457));
#9132=CARTESIAN_POINT('',(0.0266532672857041,-0.0396658443273637,0.019879008170457));
#9133=CARTESIAN_POINT('',(0.0266532672857041,-0.0349756550252317,0.019879008170457));
#9134=CARTESIAN_POINT('',(0.0266532672857041,-0.0378060348024969,0.019879008170457));
#9135=CARTESIAN_POINT('',(0.0259685206569731,-0.0378060348024969,0.019879008170457));
#9136=CARTESIAN_POINT('',(0.0291337740282434,-0.0378060348024969,0.019879008170457));
#9137=CARTESIAN_POINT('',(0.0291337740282434,-0.040856034802497,0.019879008170457));
#9138=CARTESIAN_POINT('',(0.0291337740282434,-0.0439060348024969,0.019879008170457));
#9139=CARTESIAN_POINT('',(0.0259685206569731,-0.0439060348024969,0.019879008170457));
#9140=CARTESIAN_POINT('',(0.0266532672857041,-0.0439060348024969,0.019879008170457));
#9141=CARTESIAN_POINT('',(0.0266532672857041,-0.0396658443273637,0.019879008170457));
#9142=CARTESIAN_POINT('',(0.0266532672857041,-0.0443560336294956,0.019879008170457));
#9143=CARTESIAN_POINT('',(0.0246532661127171,-0.0443560336294956,0.019879008170457));
#9144=CARTESIAN_POINT('',(0.0246532661127171,-0.0463560348024826,0.019879008170457));
#9145=CARTESIAN_POINT('',(0.00417485912384962,-0.0463560348024825,0.019879008170457));
#9146=CARTESIAN_POINT('',(-0.0163035478650178,-0.0463560348024826,0.019879008170457));
#9147=CARTESIAN_POINT('',(-0.0163035478650178,-0.0458560348024826,0.019879008170457));
#9148=CARTESIAN_POINT('',(-0.0168035338312271,-0.0458597809463396,0.019879008170457));
#9149=CARTESIAN_POINT('',(-0.016810162743722,-0.0449750409723179,0.019879008170457));
#9150=CARTESIAN_POINT('',(-0.0168167916562171,-0.0440903009982962,0.019879008170457));
#9151=CARTESIAN_POINT('',(-0.0168167916562171,-0.0418560348024956,0.019879008170457));
#9152=CARTESIAN_POINT('',(-0.0168167916562171,-0.0396217686066951,0.019879008170457));
#9153=CARTESIAN_POINT('',(-0.0189167327142959,-0.0396060348024956,0.019879008170457));
#9154=CARTESIAN_POINT('',(-0.0189167327142959,-0.0375060348024956,0.019879008170457));
#9155=CARTESIAN_POINT('',(-0.0198817327142959,-0.0375060348024956,0.019879008170457));
#9156=CARTESIAN_POINT('',(-0.0208467327142959,-0.0375060348024956,0.019879008170457));
#9157=CARTESIAN_POINT('',(-0.0208467327142959,-0.0370060348024956,0.019879008170457));
#9158=CARTESIAN_POINT('',(-0.0213467327142959,-0.0370060348024956,0.019879008170457));
#9159=CARTESIAN_POINT('',(-0.0213467327142959,-0.0221912506963369,0.019879008170457));
#9160=CARTESIAN_POINT('',(-0.0213467327142959,-0.00737646659017808,0.019879008170457));
#9161=CARTESIAN_POINT('',(-0.0208467327142959,-0.00737646659017808,0.019879008170457));
#9162=CARTESIAN_POINT('',(-0.020603090214296,-0.00693984509254683,0.019879008170457));
#9163=CARTESIAN_POINT('',(-0.0195797917142959,-0.0051060348024956,0.019879008170457));
#9164=CARTESIAN_POINT('',(-0.0177384126726133,-0.00409641941788022,0.019879008170457));
#9165=CARTESIAN_POINT('',(-0.0172999890912603,-0.00385603480249561,0.019879008170457));
#9166=CARTESIAN_POINT('',(-0.0172999890912603,-0.00335603480249561,0.019879008170457));
#9167=CARTESIAN_POINT('',(0.00275173778570406,-0.00335603480249561,0.019879008170457));
#9168=CARTESIAN_POINT('',(0.0228034646626685,-0.00335603480249561,0.019879008170457));
#9169=CARTESIAN_POINT('',(0.0228034646626685,-0.00385603480249561,0.019879008170457));
#9170=CARTESIAN_POINT('',(0.0232418882440215,-0.00409641941788022,0.019879008170457));
#9171=CARTESIAN_POINT('',(0.0250832672857041,-0.00510603480249563,0.019879008170457));
#9172=CARTESIAN_POINT('',(0.0229874394862906,-0.00523834442121419,0.019879008170457));
#9173=CARTESIAN_POINT('',(0.0229853538652728,-0.00742118637794587,0.019879008170457));
#9174=CARTESIAN_POINT('',(0.022983268244255,-0.00960402833467754,0.019879008170457));
#9175=CARTESIAN_POINT('',(0.0250832672857041,-0.00960603480249561,0.019879008170457));
#9176=CARTESIAN_POINT('',(0.0259474980549348,-0.0115199588285517,0.019879008170457));
#9177=CARTESIAN_POINT('',(0.0261532672857041,-0.0119756550252317,0.019879008170457));
#9178=CARTESIAN_POINT('',(0.0266532672857041,-0.0119756550252317,0.019879008170457));
#9179=CARTESIAN_POINT('',(0.0266532672857041,-0.0211060348024956,0.019879008170457));
#9180=CARTESIAN_POINT('',(0.0266532672857041,-0.0302364145797594,0.019879008170457));
#9181=CARTESIAN_POINT('',(0.0261532672857041,-0.0302364145797594,0.019879008170457));
#9182=CARTESIAN_POINT('',(0.0259474980549348,-0.0306921107764395,0.019879008170457));
#9183=CARTESIAN_POINT('',(0.0250832672857041,-0.0326060348024956,0.019879008170457));
#9184=CARTESIAN_POINT('',(0.0259474980549348,-0.0345199588285517,0.019879008170457));
#9185=CARTESIAN_POINT('',(0.0261532672857041,-0.0349756550252317,0.019879008170457));
#9186=CARTESIAN_POINT('',(0.0491790800776197,-0.0412624999019331,0.019879008170457));
#9187=CARTESIAN_POINT('',(0.0491790800776197,-0.0501114964984828,0.019879008170457));
#9188=CARTESIAN_POINT('',(0.0491790800776197,-0.0324135033053835,0.019879008170457));
#9189=CARTESIAN_POINT('',(0.0625896441804018,-0.0324135033053835,0.019879008170457));
#9190=CARTESIAN_POINT('',(0.0760002082831838,-0.0324135033053835,0.019879008170457));
#9191=CARTESIAN_POINT('',(0.0760002082831838,-0.00804349649848279,0.019879008170457));
#9192=CARTESIAN_POINT('',(0.0760002082831838,0.00988850350151721,0.019879008170457));
#9193=CARTESIAN_POINT('',(0.0749995893345128,0.00988850350151721,0.019879008170457));
#9194=CARTESIAN_POINT('',(0.0739989703858418,0.00988850350151721,0.019879008170457));
#9195=CARTESIAN_POINT('',(0.0739989703858418,0.00988850350151721,0.019879008170457));
#9196=CARTESIAN_POINT('',(0.0739989703858418,-0.00304349649848279,0.019879008170457));
#9197=CARTESIAN_POINT('',(0.0689989703858418,-0.00304349649848279,0.019879008170457));
#9198=CARTESIAN_POINT('',(0.0689989703858418,-0.00804349649848279,0.019879008170457));
#9199=CARTESIAN_POINT('',(0.0760002082831838,-0.00804349649848279,0.019879008170457));
#9200=CARTESIAN_POINT('',(0.0627582672857042,-0.00804349649848279,0.019879008170457));
#9201=CARTESIAN_POINT('',(0.0627582672857043,-0.0248560348024854,0.019879008170457));
#9202=CARTESIAN_POINT('',(0.0627582672857043,-0.0053560359754754,0.019879008170457));
#9203=CARTESIAN_POINT('',(0.0335602672857013,-0.0053560359754756,0.019879008170457));
#9204=CARTESIAN_POINT('',(0.0358336075739402,-0.0053560359754756,0.019879008170457));
#9205=CARTESIAN_POINT('',(0.0358336075739402,0.0046439640245244,0.019879008170457));
#9206=CARTESIAN_POINT('',(0.0283800471826514,-0.00202270212081475,0.019879008170457));
#9207=CARTESIAN_POINT('',(0.024653266112714,-0.0053560359754756,0.019879008170457));
#9208=CARTESIAN_POINT('',(0.024653266112714,-0.000356034802495605,0.019879008170457));
#9209=CARTESIAN_POINT('',(0.00265326728569908,-0.000356034802495605,0.019879008170457));
#9210=CARTESIAN_POINT('',(-0.0193467315413159,-0.000356034802488596,0.019879008170457));
#9211=CARTESIAN_POINT('',(-0.0193467315413159,-0.0053560359754756,0.019879008170457));
#9212=CARTESIAN_POINT('',(-0.0243467327143029,-0.0053560359754756,0.019879008170457));
#9213=CARTESIAN_POINT('',(-0.0243467327142959,-0.0248560348024856,0.019879008170457));
#9214=CARTESIAN_POINT('',(-0.0243467327142959,-0.0443560336294956,0.019879008170457));
#9215=CARTESIAN_POINT('',(-0.0193467315413159,-0.0443560336294956,0.019879008170457));
#9216=CARTESIAN_POINT('',(-0.0193467315413159,-0.0493560348024956,0.019879008170457));
#9217=CARTESIAN_POINT('',(0.00265326728569908,-0.0493560348024956,0.019879008170457));
#9218=CARTESIAN_POINT('',(0.024653266112714,-0.0493560348024826,0.019879008170457));
#9219=CARTESIAN_POINT('',(0.024653266112714,-0.0443560336294956,0.019879008170457));
#9220=CARTESIAN_POINT('',(0.0283800471826514,-0.0476893674841565,0.019879008170457));
#9221=CARTESIAN_POINT('',(0.0358336075739402,-0.0543560336294956,0.019879008170457));
#9222=CARTESIAN_POINT('',(0.0358336075739402,-0.0443560336294956,0.019879008170457));
#9223=CARTESIAN_POINT('',(0.0335602672857043,-0.0443560336294956,0.019879008170457));
#9224=CARTESIAN_POINT('',(0.0422118695904195,-0.0443560336294956,0.019879008170457));
#9225=CARTESIAN_POINT('',(0.040013928687708,-0.0541114964984828,0.019879008170457));
#9226=CARTESIAN_POINT('',(0.0539085582831838,-0.0501114964984828,0.00677022041270027));
#9227=CARTESIAN_POINT('',(0.0760002082831838,-0.0501114964984828,0.0189919756317592));
#9228=CARTESIAN_POINT('',(0.0760002082831838,-0.0501114964984828,0.018279008170457));
#9229=CARTESIAN_POINT('',(0.0760002082831838,-0.0501114964984828,0.00649122698093975));
#9230=CARTESIAN_POINT('',(0.0630070684854459,-0.0501114964984828,0.018279008170457));
#9231=CARTESIAN_POINT('',(0.0491790800776197,-0.0501114964984828,0.018279008170457));
#9232=CARTESIAN_POINT('',(0.0491790800776197,-0.0501114964984828,0.0189919756317592));
#9233=CARTESIAN_POINT('',(0.0491790800776197,-0.0501114964984828,0.0181049430930614));
#9234=CARTESIAN_POINT('',(0.0630070684854459,-0.0501114964984828,0.0181049430930614));
#9235=CARTESIAN_POINT('',(0.0739989703858418,-0.0501114964984828,0.0181049430930614));
#9236=CARTESIAN_POINT('',(0.0739989703858418,-0.0501114964984828,0.0131851175756984));
#9237=CARTESIAN_POINT('',(0.0739989703858418,-0.0501114964984828,0.00649122698093975));
#9238=CARTESIAN_POINT('',(0.0749995893345128,-0.0501114964984828,0.00649122698093975));
#9239=CARTESIAN_POINT('',(0.00265326728570057,-0.0248560348024921,-0.00800005690693859));
#9240=CARTESIAN_POINT('',(-0.0189167327142959,-0.0396060348024956,-0.00800005690693859));
#9241=CARTESIAN_POINT('',(-0.0180917327142959,-0.0396060348024956,-0.00800005690693859));
#9242=CARTESIAN_POINT('',(-0.0189167327142959,-0.0441060348024956,-0.00800005690693859));
#9243=CARTESIAN_POINT('',(-0.0180917327142959,-0.0441060348024956,-0.00800005690693859));
#9244=CARTESIAN_POINT('',(0.0250810687060195,-0.00510885123219777,-0.00800005690693859));
#9245=CARTESIAN_POINT('',(0.0259060687060195,-0.00510885123219777,-0.00800005690693859));
#9246=CARTESIAN_POINT('',(0.0250925800737575,-0.0325894020016021,-0.00800005690693859));
#9247=CARTESIAN_POINT('',(0.0248033653606205,-0.031816757290428,-0.00800005690693859));
#9248=CARTESIAN_POINT('',(0.0259024530791426,-0.032432141977602,-0.00800005690693859));
#9249=CARTESIAN_POINT('',(0.0250832672857041,-0.0326060348024956,-0.00800005690693859));
#9250=CARTESIAN_POINT('',(-0.0195785624028729,-0.00508957993802696,-0.00800005690693859));
#9251=CARTESIAN_POINT('',(-0.0200771034543943,-0.00443225062942433,-0.00800005690693859));
#9252=CARTESIAN_POINT('',(-0.0189878849758379,-0.00451362405673816,-0.00800005690693859));
#9253=CARTESIAN_POINT('',(-0.0195797917142959,-0.00510603480249561,-0.00800005690693859));
#9254=CARTESIAN_POINT('',(0.0250832672857029,-0.00960603480249694,-0.00800005690693859));
#9255=CARTESIAN_POINT('',(0.0259332672857029,-0.00960603480249694,-0.00800005690693859));
#9256=CARTESIAN_POINT('',(0.0259685206569731,-0.0439060348024969,-0.00800005690693859));
#9257=CARTESIAN_POINT('',(0.0291337740282434,-0.0439060348024969,-0.00800005690693859));
#9258=CARTESIAN_POINT('',(0.0266532672857041,-0.0439060348024969,-0.00800005690693859));
#9259=CARTESIAN_POINT('',(0.0291337740282434,-0.040856034802497,-0.00800005690693859));
#9260=CARTESIAN_POINT('',(0.0291337740282434,-0.0378060348024969,-0.00800005690693859));
#9261=CARTESIAN_POINT('',(0.0259685206569731,-0.0378060348024969,-0.00800005690693859));
#9262=CARTESIAN_POINT('',(0.0266532672857041,-0.0378060348024969,-0.00800005690693859));
#9263=CARTESIAN_POINT('',(0.0266532672857041,-0.0396658443273637,-0.00800005690693859));
#9264=CARTESIAN_POINT('',(0.0266532672857041,-0.0349756550252317,-0.00800005690693859));
#9265=CARTESIAN_POINT('',(0.0261532672857041,-0.0349756550252317,-0.00800005690693859));
#9266=CARTESIAN_POINT('',(0.0259474980549348,-0.0345199588285517,-0.00800005690693859));
#9267=CARTESIAN_POINT('',(0.0250832672857041,-0.0326060348024956,-0.00800005690693859));
#9268=CARTESIAN_POINT('',(0.0259474980549348,-0.0306921107764395,-0.00800005690693859));
#9269=CARTESIAN_POINT('',(0.0261532672857041,-0.0302364145797594,-0.00800005690693859));
#9270=CARTESIAN_POINT('',(0.0266532672857041,-0.0302364145797594,-0.00800005690693859));
#9271=CARTESIAN_POINT('',(0.0266532672857041,-0.0211060348024956,-0.00800005690693859));
#9272=CARTESIAN_POINT('',(0.0266532672857041,-0.0119756550252317,-0.00800005690693859));
#9273=CARTESIAN_POINT('',(0.0261532672857041,-0.0119756550252317,-0.00800005690693859));
#9274=CARTESIAN_POINT('',(0.0259474980549348,-0.0115199588285517,-0.00800005690693859));
#9275=CARTESIAN_POINT('',(0.0250832672857041,-0.00960603480249561,-0.00800005690693859));
#9276=CARTESIAN_POINT('',(0.022983268244255,-0.00960402833467754,-0.00800005690693859));
#9277=CARTESIAN_POINT('',(0.0229853538652728,-0.00742118637794587,-0.00800005690693859));
#9278=CARTESIAN_POINT('',(0.0229874394862906,-0.00523834442121419,-0.00800005690693859));
#9279=CARTESIAN_POINT('',(0.0250832672857041,-0.00510603480249563,-0.00800005690693859));
#9280=CARTESIAN_POINT('',(0.0232418882440215,-0.00409641941788022,-0.00800005690693859));
#9281=CARTESIAN_POINT('',(0.0228034646626685,-0.00385603480249561,-0.00800005690693859));
#9282=CARTESIAN_POINT('',(0.0228034646626685,-0.00335603480249561,-0.00800005690693859));
#9283=CARTESIAN_POINT('',(0.00275173778570406,-0.00335603480249561,-0.00800005690693859));
#9284=CARTESIAN_POINT('',(-0.0172999890912603,-0.00335603480249561,-0.00800005690693859));
#9285=CARTESIAN_POINT('',(-0.0172999890912603,-0.00385603480249561,-0.00800005690693859));
#9286=CARTESIAN_POINT('',(-0.0177384126726133,-0.00409641941788022,-0.00800005690693859));
#9287=CARTESIAN_POINT('',(-0.0195797917142959,-0.0051060348024956,-0.00800005690693859));
#9288=CARTESIAN_POINT('',(-0.020603090214296,-0.00693984509254683,-0.00800005690693859));
#9289=CARTESIAN_POINT('',(-0.0208467327142959,-0.00737646659017808,-0.00800005690693859));
#9290=CARTESIAN_POINT('',(-0.0213467327142959,-0.00737646659017808,-0.00800005690693859));
#9291=CARTESIAN_POINT('',(-0.0213467327142959,-0.0221912506963369,-0.00800005690693859));
#9292=CARTESIAN_POINT('',(-0.0213467327142959,-0.0144108992507372,-0.00800005690693859));
#9293=CARTESIAN_POINT('',(-0.022846732714296,-0.0144108992507372,-0.00800005690693859));
#9294=CARTESIAN_POINT('',(-0.0243467327142959,-0.0144108992507372,-0.00800005690693859));
#9295=CARTESIAN_POINT('',(-0.0243467327142959,-0.0248560348024856,-0.00800005690693859));
#9296=CARTESIAN_POINT('',(-0.0243467327143029,-0.0053560359754756,-0.00800005690693859));
#9297=CARTESIAN_POINT('',(-0.0193467315413159,-0.0053560359754756,-0.00800005690693859));
#9298=CARTESIAN_POINT('',(-0.0193467315413159,-0.000356034802488596,-0.00800005690693859));
#9299=CARTESIAN_POINT('',(0.00265326728569908,-0.000356034802495605,-0.00800005690693859));
#9300=CARTESIAN_POINT('',(0.024653266112714,-0.000356034802495605,-0.00800005690693859));
#9301=CARTESIAN_POINT('',(0.024653266112714,-0.0053560359754756,-0.00800005690693859));
#9302=CARTESIAN_POINT('',(0.0283800471826514,-0.00202270212081475,-0.00800005690693859));
#9303=CARTESIAN_POINT('',(0.0358336075739402,0.0046439640245244,-0.00800005690693859));
#9304=CARTESIAN_POINT('',(0.0358336075739402,-0.0053560359754756,-0.00800005690693859));
#9305=CARTESIAN_POINT('',(0.0335602672857013,-0.0053560359754756,-0.00800005690693859));
#9306=CARTESIAN_POINT('',(0.0377582672857042,-0.00535603597547557,-0.00800005690693859));
#9307=CARTESIAN_POINT('',(0.0377582672857043,-0.0248560348024856,-0.00800005690693859));
#9308=CARTESIAN_POINT('',(0.0377582672857045,-0.0443560336294956,-0.00800005690693859));
#9309=CARTESIAN_POINT('',(0.0335602672857043,-0.0443560336294956,-0.00800005690693859));
#9310=CARTESIAN_POINT('',(0.0358336075739402,-0.0443560336294956,-0.00800005690693859));
#9311=CARTESIAN_POINT('',(0.0358336075739402,-0.0543560336294956,-0.00800005690693859));
#9312=CARTESIAN_POINT('',(0.0283800471826514,-0.0476893674841565,-0.00800005690693859));
#9313=CARTESIAN_POINT('',(0.024653266112714,-0.0443560336294956,-0.00800005690693859));
#9314=CARTESIAN_POINT('',(0.024653266112714,-0.0493560348024826,-0.00800005690693859));
#9315=CARTESIAN_POINT('',(0.00265326728569908,-0.0493560348024956,-0.00800005690693859));
#9316=CARTESIAN_POINT('',(-0.0193467315413159,-0.0493560348024956,-0.00800005690693859));
#9317=CARTESIAN_POINT('',(-0.0193467315413159,-0.0443560336294956,-0.00800005690693859));
#9318=CARTESIAN_POINT('',(-0.0243467327142959,-0.0443560336294956,-0.00800005690693859));
#9319=CARTESIAN_POINT('',(-0.0243467327142959,-0.0248560348024856,-0.00800005690693859));
#9320=CARTESIAN_POINT('',(-0.0243467327142959,-0.0199282901697245,-0.00800005690693859));
#9321=CARTESIAN_POINT('',(-0.022846732714296,-0.0199282901697245,-0.00800005690693859));
#9322=CARTESIAN_POINT('',(-0.0213467327142959,-0.0199282901697245,-0.00800005690693859));
#9323=CARTESIAN_POINT('',(-0.0213467327142959,-0.0221912506963369,-0.00800005690693859));
#9324=CARTESIAN_POINT('',(-0.0213467327142959,-0.0370060348024956,-0.00800005690693859));
#9325=CARTESIAN_POINT('',(-0.0208467327142959,-0.0370060348024956,-0.00800005690693859));
#9326=CARTESIAN_POINT('',(-0.0208467327142959,-0.0375060348024956,-0.00800005690693859));
#9327=CARTESIAN_POINT('',(-0.0198817327142959,-0.0375060348024956,-0.00800005690693859));
#9328=CARTESIAN_POINT('',(-0.0189167327142959,-0.0375060348024956,-0.00800005690693859));
#9329=CARTESIAN_POINT('',(-0.0189167327142959,-0.0396060348024956,-0.00800005690693859));
#9330=CARTESIAN_POINT('',(-0.0168167916562171,-0.0396217686066951,-0.00800005690693859));
#9331=CARTESIAN_POINT('',(-0.0168167916562171,-0.0418560348024956,-0.00800005690693859));
#9332=CARTESIAN_POINT('',(-0.0168167916562171,-0.0440903009982962,-0.00800005690693859));
#9333=CARTESIAN_POINT('',(-0.016810162743722,-0.0449750409723179,-0.00800005690693859));
#9334=CARTESIAN_POINT('',(-0.0168035338312271,-0.0458597809463396,-0.00800005690693859));
#9335=CARTESIAN_POINT('',(-0.0163035478650178,-0.0458560348024826,-0.00800005690693859));
#9336=CARTESIAN_POINT('',(-0.0163035478650178,-0.0463560348024826,-0.00800005690693859));
#9337=CARTESIAN_POINT('',(0.00417485912384962,-0.0463560348024825,-0.00800005690693859));
#9338=CARTESIAN_POINT('',(0.0246532661127171,-0.0463560348024826,-0.00800005690693859));
#9339=CARTESIAN_POINT('',(0.0246532661127171,-0.0443560336294956,-0.00800005690693859));
#9340=CARTESIAN_POINT('',(0.0266532672857041,-0.0443560336294956,-0.00800005690693859));
#9341=CARTESIAN_POINT('',(0.0266532672857041,-0.0396658443273637,-0.00800005690693859));
#9342=CARTESIAN_POINT('',(0.0266532672857041,-0.0396658443273637,0.0181049430930614));
#9343=CARTESIAN_POINT('',(0.0266532672857041,-0.0378060348024969,0.0181049430930614));
#9344=CARTESIAN_POINT('',(0.0266532672857041,-0.0349756550252317,0.0181049430930614));
#9345=CARTESIAN_POINT('',(-0.0243467327142959,-0.0248560348024856,0.0181049430930614));
#9346=CARTESIAN_POINT('',(-0.0243467327142959,-0.0248560348024856,-0.00400005690693859));
#9347=CARTESIAN_POINT('',(-0.0243467327142959,-0.0199282901697245,-0.00400005690693859));
#9348=CARTESIAN_POINT('',(-0.0243467327142959,-0.0144108992507372,-0.00400005690693859));
#9349=CARTESIAN_POINT('',(-0.0243467327142959,-0.0199282901697245,-0.00400005690693859));
#9350=CARTESIAN_POINT('',(-0.0243467327142959,-0.0443560336294956,0.0181049430930614));
#9351=CARTESIAN_POINT('',(-0.0243467327143029,-0.0053560359754756,0.0181049430930614));
#9352=CARTESIAN_POINT('',(-0.0243467327142959,-0.0144108992507372,-0.00400005690693859));
#9353=CARTESIAN_POINT('',(0.0726726979906063,-0.0439609589751533,0.01620700000954));
#9354=CARTESIAN_POINT('',(0.0743933497557894,-0.0441114964984828,-0.00724026734505648));
#9355=CARTESIAN_POINT('',(0.0743933497557893,-0.0441114964984828,-0.00633856734505649));
#9356=CARTESIAN_POINT('',(0.0743933497557894,-0.0441114964984828,0.00149122698093974));
#9357=CARTESIAN_POINT('',(0.0726726979906063,-0.0439609589751533,0.00149122698093975));
#9358=CARTESIAN_POINT('',(0.0743733644821725,-0.0441097480136038,0.00149122698093975));
#9359=CARTESIAN_POINT('',(0.0672048490479134,-0.0434825841787954,0.00159639265494167));
#9360=CARTESIAN_POINT('',(0.0728613903575799,-0.0439774674181575,-0.00255871772559433));
#9361=CARTESIAN_POINT('',(0.0728613903575799,-0.0439774674181574,0.01620700000954));
#9362=CARTESIAN_POINT('',(0.0728613903575799,-0.0439774674181574,-0.00681158346432289));
#9363=CARTESIAN_POINT('',(0.0640868715943913,-0.0432097964984828,-0.00633856734505649));
#9364=CARTESIAN_POINT('',(0.0750985082831839,-0.0432097964984828,0.077615979419389));
#9365=CARTESIAN_POINT('',(0.0760002082831838,-0.0432097964984828,0.077615979419389));
#9366=CARTESIAN_POINT('',(0.0760002082831838,-0.0432097964984828,-0.00633856734505649));
#9367=CARTESIAN_POINT('',(0.0760002082831838,-0.0432097964984828,0.00149122698093976));
#9368=CARTESIAN_POINT('',(0.0750985082831839,-0.0432097964984828,0.00149122698093976));
#9369=CARTESIAN_POINT('',(0.0750985082831838,-0.0441114964984828,0.00149122698093976));
#9370=CARTESIAN_POINT('',(0.0750985082831839,-0.0441114964984828,0.077615979419389));
#9371=CARTESIAN_POINT('',(0.0750985082831839,-0.0441114964984828,-0.00633856734505649));
#9372=CARTESIAN_POINT('',(0.0750985082831839,-0.0432097964984828,-0.00633856734505649));
#9373=CARTESIAN_POINT('',(0.0750985082831839,-0.0089451964984828,0.077615979419389));
#9374=CARTESIAN_POINT('',(0.0750985082831839,-0.0080434964984828,0.077615979419389));
#9375=CARTESIAN_POINT('',(0.0750985082831839,-0.00804349649848279,-0.00633856734505648));
#9376=CARTESIAN_POINT('',(0.0750985082831838,-0.00804349649848279,0.00149122698093976));
#9377=CARTESIAN_POINT('',(0.0750985082831839,-0.00894519649848279,0.00149122698093976));
#9378=CARTESIAN_POINT('',(0.0760002082831838,-0.00894519649848279,0.00149122698093976));
#9379=CARTESIAN_POINT('',(0.0760002082831838,-0.0089451964984828,0.077615979419389));
#9380=CARTESIAN_POINT('',(0.0760002082831838,-0.00894519649848279,-0.00633856734505648));
#9381=CARTESIAN_POINT('',(0.0750985082831839,-0.00894519649848279,-0.00633856734505648));
#9382=CARTESIAN_POINT('',(0.0760002082831838,-0.0441114964984828,0.077615979419389));
#9383=CARTESIAN_POINT('',(0.0760002082831838,-0.0441114964984828,0.00149122698093974));
#9384=CARTESIAN_POINT('',(0.0309152082831838,-0.0441114964984828,-0.00633856734505649));
#9385=CARTESIAN_POINT('',(0.0760002082831838,-0.0080434964984828,0.077615979419389));
#9386=CARTESIAN_POINT('',(0.0627582672857042,-0.00804349649848279,0.00505244309306142));
#9387=CARTESIAN_POINT('',(0.0627582672857042,-0.00804349649848279,0.0151049430930614));
#9388=CARTESIAN_POINT('',(0.0689989703858418,-0.00804349649848279,0.00149122698093976));
#9389=CARTESIAN_POINT('',(0.0689989703858418,-0.00804349649848279,0.00149122698093976));
#9390=CARTESIAN_POINT('',(0.0760002082831838,-0.00804349649848279,0.00149122698093976));
#9391=CARTESIAN_POINT('',(0.0309152082831838,-0.00804349649848279,-0.00633856734505648));
#9392=CARTESIAN_POINT('',(0.0647289582831838,-0.00804349649848279,-0.00633856734505648));
#9393=CARTESIAN_POINT('',(0.0647289582831838,-0.00804349649848279,-0.00724026734505647));
#9394=CARTESIAN_POINT('',(0.0647289582831838,-0.00804349649848279,0.0122364526549435));
#9395=CARTESIAN_POINT('',(0.0647289582831838,-0.00804349649848279,0.0122364526549435));
#9396=CARTESIAN_POINT('',(0.0439898582831839,-0.00804349649848279,0.0122364526549435));
#9397=CARTESIAN_POINT('',(0.0439898582831839,-0.00804349649848279,0.00502285265494352));
#9398=CARTESIAN_POINT('',(0.0377582672857042,-0.00804349649848252,0.00865648700640631));
#9399=CARTESIAN_POINT('',(0.0377582672857042,-0.00804349649848279,0.00505244309306141));
#9400=CARTESIAN_POINT('',(0.0377582672857042,-0.00804349649848279,0.0151049430930614));
#9401=CARTESIAN_POINT('',(0.0627582672857043,-0.00804349649848279,0.0151049430930614));
#9402=CARTESIAN_POINT('',(0.0726726979906063,-0.0439609589751533,0.01620700000954));
#9403=CARTESIAN_POINT('',(0.0672048490479134,-0.0434825841787954,0.00159639265494167));
#9404=CARTESIAN_POINT('',(0.0739989703858418,-0.0440769927744838,0.00375565553146386));
#9405=CARTESIAN_POINT('',(0.0728613903575799,-0.0439774674181574,0.00575150303547764));
#9406=CARTESIAN_POINT('',(0.0739989703858418,-0.0440769927744838,0.01620700000954));
#9407=CARTESIAN_POINT('',(0.0739989703858418,-0.0440769927744838,0.0113347526549435));
#9408=CARTESIAN_POINT('',(0.0726726979906063,-0.0439609589751533,0.0113347526549435));
#9409=CARTESIAN_POINT('',(0.0728613903575799,-0.0439774674181574,0.0113347526549435));
#9410=CARTESIAN_POINT('',(0.0728613903575799,-0.0439774674181574,0.01620700000954));
#9411=CARTESIAN_POINT('',(0.0559141321437043,-0.00134505503840937,0.00159639265494168));
#9412=CARTESIAN_POINT('',(0.0622256591113557,-0.0248999943550262,0.00159639265494167));
#9413=CARTESIAN_POINT('',(0.066876925963402,-0.0216431422429984,0.00575150303547764));
#9414=CARTESIAN_POINT('',(0.0678378874003939,-0.0209702698008878,0.0036666256115881));
#9415=CARTESIAN_POINT('',(0.0678378874003939,-0.0209702698008878,0.0036666256115881));
#9416=CARTESIAN_POINT('',(0.0679086106271565,-0.0210671100207537,0.00353212741214926));
#9417=CARTESIAN_POINT('',(0.0680467161909843,-0.0214025507085164,0.0033621999934337));
#9418=CARTESIAN_POINT('',(0.0680764844096418,-0.0217495417890253,0.00358205780890034));
#9419=CARTESIAN_POINT('',(0.0680417914222157,-0.021826485252946,0.00374176856425987));
#9420=CARTESIAN_POINT('',(0.0680417914222157,-0.021826485252946,0.00374176856425988));
#9421=CARTESIAN_POINT('',(0.0680417914222157,-0.021826485252946,0.00374176856425988));
#9422=CARTESIAN_POINT('',(0.0679605126132265,-0.022006748573316,0.00411593928121086));
#9423=CARTESIAN_POINT('',(0.0678630530888438,-0.0222291409493256,0.00446052949451605));
#9424=CARTESIAN_POINT('',(0.0677600226302166,-0.0224890443575764,0.00477388559892409));
#9425=CARTESIAN_POINT('',(0.0677600226302178,-0.0224890443575772,0.0047738855989238));
#9426=CARTESIAN_POINT('',(0.0614312854799682,-0.0219353516024949,0.00159639265494167));
#9427=CARTESIAN_POINT('',(0.0670878267896347,-0.022430234841857,0.00575150303547764));
#9428=CARTESIAN_POINT('',(0.0670878267896347,-0.022430234841857,0.0057515030354776));
#9429=CARTESIAN_POINT('',(0.0670008047014222,-0.022422621395662,0.0058569128572991));
#9430=CARTESIAN_POINT('',(0.0668859724550247,-0.0223646052669059,0.00597048349788534));
#9431=CARTESIAN_POINT('',(0.066850110694336,-0.0222307673539669,0.00597048349788536));
#9432=CARTESIAN_POINT('',(0.0668501106943356,-0.0222307673539669,0.00597048349788575));
#9433=CARTESIAN_POINT('',(0.0608961109601746,-1.01378378271968E-5,0.00597048349788615));
#9434=CARTESIAN_POINT('',(0.0667707915299297,-0.0219347442023897,0.00597048349788561));
#9435=CARTESIAN_POINT('',(0.0667707915299299,-0.0219347442023897,0.00597048349788536));
#9436=CARTESIAN_POINT('',(0.0667645112149273,-0.0219113057477125,0.00597048349788536));
#9437=CARTESIAN_POINT('',(0.0667615741251994,-0.0218878377798516,0.00596667360660177));
#9438=CARTESIAN_POINT('',(0.0667615741251994,-0.021864731062499,0.00595959149095422));
#9439=CARTESIAN_POINT('',(0.0667615741251994,-0.021864731062499,0.00595959149095422));
#9440=CARTESIAN_POINT('',(0.0667615741251994,-0.021864731062499,0.00595959149095422));
#9441=CARTESIAN_POINT('',(0.0667615741251994,-0.0217556717697195,0.005926165257703));
#9442=CARTESIAN_POINT('',(0.0668178989260352,-0.0216844734195209,0.00583845557516747));
#9443=CARTESIAN_POINT('',(0.0668769259634021,-0.0216431422429984,0.00575150303547764));
#9444=CARTESIAN_POINT('',(0.0743933497557894,-0.0441114964984828,-0.00724026734505648));
#9445=CARTESIAN_POINT('',(0.0681366271796551,-0.020761089955486,0.01620700000954));
#9446=CARTESIAN_POINT('',(0.0681366271796551,-0.020761089955486,-0.000954810648373342));
#9447=CARTESIAN_POINT('',(0.0681366271796551,-0.020761089955486,-0.00498601734505647));
#9448=CARTESIAN_POINT('',(0.0669616551926454,-0.0163760348024956,0.00154994309306151));
#9449=CARTESIAN_POINT('',(0.0679782791247392,-0.0201701269692601,-0.00178282822073976));
#9450=CARTESIAN_POINT('',(0.0679782791247392,-0.0201701269692601,0.01620700000954));
#9451=CARTESIAN_POINT('',(0.0679782791247392,-0.0201701269692601,-0.00498601734505647));
#9452=CARTESIAN_POINT('',(0.0743933497557894,-0.0441114964984828,-0.00498601734505648));
#9453=CARTESIAN_POINT('',(0.0681366271796551,-0.020761089955486,0.01620700000954));
#9454=CARTESIAN_POINT('',(0.0622256591113557,-0.0248999943550262,0.00159639265494167));
#9455=CARTESIAN_POINT('',(0.0678168830551088,-0.0209849772017917,-0.0005473278693235));
#9456=CARTESIAN_POINT('',(0.066876925963402,-0.0216431422429984,-0.00255871772559428));
#9457=CARTESIAN_POINT('',(0.0672583949221422,-0.0213760348024955,-0.000858894801027779));
#9458=CARTESIAN_POINT('',(0.0679017048350891,-0.0209255843520451,-0.000641882378136856));
#9459=CARTESIAN_POINT('',(0.0743991349558525,-0.0163760348024956,0.00154994309306151));
#9460=CARTESIAN_POINT('',(0.0681366271796551,-0.020761089955486,-0.00498601734505647));
#9461=CARTESIAN_POINT('',(0.0668769259634021,-0.0216431422429984,-0.00498601734505647));
#9462=CARTESIAN_POINT('',(0.066876925963402,-0.0216431422429984,0.01620700000954));
#9463=CARTESIAN_POINT('',(0.0559141321437043,-0.00134505503840937,0.00159639265494168));
#9464=CARTESIAN_POINT('',(0.0615841520482507,-0.022505857402104,0.00159639265494167));
#9465=CARTESIAN_POINT('',(0.066235418900297,-0.0192490052900761,0.00575150303547764));
#9466=CARTESIAN_POINT('',(0.0662600525709633,-0.0192317566081818,0.00571495845540151));
#9467=CARTESIAN_POINT('',(0.0662600525709633,-0.0192317566081818,0.00571495845540153));
#9468=CARTESIAN_POINT('',(0.0665115749031559,-0.0195411426902075,0.0055028294465135));
#9469=CARTESIAN_POINT('',(0.0667608339124993,-0.019824438385934,0.00525908102099154));
#9470=CARTESIAN_POINT('',(0.0669986080509074,-0.0200844168563155,0.0049778291096768));
#9471=CARTESIAN_POINT('',(0.0669986080509074,-0.0200844168563155,0.00497782910967681));
#9472=CARTESIAN_POINT('',(0.0607897784168632,-0.0195412146495727,0.00159639265494167));
#9473=CARTESIAN_POINT('',(0.0664463197265297,-0.0200360978889347,0.00575150303547764));
#9474=CARTESIAN_POINT('',(0.0664463197265297,-0.0200360978889347,0.00575150303547764));
#9475=CARTESIAN_POINT('',(0.0663592976383172,-0.0200284844427397,0.00585691285729914));
#9476=CARTESIAN_POINT('',(0.0662444653919196,-0.0199704683139837,0.00597048349788541));
#9477=CARTESIAN_POINT('',(0.0662086036312309,-0.0198366304010447,0.00597048349788544));
#9478=CARTESIAN_POINT('',(0.0662086036312306,-0.0198366304010447,0.00597048349788575));
#9479=CARTESIAN_POINT('',(0.0608961109601746,-1.01378378271968E-5,0.00597048349788615));
#9480=CARTESIAN_POINT('',(0.0661292844668247,-0.0195406072494675,0.00597048349788561));
#9481=CARTESIAN_POINT('',(0.0661292844668249,-0.0195406072494675,0.00597048349788536));
#9482=CARTESIAN_POINT('',(0.0661230041518223,-0.0195171687947902,0.00597048349788536));
#9483=CARTESIAN_POINT('',(0.0661200670620944,-0.0194937008269294,0.00596667360660177));
#9484=CARTESIAN_POINT('',(0.0661200670620944,-0.0194705941095767,0.00595959149095422));
#9485=CARTESIAN_POINT('',(0.0661200670620944,-0.0194705941095767,0.00595959149095422));
#9486=CARTESIAN_POINT('',(0.0661200670620944,-0.0194705941095767,0.00595959149095422));
#9487=CARTESIAN_POINT('',(0.0661200670620944,-0.0193615348167972,0.005926165257703));
#9488=CARTESIAN_POINT('',(0.0661763918629301,-0.0192903364665986,0.00583845557516749));
#9489=CARTESIAN_POINT('',(0.0662354189002971,-0.0192490052900761,0.00575150303547764));
#9490=CARTESIAN_POINT('',(0.0559141321437043,-0.00134505503840937,0.00159639265494168));
#9491=CARTESIAN_POINT('',(0.0686860953145144,-0.0290471419212658,0.00595959149095422));
#9492=CARTESIAN_POINT('',(0.0686860953145144,-0.0290065560263559,0.00594715207790292));
#9493=CARTESIAN_POINT('',(0.0686950490284857,-0.0289704976888497,0.00592575532454844));
#9494=CARTESIAN_POINT('',(0.0687082587023494,-0.0289399056385713,0.00590069777885107));
#9495=CARTESIAN_POINT('',(0.0686860953145144,-0.0290471419212658,0.00595959149095422));
#9496=CARTESIAN_POINT('',(0.0687082587023494,-0.0289399056385713,0.0059006977788511));
#9497=CARTESIAN_POINT('',(0.0687082587023494,-0.0289399056385713,0.00590069777885109));
#9498=CARTESIAN_POINT('',(0.068898370004231,-0.0291863599716688,0.00575546387745069));
#9499=CARTESIAN_POINT('',(0.069090003438157,-0.0294175895127259,0.0055913782304332));
#9500=CARTESIAN_POINT('',(0.069278835704395,-0.0296359603555691,0.00540680520991479));
#9501=CARTESIAN_POINT('',(0.069278835704395,-0.0296359603555691,0.0054068052099148));
#9502=CARTESIAN_POINT('',(0.0633558066692833,-0.0291177624612618,0.00159639265494167));
#9503=CARTESIAN_POINT('',(0.0690123479789498,-0.0296126457006238,0.00575150303547764));
#9504=CARTESIAN_POINT('',(0.0690123479789498,-0.0296126457006238,0.00575150303547764));
#9505=CARTESIAN_POINT('',(0.0689253258907373,-0.0296050322544289,0.00585691285729916));
#9506=CARTESIAN_POINT('',(0.0688104936443397,-0.0295470161256727,0.00597048349788538));
#9507=CARTESIAN_POINT('',(0.068774631883651,-0.0294131782127337,0.0059704834978854));
#9508=CARTESIAN_POINT('',(0.0687746318836507,-0.0294131782127338,0.00597048349788575));
#9509=CARTESIAN_POINT('',(0.0608961109601746,-1.01378378271968E-5,0.00597048349788615));
#9510=CARTESIAN_POINT('',(0.0686953127192448,-0.0291171550611565,0.00597048349788561));
#9511=CARTESIAN_POINT('',(0.068695312719245,-0.0291171550611565,0.00597048349788536));
#9512=CARTESIAN_POINT('',(0.0686890324042424,-0.0290937166064793,0.00597048349788536));
#9513=CARTESIAN_POINT('',(0.0686860953145144,-0.0290702486386184,0.00596667360660177));
#9514=CARTESIAN_POINT('',(0.0686860953145144,-0.0290471419212658,0.00595959149095422));
#9515=CARTESIAN_POINT('',(0.0743933497557894,-0.0441114964984828,-0.00724026734505648));
#9516=CARTESIAN_POINT('',(0.0707026554320751,-0.0303376377671752,0.01620700000954));
#9517=CARTESIAN_POINT('',(0.0707026554320751,-0.0303376377671752,-0.00158186180990447));
#9518=CARTESIAN_POINT('',(0.0707026554320751,-0.0303376377671751,-0.00498601734505647));
#9519=CARTESIAN_POINT('',(0.0696411471169566,-0.0263760348024955,0.00154994309306152));
#9520=CARTESIAN_POINT('',(0.0705443073771592,-0.0297466747809491,-0.00221054705260434));
#9521=CARTESIAN_POINT('',(0.0705443073771592,-0.0297466747809491,0.01620700000954));
#9522=CARTESIAN_POINT('',(0.0705443073771592,-0.0297466747809491,-0.00498601734505647));
#9523=CARTESIAN_POINT('',(0.0743933497557894,-0.0441114964984828,-0.00498601734505648));
#9524=CARTESIAN_POINT('',(0.0743933497557894,-0.0441114964984828,-0.00724026734505648));
#9525=CARTESIAN_POINT('',(0.0700611483689701,-0.0279435008142528,0.01620700000954));
#9526=CARTESIAN_POINT('',(0.0700611483689701,-0.0279435008142528,-0.00325063502858025));
#9527=CARTESIAN_POINT('',(0.0700611483689701,-0.0279435008142528,-0.00498601734505647));
#9528=CARTESIAN_POINT('',(0.0696411471169566,-0.0263760348024955,0.00154994309306152));
#9529=CARTESIAN_POINT('',(0.0699028003140542,-0.0273525378280269,-0.00340474578124009));
#9530=CARTESIAN_POINT('',(0.0699028003140542,-0.0273525378280269,0.01620700000954));
#9531=CARTESIAN_POINT('',(0.0699028003140542,-0.0273525378280269,-0.00498601734505647));
#9532=CARTESIAN_POINT('',(0.0743933497557894,-0.0441114964984828,-0.00498601734505648));
#9533=CARTESIAN_POINT('',(0.0743933497557894,-0.0441114964984828,-0.00724026734505648));
#9534=CARTESIAN_POINT('',(0.0694196413058651,-0.0255493638613306,0.01620700000954));
#9535=CARTESIAN_POINT('',(0.0694196413058651,-0.0255493638613306,-0.00343193558420808));
#9536=CARTESIAN_POINT('',(0.0694196413058651,-0.0255493638613306,-0.00498601734505647));
#9537=CARTESIAN_POINT('',(0.0696411471169566,-0.0263760348024955,0.00154994309306152));
#9538=CARTESIAN_POINT('',(0.0692612932509492,-0.0249584008751046,-0.00329699553332012));
#9539=CARTESIAN_POINT('',(0.0692612932509492,-0.0249584008751046,0.01620700000954));
#9540=CARTESIAN_POINT('',(0.0692612932509492,-0.0249584008751046,-0.00498601734505647));
#9541=CARTESIAN_POINT('',(0.0743933497557894,-0.0441114964984828,-0.00498601734505648));
#9542=CARTESIAN_POINT('',(0.0743933497557894,-0.0441114964984828,-0.00724026734505648));
#9543=CARTESIAN_POINT('',(0.0687781342427601,-0.0231552269084083,0.01620700000954));
#9544=CARTESIAN_POINT('',(0.0687781342427601,-0.0231552269084083,-0.00233964512542454));
#9545=CARTESIAN_POINT('',(0.0687781342427601,-0.0231552269084083,-0.00498601734505647));
#9546=CARTESIAN_POINT('',(0.0696411471169566,-0.0263760348024955,0.00154994309306152));
#9547=CARTESIAN_POINT('',(0.0686197861878442,-0.0225642639221823,-0.00176259411518182));
#9548=CARTESIAN_POINT('',(0.0686197861878442,-0.0225642639221823,0.01620700000954));
#9549=CARTESIAN_POINT('',(0.0686197861878442,-0.0225642639221823,-0.00498601734505647));
#9550=CARTESIAN_POINT('',(0.0743933497557894,-0.0441114964984828,-0.00498601734505648));
#9551=CARTESIAN_POINT('',(0.0743933497557894,-0.0441114964984828,-0.00724026734505648));
#9552=CARTESIAN_POINT('',(0.0674951201165501,-0.0183669530025638,0.01620700000954));
#9553=CARTESIAN_POINT('',(0.0674951201165501,-0.0183669530025638,-0.00309104222480336));
#9554=CARTESIAN_POINT('',(0.0674951201165501,-0.0183669530025638,-0.00498601734505647));
#9555=CARTESIAN_POINT('',(0.0669616551926454,-0.0163760348024956,0.00154994309306151));
#9556=CARTESIAN_POINT('',(0.0673367720616342,-0.0177759900163377,-0.00330213124676842));
#9557=CARTESIAN_POINT('',(0.0673367720616342,-0.0177759900163377,0.01620700000954));
#9558=CARTESIAN_POINT('',(0.0673367720616342,-0.0177759900163378,-0.00498601734505647));
#9559=CARTESIAN_POINT('',(0.0743933497557894,-0.0441114964984828,-0.00498601734505648));
#9560=CARTESIAN_POINT('',(0.0743933497557894,-0.0441114964984828,-0.00724026734505648));
#9561=CARTESIAN_POINT('',(0.0668536130534451,-0.0159728160496415,0.01620700000954));
#9562=CARTESIAN_POINT('',(0.0668536130534451,-0.0159728160496415,-0.00348393360758848));
#9563=CARTESIAN_POINT('',(0.0668536130534451,-0.0159728160496415,-0.00498601734505647));
#9564=CARTESIAN_POINT('',(0.0669616551926454,-0.0163760348024956,0.00154994309306151));
#9565=CARTESIAN_POINT('',(0.0666952649985292,-0.0153818530634155,-0.00340122875506492));
#9566=CARTESIAN_POINT('',(0.0666952649985292,-0.0153818530634155,0.01620700000954));
#9567=CARTESIAN_POINT('',(0.0666952649985292,-0.0153818530634155,-0.00498601734505647));
#9568=CARTESIAN_POINT('',(0.0743933497557894,-0.0441114964984828,-0.00498601734505648));
#9569=CARTESIAN_POINT('',(0.0743933497557894,-0.0441114964984828,-0.00724026734505648));
#9570=CARTESIAN_POINT('',(0.06621210599034,-0.0135786790967193,0.01620700000954));
#9571=CARTESIAN_POINT('',(0.06621210599034,-0.0135786790967193,-0.00265449516375242));
#9572=CARTESIAN_POINT('',(0.0662121059903401,-0.0135786790967192,-0.00498601734505647));
#9573=CARTESIAN_POINT('',(0.0669616551926454,-0.0163760348024956,0.00154994309306151));
#9574=CARTESIAN_POINT('',(0.0660537579354242,-0.0129877161104933,-0.00219462583292019));
#9575=CARTESIAN_POINT('',(0.0660537579354242,-0.0129877161104933,0.01620700000954));
#9576=CARTESIAN_POINT('',(0.0660537579354242,-0.0129877161104933,-0.00498601734505647));
#9577=CARTESIAN_POINT('',(0.0743933497557894,-0.0441114964984828,-0.00498601734505648));
#9578=CARTESIAN_POINT('',(0.064333106170241,-0.0128371785871638,0.01620700000954));
#9579=CARTESIAN_POINT('',(0.104782417803428,-0.0163760348024956,0.00154994309306151));
#9580=CARTESIAN_POINT('',(0.0660537579354242,-0.0129877161104933,0.00529451201904319));
#9581=CARTESIAN_POINT('',(0.0649299121457445,-0.0128893923443449,0.00520313681486452));
#9582=CARTESIAN_POINT('',(0.0660537579354242,-0.0129877161104933,0.01620700000954));
#9583=CARTESIAN_POINT('',(0.0660537579354242,-0.0129877161104933,0.0135890026549435));
#9584=CARTESIAN_POINT('',(0.064333106170241,-0.0128371785871638,0.0135890026549435));
#9585=CARTESIAN_POINT('',(0.0645217985372147,-0.0128536870301679,0.0135890026549435));
#9586=CARTESIAN_POINT('',(0.0645217985372146,-0.0128536870301679,0.01620700000954));
#9587=CARTESIAN_POINT('',(0.0645217985372146,-0.0128536870301679,0.00575150303547768));
#9588=CARTESIAN_POINT('',(0.0588652572275482,-0.0123588037908059,0.00159639265494168));
#9589=CARTESIAN_POINT('',(0.06621210599034,-0.0135786790967193,0.01620700000954));
#9590=CARTESIAN_POINT('',(0.062217068014987,-0.0163760348024956,0.00154994309306151));
#9591=CARTESIAN_POINT('',(0.064952404774087,-0.0144607313842316,-0.00312275557216249));
#9592=CARTESIAN_POINT('',(0.06621210599034,-0.0135786790967193,-0.00498601734505647));
#9593=CARTESIAN_POINT('',(0.064952404774087,-0.0144607313842316,-0.00498601734505647));
#9594=CARTESIAN_POINT('',(0.064952404774087,-0.0144607313842316,0.01620700000954));
#9595=CARTESIAN_POINT('',(0.0649746132333461,-0.0152313155400861,0.01620700000954));
#9596=CARTESIAN_POINT('',(0.0780588142746626,-0.0163760348024956,0.00154994309306151));
#9597=CARTESIAN_POINT('',(0.0666952649985292,-0.0153818530634155,0.00650111494118794));
#9598=CARTESIAN_POINT('',(0.0651633056003197,-0.0152478239830902,0.00647230435032174));
#9599=CARTESIAN_POINT('',(0.0666952649985292,-0.0153818530634155,0.01620700000954));
#9600=CARTESIAN_POINT('',(0.0666952649985291,-0.0153818530634155,0.0135890026549435));
#9601=CARTESIAN_POINT('',(0.0649746132333461,-0.0152313155400861,0.0135890026549435));
#9602=CARTESIAN_POINT('',(0.0651633056003197,-0.0152478239830902,0.0135890026549435));
#9603=CARTESIAN_POINT('',(0.0651633056003196,-0.0152478239830903,0.01620700000954));
#9604=CARTESIAN_POINT('',(0.0668536130534451,-0.0159728160496415,0.01620700000954));
#9605=CARTESIAN_POINT('',(0.0662777569952754,-0.0163760348024956,0.00154994309306151));
#9606=CARTESIAN_POINT('',(0.065593911837192,-0.0168548683371539,-0.00347730450836878));
#9607=CARTESIAN_POINT('',(0.0668536130534451,-0.0159728160496415,-0.00498601734505647));
#9608=CARTESIAN_POINT('',(0.065593911837192,-0.0168548683371539,-0.00498601734505647));
#9609=CARTESIAN_POINT('',(0.065593911837192,-0.0168548683371539,0.01620700000954));
#9610=CARTESIAN_POINT('',(0.0656161202964511,-0.0176254524930084,0.01620700000954));
#9611=CARTESIAN_POINT('',(0.0513352107458976,-0.0163760348024956,0.00154994309306151));
#9612=CARTESIAN_POINT('',(0.0673367720616342,-0.0177759900163377,0.00640201743289145));
#9613=CARTESIAN_POINT('',(0.0658048126634247,-0.0176419609360124,0.00643869866319171));
#9614=CARTESIAN_POINT('',(0.0673367720616342,-0.0177759900163377,0.01620700000954));
#9615=CARTESIAN_POINT('',(0.0673367720616342,-0.0177759900163378,0.0135890026549435));
#9616=CARTESIAN_POINT('',(0.0656161202964511,-0.0176254524930084,0.0135890026549435));
#9617=CARTESIAN_POINT('',(0.0658048126634247,-0.0176419609360124,0.0135890026549435));
#9618=CARTESIAN_POINT('',(0.0658048126634247,-0.0176419609360125,0.01620700000954));
#9619=CARTESIAN_POINT('',(0.0674951201165501,-0.0183669530025638,0.01620700000954));
#9620=CARTESIAN_POINT('',(0.070338445975564,-0.0163760348024956,0.00154994309306151));
#9621=CARTESIAN_POINT('',(0.066235418900297,-0.0192490052900761,-0.00260319314085753));
#9622=CARTESIAN_POINT('',(0.0674951201165501,-0.0183669530025638,-0.00498601734505647));
#9623=CARTESIAN_POINT('',(0.0662354189002971,-0.0192490052900761,-0.00498601734505647));
#9624=CARTESIAN_POINT('',(0.066235418900297,-0.0192490052900761,0.01620700000954));
#9625=CARTESIAN_POINT('',(0.0662576273595561,-0.0200195894459306,0.01620700000954));
#9626=CARTESIAN_POINT('',(0.0246116072171326,-0.0163760348024956,0.00154994309306151));
#9627=CARTESIAN_POINT('',(0.0679782791247392,-0.0201701269692601,0.00488271440686279));
#9628=CARTESIAN_POINT('',(0.0679782791247392,-0.0201701269692601,0.01620700000954));
#9629=CARTESIAN_POINT('',(0.0679782791247392,-0.0201701269692601,0.0135890026549435));
#9630=CARTESIAN_POINT('',(0.0662576273595561,-0.0200195894459306,0.0135890026549435));
#9631=CARTESIAN_POINT('',(0.0664463197265297,-0.0200360978889347,0.0135890026549435));
#9632=CARTESIAN_POINT('',(0.0664463197265297,-0.0200360978889347,0.01620700000954));
#9633=CARTESIAN_POINT('',(0.0668991344226611,-0.0224137263988529,0.01620700000954));
#9634=CARTESIAN_POINT('',(0.112188526715959,-0.0263760348024955,0.00154994309306152));
#9635=CARTESIAN_POINT('',(0.0686197861878442,-0.0225642639221823,0.00486248030130485));
#9636=CARTESIAN_POINT('',(0.0686197861878442,-0.0225642639221823,0.01620700000954));
#9637=CARTESIAN_POINT('',(0.0686197861878442,-0.0225642639221823,0.0135890026549435));
#9638=CARTESIAN_POINT('',(0.0668991344226611,-0.0224137263988529,0.0135890026549435));
#9639=CARTESIAN_POINT('',(0.0670878267896347,-0.022430234841857,0.0135890026549435));
#9640=CARTESIAN_POINT('',(0.0670878267896347,-0.022430234841857,0.01620700000954));
#9641=CARTESIAN_POINT('',(0.0687781342427601,-0.0231552269084083,0.01620700000954));
#9642=CARTESIAN_POINT('',(0.0641783438687203,-0.0263760348024955,0.00154994309306152));
#9643=CARTESIAN_POINT('',(0.0675184330265071,-0.0240372791959206,-0.00292584982135206));
#9644=CARTESIAN_POINT('',(0.0687781342427601,-0.0231552269084083,-0.00498601734505647));
#9645=CARTESIAN_POINT('',(0.0675184330265071,-0.0240372791959206,-0.00498601734505647));
#9646=CARTESIAN_POINT('',(0.0675184330265071,-0.0240372791959206,0.01620700000954));
#9647=CARTESIAN_POINT('',(0.0675406414857661,-0.0248078633517752,0.01620700000954));
#9648=CARTESIAN_POINT('',(0.0854649231871931,-0.0263760348024955,0.00154994309306152));
#9649=CARTESIAN_POINT('',(0.0692612932509492,-0.0249584008751046,0.00639688171944314));
#9650=CARTESIAN_POINT('',(0.0677293338527397,-0.0248243717947793,0.00635565239663836));
#9651=CARTESIAN_POINT('',(0.0692612932509492,-0.0249584008751046,0.01620700000954));
#9652=CARTESIAN_POINT('',(0.0692612932509492,-0.0249584008751046,0.0135890026549435));
#9653=CARTESIAN_POINT('',(0.0675406414857661,-0.0248078633517752,0.0135890026549435));
#9654=CARTESIAN_POINT('',(0.0677293338527397,-0.0248243717947793,0.0135890026549435));
#9655=CARTESIAN_POINT('',(0.0677293338527397,-0.0248243717947793,0.01620700000954));
#9656=CARTESIAN_POINT('',(0.0694196413058651,-0.0255493638613306,0.01620700000954));
#9657=CARTESIAN_POINT('',(0.0682390328490089,-0.0263760348024955,0.00154994309306152));
#9658=CARTESIAN_POINT('',(0.0681599400896121,-0.026431416148843,-0.00349975322518146));
#9659=CARTESIAN_POINT('',(0.0694196413058651,-0.0255493638613306,-0.00498601734505647));
#9660=CARTESIAN_POINT('',(0.0681599400896121,-0.026431416148843,-0.00498601734505647));
#9661=CARTESIAN_POINT('',(0.0681599400896121,-0.026431416148843,0.01620700000954));
#9662=CARTESIAN_POINT('',(0.0681821485488712,-0.0272020003046975,0.01620700000954));
#9663=CARTESIAN_POINT('',(0.058741319658428,-0.0263760348024955,0.00154994309306152));
#9664=CARTESIAN_POINT('',(0.0699028003140542,-0.0273525378280269,0.00650463196736312));
#9665=CARTESIAN_POINT('',(0.0683708409158448,-0.0272185087477016,0.00652917372154711));
#9666=CARTESIAN_POINT('',(0.0699028003140542,-0.0273525378280269,0.01620700000954));
#9667=CARTESIAN_POINT('',(0.0699028003140542,-0.0273525378280269,0.0135890026549435));
#9668=CARTESIAN_POINT('',(0.0681821485488712,-0.0272020003046975,0.0135890026549435));
#9669=CARTESIAN_POINT('',(0.0683708409158448,-0.0272185087477016,0.0135890026549435));
#9670=CARTESIAN_POINT('',(0.0683708409158448,-0.0272185087477016,0.01620700000954));
#9671=CARTESIAN_POINT('',(0.0700611483689701,-0.0279435008142528,0.01620700000954));
#9672=CARTESIAN_POINT('',(0.0722997218292973,-0.0263760348024955,0.00154994309306152));
#9673=CARTESIAN_POINT('',(0.0688014471527171,-0.0288255531017652,-0.00286620456089471));
#9674=CARTESIAN_POINT('',(0.0700611483689701,-0.0279435008142528,-0.00498601734505647));
#9675=CARTESIAN_POINT('',(0.0688014471527171,-0.0288255531017652,-0.00498601734505647));
#9676=CARTESIAN_POINT('',(0.0688014471527171,-0.0288255531017652,0.01620700000954));
#9677=CARTESIAN_POINT('',(0.0688236556119762,-0.0295961372576197,0.01620700000954));
#9678=CARTESIAN_POINT('',(0.0320177161296628,-0.0263760348024955,0.00154994309306152));
#9679=CARTESIAN_POINT('',(0.0705443073771592,-0.0297466747809491,0.00531043323872738));
#9680=CARTESIAN_POINT('',(0.0705443073771592,-0.0297466747809491,0.01620700000954));
#9681=CARTESIAN_POINT('',(0.0705443073771592,-0.0297466747809491,0.0135890026549435));
#9682=CARTESIAN_POINT('',(0.0688236556119762,-0.0295961372576197,0.0135890026549435));
#9683=CARTESIAN_POINT('',(0.0690123479789498,-0.0296126457006238,0.0135890026549435));
#9684=CARTESIAN_POINT('',(0.0690123479789498,-0.0296126457006238,0.01620700000954));
#9685=CARTESIAN_POINT('',(0.0707026554320751,-0.0303376377671752,0.01620700000954));
#9686=CARTESIAN_POINT('',(0.0763604108095858,-0.0263760348024955,0.00154994309306152));
#9687=CARTESIAN_POINT('',(0.0702049747766186,-0.030686117513747,-0.00108172691325983));
#9688=CARTESIAN_POINT('',(0.0707026554320751,-0.0303376377671752,-0.00498601734505647));
#9689=CARTESIAN_POINT('',(0.0694429542158221,-0.0312196900546875,-0.00498601734505647));
#9690=CARTESIAN_POINT('',(0.0694429542158221,-0.0312196900546875,0.01620700000954));
#9691=CARTESIAN_POINT('',(0.0694429542158221,-0.0312196900546875,-0.00255871772559432));
#9692=CARTESIAN_POINT('',(0.0647916873637758,-0.0344765421667153,0.00159639265494167));
#9693=CARTESIAN_POINT('',(0.0377582672857043,-0.0248560348024856,0.00505244309306141));
#9694=CARTESIAN_POINT('',(0.0377582672857043,-0.0263760348024956,0.00154994309306151));
#9695=CARTESIAN_POINT('',(0.0377582672857043,-0.021826485252946,0.00374176856425981));
#9696=CARTESIAN_POINT('',(0.0377582672857045,-0.0240387869590981,0.00602652354230332));
#9697=CARTESIAN_POINT('',(0.0377582672857043,-0.0213760348024956,0.00395878098715073));
#9698=CARTESIAN_POINT('',(0.0377582672857043,-0.0209255843520451,0.00374176856425981));
#9699=CARTESIAN_POINT('',(0.0377582672857043,-0.0163760348024956,0.00154994309306151));
#9700=CARTESIAN_POINT('',(0.0377582672857045,-0.018713282645893,0.00602652354230332));
#9701=CARTESIAN_POINT('',(0.0377582672857045,-0.0441114964984828,0.00602652354230332));
#9702=CARTESIAN_POINT('',(-0.0243487327142961,-0.026376034802496,0.00154994309306149));
#9703=CARTESIAN_POINT('',(0.0266532672857041,-0.0263760348024956,0.00154994309306151));
#9704=CARTESIAN_POINT('',(0.0266532672857041,-0.0302364145797594,0.00259754415037895));
#9705=CARTESIAN_POINT('',(0.0266532672857041,-0.0302364145797594,0.000502342035744071));
#9706=CARTESIAN_POINT('',(0.0266532672857041,-0.0302364145797594,0.00259754415037895));
#9707=CARTESIAN_POINT('',(0.0266532672857041,-0.0303295376575201,0.00225438828615699));
#9708=CARTESIAN_POINT('',(0.0266134885535633,-0.0304225380505503,0.00154819401839232));
#9709=CARTESIAN_POINT('',(0.026653267285704,-0.0303295250587365,0.000845451473810645));
#9710=CARTESIAN_POINT('',(0.0266532672857041,-0.0302364145797595,0.000502342035744071));
#9711=CARTESIAN_POINT('',(0.0325582672857043,-0.0263760348024956,0.00154994309306151));
#9712=CARTESIAN_POINT('',(0.0325582672857043,-0.0223760348024956,0.00154994309306151));
#9713=CARTESIAN_POINT('',(-0.0243487327142962,-0.016376034802496,0.00154994309306149));
#9714=CARTESIAN_POINT('',(0.0266532672857041,-0.0163760348024957,0.00154994309306151));
#9715=CARTESIAN_POINT('',(0.0266532672857041,-0.0163760348024957,-0.00245005690693849));
#9716=CARTESIAN_POINT('',(0.0325582672857042,-0.0163760348024956,0.00154994309306151));
#9717=CARTESIAN_POINT('',(0.0325582672857042,-0.0123760348024956,0.00154994309306151));
#9718=CARTESIAN_POINT('',(0.0266532672857041,-0.0211060348024956,0.0181049430930614));
#9719=CARTESIAN_POINT('',(0.0266532672857041,-0.0302364145797594,0.0181049430930614));
#9720=CARTESIAN_POINT('',(0.0266532672857041,-0.0119756550252317,0.0181049430930614));
#9721=CARTESIAN_POINT('',(0.0266532672857041,-0.0302364145797594,0.0181049430930614));
#9722=CARTESIAN_POINT('',(0.0627582672857043,-0.0248560348024854,0.0151049430930614));
#9723=CARTESIAN_POINT('',(0.0377582672857043,-0.0248560348024856,0.0151049430930614));
#9724=CARTESIAN_POINT('',(0.0377582672857042,-0.00535603597547557,0.0151049430930614));
#9725=CARTESIAN_POINT('',(0.0627582672857042,-0.0053560359754754,0.0151049430930614));
#9726=CARTESIAN_POINT('',(0.0627582672857042,-0.0053560359754754,0.0151049430930614));
#9727=CARTESIAN_POINT('',(0.0627582672857043,-0.0248560348024854,0.0151049430930614));
#9728=CARTESIAN_POINT('',(0.0627582672857043,-0.0248560348024854,0.00505244309306142));
#9729=CARTESIAN_POINT('',(0.0627582672857042,-0.0053560359754754,0.0181049430930614));
#9730=CARTESIAN_POINT('',(0.0377582672857043,-0.0248560348024856,0.00505244309306141));
#9731=CARTESIAN_POINT('',(0.0377582672857045,-0.0443580336294956,0.00865648700640674));
#9732=CARTESIAN_POINT('',(0.0377582672857045,-0.0443560336294956,0.00865648700640674));
#9733=CARTESIAN_POINT('',(0.0377582672857045,-0.0441114964984828,0.00865648700640674));
#9734=CARTESIAN_POINT('',(0.0377582672857044,-0.0443560336294956,0.0181049430930614));
#9735=CARTESIAN_POINT('',(0.0377582672857042,-0.00535603597547557,0.0181049430930614));
#9736=CARTESIAN_POINT('',(0.0377582674609712,-0.00894519649848278,0.00602652352827748));
#9737=CARTESIAN_POINT('',(0.0377582674609712,-0.00888362513061733,0.00602652352827748));
#9738=CARTESIAN_POINT('',(0.037758267206446,-0.00877957463794106,0.00610438389509695));
#9739=CARTESIAN_POINT('',(0.0377582673314609,-0.00864284050651054,0.00630083187391449));
#9740=CARTESIAN_POINT('',(0.0377582672701843,-0.00851025832506602,0.00657025497041746));
#9741=CARTESIAN_POINT('',(0.0377582672897715,-0.00837817676343848,0.00690425073067733));
#9742=CARTESIAN_POINT('',(0.0377582672833495,-0.00822906342936588,0.00735980377610365));
#9743=CARTESIAN_POINT('',(0.0377582672865605,-0.0080913747802934,0.00793719574820326));
#9744=CARTESIAN_POINT('',(0.0377582672857042,-0.00804349649848279,0.00841747096070268));
#9745=CARTESIAN_POINT('',(0.0377582672857042,-0.00804349649848279,0.00865648700640629));
#9746=CARTESIAN_POINT('',(0.0377582672857045,-0.00894519649848279,0.00602652354230332));
#9747=CARTESIAN_POINT('',(0.0377582672857045,-0.0441114964984828,0.00602652354230332));
#9748=CARTESIAN_POINT('',(0.0377582672857043,-0.0140387869590982,0.00602652354230332));
#9749=CARTESIAN_POINT('',(0.0377582672857043,-0.0163760348024956,0.00154994309306151));
#9750=CARTESIAN_POINT('',(0.0377582672857043,-0.0209255843520451,-0.000641882378136785));
#9751=CARTESIAN_POINT('',(0.0377582672857043,-0.0213760348024956,-0.000858894801027705));
#9752=CARTESIAN_POINT('',(0.0377582672857043,-0.021826485252946,-0.000641882378136792));
#9753=CARTESIAN_POINT('',(0.0377582672857043,-0.0263760348024956,0.00154994309306151));
#9754=CARTESIAN_POINT('',(0.0377582672857043,-0.0287132826458931,0.00602652354230332));
#9755=CARTESIAN_POINT('',(0.0377582672857045,-0.0441114964984828,0.00602652354230332));
#9756=CARTESIAN_POINT('',(0.0377582672857044,-0.0432097964984828,0.00602652354230327));
#9757=CARTESIAN_POINT('',(0.0377582672857044,-0.0441114964984828,0.00865648700640674));
#9758=CARTESIAN_POINT('',(0.0377582672857044,-0.0441114964984828,0.00841570836350096));
#9759=CARTESIAN_POINT('',(0.0377582672857044,-0.0440637843893181,0.00793934831159662));
#9760=CARTESIAN_POINT('',(0.0377582672857044,-0.0439262130440882,0.0073604938083641));
#9761=CARTESIAN_POINT('',(0.0377582672857044,-0.0437765766313045,0.00690360127156346));
#9762=CARTESIAN_POINT('',(0.0377582672857044,-0.0436443166173009,0.00656910952808396));
#9763=CARTESIAN_POINT('',(0.0377582672857044,-0.0435106484280205,0.00629818639123792));
#9764=CARTESIAN_POINT('',(0.0377582672857044,-0.0433741735283254,0.00610296535463461));
#9765=CARTESIAN_POINT('',(0.0377582672857044,-0.043270476224146,0.0060265235423032));
#9766=CARTESIAN_POINT('',(0.0377582672857044,-0.0432097964984828,0.00602652354230319));
#9767=CARTESIAN_POINT('',(0.0377582672857044,-0.0346160381981196,0.00505244309306141));
#9768=CARTESIAN_POINT('',(0.0377582672857044,-0.0346160381981196,-9.19064541969022E-6));
#9769=CARTESIAN_POINT('',(0.0377582672857044,-0.0346160381981196,0.000947725955306711));
#9770=CARTESIAN_POINT('',(0.0377582672857043,-0.0248560348024856,-9.1906454197932E-6));
#9771=CARTESIAN_POINT('',(0.0377582672857044,-0.035572954798846,-9.19064541966028E-6));
#9772=CARTESIAN_POINT('',(0.0377582672857044,-0.035572954798846,0.0050524430930614));
#9773=CARTESIAN_POINT('',(0.0377582672857044,-0.035572954798846,0.000947725955306682));
#9774=CARTESIAN_POINT('',(0.0377582672857043,-0.0248560348024855,0.000947725955306799));
#9775=CARTESIAN_POINT('',(0.0377582672857044,-0.0391245381981195,0.00505244309306142));
#9776=CARTESIAN_POINT('',(0.0377582672857044,-0.0391245381981196,-9.19064541963427E-6));
#9777=CARTESIAN_POINT('',(0.0377582672857044,-0.0391245381981195,0.00094772595530667));
#9778=CARTESIAN_POINT('',(0.0377582672857043,-0.0248560348024856,-9.1906454197932E-6));
#9779=CARTESIAN_POINT('',(0.0377582672857044,-0.040081454798846,-9.19064541961208E-6));
#9780=CARTESIAN_POINT('',(0.0377582672857044,-0.040081454798846,0.0050524430930614));
#9781=CARTESIAN_POINT('',(0.0377582672857044,-0.040081454798846,0.000947725955306699));
#9782=CARTESIAN_POINT('',(0.0377582672857043,-0.0248560348024855,0.000947725955306799));
#9783=CARTESIAN_POINT('',(0.0377582672857044,-0.0346160381981196,0.00505244309306141));
#9784=CARTESIAN_POINT('',(0.0377582672857044,-0.0346160381981195,0.00224505935458026));
#9785=CARTESIAN_POINT('',(0.0377582672857044,-0.0346160381981196,0.00320197595530672));
#9786=CARTESIAN_POINT('',(0.0377582672857043,-0.0248560348024856,0.00224505935458018));
#9787=CARTESIAN_POINT('',(0.0377582672857044,-0.035572954798846,0.00224505935458029));
#9788=CARTESIAN_POINT('',(0.0377582672857044,-0.035572954798846,0.0050524430930614));
#9789=CARTESIAN_POINT('',(0.0377582672857044,-0.035572954798846,0.00320197595530668));
#9790=CARTESIAN_POINT('',(0.0377582672857043,-0.0248560348024855,0.0032019759553068));
#9791=CARTESIAN_POINT('',(0.0377582672857044,-0.0391245381981195,0.00505244309306142));
#9792=CARTESIAN_POINT('',(0.0377582672857044,-0.0391245381981196,0.00224505935458031));
#9793=CARTESIAN_POINT('',(0.0377582672857044,-0.0391245381981196,0.00320197595530668));
#9794=CARTESIAN_POINT('',(0.0377582672857043,-0.0248560348024856,0.00224505935458018));
#9795=CARTESIAN_POINT('',(0.0377582672857044,-0.040081454798846,0.00224505935458032));
#9796=CARTESIAN_POINT('',(0.0377582672857044,-0.040081454798846,0.0050524430930614));
#9797=CARTESIAN_POINT('',(0.0377582672857044,-0.040081454798846,0.00320197595530663));
#9798=CARTESIAN_POINT('',(0.0377582672857043,-0.0248560348024855,0.0032019759553068));
#9799=CARTESIAN_POINT('',(-0.0193467315413159,-0.0443560336294956,0.0181049430930614));
#9800=CARTESIAN_POINT('',(-0.0193467315413159,-0.0493560348024956,0.0181049430930614));
#9801=CARTESIAN_POINT('',(0.00265326728569908,-0.0493560348024956,0.0181049430930614));
#9802=CARTESIAN_POINT('',(0.024653266112714,-0.0493560348024826,0.0181049430930614));
#9803=CARTESIAN_POINT('',(0.024653266112714,-0.0443560336294956,0.0181049430930614));
#9804=CARTESIAN_POINT('',(0.0283800471826514,-0.0476893674841565,0.0181049430930614));
#9805=CARTESIAN_POINT('',(0.024653266112714,-0.0053560359754756,0.0181049430930614));
#9806=CARTESIAN_POINT('',(0.024653266112714,-0.000356034802495605,0.0181049430930614));
#9807=CARTESIAN_POINT('',(0.0283800471826514,-0.00202270212081475,0.0181049430930614));
#9808=CARTESIAN_POINT('',(0.00265326728569908,-0.000356034802495605,0.0181049430930614));
#9809=CARTESIAN_POINT('',(-0.0193467315413159,-0.000356034802488596,0.0181049430930614));
#9810=CARTESIAN_POINT('',(-0.0213467327142959,-0.0221912506963369,0.0181049430930614));
#9811=CARTESIAN_POINT('',(-0.0213467327142959,-0.0171695947102308,-0.00400005690693859));
#9812=CARTESIAN_POINT('',(-0.0213467327142959,-0.0199282901697245,-0.00400005690693859));
#9813=CARTESIAN_POINT('',(-0.0213467327142959,-0.0144108992507372,-0.00400005690693859));
#9814=CARTESIAN_POINT('',(-0.0213467327142959,-0.0144108992507372,-0.00400005690693859));
#9815=CARTESIAN_POINT('',(-0.0213467327142959,-0.00737646659017808,0.0181049430930614));
#9816=CARTESIAN_POINT('',(-0.0213467327142959,-0.0370060348024956,0.0181049430930614));
#9817=CARTESIAN_POINT('',(-0.0213467327142959,-0.0199282901697245,-0.00400005690693859));
#9818=CARTESIAN_POINT('',(-0.0208467327142959,-0.00737646659017808,0.0181049430930614));
#9819=CARTESIAN_POINT('',(-0.020603090214296,-0.00693984509254683,0.0181049430930614));
#9820=CARTESIAN_POINT('',(-0.0195797917142959,-0.0051060348024956,0.0181049430930614));
#9821=CARTESIAN_POINT('',(-0.0177384126726133,-0.00409641941788022,0.0181049430930614));
#9822=CARTESIAN_POINT('',(-0.0172999890912603,-0.00385603480249561,0.0181049430930614));
#9823=CARTESIAN_POINT('',(-0.0172999890912603,-0.00335603480249561,0.0181049430930614));
#9824=CARTESIAN_POINT('',(0.00275173778570406,-0.00335603480249561,0.0181049430930614));
#9825=CARTESIAN_POINT('',(0.0228034646626685,-0.00335603480249561,0.0181049430930614));
#9826=CARTESIAN_POINT('',(0.0228034646626685,-0.00385603480249561,0.0181049430930614));
#9827=CARTESIAN_POINT('',(0.0232418882440215,-0.00409641941788022,0.0181049430930614));
#9828=CARTESIAN_POINT('',(0.0250832672857041,-0.00510603480249563,0.0181049430930614));
#9829=CARTESIAN_POINT('',(0.0229874394862906,-0.00523834442121419,0.0181049430930614));
#9830=CARTESIAN_POINT('',(0.0229853538652728,-0.00742118637794587,0.0181049430930614));
#9831=CARTESIAN_POINT('',(0.022983268244255,-0.00960402833467754,0.0181049430930614));
#9832=CARTESIAN_POINT('',(0.0250832672857041,-0.00960603480249561,0.0181049430930614));
#9833=CARTESIAN_POINT('',(0.0259474980549348,-0.0115199588285517,0.0181049430930614));
#9834=CARTESIAN_POINT('',(0.0261532672857041,-0.0119756550252317,0.0181049430930614));
#9835=CARTESIAN_POINT('',(0.0261532672857041,-0.0302364145797594,0.0181049430930614));
#9836=CARTESIAN_POINT('',(0.0259474980549348,-0.0306921107764395,0.0181049430930614));
#9837=CARTESIAN_POINT('',(0.0250832672857041,-0.0326060348024956,0.0181049430930614));
#9838=CARTESIAN_POINT('',(0.0259474980549348,-0.0345199588285517,0.0181049430930614));
#9839=CARTESIAN_POINT('',(0.0261532672857041,-0.0349756550252317,0.0181049430930614));
#9840=CARTESIAN_POINT('',(0.0266532672857041,-0.0396658443273637,0.0181049430930614));
#9841=CARTESIAN_POINT('',(0.0266532672857041,-0.0439060348024969,0.0181049430930614));
#9842=CARTESIAN_POINT('',(0.0266532672857041,-0.0443560336294956,0.0181049430930614));
#9843=CARTESIAN_POINT('',(0.0246532661127171,-0.0443560336294956,0.0181049430930614));
#9844=CARTESIAN_POINT('',(0.0246532661127171,-0.0463560348024826,0.0181049430930614));
#9845=CARTESIAN_POINT('',(0.00417485912384962,-0.0463560348024825,0.0181049430930614));
#9846=CARTESIAN_POINT('',(-0.0163035478650178,-0.0463560348024826,0.0181049430930614));
#9847=CARTESIAN_POINT('',(-0.0163035478650178,-0.0458560348024826,0.0181049430930614));
#9848=CARTESIAN_POINT('',(-0.0168035338312271,-0.0458597809463396,0.0181049430930614));
#9849=CARTESIAN_POINT('',(-0.016810162743722,-0.0449750409723179,0.0181049430930614));
#9850=CARTESIAN_POINT('',(-0.0168167916562171,-0.0440903009982962,0.0181049430930614));
#9851=CARTESIAN_POINT('',(-0.0168167916562171,-0.0418560348024956,0.0181049430930614));
#9852=CARTESIAN_POINT('',(-0.0168167916562171,-0.0396217686066951,0.0181049430930614));
#9853=CARTESIAN_POINT('',(-0.0189167327142959,-0.0396060348024956,0.0181049430930614));
#9854=CARTESIAN_POINT('',(-0.0189167327142959,-0.0375060348024956,0.0181049430930614));
#9855=CARTESIAN_POINT('',(-0.0198817327142959,-0.0375060348024956,0.0181049430930614));
#9856=CARTESIAN_POINT('',(-0.0208467327142959,-0.0375060348024956,0.0181049430930614));
#9857=CARTESIAN_POINT('',(-0.0195785624028729,-0.00508957993802696,0.0181049430930614));
#9858=CARTESIAN_POINT('',(-0.0200771034543943,-0.00443225062942433,0.0181049430930614));
#9859=CARTESIAN_POINT('',(-0.0200771034543943,-0.00443225062942433,0.0181049430930614));
#9860=CARTESIAN_POINT('',(-0.0200771034543943,-0.00443225062942433,0.019881008170457));
#9861=CARTESIAN_POINT('',(-0.0189878849758379,-0.00451362405673816,0.019881008170457));
#9862=CARTESIAN_POINT('',(-0.0189878849758379,-0.00451362405673816,0.0181049430930614));
#9863=CARTESIAN_POINT('',(-0.0189878849758379,-0.00451362405673816,0.0181049430930614));
#9864=CARTESIAN_POINT('',(0.0250925800737575,-0.0325894020016021,0.0181049430930614));
#9865=CARTESIAN_POINT('',(0.0248033653606205,-0.031816757290428,0.0181049430930614));
#9866=CARTESIAN_POINT('',(0.0248033653606205,-0.031816757290428,0.0181049430930614));
#9867=CARTESIAN_POINT('',(0.0248033653606205,-0.031816757290428,0.019881008170457));
#9868=CARTESIAN_POINT('',(0.0259024530791426,-0.032432141977602,0.019881008170457));
#9869=CARTESIAN_POINT('',(0.0259024530791426,-0.032432141977602,0.0181049430930614));
#9870=CARTESIAN_POINT('',(0.0259024530791426,-0.032432141977602,0.0181049430930614));
#9871=CARTESIAN_POINT('',(-0.0193467315413159,-0.0053560359754756,0.0181049430930614));
#9872=CARTESIAN_POINT('',(-0.0208467327142959,-0.0370060348024956,0.0181049430930614));
#9873=CARTESIAN_POINT('',(-0.0195797917142959,-0.00510603480249561,0.0181049430930614));
#9874=CARTESIAN_POINT('',(0.0250832672857041,-0.0326060348024956,0.0181049430930614));
#9875=CARTESIAN_POINT('',(0.0250810687060195,-0.00510885123219777,0.0181049430930614));
#9876=CARTESIAN_POINT('',(-0.0189167327142959,-0.0441060348024956,0.0181049430930614));
#9877=CARTESIAN_POINT('',(-0.0189167327142959,-0.0396060348024956,0.0181049430930614));
#9878=CARTESIAN_POINT('',(0.0250832672857029,-0.00960603480249694,0.0181049430930614));
#9879=CARTESIAN_POINT('',(0.0335602672857013,-0.0053560359754756,0.0181049430930614));
#9880=CARTESIAN_POINT('',(0.0358336075739402,-0.0053560359754756,0.0181049430930614));
#9881=CARTESIAN_POINT('',(0.0335602672857043,-0.0443560336294956,0.0181049430930614));
#9882=CARTESIAN_POINT('',(0.0422118695904195,-0.0443560336294956,0.0141049430930614));
#9883=CARTESIAN_POINT('',(0.0422118695904195,-0.0443560336294956,0.0141049430930614));
#9884=CARTESIAN_POINT('',(0.0358336075739402,-0.0443560336294956,-0.00800005690693859));
#9885=CARTESIAN_POINT('',(0.0439898582831839,-0.0443560336294956,0.00502285265494352));
#9886=CARTESIAN_POINT('',(0.0439898582831839,-0.0443560336294956,0.0122364526549435));
#9887=CARTESIAN_POINT('',(0.0439898582831839,-0.0443560336294956,0.0122364526549435));
#9888=CARTESIAN_POINT('',(0.0578889189122257,-0.0443560336294956,0.0122364526549435));
#9889=CARTESIAN_POINT('',(0.0578889189122257,-0.0443560336294956,0.077615979419389));
#9890=CARTESIAN_POINT('',(0.0578889189122257,-0.0443560336294956,0.0135890026549435));
#9891=CARTESIAN_POINT('',(0.0760002082831838,-0.0443560336294956,0.0135890026549435));
#9892=CARTESIAN_POINT('',(0.0699989703858418,-0.0443560336294956,0.0135890026549435));
#9893=CARTESIAN_POINT('',(0.0699989703858418,-0.0443560336294956,0.0181049430930614));
#9894=CARTESIAN_POINT('',(0.0699989703858418,-0.0443560336294956,0.0141049430930614));
#9895=CARTESIAN_POINT('',(0.0335602672857043,-0.0443560336294956,0.0141049430930614));
#9896=CARTESIAN_POINT('',(0.072577584247448,-0.0324136139188123,-0.00498601734505647));
#9897=CARTESIAN_POINT('',(0.072577584247448,-0.0324136139188123,-0.00420982212442198));
#9898=CARTESIAN_POINT('',(0.0700271915090644,-0.0349640066571959,-0.00504678297716146));
#9899=CARTESIAN_POINT('',(0.0690936829771886,-0.0333471224506881,-0.0051762612716826));
#9900=CARTESIAN_POINT('',(0.0690936829771886,-0.0333471224506881,-0.00569747341843039));
#9901=CARTESIAN_POINT('',(0.0690936829771886,-0.0333471224506881,-0.00569747341843039));
#9902=CARTESIAN_POINT('',(0.072577584247448,-0.0324136139188123,-0.00666391256569096));
#9903=CARTESIAN_POINT('',(0.0700271915090644,-0.0349640066571959,-0.00582695171295153));
#9904=CARTESIAN_POINT('',(0.0700271915090644,-0.0349640066571959,-0.00517626127168263));
#9905=CARTESIAN_POINT('',(0.0693438158344323,-0.0342806309825638,-0.00498601734505647));
#9906=CARTESIAN_POINT('',(0.0692776049410423,-0.0342144200891739,-0.00568492852713111));
#9907=CARTESIAN_POINT('',(0.0703136938711192,-0.0352505090192508,-0.0058812349404532));
#9908=CARTESIAN_POINT('',(0.0703136938711192,-0.0352505090192508,-0.00498601734505647));
#9909=CARTESIAN_POINT('',(0.0703136938711192,-0.0352505090192508,-0.00499249974965982));
#9910=CARTESIAN_POINT('',(0.0693615206806137,-0.0342983358287453,-0.00517290675765255));
#9911=CARTESIAN_POINT('',(0.0632658848302581,-0.0115974836700881,-0.00498601734505647));
#9912=CARTESIAN_POINT('',(0.0632723652537305,-0.0115732984004342,-0.00517290675765255));
#9913=CARTESIAN_POINT('',(0.0635160176875017,-0.0106639751382124,-0.00504678297716146));
#9914=CARTESIAN_POINT('',(0.063620884830258,-0.0102726056334013,-0.00499249974965985));
#9915=CARTESIAN_POINT('',(0.063620884830258,-0.0102726056334013,-0.00498601734505647));
#9916=CARTESIAN_POINT('',(0.063620884830258,-0.0102726056334013,-0.00588123494045316));
#9917=CARTESIAN_POINT('',(0.06324164996127,-0.0116879294324661,-0.00568492852713111));
#9918=CARTESIAN_POINT('',(0.0635160176875017,-0.0106639751382124,-0.00582695171295153));
#9919=CARTESIAN_POINT('',(0.0635160176875017,-0.0106639751382124,-0.00569747341843039));
#9920=CARTESIAN_POINT('',(0.0629567680421451,-0.0104438441113784,-0.00498601734505647));
#9921=CARTESIAN_POINT('',(0.0629567680421451,-0.0104438441113784,-0.00517626127168263));
#9922=CARTESIAN_POINT('',(0.0635160176875017,-0.0125309922019639,-0.0051762612716826));
#9923=CARTESIAN_POINT('',(0.0635160176875017,-0.0125309922019639,-0.00517626127168263));
#9924=CARTESIAN_POINT('',(0.0635160176875017,-0.0125309922019639,-0.00569747341843036));
#9925=CARTESIAN_POINT('',(0.0629567680421451,-0.0104438441113784,-0.00569747341843039));
#9926=CARTESIAN_POINT('',(0.0636425753788104,-0.0102600825893556,-0.00498601734505647));
#9927=CARTESIAN_POINT('',(0.0582076009936121,-0.0133979665136886,-0.00661030558693332));
#9928=CARTESIAN_POINT('',(0.0636425753788107,-0.0102600825893555,-0.00498601734505647));
#9929=CARTESIAN_POINT('',(0.0636425753788104,-0.0102600825893556,-0.00498601734505647));
#9930=CARTESIAN_POINT('',(0.0636425753788104,-0.0102600825893556,-0.00588771734505648));
#9931=CARTESIAN_POINT('',(0.0634531536994971,-0.0103694452468974,-0.00583110706786673));
#9932=CARTESIAN_POINT('',(0.0703387399592104,-0.0352505090192508,-0.00588771734505648));
#9933=CARTESIAN_POINT('',(0.0669999189577611,-0.0115974836700881,-0.00666391256569089));
#9934=CARTESIAN_POINT('',(0.0703387399592104,-0.0352505090192508,-0.00588771734505648));
#9935=CARTESIAN_POINT('',(0.0703387399592104,-0.0352505090192508,-0.00588771734505648));
#9936=CARTESIAN_POINT('',(0.0703387399592104,-0.0352505090192508,-0.00588771734505648));
#9937=CARTESIAN_POINT('',(0.0703387399592104,-0.0352505090192508,-0.00498601734505647));
#9938=CARTESIAN_POINT('',(0.0703387399592104,-0.0352505090192508,-0.00498601734505647));
#9939=CARTESIAN_POINT('',(0.0703387399592105,-0.0352505090192508,-0.00498601734505647));
#9940=CARTESIAN_POINT('',(0.0703387399592104,-0.0352505090192508,-0.00498601734505647));
#9941=CARTESIAN_POINT('',(0.0703387399592104,-0.0352505090192508,-0.00498601734505647));
#9942=CARTESIAN_POINT('',(0.0726236742622811,-0.0437779999302674,-0.00498601734505648));
#9943=CARTESIAN_POINT('',(0.070057646009861,-0.0342014521185783,-0.00498601734505647));
#9944=CARTESIAN_POINT('',(0.0703387399592104,-0.0352505090192508,-0.00498601734505647));
#9945=CARTESIAN_POINT('',(0.0699783268454549,-0.0339054289670011,-0.00498601734505647));
#9946=CARTESIAN_POINT('',(0.0726236742622811,-0.0437779999302674,-0.00498601734505648));
#9947=CARTESIAN_POINT('',(0.0694161389467559,-0.031807315165656,-0.00498601734505647));
#9948=CARTESIAN_POINT('',(0.0703387399592104,-0.0352505090192508,-0.00498601734505647));
#9949=CARTESIAN_POINT('',(0.0693368197823499,-0.0315112920140788,-0.00498601734505647));
#9950=CARTESIAN_POINT('',(0.0726236742622811,-0.0437779999302674,-0.00498601734505648));
#9951=CARTESIAN_POINT('',(0.0687746318836509,-0.0294131782127337,-0.00498601734505647));
#9952=CARTESIAN_POINT('',(0.0703387399592104,-0.0352505090192508,-0.00498601734505647));
#9953=CARTESIAN_POINT('',(0.0686953127192449,-0.0291171550611565,-0.00498601734505647));
#9954=CARTESIAN_POINT('',(0.0726236742622811,-0.0437779999302674,-0.00498601734505648));
#9955=CARTESIAN_POINT('',(0.0681331248205459,-0.0270190412598115,-0.00498601734505647));
#9956=CARTESIAN_POINT('',(0.0703387399592104,-0.0352505090192508,-0.00498601734505647));
#9957=CARTESIAN_POINT('',(0.0680538056561399,-0.0267230181082342,-0.00498601734505647));
#9958=CARTESIAN_POINT('',(0.0726236742622811,-0.0437779999302674,-0.00498601734505648));
#9959=CARTESIAN_POINT('',(0.0674916177574409,-0.0246249043068892,-0.00498601734505647));
#9960=CARTESIAN_POINT('',(0.0703387399592104,-0.0352505090192508,-0.00498601734505647));
#9961=CARTESIAN_POINT('',(0.0674122985930349,-0.024328881155312,-0.00498601734505647));
#9962=CARTESIAN_POINT('',(0.0726236742622811,-0.0437779999302674,-0.00498601734505648));
#9963=CARTESIAN_POINT('',(0.0668501106943359,-0.0222307673539669,-0.00498601734505647));
#9964=CARTESIAN_POINT('',(0.0703387399592104,-0.0352505090192508,-0.00498601734505647));
#9965=CARTESIAN_POINT('',(0.0667707915299298,-0.0219347442023897,-0.00498601734505647));
#9966=CARTESIAN_POINT('',(0.0726236742622811,-0.0437779999302674,-0.00498601734505648));
#9967=CARTESIAN_POINT('',(0.0662086036312309,-0.0198366304010446,-0.00498601734505647));
#9968=CARTESIAN_POINT('',(0.0703387399592104,-0.0352505090192508,-0.00498601734505647));
#9969=CARTESIAN_POINT('',(0.0661292844668248,-0.0195406072494675,-0.00498601734505647));
#9970=CARTESIAN_POINT('',(0.0726236742622811,-0.0437779999302674,-0.00498601734505648));
#9971=CARTESIAN_POINT('',(0.0655670965681258,-0.0174424934481224,-0.00498601734505647));
#9972=CARTESIAN_POINT('',(0.0703387399592104,-0.0352505090192508,-0.00498601734505647));
#9973=CARTESIAN_POINT('',(0.0654877774037198,-0.0171464702965452,-0.00498601734505647));
#9974=CARTESIAN_POINT('',(0.0726236742622811,-0.0437779999302674,-0.00498601734505648));
#9975=CARTESIAN_POINT('',(0.0649255895050208,-0.0150483564952,-0.00498601734505647));
#9976=CARTESIAN_POINT('',(0.0703387399592104,-0.0352505090192508,-0.00498601734505647));
#9977=CARTESIAN_POINT('',(0.0648462703406148,-0.0147523333436229,-0.00498601734505647));
#9978=CARTESIAN_POINT('',(0.0726236742622811,-0.0437779999302674,-0.00498601734505648));
#9979=CARTESIAN_POINT('',(0.0642840824419158,-0.0126542195422778,-0.00498601734505647));
#9980=CARTESIAN_POINT('',(0.0703387399592104,-0.0352505090192508,-0.00498601734505647));
#9981=CARTESIAN_POINT('',(0.0642047632775098,-0.0123581963907007,-0.00498601734505647));
#9982=CARTESIAN_POINT('',(0.0726236742622811,-0.0437779999302674,-0.00498601734505648));
#9983=CARTESIAN_POINT('',(0.0669999189577611,-0.0115974836700881,-0.00420982212442198));
#9984=CARTESIAN_POINT('',(0.0439898582831839,-0.0432097964984828,0.00502285265494352));
#9985=CARTESIAN_POINT('',(0.0439898582831839,-0.0441114964984828,0.00502285265494352));
#9986=CARTESIAN_POINT('',(0.0439898582831839,-0.0441114964984828,0.0122364526549435));
#9987=CARTESIAN_POINT('',(0.0439898582831839,-0.0432097964984828,0.00502285265494352));
#9988=CARTESIAN_POINT('',(0.0439898582831839,-0.0432097964984828,0.0113347526549435));
#9989=CARTESIAN_POINT('',(0.0439898582831839,-0.0432097964984828,0.0122364526549435));
#9990=CARTESIAN_POINT('',(0.0376779582831838,-0.0432097964984828,0.0122364526549435));
#9991=CARTESIAN_POINT('',(0.0576473091254106,-0.0432097964984828,0.0122364526549435));
#9992=CARTESIAN_POINT('',(0.0576473091254106,-0.0432097964984828,0.0113347526549435));
#9993=CARTESIAN_POINT('',(0.0578889189122257,-0.0441114964984828,0.0122364526549435));
#9994=CARTESIAN_POINT('',(0.0439898582831839,-0.0441114964984828,0.0122364526549435));
#9995=CARTESIAN_POINT('',(0.0578889189122257,-0.0432097964984828,0.0113347526549435));
#9996=CARTESIAN_POINT('',(0.0439898582831839,-0.00894519649848279,0.00502285265494352));
#9997=CARTESIAN_POINT('',(0.0439898582831839,-0.00894519649848279,0.00502285265494352));
#9998=CARTESIAN_POINT('',(0.0439898582831839,-0.00894519649848279,0.0113347526549435));
#9999=CARTESIAN_POINT('',(0.0439898582831839,-0.00894519649848279,0.0122364526549435));
#10000=CARTESIAN_POINT('',(0.0376779582831838,-0.00894519649848279,0.0122364526549435));
#10001=CARTESIAN_POINT('',(0.064970568069999,-0.00894519649848279,0.0122364526549435));
#10002=CARTESIAN_POINT('',(0.06492909186413,-0.00879040519087468,0.0113481382167579));
#10003=CARTESIAN_POINT('',(0.0647080269667085,-0.00894519649848279,0.0122364526549435));
#10004=CARTESIAN_POINT('',(0.0647080269667085,-0.00894519649848279,0.0113347526549435));
#10005=CARTESIAN_POINT('',(0.0439898582831839,-0.00894519649848279,0.0113347526549435));
#10006=CARTESIAN_POINT('',(0.0439898582831839,-0.0441114964984828,0.00502285265494352));
#10007=CARTESIAN_POINT('',(0.0377582672857045,-0.0287132826458931,0.00602652354230332));
#10008=CARTESIAN_POINT('',(0.0378190971523649,-0.0279899032999537,0.00640420396945647));
#10009=CARTESIAN_POINT('',(0.0379372189493969,-0.0263780239114135,0.00679566977135004));
#10010=CARTESIAN_POINT('',(0.037819101096703,-0.0247622132104942,0.00640422845905936));
#10011=CARTESIAN_POINT('',(0.0377582672857045,-0.0240387869590981,0.00602652354230332));
#10012=CARTESIAN_POINT('',(0.0377582672857045,-0.018713282645893,0.00602652354230332));
#10013=CARTESIAN_POINT('',(0.0378190971523649,-0.0179899032999537,0.00640420396945646));
#10014=CARTESIAN_POINT('',(0.0379372189493968,-0.0163780239114136,0.00679566977135004));
#10015=CARTESIAN_POINT('',(0.037819101096703,-0.0147622132104942,0.00640422845905936));
#10016=CARTESIAN_POINT('',(0.0377582672857045,-0.0140387869590982,0.00602652354230332));
#10017=CARTESIAN_POINT('',(0.0439898582831839,-0.0441114964984828,0.0113347526549435));
#10018=CARTESIAN_POINT('',(0.0724701495313472,-0.0432097964984828,0.0153924026549436));
#10019=CARTESIAN_POINT('',(0.0724701495313472,-0.0432097964984828,0.0135890026549435));
#10020=CARTESIAN_POINT('',(0.0724701495313472,-0.0441114964984828,0.0135890026549435));
#10021=CARTESIAN_POINT('',(0.0715684495313472,-0.0432097964984828,0.0135890026549435));
#10022=CARTESIAN_POINT('',(0.0715684495313472,-0.0432097964984828,0.0153924026549436));
#10023=CARTESIAN_POINT('',(0.0715684495313472,-0.0432097964984828,0.0113347526549435));
#10024=CARTESIAN_POINT('',(0.0724701495313472,-0.0432097964984828,0.0113347526549435));
#10025=CARTESIAN_POINT('',(0.0724701495313472,-0.0441114964984828,0.0113347526549435));
#10026=CARTESIAN_POINT('',(0.0724701495313472,-0.0441114964984828,0.077615979419389));
#10027=CARTESIAN_POINT('',(0.0376779582831838,-0.0441114964984828,0.0113347526549435));
#10028=CARTESIAN_POINT('',(0.0739989703858418,-0.0441114964984828,0.0113347526549435));
#10029=CARTESIAN_POINT('',(0.0739989703858418,-0.0483560336294956,0.0113347526549435));
#10030=CARTESIAN_POINT('',(0.0699989703858418,-0.0483560336294956,0.0113347526549435));
#10031=CARTESIAN_POINT('',(0.0724701495313472,-0.0452106761568354,0.0113347526549435));
#10032=CARTESIAN_POINT('',(0.0724701495313472,-0.0443580336294956,0.0113347526549435));
#10033=CARTESIAN_POINT('',(0.0715684495313472,-0.0431903748192988,0.0113347526549435));
#10034=CARTESIAN_POINT('',(0.0715684495313472,-0.0431903748192988,0.0113347526549435));
#10035=CARTESIAN_POINT('',(0.0726504895313472,-0.0431903748192988,0.0113347526549435));
#10036=CARTESIAN_POINT('',(0.0726504895313472,-0.0431903748192988,0.0113347526549435));
#10037=CARTESIAN_POINT('',(0.0728056476931445,-0.0434119636387994,0.0113347526549435));
#10038=CARTESIAN_POINT('',(0.072544355097875,-0.0434819767786902,0.0113347526549435));
#10039=CARTESIAN_POINT('',(0.0724953313695498,-0.043299017733804,0.0113347526549435));
#10040=CARTESIAN_POINT('',(0.0726236742622811,-0.0437779999302674,0.0113347526549435));
#10041=CARTESIAN_POINT('',(0.0728849668575506,-0.0437079867903767,0.0113347526549435));
#10042=CARTESIAN_POINT('',(0.0726504895313472,-0.0431903748192988,0.0153924026549436));
#10043=CARTESIAN_POINT('',(0.0726504895313472,-0.0431903748192989,0.01620700000954));
#10044=CARTESIAN_POINT('',(0.0726504895313472,-0.0431903748192988,0.0135890026549435));
#10045=CARTESIAN_POINT('',(0.0715684495313472,-0.0431903748192988,0.0153924026549436));
#10046=CARTESIAN_POINT('',(0.0715684495313472,-0.0431903748192988,0.0135890026549435));
#10047=CARTESIAN_POINT('',(0.0590691588007505,-0.0431903748192988,0.0135890026549435));
#10048=CARTESIAN_POINT('',(0.0715684495313472,-0.0431903748192988,0.0153924026549436));
#10049=CARTESIAN_POINT('',(0.0715684495313472,-0.0177185244984828,0.0135890026549435));
#10050=CARTESIAN_POINT('',(0.0559141321437043,-0.00134505503840937,0.00159639265494168));
#10051=CARTESIAN_POINT('',(0.0588652572275482,-0.0123588037908059,0.00159639265494168));
#10052=CARTESIAN_POINT('',(0.0645217985372146,-0.0128536870301678,-0.00255871772559432));
#10053=CARTESIAN_POINT('',(0.0648701495963086,-0.0128841637987659,-0.00209825329602058));
#10054=CARTESIAN_POINT('',(0.0648701495963085,-0.0128841637987659,-0.00209825329602056));
#10055=CARTESIAN_POINT('',(0.0650522339952288,-0.0124029587845133,-0.0016376679390627));
#10056=CARTESIAN_POINT('',(0.065422587467071,-0.0116203285674716,-0.000523740627158837));
#10057=CARTESIAN_POINT('',(0.0656650778049558,-0.0111802260869123,0.00153819204386219));
#10058=CARTESIAN_POINT('',(0.0654547534493139,-0.0116150236376019,0.00361684527480522));
#10059=CARTESIAN_POINT('',(0.0651030040773476,-0.012401821178096,0.00473779430661819));
#10060=CARTESIAN_POINT('',(0.0649299121457444,-0.0128893923443449,0.00520313681486451));
#10061=CARTESIAN_POINT('',(0.0645217985372147,-0.0128536870301678,0.00575150303547765));
#10062=CARTESIAN_POINT('',(0.0644347764490022,-0.0128460735839729,0.00585691285729913));
#10063=CARTESIAN_POINT('',(0.0643199442026046,-0.0127880574552168,0.00597048349788536));
#10064=CARTESIAN_POINT('',(0.0642840824419159,-0.0126542195422778,0.00597048349788537));
#10065=CARTESIAN_POINT('',(0.0642840824419156,-0.0126542195422778,0.00597048349788576));
#10066=CARTESIAN_POINT('',(0.0608961109601746,-1.01378378271968E-5,0.00597048349788615));
#10067=CARTESIAN_POINT('',(0.0642047632775097,-0.0123581963907007,0.00597048349788562));
#10068=CARTESIAN_POINT('',(0.0642047632775099,-0.0123581963907006,0.00597048349788537));
#10069=CARTESIAN_POINT('',(0.0641984829625073,-0.0123347579360233,0.00597048349788537));
#10070=CARTESIAN_POINT('',(0.0641955458727793,-0.0123112899681625,0.00596667360660178));
#10071=CARTESIAN_POINT('',(0.0641955458727793,-0.0122881832508099,0.00595959149095422));
#10072=CARTESIAN_POINT('',(0.0641955458727793,-0.0122881832508099,0.00595959149095422));
#10073=CARTESIAN_POINT('',(0.0641955458727793,-0.0122881832508099,0.00595959149095422));
#10074=CARTESIAN_POINT('',(0.0641955458727793,-0.0121791239580304,0.00592616525770299));
#10075=CARTESIAN_POINT('',(0.0642518706736151,-0.0121079256078318,0.00583845557516749));
#10076=CARTESIAN_POINT('',(0.064310897710982,-0.0120665944313093,0.00575150303547765));
#10077=CARTESIAN_POINT('',(0.064310897710982,-0.0120665944313093,0.00575150303547765));
#10078=CARTESIAN_POINT('',(0.0596596308589357,-0.0153234465433372,0.00159639265494168));
#10079=CARTESIAN_POINT('',(0.064310897710982,-0.0120665944313093,-0.00255871772559428));
#10080=CARTESIAN_POINT('',(0.064310897710982,-0.0120665944313093,-0.00255871772559428));
#10081=CARTESIAN_POINT('',(0.0642518912550244,-0.0121079111965738,-0.00264563994687588));
#10082=CARTESIAN_POINT('',(0.0641955458727793,-0.0121791300566945,-0.00273338181703562));
#10083=CARTESIAN_POINT('',(0.0641955458727793,-0.0122881832508099,-0.00276680618107089));
#10084=CARTESIAN_POINT('',(0.0641955458727793,-0.0122881832508099,-0.00276680618107089));
#10085=CARTESIAN_POINT('',(0.0641955458727793,-0.0122881832508099,-0.00276680618107093));
#10086=CARTESIAN_POINT('',(0.0641955458727793,-0.0123113182219831,-0.00277389695640034));
#10087=CARTESIAN_POINT('',(0.0641984793801632,-0.0123347445665331,-0.00277769818800201));
#10088=CARTESIAN_POINT('',(0.0642047632775092,-0.0123581963907008,-0.00277769818800279));
#10089=CARTESIAN_POINT('',(0.0642047632775094,-0.0123581963907008,-0.00277769818800279));
#10090=CARTESIAN_POINT('',(0.0608961109601746,-1.01378378271968E-5,-0.00277769818800279));
#10091=CARTESIAN_POINT('',(0.0642840824419156,-0.0126542195422778,-0.00277769818800243));
#10092=CARTESIAN_POINT('',(0.0642840824419159,-0.0126542195422778,-0.00277769818800202));
#10093=CARTESIAN_POINT('',(0.0643198895114925,-0.0127878533452076,-0.00277769818800201));
#10094=CARTESIAN_POINT('',(0.0644347982560142,-0.0128460754918392,-0.00266410113259056));
#10095=CARTESIAN_POINT('',(0.0645217985372146,-0.0128536870301678,-0.00255871772559432));
#10096=CARTESIAN_POINT('',(0.0559141321437043,-0.00134505503840937,0.00159639265494168));
#10097=CARTESIAN_POINT('',(0.0607897784168632,-0.0195412146495727,0.00159639265494167));
#10098=CARTESIAN_POINT('',(0.0664463197265297,-0.0200360978889347,-0.00255871772559432));
#10099=CARTESIAN_POINT('',(0.0669369948113412,-0.0200790263963304,-0.00188376528942956));
#10100=CARTESIAN_POINT('',(0.0669369948113412,-0.0200790263963303,-0.00188376528942953));
#10101=CARTESIAN_POINT('',(0.066703589528187,-0.0198302002934272,-0.00215210519041683));
#10102=CARTESIAN_POINT('',(0.066459770085401,-0.019560015660099,-0.00238620327888665));
#10103=CARTESIAN_POINT('',(0.0662135285748808,-0.0192660715111285,-0.00259133543207471));
#10104=CARTESIAN_POINT('',(0.0662135285748808,-0.0192660715111286,-0.00259133543207485));
#10105=CARTESIAN_POINT('',(0.0662135285748805,-0.019266071511128,-0.00259133543207516));
#10106=CARTESIAN_POINT('',(0.0661648776686917,-0.0193081870006027,-0.00266474590424514));
#10107=CARTESIAN_POINT('',(0.0661200670620944,-0.0193754049615408,-0.00273763109122626));
#10108=CARTESIAN_POINT('',(0.0661200670620944,-0.0194705941095767,-0.00276680618107089));
#10109=CARTESIAN_POINT('',(0.0661200670620944,-0.0194705941095767,-0.00276680618107089));
#10110=CARTESIAN_POINT('',(0.0661200670620944,-0.0194705941095767,-0.00276680618107093));
#10111=CARTESIAN_POINT('',(0.0661200670620944,-0.0194937290807499,-0.00277389695640034));
#10112=CARTESIAN_POINT('',(0.0661230005694782,-0.0195171554253,-0.00277769818800201));
#10113=CARTESIAN_POINT('',(0.0661292844668243,-0.0195406072494676,-0.00277769818800279));
#10114=CARTESIAN_POINT('',(0.0661292844668245,-0.0195406072494675,-0.00277769818800279));
#10115=CARTESIAN_POINT('',(0.0608961109601746,-1.01378378271968E-5,-0.00277769818800279));
#10116=CARTESIAN_POINT('',(0.0662086036312306,-0.0198366304010447,-0.00277769818800243));
#10117=CARTESIAN_POINT('',(0.0662086036312309,-0.0198366304010446,-0.00277769818800208));
#10118=CARTESIAN_POINT('',(0.0662444107008075,-0.0199702642039745,-0.00277769818800204));
#10119=CARTESIAN_POINT('',(0.0663593194453292,-0.0200284863506061,-0.00266410113259059));
#10120=CARTESIAN_POINT('',(0.0664463197265297,-0.0200360978889347,-0.00255871772559432));
#10121=CARTESIAN_POINT('',(0.0559141321437043,-0.00134505503840937,0.00159639265494168));
#10122=CARTESIAN_POINT('',(0.0677097198862855,-0.0224846434377382,-0.00166868600117907));
#10123=CARTESIAN_POINT('',(0.0678185931769995,-0.0222267215079661,-0.00135685287567467));
#10124=CARTESIAN_POINT('',(0.0679214745963419,-0.0220063413127064,-0.00101520774843616));
#10125=CARTESIAN_POINT('',(0.0680088409173235,-0.021826485252946,-0.000641882378136856));
#10126=CARTESIAN_POINT('',(0.0677097198862866,-0.0224846434377391,-0.00166868600117877));
#10127=CARTESIAN_POINT('',(0.0680088409173235,-0.021826485252946,-0.000641882378136851));
#10128=CARTESIAN_POINT('',(0.0680088409173235,-0.021826485252946,-0.000641882378136849));
#10129=CARTESIAN_POINT('',(0.068045141703951,-0.0217517548948897,-0.0004867653438199));
#10130=CARTESIAN_POINT('',(0.068022785040422,-0.0214183054034039,-0.000267264531440069));
#10131=CARTESIAN_POINT('',(0.06788729596346,-0.0210852455046075,-0.000421477922053995));
#10132=CARTESIAN_POINT('',(0.0678168830551088,-0.0209849772017916,-0.00054732786932338));
#10133=CARTESIAN_POINT('',(0.066876925963402,-0.0216431422429984,-0.00255871772559428));
#10134=CARTESIAN_POINT('',(0.0668179195074445,-0.0216844590082629,-0.00264563994687586));
#10135=CARTESIAN_POINT('',(0.0667615741251994,-0.0217556778683836,-0.0027333818170356));
#10136=CARTESIAN_POINT('',(0.0667615741251994,-0.021864731062499,-0.00276680618107086));
#10137=CARTESIAN_POINT('',(0.0667615741251994,-0.021864731062499,-0.00276680618107086));
#10138=CARTESIAN_POINT('',(0.0667615741251994,-0.021864731062499,-0.00276680618107093));
#10139=CARTESIAN_POINT('',(0.0667615741251994,-0.0218878660336722,-0.00277389695640034));
#10140=CARTESIAN_POINT('',(0.0667645076325832,-0.0219112923782223,-0.00277769818800201));
#10141=CARTESIAN_POINT('',(0.0667707915299293,-0.0219347442023898,-0.00277769818800279));
#10142=CARTESIAN_POINT('',(0.0667707915299295,-0.0219347442023898,-0.00277769818800279));
#10143=CARTESIAN_POINT('',(0.0608961109601746,-1.01378378271968E-5,-0.00277769818800279));
#10144=CARTESIAN_POINT('',(0.0668501106943356,-0.0222307673539669,-0.00277769818800243));
#10145=CARTESIAN_POINT('',(0.066850110694336,-0.0222307673539669,-0.00277769818800201));
#10146=CARTESIAN_POINT('',(0.0668859177639125,-0.0223644011568967,-0.002777698188002));
#10147=CARTESIAN_POINT('',(0.0670008265084342,-0.0224226233035284,-0.00266410113259053));
#10148=CARTESIAN_POINT('',(0.0670878267896347,-0.022430234841857,-0.00255871772559428));
#10149=CARTESIAN_POINT('',(0.0670878267896347,-0.022430234841857,-0.00255871772559428));
#10150=CARTESIAN_POINT('',(0.0614312854799682,-0.0219353516024949,0.00159639265494167));
#10151=CARTESIAN_POINT('',(0.0559141321437043,-0.00134505503840937,0.00159639265494168));
#10152=CARTESIAN_POINT('',(0.0633558066692833,-0.0291177624612618,0.00159639265494167));
#10153=CARTESIAN_POINT('',(0.0690123479789498,-0.0296126457006238,-0.00255871772559428));
#10154=CARTESIAN_POINT('',(0.0692064467157903,-0.0296296271397021,-0.00231226312919939));
#10155=CARTESIAN_POINT('',(0.0692064467157903,-0.0296296271397021,-0.00231226312919938));
#10156=CARTESIAN_POINT('',(0.0690348944778579,-0.0294359213951015,-0.00247544434999303));
#10157=CARTESIAN_POINT('',(0.0688610516568192,-0.0292318980907635,-0.00262267569907857));
#10158=CARTESIAN_POINT('',(0.068687906396707,-0.0290158920945608,-0.0027551299002256));
#10159=CARTESIAN_POINT('',(0.068687906396707,-0.0290158920945608,-0.0027551299002256));
#10160=CARTESIAN_POINT('',(0.0686879063967063,-0.0290158920945602,-0.00275512990022659));
#10161=CARTESIAN_POINT('',(0.0686867319678439,-0.0290259903190188,-0.00275958872835815));
#10162=CARTESIAN_POINT('',(0.0686860953145144,-0.0290363898049913,-0.00276351070081075));
#10163=CARTESIAN_POINT('',(0.0686860953145144,-0.0290471419212659,-0.00276680618107086));
#10164=CARTESIAN_POINT('',(0.0686860953145144,-0.0290471419212659,-0.00276680618107086));
#10165=CARTESIAN_POINT('',(0.0686860953145144,-0.0290471419212658,-0.00276680618107093));
#10166=CARTESIAN_POINT('',(0.0686860953145144,-0.029070276892439,-0.00277389695640034));
#10167=CARTESIAN_POINT('',(0.0686890288218982,-0.0290937032369891,-0.00277769818800201));
#10168=CARTESIAN_POINT('',(0.0686953127192443,-0.0291171550611566,-0.00277769818800279));
#10169=CARTESIAN_POINT('',(0.0686953122360735,-0.0291171532579378,-0.00277769818800279));
#10170=CARTESIAN_POINT('',(0.0608961109601746,-1.01378378271968E-5,-0.00277769818800279));
#10171=CARTESIAN_POINT('',(0.0687746318836507,-0.0294131782127338,-0.0027776981880024));
#10172=CARTESIAN_POINT('',(0.068774631883651,-0.0294131782127337,-0.00277769818800208));
#10173=CARTESIAN_POINT('',(0.0688104389532276,-0.0295468120156636,-0.00277769818800205));
#10174=CARTESIAN_POINT('',(0.0689253476977493,-0.0296050341622952,-0.00266410113259064));
#10175=CARTESIAN_POINT('',(0.0690123479789498,-0.0296126457006238,-0.00255871772559432));
#10176=CARTESIAN_POINT('',(0.0559141321437043,-0.00134505503840937,0.00159639265494168));
#10177=CARTESIAN_POINT('',(0.0647916873637758,-0.0344765421667153,0.00159639265494167));
#10178=CARTESIAN_POINT('',(0.0694429542158221,-0.0312196900546875,0.00575150303547768));
#10179=CARTESIAN_POINT('',(0.0702291837475579,-0.030669166209803,0.00420917657652814));
#10180=CARTESIAN_POINT('',(0.0702291837475579,-0.030669166209803,0.00420917657652813));
#10181=CARTESIAN_POINT('',(0.0704496288322954,-0.0308968882731002,0.00384153652229583));
#10182=CARTESIAN_POINT('',(0.0708299637816072,-0.0312771727777491,0.00301623839798191));
#10183=CARTESIAN_POINT('',(0.0710510546891891,-0.0314980619910881,0.00156910948532752));
#10184=CARTESIAN_POINT('',(0.0708191128760534,-0.0312865992379236,0.000113955870949889));
#10185=CARTESIAN_POINT('',(0.0704301653710773,-0.0309114915887887,-0.000712614941748059));
#10186=CARTESIAN_POINT('',(0.0702049747766186,-0.030686117513747,-0.00108172691325982));
#10187=CARTESIAN_POINT('',(0.0694429542158221,-0.0312196900546875,-0.00255871772559432));
#10188=CARTESIAN_POINT('',(0.0693839477598645,-0.031261006819952,-0.00264563994687592));
#10189=CARTESIAN_POINT('',(0.0693276023776194,-0.0313322256800727,-0.00273338181703566));
#10190=CARTESIAN_POINT('',(0.0693276023776194,-0.0314412788741881,-0.00276680618107093));
#10191=CARTESIAN_POINT('',(0.0693276023776194,-0.0314412788741881,-0.00276680618107093));
#10192=CARTESIAN_POINT('',(0.0693276023776194,-0.0314412788741881,-0.00276680618107093));
#10193=CARTESIAN_POINT('',(0.0693276023776194,-0.0314644138453612,-0.00277389695640034));
#10194=CARTESIAN_POINT('',(0.0693305358850033,-0.0314878401899113,-0.00277769818800201));
#10195=CARTESIAN_POINT('',(0.0693368197823494,-0.031511292014079,-0.00277769818800279));
#10196=CARTESIAN_POINT('',(0.0693368188816822,-0.0315112886527422,-0.00277769818800279));
#10197=CARTESIAN_POINT('',(0.0608961109601746,-1.01378378271968E-5,-0.00277769818800279));
#10198=CARTESIAN_POINT('',(0.0694161389467557,-0.031807315165656,-0.00277769818800243));
#10199=CARTESIAN_POINT('',(0.069416138946756,-0.031807315165656,-0.00277769818800205));
#10200=CARTESIAN_POINT('',(0.0694519460163325,-0.0319409489685858,-0.00277769818800207));
#10201=CARTESIAN_POINT('',(0.0695668547608542,-0.0319991711152175,-0.00266410113259058));
#10202=CARTESIAN_POINT('',(0.0696538550420547,-0.0320067826535461,-0.00255871772559432));
#10203=CARTESIAN_POINT('',(0.0696538550420547,-0.0320067826535461,-0.00255871772559432));
#10204=CARTESIAN_POINT('',(0.0639973137323883,-0.0315118994141841,0.00159639265494167));
#10205=CARTESIAN_POINT('',(0.0696538550420547,-0.0320067826535461,0.00575150303547768));
#10206=CARTESIAN_POINT('',(0.0696538550420548,-0.0320067826535461,0.00575150303547768));
#10207=CARTESIAN_POINT('',(0.0695668329538423,-0.0319991692073512,0.00585691285729917));
#10208=CARTESIAN_POINT('',(0.0694520007074447,-0.031941153078595,0.00597048349788543));
#10209=CARTESIAN_POINT('',(0.069416138946756,-0.031807315165656,0.0059704834978854));
#10210=CARTESIAN_POINT('',(0.0694161389467557,-0.031807315165656,0.00597048349788579));
#10211=CARTESIAN_POINT('',(0.0608961109601746,-1.01378378271968E-5,0.00597048349788615));
#10212=CARTESIAN_POINT('',(0.0693368197823498,-0.0315112920140789,0.00597048349788561));
#10213=CARTESIAN_POINT('',(0.06933681978235,-0.0315112920140788,0.00597048349788536));
#10214=CARTESIAN_POINT('',(0.0693305394673474,-0.0314878535594016,0.00597048349788536));
#10215=CARTESIAN_POINT('',(0.0693276023776194,-0.0314643855915407,0.00596667360660177));
#10216=CARTESIAN_POINT('',(0.0693276023776194,-0.0314412788741881,0.00595959149095422));
#10217=CARTESIAN_POINT('',(0.0693276023776194,-0.0314412788741881,0.00595959149095422));
#10218=CARTESIAN_POINT('',(0.0693276023776194,-0.0314412788741881,0.00595959149095429));
#10219=CARTESIAN_POINT('',(0.0693276023776194,-0.0313322195814085,0.00592616525770304));
#10220=CARTESIAN_POINT('',(0.0693839271784552,-0.03126102123121,0.00583845557516752));
#10221=CARTESIAN_POINT('',(0.0694429542158221,-0.0312196900546875,0.00575150303547768));
#10222=CARTESIAN_POINT('',(0.0559141321437043,-0.00134505503840937,0.00159639265494168));
#10223=CARTESIAN_POINT('',(0.0702953621051598,-0.0344009196064683,0.00575150303547768));
#10224=CARTESIAN_POINT('',(0.0702083400169473,-0.0343933061602734,0.00585691285729918));
#10225=CARTESIAN_POINT('',(0.0700935077705497,-0.0343352900315173,0.00597048349788542));
#10226=CARTESIAN_POINT('',(0.070057646009861,-0.0342014521185782,0.0059704834978854));
#10227=CARTESIAN_POINT('',(0.0702953621051598,-0.0344009196064683,0.00575150303547768));
#10228=CARTESIAN_POINT('',(0.0700576460098607,-0.0342014521185783,0.00597048349788579));
#10229=CARTESIAN_POINT('',(0.0608961109601746,-1.01378378271968E-5,0.00597048349788615));
#10230=CARTESIAN_POINT('',(0.0699783268454548,-0.0339054289670011,0.00597048349788561));
#10231=CARTESIAN_POINT('',(0.069978326845455,-0.0339054289670011,0.00597048349788536));
#10232=CARTESIAN_POINT('',(0.0699720465304523,-0.0338819905123238,0.00597048349788536));
#10233=CARTESIAN_POINT('',(0.0699691094407244,-0.033858522544463,0.00596667360660177));
#10234=CARTESIAN_POINT('',(0.0699691094407244,-0.0338354158271103,0.00595959149095422));
#10235=CARTESIAN_POINT('',(0.0699691094407244,-0.0338354158271103,0.00595959149095422));
#10236=CARTESIAN_POINT('',(0.0699691094407244,-0.0338354158271103,0.00595959149095429));
#10237=CARTESIAN_POINT('',(0.0699691094407244,-0.0337263565343308,0.00592616525770306));
#10238=CARTESIAN_POINT('',(0.0700254342415602,-0.0336551581841322,0.00583845557516748));
#10239=CARTESIAN_POINT('',(0.0700844612789271,-0.0336138270076097,0.00575150303547764));
#10240=CARTESIAN_POINT('',(0.0700844612789271,-0.0336138270076098,0.00575150303547768));
#10241=CARTESIAN_POINT('',(0.0654331944268808,-0.0368706791196376,0.00159639265494167));
#10242=CARTESIAN_POINT('',(0.0700844612789271,-0.0336138270076098,-0.00255871772559432));
#10243=CARTESIAN_POINT('',(0.0700844612789271,-0.0336138270076097,-0.00255871772559432));
#10244=CARTESIAN_POINT('',(0.0700254548229696,-0.0336551437728742,-0.00264563994687592));
#10245=CARTESIAN_POINT('',(0.0699691094407244,-0.033726362632995,-0.00273338181703566));
#10246=CARTESIAN_POINT('',(0.0699691094407244,-0.0338354158271104,-0.00276680618107093));
#10247=CARTESIAN_POINT('',(0.0699691094407244,-0.0338354158271103,-0.00276680618107093));
#10248=CARTESIAN_POINT('',(0.0699691094407244,-0.0338354158271103,-0.00276680618107093));
#10249=CARTESIAN_POINT('',(0.0699691094407244,-0.0338585507982835,-0.00277389695640034));
#10250=CARTESIAN_POINT('',(0.0699720429481083,-0.0338819771428336,-0.00277769818800201));
#10251=CARTESIAN_POINT('',(0.0699783268454543,-0.0339054289670012,-0.00277769818800279));
#10252=CARTESIAN_POINT('',(0.0699783263373929,-0.0339054270708894,-0.00277769818800279));
#10253=CARTESIAN_POINT('',(0.0608961109601746,-1.01378378271968E-5,-0.00277769818800279));
#10254=CARTESIAN_POINT('',(0.0700576460098607,-0.0342014521185783,-0.00277769818800247));
#10255=CARTESIAN_POINT('',(0.070057646009861,-0.0342014521185783,-0.00277769818800205));
#10256=CARTESIAN_POINT('',(0.0700934530794376,-0.0343350859215081,-0.00277769818800204));
#10257=CARTESIAN_POINT('',(0.0702083618239593,-0.0343933080681397,-0.00266410113259059));
#10258=CARTESIAN_POINT('',(0.0702953621051598,-0.0344009196064683,-0.00255871772559432));
#10259=CARTESIAN_POINT('',(0.0702953621051598,-0.0344009196064683,-0.00255871772559432));
#10260=CARTESIAN_POINT('',(0.0646388207954933,-0.0339060363671063,0.00159639265494167));
#10261=CARTESIAN_POINT('',(0.0559141321437043,-0.00134505503840937,0.00159639265494168));
#10262=CARTESIAN_POINT('',(0.0709368691682648,-0.0367950565593906,0.00575150303547768));
#10263=CARTESIAN_POINT('',(0.0708498470800523,-0.0367874431131956,0.00585691285729917));
#10264=CARTESIAN_POINT('',(0.0707350148336547,-0.0367294269844395,0.0059704834978854));
#10265=CARTESIAN_POINT('',(0.070699153072966,-0.0365955890715005,0.0059704834978854));
#10266=CARTESIAN_POINT('',(0.0709368691682648,-0.0367950565593906,0.00575150303547768));
#10267=CARTESIAN_POINT('',(0.0706991530729657,-0.0365955890715006,0.00597048349788579));
#10268=CARTESIAN_POINT('',(0.0608961109601746,-1.01378378271968E-5,0.00597048349788615));
#10269=CARTESIAN_POINT('',(0.0706198339085598,-0.0362995659199233,0.00597048349788561));
#10270=CARTESIAN_POINT('',(0.07061983390856,-0.0362995659199233,0.00597048349788536));
#10271=CARTESIAN_POINT('',(0.0706135535935573,-0.0362761274652461,0.00597048349788536));
#10272=CARTESIAN_POINT('',(0.0706106165038294,-0.0362526594973853,0.00596667360660177));
#10273=CARTESIAN_POINT('',(0.0706106165038294,-0.0362295527800326,0.00595959149095422));
#10274=CARTESIAN_POINT('',(0.0706106165038294,-0.0362295527800326,0.00595959149095422));
#10275=CARTESIAN_POINT('',(0.0706106165038294,-0.0362295527800326,0.00595959149095429));
#10276=CARTESIAN_POINT('',(0.0706106165038294,-0.0361204934872531,0.00592616525770304));
#10277=CARTESIAN_POINT('',(0.0706669413046652,-0.0360492951370545,0.00583845557516749));
#10278=CARTESIAN_POINT('',(0.0707259683420322,-0.036007963960532,0.00575150303547764));
#10279=CARTESIAN_POINT('',(0.0707259683420321,-0.036007963960532,0.00575150303547764));
#10280=CARTESIAN_POINT('',(0.0660747014899858,-0.0392648160725599,0.00159639265494167));
#10281=CARTESIAN_POINT('',(0.0707259683420321,-0.036007963960532,-0.00255871772559432));
#10282=CARTESIAN_POINT('',(0.0707259683420321,-0.036007963960532,-0.00255871772559432));
#10283=CARTESIAN_POINT('',(0.0706669618860745,-0.0360492807257965,-0.00264563994687592));
#10284=CARTESIAN_POINT('',(0.0706106165038294,-0.0361204995859173,-0.00273338181703566));
#10285=CARTESIAN_POINT('',(0.0706106165038294,-0.0362295527800327,-0.00276680618107093));
#10286=CARTESIAN_POINT('',(0.0706106165038294,-0.0362295527800326,-0.00276680618107093));
#10287=CARTESIAN_POINT('',(0.0706106165038294,-0.0362295527800326,-0.00276680618107093));
#10288=CARTESIAN_POINT('',(0.0706106165038294,-0.0362526877512058,-0.00277389695640034));
#10289=CARTESIAN_POINT('',(0.0706135500112133,-0.0362761140957558,-0.00277769818800201));
#10290=CARTESIAN_POINT('',(0.0706198339085593,-0.0362995659199235,-0.00277769818800279));
#10291=CARTESIAN_POINT('',(0.0706198333926899,-0.0362995639946714,-0.00277769818800296));
#10292=CARTESIAN_POINT('',(0.0608961109601746,-1.01378378271968E-5,-0.00277769818800279));
#10293=CARTESIAN_POINT('',(0.0706991530729657,-0.0365955890715006,-0.00277769818800243));
#10294=CARTESIAN_POINT('',(0.070699153072966,-0.0365955890715005,-0.00277769818800205));
#10295=CARTESIAN_POINT('',(0.0707349601425426,-0.0367292228744304,-0.00277769818800204));
#10296=CARTESIAN_POINT('',(0.0708498688870643,-0.036787445021062,-0.0026641011325906));
#10297=CARTESIAN_POINT('',(0.0709368691682648,-0.0367950565593906,-0.00255871772559432));
#10298=CARTESIAN_POINT('',(0.0709368691682648,-0.0367950565593906,-0.00255871772559432));
#10299=CARTESIAN_POINT('',(0.0652803278585983,-0.0363001733200287,0.00159639265494167));
#10300=CARTESIAN_POINT('',(0.0559141321437043,-0.00134505503840937,0.00159639265494168));
#10301=CARTESIAN_POINT('',(0.0715783762313698,-0.0391891935123129,0.00575150303547764));
#10302=CARTESIAN_POINT('',(0.0714913541431573,-0.039181580066118,0.00585691285729914));
#10303=CARTESIAN_POINT('',(0.0713765218967597,-0.0391235639373618,0.00597048349788542));
#10304=CARTESIAN_POINT('',(0.071340660136071,-0.0389897260244228,0.0059704834978854));
#10305=CARTESIAN_POINT('',(0.0715783762313698,-0.0391891935123129,0.00575150303547768));
#10306=CARTESIAN_POINT('',(0.0713406601360707,-0.0389897260244229,0.00597048349788579));
#10307=CARTESIAN_POINT('',(0.0608961109601746,-1.01378378271968E-5,0.00597048349788615));
#10308=CARTESIAN_POINT('',(0.0712613409716648,-0.0386937028728457,0.00597048349788561));
#10309=CARTESIAN_POINT('',(0.071261340971665,-0.0386937028728456,0.00597048349788536));
#10310=CARTESIAN_POINT('',(0.0712550606566624,-0.0386702644181684,0.00597048349788536));
#10311=CARTESIAN_POINT('',(0.0712521235669344,-0.0386467964503076,0.00596667360660177));
#10312=CARTESIAN_POINT('',(0.0712521235669344,-0.0386236897329549,0.00595959149095422));
#10313=CARTESIAN_POINT('',(0.0712521235669344,-0.0386236897329549,0.00595959149095422));
#10314=CARTESIAN_POINT('',(0.0712521235669344,-0.0386236897329549,0.00595959149095429));
#10315=CARTESIAN_POINT('',(0.0712521235669344,-0.0385146304401753,0.00592616525770305));
#10316=CARTESIAN_POINT('',(0.0713084483677703,-0.0384434320899767,0.0058384555751675));
#10317=CARTESIAN_POINT('',(0.0713674754051372,-0.0384021009134543,0.00575150303547764));
#10318=CARTESIAN_POINT('',(0.0713674754051372,-0.0384021009134543,0.00575150303547764));
#10319=CARTESIAN_POINT('',(0.0667162085530908,-0.0416589530254822,0.00159639265494167));
#10320=CARTESIAN_POINT('',(0.0713674754051372,-0.0384021009134543,-0.00255871772559429));
#10321=CARTESIAN_POINT('',(0.0713674754051372,-0.0384021009134543,-0.00255871772559433));
#10322=CARTESIAN_POINT('',(0.0713084689491796,-0.0384434176787187,-0.00264563994687595));
#10323=CARTESIAN_POINT('',(0.0712521235669344,-0.0385146365388395,-0.00273338181703566));
#10324=CARTESIAN_POINT('',(0.0712521235669344,-0.0386236897329549,-0.00276680618107094));
#10325=CARTESIAN_POINT('',(0.0712521235669344,-0.0386236897329549,-0.00276680618107094));
#10326=CARTESIAN_POINT('',(0.0712521235669344,-0.0386236897329549,-0.00276680618107094));
#10327=CARTESIAN_POINT('',(0.0712521235669344,-0.0386468247041281,-0.00277389695640035));
#10328=CARTESIAN_POINT('',(0.0712550570743183,-0.0386702510486781,-0.00277769818800202));
#10329=CARTESIAN_POINT('',(0.0712613409716644,-0.0386937028728458,-0.0027776981880028));
#10330=CARTESIAN_POINT('',(0.0712613401242909,-0.0386936997104036,-0.0027776981880028));
#10331=CARTESIAN_POINT('',(0.0608961109601746,-1.01378378271968E-5,-0.00277769818800279));
#10332=CARTESIAN_POINT('',(0.0713406601360707,-0.0389897260244229,-0.00277769818800248));
#10333=CARTESIAN_POINT('',(0.071340660136071,-0.0389897260244228,-0.00277769818800206));
#10334=CARTESIAN_POINT('',(0.0713764672056475,-0.0391233598273526,-0.00277769818800208));
#10335=CARTESIAN_POINT('',(0.0714913759501693,-0.0391815819739843,-0.00266410113259062));
#10336=CARTESIAN_POINT('',(0.0715783762313698,-0.0391891935123129,-0.00255871772559433));
#10337=CARTESIAN_POINT('',(0.0715783762313698,-0.0391891935123129,-0.00255871772559437));
#10338=CARTESIAN_POINT('',(0.0659218349217033,-0.0386943102729508,0.00159639265494167));
#10339=CARTESIAN_POINT('',(0.0559141321437043,-0.00134505503840937,0.00159639265494168));
#10340=CARTESIAN_POINT('',(0.0722198832944749,-0.0415833304652352,0.00575150303547764));
#10341=CARTESIAN_POINT('',(0.0721328612062624,-0.0415757170190402,0.00585691285729917));
#10342=CARTESIAN_POINT('',(0.0720180289598648,-0.0415177008902841,0.00597048349788539));
#10343=CARTESIAN_POINT('',(0.0719821671991761,-0.041383862977345,0.0059704834978854));
#10344=CARTESIAN_POINT('',(0.0722198832944749,-0.0415833304652352,0.00575150303547764));
#10345=CARTESIAN_POINT('',(0.0719821671991757,-0.0413838629773451,0.00597048349788579));
#10346=CARTESIAN_POINT('',(0.0608961109601746,-1.01378378271968E-5,0.00597048349788615));
#10347=CARTESIAN_POINT('',(0.0719028480347698,-0.0410878398257679,0.00597048349788561));
#10348=CARTESIAN_POINT('',(0.07190284803477,-0.0410878398257679,0.00597048349788536));
#10349=CARTESIAN_POINT('',(0.0718965677197674,-0.0410644013710906,0.00597048349788536));
#10350=CARTESIAN_POINT('',(0.0718936306300395,-0.0410409334032297,0.00596667360660177));
#10351=CARTESIAN_POINT('',(0.0718936306300395,-0.0410178266858772,0.00595959149095422));
#10352=CARTESIAN_POINT('',(0.0718936306300395,-0.0410178266858772,0.00595959149095422));
#10353=CARTESIAN_POINT('',(0.0718936306300395,-0.0410178266858772,0.00595959149095426));
#10354=CARTESIAN_POINT('',(0.0718936306300395,-0.0409087673930976,0.00592616525770303));
#10355=CARTESIAN_POINT('',(0.0719499554308753,-0.040837569042899,0.00583845557516749));
#10356=CARTESIAN_POINT('',(0.0720089824682422,-0.0407962378663765,0.00575150303547764));
#10357=CARTESIAN_POINT('',(0.0720089824682422,-0.0407962378663766,0.00575150303547764));
#10358=CARTESIAN_POINT('',(0.0673577156161958,-0.0440530899784045,0.00159639265494167));
#10359=CARTESIAN_POINT('',(0.0720089824682422,-0.0407962378663766,-0.00255871772559429));
#10360=CARTESIAN_POINT('',(0.0720089824682422,-0.0407962378663765,-0.00255871772559433));
#10361=CARTESIAN_POINT('',(0.0719499760122846,-0.040837554631641,-0.00264563994687594));
#10362=CARTESIAN_POINT('',(0.0718936306300395,-0.0409087734917618,-0.00273338181703567));
#10363=CARTESIAN_POINT('',(0.0718936306300395,-0.0410178266858772,-0.00276680618107094));
#10364=CARTESIAN_POINT('',(0.0718936306300395,-0.0410178266858772,-0.00276680618107094));
#10365=CARTESIAN_POINT('',(0.0718936306300395,-0.0410178266858772,-0.00276680618107094));
#10366=CARTESIAN_POINT('',(0.0718936306300395,-0.0410409616570504,-0.00277389695640035));
#10367=CARTESIAN_POINT('',(0.0718965641374234,-0.0410643880016004,-0.00277769818800202));
#10368=CARTESIAN_POINT('',(0.0719028480347694,-0.041087839825768,-0.0027776981880028));
#10369=CARTESIAN_POINT('',(0.0719028475129705,-0.0410878378783871,-0.0027776981880028));
#10370=CARTESIAN_POINT('',(0.0608961109601746,-1.01378378271968E-5,-0.00277769818800279));
#10371=CARTESIAN_POINT('',(0.0719821671991757,-0.0413838629773451,-0.00277769818800244));
#10372=CARTESIAN_POINT('',(0.0719821671991761,-0.041383862977345,-0.00277769818800206));
#10373=CARTESIAN_POINT('',(0.0720179742687526,-0.0415174967802749,-0.00277769818800204));
#10374=CARTESIAN_POINT('',(0.0721328830132744,-0.0415757189269066,-0.00266410113259063));
#10375=CARTESIAN_POINT('',(0.0722198832944749,-0.0415833304652352,-0.00255871772559433));
#10376=CARTESIAN_POINT('',(0.0722198832944749,-0.0415833304652352,-0.00255871772559433));
#10377=CARTESIAN_POINT('',(0.0665633419848083,-0.0410884472258732,0.00159639265494167));
#10378=CARTESIAN_POINT('',(0.0559141321437043,-0.00134505503840937,0.00159639265494168));
#10379=CARTESIAN_POINT('',(0.0608961109601746,-1.01378378271968E-5,0.00597048349788615));
#10380=CARTESIAN_POINT('',(0.0726236742622809,-0.0437779999302674,0.00597048349788579));
#10381=CARTESIAN_POINT('',(0.0725443545846686,-0.0434819748633791,0.00597048349788614));
#10382=CARTESIAN_POINT('',(0.0725443550978744,-0.0434819767786903,0.00597048349788614));
#10383=CARTESIAN_POINT('',(0.0725380747828724,-0.0434585383240129,0.00597048349788536));
#10384=CARTESIAN_POINT('',(0.0725351376931445,-0.0434350703561521,0.0059666736066017));
#10385=CARTESIAN_POINT('',(0.0725351376931445,-0.0434119636387994,0.00595959149095422));
#10386=CARTESIAN_POINT('',(0.0725351376931445,-0.0434119636387994,0.00595959149095422));
#10387=CARTESIAN_POINT('',(0.0725351376931445,-0.0434119636387994,0.00595959149095426));
#10388=CARTESIAN_POINT('',(0.0725351376931445,-0.0433029043460199,0.00592616525770303));
#10389=CARTESIAN_POINT('',(0.0725914624939803,-0.0432317059958213,0.00583845557516748));
#10390=CARTESIAN_POINT('',(0.0726504895313472,-0.0431903748192988,0.00575150303547764));
#10391=CARTESIAN_POINT('',(0.0726504895313472,-0.0431903748192988,0.00575150303547768));
#10392=CARTESIAN_POINT('',(0.0679992226793008,-0.0464472269313267,0.00159639265494167));
#10393=CARTESIAN_POINT('',(0.0726504895313472,-0.0431903748192989,-0.00255871772559433));
#10394=CARTESIAN_POINT('',(0.0726504895313472,-0.0431903748192988,-0.00255871772559437));
#10395=CARTESIAN_POINT('',(0.0725914830753897,-0.0432316915845633,-0.00264563994687595));
#10396=CARTESIAN_POINT('',(0.0725351376931445,-0.043302910444684,-0.00273338181703566));
#10397=CARTESIAN_POINT('',(0.0725351376931445,-0.0434119636387994,-0.00276680618107094));
#10398=CARTESIAN_POINT('',(0.0725351376931445,-0.0434119636387994,-0.00276680618107094));
#10399=CARTESIAN_POINT('',(0.0725351376931445,-0.0434119636387994,-0.00276680618107094));
#10400=CARTESIAN_POINT('',(0.0725351376931445,-0.0434350986099726,-0.00277389695640035));
#10401=CARTESIAN_POINT('',(0.0725380712005283,-0.0434585249545227,-0.00277769818800202));
#10402=CARTESIAN_POINT('',(0.0725443550978744,-0.0434819767786903,-0.0027776981880028));
#10403=CARTESIAN_POINT('',(0.0725443542571386,-0.0434819736410203,-0.0027776981880028));
#10404=CARTESIAN_POINT('',(0.0608961109601746,-1.01378378271968E-5,-0.00277769818800279));
#10405=CARTESIAN_POINT('',(0.0726236742622808,-0.0437779999302675,-0.00277769818800244));
#10406=CARTESIAN_POINT('',(0.0726236742622811,-0.0437779999302674,-0.00277769818800206));
#10407=CARTESIAN_POINT('',(0.0726594813318576,-0.0439116337331972,-0.00277769818800208));
#10408=CARTESIAN_POINT('',(0.0727743900763794,-0.0439698558798289,-0.00266410113259062));
#10409=CARTESIAN_POINT('',(0.0728613903575799,-0.0439774674181575,-0.00255871772559433));
#10410=CARTESIAN_POINT('',(0.0743733644821725,-0.0441097480136038,0.00149122698093975));
#10411=CARTESIAN_POINT('',(0.0743903985834867,-0.0441112383043622,0.00252436328297604));
#10412=CARTESIAN_POINT('',(0.0742321303610358,-0.0444204852558473,0.00352552436008343));
#10413=CARTESIAN_POINT('',(0.0739989703858418,-0.0449816505667443,0.00435478489936922));
#10414=CARTESIAN_POINT('',(0.0739989703858418,-0.0449816505667442,0.00435478489936924));
#10415=CARTESIAN_POINT('',(0.0739989703858418,-0.0688385902047328,0.00159639265494167));
#10416=CARTESIAN_POINT('',(0.0728613903575799,-0.0439774674181575,0.00575150303547764));
#10417=CARTESIAN_POINT('',(0.0727743682693674,-0.0439698539719625,0.00585691285729914));
#10418=CARTESIAN_POINT('',(0.0726595360229698,-0.0439118378432064,0.00597048349788542));
#10419=CARTESIAN_POINT('',(0.0726236742622811,-0.0437779999302674,0.0059704834978854));
#10420=CARTESIAN_POINT('',(0.0559141321437043,-0.00134505503840937,0.00159639265494168));
#10421=CARTESIAN_POINT('',(0.0582237501644432,-0.00996466683788364,0.00159639265494168));
#10422=CARTESIAN_POINT('',(0.0638802914741096,-0.0104595500772456,-0.00255871772559432));
#10423=CARTESIAN_POINT('',(0.0638802914741096,-0.0104595500772456,0.00575150303547768));
#10424=CARTESIAN_POINT('',(0.0638802914741096,-0.0104595500772456,0.00575150303547765));
#10425=CARTESIAN_POINT('',(0.0637932693858971,-0.0104519366310506,0.00585691285729911));
#10426=CARTESIAN_POINT('',(0.0636784371394996,-0.0103939205022945,0.00597048349788536));
#10427=CARTESIAN_POINT('',(0.0636425753788109,-0.0102600825893555,0.00597048349788537));
#10428=CARTESIAN_POINT('',(0.0636425753788107,-0.0102600825893555,0.00597048349788576));
#10429=CARTESIAN_POINT('',(0.0608961109601746,-1.01378378271968E-5,0.00597048349788615));
#10430=CARTESIAN_POINT('',(0.0635632562144046,-0.00996405943777835,0.00597048349788562));
#10431=CARTESIAN_POINT('',(0.0635632562144048,-0.00996405943777832,0.00597048349788537));
#10432=CARTESIAN_POINT('',(0.0635569758994022,-0.00994062098310109,0.00597048349788537));
#10433=CARTESIAN_POINT('',(0.0635540388096743,-0.00991715301524027,0.00596667360660178));
#10434=CARTESIAN_POINT('',(0.0635540388096743,-0.00989404629788768,0.00595959149095422));
#10435=CARTESIAN_POINT('',(0.0635540388096743,-0.00989404629788768,0.00595959149095422));
#10436=CARTESIAN_POINT('',(0.0635540388096743,-0.00989404629788768,0.00595959149095422));
#10437=CARTESIAN_POINT('',(0.0635540388096743,-0.00978498700510816,0.00592616525770299));
#10438=CARTESIAN_POINT('',(0.0636103636105101,-0.00971378865490958,0.00583845557516749));
#10439=CARTESIAN_POINT('',(0.063669390647877,-0.00967245747838707,0.00575150303547765));
#10440=CARTESIAN_POINT('',(0.063669390647877,-0.00967245747838707,0.00575150303547765));
#10441=CARTESIAN_POINT('',(0.0590181237958307,-0.0129293095904149,0.00159639265494168));
#10442=CARTESIAN_POINT('',(0.063669390647877,-0.00967245747838707,-0.00255871772559432));
#10443=CARTESIAN_POINT('',(0.063669390647877,-0.00967245747838707,-0.00255871772559432));
#10444=CARTESIAN_POINT('',(0.0636103841919194,-0.00971377424365158,-0.00264563994687591));
#10445=CARTESIAN_POINT('',(0.0635540388096743,-0.0097849931037723,-0.00273338181703562));
#10446=CARTESIAN_POINT('',(0.0635540388096743,-0.00989404629788768,-0.00276680618107089));
#10447=CARTESIAN_POINT('',(0.0635540388096743,-0.00989404629788768,-0.00276680618107089));
#10448=CARTESIAN_POINT('',(0.0635540388096743,-0.00989404629788768,-0.00276680618107093));
#10449=CARTESIAN_POINT('',(0.0635540388096743,-0.00991718126906072,-0.00277389695640034));
#10450=CARTESIAN_POINT('',(0.0635569723170581,-0.00994060761361095,-0.00277769818800201));
#10451=CARTESIAN_POINT('',(0.0635632562144048,-0.00996405943777832,-0.00277769818800201));
#10452=CARTESIAN_POINT('',(0.0635632562144046,-0.00996405943777835,-0.00277769818800225));
#10453=CARTESIAN_POINT('',(0.0608961109601746,-1.01378378271968E-5,-0.00277769818800279));
#10454=CARTESIAN_POINT('',(0.0636425753788106,-0.0102600825893556,-0.00277769818800243));
#10455=CARTESIAN_POINT('',(0.0636425753788109,-0.0102600825893555,-0.00277769818800201));
#10456=CARTESIAN_POINT('',(0.0636783824483875,-0.0103937163922853,-0.00277769818800201));
#10457=CARTESIAN_POINT('',(0.0637932911929091,-0.010451938538917,-0.00266410113259056));
#10458=CARTESIAN_POINT('',(0.0638802914741096,-0.0104595500772456,-0.00255871772559432));
#10459=CARTESIAN_POINT('',(0.0724953313695498,-0.043299017733804,-0.00588771734505649));
#10460=CARTESIAN_POINT('',(0.0721626508147156,-0.039240310914742,-0.00515859146161435));
#10461=CARTESIAN_POINT('',(0.0723456015117201,-0.039256317026714,-0.00498601734505648));
#10462=CARTESIAN_POINT('',(0.0715783762313698,-0.0391891935123129,-0.00570972721402749));
#10463=CARTESIAN_POINT('',(0.0716019527313405,-0.0389197128845321,-0.00561720734505648));
#10464=CARTESIAN_POINT('',(0.071340660136071,-0.0389897260244228,-0.00588771734505649));
#10465=CARTESIAN_POINT('',(0.07190284803477,-0.0410878398257679,-0.00588771734505649));
#10466=CARTESIAN_POINT('',(0.07190284803477,-0.0410878398257679,-0.00588771734505649));
#10467=CARTESIAN_POINT('',(0.0721641406300395,-0.0410178266858772,-0.00561720734505648));
#10468=CARTESIAN_POINT('',(0.0720089824682421,-0.0407962378663766,-0.00570972721402749));
#10469=CARTESIAN_POINT('',(0.071485045486116,-0.0411631024908082,-0.00631076302818837));
#10470=CARTESIAN_POINT('',(0.0726398572942506,-0.0403544945575387,-0.00498601734505648));
#10471=CARTESIAN_POINT('',(0.0722116354536359,-0.0387563488914539,-0.00498601734505648));
#10472=CARTESIAN_POINT('',(0.0724953313695498,-0.043299017733804,-0.00588771734505649));
#10473=CARTESIAN_POINT('',(0.0719696264333561,-0.0368854111122602,-0.00473554577848252));
#10474=CARTESIAN_POINT('',(0.0717040944486151,-0.0368621800737918,-0.00498601734505647));
#10475=CARTESIAN_POINT('',(0.0709368691682648,-0.0367950565593906,-0.00570972721402752));
#10476=CARTESIAN_POINT('',(0.0709604456682355,-0.0365255759316098,-0.00561720734505647));
#10477=CARTESIAN_POINT('',(0.070699153072966,-0.0365955890715005,-0.00588771734505648));
#10478=CARTESIAN_POINT('',(0.071261340971665,-0.0386937028728456,-0.00588771734505649));
#10479=CARTESIAN_POINT('',(0.071261340971665,-0.0386937028728456,-0.00588771734505649));
#10480=CARTESIAN_POINT('',(0.0715226335669344,-0.0386236897329549,-0.00561720734505648));
#10481=CARTESIAN_POINT('',(0.0713674754051371,-0.0384021009134543,-0.00570972721402749));
#10482=CARTESIAN_POINT('',(0.0704747596026821,-0.0390271872478122,-0.00673380871132032));
#10483=CARTESIAN_POINT('',(0.0719983502311456,-0.0379603576046164,-0.00498601734505647));
#10484=CARTESIAN_POINT('',(0.0715701283905308,-0.0363622119385315,-0.00498601734505647));
#10485=CARTESIAN_POINT('',(0.0724953313695498,-0.043299017733804,-0.00588771734505649));
#10486=CARTESIAN_POINT('',(0.072355675196075,-0.0415952107172238,-0.00558163714474625));
#10487=CARTESIAN_POINT('',(0.0729871085748252,-0.0416504539796364,-0.00498601734505648));
#10488=CARTESIAN_POINT('',(0.0722198832944749,-0.0415833304652352,-0.00570972721402753));
#10489=CARTESIAN_POINT('',(0.0722434597944455,-0.0413138498374544,-0.00561720734505648));
#10490=CARTESIAN_POINT('',(0.0719821671991761,-0.041383862977345,-0.00588771734505652));
#10491=CARTESIAN_POINT('',(0.0725443550978751,-0.0434819767786902,-0.00588771734505649));
#10492=CARTESIAN_POINT('',(0.0725443550978751,-0.0434819767786902,-0.00588771734505649));
#10493=CARTESIAN_POINT('',(0.0728056476931445,-0.0434119636387994,-0.00561720734505648));
#10494=CARTESIAN_POINT('',(0.0726504895313472,-0.0431903748192988,-0.00570972721402753));
#10495=CARTESIAN_POINT('',(0.0724953313695498,-0.043299017733804,-0.00588771734505649));
#10496=CARTESIAN_POINT('',(0.0732813643573556,-0.042748631510461,-0.00498601734505648));
#10497=CARTESIAN_POINT('',(0.0728531425167409,-0.0411504858443761,-0.00498601734505648));
#10498=CARTESIAN_POINT('',(0.0738042086129291,-0.0446999128367066,-0.00633856734505649));
#10499=CARTESIAN_POINT('',(0.063669390647877,-0.00967245747838706,-0.00687643992806718));
#10500=CARTESIAN_POINT('',(0.0635609355738898,-0.00974839853875,-0.00670903961748521));
#10501=CARTESIAN_POINT('',(0.0635370819638528,-0.00986637580486887,-0.00652320508483851));
#10502=CARTESIAN_POINT('',(0.0635632562144046,-0.00996405943777842,-0.00633856734505648));
#10503=CARTESIAN_POINT('',(0.0635632562144046,-0.00996405943777838,-0.00633856734505648));
#10504=CARTESIAN_POINT('',(0.063669390647877,-0.00967245747838706,-0.00687643992806718));
#10505=CARTESIAN_POINT('',(0.064300265473885,-0.00923071416954943,-0.00633856734505648));
#10506=CARTESIAN_POINT('',(0.064300265473885,-0.00923071416954943,-0.00724026734505647));
#10507=CARTESIAN_POINT('',(0.0738042086129291,-0.0446999128367066,-0.00724026734505648));
#10508=CARTESIAN_POINT('',(0.0734049331434736,-0.0432097964984828,-0.00724026734505648));
#10509=CARTESIAN_POINT('',(0.0734049331434736,-0.0432097964984828,-0.00633856734505649));
#10510=CARTESIAN_POINT('',(0.0728209793301453,-0.0439708199245837,-0.00682220588253071));
#10511=CARTESIAN_POINT('',(0.0728209793301451,-0.0439708199245826,-0.00682220588253082));
#10512=CARTESIAN_POINT('',(0.0727128272434409,-0.0439444899695225,-0.00666854647376416));
#10513=CARTESIAN_POINT('',(0.072646950177929,-0.043864866830058,-0.00650275971941334));
#10514=CARTESIAN_POINT('',(0.0726236742622811,-0.0437779999302674,-0.00633856734505649));
#10515=CARTESIAN_POINT('',(0.0726236742622811,-0.0437779999302674,-0.00633856734505649));
#10516=CARTESIAN_POINT('',(0.0635632562144043,-0.00996405943777846,-0.00633856734505648));
#10517=CARTESIAN_POINT('',(0.0750985082831839,-0.0432097964984828,-0.00633856734505649));
#10518=CARTESIAN_POINT('',(0.0750985082831839,-0.0432097964984828,-0.00633856734505649));
#10519=CARTESIAN_POINT('',(0.0750985082831839,-0.0432097964984828,-0.00724026734505648));
#10520=CARTESIAN_POINT('',(0.0750985082831839,-0.0432097964984828,-0.00633856734505649));
#10521=CARTESIAN_POINT('',(0.0750985082831839,-0.0441114964984828,-0.00633856734505649));
#10522=CARTESIAN_POINT('',(0.0750985082831839,-0.00894519649848279,-0.00633856734505648));
#10523=CARTESIAN_POINT('',(0.0750985082831839,-0.00894519649848279,-0.00724026734505647));
#10524=CARTESIAN_POINT('',(0.0760002082831838,-0.0441114964984828,-0.00633856734505649));
#10525=CARTESIAN_POINT('',(0.0750985082831839,-0.0441114964984828,-0.00724026734505648));
#10526=CARTESIAN_POINT('',(0.0309152082831838,-0.0432097964984828,-0.00633856734505649));
#10527=CARTESIAN_POINT('',(0.0309152082831838,-0.0432097964984828,-0.00724026734505648));
#10528=CARTESIAN_POINT('',(0.0728613903575799,-0.0439774674181574,-0.00681158346432289));
#10529=CARTESIAN_POINT('',(0.072847251746833,-0.0439762304499991,-0.00681359097409913));
#10530=CARTESIAN_POINT('',(0.0728338397304697,-0.0439739508282307,-0.00681727928790495));
#10531=CARTESIAN_POINT('',(0.0728209793301455,-0.0439708199245847,-0.00682220588253056));
#10532=CARTESIAN_POINT('',(0.0750985082831839,-0.00894519649848279,-0.00633856734505648));
#10533=CARTESIAN_POINT('',(0.0750985082831839,-0.00894519649848279,-0.00633856734505648));
#10534=CARTESIAN_POINT('',(0.0309152082831838,-0.00894519649848279,-0.00633856734505648));
#10535=CARTESIAN_POINT('',(0.0647080269667085,-0.00894519649848279,-0.00633856734505648));
#10536=CARTESIAN_POINT('',(0.0647080269667085,-0.00894519649848279,-0.00724026734505647));
#10537=CARTESIAN_POINT('',(0.06492909186413,-0.00879040519087468,-0.00722688178324207));
#10538=CARTESIAN_POINT('',(0.064970568069999,-0.00894519649848279,-0.00633856734505648));
#10539=CARTESIAN_POINT('',(0.0309152082831838,-0.00894519649848279,-0.00724026734505647));
#10540=CARTESIAN_POINT('',(0.0728849668575506,-0.0437079867903767,-0.00498601734505648));
#10541=CARTESIAN_POINT('',(0.0739101907476002,-0.0423083225317865,-0.00498601734505648));
#10542=CARTESIAN_POINT('',(0.0739101907476003,-0.0423083225317865,-0.00498601734505648));
#10543=CARTESIAN_POINT('',(0.0743933497557894,-0.0441114964984828,-0.00498601734505648));
#10544=CARTESIAN_POINT('',(0.0737518426926843,-0.0417173595455606,-0.00498601734505648));
#10545=CARTESIAN_POINT('',(0.0720311909275013,-0.0415668220222312,-0.00498601734505648));
#10546=CARTESIAN_POINT('',(0.0728849668575506,-0.0437079867903767,-0.00498601734505648));
#10547=CARTESIAN_POINT('',(0.0732686836844952,-0.0399141855788642,-0.00498601734505648));
#10548=CARTESIAN_POINT('',(0.0732686836844952,-0.0399141855788642,-0.00498601734505648));
#10549=CARTESIAN_POINT('',(0.0743933497557894,-0.0441114964984828,-0.00498601734505648));
#10550=CARTESIAN_POINT('',(0.0731103356295793,-0.0393232225926382,-0.00498601734505648));
#10551=CARTESIAN_POINT('',(0.0713896838643962,-0.0391726850693088,-0.00498601734505648));
#10552=CARTESIAN_POINT('',(0.0728849668575506,-0.0437079867903767,-0.00498601734505648));
#10553=CARTESIAN_POINT('',(0.0726271766213902,-0.0375200486259419,-0.00498601734505647));
#10554=CARTESIAN_POINT('',(0.0726271766213902,-0.0375200486259419,-0.00498601734505647));
#10555=CARTESIAN_POINT('',(0.0743933497557894,-0.0441114964984828,-0.00498601734505648));
#10556=CARTESIAN_POINT('',(0.0724688285664743,-0.036929085639716,-0.00498601734505647));
#10557=CARTESIAN_POINT('',(0.0707481768012912,-0.0367785481163866,-0.00498601734505647));
#10558=CARTESIAN_POINT('',(0.0728849668575506,-0.0437079867903767,-0.00498601734505648));
#10559=CARTESIAN_POINT('',(0.0719856695582852,-0.0351259116730196,-0.00498601734505647));
#10560=CARTESIAN_POINT('',(0.0707259683420321,-0.036007963960532,-0.00498601734505647));
#10561=CARTESIAN_POINT('',(0.0719856695582852,-0.0351259116730196,-0.00498601734505647));
#10562=CARTESIAN_POINT('',(0.0743933497557894,-0.0441114964984828,-0.00498601734505648));
#10563=CARTESIAN_POINT('',(0.0718273215033693,-0.0345349486867937,-0.00498601734505647));
#10564=CARTESIAN_POINT('',(0.0701066697381862,-0.0343844111634643,-0.00498601734505647));
#10565=CARTESIAN_POINT('',(0.0702953621051598,-0.0344009196064683,-0.00498601734505647));
#10566=CARTESIAN_POINT('',(0.0703189386051305,-0.0341314389786875,-0.00498601734505647));
#10567=CARTESIAN_POINT('',(0.0726236742622811,-0.0437779999302674,-0.00498601734505648));
#10568=CARTESIAN_POINT('',(0.07061983390856,-0.0362995659199233,-0.00498601734505647));
#10569=CARTESIAN_POINT('',(0.0708811265038294,-0.0362295527800326,-0.00498601734505647));
#10570=CARTESIAN_POINT('',(0.0728849668575506,-0.0437079867903767,-0.00498601734505648));
#10571=CARTESIAN_POINT('',(0.0713441624951801,-0.0327317747200974,-0.00498601734505647));
#10572=CARTESIAN_POINT('',(0.0700844612789271,-0.0336138270076098,-0.00498601734505647));
#10573=CARTESIAN_POINT('',(0.0713441624951801,-0.0327317747200974,-0.00498601734505647));
#10574=CARTESIAN_POINT('',(0.0743933497557894,-0.0441114964984828,-0.00498601734505648));
#10575=CARTESIAN_POINT('',(0.0711858144402643,-0.0321408117338714,-0.00498601734505647));
#10576=CARTESIAN_POINT('',(0.0694651626750812,-0.031990274210542,-0.00498601734505647));
#10577=CARTESIAN_POINT('',(0.0696538550420548,-0.0320067826535461,-0.00498601734505647));
#10578=CARTESIAN_POINT('',(0.0696774315420255,-0.0317373020257653,-0.00498601734505647));
#10579=CARTESIAN_POINT('',(0.0702396194407244,-0.0338354158271103,-0.00498601734505647));
#10580=CARTESIAN_POINT('',(0.0728849668575506,-0.0437079867903767,-0.00498601734505648));
#10581=CARTESIAN_POINT('',(0.0688236556119762,-0.0295961372576197,-0.00498601734505647));
#10582=CARTESIAN_POINT('',(0.0690123479789498,-0.0296126457006238,-0.00498601734505647));
#10583=CARTESIAN_POINT('',(0.0690359244789204,-0.029343165072843,-0.00498601734505647));
#10584=CARTESIAN_POINT('',(0.0695981123776194,-0.0314412788741881,-0.00498601734505647));
#10585=CARTESIAN_POINT('',(0.0728849668575506,-0.0437079867903767,-0.00498601734505648));
#10586=CARTESIAN_POINT('',(0.0681821485488711,-0.0272020003046975,-0.00498601734505647));
#10587=CARTESIAN_POINT('',(0.0683708409158448,-0.0272185087477016,-0.00498601734505647));
#10588=CARTESIAN_POINT('',(0.0683944174158154,-0.0269490281199208,-0.00498601734505647));
#10589=CARTESIAN_POINT('',(0.0689566053145144,-0.0290471419212658,-0.00498601734505647));
#10590=CARTESIAN_POINT('',(0.0728849668575506,-0.0437079867903767,-0.00498601734505648));
#10591=CARTESIAN_POINT('',(0.0675406414857661,-0.0248078633517752,-0.00498601734505647));
#10592=CARTESIAN_POINT('',(0.0677293338527397,-0.0248243717947793,-0.00498601734505647));
#10593=CARTESIAN_POINT('',(0.0677529103527104,-0.0245548911669984,-0.00498601734505647));
#10594=CARTESIAN_POINT('',(0.0683150982514094,-0.0266530049683435,-0.00498601734505647));
#10595=CARTESIAN_POINT('',(0.0728849668575506,-0.0437079867903767,-0.00498601734505648));
#10596=CARTESIAN_POINT('',(0.0668991344226611,-0.0224137263988529,-0.00498601734505647));
#10597=CARTESIAN_POINT('',(0.0670878267896347,-0.022430234841857,-0.00498601734505647));
#10598=CARTESIAN_POINT('',(0.0671114032896054,-0.0221607542140762,-0.00498601734505647));
#10599=CARTESIAN_POINT('',(0.0676735911883044,-0.0242588680154213,-0.00498601734505647));
#10600=CARTESIAN_POINT('',(0.0728849668575506,-0.0437079867903767,-0.00498601734505648));
#10601=CARTESIAN_POINT('',(0.0662576273595561,-0.0200195894459306,-0.00498601734505647));
#10602=CARTESIAN_POINT('',(0.0664463197265297,-0.0200360978889347,-0.00498601734505647));
#10603=CARTESIAN_POINT('',(0.0664698962265004,-0.0197666172611539,-0.00498601734505647));
#10604=CARTESIAN_POINT('',(0.0670320841251994,-0.021864731062499,-0.00498601734505647));
#10605=CARTESIAN_POINT('',(0.0728849668575506,-0.0437079867903767,-0.00498601734505648));
#10606=CARTESIAN_POINT('',(0.0656161202964511,-0.0176254524930084,-0.00498601734505647));
#10607=CARTESIAN_POINT('',(0.0658048126634247,-0.0176419609360124,-0.00498601734505647));
#10608=CARTESIAN_POINT('',(0.0658283891633954,-0.0173724803082317,-0.00498601734505647));
#10609=CARTESIAN_POINT('',(0.0663905770620943,-0.0194705941095767,-0.00498601734505647));
#10610=CARTESIAN_POINT('',(0.0728849668575506,-0.0437079867903767,-0.00498601734505648));
#10611=CARTESIAN_POINT('',(0.0649746132333461,-0.0152313155400861,-0.00498601734505647));
#10612=CARTESIAN_POINT('',(0.0651633056003197,-0.0152478239830902,-0.00498601734505647));
#10613=CARTESIAN_POINT('',(0.0651868821002904,-0.0149783433553094,-0.00498601734505647));
#10614=CARTESIAN_POINT('',(0.0657490699989893,-0.0170764571566544,-0.00498601734505647));
#10615=CARTESIAN_POINT('',(0.0728849668575506,-0.0437079867903767,-0.00498601734505648));
#10616=CARTESIAN_POINT('',(0.064333106170241,-0.0128371785871638,-0.00498601734505647));
#10617=CARTESIAN_POINT('',(0.0645217985372147,-0.0128536870301679,-0.00498601734505647));
#10618=CARTESIAN_POINT('',(0.0645453750371854,-0.0125842064023871,-0.00498601734505647));
#10619=CARTESIAN_POINT('',(0.0651075629358843,-0.0146823202037322,-0.00498601734505647));
#10620=CARTESIAN_POINT('',(0.0728849668575506,-0.0437079867903767,-0.00498601734505648));
#10621=CARTESIAN_POINT('',(0.065570598927235,-0.0111845421437969,-0.00498601734505647));
#10622=CARTESIAN_POINT('',(0.064310897710982,-0.0120665944313093,-0.00498601734505647));
#10623=CARTESIAN_POINT('',(0.065570598927235,-0.0111845421437969,-0.00498601734505647));
#10624=CARTESIAN_POINT('',(0.0743933497557894,-0.0441114964984828,-0.00498601734505648));
#10625=CARTESIAN_POINT('',(0.0654122508723191,-0.010593579157571,-0.00498601734505647));
#10626=CARTESIAN_POINT('',(0.063691599107136,-0.0104430416342416,-0.00498601734505647));
#10627=CARTESIAN_POINT('',(0.0638802914741097,-0.0104595500772457,-0.00498601734505647));
#10628=CARTESIAN_POINT('',(0.0639038679740804,-0.0101900694494648,-0.00498601734505647));
#10629=CARTESIAN_POINT('',(0.0644660558727793,-0.0122881832508099,-0.00498601734505647));
#10630=CARTESIAN_POINT('',(0.0590691588007505,-0.00974749649848279,0.0232939114468406));
#10631=CARTESIAN_POINT('',(0.0590691588007505,-0.00974749649848279,0.0135890026549435));
#10632=CARTESIAN_POINT('',(0.0590691588007505,-0.00974749649848279,0.0135890026549435));
#10633=CARTESIAN_POINT('',(0.0635971750724169,-0.00974749649848279,0.0135890026549435));
#10634=CARTESIAN_POINT('',(0.0590691588007505,-0.00974749649848279,0.0232939114468406));
#10635=CARTESIAN_POINT('',(0.0590691588007505,-0.00974749649848279,0.0113347526549435));
#10636=CARTESIAN_POINT('',(0.0590691588007505,-0.00974749649848279,0.0113347526549435));
#10637=CARTESIAN_POINT('',(0.0635971750724169,-0.00974749649848279,0.0113347526549435));
#10638=CARTESIAN_POINT('',(0.0635971750724169,-0.00974749649848279,0.0135890026549435));
#10639=CARTESIAN_POINT('',(0.0590691588007505,-0.0177185244984828,0.0135890026549435));
#10640=CARTESIAN_POINT('',(0.0724701495313472,-0.0443580336294956,0.0135890026549435));
#10641=CARTESIAN_POINT('',(0.0724701495313472,-0.0452106761568354,0.0135890026549435));
#10642=CARTESIAN_POINT('',(0.0699989703858418,-0.0483560336294956,0.0135890026549435));
#10643=CARTESIAN_POINT('',(0.0578889189122257,-0.0443580336294956,0.0135890026549435));
#10644=CARTESIAN_POINT('',(0.0578889189122257,-0.0441114964984828,0.0135890026549435));
#10645=CARTESIAN_POINT('',(0.0513697369934771,-0.0197815783539282,0.0135890026549435));
#10646=CARTESIAN_POINT('',(0.0513697369934771,-0.0197815783539282,0.0135890026549435));
#10647=CARTESIAN_POINT('',(0.0590691588007505,-0.0177185244984828,0.0135890026549435));
#10648=CARTESIAN_POINT('',(0.0638245488096743,-0.00989404629788768,0.0135890026549435));
#10649=CARTESIAN_POINT('',(0.0635632562144049,-0.00996405943777835,0.0135890026549435));
#10650=CARTESIAN_POINT('',(0.0635142324860797,-0.00978110039289224,0.0135890026549435));
#10651=CARTESIAN_POINT('',(0.0636425753788109,-0.0102600825893555,0.0135890026549435));
#10652=CARTESIAN_POINT('',(0.0639038679740804,-0.0101900694494648,0.0135890026549435));
#10653=CARTESIAN_POINT('',(0.0638802914741097,-0.0104595500772457,0.0135890026549435));
#10654=CARTESIAN_POINT('',(0.063691599107136,-0.0104430416342416,0.0135890026549435));
#10655=CARTESIAN_POINT('',(0.0654122508723191,-0.010593579157571,0.0135890026549435));
#10656=CARTESIAN_POINT('',(0.0667685806080238,-0.0156554706430374,0.0135890026549435));
#10657=CARTESIAN_POINT('',(0.065570598927235,-0.0111845421437969,0.0135890026549435));
#10658=CARTESIAN_POINT('',(0.0655705989272351,-0.0111845421437969,0.0135890026549435));
#10659=CARTESIAN_POINT('',(0.064310897710982,-0.0120665944313093,0.0135890026549435));
#10660=CARTESIAN_POINT('',(0.0644660558727793,-0.0122881832508099,0.0135890026549435));
#10661=CARTESIAN_POINT('',(0.0642047632775099,-0.0123581963907006,0.0135890026549435));
#10662=CARTESIAN_POINT('',(0.0641557395491847,-0.0121752373458145,0.0135890026549435));
#10663=CARTESIAN_POINT('',(0.0642840824419159,-0.0126542195422778,0.0135890026549435));
#10664=CARTESIAN_POINT('',(0.0645453750371854,-0.0125842064023871,0.0135890026549435));
#10665=CARTESIAN_POINT('',(0.0667685806080238,-0.0156554706430374,0.0135890026549435));
#10666=CARTESIAN_POINT('',(0.06621210599034,-0.0135786790967193,0.0135890026549435));
#10667=CARTESIAN_POINT('',(0.06621210599034,-0.0135786790967193,0.0135890026549435));
#10668=CARTESIAN_POINT('',(0.064952404774087,-0.0144607313842316,0.0135890026549435));
#10669=CARTESIAN_POINT('',(0.0651075629358843,-0.0146823202037322,0.0135890026549435));
#10670=CARTESIAN_POINT('',(0.0648462703406149,-0.0147523333436229,0.0135890026549435));
#10671=CARTESIAN_POINT('',(0.0647972466122897,-0.0145693742987368,0.0135890026549435));
#10672=CARTESIAN_POINT('',(0.0649255895050209,-0.0150483564952,0.0135890026549435));
#10673=CARTESIAN_POINT('',(0.0651868821002904,-0.0149783433553094,0.0135890026549435));
#10674=CARTESIAN_POINT('',(0.0667685806080238,-0.0156554706430374,0.0135890026549435));
#10675=CARTESIAN_POINT('',(0.0668536130534451,-0.0159728160496415,0.0135890026549435));
#10676=CARTESIAN_POINT('',(0.0668536130534451,-0.0159728160496415,0.0135890026549435));
#10677=CARTESIAN_POINT('',(0.065593911837192,-0.0168548683371539,0.0135890026549435));
#10678=CARTESIAN_POINT('',(0.0657490699989893,-0.0170764571566544,0.0135890026549435));
#10679=CARTESIAN_POINT('',(0.0654877774037199,-0.0171464702965452,0.0135890026549435));
#10680=CARTESIAN_POINT('',(0.0654387536753947,-0.0169635112516591,0.0135890026549435));
#10681=CARTESIAN_POINT('',(0.0655670965681259,-0.0174424934481224,0.0135890026549435));
#10682=CARTESIAN_POINT('',(0.0658283891633954,-0.0173724803082317,0.0135890026549435));
#10683=CARTESIAN_POINT('',(0.0667685806080238,-0.0156554706430374,0.0135890026549435));
#10684=CARTESIAN_POINT('',(0.0674951201165501,-0.0183669530025638,0.0135890026549435));
#10685=CARTESIAN_POINT('',(0.0674951201165501,-0.0183669530025638,0.0135890026549435));
#10686=CARTESIAN_POINT('',(0.0662354189002971,-0.0192490052900761,0.0135890026549435));
#10687=CARTESIAN_POINT('',(0.0663905770620943,-0.0194705941095767,0.0135890026549435));
#10688=CARTESIAN_POINT('',(0.0661292844668249,-0.0195406072494675,0.0135890026549435));
#10689=CARTESIAN_POINT('',(0.0660802607384997,-0.0193576482045813,0.0135890026549435));
#10690=CARTESIAN_POINT('',(0.0662086036312309,-0.0198366304010446,0.0135890026549435));
#10691=CARTESIAN_POINT('',(0.0664698962265004,-0.0197666172611539,0.0135890026549435));
#10692=CARTESIAN_POINT('',(0.0667685806080238,-0.0156554706430374,0.0135890026549435));
#10693=CARTESIAN_POINT('',(0.0681366271796551,-0.020761089955486,0.0135890026549435));
#10694=CARTESIAN_POINT('',(0.0681366271796551,-0.020761089955486,0.0135890026549435));
#10695=CARTESIAN_POINT('',(0.0668769259634021,-0.0216431422429984,0.0135890026549435));
#10696=CARTESIAN_POINT('',(0.0670320841251994,-0.021864731062499,0.0135890026549435));
#10697=CARTESIAN_POINT('',(0.0667707915299299,-0.0219347442023897,0.0135890026549435));
#10698=CARTESIAN_POINT('',(0.0667217678016047,-0.0217517851575037,0.0135890026549435));
#10699=CARTESIAN_POINT('',(0.066850110694336,-0.0222307673539669,0.0135890026549435));
#10700=CARTESIAN_POINT('',(0.0671114032896054,-0.0221607542140762,0.0135890026549435));
#10701=CARTESIAN_POINT('',(0.0667685806080238,-0.0156554706430374,0.0135890026549435));
#10702=CARTESIAN_POINT('',(0.0687781342427601,-0.0231552269084083,0.0135890026549435));
#10703=CARTESIAN_POINT('',(0.0687781342427601,-0.0231552269084083,0.0135890026549435));
#10704=CARTESIAN_POINT('',(0.0675184330265071,-0.0240372791959206,0.0135890026549435));
#10705=CARTESIAN_POINT('',(0.0676735911883044,-0.0242588680154213,0.0135890026549435));
#10706=CARTESIAN_POINT('',(0.0674122985930349,-0.024328881155312,0.0135890026549435));
#10707=CARTESIAN_POINT('',(0.0673632748647097,-0.0241459221104259,0.0135890026549435));
#10708=CARTESIAN_POINT('',(0.067491617757441,-0.0246249043068891,0.0135890026549435));
#10709=CARTESIAN_POINT('',(0.0677529103527104,-0.0245548911669984,0.0135890026549435));
#10710=CARTESIAN_POINT('',(0.0667685806080238,-0.0156554706430374,0.0135890026549435));
#10711=CARTESIAN_POINT('',(0.0694196413058651,-0.0255493638613306,0.0135890026549435));
#10712=CARTESIAN_POINT('',(0.0694196413058651,-0.0255493638613306,0.0135890026549435));
#10713=CARTESIAN_POINT('',(0.0681599400896121,-0.026431416148843,0.0135890026549435));
#10714=CARTESIAN_POINT('',(0.0683150982514094,-0.0266530049683435,0.0135890026549435));
#10715=CARTESIAN_POINT('',(0.0680538056561399,-0.0267230181082342,0.0135890026549435));
#10716=CARTESIAN_POINT('',(0.0680047819278148,-0.0265400590633482,0.0135890026549435));
#10717=CARTESIAN_POINT('',(0.068133124820546,-0.0270190412598115,0.0135890026549435));
#10718=CARTESIAN_POINT('',(0.0683944174158154,-0.0269490281199208,0.0135890026549435));
#10719=CARTESIAN_POINT('',(0.0667685806080238,-0.0156554706430374,0.0135890026549435));
#10720=CARTESIAN_POINT('',(0.0700611483689701,-0.0279435008142528,0.0135890026549435));
#10721=CARTESIAN_POINT('',(0.0700611483689701,-0.0279435008142528,0.0135890026549435));
#10722=CARTESIAN_POINT('',(0.0688014471527171,-0.0288255531017652,0.0135890026549435));
#10723=CARTESIAN_POINT('',(0.0689566053145145,-0.0290471419212658,0.0135890026549435));
#10724=CARTESIAN_POINT('',(0.068695312719245,-0.0291171550611565,0.0135890026549435));
#10725=CARTESIAN_POINT('',(0.0686462889909198,-0.0289341960162704,0.0135890026549435));
#10726=CARTESIAN_POINT('',(0.068774631883651,-0.0294131782127337,0.0135890026549435));
#10727=CARTESIAN_POINT('',(0.0690359244789204,-0.029343165072843,0.0135890026549435));
#10728=CARTESIAN_POINT('',(0.0667685806080238,-0.0156554706430374,0.0135890026549435));
#10729=CARTESIAN_POINT('',(0.0707026554320751,-0.0303376377671751,0.0135890026549435));
#10730=CARTESIAN_POINT('',(0.0707026554320751,-0.0303376377671752,0.0135890026549435));
#10731=CARTESIAN_POINT('',(0.0694429542158221,-0.0312196900546875,0.0135890026549435));
#10732=CARTESIAN_POINT('',(0.0695981123776194,-0.0314412788741881,0.0135890026549435));
#10733=CARTESIAN_POINT('',(0.06933681978235,-0.0315112920140788,0.0135890026549435));
#10734=CARTESIAN_POINT('',(0.0692877960540248,-0.0313283329691927,0.0135890026549435));
#10735=CARTESIAN_POINT('',(0.069416138946756,-0.0318073151656559,0.0135890026549435));
#10736=CARTESIAN_POINT('',(0.0696774315420255,-0.0317373020257653,0.0135890026549435));
#10737=CARTESIAN_POINT('',(0.0696538550420548,-0.0320067826535461,0.0135890026549435));
#10738=CARTESIAN_POINT('',(0.0694651626750812,-0.031990274210542,0.0135890026549435));
#10739=CARTESIAN_POINT('',(0.0711858144402643,-0.0321408117338714,0.0135890026549435));
#10740=CARTESIAN_POINT('',(0.0667685806080238,-0.0156554706430374,0.0135890026549435));
#10741=CARTESIAN_POINT('',(0.0713441624951801,-0.0327317747200974,0.0135890026549435));
#10742=CARTESIAN_POINT('',(0.0713441624951801,-0.0327317747200974,0.0135890026549435));
#10743=CARTESIAN_POINT('',(0.0700844612789271,-0.0336138270076098,0.0135890026549435));
#10744=CARTESIAN_POINT('',(0.0702396194407244,-0.0338354158271103,0.0135890026549435));
#10745=CARTESIAN_POINT('',(0.069978326845455,-0.0339054289670011,0.0135890026549435));
#10746=CARTESIAN_POINT('',(0.0699293031171298,-0.033722469922115,0.0135890026549435));
#10747=CARTESIAN_POINT('',(0.070057646009861,-0.0342014521185783,0.0135890026549435));
#10748=CARTESIAN_POINT('',(0.0703189386051305,-0.0341314389786875,0.0135890026549435));
#10749=CARTESIAN_POINT('',(0.0702953621051598,-0.0344009196064683,0.0135890026549435));
#10750=CARTESIAN_POINT('',(0.0701066697381862,-0.0343844111634643,0.0135890026549435));
#10751=CARTESIAN_POINT('',(0.0718273215033693,-0.0345349486867937,0.0135890026549435));
#10752=CARTESIAN_POINT('',(0.0667685806080238,-0.0156554706430374,0.0135890026549435));
#10753=CARTESIAN_POINT('',(0.0719856695582852,-0.0351259116730196,0.0135890026549435));
#10754=CARTESIAN_POINT('',(0.0719856695582852,-0.0351259116730196,0.0135890026549435));
#10755=CARTESIAN_POINT('',(0.0707259683420321,-0.036007963960532,0.0135890026549435));
#10756=CARTESIAN_POINT('',(0.0708811265038294,-0.0362295527800326,0.0135890026549435));
#10757=CARTESIAN_POINT('',(0.07061983390856,-0.0362995659199233,0.0135890026549435));
#10758=CARTESIAN_POINT('',(0.0705708101802348,-0.0361166068750372,0.0135890026549435));
#10759=CARTESIAN_POINT('',(0.070699153072966,-0.0365955890715005,0.0135890026549435));
#10760=CARTESIAN_POINT('',(0.0709604456682355,-0.0365255759316098,0.0135890026549435));
#10761=CARTESIAN_POINT('',(0.0709368691682648,-0.0367950565593906,0.0135890026549435));
#10762=CARTESIAN_POINT('',(0.0707481768012912,-0.0367785481163866,0.0135890026549435));
#10763=CARTESIAN_POINT('',(0.0724688285664743,-0.036929085639716,0.0135890026549435));
#10764=CARTESIAN_POINT('',(0.0667685806080238,-0.0156554706430374,0.0135890026549435));
#10765=CARTESIAN_POINT('',(0.0726271766213902,-0.037520048625942,0.0135890026549435));
#10766=CARTESIAN_POINT('',(0.0726271766213902,-0.0375200486259419,0.0135890026549435));
#10767=CARTESIAN_POINT('',(0.0713674754051371,-0.0384021009134543,0.0135890026549435));
#10768=CARTESIAN_POINT('',(0.0715226335669344,-0.0386236897329549,0.0135890026549435));
#10769=CARTESIAN_POINT('',(0.071261340971665,-0.0386937028728456,0.0135890026549435));
#10770=CARTESIAN_POINT('',(0.0712123172433398,-0.0385107438279595,0.0135890026549435));
#10771=CARTESIAN_POINT('',(0.071340660136071,-0.0389897260244228,0.0135890026549435));
#10772=CARTESIAN_POINT('',(0.0716019527313405,-0.0389197128845321,0.0135890026549435));
#10773=CARTESIAN_POINT('',(0.0715783762313698,-0.0391891935123129,0.0135890026549435));
#10774=CARTESIAN_POINT('',(0.0713896838643962,-0.0391726850693088,0.0135890026549435));
#10775=CARTESIAN_POINT('',(0.0731103356295793,-0.0393232225926382,0.0135890026549435));
#10776=CARTESIAN_POINT('',(0.0667685806080238,-0.0156554706430374,0.0135890026549435));
#10777=CARTESIAN_POINT('',(0.0732686836844952,-0.0399141855788642,0.0135890026549435));
#10778=CARTESIAN_POINT('',(0.0732686836844952,-0.0399141855788642,0.0135890026549435));
#10779=CARTESIAN_POINT('',(0.0720089824682422,-0.0407962378663766,0.0135890026549435));
#10780=CARTESIAN_POINT('',(0.0721641406300395,-0.0410178266858772,0.0135890026549435));
#10781=CARTESIAN_POINT('',(0.07190284803477,-0.0410878398257679,0.0135890026549435));
#10782=CARTESIAN_POINT('',(0.0718538243064448,-0.0409048807808818,0.0135890026549435));
#10783=CARTESIAN_POINT('',(0.0719821671991761,-0.041383862977345,0.0135890026549435));
#10784=CARTESIAN_POINT('',(0.0722434597944455,-0.0413138498374544,0.0135890026549435));
#10785=CARTESIAN_POINT('',(0.0722198832944749,-0.0415833304652352,0.0135890026549435));
#10786=CARTESIAN_POINT('',(0.0720311909275013,-0.0415668220222312,0.0135890026549435));
#10787=CARTESIAN_POINT('',(0.0737518426926843,-0.0417173595455606,0.0135890026549435));
#10788=CARTESIAN_POINT('',(0.0667685806080238,-0.0156554706430374,0.0135890026549435));
#10789=CARTESIAN_POINT('',(0.0739101907476003,-0.0423083225317865,0.0135890026549435));
#10790=CARTESIAN_POINT('',(0.0739101907476002,-0.0423083225317865,0.0135890026549435));
#10791=CARTESIAN_POINT('',(0.0513697369934771,-0.0197815783539282,0.0135890026549435));
#10792=CARTESIAN_POINT('',(0.0513697369934771,-0.0197815783539282,0.0113347526549435));
#10793=CARTESIAN_POINT('',(0.0513697369934771,-0.0197815783539282,0.0113347526549435));
#10794=CARTESIAN_POINT('',(0.0513697369934771,-0.0197815783539282,0.0135890026549435));
#10795=CARTESIAN_POINT('',(0.0578889189122257,-0.0441114964984828,0.077615979419389));
#10796=CARTESIAN_POINT('',(0.0376779582831838,-0.0441114964984828,0.0113347526549435));
#10797=CARTESIAN_POINT('',(0.0300478223371537,-0.0332145330559887,0.0113347526549435));
#10798=CARTESIAN_POINT('',(0.063669390647877,-0.00967245747838703,0.0113347526549435));
#10799=CARTESIAN_POINT('',(0.0638245488096743,-0.00989404629788768,0.0113347526549435));
#10800=CARTESIAN_POINT('',(0.0590691588007505,-0.0177185244984828,0.0113347526549435));
#10801=CARTESIAN_POINT('',(0.0309152082831838,-0.00804349649848279,-0.00724026734505647));
#10802=CARTESIAN_POINT('',(0.042456365698269,-0.0245259774563334,-0.00724026734505647));
#10803=CARTESIAN_POINT('',(0.0760002082831838,-0.0080434964984828,0.077615979419389));
#10804=CARTESIAN_POINT('',(0.0760002082831838,-0.00804349649848279,0.018279008170457));
#10805=CARTESIAN_POINT('',(0.0760002082831838,-0.0324135033053835,0.018279008170457));
#10806=CARTESIAN_POINT('',(0.0760002082831838,0.00988850350151721,0.00649122698093976));
#10807=CARTESIAN_POINT('',(0.0760002082831838,-0.0490422059491301,0.00649122698093975));
#10808=CARTESIAN_POINT('',(0.0760002082831838,-0.0490422059491301,0.00649122698093975));
#10809=CARTESIAN_POINT('',(0.0760002082831838,-0.0476633419491112,0.00649122698093974));
#10810=CARTESIAN_POINT('',(0.0760002082831838,-0.0456636453949512,0.00561610668688557));
#10811=CARTESIAN_POINT('',(0.0760002082831838,-0.0440213612439134,0.00339046340902808));
#10812=CARTESIAN_POINT('',(0.0760002082831838,-0.0434764506466751,0.00211914060063348));
#10813=CARTESIAN_POINT('',(0.0760002082831838,-0.0432097964984828,0.00149122698093976));
#10814=CARTESIAN_POINT('',(0.0760002082831838,-0.00311278704783548,0.00649122698093975));
#10815=CARTESIAN_POINT('',(0.0760002082831838,-0.00449165104785441,0.00649122698093974));
#10816=CARTESIAN_POINT('',(0.0760002082831838,-0.00649134760201406,0.00561610668688544));
#10817=CARTESIAN_POINT('',(0.0760002082831838,-0.00813363175305277,0.00339046340902832));
#10818=CARTESIAN_POINT('',(0.0760002082831838,-0.00867854235028925,0.00211914060063295));
#10819=CARTESIAN_POINT('',(0.0760002082831838,-0.00894519649848279,0.00149122698093976));
#10820=CARTESIAN_POINT('',(0.0760002082831838,-0.00311278704783548,0.00649122698093975));
#10821=CARTESIAN_POINT('',(0.0760002082831838,0.00988850350151721,0.00649122698093976));
#10822=CARTESIAN_POINT('',(0.0760002082831838,0.00988850350151721,0.00649122698093976));
#10823=CARTESIAN_POINT('',(0.0760002082831838,0.00988850350151721,0.0131851175756984));
#10824=CARTESIAN_POINT('',(0.0760002082831838,-0.0324135033053835,0.018279008170457));
#10825=CARTESIAN_POINT('',(0.0760002082831838,-0.0213760348024955,0.00495618735911181));
#10826=CARTESIAN_POINT('',(0.0760002082831838,-0.0222024810834873,0.00439317177794647));
#10827=CARTESIAN_POINT('',(0.0760002082831838,-0.0205495885215038,0.00439317177794647));
#10828=CARTESIAN_POINT('',(0.0760002082831838,-0.0163760348024956,0.00154994309306151));
#10829=CARTESIAN_POINT('',(0.0760002082831838,-0.0205495885215038,-0.00129328559182345));
#10830=CARTESIAN_POINT('',(0.0760002082831838,-0.0213760348024955,-0.00185630117298879));
#10831=CARTESIAN_POINT('',(0.0760002082831838,-0.0222024810834873,-0.00129328559182345));
#10832=CARTESIAN_POINT('',(0.0760002082831838,-0.0263760348024955,0.00154994309306152));
#10833=CARTESIAN_POINT('',(0.0743933497557894,-0.0441114964984828,-0.00724026734505648));
#10834=CARTESIAN_POINT('',(0.06492909186413,-0.00879040519087468,0.01620700000954));
#10835=CARTESIAN_POINT('',(0.0743933497557894,-0.0441114964984828,-0.00724026734505648));
#10836=CARTESIAN_POINT('',(0.0739101907476002,-0.0423083225317865,0.01620700000954));
#10837=CARTESIAN_POINT('',(0.0737518426926843,-0.0417173595455606,0.01620700000954));
#10838=CARTESIAN_POINT('',(0.0743933497557894,-0.0441114964984828,-0.00724026734505648));
#10839=CARTESIAN_POINT('',(0.0732686836844952,-0.0399141855788642,0.01620700000954));
#10840=CARTESIAN_POINT('',(0.0731103356295793,-0.0393232225926382,0.01620700000954));
#10841=CARTESIAN_POINT('',(0.0743933497557894,-0.0441114964984828,-0.00724026734505648));
#10842=CARTESIAN_POINT('',(0.0726271766213902,-0.0375200486259419,0.01620700000954));
#10843=CARTESIAN_POINT('',(0.0724688285664743,-0.036929085639716,0.01620700000954));
#10844=CARTESIAN_POINT('',(0.0743933497557894,-0.0441114964984828,-0.00724026734505648));
#10845=CARTESIAN_POINT('',(0.0719856695582852,-0.0351259116730196,0.01620700000954));
#10846=CARTESIAN_POINT('',(0.0718273215033693,-0.0345349486867937,0.01620700000954));
#10847=CARTESIAN_POINT('',(0.0743933497557894,-0.0441114964984828,-0.00724026734505648));
#10848=CARTESIAN_POINT('',(0.0713441624951801,-0.0327317747200974,0.01620700000954));
#10849=CARTESIAN_POINT('',(0.0711858144402643,-0.0321408117338714,0.01620700000954));
#10850=CARTESIAN_POINT('',(0.0743933497557894,-0.0441114964984828,-0.00724026734505648));
#10851=CARTESIAN_POINT('',(0.0696411471169566,-0.0263760348024955,0.00154994309306152));
#10852=CARTESIAN_POINT('',(0.0707026554320751,-0.0303376377671752,0.00468174799602747));
#10853=CARTESIAN_POINT('',(0.0707026554320751,-0.0303376377671752,0.01620700000954));
#10854=CARTESIAN_POINT('',(0.0743933497557894,-0.0441114964984828,-0.00724026734505648));
#10855=CARTESIAN_POINT('',(0.0696411471169566,-0.0263760348024955,0.00154994309306152));
#10856=CARTESIAN_POINT('',(0.0700611483689701,-0.0279435008142528,0.00635052121470328));
#10857=CARTESIAN_POINT('',(0.0700611483689701,-0.0279435008142528,0.01620700000954));
#10858=CARTESIAN_POINT('',(0.0743933497557894,-0.0441114964984828,-0.00724026734505648));
#10859=CARTESIAN_POINT('',(0.0696411471169566,-0.0263760348024955,0.00154994309306152));
#10860=CARTESIAN_POINT('',(0.0694196413058651,-0.0255493638613306,0.00653182177033112));
#10861=CARTESIAN_POINT('',(0.0694196413058651,-0.0255493638613306,0.01620700000954));
#10862=CARTESIAN_POINT('',(0.0743933497557894,-0.0441114964984828,-0.00724026734505648));
#10863=CARTESIAN_POINT('',(0.0696411471169566,-0.0263760348024955,0.00154994309306152));
#10864=CARTESIAN_POINT('',(0.0687781342427601,-0.0231552269084083,0.00543953131154758));
#10865=CARTESIAN_POINT('',(0.0687781342427601,-0.0231552269084083,0.01620700000954));
#10866=CARTESIAN_POINT('',(0.0743933497557894,-0.0441114964984828,-0.00724026734505648));
#10867=CARTESIAN_POINT('',(0.0669616551926454,-0.0163760348024956,0.00154994309306151));
#10868=CARTESIAN_POINT('',(0.0681366271796551,-0.020761089955486,0.00405469683449636));
#10869=CARTESIAN_POINT('',(0.0681366271796551,-0.020761089955486,0.01620700000954));
#10870=CARTESIAN_POINT('',(0.0743933497557894,-0.0441114964984828,-0.00724026734505648));
#10871=CARTESIAN_POINT('',(0.0669616551926454,-0.0163760348024956,0.00154994309306151));
#10872=CARTESIAN_POINT('',(0.0674951201165501,-0.0183669530025638,0.00619092841092638));
#10873=CARTESIAN_POINT('',(0.0674951201165501,-0.0183669530025638,0.01620700000954));
#10874=CARTESIAN_POINT('',(0.0743933497557894,-0.0441114964984828,-0.00724026734505648));
#10875=CARTESIAN_POINT('',(0.0669616551926454,-0.0163760348024956,0.00154994309306151));
#10876=CARTESIAN_POINT('',(0.0668536130534451,-0.0159728160496415,0.00658381979371149));
#10877=CARTESIAN_POINT('',(0.0668536130534451,-0.0159728160496415,0.01620700000954));
#10878=CARTESIAN_POINT('',(0.0743933497557894,-0.0441114964984828,-0.00724026734505648));
#10879=CARTESIAN_POINT('',(0.0669616551926454,-0.0163760348024956,0.00154994309306151));
#10880=CARTESIAN_POINT('',(0.06621210599034,-0.0135786790967193,0.00575438134987543));
#10881=CARTESIAN_POINT('',(0.06621210599034,-0.0135786790967193,0.01620700000954));
#10882=CARTESIAN_POINT('',(0.0743933497557894,-0.0441114964984828,-0.00724026734505648));
#10883=CARTESIAN_POINT('',(0.0655705989272351,-0.0111845421437969,0.01620700000954));
#10884=CARTESIAN_POINT('',(0.0654122508723191,-0.010593579157571,0.01620700000954));
#10885=CARTESIAN_POINT('',(0.06492909186413,-0.00879040519087468,0.01620700000954));
#10886=CARTESIAN_POINT('',(0.063669390647877,-0.00967245747838707,0.01620700000954));
#10887=CARTESIAN_POINT('',(0.063669390647877,-0.00967245747838707,0.01620700000954));
#10888=CARTESIAN_POINT('',(0.0728849668575506,-0.0437079867903767,0.01620700000954));
#10889=CARTESIAN_POINT('',(0.0726236742622811,-0.0437779999302674,0.01620700000954));
#10890=CARTESIAN_POINT('',(0.0724953313695498,-0.043299017733804,0.01620700000954));
#10891=CARTESIAN_POINT('',(0.0636425753788109,-0.0102600825893555,0.01620700000954));
#10892=CARTESIAN_POINT('',(0.0635632562144048,-0.00996405943777832,0.01620700000954));
#10893=CARTESIAN_POINT('',(0.0724953313695498,-0.043299017733804,0.01620700000954));
#10894=CARTESIAN_POINT('',(0.0642840824419159,-0.0126542195422778,0.01620700000954));
#10895=CARTESIAN_POINT('',(0.0642047632775099,-0.0123581963907007,0.01620700000954));
#10896=CARTESIAN_POINT('',(0.0724953313695498,-0.043299017733804,0.01620700000954));
#10897=CARTESIAN_POINT('',(0.0652813398352686,-0.0163760348024956,0.00154994309306151));
#10898=CARTESIAN_POINT('',(0.0649255895050209,-0.0150483564952,0.00642229060861673));
#10899=CARTESIAN_POINT('',(0.0648462703406149,-0.0147523333436229,0.00633179352698922));
#10900=CARTESIAN_POINT('',(0.0649255895050209,-0.0150483564952,0.01620700000954));
#10901=CARTESIAN_POINT('',(0.0648462703406149,-0.0147523333436229,0.01620700000954));
#10902=CARTESIAN_POINT('',(0.0724953313695498,-0.043299017733804,0.01620700000954));
#10903=CARTESIAN_POINT('',(0.0652813398352686,-0.0163760348024956,0.00154994309306151));
#10904=CARTESIAN_POINT('',(0.0655670965681259,-0.0174424934481224,0.00648605147489104));
#10905=CARTESIAN_POINT('',(0.0654877774037199,-0.0171464702965452,0.00654082769897143));
#10906=CARTESIAN_POINT('',(0.0655670965681259,-0.0174424934481224,0.01620700000954));
#10907=CARTESIAN_POINT('',(0.0654877774037199,-0.0171464702965451,0.01620700000954));
#10908=CARTESIAN_POINT('',(0.0724953313695498,-0.043299017733804,0.01620700000954));
#10909=CARTESIAN_POINT('',(0.0662086036312309,-0.0198366304010446,0.01620700000954));
#10910=CARTESIAN_POINT('',(0.0661292844668249,-0.0195406072494675,0.01620700000954));
#10911=CARTESIAN_POINT('',(0.0724953313695498,-0.043299017733804,0.01620700000954));
#10912=CARTESIAN_POINT('',(0.066850110694336,-0.0222307673539669,0.01620700000954));
#10913=CARTESIAN_POINT('',(0.0667707915299299,-0.0219347442023897,0.01620700000954));
#10914=CARTESIAN_POINT('',(0.0724953313695498,-0.043299017733804,0.01620700000954));
#10915=CARTESIAN_POINT('',(0.0679608317595799,-0.0263760348024955,0.00154994309306152));
#10916=CARTESIAN_POINT('',(0.067491617757441,-0.0246249043068891,0.00628661301900711));
#10917=CARTESIAN_POINT('',(0.0674122985930349,-0.024328881155312,0.00616639865385959));
#10918=CARTESIAN_POINT('',(0.067491617757441,-0.0246249043068891,0.01620700000954));
#10919=CARTESIAN_POINT('',(0.0674122985930349,-0.024328881155312,0.01620700000954));
#10920=CARTESIAN_POINT('',(0.0724953313695498,-0.043299017733804,0.01620700000954));
#10921=CARTESIAN_POINT('',(0.0679608317595799,-0.0263760348024955,0.00154994309306152));
#10922=CARTESIAN_POINT('',(0.068133124820546,-0.0270190412598114,0.00655883944813317));
#10923=CARTESIAN_POINT('',(0.0680538056561399,-0.0267230181082342,0.00658800845444168));
#10924=CARTESIAN_POINT('',(0.068133124820546,-0.0270190412598115,0.01620700000954));
#10925=CARTESIAN_POINT('',(0.0680538056561399,-0.0267230181082342,0.01620700000954));
#10926=CARTESIAN_POINT('',(0.0724953313695498,-0.043299017733804,0.01620700000954));
#10927=CARTESIAN_POINT('',(0.068774631883651,-0.0294131782127337,0.01620700000954));
#10928=CARTESIAN_POINT('',(0.068695312719245,-0.0291171550611565,0.01620700000954));
#10929=CARTESIAN_POINT('',(0.0724953313695498,-0.043299017733804,0.01620700000954));
#10930=CARTESIAN_POINT('',(0.069416138946756,-0.0318073151656559,0.01620700000954));
#10931=CARTESIAN_POINT('',(0.06933681978235,-0.0315112920140788,0.01620700000954));
#10932=CARTESIAN_POINT('',(0.0724953313695498,-0.043299017733804,0.01620700000954));
#10933=CARTESIAN_POINT('',(0.070057646009861,-0.0342014521185783,0.01620700000954));
#10934=CARTESIAN_POINT('',(0.069978326845455,-0.0339054289670011,0.01620700000954));
#10935=CARTESIAN_POINT('',(0.0724953313695498,-0.043299017733804,0.01620700000954));
#10936=CARTESIAN_POINT('',(0.070699153072966,-0.0365955890715005,0.01620700000954));
#10937=CARTESIAN_POINT('',(0.07061983390856,-0.0362995659199233,0.01620700000954));
#10938=CARTESIAN_POINT('',(0.0724953313695498,-0.043299017733804,0.01620700000954));
#10939=CARTESIAN_POINT('',(0.071340660136071,-0.0389897260244228,0.01620700000954));
#10940=CARTESIAN_POINT('',(0.071261340971665,-0.0386937028728456,0.01620700000954));
#10941=CARTESIAN_POINT('',(0.0724953313695498,-0.043299017733804,0.01620700000954));
#10942=CARTESIAN_POINT('',(0.071982167199176,-0.041383862977345,0.01620700000954));
#10943=CARTESIAN_POINT('',(0.07190284803477,-0.0410878398257679,0.01620700000954));
#10944=CARTESIAN_POINT('',(0.0639038679740804,-0.0101900694494648,0.01620700000954));
#10945=CARTESIAN_POINT('',(0.0636425753788109,-0.0102600825893555,0.01620700000954));
#10946=CARTESIAN_POINT('',(0.0638802914741096,-0.0104595500772456,0.01620700000954));
#10947=CARTESIAN_POINT('',(0.0639038679740804,-0.0101900694494648,0.01620700000954));
#10948=CARTESIAN_POINT('',(0.0638802914741096,-0.0104595500772456,0.01620700000954));
#10949=CARTESIAN_POINT('',(0.0645453750371854,-0.0125842064023871,0.01620700000954));
#10950=CARTESIAN_POINT('',(0.0642840824419159,-0.0126542195422778,0.01620700000954));
#10951=CARTESIAN_POINT('',(0.0645217985372146,-0.0128536870301679,0.01620700000954));
#10952=CARTESIAN_POINT('',(0.0645453750371854,-0.0125842064023871,0.01620700000954));
#10953=CARTESIAN_POINT('',(0.0651868821002904,-0.0149783433553094,0.01620700000954));
#10954=CARTESIAN_POINT('',(0.0649255895050209,-0.0150483564952,-0.00332240442249367));
#10955=CARTESIAN_POINT('',(0.0649537789155274,-0.0151535608074457,-0.0033510718118284));
#10956=CARTESIAN_POINT('',(0.0650510407354852,-0.0152380020801056,-0.00337016697282299));
#10957=CARTESIAN_POINT('',(0.0651633056003194,-0.0152478239830909,-0.00337241816419967));
#10958=CARTESIAN_POINT('',(0.0649255895050209,-0.0150483564952,-0.0033224044224937));
#10959=CARTESIAN_POINT('',(0.0651633056003197,-0.0152478239830902,-0.00337241816419873));
#10960=CARTESIAN_POINT('',(0.0649255895050209,-0.0150483564952,0.01620700000954));
#10961=CARTESIAN_POINT('',(0.0651633056003196,-0.0152478239830903,0.01620700000954));
#10962=CARTESIAN_POINT('',(0.0651868821002904,-0.0149783433553094,0.01620700000954));
#10963=CARTESIAN_POINT('',(0.0651633056003197,-0.0152478239830902,0.00647230435032174));
#10964=CARTESIAN_POINT('',(0.065051091334779,-0.0152380065069695,0.0064700541735875));
#10965=CARTESIAN_POINT('',(0.0649537698550206,-0.0151535269931755,0.00645094878381565));
#10966=CARTESIAN_POINT('',(0.0649255895050205,-0.0150483564952002,0.00642229060861703));
#10967=CARTESIAN_POINT('',(0.0658283891633954,-0.0173724803082317,0.01620700000954));
#10968=CARTESIAN_POINT('',(0.0655670965681259,-0.0174424934481224,-0.00338616528876805));
#10969=CARTESIAN_POINT('',(0.0655955770070866,-0.0175487838933456,-0.00336320097042504));
#10970=CARTESIAN_POINT('',(0.0656927807145927,-0.017632159410537,-0.0033413505477639));
#10971=CARTESIAN_POINT('',(0.0658048126634247,-0.0176419609360126,-0.00333881247706885));
#10972=CARTESIAN_POINT('',(0.0655670965681259,-0.0174424934481224,-0.00338616528876802));
#10973=CARTESIAN_POINT('',(0.0658048126634247,-0.0176419609360124,-0.00333881247706869));
#10974=CARTESIAN_POINT('',(0.0655670965681259,-0.0174424934481224,0.01620700000954));
#10975=CARTESIAN_POINT('',(0.0658048126634247,-0.0176419609360125,0.01620700000954));
#10976=CARTESIAN_POINT('',(0.0658283891633954,-0.0173724803082317,0.01620700000954));
#10977=CARTESIAN_POINT('',(0.0658048126634247,-0.0176419609360124,0.00643869866319171));
#10978=CARTESIAN_POINT('',(0.0656928308140745,-0.0176321637936736,0.00644123559888886));
#10979=CARTESIAN_POINT('',(0.0655955648153182,-0.0175487383930548,0.00646309698700087));
#10980=CARTESIAN_POINT('',(0.0655670965681237,-0.0174424934481236,0.00648605147489123));
#10981=CARTESIAN_POINT('',(0.0664698962265004,-0.0197666172611539,0.01620700000954));
#10982=CARTESIAN_POINT('',(0.0662086036312309,-0.0198366304010446,0.01620700000954));
#10983=CARTESIAN_POINT('',(0.0664463197265297,-0.0200360978889347,0.01620700000954));
#10984=CARTESIAN_POINT('',(0.0664698962265004,-0.0197666172611539,0.01620700000954));
#10985=CARTESIAN_POINT('',(0.0671114032896054,-0.0221607542140762,0.01620700000954));
#10986=CARTESIAN_POINT('',(0.066850110694336,-0.0222307673539669,0.01620700000954));
#10987=CARTESIAN_POINT('',(0.0670878267896347,-0.022430234841857,0.01620700000954));
#10988=CARTESIAN_POINT('',(0.0671114032896054,-0.0221607542140762,0.01620700000954));
#10989=CARTESIAN_POINT('',(0.0677529103527104,-0.0245548911669984,0.01620700000954));
#10990=CARTESIAN_POINT('',(0.067491617757441,-0.0246249043068891,-0.00318672683288408));
#10991=CARTESIAN_POINT('',(0.0675193949040577,-0.0247285700293518,-0.0032250516920766));
#10992=CARTESIAN_POINT('',(0.0676156763914238,-0.0248144280553894,-0.00325255558507123));
#10993=CARTESIAN_POINT('',(0.0677293338527395,-0.0248243717947798,-0.00325576621051602));
#10994=CARTESIAN_POINT('',(0.067491617757441,-0.0246249043068891,-0.0031867268328841));
#10995=CARTESIAN_POINT('',(0.0677293338527397,-0.0248243717947793,-0.00325576621051532));
#10996=CARTESIAN_POINT('',(0.067491617757441,-0.0246249043068891,0.01620700000954));
#10997=CARTESIAN_POINT('',(0.0677293338527397,-0.0248243717947793,0.01620700000954));
#10998=CARTESIAN_POINT('',(0.0677529103527104,-0.0245548911669984,0.01620700000954));
#10999=CARTESIAN_POINT('',(0.0677293338527398,-0.0248243717947793,0.00635565239663836));
#11000=CARTESIAN_POINT('',(0.0676157772458238,-0.0248144368790057,0.00635244462015484));
#11001=CARTESIAN_POINT('',(0.0675193780994569,-0.0247285073137278,0.00632491469245028));
#11002=CARTESIAN_POINT('',(0.067491617757441,-0.0246249043068891,0.00628661301900711));
#11003=CARTESIAN_POINT('',(0.0683944174158154,-0.0269490281199208,0.01620700000954));
#11004=CARTESIAN_POINT('',(0.068133124820546,-0.0270190412598115,-0.00345895326201013));
#11005=CARTESIAN_POINT('',(0.0681617939531125,-0.0271260359191585,-0.00344521804930428));
#11006=CARTESIAN_POINT('',(0.0682596316285195,-0.027208779195782,-0.00343093375240097));
#11007=CARTESIAN_POINT('',(0.0683708409158447,-0.0272185087477018,-0.00342928753542438));
#11008=CARTESIAN_POINT('',(0.068133124820546,-0.0270190412598114,-0.00345895326201012));
#11009=CARTESIAN_POINT('',(0.0683708409158448,-0.0272185087477016,-0.00342928753542407));
#11010=CARTESIAN_POINT('',(0.068133124820546,-0.0270190412598115,0.01620700000954));
#11011=CARTESIAN_POINT('',(0.0683708409158448,-0.0272185087477016,0.01620700000954));
#11012=CARTESIAN_POINT('',(0.0683944174158154,-0.0269490281199208,0.01620700000954));
#11013=CARTESIAN_POINT('',(0.0683708409158448,-0.0272185087477016,0.00652917372154711));
#11014=CARTESIAN_POINT('',(0.0682596506738125,-0.027208780862029,0.00653081965659863));
#11015=CARTESIAN_POINT('',(0.0681617885454262,-0.027126015737403,0.00654510682621765));
#11016=CARTESIAN_POINT('',(0.0681331248205448,-0.0270190412598121,0.00655883944813333));
#11017=CARTESIAN_POINT('',(0.0690359244789204,-0.029343165072843,0.01620700000954));
#11018=CARTESIAN_POINT('',(0.068774631883651,-0.0294131782127337,0.01620700000954));
#11019=CARTESIAN_POINT('',(0.0690123479789498,-0.0296126457006238,0.01620700000954));
#11020=CARTESIAN_POINT('',(0.0690359244789204,-0.029343165072843,0.01620700000954));
#11021=CARTESIAN_POINT('',(0.0696774315420255,-0.0317373020257653,0.01620700000954));
#11022=CARTESIAN_POINT('',(0.069416138946756,-0.0318073151656559,0.01620700000954));
#11023=CARTESIAN_POINT('',(0.0696538550420547,-0.0320067826535461,0.01620700000954));
#11024=CARTESIAN_POINT('',(0.0696774315420255,-0.0317373020257653,0.01620700000954));
#11025=CARTESIAN_POINT('',(0.0696538550420547,-0.0320067826535461,0.01620700000954));
#11026=CARTESIAN_POINT('',(0.0703189386051305,-0.0341314389786875,0.01620700000954));
#11027=CARTESIAN_POINT('',(0.070057646009861,-0.0342014521185783,0.01620700000954));
#11028=CARTESIAN_POINT('',(0.0702953621051598,-0.0344009196064683,0.01620700000954));
#11029=CARTESIAN_POINT('',(0.0703189386051305,-0.0341314389786875,0.01620700000954));
#11030=CARTESIAN_POINT('',(0.0702953621051598,-0.0344009196064683,0.01620700000954));
#11031=CARTESIAN_POINT('',(0.0709604456682355,-0.0365255759316098,0.01620700000954));
#11032=CARTESIAN_POINT('',(0.070699153072966,-0.0365955890715005,0.01620700000954));
#11033=CARTESIAN_POINT('',(0.0709368691682648,-0.0367950565593906,0.01620700000954));
#11034=CARTESIAN_POINT('',(0.0709604456682355,-0.0365255759316098,0.01620700000954));
#11035=CARTESIAN_POINT('',(0.0709368691682648,-0.0367950565593906,0.01620700000954));
#11036=CARTESIAN_POINT('',(0.0716019527313405,-0.0389197128845321,0.01620700000954));
#11037=CARTESIAN_POINT('',(0.071340660136071,-0.0389897260244228,0.01620700000954));
#11038=CARTESIAN_POINT('',(0.0715783762313698,-0.0391891935123129,0.01620700000954));
#11039=CARTESIAN_POINT('',(0.0716019527313405,-0.0389197128845321,0.01620700000954));
#11040=CARTESIAN_POINT('',(0.0715783762313698,-0.0391891935123129,0.01620700000954));
#11041=CARTESIAN_POINT('',(0.0722434597944455,-0.0413138498374544,0.01620700000954));
#11042=CARTESIAN_POINT('',(0.071982167199176,-0.041383862977345,0.01620700000954));
#11043=CARTESIAN_POINT('',(0.0722198832944749,-0.0415833304652352,0.01620700000954));
#11044=CARTESIAN_POINT('',(0.0722434597944455,-0.0413138498374544,0.01620700000954));
#11045=CARTESIAN_POINT('',(0.0722198832944749,-0.0415833304652352,0.01620700000954));
#11046=CARTESIAN_POINT('',(0.063691599107136,-0.0104430416342416,0.01620700000954));
#11047=CARTESIAN_POINT('',(0.0655705989272351,-0.0111845421437969,0.01620700000954));
#11048=CARTESIAN_POINT('',(0.064310897710982,-0.0120665944313093,0.01620700000954));
#11049=CARTESIAN_POINT('',(0.064310897710982,-0.0120665944313093,0.01620700000954));
#11050=CARTESIAN_POINT('',(0.064333106170241,-0.0128371785871638,0.01620700000954));
#11051=CARTESIAN_POINT('',(0.104782417803428,-0.0163760348024956,0.00154994309306151));
#11052=CARTESIAN_POINT('',(0.06621210599034,-0.0135786790967193,0.01620700000954));
#11053=CARTESIAN_POINT('',(0.062217068014987,-0.0163760348024956,0.00154994309306151));
#11054=CARTESIAN_POINT('',(0.064952404774087,-0.0144607313842316,0.00622264175828551));
#11055=CARTESIAN_POINT('',(0.064952404774087,-0.0144607313842316,0.01620700000954));
#11056=CARTESIAN_POINT('',(0.0649746132333461,-0.0152313155400861,0.01620700000954));
#11057=CARTESIAN_POINT('',(0.0780588142746626,-0.0163760348024956,0.00154994309306151));
#11058=CARTESIAN_POINT('',(0.0668536130534451,-0.0159728160496415,0.01620700000954));
#11059=CARTESIAN_POINT('',(0.0662777569952754,-0.0163760348024956,0.00154994309306151));
#11060=CARTESIAN_POINT('',(0.065593911837192,-0.0168548683371539,0.00657719069449181));
#11061=CARTESIAN_POINT('',(0.065593911837192,-0.0168548683371539,0.01620700000954));
#11062=CARTESIAN_POINT('',(0.0656161202964511,-0.0176254524930084,0.01620700000954));
#11063=CARTESIAN_POINT('',(0.0513352107458976,-0.0163760348024956,0.00154994309306151));
#11064=CARTESIAN_POINT('',(0.0674951201165501,-0.0183669530025638,0.01620700000954));
#11065=CARTESIAN_POINT('',(0.070338445975564,-0.0163760348024956,0.00154994309306151));
#11066=CARTESIAN_POINT('',(0.066235418900297,-0.0192490052900761,0.01620700000954));
#11067=CARTESIAN_POINT('',(0.0662576273595561,-0.0200195894459306,0.01620700000954));
#11068=CARTESIAN_POINT('',(0.0246116072171326,-0.0163760348024956,0.00154994309306151));
#11069=CARTESIAN_POINT('',(0.0681366271796551,-0.020761089955486,0.01620700000954));
#11070=CARTESIAN_POINT('',(0.0743991349558525,-0.0163760348024956,0.00154994309306151));
#11071=CARTESIAN_POINT('',(0.0679017048350891,-0.0209255843520451,0.00374176856425987));
#11072=CARTESIAN_POINT('',(0.0672583949221422,-0.0213760348024955,0.0039587809871508));
#11073=CARTESIAN_POINT('',(0.066876925963402,-0.0216431422429984,0.01620700000954));
#11074=CARTESIAN_POINT('',(0.0668991344226611,-0.0224137263988529,0.01620700000954));
#11075=CARTESIAN_POINT('',(0.112188526715959,-0.0263760348024955,0.00154994309306152));
#11076=CARTESIAN_POINT('',(0.0687781342427601,-0.0231552269084083,0.01620700000954));
#11077=CARTESIAN_POINT('',(0.0641783438687203,-0.0263760348024955,0.00154994309306152));
#11078=CARTESIAN_POINT('',(0.0675184330265071,-0.0240372791959206,0.00602573600747509));
#11079=CARTESIAN_POINT('',(0.0675184330265071,-0.0240372791959206,0.01620700000954));
#11080=CARTESIAN_POINT('',(0.0675406414857661,-0.0248078633517752,0.01620700000954));
#11081=CARTESIAN_POINT('',(0.0854649231871931,-0.0263760348024955,0.00154994309306152));
#11082=CARTESIAN_POINT('',(0.0694196413058651,-0.0255493638613306,0.01620700000954));
#11083=CARTESIAN_POINT('',(0.0682390328490089,-0.0263760348024955,0.00154994309306152));
#11084=CARTESIAN_POINT('',(0.0681599400896121,-0.026431416148843,0.0065996394113045));
#11085=CARTESIAN_POINT('',(0.0681599400896121,-0.026431416148843,0.01620700000954));
#11086=CARTESIAN_POINT('',(0.0681821485488712,-0.0272020003046975,0.01620700000954));
#11087=CARTESIAN_POINT('',(0.058741319658428,-0.0263760348024955,0.00154994309306152));
#11088=CARTESIAN_POINT('',(0.0700611483689701,-0.0279435008142528,0.01620700000954));
#11089=CARTESIAN_POINT('',(0.0722997218292973,-0.0263760348024955,0.00154994309306152));
#11090=CARTESIAN_POINT('',(0.0688014471527171,-0.0288255531017652,0.00596609074701772));
#11091=CARTESIAN_POINT('',(0.0688014471527171,-0.0288255531017652,0.01620700000954));
#11092=CARTESIAN_POINT('',(0.0688236556119762,-0.0295961372576197,0.01620700000954));
#11093=CARTESIAN_POINT('',(0.0320177161296628,-0.0263760348024955,0.00154994309306152));
#11094=CARTESIAN_POINT('',(0.0707026554320751,-0.0303376377671752,0.01620700000954));
#11095=CARTESIAN_POINT('',(0.0763604108095858,-0.0263760348024955,0.00154994309306152));
#11096=CARTESIAN_POINT('',(0.0694429542158221,-0.0312196900546875,0.01620700000954));
#11097=CARTESIAN_POINT('',(0.0694651626750812,-0.031990274210542,0.01620700000954));
#11098=CARTESIAN_POINT('',(0.0713441624951801,-0.0327317747200974,0.01620700000954));
#11099=CARTESIAN_POINT('',(0.0700844612789271,-0.0336138270076098,0.01620700000954));
#11100=CARTESIAN_POINT('',(0.0700844612789271,-0.0336138270076098,0.01620700000954));
#11101=CARTESIAN_POINT('',(0.0701066697381862,-0.0343844111634643,0.01620700000954));
#11102=CARTESIAN_POINT('',(0.0719856695582852,-0.0351259116730196,0.01620700000954));
#11103=CARTESIAN_POINT('',(0.0707259683420321,-0.036007963960532,0.01620700000954));
#11104=CARTESIAN_POINT('',(0.0707259683420321,-0.036007963960532,0.01620700000954));
#11105=CARTESIAN_POINT('',(0.0707481768012912,-0.0367785481163866,0.01620700000954));
#11106=CARTESIAN_POINT('',(0.0726271766213902,-0.0375200486259419,0.01620700000954));
#11107=CARTESIAN_POINT('',(0.0713674754051372,-0.0384021009134543,0.01620700000954));
#11108=CARTESIAN_POINT('',(0.0713674754051372,-0.0384021009134543,0.01620700000954));
#11109=CARTESIAN_POINT('',(0.0713896838643962,-0.0391726850693088,0.01620700000954));
#11110=CARTESIAN_POINT('',(0.0732686836844952,-0.0399141855788642,0.01620700000954));
#11111=CARTESIAN_POINT('',(0.0720089824682422,-0.0407962378663766,0.01620700000954));
#11112=CARTESIAN_POINT('',(0.0720089824682422,-0.0407962378663766,0.01620700000954));
#11113=CARTESIAN_POINT('',(0.0720311909275013,-0.0415668220222312,0.01620700000954));
#11114=CARTESIAN_POINT('',(0.0739101907476002,-0.0423083225317865,0.01620700000954));
#11115=CARTESIAN_POINT('',(0.0726504895313472,-0.0431903748192989,0.01620700000954));
#11116=CARTESIAN_POINT('',(0.0726504895313472,-0.0431903748192989,0.01620700000954));
#11117=CARTESIAN_POINT('',(0.0728849668575506,-0.0437079867903767,0.01620700000954));
#11118=CARTESIAN_POINT('',(0.0726236742622811,-0.0437779999302674,0.01620700000954));
#11119=CARTESIAN_POINT('',(0.0724953313695498,-0.043299017733804,0.01620700000954));
#11120=CARTESIAN_POINT('',(0.0725443550978751,-0.0434819767786902,0.01620700000954));
#11121=CARTESIAN_POINT('',(0.0724953313695498,-0.043299017733804,0.01620700000954));
#11122=CARTESIAN_POINT('',(0.0635632562144048,-0.00996405943777832,0.01620700000954));
#11123=CARTESIAN_POINT('',(0.0725443550978751,-0.0434819767786902,0.01620700000954));
#11124=CARTESIAN_POINT('',(0.07190284803477,-0.0410878398257679,0.01620700000954));
#11125=CARTESIAN_POINT('',(0.071261340971665,-0.0386937028728456,0.01620700000954));
#11126=CARTESIAN_POINT('',(0.07061983390856,-0.0362995659199233,0.01620700000954));
#11127=CARTESIAN_POINT('',(0.0724953313695498,-0.043299017733804,0.01620700000954));
#11128=CARTESIAN_POINT('',(0.0642047632775099,-0.0123581963907007,0.01620700000954));
#11129=CARTESIAN_POINT('',(0.0724953313695498,-0.043299017733804,0.01620700000954));
#11130=CARTESIAN_POINT('',(0.0652813398352686,-0.0163760348024956,0.00154994309306151));
#11131=CARTESIAN_POINT('',(0.0648462703406149,-0.0147523333436229,-0.00323190734086621));
#11132=CARTESIAN_POINT('',(0.0648462703406149,-0.0147523333436229,0.01620700000954));
#11133=CARTESIAN_POINT('',(0.0724953313695498,-0.043299017733804,0.01620700000954));
#11134=CARTESIAN_POINT('',(0.0652813398352686,-0.0163760348024956,0.00154994309306151));
#11135=CARTESIAN_POINT('',(0.0654877774037199,-0.0171464702965452,-0.00344094151284841));
#11136=CARTESIAN_POINT('',(0.0654877774037199,-0.0171464702965451,0.01620700000954));
#11137=CARTESIAN_POINT('',(0.0724953313695498,-0.043299017733804,0.01620700000954));
#11138=CARTESIAN_POINT('',(0.0661292844668249,-0.0195406072494675,0.01620700000954));
#11139=CARTESIAN_POINT('',(0.0724953313695498,-0.043299017733804,0.01620700000954));
#11140=CARTESIAN_POINT('',(0.0667707915299299,-0.0219347442023897,0.01620700000954));
#11141=CARTESIAN_POINT('',(0.0724953313695498,-0.043299017733804,0.01620700000954));
#11142=CARTESIAN_POINT('',(0.0679608317595799,-0.0263760348024955,0.00154994309306152));
#11143=CARTESIAN_POINT('',(0.067412298593035,-0.024328881155312,-0.00306651246773651));
#11144=CARTESIAN_POINT('',(0.0674122985930349,-0.024328881155312,0.01620700000954));
#11145=CARTESIAN_POINT('',(0.0724953313695498,-0.043299017733804,0.01620700000954));
#11146=CARTESIAN_POINT('',(0.0679608317595799,-0.0263760348024955,0.00154994309306152));
#11147=CARTESIAN_POINT('',(0.06805380565614,-0.0267230181082342,-0.00348812226831864));
#11148=CARTESIAN_POINT('',(0.0680538056561399,-0.0267230181082342,0.01620700000954));
#11149=CARTESIAN_POINT('',(0.0724953313695498,-0.043299017733804,0.01620700000954));
#11150=CARTESIAN_POINT('',(0.068695312719245,-0.0291171550611565,0.01620700000954));
#11151=CARTESIAN_POINT('',(0.0724953313695498,-0.043299017733804,0.01620700000954));
#11152=CARTESIAN_POINT('',(0.06933681978235,-0.0315112920140788,0.01620700000954));
#11153=CARTESIAN_POINT('',(0.0724953313695498,-0.043299017733804,0.01620700000954));
#11154=CARTESIAN_POINT('',(0.069978326845455,-0.0339054289670011,0.01620700000954));
#11155=CARTESIAN_POINT('',(0.0728056476931445,-0.0434119636387994,0.01620700000954));
#11156=CARTESIAN_POINT('',(0.0728056476931445,-0.0434119636387994,0.01620700000954));
#11157=CARTESIAN_POINT('',(0.0721641406300395,-0.0410178266858772,0.01620700000954));
#11158=CARTESIAN_POINT('',(0.0721641406300395,-0.0410178266858772,0.01620700000954));
#11159=CARTESIAN_POINT('',(0.0715226335669344,-0.0386236897329549,0.01620700000954));
#11160=CARTESIAN_POINT('',(0.0715226335669344,-0.0386236897329549,0.01620700000954));
#11161=CARTESIAN_POINT('',(0.0708811265038294,-0.0362295527800326,0.01620700000954));
#11162=CARTESIAN_POINT('',(0.0708811265038294,-0.0362295527800326,0.01620700000954));
#11163=CARTESIAN_POINT('',(0.0702396194407244,-0.0338354158271103,0.01620700000954));
#11164=CARTESIAN_POINT('',(0.0702396194407244,-0.0338354158271103,0.01620700000954));
#11165=CARTESIAN_POINT('',(0.0695981123776194,-0.0314412788741881,0.01620700000954));
#11166=CARTESIAN_POINT('',(0.0695981123776194,-0.0314412788741881,0.01620700000954));
#11167=CARTESIAN_POINT('',(0.0689566053145145,-0.0290471419212658,0.01620700000954));
#11168=CARTESIAN_POINT('',(0.0687082587023492,-0.0289399056385713,0.00590069777885115));
#11169=CARTESIAN_POINT('',(0.0687271141580038,-0.0288962386220076,0.00592643046165024));
#11170=CARTESIAN_POINT('',(0.0687583937872598,-0.0288556993928037,0.00594936941038219));
#11171=CARTESIAN_POINT('',(0.0688014471527171,-0.0288255531017652,0.00596609074701772));
#11172=CARTESIAN_POINT('',(0.0689566053145145,-0.0290471419212658,0.01620700000954));
#11173=CARTESIAN_POINT('',(0.0688014471527171,-0.0288255531017652,-0.00286620456089469));
#11174=CARTESIAN_POINT('',(0.0687345353879786,-0.02887240522383,-0.00284021694921359));
#11175=CARTESIAN_POINT('',(0.0686962438865316,-0.0289442029132338,-0.00279908948195233));
#11176=CARTESIAN_POINT('',(0.068687906396707,-0.0290158920945607,-0.00275512990022558));
#11177=CARTESIAN_POINT('',(0.0683150982514094,-0.0266530049683435,0.01620700000954));
#11178=CARTESIAN_POINT('',(0.06805380565614,-0.0267230181082342,0.00658800845444168));
#11179=CARTESIAN_POINT('',(0.0680250898743634,-0.0266158493516651,0.0065953894165291));
#11180=CARTESIAN_POINT('',(0.0680688527990747,-0.0264951961563116,0.00659893991920453));
#11181=CARTESIAN_POINT('',(0.0681599400896116,-0.0264314161488425,0.00659963941130486));
#11182=CARTESIAN_POINT('',(0.0683150982514094,-0.0266530049683435,0.01620700000954));
#11183=CARTESIAN_POINT('',(0.0681599400896121,-0.026431416148843,-0.00349975322518147));
#11184=CARTESIAN_POINT('',(0.068068854860866,-0.0264951947126305,-0.00349905374891437));
#11185=CARTESIAN_POINT('',(0.0680250901347154,-0.026615850323314,-0.00349550316348633));
#11186=CARTESIAN_POINT('',(0.0680538056561393,-0.0267230181082342,-0.00348812226831864));
#11187=CARTESIAN_POINT('',(0.0676735911883044,-0.0242588680154213,0.01620700000954));
#11188=CARTESIAN_POINT('',(0.067412298593035,-0.024328881155312,0.00616639865385955));
#11189=CARTESIAN_POINT('',(0.0673835278938147,-0.0242215074440526,0.00611878409725408));
#11190=CARTESIAN_POINT('',(0.0674234319904457,-0.0241037996375085,0.00606049522415254));
#11191=CARTESIAN_POINT('',(0.0675184330265071,-0.0240372791959207,0.00602573600747509));
#11192=CARTESIAN_POINT('',(0.0676735911883044,-0.0242588680154213,0.01620700000954));
#11193=CARTESIAN_POINT('',(0.0675184330265071,-0.0240372791959206,-0.00292584982135206));
#11194=CARTESIAN_POINT('',(0.0674235295293751,-0.0241037313400149,-0.00296057335024208));
#11195=CARTESIAN_POINT('',(0.0673835671150688,-0.0242216538197663,-0.00301896282101097));
#11196=CARTESIAN_POINT('',(0.0674122985930348,-0.024328881155312,-0.00306651246773652));
#11197=CARTESIAN_POINT('',(0.0670320841251994,-0.021864731062499,0.01620700000954));
#11198=CARTESIAN_POINT('',(0.0670320841251994,-0.021864731062499,0.01620700000954));
#11199=CARTESIAN_POINT('',(0.0663905770620943,-0.0194705941095767,0.01620700000954));
#11200=CARTESIAN_POINT('',(0.0663905770620943,-0.0194705941095767,0.01620700000954));
#11201=CARTESIAN_POINT('',(0.0662354189002971,-0.0192490052900761,-0.00260319314085758));
#11202=CARTESIAN_POINT('',(0.0662276946978367,-0.0192544138348655,-0.00259945172986466));
#11203=CARTESIAN_POINT('',(0.0662204119219771,-0.0192601128239243,-0.00259549376739359));
#11204=CARTESIAN_POINT('',(0.0662135285748808,-0.0192660715111286,-0.00259133543207485));
#11205=CARTESIAN_POINT('',(0.0657490699989893,-0.0170764571566544,0.01620700000954));
#11206=CARTESIAN_POINT('',(0.0654877774037199,-0.0171464702965452,0.00654082769897143));
#11207=CARTESIAN_POINT('',(0.0654591527341991,-0.0170396415755436,0.00655731869103846));
#11208=CARTESIAN_POINT('',(0.0655024309508309,-0.0169189239433853,0.0065710895483425));
#11209=CARTESIAN_POINT('',(0.0655939118371916,-0.0168548683371534,0.00657719069449212));
#11210=CARTESIAN_POINT('',(0.0657490699989893,-0.0170764571566544,0.01620700000954));
#11211=CARTESIAN_POINT('',(0.065593911837192,-0.0168548683371539,-0.00347730450836879));
#11212=CARTESIAN_POINT('',(0.0655024434174415,-0.0169189152141713,-0.00347120419365635));
#11213=CARTESIAN_POINT('',(0.0654591564011237,-0.017039655260695,-0.0034574303923588));
#11214=CARTESIAN_POINT('',(0.0654877774037192,-0.0171464702965452,-0.00344094151284841));
#11215=CARTESIAN_POINT('',(0.0651075629358843,-0.0146823202037322,0.01620700000954));
#11216=CARTESIAN_POINT('',(0.0648462703406149,-0.0147523333436229,0.00633179352698922));
#11217=CARTESIAN_POINT('',(0.0648174704819488,-0.0146448508078303,0.00629529728927097));
#11218=CARTESIAN_POINT('',(0.064858968261254,-0.0145261563348613,0.00624945894478921));
#11219=CARTESIAN_POINT('',(0.064952404774087,-0.0144607313842316,0.00622264175828552));
#11220=CARTESIAN_POINT('',(0.0651075629358843,-0.0146823202037322,0.01620700000954));
#11221=CARTESIAN_POINT('',(0.064952404774087,-0.0144607313842316,-0.00312275557216248));
#11222=CARTESIAN_POINT('',(0.0648590046231487,-0.0145261308739885,-0.00314956232244928));
#11223=CARTESIAN_POINT('',(0.0648174916847465,-0.0146449299377493,-0.00319543797211147));
#11224=CARTESIAN_POINT('',(0.0648462703406147,-0.0147523333436229,-0.00323190734086622));
#11225=CARTESIAN_POINT('',(0.0644660558727793,-0.0122881832508099,0.01620700000954));
#11226=CARTESIAN_POINT('',(0.0644660558727793,-0.0122881832508099,0.01620700000954));
#11227=CARTESIAN_POINT('',(0.0638245488096743,-0.00989404629788768,0.01620700000954));
#11228=CARTESIAN_POINT('',(0.0638245488096743,-0.00989404629788768,0.01620700000954));
#11229=CARTESIAN_POINT('',(0.0590691588007505,-0.0177185244984828,0.0135890026549435));
#11230=CARTESIAN_POINT('',(0.0669999189577611,-0.0115974836700881,-0.00498601734505647));
#11231=CARTESIAN_POINT('',(0.0376779582831838,-0.0119669645521952,0.00213848570865593));
#11232=CARTESIAN_POINT('',(0.0373597952928622,-0.040610244993508,0.00171626915991837));
#11233=CARTESIAN_POINT('',(0.0381188114757484,-0.0396029964984828,0.00272351765494352));
#11234=CARTESIAN_POINT('',(0.02973962833019,-0.0284834448957606,-0.00839603394777866));
#11235=CARTESIAN_POINT('',(0.0376779582831838,-0.0401880284447703,0.00105429960123105));
#11236=CARTESIAN_POINT('',(0.0459596527419388,-0.0291978486990371,-0.0076816301445022));
#11237=CARTESIAN_POINT('',(0.0376779582831838,-0.0119669645521952,0.00330854960123105));
#11238=CARTESIAN_POINT('',(0.0383394857792667,-0.0398958411902314,0.0024306729631949));
#11239=CARTESIAN_POINT('',(0.0376779582831838,-0.0390179645521952,0.00105429960123105));
#11240=CARTESIAN_POINT('',(0.0376779582831838,-0.0119669645521952,0.00213848570865593));
#11241=CARTESIAN_POINT('',(0.0373597952928622,-0.036101744993508,0.00171626915991837));
#11242=CARTESIAN_POINT('',(0.0381188114757484,-0.0350944964984828,0.00272351765494352));
#11243=CARTESIAN_POINT('',(0.0310626833223558,-0.0257306981718331,-0.00664028067170621));
#11244=CARTESIAN_POINT('',(0.0376779582831838,-0.0356795284447703,0.00105429960123105));
#11245=CARTESIAN_POINT('',(0.0446365977497732,-0.0264451019751096,-0.00592587686842975));
#11246=CARTESIAN_POINT('',(0.0376779582831838,-0.0119669645521952,0.00330854960123105));
#11247=CARTESIAN_POINT('',(0.0383394857792667,-0.0353873411902314,0.0024306729631949));
#11248=CARTESIAN_POINT('',(0.0376779582831838,-0.0345094645521952,0.00105429960123105));
#11249=CARTESIAN_POINT('',(0.0376779582831838,-0.0119669645521952,-0.000115764291344075));
#11250=CARTESIAN_POINT('',(0.038021322788945,-0.0397323683554717,0.000339895797954664));
#11251=CARTESIAN_POINT('',(0.0381188114757484,-0.0396029964984828,0.000469267654943524));
#11252=CARTESIAN_POINT('',(0.02973962833019,-0.0284834448957606,-0.0106502839477787));
#11253=CARTESIAN_POINT('',(0.0376779582831838,-0.0401880284447703,0.00105429960123105));
#11254=CARTESIAN_POINT('',(0.0459596527419388,-0.0291978486990371,-0.00993588014450213));
#11255=CARTESIAN_POINT('',(0.0376779582831838,-0.0119669645521952,0.00105429960123106));
#11256=CARTESIAN_POINT('',(0.0376779582831838,-0.0390179645521952,0.00105429960123105));
#11257=CARTESIAN_POINT('',(0.0376779582831838,-0.0390179645521952,0.00105429960123105));
#11258=CARTESIAN_POINT('',(0.0376779582831838,-0.0119669645521952,-0.000115764291344075));
#11259=CARTESIAN_POINT('',(0.038021322788945,-0.0352238683554718,0.000339895797954664));
#11260=CARTESIAN_POINT('',(0.0381188114757484,-0.0350944964984828,0.000469267654943524));
#11261=CARTESIAN_POINT('',(0.0310626833223558,-0.0257306981718331,-0.00889453067170621));
#11262=CARTESIAN_POINT('',(0.0376779582831838,-0.0356795284447703,0.00105429960123105));
#11263=CARTESIAN_POINT('',(0.0446365977497732,-0.0264451019751096,-0.00818012686842975));
#11264=CARTESIAN_POINT('',(0.0376779582831838,-0.0119669645521952,0.00105429960123106));
#11265=CARTESIAN_POINT('',(0.0376779582831838,-0.0345094645521952,0.00105429960123105));
#11266=CARTESIAN_POINT('',(0.0376779582831838,-0.0345094645521952,0.00105429960123105));
#11267=CARTESIAN_POINT('',(0.0325582672857042,-0.0213760348024956,0.00154994309306151));
#11268=CARTESIAN_POINT('',(0.0325582672857042,-0.0163760348024957,0.00154994309306151));
#11269=CARTESIAN_POINT('',(0.0325582672857042,-0.0209255843520451,-0.000641882378136793));
#11270=CARTESIAN_POINT('',(0.0325582672857042,-0.0209255843520451,0.00374176856425981));
#11271=CARTESIAN_POINT('',(0.0325582672857042,-0.0213760348024956,0.00395878098715073));
#11272=CARTESIAN_POINT('',(0.0325582672857042,-0.021826485252946,0.0037417685642598));
#11273=CARTESIAN_POINT('',(0.0325582672857043,-0.0263760348024956,0.00154994309306151));
#11274=CARTESIAN_POINT('',(0.0325582672857042,-0.021826485252946,-0.000641882378136779));
#11275=CARTESIAN_POINT('',(0.0325582672857042,-0.0213760348024956,-0.000858894801027707));
#11276=CARTESIAN_POINT('',(0.0325582672857043,-0.0263760348024956,0.00154994309306151));
#11277=CARTESIAN_POINT('',(0.0325582672857042,-0.021826485252946,0.00374176856425981));
#11278=CARTESIAN_POINT('',(0.0325582672857042,-0.021826485252946,-0.000641882378136787));
#11279=CARTESIAN_POINT('',(0.0325582672857042,-0.0163760348024957,0.00154994309306151));
#11280=CARTESIAN_POINT('',(0.0325582672857042,-0.0209255843520452,0.00374176856425981));
#11281=CARTESIAN_POINT('',(0.0325582672857042,-0.0209255843520452,-0.000641882378136787));
#11282=CARTESIAN_POINT('',(0.0510002082831838,-0.0263760348024956,0.00154994309306151));
#11283=CARTESIAN_POINT('',(0.0720002082831838,-0.0263760348024956,0.00154994309306151));
#11284=CARTESIAN_POINT('',(0.0720002082831838,-0.0263760348024956,-0.00245005690693849));
#11285=CARTESIAN_POINT('',(0.0840002082831838,-0.0263760348024956,0.00154994309306151));
#11286=CARTESIAN_POINT('',(0.0840002082831838,-0.0263760348024956,-0.00245005690693849));
#11287=CARTESIAN_POINT('',(0.0510002082831838,-0.0163760348024957,0.00154994309306151));
#11288=CARTESIAN_POINT('',(0.0720002082831838,-0.0163760348024957,0.00154994309306151));
#11289=CARTESIAN_POINT('',(0.0720002082831838,-0.0163760348024957,-0.00245005690693849));
#11290=CARTESIAN_POINT('',(0.0840002082831838,-0.0163760348024957,0.00154994309306151));
#11291=CARTESIAN_POINT('',(0.0840002082831838,-0.0163760348024957,-0.00245005690693849));
#11292=CARTESIAN_POINT('',(0.0620002082831838,-0.0263760348024955,0.00154994309306152));
#11293=CARTESIAN_POINT('',(0.0720002082831838,-0.0263760348024955,0.00154994309306152));
#11294=CARTESIAN_POINT('',(0.0720002082831838,-0.021826485252946,0.00374176856425988));
#11295=CARTESIAN_POINT('',(0.0720002082831838,-0.021826485252946,-0.000641882378136851));
#11296=CARTESIAN_POINT('',(0.0620002082831838,-0.021826485252946,-0.00064188237813685));
#11297=CARTESIAN_POINT('',(0.0620002082831838,-0.021826485252946,0.00374176856425988));
#11298=CARTESIAN_POINT('',(0.0620002082831838,-0.0163760348024956,0.00154994309306151));
#11299=CARTESIAN_POINT('',(0.0620002082831838,-0.0209255843520451,-0.000641882378136853));
#11300=CARTESIAN_POINT('',(0.0720002082831838,-0.0209255843520451,-0.000641882378136854));
#11301=CARTESIAN_POINT('',(0.0720002082831838,-0.0163760348024956,0.00154994309306151));
#11302=CARTESIAN_POINT('',(0.0720002082831838,-0.0209255843520451,0.00374176856425987));
#11303=CARTESIAN_POINT('',(0.0620002082831838,-0.0209255843520451,0.00374176856425987));
#11304=CARTESIAN_POINT('',(0.0720002082831838,-0.0213760348024956,0.00154994309306151));
#11305=CARTESIAN_POINT('',(0.0720002082831838,-0.0213760348024955,0.0039587809871508));
#11306=CARTESIAN_POINT('',(0.0720002082831838,-0.0213760348024955,-0.000858894801027779));
#11307=CARTESIAN_POINT('',(0.0620002082831838,-0.0213760348024955,-0.000858894801027779));
#11308=CARTESIAN_POINT('',(0.0620002082831838,-0.0213760348024955,0.0039587809871508));
#11309=CARTESIAN_POINT('',(0.0325582672857042,-0.0213760348024956,0.00395878098715073));
#11310=CARTESIAN_POINT('',(0.0325582672857042,-0.0213760348024956,-0.000858894801027707));
#11311=CARTESIAN_POINT('',(0.0840002082831838,-0.0263760348024955,0.00154994309306152));
#11312=CARTESIAN_POINT('',(0.0840002082831838,-0.0263760348024955,0.00154994309306152));
#11313=CARTESIAN_POINT('',(0.0840002082831838,-0.0222024810834873,0.00439317177794647));
#11314=CARTESIAN_POINT('',(0.0840002082831838,-0.0222024810834873,-0.00129328559182345));
#11315=CARTESIAN_POINT('',(0.0840002082831838,-0.0222024810834873,0.00439317177794647));
#11316=CARTESIAN_POINT('',(0.0840002082831838,-0.0222024810834873,-0.00129328559182345));
#11317=CARTESIAN_POINT('',(0.0840002082831838,-0.0163760348024956,0.00154994309306151));
#11318=CARTESIAN_POINT('',(0.0840002082831838,-0.0205495885215038,0.00439317177794648));
#11319=CARTESIAN_POINT('',(0.0840002082831838,-0.0205495885215038,0.00439317177794647));
#11320=CARTESIAN_POINT('',(0.0840002082831838,-0.0163760348024956,0.00154994309306151));
#11321=CARTESIAN_POINT('',(0.0840002082831838,-0.0205495885215038,-0.00129328559182345));
#11322=CARTESIAN_POINT('',(0.0840002082831838,-0.0205495885215038,-0.00129328559182345));
#11323=CARTESIAN_POINT('',(0.0840002082831838,-0.0260774964984828,0.00677022041270027));
#11324=CARTESIAN_POINT('',(0.0840002082831838,-0.0213760348024955,0.00495618735911181));
#11325=CARTESIAN_POINT('',(0.0840002082831838,-0.0213760348024955,-0.00185630117298879));
#11326=CARTESIAN_POINT('',(0.0840002082831838,-0.0213760348024955,0.00495618735911181));
#11327=CARTESIAN_POINT('',(0.0840002082831838,-0.0213760348024955,-0.00185630117298879));
#11328=CARTESIAN_POINT('',(0.0630070684854459,-0.0501114964984828,0.0181049430930614));
#11329=CARTESIAN_POINT('',(0.040013928687708,-0.0541114964984828,0.0181049430930614));
#11330=CARTESIAN_POINT('',(0.0481916207315373,-0.0483560336294956,0.0181049430930614));
#11331=CARTESIAN_POINT('',(0.0630070684854459,-0.0483560336294956,0.0181049430930614));
#11332=CARTESIAN_POINT('',(0.0739989703858418,-0.0483560336294956,0.0181049430930614));
#11333=CARTESIAN_POINT('',(0.0739989703858418,-0.0501114964984828,0.0181049430930614));
#11334=CARTESIAN_POINT('',(0.040013928687708,-0.0541114964984828,0.077615979419389));
#11335=CARTESIAN_POINT('',(0.0422118695904195,-0.0443560336294956,0.0141049430930614));
#11336=CARTESIAN_POINT('',(0.0422118695904195,-0.0443560336294956,0.014479221567863));
#11337=CARTESIAN_POINT('',(0.0426632165734091,-0.0444575333408187,0.0151160240869405));
#11338=CARTESIAN_POINT('',(0.0434631990707437,-0.0447114070001089,0.0158017143149156));
#11339=CARTESIAN_POINT('',(0.0443101285226411,-0.0450653219076534,0.0164145183087122));
#11340=CARTESIAN_POINT('',(0.045422687027613,-0.0456578887135895,0.01712064311913));
#11341=CARTESIAN_POINT('',(0.0467971767729576,-0.0466624085746296,0.0178380922227464));
#11342=CARTESIAN_POINT('',(0.0477668191734282,-0.0477524511894674,0.0181049430930614));
#11343=CARTESIAN_POINT('',(0.0481916207315373,-0.0483560336294956,0.0181049430930614));
#11344=CARTESIAN_POINT('',(0.0491790800776197,-0.0501114964984828,0.0189919756317592));
#11345=CARTESIAN_POINT('',(0.0739989703858418,0.00988850350151721,0.0131851175756984));
#11346=CARTESIAN_POINT('',(0.0739989703858418,-0.0483560336294956,0.0131851175756984));
#11347=CARTESIAN_POINT('',(0.0739989703858418,-0.0490960919622006,0.00149122698093975));
#11348=CARTESIAN_POINT('',(0.0739989703858418,-0.0490960919622006,0.00649122698093975));
#11349=CARTESIAN_POINT('',(0.0739989703858418,0.00988850350151721,0.00649122698093976));
#11350=CARTESIAN_POINT('',(0.0749995893345128,0.00988850350151721,0.00649122698093976));
#11351=CARTESIAN_POINT('',(0.0698707047530596,-0.0487349155193084,0.00649122698093975));
#11352=CARTESIAN_POINT('',(0.074175045041247,-0.0491114964984828,0.00649122698093975));
#11353=CARTESIAN_POINT('',(0.0749995893345128,-0.0491114964984828,0.00649122698093975));
#11354=CARTESIAN_POINT('',(0.0750985082831838,-0.0491114964984828,0.00649122698093975));
#11355=CARTESIAN_POINT('',(0.0750985082831839,-0.0432097964984828,0.00649122698093975));
#11356=CARTESIAN_POINT('',(0.0749995893345128,0.00988850350151721,0.00649122698093976));
#11357=CARTESIAN_POINT('',(0.0750985082831839,-0.00894519649848279,0.00649122698093975));
#11358=CARTESIAN_POINT('',(0.0750985082831838,-0.00304349649848279,0.00649122698093975));
#11359=CARTESIAN_POINT('',(0.0749995893345128,-0.00304349649848279,0.00649122698093975));
#11360=CARTESIAN_POINT('',(0.0739989703858418,-0.00304349649848279,0.00649122698093975));
#11361=CARTESIAN_POINT('',(0.0739989703858418,0.00988850350151721,0.00649122698093976));
#11362=CARTESIAN_POINT('',(0.0739989703858418,0.00988850350151721,0.00649122698093976));
#11363=CARTESIAN_POINT('',(0.0749995893345128,0.00988850350151721,0.00649122698093976));
#11364=CARTESIAN_POINT('',(0.0739989703858418,0.00988850350151721,0.0131851175756984));
#11365=CARTESIAN_POINT('',(0.0739989703858418,-0.00304349649848279,0.019879008170457));
#11366=CARTESIAN_POINT('',(0.0739989703858418,0.00988850350151721,0.0131851175756984));
#11367=CARTESIAN_POINT('',(0.0539085582831838,0.00988850350151721,0.00677022041270027));
#11368=CARTESIAN_POINT('',(0.0750985082831839,-0.0432097964984828,0.00149122698093976));
#11369=CARTESIAN_POINT('',(0.0750985082831838,-0.0491114964984828,0.00149122698093976));
#11370=CARTESIAN_POINT('',(0.0760002082831838,-0.0491114964984828,0.00149122698093974));
#11371=CARTESIAN_POINT('',(0.0741750450412471,-0.0491114964984828,0.00149122698093975));
#11372=CARTESIAN_POINT('',(0.0722369192768679,-0.0489419324656121,0.00149122698093975));
#11373=CARTESIAN_POINT('',(0.0750985082831839,-0.00894519649848279,0.00149122698093976));
#11374=CARTESIAN_POINT('',(0.0750985082831838,-0.00304349649848279,0.00149122698093975));
#11375=CARTESIAN_POINT('',(0.0760002082831838,-0.00304349649848279,0.00149122698093976));
#11376=CARTESIAN_POINT('',(0.0689989703858418,-0.00304349649848279,0.00149122698093976));
#11377=CARTESIAN_POINT('',(0.0689989703858418,-0.00304349649848279,0.0131851175756984));
#11378=CARTESIAN_POINT('',(0.0724701495313472,-0.0443580336294956,0.077615979419389));
#11379=CARTESIAN_POINT('',(0.0724701495313472,-0.0452106761568354,0.0113347526549435));
#11380=CARTESIAN_POINT('',(0.0578889189122257,-0.0443580336294956,0.077615979419389));
#11381=CARTESIAN_POINT('',(0.0578889189122257,-0.0443580336294956,0.0122364526549435));
#11382=CARTESIAN_POINT('',(0.0439898582831839,-0.0443580336294956,0.0122364526549435));
#11383=CARTESIAN_POINT('',(0.0439898582831839,-0.0443580336294956,0.0122364526549435));
#11384=CARTESIAN_POINT('',(0.0439898582831839,-0.0443580336294956,0.00502285265494352));
#11385=CARTESIAN_POINT('',(0.0335602672857043,-0.0483560336294956,0.0141049430930614));
#11386=CARTESIAN_POINT('',(0.0699989703858418,-0.0483560336294956,0.0141049430930614));
#11387=CARTESIAN_POINT('',(0.0699989703858418,-0.0483560336294956,0.0181049430930614));
#11388=CARTESIAN_POINT('',(0.0358336075739402,-0.0543560336294956,0.0181049430930614));
#11389=CARTESIAN_POINT('',(0.0358336075739402,0.0046439640245244,0.0181049430930614));
#11390=CARTESIAN_POINT('',(-0.022846732714296,-0.0199282901697245,-0.00400005690693859));
#11391=CARTESIAN_POINT('',(-0.022846732714296,-0.0199282901697245,-0.00400005690693859));
#11392=CARTESIAN_POINT('',(-0.022846732714296,-0.0144108992507372,-0.00400005690693859));
#11393=CARTESIAN_POINT('',(-0.022846732714296,-0.0144108992507372,-0.00400005690693859));
#11394=CARTESIAN_POINT('',(0.00265326728570057,-0.0248560348024921,-0.00400005690693859));
#11395=CARTESIAN_POINT('',(0.0259685206569731,-0.0378060348024969,-0.00800205690693861));
#11396=CARTESIAN_POINT('',(0.0291337740282434,-0.0378060348024969,-0.00800205690693861));
#11397=CARTESIAN_POINT('',(0.0259685206569731,-0.0439060348024969,-0.00800205690693861));
#11398=CARTESIAN_POINT('',(0.0291337740282434,-0.0439060348024969,-0.00800205690693861));
#11399=CARTESIAN_POINT('',(0.0291337740282434,-0.040856034802497,-0.00800205690693861));
#11400=CARTESIAN_POINT('',(0.0625896441804018,-0.0324135033053835,0.018279008170457));
#11401=CARTESIAN_POINT('',(0.0491790800776197,-0.0324135033053835,0.018279008170457));
#11402=CARTESIAN_POINT('',(0.0491790800776197,-0.0324135033053835,0.018279008170457));
#11403=CARTESIAN_POINT('',(0.0625896441804018,-0.0324135033053835,0.018279008170457));
#11404=CARTESIAN_POINT('',(0.0491790800776197,-0.0412624999019331,0.018279008170457));
#11405=CARTESIAN_POINT('',(0.0491790800776197,-0.0412624999019331,0.018279008170457));
#11406=CARTESIAN_POINT('',(0.0258267377844405,-0.0201114964984828,0.018279008170457));
#11407=CARTESIAN_POINT('',(0.0535000049447789,-0.0417090345683286,0.019880428170457));
#11408=CARTESIAN_POINT('',(0.0455790467368029,-0.0417090345683286,0.0147250026549435));
#11409=CARTESIAN_POINT('',(0.0455790467368029,-0.0417090345683286,0.0147250026549435));
#11410=CARTESIAN_POINT('',(0.0455790467368029,-0.0417090345683286,0.0151049430930614));
#11411=CARTESIAN_POINT('',(0.0627582672857043,-0.0417090345683286,0.0151049430930614));
#11412=CARTESIAN_POINT('',(0.0433023698295648,-0.0417090345683286,0.0151049430930614));
#11413=CARTESIAN_POINT('',(0.0433023698295648,-0.0417090345683286,0.0147250026549435));
#11414=CARTESIAN_POINT('',(0.0433023698295648,-0.0417090345683286,0.0147250026549435));
#11415=CARTESIAN_POINT('',(0.0535000049447789,-0.0417090345683286,0.0147250026549435));
#11416=CARTESIAN_POINT('',(0.0394092222831839,-0.0368080104984828,0.0147250026549435));
#11417=CARTESIAN_POINT('',(0.0444407082831838,-0.0368080104984828,0.0147250026549435));
#11418=CARTESIAN_POINT('',(0.0444407082831838,-0.0368080104984828,0.0147250026549435));
#11419=CARTESIAN_POINT('',(0.0444407082831838,-0.0368080104984828,0.0151049430930614));
#11420=CARTESIAN_POINT('',(0.0627582672857043,-0.0248560348024854,0.0151049430930614));
#11421=CARTESIAN_POINT('',(0.0535000049447789,-0.0417090345683286,0.019880428170457));
#11422=CARTESIAN_POINT('',(0.0627582672857044,-0.0417090345683286,0.00505244309306142));
#11423=CARTESIAN_POINT('',(0.0627582672857044,-0.0417090345683286,0.0162238162797392));
#11424=CARTESIAN_POINT('',(0.0627582672857044,-0.0417090345683286,0.0151049430930614));
#11425=CARTESIAN_POINT('',(0.0627582672857043,-0.0417090345683286,0.0151049430930614));
#11426=CARTESIAN_POINT('',(0.0613363698295648,-0.0417090345683286,0.0151049430930614));
#11427=CARTESIAN_POINT('',(0.0613363698295648,-0.0417090345683286,0.0147250026549435));
#11428=CARTESIAN_POINT('',(0.0613363698295649,-0.0417090345683286,0.0147250026549435));
#11429=CARTESIAN_POINT('',(0.0535000049447789,-0.0417090345683286,0.0147250026549435));
#11430=CARTESIAN_POINT('',(0.0636130467368028,-0.0417090345683286,0.0147250026549435));
#11431=CARTESIAN_POINT('',(0.0636130467368029,-0.0417090345683286,0.0147250026549435));
#11432=CARTESIAN_POINT('',(0.0636130467368029,-0.0417090345683286,0.0161532260677346));
#11433=CARTESIAN_POINT('',(0.0636130467368029,-0.0417090345683286,0.0161532260677347));
#11434=CARTESIAN_POINT('',(0.0633281202531034,-0.0417090345683286,0.0161904435790652));
#11435=CARTESIAN_POINT('',(0.0630431937694039,-0.0417090345683286,0.0162143145401981));
#11436=CARTESIAN_POINT('',(0.0627582672857044,-0.0417090345683286,0.0162238162797392));
#11437=CARTESIAN_POINT('',(0.0394092222831839,-0.0368080104984828,0.0147250026549435));
#11438=CARTESIAN_POINT('',(0.0624747082831839,-0.0368080104984828,0.0147250026549435));
#11439=CARTESIAN_POINT('',(0.0624747082831839,-0.0368080104984828,0.0147250026549435));
#11440=CARTESIAN_POINT('',(0.0624747082831839,-0.0368080104984828,0.0151049430930614));
#11441=CARTESIAN_POINT('',(0.0627582672857044,-0.0418314998893629,0.0151049430930614));
#11442=CARTESIAN_POINT('',(0.0627582672857044,-0.0418314998893629,0.0147250026549435));
#11443=CARTESIAN_POINT('',(0.0627582672857044,-0.041831499889363,0.0161532260677347));
#11444=CARTESIAN_POINT('',(0.0624747082831839,-0.0368080104984828,0.0161532260677346));
#11445=CARTESIAN_POINT('',(0.0624747082831839,-0.0368080104984828,0.017413070173037));
#11446=CARTESIAN_POINT('',(0.0627582672857044,-0.0417090345683287,0.0162238162797392));
#11447=CARTESIAN_POINT('',(0.0627582672857044,-0.0417498567560324,0.0162002869273623));
#11448=CARTESIAN_POINT('',(0.0627582672857044,-0.0417906785196415,0.0161767568392255));
#11449=CARTESIAN_POINT('',(0.0627582672857044,-0.041831499889363,0.0161532260677346));
#11450=CARTESIAN_POINT('',(0.0627582672857043,-0.0248560348024854,0.00505244309306142));
#11451=CARTESIAN_POINT('',(0.0627582672857043,-0.0248560348024854,0.0151049430930614));
#11452=CARTESIAN_POINT('',(0.0627582672857043,-0.0248560348024854,0.0151049430930614));
#11453=MECHANICAL_DESIGN_GEOMETRIC_PRESENTATION_REPRESENTATION('',(#6631),
#11454);
#11454=(
GEOMETRIC_REPRESENTATION_CONTEXT(3)
GLOBAL_UNCERTAINTY_ASSIGNED_CONTEXT((#11455))
GLOBAL_UNIT_ASSIGNED_CONTEXT((#11458,#11457,#11456))
REPRESENTATION_CONTEXT('Back Casing','TOP_LEVEL_ASSEMBLY_PART')
);
#11455=UNCERTAINTY_MEASURE_WITH_UNIT(LENGTH_MEASURE(2.E-5),#11458,
'DISTANCE_ACCURACY_VALUE','Maximum Tolerance applied to model');
#11456=(
NAMED_UNIT(*)
SI_UNIT($,.STERADIAN.)
SOLID_ANGLE_UNIT()
);
#11457=(
NAMED_UNIT(*)
PLANE_ANGLE_UNIT()
SI_UNIT($,.RADIAN.)
);
#11458=(
LENGTH_UNIT()
NAMED_UNIT(*)
SI_UNIT($,.METRE.)
);
#11459=PRODUCT_DEFINITION_SHAPE('','',#11460);
#11460=PRODUCT_DEFINITION('','',#11462,#11461);
#11461=PRODUCT_DEFINITION_CONTEXT('',#11468,'design');
#11462=PRODUCT_DEFINITION_FORMATION_WITH_SPECIFIED_SOURCE('','',#11464,
 .NOT_KNOWN.);
#11463=PRODUCT_RELATED_PRODUCT_CATEGORY('','',(#11464));
#11464=PRODUCT('Back Casing','Back Casing','Back Casing',(#11466));
#11465=PRODUCT_CATEGORY('','');
#11466=PRODUCT_CONTEXT('',#11468,'mechanical');
#11467=APPLICATION_PROTOCOL_DEFINITION('international standard',
'ap242_managed_model_based_3d_engineering',2020,#11468);
#11468=APPLICATION_CONTEXT('managed model based 3d engineering');
ENDSEC;
END-ISO-10303-21;
