ISO-10303-21;
HEADER;
/* Generated by software containing ST-Developer
 * from STEP Tools, Inc. (www.steptools.com) 
 */
/* OPTION: using custom renumber hook */

FILE_DESCRIPTION(
/* description */ ('STEP AP242 Edition 2',
'CAx-IF Rec.Pracs.---Representation and Presentation of Product Manufa
cturing Information (PMI)---4.0---2014-10-13',
'CAx-IF Rec.Pracs.---3D Tessellated Geometry---0.4---2014-09-14','2;1',
'CAx-IF Rec.Pracs.---User Defined Attributes---1.5---2016-08-15'),
/* implementation_level */ '2;1');

FILE_NAME(
/* name */ 'Assembly 1 - pins',
/* time_stamp */ '2026-05-14T07:47:13Z',
/* author */ (''),
/* organization */ (''),
/* preprocessor_version */ 'ST-DEVELOPER v20',
/* originating_system */ 'ONSHAPE BY PTC INC, 1.214',
/* authorisation */ '  ');

FILE_SCHEMA (('AP242_MANAGED_MODEL_BASED_3D_ENGINEERING_MIM_LF { 1 0 10303 442 3 1 4 }'));
ENDSEC;

DATA;
#10=SHAPE_REPRESENTATION_RELATIONSHIP('','',#2061,#11);
#11=ADVANCED_BREP_SHAPE_REPRESENTATION('',(#2059),#3307);
#12=PLANE('',#2066);
#13=PLANE('',#2067);
#14=PLANE('',#2071);
#15=PLANE('',#2075);
#16=PLANE('',#2076);
#17=PLANE('',#2077);
#18=PLANE('',#2081);
#19=PLANE('',#2082);
#20=PLANE('',#2086);
#21=PLANE('',#2090);
#22=PLANE('',#2091);
#23=PLANE('',#2092);
#24=PLANE('',#2093);
#25=PLANE('',#2094);
#26=PLANE('',#2098);
#27=PLANE('',#2099);
#28=PLANE('',#2103);
#29=PLANE('',#2104);
#30=PLANE('',#2108);
#31=PLANE('',#2109);
#32=PLANE('',#2110);
#33=PLANE('',#2111);
#34=PLANE('',#2112);
#35=PLANE('',#2116);
#36=PLANE('',#2117);
#37=PLANE('',#2118);
#38=PLANE('',#2119);
#39=PLANE('',#2120);
#40=PLANE('',#2124);
#41=PLANE('',#2125);
#42=PLANE('',#2126);
#43=PLANE('',#2127);
#44=PLANE('',#2128);
#45=PLANE('',#2132);
#46=PLANE('',#2133);
#47=PLANE('',#2134);
#48=PLANE('',#2135);
#49=PLANE('',#2136);
#50=PLANE('',#2140);
#51=PLANE('',#2141);
#52=PLANE('',#2142);
#53=PLANE('',#2143);
#54=PLANE('',#2144);
#55=PLANE('',#2145);
#56=PLANE('',#2146);
#57=PLANE('',#2147);
#58=PLANE('',#2148);
#59=PLANE('',#2149);
#60=PLANE('',#2150);
#61=PLANE('',#2154);
#62=PLANE('',#2155);
#63=PLANE('',#2156);
#64=PLANE('',#2157);
#65=PLANE('',#2158);
#66=PLANE('',#2159);
#67=PLANE('',#2160);
#68=PLANE('',#2161);
#69=PLANE('',#2162);
#70=PLANE('',#2163);
#71=PLANE('',#2164);
#72=PLANE('',#2165);
#73=PLANE('',#2166);
#74=PLANE('',#2167);
#75=PLANE('',#2168);
#76=PLANE('',#2169);
#77=PLANE('',#2170);
#78=PLANE('',#2171);
#79=PLANE('',#2172);
#80=PLANE('',#2173);
#81=PLANE('',#2174);
#82=PLANE('',#2175);
#83=PLANE('',#2176);
#84=PLANE('',#2177);
#85=PLANE('',#2178);
#86=PLANE('',#2179);
#87=PLANE('',#2180);
#88=PLANE('',#2181);
#89=PLANE('',#2182);
#90=PLANE('',#2183);
#91=PLANE('',#2184);
#92=PLANE('',#2185);
#93=PLANE('',#2186);
#94=PLANE('',#2187);
#95=PLANE('',#2188);
#96=PLANE('',#2189);
#97=PLANE('',#2190);
#98=LINE('',#2720,#364);
#99=LINE('',#2724,#365);
#100=LINE('',#2726,#366);
#101=LINE('',#2729,#367);
#102=LINE('',#2730,#368);
#103=LINE('',#2732,#369);
#104=LINE('',#2735,#370);
#105=LINE('',#2737,#371);
#106=LINE('',#2739,#372);
#107=LINE('',#2741,#373);
#108=LINE('',#2747,#374);
#109=LINE('',#2749,#375);
#110=LINE('',#2751,#376);
#111=LINE('',#2753,#377);
#112=LINE('',#2759,#378);
#113=LINE('',#2761,#379);
#114=LINE('',#2763,#380);
#115=LINE('',#2765,#381);
#116=LINE('',#2768,#382);
#117=LINE('',#2769,#383);
#118=LINE('',#2771,#384);
#119=LINE('',#2772,#385);
#120=LINE('',#2774,#386);
#121=LINE('',#2779,#387);
#122=LINE('',#2783,#388);
#123=LINE('',#2785,#389);
#124=LINE('',#2787,#390);
#125=LINE('',#2789,#391);
#126=LINE('',#2792,#392);
#127=LINE('',#2794,#393);
#128=LINE('',#2796,#394);
#129=LINE('',#2802,#395);
#130=LINE('',#2804,#396);
#131=LINE('',#2806,#397);
#132=LINE('',#2808,#398);
#133=LINE('',#2814,#399);
#134=LINE('',#2816,#400);
#135=LINE('',#2818,#401);
#136=LINE('',#2820,#402);
#137=LINE('',#2822,#403);
#138=LINE('',#2824,#404);
#139=LINE('',#2826,#405);
#140=LINE('',#2828,#406);
#141=LINE('',#2829,#407);
#142=LINE('',#2831,#408);
#143=LINE('',#2833,#409);
#144=LINE('',#2835,#410);
#145=LINE('',#2839,#411);
#146=LINE('',#2843,#412);
#147=LINE('',#2845,#413);
#148=LINE('',#2847,#414);
#149=LINE('',#2849,#415);
#150=LINE('',#2851,#416);
#151=LINE('',#2855,#417);
#152=LINE('',#2859,#418);
#153=LINE('',#2862,#419);
#154=LINE('',#2864,#420);
#155=LINE('',#2866,#421);
#156=LINE('',#2868,#422);
#157=LINE('',#2870,#423);
#158=LINE('',#2872,#424);
#159=LINE('',#2874,#425);
#160=LINE('',#2880,#426);
#161=LINE('',#2882,#427);
#162=LINE('',#2884,#428);
#163=LINE('',#2886,#429);
#164=LINE('',#2889,#430);
#165=LINE('',#2890,#431);
#166=LINE('',#2892,#432);
#167=LINE('',#2894,#433);
#168=LINE('',#2896,#434);
#169=LINE('',#2898,#435);
#170=LINE('',#2901,#436);
#171=LINE('',#2903,#437);
#172=LINE('',#2905,#438);
#173=LINE('',#2907,#439);
#174=LINE('',#2909,#440);
#175=LINE('',#2911,#441);
#176=LINE('',#2913,#442);
#177=LINE('',#2919,#443);
#178=LINE('',#2921,#444);
#179=LINE('',#2923,#445);
#180=LINE('',#2925,#446);
#181=LINE('',#2928,#447);
#182=LINE('',#2929,#448);
#183=LINE('',#2931,#449);
#184=LINE('',#2933,#450);
#185=LINE('',#2935,#451);
#186=LINE('',#2937,#452);
#187=LINE('',#2940,#453);
#188=LINE('',#2942,#454);
#189=LINE('',#2944,#455);
#190=LINE('',#2946,#456);
#191=LINE('',#2948,#457);
#192=LINE('',#2950,#458);
#193=LINE('',#2952,#459);
#194=LINE('',#2958,#460);
#195=LINE('',#2960,#461);
#196=LINE('',#2962,#462);
#197=LINE('',#2964,#463);
#198=LINE('',#2967,#464);
#199=LINE('',#2968,#465);
#200=LINE('',#2970,#466);
#201=LINE('',#2972,#467);
#202=LINE('',#2974,#468);
#203=LINE('',#2976,#469);
#204=LINE('',#2979,#470);
#205=LINE('',#2981,#471);
#206=LINE('',#2983,#472);
#207=LINE('',#2985,#473);
#208=LINE('',#2987,#474);
#209=LINE('',#2989,#475);
#210=LINE('',#2991,#476);
#211=LINE('',#2997,#477);
#212=LINE('',#2999,#478);
#213=LINE('',#3001,#479);
#214=LINE('',#3003,#480);
#215=LINE('',#3006,#481);
#216=LINE('',#3007,#482);
#217=LINE('',#3009,#483);
#218=LINE('',#3011,#484);
#219=LINE('',#3013,#485);
#220=LINE('',#3015,#486);
#221=LINE('',#3018,#487);
#222=LINE('',#3020,#488);
#223=LINE('',#3022,#489);
#224=LINE('',#3024,#490);
#225=LINE('',#3027,#491);
#226=LINE('',#3028,#492);
#227=LINE('',#3030,#493);
#228=LINE('',#3036,#494);
#229=LINE('',#3038,#495);
#230=LINE('',#3040,#496);
#231=LINE('',#3042,#497);
#232=LINE('',#3045,#498);
#233=LINE('',#3046,#499);
#234=LINE('',#3048,#500);
#235=LINE('',#3050,#501);
#236=LINE('',#3052,#502);
#237=LINE('',#3054,#503);
#238=LINE('',#3057,#504);
#239=LINE('',#3058,#505);
#240=LINE('',#3060,#506);
#241=LINE('',#3063,#507);
#242=LINE('',#3064,#508);
#243=LINE('',#3066,#509);
#244=LINE('',#3069,#510);
#245=LINE('',#3070,#511);
#246=LINE('',#3072,#512);
#247=LINE('',#3075,#513);
#248=LINE('',#3076,#514);
#249=LINE('',#3078,#515);
#250=LINE('',#3081,#516);
#251=LINE('',#3082,#517);
#252=LINE('',#3084,#518);
#253=LINE('',#3087,#519);
#254=LINE('',#3089,#520);
#255=LINE('',#3091,#521);
#256=LINE('',#3093,#522);
#257=LINE('',#3095,#523);
#258=LINE('',#3097,#524);
#259=LINE('',#3099,#525);
#260=LINE('',#3102,#526);
#261=LINE('',#3103,#527);
#262=LINE('',#3105,#528);
#263=LINE('',#3111,#529);
#264=LINE('',#3113,#530);
#265=LINE('',#3115,#531);
#266=LINE('',#3117,#532);
#267=LINE('',#3120,#533);
#268=LINE('',#3121,#534);
#269=LINE('',#3123,#535);
#270=LINE('',#3125,#536);
#271=LINE('',#3127,#537);
#272=LINE('',#3129,#538);
#273=LINE('',#3132,#539);
#274=LINE('',#3133,#540);
#275=LINE('',#3135,#541);
#276=LINE('',#3137,#542);
#277=LINE('',#3139,#543);
#278=LINE('',#3141,#544);
#279=LINE('',#3143,#545);
#280=LINE('',#3145,#546);
#281=LINE('',#3147,#547);
#282=LINE('',#3149,#548);
#283=LINE('',#3151,#549);
#284=LINE('',#3153,#550);
#285=LINE('',#3155,#551);
#286=LINE('',#3156,#552);
#287=LINE('',#3158,#553);
#288=LINE('',#3160,#554);
#289=LINE('',#3162,#555);
#290=LINE('',#3164,#556);
#291=LINE('',#3167,#557);
#292=LINE('',#3168,#558);
#293=LINE('',#3170,#559);
#294=LINE('',#3172,#560);
#295=LINE('',#3174,#561);
#296=LINE('',#3176,#562);
#297=LINE('',#3177,#563);
#298=LINE('',#3179,#564);
#299=LINE('',#3181,#565);
#300=LINE('',#3183,#566);
#301=LINE('',#3185,#567);
#302=LINE('',#3187,#568);
#303=LINE('',#3189,#569);
#304=LINE('',#3191,#570);
#305=LINE('',#3193,#571);
#306=LINE('',#3195,#572);
#307=LINE('',#3197,#573);
#308=LINE('',#3198,#574);
#309=LINE('',#3200,#575);
#310=LINE('',#3202,#576);
#311=LINE('',#3204,#577);
#312=LINE('',#3206,#578);
#313=LINE('',#3208,#579);
#314=LINE('',#3210,#580);
#315=LINE('',#3212,#581);
#316=LINE('',#3214,#582);
#317=LINE('',#3216,#583);
#318=LINE('',#3218,#584);
#319=LINE('',#3219,#585);
#320=LINE('',#3221,#586);
#321=LINE('',#3223,#587);
#322=LINE('',#3225,#588);
#323=LINE('',#3227,#589);
#324=LINE('',#3229,#590);
#325=LINE('',#3231,#591);
#326=LINE('',#3233,#592);
#327=LINE('',#3235,#593);
#328=LINE('',#3237,#594);
#329=LINE('',#3239,#595);
#330=LINE('',#3240,#596);
#331=LINE('',#3242,#597);
#332=LINE('',#3244,#598);
#333=LINE('',#3246,#599);
#334=LINE('',#3248,#600);
#335=LINE('',#3250,#601);
#336=LINE('',#3252,#602);
#337=LINE('',#3254,#603);
#338=LINE('',#3256,#604);
#339=LINE('',#3258,#605);
#340=LINE('',#3260,#606);
#341=LINE('',#3261,#607);
#342=LINE('',#3263,#608);
#343=LINE('',#3265,#609);
#344=LINE('',#3267,#610);
#345=LINE('',#3269,#611);
#346=LINE('',#3271,#612);
#347=LINE('',#3273,#613);
#348=LINE('',#3275,#614);
#349=LINE('',#3277,#615);
#350=LINE('',#3279,#616);
#351=LINE('',#3281,#617);
#352=LINE('',#3282,#618);
#353=LINE('',#3284,#619);
#354=LINE('',#3286,#620);
#355=LINE('',#3288,#621);
#356=LINE('',#3290,#622);
#357=LINE('',#3292,#623);
#358=LINE('',#3294,#624);
#359=LINE('',#3296,#625);
#360=LINE('',#3298,#626);
#361=LINE('',#3300,#627);
#362=LINE('',#3302,#628);
#363=LINE('',#3304,#629);
#364=VECTOR('',#2197,1.);
#365=VECTOR('',#2200,1.);
#366=VECTOR('',#2203,1.);
#367=VECTOR('',#2204,1.);
#368=VECTOR('',#2205,1.);
#369=VECTOR('',#2208,1.);
#370=VECTOR('',#2209,1.);
#371=VECTOR('',#2210,1.);
#372=VECTOR('',#2211,1.);
#373=VECTOR('',#2214,1.);
#374=VECTOR('',#2221,1.);
#375=VECTOR('',#2222,1.);
#376=VECTOR('',#2223,1.);
#377=VECTOR('',#2226,1.);
#378=VECTOR('',#2233,1.);
#379=VECTOR('',#2234,1.);
#380=VECTOR('',#2235,1.);
#381=VECTOR('',#2238,1.);
#382=VECTOR('',#2239,1.);
#383=VECTOR('',#2240,1.);
#384=VECTOR('',#2243,1.);
#385=VECTOR('',#2244,1.);
#386=VECTOR('',#2247,1.);
#387=VECTOR('',#2250,1.);
#388=VECTOR('',#2255,1.);
#389=VECTOR('',#2256,1.);
#390=VECTOR('',#2257,1.);
#391=VECTOR('',#2260,1.);
#392=VECTOR('',#2261,1.);
#393=VECTOR('',#2262,1.);
#394=VECTOR('',#2263,1.);
#395=VECTOR('',#2270,1.);
#396=VECTOR('',#2273,1.);
#397=VECTOR('',#2274,1.);
#398=VECTOR('',#2275,1.);
#399=VECTOR('',#2282,1.);
#400=VECTOR('',#2285,1.);
#401=VECTOR('',#2286,1.);
#402=VECTOR('',#2287,1.);
#403=VECTOR('',#2290,1.);
#404=VECTOR('',#2291,1.);
#405=VECTOR('',#2292,1.);
#406=VECTOR('',#2295,1.);
#407=VECTOR('',#2296,1.);
#408=VECTOR('',#2299,1.);
#409=VECTOR('',#2300,1.);
#410=VECTOR('',#2301,1.);
#411=VECTOR('',#2306,1.);
#412=VECTOR('',#2311,1.);
#413=VECTOR('',#2314,1.);
#414=VECTOR('',#2315,1.);
#415=VECTOR('',#2316,1.);
#416=VECTOR('',#2319,1.);
#417=VECTOR('',#2324,1.);
#418=VECTOR('',#2329,1.);
#419=VECTOR('',#2330,1.);
#420=VECTOR('',#2331,1.);
#421=VECTOR('',#2332,1.);
#422=VECTOR('',#2335,1.);
#423=VECTOR('',#2336,1.);
#424=VECTOR('',#2337,1.);
#425=VECTOR('',#2340,1.);
#426=VECTOR('',#2347,1.);
#427=VECTOR('',#2348,1.);
#428=VECTOR('',#2349,1.);
#429=VECTOR('',#2352,1.);
#430=VECTOR('',#2353,1.);
#431=VECTOR('',#2354,1.);
#432=VECTOR('',#2357,1.);
#433=VECTOR('',#2358,1.);
#434=VECTOR('',#2359,1.);
#435=VECTOR('',#2362,1.);
#436=VECTOR('',#2363,1.);
#437=VECTOR('',#2364,1.);
#438=VECTOR('',#2365,1.);
#439=VECTOR('',#2368,1.);
#440=VECTOR('',#2369,1.);
#441=VECTOR('',#2370,1.);
#442=VECTOR('',#2373,1.);
#443=VECTOR('',#2380,1.);
#444=VECTOR('',#2381,1.);
#445=VECTOR('',#2382,1.);
#446=VECTOR('',#2385,1.);
#447=VECTOR('',#2386,1.);
#448=VECTOR('',#2387,1.);
#449=VECTOR('',#2390,1.);
#450=VECTOR('',#2391,1.);
#451=VECTOR('',#2392,1.);
#452=VECTOR('',#2395,1.);
#453=VECTOR('',#2396,1.);
#454=VECTOR('',#2397,1.);
#455=VECTOR('',#2398,1.);
#456=VECTOR('',#2401,1.);
#457=VECTOR('',#2402,1.);
#458=VECTOR('',#2403,1.);
#459=VECTOR('',#2406,1.);
#460=VECTOR('',#2413,1.);
#461=VECTOR('',#2414,1.);
#462=VECTOR('',#2415,1.);
#463=VECTOR('',#2418,1.);
#464=VECTOR('',#2419,1.);
#465=VECTOR('',#2420,1.);
#466=VECTOR('',#2423,1.);
#467=VECTOR('',#2424,1.);
#468=VECTOR('',#2425,1.);
#469=VECTOR('',#2428,1.);
#470=VECTOR('',#2429,1.);
#471=VECTOR('',#2430,1.);
#472=VECTOR('',#2431,1.);
#473=VECTOR('',#2434,1.);
#474=VECTOR('',#2435,1.);
#475=VECTOR('',#2436,1.);
#476=VECTOR('',#2439,1.);
#477=VECTOR('',#2446,1.);
#478=VECTOR('',#2447,1.);
#479=VECTOR('',#2448,1.);
#480=VECTOR('',#2451,1.);
#481=VECTOR('',#2452,1.);
#482=VECTOR('',#2453,1.);
#483=VECTOR('',#2456,1.);
#484=VECTOR('',#2457,1.);
#485=VECTOR('',#2458,1.);
#486=VECTOR('',#2461,1.);
#487=VECTOR('',#2462,1.);
#488=VECTOR('',#2463,1.);
#489=VECTOR('',#2464,1.);
#490=VECTOR('',#2467,1.);
#491=VECTOR('',#2468,1.);
#492=VECTOR('',#2469,1.);
#493=VECTOR('',#2472,1.);
#494=VECTOR('',#2479,1.);
#495=VECTOR('',#2480,1.);
#496=VECTOR('',#2481,1.);
#497=VECTOR('',#2484,1.);
#498=VECTOR('',#2485,1.);
#499=VECTOR('',#2486,1.);
#500=VECTOR('',#2489,1.);
#501=VECTOR('',#2490,1.);
#502=VECTOR('',#2491,1.);
#503=VECTOR('',#2494,1.);
#504=VECTOR('',#2495,1.);
#505=VECTOR('',#2496,1.);
#506=VECTOR('',#2499,1.);
#507=VECTOR('',#2500,1.);
#508=VECTOR('',#2501,1.);
#509=VECTOR('',#2504,1.);
#510=VECTOR('',#2505,1.);
#511=VECTOR('',#2506,1.);
#512=VECTOR('',#2509,1.);
#513=VECTOR('',#2510,1.);
#514=VECTOR('',#2511,1.);
#515=VECTOR('',#2514,1.);
#516=VECTOR('',#2515,1.);
#517=VECTOR('',#2516,1.);
#518=VECTOR('',#2519,1.);
#519=VECTOR('',#2520,1.);
#520=VECTOR('',#2521,1.);
#521=VECTOR('',#2522,1.);
#522=VECTOR('',#2525,1.);
#523=VECTOR('',#2526,1.);
#524=VECTOR('',#2527,1.);
#525=VECTOR('',#2530,1.);
#526=VECTOR('',#2531,1.);
#527=VECTOR('',#2532,1.);
#528=VECTOR('',#2535,1.);
#529=VECTOR('',#2542,1.);
#530=VECTOR('',#2543,1.);
#531=VECTOR('',#2544,1.);
#532=VECTOR('',#2547,1.);
#533=VECTOR('',#2548,1.);
#534=VECTOR('',#2549,1.);
#535=VECTOR('',#2552,1.);
#536=VECTOR('',#2553,1.);
#537=VECTOR('',#2554,1.);
#538=VECTOR('',#2557,1.);
#539=VECTOR('',#2558,1.);
#540=VECTOR('',#2559,1.);
#541=VECTOR('',#2560,1.);
#542=VECTOR('',#2561,1.);
#543=VECTOR('',#2564,1.);
#544=VECTOR('',#2565,1.);
#545=VECTOR('',#2566,1.);
#546=VECTOR('',#2569,1.);
#547=VECTOR('',#2570,1.);
#548=VECTOR('',#2571,1.);
#549=VECTOR('',#2574,1.);
#550=VECTOR('',#2575,1.);
#551=VECTOR('',#2576,1.);
#552=VECTOR('',#2577,1.);
#553=VECTOR('',#2580,1.);
#554=VECTOR('',#2581,1.);
#555=VECTOR('',#2582,1.);
#556=VECTOR('',#2585,1.);
#557=VECTOR('',#2586,1.);
#558=VECTOR('',#2587,1.);
#559=VECTOR('',#2590,1.);
#560=VECTOR('',#2591,1.);
#561=VECTOR('',#2592,1.);
#562=VECTOR('',#2595,1.);
#563=VECTOR('',#2596,1.);
#564=VECTOR('',#2597,1.);
#565=VECTOR('',#2600,1.);
#566=VECTOR('',#2601,1.);
#567=VECTOR('',#2604,1.);
#568=VECTOR('',#2605,1.);
#569=VECTOR('',#2606,1.);
#570=VECTOR('',#2609,1.);
#571=VECTOR('',#2610,1.);
#572=VECTOR('',#2611,1.);
#573=VECTOR('',#2614,1.);
#574=VECTOR('',#2615,1.);
#575=VECTOR('',#2616,1.);
#576=VECTOR('',#2619,1.);
#577=VECTOR('',#2620,1.);
#578=VECTOR('',#2623,1.);
#579=VECTOR('',#2624,1.);
#580=VECTOR('',#2625,1.);
#581=VECTOR('',#2628,1.);
#582=VECTOR('',#2629,1.);
#583=VECTOR('',#2630,1.);
#584=VECTOR('',#2633,1.);
#585=VECTOR('',#2634,1.);
#586=VECTOR('',#2635,1.);
#587=VECTOR('',#2638,1.);
#588=VECTOR('',#2639,1.);
#589=VECTOR('',#2642,1.);
#590=VECTOR('',#2643,1.);
#591=VECTOR('',#2644,1.);
#592=VECTOR('',#2647,1.);
#593=VECTOR('',#2648,1.);
#594=VECTOR('',#2649,1.);
#595=VECTOR('',#2652,1.);
#596=VECTOR('',#2653,1.);
#597=VECTOR('',#2654,1.);
#598=VECTOR('',#2657,1.);
#599=VECTOR('',#2658,1.);
#600=VECTOR('',#2661,1.);
#601=VECTOR('',#2662,1.);
#602=VECTOR('',#2663,1.);
#603=VECTOR('',#2666,1.);
#604=VECTOR('',#2667,1.);
#605=VECTOR('',#2668,1.);
#606=VECTOR('',#2671,1.);
#607=VECTOR('',#2672,1.);
#608=VECTOR('',#2673,1.);
#609=VECTOR('',#2676,1.);
#610=VECTOR('',#2677,1.);
#611=VECTOR('',#2680,1.);
#612=VECTOR('',#2681,1.);
#613=VECTOR('',#2682,1.);
#614=VECTOR('',#2685,1.);
#615=VECTOR('',#2686,1.);
#616=VECTOR('',#2687,1.);
#617=VECTOR('',#2690,1.);
#618=VECTOR('',#2691,1.);
#619=VECTOR('',#2692,1.);
#620=VECTOR('',#2695,1.);
#621=VECTOR('',#2696,1.);
#622=VECTOR('',#2699,1.);
#623=VECTOR('',#2700,1.);
#624=VECTOR('',#2701,1.);
#625=VECTOR('',#2704,1.);
#626=VECTOR('',#2705,1.);
#627=VECTOR('',#2708,1.);
#628=VECTOR('',#2709,1.);
#629=VECTOR('',#2712,1.);
#630=ORIENTED_EDGE('',*,*,#1218,.T.);
#631=ORIENTED_EDGE('',*,*,#1219,.T.);
#632=ORIENTED_EDGE('',*,*,#1220,.F.);
#633=ORIENTED_EDGE('',*,*,#1221,.F.);
#634=ORIENTED_EDGE('',*,*,#1222,.T.);
#635=ORIENTED_EDGE('',*,*,#1223,.T.);
#636=ORIENTED_EDGE('',*,*,#1219,.F.);
#637=ORIENTED_EDGE('',*,*,#1224,.F.);
#638=ORIENTED_EDGE('',*,*,#1225,.T.);
#639=ORIENTED_EDGE('',*,*,#1226,.T.);
#640=ORIENTED_EDGE('',*,*,#1227,.F.);
#641=ORIENTED_EDGE('',*,*,#1228,.F.);
#642=ORIENTED_EDGE('',*,*,#1229,.T.);
#643=ORIENTED_EDGE('',*,*,#1230,.T.);
#644=ORIENTED_EDGE('',*,*,#1226,.F.);
#645=ORIENTED_EDGE('',*,*,#1231,.F.);
#646=ORIENTED_EDGE('',*,*,#1232,.T.);
#647=ORIENTED_EDGE('',*,*,#1233,.T.);
#648=ORIENTED_EDGE('',*,*,#1234,.F.);
#649=ORIENTED_EDGE('',*,*,#1229,.F.);
#650=ORIENTED_EDGE('',*,*,#1235,.T.);
#651=ORIENTED_EDGE('',*,*,#1236,.T.);
#652=ORIENTED_EDGE('',*,*,#1233,.F.);
#653=ORIENTED_EDGE('',*,*,#1237,.F.);
#654=ORIENTED_EDGE('',*,*,#1238,.T.);
#655=ORIENTED_EDGE('',*,*,#1239,.T.);
#656=ORIENTED_EDGE('',*,*,#1240,.F.);
#657=ORIENTED_EDGE('',*,*,#1235,.F.);
#658=ORIENTED_EDGE('',*,*,#1241,.T.);
#659=ORIENTED_EDGE('',*,*,#1242,.T.);
#660=ORIENTED_EDGE('',*,*,#1239,.F.);
#661=ORIENTED_EDGE('',*,*,#1243,.F.);
#662=ORIENTED_EDGE('',*,*,#1221,.T.);
#663=ORIENTED_EDGE('',*,*,#1244,.T.);
#664=ORIENTED_EDGE('',*,*,#1241,.F.);
#665=ORIENTED_EDGE('',*,*,#1245,.F.);
#666=ORIENTED_EDGE('',*,*,#1246,.T.);
#667=ORIENTED_EDGE('',*,*,#1247,.T.);
#668=ORIENTED_EDGE('',*,*,#1248,.F.);
#669=ORIENTED_EDGE('',*,*,#1249,.F.);
#670=ORIENTED_EDGE('',*,*,#1250,.T.);
#671=ORIENTED_EDGE('',*,*,#1248,.T.);
#672=ORIENTED_EDGE('',*,*,#1251,.F.);
#673=ORIENTED_EDGE('',*,*,#1252,.F.);
#674=ORIENTED_EDGE('',*,*,#1253,.T.);
#675=ORIENTED_EDGE('',*,*,#1254,.T.);
#676=ORIENTED_EDGE('',*,*,#1255,.F.);
#677=ORIENTED_EDGE('',*,*,#1256,.F.);
#678=ORIENTED_EDGE('',*,*,#1257,.T.);
#679=ORIENTED_EDGE('',*,*,#1255,.T.);
#680=ORIENTED_EDGE('',*,*,#1258,.F.);
#681=ORIENTED_EDGE('',*,*,#1259,.F.);
#682=ORIENTED_EDGE('',*,*,#1259,.T.);
#683=ORIENTED_EDGE('',*,*,#1260,.T.);
#684=ORIENTED_EDGE('',*,*,#1261,.F.);
#685=ORIENTED_EDGE('',*,*,#1262,.F.);
#686=ORIENTED_EDGE('',*,*,#1263,.T.);
#687=ORIENTED_EDGE('',*,*,#1261,.T.);
#688=ORIENTED_EDGE('',*,*,#1264,.F.);
#689=ORIENTED_EDGE('',*,*,#1265,.F.);
#690=ORIENTED_EDGE('',*,*,#1265,.T.);
#691=ORIENTED_EDGE('',*,*,#1266,.T.);
#692=ORIENTED_EDGE('',*,*,#1267,.F.);
#693=ORIENTED_EDGE('',*,*,#1268,.F.);
#694=ORIENTED_EDGE('',*,*,#1269,.T.);
#695=ORIENTED_EDGE('',*,*,#1267,.T.);
#696=ORIENTED_EDGE('',*,*,#1270,.F.);
#697=ORIENTED_EDGE('',*,*,#1271,.F.);
#698=ORIENTED_EDGE('',*,*,#1272,.T.);
#699=ORIENTED_EDGE('',*,*,#1271,.T.);
#700=ORIENTED_EDGE('',*,*,#1273,.F.);
#701=ORIENTED_EDGE('',*,*,#1246,.F.);
#702=ORIENTED_EDGE('',*,*,#1228,.T.);
#703=ORIENTED_EDGE('',*,*,#1274,.T.);
#704=ORIENTED_EDGE('',*,*,#1275,.F.);
#705=ORIENTED_EDGE('',*,*,#1276,.F.);
#706=ORIENTED_EDGE('',*,*,#1244,.F.);
#707=ORIENTED_EDGE('',*,*,#1220,.T.);
#708=ORIENTED_EDGE('',*,*,#1223,.F.);
#709=ORIENTED_EDGE('',*,*,#1277,.T.);
#710=ORIENTED_EDGE('',*,*,#1278,.F.);
#711=ORIENTED_EDGE('',*,*,#1274,.F.);
#712=ORIENTED_EDGE('',*,*,#1227,.T.);
#713=ORIENTED_EDGE('',*,*,#1230,.F.);
#714=ORIENTED_EDGE('',*,*,#1234,.T.);
#715=ORIENTED_EDGE('',*,*,#1236,.F.);
#716=ORIENTED_EDGE('',*,*,#1240,.T.);
#717=ORIENTED_EDGE('',*,*,#1242,.F.);
#718=ORIENTED_EDGE('',*,*,#1279,.T.);
#719=ORIENTED_EDGE('',*,*,#1280,.T.);
#720=ORIENTED_EDGE('',*,*,#1277,.F.);
#721=ORIENTED_EDGE('',*,*,#1222,.F.);
#722=ORIENTED_EDGE('',*,*,#1281,.T.);
#723=ORIENTED_EDGE('',*,*,#1282,.T.);
#724=ORIENTED_EDGE('',*,*,#1283,.F.);
#725=ORIENTED_EDGE('',*,*,#1253,.F.);
#726=ORIENTED_EDGE('',*,*,#1270,.T.);
#727=ORIENTED_EDGE('',*,*,#1266,.F.);
#728=ORIENTED_EDGE('',*,*,#1264,.T.);
#729=ORIENTED_EDGE('',*,*,#1260,.F.);
#730=ORIENTED_EDGE('',*,*,#1258,.T.);
#731=ORIENTED_EDGE('',*,*,#1254,.F.);
#732=ORIENTED_EDGE('',*,*,#1283,.T.);
#733=ORIENTED_EDGE('',*,*,#1284,.T.);
#734=ORIENTED_EDGE('',*,*,#1285,.F.);
#735=ORIENTED_EDGE('',*,*,#1251,.T.);
#736=ORIENTED_EDGE('',*,*,#1247,.F.);
#737=ORIENTED_EDGE('',*,*,#1273,.T.);
#738=ORIENTED_EDGE('',*,*,#1252,.T.);
#739=ORIENTED_EDGE('',*,*,#1285,.T.);
#740=ORIENTED_EDGE('',*,*,#1286,.F.);
#741=ORIENTED_EDGE('',*,*,#1287,.F.);
#742=ORIENTED_EDGE('',*,*,#1288,.F.);
#743=ORIENTED_EDGE('',*,*,#1289,.T.);
#744=ORIENTED_EDGE('',*,*,#1290,.F.);
#745=ORIENTED_EDGE('',*,*,#1291,.F.);
#746=ORIENTED_EDGE('',*,*,#1292,.F.);
#747=ORIENTED_EDGE('',*,*,#1293,.T.);
#748=ORIENTED_EDGE('',*,*,#1294,.F.);
#749=ORIENTED_EDGE('',*,*,#1289,.F.);
#750=ORIENTED_EDGE('',*,*,#1295,.T.);
#751=ORIENTED_EDGE('',*,*,#1296,.F.);
#752=ORIENTED_EDGE('',*,*,#1293,.F.);
#753=ORIENTED_EDGE('',*,*,#1297,.T.);
#754=ORIENTED_EDGE('',*,*,#1295,.F.);
#755=ORIENTED_EDGE('',*,*,#1298,.F.);
#756=ORIENTED_EDGE('',*,*,#1299,.F.);
#757=ORIENTED_EDGE('',*,*,#1300,.F.);
#758=ORIENTED_EDGE('',*,*,#1301,.F.);
#759=ORIENTED_EDGE('',*,*,#1302,.T.);
#760=ORIENTED_EDGE('',*,*,#1299,.T.);
#761=ORIENTED_EDGE('',*,*,#1303,.F.);
#762=ORIENTED_EDGE('',*,*,#1304,.T.);
#763=ORIENTED_EDGE('',*,*,#1305,.T.);
#764=ORIENTED_EDGE('',*,*,#1306,.T.);
#765=ORIENTED_EDGE('',*,*,#1301,.T.);
#766=ORIENTED_EDGE('',*,*,#1307,.F.);
#767=ORIENTED_EDGE('',*,*,#1308,.T.);
#768=ORIENTED_EDGE('',*,*,#1309,.F.);
#769=ORIENTED_EDGE('',*,*,#1310,.F.);
#770=ORIENTED_EDGE('',*,*,#1311,.F.);
#771=ORIENTED_EDGE('',*,*,#1312,.T.);
#772=ORIENTED_EDGE('',*,*,#1313,.F.);
#773=ORIENTED_EDGE('',*,*,#1308,.F.);
#774=ORIENTED_EDGE('',*,*,#1314,.T.);
#775=ORIENTED_EDGE('',*,*,#1315,.F.);
#776=ORIENTED_EDGE('',*,*,#1312,.F.);
#777=ORIENTED_EDGE('',*,*,#1316,.T.);
#778=ORIENTED_EDGE('',*,*,#1314,.F.);
#779=ORIENTED_EDGE('',*,*,#1317,.F.);
#780=ORIENTED_EDGE('',*,*,#1318,.F.);
#781=ORIENTED_EDGE('',*,*,#1319,.F.);
#782=ORIENTED_EDGE('',*,*,#1320,.F.);
#783=ORIENTED_EDGE('',*,*,#1321,.T.);
#784=ORIENTED_EDGE('',*,*,#1318,.T.);
#785=ORIENTED_EDGE('',*,*,#1322,.F.);
#786=ORIENTED_EDGE('',*,*,#1323,.T.);
#787=ORIENTED_EDGE('',*,*,#1324,.T.);
#788=ORIENTED_EDGE('',*,*,#1325,.T.);
#789=ORIENTED_EDGE('',*,*,#1320,.T.);
#790=ORIENTED_EDGE('',*,*,#1326,.F.);
#791=ORIENTED_EDGE('',*,*,#1327,.T.);
#792=ORIENTED_EDGE('',*,*,#1328,.F.);
#793=ORIENTED_EDGE('',*,*,#1329,.F.);
#794=ORIENTED_EDGE('',*,*,#1330,.F.);
#795=ORIENTED_EDGE('',*,*,#1331,.T.);
#796=ORIENTED_EDGE('',*,*,#1332,.F.);
#797=ORIENTED_EDGE('',*,*,#1327,.F.);
#798=ORIENTED_EDGE('',*,*,#1333,.T.);
#799=ORIENTED_EDGE('',*,*,#1334,.F.);
#800=ORIENTED_EDGE('',*,*,#1331,.F.);
#801=ORIENTED_EDGE('',*,*,#1335,.T.);
#802=ORIENTED_EDGE('',*,*,#1333,.F.);
#803=ORIENTED_EDGE('',*,*,#1336,.F.);
#804=ORIENTED_EDGE('',*,*,#1337,.F.);
#805=ORIENTED_EDGE('',*,*,#1338,.F.);
#806=ORIENTED_EDGE('',*,*,#1339,.F.);
#807=ORIENTED_EDGE('',*,*,#1340,.T.);
#808=ORIENTED_EDGE('',*,*,#1337,.T.);
#809=ORIENTED_EDGE('',*,*,#1341,.F.);
#810=ORIENTED_EDGE('',*,*,#1342,.T.);
#811=ORIENTED_EDGE('',*,*,#1343,.T.);
#812=ORIENTED_EDGE('',*,*,#1344,.T.);
#813=ORIENTED_EDGE('',*,*,#1339,.T.);
#814=ORIENTED_EDGE('',*,*,#1345,.F.);
#815=ORIENTED_EDGE('',*,*,#1346,.T.);
#816=ORIENTED_EDGE('',*,*,#1347,.F.);
#817=ORIENTED_EDGE('',*,*,#1348,.F.);
#818=ORIENTED_EDGE('',*,*,#1349,.F.);
#819=ORIENTED_EDGE('',*,*,#1350,.T.);
#820=ORIENTED_EDGE('',*,*,#1351,.F.);
#821=ORIENTED_EDGE('',*,*,#1346,.F.);
#822=ORIENTED_EDGE('',*,*,#1352,.T.);
#823=ORIENTED_EDGE('',*,*,#1353,.F.);
#824=ORIENTED_EDGE('',*,*,#1350,.F.);
#825=ORIENTED_EDGE('',*,*,#1354,.T.);
#826=ORIENTED_EDGE('',*,*,#1355,.F.);
#827=ORIENTED_EDGE('',*,*,#1352,.F.);
#828=ORIENTED_EDGE('',*,*,#1356,.F.);
#829=ORIENTED_EDGE('',*,*,#1357,.F.);
#830=ORIENTED_EDGE('',*,*,#1358,.F.);
#831=ORIENTED_EDGE('',*,*,#1359,.T.);
#832=ORIENTED_EDGE('',*,*,#1357,.T.);
#833=ORIENTED_EDGE('',*,*,#1360,.F.);
#834=ORIENTED_EDGE('',*,*,#1361,.T.);
#835=ORIENTED_EDGE('',*,*,#1362,.T.);
#836=ORIENTED_EDGE('',*,*,#1363,.T.);
#837=ORIENTED_EDGE('',*,*,#1358,.T.);
#838=ORIENTED_EDGE('',*,*,#1364,.F.);
#839=ORIENTED_EDGE('',*,*,#1365,.T.);
#840=ORIENTED_EDGE('',*,*,#1366,.F.);
#841=ORIENTED_EDGE('',*,*,#1367,.F.);
#842=ORIENTED_EDGE('',*,*,#1368,.T.);
#843=ORIENTED_EDGE('',*,*,#1369,.F.);
#844=ORIENTED_EDGE('',*,*,#1365,.F.);
#845=ORIENTED_EDGE('',*,*,#1370,.F.);
#846=ORIENTED_EDGE('',*,*,#1371,.T.);
#847=ORIENTED_EDGE('',*,*,#1372,.F.);
#848=ORIENTED_EDGE('',*,*,#1368,.F.);
#849=ORIENTED_EDGE('',*,*,#1373,.T.);
#850=ORIENTED_EDGE('',*,*,#1374,.F.);
#851=ORIENTED_EDGE('',*,*,#1371,.F.);
#852=ORIENTED_EDGE('',*,*,#1375,.F.);
#853=ORIENTED_EDGE('',*,*,#1376,.F.);
#854=ORIENTED_EDGE('',*,*,#1377,.F.);
#855=ORIENTED_EDGE('',*,*,#1378,.T.);
#856=ORIENTED_EDGE('',*,*,#1376,.T.);
#857=ORIENTED_EDGE('',*,*,#1379,.F.);
#858=ORIENTED_EDGE('',*,*,#1380,.T.);
#859=ORIENTED_EDGE('',*,*,#1381,.T.);
#860=ORIENTED_EDGE('',*,*,#1382,.T.);
#861=ORIENTED_EDGE('',*,*,#1377,.T.);
#862=ORIENTED_EDGE('',*,*,#1383,.T.);
#863=ORIENTED_EDGE('',*,*,#1384,.T.);
#864=ORIENTED_EDGE('',*,*,#1291,.T.);
#865=ORIENTED_EDGE('',*,*,#1385,.F.);
#866=ORIENTED_EDGE('',*,*,#1386,.T.);
#867=ORIENTED_EDGE('',*,*,#1387,.T.);
#868=ORIENTED_EDGE('',*,*,#1310,.T.);
#869=ORIENTED_EDGE('',*,*,#1388,.F.);
#870=ORIENTED_EDGE('',*,*,#1389,.T.);
#871=ORIENTED_EDGE('',*,*,#1390,.T.);
#872=ORIENTED_EDGE('',*,*,#1329,.T.);
#873=ORIENTED_EDGE('',*,*,#1391,.F.);
#874=ORIENTED_EDGE('',*,*,#1392,.T.);
#875=ORIENTED_EDGE('',*,*,#1393,.T.);
#876=ORIENTED_EDGE('',*,*,#1348,.T.);
#877=ORIENTED_EDGE('',*,*,#1394,.F.);
#878=ORIENTED_EDGE('',*,*,#1395,.T.);
#879=ORIENTED_EDGE('',*,*,#1396,.T.);
#880=ORIENTED_EDGE('',*,*,#1367,.T.);
#881=ORIENTED_EDGE('',*,*,#1397,.F.);
#882=ORIENTED_EDGE('',*,*,#1398,.T.);
#883=ORIENTED_EDGE('',*,*,#1399,.T.);
#884=ORIENTED_EDGE('',*,*,#1400,.T.);
#885=ORIENTED_EDGE('',*,*,#1401,.F.);
#886=ORIENTED_EDGE('',*,*,#1402,.F.);
#887=ORIENTED_EDGE('',*,*,#1403,.T.);
#888=ORIENTED_EDGE('',*,*,#1404,.F.);
#889=ORIENTED_EDGE('',*,*,#1400,.F.);
#890=ORIENTED_EDGE('',*,*,#1405,.T.);
#891=ORIENTED_EDGE('',*,*,#1406,.F.);
#892=ORIENTED_EDGE('',*,*,#1403,.F.);
#893=ORIENTED_EDGE('',*,*,#1407,.F.);
#894=ORIENTED_EDGE('',*,*,#1408,.T.);
#895=ORIENTED_EDGE('',*,*,#1409,.F.);
#896=ORIENTED_EDGE('',*,*,#1405,.F.);
#897=ORIENTED_EDGE('',*,*,#1410,.T.);
#898=ORIENTED_EDGE('',*,*,#1411,.F.);
#899=ORIENTED_EDGE('',*,*,#1408,.F.);
#900=ORIENTED_EDGE('',*,*,#1412,.F.);
#901=ORIENTED_EDGE('',*,*,#1413,.F.);
#902=ORIENTED_EDGE('',*,*,#1414,.F.);
#903=ORIENTED_EDGE('',*,*,#1415,.T.);
#904=ORIENTED_EDGE('',*,*,#1413,.T.);
#905=ORIENTED_EDGE('',*,*,#1416,.F.);
#906=ORIENTED_EDGE('',*,*,#1417,.T.);
#907=ORIENTED_EDGE('',*,*,#1418,.T.);
#908=ORIENTED_EDGE('',*,*,#1419,.T.);
#909=ORIENTED_EDGE('',*,*,#1414,.T.);
#910=ORIENTED_EDGE('',*,*,#1420,.F.);
#911=ORIENTED_EDGE('',*,*,#1421,.T.);
#912=ORIENTED_EDGE('',*,*,#1279,.F.);
#913=ORIENTED_EDGE('',*,*,#1224,.T.);
#914=ORIENTED_EDGE('',*,*,#1218,.F.);
#915=ORIENTED_EDGE('',*,*,#1245,.T.);
#916=ORIENTED_EDGE('',*,*,#1243,.T.);
#917=ORIENTED_EDGE('',*,*,#1238,.F.);
#918=ORIENTED_EDGE('',*,*,#1237,.T.);
#919=ORIENTED_EDGE('',*,*,#1232,.F.);
#920=ORIENTED_EDGE('',*,*,#1231,.T.);
#921=ORIENTED_EDGE('',*,*,#1225,.F.);
#922=ORIENTED_EDGE('',*,*,#1276,.T.);
#923=ORIENTED_EDGE('',*,*,#1422,.T.);
#924=ORIENTED_EDGE('',*,*,#1423,.T.);
#925=ORIENTED_EDGE('',*,*,#1424,.F.);
#926=ORIENTED_EDGE('',*,*,#1422,.F.);
#927=ORIENTED_EDGE('',*,*,#1275,.T.);
#928=ORIENTED_EDGE('',*,*,#1278,.T.);
#929=ORIENTED_EDGE('',*,*,#1280,.F.);
#930=ORIENTED_EDGE('',*,*,#1421,.F.);
#931=ORIENTED_EDGE('',*,*,#1425,.F.);
#932=ORIENTED_EDGE('',*,*,#1426,.T.);
#933=ORIENTED_EDGE('',*,*,#1427,.T.);
#934=ORIENTED_EDGE('',*,*,#1428,.F.);
#935=ORIENTED_EDGE('',*,*,#1429,.T.);
#936=ORIENTED_EDGE('',*,*,#1430,.T.);
#937=ORIENTED_EDGE('',*,*,#1426,.F.);
#938=ORIENTED_EDGE('',*,*,#1431,.F.);
#939=ORIENTED_EDGE('',*,*,#1429,.F.);
#940=ORIENTED_EDGE('',*,*,#1432,.T.);
#941=ORIENTED_EDGE('',*,*,#1433,.T.);
#942=ORIENTED_EDGE('',*,*,#1286,.T.);
#943=ORIENTED_EDGE('',*,*,#1284,.F.);
#944=ORIENTED_EDGE('',*,*,#1282,.F.);
#945=ORIENTED_EDGE('',*,*,#1434,.T.);
#946=ORIENTED_EDGE('',*,*,#1435,.F.);
#947=ORIENTED_EDGE('',*,*,#1436,.T.);
#948=ORIENTED_EDGE('',*,*,#1437,.T.);
#949=ORIENTED_EDGE('',*,*,#1434,.F.);
#950=ORIENTED_EDGE('',*,*,#1281,.F.);
#951=ORIENTED_EDGE('',*,*,#1256,.T.);
#952=ORIENTED_EDGE('',*,*,#1257,.F.);
#953=ORIENTED_EDGE('',*,*,#1262,.T.);
#954=ORIENTED_EDGE('',*,*,#1263,.F.);
#955=ORIENTED_EDGE('',*,*,#1268,.T.);
#956=ORIENTED_EDGE('',*,*,#1269,.F.);
#957=ORIENTED_EDGE('',*,*,#1272,.F.);
#958=ORIENTED_EDGE('',*,*,#1249,.T.);
#959=ORIENTED_EDGE('',*,*,#1250,.F.);
#960=ORIENTED_EDGE('',*,*,#1287,.T.);
#961=ORIENTED_EDGE('',*,*,#1433,.F.);
#962=ORIENTED_EDGE('',*,*,#1438,.T.);
#963=ORIENTED_EDGE('',*,*,#1439,.T.);
#964=ORIENTED_EDGE('',*,*,#1436,.F.);
#965=ORIENTED_EDGE('',*,*,#1440,.F.);
#966=ORIENTED_EDGE('',*,*,#1441,.F.);
#967=ORIENTED_EDGE('',*,*,#1442,.F.);
#968=ORIENTED_EDGE('',*,*,#1443,.T.);
#969=ORIENTED_EDGE('',*,*,#1438,.F.);
#970=ORIENTED_EDGE('',*,*,#1304,.F.);
#971=ORIENTED_EDGE('',*,*,#1303,.T.);
#972=ORIENTED_EDGE('',*,*,#1298,.T.);
#973=ORIENTED_EDGE('',*,*,#1297,.F.);
#974=ORIENTED_EDGE('',*,*,#1292,.T.);
#975=ORIENTED_EDGE('',*,*,#1288,.T.);
#976=ORIENTED_EDGE('',*,*,#1384,.F.);
#977=ORIENTED_EDGE('',*,*,#1444,.T.);
#978=ORIENTED_EDGE('',*,*,#1442,.T.);
#979=ORIENTED_EDGE('',*,*,#1445,.F.);
#980=ORIENTED_EDGE('',*,*,#1446,.F.);
#981=ORIENTED_EDGE('',*,*,#1305,.F.);
#982=ORIENTED_EDGE('',*,*,#1446,.T.);
#983=ORIENTED_EDGE('',*,*,#1447,.F.);
#984=ORIENTED_EDGE('',*,*,#1448,.F.);
#985=ORIENTED_EDGE('',*,*,#1306,.F.);
#986=ORIENTED_EDGE('',*,*,#1448,.T.);
#987=ORIENTED_EDGE('',*,*,#1449,.F.);
#988=ORIENTED_EDGE('',*,*,#1450,.T.);
#989=ORIENTED_EDGE('',*,*,#1451,.T.);
#990=ORIENTED_EDGE('',*,*,#1385,.T.);
#991=ORIENTED_EDGE('',*,*,#1290,.T.);
#992=ORIENTED_EDGE('',*,*,#1294,.T.);
#993=ORIENTED_EDGE('',*,*,#1296,.T.);
#994=ORIENTED_EDGE('',*,*,#1300,.T.);
#995=ORIENTED_EDGE('',*,*,#1302,.F.);
#996=ORIENTED_EDGE('',*,*,#1452,.F.);
#997=ORIENTED_EDGE('',*,*,#1453,.F.);
#998=ORIENTED_EDGE('',*,*,#1454,.T.);
#999=ORIENTED_EDGE('',*,*,#1450,.F.);
#1000=ORIENTED_EDGE('',*,*,#1323,.F.);
#1001=ORIENTED_EDGE('',*,*,#1322,.T.);
#1002=ORIENTED_EDGE('',*,*,#1317,.T.);
#1003=ORIENTED_EDGE('',*,*,#1316,.F.);
#1004=ORIENTED_EDGE('',*,*,#1311,.T.);
#1005=ORIENTED_EDGE('',*,*,#1307,.T.);
#1006=ORIENTED_EDGE('',*,*,#1387,.F.);
#1007=ORIENTED_EDGE('',*,*,#1455,.T.);
#1008=ORIENTED_EDGE('',*,*,#1453,.T.);
#1009=ORIENTED_EDGE('',*,*,#1456,.F.);
#1010=ORIENTED_EDGE('',*,*,#1457,.F.);
#1011=ORIENTED_EDGE('',*,*,#1324,.F.);
#1012=ORIENTED_EDGE('',*,*,#1457,.T.);
#1013=ORIENTED_EDGE('',*,*,#1458,.F.);
#1014=ORIENTED_EDGE('',*,*,#1459,.F.);
#1015=ORIENTED_EDGE('',*,*,#1325,.F.);
#1016=ORIENTED_EDGE('',*,*,#1459,.T.);
#1017=ORIENTED_EDGE('',*,*,#1460,.F.);
#1018=ORIENTED_EDGE('',*,*,#1461,.T.);
#1019=ORIENTED_EDGE('',*,*,#1462,.T.);
#1020=ORIENTED_EDGE('',*,*,#1388,.T.);
#1021=ORIENTED_EDGE('',*,*,#1309,.T.);
#1022=ORIENTED_EDGE('',*,*,#1313,.T.);
#1023=ORIENTED_EDGE('',*,*,#1315,.T.);
#1024=ORIENTED_EDGE('',*,*,#1319,.T.);
#1025=ORIENTED_EDGE('',*,*,#1321,.F.);
#1026=ORIENTED_EDGE('',*,*,#1463,.F.);
#1027=ORIENTED_EDGE('',*,*,#1464,.F.);
#1028=ORIENTED_EDGE('',*,*,#1465,.T.);
#1029=ORIENTED_EDGE('',*,*,#1461,.F.);
#1030=ORIENTED_EDGE('',*,*,#1342,.F.);
#1031=ORIENTED_EDGE('',*,*,#1341,.T.);
#1032=ORIENTED_EDGE('',*,*,#1336,.T.);
#1033=ORIENTED_EDGE('',*,*,#1335,.F.);
#1034=ORIENTED_EDGE('',*,*,#1330,.T.);
#1035=ORIENTED_EDGE('',*,*,#1326,.T.);
#1036=ORIENTED_EDGE('',*,*,#1390,.F.);
#1037=ORIENTED_EDGE('',*,*,#1466,.T.);
#1038=ORIENTED_EDGE('',*,*,#1464,.T.);
#1039=ORIENTED_EDGE('',*,*,#1467,.F.);
#1040=ORIENTED_EDGE('',*,*,#1468,.F.);
#1041=ORIENTED_EDGE('',*,*,#1343,.F.);
#1042=ORIENTED_EDGE('',*,*,#1468,.T.);
#1043=ORIENTED_EDGE('',*,*,#1469,.F.);
#1044=ORIENTED_EDGE('',*,*,#1470,.F.);
#1045=ORIENTED_EDGE('',*,*,#1344,.F.);
#1046=ORIENTED_EDGE('',*,*,#1470,.T.);
#1047=ORIENTED_EDGE('',*,*,#1471,.F.);
#1048=ORIENTED_EDGE('',*,*,#1472,.T.);
#1049=ORIENTED_EDGE('',*,*,#1473,.T.);
#1050=ORIENTED_EDGE('',*,*,#1391,.T.);
#1051=ORIENTED_EDGE('',*,*,#1328,.T.);
#1052=ORIENTED_EDGE('',*,*,#1332,.T.);
#1053=ORIENTED_EDGE('',*,*,#1334,.T.);
#1054=ORIENTED_EDGE('',*,*,#1338,.T.);
#1055=ORIENTED_EDGE('',*,*,#1340,.F.);
#1056=ORIENTED_EDGE('',*,*,#1474,.F.);
#1057=ORIENTED_EDGE('',*,*,#1475,.F.);
#1058=ORIENTED_EDGE('',*,*,#1476,.T.);
#1059=ORIENTED_EDGE('',*,*,#1472,.F.);
#1060=ORIENTED_EDGE('',*,*,#1361,.F.);
#1061=ORIENTED_EDGE('',*,*,#1360,.T.);
#1062=ORIENTED_EDGE('',*,*,#1356,.T.);
#1063=ORIENTED_EDGE('',*,*,#1354,.F.);
#1064=ORIENTED_EDGE('',*,*,#1349,.T.);
#1065=ORIENTED_EDGE('',*,*,#1345,.T.);
#1066=ORIENTED_EDGE('',*,*,#1393,.F.);
#1067=ORIENTED_EDGE('',*,*,#1477,.T.);
#1068=ORIENTED_EDGE('',*,*,#1475,.T.);
#1069=ORIENTED_EDGE('',*,*,#1478,.F.);
#1070=ORIENTED_EDGE('',*,*,#1479,.F.);
#1071=ORIENTED_EDGE('',*,*,#1362,.F.);
#1072=ORIENTED_EDGE('',*,*,#1479,.T.);
#1073=ORIENTED_EDGE('',*,*,#1480,.F.);
#1074=ORIENTED_EDGE('',*,*,#1481,.F.);
#1075=ORIENTED_EDGE('',*,*,#1363,.F.);
#1076=ORIENTED_EDGE('',*,*,#1481,.T.);
#1077=ORIENTED_EDGE('',*,*,#1482,.F.);
#1078=ORIENTED_EDGE('',*,*,#1483,.T.);
#1079=ORIENTED_EDGE('',*,*,#1484,.T.);
#1080=ORIENTED_EDGE('',*,*,#1394,.T.);
#1081=ORIENTED_EDGE('',*,*,#1347,.T.);
#1082=ORIENTED_EDGE('',*,*,#1351,.T.);
#1083=ORIENTED_EDGE('',*,*,#1353,.T.);
#1084=ORIENTED_EDGE('',*,*,#1355,.T.);
#1085=ORIENTED_EDGE('',*,*,#1359,.F.);
#1086=ORIENTED_EDGE('',*,*,#1485,.F.);
#1087=ORIENTED_EDGE('',*,*,#1486,.F.);
#1088=ORIENTED_EDGE('',*,*,#1487,.T.);
#1089=ORIENTED_EDGE('',*,*,#1483,.F.);
#1090=ORIENTED_EDGE('',*,*,#1380,.F.);
#1091=ORIENTED_EDGE('',*,*,#1379,.T.);
#1092=ORIENTED_EDGE('',*,*,#1375,.T.);
#1093=ORIENTED_EDGE('',*,*,#1373,.F.);
#1094=ORIENTED_EDGE('',*,*,#1370,.T.);
#1095=ORIENTED_EDGE('',*,*,#1364,.T.);
#1096=ORIENTED_EDGE('',*,*,#1396,.F.);
#1097=ORIENTED_EDGE('',*,*,#1488,.T.);
#1098=ORIENTED_EDGE('',*,*,#1486,.T.);
#1099=ORIENTED_EDGE('',*,*,#1489,.F.);
#1100=ORIENTED_EDGE('',*,*,#1490,.F.);
#1101=ORIENTED_EDGE('',*,*,#1381,.F.);
#1102=ORIENTED_EDGE('',*,*,#1490,.T.);
#1103=ORIENTED_EDGE('',*,*,#1491,.F.);
#1104=ORIENTED_EDGE('',*,*,#1492,.F.);
#1105=ORIENTED_EDGE('',*,*,#1382,.F.);
#1106=ORIENTED_EDGE('',*,*,#1492,.T.);
#1107=ORIENTED_EDGE('',*,*,#1493,.F.);
#1108=ORIENTED_EDGE('',*,*,#1494,.T.);
#1109=ORIENTED_EDGE('',*,*,#1495,.T.);
#1110=ORIENTED_EDGE('',*,*,#1397,.T.);
#1111=ORIENTED_EDGE('',*,*,#1366,.T.);
#1112=ORIENTED_EDGE('',*,*,#1369,.T.);
#1113=ORIENTED_EDGE('',*,*,#1372,.T.);
#1114=ORIENTED_EDGE('',*,*,#1374,.T.);
#1115=ORIENTED_EDGE('',*,*,#1378,.F.);
#1116=ORIENTED_EDGE('',*,*,#1496,.F.);
#1117=ORIENTED_EDGE('',*,*,#1497,.F.);
#1118=ORIENTED_EDGE('',*,*,#1498,.T.);
#1119=ORIENTED_EDGE('',*,*,#1494,.F.);
#1120=ORIENTED_EDGE('',*,*,#1417,.F.);
#1121=ORIENTED_EDGE('',*,*,#1416,.T.);
#1122=ORIENTED_EDGE('',*,*,#1412,.T.);
#1123=ORIENTED_EDGE('',*,*,#1410,.F.);
#1124=ORIENTED_EDGE('',*,*,#1407,.T.);
#1125=ORIENTED_EDGE('',*,*,#1402,.T.);
#1126=ORIENTED_EDGE('',*,*,#1399,.F.);
#1127=ORIENTED_EDGE('',*,*,#1499,.T.);
#1128=ORIENTED_EDGE('',*,*,#1497,.T.);
#1129=ORIENTED_EDGE('',*,*,#1500,.F.);
#1130=ORIENTED_EDGE('',*,*,#1501,.F.);
#1131=ORIENTED_EDGE('',*,*,#1418,.F.);
#1132=ORIENTED_EDGE('',*,*,#1501,.T.);
#1133=ORIENTED_EDGE('',*,*,#1502,.F.);
#1134=ORIENTED_EDGE('',*,*,#1503,.F.);
#1135=ORIENTED_EDGE('',*,*,#1424,.T.);
#1136=ORIENTED_EDGE('',*,*,#1504,.T.);
#1137=ORIENTED_EDGE('',*,*,#1505,.F.);
#1138=ORIENTED_EDGE('',*,*,#1506,.F.);
#1139=ORIENTED_EDGE('',*,*,#1507,.F.);
#1140=ORIENTED_EDGE('',*,*,#1504,.F.);
#1141=ORIENTED_EDGE('',*,*,#1423,.F.);
#1142=ORIENTED_EDGE('',*,*,#1427,.F.);
#1143=ORIENTED_EDGE('',*,*,#1430,.F.);
#1144=ORIENTED_EDGE('',*,*,#1431,.T.);
#1145=ORIENTED_EDGE('',*,*,#1437,.F.);
#1146=ORIENTED_EDGE('',*,*,#1439,.F.);
#1147=ORIENTED_EDGE('',*,*,#1443,.F.);
#1148=ORIENTED_EDGE('',*,*,#1444,.F.);
#1149=ORIENTED_EDGE('',*,*,#1383,.F.);
#1150=ORIENTED_EDGE('',*,*,#1451,.F.);
#1151=ORIENTED_EDGE('',*,*,#1454,.F.);
#1152=ORIENTED_EDGE('',*,*,#1455,.F.);
#1153=ORIENTED_EDGE('',*,*,#1386,.F.);
#1154=ORIENTED_EDGE('',*,*,#1462,.F.);
#1155=ORIENTED_EDGE('',*,*,#1465,.F.);
#1156=ORIENTED_EDGE('',*,*,#1466,.F.);
#1157=ORIENTED_EDGE('',*,*,#1389,.F.);
#1158=ORIENTED_EDGE('',*,*,#1473,.F.);
#1159=ORIENTED_EDGE('',*,*,#1476,.F.);
#1160=ORIENTED_EDGE('',*,*,#1477,.F.);
#1161=ORIENTED_EDGE('',*,*,#1392,.F.);
#1162=ORIENTED_EDGE('',*,*,#1484,.F.);
#1163=ORIENTED_EDGE('',*,*,#1487,.F.);
#1164=ORIENTED_EDGE('',*,*,#1488,.F.);
#1165=ORIENTED_EDGE('',*,*,#1395,.F.);
#1166=ORIENTED_EDGE('',*,*,#1495,.F.);
#1167=ORIENTED_EDGE('',*,*,#1498,.F.);
#1168=ORIENTED_EDGE('',*,*,#1499,.F.);
#1169=ORIENTED_EDGE('',*,*,#1398,.F.);
#1170=ORIENTED_EDGE('',*,*,#1508,.F.);
#1171=ORIENTED_EDGE('',*,*,#1419,.F.);
#1172=ORIENTED_EDGE('',*,*,#1503,.T.);
#1173=ORIENTED_EDGE('',*,*,#1509,.F.);
#1174=ORIENTED_EDGE('',*,*,#1510,.T.);
#1175=ORIENTED_EDGE('',*,*,#1508,.T.);
#1176=ORIENTED_EDGE('',*,*,#1401,.T.);
#1177=ORIENTED_EDGE('',*,*,#1404,.T.);
#1178=ORIENTED_EDGE('',*,*,#1406,.T.);
#1179=ORIENTED_EDGE('',*,*,#1409,.T.);
#1180=ORIENTED_EDGE('',*,*,#1411,.T.);
#1181=ORIENTED_EDGE('',*,*,#1415,.F.);
#1182=ORIENTED_EDGE('',*,*,#1509,.T.);
#1183=ORIENTED_EDGE('',*,*,#1502,.T.);
#1184=ORIENTED_EDGE('',*,*,#1500,.T.);
#1185=ORIENTED_EDGE('',*,*,#1496,.T.);
#1186=ORIENTED_EDGE('',*,*,#1493,.T.);
#1187=ORIENTED_EDGE('',*,*,#1491,.T.);
#1188=ORIENTED_EDGE('',*,*,#1489,.T.);
#1189=ORIENTED_EDGE('',*,*,#1485,.T.);
#1190=ORIENTED_EDGE('',*,*,#1482,.T.);
#1191=ORIENTED_EDGE('',*,*,#1480,.T.);
#1192=ORIENTED_EDGE('',*,*,#1478,.T.);
#1193=ORIENTED_EDGE('',*,*,#1474,.T.);
#1194=ORIENTED_EDGE('',*,*,#1471,.T.);
#1195=ORIENTED_EDGE('',*,*,#1469,.T.);
#1196=ORIENTED_EDGE('',*,*,#1467,.T.);
#1197=ORIENTED_EDGE('',*,*,#1463,.T.);
#1198=ORIENTED_EDGE('',*,*,#1460,.T.);
#1199=ORIENTED_EDGE('',*,*,#1458,.T.);
#1200=ORIENTED_EDGE('',*,*,#1456,.T.);
#1201=ORIENTED_EDGE('',*,*,#1452,.T.);
#1202=ORIENTED_EDGE('',*,*,#1449,.T.);
#1203=ORIENTED_EDGE('',*,*,#1447,.T.);
#1204=ORIENTED_EDGE('',*,*,#1445,.T.);
#1205=ORIENTED_EDGE('',*,*,#1441,.T.);
#1206=ORIENTED_EDGE('',*,*,#1440,.T.);
#1207=ORIENTED_EDGE('',*,*,#1435,.T.);
#1208=ORIENTED_EDGE('',*,*,#1432,.F.);
#1209=ORIENTED_EDGE('',*,*,#1428,.T.);
#1210=ORIENTED_EDGE('',*,*,#1425,.T.);
#1211=ORIENTED_EDGE('',*,*,#1420,.T.);
#1212=ORIENTED_EDGE('',*,*,#1506,.T.);
#1213=ORIENTED_EDGE('',*,*,#1511,.T.);
#1214=ORIENTED_EDGE('',*,*,#1511,.F.);
#1215=ORIENTED_EDGE('',*,*,#1505,.T.);
#1216=ORIENTED_EDGE('',*,*,#1507,.T.);
#1217=ORIENTED_EDGE('',*,*,#1510,.F.);
#1218=EDGE_CURVE('',#1512,#1513,#1708,.T.);
#1219=EDGE_CURVE('',#1513,#1514,#98,.T.);
#1220=EDGE_CURVE('',#1515,#1514,#1709,.T.);
#1221=EDGE_CURVE('',#1512,#1515,#99,.T.);
#1222=EDGE_CURVE('',#1516,#1517,#100,.T.);
#1223=EDGE_CURVE('',#1517,#1514,#101,.T.);
#1224=EDGE_CURVE('',#1516,#1513,#102,.T.);
#1225=EDGE_CURVE('',#1518,#1519,#103,.T.);
#1226=EDGE_CURVE('',#1519,#1520,#104,.T.);
#1227=EDGE_CURVE('',#1521,#1520,#105,.T.);
#1228=EDGE_CURVE('',#1518,#1521,#106,.T.);
#1229=EDGE_CURVE('',#1522,#1523,#107,.T.);
#1230=EDGE_CURVE('',#1523,#1520,#1710,.T.);
#1231=EDGE_CURVE('',#1522,#1519,#1711,.T.);
#1232=EDGE_CURVE('',#1522,#1524,#108,.T.);
#1233=EDGE_CURVE('',#1524,#1525,#109,.T.);
#1234=EDGE_CURVE('',#1523,#1525,#110,.T.);
#1235=EDGE_CURVE('',#1526,#1527,#111,.T.);
#1236=EDGE_CURVE('',#1527,#1525,#1712,.T.);
#1237=EDGE_CURVE('',#1526,#1524,#1713,.T.);
#1238=EDGE_CURVE('',#1526,#1528,#112,.T.);
#1239=EDGE_CURVE('',#1528,#1529,#113,.T.);
#1240=EDGE_CURVE('',#1527,#1529,#114,.T.);
#1241=EDGE_CURVE('',#1530,#1531,#115,.T.);
#1242=EDGE_CURVE('',#1531,#1529,#116,.T.);
#1243=EDGE_CURVE('',#1530,#1528,#117,.T.);
#1244=EDGE_CURVE('',#1515,#1531,#118,.T.);
#1245=EDGE_CURVE('',#1512,#1530,#119,.T.);
#1246=EDGE_CURVE('',#1532,#1533,#120,.T.);
#1247=EDGE_CURVE('',#1533,#1534,#1714,.T.);
#1248=EDGE_CURVE('',#1535,#1534,#121,.T.);
#1249=EDGE_CURVE('',#1532,#1535,#1715,.T.);
#1250=EDGE_CURVE('',#1536,#1535,#122,.T.);
#1251=EDGE_CURVE('',#1537,#1534,#123,.T.);
#1252=EDGE_CURVE('',#1536,#1537,#124,.T.);
#1253=EDGE_CURVE('',#1538,#1539,#125,.T.);
#1254=EDGE_CURVE('',#1539,#1540,#126,.T.);
#1255=EDGE_CURVE('',#1541,#1540,#127,.T.);
#1256=EDGE_CURVE('',#1538,#1541,#128,.T.);
#1257=EDGE_CURVE('',#1542,#1541,#1716,.T.);
#1258=EDGE_CURVE('',#1543,#1540,#1717,.T.);
#1259=EDGE_CURVE('',#1542,#1543,#129,.T.);
#1260=EDGE_CURVE('',#1543,#1544,#130,.T.);
#1261=EDGE_CURVE('',#1545,#1544,#131,.T.);
#1262=EDGE_CURVE('',#1542,#1545,#132,.T.);
#1263=EDGE_CURVE('',#1546,#1545,#1718,.T.);
#1264=EDGE_CURVE('',#1547,#1544,#1719,.T.);
#1265=EDGE_CURVE('',#1546,#1547,#133,.T.);
#1266=EDGE_CURVE('',#1547,#1548,#134,.T.);
#1267=EDGE_CURVE('',#1549,#1548,#135,.T.);
#1268=EDGE_CURVE('',#1546,#1549,#136,.T.);
#1269=EDGE_CURVE('',#1550,#1549,#137,.T.);
#1270=EDGE_CURVE('',#1551,#1548,#138,.T.);
#1271=EDGE_CURVE('',#1550,#1551,#139,.T.);
#1272=EDGE_CURVE('',#1532,#1550,#140,.T.);
#1273=EDGE_CURVE('',#1533,#1551,#141,.T.);
#1274=EDGE_CURVE('',#1521,#1552,#142,.T.);
#1275=EDGE_CURVE('',#1553,#1552,#143,.T.);
#1276=EDGE_CURVE('',#1518,#1553,#144,.T.);
#1277=EDGE_CURVE('',#1517,#1554,#1720,.T.);
#1278=EDGE_CURVE('',#1552,#1554,#145,.T.);
#1279=EDGE_CURVE('',#1516,#1555,#1721,.T.);
#1280=EDGE_CURVE('',#1555,#1554,#146,.T.);
#1281=EDGE_CURVE('',#1538,#1556,#147,.T.);
#1282=EDGE_CURVE('',#1556,#1557,#148,.T.);
#1283=EDGE_CURVE('',#1539,#1557,#149,.T.);
#1284=EDGE_CURVE('',#1557,#1558,#150,.T.);
#1285=EDGE_CURVE('',#1537,#1558,#1722,.T.);
#1286=EDGE_CURVE('',#1559,#1558,#151,.T.);
#1287=EDGE_CURVE('',#1536,#1559,#1723,.T.);
#1288=EDGE_CURVE('',#1560,#1561,#152,.T.);
#1289=EDGE_CURVE('',#1560,#1562,#153,.T.);
#1290=EDGE_CURVE('',#1563,#1562,#154,.T.);
#1291=EDGE_CURVE('',#1561,#1563,#155,.T.);
#1292=EDGE_CURVE('',#1564,#1560,#156,.T.);
#1293=EDGE_CURVE('',#1564,#1565,#157,.T.);
#1294=EDGE_CURVE('',#1562,#1565,#158,.T.);
#1295=EDGE_CURVE('',#1566,#1567,#159,.T.);
#1296=EDGE_CURVE('',#1565,#1567,#1724,.T.);
#1297=EDGE_CURVE('',#1564,#1566,#1725,.T.);
#1298=EDGE_CURVE('',#1568,#1566,#160,.T.);
#1299=EDGE_CURVE('',#1569,#1568,#161,.T.);
#1300=EDGE_CURVE('',#1567,#1569,#162,.T.);
#1301=EDGE_CURVE('',#1570,#1571,#163,.T.);
#1302=EDGE_CURVE('',#1570,#1569,#164,.T.);
#1303=EDGE_CURVE('',#1571,#1568,#165,.T.);
#1304=EDGE_CURVE('',#1571,#1572,#166,.T.);
#1305=EDGE_CURVE('',#1572,#1573,#167,.T.);
#1306=EDGE_CURVE('',#1573,#1570,#168,.T.);
#1307=EDGE_CURVE('',#1574,#1575,#169,.T.);
#1308=EDGE_CURVE('',#1574,#1576,#170,.T.);
#1309=EDGE_CURVE('',#1577,#1576,#171,.T.);
#1310=EDGE_CURVE('',#1575,#1577,#172,.T.);
#1311=EDGE_CURVE('',#1578,#1574,#173,.T.);
#1312=EDGE_CURVE('',#1578,#1579,#174,.T.);
#1313=EDGE_CURVE('',#1576,#1579,#175,.T.);
#1314=EDGE_CURVE('',#1580,#1581,#176,.T.);
#1315=EDGE_CURVE('',#1579,#1581,#1726,.T.);
#1316=EDGE_CURVE('',#1578,#1580,#1727,.T.);
#1317=EDGE_CURVE('',#1582,#1580,#177,.T.);
#1318=EDGE_CURVE('',#1583,#1582,#178,.T.);
#1319=EDGE_CURVE('',#1581,#1583,#179,.T.);
#1320=EDGE_CURVE('',#1584,#1585,#180,.T.);
#1321=EDGE_CURVE('',#1584,#1583,#181,.T.);
#1322=EDGE_CURVE('',#1585,#1582,#182,.T.);
#1323=EDGE_CURVE('',#1585,#1586,#183,.T.);
#1324=EDGE_CURVE('',#1586,#1587,#184,.T.);
#1325=EDGE_CURVE('',#1587,#1584,#185,.T.);
#1326=EDGE_CURVE('',#1588,#1589,#186,.T.);
#1327=EDGE_CURVE('',#1588,#1590,#187,.T.);
#1328=EDGE_CURVE('',#1591,#1590,#188,.T.);
#1329=EDGE_CURVE('',#1589,#1591,#189,.T.);
#1330=EDGE_CURVE('',#1592,#1588,#190,.T.);
#1331=EDGE_CURVE('',#1592,#1593,#191,.T.);
#1332=EDGE_CURVE('',#1590,#1593,#192,.T.);
#1333=EDGE_CURVE('',#1594,#1595,#193,.T.);
#1334=EDGE_CURVE('',#1593,#1595,#1728,.T.);
#1335=EDGE_CURVE('',#1592,#1594,#1729,.T.);
#1336=EDGE_CURVE('',#1596,#1594,#194,.T.);
#1337=EDGE_CURVE('',#1597,#1596,#195,.T.);
#1338=EDGE_CURVE('',#1595,#1597,#196,.T.);
#1339=EDGE_CURVE('',#1598,#1599,#197,.T.);
#1340=EDGE_CURVE('',#1598,#1597,#198,.T.);
#1341=EDGE_CURVE('',#1599,#1596,#199,.T.);
#1342=EDGE_CURVE('',#1599,#1600,#200,.T.);
#1343=EDGE_CURVE('',#1600,#1601,#201,.T.);
#1344=EDGE_CURVE('',#1601,#1598,#202,.T.);
#1345=EDGE_CURVE('',#1602,#1603,#203,.T.);
#1346=EDGE_CURVE('',#1602,#1604,#204,.T.);
#1347=EDGE_CURVE('',#1605,#1604,#205,.T.);
#1348=EDGE_CURVE('',#1603,#1605,#206,.T.);
#1349=EDGE_CURVE('',#1606,#1602,#207,.T.);
#1350=EDGE_CURVE('',#1606,#1607,#208,.T.);
#1351=EDGE_CURVE('',#1604,#1607,#209,.T.);
#1352=EDGE_CURVE('',#1608,#1609,#210,.T.);
#1353=EDGE_CURVE('',#1607,#1609,#1730,.T.);
#1354=EDGE_CURVE('',#1606,#1608,#1731,.T.);
#1355=EDGE_CURVE('',#1609,#1610,#211,.T.);
#1356=EDGE_CURVE('',#1611,#1608,#212,.T.);
#1357=EDGE_CURVE('',#1610,#1611,#213,.T.);
#1358=EDGE_CURVE('',#1612,#1613,#214,.T.);
#1359=EDGE_CURVE('',#1612,#1610,#215,.T.);
#1360=EDGE_CURVE('',#1613,#1611,#216,.T.);
#1361=EDGE_CURVE('',#1613,#1614,#217,.T.);
#1362=EDGE_CURVE('',#1614,#1615,#218,.T.);
#1363=EDGE_CURVE('',#1615,#1612,#219,.T.);
#1364=EDGE_CURVE('',#1616,#1617,#220,.T.);
#1365=EDGE_CURVE('',#1616,#1618,#221,.T.);
#1366=EDGE_CURVE('',#1619,#1618,#222,.T.);
#1367=EDGE_CURVE('',#1617,#1619,#223,.T.);
#1368=EDGE_CURVE('',#1620,#1621,#224,.T.);
#1369=EDGE_CURVE('',#1618,#1621,#225,.T.);
#1370=EDGE_CURVE('',#1620,#1616,#226,.T.);
#1371=EDGE_CURVE('',#1622,#1623,#227,.T.);
#1372=EDGE_CURVE('',#1621,#1623,#1732,.T.);
#1373=EDGE_CURVE('',#1620,#1622,#1733,.T.);
#1374=EDGE_CURVE('',#1623,#1624,#228,.T.);
#1375=EDGE_CURVE('',#1625,#1622,#229,.T.);
#1376=EDGE_CURVE('',#1624,#1625,#230,.T.);
#1377=EDGE_CURVE('',#1626,#1627,#231,.T.);
#1378=EDGE_CURVE('',#1626,#1624,#232,.T.);
#1379=EDGE_CURVE('',#1627,#1625,#233,.T.);
#1380=EDGE_CURVE('',#1627,#1628,#234,.T.);
#1381=EDGE_CURVE('',#1628,#1629,#235,.T.);
#1382=EDGE_CURVE('',#1629,#1626,#236,.T.);
#1383=EDGE_CURVE('',#1630,#1631,#237,.T.);
#1384=EDGE_CURVE('',#1631,#1561,#238,.T.);
#1385=EDGE_CURVE('',#1630,#1563,#239,.T.);
#1386=EDGE_CURVE('',#1632,#1633,#240,.T.);
#1387=EDGE_CURVE('',#1633,#1575,#241,.T.);
#1388=EDGE_CURVE('',#1632,#1577,#242,.T.);
#1389=EDGE_CURVE('',#1634,#1635,#243,.T.);
#1390=EDGE_CURVE('',#1635,#1589,#244,.T.);
#1391=EDGE_CURVE('',#1634,#1591,#245,.T.);
#1392=EDGE_CURVE('',#1636,#1637,#246,.T.);
#1393=EDGE_CURVE('',#1637,#1603,#247,.T.);
#1394=EDGE_CURVE('',#1636,#1605,#248,.T.);
#1395=EDGE_CURVE('',#1638,#1639,#249,.T.);
#1396=EDGE_CURVE('',#1639,#1617,#250,.T.);
#1397=EDGE_CURVE('',#1638,#1619,#251,.T.);
#1398=EDGE_CURVE('',#1640,#1641,#252,.T.);
#1399=EDGE_CURVE('',#1641,#1642,#253,.T.);
#1400=EDGE_CURVE('',#1642,#1643,#254,.T.);
#1401=EDGE_CURVE('',#1640,#1643,#255,.T.);
#1402=EDGE_CURVE('',#1644,#1642,#256,.T.);
#1403=EDGE_CURVE('',#1644,#1645,#257,.T.);
#1404=EDGE_CURVE('',#1643,#1645,#258,.T.);
#1405=EDGE_CURVE('',#1646,#1647,#259,.T.);
#1406=EDGE_CURVE('',#1645,#1647,#260,.T.);
#1407=EDGE_CURVE('',#1646,#1644,#261,.T.);
#1408=EDGE_CURVE('',#1648,#1649,#262,.T.);
#1409=EDGE_CURVE('',#1647,#1649,#1734,.T.);
#1410=EDGE_CURVE('',#1646,#1648,#1735,.T.);
#1411=EDGE_CURVE('',#1649,#1650,#263,.T.);
#1412=EDGE_CURVE('',#1651,#1648,#264,.T.);
#1413=EDGE_CURVE('',#1650,#1651,#265,.T.);
#1414=EDGE_CURVE('',#1652,#1653,#266,.T.);
#1415=EDGE_CURVE('',#1652,#1650,#267,.T.);
#1416=EDGE_CURVE('',#1653,#1651,#268,.T.);
#1417=EDGE_CURVE('',#1653,#1654,#269,.T.);
#1418=EDGE_CURVE('',#1654,#1655,#270,.T.);
#1419=EDGE_CURVE('',#1655,#1652,#271,.T.);
#1420=EDGE_CURVE('',#1656,#1657,#272,.T.);
#1421=EDGE_CURVE('',#1656,#1555,#273,.T.);
#1422=EDGE_CURVE('',#1553,#1658,#274,.T.);
#1423=EDGE_CURVE('',#1658,#1659,#275,.T.);
#1424=EDGE_CURVE('',#1657,#1659,#276,.T.);
#1425=EDGE_CURVE('',#1660,#1656,#277,.T.);
#1426=EDGE_CURVE('',#1660,#1661,#278,.T.);
#1427=EDGE_CURVE('',#1661,#1658,#279,.T.);
#1428=EDGE_CURVE('',#1662,#1660,#280,.T.);
#1429=EDGE_CURVE('',#1662,#1663,#281,.T.);
#1430=EDGE_CURVE('',#1663,#1661,#282,.T.);
#1431=EDGE_CURVE('',#1663,#1664,#283,.T.);
#1432=EDGE_CURVE('',#1662,#1665,#284,.T.);
#1433=EDGE_CURVE('',#1665,#1559,#285,.T.);
#1434=EDGE_CURVE('',#1556,#1664,#286,.T.);
#1435=EDGE_CURVE('',#1666,#1665,#287,.T.);
#1436=EDGE_CURVE('',#1666,#1667,#288,.T.);
#1437=EDGE_CURVE('',#1667,#1664,#289,.T.);
#1438=EDGE_CURVE('',#1668,#1669,#290,.T.);
#1439=EDGE_CURVE('',#1669,#1667,#291,.T.);
#1440=EDGE_CURVE('',#1668,#1666,#292,.T.);
#1441=EDGE_CURVE('',#1670,#1668,#293,.T.);
#1442=EDGE_CURVE('',#1671,#1670,#294,.T.);
#1443=EDGE_CURVE('',#1671,#1669,#295,.T.);
#1444=EDGE_CURVE('',#1631,#1671,#296,.T.);
#1445=EDGE_CURVE('',#1672,#1670,#297,.T.);
#1446=EDGE_CURVE('',#1572,#1672,#298,.T.);
#1447=EDGE_CURVE('',#1673,#1672,#299,.T.);
#1448=EDGE_CURVE('',#1573,#1673,#300,.T.);
#1449=EDGE_CURVE('',#1674,#1673,#301,.T.);
#1450=EDGE_CURVE('',#1674,#1675,#302,.T.);
#1451=EDGE_CURVE('',#1675,#1630,#303,.T.);
#1452=EDGE_CURVE('',#1676,#1674,#304,.T.);
#1453=EDGE_CURVE('',#1677,#1676,#305,.T.);
#1454=EDGE_CURVE('',#1677,#1675,#306,.T.);
#1455=EDGE_CURVE('',#1633,#1677,#307,.T.);
#1456=EDGE_CURVE('',#1678,#1676,#308,.T.);
#1457=EDGE_CURVE('',#1586,#1678,#309,.T.);
#1458=EDGE_CURVE('',#1679,#1678,#310,.T.);
#1459=EDGE_CURVE('',#1587,#1679,#311,.T.);
#1460=EDGE_CURVE('',#1680,#1679,#312,.T.);
#1461=EDGE_CURVE('',#1680,#1681,#313,.T.);
#1462=EDGE_CURVE('',#1681,#1632,#314,.T.);
#1463=EDGE_CURVE('',#1682,#1680,#315,.T.);
#1464=EDGE_CURVE('',#1683,#1682,#316,.T.);
#1465=EDGE_CURVE('',#1683,#1681,#317,.T.);
#1466=EDGE_CURVE('',#1635,#1683,#318,.T.);
#1467=EDGE_CURVE('',#1684,#1682,#319,.T.);
#1468=EDGE_CURVE('',#1600,#1684,#320,.T.);
#1469=EDGE_CURVE('',#1685,#1684,#321,.T.);
#1470=EDGE_CURVE('',#1601,#1685,#322,.T.);
#1471=EDGE_CURVE('',#1686,#1685,#323,.T.);
#1472=EDGE_CURVE('',#1686,#1687,#324,.T.);
#1473=EDGE_CURVE('',#1687,#1634,#325,.T.);
#1474=EDGE_CURVE('',#1688,#1686,#326,.T.);
#1475=EDGE_CURVE('',#1689,#1688,#327,.T.);
#1476=EDGE_CURVE('',#1689,#1687,#328,.T.);
#1477=EDGE_CURVE('',#1637,#1689,#329,.T.);
#1478=EDGE_CURVE('',#1690,#1688,#330,.T.);
#1479=EDGE_CURVE('',#1614,#1690,#331,.T.);
#1480=EDGE_CURVE('',#1691,#1690,#332,.T.);
#1481=EDGE_CURVE('',#1615,#1691,#333,.T.);
#1482=EDGE_CURVE('',#1692,#1691,#334,.T.);
#1483=EDGE_CURVE('',#1692,#1693,#335,.T.);
#1484=EDGE_CURVE('',#1693,#1636,#336,.T.);
#1485=EDGE_CURVE('',#1694,#1692,#337,.T.);
#1486=EDGE_CURVE('',#1695,#1694,#338,.T.);
#1487=EDGE_CURVE('',#1695,#1693,#339,.T.);
#1488=EDGE_CURVE('',#1639,#1695,#340,.T.);
#1489=EDGE_CURVE('',#1696,#1694,#341,.T.);
#1490=EDGE_CURVE('',#1628,#1696,#342,.T.);
#1491=EDGE_CURVE('',#1697,#1696,#343,.T.);
#1492=EDGE_CURVE('',#1629,#1697,#344,.T.);
#1493=EDGE_CURVE('',#1698,#1697,#345,.T.);
#1494=EDGE_CURVE('',#1698,#1699,#346,.T.);
#1495=EDGE_CURVE('',#1699,#1638,#347,.T.);
#1496=EDGE_CURVE('',#1700,#1698,#348,.T.);
#1497=EDGE_CURVE('',#1701,#1700,#349,.T.);
#1498=EDGE_CURVE('',#1701,#1699,#350,.T.);
#1499=EDGE_CURVE('',#1641,#1701,#351,.T.);
#1500=EDGE_CURVE('',#1702,#1700,#352,.T.);
#1501=EDGE_CURVE('',#1654,#1702,#353,.T.);
#1502=EDGE_CURVE('',#1703,#1702,#354,.T.);
#1503=EDGE_CURVE('',#1655,#1703,#355,.T.);
#1504=EDGE_CURVE('',#1659,#1704,#356,.T.);
#1505=EDGE_CURVE('',#1705,#1704,#357,.T.);
#1506=EDGE_CURVE('',#1657,#1705,#358,.T.);
#1507=EDGE_CURVE('',#1704,#1706,#359,.T.);
#1508=EDGE_CURVE('',#1706,#1640,#360,.T.);
#1509=EDGE_CURVE('',#1707,#1703,#361,.T.);
#1510=EDGE_CURVE('',#1707,#1706,#362,.T.);
#1511=EDGE_CURVE('',#1705,#1707,#363,.T.);
#1512=VERTEX_POINT('',#2718);
#1513=VERTEX_POINT('',#2719);
#1514=VERTEX_POINT('',#2721);
#1515=VERTEX_POINT('',#2723);
#1516=VERTEX_POINT('',#2727);
#1517=VERTEX_POINT('',#2728);
#1518=VERTEX_POINT('',#2733);
#1519=VERTEX_POINT('',#2734);
#1520=VERTEX_POINT('',#2736);
#1521=VERTEX_POINT('',#2738);
#1522=VERTEX_POINT('',#2742);
#1523=VERTEX_POINT('',#2743);
#1524=VERTEX_POINT('',#2748);
#1525=VERTEX_POINT('',#2750);
#1526=VERTEX_POINT('',#2754);
#1527=VERTEX_POINT('',#2755);
#1528=VERTEX_POINT('',#2760);
#1529=VERTEX_POINT('',#2762);
#1530=VERTEX_POINT('',#2766);
#1531=VERTEX_POINT('',#2767);
#1532=VERTEX_POINT('',#2775);
#1533=VERTEX_POINT('',#2776);
#1534=VERTEX_POINT('',#2778);
#1535=VERTEX_POINT('',#2780);
#1536=VERTEX_POINT('',#2784);
#1537=VERTEX_POINT('',#2786);
#1538=VERTEX_POINT('',#2790);
#1539=VERTEX_POINT('',#2791);
#1540=VERTEX_POINT('',#2793);
#1541=VERTEX_POINT('',#2795);
#1542=VERTEX_POINT('',#2799);
#1543=VERTEX_POINT('',#2801);
#1544=VERTEX_POINT('',#2805);
#1545=VERTEX_POINT('',#2807);
#1546=VERTEX_POINT('',#2811);
#1547=VERTEX_POINT('',#2813);
#1548=VERTEX_POINT('',#2817);
#1549=VERTEX_POINT('',#2819);
#1550=VERTEX_POINT('',#2823);
#1551=VERTEX_POINT('',#2825);
#1552=VERTEX_POINT('',#2832);
#1553=VERTEX_POINT('',#2834);
#1554=VERTEX_POINT('',#2838);
#1555=VERTEX_POINT('',#2842);
#1556=VERTEX_POINT('',#2846);
#1557=VERTEX_POINT('',#2848);
#1558=VERTEX_POINT('',#2852);
#1559=VERTEX_POINT('',#2856);
#1560=VERTEX_POINT('',#2860);
#1561=VERTEX_POINT('',#2861);
#1562=VERTEX_POINT('',#2863);
#1563=VERTEX_POINT('',#2865);
#1564=VERTEX_POINT('',#2869);
#1565=VERTEX_POINT('',#2871);
#1566=VERTEX_POINT('',#2875);
#1567=VERTEX_POINT('',#2876);
#1568=VERTEX_POINT('',#2881);
#1569=VERTEX_POINT('',#2883);
#1570=VERTEX_POINT('',#2887);
#1571=VERTEX_POINT('',#2888);
#1572=VERTEX_POINT('',#2893);
#1573=VERTEX_POINT('',#2895);
#1574=VERTEX_POINT('',#2899);
#1575=VERTEX_POINT('',#2900);
#1576=VERTEX_POINT('',#2902);
#1577=VERTEX_POINT('',#2904);
#1578=VERTEX_POINT('',#2908);
#1579=VERTEX_POINT('',#2910);
#1580=VERTEX_POINT('',#2914);
#1581=VERTEX_POINT('',#2915);
#1582=VERTEX_POINT('',#2920);
#1583=VERTEX_POINT('',#2922);
#1584=VERTEX_POINT('',#2926);
#1585=VERTEX_POINT('',#2927);
#1586=VERTEX_POINT('',#2932);
#1587=VERTEX_POINT('',#2934);
#1588=VERTEX_POINT('',#2938);
#1589=VERTEX_POINT('',#2939);
#1590=VERTEX_POINT('',#2941);
#1591=VERTEX_POINT('',#2943);
#1592=VERTEX_POINT('',#2947);
#1593=VERTEX_POINT('',#2949);
#1594=VERTEX_POINT('',#2953);
#1595=VERTEX_POINT('',#2954);
#1596=VERTEX_POINT('',#2959);
#1597=VERTEX_POINT('',#2961);
#1598=VERTEX_POINT('',#2965);
#1599=VERTEX_POINT('',#2966);
#1600=VERTEX_POINT('',#2971);
#1601=VERTEX_POINT('',#2973);
#1602=VERTEX_POINT('',#2977);
#1603=VERTEX_POINT('',#2978);
#1604=VERTEX_POINT('',#2980);
#1605=VERTEX_POINT('',#2982);
#1606=VERTEX_POINT('',#2986);
#1607=VERTEX_POINT('',#2988);
#1608=VERTEX_POINT('',#2992);
#1609=VERTEX_POINT('',#2993);
#1610=VERTEX_POINT('',#2998);
#1611=VERTEX_POINT('',#3000);
#1612=VERTEX_POINT('',#3004);
#1613=VERTEX_POINT('',#3005);
#1614=VERTEX_POINT('',#3010);
#1615=VERTEX_POINT('',#3012);
#1616=VERTEX_POINT('',#3016);
#1617=VERTEX_POINT('',#3017);
#1618=VERTEX_POINT('',#3019);
#1619=VERTEX_POINT('',#3021);
#1620=VERTEX_POINT('',#3025);
#1621=VERTEX_POINT('',#3026);
#1622=VERTEX_POINT('',#3031);
#1623=VERTEX_POINT('',#3032);
#1624=VERTEX_POINT('',#3037);
#1625=VERTEX_POINT('',#3039);
#1626=VERTEX_POINT('',#3043);
#1627=VERTEX_POINT('',#3044);
#1628=VERTEX_POINT('',#3049);
#1629=VERTEX_POINT('',#3051);
#1630=VERTEX_POINT('',#3055);
#1631=VERTEX_POINT('',#3056);
#1632=VERTEX_POINT('',#3061);
#1633=VERTEX_POINT('',#3062);
#1634=VERTEX_POINT('',#3067);
#1635=VERTEX_POINT('',#3068);
#1636=VERTEX_POINT('',#3073);
#1637=VERTEX_POINT('',#3074);
#1638=VERTEX_POINT('',#3079);
#1639=VERTEX_POINT('',#3080);
#1640=VERTEX_POINT('',#3085);
#1641=VERTEX_POINT('',#3086);
#1642=VERTEX_POINT('',#3088);
#1643=VERTEX_POINT('',#3090);
#1644=VERTEX_POINT('',#3094);
#1645=VERTEX_POINT('',#3096);
#1646=VERTEX_POINT('',#3100);
#1647=VERTEX_POINT('',#3101);
#1648=VERTEX_POINT('',#3106);
#1649=VERTEX_POINT('',#3107);
#1650=VERTEX_POINT('',#3112);
#1651=VERTEX_POINT('',#3114);
#1652=VERTEX_POINT('',#3118);
#1653=VERTEX_POINT('',#3119);
#1654=VERTEX_POINT('',#3124);
#1655=VERTEX_POINT('',#3126);
#1656=VERTEX_POINT('',#3130);
#1657=VERTEX_POINT('',#3131);
#1658=VERTEX_POINT('',#3134);
#1659=VERTEX_POINT('',#3136);
#1660=VERTEX_POINT('',#3140);
#1661=VERTEX_POINT('',#3142);
#1662=VERTEX_POINT('',#3146);
#1663=VERTEX_POINT('',#3148);
#1664=VERTEX_POINT('',#3152);
#1665=VERTEX_POINT('',#3154);
#1666=VERTEX_POINT('',#3159);
#1667=VERTEX_POINT('',#3161);
#1668=VERTEX_POINT('',#3165);
#1669=VERTEX_POINT('',#3166);
#1670=VERTEX_POINT('',#3171);
#1671=VERTEX_POINT('',#3173);
#1672=VERTEX_POINT('',#3178);
#1673=VERTEX_POINT('',#3182);
#1674=VERTEX_POINT('',#3186);
#1675=VERTEX_POINT('',#3188);
#1676=VERTEX_POINT('',#3192);
#1677=VERTEX_POINT('',#3194);
#1678=VERTEX_POINT('',#3199);
#1679=VERTEX_POINT('',#3203);
#1680=VERTEX_POINT('',#3207);
#1681=VERTEX_POINT('',#3209);
#1682=VERTEX_POINT('',#3213);
#1683=VERTEX_POINT('',#3215);
#1684=VERTEX_POINT('',#3220);
#1685=VERTEX_POINT('',#3224);
#1686=VERTEX_POINT('',#3228);
#1687=VERTEX_POINT('',#3230);
#1688=VERTEX_POINT('',#3234);
#1689=VERTEX_POINT('',#3236);
#1690=VERTEX_POINT('',#3241);
#1691=VERTEX_POINT('',#3245);
#1692=VERTEX_POINT('',#3249);
#1693=VERTEX_POINT('',#3251);
#1694=VERTEX_POINT('',#3255);
#1695=VERTEX_POINT('',#3257);
#1696=VERTEX_POINT('',#3262);
#1697=VERTEX_POINT('',#3266);
#1698=VERTEX_POINT('',#3270);
#1699=VERTEX_POINT('',#3272);
#1700=VERTEX_POINT('',#3276);
#1701=VERTEX_POINT('',#3278);
#1702=VERTEX_POINT('',#3283);
#1703=VERTEX_POINT('',#3287);
#1704=VERTEX_POINT('',#3291);
#1705=VERTEX_POINT('',#3293);
#1706=VERTEX_POINT('',#3297);
#1707=VERTEX_POINT('',#3301);
#1708=CIRCLE('',#2064,0.0001);
#1709=CIRCLE('',#2065,0.0001);
#1710=CIRCLE('',#2069,5.E-5);
#1711=CIRCLE('',#2070,5.E-5);
#1712=CIRCLE('',#2073,5.E-5);
#1713=CIRCLE('',#2074,5.E-5);
#1714=CIRCLE('',#2079,0.0001);
#1715=CIRCLE('',#2080,0.0001);
#1716=CIRCLE('',#2084,5.E-5);
#1717=CIRCLE('',#2085,5.E-5);
#1718=CIRCLE('',#2088,5.E-5);
#1719=CIRCLE('',#2089,5.E-5);
#1720=CIRCLE('',#2095,0.0001);
#1721=CIRCLE('',#2097,0.0001);
#1722=CIRCLE('',#2100,0.0001);
#1723=CIRCLE('',#2102,0.0001);
#1724=CIRCLE('',#2106,0.0002);
#1725=CIRCLE('',#2107,0.0002);
#1726=CIRCLE('',#2114,0.0002);
#1727=CIRCLE('',#2115,0.0002);
#1728=CIRCLE('',#2122,0.0002);
#1729=CIRCLE('',#2123,0.0002);
#1730=CIRCLE('',#2130,0.0002);
#1731=CIRCLE('',#2131,0.0002);
#1732=CIRCLE('',#2138,0.0002);
#1733=CIRCLE('',#2139,0.0002);
#1734=CIRCLE('',#2152,0.0002);
#1735=CIRCLE('',#2153,0.0002);
#1736=EDGE_LOOP('',(#630,#631,#632,#633));
#1737=EDGE_LOOP('',(#634,#635,#636,#637));
#1738=EDGE_LOOP('',(#638,#639,#640,#641));
#1739=EDGE_LOOP('',(#642,#643,#644,#645));
#1740=EDGE_LOOP('',(#646,#647,#648,#649));
#1741=EDGE_LOOP('',(#650,#651,#652,#653));
#1742=EDGE_LOOP('',(#654,#655,#656,#657));
#1743=EDGE_LOOP('',(#658,#659,#660,#661));
#1744=EDGE_LOOP('',(#662,#663,#664,#665));
#1745=EDGE_LOOP('',(#666,#667,#668,#669));
#1746=EDGE_LOOP('',(#670,#671,#672,#673));
#1747=EDGE_LOOP('',(#674,#675,#676,#677));
#1748=EDGE_LOOP('',(#678,#679,#680,#681));
#1749=EDGE_LOOP('',(#682,#683,#684,#685));
#1750=EDGE_LOOP('',(#686,#687,#688,#689));
#1751=EDGE_LOOP('',(#690,#691,#692,#693));
#1752=EDGE_LOOP('',(#694,#695,#696,#697));
#1753=EDGE_LOOP('',(#698,#699,#700,#701));
#1754=EDGE_LOOP('',(#702,#703,#704,#705));
#1755=EDGE_LOOP('',(#706,#707,#708,#709,#710,#711,#712,#713,#714,#715,#716,
#717));
#1756=EDGE_LOOP('',(#718,#719,#720,#721));
#1757=EDGE_LOOP('',(#722,#723,#724,#725));
#1758=EDGE_LOOP('',(#726,#727,#728,#729,#730,#731,#732,#733,#734,#735,#736,
#737));
#1759=EDGE_LOOP('',(#738,#739,#740,#741));
#1760=EDGE_LOOP('',(#742,#743,#744,#745));
#1761=EDGE_LOOP('',(#746,#747,#748,#749));
#1762=EDGE_LOOP('',(#750,#751,#752,#753));
#1763=EDGE_LOOP('',(#754,#755,#756,#757));
#1764=EDGE_LOOP('',(#758,#759,#760,#761));
#1765=EDGE_LOOP('',(#762,#763,#764,#765));
#1766=EDGE_LOOP('',(#766,#767,#768,#769));
#1767=EDGE_LOOP('',(#770,#771,#772,#773));
#1768=EDGE_LOOP('',(#774,#775,#776,#777));
#1769=EDGE_LOOP('',(#778,#779,#780,#781));
#1770=EDGE_LOOP('',(#782,#783,#784,#785));
#1771=EDGE_LOOP('',(#786,#787,#788,#789));
#1772=EDGE_LOOP('',(#790,#791,#792,#793));
#1773=EDGE_LOOP('',(#794,#795,#796,#797));
#1774=EDGE_LOOP('',(#798,#799,#800,#801));
#1775=EDGE_LOOP('',(#802,#803,#804,#805));
#1776=EDGE_LOOP('',(#806,#807,#808,#809));
#1777=EDGE_LOOP('',(#810,#811,#812,#813));
#1778=EDGE_LOOP('',(#814,#815,#816,#817));
#1779=EDGE_LOOP('',(#818,#819,#820,#821));
#1780=EDGE_LOOP('',(#822,#823,#824,#825));
#1781=EDGE_LOOP('',(#826,#827,#828,#829));
#1782=EDGE_LOOP('',(#830,#831,#832,#833));
#1783=EDGE_LOOP('',(#834,#835,#836,#837));
#1784=EDGE_LOOP('',(#838,#839,#840,#841));
#1785=EDGE_LOOP('',(#842,#843,#844,#845));
#1786=EDGE_LOOP('',(#846,#847,#848,#849));
#1787=EDGE_LOOP('',(#850,#851,#852,#853));
#1788=EDGE_LOOP('',(#854,#855,#856,#857));
#1789=EDGE_LOOP('',(#858,#859,#860,#861));
#1790=EDGE_LOOP('',(#862,#863,#864,#865));
#1791=EDGE_LOOP('',(#866,#867,#868,#869));
#1792=EDGE_LOOP('',(#870,#871,#872,#873));
#1793=EDGE_LOOP('',(#874,#875,#876,#877));
#1794=EDGE_LOOP('',(#878,#879,#880,#881));
#1795=EDGE_LOOP('',(#882,#883,#884,#885));
#1796=EDGE_LOOP('',(#886,#887,#888,#889));
#1797=EDGE_LOOP('',(#890,#891,#892,#893));
#1798=EDGE_LOOP('',(#894,#895,#896,#897));
#1799=EDGE_LOOP('',(#898,#899,#900,#901));
#1800=EDGE_LOOP('',(#902,#903,#904,#905));
#1801=EDGE_LOOP('',(#906,#907,#908,#909));
#1802=EDGE_LOOP('',(#910,#911,#912,#913,#914,#915,#916,#917,#918,#919,#920,
#921,#922,#923,#924,#925));
#1803=EDGE_LOOP('',(#926,#927,#928,#929,#930,#931,#932,#933));
#1804=EDGE_LOOP('',(#934,#935,#936,#937));
#1805=EDGE_LOOP('',(#938,#939,#940,#941,#942,#943,#944,#945));
#1806=EDGE_LOOP('',(#946,#947,#948,#949,#950,#951,#952,#953,#954,#955,#956,
#957,#958,#959,#960,#961));
#1807=EDGE_LOOP('',(#962,#963,#964,#965));
#1808=EDGE_LOOP('',(#966,#967,#968,#969));
#1809=EDGE_LOOP('',(#970,#971,#972,#973,#974,#975,#976,#977,#978,#979,#980));
#1810=EDGE_LOOP('',(#981,#982,#983,#984));
#1811=EDGE_LOOP('',(#985,#986,#987,#988,#989,#990,#991,#992,#993,#994,#995));
#1812=EDGE_LOOP('',(#996,#997,#998,#999));
#1813=EDGE_LOOP('',(#1000,#1001,#1002,#1003,#1004,#1005,#1006,#1007,#1008,
#1009,#1010));
#1814=EDGE_LOOP('',(#1011,#1012,#1013,#1014));
#1815=EDGE_LOOP('',(#1015,#1016,#1017,#1018,#1019,#1020,#1021,#1022,#1023,
#1024,#1025));
#1816=EDGE_LOOP('',(#1026,#1027,#1028,#1029));
#1817=EDGE_LOOP('',(#1030,#1031,#1032,#1033,#1034,#1035,#1036,#1037,#1038,
#1039,#1040));
#1818=EDGE_LOOP('',(#1041,#1042,#1043,#1044));
#1819=EDGE_LOOP('',(#1045,#1046,#1047,#1048,#1049,#1050,#1051,#1052,#1053,
#1054,#1055));
#1820=EDGE_LOOP('',(#1056,#1057,#1058,#1059));
#1821=EDGE_LOOP('',(#1060,#1061,#1062,#1063,#1064,#1065,#1066,#1067,#1068,
#1069,#1070));
#1822=EDGE_LOOP('',(#1071,#1072,#1073,#1074));
#1823=EDGE_LOOP('',(#1075,#1076,#1077,#1078,#1079,#1080,#1081,#1082,#1083,
#1084,#1085));
#1824=EDGE_LOOP('',(#1086,#1087,#1088,#1089));
#1825=EDGE_LOOP('',(#1090,#1091,#1092,#1093,#1094,#1095,#1096,#1097,#1098,
#1099,#1100));
#1826=EDGE_LOOP('',(#1101,#1102,#1103,#1104));
#1827=EDGE_LOOP('',(#1105,#1106,#1107,#1108,#1109,#1110,#1111,#1112,#1113,
#1114,#1115));
#1828=EDGE_LOOP('',(#1116,#1117,#1118,#1119));
#1829=EDGE_LOOP('',(#1120,#1121,#1122,#1123,#1124,#1125,#1126,#1127,#1128,
#1129,#1130));
#1830=EDGE_LOOP('',(#1131,#1132,#1133,#1134));
#1831=EDGE_LOOP('',(#1135,#1136,#1137,#1138));
#1832=EDGE_LOOP('',(#1139,#1140,#1141,#1142,#1143,#1144,#1145,#1146,#1147,
#1148,#1149,#1150,#1151,#1152,#1153,#1154,#1155,#1156,#1157,#1158,#1159,
#1160,#1161,#1162,#1163,#1164,#1165,#1166,#1167,#1168,#1169,#1170));
#1833=EDGE_LOOP('',(#1171,#1172,#1173,#1174,#1175,#1176,#1177,#1178,#1179,
#1180,#1181));
#1834=EDGE_LOOP('',(#1182,#1183,#1184,#1185,#1186,#1187,#1188,#1189,#1190,
#1191,#1192,#1193,#1194,#1195,#1196,#1197,#1198,#1199,#1200,#1201,#1202,
#1203,#1204,#1205,#1206,#1207,#1208,#1209,#1210,#1211,#1212,#1213));
#1835=EDGE_LOOP('',(#1214,#1215,#1216,#1217));
#1836=FACE_BOUND('',#1736,.T.);
#1837=FACE_BOUND('',#1737,.T.);
#1838=FACE_BOUND('',#1738,.T.);
#1839=FACE_BOUND('',#1739,.T.);
#1840=FACE_BOUND('',#1740,.T.);
#1841=FACE_BOUND('',#1741,.T.);
#1842=FACE_BOUND('',#1742,.T.);
#1843=FACE_BOUND('',#1743,.T.);
#1844=FACE_BOUND('',#1744,.T.);
#1845=FACE_BOUND('',#1745,.T.);
#1846=FACE_BOUND('',#1746,.T.);
#1847=FACE_BOUND('',#1747,.T.);
#1848=FACE_BOUND('',#1748,.T.);
#1849=FACE_BOUND('',#1749,.T.);
#1850=FACE_BOUND('',#1750,.T.);
#1851=FACE_BOUND('',#1751,.T.);
#1852=FACE_BOUND('',#1752,.T.);
#1853=FACE_BOUND('',#1753,.T.);
#1854=FACE_BOUND('',#1754,.T.);
#1855=FACE_BOUND('',#1755,.T.);
#1856=FACE_BOUND('',#1756,.T.);
#1857=FACE_BOUND('',#1757,.T.);
#1858=FACE_BOUND('',#1758,.T.);
#1859=FACE_BOUND('',#1759,.T.);
#1860=FACE_BOUND('',#1760,.T.);
#1861=FACE_BOUND('',#1761,.T.);
#1862=FACE_BOUND('',#1762,.T.);
#1863=FACE_BOUND('',#1763,.T.);
#1864=FACE_BOUND('',#1764,.T.);
#1865=FACE_BOUND('',#1765,.T.);
#1866=FACE_BOUND('',#1766,.T.);
#1867=FACE_BOUND('',#1767,.T.);
#1868=FACE_BOUND('',#1768,.T.);
#1869=FACE_BOUND('',#1769,.T.);
#1870=FACE_BOUND('',#1770,.T.);
#1871=FACE_BOUND('',#1771,.T.);
#1872=FACE_BOUND('',#1772,.T.);
#1873=FACE_BOUND('',#1773,.T.);
#1874=FACE_BOUND('',#1774,.T.);
#1875=FACE_BOUND('',#1775,.T.);
#1876=FACE_BOUND('',#1776,.T.);
#1877=FACE_BOUND('',#1777,.T.);
#1878=FACE_BOUND('',#1778,.T.);
#1879=FACE_BOUND('',#1779,.T.);
#1880=FACE_BOUND('',#1780,.T.);
#1881=FACE_BOUND('',#1781,.T.);
#1882=FACE_BOUND('',#1782,.T.);
#1883=FACE_BOUND('',#1783,.T.);
#1884=FACE_BOUND('',#1784,.T.);
#1885=FACE_BOUND('',#1785,.T.);
#1886=FACE_BOUND('',#1786,.T.);
#1887=FACE_BOUND('',#1787,.T.);
#1888=FACE_BOUND('',#1788,.T.);
#1889=FACE_BOUND('',#1789,.T.);
#1890=FACE_BOUND('',#1790,.T.);
#1891=FACE_BOUND('',#1791,.T.);
#1892=FACE_BOUND('',#1792,.T.);
#1893=FACE_BOUND('',#1793,.T.);
#1894=FACE_BOUND('',#1794,.T.);
#1895=FACE_BOUND('',#1795,.T.);
#1896=FACE_BOUND('',#1796,.T.);
#1897=FACE_BOUND('',#1797,.T.);
#1898=FACE_BOUND('',#1798,.T.);
#1899=FACE_BOUND('',#1799,.T.);
#1900=FACE_BOUND('',#1800,.T.);
#1901=FACE_BOUND('',#1801,.T.);
#1902=FACE_BOUND('',#1802,.T.);
#1903=FACE_BOUND('',#1803,.T.);
#1904=FACE_BOUND('',#1804,.T.);
#1905=FACE_BOUND('',#1805,.T.);
#1906=FACE_BOUND('',#1806,.T.);
#1907=FACE_BOUND('',#1807,.T.);
#1908=FACE_BOUND('',#1808,.T.);
#1909=FACE_BOUND('',#1809,.T.);
#1910=FACE_BOUND('',#1810,.T.);
#1911=FACE_BOUND('',#1811,.T.);
#1912=FACE_BOUND('',#1812,.T.);
#1913=FACE_BOUND('',#1813,.T.);
#1914=FACE_BOUND('',#1814,.T.);
#1915=FACE_BOUND('',#1815,.T.);
#1916=FACE_BOUND('',#1816,.T.);
#1917=FACE_BOUND('',#1817,.T.);
#1918=FACE_BOUND('',#1818,.T.);
#1919=FACE_BOUND('',#1819,.T.);
#1920=FACE_BOUND('',#1820,.T.);
#1921=FACE_BOUND('',#1821,.T.);
#1922=FACE_BOUND('',#1822,.T.);
#1923=FACE_BOUND('',#1823,.T.);
#1924=FACE_BOUND('',#1824,.T.);
#1925=FACE_BOUND('',#1825,.T.);
#1926=FACE_BOUND('',#1826,.T.);
#1927=FACE_BOUND('',#1827,.T.);
#1928=FACE_BOUND('',#1828,.T.);
#1929=FACE_BOUND('',#1829,.T.);
#1930=FACE_BOUND('',#1830,.T.);
#1931=FACE_BOUND('',#1831,.T.);
#1932=FACE_BOUND('',#1832,.T.);
#1933=FACE_BOUND('',#1833,.T.);
#1934=FACE_BOUND('',#1834,.T.);
#1935=FACE_BOUND('',#1835,.T.);
#1936=CYLINDRICAL_SURFACE('',#2063,0.0001);
#1937=CYLINDRICAL_SURFACE('',#2068,5.E-5);
#1938=CYLINDRICAL_SURFACE('',#2072,5.E-5);
#1939=CYLINDRICAL_SURFACE('',#2078,0.0001);
#1940=CYLINDRICAL_SURFACE('',#2083,5.E-5);
#1941=CYLINDRICAL_SURFACE('',#2087,5.E-5);
#1942=CYLINDRICAL_SURFACE('',#2096,0.0001);
#1943=CYLINDRICAL_SURFACE('',#2101,0.0001);
#1944=CYLINDRICAL_SURFACE('',#2105,0.0002);
#1945=CYLINDRICAL_SURFACE('',#2113,0.0002);
#1946=CYLINDRICAL_SURFACE('',#2121,0.0002);
#1947=CYLINDRICAL_SURFACE('',#2129,0.0002);
#1948=CYLINDRICAL_SURFACE('',#2137,0.0002);
#1949=CYLINDRICAL_SURFACE('',#2151,0.0002);
#1950=ADVANCED_FACE('',(#1836),#1936,.T.);
#1951=ADVANCED_FACE('',(#1837),#12,.F.);
#1952=ADVANCED_FACE('',(#1838),#13,.T.);
#1953=ADVANCED_FACE('',(#1839),#1937,.F.);
#1954=ADVANCED_FACE('',(#1840),#14,.T.);
#1955=ADVANCED_FACE('',(#1841),#1938,.F.);
#1956=ADVANCED_FACE('',(#1842),#15,.T.);
#1957=ADVANCED_FACE('',(#1843),#16,.F.);
#1958=ADVANCED_FACE('',(#1844),#17,.F.);
#1959=ADVANCED_FACE('',(#1845),#1939,.T.);
#1960=ADVANCED_FACE('',(#1846),#18,.F.);
#1961=ADVANCED_FACE('',(#1847),#19,.T.);
#1962=ADVANCED_FACE('',(#1848),#1940,.F.);
#1963=ADVANCED_FACE('',(#1849),#20,.T.);
#1964=ADVANCED_FACE('',(#1850),#1941,.F.);
#1965=ADVANCED_FACE('',(#1851),#21,.T.);
#1966=ADVANCED_FACE('',(#1852),#22,.F.);
#1967=ADVANCED_FACE('',(#1853),#23,.F.);
#1968=ADVANCED_FACE('',(#1854),#24,.F.);
#1969=ADVANCED_FACE('',(#1855),#25,.F.);
#1970=ADVANCED_FACE('',(#1856),#1942,.T.);
#1971=ADVANCED_FACE('',(#1857),#26,.F.);
#1972=ADVANCED_FACE('',(#1858),#27,.F.);
#1973=ADVANCED_FACE('',(#1859),#1943,.T.);
#1974=ADVANCED_FACE('',(#1860),#28,.T.);
#1975=ADVANCED_FACE('',(#1861),#29,.T.);
#1976=ADVANCED_FACE('',(#1862),#1944,.F.);
#1977=ADVANCED_FACE('',(#1863),#30,.T.);
#1978=ADVANCED_FACE('',(#1864),#31,.T.);
#1979=ADVANCED_FACE('',(#1865),#32,.F.);
#1980=ADVANCED_FACE('',(#1866),#33,.T.);
#1981=ADVANCED_FACE('',(#1867),#34,.T.);
#1982=ADVANCED_FACE('',(#1868),#1945,.F.);
#1983=ADVANCED_FACE('',(#1869),#35,.T.);
#1984=ADVANCED_FACE('',(#1870),#36,.T.);
#1985=ADVANCED_FACE('',(#1871),#37,.F.);
#1986=ADVANCED_FACE('',(#1872),#38,.T.);
#1987=ADVANCED_FACE('',(#1873),#39,.T.);
#1988=ADVANCED_FACE('',(#1874),#1946,.F.);
#1989=ADVANCED_FACE('',(#1875),#40,.T.);
#1990=ADVANCED_FACE('',(#1876),#41,.T.);
#1991=ADVANCED_FACE('',(#1877),#42,.F.);
#1992=ADVANCED_FACE('',(#1878),#43,.T.);
#1993=ADVANCED_FACE('',(#1879),#44,.T.);
#1994=ADVANCED_FACE('',(#1880),#1947,.F.);
#1995=ADVANCED_FACE('',(#1881),#45,.T.);
#1996=ADVANCED_FACE('',(#1882),#46,.T.);
#1997=ADVANCED_FACE('',(#1883),#47,.F.);
#1998=ADVANCED_FACE('',(#1884),#48,.T.);
#1999=ADVANCED_FACE('',(#1885),#49,.T.);
#2000=ADVANCED_FACE('',(#1886),#1948,.F.);
#2001=ADVANCED_FACE('',(#1887),#50,.T.);
#2002=ADVANCED_FACE('',(#1888),#51,.T.);
#2003=ADVANCED_FACE('',(#1889),#52,.F.);
#2004=ADVANCED_FACE('',(#1890),#53,.T.);
#2005=ADVANCED_FACE('',(#1891),#54,.T.);
#2006=ADVANCED_FACE('',(#1892),#55,.T.);
#2007=ADVANCED_FACE('',(#1893),#56,.T.);
#2008=ADVANCED_FACE('',(#1894),#57,.T.);
#2009=ADVANCED_FACE('',(#1895),#58,.T.);
#2010=ADVANCED_FACE('',(#1896),#59,.T.);
#2011=ADVANCED_FACE('',(#1897),#60,.T.);
#2012=ADVANCED_FACE('',(#1898),#1949,.F.);
#2013=ADVANCED_FACE('',(#1899),#61,.T.);
#2014=ADVANCED_FACE('',(#1900),#62,.T.);
#2015=ADVANCED_FACE('',(#1901),#63,.F.);
#2016=ADVANCED_FACE('',(#1902),#64,.T.);
#2017=ADVANCED_FACE('',(#1903),#65,.F.);
#2018=ADVANCED_FACE('',(#1904),#66,.T.);
#2019=ADVANCED_FACE('',(#1905),#67,.F.);
#2020=ADVANCED_FACE('',(#1906),#68,.T.);
#2021=ADVANCED_FACE('',(#1907),#69,.T.);
#2022=ADVANCED_FACE('',(#1908),#70,.T.);
#2023=ADVANCED_FACE('',(#1909),#71,.T.);
#2024=ADVANCED_FACE('',(#1910),#72,.T.);
#2025=ADVANCED_FACE('',(#1911),#73,.T.);
#2026=ADVANCED_FACE('',(#1912),#74,.T.);
#2027=ADVANCED_FACE('',(#1913),#75,.T.);
#2028=ADVANCED_FACE('',(#1914),#76,.T.);
#2029=ADVANCED_FACE('',(#1915),#77,.T.);
#2030=ADVANCED_FACE('',(#1916),#78,.T.);
#2031=ADVANCED_FACE('',(#1917),#79,.T.);
#2032=ADVANCED_FACE('',(#1918),#80,.T.);
#2033=ADVANCED_FACE('',(#1919),#81,.T.);
#2034=ADVANCED_FACE('',(#1920),#82,.T.);
#2035=ADVANCED_FACE('',(#1921),#83,.T.);
#2036=ADVANCED_FACE('',(#1922),#84,.T.);
#2037=ADVANCED_FACE('',(#1923),#85,.T.);
#2038=ADVANCED_FACE('',(#1924),#86,.T.);
#2039=ADVANCED_FACE('',(#1925),#87,.T.);
#2040=ADVANCED_FACE('',(#1926),#88,.T.);
#2041=ADVANCED_FACE('',(#1927),#89,.T.);
#2042=ADVANCED_FACE('',(#1928),#90,.T.);
#2043=ADVANCED_FACE('',(#1929),#91,.T.);
#2044=ADVANCED_FACE('',(#1930),#92,.T.);
#2045=ADVANCED_FACE('',(#1931),#93,.T.);
#2046=ADVANCED_FACE('',(#1932),#94,.T.);
#2047=ADVANCED_FACE('',(#1933),#95,.T.);
#2048=ADVANCED_FACE('',(#1934),#96,.F.);
#2049=ADVANCED_FACE('',(#1935),#97,.T.);
#2050=CLOSED_SHELL('',(#1950,#1951,#1952,#1953,#1954,#1955,#1956,#1957,
#1958,#1959,#1960,#1961,#1962,#1963,#1964,#1965,#1966,#1967,#1968,#1969,
#1970,#1971,#1972,#1973,#1974,#1975,#1976,#1977,#1978,#1979,#1980,#1981,
#1982,#1983,#1984,#1985,#1986,#1987,#1988,#1989,#1990,#1991,#1992,#1993,
#1994,#1995,#1996,#1997,#1998,#1999,#2000,#2001,#2002,#2003,#2004,#2005,
#2006,#2007,#2008,#2009,#2010,#2011,#2012,#2013,#2014,#2015,#2016,#2017,
#2018,#2019,#2020,#2021,#2022,#2023,#2024,#2025,#2026,#2027,#2028,#2029,
#2030,#2031,#2032,#2033,#2034,#2035,#2036,#2037,#2038,#2039,#2040,#2041,
#2042,#2043,#2044,#2045,#2046,#2047,#2048,#2049));
#2051=STYLED_ITEM('',(#2052),#2059);
#2052=PRESENTATION_STYLE_ASSIGNMENT((#2053));
#2053=SURFACE_STYLE_USAGE(.BOTH.,#2054);
#2054=SURFACE_SIDE_STYLE('',(#2055));
#2055=SURFACE_STYLE_FILL_AREA(#2056);
#2056=FILL_AREA_STYLE('',(#2057));
#2057=FILL_AREA_STYLE_COLOUR('',#2058);
#2058=COLOUR_RGB('',0.0980392156862745,0.0980392156862745,0.0980392156862745);
#2059=MANIFOLD_SOLID_BREP('pins',#2050);
#2060=SHAPE_DEFINITION_REPRESENTATION(#3312,#2061);
#2061=SHAPE_REPRESENTATION('pins',(#2062),#3307);
#2062=AXIS2_PLACEMENT_3D('',#2715,#2191,#2192);
#2063=AXIS2_PLACEMENT_3D('',#2716,#2193,#2194);
#2064=AXIS2_PLACEMENT_3D('',#2717,#2195,#2196);
#2065=AXIS2_PLACEMENT_3D('',#2722,#2198,#2199);
#2066=AXIS2_PLACEMENT_3D('',#2725,#2201,#2202);
#2067=AXIS2_PLACEMENT_3D('',#2731,#2206,#2207);
#2068=AXIS2_PLACEMENT_3D('',#2740,#2212,#2213);
#2069=AXIS2_PLACEMENT_3D('',#2744,#2215,#2216);
#2070=AXIS2_PLACEMENT_3D('',#2745,#2217,#2218);
#2071=AXIS2_PLACEMENT_3D('',#2746,#2219,#2220);
#2072=AXIS2_PLACEMENT_3D('',#2752,#2224,#2225);
#2073=AXIS2_PLACEMENT_3D('',#2756,#2227,#2228);
#2074=AXIS2_PLACEMENT_3D('',#2757,#2229,#2230);
#2075=AXIS2_PLACEMENT_3D('',#2758,#2231,#2232);
#2076=AXIS2_PLACEMENT_3D('',#2764,#2236,#2237);
#2077=AXIS2_PLACEMENT_3D('',#2770,#2241,#2242);
#2078=AXIS2_PLACEMENT_3D('',#2773,#2245,#2246);
#2079=AXIS2_PLACEMENT_3D('',#2777,#2248,#2249);
#2080=AXIS2_PLACEMENT_3D('',#2781,#2251,#2252);
#2081=AXIS2_PLACEMENT_3D('',#2782,#2253,#2254);
#2082=AXIS2_PLACEMENT_3D('',#2788,#2258,#2259);
#2083=AXIS2_PLACEMENT_3D('',#2797,#2264,#2265);
#2084=AXIS2_PLACEMENT_3D('',#2798,#2266,#2267);
#2085=AXIS2_PLACEMENT_3D('',#2800,#2268,#2269);
#2086=AXIS2_PLACEMENT_3D('',#2803,#2271,#2272);
#2087=AXIS2_PLACEMENT_3D('',#2809,#2276,#2277);
#2088=AXIS2_PLACEMENT_3D('',#2810,#2278,#2279);
#2089=AXIS2_PLACEMENT_3D('',#2812,#2280,#2281);
#2090=AXIS2_PLACEMENT_3D('',#2815,#2283,#2284);
#2091=AXIS2_PLACEMENT_3D('',#2821,#2288,#2289);
#2092=AXIS2_PLACEMENT_3D('',#2827,#2293,#2294);
#2093=AXIS2_PLACEMENT_3D('',#2830,#2297,#2298);
#2094=AXIS2_PLACEMENT_3D('',#2836,#2302,#2303);
#2095=AXIS2_PLACEMENT_3D('',#2837,#2304,#2305);
#2096=AXIS2_PLACEMENT_3D('',#2840,#2307,#2308);
#2097=AXIS2_PLACEMENT_3D('',#2841,#2309,#2310);
#2098=AXIS2_PLACEMENT_3D('',#2844,#2312,#2313);
#2099=AXIS2_PLACEMENT_3D('',#2850,#2317,#2318);
#2100=AXIS2_PLACEMENT_3D('',#2853,#2320,#2321);
#2101=AXIS2_PLACEMENT_3D('',#2854,#2322,#2323);
#2102=AXIS2_PLACEMENT_3D('',#2857,#2325,#2326);
#2103=AXIS2_PLACEMENT_3D('',#2858,#2327,#2328);
#2104=AXIS2_PLACEMENT_3D('',#2867,#2333,#2334);
#2105=AXIS2_PLACEMENT_3D('',#2873,#2338,#2339);
#2106=AXIS2_PLACEMENT_3D('',#2877,#2341,#2342);
#2107=AXIS2_PLACEMENT_3D('',#2878,#2343,#2344);
#2108=AXIS2_PLACEMENT_3D('',#2879,#2345,#2346);
#2109=AXIS2_PLACEMENT_3D('',#2885,#2350,#2351);
#2110=AXIS2_PLACEMENT_3D('',#2891,#2355,#2356);
#2111=AXIS2_PLACEMENT_3D('',#2897,#2360,#2361);
#2112=AXIS2_PLACEMENT_3D('',#2906,#2366,#2367);
#2113=AXIS2_PLACEMENT_3D('',#2912,#2371,#2372);
#2114=AXIS2_PLACEMENT_3D('',#2916,#2374,#2375);
#2115=AXIS2_PLACEMENT_3D('',#2917,#2376,#2377);
#2116=AXIS2_PLACEMENT_3D('',#2918,#2378,#2379);
#2117=AXIS2_PLACEMENT_3D('',#2924,#2383,#2384);
#2118=AXIS2_PLACEMENT_3D('',#2930,#2388,#2389);
#2119=AXIS2_PLACEMENT_3D('',#2936,#2393,#2394);
#2120=AXIS2_PLACEMENT_3D('',#2945,#2399,#2400);
#2121=AXIS2_PLACEMENT_3D('',#2951,#2404,#2405);
#2122=AXIS2_PLACEMENT_3D('',#2955,#2407,#2408);
#2123=AXIS2_PLACEMENT_3D('',#2956,#2409,#2410);
#2124=AXIS2_PLACEMENT_3D('',#2957,#2411,#2412);
#2125=AXIS2_PLACEMENT_3D('',#2963,#2416,#2417);
#2126=AXIS2_PLACEMENT_3D('',#2969,#2421,#2422);
#2127=AXIS2_PLACEMENT_3D('',#2975,#2426,#2427);
#2128=AXIS2_PLACEMENT_3D('',#2984,#2432,#2433);
#2129=AXIS2_PLACEMENT_3D('',#2990,#2437,#2438);
#2130=AXIS2_PLACEMENT_3D('',#2994,#2440,#2441);
#2131=AXIS2_PLACEMENT_3D('',#2995,#2442,#2443);
#2132=AXIS2_PLACEMENT_3D('',#2996,#2444,#2445);
#2133=AXIS2_PLACEMENT_3D('',#3002,#2449,#2450);
#2134=AXIS2_PLACEMENT_3D('',#3008,#2454,#2455);
#2135=AXIS2_PLACEMENT_3D('',#3014,#2459,#2460);
#2136=AXIS2_PLACEMENT_3D('',#3023,#2465,#2466);
#2137=AXIS2_PLACEMENT_3D('',#3029,#2470,#2471);
#2138=AXIS2_PLACEMENT_3D('',#3033,#2473,#2474);
#2139=AXIS2_PLACEMENT_3D('',#3034,#2475,#2476);
#2140=AXIS2_PLACEMENT_3D('',#3035,#2477,#2478);
#2141=AXIS2_PLACEMENT_3D('',#3041,#2482,#2483);
#2142=AXIS2_PLACEMENT_3D('',#3047,#2487,#2488);
#2143=AXIS2_PLACEMENT_3D('',#3053,#2492,#2493);
#2144=AXIS2_PLACEMENT_3D('',#3059,#2497,#2498);
#2145=AXIS2_PLACEMENT_3D('',#3065,#2502,#2503);
#2146=AXIS2_PLACEMENT_3D('',#3071,#2507,#2508);
#2147=AXIS2_PLACEMENT_3D('',#3077,#2512,#2513);
#2148=AXIS2_PLACEMENT_3D('',#3083,#2517,#2518);
#2149=AXIS2_PLACEMENT_3D('',#3092,#2523,#2524);
#2150=AXIS2_PLACEMENT_3D('',#3098,#2528,#2529);
#2151=AXIS2_PLACEMENT_3D('',#3104,#2533,#2534);
#2152=AXIS2_PLACEMENT_3D('',#3108,#2536,#2537);
#2153=AXIS2_PLACEMENT_3D('',#3109,#2538,#2539);
#2154=AXIS2_PLACEMENT_3D('',#3110,#2540,#2541);
#2155=AXIS2_PLACEMENT_3D('',#3116,#2545,#2546);
#2156=AXIS2_PLACEMENT_3D('',#3122,#2550,#2551);
#2157=AXIS2_PLACEMENT_3D('',#3128,#2555,#2556);
#2158=AXIS2_PLACEMENT_3D('',#3138,#2562,#2563);
#2159=AXIS2_PLACEMENT_3D('',#3144,#2567,#2568);
#2160=AXIS2_PLACEMENT_3D('',#3150,#2572,#2573);
#2161=AXIS2_PLACEMENT_3D('',#3157,#2578,#2579);
#2162=AXIS2_PLACEMENT_3D('',#3163,#2583,#2584);
#2163=AXIS2_PLACEMENT_3D('',#3169,#2588,#2589);
#2164=AXIS2_PLACEMENT_3D('',#3175,#2593,#2594);
#2165=AXIS2_PLACEMENT_3D('',#3180,#2598,#2599);
#2166=AXIS2_PLACEMENT_3D('',#3184,#2602,#2603);
#2167=AXIS2_PLACEMENT_3D('',#3190,#2607,#2608);
#2168=AXIS2_PLACEMENT_3D('',#3196,#2612,#2613);
#2169=AXIS2_PLACEMENT_3D('',#3201,#2617,#2618);
#2170=AXIS2_PLACEMENT_3D('',#3205,#2621,#2622);
#2171=AXIS2_PLACEMENT_3D('',#3211,#2626,#2627);
#2172=AXIS2_PLACEMENT_3D('',#3217,#2631,#2632);
#2173=AXIS2_PLACEMENT_3D('',#3222,#2636,#2637);
#2174=AXIS2_PLACEMENT_3D('',#3226,#2640,#2641);
#2175=AXIS2_PLACEMENT_3D('',#3232,#2645,#2646);
#2176=AXIS2_PLACEMENT_3D('',#3238,#2650,#2651);
#2177=AXIS2_PLACEMENT_3D('',#3243,#2655,#2656);
#2178=AXIS2_PLACEMENT_3D('',#3247,#2659,#2660);
#2179=AXIS2_PLACEMENT_3D('',#3253,#2664,#2665);
#2180=AXIS2_PLACEMENT_3D('',#3259,#2669,#2670);
#2181=AXIS2_PLACEMENT_3D('',#3264,#2674,#2675);
#2182=AXIS2_PLACEMENT_3D('',#3268,#2678,#2679);
#2183=AXIS2_PLACEMENT_3D('',#3274,#2683,#2684);
#2184=AXIS2_PLACEMENT_3D('',#3280,#2688,#2689);
#2185=AXIS2_PLACEMENT_3D('',#3285,#2693,#2694);
#2186=AXIS2_PLACEMENT_3D('',#3289,#2697,#2698);
#2187=AXIS2_PLACEMENT_3D('',#3295,#2702,#2703);
#2188=AXIS2_PLACEMENT_3D('',#3299,#2706,#2707);
#2189=AXIS2_PLACEMENT_3D('',#3303,#2710,#2711);
#2190=AXIS2_PLACEMENT_3D('',#3305,#2713,#2714);
#2191=DIRECTION('',(0.,0.,1.));
#2192=DIRECTION('',(1.,0.,0.));
#2193=DIRECTION('',(-1.,3.330669073875E-16,0.));
#2194=DIRECTION('',(3.330669073875E-16,1.,-6.661338147751E-16));
#2195=DIRECTION('',(1.,-1.110223024625E-16,-2.22044604925E-16));
#2196=DIRECTION('',(1.110223024625E-16,1.,-6.661338147751E-16));
#2197=DIRECTION('',(1.,-1.110223024625E-16,-2.775557561563E-16));
#2198=DIRECTION('',(1.,-1.110223024625E-16,-2.22044604925E-16));
#2199=DIRECTION('',(1.110223024625E-16,1.,-6.661338147751E-16));
#2200=DIRECTION('',(1.,-1.110223024625E-16,-2.775557561563E-16));
#2201=DIRECTION('',(0.,0.,1.));
#2202=DIRECTION('',(-1.,3.330669073875E-16,0.));
#2203=DIRECTION('',(1.,-1.110223024625E-16,-2.775557561563E-16));
#2204=DIRECTION('',(-1.110223024625E-16,-1.,6.661338147751E-16));
#2205=DIRECTION('',(-1.110223024625E-16,-1.,6.661338147751E-16));
#2206=DIRECTION('',(-3.330669073875E-16,-1.,0.));
#2207=DIRECTION('',(2.22044604925E-16,-7.3955709864449E-32,1.));
#2208=DIRECTION('',(-2.22044604925E-16,-6.661338147751E-16,-1.));
#2209=DIRECTION('',(1.,-1.110223024625E-16,-2.775557561563E-16));
#2210=DIRECTION('',(-2.22044604925E-16,-6.661338147751E-16,-1.));
#2211=DIRECTION('',(1.,-1.110223024625E-16,-2.775557561563E-16));
#2212=DIRECTION('',(-1.,3.330669073875E-16,0.));
#2213=DIRECTION('',(3.330669073875E-16,1.,-6.661338147751E-16));
#2214=DIRECTION('',(1.,-1.110223024625E-16,-2.775557561563E-16));
#2215=DIRECTION('',(1.,-1.110223024625E-16,-2.22044604925E-16));
#2216=DIRECTION('',(1.110223024625E-16,1.,-6.661338147751E-16));
#2217=DIRECTION('',(1.,-1.110223024625E-16,-2.22044604925E-16));
#2218=DIRECTION('',(1.110223024625E-16,1.,-6.661338147751E-16));
#2219=DIRECTION('',(2.513782829003E-32,4.45026431215092E-34,1.));
#2220=DIRECTION('',(-1.,3.330669073875E-16,2.513782829003E-32));
#2221=DIRECTION('',(-1.110223024625E-16,-1.,6.661338147751E-16));
#2222=DIRECTION('',(1.,-1.110223024625E-16,-2.775557561563E-16));
#2223=DIRECTION('',(-1.110223024625E-16,-1.,6.661338147751E-16));
#2224=DIRECTION('',(-1.,3.330669073875E-16,0.));
#2225=DIRECTION('',(3.330669073875E-16,1.,-6.661338147751E-16));
#2226=DIRECTION('',(1.,-1.110223024625E-16,-2.775557561563E-16));
#2227=DIRECTION('',(1.,-1.110223024625E-16,-2.22044604925E-16));
#2228=DIRECTION('',(1.110223024625E-16,1.,-6.661338147751E-16));
#2229=DIRECTION('',(1.,-1.110223024625E-16,-2.22044604925E-16));
#2230=DIRECTION('',(1.110223024625E-16,1.,-6.661338147751E-16));
#2231=DIRECTION('',(3.330669073875E-16,1.,0.));
#2232=DIRECTION('',(-2.22044604925E-16,7.3955709864449E-32,-1.));
#2233=DIRECTION('',(2.22044604925E-16,6.661338147751E-16,1.));
#2234=DIRECTION('',(1.,-1.110223024625E-16,-2.775557561563E-16));
#2235=DIRECTION('',(2.22044604925E-16,6.661338147751E-16,1.));
#2236=DIRECTION('',(0.,0.,-1.));
#2237=DIRECTION('',(-5.551115123125E-16,-1.,0.));
#2238=DIRECTION('',(1.,-1.110223024625E-16,-2.775557561563E-16));
#2239=DIRECTION('',(1.110223024625E-16,1.,-6.661338147751E-16));
#2240=DIRECTION('',(1.110223024625E-16,1.,-6.661338147751E-16));
#2241=DIRECTION('',(3.330669073875E-16,1.,0.));
#2242=DIRECTION('',(-2.22044604925E-16,7.3955709864449E-32,-1.));
#2243=DIRECTION('',(2.22044604925E-16,6.661338147751E-16,1.));
#2244=DIRECTION('',(2.22044604925E-16,6.661338147751E-16,1.));
#2245=DIRECTION('',(-1.,3.330669073875E-16,0.));
#2246=DIRECTION('',(-3.330669073875E-16,-1.,-2.22044604925E-16));
#2247=DIRECTION('',(1.,-5.551115123125E-16,-2.775557561563E-16));
#2248=DIRECTION('',(-1.,5.551115123125E-16,2.22044604925E-16));
#2249=DIRECTION('',(-5.551115123125E-16,-1.,-2.22044604925E-16));
#2250=DIRECTION('',(1.,-5.551115123125E-16,-2.775557561563E-16));
#2251=DIRECTION('',(-1.,5.551115123125E-16,2.22044604925E-16));
#2252=DIRECTION('',(-5.551115123125E-16,-1.,-2.22044604925E-16));
#2253=DIRECTION('',(0.,0.,1.));
#2254=DIRECTION('',(-1.,3.330669073875E-16,0.));
#2255=DIRECTION('',(5.551115123125E-16,1.,2.22044604925E-16));
#2256=DIRECTION('',(5.551115123125E-16,1.,2.22044604925E-16));
#2257=DIRECTION('',(1.,-5.551115123125E-16,-2.775557561563E-16));
#2258=DIRECTION('',(3.330669073875E-16,1.,0.));
#2259=DIRECTION('',(-2.22044604925E-16,7.3955709864449E-32,-1.));
#2260=DIRECTION('',(1.,-5.551115123125E-16,-2.775557561563E-16));
#2261=DIRECTION('',(-2.22044604925E-16,2.22044604925E-16,-1.));
#2262=DIRECTION('',(1.,-5.551115123125E-16,-2.775557561563E-16));
#2263=DIRECTION('',(-2.22044604925E-16,2.22044604925E-16,-1.));
#2264=DIRECTION('',(-1.,3.330669073875E-16,0.));
#2265=DIRECTION('',(-3.330669073875E-16,-1.,-2.22044604925E-16));
#2266=DIRECTION('',(-1.,5.551115123125E-16,2.22044604925E-16));
#2267=DIRECTION('',(-5.551115123125E-16,-1.,-2.22044604925E-16));
#2268=DIRECTION('',(-1.,5.551115123125E-16,2.22044604925E-16));
#2269=DIRECTION('',(-5.551115123125E-16,-1.,-2.22044604925E-16));
#2270=DIRECTION('',(1.,-5.551115123125E-16,-2.775557561563E-16));
#2271=DIRECTION('',(2.513782829003E-32,4.45026431215092E-34,1.));
#2272=DIRECTION('',(-1.,3.330669073875E-16,2.513782829003E-32));
#2273=DIRECTION('',(5.551115123125E-16,1.,2.22044604925E-16));
#2274=DIRECTION('',(1.,-5.551115123125E-16,-2.775557561563E-16));
#2275=DIRECTION('',(5.551115123125E-16,1.,2.22044604925E-16));
#2276=DIRECTION('',(-1.,3.330669073875E-16,0.));
#2277=DIRECTION('',(-3.330669073875E-16,-1.,-2.22044604925E-16));
#2278=DIRECTION('',(-1.,5.551115123125E-16,2.22044604925E-16));
#2279=DIRECTION('',(-5.551115123125E-16,-1.,-2.22044604925E-16));
#2280=DIRECTION('',(-1.,5.551115123125E-16,2.22044604925E-16));
#2281=DIRECTION('',(-5.551115123125E-16,-1.,-2.22044604925E-16));
#2282=DIRECTION('',(1.,-5.551115123125E-16,-2.775557561563E-16));
#2283=DIRECTION('',(-3.330669073875E-16,-1.,0.));
#2284=DIRECTION('',(2.22044604925E-16,-7.3955709864449E-32,1.));
#2285=DIRECTION('',(2.22044604925E-16,-2.22044604925E-16,1.));
#2286=DIRECTION('',(1.,-5.551115123125E-16,-2.775557561563E-16));
#2287=DIRECTION('',(2.22044604925E-16,-2.22044604925E-16,1.));
#2288=DIRECTION('',(0.,0.,-1.));
#2289=DIRECTION('',(-5.551115123125E-16,-1.,0.));
#2290=DIRECTION('',(-5.551115123125E-16,-1.,-2.22044604925E-16));
#2291=DIRECTION('',(-5.551115123125E-16,-1.,-2.22044604925E-16));
#2292=DIRECTION('',(1.,-5.551115123125E-16,-2.775557561563E-16));
#2293=DIRECTION('',(-3.330669073875E-16,-1.,0.));
#2294=DIRECTION('',(2.22044604925E-16,-7.3955709864449E-32,1.));
#2295=DIRECTION('',(2.22044604925E-16,-2.22044604925E-16,1.));
#2296=DIRECTION('',(2.22044604925E-16,-2.22044604925E-16,1.));
#2297=DIRECTION('',(0.,0.,-1.));
#2298=DIRECTION('',(-5.551115123125E-16,-1.,0.));
#2299=DIRECTION('',(1.110223024625E-16,1.,-6.661338147751E-16));
#2300=DIRECTION('',(1.,-1.110223024625E-16,-2.775557561563E-16));
#2301=DIRECTION('',(1.110223024625E-16,1.,-6.661338147751E-16));
#2302=DIRECTION('',(-1.,3.330669073875E-16,0.));
#2303=DIRECTION('',(0.,0.,1.));
#2304=DIRECTION('',(1.,-1.110223024625E-16,-2.22044604925E-16));
#2305=DIRECTION('',(1.110223024625E-16,1.,-6.661338147751E-16));
#2306=DIRECTION('',(-2.22044604925E-16,-6.661338147751E-16,-1.));
#2307=DIRECTION('',(-1.,3.330669073875E-16,0.));
#2308=DIRECTION('',(3.330669073875E-16,1.,-6.661338147751E-16));
#2309=DIRECTION('',(1.,-1.110223024625E-16,-2.22044604925E-16));
#2310=DIRECTION('',(1.110223024625E-16,1.,-6.661338147751E-16));
#2311=DIRECTION('',(1.,-1.110223024625E-16,-2.775557561563E-16));
#2312=DIRECTION('',(0.,0.,-1.));
#2313=DIRECTION('',(-5.551115123125E-16,-1.,0.));
#2314=DIRECTION('',(-5.551115123125E-16,-1.,-2.22044604925E-16));
#2315=DIRECTION('',(1.,-5.551115123125E-16,-2.775557561563E-16));
#2316=DIRECTION('',(-5.551115123125E-16,-1.,-2.22044604925E-16));
#2317=DIRECTION('',(-1.,3.330669073875E-16,0.));
#2318=DIRECTION('',(0.,0.,1.));
#2319=DIRECTION('',(-2.22044604925E-16,2.22044604925E-16,-1.));
#2320=DIRECTION('',(-1.,5.551115123125E-16,2.22044604925E-16));
#2321=DIRECTION('',(-5.551115123125E-16,-1.,-2.22044604925E-16));
#2322=DIRECTION('',(-1.,3.330669073875E-16,0.));
#2323=DIRECTION('',(-3.330669073875E-16,-1.,-2.22044604925E-16));
#2324=DIRECTION('',(1.,-5.551115123125E-16,-2.775557561563E-16));
#2325=DIRECTION('',(-1.,5.551115123125E-16,2.22044604925E-16));
#2326=DIRECTION('',(-5.551115123125E-16,-1.,-2.22044604925E-16));
#2327=DIRECTION('',(0.,0.,1.));
#2328=DIRECTION('',(-1.,3.330669073875E-16,0.));
#2329=DIRECTION('',(1.,-3.330669073875E-16,0.));
#2330=DIRECTION('',(-3.330669073875E-16,-1.,0.));
#2331=DIRECTION('',(-1.,3.330669073875E-16,0.));
#2332=DIRECTION('',(-3.330669073875E-16,-1.,0.));
#2333=DIRECTION('',(-1.,3.330669073875E-16,0.));
#2334=DIRECTION('',(7.3955709864449E-32,2.22044604925E-16,1.));
#2335=DIRECTION('',(0.,0.,1.));
#2336=DIRECTION('',(-3.330669073875E-16,-1.,2.22044604925E-16));
#2337=DIRECTION('',(0.,0.,-1.));
#2338=DIRECTION('',(3.330669073875E-16,1.,0.));
#2339=DIRECTION('',(-1.,3.330669073875E-16,0.));
#2340=DIRECTION('',(-3.330669073875E-16,-1.,2.22044604925E-16));
#2341=DIRECTION('',(3.330669073875E-16,1.,-2.22044604925E-16));
#2342=DIRECTION('',(-1.,3.330669073875E-16,0.));
#2343=DIRECTION('',(3.330669073875E-16,1.,-2.22044604925E-16));
#2344=DIRECTION('',(-1.,3.330669073875E-16,0.));
#2345=DIRECTION('',(0.,0.,1.));
#2346=DIRECTION('',(1.,-3.330669073875E-16,0.));
#2347=DIRECTION('',(1.,-3.330669073875E-16,0.));
#2348=DIRECTION('',(3.330669073875E-16,1.,-2.22044604925E-16));
#2349=DIRECTION('',(-1.,3.330669073875E-16,0.));
#2350=DIRECTION('',(-1.,3.330669073875E-16,0.));
#2351=DIRECTION('',(3.330669073875E-16,1.,0.));
#2352=DIRECTION('',(3.330669073875E-16,1.,0.));
#2353=DIRECTION('',(0.,0.,1.));
#2354=DIRECTION('',(0.,0.,1.));
#2355=DIRECTION('',(0.,0.,1.));
#2356=DIRECTION('',(-1.,3.330669073875E-16,0.));
#2357=DIRECTION('',(1.,-3.330669073875E-16,0.));
#2358=DIRECTION('',(-3.330669073875E-16,-1.,0.));
#2359=DIRECTION('',(-1.,3.330669073875E-16,0.));
#2360=DIRECTION('',(0.,0.,1.));
#2361=DIRECTION('',(-1.,3.330669073875E-16,0.));
#2362=DIRECTION('',(1.,-3.330669073875E-16,0.));
#2363=DIRECTION('',(-3.330669073875E-16,-1.,0.));
#2364=DIRECTION('',(-1.,3.330669073875E-16,0.));
#2365=DIRECTION('',(-3.330669073875E-16,-1.,0.));
#2366=DIRECTION('',(-1.,3.330669073875E-16,0.));
#2367=DIRECTION('',(7.3955709864449E-32,2.22044604925E-16,1.));
#2368=DIRECTION('',(0.,0.,1.));
#2369=DIRECTION('',(-3.330669073875E-16,-1.,2.22044604925E-16));
#2370=DIRECTION('',(0.,0.,-1.));
#2371=DIRECTION('',(3.330669073875E-16,1.,0.));
#2372=DIRECTION('',(-1.,3.330669073875E-16,0.));
#2373=DIRECTION('',(-3.330669073875E-16,-1.,2.22044604925E-16));
#2374=DIRECTION('',(3.330669073875E-16,1.,-2.22044604925E-16));
#2375=DIRECTION('',(-1.,3.330669073875E-16,0.));
#2376=DIRECTION('',(3.330669073875E-16,1.,-2.22044604925E-16));
#2377=DIRECTION('',(-1.,3.330669073875E-16,0.));
#2378=DIRECTION('',(0.,0.,1.));
#2379=DIRECTION('',(1.,-3.330669073875E-16,0.));
#2380=DIRECTION('',(1.,-3.330669073875E-16,0.));
#2381=DIRECTION('',(3.330669073875E-16,1.,-2.22044604925E-16));
#2382=DIRECTION('',(-1.,3.330669073875E-16,0.));
#2383=DIRECTION('',(-1.,3.330669073875E-16,0.));
#2384=DIRECTION('',(3.330669073875E-16,1.,0.));
#2385=DIRECTION('',(3.330669073875E-16,1.,0.));
#2386=DIRECTION('',(0.,0.,1.));
#2387=DIRECTION('',(0.,0.,1.));
#2388=DIRECTION('',(0.,0.,1.));
#2389=DIRECTION('',(-1.,3.330669073875E-16,0.));
#2390=DIRECTION('',(1.,-3.330669073875E-16,0.));
#2391=DIRECTION('',(-3.330669073875E-16,-1.,0.));
#2392=DIRECTION('',(-1.,3.330669073875E-16,0.));
#2393=DIRECTION('',(0.,0.,1.));
#2394=DIRECTION('',(-1.,3.330669073875E-16,0.));
#2395=DIRECTION('',(1.,-3.330669073875E-16,0.));
#2396=DIRECTION('',(-3.330669073875E-16,-1.,0.));
#2397=DIRECTION('',(-1.,3.330669073875E-16,0.));
#2398=DIRECTION('',(-3.330669073875E-16,-1.,0.));
#2399=DIRECTION('',(-1.,3.330669073875E-16,0.));
#2400=DIRECTION('',(7.3955709864449E-32,2.22044604925E-16,1.));
#2401=DIRECTION('',(0.,0.,1.));
#2402=DIRECTION('',(-3.330669073875E-16,-1.,2.22044604925E-16));
#2403=DIRECTION('',(0.,0.,-1.));
#2404=DIRECTION('',(3.330669073875E-16,1.,0.));
#2405=DIRECTION('',(-1.,3.330669073875E-16,0.));
#2406=DIRECTION('',(-3.330669073875E-16,-1.,2.22044604925E-16));
#2407=DIRECTION('',(3.330669073875E-16,1.,-2.22044604925E-16));
#2408=DIRECTION('',(-1.,3.330669073875E-16,0.));
#2409=DIRECTION('',(3.330669073875E-16,1.,-2.22044604925E-16));
#2410=DIRECTION('',(-1.,3.330669073875E-16,0.));
#2411=DIRECTION('',(0.,0.,1.));
#2412=DIRECTION('',(1.,-3.330669073875E-16,0.));
#2413=DIRECTION('',(1.,-3.330669073875E-16,0.));
#2414=DIRECTION('',(3.330669073875E-16,1.,-2.22044604925E-16));
#2415=DIRECTION('',(-1.,3.330669073875E-16,0.));
#2416=DIRECTION('',(-1.,3.330669073875E-16,0.));
#2417=DIRECTION('',(3.330669073875E-16,1.,0.));
#2418=DIRECTION('',(3.330669073875E-16,1.,0.));
#2419=DIRECTION('',(0.,0.,1.));
#2420=DIRECTION('',(0.,0.,1.));
#2421=DIRECTION('',(0.,0.,1.));
#2422=DIRECTION('',(-1.,3.330669073875E-16,0.));
#2423=DIRECTION('',(1.,-3.330669073875E-16,0.));
#2424=DIRECTION('',(-3.330669073875E-16,-1.,0.));
#2425=DIRECTION('',(-1.,3.330669073875E-16,0.));
#2426=DIRECTION('',(0.,0.,1.));
#2427=DIRECTION('',(-1.,3.330669073875E-16,0.));
#2428=DIRECTION('',(1.,-3.330669073875E-16,0.));
#2429=DIRECTION('',(-3.330669073875E-16,-1.,0.));
#2430=DIRECTION('',(-1.,3.330669073875E-16,0.));
#2431=DIRECTION('',(-3.330669073875E-16,-1.,0.));
#2432=DIRECTION('',(-1.,3.330669073875E-16,0.));
#2433=DIRECTION('',(7.3955709864449E-32,2.22044604925E-16,1.));
#2434=DIRECTION('',(0.,0.,1.));
#2435=DIRECTION('',(-3.330669073875E-16,-1.,2.22044604925E-16));
#2436=DIRECTION('',(0.,0.,-1.));
#2437=DIRECTION('',(3.330669073875E-16,1.,0.));
#2438=DIRECTION('',(-1.,3.330669073875E-16,0.));
#2439=DIRECTION('',(-3.330669073875E-16,-1.,2.22044604925E-16));
#2440=DIRECTION('',(3.330669073875E-16,1.,-2.22044604925E-16));
#2441=DIRECTION('',(-1.,3.330669073875E-16,0.));
#2442=DIRECTION('',(3.330669073875E-16,1.,-2.22044604925E-16));
#2443=DIRECTION('',(-1.,3.330669073875E-16,0.));
#2444=DIRECTION('',(0.,0.,1.));
#2445=DIRECTION('',(1.,-3.330669073875E-16,0.));
#2446=DIRECTION('',(-1.,3.330669073875E-16,0.));
#2447=DIRECTION('',(1.,-3.330669073875E-16,0.));
#2448=DIRECTION('',(3.330669073875E-16,1.,-2.22044604925E-16));
#2449=DIRECTION('',(-1.,3.330669073875E-16,0.));
#2450=DIRECTION('',(3.330669073875E-16,1.,0.));
#2451=DIRECTION('',(3.330669073875E-16,1.,0.));
#2452=DIRECTION('',(0.,0.,1.));
#2453=DIRECTION('',(0.,0.,1.));
#2454=DIRECTION('',(0.,0.,1.));
#2455=DIRECTION('',(-1.,3.330669073875E-16,0.));
#2456=DIRECTION('',(1.,-3.330669073875E-16,0.));
#2457=DIRECTION('',(-3.330669073875E-16,-1.,0.));
#2458=DIRECTION('',(-1.,3.330669073875E-16,0.));
#2459=DIRECTION('',(0.,0.,1.));
#2460=DIRECTION('',(-1.,3.330669073875E-16,0.));
#2461=DIRECTION('',(1.,-3.330669073875E-16,0.));
#2462=DIRECTION('',(-3.330669073875E-16,-1.,0.));
#2463=DIRECTION('',(-1.,3.330669073875E-16,0.));
#2464=DIRECTION('',(-3.330669073875E-16,-1.,0.));
#2465=DIRECTION('',(-1.,3.330669073875E-16,0.));
#2466=DIRECTION('',(7.3955709864449E-32,2.22044604925E-16,1.));
#2467=DIRECTION('',(-3.330669073875E-16,-1.,2.22044604925E-16));
#2468=DIRECTION('',(0.,0.,-1.));
#2469=DIRECTION('',(0.,0.,1.));
#2470=DIRECTION('',(3.330669073875E-16,1.,0.));
#2471=DIRECTION('',(-1.,3.330669073875E-16,0.));
#2472=DIRECTION('',(-3.330669073875E-16,-1.,2.22044604925E-16));
#2473=DIRECTION('',(3.330669073875E-16,1.,-2.22044604925E-16));
#2474=DIRECTION('',(-1.,3.330669073875E-16,0.));
#2475=DIRECTION('',(3.330669073875E-16,1.,-2.22044604925E-16));
#2476=DIRECTION('',(-1.,3.330669073875E-16,0.));
#2477=DIRECTION('',(0.,0.,1.));
#2478=DIRECTION('',(1.,-3.330669073875E-16,0.));
#2479=DIRECTION('',(-1.,3.330669073875E-16,0.));
#2480=DIRECTION('',(1.,-3.330669073875E-16,0.));
#2481=DIRECTION('',(3.330669073875E-16,1.,-2.22044604925E-16));
#2482=DIRECTION('',(-1.,3.330669073875E-16,0.));
#2483=DIRECTION('',(3.330669073875E-16,1.,0.));
#2484=DIRECTION('',(3.330669073875E-16,1.,0.));
#2485=DIRECTION('',(0.,0.,1.));
#2486=DIRECTION('',(0.,0.,1.));
#2487=DIRECTION('',(0.,0.,1.));
#2488=DIRECTION('',(-1.,3.330669073875E-16,0.));
#2489=DIRECTION('',(1.,-3.330669073875E-16,0.));
#2490=DIRECTION('',(-3.330669073875E-16,-1.,0.));
#2491=DIRECTION('',(-1.,3.330669073875E-16,0.));
#2492=DIRECTION('',(1.,-3.330669073875E-16,0.));
#2493=DIRECTION('',(-3.330669073875E-16,-1.,0.));
#2494=DIRECTION('',(3.330669073875E-16,1.,-4.450264312151E-34));
#2495=DIRECTION('',(0.,0.,1.));
#2496=DIRECTION('',(0.,0.,1.));
#2497=DIRECTION('',(1.,-3.330669073875E-16,0.));
#2498=DIRECTION('',(-3.330669073875E-16,-1.,0.));
#2499=DIRECTION('',(3.330669073875E-16,1.,-4.450264312151E-34));
#2500=DIRECTION('',(0.,0.,1.));
#2501=DIRECTION('',(0.,0.,1.));
#2502=DIRECTION('',(1.,-3.330669073875E-16,0.));
#2503=DIRECTION('',(-3.330669073875E-16,-1.,0.));
#2504=DIRECTION('',(3.330669073875E-16,1.,-4.450264312151E-34));
#2505=DIRECTION('',(0.,0.,1.));
#2506=DIRECTION('',(0.,0.,1.));
#2507=DIRECTION('',(1.,-3.330669073875E-16,0.));
#2508=DIRECTION('',(-3.330669073875E-16,-1.,0.));
#2509=DIRECTION('',(3.330669073875E-16,1.,-4.450264312151E-34));
#2510=DIRECTION('',(0.,0.,1.));
#2511=DIRECTION('',(0.,0.,1.));
#2512=DIRECTION('',(1.,-3.330669073875E-16,0.));
#2513=DIRECTION('',(-3.330669073875E-16,-1.,0.));
#2514=DIRECTION('',(3.330669073875E-16,1.,-4.450264312151E-34));
#2515=DIRECTION('',(0.,0.,1.));
#2516=DIRECTION('',(0.,0.,1.));
#2517=DIRECTION('',(1.,-3.330669073875E-16,0.));
#2518=DIRECTION('',(-3.330669073875E-16,-1.,0.));
#2519=DIRECTION('',(3.330669073875E-16,1.,-4.450264312151E-34));
#2520=DIRECTION('',(0.,0.,1.));
#2521=DIRECTION('',(-3.330669073875E-16,-1.,0.));
#2522=DIRECTION('',(0.,0.,1.));
#2523=DIRECTION('',(0.,0.,1.));
#2524=DIRECTION('',(-1.,3.330669073875E-16,0.));
#2525=DIRECTION('',(1.,-3.330669073875E-16,0.));
#2526=DIRECTION('',(-3.330669073875E-16,-1.,0.));
#2527=DIRECTION('',(-1.,3.330669073875E-16,0.));
#2528=DIRECTION('',(-1.,3.330669073875E-16,0.));
#2529=DIRECTION('',(7.3955709864449E-32,2.22044604925E-16,1.));
#2530=DIRECTION('',(-3.330669073875E-16,-1.,2.22044604925E-16));
#2531=DIRECTION('',(0.,0.,-1.));
#2532=DIRECTION('',(0.,0.,1.));
#2533=DIRECTION('',(3.330669073875E-16,1.,0.));
#2534=DIRECTION('',(-1.,3.330669073875E-16,0.));
#2535=DIRECTION('',(-3.330669073875E-16,-1.,2.22044604925E-16));
#2536=DIRECTION('',(3.330669073875E-16,1.,-2.22044604925E-16));
#2537=DIRECTION('',(-1.,3.330669073875E-16,0.));
#2538=DIRECTION('',(3.330669073875E-16,1.,-2.22044604925E-16));
#2539=DIRECTION('',(-1.,3.330669073875E-16,0.));
#2540=DIRECTION('',(0.,0.,1.));
#2541=DIRECTION('',(1.,-3.330669073875E-16,0.));
#2542=DIRECTION('',(-1.,3.330669073875E-16,0.));
#2543=DIRECTION('',(1.,-3.330669073875E-16,0.));
#2544=DIRECTION('',(3.330669073875E-16,1.,-2.22044604925E-16));
#2545=DIRECTION('',(-1.,3.330669073875E-16,0.));
#2546=DIRECTION('',(3.330669073875E-16,1.,0.));
#2547=DIRECTION('',(3.330669073875E-16,1.,0.));
#2548=DIRECTION('',(0.,0.,1.));
#2549=DIRECTION('',(0.,0.,1.));
#2550=DIRECTION('',(0.,0.,1.));
#2551=DIRECTION('',(-1.,3.330669073875E-16,0.));
#2552=DIRECTION('',(1.,-3.330669073875E-16,0.));
#2553=DIRECTION('',(-3.330669073875E-16,-1.,0.));
#2554=DIRECTION('',(-1.,3.330669073875E-16,0.));
#2555=DIRECTION('',(-1.,3.330669073875E-16,0.));
#2556=DIRECTION('',(0.,0.,1.));
#2557=DIRECTION('',(3.330669073875E-16,1.,0.));
#2558=DIRECTION('',(-2.22044604925E-16,-6.661338147751E-16,-1.));
#2559=DIRECTION('',(-2.22044604925E-16,-6.661338147751E-16,-1.));
#2560=DIRECTION('',(3.330669073875E-16,1.,0.));
#2561=DIRECTION('',(0.,0.,1.));
#2562=DIRECTION('',(-3.330669073875E-16,-1.,0.));
#2563=DIRECTION('',(2.22044604925E-16,-7.3955709864449E-32,1.));
#2564=DIRECTION('',(-1.,1.110223024625E-16,2.513782829003E-32));
#2565=DIRECTION('',(2.2186712959338E-31,6.661338147751E-16,1.));
#2566=DIRECTION('',(-1.,1.110223024625E-16,2.513782829003E-32));
#2567=DIRECTION('',(1.,-3.330669073875E-16,0.));
#2568=DIRECTION('',(-3.330669073875E-16,-1.,0.));
#2569=DIRECTION('',(-3.330669073875E-16,-1.,0.));
#2570=DIRECTION('',(-7.3955709864449E-32,-2.22044604925E-16,1.));
#2571=DIRECTION('',(-3.330669073875E-16,-1.,0.));
#2572=DIRECTION('',(3.330669073875E-16,1.,0.));
#2573=DIRECTION('',(-2.22044604925E-16,7.3955709864449E-32,-1.));
#2574=DIRECTION('',(-1.,5.551115123125E-16,2.513782829003E-32));
#2575=DIRECTION('',(-1.,5.551115123125E-16,2.513782829003E-32));
#2576=DIRECTION('',(-2.22044604925E-16,2.22044604925E-16,-1.));
#2577=DIRECTION('',(-2.22044604925E-16,2.22044604925E-16,-1.));
#2578=DIRECTION('',(-1.,3.330669073875E-16,0.));
#2579=DIRECTION('',(0.,0.,1.));
#2580=DIRECTION('',(3.330669073875E-16,1.,0.));
#2581=DIRECTION('',(0.,0.,1.));
#2582=DIRECTION('',(3.330669073875E-16,1.,0.));
#2583=DIRECTION('',(3.330669073875E-16,1.,0.));
#2584=DIRECTION('',(1.,-3.330669073875E-16,0.));
#2585=DIRECTION('',(0.,0.,1.));
#2586=DIRECTION('',(1.,-3.330669073875E-16,0.));
#2587=DIRECTION('',(1.,-3.330669073875E-16,0.));
#2588=DIRECTION('',(-1.,3.330669073875E-16,0.));
#2589=DIRECTION('',(3.330669073875E-16,1.,0.));
#2590=DIRECTION('',(3.330669073875E-16,1.,0.));
#2591=DIRECTION('',(0.,0.,-1.));
#2592=DIRECTION('',(3.330669073875E-16,1.,0.));
#2593=DIRECTION('',(3.330669073875E-16,1.,0.));
#2594=DIRECTION('',(1.,-3.330669073875E-16,0.));
#2595=DIRECTION('',(-1.,3.330669073875E-16,2.513782829003E-32));
#2596=DIRECTION('',(-1.,3.330669073875E-16,2.513782829003E-32));
#2597=DIRECTION('',(0.,0.,1.));
#2598=DIRECTION('',(1.,-3.330669073875E-16,0.));
#2599=DIRECTION('',(-3.330669073875E-16,-1.,0.));
#2600=DIRECTION('',(3.330669073875E-16,1.,-4.450264312151E-34));
#2601=DIRECTION('',(0.,0.,1.));
#2602=DIRECTION('',(-3.330669073875E-16,-1.,0.));
#2603=DIRECTION('',(-1.,3.330669073875E-16,0.));
#2604=DIRECTION('',(1.,-3.330669073875E-16,-2.513782829003E-32));
#2605=DIRECTION('',(0.,0.,1.));
#2606=DIRECTION('',(1.,-3.330669073875E-16,-2.513782829003E-32));
#2607=DIRECTION('',(-1.,3.330669073875E-16,0.));
#2608=DIRECTION('',(3.330669073875E-16,1.,0.));
#2609=DIRECTION('',(3.330669073875E-16,1.,0.));
#2610=DIRECTION('',(0.,0.,-1.));
#2611=DIRECTION('',(3.330669073875E-16,1.,0.));
#2612=DIRECTION('',(3.330669073875E-16,1.,0.));
#2613=DIRECTION('',(1.,-3.330669073875E-16,0.));
#2614=DIRECTION('',(-1.,3.330669073875E-16,2.513782829003E-32));
#2615=DIRECTION('',(-1.,3.330669073875E-16,2.513782829003E-32));
#2616=DIRECTION('',(0.,0.,1.));
#2617=DIRECTION('',(1.,-3.330669073875E-16,0.));
#2618=DIRECTION('',(-3.330669073875E-16,-1.,0.));
#2619=DIRECTION('',(3.330669073875E-16,1.,-4.450264312151E-34));
#2620=DIRECTION('',(0.,0.,1.));
#2621=DIRECTION('',(-3.330669073875E-16,-1.,0.));
#2622=DIRECTION('',(-1.,3.330669073875E-16,0.));
#2623=DIRECTION('',(1.,-3.330669073875E-16,-2.513782829003E-32));
#2624=DIRECTION('',(0.,0.,1.));
#2625=DIRECTION('',(1.,-3.330669073875E-16,-2.513782829003E-32));
#2626=DIRECTION('',(-1.,3.330669073875E-16,0.));
#2627=DIRECTION('',(3.330669073875E-16,1.,0.));
#2628=DIRECTION('',(3.330669073875E-16,1.,0.));
#2629=DIRECTION('',(0.,0.,-1.));
#2630=DIRECTION('',(3.330669073875E-16,1.,0.));
#2631=DIRECTION('',(3.330669073875E-16,1.,0.));
#2632=DIRECTION('',(1.,-3.330669073875E-16,0.));
#2633=DIRECTION('',(-1.,3.330669073875E-16,2.513782829003E-32));
#2634=DIRECTION('',(-1.,3.330669073875E-16,2.513782829003E-32));
#2635=DIRECTION('',(0.,0.,1.));
#2636=DIRECTION('',(1.,-3.330669073875E-16,0.));
#2637=DIRECTION('',(-3.330669073875E-16,-1.,0.));
#2638=DIRECTION('',(3.330669073875E-16,1.,-4.450264312151E-34));
#2639=DIRECTION('',(0.,0.,1.));
#2640=DIRECTION('',(-3.330669073875E-16,-1.,0.));
#2641=DIRECTION('',(-1.,3.330669073875E-16,0.));
#2642=DIRECTION('',(1.,-3.330669073875E-16,-2.513782829003E-32));
#2643=DIRECTION('',(0.,0.,1.));
#2644=DIRECTION('',(1.,-3.330669073875E-16,-2.513782829003E-32));
#2645=DIRECTION('',(-1.,3.330669073875E-16,0.));
#2646=DIRECTION('',(3.330669073875E-16,1.,0.));
#2647=DIRECTION('',(3.330669073875E-16,1.,0.));
#2648=DIRECTION('',(0.,0.,-1.));
#2649=DIRECTION('',(3.330669073875E-16,1.,0.));
#2650=DIRECTION('',(3.330669073875E-16,1.,0.));
#2651=DIRECTION('',(1.,-3.330669073875E-16,0.));
#2652=DIRECTION('',(-1.,3.330669073875E-16,2.513782829003E-32));
#2653=DIRECTION('',(-1.,3.330669073875E-16,2.513782829003E-32));
#2654=DIRECTION('',(0.,0.,1.));
#2655=DIRECTION('',(1.,-3.330669073875E-16,0.));
#2656=DIRECTION('',(-3.330669073875E-16,-1.,0.));
#2657=DIRECTION('',(3.330669073875E-16,1.,-4.450264312151E-34));
#2658=DIRECTION('',(0.,0.,1.));
#2659=DIRECTION('',(-3.330669073875E-16,-1.,0.));
#2660=DIRECTION('',(-1.,3.330669073875E-16,0.));
#2661=DIRECTION('',(1.,-3.330669073875E-16,-2.513782829003E-32));
#2662=DIRECTION('',(0.,0.,1.));
#2663=DIRECTION('',(1.,-3.330669073875E-16,-2.513782829003E-32));
#2664=DIRECTION('',(-1.,3.330669073875E-16,0.));
#2665=DIRECTION('',(3.330669073875E-16,1.,0.));
#2666=DIRECTION('',(3.330669073875E-16,1.,0.));
#2667=DIRECTION('',(0.,0.,-1.));
#2668=DIRECTION('',(3.330669073875E-16,1.,0.));
#2669=DIRECTION('',(3.330669073875E-16,1.,0.));
#2670=DIRECTION('',(1.,-3.330669073875E-16,0.));
#2671=DIRECTION('',(-1.,3.330669073875E-16,2.513782829003E-32));
#2672=DIRECTION('',(-1.,3.330669073875E-16,2.513782829003E-32));
#2673=DIRECTION('',(0.,0.,1.));
#2674=DIRECTION('',(1.,-3.330669073875E-16,0.));
#2675=DIRECTION('',(-3.330669073875E-16,-1.,0.));
#2676=DIRECTION('',(3.330669073875E-16,1.,-4.450264312151E-34));
#2677=DIRECTION('',(0.,0.,1.));
#2678=DIRECTION('',(-3.330669073875E-16,-1.,0.));
#2679=DIRECTION('',(-1.,3.330669073875E-16,0.));
#2680=DIRECTION('',(1.,-3.330669073875E-16,-2.513782829003E-32));
#2681=DIRECTION('',(0.,0.,1.));
#2682=DIRECTION('',(1.,-3.330669073875E-16,-2.513782829003E-32));
#2683=DIRECTION('',(-1.,3.330669073875E-16,0.));
#2684=DIRECTION('',(3.330669073875E-16,1.,0.));
#2685=DIRECTION('',(3.330669073875E-16,1.,0.));
#2686=DIRECTION('',(0.,0.,-1.));
#2687=DIRECTION('',(3.330669073875E-16,1.,0.));
#2688=DIRECTION('',(3.330669073875E-16,1.,0.));
#2689=DIRECTION('',(1.,-3.330669073875E-16,0.));
#2690=DIRECTION('',(-1.,3.330669073875E-16,2.513782829003E-32));
#2691=DIRECTION('',(-1.,3.330669073875E-16,2.513782829003E-32));
#2692=DIRECTION('',(0.,0.,1.));
#2693=DIRECTION('',(1.,-3.330669073875E-16,0.));
#2694=DIRECTION('',(-3.330669073875E-16,-1.,0.));
#2695=DIRECTION('',(3.330669073875E-16,1.,-4.450264312151E-34));
#2696=DIRECTION('',(0.,0.,1.));
#2697=DIRECTION('',(-3.330669073875E-16,-1.,0.));
#2698=DIRECTION('',(-1.,3.330669073875E-16,0.));
#2699=DIRECTION('',(-1.,3.330669073875E-16,0.));
#2700=DIRECTION('',(0.,0.,1.));
#2701=DIRECTION('',(-1.,3.330669073875E-16,0.));
#2702=DIRECTION('',(2.513782829003E-32,4.45026431215092E-34,1.));
#2703=DIRECTION('',(-1.,3.330669073875E-16,2.513782829003E-32));
#2704=DIRECTION('',(3.330669073875E-16,1.,0.));
#2705=DIRECTION('',(1.,-3.330669073875E-16,-2.513782829003E-32));
#2706=DIRECTION('',(-3.330669073875E-16,-1.,0.));
#2707=DIRECTION('',(-1.,3.330669073875E-16,0.));
#2708=DIRECTION('',(1.,-3.330669073875E-16,-2.513782829003E-32));
#2709=DIRECTION('',(0.,0.,1.));
#2710=DIRECTION('',(2.513782829003E-32,4.45026431215092E-34,1.));
#2711=DIRECTION('',(-1.,3.330669073875E-16,2.513782829003E-32));
#2712=DIRECTION('',(3.330669073875E-16,1.,0.));
#2713=DIRECTION('',(-1.,3.330669073875E-16,0.));
#2714=DIRECTION('',(3.330669073875E-16,1.,0.));
#2715=CARTESIAN_POINT('',(0.,0.,0.));
#2716=CARTESIAN_POINT('',(0.18692,-0.1347,0.001695));
#2717=CARTESIAN_POINT('',(0.18692,-0.1347,0.001695));
#2718=CARTESIAN_POINT('',(0.18692,-0.1348,0.001695));
#2719=CARTESIAN_POINT('',(0.18692,-0.1347,0.001595));
#2720=CARTESIAN_POINT('',(0.18692,-0.1347,0.001595));
#2721=CARTESIAN_POINT('',(0.18812,-0.1347,0.001595));
#2722=CARTESIAN_POINT('',(0.18812,-0.1347,0.001695));
#2723=CARTESIAN_POINT('',(0.18812,-0.1348,0.001695));
#2724=CARTESIAN_POINT('',(0.18692,-0.1348,0.001695));
#2725=CARTESIAN_POINT('',(0.18502,-0.13,0.001595));
#2726=CARTESIAN_POINT('',(0.18692,-0.1339,0.001595));
#2727=CARTESIAN_POINT('',(0.18692,-0.1339,0.001595));
#2728=CARTESIAN_POINT('',(0.18812,-0.1339,0.001595));
#2729=CARTESIAN_POINT('',(0.18812,-0.1339,0.001595));
#2730=CARTESIAN_POINT('',(0.18692,-0.1339,0.001595));
#2731=CARTESIAN_POINT('',(0.18692,-0.134,0.002395));
#2732=CARTESIAN_POINT('',(0.18692,-0.134,0.002395));
#2733=CARTESIAN_POINT('',(0.18692,-0.134,0.002395));
#2734=CARTESIAN_POINT('',(0.18692,-0.134,0.001845));
#2735=CARTESIAN_POINT('',(0.18692,-0.134,0.001845));
#2736=CARTESIAN_POINT('',(0.18812,-0.134,0.001845));
#2737=CARTESIAN_POINT('',(0.18812,-0.134,0.002395));
#2738=CARTESIAN_POINT('',(0.18812,-0.134,0.002395));
#2739=CARTESIAN_POINT('',(0.18692,-0.134,0.002395));
#2740=CARTESIAN_POINT('',(0.18692,-0.13405,0.001845));
#2741=CARTESIAN_POINT('',(0.18692,-0.13405,0.001795));
#2742=CARTESIAN_POINT('',(0.18692,-0.13405,0.001795));
#2743=CARTESIAN_POINT('',(0.18812,-0.13405,0.001795));
#2744=CARTESIAN_POINT('',(0.18812,-0.13405,0.001845));
#2745=CARTESIAN_POINT('',(0.18692,-0.13405,0.001845));
#2746=CARTESIAN_POINT('',(0.18662671641791,-0.13125,0.001795));
#2747=CARTESIAN_POINT('',(0.18692,-0.13405,0.001795));
#2748=CARTESIAN_POINT('',(0.18692,-0.13455,0.001795));
#2749=CARTESIAN_POINT('',(0.18692,-0.13455,0.001795));
#2750=CARTESIAN_POINT('',(0.18812,-0.13455,0.001795));
#2751=CARTESIAN_POINT('',(0.18812,-0.13405,0.001795));
#2752=CARTESIAN_POINT('',(0.18692,-0.13455,0.001845));
#2753=CARTESIAN_POINT('',(0.18692,-0.1346,0.001845));
#2754=CARTESIAN_POINT('',(0.18692,-0.1346,0.001845));
#2755=CARTESIAN_POINT('',(0.18812,-0.1346,0.001845));
#2756=CARTESIAN_POINT('',(0.18812,-0.13455,0.001845));
#2757=CARTESIAN_POINT('',(0.18692,-0.13455,0.001845));
#2758=CARTESIAN_POINT('',(0.18692,-0.1346,0.001845));
#2759=CARTESIAN_POINT('',(0.18692,-0.1346,0.001845));
#2760=CARTESIAN_POINT('',(0.18692,-0.1346,0.002395));
#2761=CARTESIAN_POINT('',(0.18692,-0.1346,0.002395));
#2762=CARTESIAN_POINT('',(0.18812,-0.1346,0.002395));
#2763=CARTESIAN_POINT('',(0.18812,-0.1346,0.001845));
#2764=CARTESIAN_POINT('',(0.18692,-0.1277,0.002395));
#2765=CARTESIAN_POINT('',(0.18692,-0.1348,0.002395));
#2766=CARTESIAN_POINT('',(0.18692,-0.1348,0.002395));
#2767=CARTESIAN_POINT('',(0.18812,-0.1348,0.002395));
#2768=CARTESIAN_POINT('',(0.18812,-0.1348,0.002395));
#2769=CARTESIAN_POINT('',(0.18692,-0.1348,0.002395));
#2770=CARTESIAN_POINT('',(0.18692,-0.1348,0.001695));
#2771=CARTESIAN_POINT('',(0.18812,-0.1348,0.001695));
#2772=CARTESIAN_POINT('',(0.18692,-0.1348,0.001695));
#2773=CARTESIAN_POINT('',(0.18692,-0.1278,0.001695));
#2774=CARTESIAN_POINT('',(0.18692,-0.1277,0.001695));
#2775=CARTESIAN_POINT('',(0.18692,-0.1277,0.001695));
#2776=CARTESIAN_POINT('',(0.18812,-0.1277,0.001695));
#2777=CARTESIAN_POINT('',(0.18812,-0.1278,0.001695));
#2778=CARTESIAN_POINT('',(0.18812,-0.1278,0.001595));
#2779=CARTESIAN_POINT('',(0.18692,-0.1278,0.001595));
#2780=CARTESIAN_POINT('',(0.18692,-0.1278,0.001595));
#2781=CARTESIAN_POINT('',(0.18692,-0.1278,0.001695));
#2782=CARTESIAN_POINT('',(0.18502,-0.13,0.001595));
#2783=CARTESIAN_POINT('',(0.18692,-0.1286,0.001595));
#2784=CARTESIAN_POINT('',(0.18692,-0.1286,0.001595));
#2785=CARTESIAN_POINT('',(0.18812,-0.1286,0.001595));
#2786=CARTESIAN_POINT('',(0.18812,-0.1286,0.001595));
#2787=CARTESIAN_POINT('',(0.18692,-0.1286,0.001595));
#2788=CARTESIAN_POINT('',(0.18692,-0.1285,0.002395));
#2789=CARTESIAN_POINT('',(0.18692,-0.1285,0.002395));
#2790=CARTESIAN_POINT('',(0.18692,-0.1285,0.002395));
#2791=CARTESIAN_POINT('',(0.18812,-0.1285,0.002395));
#2792=CARTESIAN_POINT('',(0.18812,-0.1285,0.002395));
#2793=CARTESIAN_POINT('',(0.18812,-0.1285,0.001845));
#2794=CARTESIAN_POINT('',(0.18692,-0.1285,0.001845));
#2795=CARTESIAN_POINT('',(0.18692,-0.1285,0.001845));
#2796=CARTESIAN_POINT('',(0.18692,-0.1285,0.002395));
#2797=CARTESIAN_POINT('',(0.18692,-0.12845,0.001845));
#2798=CARTESIAN_POINT('',(0.18692,-0.12845,0.001845));
#2799=CARTESIAN_POINT('',(0.18692,-0.12845,0.001795));
#2800=CARTESIAN_POINT('',(0.18812,-0.12845,0.001845));
#2801=CARTESIAN_POINT('',(0.18812,-0.12845,0.001795));
#2802=CARTESIAN_POINT('',(0.18692,-0.12845,0.001795));
#2803=CARTESIAN_POINT('',(0.18662671641791,-0.13125,0.001795));
#2804=CARTESIAN_POINT('',(0.18812,-0.12845,0.001795));
#2805=CARTESIAN_POINT('',(0.18812,-0.12795,0.001795));
#2806=CARTESIAN_POINT('',(0.18692,-0.12795,0.001795));
#2807=CARTESIAN_POINT('',(0.18692,-0.12795,0.001795));
#2808=CARTESIAN_POINT('',(0.18692,-0.12845,0.001795));
#2809=CARTESIAN_POINT('',(0.18692,-0.12795,0.001845));
#2810=CARTESIAN_POINT('',(0.18692,-0.12795,0.001845));
#2811=CARTESIAN_POINT('',(0.18692,-0.1279,0.001845));
#2812=CARTESIAN_POINT('',(0.18812,-0.12795,0.001845));
#2813=CARTESIAN_POINT('',(0.18812,-0.1279,0.001845));
#2814=CARTESIAN_POINT('',(0.18692,-0.1279,0.001845));
#2815=CARTESIAN_POINT('',(0.18692,-0.1279,0.001845));
#2816=CARTESIAN_POINT('',(0.18812,-0.1279,0.001845));
#2817=CARTESIAN_POINT('',(0.18812,-0.1279,0.002395));
#2818=CARTESIAN_POINT('',(0.18692,-0.1279,0.002395));
#2819=CARTESIAN_POINT('',(0.18692,-0.1279,0.002395));
#2820=CARTESIAN_POINT('',(0.18692,-0.1279,0.001845));
#2821=CARTESIAN_POINT('',(0.18692,-0.1277,0.002395));
#2822=CARTESIAN_POINT('',(0.18692,-0.1277,0.002395));
#2823=CARTESIAN_POINT('',(0.18692,-0.1277,0.002395));
#2824=CARTESIAN_POINT('',(0.18812,-0.1277,0.002395));
#2825=CARTESIAN_POINT('',(0.18812,-0.1277,0.002395));
#2826=CARTESIAN_POINT('',(0.18692,-0.1277,0.002395));
#2827=CARTESIAN_POINT('',(0.18692,-0.1277,0.001695));
#2828=CARTESIAN_POINT('',(0.18692,-0.1277,0.001695));
#2829=CARTESIAN_POINT('',(0.18812,-0.1277,0.001695));
#2830=CARTESIAN_POINT('',(0.18692,-0.1277,0.002395));
#2831=CARTESIAN_POINT('',(0.18812,-0.134,0.002395));
#2832=CARTESIAN_POINT('',(0.18812,-0.1338,0.002395));
#2833=CARTESIAN_POINT('',(0.18692,-0.1338,0.002395));
#2834=CARTESIAN_POINT('',(0.18692,-0.1338,0.002395));
#2835=CARTESIAN_POINT('',(0.18692,-0.134,0.002395));
#2836=CARTESIAN_POINT('',(0.18812,-0.1282,0.001953610818827));
#2837=CARTESIAN_POINT('',(0.18812,-0.1339,0.001695));
#2838=CARTESIAN_POINT('',(0.18812,-0.1338,0.001695));
#2839=CARTESIAN_POINT('',(0.18812,-0.1338,0.002395));
#2840=CARTESIAN_POINT('',(0.18692,-0.1339,0.001695));
#2841=CARTESIAN_POINT('',(0.18692,-0.1339,0.001695));
#2842=CARTESIAN_POINT('',(0.18692,-0.1338,0.001695));
#2843=CARTESIAN_POINT('',(0.18692,-0.1338,0.001695));
#2844=CARTESIAN_POINT('',(0.18692,-0.1277,0.002395));
#2845=CARTESIAN_POINT('',(0.18692,-0.1285,0.002395));
#2846=CARTESIAN_POINT('',(0.18692,-0.1287,0.002395));
#2847=CARTESIAN_POINT('',(0.18692,-0.1287,0.002395));
#2848=CARTESIAN_POINT('',(0.18812,-0.1287,0.002395));
#2849=CARTESIAN_POINT('',(0.18812,-0.1285,0.002395));
#2850=CARTESIAN_POINT('',(0.18812,-0.1282,0.001953610818827));
#2851=CARTESIAN_POINT('',(0.18812,-0.1287,0.002395));
#2852=CARTESIAN_POINT('',(0.18812,-0.1287,0.001695));
#2853=CARTESIAN_POINT('',(0.18812,-0.1286,0.001695));
#2854=CARTESIAN_POINT('',(0.18692,-0.1286,0.001695));
#2855=CARTESIAN_POINT('',(0.18692,-0.1287,0.001695));
#2856=CARTESIAN_POINT('',(0.18692,-0.1287,0.001695));
#2857=CARTESIAN_POINT('',(0.18692,-0.1286,0.001695));
#2858=CARTESIAN_POINT('',(0.18502,-0.13,0.003395));
#2859=CARTESIAN_POINT('',(0.18412,-0.1299,0.003395));
#2860=CARTESIAN_POINT('',(0.18482,-0.1299,0.003395));
#2861=CARTESIAN_POINT('',(0.18592,-0.1299,0.003395));
#2862=CARTESIAN_POINT('',(0.18482,-0.126345292591777,0.003395));
#2863=CARTESIAN_POINT('',(0.18482,-0.1301,0.003395));
#2864=CARTESIAN_POINT('',(0.18592,-0.1301,0.003395));
#2865=CARTESIAN_POINT('',(0.18592,-0.1301,0.003395));
#2866=CARTESIAN_POINT('',(0.18592,-0.1299,0.003395));
#2867=CARTESIAN_POINT('',(0.18482,-0.122690585183554,0.002095));
#2868=CARTESIAN_POINT('',(0.18482,-0.1299,0.001845));
#2869=CARTESIAN_POINT('',(0.18482,-0.1299,0.002095));
#2870=CARTESIAN_POINT('',(0.18482,-0.122690585183554,0.002095));
#2871=CARTESIAN_POINT('',(0.18482,-0.1301,0.002095));
#2872=CARTESIAN_POINT('',(0.18482,-0.1301,0.001845));
#2873=CARTESIAN_POINT('',(0.18462,-0.122690585183554,0.002095));
#2874=CARTESIAN_POINT('',(0.18462,-0.122690585183554,0.001895));
#2875=CARTESIAN_POINT('',(0.18462,-0.1299,0.001895));
#2876=CARTESIAN_POINT('',(0.18462,-0.1301,0.001895));
#2877=CARTESIAN_POINT('',(0.18462,-0.1301,0.002095));
#2878=CARTESIAN_POINT('',(0.18462,-0.1299,0.002095));
#2879=CARTESIAN_POINT('',(0.18302,-0.122690585183554,0.001895));
#2880=CARTESIAN_POINT('',(0.18357,-0.1299,0.001895));
#2881=CARTESIAN_POINT('',(0.18412,-0.1299,0.001895));
#2882=CARTESIAN_POINT('',(0.18412,-0.126395292591777,0.001895));
#2883=CARTESIAN_POINT('',(0.18412,-0.1301,0.001895));
#2884=CARTESIAN_POINT('',(0.18447,-0.1301,0.001895));
#2885=CARTESIAN_POINT('',(0.18412,-0.1301,0.001595));
#2886=CARTESIAN_POINT('',(0.18412,-0.1301,0.001595));
#2887=CARTESIAN_POINT('',(0.18412,-0.1301,0.001595));
#2888=CARTESIAN_POINT('',(0.18412,-0.1299,0.001595));
#2889=CARTESIAN_POINT('',(0.18412,-0.1301,0.001595));
#2890=CARTESIAN_POINT('',(0.18412,-0.1299,0.001595));
#2891=CARTESIAN_POINT('',(0.18502,-0.13,0.001595));
#2892=CARTESIAN_POINT('',(0.18412,-0.1299,0.001595));
#2893=CARTESIAN_POINT('',(0.18592,-0.1299,0.001595));
#2894=CARTESIAN_POINT('',(0.18592,-0.1299,0.001595));
#2895=CARTESIAN_POINT('',(0.18592,-0.1301,0.001595));
#2896=CARTESIAN_POINT('',(0.18592,-0.1301,0.001595));
#2897=CARTESIAN_POINT('',(0.18502,-0.13,0.003395));
#2898=CARTESIAN_POINT('',(0.18412,-0.1304,0.003395));
#2899=CARTESIAN_POINT('',(0.18482,-0.1304,0.003395));
#2900=CARTESIAN_POINT('',(0.18592,-0.1304,0.003395));
#2901=CARTESIAN_POINT('',(0.18482,-0.126595292591777,0.003395));
#2902=CARTESIAN_POINT('',(0.18482,-0.1306,0.003395));
#2903=CARTESIAN_POINT('',(0.18592,-0.1306,0.003395));
#2904=CARTESIAN_POINT('',(0.18592,-0.1306,0.003395));
#2905=CARTESIAN_POINT('',(0.18592,-0.1304,0.003395));
#2906=CARTESIAN_POINT('',(0.18482,-0.122690585183554,0.002095));
#2907=CARTESIAN_POINT('',(0.18482,-0.1304,0.001845));
#2908=CARTESIAN_POINT('',(0.18482,-0.1304,0.002095));
#2909=CARTESIAN_POINT('',(0.18482,-0.122690585183554,0.002095));
#2910=CARTESIAN_POINT('',(0.18482,-0.1306,0.002095));
#2911=CARTESIAN_POINT('',(0.18482,-0.1306,0.001845));
#2912=CARTESIAN_POINT('',(0.18462,-0.122690585183554,0.002095));
#2913=CARTESIAN_POINT('',(0.18462,-0.122690585183554,0.001895));
#2914=CARTESIAN_POINT('',(0.18462,-0.1304,0.001895));
#2915=CARTESIAN_POINT('',(0.18462,-0.1306,0.001895));
#2916=CARTESIAN_POINT('',(0.18462,-0.1306,0.002095));
#2917=CARTESIAN_POINT('',(0.18462,-0.1304,0.002095));
#2918=CARTESIAN_POINT('',(0.18302,-0.122690585183554,0.001895));
#2919=CARTESIAN_POINT('',(0.18357,-0.1304,0.001895));
#2920=CARTESIAN_POINT('',(0.18412,-0.1304,0.001895));
#2921=CARTESIAN_POINT('',(0.18412,-0.126645292591777,0.001895));
#2922=CARTESIAN_POINT('',(0.18412,-0.1306,0.001895));
#2923=CARTESIAN_POINT('',(0.18447,-0.1306,0.001895));
#2924=CARTESIAN_POINT('',(0.18412,-0.1301,0.001595));
#2925=CARTESIAN_POINT('',(0.18412,-0.1306,0.001595));
#2926=CARTESIAN_POINT('',(0.18412,-0.1306,0.001595));
#2927=CARTESIAN_POINT('',(0.18412,-0.1304,0.001595));
#2928=CARTESIAN_POINT('',(0.18412,-0.1306,0.001595));
#2929=CARTESIAN_POINT('',(0.18412,-0.1304,0.001595));
#2930=CARTESIAN_POINT('',(0.18502,-0.13,0.001595));
#2931=CARTESIAN_POINT('',(0.18412,-0.1304,0.001595));
#2932=CARTESIAN_POINT('',(0.18592,-0.1304,0.001595));
#2933=CARTESIAN_POINT('',(0.18592,-0.1304,0.001595));
#2934=CARTESIAN_POINT('',(0.18592,-0.1306,0.001595));
#2935=CARTESIAN_POINT('',(0.18592,-0.1306,0.001595));
#2936=CARTESIAN_POINT('',(0.18502,-0.13,0.003395));
#2937=CARTESIAN_POINT('',(0.18412,-0.1309,0.003395));
#2938=CARTESIAN_POINT('',(0.18482,-0.1309,0.003395));
#2939=CARTESIAN_POINT('',(0.18592,-0.1309,0.003395));
#2940=CARTESIAN_POINT('',(0.18482,-0.126845292591777,0.003395));
#2941=CARTESIAN_POINT('',(0.18482,-0.1311,0.003395));
#2942=CARTESIAN_POINT('',(0.18592,-0.1311,0.003395));
#2943=CARTESIAN_POINT('',(0.18592,-0.1311,0.003395));
#2944=CARTESIAN_POINT('',(0.18592,-0.1309,0.003395));
#2945=CARTESIAN_POINT('',(0.18482,-0.122690585183554,0.002095));
#2946=CARTESIAN_POINT('',(0.18482,-0.1309,0.001845));
#2947=CARTESIAN_POINT('',(0.18482,-0.1309,0.002095));
#2948=CARTESIAN_POINT('',(0.18482,-0.122690585183554,0.002095));
#2949=CARTESIAN_POINT('',(0.18482,-0.1311,0.002095));
#2950=CARTESIAN_POINT('',(0.18482,-0.1311,0.001845));
#2951=CARTESIAN_POINT('',(0.18462,-0.122690585183554,0.002095));
#2952=CARTESIAN_POINT('',(0.18462,-0.122690585183554,0.001895));
#2953=CARTESIAN_POINT('',(0.18462,-0.1309,0.001895));
#2954=CARTESIAN_POINT('',(0.18462,-0.1311,0.001895));
#2955=CARTESIAN_POINT('',(0.18462,-0.1311,0.002095));
#2956=CARTESIAN_POINT('',(0.18462,-0.1309,0.002095));
#2957=CARTESIAN_POINT('',(0.18302,-0.122690585183554,0.001895));
#2958=CARTESIAN_POINT('',(0.18357,-0.1309,0.001895));
#2959=CARTESIAN_POINT('',(0.18412,-0.1309,0.001895));
#2960=CARTESIAN_POINT('',(0.18412,-0.126895292591777,0.001895));
#2961=CARTESIAN_POINT('',(0.18412,-0.1311,0.001895));
#2962=CARTESIAN_POINT('',(0.18447,-0.1311,0.001895));
#2963=CARTESIAN_POINT('',(0.18412,-0.1301,0.001595));
#2964=CARTESIAN_POINT('',(0.18412,-0.1311,0.001595));
#2965=CARTESIAN_POINT('',(0.18412,-0.1311,0.001595));
#2966=CARTESIAN_POINT('',(0.18412,-0.1309,0.001595));
#2967=CARTESIAN_POINT('',(0.18412,-0.1311,0.001595));
#2968=CARTESIAN_POINT('',(0.18412,-0.1309,0.001595));
#2969=CARTESIAN_POINT('',(0.18502,-0.13,0.001595));
#2970=CARTESIAN_POINT('',(0.18412,-0.1309,0.001595));
#2971=CARTESIAN_POINT('',(0.18592,-0.1309,0.001595));
#2972=CARTESIAN_POINT('',(0.18592,-0.1309,0.001595));
#2973=CARTESIAN_POINT('',(0.18592,-0.1311,0.001595));
#2974=CARTESIAN_POINT('',(0.18592,-0.1311,0.001595));
#2975=CARTESIAN_POINT('',(0.18502,-0.13,0.003395));
#2976=CARTESIAN_POINT('',(0.18412,-0.1314,0.003395));
#2977=CARTESIAN_POINT('',(0.18482,-0.1314,0.003395));
#2978=CARTESIAN_POINT('',(0.18592,-0.1314,0.003395));
#2979=CARTESIAN_POINT('',(0.18482,-0.127095292591777,0.003395));
#2980=CARTESIAN_POINT('',(0.18482,-0.1316,0.003395));
#2981=CARTESIAN_POINT('',(0.18592,-0.1316,0.003395));
#2982=CARTESIAN_POINT('',(0.18592,-0.1316,0.003395));
#2983=CARTESIAN_POINT('',(0.18592,-0.1314,0.003395));
#2984=CARTESIAN_POINT('',(0.18482,-0.122690585183554,0.002095));
#2985=CARTESIAN_POINT('',(0.18482,-0.1314,0.001845));
#2986=CARTESIAN_POINT('',(0.18482,-0.1314,0.002095));
#2987=CARTESIAN_POINT('',(0.18482,-0.122690585183554,0.002095));
#2988=CARTESIAN_POINT('',(0.18482,-0.1316,0.002095));
#2989=CARTESIAN_POINT('',(0.18482,-0.1316,0.001845));
#2990=CARTESIAN_POINT('',(0.18462,-0.122690585183554,0.002095));
#2991=CARTESIAN_POINT('',(0.18462,-0.122690585183554,0.001895));
#2992=CARTESIAN_POINT('',(0.18462,-0.1314,0.001895));
#2993=CARTESIAN_POINT('',(0.18462,-0.1316,0.001895));
#2994=CARTESIAN_POINT('',(0.18462,-0.1316,0.002095));
#2995=CARTESIAN_POINT('',(0.18462,-0.1314,0.002095));
#2996=CARTESIAN_POINT('',(0.18302,-0.122690585183554,0.001895));
#2997=CARTESIAN_POINT('',(0.18447,-0.1316,0.001895));
#2998=CARTESIAN_POINT('',(0.18412,-0.1316,0.001895));
#2999=CARTESIAN_POINT('',(0.18357,-0.1314,0.001895));
#3000=CARTESIAN_POINT('',(0.18412,-0.1314,0.001895));
#3001=CARTESIAN_POINT('',(0.18412,-0.127145292591777,0.001895));
#3002=CARTESIAN_POINT('',(0.18412,-0.1301,0.001595));
#3003=CARTESIAN_POINT('',(0.18412,-0.1316,0.001595));
#3004=CARTESIAN_POINT('',(0.18412,-0.1316,0.001595));
#3005=CARTESIAN_POINT('',(0.18412,-0.1314,0.001595));
#3006=CARTESIAN_POINT('',(0.18412,-0.1316,0.001595));
#3007=CARTESIAN_POINT('',(0.18412,-0.1314,0.001595));
#3008=CARTESIAN_POINT('',(0.18502,-0.13,0.001595));
#3009=CARTESIAN_POINT('',(0.18412,-0.1314,0.001595));
#3010=CARTESIAN_POINT('',(0.18592,-0.1314,0.001595));
#3011=CARTESIAN_POINT('',(0.18592,-0.1314,0.001595));
#3012=CARTESIAN_POINT('',(0.18592,-0.1316,0.001595));
#3013=CARTESIAN_POINT('',(0.18592,-0.1316,0.001595));
#3014=CARTESIAN_POINT('',(0.18502,-0.13,0.003395));
#3015=CARTESIAN_POINT('',(0.18412,-0.1319,0.003395));
#3016=CARTESIAN_POINT('',(0.18482,-0.1319,0.003395));
#3017=CARTESIAN_POINT('',(0.18592,-0.1319,0.003395));
#3018=CARTESIAN_POINT('',(0.18482,-0.127345292591777,0.003395));
#3019=CARTESIAN_POINT('',(0.18482,-0.1321,0.003395));
#3020=CARTESIAN_POINT('',(0.18592,-0.1321,0.003395));
#3021=CARTESIAN_POINT('',(0.18592,-0.1321,0.003395));
#3022=CARTESIAN_POINT('',(0.18592,-0.1319,0.003395));
#3023=CARTESIAN_POINT('',(0.18482,-0.122690585183554,0.002095));
#3024=CARTESIAN_POINT('',(0.18482,-0.122690585183554,0.002095));
#3025=CARTESIAN_POINT('',(0.18482,-0.1319,0.002095));
#3026=CARTESIAN_POINT('',(0.18482,-0.1321,0.002095));
#3027=CARTESIAN_POINT('',(0.18482,-0.1321,0.001845));
#3028=CARTESIAN_POINT('',(0.18482,-0.1319,0.001845));
#3029=CARTESIAN_POINT('',(0.18462,-0.122690585183554,0.002095));
#3030=CARTESIAN_POINT('',(0.18462,-0.122690585183554,0.001895));
#3031=CARTESIAN_POINT('',(0.18462,-0.1319,0.001895));
#3032=CARTESIAN_POINT('',(0.18462,-0.1321,0.001895));
#3033=CARTESIAN_POINT('',(0.18462,-0.1321,0.002095));
#3034=CARTESIAN_POINT('',(0.18462,-0.1319,0.002095));
#3035=CARTESIAN_POINT('',(0.18302,-0.122690585183554,0.001895));
#3036=CARTESIAN_POINT('',(0.18447,-0.1321,0.001895));
#3037=CARTESIAN_POINT('',(0.18412,-0.1321,0.001895));
#3038=CARTESIAN_POINT('',(0.18357,-0.1319,0.001895));
#3039=CARTESIAN_POINT('',(0.18412,-0.1319,0.001895));
#3040=CARTESIAN_POINT('',(0.18412,-0.127395292591777,0.001895));
#3041=CARTESIAN_POINT('',(0.18412,-0.1301,0.001595));
#3042=CARTESIAN_POINT('',(0.18412,-0.1321,0.001595));
#3043=CARTESIAN_POINT('',(0.18412,-0.1321,0.001595));
#3044=CARTESIAN_POINT('',(0.18412,-0.1319,0.001595));
#3045=CARTESIAN_POINT('',(0.18412,-0.1321,0.001595));
#3046=CARTESIAN_POINT('',(0.18412,-0.1319,0.001595));
#3047=CARTESIAN_POINT('',(0.18502,-0.13,0.001595));
#3048=CARTESIAN_POINT('',(0.18412,-0.1319,0.001595));
#3049=CARTESIAN_POINT('',(0.18592,-0.1319,0.001595));
#3050=CARTESIAN_POINT('',(0.18592,-0.1319,0.001595));
#3051=CARTESIAN_POINT('',(0.18592,-0.1321,0.001595));
#3052=CARTESIAN_POINT('',(0.18592,-0.1321,0.001595));
#3053=CARTESIAN_POINT('',(0.18592,-0.1299,0.001595));
#3054=CARTESIAN_POINT('',(0.18592,-0.130575,0.002095));
#3055=CARTESIAN_POINT('',(0.18592,-0.1301,0.002095));
#3056=CARTESIAN_POINT('',(0.18592,-0.1299,0.002095));
#3057=CARTESIAN_POINT('',(0.18592,-0.1299,0.001595));
#3058=CARTESIAN_POINT('',(0.18592,-0.1301,0.001595));
#3059=CARTESIAN_POINT('',(0.18592,-0.1299,0.001595));
#3060=CARTESIAN_POINT('',(0.18592,-0.130825,0.002095));
#3061=CARTESIAN_POINT('',(0.18592,-0.1306,0.002095));
#3062=CARTESIAN_POINT('',(0.18592,-0.1304,0.002095));
#3063=CARTESIAN_POINT('',(0.18592,-0.1304,0.001595));
#3064=CARTESIAN_POINT('',(0.18592,-0.1306,0.001595));
#3065=CARTESIAN_POINT('',(0.18592,-0.1299,0.001595));
#3066=CARTESIAN_POINT('',(0.18592,-0.131075,0.002095));
#3067=CARTESIAN_POINT('',(0.18592,-0.1311,0.002095));
#3068=CARTESIAN_POINT('',(0.18592,-0.1309,0.002095));
#3069=CARTESIAN_POINT('',(0.18592,-0.1309,0.001595));
#3070=CARTESIAN_POINT('',(0.18592,-0.1311,0.001595));
#3071=CARTESIAN_POINT('',(0.18592,-0.1299,0.001595));
#3072=CARTESIAN_POINT('',(0.18592,-0.131325,0.002095));
#3073=CARTESIAN_POINT('',(0.18592,-0.1316,0.002095));
#3074=CARTESIAN_POINT('',(0.18592,-0.1314,0.002095));
#3075=CARTESIAN_POINT('',(0.18592,-0.1314,0.001595));
#3076=CARTESIAN_POINT('',(0.18592,-0.1316,0.001595));
#3077=CARTESIAN_POINT('',(0.18592,-0.1299,0.001595));
#3078=CARTESIAN_POINT('',(0.18592,-0.131575,0.002095));
#3079=CARTESIAN_POINT('',(0.18592,-0.1321,0.002095));
#3080=CARTESIAN_POINT('',(0.18592,-0.1319,0.002095));
#3081=CARTESIAN_POINT('',(0.18592,-0.1319,0.001595));
#3082=CARTESIAN_POINT('',(0.18592,-0.1321,0.001595));
#3083=CARTESIAN_POINT('',(0.18592,-0.1299,0.001595));
#3084=CARTESIAN_POINT('',(0.18592,-0.131825,0.002095));
#3085=CARTESIAN_POINT('',(0.18592,-0.1326,0.002095));
#3086=CARTESIAN_POINT('',(0.18592,-0.1324,0.002095));
#3087=CARTESIAN_POINT('',(0.18592,-0.1324,0.001595));
#3088=CARTESIAN_POINT('',(0.18592,-0.1324,0.003395));
#3089=CARTESIAN_POINT('',(0.18592,-0.1324,0.003395));
#3090=CARTESIAN_POINT('',(0.18592,-0.1326,0.003395));
#3091=CARTESIAN_POINT('',(0.18592,-0.1326,0.001595));
#3092=CARTESIAN_POINT('',(0.18502,-0.13,0.003395));
#3093=CARTESIAN_POINT('',(0.18412,-0.1324,0.003395));
#3094=CARTESIAN_POINT('',(0.18482,-0.1324,0.003395));
#3095=CARTESIAN_POINT('',(0.18482,-0.127595292591777,0.003395));
#3096=CARTESIAN_POINT('',(0.18482,-0.1326,0.003395));
#3097=CARTESIAN_POINT('',(0.18592,-0.1326,0.003395));
#3098=CARTESIAN_POINT('',(0.18482,-0.122690585183554,0.002095));
#3099=CARTESIAN_POINT('',(0.18482,-0.122690585183554,0.002095));
#3100=CARTESIAN_POINT('',(0.18482,-0.1324,0.002095));
#3101=CARTESIAN_POINT('',(0.18482,-0.1326,0.002095));
#3102=CARTESIAN_POINT('',(0.18482,-0.1326,0.001845));
#3103=CARTESIAN_POINT('',(0.18482,-0.1324,0.001845));
#3104=CARTESIAN_POINT('',(0.18462,-0.122690585183554,0.002095));
#3105=CARTESIAN_POINT('',(0.18462,-0.122690585183554,0.001895));
#3106=CARTESIAN_POINT('',(0.18462,-0.1324,0.001895));
#3107=CARTESIAN_POINT('',(0.18462,-0.1326,0.001895));
#3108=CARTESIAN_POINT('',(0.18462,-0.1326,0.002095));
#3109=CARTESIAN_POINT('',(0.18462,-0.1324,0.002095));
#3110=CARTESIAN_POINT('',(0.18302,-0.122690585183554,0.001895));
#3111=CARTESIAN_POINT('',(0.18447,-0.1326,0.001895));
#3112=CARTESIAN_POINT('',(0.18412,-0.1326,0.001895));
#3113=CARTESIAN_POINT('',(0.18357,-0.1324,0.001895));
#3114=CARTESIAN_POINT('',(0.18412,-0.1324,0.001895));
#3115=CARTESIAN_POINT('',(0.18412,-0.127645292591777,0.001895));
#3116=CARTESIAN_POINT('',(0.18412,-0.1301,0.001595));
#3117=CARTESIAN_POINT('',(0.18412,-0.1326,0.001595));
#3118=CARTESIAN_POINT('',(0.18412,-0.1326,0.001595));
#3119=CARTESIAN_POINT('',(0.18412,-0.1324,0.001595));
#3120=CARTESIAN_POINT('',(0.18412,-0.1326,0.001595));
#3121=CARTESIAN_POINT('',(0.18412,-0.1324,0.001595));
#3122=CARTESIAN_POINT('',(0.18502,-0.13,0.001595));
#3123=CARTESIAN_POINT('',(0.18412,-0.1324,0.001595));
#3124=CARTESIAN_POINT('',(0.18592,-0.1324,0.001595));
#3125=CARTESIAN_POINT('',(0.18592,-0.1324,0.001595));
#3126=CARTESIAN_POINT('',(0.18592,-0.1326,0.001595));
#3127=CARTESIAN_POINT('',(0.18592,-0.1326,0.001595));
#3128=CARTESIAN_POINT('',(0.18692,-0.1282,0.001953610818827));
#3129=CARTESIAN_POINT('',(0.18692,-0.1339,0.001795));
#3130=CARTESIAN_POINT('',(0.18692,-0.1338,0.001795));
#3131=CARTESIAN_POINT('',(0.18692,-0.13325,0.001795));
#3132=CARTESIAN_POINT('',(0.18692,-0.1338,0.002395));
#3133=CARTESIAN_POINT('',(0.18692,-0.1338,0.002395));
#3134=CARTESIAN_POINT('',(0.18692,-0.1338,0.002095));
#3135=CARTESIAN_POINT('',(0.18692,-0.1339,0.002095));
#3136=CARTESIAN_POINT('',(0.18692,-0.13325,0.002095));
#3137=CARTESIAN_POINT('',(0.18692,-0.13325,0.001795));
#3138=CARTESIAN_POINT('',(0.18692,-0.1338,0.002395));
#3139=CARTESIAN_POINT('',(0.186773358208955,-0.1338,0.001795));
#3140=CARTESIAN_POINT('',(0.18722,-0.1338,0.001795));
#3141=CARTESIAN_POINT('',(0.18722,-0.1338,0.002095));
#3142=CARTESIAN_POINT('',(0.18722,-0.1338,0.002095));
#3143=CARTESIAN_POINT('',(0.186773358208955,-0.1338,0.002095));
#3144=CARTESIAN_POINT('',(0.18722,-0.1286,0.001795));
#3145=CARTESIAN_POINT('',(0.18722,-0.1286,0.001795));
#3146=CARTESIAN_POINT('',(0.18722,-0.1287,0.001795));
#3147=CARTESIAN_POINT('',(0.18722,-0.1287,0.002095));
#3148=CARTESIAN_POINT('',(0.18722,-0.1287,0.002095));
#3149=CARTESIAN_POINT('',(0.18722,-0.1286,0.002095));
#3150=CARTESIAN_POINT('',(0.18692,-0.1287,0.002395));
#3151=CARTESIAN_POINT('',(0.186773358208955,-0.1287,0.002095));
#3152=CARTESIAN_POINT('',(0.18692,-0.1287,0.002095));
#3153=CARTESIAN_POINT('',(0.186773358208955,-0.1287,0.001795));
#3154=CARTESIAN_POINT('',(0.18692,-0.1287,0.001795));
#3155=CARTESIAN_POINT('',(0.18692,-0.1287,0.002395));
#3156=CARTESIAN_POINT('',(0.18692,-0.1287,0.002395));
#3157=CARTESIAN_POINT('',(0.18692,-0.1282,0.001953610818827));
#3158=CARTESIAN_POINT('',(0.18692,-0.12925,0.001795));
#3159=CARTESIAN_POINT('',(0.18692,-0.12925,0.001795));
#3160=CARTESIAN_POINT('',(0.18692,-0.12925,0.001795));
#3161=CARTESIAN_POINT('',(0.18692,-0.12925,0.002095));
#3162=CARTESIAN_POINT('',(0.18692,-0.12925,0.002095));
#3163=CARTESIAN_POINT('',(0.18582,-0.12925,0.001795));
#3164=CARTESIAN_POINT('',(0.18582,-0.12925,0.001795));
#3165=CARTESIAN_POINT('',(0.18582,-0.12925,0.001795));
#3166=CARTESIAN_POINT('',(0.18582,-0.12925,0.002095));
#3167=CARTESIAN_POINT('',(0.18582,-0.12925,0.002095));
#3168=CARTESIAN_POINT('',(0.18582,-0.12925,0.001795));
#3169=CARTESIAN_POINT('',(0.18582,-0.13325,0.001795));
#3170=CARTESIAN_POINT('',(0.18582,-0.13325,0.001795));
#3171=CARTESIAN_POINT('',(0.18582,-0.1299,0.001795));
#3172=CARTESIAN_POINT('',(0.18582,-0.1299,0.001695));
#3173=CARTESIAN_POINT('',(0.18582,-0.1299,0.002095));
#3174=CARTESIAN_POINT('',(0.18582,-0.13325,0.002095));
#3175=CARTESIAN_POINT('',(0.18412,-0.1299,0.001595));
#3176=CARTESIAN_POINT('',(0.185373358208955,-0.1299,0.002095));
#3177=CARTESIAN_POINT('',(0.185373358208955,-0.1299,0.001795));
#3178=CARTESIAN_POINT('',(0.18592,-0.1299,0.001795));
#3179=CARTESIAN_POINT('',(0.18592,-0.1299,0.001595));
#3180=CARTESIAN_POINT('',(0.18592,-0.1299,0.001595));
#3181=CARTESIAN_POINT('',(0.18592,-0.130575,0.001795));
#3182=CARTESIAN_POINT('',(0.18592,-0.1301,0.001795));
#3183=CARTESIAN_POINT('',(0.18592,-0.1301,0.001595));
#3184=CARTESIAN_POINT('',(0.18592,-0.1301,0.001595));
#3185=CARTESIAN_POINT('',(0.186273358208955,-0.1301,0.001795));
#3186=CARTESIAN_POINT('',(0.18582,-0.1301,0.001795));
#3187=CARTESIAN_POINT('',(0.18582,-0.1301,0.001695));
#3188=CARTESIAN_POINT('',(0.18582,-0.1301,0.002095));
#3189=CARTESIAN_POINT('',(0.186273358208955,-0.1301,0.002095));
#3190=CARTESIAN_POINT('',(0.18582,-0.13325,0.001795));
#3191=CARTESIAN_POINT('',(0.18582,-0.13325,0.001795));
#3192=CARTESIAN_POINT('',(0.18582,-0.1304,0.001795));
#3193=CARTESIAN_POINT('',(0.18582,-0.1304,0.001695));
#3194=CARTESIAN_POINT('',(0.18582,-0.1304,0.002095));
#3195=CARTESIAN_POINT('',(0.18582,-0.13325,0.002095));
#3196=CARTESIAN_POINT('',(0.18412,-0.1304,0.001595));
#3197=CARTESIAN_POINT('',(0.185373358208955,-0.1304,0.002095));
#3198=CARTESIAN_POINT('',(0.185373358208955,-0.1304,0.001795));
#3199=CARTESIAN_POINT('',(0.18592,-0.1304,0.001795));
#3200=CARTESIAN_POINT('',(0.18592,-0.1304,0.001595));
#3201=CARTESIAN_POINT('',(0.18592,-0.1299,0.001595));
#3202=CARTESIAN_POINT('',(0.18592,-0.130825,0.001795));
#3203=CARTESIAN_POINT('',(0.18592,-0.1306,0.001795));
#3204=CARTESIAN_POINT('',(0.18592,-0.1306,0.001595));
#3205=CARTESIAN_POINT('',(0.18592,-0.1306,0.001595));
#3206=CARTESIAN_POINT('',(0.186273358208955,-0.1306,0.001795));
#3207=CARTESIAN_POINT('',(0.18582,-0.1306,0.001795));
#3208=CARTESIAN_POINT('',(0.18582,-0.1306,0.001695));
#3209=CARTESIAN_POINT('',(0.18582,-0.1306,0.002095));
#3210=CARTESIAN_POINT('',(0.186273358208955,-0.1306,0.002095));
#3211=CARTESIAN_POINT('',(0.18582,-0.13325,0.001795));
#3212=CARTESIAN_POINT('',(0.18582,-0.13325,0.001795));
#3213=CARTESIAN_POINT('',(0.18582,-0.1309,0.001795));
#3214=CARTESIAN_POINT('',(0.18582,-0.1309,0.001695));
#3215=CARTESIAN_POINT('',(0.18582,-0.1309,0.002095));
#3216=CARTESIAN_POINT('',(0.18582,-0.13325,0.002095));
#3217=CARTESIAN_POINT('',(0.18412,-0.1309,0.001595));
#3218=CARTESIAN_POINT('',(0.185373358208955,-0.1309,0.002095));
#3219=CARTESIAN_POINT('',(0.185373358208955,-0.1309,0.001795));
#3220=CARTESIAN_POINT('',(0.18592,-0.1309,0.001795));
#3221=CARTESIAN_POINT('',(0.18592,-0.1309,0.001595));
#3222=CARTESIAN_POINT('',(0.18592,-0.1299,0.001595));
#3223=CARTESIAN_POINT('',(0.18592,-0.131075,0.001795));
#3224=CARTESIAN_POINT('',(0.18592,-0.1311,0.001795));
#3225=CARTESIAN_POINT('',(0.18592,-0.1311,0.001595));
#3226=CARTESIAN_POINT('',(0.18592,-0.1311,0.001595));
#3227=CARTESIAN_POINT('',(0.186273358208955,-0.1311,0.001795));
#3228=CARTESIAN_POINT('',(0.18582,-0.1311,0.001795));
#3229=CARTESIAN_POINT('',(0.18582,-0.1311,0.001695));
#3230=CARTESIAN_POINT('',(0.18582,-0.1311,0.002095));
#3231=CARTESIAN_POINT('',(0.186273358208955,-0.1311,0.002095));
#3232=CARTESIAN_POINT('',(0.18582,-0.13325,0.001795));
#3233=CARTESIAN_POINT('',(0.18582,-0.13325,0.001795));
#3234=CARTESIAN_POINT('',(0.18582,-0.1314,0.001795));
#3235=CARTESIAN_POINT('',(0.18582,-0.1314,0.001695));
#3236=CARTESIAN_POINT('',(0.18582,-0.1314,0.002095));
#3237=CARTESIAN_POINT('',(0.18582,-0.13325,0.002095));
#3238=CARTESIAN_POINT('',(0.18412,-0.1314,0.001595));
#3239=CARTESIAN_POINT('',(0.185373358208955,-0.1314,0.002095));
#3240=CARTESIAN_POINT('',(0.185373358208955,-0.1314,0.001795));
#3241=CARTESIAN_POINT('',(0.18592,-0.1314,0.001795));
#3242=CARTESIAN_POINT('',(0.18592,-0.1314,0.001595));
#3243=CARTESIAN_POINT('',(0.18592,-0.1299,0.001595));
#3244=CARTESIAN_POINT('',(0.18592,-0.131325,0.001795));
#3245=CARTESIAN_POINT('',(0.18592,-0.1316,0.001795));
#3246=CARTESIAN_POINT('',(0.18592,-0.1316,0.001595));
#3247=CARTESIAN_POINT('',(0.18592,-0.1316,0.001595));
#3248=CARTESIAN_POINT('',(0.186273358208955,-0.1316,0.001795));
#3249=CARTESIAN_POINT('',(0.18582,-0.1316,0.001795));
#3250=CARTESIAN_POINT('',(0.18582,-0.1316,0.001695));
#3251=CARTESIAN_POINT('',(0.18582,-0.1316,0.002095));
#3252=CARTESIAN_POINT('',(0.186273358208955,-0.1316,0.002095));
#3253=CARTESIAN_POINT('',(0.18582,-0.13325,0.001795));
#3254=CARTESIAN_POINT('',(0.18582,-0.13325,0.001795));
#3255=CARTESIAN_POINT('',(0.18582,-0.1319,0.001795));
#3256=CARTESIAN_POINT('',(0.18582,-0.1319,0.001695));
#3257=CARTESIAN_POINT('',(0.18582,-0.1319,0.002095));
#3258=CARTESIAN_POINT('',(0.18582,-0.13325,0.002095));
#3259=CARTESIAN_POINT('',(0.18412,-0.1319,0.001595));
#3260=CARTESIAN_POINT('',(0.185373358208955,-0.1319,0.002095));
#3261=CARTESIAN_POINT('',(0.185373358208955,-0.1319,0.001795));
#3262=CARTESIAN_POINT('',(0.18592,-0.1319,0.001795));
#3263=CARTESIAN_POINT('',(0.18592,-0.1319,0.001595));
#3264=CARTESIAN_POINT('',(0.18592,-0.1299,0.001595));
#3265=CARTESIAN_POINT('',(0.18592,-0.131575,0.001795));
#3266=CARTESIAN_POINT('',(0.18592,-0.1321,0.001795));
#3267=CARTESIAN_POINT('',(0.18592,-0.1321,0.001595));
#3268=CARTESIAN_POINT('',(0.18592,-0.1321,0.001595));
#3269=CARTESIAN_POINT('',(0.186273358208955,-0.1321,0.001795));
#3270=CARTESIAN_POINT('',(0.18582,-0.1321,0.001795));
#3271=CARTESIAN_POINT('',(0.18582,-0.1321,0.001695));
#3272=CARTESIAN_POINT('',(0.18582,-0.1321,0.002095));
#3273=CARTESIAN_POINT('',(0.186273358208955,-0.1321,0.002095));
#3274=CARTESIAN_POINT('',(0.18582,-0.13325,0.001795));
#3275=CARTESIAN_POINT('',(0.18582,-0.13325,0.001795));
#3276=CARTESIAN_POINT('',(0.18582,-0.1324,0.001795));
#3277=CARTESIAN_POINT('',(0.18582,-0.1324,0.001695));
#3278=CARTESIAN_POINT('',(0.18582,-0.1324,0.002095));
#3279=CARTESIAN_POINT('',(0.18582,-0.13325,0.002095));
#3280=CARTESIAN_POINT('',(0.18412,-0.1324,0.001595));
#3281=CARTESIAN_POINT('',(0.185373358208955,-0.1324,0.002095));
#3282=CARTESIAN_POINT('',(0.185373358208955,-0.1324,0.001795));
#3283=CARTESIAN_POINT('',(0.18592,-0.1324,0.001795));
#3284=CARTESIAN_POINT('',(0.18592,-0.1324,0.001595));
#3285=CARTESIAN_POINT('',(0.18592,-0.1299,0.001595));
#3286=CARTESIAN_POINT('',(0.18592,-0.131825,0.001795));
#3287=CARTESIAN_POINT('',(0.18592,-0.1326,0.001795));
#3288=CARTESIAN_POINT('',(0.18592,-0.1326,0.001595));
#3289=CARTESIAN_POINT('',(0.18692,-0.13325,0.001795));
#3290=CARTESIAN_POINT('',(0.18692,-0.13325,0.002095));
#3291=CARTESIAN_POINT('',(0.18582,-0.13325,0.002095));
#3292=CARTESIAN_POINT('',(0.18582,-0.13325,0.001795));
#3293=CARTESIAN_POINT('',(0.18582,-0.13325,0.001795));
#3294=CARTESIAN_POINT('',(0.18692,-0.13325,0.001795));
#3295=CARTESIAN_POINT('',(0.18662671641791,-0.13125,0.002095));
#3296=CARTESIAN_POINT('',(0.18582,-0.13325,0.002095));
#3297=CARTESIAN_POINT('',(0.18582,-0.1326,0.002095));
#3298=CARTESIAN_POINT('',(0.186273358208955,-0.1326,0.002095));
#3299=CARTESIAN_POINT('',(0.18592,-0.1326,0.001595));
#3300=CARTESIAN_POINT('',(0.186273358208955,-0.1326,0.001795));
#3301=CARTESIAN_POINT('',(0.18582,-0.1326,0.001795));
#3302=CARTESIAN_POINT('',(0.18582,-0.1326,0.001695));
#3303=CARTESIAN_POINT('',(0.18662671641791,-0.13125,0.001795));
#3304=CARTESIAN_POINT('',(0.18582,-0.13325,0.001795));
#3305=CARTESIAN_POINT('',(0.18582,-0.13325,0.001795));
#3306=MECHANICAL_DESIGN_GEOMETRIC_PRESENTATION_REPRESENTATION('',(#2051),
#3307);
#3307=(
GEOMETRIC_REPRESENTATION_CONTEXT(3)
GLOBAL_UNCERTAINTY_ASSIGNED_CONTEXT((#3308))
GLOBAL_UNIT_ASSIGNED_CONTEXT((#3311,#3310,#3309))
REPRESENTATION_CONTEXT('pins','TOP_LEVEL_ASSEMBLY_PART')
);
#3308=UNCERTAINTY_MEASURE_WITH_UNIT(LENGTH_MEASURE(1.E-6),#3311,
'DISTANCE_ACCURACY_VALUE','Maximum Tolerance applied to model');
#3309=(
NAMED_UNIT(*)
SI_UNIT($,.STERADIAN.)
SOLID_ANGLE_UNIT()
);
#3310=(
NAMED_UNIT(*)
PLANE_ANGLE_UNIT()
SI_UNIT($,.RADIAN.)
);
#3311=(
LENGTH_UNIT()
NAMED_UNIT(*)
SI_UNIT($,.METRE.)
);
#3312=PRODUCT_DEFINITION_SHAPE('','',#3313);
#3313=PRODUCT_DEFINITION('','',#3315,#3314);
#3314=PRODUCT_DEFINITION_CONTEXT('',#3321,'design');
#3315=PRODUCT_DEFINITION_FORMATION_WITH_SPECIFIED_SOURCE('','',#3317,
 .NOT_KNOWN.);
#3316=PRODUCT_RELATED_PRODUCT_CATEGORY('','',(#3317));
#3317=PRODUCT('pins','pins','pins',(#3319));
#3318=PRODUCT_CATEGORY('','');
#3319=PRODUCT_CONTEXT('',#3321,'mechanical');
#3320=APPLICATION_PROTOCOL_DEFINITION('international standard',
'ap242_managed_model_based_3d_engineering',2020,#3321);
#3321=APPLICATION_CONTEXT('managed model based 3d engineering');
ENDSEC;
END-ISO-10303-21;
